ISO-10303-21;
HEADER;
FILE_DESCRIPTION(('Open CASCADE Model'),'2;1');
FILE_NAME('Open CASCADE Shape Model','2026-09-21T10:04:22',('Author'),(
    'Open CASCADE'),'Open CASCADE STEP processor 7.9','Open CASCADE 7.9'
  ,'Unknown');
FILE_SCHEMA(('AUTOMOTIVE_DESIGN { 1 0 10303 214 1 1 1 1 }'));
ENDSEC;
DATA;
#1 = APPLICATION_PROTOCOL_DEFINITION('international standard',
  'automotive_design',2000,#2);
#2 = APPLICATION_CONTEXT(
  'core data for automotive mechanical design processes');
#3 = SHAPE_DEFINITION_REPRESENTATION(#4,#10);
#4 = PRODUCT_DEFINITION_SHAPE('','',#5);
#5 = PRODUCT_DEFINITION('design','',#6,#9);
#6 = PRODUCT_DEFINITION_FORMATION('','',#7);
#7 = PRODUCT('Open CASCADE STEP translator 7.9 15',
  'Open CASCADE STEP translator 7.9 15','',(#8));
#8 = PRODUCT_CONTEXT('',#2,'mechanical');
#9 = PRODUCT_DEFINITION_CONTEXT('part definition',#2,'design');
#10 = SHAPE_REPRESENTATION('',(#11,#15,#19),#23);
#11 = AXIS2_PLACEMENT_3D('',#12,#13,#14);
#12 = CARTESIAN_POINT('',(0.,0.,0.));
#13 = DIRECTION('',(0.,0.,1.));
#14 = DIRECTION('',(1.,0.,-0.));
#15 = AXIS2_PLACEMENT_3D('',#16,#17,#18);
#16 = CARTESIAN_POINT('',(0.,0.,0.));
#17 = DIRECTION('',(0.,0.,1.));
#18 = DIRECTION('',(1.,0.,-0.));
#19 = AXIS2_PLACEMENT_3D('',#20,#21,#22);
#20 = CARTESIAN_POINT('',(0.,0.,0.));
#21 = DIRECTION('',(0.,0.,1.));
#22 = DIRECTION('',(1.,0.,-0.));
#23 = ( GEOMETRIC_REPRESENTATION_CONTEXT(3) 
GLOBAL_UNCERTAINTY_ASSIGNED_CONTEXT((#27)) GLOBAL_UNIT_ASSIGNED_CONTEXT(
(#24,#25,#26)) REPRESENTATION_CONTEXT('Context #1',
  '3D Context with UNIT and UNCERTAINTY') );
#24 = ( LENGTH_UNIT() NAMED_UNIT(*) SI_UNIT(.MILLI.,.METRE.) );
#25 = ( NAMED_UNIT(*) PLANE_ANGLE_UNIT() SI_UNIT($,.RADIAN.) );
#26 = ( NAMED_UNIT(*) SI_UNIT($,.STERADIAN.) SOLID_ANGLE_UNIT() );
#27 = UNCERTAINTY_MEASURE_WITH_UNIT(LENGTH_MEASURE(2.E-05),#24,
  'distance_accuracy_value','confusion accuracy');
#28 = PRODUCT_RELATED_PRODUCT_CATEGORY('part',$,(#7));
#29 = SHAPE_DEFINITION_REPRESENTATION(#30,#36);
#30 = PRODUCT_DEFINITION_SHAPE('','',#31);
#31 = PRODUCT_DEFINITION('design','',#32,#35);
#32 = PRODUCT_DEFINITION_FORMATION('','',#33);
#33 = PRODUCT('Open CASCADE STEP translator 7.9 15.1',
  'Open CASCADE STEP translator 7.9 15.1','',(#34));
#34 = PRODUCT_CONTEXT('',#2,'mechanical');
#35 = PRODUCT_DEFINITION_CONTEXT('part definition',#2,'design');
#36 = ADVANCED_BREP_SHAPE_REPRESENTATION('',(#11,#37),#3213);
#37 = MANIFOLD_SOLID_BREP('',#38);
#38 = CLOSED_SHELL('',(#39,#182,#473,#547,#594,#641,#666,#885,#1146,
    #1184,#1445,#1660,#1719,#1874,#1901,#2236,#2468,#2750,#3005,#3033,
    #3206));
#39 = ADVANCED_FACE('',(#40,#76),#53,.F.);
#40 = FACE_BOUND('',#41,.T.);
#41 = EDGE_LOOP('',(#42));
#42 = ORIENTED_EDGE('',*,*,#43,.F.);
#43 = EDGE_CURVE('',#44,#44,#46,.T.);
#44 = VERTEX_POINT('',#45);
#45 = CARTESIAN_POINT('',(13.,40.,-151.));
#46 = SURFACE_CURVE('',#47,(#52,#64),.PCURVE_S1.);
#47 = CIRCLE('',#48,13.);
#48 = AXIS2_PLACEMENT_3D('',#49,#50,#51);
#49 = CARTESIAN_POINT('',(0.,40.,-151.));
#50 = DIRECTION('',(0.,0.,1.));
#51 = DIRECTION('',(1.,0.,-0.));
#52 = PCURVE('',#53,#58);
#53 = PLANE('',#54);
#54 = AXIS2_PLACEMENT_3D('',#55,#56,#57);
#55 = CARTESIAN_POINT('',(0.,40.,-151.));
#56 = DIRECTION('',(0.,0.,1.));
#57 = DIRECTION('',(1.,0.,-0.));
#58 = DEFINITIONAL_REPRESENTATION('',(#59),#63);
#59 = CIRCLE('',#60,13.);
#60 = AXIS2_PLACEMENT_2D('',#61,#62);
#61 = CARTESIAN_POINT('',(0.,0.));
#62 = DIRECTION('',(1.,-0.));
#63 = ( GEOMETRIC_REPRESENTATION_CONTEXT(2) 
PARAMETRIC_REPRESENTATION_CONTEXT() REPRESENTATION_CONTEXT('2D SPACE',''
  ) );
#64 = PCURVE('',#65,#70);
#65 = CONICAL_SURFACE('',#66,13.,8.314123188844E-02);
#66 = AXIS2_PLACEMENT_3D('',#67,#68,#69);
#67 = CARTESIAN_POINT('',(0.,40.,-151.));
#68 = DIRECTION('',(-0.,-0.,-1.));
#69 = DIRECTION('',(1.,0.,-0.));
#70 = DEFINITIONAL_REPRESENTATION('',(#71),#75);
#71 = LINE('',#72,#73);
#72 = CARTESIAN_POINT('',(-0.,-0.));
#73 = VECTOR('',#74,1.);
#74 = DIRECTION('',(-1.,-0.));
#75 = ( GEOMETRIC_REPRESENTATION_CONTEXT(2) 
PARAMETRIC_REPRESENTATION_CONTEXT() REPRESENTATION_CONTEXT('2D SPACE',''
  ) );
#76 = FACE_BOUND('',#77,.T.);
#77 = EDGE_LOOP('',(#78,#106,#132,#158));
#78 = ORIENTED_EDGE('',*,*,#79,.T.);
#79 = EDGE_CURVE('',#80,#82,#84,.T.);
#80 = VERTEX_POINT('',#81);
#81 = CARTESIAN_POINT('',(-4.15,44.15,-151.));
#82 = VERTEX_POINT('',#83);
#83 = CARTESIAN_POINT('',(-4.15,35.85,-151.));
#84 = SURFACE_CURVE('',#85,(#89,#95),.PCURVE_S1.);
#85 = LINE('',#86,#87);
#86 = CARTESIAN_POINT('',(-4.15,42.075,-151.));
#87 = VECTOR('',#88,1.);
#88 = DIRECTION('',(0.,-1.,0.));
#89 = PCURVE('',#53,#90);
#90 = DEFINITIONAL_REPRESENTATION('',(#91),#94);
#91 = B_SPLINE_CURVE_WITH_KNOTS('',1,(#92,#93),.UNSPECIFIED.,.F.,.F.,(2,
    2),(-2.075,6.225),.PIECEWISE_BEZIER_KNOTS.);
#92 = CARTESIAN_POINT('',(-4.15,4.15));
#93 = CARTESIAN_POINT('',(-4.15,-4.15));
#94 = ( GEOMETRIC_REPRESENTATION_CONTEXT(2) 
PARAMETRIC_REPRESENTATION_CONTEXT() REPRESENTATION_CONTEXT('2D SPACE',''
  ) );
#95 = PCURVE('',#96,#101);
#96 = PLANE('',#97);
#97 = AXIS2_PLACEMENT_3D('',#98,#99,#100);
#98 = CARTESIAN_POINT('',(-4.15,44.15,-153.));
#99 = DIRECTION('',(1.,0.,-0.));
#100 = DIRECTION('',(0.,-1.,0.));
#101 = DEFINITIONAL_REPRESENTATION('',(#102),#105);
#102 = B_SPLINE_CURVE_WITH_KNOTS('',1,(#103,#104),.UNSPECIFIED.,.F.,.F.,
  (2,2),(-2.075,6.225),.PIECEWISE_BEZIER_KNOTS.);
#103 = CARTESIAN_POINT('',(0.,-2.));
#104 = CARTESIAN_POINT('',(8.3,-2.));
#105 = ( GEOMETRIC_REPRESENTATION_CONTEXT(2) 
PARAMETRIC_REPRESENTATION_CONTEXT() REPRESENTATION_CONTEXT('2D SPACE',''
  ) );
#106 = ORIENTED_EDGE('',*,*,#107,.T.);
#107 = EDGE_CURVE('',#82,#108,#110,.T.);
#108 = VERTEX_POINT('',#109);
#109 = CARTESIAN_POINT('',(4.15,35.85,-151.));
#110 = SURFACE_CURVE('',#111,(#115,#121),.PCURVE_S1.);
#111 = LINE('',#112,#113);
#112 = CARTESIAN_POINT('',(-2.075,35.85,-151.));
#113 = VECTOR('',#114,1.);
#114 = DIRECTION('',(1.,0.,0.));
#115 = PCURVE('',#53,#116);
#116 = DEFINITIONAL_REPRESENTATION('',(#117),#120);
#117 = B_SPLINE_CURVE_WITH_KNOTS('',1,(#118,#119),.UNSPECIFIED.,.F.,.F.,
  (2,2),(-2.075,6.225),.PIECEWISE_BEZIER_KNOTS.);
#118 = CARTESIAN_POINT('',(-4.15,-4.15));
#119 = CARTESIAN_POINT('',(4.15,-4.15));
#120 = ( GEOMETRIC_REPRESENTATION_CONTEXT(2) 
PARAMETRIC_REPRESENTATION_CONTEXT() REPRESENTATION_CONTEXT('2D SPACE',''
  ) );
#121 = PCURVE('',#122,#127);
#122 = PLANE('',#123);
#123 = AXIS2_PLACEMENT_3D('',#124,#125,#126);
#124 = CARTESIAN_POINT('',(-4.15,35.85,-153.));
#125 = DIRECTION('',(0.,1.,0.));
#126 = DIRECTION('',(1.,0.,0.));
#127 = DEFINITIONAL_REPRESENTATION('',(#128),#131);
#128 = B_SPLINE_CURVE_WITH_KNOTS('',1,(#129,#130),.UNSPECIFIED.,.F.,.F.,
  (2,2),(-2.075,6.225),.PIECEWISE_BEZIER_KNOTS.);
#129 = CARTESIAN_POINT('',(0.,-2.));
#130 = CARTESIAN_POINT('',(8.3,-2.));
#131 = ( GEOMETRIC_REPRESENTATION_CONTEXT(2) 
PARAMETRIC_REPRESENTATION_CONTEXT() REPRESENTATION_CONTEXT('2D SPACE',''
  ) );
#132 = ORIENTED_EDGE('',*,*,#133,.T.);
#133 = EDGE_CURVE('',#108,#134,#136,.T.);
#134 = VERTEX_POINT('',#135);
#135 = CARTESIAN_POINT('',(4.15,44.15,-151.));
#136 = SURFACE_CURVE('',#137,(#141,#147),.PCURVE_S1.);
#137 = LINE('',#138,#139);
#138 = CARTESIAN_POINT('',(4.15,37.925,-151.));
#139 = VECTOR('',#140,1.);
#140 = DIRECTION('',(0.,1.,-0.));
#141 = PCURVE('',#53,#142);
#142 = DEFINITIONAL_REPRESENTATION('',(#143),#146);
#143 = B_SPLINE_CURVE_WITH_KNOTS('',1,(#144,#145),.UNSPECIFIED.,.F.,.F.,
  (2,2),(-2.075,6.225),.PIECEWISE_BEZIER_KNOTS.);
#144 = CARTESIAN_POINT('',(4.15,-4.15));
#145 = CARTESIAN_POINT('',(4.15,4.15));
#146 = ( GEOMETRIC_REPRESENTATION_CONTEXT(2) 
PARAMETRIC_REPRESENTATION_CONTEXT() REPRESENTATION_CONTEXT('2D SPACE',''
  ) );
#147 = PCURVE('',#148,#153);
#148 = PLANE('',#149);
#149 = AXIS2_PLACEMENT_3D('',#150,#151,#152);
#150 = CARTESIAN_POINT('',(4.15,35.85,-153.));
#151 = DIRECTION('',(-1.,0.,0.));
#152 = DIRECTION('',(0.,1.,0.));
#153 = DEFINITIONAL_REPRESENTATION('',(#154),#157);
#154 = B_SPLINE_CURVE_WITH_KNOTS('',1,(#155,#156),.UNSPECIFIED.,.F.,.F.,
  (2,2),(-2.075,6.225),.PIECEWISE_BEZIER_KNOTS.);
#155 = CARTESIAN_POINT('',(0.,-2.));
#156 = CARTESIAN_POINT('',(8.3,-2.));
#157 = ( GEOMETRIC_REPRESENTATION_CONTEXT(2) 
PARAMETRIC_REPRESENTATION_CONTEXT() REPRESENTATION_CONTEXT('2D SPACE',''
  ) );
#158 = ORIENTED_EDGE('',*,*,#159,.T.);
#159 = EDGE_CURVE('',#134,#80,#160,.T.);
#160 = SURFACE_CURVE('',#161,(#165,#171),.PCURVE_S1.);
#161 = LINE('',#162,#163);
#162 = CARTESIAN_POINT('',(2.075,44.15,-151.));
#163 = VECTOR('',#164,1.);
#164 = DIRECTION('',(-1.,0.,0.));
#165 = PCURVE('',#53,#166);
#166 = DEFINITIONAL_REPRESENTATION('',(#167),#170);
#167 = B_SPLINE_CURVE_WITH_KNOTS('',1,(#168,#169),.UNSPECIFIED.,.F.,.F.,
  (2,2),(-2.075,6.225),.PIECEWISE_BEZIER_KNOTS.);
#168 = CARTESIAN_POINT('',(4.15,4.15));
#169 = CARTESIAN_POINT('',(-4.15,4.15));
#170 = ( GEOMETRIC_REPRESENTATION_CONTEXT(2) 
PARAMETRIC_REPRESENTATION_CONTEXT() REPRESENTATION_CONTEXT('2D SPACE',''
  ) );
#171 = PCURVE('',#172,#177);
#172 = PLANE('',#173);
#173 = AXIS2_PLACEMENT_3D('',#174,#175,#176);
#174 = CARTESIAN_POINT('',(4.15,44.15,-153.));
#175 = DIRECTION('',(0.,-1.,0.));
#176 = DIRECTION('',(-1.,0.,0.));
#177 = DEFINITIONAL_REPRESENTATION('',(#178),#181);
#178 = B_SPLINE_CURVE_WITH_KNOTS('',1,(#179,#180),.UNSPECIFIED.,.F.,.F.,
  (2,2),(-2.075,6.225),.PIECEWISE_BEZIER_KNOTS.);
#179 = CARTESIAN_POINT('',(0.,-2.));
#180 = CARTESIAN_POINT('',(8.3,-2.));
#181 = ( GEOMETRIC_REPRESENTATION_CONTEXT(2) 
PARAMETRIC_REPRESENTATION_CONTEXT() REPRESENTATION_CONTEXT('2D SPACE',''
  ) );
#182 = ADVANCED_FACE('',(#183),#65,.T.);
#183 = FACE_BOUND('',#184,.T.);
#184 = EDGE_LOOP('',(#185,#215,#243,#450,#471,#472));
#185 = ORIENTED_EDGE('',*,*,#186,.T.);
#186 = EDGE_CURVE('',#187,#189,#191,.T.);
#187 = VERTEX_POINT('',#188);
#188 = CARTESIAN_POINT('',(12.921086675291,40.,-150.0530401034));
#189 = VERTEX_POINT('',#190);
#190 = CARTESIAN_POINT('',(12.576671035387,40.,-145.9200524246));
#191 = SURFACE_CURVE('',#192,(#196,#203),.PCURVE_S1.);
#192 = LINE('',#193,#194);
#193 = CARTESIAN_POINT('',(13.,40.,-151.));
#194 = VECTOR('',#195,1.);
#195 = DIRECTION('',(-8.304547985374E-02,0.,0.996545758245));
#196 = PCURVE('',#65,#197);
#197 = DEFINITIONAL_REPRESENTATION('',(#198),#202);
#198 = LINE('',#199,#200);
#199 = CARTESIAN_POINT('',(-6.28318530718,-0.));
#200 = VECTOR('',#201,1.);
#201 = DIRECTION('',(-0.,-1.));
#202 = ( GEOMETRIC_REPRESENTATION_CONTEXT(2) 
PARAMETRIC_REPRESENTATION_CONTEXT() REPRESENTATION_CONTEXT('2D SPACE',''
  ) );
#203 = PCURVE('',#204,#209);
#204 = CONICAL_SURFACE('',#205,13.,8.314123188844E-02);
#205 = AXIS2_PLACEMENT_3D('',#206,#207,#208);
#206 = CARTESIAN_POINT('',(0.,40.,-151.));
#207 = DIRECTION('',(-0.,-0.,-1.));
#208 = DIRECTION('',(1.,0.,-0.));
#209 = DEFINITIONAL_REPRESENTATION('',(#210),#214);
#210 = LINE('',#211,#212);
#211 = CARTESIAN_POINT('',(-0.,-0.));
#212 = VECTOR('',#213,1.);
#213 = DIRECTION('',(-0.,-1.));
#214 = ( GEOMETRIC_REPRESENTATION_CONTEXT(2) 
PARAMETRIC_REPRESENTATION_CONTEXT() REPRESENTATION_CONTEXT('2D SPACE',''
  ) );
#215 = ORIENTED_EDGE('',*,*,#216,.T.);
#216 = EDGE_CURVE('',#189,#217,#219,.T.);
#217 = VERTEX_POINT('',#218);
#218 = CARTESIAN_POINT('',(11.099613250369,40.,-128.1953590044));
#219 = SURFACE_CURVE('',#220,(#224,#231),.PCURVE_S1.);
#220 = LINE('',#221,#222);
#221 = CARTESIAN_POINT('',(13.,40.,-151.));
#222 = VECTOR('',#223,1.);
#223 = DIRECTION('',(-8.304547985374E-02,0.,0.996545758245));
#224 = PCURVE('',#65,#225);
#225 = DEFINITIONAL_REPRESENTATION('',(#226),#230);
#226 = LINE('',#227,#228);
#227 = CARTESIAN_POINT('',(-6.28318530718,-0.));
#228 = VECTOR('',#229,1.);
#229 = DIRECTION('',(-0.,-1.));
#230 = ( GEOMETRIC_REPRESENTATION_CONTEXT(2) 
PARAMETRIC_REPRESENTATION_CONTEXT() REPRESENTATION_CONTEXT('2D SPACE',''
  ) );
#231 = PCURVE('',#232,#237);
#232 = CONICAL_SURFACE('',#233,13.,8.314123188844E-02);
#233 = AXIS2_PLACEMENT_3D('',#234,#235,#236);
#234 = CARTESIAN_POINT('',(0.,40.,-151.));
#235 = DIRECTION('',(-0.,-0.,-1.));
#236 = DIRECTION('',(1.,0.,-0.));
#237 = DEFINITIONAL_REPRESENTATION('',(#238),#242);
#238 = LINE('',#239,#240);
#239 = CARTESIAN_POINT('',(-0.,-0.));
#240 = VECTOR('',#241,1.);
#241 = DIRECTION('',(-0.,-1.));
#242 = ( GEOMETRIC_REPRESENTATION_CONTEXT(2) 
PARAMETRIC_REPRESENTATION_CONTEXT() REPRESENTATION_CONTEXT('2D SPACE',''
  ) );
#243 = ORIENTED_EDGE('',*,*,#244,.F.);
#244 = EDGE_CURVE('',#187,#217,#245,.T.);
#245 = SURFACE_CURVE('',#246,(#312,#381),.PCURVE_S1.);
#246 = B_SPLINE_CURVE_WITH_KNOTS('',8,(#247,#248,#249,#250,#251,#252,
    #253,#254,#255,#256,#257,#258,#259,#260,#261,#262,#263,#264,#265,
    #266,#267,#268,#269,#270,#271,#272,#273,#274,#275,#276,#277,#278,
    #279,#280,#281,#282,#283,#284,#285,#286,#287,#288,#289,#290,#291,
    #292,#293,#294,#295,#296,#297,#298,#299,#300,#301,#302,#303,#304,
    #305,#306,#307,#308,#309,#310,#311),.UNSPECIFIED.,.F.,.F.,(9,7,7,7,7
    ,7,7,7,7,9),(0.,0.125713372807,0.259938742539,0.392136555885,
    0.517349870129,0.577016282674,0.641403033468,0.763786390982,
    0.879531359935,1.),.UNSPECIFIED.);
#247 = CARTESIAN_POINT('',(12.921086675291,40.,-150.0530401034));
#248 = CARTESIAN_POINT('',(12.894008762456,41.207044141632,
    -149.7281051721));
#249 = CARTESIAN_POINT('',(12.737996838772,42.411207451733,
    -149.4023579759));
#250 = CARTESIAN_POINT('',(12.453067653187,43.595567240378,
    -149.0760361356));
#251 = CARTESIAN_POINT('',(12.042122575889,44.743994127643,
    -148.7491381236));
#252 = CARTESIAN_POINT('',(11.51020448517,45.841072466708,
    -148.4216029904));
#253 = CARTESIAN_POINT('',(10.864513808998,46.872192656997,
    -148.0933622435));
#254 = CARTESIAN_POINT('',(10.114383132428,47.823619895918,
    -147.7643900357));
#255 = CARTESIAN_POINT('',(8.372445217429,49.600641849429,
    -147.0831062666));
#256 = CARTESIAN_POINT('',(7.366726073055,50.414361573451,
    -146.7303369313));
#257 = CARTESIAN_POINT('',(6.269311549719,51.108615189039,
    -146.3769260986));
#258 = CARTESIAN_POINT('',(5.096854855891,51.671436469242,
    -146.0228511787));
#259 = CARTESIAN_POINT('',(3.867359128318,52.093538769566,
    -145.6680170891));
#260 = CARTESIAN_POINT('',(2.600117703745,52.368471505249,
    -145.3123265177));
#261 = CARTESIAN_POINT('',(1.31560375832,52.492606215278,-144.9557360523
    ));
#262 = CARTESIAN_POINT('',(-1.22508465005,52.440781942673,
    -144.2468036269));
#263 = CARTESIAN_POINT('',(-2.482921053136,52.269296657561,
    -143.8940532681));
#264 = CARTESIAN_POINT('',(-3.717021770821,51.951957333154,
    -143.5406515267));
#265 = CARTESIAN_POINT('',(-4.907637982638,51.492618133878,
    -143.1865787341));
#266 = CARTESIAN_POINT('',(-6.03602623847,50.897903582553,
    -142.8317408452));
#267 = CARTESIAN_POINT('',(-7.084601120123,50.177267793235,
    -142.476039388));
#268 = CARTESIAN_POINT('',(-8.037004960267,49.342909535401,
    -142.1194303064));
#269 = CARTESIAN_POINT('',(-9.676504951161,47.527856451067,
    -141.423915387));
#270 = CARTESIAN_POINT('',(-10.37582781973,46.556261278539,
    -141.0847018191));
#271 = CARTESIAN_POINT('',(-10.96450344145,45.509162456928,
    -140.7448639547));
#272 = CARTESIAN_POINT('',(-11.43305635748,44.401319949108,
    -140.4043880979));
#273 = CARTESIAN_POINT('',(-11.77429358472,43.248518180725,
    -140.0631960764));
#274 = CARTESIAN_POINT('',(-11.98340025376,42.067499202478,
    -139.7212054821));
#275 = CARTESIAN_POINT('',(-12.05796011765,40.875879460197,
    -139.3783827609));
#276 = CARTESIAN_POINT('',(-11.97085729161,39.128124734094,
    -138.8713570111));
#277 = CARTESIAN_POINT('',(-11.91244245096,38.56629972563,
    -138.7077198306));
#278 = CARTESIAN_POINT('',(-11.82390877598,38.008626682647,
    -138.5440847919));
#279 = CARTESIAN_POINT('',(-11.70558978067,37.456987974038,
    -138.3804522771));
#280 = CARTESIAN_POINT('',(-11.55795633627,36.913225262511,
    -138.2168196921));
#281 = CARTESIAN_POINT('',(-11.38161168679,36.379137424156,
    -138.0531845029));
#282 = CARTESIAN_POINT('',(-11.17729240973,35.856477057218,
    -137.889547253));
#283 = CARTESIAN_POINT('',(-10.69615033053,34.797103971704,
    -137.5493365383));
#284 = CARTESIAN_POINT('',(-10.41457597853,34.261902353344,
    -137.3725554267));
#285 = CARTESIAN_POINT('',(-10.10212459818,33.743543924036,
    -137.195581679));
#286 = CARTESIAN_POINT('',(-9.759946320058,33.244128106357,
    -137.0184130987));
#287 = CARTESIAN_POINT('',(-9.389350511419,32.765648202501,
    -136.8410476866));
#288 = CARTESIAN_POINT('',(-8.991804599015,32.309994030464,
    -136.6634816623));
#289 = CARTESIAN_POINT('',(-8.568939227167,31.87894702486,
    -136.4857098042));
#290 = CARTESIAN_POINT('',(-7.274070240434,30.704745876144,
    -135.9694784819));
#291 = CARTESIAN_POINT('',(-6.340086193295,30.029729143496,
    -135.6303090408));
#292 = CARTESIAN_POINT('',(-5.333269035456,29.461109803709,
    -135.290496566));
#293 = CARTESIAN_POINT('',(-4.267812200578,29.008031309275,
    -134.9500272957));
#294 = CARTESIAN_POINT('',(-3.158902289648,28.677438397032,
    -134.6088258092));
#295 = CARTESIAN_POINT('',(-2.02265272226,28.473989635051,
    -134.2668106938));
#296 = CARTESIAN_POINT('',(-0.876021644785,28.400028200123,
    -133.9239497641));
#297 = CARTESIAN_POINT('',(1.340576169983,28.506258488593,
    -133.2556808353));
#298 = CARTESIAN_POINT('',(2.412304465755,28.672928651398,
    -132.9300407105));
#299 = CARTESIAN_POINT('',(3.463281708069,28.954211844808,
    -132.6037915995));
#300 = CARTESIAN_POINT('',(4.479167815337,29.347142318529,
    -132.2769240124));
#301 = CARTESIAN_POINT('',(5.446309528905,29.846840131484,
    -131.9493726281));
#302 = CARTESIAN_POINT('',(6.351825553732,30.446517665981,
    -131.6210694819));
#303 = CARTESIAN_POINT('',(7.183679969364,31.137493047454,
    -131.2919908702));
#304 = CARTESIAN_POINT('',(8.709190042005,32.711311854979,-130.619244749
    ));
#305 = CARTESIAN_POINT('',(9.396582674394,33.601621415379,
    -130.2751939829));
#306 = CARTESIAN_POINT('',(9.980888605432,34.567268102875,
    -129.9304700047));
#307 = CARTESIAN_POINT('',(10.452495885579,35.5942726234,-129.5850583429
    ));
#308 = CARTESIAN_POINT('',(10.804002422792,36.667575804663,
    -129.2388763359));
#309 = CARTESIAN_POINT('',(11.030310401267,37.771112803923,
    -128.8918372926));
#310 = CARTESIAN_POINT('',(11.128658910066,38.887897598092,
    -128.5439069194));
#311 = CARTESIAN_POINT('',(11.099613250369,40.,-128.1953590044));
#312 = PCURVE('',#65,#313);
#313 = DEFINITIONAL_REPRESENTATION('',(#314),#380);
#314 = B_SPLINE_CURVE_WITH_KNOTS('',8,(#315,#316,#317,#318,#319,#320,
    #321,#322,#323,#324,#325,#326,#327,#328,#329,#330,#331,#332,#333,
    #334,#335,#336,#337,#338,#339,#340,#341,#342,#343,#344,#345,#346,
    #347,#348,#349,#350,#351,#352,#353,#354,#355,#356,#357,#358,#359,
    #360,#361,#362,#363,#364,#365,#366,#367,#368,#369,#370,#371,#372,
    #373,#374,#375,#376,#377,#378,#379),.UNSPECIFIED.,.F.,.F.,(9,7,7,7,7
    ,7,7,7,7,9),(0.,0.125713372807,0.259938742539,0.392136555885,
    0.517349870129,0.577016282674,0.641403033468,0.763786390982,
    0.879531359935,1.),.UNSPECIFIED.);
#315 = CARTESIAN_POINT('',(0.,-0.946959896507));
#316 = CARTESIAN_POINT('',(-9.341661208263E-02,-1.27189482797));
#317 = CARTESIAN_POINT('',(-0.18705770109,-1.597642023539));
#318 = CARTESIAN_POINT('',(-0.28085992619,-1.923963865202));
#319 = CARTESIAN_POINT('',(-0.374826608623,-2.250861875589));
#320 = CARTESIAN_POINT('',(-0.468977082073,-2.578397009959));
#321 = CARTESIAN_POINT('',(-0.563331446213,-2.906637756306));
#322 = CARTESIAN_POINT('',(-0.657897019082,-3.235609964246));
#323 = CARTESIAN_POINT('',(-0.853738491094,-3.916893733335));
#324 = CARTESIAN_POINT('',(-0.955146066812,-4.269663068669));
#325 = CARTESIAN_POINT('',(-1.056738336159,-4.623073901323));
#326 = CARTESIAN_POINT('',(-1.158521118012,-4.977148821247));
#327 = CARTESIAN_POINT('',(-1.260521432863,-5.331982910814));
#328 = CARTESIAN_POINT('',(-1.36276747841,-5.687673482222));
#329 = CARTESIAN_POINT('',(-1.465272000328,-6.044263947628));
#330 = CARTESIAN_POINT('',(-1.669059781813,-6.75319637307));
#331 = CARTESIAN_POINT('',(-1.770460438449,-7.105946731813));
#332 = CARTESIAN_POINT('',(-1.872048531609,-7.459348473294));
#333 = CARTESIAN_POINT('',(-1.973829847439,-7.813421265814));
#334 = CARTESIAN_POINT('',(-2.075831301508,-8.168259154757));
#335 = CARTESIAN_POINT('',(-2.178080961594,-8.523960611974));
#336 = CARTESIAN_POINT('',(-2.280591422643,-8.880569693551));
#337 = CARTESIAN_POINT('',(-2.480523222622,-9.576084612955));
#338 = CARTESIAN_POINT('',(-2.578033029917,-9.915298180831));
#339 = CARTESIAN_POINT('',(-2.675722239746,-10.25513604526));
#340 = CARTESIAN_POINT('',(-2.773594874934,-10.59561190205));
#341 = CARTESIAN_POINT('',(-2.87167358524,-10.93680392349));
#342 = CARTESIAN_POINT('',(-2.969982031419,-11.27879451789));
#343 = CARTESIAN_POINT('',(-3.068529634362,-11.62161723901));
#344 = CARTESIAN_POINT('',(-3.214278693192,-12.12864298888));
#345 = CARTESIAN_POINT('',(-3.261317617676,-12.29228016937));
#346 = CARTESIAN_POINT('',(-3.308355876757,-12.45591520809));
#347 = CARTESIAN_POINT('',(-3.355393350375,-12.61954772289));
#348 = CARTESIAN_POINT('',(-3.402430786666,-12.78318030783));
#349 = CARTESIAN_POINT('',(-3.449468933216,-12.94681549702));
#350 = CARTESIAN_POINT('',(-3.496507666868,-13.11045274696));
#351 = CARTESIAN_POINT('',(-3.594303811561,-13.45066346169));
#352 = CARTESIAN_POINT('',(-3.645120851913,-13.62744457329));
#353 = CARTESIAN_POINT('',(-3.695993646384,-13.8044183209));
#354 = CARTESIAN_POINT('',(-3.74692207173,-13.98158690129));
#355 = CARTESIAN_POINT('',(-3.797907485068,-14.1589523133));
#356 = CARTESIAN_POINT('',(-3.848951166535,-14.33651833761));
#357 = CARTESIAN_POINT('',(-3.900052900779,-14.51429019571));
#358 = CARTESIAN_POINT('',(-4.048448209059,-15.03052151807));
#359 = CARTESIAN_POINT('',(-4.145946129247,-15.36969095917));
#360 = CARTESIAN_POINT('',(-4.243628143675,-15.70950343391));
#361 = CARTESIAN_POINT('',(-4.341498211078,-16.04997270428));
#362 = CARTESIAN_POINT('',(-4.439578913254,-16.39117419076));
#363 = CARTESIAN_POINT('',(-4.537893799285,-16.73318930612));
#364 = CARTESIAN_POINT('',(-4.636452133493,-17.07605023583));
#365 = CARTESIAN_POINT('',(-4.82855214937,-17.74431916463));
#366 = CARTESIAN_POINT('',(-4.922160540201,-18.06995928946));
#367 = CARTESIAN_POINT('',(-5.015944044798,-18.39620840046));
#368 = CARTESIAN_POINT('',(-5.109905204818,-18.72307598759));
#369 = CARTESIAN_POINT('',(-5.204062693909,-19.05062737185));
#370 = CARTESIAN_POINT('',(-5.298436146966,-19.37893051805));
#371 = CARTESIAN_POINT('',(-5.393032472361,-19.70800912974));
#372 = CARTESIAN_POINT('',(-5.586418862148,-20.38075525092));
#373 = CARTESIAN_POINT('',(-5.685319098544,-20.72480601703));
#374 = CARTESIAN_POINT('',(-5.784412943846,-21.0695299952));
#375 = CARTESIAN_POINT('',(-5.883704587209,-21.4149416571));
#376 = CARTESIAN_POINT('',(-5.983217680475,-21.76112366399));
#377 = CARTESIAN_POINT('',(-6.082976997312,-22.10816270734));
#378 = CARTESIAN_POINT('',(-6.18299241065,-22.4560930805));
#379 = CARTESIAN_POINT('',(-6.28318530718,-22.80464099557));
#380 = ( GEOMETRIC_REPRESENTATION_CONTEXT(2) 
PARAMETRIC_REPRESENTATION_CONTEXT() REPRESENTATION_CONTEXT('2D SPACE',''
  ) );
#381 = PCURVE('',#204,#382);
#382 = DEFINITIONAL_REPRESENTATION('',(#383),#449);
#383 = B_SPLINE_CURVE_WITH_KNOTS('',8,(#384,#385,#386,#387,#388,#389,
    #390,#391,#392,#393,#394,#395,#396,#397,#398,#399,#400,#401,#402,
    #403,#404,#405,#406,#407,#408,#409,#410,#411,#412,#413,#414,#415,
    #416,#417,#418,#419,#420,#421,#422,#423,#424,#425,#426,#427,#428,
    #429,#430,#431,#432,#433,#434,#435,#436,#437,#438,#439,#440,#441,
    #442,#443,#444,#445,#446,#447,#448),.UNSPECIFIED.,.F.,.F.,(9,7,7,7,7
    ,7,7,7,7,9),(0.,0.125713372807,0.259938742539,0.392136555885,
    0.517349870129,0.577016282674,0.641403033468,0.763786390982,
    0.879531359935,1.),.UNSPECIFIED.);
#384 = CARTESIAN_POINT('',(0.,-0.946959896507));
#385 = CARTESIAN_POINT('',(-9.341661208263E-02,-1.27189482797));
#386 = CARTESIAN_POINT('',(-0.18705770109,-1.597642023539));
#387 = CARTESIAN_POINT('',(-0.28085992619,-1.923963865202));
#388 = CARTESIAN_POINT('',(-0.374826608623,-2.250861875589));
#389 = CARTESIAN_POINT('',(-0.468977082073,-2.578397009959));
#390 = CARTESIAN_POINT('',(-0.563331446213,-2.906637756306));
#391 = CARTESIAN_POINT('',(-0.657897019082,-3.235609964246));
#392 = CARTESIAN_POINT('',(-0.853738491094,-3.916893733335));
#393 = CARTESIAN_POINT('',(-0.955146066812,-4.269663068669));
#394 = CARTESIAN_POINT('',(-1.056738336159,-4.623073901323));
#395 = CARTESIAN_POINT('',(-1.158521118012,-4.977148821247));
#396 = CARTESIAN_POINT('',(-1.260521432863,-5.331982910814));
#397 = CARTESIAN_POINT('',(-1.36276747841,-5.687673482222));
#398 = CARTESIAN_POINT('',(-1.465272000328,-6.044263947628));
#399 = CARTESIAN_POINT('',(-1.669059781813,-6.75319637307));
#400 = CARTESIAN_POINT('',(-1.770460438449,-7.105946731813));
#401 = CARTESIAN_POINT('',(-1.872048531609,-7.459348473294));
#402 = CARTESIAN_POINT('',(-1.973829847439,-7.813421265814));
#403 = CARTESIAN_POINT('',(-2.075831301508,-8.168259154757));
#404 = CARTESIAN_POINT('',(-2.178080961594,-8.523960611974));
#405 = CARTESIAN_POINT('',(-2.280591422643,-8.880569693551));
#406 = CARTESIAN_POINT('',(-2.480523222622,-9.576084612955));
#407 = CARTESIAN_POINT('',(-2.578033029917,-9.915298180831));
#408 = CARTESIAN_POINT('',(-2.675722239746,-10.25513604526));
#409 = CARTESIAN_POINT('',(-2.773594874934,-10.59561190205));
#410 = CARTESIAN_POINT('',(-2.87167358524,-10.93680392349));
#411 = CARTESIAN_POINT('',(-2.969982031419,-11.27879451789));
#412 = CARTESIAN_POINT('',(-3.068529634362,-11.62161723901));
#413 = CARTESIAN_POINT('',(-3.214278693192,-12.12864298888));
#414 = CARTESIAN_POINT('',(-3.261317617676,-12.29228016937));
#415 = CARTESIAN_POINT('',(-3.308355876757,-12.45591520809));
#416 = CARTESIAN_POINT('',(-3.355393350375,-12.61954772289));
#417 = CARTESIAN_POINT('',(-3.402430786666,-12.78318030783));
#418 = CARTESIAN_POINT('',(-3.449468933216,-12.94681549702));
#419 = CARTESIAN_POINT('',(-3.496507666868,-13.11045274696));
#420 = CARTESIAN_POINT('',(-3.594303811561,-13.45066346169));
#421 = CARTESIAN_POINT('',(-3.645120851913,-13.62744457329));
#422 = CARTESIAN_POINT('',(-3.695993646384,-13.8044183209));
#423 = CARTESIAN_POINT('',(-3.74692207173,-13.98158690129));
#424 = CARTESIAN_POINT('',(-3.797907485068,-14.1589523133));
#425 = CARTESIAN_POINT('',(-3.848951166535,-14.33651833761));
#426 = CARTESIAN_POINT('',(-3.900052900779,-14.51429019571));
#427 = CARTESIAN_POINT('',(-4.048448209059,-15.03052151807));
#428 = CARTESIAN_POINT('',(-4.145946129247,-15.36969095917));
#429 = CARTESIAN_POINT('',(-4.243628143675,-15.70950343391));
#430 = CARTESIAN_POINT('',(-4.341498211078,-16.04997270428));
#431 = CARTESIAN_POINT('',(-4.439578913254,-16.39117419076));
#432 = CARTESIAN_POINT('',(-4.537893799285,-16.73318930612));
#433 = CARTESIAN_POINT('',(-4.636452133493,-17.07605023583));
#434 = CARTESIAN_POINT('',(-4.82855214937,-17.74431916463));
#435 = CARTESIAN_POINT('',(-4.922160540201,-18.06995928946));
#436 = CARTESIAN_POINT('',(-5.015944044798,-18.39620840046));
#437 = CARTESIAN_POINT('',(-5.109905204818,-18.72307598759));
#438 = CARTESIAN_POINT('',(-5.204062693909,-19.05062737185));
#439 = CARTESIAN_POINT('',(-5.298436146966,-19.37893051805));
#440 = CARTESIAN_POINT('',(-5.393032472361,-19.70800912974));
#441 = CARTESIAN_POINT('',(-5.586418862148,-20.38075525092));
#442 = CARTESIAN_POINT('',(-5.685319098544,-20.72480601703));
#443 = CARTESIAN_POINT('',(-5.784412943846,-21.0695299952));
#444 = CARTESIAN_POINT('',(-5.883704587209,-21.4149416571));
#445 = CARTESIAN_POINT('',(-5.983217680475,-21.76112366399));
#446 = CARTESIAN_POINT('',(-6.082976997312,-22.10816270734));
#447 = CARTESIAN_POINT('',(-6.18299241065,-22.4560930805));
#448 = CARTESIAN_POINT('',(-6.28318530718,-22.80464099557));
#449 = ( GEOMETRIC_REPRESENTATION_CONTEXT(2) 
PARAMETRIC_REPRESENTATION_CONTEXT() REPRESENTATION_CONTEXT('2D SPACE',''
  ) );
#450 = ORIENTED_EDGE('',*,*,#451,.F.);
#451 = EDGE_CURVE('',#44,#187,#452,.T.);
#452 = SEAM_CURVE('',#453,(#457,#464),.PCURVE_S1.);
#453 = LINE('',#454,#455);
#454 = CARTESIAN_POINT('',(13.,40.,-151.));
#455 = VECTOR('',#456,1.);
#456 = DIRECTION('',(-8.304547985374E-02,0.,0.996545758245));
#457 = PCURVE('',#65,#458);
#458 = DEFINITIONAL_REPRESENTATION('',(#459),#463);
#459 = LINE('',#460,#461);
#460 = CARTESIAN_POINT('',(-0.,-0.));
#461 = VECTOR('',#462,1.);
#462 = DIRECTION('',(-0.,-1.));
#463 = ( GEOMETRIC_REPRESENTATION_CONTEXT(2) 
PARAMETRIC_REPRESENTATION_CONTEXT() REPRESENTATION_CONTEXT('2D SPACE',''
  ) );
#464 = PCURVE('',#65,#465);
#465 = DEFINITIONAL_REPRESENTATION('',(#466),#470);
#466 = LINE('',#467,#468);
#467 = CARTESIAN_POINT('',(-6.28318530718,-0.));
#468 = VECTOR('',#469,1.);
#469 = DIRECTION('',(-0.,-1.));
#470 = ( GEOMETRIC_REPRESENTATION_CONTEXT(2) 
PARAMETRIC_REPRESENTATION_CONTEXT() REPRESENTATION_CONTEXT('2D SPACE',''
  ) );
#471 = ORIENTED_EDGE('',*,*,#43,.T.);
#472 = ORIENTED_EDGE('',*,*,#451,.T.);
#473 = ADVANCED_FACE('',(#474),#96,.T.);
#474 = FACE_BOUND('',#475,.T.);
#475 = EDGE_LOOP('',(#476,#477,#500,#526));
#476 = ORIENTED_EDGE('',*,*,#79,.F.);
#477 = ORIENTED_EDGE('',*,*,#478,.T.);
#478 = EDGE_CURVE('',#80,#479,#481,.T.);
#479 = VERTEX_POINT('',#480);
#480 = CARTESIAN_POINT('',(-4.15,44.15,-38.));
#481 = SURFACE_CURVE('',#482,(#486,#493),.PCURVE_S1.);
#482 = LINE('',#483,#484);
#483 = CARTESIAN_POINT('',(-4.15,44.15,-153.));
#484 = VECTOR('',#485,1.);
#485 = DIRECTION('',(0.,0.,1.));
#486 = PCURVE('',#96,#487);
#487 = DEFINITIONAL_REPRESENTATION('',(#488),#492);
#488 = LINE('',#489,#490);
#489 = CARTESIAN_POINT('',(0.,0.));
#490 = VECTOR('',#491,1.);
#491 = DIRECTION('',(0.,-1.));
#492 = ( GEOMETRIC_REPRESENTATION_CONTEXT(2) 
PARAMETRIC_REPRESENTATION_CONTEXT() REPRESENTATION_CONTEXT('2D SPACE',''
  ) );
#493 = PCURVE('',#172,#494);
#494 = DEFINITIONAL_REPRESENTATION('',(#495),#499);
#495 = LINE('',#496,#497);
#496 = CARTESIAN_POINT('',(8.3,0.));
#497 = VECTOR('',#498,1.);
#498 = DIRECTION('',(0.,-1.));
#499 = ( GEOMETRIC_REPRESENTATION_CONTEXT(2) 
PARAMETRIC_REPRESENTATION_CONTEXT() REPRESENTATION_CONTEXT('2D SPACE',''
  ) );
#500 = ORIENTED_EDGE('',*,*,#501,.F.);
#501 = EDGE_CURVE('',#502,#479,#504,.T.);
#502 = VERTEX_POINT('',#503);
#503 = CARTESIAN_POINT('',(-4.15,35.85,-38.));
#504 = SURFACE_CURVE('',#505,(#509,#515),.PCURVE_S1.);
#505 = LINE('',#506,#507);
#506 = CARTESIAN_POINT('',(-4.15,42.075,-38.));
#507 = VECTOR('',#508,1.);
#508 = DIRECTION('',(-0.,1.,0.));
#509 = PCURVE('',#96,#510);
#510 = DEFINITIONAL_REPRESENTATION('',(#511),#514);
#511 = B_SPLINE_CURVE_WITH_KNOTS('',1,(#512,#513),.UNSPECIFIED.,.F.,.F.,
  (2,2),(-6.225,2.075),.PIECEWISE_BEZIER_KNOTS.);
#512 = CARTESIAN_POINT('',(8.3,-115.));
#513 = CARTESIAN_POINT('',(0.,-115.));
#514 = ( GEOMETRIC_REPRESENTATION_CONTEXT(2) 
PARAMETRIC_REPRESENTATION_CONTEXT() REPRESENTATION_CONTEXT('2D SPACE',''
  ) );
#515 = PCURVE('',#516,#521);
#516 = PLANE('',#517);
#517 = AXIS2_PLACEMENT_3D('',#518,#519,#520);
#518 = CARTESIAN_POINT('',(-1.953485903628E-16,40.,-38.));
#519 = DIRECTION('',(0.,0.,1.));
#520 = DIRECTION('',(1.,0.,-0.));
#521 = DEFINITIONAL_REPRESENTATION('',(#522),#525);
#522 = B_SPLINE_CURVE_WITH_KNOTS('',1,(#523,#524),.UNSPECIFIED.,.F.,.F.,
  (2,2),(-6.225,2.075),.PIECEWISE_BEZIER_KNOTS.);
#523 = CARTESIAN_POINT('',(-4.15,-4.15));
#524 = CARTESIAN_POINT('',(-4.15,4.15));
#525 = ( GEOMETRIC_REPRESENTATION_CONTEXT(2) 
PARAMETRIC_REPRESENTATION_CONTEXT() REPRESENTATION_CONTEXT('2D SPACE',''
  ) );
#526 = ORIENTED_EDGE('',*,*,#527,.F.);
#527 = EDGE_CURVE('',#82,#502,#528,.T.);
#528 = SURFACE_CURVE('',#529,(#533,#540),.PCURVE_S1.);
#529 = LINE('',#530,#531);
#530 = CARTESIAN_POINT('',(-4.15,35.85,-153.));
#531 = VECTOR('',#532,1.);
#532 = DIRECTION('',(0.,0.,1.));
#533 = PCURVE('',#96,#534);
#534 = DEFINITIONAL_REPRESENTATION('',(#535),#539);
#535 = LINE('',#536,#537);
#536 = CARTESIAN_POINT('',(8.3,0.));
#537 = VECTOR('',#538,1.);
#538 = DIRECTION('',(0.,-1.));
#539 = ( GEOMETRIC_REPRESENTATION_CONTEXT(2) 
PARAMETRIC_REPRESENTATION_CONTEXT() REPRESENTATION_CONTEXT('2D SPACE',''
  ) );
#540 = PCURVE('',#122,#541);
#541 = DEFINITIONAL_REPRESENTATION('',(#542),#546);
#542 = LINE('',#543,#544);
#543 = CARTESIAN_POINT('',(0.,0.));
#544 = VECTOR('',#545,1.);
#545 = DIRECTION('',(0.,-1.));
#546 = ( GEOMETRIC_REPRESENTATION_CONTEXT(2) 
PARAMETRIC_REPRESENTATION_CONTEXT() REPRESENTATION_CONTEXT('2D SPACE',''
  ) );
#547 = ADVANCED_FACE('',(#548),#172,.T.);
#548 = FACE_BOUND('',#549,.T.);
#549 = EDGE_LOOP('',(#550,#551,#574,#593));
#550 = ORIENTED_EDGE('',*,*,#159,.F.);
#551 = ORIENTED_EDGE('',*,*,#552,.T.);
#552 = EDGE_CURVE('',#134,#553,#555,.T.);
#553 = VERTEX_POINT('',#554);
#554 = CARTESIAN_POINT('',(4.15,44.15,-38.));
#555 = SURFACE_CURVE('',#556,(#560,#567),.PCURVE_S1.);
#556 = LINE('',#557,#558);
#557 = CARTESIAN_POINT('',(4.15,44.15,-153.));
#558 = VECTOR('',#559,1.);
#559 = DIRECTION('',(0.,0.,1.));
#560 = PCURVE('',#172,#561);
#561 = DEFINITIONAL_REPRESENTATION('',(#562),#566);
#562 = LINE('',#563,#564);
#563 = CARTESIAN_POINT('',(0.,-0.));
#564 = VECTOR('',#565,1.);
#565 = DIRECTION('',(0.,-1.));
#566 = ( GEOMETRIC_REPRESENTATION_CONTEXT(2) 
PARAMETRIC_REPRESENTATION_CONTEXT() REPRESENTATION_CONTEXT('2D SPACE',''
  ) );
#567 = PCURVE('',#148,#568);
#568 = DEFINITIONAL_REPRESENTATION('',(#569),#573);
#569 = LINE('',#570,#571);
#570 = CARTESIAN_POINT('',(8.3,0.));
#571 = VECTOR('',#572,1.);
#572 = DIRECTION('',(0.,-1.));
#573 = ( GEOMETRIC_REPRESENTATION_CONTEXT(2) 
PARAMETRIC_REPRESENTATION_CONTEXT() REPRESENTATION_CONTEXT('2D SPACE',''
  ) );
#574 = ORIENTED_EDGE('',*,*,#575,.F.);
#575 = EDGE_CURVE('',#479,#553,#576,.T.);
#576 = SURFACE_CURVE('',#577,(#581,#587),.PCURVE_S1.);
#577 = LINE('',#578,#579);
#578 = CARTESIAN_POINT('',(2.075,44.15,-38.));
#579 = VECTOR('',#580,1.);
#580 = DIRECTION('',(1.,0.,-0.));
#581 = PCURVE('',#172,#582);
#582 = DEFINITIONAL_REPRESENTATION('',(#583),#586);
#583 = B_SPLINE_CURVE_WITH_KNOTS('',1,(#584,#585),.UNSPECIFIED.,.F.,.F.,
  (2,2),(-6.225,2.075),.PIECEWISE_BEZIER_KNOTS.);
#584 = CARTESIAN_POINT('',(8.3,-115.));
#585 = CARTESIAN_POINT('',(0.,-115.));
#586 = ( GEOMETRIC_REPRESENTATION_CONTEXT(2) 
PARAMETRIC_REPRESENTATION_CONTEXT() REPRESENTATION_CONTEXT('2D SPACE',''
  ) );
#587 = PCURVE('',#516,#588);
#588 = DEFINITIONAL_REPRESENTATION('',(#589),#592);
#589 = B_SPLINE_CURVE_WITH_KNOTS('',1,(#590,#591),.UNSPECIFIED.,.F.,.F.,
  (2,2),(-6.225,2.075),.PIECEWISE_BEZIER_KNOTS.);
#590 = CARTESIAN_POINT('',(-4.15,4.15));
#591 = CARTESIAN_POINT('',(4.15,4.15));
#592 = ( GEOMETRIC_REPRESENTATION_CONTEXT(2) 
PARAMETRIC_REPRESENTATION_CONTEXT() REPRESENTATION_CONTEXT('2D SPACE',''
  ) );
#593 = ORIENTED_EDGE('',*,*,#478,.F.);
#594 = ADVANCED_FACE('',(#595),#148,.T.);
#595 = FACE_BOUND('',#596,.T.);
#596 = EDGE_LOOP('',(#597,#598,#621,#640));
#597 = ORIENTED_EDGE('',*,*,#133,.F.);
#598 = ORIENTED_EDGE('',*,*,#599,.T.);
#599 = EDGE_CURVE('',#108,#600,#602,.T.);
#600 = VERTEX_POINT('',#601);
#601 = CARTESIAN_POINT('',(4.15,35.85,-38.));
#602 = SURFACE_CURVE('',#603,(#607,#614),.PCURVE_S1.);
#603 = LINE('',#604,#605);
#604 = CARTESIAN_POINT('',(4.15,35.85,-153.));
#605 = VECTOR('',#606,1.);
#606 = DIRECTION('',(0.,0.,1.));
#607 = PCURVE('',#148,#608);
#608 = DEFINITIONAL_REPRESENTATION('',(#609),#613);
#609 = LINE('',#610,#611);
#610 = CARTESIAN_POINT('',(0.,0.));
#611 = VECTOR('',#612,1.);
#612 = DIRECTION('',(0.,-1.));
#613 = ( GEOMETRIC_REPRESENTATION_CONTEXT(2) 
PARAMETRIC_REPRESENTATION_CONTEXT() REPRESENTATION_CONTEXT('2D SPACE',''
  ) );
#614 = PCURVE('',#122,#615);
#615 = DEFINITIONAL_REPRESENTATION('',(#616),#620);
#616 = LINE('',#617,#618);
#617 = CARTESIAN_POINT('',(8.3,0.));
#618 = VECTOR('',#619,1.);
#619 = DIRECTION('',(0.,-1.));
#620 = ( GEOMETRIC_REPRESENTATION_CONTEXT(2) 
PARAMETRIC_REPRESENTATION_CONTEXT() REPRESENTATION_CONTEXT('2D SPACE',''
  ) );
#621 = ORIENTED_EDGE('',*,*,#622,.F.);
#622 = EDGE_CURVE('',#553,#600,#623,.T.);
#623 = SURFACE_CURVE('',#624,(#628,#634),.PCURVE_S1.);
#624 = LINE('',#625,#626);
#625 = CARTESIAN_POINT('',(4.15,37.925,-38.));
#626 = VECTOR('',#627,1.);
#627 = DIRECTION('',(0.,-1.,0.));
#628 = PCURVE('',#148,#629);
#629 = DEFINITIONAL_REPRESENTATION('',(#630),#633);
#630 = B_SPLINE_CURVE_WITH_KNOTS('',1,(#631,#632),.UNSPECIFIED.,.F.,.F.,
  (2,2),(-6.225,2.075),.PIECEWISE_BEZIER_KNOTS.);
#631 = CARTESIAN_POINT('',(8.3,-115.));
#632 = CARTESIAN_POINT('',(0.,-115.));
#633 = ( GEOMETRIC_REPRESENTATION_CONTEXT(2) 
PARAMETRIC_REPRESENTATION_CONTEXT() REPRESENTATION_CONTEXT('2D SPACE',''
  ) );
#634 = PCURVE('',#516,#635);
#635 = DEFINITIONAL_REPRESENTATION('',(#636),#639);
#636 = B_SPLINE_CURVE_WITH_KNOTS('',1,(#637,#638),.UNSPECIFIED.,.F.,.F.,
  (2,2),(-6.225,2.075),.PIECEWISE_BEZIER_KNOTS.);
#637 = CARTESIAN_POINT('',(4.15,4.15));
#638 = CARTESIAN_POINT('',(4.15,-4.15));
#639 = ( GEOMETRIC_REPRESENTATION_CONTEXT(2) 
PARAMETRIC_REPRESENTATION_CONTEXT() REPRESENTATION_CONTEXT('2D SPACE',''
  ) );
#640 = ORIENTED_EDGE('',*,*,#552,.F.);
#641 = ADVANCED_FACE('',(#642),#122,.T.);
#642 = FACE_BOUND('',#643,.T.);
#643 = EDGE_LOOP('',(#644,#645,#646,#665));
#644 = ORIENTED_EDGE('',*,*,#107,.F.);
#645 = ORIENTED_EDGE('',*,*,#527,.T.);
#646 = ORIENTED_EDGE('',*,*,#647,.F.);
#647 = EDGE_CURVE('',#600,#502,#648,.T.);
#648 = SURFACE_CURVE('',#649,(#653,#659),.PCURVE_S1.);
#649 = LINE('',#650,#651);
#650 = CARTESIAN_POINT('',(-2.075,35.85,-38.));
#651 = VECTOR('',#652,1.);
#652 = DIRECTION('',(-1.,0.,0.));
#653 = PCURVE('',#122,#654);
#654 = DEFINITIONAL_REPRESENTATION('',(#655),#658);
#655 = B_SPLINE_CURVE_WITH_KNOTS('',1,(#656,#657),.UNSPECIFIED.,.F.,.F.,
  (2,2),(-6.225,2.075),.PIECEWISE_BEZIER_KNOTS.);
#656 = CARTESIAN_POINT('',(8.3,-115.));
#657 = CARTESIAN_POINT('',(0.,-115.));
#658 = ( GEOMETRIC_REPRESENTATION_CONTEXT(2) 
PARAMETRIC_REPRESENTATION_CONTEXT() REPRESENTATION_CONTEXT('2D SPACE',''
  ) );
#659 = PCURVE('',#516,#660);
#660 = DEFINITIONAL_REPRESENTATION('',(#661),#664);
#661 = B_SPLINE_CURVE_WITH_KNOTS('',1,(#662,#663),.UNSPECIFIED.,.F.,.F.,
  (2,2),(-6.225,2.075),.PIECEWISE_BEZIER_KNOTS.);
#662 = CARTESIAN_POINT('',(4.15,-4.15));
#663 = CARTESIAN_POINT('',(-4.15,-4.15));
#664 = ( GEOMETRIC_REPRESENTATION_CONTEXT(2) 
PARAMETRIC_REPRESENTATION_CONTEXT() REPRESENTATION_CONTEXT('2D SPACE',''
  ) );
#665 = ORIENTED_EDGE('',*,*,#599,.F.);
#666 = ADVANCED_FACE('',(#667),#204,.T.);
#667 = FACE_BOUND('',#668,.T.);
#668 = EDGE_LOOP('',(#669,#670,#671,#699));
#669 = ORIENTED_EDGE('',*,*,#186,.F.);
#670 = ORIENTED_EDGE('',*,*,#244,.T.);
#671 = ORIENTED_EDGE('',*,*,#672,.T.);
#672 = EDGE_CURVE('',#217,#673,#675,.T.);
#673 = VERTEX_POINT('',#674);
#674 = CARTESIAN_POINT('',(10.731324903836,40.,-123.775898846));
#675 = SURFACE_CURVE('',#676,(#680,#687),.PCURVE_S1.);
#676 = LINE('',#677,#678);
#677 = CARTESIAN_POINT('',(13.,40.,-151.));
#678 = VECTOR('',#679,1.);
#679 = DIRECTION('',(-8.304547985374E-02,0.,0.996545758245));
#680 = PCURVE('',#204,#681);
#681 = DEFINITIONAL_REPRESENTATION('',(#682),#686);
#682 = LINE('',#683,#684);
#683 = CARTESIAN_POINT('',(-6.28318530718,-0.));
#684 = VECTOR('',#685,1.);
#685 = DIRECTION('',(-0.,-1.));
#686 = ( GEOMETRIC_REPRESENTATION_CONTEXT(2) 
PARAMETRIC_REPRESENTATION_CONTEXT() REPRESENTATION_CONTEXT('2D SPACE',''
  ) );
#687 = PCURVE('',#688,#693);
#688 = CONICAL_SURFACE('',#689,13.,8.314123188844E-02);
#689 = AXIS2_PLACEMENT_3D('',#690,#691,#692);
#690 = CARTESIAN_POINT('',(0.,40.,-151.));
#691 = DIRECTION('',(-0.,-0.,-1.));
#692 = DIRECTION('',(1.,0.,-0.));
#693 = DEFINITIONAL_REPRESENTATION('',(#694),#698);
#694 = LINE('',#695,#696);
#695 = CARTESIAN_POINT('',(-0.,-0.));
#696 = VECTOR('',#697,1.);
#697 = DIRECTION('',(-0.,-1.));
#698 = ( GEOMETRIC_REPRESENTATION_CONTEXT(2) 
PARAMETRIC_REPRESENTATION_CONTEXT() REPRESENTATION_CONTEXT('2D SPACE',''
  ) );
#699 = ORIENTED_EDGE('',*,*,#700,.F.);
#700 = EDGE_CURVE('',#189,#673,#701,.T.);
#701 = SURFACE_CURVE('',#702,(#761,#823),.PCURVE_S1.);
#702 = B_SPLINE_CURVE_WITH_KNOTS('',8,(#703,#704,#705,#706,#707,#708,
    #709,#710,#711,#712,#713,#714,#715,#716,#717,#718,#719,#720,#721,
    #722,#723,#724,#725,#726,#727,#728,#729,#730,#731,#732,#733,#734,
    #735,#736,#737,#738,#739,#740,#741,#742,#743,#744,#745,#746,#747,
    #748,#749,#750,#751,#752,#753,#754,#755,#756,#757,#758,#759,#760),
  .UNSPECIFIED.,.F.,.F.,(9,7,7,7,7,7,7,7,9),(0.,0.126298091021,
    0.261095763562,0.388742072607,0.514464909544,0.638272302186,
    0.760173340276,0.880177498085,1.),.UNSPECIFIED.);
#703 = CARTESIAN_POINT('',(12.576671035387,40.,-145.9200524246));
#704 = CARTESIAN_POINT('',(12.549243047077,41.174657134237,
    -145.590916587));
#705 = CARTESIAN_POINT('',(12.396359417189,42.346335439847,
    -145.2609438815));
#706 = CARTESIAN_POINT('',(12.118059648471,43.498581214317,
    -144.9303710322));
#707 = CARTESIAN_POINT('',(11.717182687707,44.615702382226,
    -144.5991978967));
#708 = CARTESIAN_POINT('',(11.198655736228,45.682700935228,
    -144.2673623522));
#709 = CARTESIAN_POINT('',(10.569505483328,46.685364978849,
    -143.934794728));
#710 = CARTESIAN_POINT('',(9.838836650996,47.610340186662,
    -143.6014688408));
#711 = CARTESIAN_POINT('',(8.142863537316,49.337191644098,
    -142.9112640673));
#712 = CARTESIAN_POINT('',(7.164130147419,50.127559475287,
    -142.5539243895));
#713 = CARTESIAN_POINT('',(6.096396682163,50.801648832515,
    -142.1959121556));
#714 = CARTESIAN_POINT('',(4.955868292606,51.34783976351,-141.8372057291
    ));
#715 = CARTESIAN_POINT('',(3.760067185158,51.75712489409,-141.4777101257
    ));
#716 = CARTESIAN_POINT('',(2.527767480327,52.02325409005,-141.1173273609
    ));
#717 = CARTESIAN_POINT('',(1.278888654082,52.142732792089,
    -140.7560139263));
#718 = CARTESIAN_POINT('',(-1.143692848384,52.090929252783,
    -140.0513772191));
#719 = CARTESIAN_POINT('',(-2.319142362277,51.934709206395,
    -139.7077464045));
#720 = CARTESIAN_POINT('',(-3.473791439133,51.647450754916,
    -139.3634720948));
#721 = CARTESIAN_POINT('',(-4.590563908395,51.232355296514,
    -139.018540552));
#722 = CARTESIAN_POINT('',(-5.653195203414,50.694969148329,
    -138.6728718577));
#723 = CARTESIAN_POINT('',(-6.646347149837,50.043203481468,
    -138.3263824102));
#724 = CARTESIAN_POINT('',(-7.555684386437,49.287294274061,
    -137.9790391268));
#725 = CARTESIAN_POINT('',(-9.169148683001,47.606549060104,
    -137.2884154594));
#726 = CARTESIAN_POINT('',(-9.876973394638,46.683584557191,
    -136.9448055541));
#727 = CARTESIAN_POINT('',(-10.4795429763,45.684086246529,
    -136.6005430169));
#728 = CARTESIAN_POINT('',(-10.96722231828,44.622110585085,
    -136.2556146724));
#729 = CARTESIAN_POINT('',(-11.33256709044,43.512781885802,
    -135.909941748));
#730 = CARTESIAN_POINT('',(-11.57041390313,42.372224483073,
    -135.5634409192));
#731 = CARTESIAN_POINT('',(-11.67791129471,41.217481938586,
    -135.2160787222));
#732 = CARTESIAN_POINT('',(-11.63340297754,38.933170558599,
    -134.525455039));
#733 = CARTESIAN_POINT('',(-11.48530379791,37.802346586894,
    -134.1818674814));
#734 = CARTESIAN_POINT('',(-11.21115630805,36.691349416786,
    -133.8376174335));
#735 = CARTESIAN_POINT('',(-10.81401334835,35.616607719153,
    -133.4926919182));
#736 = CARTESIAN_POINT('',(-10.29919199675,34.593773305997,
    -133.1470125108));
#737 = CARTESIAN_POINT('',(-9.674282734785,33.637609393676,
    -132.8004994527));
#738 = CARTESIAN_POINT('',(-8.949118307457,32.76191564888,
    -132.4531198003));
#739 = CARTESIAN_POINT('',(-7.336331939791,31.207913596125,
    -131.7624935265));
#740 = CARTESIAN_POINT('',(-6.450582062776,30.526000449254,
    -131.4189310442));
#741 = CARTESIAN_POINT('',(-5.491152329764,29.945139158443,
    -131.0746946716));
#742 = CARTESIAN_POINT('',(-4.471538611475,29.474606383405,
    -130.7297725315));
#743 = CARTESIAN_POINT('',(-3.406269028757,29.121573294092,
    -130.3840891597));
#744 = CARTESIAN_POINT('',(-2.310837678274,28.891021422569,
    -130.0375625035));
#745 = CARTESIAN_POINT('',(-1.201624282764,28.785703721209,
    -129.6901605183));
#746 = CARTESIAN_POINT('',(0.992580469983,28.824457686858,
    -128.9995335178));
#747 = CARTESIAN_POINT('',(2.078755738433,28.964693109616,
    -128.6559893992));
#748 = CARTESIAN_POINT('',(3.146046980929,29.225984828957,
    -128.3117657011));
#749 = CARTESIAN_POINT('',(4.17867244164,29.605423854052,-127.9668494441
    ));
#750 = CARTESIAN_POINT('',(5.16159264388,30.097917908708,-127.6211625122
    ));
#751 = CARTESIAN_POINT('',(6.080617213136,30.696189643162,
    -127.2746234756));
#752 = CARTESIAN_POINT('',(6.922488205673,31.390801135883,
    -126.9272009489));
#753 = CARTESIAN_POINT('',(8.427360612193,32.947055087352,
    -126.2316235979));
#754 = CARTESIAN_POINT('',(9.091393891817,33.809232161034,
    -125.8831183262));
#755 = CARTESIAN_POINT('',(9.655568302645,34.744109493113,
    -125.5339085779));
#756 = CARTESIAN_POINT('',(10.110605441379,35.73814674338,
    -125.1839802456));
#757 = CARTESIAN_POINT('',(10.449372231924,36.776755313342,
    -124.8332501577));
#758 = CARTESIAN_POINT('',(10.666966340098,37.844377600557,
    -124.4816313806));
#759 = CARTESIAN_POINT('',(10.760757527045,38.924569669928,
    -124.1290903238));
#760 = CARTESIAN_POINT('',(10.731324903836,40.,-123.775898846));
#761 = PCURVE('',#204,#762);
#762 = DEFINITIONAL_REPRESENTATION('',(#763),#822);
#763 = B_SPLINE_CURVE_WITH_KNOTS('',8,(#764,#765,#766,#767,#768,#769,
    #770,#771,#772,#773,#774,#775,#776,#777,#778,#779,#780,#781,#782,
    #783,#784,#785,#786,#787,#788,#789,#790,#791,#792,#793,#794,#795,
    #796,#797,#798,#799,#800,#801,#802,#803,#804,#805,#806,#807,#808,
    #809,#810,#811,#812,#813,#814,#815,#816,#817,#818,#819,#820,#821),
  .UNSPECIFIED.,.F.,.F.,(9,7,7,7,7,7,7,7,9),(0.,0.126298091021,
    0.261095763562,0.388742072607,0.514464909544,0.638272302186,
    0.760173340276,0.880177498085,1.),.UNSPECIFIED.);
#764 = CARTESIAN_POINT('',(0.,-5.07994757536));
#765 = CARTESIAN_POINT('',(-9.339968668434E-02,-5.409083413132));
#766 = CARTESIAN_POINT('',(-0.187028066789,-5.739056117936));
#767 = CARTESIAN_POINT('',(-0.28082276774,-6.069628968528));
#768 = CARTESIAN_POINT('',(-0.374787032592,-6.400802102486));
#769 = CARTESIAN_POINT('',(-0.468940038532,-6.732637648127));
#770 = CARTESIAN_POINT('',(-0.563301769415,-7.065205271817));
#771 = CARTESIAN_POINT('',(-0.657879443681,-7.398531159198));
#772 = CARTESIAN_POINT('',(-0.853718651123,-8.08873593261));
#773 = CARTESIAN_POINT('',(-0.955110993528,-8.44607561042));
#774 = CARTESIAN_POINT('',(-1.056694290755,-8.804087844323));
#775 = CARTESIAN_POINT('',(-1.158474130671,-9.162794270833));
#776 = CARTESIAN_POINT('',(-1.26047737862,-9.522289874217));
#777 = CARTESIAN_POINT('',(-1.362732099091,-9.882672639008));
#778 = CARTESIAN_POINT('',(-1.465250830109,-10.24398607369));
#779 = CARTESIAN_POINT('',(-1.665183879243,-10.94862278086));
#780 = CARTESIAN_POINT('',(-1.76268545373,-11.29225359545));
#781 = CARTESIAN_POINT('',(-1.860369745664,-11.63652790518));
#782 = CARTESIAN_POINT('',(-1.958240668411,-11.98145944793));
#783 = CARTESIAN_POINT('',(-2.056320756513,-12.32712814225));
#784 = CARTESIAN_POINT('',(-2.154633612367,-12.67361758972));
#785 = CARTESIAN_POINT('',(-2.253188643453,-13.02096087316));
#786 = CARTESIAN_POINT('',(-2.449145847987,-13.7115845405));
#787 = CARTESIAN_POINT('',(-2.546641520337,-14.05519444582));
#788 = CARTESIAN_POINT('',(-2.644322410647,-14.39945698306));
#789 = CARTESIAN_POINT('',(-2.742192361293,-14.7443853275));
#790 = CARTESIAN_POINT('',(-2.840273848187,-15.0900582519));
#791 = CARTESIAN_POINT('',(-2.938590383927,-15.43655908076));
#792 = CARTESIAN_POINT('',(-3.037151225883,-15.78392127775));
#793 = CARTESIAN_POINT('',(-3.233108964019,-16.47454496095));
#794 = CARTESIAN_POINT('',(-3.330598387408,-16.8181325185));
#795 = CARTESIAN_POINT('',(-3.428275471246,-17.16238256641));
#796 = CARTESIAN_POINT('',(-3.526143957434,-17.50730808178));
#797 = CARTESIAN_POINT('',(-3.624226264854,-17.85298748913));
#798 = CARTESIAN_POINT('',(-3.722545994156,-18.19950054722));
#799 = CARTESIAN_POINT('',(-3.821112402693,-18.54688019966));
#800 = CARTESIAN_POINT('',(-4.017070391018,-19.2375064734));
#801 = CARTESIAN_POINT('',(-4.114554030979,-19.58106895571));
#802 = CARTESIAN_POINT('',(-4.212227584942,-19.92530532836));
#803 = CARTESIAN_POINT('',(-4.310094932734,-20.27022746844));
#804 = CARTESIAN_POINT('',(-4.408178465832,-20.6159108402));
#805 = CARTESIAN_POINT('',(-4.506501583551,-20.96243749646));
#806 = CARTESIAN_POINT('',(-4.605073355708,-21.30983948162));
#807 = CARTESIAN_POINT('',(-4.801032019447,-22.00046648218));
#808 = CARTESIAN_POINT('',(-4.898509449912,-22.34401060072));
#809 = CARTESIAN_POINT('',(-4.996179726464,-22.6882342988));
#810 = CARTESIAN_POINT('',(-5.094046333241,-23.0331505558));
#811 = CARTESIAN_POINT('',(-5.192131414783,-23.37883748778));
#812 = CARTESIAN_POINT('',(-5.290458248528,-23.72537652439));
#813 = CARTESIAN_POINT('',(-5.389035818958,-24.07279905101));
#814 = CARTESIAN_POINT('',(-5.586398878616,-24.76837640207));
#815 = CARTESIAN_POINT('',(-5.685283803496,-25.11688167379));
#816 = CARTESIAN_POINT('',(-5.784368693032,-25.46609142207));
#817 = CARTESIAN_POINT('',(-5.883657491474,-25.81601975433));
#818 = CARTESIAN_POINT('',(-5.983173610335,-26.1667498422));
#819 = CARTESIAN_POINT('',(-6.082941625599,-26.51836861935));
#820 = CARTESIAN_POINT('',(-6.182971182669,-26.87090967615));
#821 = CARTESIAN_POINT('',(-6.28318530718,-27.22410115397));
#822 = ( GEOMETRIC_REPRESENTATION_CONTEXT(2) 
PARAMETRIC_REPRESENTATION_CONTEXT() REPRESENTATION_CONTEXT('2D SPACE',''
  ) );
#823 = PCURVE('',#232,#824);
#824 = DEFINITIONAL_REPRESENTATION('',(#825),#884);
#825 = B_SPLINE_CURVE_WITH_KNOTS('',8,(#826,#827,#828,#829,#830,#831,
    #832,#833,#834,#835,#836,#837,#838,#839,#840,#841,#842,#843,#844,
    #845,#846,#847,#848,#849,#850,#851,#852,#853,#854,#855,#856,#857,
    #858,#859,#860,#861,#862,#863,#864,#865,#866,#867,#868,#869,#870,
    #871,#872,#873,#874,#875,#876,#877,#878,#879,#880,#881,#882,#883),
  .UNSPECIFIED.,.F.,.F.,(9,7,7,7,7,7,7,7,9),(0.,0.126298091021,
    0.261095763562,0.388742072607,0.514464909544,0.638272302186,
    0.760173340276,0.880177498085,1.),.UNSPECIFIED.);
#826 = CARTESIAN_POINT('',(0.,-5.07994757536));
#827 = CARTESIAN_POINT('',(-9.339968668434E-02,-5.409083413132));
#828 = CARTESIAN_POINT('',(-0.187028066789,-5.739056117936));
#829 = CARTESIAN_POINT('',(-0.28082276774,-6.069628968528));
#830 = CARTESIAN_POINT('',(-0.374787032592,-6.400802102486));
#831 = CARTESIAN_POINT('',(-0.468940038532,-6.732637648127));
#832 = CARTESIAN_POINT('',(-0.563301769415,-7.065205271817));
#833 = CARTESIAN_POINT('',(-0.657879443681,-7.398531159198));
#834 = CARTESIAN_POINT('',(-0.853718651123,-8.08873593261));
#835 = CARTESIAN_POINT('',(-0.955110993528,-8.44607561042));
#836 = CARTESIAN_POINT('',(-1.056694290755,-8.804087844323));
#837 = CARTESIAN_POINT('',(-1.158474130671,-9.162794270833));
#838 = CARTESIAN_POINT('',(-1.26047737862,-9.522289874217));
#839 = CARTESIAN_POINT('',(-1.362732099091,-9.882672639008));
#840 = CARTESIAN_POINT('',(-1.465250830109,-10.24398607369));
#841 = CARTESIAN_POINT('',(-1.665183879243,-10.94862278086));
#842 = CARTESIAN_POINT('',(-1.76268545373,-11.29225359545));
#843 = CARTESIAN_POINT('',(-1.860369745664,-11.63652790518));
#844 = CARTESIAN_POINT('',(-1.958240668411,-11.98145944793));
#845 = CARTESIAN_POINT('',(-2.056320756513,-12.32712814225));
#846 = CARTESIAN_POINT('',(-2.154633612367,-12.67361758972));
#847 = CARTESIAN_POINT('',(-2.253188643453,-13.02096087316));
#848 = CARTESIAN_POINT('',(-2.449145847987,-13.7115845405));
#849 = CARTESIAN_POINT('',(-2.546641520337,-14.05519444582));
#850 = CARTESIAN_POINT('',(-2.644322410647,-14.39945698306));
#851 = CARTESIAN_POINT('',(-2.742192361293,-14.7443853275));
#852 = CARTESIAN_POINT('',(-2.840273848187,-15.0900582519));
#853 = CARTESIAN_POINT('',(-2.938590383927,-15.43655908076));
#854 = CARTESIAN_POINT('',(-3.037151225883,-15.78392127775));
#855 = CARTESIAN_POINT('',(-3.233108964019,-16.47454496095));
#856 = CARTESIAN_POINT('',(-3.330598387408,-16.8181325185));
#857 = CARTESIAN_POINT('',(-3.428275471246,-17.16238256641));
#858 = CARTESIAN_POINT('',(-3.526143957434,-17.50730808178));
#859 = CARTESIAN_POINT('',(-3.624226264854,-17.85298748913));
#860 = CARTESIAN_POINT('',(-3.722545994156,-18.19950054722));
#861 = CARTESIAN_POINT('',(-3.821112402693,-18.54688019966));
#862 = CARTESIAN_POINT('',(-4.017070391018,-19.2375064734));
#863 = CARTESIAN_POINT('',(-4.114554030979,-19.58106895571));
#864 = CARTESIAN_POINT('',(-4.212227584942,-19.92530532836));
#865 = CARTESIAN_POINT('',(-4.310094932734,-20.27022746844));
#866 = CARTESIAN_POINT('',(-4.408178465832,-20.6159108402));
#867 = CARTESIAN_POINT('',(-4.506501583551,-20.96243749646));
#868 = CARTESIAN_POINT('',(-4.605073355708,-21.30983948162));
#869 = CARTESIAN_POINT('',(-4.801032019447,-22.00046648218));
#870 = CARTESIAN_POINT('',(-4.898509449912,-22.34401060072));
#871 = CARTESIAN_POINT('',(-4.996179726464,-22.6882342988));
#872 = CARTESIAN_POINT('',(-5.094046333241,-23.0331505558));
#873 = CARTESIAN_POINT('',(-5.192131414783,-23.37883748778));
#874 = CARTESIAN_POINT('',(-5.290458248528,-23.72537652439));
#875 = CARTESIAN_POINT('',(-5.389035818958,-24.07279905101));
#876 = CARTESIAN_POINT('',(-5.586398878616,-24.76837640207));
#877 = CARTESIAN_POINT('',(-5.685283803496,-25.11688167379));
#878 = CARTESIAN_POINT('',(-5.784368693032,-25.46609142207));
#879 = CARTESIAN_POINT('',(-5.883657491474,-25.81601975433));
#880 = CARTESIAN_POINT('',(-5.983173610335,-26.1667498422));
#881 = CARTESIAN_POINT('',(-6.082941625599,-26.51836861935));
#882 = CARTESIAN_POINT('',(-6.182971182669,-26.87090967615));
#883 = CARTESIAN_POINT('',(-6.28318530718,-27.22410115397));
#884 = ( GEOMETRIC_REPRESENTATION_CONTEXT(2) 
PARAMETRIC_REPRESENTATION_CONTEXT() REPRESENTATION_CONTEXT('2D SPACE',''
  ) );
#885 = ADVANCED_FACE('',(#886),#232,.T.);
#886 = FACE_BOUND('',#887,.T.);
#887 = EDGE_LOOP('',(#888,#889,#917,#1145));
#888 = ORIENTED_EDGE('',*,*,#700,.T.);
#889 = ORIENTED_EDGE('',*,*,#890,.T.);
#890 = EDGE_CURVE('',#673,#891,#893,.T.);
#891 = VERTEX_POINT('',#892);
#892 = CARTESIAN_POINT('',(9.278137687862,40.,-106.3376522543));
#893 = SURFACE_CURVE('',#894,(#898,#905),.PCURVE_S1.);
#894 = LINE('',#895,#896);
#895 = CARTESIAN_POINT('',(13.,40.,-151.));
#896 = VECTOR('',#897,1.);
#897 = DIRECTION('',(-8.304547985374E-02,0.,0.996545758245));
#898 = PCURVE('',#232,#899);
#899 = DEFINITIONAL_REPRESENTATION('',(#900),#904);
#900 = LINE('',#901,#902);
#901 = CARTESIAN_POINT('',(-6.28318530718,-0.));
#902 = VECTOR('',#903,1.);
#903 = DIRECTION('',(-0.,-1.));
#904 = ( GEOMETRIC_REPRESENTATION_CONTEXT(2) 
PARAMETRIC_REPRESENTATION_CONTEXT() REPRESENTATION_CONTEXT('2D SPACE',''
  ) );
#905 = PCURVE('',#906,#911);
#906 = CONICAL_SURFACE('',#907,13.,8.314123188844E-02);
#907 = AXIS2_PLACEMENT_3D('',#908,#909,#910);
#908 = CARTESIAN_POINT('',(0.,40.,-151.));
#909 = DIRECTION('',(-0.,-0.,-1.));
#910 = DIRECTION('',(1.,0.,-0.));
#911 = DEFINITIONAL_REPRESENTATION('',(#912),#916);
#912 = LINE('',#913,#914);
#913 = CARTESIAN_POINT('',(-0.,-0.));
#914 = VECTOR('',#915,1.);
#915 = DIRECTION('',(-0.,-1.));
#916 = ( GEOMETRIC_REPRESENTATION_CONTEXT(2) 
PARAMETRIC_REPRESENTATION_CONTEXT() REPRESENTATION_CONTEXT('2D SPACE',''
  ) );
#917 = ORIENTED_EDGE('',*,*,#918,.F.);
#918 = EDGE_CURVE('',#217,#891,#919,.T.);
#919 = SURFACE_CURVE('',#920,(#993,#1069),.PCURVE_S1.);
#920 = B_SPLINE_CURVE_WITH_KNOTS('',8,(#921,#922,#923,#924,#925,#926,
    #927,#928,#929,#930,#931,#932,#933,#934,#935,#936,#937,#938,#939,
    #940,#941,#942,#943,#944,#945,#946,#947,#948,#949,#950,#951,#952,
    #953,#954,#955,#956,#957,#958,#959,#960,#961,#962,#963,#964,#965,
    #966,#967,#968,#969,#970,#971,#972,#973,#974,#975,#976,#977,#978,
    #979,#980,#981,#982,#983,#984,#985,#986,#987,#988,#989,#990,#991,
    #992),.UNSPECIFIED.,.F.,.F.,(9,7,7,7,7,7,7,7,7,7,9),(0.,
    0.12478345009,0.254755462929,0.316422747029,0.382696472743,
    0.508574611884,0.632421280787,0.754249505833,0.874072314177,
    0.935602720858,1.),.UNSPECIFIED.);
#921 = CARTESIAN_POINT('',(11.099613250369,40.,-128.1953590044));
#922 = CARTESIAN_POINT('',(11.072956655656,41.020629705123,
    -127.8754798678));
#923 = CARTESIAN_POINT('',(10.938977350481,42.038219406884,
    -127.5547975814));
#924 = CARTESIAN_POINT('',(10.697779718466,43.038952015753,
    -127.2335053499));
#925 = CARTESIAN_POINT('',(10.351765335481,44.009603160282,
    -126.9115967721));
#926 = CARTESIAN_POINT('',(9.905092917971,44.937525107135,
    -126.5890123478));
#927 = CARTESIAN_POINT('',(9.363665364109,45.810721423091,
    -126.2656888527));
#928 = CARTESIAN_POINT('',(8.735126199384,46.617920881735,
    -125.9416040516));
#929 = CARTESIAN_POINT('',(7.294150694717,48.110480887463,
    -125.2787862902));
#930 = CARTESIAN_POINT('',(6.474487950103,48.790070135641,
    -124.9396982223));
#931 = CARTESIAN_POINT('',(5.581269061288,49.37597320262,-124.599932824)
  );
#932 = CARTESIAN_POINT('',(4.627026248086,49.858897362257,
    -124.2594772558));
#933 = CARTESIAN_POINT('',(3.625354761887,50.231527474751,
    -123.9182546194));
#934 = CARTESIAN_POINT('',(2.590838348697,50.488602328628,
    -123.5761875493));
#935 = CARTESIAN_POINT('',(1.538974889272,50.626958205443,
    -123.2332525475));
#936 = CARTESIAN_POINT('',(-1.328132243795E-02,50.655592811305,
    -122.7267034981));
#937 = CARTESIAN_POINT('',(-0.513104831095,50.638034986745,
    -122.5635277458));
#938 = CARTESIAN_POINT('',(-1.011524627163,50.593655408291,
    -122.4001180011));
#939 = CARTESIAN_POINT('',(-1.50694958582,50.522555729275,
    -122.2366346683));
#940 = CARTESIAN_POINT('',(-1.997585567438,50.424927386701,
    -122.0728634362));
#941 = CARTESIAN_POINT('',(-2.481883018631,50.30112303198,
    -121.9089802371));
#942 = CARTESIAN_POINT('',(-2.958152697203,50.151591993944,
    -121.7448879425));
#943 = CARTESIAN_POINT('',(-3.926308949704,49.789224457853,
    -121.4040894809));
#944 = CARTESIAN_POINT('',(-4.416734790699,49.572480518319,
    -121.2273398715));
#945 = CARTESIAN_POINT('',(-4.894074352537,49.327431971268,
    -121.0503837898));
#946 = CARTESIAN_POINT('',(-5.356404856077,49.054972515599,
    -120.8732215614));
#947 = CARTESIAN_POINT('',(-5.801884192058,48.756146056329,
    -120.6958490512));
#948 = CARTESIAN_POINT('',(-6.228753782441,48.432142027527,
    -120.5182618338));
#949 = CARTESIAN_POINT('',(-6.635345896728,48.084297383132,
    -120.3404595429));
#950 = CARTESIAN_POINT('',(-7.750876044193,47.010974480573,
    -119.8243456655));
#951 = CARTESIAN_POINT('',(-8.403276668097,46.226819703576,
    -119.4853010978));
#952 = CARTESIAN_POINT('',(-8.966002911015,45.372108978804,
    -119.1455634683));
#953 = CARTESIAN_POINT('',(-9.430137212194,44.458840007393,
    -118.8051203625));
#954 = CARTESIAN_POINT('',(-9.788661071504,43.500037552349,
    -118.463895281));
#955 = CARTESIAN_POINT('',(-10.03652190901,42.50967629782,-118.121808962
    ));
#956 = CARTESIAN_POINT('',(-10.17068700439,41.502609858872,
    -117.7788322085));
#957 = CARTESIAN_POINT('',(-10.21086491785,39.502833096291,
    -117.0971294644));
#958 = CARTESIAN_POINT('',(-10.12054374081,38.509212160402,
    -116.7581036266));
#959 = CARTESIAN_POINT('',(-9.919403582583,37.528766161586,
    -116.4183754069));
#960 = CARTESIAN_POINT('',(-9.609568510221,36.575960690345,
    -116.0779343591));
#961 = CARTESIAN_POINT('',(-9.19518986705,35.664660749118,-115.736705178
    ));
#962 = CARTESIAN_POINT('',(-8.682436659692,34.808030047095,
    -115.3946081942));
#963 = CARTESIAN_POINT('',(-8.079485974814,34.018439559543,
    -115.0516139961));
#964 = CARTESIAN_POINT('',(-6.725778425058,32.607014525131,
    -114.3699111838));
#965 = CARTESIAN_POINT('',(-5.976961142306,31.981999249186,
    -114.0309070794));
#966 = CARTESIAN_POINT('',(-5.160615537609,31.442670416035,
    -113.6911911635));
#967 = CARTESIAN_POINT('',(-4.288207289793,30.997563772467,
    -113.3507531824));
#968 = CARTESIAN_POINT('',(-3.372191772058,30.653395818163,
    -113.0095189533));
#969 = CARTESIAN_POINT('',(-2.425934593966,30.415004384417,
    -112.6674098972));
#970 = CARTESIAN_POINT('',(-1.46364200469,30.285286442648,
    -112.3243968224));
#971 = CARTESIAN_POINT('',(0.447071516397,30.243969269647,
    -111.6426923542));
#972 = CARTESIAN_POINT('',(1.396337420096,30.328795736219,
    -111.3037100012));
#973 = CARTESIAN_POINT('',(2.333089627078,30.519480722433,
    -110.9640064245));
#974 = CARTESIAN_POINT('',(3.243507538829,30.814003122706,-110.623571422
    ));
#975 = CARTESIAN_POINT('',(4.114342683398,31.208396410319,
    -110.2823308978));
#976 = CARTESIAN_POINT('',(4.933019102272,31.696767407779,
    -109.9402092131));
#977 = CARTESIAN_POINT('',(5.687722325414,32.271302812296,
    -109.5971804933));
#978 = CARTESIAN_POINT('',(6.717197433095,33.255778341567,
    -109.0769732116));
#979 = CARTESIAN_POINT('',(7.046924505962,33.609902868708,
    -108.9002487696));
#980 = CARTESIAN_POINT('',(7.355698828106,33.982813405033,
    -108.7233108574));
#981 = CARTESIAN_POINT('',(7.642242757033,34.373077548858,
    -108.5461548693));
#982 = CARTESIAN_POINT('',(7.905404187039,34.779170362179,
    -108.3687772723));
#983 = CARTESIAN_POINT('',(8.144154187276,35.199477253811,
    -108.1911758716));
#984 = CARTESIAN_POINT('',(8.357588320385,35.63229155129,-108.0133480483
    ));
#985 = CARTESIAN_POINT('',(8.741034001595,36.540008742267,
    -107.6489620372));
#986 = CARTESIAN_POINT('',(8.908573684603,37.015968075217,
    -107.4623689346));
#987 = CARTESIAN_POINT('',(9.046684433717,37.501636625471,
    -107.2755335647));
#988 = CARTESIAN_POINT('',(9.154677896421,37.994898580745,
    -107.0884559566));
#989 = CARTESIAN_POINT('',(9.232048188943,38.493589512962,
    -106.9011309813));
#990 = CARTESIAN_POINT('',(9.278470757991,38.995503341246,
    -106.7135534555));
#991 = CARTESIAN_POINT('',(9.293810292854,39.498398026851,
    -106.5257235142));
#992 = CARTESIAN_POINT('',(9.278137687862,40.,-106.3376522543));
#993 = PCURVE('',#232,#994);
#994 = DEFINITIONAL_REPRESENTATION('',(#995),#1068);
#995 = B_SPLINE_CURVE_WITH_KNOTS('',8,(#996,#997,#998,#999,#1000,#1001,
    #1002,#1003,#1004,#1005,#1006,#1007,#1008,#1009,#1010,#1011,#1012,
    #1013,#1014,#1015,#1016,#1017,#1018,#1019,#1020,#1021,#1022,#1023,
    #1024,#1025,#1026,#1027,#1028,#1029,#1030,#1031,#1032,#1033,#1034,
    #1035,#1036,#1037,#1038,#1039,#1040,#1041,#1042,#1043,#1044,#1045,
    #1046,#1047,#1048,#1049,#1050,#1051,#1052,#1053,#1054,#1055,#1056,
    #1057,#1058,#1059,#1060,#1061,#1062,#1063,#1064,#1065,#1066,#1067),
  .UNSPECIFIED.,.F.,.F.,(9,7,7,7,7,7,7,7,7,7,9),(0.,0.12478345009,
    0.254755462929,0.316422747029,0.382696472743,0.508574611884,
    0.632421280787,0.754249505833,0.874072314177,0.935602720858,1.),
  .UNSPECIFIED.);
#996 = CARTESIAN_POINT('',(0.,-22.80464099557));
#997 = CARTESIAN_POINT('',(-9.19518258971E-02,-23.12452013212));
#998 = CARTESIAN_POINT('',(-0.184134494521,-23.44520241856));
#999 = CARTESIAN_POINT('',(-0.276492537948,-23.76649465003));
#1000 = CARTESIAN_POINT('',(-0.36902791667,-24.08840322782));
#1001 = CARTESIAN_POINT('',(-0.461757888439,-24.4109876521));
#1002 = CARTESIAN_POINT('',(-0.55470061684,-24.73431114721));
#1003 = CARTESIAN_POINT('',(-0.647862210531,-25.05839594839));
#1004 = CARTESIAN_POINT('',(-0.838395662815,-25.72121370977));
#1005 = CARTESIAN_POINT('',(-0.935869580448,-26.06030177765));
#1006 = CARTESIAN_POINT('',(-1.033537626339,-26.40006717592));
#1007 = CARTESIAN_POINT('',(-1.131403222615,-26.74052274411));
#1008 = CARTESIAN_POINT('',(-1.229488430398,-27.08174538058));
#1009 = CARTESIAN_POINT('',(-1.327816580136,-27.42381245069));
#1010 = CARTESIAN_POINT('',(-1.426396880846,-27.76674745246));
#1011 = CARTESIAN_POINT('',(-1.57201732703,-28.2732965018));
#1012 = CARTESIAN_POINT('',(-1.618928707703,-28.43647225417));
#1013 = CARTESIAN_POINT('',(-1.665887549325,-28.59988199889));
#1014 = CARTESIAN_POINT('',(-1.712902564961,-28.76336533166));
#1015 = CARTESIAN_POINT('',(-1.759962930084,-28.92713656371));
#1016 = CARTESIAN_POINT('',(-1.807079275045,-29.09101976286));
#1017 = CARTESIAN_POINT('',(-1.854246627437,-29.25511205748));
#1018 = CARTESIAN_POINT('',(-1.952210312972,-29.59591051904));
#1019 = CARTESIAN_POINT('',(-2.003017600925,-29.77266012844));
#1020 = CARTESIAN_POINT('',(-2.053884349178,-29.94961621017));
#1021 = CARTESIAN_POINT('',(-2.104810535335,-30.12677843851));
#1022 = CARTESIAN_POINT('',(-2.155797381325,-30.30415094879));
#1023 = CARTESIAN_POINT('',(-2.206846155546,-30.48173816614));
#1024 = CARTESIAN_POINT('',(-2.257956932572,-30.65954045704));
#1025 = CARTESIAN_POINT('',(-2.406318646383,-31.17565433445));
#1026 = CARTESIAN_POINT('',(-2.5037806445,-31.51469890215));
#1027 = CARTESIAN_POINT('',(-2.601442089855,-31.85443653165));
#1028 = CARTESIAN_POINT('',(-2.699306106334,-32.19487963742));
#1029 = CARTESIAN_POINT('',(-2.797394419733,-32.53610471893));
#1030 = CARTESIAN_POINT('',(-2.895729941662,-32.87819103793));
#1031 = CARTESIAN_POINT('',(-2.994321245123,-33.22116779147));
#1032 = CARTESIAN_POINT('',(-3.190281881427,-33.90287053552));
#1033 = CARTESIAN_POINT('',(-3.287737408483,-34.24189637337));
#1034 = CARTESIAN_POINT('',(-3.385394954811,-34.58162459304));
#1035 = CARTESIAN_POINT('',(-3.483257636543,-34.9220656408));
#1036 = CARTESIAN_POINT('',(-3.581347047106,-35.26329482199));
#1037 = CARTESIAN_POINT('',(-3.679685914109,-35.60539180576));
#1038 = CARTESIAN_POINT('',(-3.778282625167,-35.94838600388));
#1039 = CARTESIAN_POINT('',(-3.974243989681,-36.63008881619));
#1040 = CARTESIAN_POINT('',(-4.07169358628,-36.96909292051));
#1041 = CARTESIAN_POINT('',(-4.169347743353,-37.30880883647));
#1042 = CARTESIAN_POINT('',(-4.267209476184,-37.6492468176));
#1043 = CARTESIAN_POINT('',(-4.365300278603,-37.99048104666));
#1044 = CARTESIAN_POINT('',(-4.463642763101,-38.33259010271));
#1045 = CARTESIAN_POINT('',(-4.562245115964,-38.67560317752));
#1046 = CARTESIAN_POINT('',(-4.75820722914,-39.35730764573));
#1047 = CARTESIAN_POINT('',(-4.855650634033,-39.69628999873));
#1048 = CARTESIAN_POINT('',(-4.953301074152,-40.03599357544));
#1049 = CARTESIAN_POINT('',(-5.051161422004,-40.37642857798));
#1050 = CARTESIAN_POINT('',(-5.149253041018,-40.71766910212));
#1051 = CARTESIAN_POINT('',(-5.247598565478,-41.05979078685));
#1052 = CARTESIAN_POINT('',(-5.346206349864,-41.4028195067));
#1053 = CARTESIAN_POINT('',(-5.495744785452,-41.92302678838));
#1054 = CARTESIAN_POINT('',(-5.546545346507,-42.09975123039));
#1055 = CARTESIAN_POINT('',(-5.597408478193,-42.27668914258));
#1056 = CARTESIAN_POINT('',(-5.648333732983,-42.45384513063));
#1057 = CARTESIAN_POINT('',(-5.699322281224,-42.63122272763));
#1058 = CARTESIAN_POINT('',(-5.750375536975,-42.80882412838));
#1059 = CARTESIAN_POINT('',(-5.801493473367,-42.98665195165));
#1060 = CARTESIAN_POINT('',(-5.906238962113,-43.35103796272));
#1061 = CARTESIAN_POINT('',(-5.959876479266,-43.53763106538));
#1062 = CARTESIAN_POINT('',(-6.013583623158,-43.72446643523));
#1063 = CARTESIAN_POINT('',(-6.067360444897,-43.91154404335));
#1064 = CARTESIAN_POINT('',(-6.12120845955,-44.0988690186));
#1065 = CARTESIAN_POINT('',(-6.175129168898,-44.28644654444));
#1066 = CARTESIAN_POINT('',(-6.229122521088,-44.47427648575));
#1067 = CARTESIAN_POINT('',(-6.28318530718,-44.66234774566));
#1068 = ( GEOMETRIC_REPRESENTATION_CONTEXT(2) 
PARAMETRIC_REPRESENTATION_CONTEXT() REPRESENTATION_CONTEXT('2D SPACE',''
  ) );
#1069 = PCURVE('',#688,#1070);
#1070 = DEFINITIONAL_REPRESENTATION('',(#1071),#1144);
#1071 = B_SPLINE_CURVE_WITH_KNOTS('',8,(#1072,#1073,#1074,#1075,#1076,
    #1077,#1078,#1079,#1080,#1081,#1082,#1083,#1084,#1085,#1086,#1087,
    #1088,#1089,#1090,#1091,#1092,#1093,#1094,#1095,#1096,#1097,#1098,
    #1099,#1100,#1101,#1102,#1103,#1104,#1105,#1106,#1107,#1108,#1109,
    #1110,#1111,#1112,#1113,#1114,#1115,#1116,#1117,#1118,#1119,#1120,
    #1121,#1122,#1123,#1124,#1125,#1126,#1127,#1128,#1129,#1130,#1131,
    #1132,#1133,#1134,#1135,#1136,#1137,#1138,#1139,#1140,#1141,#1142,
    #1143),.UNSPECIFIED.,.F.,.F.,(9,7,7,7,7,7,7,7,7,7,9),(0.,
    0.12478345009,0.254755462929,0.316422747029,0.382696472743,
    0.508574611884,0.632421280787,0.754249505833,0.874072314177,
    0.935602720858,1.),.UNSPECIFIED.);
#1072 = CARTESIAN_POINT('',(0.,-22.80464099557));
#1073 = CARTESIAN_POINT('',(-9.19518258971E-02,-23.12452013212));
#1074 = CARTESIAN_POINT('',(-0.184134494521,-23.44520241856));
#1075 = CARTESIAN_POINT('',(-0.276492537948,-23.76649465003));
#1076 = CARTESIAN_POINT('',(-0.36902791667,-24.08840322782));
#1077 = CARTESIAN_POINT('',(-0.461757888439,-24.4109876521));
#1078 = CARTESIAN_POINT('',(-0.55470061684,-24.73431114721));
#1079 = CARTESIAN_POINT('',(-0.647862210531,-25.05839594839));
#1080 = CARTESIAN_POINT('',(-0.838395662815,-25.72121370977));
#1081 = CARTESIAN_POINT('',(-0.935869580448,-26.06030177765));
#1082 = CARTESIAN_POINT('',(-1.033537626339,-26.40006717592));
#1083 = CARTESIAN_POINT('',(-1.131403222615,-26.74052274411));
#1084 = CARTESIAN_POINT('',(-1.229488430398,-27.08174538058));
#1085 = CARTESIAN_POINT('',(-1.327816580136,-27.42381245069));
#1086 = CARTESIAN_POINT('',(-1.426396880846,-27.76674745246));
#1087 = CARTESIAN_POINT('',(-1.57201732703,-28.2732965018));
#1088 = CARTESIAN_POINT('',(-1.618928707703,-28.43647225417));
#1089 = CARTESIAN_POINT('',(-1.665887549325,-28.59988199889));
#1090 = CARTESIAN_POINT('',(-1.712902564961,-28.76336533166));
#1091 = CARTESIAN_POINT('',(-1.759962930084,-28.92713656371));
#1092 = CARTESIAN_POINT('',(-1.807079275045,-29.09101976286));
#1093 = CARTESIAN_POINT('',(-1.854246627437,-29.25511205748));
#1094 = CARTESIAN_POINT('',(-1.952210312972,-29.59591051904));
#1095 = CARTESIAN_POINT('',(-2.003017600925,-29.77266012844));
#1096 = CARTESIAN_POINT('',(-2.053884349178,-29.94961621017));
#1097 = CARTESIAN_POINT('',(-2.104810535335,-30.12677843851));
#1098 = CARTESIAN_POINT('',(-2.155797381325,-30.30415094879));
#1099 = CARTESIAN_POINT('',(-2.206846155546,-30.48173816614));
#1100 = CARTESIAN_POINT('',(-2.257956932572,-30.65954045704));
#1101 = CARTESIAN_POINT('',(-2.406318646383,-31.17565433445));
#1102 = CARTESIAN_POINT('',(-2.5037806445,-31.51469890215));
#1103 = CARTESIAN_POINT('',(-2.601442089855,-31.85443653165));
#1104 = CARTESIAN_POINT('',(-2.699306106334,-32.19487963742));
#1105 = CARTESIAN_POINT('',(-2.797394419733,-32.53610471893));
#1106 = CARTESIAN_POINT('',(-2.895729941662,-32.87819103793));
#1107 = CARTESIAN_POINT('',(-2.994321245123,-33.22116779147));
#1108 = CARTESIAN_POINT('',(-3.190281881427,-33.90287053552));
#1109 = CARTESIAN_POINT('',(-3.287737408483,-34.24189637337));
#1110 = CARTESIAN_POINT('',(-3.385394954811,-34.58162459304));
#1111 = CARTESIAN_POINT('',(-3.483257636543,-34.9220656408));
#1112 = CARTESIAN_POINT('',(-3.581347047106,-35.26329482199));
#1113 = CARTESIAN_POINT('',(-3.679685914109,-35.60539180576));
#1114 = CARTESIAN_POINT('',(-3.778282625167,-35.94838600388));
#1115 = CARTESIAN_POINT('',(-3.974243989681,-36.63008881619));
#1116 = CARTESIAN_POINT('',(-4.07169358628,-36.96909292051));
#1117 = CARTESIAN_POINT('',(-4.169347743353,-37.30880883647));
#1118 = CARTESIAN_POINT('',(-4.267209476184,-37.6492468176));
#1119 = CARTESIAN_POINT('',(-4.365300278603,-37.99048104666));
#1120 = CARTESIAN_POINT('',(-4.463642763101,-38.33259010271));
#1121 = CARTESIAN_POINT('',(-4.562245115964,-38.67560317752));
#1122 = CARTESIAN_POINT('',(-4.75820722914,-39.35730764573));
#1123 = CARTESIAN_POINT('',(-4.855650634033,-39.69628999873));
#1124 = CARTESIAN_POINT('',(-4.953301074152,-40.03599357544));
#1125 = CARTESIAN_POINT('',(-5.051161422004,-40.37642857798));
#1126 = CARTESIAN_POINT('',(-5.149253041018,-40.71766910212));
#1127 = CARTESIAN_POINT('',(-5.247598565478,-41.05979078685));
#1128 = CARTESIAN_POINT('',(-5.346206349864,-41.4028195067));
#1129 = CARTESIAN_POINT('',(-5.495744785452,-41.92302678838));
#1130 = CARTESIAN_POINT('',(-5.546545346507,-42.09975123039));
#1131 = CARTESIAN_POINT('',(-5.597408478193,-42.27668914258));
#1132 = CARTESIAN_POINT('',(-5.648333732983,-42.45384513063));
#1133 = CARTESIAN_POINT('',(-5.699322281224,-42.63122272763));
#1134 = CARTESIAN_POINT('',(-5.750375536975,-42.80882412838));
#1135 = CARTESIAN_POINT('',(-5.801493473367,-42.98665195165));
#1136 = CARTESIAN_POINT('',(-5.906238962113,-43.35103796272));
#1137 = CARTESIAN_POINT('',(-5.959876479266,-43.53763106538));
#1138 = CARTESIAN_POINT('',(-6.013583623158,-43.72446643523));
#1139 = CARTESIAN_POINT('',(-6.067360444897,-43.91154404335));
#1140 = CARTESIAN_POINT('',(-6.12120845955,-44.0988690186));
#1141 = CARTESIAN_POINT('',(-6.175129168898,-44.28644654444));
#1142 = CARTESIAN_POINT('',(-6.229122521088,-44.47427648575));
#1143 = CARTESIAN_POINT('',(-6.28318530718,-44.66234774566));
#1144 = ( GEOMETRIC_REPRESENTATION_CONTEXT(2) 
PARAMETRIC_REPRESENTATION_CONTEXT() REPRESENTATION_CONTEXT('2D SPACE',''
  ) );
#1145 = ORIENTED_EDGE('',*,*,#216,.F.);
#1146 = ADVANCED_FACE('',(#1147,#1178),#516,.T.);
#1147 = FACE_BOUND('',#1148,.T.);
#1148 = EDGE_LOOP('',(#1149));
#1149 = ORIENTED_EDGE('',*,*,#1150,.T.);
#1150 = EDGE_CURVE('',#1151,#1151,#1153,.T.);
#1151 = VERTEX_POINT('',#1152);
#1152 = CARTESIAN_POINT('',(7.,40.,-38.));
#1153 = SURFACE_CURVE('',#1154,(#1159,#1166),.PCURVE_S1.);
#1154 = CIRCLE('',#1155,7.);
#1155 = AXIS2_PLACEMENT_3D('',#1156,#1157,#1158);
#1156 = CARTESIAN_POINT('',(0.,40.,-38.));
#1157 = DIRECTION('',(0.,0.,1.));
#1158 = DIRECTION('',(1.,0.,0.));
#1159 = PCURVE('',#516,#1160);
#1160 = DEFINITIONAL_REPRESENTATION('',(#1161),#1165);
#1161 = CIRCLE('',#1162,7.);
#1162 = AXIS2_PLACEMENT_2D('',#1163,#1164);
#1163 = CARTESIAN_POINT('',(1.953485903628E-16,0.));
#1164 = DIRECTION('',(1.,0.));
#1165 = ( GEOMETRIC_REPRESENTATION_CONTEXT(2) 
PARAMETRIC_REPRESENTATION_CONTEXT() REPRESENTATION_CONTEXT('2D SPACE',''
  ) );
#1166 = PCURVE('',#1167,#1172);
#1167 = CYLINDRICAL_SURFACE('',#1168,7.);
#1168 = AXIS2_PLACEMENT_3D('',#1169,#1170,#1171);
#1169 = CARTESIAN_POINT('',(0.,40.,-41.5));
#1170 = DIRECTION('',(-0.,-0.,-1.));
#1171 = DIRECTION('',(1.,0.,0.));
#1172 = DEFINITIONAL_REPRESENTATION('',(#1173),#1177);
#1173 = LINE('',#1174,#1175);
#1174 = CARTESIAN_POINT('',(-0.,-3.5));
#1175 = VECTOR('',#1176,1.);
#1176 = DIRECTION('',(-1.,0.));
#1177 = ( GEOMETRIC_REPRESENTATION_CONTEXT(2) 
PARAMETRIC_REPRESENTATION_CONTEXT() REPRESENTATION_CONTEXT('2D SPACE',''
  ) );
#1178 = FACE_BOUND('',#1179,.T.);
#1179 = EDGE_LOOP('',(#1180,#1181,#1182,#1183));
#1180 = ORIENTED_EDGE('',*,*,#622,.T.);
#1181 = ORIENTED_EDGE('',*,*,#647,.T.);
#1182 = ORIENTED_EDGE('',*,*,#501,.T.);
#1183 = ORIENTED_EDGE('',*,*,#575,.T.);
#1184 = ADVANCED_FACE('',(#1185),#688,.T.);
#1185 = FACE_BOUND('',#1186,.T.);
#1186 = EDGE_LOOP('',(#1187,#1188,#1216,#1444));
#1187 = ORIENTED_EDGE('',*,*,#918,.T.);
#1188 = ORIENTED_EDGE('',*,*,#1189,.T.);
#1189 = EDGE_CURVE('',#891,#1190,#1192,.T.);
#1190 = VERTEX_POINT('',#1191);
#1191 = CARTESIAN_POINT('',(8.885976857995,40.,-101.6317222959));
#1192 = SURFACE_CURVE('',#1193,(#1197,#1204),.PCURVE_S1.);
#1193 = LINE('',#1194,#1195);
#1194 = CARTESIAN_POINT('',(13.,40.,-151.));
#1195 = VECTOR('',#1196,1.);
#1196 = DIRECTION('',(-8.304547985374E-02,0.,0.996545758245));
#1197 = PCURVE('',#688,#1198);
#1198 = DEFINITIONAL_REPRESENTATION('',(#1199),#1203);
#1199 = LINE('',#1200,#1201);
#1200 = CARTESIAN_POINT('',(-6.28318530718,-0.));
#1201 = VECTOR('',#1202,1.);
#1202 = DIRECTION('',(-0.,-1.));
#1203 = ( GEOMETRIC_REPRESENTATION_CONTEXT(2) 
PARAMETRIC_REPRESENTATION_CONTEXT() REPRESENTATION_CONTEXT('2D SPACE',''
  ) );
#1204 = PCURVE('',#1205,#1210);
#1205 = CONICAL_SURFACE('',#1206,13.,8.314123188844E-02);
#1206 = AXIS2_PLACEMENT_3D('',#1207,#1208,#1209);
#1207 = CARTESIAN_POINT('',(0.,40.,-151.));
#1208 = DIRECTION('',(-0.,-0.,-1.));
#1209 = DIRECTION('',(1.,0.,-0.));
#1210 = DEFINITIONAL_REPRESENTATION('',(#1211),#1215);
#1211 = LINE('',#1212,#1213);
#1212 = CARTESIAN_POINT('',(-0.,-0.));
#1213 = VECTOR('',#1214,1.);
#1214 = DIRECTION('',(-0.,-1.));
#1215 = ( GEOMETRIC_REPRESENTATION_CONTEXT(2) 
PARAMETRIC_REPRESENTATION_CONTEXT() REPRESENTATION_CONTEXT('2D SPACE',''
  ) );
#1216 = ORIENTED_EDGE('',*,*,#1217,.F.);
#1217 = EDGE_CURVE('',#673,#1190,#1218,.T.);
#1218 = SURFACE_CURVE('',#1219,(#1292,#1368),.PCURVE_S1.);
#1219 = B_SPLINE_CURVE_WITH_KNOTS('',8,(#1220,#1221,#1222,#1223,#1224,
    #1225,#1226,#1227,#1228,#1229,#1230,#1231,#1232,#1233,#1234,#1235,
    #1236,#1237,#1238,#1239,#1240,#1241,#1242,#1243,#1244,#1245,#1246,
    #1247,#1248,#1249,#1250,#1251,#1252,#1253,#1254,#1255,#1256,#1257,
    #1258,#1259,#1260,#1261,#1262,#1263,#1264,#1265,#1266,#1267,#1268,
    #1269,#1270,#1271,#1272,#1273,#1274,#1275,#1276,#1277,#1278,#1279,
    #1280,#1281,#1282,#1283,#1284,#1285,#1286,#1287,#1288,#1289,#1290,
    #1291),.UNSPECIFIED.,.F.,.F.,(9,7,7,7,7,7,7,7,7,7,9),(0.,
    0.123610553807,0.247205116612,0.308529524407,0.369854054433,
    0.496540763639,0.621133368528,0.743646788395,0.868867697986,
    0.935388464368,1.),.UNSPECIFIED.);
#1220 = CARTESIAN_POINT('',(10.731324903836,40.,-123.775898846));
#1221 = CARTESIAN_POINT('',(10.704324055826,40.986576381928,
    -123.4518886699));
#1222 = CARTESIAN_POINT('',(10.573596783441,41.97000213672,
    -123.1270499661));
#1223 = CARTESIAN_POINT('',(10.339274869073,42.936935926448,
    -122.8015743747));
#1224 = CARTESIAN_POINT('',(10.003702806265,43.874599432034,
    -122.4754559414));
#1225 = CARTESIAN_POINT('',(9.570928085126,44.770773210507,
    -122.1486349928));
#1226 = CARTESIAN_POINT('',(9.046683524932,45.613870398757,
    -121.8210476865));
#1227 = CARTESIAN_POINT('',(8.438386985154,46.393013594703,
    -121.4926717628));
#1228 = CARTESIAN_POINT('',(7.07282105607,47.803787661286,
    -120.8347557453));
#1229 = CARTESIAN_POINT('',(6.315026797893,48.435999790416,
    -120.5049538298));
#1230 = CARTESIAN_POINT('',(5.491527376017,48.985084060132,
    -120.1744892403));
#1231 = CARTESIAN_POINT('',(4.612976307847,49.443037784438,
    -119.8433535295));
#1232 = CARTESIAN_POINT('',(3.690932684316,49.803486741902,
    -119.5114827569));
#1233 = CARTESIAN_POINT('',(2.737791149011,50.061733110611,
    -119.1788126069));
#1234 = CARTESIAN_POINT('',(1.766726311453,50.21480984421,
    -118.8453250773));
#1235 = CARTESIAN_POINT('',(0.307944515534,50.285574439446,
    -118.3454511949));
#1236 = CARTESIAN_POINT('',(-0.176371924243,50.282980226834,
    -118.1796879663));
#1237 = CARTESIAN_POINT('',(-0.659534741634,50.254328028869,
    -118.0138805924));
#1238 = CARTESIAN_POINT('',(-1.13997645301,50.199770428609,
    -117.8481234982));
#1239 = CARTESIAN_POINT('',(-1.616022366363,50.119556815075,
    -117.6823337864));
#1240 = CARTESIAN_POINT('',(-2.086128076932,50.014072645489,
    -117.5165536232));
#1241 = CARTESIAN_POINT('',(-2.548724334531,49.883810600304,
    -117.3507693482));
#1242 = CARTESIAN_POINT('',(-3.455870082661,49.574967914167,
    -117.0192104286));
#1243 = CARTESIAN_POINT('',(-3.900442879453,49.396379000963,
    -116.8534270004));
#1244 = CARTESIAN_POINT('',(-4.334496451776,49.194236021499,
    -116.6876458251));
#1245 = CARTESIAN_POINT('',(-4.756579138747,48.969263406642,
    -116.5218673298));
#1246 = CARTESIAN_POINT('',(-5.165305207369,48.72228789189,
    -116.356089119));
#1247 = CARTESIAN_POINT('',(-5.559356057685,48.454233784583,
    -116.1903088006));
#1248 = CARTESIAN_POINT('',(-5.93748373949,48.166122274595,
    -116.0245268324));
#1249 = CARTESIAN_POINT('',(-7.044353526074,47.224763598998,
    -115.5162796026));
#1250 = CARTESIAN_POINT('',(-7.719385388534,46.507810925497,
    -115.1728422298));
#1251 = CARTESIAN_POINT('',(-8.312137091186,45.717639323683,
    -114.8286813317));
#1252 = CARTESIAN_POINT('',(-8.813313678719,44.86528874978,
    -114.4837852604));
#1253 = CARTESIAN_POINT('',(-9.215394427178,43.962906917298,
    -114.1380776349));
#1254 = CARTESIAN_POINT('',(-9.512697843507,43.02367151026,
    -113.7914789908));
#1255 = CARTESIAN_POINT('',(-9.701446861341,42.061724145784,
    -113.4439605384));
#1256 = CARTESIAN_POINT('',(-9.858281184786,40.138727270972,
    -112.7533198638));
#1257 = CARTESIAN_POINT('',(-9.83003456674,39.177041695633,
    -112.4099026821));
#1258 = CARTESIAN_POINT('',(-9.694362242015,38.22158411769,
    -112.0657523573));
#1259 = CARTESIAN_POINT('',(-9.452466384406,37.286403089713,
    -111.7208588981));
#1260 = CARTESIAN_POINT('',(-9.107543750962,36.385088847258,
    -111.3751469528));
#1261 = CARTESIAN_POINT('',(-8.66477415989,35.530673294611,
    -111.0285368673));
#1262 = CARTESIAN_POINT('',(-8.13132227608,34.735534325456,
    -110.6810000079));
#1263 = CARTESIAN_POINT('',(-6.912670912,33.298372972752,-109.9903572115
    ));
#1264 = CARTESIAN_POINT('',(-6.229599501156,32.653364841229,
    -109.646961057));
#1265 = CARTESIAN_POINT('',(-5.476636964173,32.086814001222,
    -109.3028224447));
#1266 = CARTESIAN_POINT('',(-4.664312867903,31.607592708294,
    -108.9579318406));
#1267 = CARTESIAN_POINT('',(-3.804220957299,31.222876851482,
    -108.6122151611));
#1268 = CARTESIAN_POINT('',(-2.90893855891,30.938088068651,
    -108.2655937041));
#1269 = CARTESIAN_POINT('',(-1.991962063723,30.756820801209,
    -107.918038944));
#1270 = CARTESIAN_POINT('',(-0.123063434524,30.601778913756,
    -107.2138321063));
#1271 = CARTESIAN_POINT('',(0.830127508082,30.632599976747,
    -106.8567931995));
#1272 = CARTESIAN_POINT('',(1.776355844368,30.774144415019,
    -106.4989525069));
#1273 = CARTESIAN_POINT('',(2.700563886365,31.025003392322,
    -106.1402965515));
#1274 = CARTESIAN_POINT('',(3.588231996583,31.381558841386,
    -105.7807373822));
#1275 = CARTESIAN_POINT('',(4.425501160582,31.837998461836,
    -105.4201852636));
#1276 = CARTESIAN_POINT('',(5.199277596728,32.386322683582,
    -105.0586059926));
#1277 = CARTESIAN_POINT('',(6.268927033687,33.35009758004,
    -104.5037960949));
#1278 = CARTESIAN_POINT('',(6.618907131529,33.707446113578,
    -104.311044313));
#1279 = CARTESIAN_POINT('',(6.946053998225,34.086241466842,
    -104.1180320547));
#1280 = CARTESIAN_POINT('',(7.248808616514,34.484807077079,
    -103.9247664168));
#1281 = CARTESIAN_POINT('',(7.525750911505,34.901326109871,
    -103.7312266857));
#1282 = CARTESIAN_POINT('',(7.775637709637,35.333881157247,
    -103.5374211084));
#1283 = CARTESIAN_POINT('',(7.997373991226,35.780425375761,
    -103.3433409919));
#1284 = CARTESIAN_POINT('',(8.377208444771,36.68401684573,
    -102.9602381876));
#1285 = CARTESIAN_POINT('',(8.536965477971,37.140431007294,
    -102.7712145214));
#1286 = CARTESIAN_POINT('',(8.668490718865,37.606065636724,
    -102.5819395009));
#1287 = CARTESIAN_POINT('',(8.771131808033,38.078890319769,
    -102.3924130943));
#1288 = CARTESIAN_POINT('',(8.844411522551,38.556828309435,-102.20263018
    ));
#1289 = CARTESIAN_POINT('',(8.888026886755,39.037763580323,
    -102.0125855754));
#1290 = CARTESIAN_POINT('',(8.901856610942,39.51954676894,
    -101.8222793312));
#1291 = CARTESIAN_POINT('',(8.885976857995,40.,-101.6317222959));
#1292 = PCURVE('',#688,#1293);
#1293 = DEFINITIONAL_REPRESENTATION('',(#1294),#1367);
#1294 = B_SPLINE_CURVE_WITH_KNOTS('',8,(#1295,#1296,#1297,#1298,#1299,
    #1300,#1301,#1302,#1303,#1304,#1305,#1306,#1307,#1308,#1309,#1310,
    #1311,#1312,#1313,#1314,#1315,#1316,#1317,#1318,#1319,#1320,#1321,
    #1322,#1323,#1324,#1325,#1326,#1327,#1328,#1329,#1330,#1331,#1332,
    #1333,#1334,#1335,#1336,#1337,#1338,#1339,#1340,#1341,#1342,#1343,
    #1344,#1345,#1346,#1347,#1348,#1349,#1350,#1351,#1352,#1353,#1354,
    #1355,#1356,#1357,#1358,#1359,#1360,#1361,#1362,#1363,#1364,#1365,
    #1366),.UNSPECIFIED.,.F.,.F.,(9,7,7,7,7,7,7,7,7,7,9),(0.,
    0.123610553807,0.247205116612,0.308529524407,0.369854054433,
    0.496540763639,0.621133368528,0.743646788395,0.868867697986,
    0.935388464368,1.),.UNSPECIFIED.);
#1295 = CARTESIAN_POINT('',(0.,-27.22410115397));
#1296 = CARTESIAN_POINT('',(-9.1934257025E-02,-27.54811133009));
#1297 = CARTESIAN_POINT('',(-0.184103614012,-27.87295003386));
#1298 = CARTESIAN_POINT('',(-0.276453822493,-28.19842562529));
#1299 = CARTESIAN_POINT('',(-0.368986729432,-28.52454405858));
#1300 = CARTESIAN_POINT('',(-0.461719399948,-28.85136500712));
#1301 = CARTESIAN_POINT('',(-0.554669810731,-29.17895231341));
#1302 = CARTESIAN_POINT('',(-0.647843906631,-29.50732823714));
#1303 = CARTESIAN_POINT('',(-0.834521714054,-30.16524425466));
#1304 = CARTESIAN_POINT('',(-0.928099715968,-30.49504617018));
#1305 = CARTESIAN_POINT('',(-1.021865107269,-30.82551075961));
#1306 = CARTESIAN_POINT('',(-1.115820119066,-31.15664647049));
#1307 = CARTESIAN_POINT('',(-1.209983005829,-31.48851724302));
#1308 = CARTESIAN_POINT('',(-1.304373145585,-31.82118739308));
#1309 = CARTESIAN_POINT('',(-1.398997347363,-32.15467492266));
#1310 = CARTESIAN_POINT('',(-1.540837378441,-32.65454880509));
#1311 = CARTESIAN_POINT('',(-1.587877688312,-32.82031203368));
#1312 = CARTESIAN_POINT('',(-1.634914420539,-32.98611940756));
#1313 = CARTESIAN_POINT('',(-1.681954123699,-33.15187650179));
#1314 = CARTESIAN_POINT('',(-1.728991102944,-33.31766621354));
#1315 = CARTESIAN_POINT('',(-1.776029846657,-33.48344637671));
#1316 = CARTESIAN_POINT('',(-1.823068666638,-33.64923065172));
#1317 = CARTESIAN_POINT('',(-1.917143709395,-33.98078957131));
#1318 = CARTESIAN_POINT('',(-1.964182344491,-34.14657299951));
#1319 = CARTESIAN_POINT('',(-2.011220405893,-34.31235417486));
#1320 = CARTESIAN_POINT('',(-2.058257826897,-34.47813267013));
#1321 = CARTESIAN_POINT('',(-2.105295314577,-34.64391088093));
#1322 = CARTESIAN_POINT('',(-2.152333549354,-34.80969119938));
#1323 = CARTESIAN_POINT('',(-2.199372384198,-34.97547316755));
#1324 = CARTESIAN_POINT('',(-2.343582353706,-35.48372039737));
#1325 = CARTESIAN_POINT('',(-2.441029667977,-35.82715777013));
#1326 = CARTESIAN_POINT('',(-2.538682527861,-36.17131866825));
#1327 = CARTESIAN_POINT('',(-2.63654385206,-36.51621473951));
#1328 = CARTESIAN_POINT('',(-2.734635092354,-36.86192236503));
#1329 = CARTESIAN_POINT('',(-2.832978907395,-37.2085210091));
#1330 = CARTESIAN_POINT('',(-2.931583595445,-37.55603946156));
#1331 = CARTESIAN_POINT('',(-3.12754556307,-38.24668013619));
#1332 = CARTESIAN_POINT('',(-3.224986534573,-38.59009731787));
#1333 = CARTESIAN_POINT('',(-3.32263560761,-38.93424764269));
#1334 = CARTESIAN_POINT('',(-3.420495678507,-39.27914110184));
#1335 = CARTESIAN_POINT('',(-3.518588048521,-39.62485304716));
#1336 = CARTESIAN_POINT('',(-3.616935177867,-39.97146313268));
#1337 = CARTESIAN_POINT('',(-3.71554516969,-40.31899999207));
#1338 = CARTESIAN_POINT('',(-3.911507807742,-41.00964278842));
#1339 = CARTESIAN_POINT('',(-4.008942801991,-41.35303894291));
#1340 = CARTESIAN_POINT('',(-4.106588446032,-41.6971775553));
#1341 = CARTESIAN_POINT('',(-4.204447541958,-42.04206815935));
#1342 = CARTESIAN_POINT('',(-4.302541276041,-42.3877848388));
#1343 = CARTESIAN_POINT('',(-4.400891972315,-42.7344062958));
#1344 = CARTESIAN_POINT('',(-4.499507510442,-43.08196105591));
#1345 = CARTESIAN_POINT('',(-4.699319593124,-43.78616789362));
#1346 = CARTESIAN_POINT('',(-4.800625892341,-44.14320680049));
#1347 = CARTESIAN_POINT('',(-4.90215935943,-44.50104749301));
#1348 = CARTESIAN_POINT('',(-5.003923739154,-44.85970344841));
#1349 = CARTESIAN_POINT('',(-5.105943990152,-45.21926261777));
#1350 = CARTESIAN_POINT('',(-5.20824659209,-45.57981473632));
#1351 = CARTESIAN_POINT('',(-5.310841953188,-45.94139400738));
#1352 = CARTESIAN_POINT('',(-5.468264248122,-46.49620390504));
#1353 = CARTESIAN_POINT('',(-5.522955480597,-46.68895568691));
#1354 = CARTESIAN_POINT('',(-5.577720356069,-46.88196794522));
#1355 = CARTESIAN_POINT('',(-5.632559617519,-47.07523358315));
#1356 = CARTESIAN_POINT('',(-5.687473234084,-47.26877331426));
#1357 = CARTESIAN_POINT('',(-5.742464256754,-47.46257889153));
#1358 = CARTESIAN_POINT('',(-5.797532212163,-47.65665900802));
#1359 = CARTESIAN_POINT('',(-5.906233288476,-48.03976181231));
#1360 = CARTESIAN_POINT('',(-5.959866547603,-48.22878547856));
#1361 = CARTESIAN_POINT('',(-6.013571126362,-48.41806049901));
#1362 = CARTESIAN_POINT('',(-6.067347092077,-48.60758690568));
#1363 = CARTESIAN_POINT('',(-6.121195930563,-48.79736981991));
#1364 = CARTESIAN_POINT('',(-6.175119113706,-48.98741442458));
#1365 = CARTESIAN_POINT('',(-6.229116605591,-49.1777206687));
#1366 = CARTESIAN_POINT('',(-6.28318530718,-49.36827770406));
#1367 = ( GEOMETRIC_REPRESENTATION_CONTEXT(2) 
PARAMETRIC_REPRESENTATION_CONTEXT() REPRESENTATION_CONTEXT('2D SPACE',''
  ) );
#1368 = PCURVE('',#906,#1369);
#1369 = DEFINITIONAL_REPRESENTATION('',(#1370),#1443);
#1370 = B_SPLINE_CURVE_WITH_KNOTS('',8,(#1371,#1372,#1373,#1374,#1375,
    #1376,#1377,#1378,#1379,#1380,#1381,#1382,#1383,#1384,#1385,#1386,
    #1387,#1388,#1389,#1390,#1391,#1392,#1393,#1394,#1395,#1396,#1397,
    #1398,#1399,#1400,#1401,#1402,#1403,#1404,#1405,#1406,#1407,#1408,
    #1409,#1410,#1411,#1412,#1413,#1414,#1415,#1416,#1417,#1418,#1419,
    #1420,#1421,#1422,#1423,#1424,#1425,#1426,#1427,#1428,#1429,#1430,
    #1431,#1432,#1433,#1434,#1435,#1436,#1437,#1438,#1439,#1440,#1441,
    #1442),.UNSPECIFIED.,.F.,.F.,(9,7,7,7,7,7,7,7,7,7,9),(0.,
    0.123610553807,0.247205116612,0.308529524407,0.369854054433,
    0.496540763639,0.621133368528,0.743646788395,0.868867697986,
    0.935388464368,1.),.UNSPECIFIED.);
#1371 = CARTESIAN_POINT('',(0.,-27.22410115397));
#1372 = CARTESIAN_POINT('',(-9.1934257025E-02,-27.54811133009));
#1373 = CARTESIAN_POINT('',(-0.184103614012,-27.87295003386));
#1374 = CARTESIAN_POINT('',(-0.276453822493,-28.19842562529));
#1375 = CARTESIAN_POINT('',(-0.368986729432,-28.52454405858));
#1376 = CARTESIAN_POINT('',(-0.461719399948,-28.85136500712));
#1377 = CARTESIAN_POINT('',(-0.554669810731,-29.17895231341));
#1378 = CARTESIAN_POINT('',(-0.647843906631,-29.50732823714));
#1379 = CARTESIAN_POINT('',(-0.834521714054,-30.16524425466));
#1380 = CARTESIAN_POINT('',(-0.928099715968,-30.49504617018));
#1381 = CARTESIAN_POINT('',(-1.021865107269,-30.82551075961));
#1382 = CARTESIAN_POINT('',(-1.115820119066,-31.15664647049));
#1383 = CARTESIAN_POINT('',(-1.209983005829,-31.48851724302));
#1384 = CARTESIAN_POINT('',(-1.304373145585,-31.82118739308));
#1385 = CARTESIAN_POINT('',(-1.398997347363,-32.15467492266));
#1386 = CARTESIAN_POINT('',(-1.540837378441,-32.65454880509));
#1387 = CARTESIAN_POINT('',(-1.587877688312,-32.82031203368));
#1388 = CARTESIAN_POINT('',(-1.634914420539,-32.98611940756));
#1389 = CARTESIAN_POINT('',(-1.681954123699,-33.15187650179));
#1390 = CARTESIAN_POINT('',(-1.728991102944,-33.31766621354));
#1391 = CARTESIAN_POINT('',(-1.776029846657,-33.48344637671));
#1392 = CARTESIAN_POINT('',(-1.823068666638,-33.64923065172));
#1393 = CARTESIAN_POINT('',(-1.917143709395,-33.98078957131));
#1394 = CARTESIAN_POINT('',(-1.964182344491,-34.14657299951));
#1395 = CARTESIAN_POINT('',(-2.011220405893,-34.31235417486));
#1396 = CARTESIAN_POINT('',(-2.058257826897,-34.47813267013));
#1397 = CARTESIAN_POINT('',(-2.105295314577,-34.64391088093));
#1398 = CARTESIAN_POINT('',(-2.152333549354,-34.80969119938));
#1399 = CARTESIAN_POINT('',(-2.199372384198,-34.97547316755));
#1400 = CARTESIAN_POINT('',(-2.343582353706,-35.48372039737));
#1401 = CARTESIAN_POINT('',(-2.441029667977,-35.82715777013));
#1402 = CARTESIAN_POINT('',(-2.538682527861,-36.17131866825));
#1403 = CARTESIAN_POINT('',(-2.63654385206,-36.51621473951));
#1404 = CARTESIAN_POINT('',(-2.734635092354,-36.86192236503));
#1405 = CARTESIAN_POINT('',(-2.832978907395,-37.2085210091));
#1406 = CARTESIAN_POINT('',(-2.931583595445,-37.55603946156));
#1407 = CARTESIAN_POINT('',(-3.12754556307,-38.24668013619));
#1408 = CARTESIAN_POINT('',(-3.224986534573,-38.59009731787));
#1409 = CARTESIAN_POINT('',(-3.32263560761,-38.93424764269));
#1410 = CARTESIAN_POINT('',(-3.420495678507,-39.27914110184));
#1411 = CARTESIAN_POINT('',(-3.518588048521,-39.62485304716));
#1412 = CARTESIAN_POINT('',(-3.616935177867,-39.97146313268));
#1413 = CARTESIAN_POINT('',(-3.71554516969,-40.31899999207));
#1414 = CARTESIAN_POINT('',(-3.911507807742,-41.00964278842));
#1415 = CARTESIAN_POINT('',(-4.008942801991,-41.35303894291));
#1416 = CARTESIAN_POINT('',(-4.106588446032,-41.6971775553));
#1417 = CARTESIAN_POINT('',(-4.204447541958,-42.04206815935));
#1418 = CARTESIAN_POINT('',(-4.302541276041,-42.3877848388));
#1419 = CARTESIAN_POINT('',(-4.400891972315,-42.7344062958));
#1420 = CARTESIAN_POINT('',(-4.499507510442,-43.08196105591));
#1421 = CARTESIAN_POINT('',(-4.699319593124,-43.78616789362));
#1422 = CARTESIAN_POINT('',(-4.800625892341,-44.14320680049));
#1423 = CARTESIAN_POINT('',(-4.90215935943,-44.50104749301));
#1424 = CARTESIAN_POINT('',(-5.003923739154,-44.85970344841));
#1425 = CARTESIAN_POINT('',(-5.105943990152,-45.21926261777));
#1426 = CARTESIAN_POINT('',(-5.20824659209,-45.57981473632));
#1427 = CARTESIAN_POINT('',(-5.310841953188,-45.94139400738));
#1428 = CARTESIAN_POINT('',(-5.468264248122,-46.49620390504));
#1429 = CARTESIAN_POINT('',(-5.522955480597,-46.68895568691));
#1430 = CARTESIAN_POINT('',(-5.577720356069,-46.88196794522));
#1431 = CARTESIAN_POINT('',(-5.632559617519,-47.07523358315));
#1432 = CARTESIAN_POINT('',(-5.687473234084,-47.26877331426));
#1433 = CARTESIAN_POINT('',(-5.742464256754,-47.46257889153));
#1434 = CARTESIAN_POINT('',(-5.797532212163,-47.65665900802));
#1435 = CARTESIAN_POINT('',(-5.906233288476,-48.03976181231));
#1436 = CARTESIAN_POINT('',(-5.959866547603,-48.22878547856));
#1437 = CARTESIAN_POINT('',(-6.013571126362,-48.41806049901));
#1438 = CARTESIAN_POINT('',(-6.067347092077,-48.60758690568));
#1439 = CARTESIAN_POINT('',(-6.121195930563,-48.79736981991));
#1440 = CARTESIAN_POINT('',(-6.175119113706,-48.98741442458));
#1441 = CARTESIAN_POINT('',(-6.229116605591,-49.1777206687));
#1442 = CARTESIAN_POINT('',(-6.28318530718,-49.36827770406));
#1443 = ( GEOMETRIC_REPRESENTATION_CONTEXT(2) 
PARAMETRIC_REPRESENTATION_CONTEXT() REPRESENTATION_CONTEXT('2D SPACE',''
  ) );
#1444 = ORIENTED_EDGE('',*,*,#672,.F.);
#1445 = ADVANCED_FACE('',(#1446),#906,.T.);
#1446 = FACE_BOUND('',#1447,.T.);
#1447 = EDGE_LOOP('',(#1448,#1449,#1477,#1506,#1659));
#1448 = ORIENTED_EDGE('',*,*,#1217,.T.);
#1449 = ORIENTED_EDGE('',*,*,#1450,.T.);
#1450 = EDGE_CURVE('',#1190,#1451,#1453,.T.);
#1451 = VERTEX_POINT('',#1452);
#1452 = CARTESIAN_POINT('',(8.,40.,-91.));
#1453 = SURFACE_CURVE('',#1454,(#1458,#1465),.PCURVE_S1.);
#1454 = LINE('',#1455,#1456);
#1455 = CARTESIAN_POINT('',(13.,40.,-151.));
#1456 = VECTOR('',#1457,1.);
#1457 = DIRECTION('',(-8.304547985374E-02,0.,0.996545758245));
#1458 = PCURVE('',#906,#1459);
#1459 = DEFINITIONAL_REPRESENTATION('',(#1460),#1464);
#1460 = LINE('',#1461,#1462);
#1461 = CARTESIAN_POINT('',(-6.28318530718,-0.));
#1462 = VECTOR('',#1463,1.);
#1463 = DIRECTION('',(-0.,-1.));
#1464 = ( GEOMETRIC_REPRESENTATION_CONTEXT(2) 
PARAMETRIC_REPRESENTATION_CONTEXT() REPRESENTATION_CONTEXT('2D SPACE',''
  ) );
#1465 = PCURVE('',#1466,#1471);
#1466 = CONICAL_SURFACE('',#1467,13.,8.314123188844E-02);
#1467 = AXIS2_PLACEMENT_3D('',#1468,#1469,#1470);
#1468 = CARTESIAN_POINT('',(0.,40.,-151.));
#1469 = DIRECTION('',(-0.,-0.,-1.));
#1470 = DIRECTION('',(1.,0.,-0.));
#1471 = DEFINITIONAL_REPRESENTATION('',(#1472),#1476);
#1472 = LINE('',#1473,#1474);
#1473 = CARTESIAN_POINT('',(-0.,-0.));
#1474 = VECTOR('',#1475,1.);
#1475 = DIRECTION('',(-0.,-1.));
#1476 = ( GEOMETRIC_REPRESENTATION_CONTEXT(2) 
PARAMETRIC_REPRESENTATION_CONTEXT() REPRESENTATION_CONTEXT('2D SPACE',''
  ) );
#1477 = ORIENTED_EDGE('',*,*,#1478,.F.);
#1478 = EDGE_CURVE('',#1479,#1451,#1481,.T.);
#1479 = VERTEX_POINT('',#1480);
#1480 = CARTESIAN_POINT('',(-2.390497588031,32.365504516891,-91.));
#1481 = SURFACE_CURVE('',#1482,(#1487,#1494),.PCURVE_S1.);
#1482 = CIRCLE('',#1483,8.);
#1483 = AXIS2_PLACEMENT_3D('',#1484,#1485,#1486);
#1484 = CARTESIAN_POINT('',(0.,40.,-91.));
#1485 = DIRECTION('',(0.,0.,1.));
#1486 = DIRECTION('',(1.,0.,-0.));
#1487 = PCURVE('',#906,#1488);
#1488 = DEFINITIONAL_REPRESENTATION('',(#1489),#1493);
#1489 = LINE('',#1490,#1491);
#1490 = CARTESIAN_POINT('',(-0.,-60.));
#1491 = VECTOR('',#1492,1.);
#1492 = DIRECTION('',(-1.,-0.));
#1493 = ( GEOMETRIC_REPRESENTATION_CONTEXT(2) 
PARAMETRIC_REPRESENTATION_CONTEXT() REPRESENTATION_CONTEXT('2D SPACE',''
  ) );
#1494 = PCURVE('',#1495,#1500);
#1495 = CYLINDRICAL_SURFACE('',#1496,8.);
#1496 = AXIS2_PLACEMENT_3D('',#1497,#1498,#1499);
#1497 = CARTESIAN_POINT('',(0.,40.,-91.));
#1498 = DIRECTION('',(0.,0.,1.));
#1499 = DIRECTION('',(1.,0.,-0.));
#1500 = DEFINITIONAL_REPRESENTATION('',(#1501),#1505);
#1501 = LINE('',#1502,#1503);
#1502 = CARTESIAN_POINT('',(0.,0.));
#1503 = VECTOR('',#1504,1.);
#1504 = DIRECTION('',(1.,0.));
#1505 = ( GEOMETRIC_REPRESENTATION_CONTEXT(2) 
PARAMETRIC_REPRESENTATION_CONTEXT() REPRESENTATION_CONTEXT('2D SPACE',''
  ) );
#1506 = ORIENTED_EDGE('',*,*,#1507,.F.);
#1507 = EDGE_CURVE('',#891,#1479,#1508,.T.);
#1508 = SURFACE_CURVE('',#1509,(#1557,#1608),.PCURVE_S1.);
#1509 = B_SPLINE_CURVE_WITH_KNOTS('',6,(#1510,#1511,#1512,#1513,#1514,
    #1515,#1516,#1517,#1518,#1519,#1520,#1521,#1522,#1523,#1524,#1525,
    #1526,#1527,#1528,#1529,#1530,#1531,#1532,#1533,#1534,#1535,#1536,
    #1537,#1538,#1539,#1540,#1541,#1542,#1543,#1544,#1545,#1546,#1547,
    #1548,#1549,#1550,#1551,#1552,#1553,#1554,#1555,#1556),
  .UNSPECIFIED.,.F.,.F.,(7,5,5,5,5,5,5,5,5,7),(0.,0.112876918968,
    0.227910781675,0.346328140836,0.462876022665,0.587451349397,
    0.714706195919,0.849145205415,0.920085983573,1.),.UNSPECIFIED.);
#1510 = CARTESIAN_POINT('',(9.278137687862,40.,-106.3376522543));
#1511 = CARTESIAN_POINT('',(9.246158943221,41.023999904254,
    -105.9537143925));
#1512 = CARTESIAN_POINT('',(9.078376148763,42.042773208836,
    -105.5685513193));
#1513 = CARTESIAN_POINT('',(8.775573114434,43.033101984903,
    -105.1824307683));
#1514 = CARTESIAN_POINT('',(8.343403342701,43.972806758075,
    -104.7951945629));
#1515 = CARTESIAN_POINT('',(7.79231333434,44.84135243216,-104.4066831419
    ));
#1516 = CARTESIAN_POINT('',(6.470132225849,46.414467183318,
    -103.6201950647));
#1517 = CARTESIAN_POINT('',(5.694580875408,47.116117018614,
    -103.221899945));
#1518 = CARTESIAN_POINT('',(4.827082299141,47.706192533283,
    -102.8225863885));
#1519 = CARTESIAN_POINT('',(3.887451531189,48.169780606933,
    -102.4220705086));
#1520 = CARTESIAN_POINT('',(2.898521324621,48.496772099848,
    -102.0201671299));
#1521 = CARTESIAN_POINT('',(0.842923748918,48.873465348319,
    -101.2023498511));
#1522 = CARTESIAN_POINT('',(-0.225993362958,48.914863062385,
    -100.7860330471));
#1523 = CARTESIAN_POINT('',(-1.293404118271,48.801626813031,
    -100.3686155442));
#1524 = CARTESIAN_POINT('',(-2.331626801493,48.535330344589,
    -99.949873432));
#1525 = CARTESIAN_POINT('',(-3.313947424863,48.124098723813,
    -99.52958156069));
#1526 = CARTESIAN_POINT('',(-5.10291784272,47.049792163354,
    -98.69330996435));
#1527 = CARTESIAN_POINT('',(-5.912828620737,46.390364706865,
    -98.27701229254));
#1528 = CARTESIAN_POINT('',(-6.621784527062,45.618662697064,
    -97.85960102029));
#1529 = CARTESIAN_POINT('',(-7.210532580329,44.753734029476,
    -97.44085245755));
#1530 = CARTESIAN_POINT('',(-7.664764541643,43.818794701473,
    -97.02054344995));
#1531 = CARTESIAN_POINT('',(-8.308376065669,41.795135763343,
    -96.14852847198));
#1532 = CARTESIAN_POINT('',(-8.477649529449,40.699199598701,
    -95.696194354));
#1533 = CARTESIAN_POINT('',(-8.473437775592,39.585851175137,
    -95.24259632584));
#1534 = CARTESIAN_POINT('',(-8.294156341785,38.489038228566,
    -94.78740132162));
#1535 = CARTESIAN_POINT('',(-7.947005548804,37.442223490709,
    -94.33028273307));
#1536 = CARTESIAN_POINT('',(-6.938586870608,35.490917161912,
    -93.40347237585));
#1537 = CARTESIAN_POINT('',(-6.270095785914,34.588799138971,
    -92.93312569155));
#1538 = CARTESIAN_POINT('',(-5.460362476728,33.804071282033,
    -92.46143696336));
#1539 = CARTESIAN_POINT('',(-4.534764872887,33.16397185326,
    -91.98801740971));
#1540 = CARTESIAN_POINT('',(-3.525233170741,32.688178416582,
    -91.5124754579));
#1541 = CARTESIAN_POINT('',(-1.35342517168,32.069729485252,
    -90.53153431043));
#1542 = CARTESIAN_POINT('',(-0.183997205934,31.946669351992,
    -90.02518046665));
#1543 = CARTESIAN_POINT('',(0.994487182572,32.031398683116,
    -89.51731994207));
#1544 = CARTESIAN_POINT('',(2.137161115241,32.321408908681,
    -89.00746611475));
#1545 = CARTESIAN_POINT('',(3.200203207922,32.804628569048,
    -88.49502478063));
#1546 = CARTESIAN_POINT('',(4.643098945454,33.795580779901,
    -87.70968818703));
#1547 = CARTESIAN_POINT('',(5.108794073648,34.184148615861,
    -87.43784199722));
#1548 = CARTESIAN_POINT('',(5.536210951156,34.6151008969,-87.16541474234
    ));
#1549 = CARTESIAN_POINT('',(5.920535336846,35.083815774461,
    -86.8924028029));
#1550 = CARTESIAN_POINT('',(6.257717619473,35.584948386736,
    -86.6188025441));
#1551 = CARTESIAN_POINT('',(6.867507043708,36.706626764858,
    -86.03572952304));
#1552 = CARTESIAN_POINT('',(7.12666420969,37.334461164948,
    -85.72609775366));
#1553 = CARTESIAN_POINT('',(7.317287026538,37.987151155841,
    -85.41570950979));
#1554 = CARTESIAN_POINT('',(7.436403943644,38.655478791618,
    -85.10455928488));
#1555 = CARTESIAN_POINT('',(7.482729148869,39.329791083529,
    -84.79264156376));
#1556 = CARTESIAN_POINT('',(7.45666256855,40.,-84.47995082259));
#1557 = PCURVE('',#906,#1558);
#1558 = DEFINITIONAL_REPRESENTATION('',(#1559),#1607);
#1559 = B_SPLINE_CURVE_WITH_KNOTS('',6,(#1560,#1561,#1562,#1563,#1564,
    #1565,#1566,#1567,#1568,#1569,#1570,#1571,#1572,#1573,#1574,#1575,
    #1576,#1577,#1578,#1579,#1580,#1581,#1582,#1583,#1584,#1585,#1586,
    #1587,#1588,#1589,#1590,#1591,#1592,#1593,#1594,#1595,#1596,#1597,
    #1598,#1599,#1600,#1601,#1602,#1603,#1604,#1605,#1606),
  .UNSPECIFIED.,.F.,.F.,(7,5,5,5,5,5,5,5,5,7),(0.,0.112876918968,
    0.227910781675,0.346328140836,0.462876022665,0.587451349397,
    0.714706195919,0.849145205415,0.920085983573,1.),.UNSPECIFIED.);
#1560 = CARTESIAN_POINT('',(0.,-44.66234774566));
#1561 = CARTESIAN_POINT('',(-0.110366404244,-45.04628560749));
#1562 = CARTESIAN_POINT('',(-0.221085337441,-45.4314486807));
#1563 = CARTESIAN_POINT('',(-0.332079470674,-45.8175692317));
#1564 = CARTESIAN_POINT('',(-0.44339402308,-46.20480543702));
#1565 = CARTESIAN_POINT('',(-0.555074831793,-46.59331685805));
#1566 = CARTESIAN_POINT('',(-0.781157262243,-47.37980493529));
#1567 = CARTESIAN_POINT('',(-0.895650348216,-47.77810005497));
#1568 = CARTESIAN_POINT('',(-1.010436366097,-48.17741361149));
#1569 = CARTESIAN_POINT('',(-1.125568165948,-48.57792949133));
#1570 = CARTESIAN_POINT('',(-1.241098834515,-48.97983287003));
#1571 = CARTESIAN_POINT('',(-1.47618740617,-49.79765014887));
#1572 = CARTESIAN_POINT('',(-1.595861177984,-50.2139669528));
#1573 = CARTESIAN_POINT('',(-1.715851129951,-50.63138445574));
#1574 = CARTESIAN_POINT('',(-1.836221961813,-51.05012656799));
#1575 = CARTESIAN_POINT('',(-1.957038698889,-51.4704184393));
#1576 = CARTESIAN_POINT('',(-2.197432898834,-52.30669003564));
#1577 = CARTESIAN_POINT('',(-2.317101762278,-52.72298770745));
#1578 = CARTESIAN_POINT('',(-2.437090667745,-53.1403989797));
#1579 = CARTESIAN_POINT('',(-2.557463076996,-53.55914754244));
#1580 = CARTESIAN_POINT('',(-2.67828301884,-53.97945655004));
#1581 = CARTESIAN_POINT('',(-2.928948905021,-54.85147152801));
#1582 = CARTESIAN_POINT('',(-3.058979460426,-55.30380564599));
#1583 = CARTESIAN_POINT('',(-3.189373331648,-55.75740367415));
#1584 = CARTESIAN_POINT('',(-3.320223222704,-56.21259867837));
#1585 = CARTESIAN_POINT('',(-3.451623212097,-56.66971726693));
#1586 = CARTESIAN_POINT('',(-3.718040795201,-57.59652762414));
#1587 = CARTESIAN_POINT('',(-3.853245088705,-58.06687430844));
#1588 = CARTESIAN_POINT('',(-3.988836856018,-58.53856303663));
#1589 = CARTESIAN_POINT('',(-4.124926675762,-59.01198259028));
#1590 = CARTESIAN_POINT('',(-4.261625678338,-59.48752454209));
#1591 = CARTESIAN_POINT('',(-4.543605782936,-60.46846568956));
#1592 = CARTESIAN_POINT('',(-4.689161136916,-60.97481953334));
#1593 = CARTESIAN_POINT('',(-4.835149226243,-61.48268005792));
#1594 = CARTESIAN_POINT('',(-4.981711224758,-61.99253388524));
#1595 = CARTESIAN_POINT('',(-5.129017034962,-62.50497521936));
#1596 = CARTESIAN_POINT('',(-5.354768888764,-63.29031181296));
#1597 = CARTESIAN_POINT('',(-5.432913414463,-63.56215800277));
#1598 = CARTESIAN_POINT('',(-5.511224923272,-63.83458525765));
#1599 = CARTESIAN_POINT('',(-5.589704468916,-64.10759719709));
#1600 = CARTESIAN_POINT('',(-5.668353138297,-64.38119745589));
#1601 = CARTESIAN_POINT('',(-5.835962481428,-64.96427047695));
#1602 = CARTESIAN_POINT('',(-5.924968878049,-65.27390224633));
#1603 = CARTESIAN_POINT('',(-6.014192861795,-65.5842904902));
#1604 = CARTESIAN_POINT('',(-6.103635970906,-65.89544071511));
#1605 = CARTESIAN_POINT('',(-6.193299661422,-66.20735843623));
#1606 = CARTESIAN_POINT('',(-6.28318530718,-66.5200491774));
#1607 = ( GEOMETRIC_REPRESENTATION_CONTEXT(2) 
PARAMETRIC_REPRESENTATION_CONTEXT() REPRESENTATION_CONTEXT('2D SPACE',''
  ) );
#1608 = PCURVE('',#1205,#1609);
#1609 = DEFINITIONAL_REPRESENTATION('',(#1610),#1658);
#1610 = B_SPLINE_CURVE_WITH_KNOTS('',6,(#1611,#1612,#1613,#1614,#1615,
    #1616,#1617,#1618,#1619,#1620,#1621,#1622,#1623,#1624,#1625,#1626,
    #1627,#1628,#1629,#1630,#1631,#1632,#1633,#1634,#1635,#1636,#1637,
    #1638,#1639,#1640,#1641,#1642,#1643,#1644,#1645,#1646,#1647,#1648,
    #1649,#1650,#1651,#1652,#1653,#1654,#1655,#1656,#1657),
  .UNSPECIFIED.,.F.,.F.,(7,5,5,5,5,5,5,5,5,7),(0.,0.112876918968,
    0.227910781675,0.346328140836,0.462876022665,0.587451349397,
    0.714706195919,0.849145205415,0.920085983573,1.),.UNSPECIFIED.);
#1611 = CARTESIAN_POINT('',(0.,-44.66234774566));
#1612 = CARTESIAN_POINT('',(-0.110366404244,-45.04628560749));
#1613 = CARTESIAN_POINT('',(-0.221085337441,-45.4314486807));
#1614 = CARTESIAN_POINT('',(-0.332079470674,-45.8175692317));
#1615 = CARTESIAN_POINT('',(-0.44339402308,-46.20480543702));
#1616 = CARTESIAN_POINT('',(-0.555074831793,-46.59331685805));
#1617 = CARTESIAN_POINT('',(-0.781157262243,-47.37980493529));
#1618 = CARTESIAN_POINT('',(-0.895650348216,-47.77810005497));
#1619 = CARTESIAN_POINT('',(-1.010436366097,-48.17741361149));
#1620 = CARTESIAN_POINT('',(-1.125568165948,-48.57792949133));
#1621 = CARTESIAN_POINT('',(-1.241098834515,-48.97983287003));
#1622 = CARTESIAN_POINT('',(-1.47618740617,-49.79765014887));
#1623 = CARTESIAN_POINT('',(-1.595861177984,-50.2139669528));
#1624 = CARTESIAN_POINT('',(-1.715851129951,-50.63138445574));
#1625 = CARTESIAN_POINT('',(-1.836221961813,-51.05012656799));
#1626 = CARTESIAN_POINT('',(-1.957038698889,-51.4704184393));
#1627 = CARTESIAN_POINT('',(-2.197432898834,-52.30669003564));
#1628 = CARTESIAN_POINT('',(-2.317101762278,-52.72298770745));
#1629 = CARTESIAN_POINT('',(-2.437090667745,-53.1403989797));
#1630 = CARTESIAN_POINT('',(-2.557463076996,-53.55914754244));
#1631 = CARTESIAN_POINT('',(-2.67828301884,-53.97945655004));
#1632 = CARTESIAN_POINT('',(-2.928948905021,-54.85147152801));
#1633 = CARTESIAN_POINT('',(-3.058979460426,-55.30380564599));
#1634 = CARTESIAN_POINT('',(-3.189373331648,-55.75740367415));
#1635 = CARTESIAN_POINT('',(-3.320223222704,-56.21259867837));
#1636 = CARTESIAN_POINT('',(-3.451623212097,-56.66971726693));
#1637 = CARTESIAN_POINT('',(-3.718040795201,-57.59652762414));
#1638 = CARTESIAN_POINT('',(-3.853245088705,-58.06687430844));
#1639 = CARTESIAN_POINT('',(-3.988836856018,-58.53856303663));
#1640 = CARTESIAN_POINT('',(-4.124926675762,-59.01198259028));
#1641 = CARTESIAN_POINT('',(-4.261625678338,-59.48752454209));
#1642 = CARTESIAN_POINT('',(-4.543605782936,-60.46846568956));
#1643 = CARTESIAN_POINT('',(-4.689161136916,-60.97481953334));
#1644 = CARTESIAN_POINT('',(-4.835149226243,-61.48268005792));
#1645 = CARTESIAN_POINT('',(-4.981711224758,-61.99253388524));
#1646 = CARTESIAN_POINT('',(-5.129017034962,-62.50497521936));
#1647 = CARTESIAN_POINT('',(-5.354768888764,-63.29031181296));
#1648 = CARTESIAN_POINT('',(-5.432913414463,-63.56215800277));
#1649 = CARTESIAN_POINT('',(-5.511224923272,-63.83458525765));
#1650 = CARTESIAN_POINT('',(-5.589704468916,-64.10759719709));
#1651 = CARTESIAN_POINT('',(-5.668353138297,-64.38119745589));
#1652 = CARTESIAN_POINT('',(-5.835962481428,-64.96427047695));
#1653 = CARTESIAN_POINT('',(-5.924968878049,-65.27390224633));
#1654 = CARTESIAN_POINT('',(-6.014192861795,-65.5842904902));
#1655 = CARTESIAN_POINT('',(-6.103635970906,-65.89544071511));
#1656 = CARTESIAN_POINT('',(-6.193299661422,-66.20735843623));
#1657 = CARTESIAN_POINT('',(-6.28318530718,-66.5200491774));
#1658 = ( GEOMETRIC_REPRESENTATION_CONTEXT(2) 
PARAMETRIC_REPRESENTATION_CONTEXT() REPRESENTATION_CONTEXT('2D SPACE',''
  ) );
#1659 = ORIENTED_EDGE('',*,*,#890,.F.);
#1660 = ADVANCED_FACE('',(#1661),#1167,.T.);
#1661 = FACE_BOUND('',#1662,.F.);
#1662 = EDGE_LOOP('',(#1663,#1696,#1717,#1718));
#1663 = ORIENTED_EDGE('',*,*,#1664,.T.);
#1664 = EDGE_CURVE('',#1665,#1665,#1667,.T.);
#1665 = VERTEX_POINT('',#1666);
#1666 = CARTESIAN_POINT('',(7.,40.,-41.));
#1667 = SURFACE_CURVE('',#1668,(#1673,#1680),.PCURVE_S1.);
#1668 = CIRCLE('',#1669,7.);
#1669 = AXIS2_PLACEMENT_3D('',#1670,#1671,#1672);
#1670 = CARTESIAN_POINT('',(0.,40.,-41.));
#1671 = DIRECTION('',(0.,0.,-1.));
#1672 = DIRECTION('',(1.,0.,0.));
#1673 = PCURVE('',#1167,#1674);
#1674 = DEFINITIONAL_REPRESENTATION('',(#1675),#1679);
#1675 = LINE('',#1676,#1677);
#1676 = CARTESIAN_POINT('',(-6.28318530718,-0.5));
#1677 = VECTOR('',#1678,1.);
#1678 = DIRECTION('',(1.,-0.));
#1679 = ( GEOMETRIC_REPRESENTATION_CONTEXT(2) 
PARAMETRIC_REPRESENTATION_CONTEXT() REPRESENTATION_CONTEXT('2D SPACE',''
  ) );
#1680 = PCURVE('',#1681,#1686);
#1681 = PLANE('',#1682);
#1682 = AXIS2_PLACEMENT_3D('',#1683,#1684,#1685);
#1683 = CARTESIAN_POINT('',(0.,40.,-41.));
#1684 = DIRECTION('',(0.,0.,1.));
#1685 = DIRECTION('',(1.,0.,-0.));
#1686 = DEFINITIONAL_REPRESENTATION('',(#1687),#1695);
#1687 = ( BOUNDED_CURVE() B_SPLINE_CURVE(2,(#1688,#1689,#1690,#1691,
#1692,#1693,#1694),.UNSPECIFIED.,.T.,.F.) B_SPLINE_CURVE_WITH_KNOTS((1,2
    ,2,2,2,1),(-2.094395102393,0.,2.094395102393,4.188790204786,
6.28318530718,8.377580409573),.UNSPECIFIED.) CURVE() 
GEOMETRIC_REPRESENTATION_ITEM() RATIONAL_B_SPLINE_CURVE((1.,0.5,1.,0.5,
1.,0.5,1.)) REPRESENTATION_ITEM('') );
#1688 = CARTESIAN_POINT('',(7.,0.));
#1689 = CARTESIAN_POINT('',(7.,-12.12435565298));
#1690 = CARTESIAN_POINT('',(-3.5,-6.062177826491));
#1691 = CARTESIAN_POINT('',(-14.,-1.714505518806E-15));
#1692 = CARTESIAN_POINT('',(-3.5,6.062177826491));
#1693 = CARTESIAN_POINT('',(7.,12.124355652982));
#1694 = CARTESIAN_POINT('',(7.,0.));
#1695 = ( GEOMETRIC_REPRESENTATION_CONTEXT(2) 
PARAMETRIC_REPRESENTATION_CONTEXT() REPRESENTATION_CONTEXT('2D SPACE',''
  ) );
#1696 = ORIENTED_EDGE('',*,*,#1697,.T.);
#1697 = EDGE_CURVE('',#1665,#1151,#1698,.T.);
#1698 = SEAM_CURVE('',#1699,(#1703,#1710),.PCURVE_S1.);
#1699 = LINE('',#1700,#1701);
#1700 = CARTESIAN_POINT('',(7.,40.,-41.5));
#1701 = VECTOR('',#1702,1.);
#1702 = DIRECTION('',(0.,0.,1.));
#1703 = PCURVE('',#1167,#1704);
#1704 = DEFINITIONAL_REPRESENTATION('',(#1705),#1709);
#1705 = LINE('',#1706,#1707);
#1706 = CARTESIAN_POINT('',(-6.28318530718,0.));
#1707 = VECTOR('',#1708,1.);
#1708 = DIRECTION('',(-0.,-1.));
#1709 = ( GEOMETRIC_REPRESENTATION_CONTEXT(2) 
PARAMETRIC_REPRESENTATION_CONTEXT() REPRESENTATION_CONTEXT('2D SPACE',''
  ) );
#1710 = PCURVE('',#1167,#1711);
#1711 = DEFINITIONAL_REPRESENTATION('',(#1712),#1716);
#1712 = LINE('',#1713,#1714);
#1713 = CARTESIAN_POINT('',(-0.,0.));
#1714 = VECTOR('',#1715,1.);
#1715 = DIRECTION('',(-0.,-1.));
#1716 = ( GEOMETRIC_REPRESENTATION_CONTEXT(2) 
PARAMETRIC_REPRESENTATION_CONTEXT() REPRESENTATION_CONTEXT('2D SPACE',''
  ) );
#1717 = ORIENTED_EDGE('',*,*,#1150,.T.);
#1718 = ORIENTED_EDGE('',*,*,#1697,.F.);
#1719 = ADVANCED_FACE('',(#1720),#1205,.T.);
#1720 = FACE_BOUND('',#1721,.T.);
#1721 = EDGE_LOOP('',(#1722,#1723,#1747,#1873));
#1722 = ORIENTED_EDGE('',*,*,#1507,.T.);
#1723 = ORIENTED_EDGE('',*,*,#1724,.F.);
#1724 = EDGE_CURVE('',#1725,#1479,#1727,.T.);
#1725 = VERTEX_POINT('',#1726);
#1726 = CARTESIAN_POINT('',(-7.937631885692,40.996995510144,-91.));
#1727 = SURFACE_CURVE('',#1728,(#1733,#1740),.PCURVE_S1.);
#1728 = CIRCLE('',#1729,8.);
#1729 = AXIS2_PLACEMENT_3D('',#1730,#1731,#1732);
#1730 = CARTESIAN_POINT('',(0.,40.,-91.));
#1731 = DIRECTION('',(0.,0.,1.));
#1732 = DIRECTION('',(1.,0.,-0.));
#1733 = PCURVE('',#1205,#1734);
#1734 = DEFINITIONAL_REPRESENTATION('',(#1735),#1739);
#1735 = LINE('',#1736,#1737);
#1736 = CARTESIAN_POINT('',(-0.,-60.));
#1737 = VECTOR('',#1738,1.);
#1738 = DIRECTION('',(-1.,-0.));
#1739 = ( GEOMETRIC_REPRESENTATION_CONTEXT(2) 
PARAMETRIC_REPRESENTATION_CONTEXT() REPRESENTATION_CONTEXT('2D SPACE',''
  ) );
#1740 = PCURVE('',#1495,#1741);
#1741 = DEFINITIONAL_REPRESENTATION('',(#1742),#1746);
#1742 = LINE('',#1743,#1744);
#1743 = CARTESIAN_POINT('',(0.,0.));
#1744 = VECTOR('',#1745,1.);
#1745 = DIRECTION('',(1.,0.));
#1746 = ( GEOMETRIC_REPRESENTATION_CONTEXT(2) 
PARAMETRIC_REPRESENTATION_CONTEXT() REPRESENTATION_CONTEXT('2D SPACE',''
  ) );
#1747 = ORIENTED_EDGE('',*,*,#1748,.F.);
#1748 = EDGE_CURVE('',#1190,#1725,#1749,.T.);
#1749 = SURFACE_CURVE('',#1750,(#1789,#1831),.PCURVE_S1.);
#1750 = B_SPLINE_CURVE_WITH_KNOTS('',5,(#1751,#1752,#1753,#1754,#1755,
    #1756,#1757,#1758,#1759,#1760,#1761,#1762,#1763,#1764,#1765,#1766,
    #1767,#1768,#1769,#1770,#1771,#1772,#1773,#1774,#1775,#1776,#1777,
    #1778,#1779,#1780,#1781,#1782,#1783,#1784,#1785,#1786,#1787,#1788),
  .UNSPECIFIED.,.F.,.F.,(6,4,4,4,4,4,4,4,4,6),(0.,0.105722542215,
    0.219915140688,0.33251905567,0.449055355464,0.569291197691,
    0.698317441956,0.835602874448,0.913652568432,1.),.UNSPECIFIED.);
#1751 = CARTESIAN_POINT('',(8.885976857995,40.,-101.6317222959));
#1752 = CARTESIAN_POINT('',(8.852545115959,41.011779333677,
    -101.2304009843));
#1753 = CARTESIAN_POINT('',(8.674928526023,42.017562943217,
    -100.8278171763));
#1754 = CARTESIAN_POINT('',(8.354164313664,42.988940912545,
    -100.4239608481));
#1755 = CARTESIAN_POINT('',(7.898907975777,43.899760823953,
    -100.0188187819));
#1756 = CARTESIAN_POINT('',(6.706036256291,45.618729171062,
    -99.1733961885));
#1757 = CARTESIAN_POINT('',(5.948367314335,46.413410130125,
    -98.73276337735));
#1758 = CARTESIAN_POINT('',(5.073173058157,47.080553105368,
    -98.29085517213));
#1759 = CARTESIAN_POINT('',(4.109111850778,47.598174736011,
    -97.84713747866));
#1760 = CARTESIAN_POINT('',(2.087096923436,48.304908421831,
    -96.96302571749));
#1761 = CARTESIAN_POINT('',(1.030044862962,48.498701501378,
    -96.52240437443));
#1762 = CARTESIAN_POINT('',(-4.666991442622E-02,48.523885416981,
    -96.08049237598));
#1763 = CARTESIAN_POINT('',(-1.107688829993,48.3795658221,
    -95.63676489219));
#1764 = CARTESIAN_POINT('',(-3.164400065937,47.762039602854,
    -94.73087342757));
#1765 = CARTESIAN_POINT('',(-4.157199050931,47.277305625252,
    -94.26829366638));
#1766 = CARTESIAN_POINT('',(-5.058441351935,46.633680221476,
    -93.80432237019));
#1767 = CARTESIAN_POINT('',(-5.835437434317,45.854452526709,
    -93.33829700565));
#1768 = CARTESIAN_POINT('',(-7.113271559953,44.063563289114,
    -92.3882240072));
#1769 = CARTESIAN_POINT('',(-7.605048930731,43.04459310283,
    -91.90368998262));
#1770 = CARTESIAN_POINT('',(-7.913804587747,41.953020946419,
    -91.41764734565));
#1771 = CARTESIAN_POINT('',(-8.027235626479,40.832265321121,
    -90.92932516494));
#1772 = CARTESIAN_POINT('',(-7.864330709052,38.543790150616,
    -89.9133593774));
#1773 = CARTESIAN_POINT('',(-7.558763411378,37.377420339055,
    -89.38491423848));
#1774 = CARTESIAN_POINT('',(-7.036603341791,36.28633237356,
    -88.85479445167));
#1775 = CARTESIAN_POINT('',(-6.322652461696,35.322266100758,
    -88.32179564674));
#1776 = CARTESIAN_POINT('',(-4.54220819566,33.676639886134,
    -87.21752557777));
#1777 = CARTESIAN_POINT('',(-3.45478945758,33.01600837409,
    -86.64518053112));
#1778 = CARTESIAN_POINT('',(-2.250475213029,32.590569303991,
    -86.0710226342));
#1779 = CARTESIAN_POINT('',(-0.996515782787,32.423948208676,
    -85.49329736615));
#1780 = CARTESIAN_POINT('',(0.934354958605,32.560302344414,
    -84.58350649942));
#1781 = CARTESIAN_POINT('',(1.627212529312,32.691615536388,
    -84.25285135182));
#1782 = CARTESIAN_POINT('',(2.299947910819,32.903767897011,
    -83.92130030309));
#1783 = CARTESIAN_POINT('',(2.940297390155,33.192759027127,
    -83.58884577686));
#1784 = CARTESIAN_POINT('',(4.196843921429,33.948700620364,
    -82.88666666419));
#1785 = CARTESIAN_POINT('',(4.803506424822,34.431459913307,
    -82.51673928203));
#1786 = CARTESIAN_POINT('',(5.341383820021,34.990357236927,
    -82.1456852296));
#1787 = CARTESIAN_POINT('',(5.798337394806,35.612492546076,
    -81.77349492075));
#1788 = CARTESIAN_POINT('',(6.165551219614,36.281643881174,
    -81.40016172325));
#1789 = PCURVE('',#1205,#1790);
#1790 = DEFINITIONAL_REPRESENTATION('',(#1791),#1830);
#1791 = B_SPLINE_CURVE_WITH_KNOTS('',5,(#1792,#1793,#1794,#1795,#1796,
    #1797,#1798,#1799,#1800,#1801,#1802,#1803,#1804,#1805,#1806,#1807,
    #1808,#1809,#1810,#1811,#1812,#1813,#1814,#1815,#1816,#1817,#1818,
    #1819,#1820,#1821,#1822,#1823,#1824,#1825,#1826,#1827,#1828,#1829),
  .UNSPECIFIED.,.F.,.F.,(6,4,4,4,4,4,4,4,4,6),(0.,0.105722542215,
    0.219915140688,0.33251905567,0.449055355464,0.569291197691,
    0.698317441956,0.835602874448,0.913652568432,1.),.UNSPECIFIED.);
#1792 = CARTESIAN_POINT('',(0.,-49.36827770406));
#1793 = CARTESIAN_POINT('',(-0.113871004231,-49.76959901567));
#1794 = CARTESIAN_POINT('',(-0.228100510376,-50.17218282367));
#1795 = CARTESIAN_POINT('',(-0.342690895855,-50.57603915185));
#1796 = CARTESIAN_POINT('',(-0.45764580902,-50.98118121805));
#1797 = CARTESIAN_POINT('',(-0.697525764187,-51.82660381149));
#1798 = CARTESIAN_POINT('',(-0.822550699678,-52.26723662264));
#1799 = CARTESIAN_POINT('',(-0.9479377799,-52.70914482786));
#1800 = CARTESIAN_POINT('',(-1.073838349881,-53.15286252133));
#1801 = CARTESIAN_POINT('',(-1.32469606344,-54.0369742825));
#1802 = CARTESIAN_POINT('',(-1.449717763313,-54.47759562556));
#1803 = CARTESIAN_POINT('',(-1.575105250244,-54.91950762401));
#1804 = CARTESIAN_POINT('',(-1.701008061232,-55.3632351078));
#1805 = CARTESIAN_POINT('',(-1.958045732088,-56.26912657243));
#1806 = CARTESIAN_POINT('',(-2.089298469786,-56.73170633361));
#1807 = CARTESIAN_POINT('',(-2.220946935025,-57.1956776298));
#1808 = CARTESIAN_POINT('',(-2.353177193678,-57.66170299434));
#1809 = CARTESIAN_POINT('',(-2.622749332708,-58.61177599279));
#1810 = CARTESIAN_POINT('',(-2.76023050699,-59.09631001737));
#1811 = CARTESIAN_POINT('',(-2.89813547793,-59.58235265434));
#1812 = CARTESIAN_POINT('',(-3.0366984337,-60.07067483505));
#1813 = CARTESIAN_POINT('',(-3.324968785811,-61.08664062259));
#1814 = CARTESIAN_POINT('',(-3.474909629959,-61.61508576151));
#1815 = CARTESIAN_POINT('',(-3.625323084599,-62.14520554832));
#1816 = CARTESIAN_POINT('',(-3.77655642745,-62.67820435325));
#1817 = CARTESIAN_POINT('',(-4.089882227243,-63.78247442222));
#1818 = CARTESIAN_POINT('',(-4.252280187102,-64.35481946887));
#1819 = CARTESIAN_POINT('',(-4.415191454946,-64.92897736579));
#1820 = CARTESIAN_POINT('',(-4.579114864183,-65.50670263384));
#1821 = CARTESIAN_POINT('',(-4.83725872338,-66.41649350057));
#1822 = CARTESIAN_POINT('',(-4.931078806061,-66.74714864817));
#1823 = CARTESIAN_POINT('',(-5.025153127516,-67.0786996969));
#1824 = CARTESIAN_POINT('',(-5.119483778952,-67.41115422313));
#1825 = CARTESIAN_POINT('',(-5.318719883255,-68.1133333358));
#1826 = CARTESIAN_POINT('',(-5.423682850342,-68.48326071796));
#1827 = CARTESIAN_POINT('',(-5.528965414186,-68.85431477039));
#1828 = CARTESIAN_POINT('',(-5.634570420658,-69.22650507924));
#1829 = CARTESIAN_POINT('',(-5.740499957154,-69.59983827674));
#1830 = ( GEOMETRIC_REPRESENTATION_CONTEXT(2) 
PARAMETRIC_REPRESENTATION_CONTEXT() REPRESENTATION_CONTEXT('2D SPACE',''
  ) );
#1831 = PCURVE('',#1466,#1832);
#1832 = DEFINITIONAL_REPRESENTATION('',(#1833),#1872);
#1833 = B_SPLINE_CURVE_WITH_KNOTS('',5,(#1834,#1835,#1836,#1837,#1838,
    #1839,#1840,#1841,#1842,#1843,#1844,#1845,#1846,#1847,#1848,#1849,
    #1850,#1851,#1852,#1853,#1854,#1855,#1856,#1857,#1858,#1859,#1860,
    #1861,#1862,#1863,#1864,#1865,#1866,#1867,#1868,#1869,#1870,#1871),
  .UNSPECIFIED.,.F.,.F.,(6,4,4,4,4,4,4,4,4,6),(0.,0.105722542215,
    0.219915140688,0.33251905567,0.449055355464,0.569291197691,
    0.698317441956,0.835602874448,0.913652568432,1.),.UNSPECIFIED.);
#1834 = CARTESIAN_POINT('',(0.,-49.36827770406));
#1835 = CARTESIAN_POINT('',(-0.113871004231,-49.76959901567));
#1836 = CARTESIAN_POINT('',(-0.228100510376,-50.17218282367));
#1837 = CARTESIAN_POINT('',(-0.342690895855,-50.57603915185));
#1838 = CARTESIAN_POINT('',(-0.45764580902,-50.98118121805));
#1839 = CARTESIAN_POINT('',(-0.697525764187,-51.82660381149));
#1840 = CARTESIAN_POINT('',(-0.822550699678,-52.26723662264));
#1841 = CARTESIAN_POINT('',(-0.9479377799,-52.70914482786));
#1842 = CARTESIAN_POINT('',(-1.073838349881,-53.15286252133));
#1843 = CARTESIAN_POINT('',(-1.32469606344,-54.0369742825));
#1844 = CARTESIAN_POINT('',(-1.449717763313,-54.47759562556));
#1845 = CARTESIAN_POINT('',(-1.575105250244,-54.91950762401));
#1846 = CARTESIAN_POINT('',(-1.701008061232,-55.3632351078));
#1847 = CARTESIAN_POINT('',(-1.958045732088,-56.26912657243));
#1848 = CARTESIAN_POINT('',(-2.089298469786,-56.73170633361));
#1849 = CARTESIAN_POINT('',(-2.220946935025,-57.1956776298));
#1850 = CARTESIAN_POINT('',(-2.353177193678,-57.66170299434));
#1851 = CARTESIAN_POINT('',(-2.622749332708,-58.61177599279));
#1852 = CARTESIAN_POINT('',(-2.76023050699,-59.09631001737));
#1853 = CARTESIAN_POINT('',(-2.89813547793,-59.58235265434));
#1854 = CARTESIAN_POINT('',(-3.0366984337,-60.07067483505));
#1855 = CARTESIAN_POINT('',(-3.324968785811,-61.08664062259));
#1856 = CARTESIAN_POINT('',(-3.474909629959,-61.61508576151));
#1857 = CARTESIAN_POINT('',(-3.625323084599,-62.14520554832));
#1858 = CARTESIAN_POINT('',(-3.77655642745,-62.67820435325));
#1859 = CARTESIAN_POINT('',(-4.089882227243,-63.78247442222));
#1860 = CARTESIAN_POINT('',(-4.252280187102,-64.35481946887));
#1861 = CARTESIAN_POINT('',(-4.415191454946,-64.92897736579));
#1862 = CARTESIAN_POINT('',(-4.579114864183,-65.50670263384));
#1863 = CARTESIAN_POINT('',(-4.83725872338,-66.41649350057));
#1864 = CARTESIAN_POINT('',(-4.931078806061,-66.74714864817));
#1865 = CARTESIAN_POINT('',(-5.025153127516,-67.0786996969));
#1866 = CARTESIAN_POINT('',(-5.119483778952,-67.41115422313));
#1867 = CARTESIAN_POINT('',(-5.318719883255,-68.1133333358));
#1868 = CARTESIAN_POINT('',(-5.423682850342,-68.48326071796));
#1869 = CARTESIAN_POINT('',(-5.528965414186,-68.85431477039));
#1870 = CARTESIAN_POINT('',(-5.634570420658,-69.22650507924));
#1871 = CARTESIAN_POINT('',(-5.740499957154,-69.59983827674));
#1872 = ( GEOMETRIC_REPRESENTATION_CONTEXT(2) 
PARAMETRIC_REPRESENTATION_CONTEXT() REPRESENTATION_CONTEXT('2D SPACE',''
  ) );
#1873 = ORIENTED_EDGE('',*,*,#1189,.F.);
#1874 = ADVANCED_FACE('',(#1875),#1466,.T.);
#1875 = FACE_BOUND('',#1876,.T.);
#1876 = EDGE_LOOP('',(#1877,#1878,#1900));
#1877 = ORIENTED_EDGE('',*,*,#1748,.T.);
#1878 = ORIENTED_EDGE('',*,*,#1879,.F.);
#1879 = EDGE_CURVE('',#1451,#1725,#1880,.T.);
#1880 = SURFACE_CURVE('',#1881,(#1886,#1893),.PCURVE_S1.);
#1881 = CIRCLE('',#1882,8.);
#1882 = AXIS2_PLACEMENT_3D('',#1883,#1884,#1885);
#1883 = CARTESIAN_POINT('',(0.,40.,-91.));
#1884 = DIRECTION('',(0.,0.,1.));
#1885 = DIRECTION('',(1.,0.,-0.));
#1886 = PCURVE('',#1466,#1887);
#1887 = DEFINITIONAL_REPRESENTATION('',(#1888),#1892);
#1888 = LINE('',#1889,#1890);
#1889 = CARTESIAN_POINT('',(-0.,-60.));
#1890 = VECTOR('',#1891,1.);
#1891 = DIRECTION('',(-1.,-0.));
#1892 = ( GEOMETRIC_REPRESENTATION_CONTEXT(2) 
PARAMETRIC_REPRESENTATION_CONTEXT() REPRESENTATION_CONTEXT('2D SPACE',''
  ) );
#1893 = PCURVE('',#1495,#1894);
#1894 = DEFINITIONAL_REPRESENTATION('',(#1895),#1899);
#1895 = LINE('',#1896,#1897);
#1896 = CARTESIAN_POINT('',(0.,0.));
#1897 = VECTOR('',#1898,1.);
#1898 = DIRECTION('',(1.,0.));
#1899 = ( GEOMETRIC_REPRESENTATION_CONTEXT(2) 
PARAMETRIC_REPRESENTATION_CONTEXT() REPRESENTATION_CONTEXT('2D SPACE',''
  ) );
#1900 = ORIENTED_EDGE('',*,*,#1450,.F.);
#1901 = ADVANCED_FACE('',(#1902),#1495,.T.);
#1902 = FACE_BOUND('',#1903,.T.);
#1903 = EDGE_LOOP('',(#1904,#1927,#1928,#1929,#1930,#1931,#1959,#1987));
#1904 = ORIENTED_EDGE('',*,*,#1905,.F.);
#1905 = EDGE_CURVE('',#1451,#1906,#1908,.T.);
#1906 = VERTEX_POINT('',#1907);
#1907 = CARTESIAN_POINT('',(8.,40.,-84.43750517627));
#1908 = SEAM_CURVE('',#1909,(#1913,#1920),.PCURVE_S1.);
#1909 = LINE('',#1910,#1911);
#1910 = CARTESIAN_POINT('',(8.,40.,-91.));
#1911 = VECTOR('',#1912,1.);
#1912 = DIRECTION('',(0.,0.,1.));
#1913 = PCURVE('',#1495,#1914);
#1914 = DEFINITIONAL_REPRESENTATION('',(#1915),#1919);
#1915 = LINE('',#1916,#1917);
#1916 = CARTESIAN_POINT('',(0.,0.));
#1917 = VECTOR('',#1918,1.);
#1918 = DIRECTION('',(0.,1.));
#1919 = ( GEOMETRIC_REPRESENTATION_CONTEXT(2) 
PARAMETRIC_REPRESENTATION_CONTEXT() REPRESENTATION_CONTEXT('2D SPACE',''
  ) );
#1920 = PCURVE('',#1495,#1921);
#1921 = DEFINITIONAL_REPRESENTATION('',(#1922),#1926);
#1922 = LINE('',#1923,#1924);
#1923 = CARTESIAN_POINT('',(6.28318530718,0.));
#1924 = VECTOR('',#1925,1.);
#1925 = DIRECTION('',(0.,1.));
#1926 = ( GEOMETRIC_REPRESENTATION_CONTEXT(2) 
PARAMETRIC_REPRESENTATION_CONTEXT() REPRESENTATION_CONTEXT('2D SPACE',''
  ) );
#1927 = ORIENTED_EDGE('',*,*,#1879,.T.);
#1928 = ORIENTED_EDGE('',*,*,#1724,.T.);
#1929 = ORIENTED_EDGE('',*,*,#1478,.T.);
#1930 = ORIENTED_EDGE('',*,*,#1905,.T.);
#1931 = ORIENTED_EDGE('',*,*,#1932,.T.);
#1932 = EDGE_CURVE('',#1906,#1933,#1935,.T.);
#1933 = VERTEX_POINT('',#1934);
#1934 = CARTESIAN_POINT('',(8.,40.,-79.56250557341));
#1935 = SURFACE_CURVE('',#1936,(#1940,#1947),.PCURVE_S1.);
#1936 = LINE('',#1937,#1938);
#1937 = CARTESIAN_POINT('',(8.,40.,-91.));
#1938 = VECTOR('',#1939,1.);
#1939 = DIRECTION('',(0.,0.,1.));
#1940 = PCURVE('',#1495,#1941);
#1941 = DEFINITIONAL_REPRESENTATION('',(#1942),#1946);
#1942 = LINE('',#1943,#1944);
#1943 = CARTESIAN_POINT('',(6.28318530718,0.));
#1944 = VECTOR('',#1945,1.);
#1945 = DIRECTION('',(0.,1.));
#1946 = ( GEOMETRIC_REPRESENTATION_CONTEXT(2) 
PARAMETRIC_REPRESENTATION_CONTEXT() REPRESENTATION_CONTEXT('2D SPACE',''
  ) );
#1947 = PCURVE('',#1948,#1953);
#1948 = CYLINDRICAL_SURFACE('',#1949,8.);
#1949 = AXIS2_PLACEMENT_3D('',#1950,#1951,#1952);
#1950 = CARTESIAN_POINT('',(0.,40.,-91.));
#1951 = DIRECTION('',(0.,0.,1.));
#1952 = DIRECTION('',(1.,0.,-0.));
#1953 = DEFINITIONAL_REPRESENTATION('',(#1954),#1958);
#1954 = LINE('',#1955,#1956);
#1955 = CARTESIAN_POINT('',(0.,0.));
#1956 = VECTOR('',#1957,1.);
#1957 = DIRECTION('',(0.,1.));
#1958 = ( GEOMETRIC_REPRESENTATION_CONTEXT(2) 
PARAMETRIC_REPRESENTATION_CONTEXT() REPRESENTATION_CONTEXT('2D SPACE',''
  ) );
#1959 = ORIENTED_EDGE('',*,*,#1960,.T.);
#1960 = EDGE_CURVE('',#1933,#1961,#1963,.T.);
#1961 = VERTEX_POINT('',#1962);
#1962 = CARTESIAN_POINT('',(8.,40.,-62.43750357258));
#1963 = SURFACE_CURVE('',#1964,(#1968,#1975),.PCURVE_S1.);
#1964 = LINE('',#1965,#1966);
#1965 = CARTESIAN_POINT('',(8.,40.,-91.));
#1966 = VECTOR('',#1967,1.);
#1967 = DIRECTION('',(0.,0.,1.));
#1968 = PCURVE('',#1495,#1969);
#1969 = DEFINITIONAL_REPRESENTATION('',(#1970),#1974);
#1970 = LINE('',#1971,#1972);
#1971 = CARTESIAN_POINT('',(6.28318530718,0.));
#1972 = VECTOR('',#1973,1.);
#1973 = DIRECTION('',(0.,1.));
#1974 = ( GEOMETRIC_REPRESENTATION_CONTEXT(2) 
PARAMETRIC_REPRESENTATION_CONTEXT() REPRESENTATION_CONTEXT('2D SPACE',''
  ) );
#1975 = PCURVE('',#1976,#1981);
#1976 = CYLINDRICAL_SURFACE('',#1977,8.);
#1977 = AXIS2_PLACEMENT_3D('',#1978,#1979,#1980);
#1978 = CARTESIAN_POINT('',(0.,40.,-91.));
#1979 = DIRECTION('',(0.,0.,1.));
#1980 = DIRECTION('',(1.,0.,-0.));
#1981 = DEFINITIONAL_REPRESENTATION('',(#1982),#1986);
#1982 = LINE('',#1983,#1984);
#1983 = CARTESIAN_POINT('',(0.,0.));
#1984 = VECTOR('',#1985,1.);
#1985 = DIRECTION('',(0.,1.));
#1986 = ( GEOMETRIC_REPRESENTATION_CONTEXT(2) 
PARAMETRIC_REPRESENTATION_CONTEXT() REPRESENTATION_CONTEXT('2D SPACE',''
  ) );
#1987 = ORIENTED_EDGE('',*,*,#1988,.F.);
#1988 = EDGE_CURVE('',#1906,#1961,#1989,.T.);
#1989 = SURFACE_CURVE('',#1990,(#2070,#2153),.PCURVE_S1.);
#1990 = B_SPLINE_CURVE_WITH_KNOTS('',8,(#1991,#1992,#1993,#1994,#1995,
    #1996,#1997,#1998,#1999,#2000,#2001,#2002,#2003,#2004,#2005,#2006,
    #2007,#2008,#2009,#2010,#2011,#2012,#2013,#2014,#2015,#2016,#2017,
    #2018,#2019,#2020,#2021,#2022,#2023,#2024,#2025,#2026,#2027,#2028,
    #2029,#2030,#2031,#2032,#2033,#2034,#2035,#2036,#2037,#2038,#2039,
    #2040,#2041,#2042,#2043,#2044,#2045,#2046,#2047,#2048,#2049,#2050,
    #2051,#2052,#2053,#2054,#2055,#2056,#2057,#2058,#2059,#2060,#2061,
    #2062,#2063,#2064,#2065,#2066,#2067,#2068,#2069),.UNSPECIFIED.,.F.,
  .F.,(9,7,7,7,7,7,7,7,7,7,7,9),(0.,9.811152049112E-02,0.137319536619,
    0.19422766286,0.275441560502,0.366133382208,0.449846600448,
    0.591556149518,0.730751503257,0.780112167142,0.833374864863,1.),
  .UNSPECIFIED.);
#1991 = CARTESIAN_POINT('',(8.,40.,-84.43750517627));
#1992 = CARTESIAN_POINT('',(8.,40.616310034239,-84.16776107755));
#1993 = CARTESIAN_POINT('',(7.945737285111,41.232730674482,
    -83.89796805794));
#1994 = CARTESIAN_POINT('',(7.837178606849,41.843531842675,
    -83.62819438517));
#1995 = CARTESIAN_POINT('',(7.675051684716,42.443125067985,
    -83.35844285448));
#1996 = CARTESIAN_POINT('',(7.460740993582,43.026100882853,
    -83.08869348071));
#1997 = CARTESIAN_POINT('',(7.196246959127,43.587250950262,
    -82.8189253309));
#1998 = CARTESIAN_POINT('',(6.884200666701,44.121605843407,
    -82.54913750263));
#1999 = CARTESIAN_POINT('',(6.385549275463,44.825497252486,
    -82.17159055912));
#2000 = CARTESIAN_POINT('',(6.236095136893,45.021473612528,
    -82.06378724585));
#2001 = CARTESIAN_POINT('',(6.079772162035,45.21215173147,
    -81.95598427043));
#2002 = CARTESIAN_POINT('',(5.916805598618,45.39724545664,
    -81.84818074317));
#2003 = CARTESIAN_POINT('',(5.747429148797,45.576486700472,
    -81.74037852536));
#2004 = CARTESIAN_POINT('',(5.571887169721,45.749621410369,
    -81.63257876325));
#2005 = CARTESIAN_POINT('',(5.390437644872,45.916405228202,
    -81.52477783993));
#2006 = CARTESIAN_POINT('',(4.931793721332,46.309137862935,
    -81.26050363242));
#2007 = CARTESIAN_POINT('',(4.648363290421,46.527798949211,
    -81.10403165886));
#2008 = CARTESIAN_POINT('',(4.353885984105,46.731880857079,
    -80.94756084645));
#2009 = CARTESIAN_POINT('',(4.049238681373,46.920736865459,
    -80.79109071578));
#2010 = CARTESIAN_POINT('',(3.735340309364,47.093784719342,
    -80.63461949881));
#2011 = CARTESIAN_POINT('',(3.41314925601,47.250507385233,
    -80.47814593221));
#2012 = CARTESIAN_POINT('',(3.083661841138,47.390455806003,
    -80.32167111333));
#2013 = CARTESIAN_POINT('',(2.268761194997,47.688499136049,
    -79.94190023622));
#2014 = CARTESIAN_POINT('',(1.776793749888,47.82883792213,
    -79.71857975357));
#2015 = CARTESIAN_POINT('',(1.27503562928,47.933151067556,
    -79.49526635379));
#2016 = CARTESIAN_POINT('',(0.766577462657,48.000665524139,
    -79.27196384034));
#2017 = CARTESIAN_POINT('',(0.254554320728,48.030926573925,
    -79.04866367872));
#2018 = CARTESIAN_POINT('',(-0.257872149197,48.023788536697,
    -78.82535610358));
#2019 = CARTESIAN_POINT('',(-0.767529382765,47.979423752363,
    -78.60204109132));
#2020 = CARTESIAN_POINT('',(-1.833750836896,47.807814336581,
    -78.12937725284));
#2021 = CARTESIAN_POINT('',(-2.388959874292,47.671483600277,
    -77.87998233863));
#2022 = CARTESIAN_POINT('',(-2.932418470849,47.490053525532,
    -77.63060088615));
#2023 = CARTESIAN_POINT('',(-3.459852210459,47.264746529951,
    -77.38123541631));
#2024 = CARTESIAN_POINT('',(-3.967182960485,46.997242740317,
    -77.13187203536));
#2025 = CARTESIAN_POINT('',(-4.450541285035,46.68965175655,
    -76.88249571622));
#2026 = CARTESIAN_POINT('',(-4.906293462944,46.344517010121,
    -76.63310530947));
#2027 = CARTESIAN_POINT('',(-5.723218306845,45.614387688336,
    -76.15356342501));
#2028 = CARTESIAN_POINT('',(-6.08904029795,45.234441100787,
    -75.9233673284));
#2029 = CARTESIAN_POINT('',(-6.425926688926,44.827348921196,
    -75.69317978186));
#2030 = CARTESIAN_POINT('',(-6.731546344878,44.395702718868,
    -75.46300304611));
#2031 = CARTESIAN_POINT('',(-7.003859194473,43.942307323858,
    -75.23282653479));
#2032 = CARTESIAN_POINT('',(-7.241117611478,43.470158510525,
    -75.00263958726));
#2033 = CARTESIAN_POINT('',(-7.441886270812,42.982432724525,
    -74.77244427798));
#2034 = CARTESIAN_POINT('',(-7.881335270762,41.636184983403,
    -74.15262681644));
#2035 = CARTESIAN_POINT('',(-8.050147552386,40.754166822509,
    -73.76271832208));
#2036 = CARTESIAN_POINT('',(-8.105754341147,39.853218158641,
    -73.37295348948));
#2037 = CARTESIAN_POINT('',(-8.046156161578,38.950370065796,
    -72.98330429805));
#2038 = CARTESIAN_POINT('',(-7.872145624933,38.062449685565,
    -72.59365614844));
#2039 = CARTESIAN_POINT('',(-7.5872757028,37.205922630403,
    -72.20389436983));
#2040 = CARTESIAN_POINT('',(-7.197847856649,36.39673185233,
    -71.81398938911));
#2041 = CARTESIAN_POINT('',(-6.238198352785,34.915753443553,
    -71.04161738073));
#2042 = CARTESIAN_POINT('',(-5.670691959703,34.240833690217,
    -70.65864672346));
#2043 = CARTESIAN_POINT('',(-5.020130320427,33.639064216671,
    -70.27580594188));
#2044 = CARTESIAN_POINT('',(-4.297807360013,33.122110578923,
    -69.89307001358));
#2045 = CARTESIAN_POINT('',(-3.516530358209,32.699505922077,
    -69.51033165373));
#2046 = CARTESIAN_POINT('',(-2.690480062833,32.378578491006,
    -69.12748690177));
#2047 = CARTESIAN_POINT('',(-1.835087558121,32.164367594556,
    -68.74451543789));
#2048 = CARTESIAN_POINT('',(-0.659216755189,32.021178472206,
    -68.22606529244));
#2049 = CARTESIAN_POINT('',(-0.349737338356,31.997330798379,
    -68.09034444288));
#2050 = CARTESIAN_POINT('',(-3.930292085575E-02,31.987205071286,
    -67.95462693178));
#2051 = CARTESIAN_POINT('',(0.271378021597,31.990842919373,
    -67.81890999316));
#2052 = CARTESIAN_POINT('',(0.581595027928,32.008242713659,
    -67.68319064231));
#2053 = CARTESIAN_POINT('',(0.890638450164,32.039359232695,
    -67.54746855895));
#2054 = CARTESIAN_POINT('',(1.197800588927,32.08410266284,
    -67.41174628831));
#2055 = CARTESIAN_POINT('',(1.831026815887,32.205174710572,
    -67.12957840169));
#2056 = CARTESIAN_POINT('',(2.156682100853,32.283723674931,
    -66.98312622427));
#2057 = CARTESIAN_POINT('',(2.478456078808,32.37781587396,
    -66.83667408273));
#2058 = CARTESIAN_POINT('',(2.795482496225,32.487223845209,
    -66.69022287279));
#2059 = CARTESIAN_POINT('',(3.106914731721,32.611663685392,
    -66.54377186901));
#2060 = CARTESIAN_POINT('',(3.41192724843,32.750796687279,
    -66.39732005844));
#2061 = CARTESIAN_POINT('',(3.709717555094,32.90422954487,
    -66.25086747005));
#2062 = CARTESIAN_POINT('',(4.906080943641,33.594837153656,
    -65.64626447665));
#2063 = CARTESIAN_POINT('',(5.735566240625,34.254406260963,
    -65.18752378692));
#2064 = CARTESIAN_POINT('',(6.46210630234,35.036102225794,
    -64.72912524844));
#2065 = CARTESIAN_POINT('',(7.065463661714,35.920428842761,
    -64.27095970227));
#2066 = CARTESIAN_POINT('',(7.529695478866,36.885078630996,
    -63.81279219698));
#2067 = CARTESIAN_POINT('',(7.843463677847,37.905096981893,
    -63.35439376051));
#2068 = CARTESIAN_POINT('',(8.,38.953219805764,-62.89565533021));
#2069 = CARTESIAN_POINT('',(8.,40.,-62.43750357258));
#2070 = PCURVE('',#1495,#2071);
#2071 = DEFINITIONAL_REPRESENTATION('',(#2072),#2152);
#2072 = B_SPLINE_CURVE_WITH_KNOTS('',8,(#2073,#2074,#2075,#2076,#2077,
    #2078,#2079,#2080,#2081,#2082,#2083,#2084,#2085,#2086,#2087,#2088,
    #2089,#2090,#2091,#2092,#2093,#2094,#2095,#2096,#2097,#2098,#2099,
    #2100,#2101,#2102,#2103,#2104,#2105,#2106,#2107,#2108,#2109,#2110,
    #2111,#2112,#2113,#2114,#2115,#2116,#2117,#2118,#2119,#2120,#2121,
    #2122,#2123,#2124,#2125,#2126,#2127,#2128,#2129,#2130,#2131,#2132,
    #2133,#2134,#2135,#2136,#2137,#2138,#2139,#2140,#2141,#2142,#2143,
    #2144,#2145,#2146,#2147,#2148,#2149,#2150,#2151),.UNSPECIFIED.,.F.,
  .F.,(9,7,7,7,7,7,7,7,7,7,7,9),(0.,9.811152049112E-02,0.137319536619,
    0.19422766286,0.275441560502,0.366133382208,0.449846600448,
    0.591556149518,0.730751503257,0.780112167142,0.833374864863,1.),
  .UNSPECIFIED.);
#2073 = CARTESIAN_POINT('',(0.,6.562494823729));
#2074 = CARTESIAN_POINT('',(7.703875427988E-02,6.83223892245));
#2075 = CARTESIAN_POINT('',(0.154091336687,7.102031942053));
#2076 = CARTESIAN_POINT('',(0.231138199066,7.37180561483));
#2077 = CARTESIAN_POINT('',(0.30817854483,7.641557145515));
#2078 = CARTESIAN_POINT('',(0.385218200605,7.911306519289));
#2079 = CARTESIAN_POINT('',(0.46226346446,8.181074669094));
#2080 = CARTESIAN_POINT('',(0.539314925628,8.450862497364));
#2081 = CARTESIAN_POINT('',(0.647142647435,8.828409440871));
#2082 = CARTESIAN_POINT('',(0.677931284219,8.936212754148));
#2083 = CARTESIAN_POINT('',(0.708720305237,9.044015729562));
#2084 = CARTESIAN_POINT('',(0.739508728304,9.151819256825));
#2085 = CARTESIAN_POINT('',(0.770296654071,9.25962147464));
#2086 = CARTESIAN_POINT('',(0.801084566518,9.367421236744));
#2087 = CARTESIAN_POINT('',(0.83187256508,9.475222160069));
#2088 = CARTESIAN_POINT('',(0.90734950392,9.739496367575));
#2089 = CARTESIAN_POINT('',(0.95203802147,9.895968341131));
#2090 = CARTESIAN_POINT('',(0.996726098471,10.052439153541));
#2091 = CARTESIAN_POINT('',(1.041413850468,10.208909284214));
#2092 = CARTESIAN_POINT('',(1.086101803129,10.365380501186));
#2093 = CARTESIAN_POINT('',(1.130790354911,10.521854067783));
#2094 = CARTESIAN_POINT('',(1.175479230747,10.678328886666));
#2095 = CARTESIAN_POINT('',(1.283940981614,11.058099763775));
#2096 = CARTESIAN_POINT('',(1.347720828891,11.28142024643));
#2097 = CARTESIAN_POINT('',(1.411498746607,11.504733646203));
#2098 = CARTESIAN_POINT('',(1.475273703361,11.728036159653));
#2099 = CARTESIAN_POINT('',(1.53904813873,11.951336321276));
#2100 = CARTESIAN_POINT('',(1.602824799173,12.174643896412));
#2101 = CARTESIAN_POINT('',(1.666603629399,12.397958908679));
#2102 = CARTESIAN_POINT('',(1.80159656792,12.870622747159));
#2103 = CARTESIAN_POINT('',(1.872823838959,13.12001766137));
#2104 = CARTESIAN_POINT('',(1.944047209888,13.369399113849));
#2105 = CARTESIAN_POINT('',(2.015265910595,13.618764583688));
#2106 = CARTESIAN_POINT('',(2.08648390667,13.868127964637));
#2107 = CARTESIAN_POINT('',(2.157705523729,14.117504283773));
#2108 = CARTESIAN_POINT('',(2.228931131372,14.366894690524));
#2109 = CARTESIAN_POINT('',(2.365887729602,14.846436574985));
#2110 = CARTESIAN_POINT('',(2.431631463265,15.076632671594));
#2111 = CARTESIAN_POINT('',(2.497372780305,15.306820218139));
#2112 = CARTESIAN_POINT('',(2.563111053226,15.536996953886));
#2113 = CARTESIAN_POINT('',(2.628849307285,15.767173465205));
#2114 = CARTESIAN_POINT('',(2.694590572451,15.997360412731));
#2115 = CARTESIAN_POINT('',(2.760334233277,16.227555722017));
#2116 = CARTESIAN_POINT('',(2.937353759215,16.847373183554));
#2117 = CARTESIAN_POINT('',(3.04871138901,17.237281677916));
#2118 = CARTESIAN_POINT('',(3.160027893142,17.627046510513));
#2119 = CARTESIAN_POINT('',(3.271311226176,18.016695701948));
#2120 = CARTESIAN_POINT('',(3.382594271339,18.406343851552));
#2121 = CARTESIAN_POINT('',(3.49391008599,18.796105630166));
#2122 = CARTESIAN_POINT('',(3.605267004807,19.186010610884));
#2123 = CARTESIAN_POINT('',(3.825856563488,19.958382619263));
#2124 = CARTESIAN_POINT('',(3.935233041544,20.341353276535));
#2125 = CARTESIAN_POINT('',(4.04457221469,20.724194058111));
#2126 = CARTESIAN_POINT('',(4.153880976685,21.106929986419));
#2127 = CARTESIAN_POINT('',(4.263189605074,21.489668346264));
#2128 = CARTESIAN_POINT('',(4.37252850949,21.872513098222));
#2129 = CARTESIAN_POINT('',(4.481905163938,22.255484562106));
#2130 = CARTESIAN_POINT('',(4.629974788078,22.773934707552));
#2131 = CARTESIAN_POINT('',(4.668736379797,22.90965555712));
#2132 = CARTESIAN_POINT('',(4.707497886426,23.045373068213));
#2133 = CARTESIAN_POINT('',(4.746259493687,23.181090006836));
#2134 = CARTESIAN_POINT('',(4.785021388455,23.316809357683));
#2135 = CARTESIAN_POINT('',(4.82378369315,23.452531441041));
#2136 = CARTESIAN_POINT('',(4.862546160925,23.588253711686));
#2137 = CARTESIAN_POINT('',(4.943133254267,23.870421598304));
#2138 = CARTESIAN_POINT('',(4.984959805433,24.016873775728));
#2139 = CARTESIAN_POINT('',(5.026786206144,24.163325917266));
#2140 = CARTESIAN_POINT('',(5.068612248069,24.309777127206));
#2141 = CARTESIAN_POINT('',(5.110438191187,24.456228130989));
#2142 = CARTESIAN_POINT('',(5.152264369936,24.602679941553));
#2143 = CARTESIAN_POINT('',(5.194090807879,24.74913252995));
#2144 = CARTESIAN_POINT('',(5.366763919692,25.353735523343));
#2145 = CARTESIAN_POINT('',(5.497779675636,25.812476213079));
#2146 = CARTESIAN_POINT('',(5.628698908974,26.270874751554));
#2147 = CARTESIAN_POINT('',(5.759552096355,26.729040297727));
#2148 = CARTESIAN_POINT('',(5.890404692718,27.187207803012));
#2149 = CARTESIAN_POINT('',(6.021322777571,27.645606239485));
#2150 = CARTESIAN_POINT('',(6.1523377829,28.104344669785));
#2151 = CARTESIAN_POINT('',(6.28318530718,28.562496427417));
#2152 = ( GEOMETRIC_REPRESENTATION_CONTEXT(2) 
PARAMETRIC_REPRESENTATION_CONTEXT() REPRESENTATION_CONTEXT('2D SPACE',''
  ) );
#2153 = PCURVE('',#1948,#2154);
#2154 = DEFINITIONAL_REPRESENTATION('',(#2155),#2235);
#2155 = B_SPLINE_CURVE_WITH_KNOTS('',8,(#2156,#2157,#2158,#2159,#2160,
    #2161,#2162,#2163,#2164,#2165,#2166,#2167,#2168,#2169,#2170,#2171,
    #2172,#2173,#2174,#2175,#2176,#2177,#2178,#2179,#2180,#2181,#2182,
    #2183,#2184,#2185,#2186,#2187,#2188,#2189,#2190,#2191,#2192,#2193,
    #2194,#2195,#2196,#2197,#2198,#2199,#2200,#2201,#2202,#2203,#2204,
    #2205,#2206,#2207,#2208,#2209,#2210,#2211,#2212,#2213,#2214,#2215,
    #2216,#2217,#2218,#2219,#2220,#2221,#2222,#2223,#2224,#2225,#2226,
    #2227,#2228,#2229,#2230,#2231,#2232,#2233,#2234),.UNSPECIFIED.,.F.,
  .F.,(9,7,7,7,7,7,7,7,7,7,7,9),(0.,9.811152049112E-02,0.137319536619,
    0.19422766286,0.275441560502,0.366133382208,0.449846600448,
    0.591556149518,0.730751503257,0.780112167142,0.833374864863,1.),
  .UNSPECIFIED.);
#2156 = CARTESIAN_POINT('',(0.,6.562494823729));
#2157 = CARTESIAN_POINT('',(7.703875427988E-02,6.83223892245));
#2158 = CARTESIAN_POINT('',(0.154091336687,7.102031942053));
#2159 = CARTESIAN_POINT('',(0.231138199066,7.37180561483));
#2160 = CARTESIAN_POINT('',(0.30817854483,7.641557145515));
#2161 = CARTESIAN_POINT('',(0.385218200605,7.911306519289));
#2162 = CARTESIAN_POINT('',(0.46226346446,8.181074669094));
#2163 = CARTESIAN_POINT('',(0.539314925628,8.450862497364));
#2164 = CARTESIAN_POINT('',(0.647142647435,8.828409440871));
#2165 = CARTESIAN_POINT('',(0.677931284219,8.936212754148));
#2166 = CARTESIAN_POINT('',(0.708720305237,9.044015729562));
#2167 = CARTESIAN_POINT('',(0.739508728304,9.151819256825));
#2168 = CARTESIAN_POINT('',(0.770296654071,9.25962147464));
#2169 = CARTESIAN_POINT('',(0.801084566518,9.367421236744));
#2170 = CARTESIAN_POINT('',(0.83187256508,9.475222160069));
#2171 = CARTESIAN_POINT('',(0.90734950392,9.739496367575));
#2172 = CARTESIAN_POINT('',(0.95203802147,9.895968341131));
#2173 = CARTESIAN_POINT('',(0.996726098471,10.052439153541));
#2174 = CARTESIAN_POINT('',(1.041413850468,10.208909284214));
#2175 = CARTESIAN_POINT('',(1.086101803129,10.365380501186));
#2176 = CARTESIAN_POINT('',(1.130790354911,10.521854067783));
#2177 = CARTESIAN_POINT('',(1.175479230747,10.678328886666));
#2178 = CARTESIAN_POINT('',(1.283940981614,11.058099763775));
#2179 = CARTESIAN_POINT('',(1.347720828891,11.28142024643));
#2180 = CARTESIAN_POINT('',(1.411498746607,11.504733646203));
#2181 = CARTESIAN_POINT('',(1.475273703361,11.728036159653));
#2182 = CARTESIAN_POINT('',(1.53904813873,11.951336321276));
#2183 = CARTESIAN_POINT('',(1.602824799173,12.174643896412));
#2184 = CARTESIAN_POINT('',(1.666603629399,12.397958908679));
#2185 = CARTESIAN_POINT('',(1.80159656792,12.870622747159));
#2186 = CARTESIAN_POINT('',(1.872823838959,13.12001766137));
#2187 = CARTESIAN_POINT('',(1.944047209888,13.369399113849));
#2188 = CARTESIAN_POINT('',(2.015265910595,13.618764583688));
#2189 = CARTESIAN_POINT('',(2.08648390667,13.868127964637));
#2190 = CARTESIAN_POINT('',(2.157705523729,14.117504283773));
#2191 = CARTESIAN_POINT('',(2.228931131372,14.366894690524));
#2192 = CARTESIAN_POINT('',(2.365887729602,14.846436574985));
#2193 = CARTESIAN_POINT('',(2.431631463265,15.076632671594));
#2194 = CARTESIAN_POINT('',(2.497372780305,15.306820218139));
#2195 = CARTESIAN_POINT('',(2.563111053226,15.536996953886));
#2196 = CARTESIAN_POINT('',(2.628849307285,15.767173465205));
#2197 = CARTESIAN_POINT('',(2.694590572451,15.997360412731));
#2198 = CARTESIAN_POINT('',(2.760334233277,16.227555722017));
#2199 = CARTESIAN_POINT('',(2.937353759215,16.847373183554));
#2200 = CARTESIAN_POINT('',(3.04871138901,17.237281677916));
#2201 = CARTESIAN_POINT('',(3.160027893142,17.627046510513));
#2202 = CARTESIAN_POINT('',(3.271311226176,18.016695701948));
#2203 = CARTESIAN_POINT('',(3.382594271339,18.406343851552));
#2204 = CARTESIAN_POINT('',(3.49391008599,18.796105630166));
#2205 = CARTESIAN_POINT('',(3.605267004807,19.186010610884));
#2206 = CARTESIAN_POINT('',(3.825856563488,19.958382619263));
#2207 = CARTESIAN_POINT('',(3.935233041544,20.341353276535));
#2208 = CARTESIAN_POINT('',(4.04457221469,20.724194058111));
#2209 = CARTESIAN_POINT('',(4.153880976685,21.106929986419));
#2210 = CARTESIAN_POINT('',(4.263189605074,21.489668346264));
#2211 = CARTESIAN_POINT('',(4.37252850949,21.872513098222));
#2212 = CARTESIAN_POINT('',(4.481905163938,22.255484562106));
#2213 = CARTESIAN_POINT('',(4.629974788078,22.773934707552));
#2214 = CARTESIAN_POINT('',(4.668736379797,22.90965555712));
#2215 = CARTESIAN_POINT('',(4.707497886426,23.045373068213));
#2216 = CARTESIAN_POINT('',(4.746259493687,23.181090006836));
#2217 = CARTESIAN_POINT('',(4.785021388455,23.316809357683));
#2218 = CARTESIAN_POINT('',(4.82378369315,23.452531441041));
#2219 = CARTESIAN_POINT('',(4.862546160925,23.588253711686));
#2220 = CARTESIAN_POINT('',(4.943133254267,23.870421598304));
#2221 = CARTESIAN_POINT('',(4.984959805433,24.016873775728));
#2222 = CARTESIAN_POINT('',(5.026786206144,24.163325917266));
#2223 = CARTESIAN_POINT('',(5.068612248069,24.309777127206));
#2224 = CARTESIAN_POINT('',(5.110438191187,24.456228130989));
#2225 = CARTESIAN_POINT('',(5.152264369936,24.602679941553));
#2226 = CARTESIAN_POINT('',(5.194090807879,24.74913252995));
#2227 = CARTESIAN_POINT('',(5.366763919692,25.353735523343));
#2228 = CARTESIAN_POINT('',(5.497779675636,25.812476213079));
#2229 = CARTESIAN_POINT('',(5.628698908974,26.270874751554));
#2230 = CARTESIAN_POINT('',(5.759552096355,26.729040297727));
#2231 = CARTESIAN_POINT('',(5.890404692718,27.187207803012));
#2232 = CARTESIAN_POINT('',(6.021322777571,27.645606239485));
#2233 = CARTESIAN_POINT('',(6.1523377829,28.104344669785));
#2234 = CARTESIAN_POINT('',(6.28318530718,28.562496427417));
#2235 = ( GEOMETRIC_REPRESENTATION_CONTEXT(2) 
PARAMETRIC_REPRESENTATION_CONTEXT() REPRESENTATION_CONTEXT('2D SPACE',''
  ) );
#2236 = ADVANCED_FACE('',(#2237,#2465),#1681,.T.);
#2237 = FACE_BOUND('',#2238,.T.);
#2238 = EDGE_LOOP('',(#2239,#2265,#2294,#2328,#2438));
#2239 = ORIENTED_EDGE('',*,*,#2240,.T.);
#2240 = EDGE_CURVE('',#2241,#2243,#2245,.T.);
#2241 = VERTEX_POINT('',#2242);
#2242 = CARTESIAN_POINT('',(7.896989045618,38.720326598935,-41.));
#2243 = VERTEX_POINT('',#2244);
#2244 = CARTESIAN_POINT('',(8.,40.,-41.));
#2245 = SURFACE_CURVE('',#2246,(#2251,#2258),.PCURVE_S1.);
#2246 = CIRCLE('',#2247,8.);
#2247 = AXIS2_PLACEMENT_3D('',#2248,#2249,#2250);
#2248 = CARTESIAN_POINT('',(0.,40.,-41.));
#2249 = DIRECTION('',(0.,0.,1.));
#2250 = DIRECTION('',(1.,0.,-0.));
#2251 = PCURVE('',#1681,#2252);
#2252 = DEFINITIONAL_REPRESENTATION('',(#2253),#2257);
#2253 = CIRCLE('',#2254,8.);
#2254 = AXIS2_PLACEMENT_2D('',#2255,#2256);
#2255 = CARTESIAN_POINT('',(0.,0.));
#2256 = DIRECTION('',(1.,0.));
#2257 = ( GEOMETRIC_REPRESENTATION_CONTEXT(2) 
PARAMETRIC_REPRESENTATION_CONTEXT() REPRESENTATION_CONTEXT('2D SPACE',''
  ) );
#2258 = PCURVE('',#1976,#2259);
#2259 = DEFINITIONAL_REPRESENTATION('',(#2260),#2264);
#2260 = LINE('',#2261,#2262);
#2261 = CARTESIAN_POINT('',(0.,50.));
#2262 = VECTOR('',#2263,1.);
#2263 = DIRECTION('',(1.,0.));
#2264 = ( GEOMETRIC_REPRESENTATION_CONTEXT(2) 
PARAMETRIC_REPRESENTATION_CONTEXT() REPRESENTATION_CONTEXT('2D SPACE',''
  ) );
#2265 = ORIENTED_EDGE('',*,*,#2266,.T.);
#2266 = EDGE_CURVE('',#2243,#2267,#2269,.T.);
#2267 = VERTEX_POINT('',#2268);
#2268 = CARTESIAN_POINT('',(0.142795629361,32.001274513509,-41.));
#2269 = SURFACE_CURVE('',#2270,(#2275,#2282),.PCURVE_S1.);
#2270 = CIRCLE('',#2271,8.);
#2271 = AXIS2_PLACEMENT_3D('',#2272,#2273,#2274);
#2272 = CARTESIAN_POINT('',(0.,40.,-41.));
#2273 = DIRECTION('',(0.,0.,1.));
#2274 = DIRECTION('',(1.,0.,-0.));
#2275 = PCURVE('',#1681,#2276);
#2276 = DEFINITIONAL_REPRESENTATION('',(#2277),#2281);
#2277 = CIRCLE('',#2278,8.);
#2278 = AXIS2_PLACEMENT_2D('',#2279,#2280);
#2279 = CARTESIAN_POINT('',(0.,0.));
#2280 = DIRECTION('',(1.,0.));
#2281 = ( GEOMETRIC_REPRESENTATION_CONTEXT(2) 
PARAMETRIC_REPRESENTATION_CONTEXT() REPRESENTATION_CONTEXT('2D SPACE',''
  ) );
#2282 = PCURVE('',#2283,#2288);
#2283 = CYLINDRICAL_SURFACE('',#2284,8.);
#2284 = AXIS2_PLACEMENT_3D('',#2285,#2286,#2287);
#2285 = CARTESIAN_POINT('',(0.,40.,-91.));
#2286 = DIRECTION('',(0.,0.,1.));
#2287 = DIRECTION('',(1.,0.,-0.));
#2288 = DEFINITIONAL_REPRESENTATION('',(#2289),#2293);
#2289 = LINE('',#2290,#2291);
#2290 = CARTESIAN_POINT('',(0.,50.));
#2291 = VECTOR('',#2292,1.);
#2292 = DIRECTION('',(1.,0.));
#2293 = ( GEOMETRIC_REPRESENTATION_CONTEXT(2) 
PARAMETRIC_REPRESENTATION_CONTEXT() REPRESENTATION_CONTEXT('2D SPACE',''
  ) );
#2294 = ORIENTED_EDGE('',*,*,#2295,.F.);
#2295 = EDGE_CURVE('',#2296,#2267,#2298,.T.);
#2296 = VERTEX_POINT('',#2297);
#2297 = CARTESIAN_POINT('',(-2.116511564787E-06,32.799987773647,-41.));
#2298 = SURFACE_CURVE('',#2299,(#2305,#2314),.PCURVE_S1.);
#2299 = B_SPLINE_CURVE_WITH_KNOTS('',4,(#2300,#2301,#2302,#2303,#2304),
  .UNSPECIFIED.,.F.,.F.,(5,5),(0.,1.),.PIECEWISE_BEZIER_KNOTS.);
#2300 = CARTESIAN_POINT('',(-2.116511561567E-06,32.799987773647,-41.));
#2301 = CARTESIAN_POINT('',(3.220404544106E-02,32.599524821906,-41.));
#2302 = CARTESIAN_POINT('',(6.678621185867E-02,32.399348112685,-41.));
#2303 = CARTESIAN_POINT('',(0.10373675743,32.19949453318,-41.));
#2304 = CARTESIAN_POINT('',(0.143046732346,32.,-41.));
#2305 = PCURVE('',#1681,#2306);
#2306 = DEFINITIONAL_REPRESENTATION('',(#2307),#2313);
#2307 = B_SPLINE_CURVE_WITH_KNOTS('',4,(#2308,#2309,#2310,#2311,#2312),
  .UNSPECIFIED.,.F.,.F.,(5,5),(0.,1.),.PIECEWISE_BEZIER_KNOTS.);
#2308 = CARTESIAN_POINT('',(-2.116511561567E-06,-7.200012226353));
#2309 = CARTESIAN_POINT('',(3.220404544106E-02,-7.400475178094));
#2310 = CARTESIAN_POINT('',(6.678621185867E-02,-7.600651887315));
#2311 = CARTESIAN_POINT('',(0.10373675743,-7.80050546682));
#2312 = CARTESIAN_POINT('',(0.143046732346,-8.));
#2313 = ( GEOMETRIC_REPRESENTATION_CONTEXT(2) 
PARAMETRIC_REPRESENTATION_CONTEXT() REPRESENTATION_CONTEXT('2D SPACE',''
  ) );
#2314 = PCURVE('',#2315,#2320);
#2315 = PLANE('',#2316);
#2316 = AXIS2_PLACEMENT_3D('',#2317,#2318,#2319);
#2317 = CARTESIAN_POINT('',(0.,40.,-41.));
#2318 = DIRECTION('',(0.,0.,1.));
#2319 = DIRECTION('',(1.,0.,-0.));
#2320 = DEFINITIONAL_REPRESENTATION('',(#2321),#2327);
#2321 = B_SPLINE_CURVE_WITH_KNOTS('',4,(#2322,#2323,#2324,#2325,#2326),
  .UNSPECIFIED.,.F.,.F.,(5,5),(0.,1.),.PIECEWISE_BEZIER_KNOTS.);
#2322 = CARTESIAN_POINT('',(-2.116511561567E-06,-7.200012226353));
#2323 = CARTESIAN_POINT('',(3.220404544106E-02,-7.400475178094));
#2324 = CARTESIAN_POINT('',(6.678621185867E-02,-7.600651887315));
#2325 = CARTESIAN_POINT('',(0.10373675743,-7.80050546682));
#2326 = CARTESIAN_POINT('',(0.143046732346,-8.));
#2327 = ( GEOMETRIC_REPRESENTATION_CONTEXT(2) 
PARAMETRIC_REPRESENTATION_CONTEXT() REPRESENTATION_CONTEXT('2D SPACE',''
  ) );
#2328 = ORIENTED_EDGE('',*,*,#2329,.F.);
#2329 = EDGE_CURVE('',#2330,#2296,#2332,.T.);
#2330 = VERTEX_POINT('',#2331);
#2331 = CARTESIAN_POINT('',(7.126703379551,38.975332171935,-41.));
#2332 = SURFACE_CURVE('',#2333,(#2366,#2402),.PCURVE_S1.);
#2333 = B_SPLINE_CURVE_WITH_KNOTS('',6,(#2334,#2335,#2336,#2337,#2338,
    #2339,#2340,#2341,#2342,#2343,#2344,#2345,#2346,#2347,#2348,#2349,
    #2350,#2351,#2352,#2353,#2354,#2355,#2356,#2357,#2358,#2359,#2360,
    #2361,#2362,#2363,#2364,#2365),.UNSPECIFIED.,.F.,.F.,(7,5,5,5,5,5,7)
  ,(0.,2.200002008788E-02,5.000007257754E-02,0.313998839328,
    0.604995129003,0.894997819763,1.),.UNSPECIFIED.);
#2334 = CARTESIAN_POINT('',(7.126686650901,38.975340409231,-41.));
#2335 = CARTESIAN_POINT('',(7.12132022087,38.938025638108,-41.));
#2336 = CARTESIAN_POINT('',(7.115719251945,38.900744597198,-41.));
#2337 = CARTESIAN_POINT('',(7.109884023368,38.863499126302,-41.));
#2338 = CARTESIAN_POINT('',(7.103814832567,38.826291062061,-41.));
#2339 = CARTESIAN_POINT('',(7.09751199516,38.789122237957,-41.));
#2340 = CARTESIAN_POINT('',(7.082657100324,38.704740934244,-41.));
#2341 = CARTESIAN_POINT('',(7.073960426784,38.657553911308,-41.));
#2342 = CARTESIAN_POINT('',(7.064886512518,38.610437189159,-41.));
#2343 = CARTESIAN_POINT('',(7.055436093463,38.563394531542,-41.));
#2344 = CARTESIAN_POINT('',(7.045609953311,38.516429692293,-41.));
#2345 = CARTESIAN_POINT('',(6.939228414935,38.027506983436,-41.));
#2346 = CARTESIAN_POINT('',(6.809718288555,37.592703776746,-41.));
#2347 = CARTESIAN_POINT('',(6.647578070935,37.168306012152,-41.));
#2348 = CARTESIAN_POINT('',(6.453889599343,36.757347231739,-41.));
#2349 = CARTESIAN_POINT('',(6.230082816108,36.362712700875,-41.));
#2350 = CARTESIAN_POINT('',(5.700065838572,35.573071442773,-41.));
#2351 = CARTESIAN_POINT('',(5.387745745715,35.182118569579,-41.));
#2352 = CARTESIAN_POINT('',(5.043423408047,34.817867703797,-41.));
#2353 = CARTESIAN_POINT('',(4.669989360749,34.483525407594,-41.));
#2354 = CARTESIAN_POINT('',(4.270725008096,34.181898672465,-41.));
#2355 = CARTESIAN_POINT('',(3.429357730859,33.64963498112,-41.));
#2356 = CARTESIAN_POINT('',(2.987364150145,33.418732828015,-41.));
#2357 = CARTESIAN_POINT('',(2.526985845814,33.224917242993,-41.));
#2358 = CARTESIAN_POINT('',(2.052125050764,33.069931626329,-41.));
#2359 = CARTESIAN_POINT('',(1.566874022013,32.955007774275,-41.));
#2360 = CARTESIAN_POINT('',(0.897587507591,32.853907033221,-41.));
#2361 = CARTESIAN_POINT('',(0.718868427768,32.83236683698,-41.));
#2362 = CARTESIAN_POINT('',(0.539543857451,32.816191777096,-41.));
#2363 = CARTESIAN_POINT('',(0.359815029422,32.805402018026,-41.));
#2364 = CARTESIAN_POINT('',(0.179883925242,32.800007663242,-41.));
#2365 = CARTESIAN_POINT('',(-4.67247533876E-05,32.800008755229,-41.));
#2366 = PCURVE('',#1681,#2367);
#2367 = DEFINITIONAL_REPRESENTATION('',(#2368),#2401);
#2368 = B_SPLINE_CURVE_WITH_KNOTS('',6,(#2369,#2370,#2371,#2372,#2373,
    #2374,#2375,#2376,#2377,#2378,#2379,#2380,#2381,#2382,#2383,#2384,
    #2385,#2386,#2387,#2388,#2389,#2390,#2391,#2392,#2393,#2394,#2395,
    #2396,#2397,#2398,#2399,#2400),.UNSPECIFIED.,.F.,.F.,(7,5,5,5,5,5,7)
  ,(0.,2.200002008788E-02,5.000007257754E-02,0.313998839328,
    0.604995129003,0.894997819763,1.),.UNSPECIFIED.);
#2369 = CARTESIAN_POINT('',(7.126686650901,-1.024659590769));
#2370 = CARTESIAN_POINT('',(7.12132022087,-1.061974361892));
#2371 = CARTESIAN_POINT('',(7.115719251945,-1.099255402802));
#2372 = CARTESIAN_POINT('',(7.109884023368,-1.136500873698));
#2373 = CARTESIAN_POINT('',(7.103814832567,-1.173708937939));
#2374 = CARTESIAN_POINT('',(7.09751199516,-1.210877762043));
#2375 = CARTESIAN_POINT('',(7.082657100324,-1.295259065756));
#2376 = CARTESIAN_POINT('',(7.073960426784,-1.342446088692));
#2377 = CARTESIAN_POINT('',(7.064886512518,-1.389562810841));
#2378 = CARTESIAN_POINT('',(7.055436093463,-1.436605468458));
#2379 = CARTESIAN_POINT('',(7.045609953311,-1.483570307707));
#2380 = CARTESIAN_POINT('',(6.939228414935,-1.972493016564));
#2381 = CARTESIAN_POINT('',(6.809718288555,-2.407296223254));
#2382 = CARTESIAN_POINT('',(6.647578070935,-2.831693987848));
#2383 = CARTESIAN_POINT('',(6.453889599343,-3.242652768261));
#2384 = CARTESIAN_POINT('',(6.230082816108,-3.637287299125));
#2385 = CARTESIAN_POINT('',(5.700065838572,-4.426928557227));
#2386 = CARTESIAN_POINT('',(5.387745745715,-4.817881430421));
#2387 = CARTESIAN_POINT('',(5.043423408047,-5.182132296203));
#2388 = CARTESIAN_POINT('',(4.669989360749,-5.516474592406));
#2389 = CARTESIAN_POINT('',(4.270725008096,-5.818101327535));
#2390 = CARTESIAN_POINT('',(3.429357730859,-6.35036501888));
#2391 = CARTESIAN_POINT('',(2.987364150145,-6.581267171985));
#2392 = CARTESIAN_POINT('',(2.526985845814,-6.775082757007));
#2393 = CARTESIAN_POINT('',(2.052125050764,-6.930068373671));
#2394 = CARTESIAN_POINT('',(1.566874022013,-7.044992225725));
#2395 = CARTESIAN_POINT('',(0.897587507591,-7.146092966779));
#2396 = CARTESIAN_POINT('',(0.718868427768,-7.16763316302));
#2397 = CARTESIAN_POINT('',(0.539543857451,-7.183808222904));
#2398 = CARTESIAN_POINT('',(0.359815029422,-7.194597981974));
#2399 = CARTESIAN_POINT('',(0.179883925242,-7.199992336758));
#2400 = CARTESIAN_POINT('',(-4.67247533876E-05,-7.199991244771));
#2401 = ( GEOMETRIC_REPRESENTATION_CONTEXT(2) 
PARAMETRIC_REPRESENTATION_CONTEXT() REPRESENTATION_CONTEXT('2D SPACE',''
  ) );
#2402 = PCURVE('',#2315,#2403);
#2403 = DEFINITIONAL_REPRESENTATION('',(#2404),#2437);
#2404 = B_SPLINE_CURVE_WITH_KNOTS('',6,(#2405,#2406,#2407,#2408,#2409,
    #2410,#2411,#2412,#2413,#2414,#2415,#2416,#2417,#2418,#2419,#2420,
    #2421,#2422,#2423,#2424,#2425,#2426,#2427,#2428,#2429,#2430,#2431,
    #2432,#2433,#2434,#2435,#2436),.UNSPECIFIED.,.F.,.F.,(7,5,5,5,5,5,7)
  ,(0.,2.200002008788E-02,5.000007257754E-02,0.313998839328,
    0.604995129003,0.894997819763,1.),.UNSPECIFIED.);
#2405 = CARTESIAN_POINT('',(7.126686650901,-1.024659590769));
#2406 = CARTESIAN_POINT('',(7.12132022087,-1.061974361892));
#2407 = CARTESIAN_POINT('',(7.115719251945,-1.099255402802));
#2408 = CARTESIAN_POINT('',(7.109884023368,-1.136500873698));
#2409 = CARTESIAN_POINT('',(7.103814832567,-1.173708937939));
#2410 = CARTESIAN_POINT('',(7.09751199516,-1.210877762043));
#2411 = CARTESIAN_POINT('',(7.082657100324,-1.295259065756));
#2412 = CARTESIAN_POINT('',(7.073960426784,-1.342446088692));
#2413 = CARTESIAN_POINT('',(7.064886512518,-1.389562810841));
#2414 = CARTESIAN_POINT('',(7.055436093463,-1.436605468458));
#2415 = CARTESIAN_POINT('',(7.045609953311,-1.483570307707));
#2416 = CARTESIAN_POINT('',(6.939228414935,-1.972493016564));
#2417 = CARTESIAN_POINT('',(6.809718288555,-2.407296223254));
#2418 = CARTESIAN_POINT('',(6.647578070935,-2.831693987848));
#2419 = CARTESIAN_POINT('',(6.453889599343,-3.242652768261));
#2420 = CARTESIAN_POINT('',(6.230082816108,-3.637287299125));
#2421 = CARTESIAN_POINT('',(5.700065838572,-4.426928557227));
#2422 = CARTESIAN_POINT('',(5.387745745715,-4.817881430421));
#2423 = CARTESIAN_POINT('',(5.043423408047,-5.182132296203));
#2424 = CARTESIAN_POINT('',(4.669989360749,-5.516474592406));
#2425 = CARTESIAN_POINT('',(4.270725008096,-5.818101327535));
#2426 = CARTESIAN_POINT('',(3.429357730859,-6.35036501888));
#2427 = CARTESIAN_POINT('',(2.987364150145,-6.581267171985));
#2428 = CARTESIAN_POINT('',(2.526985845814,-6.775082757007));
#2429 = CARTESIAN_POINT('',(2.052125050764,-6.930068373671));
#2430 = CARTESIAN_POINT('',(1.566874022013,-7.044992225725));
#2431 = CARTESIAN_POINT('',(0.897587507591,-7.146092966779));
#2432 = CARTESIAN_POINT('',(0.718868427768,-7.16763316302));
#2433 = CARTESIAN_POINT('',(0.539543857451,-7.183808222904));
#2434 = CARTESIAN_POINT('',(0.359815029422,-7.194597981974));
#2435 = CARTESIAN_POINT('',(0.179883925242,-7.199992336758));
#2436 = CARTESIAN_POINT('',(-4.67247533876E-05,-7.199991244771));
#2437 = ( GEOMETRIC_REPRESENTATION_CONTEXT(2) 
PARAMETRIC_REPRESENTATION_CONTEXT() REPRESENTATION_CONTEXT('2D SPACE',''
  ) );
#2438 = ORIENTED_EDGE('',*,*,#2439,.F.);
#2439 = EDGE_CURVE('',#2241,#2330,#2440,.T.);
#2440 = SURFACE_CURVE('',#2441,(#2447,#2456),.PCURVE_S1.);
#2441 = B_SPLINE_CURVE_WITH_KNOTS('',4,(#2442,#2443,#2444,#2445,#2446),
  .UNSPECIFIED.,.F.,.F.,(5,5),(0.,1.),.PIECEWISE_BEZIER_KNOTS.);
#2442 = CARTESIAN_POINT('',(8.,38.683929205425,-41.));
#2443 = CARTESIAN_POINT('',(7.782973505185,38.761189262007,-41.));
#2444 = CARTESIAN_POINT('',(7.565048434024,38.835523181656,-41.));
#2445 = CARTESIAN_POINT('',(7.346274601942,38.906910341101,-41.));
#2446 = CARTESIAN_POINT('',(7.126703379551,38.975332171935,-41.));
#2447 = PCURVE('',#1681,#2448);
#2448 = DEFINITIONAL_REPRESENTATION('',(#2449),#2455);
#2449 = B_SPLINE_CURVE_WITH_KNOTS('',4,(#2450,#2451,#2452,#2453,#2454),
  .UNSPECIFIED.,.F.,.F.,(5,5),(0.,1.),.PIECEWISE_BEZIER_KNOTS.);
#2450 = CARTESIAN_POINT('',(8.,-1.316070794575));
#2451 = CARTESIAN_POINT('',(7.782973505185,-1.238810737993));
#2452 = CARTESIAN_POINT('',(7.565048434024,-1.164476818344));
#2453 = CARTESIAN_POINT('',(7.346274601942,-1.093089658899));
#2454 = CARTESIAN_POINT('',(7.126703379551,-1.024667828065));
#2455 = ( GEOMETRIC_REPRESENTATION_CONTEXT(2) 
PARAMETRIC_REPRESENTATION_CONTEXT() REPRESENTATION_CONTEXT('2D SPACE',''
  ) );
#2456 = PCURVE('',#2315,#2457);
#2457 = DEFINITIONAL_REPRESENTATION('',(#2458),#2464);
#2458 = B_SPLINE_CURVE_WITH_KNOTS('',4,(#2459,#2460,#2461,#2462,#2463),
  .UNSPECIFIED.,.F.,.F.,(5,5),(0.,1.),.PIECEWISE_BEZIER_KNOTS.);
#2459 = CARTESIAN_POINT('',(8.,-1.316070794575));
#2460 = CARTESIAN_POINT('',(7.782973505185,-1.238810737993));
#2461 = CARTESIAN_POINT('',(7.565048434024,-1.164476818344));
#2462 = CARTESIAN_POINT('',(7.346274601942,-1.093089658899));
#2463 = CARTESIAN_POINT('',(7.126703379551,-1.024667828065));
#2464 = ( GEOMETRIC_REPRESENTATION_CONTEXT(2) 
PARAMETRIC_REPRESENTATION_CONTEXT() REPRESENTATION_CONTEXT('2D SPACE',''
  ) );
#2465 = FACE_BOUND('',#2466,.T.);
#2466 = EDGE_LOOP('',(#2467));
#2467 = ORIENTED_EDGE('',*,*,#1664,.T.);
#2468 = ADVANCED_FACE('',(#2469),#1948,.T.);
#2469 = FACE_BOUND('',#2470,.T.);
#2470 = EDGE_LOOP('',(#2471,#2472,#2473,#2501));
#2471 = ORIENTED_EDGE('',*,*,#1932,.F.);
#2472 = ORIENTED_EDGE('',*,*,#1988,.T.);
#2473 = ORIENTED_EDGE('',*,*,#2474,.T.);
#2474 = EDGE_CURVE('',#1961,#2475,#2477,.T.);
#2475 = VERTEX_POINT('',#2476);
#2476 = CARTESIAN_POINT('',(8.,40.,-57.56250331731));
#2477 = SURFACE_CURVE('',#2478,(#2482,#2489),.PCURVE_S1.);
#2478 = LINE('',#2479,#2480);
#2479 = CARTESIAN_POINT('',(8.,40.,-91.));
#2480 = VECTOR('',#2481,1.);
#2481 = DIRECTION('',(0.,0.,1.));
#2482 = PCURVE('',#1948,#2483);
#2483 = DEFINITIONAL_REPRESENTATION('',(#2484),#2488);
#2484 = LINE('',#2485,#2486);
#2485 = CARTESIAN_POINT('',(6.28318530718,0.));
#2486 = VECTOR('',#2487,1.);
#2487 = DIRECTION('',(0.,1.));
#2488 = ( GEOMETRIC_REPRESENTATION_CONTEXT(2) 
PARAMETRIC_REPRESENTATION_CONTEXT() REPRESENTATION_CONTEXT('2D SPACE',''
  ) );
#2489 = PCURVE('',#2490,#2495);
#2490 = CYLINDRICAL_SURFACE('',#2491,8.);
#2491 = AXIS2_PLACEMENT_3D('',#2492,#2493,#2494);
#2492 = CARTESIAN_POINT('',(0.,40.,-91.));
#2493 = DIRECTION('',(0.,0.,1.));
#2494 = DIRECTION('',(1.,0.,-0.));
#2495 = DEFINITIONAL_REPRESENTATION('',(#2496),#2500);
#2496 = LINE('',#2497,#2498);
#2497 = CARTESIAN_POINT('',(0.,0.));
#2498 = VECTOR('',#2499,1.);
#2499 = DIRECTION('',(0.,1.));
#2500 = ( GEOMETRIC_REPRESENTATION_CONTEXT(2) 
PARAMETRIC_REPRESENTATION_CONTEXT() REPRESENTATION_CONTEXT('2D SPACE',''
  ) );
#2501 = ORIENTED_EDGE('',*,*,#2502,.F.);
#2502 = EDGE_CURVE('',#1933,#2475,#2503,.T.);
#2503 = SURFACE_CURVE('',#2504,(#2584,#2667),.PCURVE_S1.);
#2504 = B_SPLINE_CURVE_WITH_KNOTS('',8,(#2505,#2506,#2507,#2508,#2509,
    #2510,#2511,#2512,#2513,#2514,#2515,#2516,#2517,#2518,#2519,#2520,
    #2521,#2522,#2523,#2524,#2525,#2526,#2527,#2528,#2529,#2530,#2531,
    #2532,#2533,#2534,#2535,#2536,#2537,#2538,#2539,#2540,#2541,#2542,
    #2543,#2544,#2545,#2546,#2547,#2548,#2549,#2550,#2551,#2552,#2553,
    #2554,#2555,#2556,#2557,#2558,#2559,#2560,#2561,#2562,#2563,#2564,
    #2565,#2566,#2567,#2568,#2569,#2570,#2571,#2572,#2573,#2574,#2575,
    #2576,#2577,#2578,#2579,#2580,#2581,#2582,#2583),.UNSPECIFIED.,.F.,
  .F.,(9,7,7,7,7,7,7,7,7,7,7,9),(0.,0.11451484954,0.182392906958,
    0.274041422002,0.348408871799,0.449335517776,0.534186350398,
    0.661913152008,0.700950634655,0.751058487652,0.866743799669,1.),
  .UNSPECIFIED.);
#2505 = CARTESIAN_POINT('',(8.,40.,-79.56250557341));
#2506 = CARTESIAN_POINT('',(8.,40.719431587449,-79.24762761764));
#2507 = CARTESIAN_POINT('',(7.926059317509,41.439073591086,
    -78.9326567196));
#2508 = CARTESIAN_POINT('',(7.778104857569,42.149744038501,
    -78.61773123976));
#2509 = CARTESIAN_POINT('',(7.557511458347,42.84255936776,
    -78.30284957145));
#2510 = CARTESIAN_POINT('',(7.266848955957,43.509016850903,
    -77.98796956434));
#2511 = CARTESIAN_POINT('',(6.909789842254,44.141031914109,
    -77.67304869579));
#2512 = CARTESIAN_POINT('',(6.491149143752,44.731022380359,
    -77.35808307608));
#2513 = CARTESIAN_POINT('',(5.735995496102,45.592871258192,
    -76.85656013374));
#2514 = CARTESIAN_POINT('',(5.435414987351,45.896499810503,
    -76.66990951926));
#2515 = CARTESIAN_POINT('',(5.116511141031,46.181614936606,
    -76.48326544928));
#2516 = CARTESIAN_POINT('',(4.780627140058,46.446928735016,
    -76.29662247605));
#2517 = CARTESIAN_POINT('',(4.429199632758,46.691280688248,
    -76.10997770755));
#2518 = CARTESIAN_POINT('',(4.063755550516,46.913634583467,
    -75.92333034478));
#2519 = CARTESIAN_POINT('',(3.685914838824,47.113078294406,
    -75.7366787983));
#2520 = CARTESIAN_POINT('',(2.772789812805,47.526164705747,
    -75.29803056724));
#2521 = CARTESIAN_POINT('',(2.228600790723,47.720368406895,
    -75.04598924145));
#2522 = CARTESIAN_POINT('',(1.66904914712,47.869515682978,-74.7939609662
    ));
#2523 = CARTESIAN_POINT('',(1.098513464038,47.972229199623,
    -74.54194922001));
#2524 = CARTESIAN_POINT('',(0.521464404441,48.027643140867,
    -74.28993983776));
#2525 = CARTESIAN_POINT('',(-5.756301712834E-02,48.035385591393,
    -74.03791708357));
#2526 = CARTESIAN_POINT('',(-0.633990894415,47.995598278286,
    -73.78587979921));
#2527 = CARTESIAN_POINT('',(-1.665139754477,47.838724749431,
    -73.32937886481));
#2528 = CARTESIAN_POINT('',(-2.122380468211,47.73761854223,
    -73.12487701292));
#2529 = CARTESIAN_POINT('',(-2.57251732325,47.606043508535,
    -72.92037981479));
#2530 = CARTESIAN_POINT('',(-3.01318344923,47.444596623568,
    -72.71588840068));
#2531 = CARTESIAN_POINT('',(-3.442086503401,47.254087344127,
    -72.51139686827));
#2532 = CARTESIAN_POINT('',(-3.857016447759,47.035528586839,
    -72.30689937975));
#2533 = CARTESIAN_POINT('',(-4.255857429485,46.790137860287,
    -72.10239725221));
#2534 = CARTESIAN_POINT('',(-5.153327824548,46.15185098547,
    -71.6203839247));
#2535 = CARTESIAN_POINT('',(-5.636855303974,45.73748109915,
    -71.3428120957));
#2536 = CARTESIAN_POINT('',(-6.082082293004,45.279825871387,
    -71.0652643453));
#2537 = CARTESIAN_POINT('',(-6.484527473706,44.78307424694,
    -70.78774115023));
#2538 = CARTESIAN_POINT('',(-6.840297227802,44.251895357183,
    -70.510218489));
#2539 = CARTESIAN_POINT('',(-7.146081077807,43.69138801348,
    -70.23267212542));
#2540 = CARTESIAN_POINT('',(-7.399200830357,43.107069835961,
    -69.95510190887));
#2541 = CARTESIAN_POINT('',(-7.76464951545,41.998597913825,
    -69.44426355641));
#2542 = CARTESIAN_POINT('',(-7.893021719674,41.479565319611,
    -69.21092594202));
#2543 = CARTESIAN_POINT('',(-7.981690470015,40.951265975531,
    -68.9775973584));
#2544 = CARTESIAN_POINT('',(-8.029906182004,40.417252394614,
    -68.74428007839));
#2545 = CARTESIAN_POINT('',(-8.037297834978,39.88111755148,
    -68.51096276255));
#2546 = CARTESIAN_POINT('',(-8.003862086389,39.346473481279,
    -68.27763410897));
#2547 = CARTESIAN_POINT('',(-7.92997628517,38.816931151734,
    -68.04429647666));
#2548 = CARTESIAN_POINT('',(-7.645521137433,37.512041614293,
    -67.45976509239));
#2549 = CARTESIAN_POINT('',(-7.384648941293,36.747238241598,
    -67.10839168671));
#2550 = CARTESIAN_POINT('',(-7.03641943041,36.01426086095,-66.7571008868
    ));
#2551 = CARTESIAN_POINT('',(-6.605574130216,35.324693442412,
    -66.40588394386));
#2552 = CARTESIAN_POINT('',(-6.098487214822,34.689091370592,
    -66.05466753722));
#2553 = CARTESIAN_POINT('',(-5.52299523088,34.11697328142,
    -65.70337776155));
#2554 = CARTESIAN_POINT('',(-4.888444580825,33.616659156116,
    -65.35200433946));
#2555 = CARTESIAN_POINT('',(-3.997209250782,33.065847663185,
    -64.89344363387));
#2556 = CARTESIAN_POINT('',(-3.784060950144,32.944216929596,
    -64.78609833565));
#2557 = CARTESIAN_POINT('',(-3.566692125772,32.830079794332,
    -64.67875219043));
#2558 = CARTESIAN_POINT('',(-3.345411245709,32.723606878638,
    -64.57140560599));
#2559 = CARTESIAN_POINT('',(-3.120534393527,32.62495317671,
    -64.46405869201));
#2560 = CARTESIAN_POINT('',(-2.892384884487,32.534257894575,
    -64.35671154353));
#2561 = CARTESIAN_POINT('',(-2.661292881713,32.451644288975,
    -64.24936452444));
#2562 = CARTESIAN_POINT('',(-2.127624376718,32.281689112902,
    -64.00423107347));
#2563 = CARTESIAN_POINT('',(-1.823350297566,32.199647327291,
    -63.86644133243));
#2564 = CARTESIAN_POINT('',(-1.515489980716,32.131323076981,
    -63.72865039044));
#2565 = CARTESIAN_POINT('',(-1.204763281366,32.076896888029,
    -63.59086428505));
#2566 = CARTESIAN_POINT('',(-0.891905384751,32.036503166305,
    -63.4530783647));
#2567 = CARTESIAN_POINT('',(-0.577656260227,32.010230435604,
    -63.31528908828));
#2568 = CARTESIAN_POINT('',(-0.262751684059,31.99812073625,
    -63.17750359422));
#2569 = CARTESIAN_POINT('',(0.778871904615,32.004899163739,
    -62.72160662454));
#2570 = CARTESIAN_POINT('',(1.505408827702,32.085097607255,
    -62.40339957464));
#2571 = CARTESIAN_POINT('',(2.222196886813,32.240778533448,
    -62.08523883587));
#2572 = CARTESIAN_POINT('',(2.920092422924,32.470447380279,
    -61.76712232219));
#2573 = CARTESIAN_POINT('',(3.590355758336,32.771373594712,
    -61.44900546624));
#2574 = CARTESIAN_POINT('',(4.224687784982,33.139682637559,
    -61.13084312777));
#2575 = CARTESIAN_POINT('',(4.815322962892,33.570308587957,
    -60.81263291386));
#2576 = CARTESIAN_POINT('',(5.977233323516,34.617286260848,
    -60.1280940095));
#2577 = CARTESIAN_POINT('',(6.53249872401,35.252413254251,
    -59.76147033662));
#2578 = CARTESIAN_POINT('',(7.010053716662,35.952556134665,
    -59.3949491758));
#2579 = CARTESIAN_POINT('',(7.40125109519,36.706414032188,
    -59.02851466093));
#2580 = CARTESIAN_POINT('',(7.699414808591,37.501670187163,
    -58.66207978226));
#2581 = CARTESIAN_POINT('',(7.899867098587,38.325121631968,
    -58.29555796775));
#2582 = CARTESIAN_POINT('',(8.,39.162784579322,-57.92893268854));
#2583 = CARTESIAN_POINT('',(8.,40.,-57.56250331731));
#2584 = PCURVE('',#1948,#2585);
#2585 = DEFINITIONAL_REPRESENTATION('',(#2586),#2666);
#2586 = B_SPLINE_CURVE_WITH_KNOTS('',8,(#2587,#2588,#2589,#2590,#2591,
    #2592,#2593,#2594,#2595,#2596,#2597,#2598,#2599,#2600,#2601,#2602,
    #2603,#2604,#2605,#2606,#2607,#2608,#2609,#2610,#2611,#2612,#2613,
    #2614,#2615,#2616,#2617,#2618,#2619,#2620,#2621,#2622,#2623,#2624,
    #2625,#2626,#2627,#2628,#2629,#2630,#2631,#2632,#2633,#2634,#2635,
    #2636,#2637,#2638,#2639,#2640,#2641,#2642,#2643,#2644,#2645,#2646,
    #2647,#2648,#2649,#2650,#2651,#2652,#2653,#2654,#2655,#2656,#2657,
    #2658,#2659,#2660,#2661,#2662,#2663,#2664,#2665),.UNSPECIFIED.,.F.,
  .F.,(9,7,7,7,7,7,7,7,7,7,7,9),(0.,0.11451484954,0.182392906958,
    0.274041422002,0.348408871799,0.449335517776,0.534186350398,
    0.661913152008,0.700950634655,0.751058487652,0.866743799669,1.),
  .UNSPECIFIED.);
#2587 = CARTESIAN_POINT('',(0.,11.437494426585));
#2588 = CARTESIAN_POINT('',(8.992894843108E-02,11.752372382351));
#2589 = CARTESIAN_POINT('',(0.179884208294,12.0673432804));
#2590 = CARTESIAN_POINT('',(0.269826226842,12.382268760238));
#2591 = CARTESIAN_POINT('',(0.359755482086,12.697150428545));
#2592 = CARTESIAN_POINT('',(0.449684389987,13.012030435657));
#2593 = CARTESIAN_POINT('',(0.53962570053,13.32695130421));
#2594 = CARTESIAN_POINT('',(0.629580674371,13.641916923915));
#2595 = CARTESIAN_POINT('',(0.772815649575,14.143439866254));
#2596 = CARTESIAN_POINT('',(0.826122549261,14.330090480736));
#2597 = CARTESIAN_POINT('',(0.879429113214,14.516734550717));
#2598 = CARTESIAN_POINT('',(0.932734485252,14.703377523943));
#2599 = CARTESIAN_POINT('',(0.98603980602,14.890022292445));
#2600 = CARTESIAN_POINT('',(1.039346419694,15.076669655218));
#2601 = CARTESIAN_POINT('',(1.092653678395,15.263321201691));
#2602 = CARTESIAN_POINT('',(1.217930727394,15.701969432754));
#2603 = CARTESIAN_POINT('',(1.289913127792,15.954010758544));
#2604 = CARTESIAN_POINT('',(1.361891864912,16.206039033793));
#2605 = CARTESIAN_POINT('',(1.433866081653,16.458050779985));
#2606 = CARTESIAN_POINT('',(1.505839821421,16.710060162233));
#2607 = CARTESIAN_POINT('',(1.577817495189,16.962082916422));
#2608 = CARTESIAN_POINT('',(1.649799365768,17.214120200781));
#2609 = CARTESIAN_POINT('',(1.780176060128,17.670621135186));
#2610 = CARTESIAN_POINT('',(1.838581797226,17.875122987074));
#2611 = CARTESIAN_POINT('',(1.896986172411,18.079620185207));
#2612 = CARTESIAN_POINT('',(1.955388846655,18.284111599316));
#2613 = CARTESIAN_POINT('',(2.013791505249,18.488603131729));
#2614 = CARTESIAN_POINT('',(2.072195828892,18.693100620244));
#2615 = CARTESIAN_POINT('',(2.130601461371,18.897602747782));
#2616 = CARTESIAN_POINT('',(2.268264049595,19.379616075295));
#2617 = CARTESIAN_POINT('',(2.347538319713,19.657187904291));
#2618 = CARTESIAN_POINT('',(2.426805745697,19.934735654695));
#2619 = CARTESIAN_POINT('',(2.506066222537,20.212258849764));
#2620 = CARTESIAN_POINT('',(2.58532659165,20.489781511));
#2621 = CARTESIAN_POINT('',(2.664593722599,20.767327874573));
#2622 = CARTESIAN_POINT('',(2.743867613559,21.044898091128));
#2623 = CARTESIAN_POINT('',(2.889762628446,21.555736443588));
#2624 = CARTESIAN_POINT('',(2.956403614432,21.789074057975));
#2625 = CARTESIAN_POINT('',(3.023041967,22.022402641593));
#2626 = CARTESIAN_POINT('',(3.089677045272,22.255719921603));
#2627 = CARTESIAN_POINT('',(3.156312117594,22.489037237446));
#2628 = CARTESIAN_POINT('',(3.222950457277,22.722365891026));
#2629 = CARTESIAN_POINT('',(3.289591435436,22.955703523338));
#2630 = CARTESIAN_POINT('',(3.456533202791,23.540234907606));
#2631 = CARTESIAN_POINT('',(3.556885421822,23.891608313285));
#2632 = CARTESIAN_POINT('',(3.657214301937,24.242899113197));
#2633 = CARTESIAN_POINT('',(3.757522359954,24.594116056133));
#2634 = CARTESIAN_POINT('',(3.857830159484,24.945332462773));
#2635 = CARTESIAN_POINT('',(3.958158354542,25.296622238443));
#2636 = CARTESIAN_POINT('',(4.058509814816,25.647995660538));
#2637 = CARTESIAN_POINT('',(4.189473413901,26.10655636613));
#2638 = CARTESIAN_POINT('',(4.220130895488,26.213901664345));
#2639 = CARTESIAN_POINT('',(4.250788606262,26.321247809562));
#2640 = CARTESIAN_POINT('',(4.281446443727,26.428594394001));
#2641 = CARTESIAN_POINT('',(4.312104392909,26.535941307985));
#2642 = CARTESIAN_POINT('',(4.342762443365,26.643288456465));
#2643 = CARTESIAN_POINT('',(4.373420506196,26.750635475557));
#2644 = CARTESIAN_POINT('',(4.443430196943,26.995768926521));
#2645 = CARTESIAN_POINT('',(4.482782991762,27.133558667567));
#2646 = CARTESIAN_POINT('',(4.522135458165,27.27134960956));
#2647 = CARTESIAN_POINT('',(4.561487905969,27.409135714949));
#2648 = CARTESIAN_POINT('',(4.600840044784,27.546921635295));
#2649 = CARTESIAN_POINT('',(4.640191844108,27.684710911712));
#2650 = CARTESIAN_POINT('',(4.679544232582,27.822496405777));
#2651 = CARTESIAN_POINT('',(4.809749938076,28.278393375458));
#2652 = CARTESIAN_POINT('',(4.900630371264,28.596600425353));
#2653 = CARTESIAN_POINT('',(4.991496381505,28.914761164126));
#2654 = CARTESIAN_POINT('',(5.082349314241,29.232877677806));
#2655 = CARTESIAN_POINT('',(5.173202531225,29.550994533752));
#2656 = CARTESIAN_POINT('',(5.264069099402,29.869156872225));
#2657 = CARTESIAN_POINT('',(5.354949638553,30.187367086134));
#2658 = CARTESIAN_POINT('',(5.550453711946,30.871905990498));
#2659 = CARTESIAN_POINT('',(5.65516155222,31.238529663377));
#2660 = CARTESIAN_POINT('',(5.759840188816,31.605050824198));
#2661 = CARTESIAN_POINT('',(5.864493840789,31.971485339071));
#2662 = CARTESIAN_POINT('',(5.969147318923,32.337920217738));
#2663 = CARTESIAN_POINT('',(6.073825560333,32.704442032248));
#2664 = CARTESIAN_POINT('',(6.178533379595,33.071067311451));
#2665 = CARTESIAN_POINT('',(6.28318530718,33.437496682688));
#2666 = ( GEOMETRIC_REPRESENTATION_CONTEXT(2) 
PARAMETRIC_REPRESENTATION_CONTEXT() REPRESENTATION_CONTEXT('2D SPACE',''
  ) );
#2667 = PCURVE('',#1976,#2668);
#2668 = DEFINITIONAL_REPRESENTATION('',(#2669),#2749);
#2669 = B_SPLINE_CURVE_WITH_KNOTS('',8,(#2670,#2671,#2672,#2673,#2674,
    #2675,#2676,#2677,#2678,#2679,#2680,#2681,#2682,#2683,#2684,#2685,
    #2686,#2687,#2688,#2689,#2690,#2691,#2692,#2693,#2694,#2695,#2696,
    #2697,#2698,#2699,#2700,#2701,#2702,#2703,#2704,#2705,#2706,#2707,
    #2708,#2709,#2710,#2711,#2712,#2713,#2714,#2715,#2716,#2717,#2718,
    #2719,#2720,#2721,#2722,#2723,#2724,#2725,#2726,#2727,#2728,#2729,
    #2730,#2731,#2732,#2733,#2734,#2735,#2736,#2737,#2738,#2739,#2740,
    #2741,#2742,#2743,#2744,#2745,#2746,#2747,#2748),.UNSPECIFIED.,.F.,
  .F.,(9,7,7,7,7,7,7,7,7,7,7,9),(0.,0.11451484954,0.182392906958,
    0.274041422002,0.348408871799,0.449335517776,0.534186350398,
    0.661913152008,0.700950634655,0.751058487652,0.866743799669,1.),
  .UNSPECIFIED.);
#2670 = CARTESIAN_POINT('',(0.,11.437494426585));
#2671 = CARTESIAN_POINT('',(8.992894843108E-02,11.752372382351));
#2672 = CARTESIAN_POINT('',(0.179884208294,12.0673432804));
#2673 = CARTESIAN_POINT('',(0.269826226842,12.382268760238));
#2674 = CARTESIAN_POINT('',(0.359755482086,12.697150428545));
#2675 = CARTESIAN_POINT('',(0.449684389987,13.012030435657));
#2676 = CARTESIAN_POINT('',(0.53962570053,13.32695130421));
#2677 = CARTESIAN_POINT('',(0.629580674371,13.641916923915));
#2678 = CARTESIAN_POINT('',(0.772815649575,14.143439866254));
#2679 = CARTESIAN_POINT('',(0.826122549261,14.330090480736));
#2680 = CARTESIAN_POINT('',(0.879429113214,14.516734550717));
#2681 = CARTESIAN_POINT('',(0.932734485252,14.703377523943));
#2682 = CARTESIAN_POINT('',(0.98603980602,14.890022292445));
#2683 = CARTESIAN_POINT('',(1.039346419694,15.076669655218));
#2684 = CARTESIAN_POINT('',(1.092653678395,15.263321201691));
#2685 = CARTESIAN_POINT('',(1.217930727394,15.701969432754));
#2686 = CARTESIAN_POINT('',(1.289913127792,15.954010758544));
#2687 = CARTESIAN_POINT('',(1.361891864912,16.206039033793));
#2688 = CARTESIAN_POINT('',(1.433866081653,16.458050779985));
#2689 = CARTESIAN_POINT('',(1.505839821421,16.710060162233));
#2690 = CARTESIAN_POINT('',(1.577817495189,16.962082916422));
#2691 = CARTESIAN_POINT('',(1.649799365768,17.214120200781));
#2692 = CARTESIAN_POINT('',(1.780176060128,17.670621135186));
#2693 = CARTESIAN_POINT('',(1.838581797226,17.875122987074));
#2694 = CARTESIAN_POINT('',(1.896986172411,18.079620185207));
#2695 = CARTESIAN_POINT('',(1.955388846655,18.284111599316));
#2696 = CARTESIAN_POINT('',(2.013791505249,18.488603131729));
#2697 = CARTESIAN_POINT('',(2.072195828892,18.693100620244));
#2698 = CARTESIAN_POINT('',(2.130601461371,18.897602747782));
#2699 = CARTESIAN_POINT('',(2.268264049595,19.379616075295));
#2700 = CARTESIAN_POINT('',(2.347538319713,19.657187904291));
#2701 = CARTESIAN_POINT('',(2.426805745697,19.934735654695));
#2702 = CARTESIAN_POINT('',(2.506066222537,20.212258849764));
#2703 = CARTESIAN_POINT('',(2.58532659165,20.489781511));
#2704 = CARTESIAN_POINT('',(2.664593722599,20.767327874573));
#2705 = CARTESIAN_POINT('',(2.743867613559,21.044898091128));
#2706 = CARTESIAN_POINT('',(2.889762628446,21.555736443588));
#2707 = CARTESIAN_POINT('',(2.956403614432,21.789074057975));
#2708 = CARTESIAN_POINT('',(3.023041967,22.022402641593));
#2709 = CARTESIAN_POINT('',(3.089677045272,22.255719921603));
#2710 = CARTESIAN_POINT('',(3.156312117594,22.489037237446));
#2711 = CARTESIAN_POINT('',(3.222950457277,22.722365891026));
#2712 = CARTESIAN_POINT('',(3.289591435436,22.955703523338));
#2713 = CARTESIAN_POINT('',(3.456533202791,23.540234907606));
#2714 = CARTESIAN_POINT('',(3.556885421822,23.891608313285));
#2715 = CARTESIAN_POINT('',(3.657214301937,24.242899113197));
#2716 = CARTESIAN_POINT('',(3.757522359954,24.594116056133));
#2717 = CARTESIAN_POINT('',(3.857830159484,24.945332462773));
#2718 = CARTESIAN_POINT('',(3.958158354542,25.296622238443));
#2719 = CARTESIAN_POINT('',(4.058509814816,25.647995660538));
#2720 = CARTESIAN_POINT('',(4.189473413901,26.10655636613));
#2721 = CARTESIAN_POINT('',(4.220130895488,26.213901664345));
#2722 = CARTESIAN_POINT('',(4.250788606262,26.321247809562));
#2723 = CARTESIAN_POINT('',(4.281446443727,26.428594394001));
#2724 = CARTESIAN_POINT('',(4.312104392909,26.535941307985));
#2725 = CARTESIAN_POINT('',(4.342762443365,26.643288456465));
#2726 = CARTESIAN_POINT('',(4.373420506196,26.750635475557));
#2727 = CARTESIAN_POINT('',(4.443430196943,26.995768926521));
#2728 = CARTESIAN_POINT('',(4.482782991762,27.133558667567));
#2729 = CARTESIAN_POINT('',(4.522135458165,27.27134960956));
#2730 = CARTESIAN_POINT('',(4.561487905969,27.409135714949));
#2731 = CARTESIAN_POINT('',(4.600840044784,27.546921635295));
#2732 = CARTESIAN_POINT('',(4.640191844108,27.684710911712));
#2733 = CARTESIAN_POINT('',(4.679544232582,27.822496405777));
#2734 = CARTESIAN_POINT('',(4.809749938076,28.278393375458));
#2735 = CARTESIAN_POINT('',(4.900630371264,28.596600425353));
#2736 = CARTESIAN_POINT('',(4.991496381505,28.914761164126));
#2737 = CARTESIAN_POINT('',(5.082349314241,29.232877677806));
#2738 = CARTESIAN_POINT('',(5.173202531225,29.550994533752));
#2739 = CARTESIAN_POINT('',(5.264069099402,29.869156872225));
#2740 = CARTESIAN_POINT('',(5.354949638553,30.187367086134));
#2741 = CARTESIAN_POINT('',(5.550453711946,30.871905990498));
#2742 = CARTESIAN_POINT('',(5.65516155222,31.238529663377));
#2743 = CARTESIAN_POINT('',(5.759840188816,31.605050824198));
#2744 = CARTESIAN_POINT('',(5.864493840789,31.971485339071));
#2745 = CARTESIAN_POINT('',(5.969147318923,32.337920217738));
#2746 = CARTESIAN_POINT('',(6.073825560333,32.704442032248));
#2747 = CARTESIAN_POINT('',(6.178533379595,33.071067311451));
#2748 = CARTESIAN_POINT('',(6.28318530718,33.437496682688));
#2749 = ( GEOMETRIC_REPRESENTATION_CONTEXT(2) 
PARAMETRIC_REPRESENTATION_CONTEXT() REPRESENTATION_CONTEXT('2D SPACE',''
  ) );
#2750 = ADVANCED_FACE('',(#2751),#1976,.T.);
#2751 = FACE_BOUND('',#2752,.T.);
#2752 = EDGE_LOOP('',(#2753,#2754,#2755,#2776,#2777));
#2753 = ORIENTED_EDGE('',*,*,#1960,.F.);
#2754 = ORIENTED_EDGE('',*,*,#2502,.T.);
#2755 = ORIENTED_EDGE('',*,*,#2756,.T.);
#2756 = EDGE_CURVE('',#2475,#2243,#2757,.T.);
#2757 = SURFACE_CURVE('',#2758,(#2762,#2769),.PCURVE_S1.);
#2758 = LINE('',#2759,#2760);
#2759 = CARTESIAN_POINT('',(8.,40.,-91.));
#2760 = VECTOR('',#2761,1.);
#2761 = DIRECTION('',(0.,0.,1.));
#2762 = PCURVE('',#1976,#2763);
#2763 = DEFINITIONAL_REPRESENTATION('',(#2764),#2768);
#2764 = LINE('',#2765,#2766);
#2765 = CARTESIAN_POINT('',(6.28318530718,0.));
#2766 = VECTOR('',#2767,1.);
#2767 = DIRECTION('',(0.,1.));
#2768 = ( GEOMETRIC_REPRESENTATION_CONTEXT(2) 
PARAMETRIC_REPRESENTATION_CONTEXT() REPRESENTATION_CONTEXT('2D SPACE',''
  ) );
#2769 = PCURVE('',#2283,#2770);
#2770 = DEFINITIONAL_REPRESENTATION('',(#2771),#2775);
#2771 = LINE('',#2772,#2773);
#2772 = CARTESIAN_POINT('',(0.,0.));
#2773 = VECTOR('',#2774,1.);
#2774 = DIRECTION('',(0.,1.));
#2775 = ( GEOMETRIC_REPRESENTATION_CONTEXT(2) 
PARAMETRIC_REPRESENTATION_CONTEXT() REPRESENTATION_CONTEXT('2D SPACE',''
  ) );
#2776 = ORIENTED_EDGE('',*,*,#2240,.F.);
#2777 = ORIENTED_EDGE('',*,*,#2778,.F.);
#2778 = EDGE_CURVE('',#1961,#2241,#2779,.T.);
#2779 = SURFACE_CURVE('',#2780,(#2853,#2929),.PCURVE_S1.);
#2780 = B_SPLINE_CURVE_WITH_KNOTS('',8,(#2781,#2782,#2783,#2784,#2785,
    #2786,#2787,#2788,#2789,#2790,#2791,#2792,#2793,#2794,#2795,#2796,
    #2797,#2798,#2799,#2800,#2801,#2802,#2803,#2804,#2805,#2806,#2807,
    #2808,#2809,#2810,#2811,#2812,#2813,#2814,#2815,#2816,#2817,#2818,
    #2819,#2820,#2821,#2822,#2823,#2824,#2825,#2826,#2827,#2828,#2829,
    #2830,#2831,#2832,#2833,#2834,#2835,#2836,#2837,#2838,#2839,#2840,
    #2841,#2842,#2843,#2844,#2845,#2846,#2847,#2848,#2849,#2850,#2851,
    #2852),.UNSPECIFIED.,.F.,.F.,(9,7,7,7,7,7,7,7,7,7,9),(0.,
    0.134239969281,0.261537950554,0.326696639763,0.378690976575,
    0.506711538029,0.601069923126,0.709533142481,0.793959290812,
    0.93106335087,1.),.UNSPECIFIED.);
#2781 = CARTESIAN_POINT('',(8.,40.,-62.43750357258));
#2782 = CARTESIAN_POINT('',(8.,40.835700365301,-62.07173662998));
#2783 = CARTESIAN_POINT('',(7.900229190192,41.671833472639,
    -61.7057806055));
#2784 = CARTESIAN_POINT('',(7.700507503702,42.493835899616,
    -61.33992647834));
#2785 = CARTESIAN_POINT('',(7.403418817978,43.287799061987,
    -60.97415860359));
#2786 = CARTESIAN_POINT('',(7.013608364548,44.040586285898,
    -60.60839031514));
#2787 = CARTESIAN_POINT('',(6.537706642993,44.739942972414,
    -60.24253525068));
#2788 = CARTESIAN_POINT('',(5.984296972287,45.374624184262,
    -59.87657720093));
#2789 = CARTESIAN_POINT('',(4.776389001078,46.466385277569,
    -59.16395938249));
#2790 = CARTESIAN_POINT('',(4.128056726718,46.931440636353,
    -58.81696123179));
#2791 = CARTESIAN_POINT('',(3.428399510347,47.321777756971,
    -58.47003977082));
#2792 = CARTESIAN_POINT('',(2.687600310752,47.630961093506,
    -58.12318637112));
#2793 = CARTESIAN_POINT('',(1.916546385753,47.854248523436,
    -57.7763328097));
#2794 = CARTESIAN_POINT('',(1.126694926292,47.98851003401,
    -57.42941077813));
#2795 = CARTESIAN_POINT('',(0.330019105722,48.032379175978,
    -57.08241179192));
#2796 = CARTESIAN_POINT('',(-0.866110320729,47.963315662435,
    -56.55802187161));
#2797 = CARTESIAN_POINT('',(-1.269734247765,47.91646538734,
    -56.38047662398));
#2798 = CARTESIAN_POINT('',(-1.670410918684,47.846237176249,
    -56.20293337963));
#2799 = CARTESIAN_POINT('',(-2.066559571567,47.752854748346,
    -56.02539318917));
#2800 = CARTESIAN_POINT('',(-2.456628046482,47.636667075439,
    -55.84785345201));
#2801 = CARTESIAN_POINT('',(-2.839097143428,47.498144504165,
    -55.67031143053));
#2802 = CARTESIAN_POINT('',(-3.212486105585,47.337879471556,
    -55.49276770343));
#2803 = CARTESIAN_POINT('',(-3.864919186284,47.011930654539,
    -55.17356037771));
#2804 = CARTESIAN_POINT('',(-4.147788960198,46.85388048598,
    -55.03189201963));
#2805 = CARTESIAN_POINT('',(-4.42324343459,46.682803932244,
    -54.8902256554));
#2806 = CARTESIAN_POINT('',(-4.690585824668,46.499108356265,
    -54.74856097053));
#2807 = CARTESIAN_POINT('',(-4.949147295286,46.303244657074,
    -54.60689629622));
#2808 = CARTESIAN_POINT('',(-5.198288047691,46.095706145854,
    -54.46522965496));
#2809 = CARTESIAN_POINT('',(-5.437399873588,45.877027500944,
    -54.32356072048));
#2810 = CARTESIAN_POINT('',(-6.2285487074,45.083339501199,
    -53.83308084727));
#2811 = CARTESIAN_POINT('',(-6.727167871142,44.454591046341,
    -53.48411816445));
#2812 = CARTESIAN_POINT('',(-7.152790113578,43.770357202266,
    -53.13523172587));
#2813 = CARTESIAN_POINT('',(-7.498384732343,43.040673737446,
    -52.78641369866));
#2814 = CARTESIAN_POINT('',(-7.758616137215,42.276374210653,
    -52.43759613567));
#2815 = CARTESIAN_POINT('',(-7.929765697431,41.488949779029,
    -52.08871003412));
#2816 = CARTESIAN_POINT('',(-8.009891764558,40.690502152145,
    -51.73974596072));
#2817 = CARTESIAN_POINT('',(-7.991480172922,39.306244730561,
    -51.13383736778));
#2818 = CARTESIAN_POINT('',(-7.934378011624,38.719462769031,
    -50.87670819274));
#2819 = CARTESIAN_POINT('',(-7.828029182738,38.138198574017,
    -50.61959510124));
#2820 = CARTESIAN_POINT('',(-7.673094324487,37.567277056859,
    -50.36249867208));
#2821 = CARTESIAN_POINT('',(-7.470775522062,37.011379140214,
    -50.10540213659));
#2822 = CARTESIAN_POINT('',(-7.222787655787,36.475022693003,
    -49.84828875407));
#2823 = CARTESIAN_POINT('',(-6.931370312281,35.962530778631,
    -49.59115908337));
#2824 = CARTESIAN_POINT('',(-6.217663299273,34.920966318597,
    -49.03853541604));
#2825 = CARTESIAN_POINT('',(-5.782176422592,34.400654167357,
    -48.74293929433));
#2826 = CARTESIAN_POINT('',(-5.297104121976,33.923294522347,
    -48.44737566331));
#2827 = CARTESIAN_POINT('',(-4.767470141048,33.494348582214,
    -48.15184525326));
#2828 = CARTESIAN_POINT('',(-4.198914654082,33.118521079904,
    -47.85631670137));
#2829 = CARTESIAN_POINT('',(-3.597622622428,32.799768950764,
    -47.56075762917));
#2830 = CARTESIAN_POINT('',(-2.970308998956,32.541234240652,
    -47.26516586486));
#2831 = CARTESIAN_POINT('',(-1.821301928749,32.192369442286,
    -46.73960399702));
#2832 = CARTESIAN_POINT('',(-1.306884471254,32.0774217545,
    -46.50955109923));
#2833 = CARTESIAN_POINT('',(-0.784327819696,32.001255214518,
    -46.27950665633));
#2834 = CARTESIAN_POINT('',(-0.257050500779,31.964512957368,
    -46.04947252894));
#2835 = CARTESIAN_POINT('',(0.271497636723,31.967479841488,
    -45.81943809227));
#2836 = CARTESIAN_POINT('',(0.797855054406,32.010092507404,
    -45.58939297442));
#2837 = CARTESIAN_POINT('',(1.318567554727,32.091927429905,
    -45.35933979275));
#2838 = CARTESIAN_POINT('',(2.661084426937,32.407430263079,
    -44.75574436375));
#2839 = CARTESIAN_POINT('',(3.468637636697,32.704116775514,
    -44.38196482804));
#2840 = CARTESIAN_POINT('',(4.237665373706,33.098871156734,
    -44.00830011425));
#2841 = CARTESIAN_POINT('',(4.954387872672,33.58554811921,
    -43.63473205087));
#2842 = CARTESIAN_POINT('',(5.606373620191,34.156034428391,
    -43.26116516742));
#2843 = CARTESIAN_POINT('',(6.18263479206,34.8003501385,-42.88750230063)
  );
#2844 = CARTESIAN_POINT('',(6.673748988001,35.506720262289,
    -42.51372340435));
#2845 = CARTESIAN_POINT('',(7.273188338969,36.640699054552,
    -41.95232712507));
#2846 = CARTESIAN_POINT('',(7.450494536533,37.032412976051,
    -41.7644895398));
#2847 = CARTESIAN_POINT('',(7.603654219664,37.434753221863,
    -41.57665551758));
#2848 = CARTESIAN_POINT('',(7.731934338328,37.845977733181,
    -41.38882608728));
#2849 = CARTESIAN_POINT('',(7.834754440804,38.264295103361,
    -41.20099755705));
#2850 = CARTESIAN_POINT('',(7.911685180342,38.687871980217,
    -41.01316607768));
#2851 = CARTESIAN_POINT('',(7.962453287216,39.114838616598,
    -40.8253321083));
#2852 = CARTESIAN_POINT('',(7.986953006165,39.543292569233,-40.637504784
    ));
#2853 = PCURVE('',#1976,#2854);
#2854 = DEFINITIONAL_REPRESENTATION('',(#2855),#2928);
#2855 = B_SPLINE_CURVE_WITH_KNOTS('',8,(#2856,#2857,#2858,#2859,#2860,
    #2861,#2862,#2863,#2864,#2865,#2866,#2867,#2868,#2869,#2870,#2871,
    #2872,#2873,#2874,#2875,#2876,#2877,#2878,#2879,#2880,#2881,#2882,
    #2883,#2884,#2885,#2886,#2887,#2888,#2889,#2890,#2891,#2892,#2893,
    #2894,#2895,#2896,#2897,#2898,#2899,#2900,#2901,#2902,#2903,#2904,
    #2905,#2906,#2907,#2908,#2909,#2910,#2911,#2912,#2913,#2914,#2915,
    #2916,#2917,#2918,#2919,#2920,#2921,#2922,#2923,#2924,#2925,#2926,
    #2927),.UNSPECIFIED.,.F.,.F.,(9,7,7,7,7,7,7,7,7,7,9),(0.,
    0.134239969281,0.261537950554,0.326696639763,0.378690976575,
    0.506711538029,0.601069923126,0.709533142481,0.793959290812,
    0.93106335087,1.),.UNSPECIFIED.);
#2856 = CARTESIAN_POINT('',(0.,28.562496427417));
#2857 = CARTESIAN_POINT('',(0.104462545663,28.928263370013));
#2858 = CARTESIAN_POINT('',(0.208979136276,29.294219394497));
#2859 = CARTESIAN_POINT('',(0.31346677727,29.660073521651));
#2860 = CARTESIAN_POINT('',(0.417929979876,30.025841396402));
#2861 = CARTESIAN_POINT('',(0.522393320638,30.391609684856));
#2862 = CARTESIAN_POINT('',(0.626881312933,30.757464749315));
#2863 = CARTESIAN_POINT('',(0.731398628177,31.123422799067));
#2864 = CARTESIAN_POINT('',(0.93492165942,31.836040617503));
#2865 = CARTESIAN_POINT('',(1.034024020608,32.183038768209));
#2866 = CARTESIAN_POINT('',(1.133104525701,32.529960229177));
#2867 = CARTESIAN_POINT('',(1.232165771794,32.87681362888));
#2868 = CARTESIAN_POINT('',(1.331227280075,33.223667190291));
#2869 = CARTESIAN_POINT('',(1.430308382711,33.570589221867));
#2870 = CARTESIAN_POINT('',(1.52941119618,33.917588208071));
#2871 = CARTESIAN_POINT('',(1.679176396458,34.441978128387));
#2872 = CARTESIAN_POINT('',(1.72988305622,34.619523376011));
#2873 = CARTESIAN_POINT('',(1.78058906962,34.797066620366));
#2874 = CARTESIAN_POINT('',(1.831294145397,34.97460681083));
#2875 = CARTESIAN_POINT('',(1.881999063322,35.152146547985));
#2876 = CARTESIAN_POINT('',(1.932704668935,35.329688569463));
#2877 = CARTESIAN_POINT('',(1.983410865772,35.507232296562));
#2878 = CARTESIAN_POINT('',(2.074576199448,35.826439622288));
#2879 = CARTESIAN_POINT('',(2.115036660455,35.968107980361));
#2880 = CARTESIAN_POINT('',(2.155496587863,36.109774344599));
#2881 = CARTESIAN_POINT('',(2.195956219609,36.251439029466));
#2882 = CARTESIAN_POINT('',(2.236415966796,36.393103703773));
#2883 = CARTESIAN_POINT('',(2.27687608464,36.534770345031));
#2884 = CARTESIAN_POINT('',(2.317336479386,36.676439279513));
#2885 = CARTESIAN_POINT('',(2.457417768185,37.166919152727));
#2886 = CARTESIAN_POINT('',(2.557082238479,37.515881835542));
#2887 = CARTESIAN_POINT('',(2.656723651686,37.864768274124));
#2888 = CARTESIAN_POINT('',(2.756344881605,38.213586301339));
#2889 = CARTESIAN_POINT('',(2.855966177101,38.562403864321));
#2890 = CARTESIAN_POINT('',(2.955607524122,38.911289965875));
#2891 = CARTESIAN_POINT('',(3.055271465921,39.260254039273));
#2892 = CARTESIAN_POINT('',(3.228318948382,39.866162632212));
#2893 = CARTESIAN_POINT('',(3.301755136591,40.123291807251));
#2894 = CARTESIAN_POINT('',(3.375186768154,40.380404898757));
#2895 = CARTESIAN_POINT('',(3.448613585884,40.637501327919));
#2896 = CARTESIAN_POINT('',(3.522040323677,40.894597863402));
#2897 = CARTESIAN_POINT('',(3.595471759628,41.151711245924));
#2898 = CARTESIAN_POINT('',(3.668907766639,41.408840916623));
#2899 = CARTESIAN_POINT('',(3.826736502182,41.961464583952));
#2900 = CARTESIAN_POINT('',(3.911158383727,42.257060705667));
#2901 = CARTESIAN_POINT('',(3.995570981332,42.55262433669));
#2902 = CARTESIAN_POINT('',(4.079974161074,42.848154746734));
#2903 = CARTESIAN_POINT('',(4.16437690283,43.143683298626));
#2904 = CARTESIAN_POINT('',(4.248788420676,43.439242370822));
#2905 = CARTESIAN_POINT('',(4.333209281469,43.73483413514));
#2906 = CARTESIAN_POINT('',(4.483309450884,44.260396002971));
#2907 = CARTESIAN_POINT('',(4.549012413949,44.490448900763));
#2908 = CARTESIAN_POINT('',(4.614712934903,44.720493343667));
#2909 = CARTESIAN_POINT('',(4.680410475658,44.950527471058));
#2910 = CARTESIAN_POINT('',(4.746108080053,45.180561907723));
#2911 = CARTESIAN_POINT('',(4.811808735037,45.410607025576));
#2912 = CARTESIAN_POINT('',(4.877511723029,45.640660207248));
#2913 = CARTESIAN_POINT('',(5.049898170705,46.244255636249));
#2914 = CARTESIAN_POINT('',(5.156649474612,46.618035171951));
#2915 = CARTESIAN_POINT('',(5.263368180485,46.991699885749));
#2916 = CARTESIAN_POINT('',(5.37005945703,47.365267949123));
#2917 = CARTESIAN_POINT('',(5.476750380705,47.738834832575));
#2918 = CARTESIAN_POINT('',(5.58346807827,48.112497699367));
#2919 = CARTESIAN_POINT('',(5.690218412748,48.48627659565));
#2920 = CARTESIAN_POINT('',(5.850551826919,49.047672874924));
#2921 = CARTESIAN_POINT('',(5.904197787837,49.235510460192));
#2922 = CARTESIAN_POINT('',(5.957842798787,49.423344482417));
#2923 = CARTESIAN_POINT('',(6.011486654032,49.611173912711));
#2924 = CARTESIAN_POINT('',(6.065130510135,49.79900244295));
#2925 = CARTESIAN_POINT('',(6.118775541573,49.986833922312));
#2926 = CARTESIAN_POINT('',(6.172421592318,50.174667891693));
#2927 = CARTESIAN_POINT('',(6.226065823392,50.362495215995));
#2928 = ( GEOMETRIC_REPRESENTATION_CONTEXT(2) 
PARAMETRIC_REPRESENTATION_CONTEXT() REPRESENTATION_CONTEXT('2D SPACE',''
  ) );
#2929 = PCURVE('',#2490,#2930);
#2930 = DEFINITIONAL_REPRESENTATION('',(#2931),#3004);
#2931 = B_SPLINE_CURVE_WITH_KNOTS('',8,(#2932,#2933,#2934,#2935,#2936,
    #2937,#2938,#2939,#2940,#2941,#2942,#2943,#2944,#2945,#2946,#2947,
    #2948,#2949,#2950,#2951,#2952,#2953,#2954,#2955,#2956,#2957,#2958,
    #2959,#2960,#2961,#2962,#2963,#2964,#2965,#2966,#2967,#2968,#2969,
    #2970,#2971,#2972,#2973,#2974,#2975,#2976,#2977,#2978,#2979,#2980,
    #2981,#2982,#2983,#2984,#2985,#2986,#2987,#2988,#2989,#2990,#2991,
    #2992,#2993,#2994,#2995,#2996,#2997,#2998,#2999,#3000,#3001,#3002,
    #3003),.UNSPECIFIED.,.F.,.F.,(9,7,7,7,7,7,7,7,7,7,9),(0.,
    0.134239969281,0.261537950554,0.326696639763,0.378690976575,
    0.506711538029,0.601069923126,0.709533142481,0.793959290812,
    0.93106335087,1.),.UNSPECIFIED.);
#2932 = CARTESIAN_POINT('',(0.,28.562496427417));
#2933 = CARTESIAN_POINT('',(0.104462545663,28.928263370013));
#2934 = CARTESIAN_POINT('',(0.208979136276,29.294219394497));
#2935 = CARTESIAN_POINT('',(0.31346677727,29.660073521651));
#2936 = CARTESIAN_POINT('',(0.417929979876,30.025841396402));
#2937 = CARTESIAN_POINT('',(0.522393320638,30.391609684856));
#2938 = CARTESIAN_POINT('',(0.626881312933,30.757464749315));
#2939 = CARTESIAN_POINT('',(0.731398628177,31.123422799067));
#2940 = CARTESIAN_POINT('',(0.93492165942,31.836040617503));
#2941 = CARTESIAN_POINT('',(1.034024020608,32.183038768209));
#2942 = CARTESIAN_POINT('',(1.133104525701,32.529960229177));
#2943 = CARTESIAN_POINT('',(1.232165771794,32.87681362888));
#2944 = CARTESIAN_POINT('',(1.331227280075,33.223667190291));
#2945 = CARTESIAN_POINT('',(1.430308382711,33.570589221867));
#2946 = CARTESIAN_POINT('',(1.52941119618,33.917588208071));
#2947 = CARTESIAN_POINT('',(1.679176396458,34.441978128387));
#2948 = CARTESIAN_POINT('',(1.72988305622,34.619523376011));
#2949 = CARTESIAN_POINT('',(1.78058906962,34.797066620366));
#2950 = CARTESIAN_POINT('',(1.831294145397,34.97460681083));
#2951 = CARTESIAN_POINT('',(1.881999063322,35.152146547985));
#2952 = CARTESIAN_POINT('',(1.932704668935,35.329688569463));
#2953 = CARTESIAN_POINT('',(1.983410865772,35.507232296562));
#2954 = CARTESIAN_POINT('',(2.074576199448,35.826439622288));
#2955 = CARTESIAN_POINT('',(2.115036660455,35.968107980361));
#2956 = CARTESIAN_POINT('',(2.155496587863,36.109774344599));
#2957 = CARTESIAN_POINT('',(2.195956219609,36.251439029466));
#2958 = CARTESIAN_POINT('',(2.236415966796,36.393103703773));
#2959 = CARTESIAN_POINT('',(2.27687608464,36.534770345031));
#2960 = CARTESIAN_POINT('',(2.317336479386,36.676439279513));
#2961 = CARTESIAN_POINT('',(2.457417768185,37.166919152727));
#2962 = CARTESIAN_POINT('',(2.557082238479,37.515881835542));
#2963 = CARTESIAN_POINT('',(2.656723651686,37.864768274124));
#2964 = CARTESIAN_POINT('',(2.756344881605,38.213586301339));
#2965 = CARTESIAN_POINT('',(2.855966177101,38.562403864321));
#2966 = CARTESIAN_POINT('',(2.955607524122,38.911289965875));
#2967 = CARTESIAN_POINT('',(3.055271465921,39.260254039273));
#2968 = CARTESIAN_POINT('',(3.228318948382,39.866162632212));
#2969 = CARTESIAN_POINT('',(3.301755136591,40.123291807251));
#2970 = CARTESIAN_POINT('',(3.375186768154,40.380404898757));
#2971 = CARTESIAN_POINT('',(3.448613585884,40.637501327919));
#2972 = CARTESIAN_POINT('',(3.522040323677,40.894597863402));
#2973 = CARTESIAN_POINT('',(3.595471759628,41.151711245924));
#2974 = CARTESIAN_POINT('',(3.668907766639,41.408840916623));
#2975 = CARTESIAN_POINT('',(3.826736502182,41.961464583952));
#2976 = CARTESIAN_POINT('',(3.911158383727,42.257060705667));
#2977 = CARTESIAN_POINT('',(3.995570981332,42.55262433669));
#2978 = CARTESIAN_POINT('',(4.079974161074,42.848154746734));
#2979 = CARTESIAN_POINT('',(4.16437690283,43.143683298626));
#2980 = CARTESIAN_POINT('',(4.248788420676,43.439242370822));
#2981 = CARTESIAN_POINT('',(4.333209281469,43.73483413514));
#2982 = CARTESIAN_POINT('',(4.483309450884,44.260396002971));
#2983 = CARTESIAN_POINT('',(4.549012413949,44.490448900763));
#2984 = CARTESIAN_POINT('',(4.614712934903,44.720493343667));
#2985 = CARTESIAN_POINT('',(4.680410475658,44.950527471058));
#2986 = CARTESIAN_POINT('',(4.746108080053,45.180561907723));
#2987 = CARTESIAN_POINT('',(4.811808735037,45.410607025576));
#2988 = CARTESIAN_POINT('',(4.877511723029,45.640660207248));
#2989 = CARTESIAN_POINT('',(5.049898170705,46.244255636249));
#2990 = CARTESIAN_POINT('',(5.156649474612,46.618035171951));
#2991 = CARTESIAN_POINT('',(5.263368180485,46.991699885749));
#2992 = CARTESIAN_POINT('',(5.37005945703,47.365267949123));
#2993 = CARTESIAN_POINT('',(5.476750380705,47.738834832575));
#2994 = CARTESIAN_POINT('',(5.58346807827,48.112497699367));
#2995 = CARTESIAN_POINT('',(5.690218412748,48.48627659565));
#2996 = CARTESIAN_POINT('',(5.850551826919,49.047672874924));
#2997 = CARTESIAN_POINT('',(5.904197787837,49.235510460192));
#2998 = CARTESIAN_POINT('',(5.957842798787,49.423344482417));
#2999 = CARTESIAN_POINT('',(6.011486654032,49.611173912711));
#3000 = CARTESIAN_POINT('',(6.065130510135,49.79900244295));
#3001 = CARTESIAN_POINT('',(6.118775541573,49.986833922312));
#3002 = CARTESIAN_POINT('',(6.172421592318,50.174667891693));
#3003 = CARTESIAN_POINT('',(6.226065823392,50.362495215995));
#3004 = ( GEOMETRIC_REPRESENTATION_CONTEXT(2) 
PARAMETRIC_REPRESENTATION_CONTEXT() REPRESENTATION_CONTEXT('2D SPACE',''
  ) );
#3005 = ADVANCED_FACE('',(#3006),#2315,.T.);
#3006 = FACE_BOUND('',#3007,.T.);
#3007 = EDGE_LOOP('',(#3008,#3009,#3031,#3032));
#3008 = ORIENTED_EDGE('',*,*,#2295,.T.);
#3009 = ORIENTED_EDGE('',*,*,#3010,.T.);
#3010 = EDGE_CURVE('',#2267,#2241,#3011,.T.);
#3011 = SURFACE_CURVE('',#3012,(#3017,#3024),.PCURVE_S1.);
#3012 = CIRCLE('',#3013,8.);
#3013 = AXIS2_PLACEMENT_3D('',#3014,#3015,#3016);
#3014 = CARTESIAN_POINT('',(0.,40.,-41.));
#3015 = DIRECTION('',(0.,0.,1.));
#3016 = DIRECTION('',(1.,0.,-0.));
#3017 = PCURVE('',#2315,#3018);
#3018 = DEFINITIONAL_REPRESENTATION('',(#3019),#3023);
#3019 = CIRCLE('',#3020,8.);
#3020 = AXIS2_PLACEMENT_2D('',#3021,#3022);
#3021 = CARTESIAN_POINT('',(0.,0.));
#3022 = DIRECTION('',(1.,0.));
#3023 = ( GEOMETRIC_REPRESENTATION_CONTEXT(2) 
PARAMETRIC_REPRESENTATION_CONTEXT() REPRESENTATION_CONTEXT('2D SPACE',''
  ) );
#3024 = PCURVE('',#2490,#3025);
#3025 = DEFINITIONAL_REPRESENTATION('',(#3026),#3030);
#3026 = LINE('',#3027,#3028);
#3027 = CARTESIAN_POINT('',(0.,50.));
#3028 = VECTOR('',#3029,1.);
#3029 = DIRECTION('',(1.,0.));
#3030 = ( GEOMETRIC_REPRESENTATION_CONTEXT(2) 
PARAMETRIC_REPRESENTATION_CONTEXT() REPRESENTATION_CONTEXT('2D SPACE',''
  ) );
#3031 = ORIENTED_EDGE('',*,*,#2439,.T.);
#3032 = ORIENTED_EDGE('',*,*,#2329,.T.);
#3033 = ADVANCED_FACE('',(#3034),#2283,.T.);
#3034 = FACE_BOUND('',#3035,.T.);
#3035 = EDGE_LOOP('',(#3036,#3037,#3205));
#3036 = ORIENTED_EDGE('',*,*,#2756,.F.);
#3037 = ORIENTED_EDGE('',*,*,#3038,.T.);
#3038 = EDGE_CURVE('',#2475,#2267,#3039,.T.);
#3039 = SURFACE_CURVE('',#3040,(#3093,#3149),.PCURVE_S1.);
#3040 = B_SPLINE_CURVE_WITH_KNOTS('',6,(#3041,#3042,#3043,#3044,#3045,
    #3046,#3047,#3048,#3049,#3050,#3051,#3052,#3053,#3054,#3055,#3056,
    #3057,#3058,#3059,#3060,#3061,#3062,#3063,#3064,#3065,#3066,#3067,
    #3068,#3069,#3070,#3071,#3072,#3073,#3074,#3075,#3076,#3077,#3078,
    #3079,#3080,#3081,#3082,#3083,#3084,#3085,#3086,#3087,#3088,#3089,
    #3090,#3091,#3092),.UNSPECIFIED.,.F.,.F.,(7,5,5,5,5,5,5,5,5,5,7),(0.
    ,7.481383805666E-02,0.164340888752,0.299862475246,0.41476459355,
    0.524964302866,0.60298627891,0.70670386526,0.790348292461,
    0.923737795134,1.),.UNSPECIFIED.);
#3041 = CARTESIAN_POINT('',(8.,40.,-57.56250331731));
#3042 = CARTESIAN_POINT('',(8.000003570052,40.621002554248,
    -57.29069627951));
#3043 = CARTESIAN_POINT('',(7.942143827169,41.242081622065,
    -57.01888780896));
#3044 = CARTESIAN_POINT('',(7.826445585226,41.85634041675,
    -56.74707924523));
#3045 = CARTESIAN_POINT('',(7.653949984851,42.457125516637,
    -56.47527130326));
#3046 = CARTESIAN_POINT('',(7.426714493424,43.038026865098,
    -56.20346407323));
#3047 = CARTESIAN_POINT('',(6.814075030632,44.256850327906,
    -55.60638580129));
#3048 = CARTESIAN_POINT('',(6.406206528134,44.883754681668,
    -55.28111538788));
#3049 = CARTESIAN_POINT('',(5.929625392757,45.462970738329,
    -54.95584432601));
#3050 = CARTESIAN_POINT('',(5.391325702609,45.98532739421,
    -54.63057242747));
#3051 = CARTESIAN_POINT('',(4.799877618738,46.443102535442,
    -54.30530077033));
#3052 = CARTESIAN_POINT('',(3.20502857354,47.415744335204,
    -53.48767914079));
#3053 = CARTESIAN_POINT('',(2.144999416953,47.839874640958,
    -52.9949523386));
#3054 = CARTESIAN_POINT('',(1.021104606664,48.080042370345,
    -52.50265952104));
#3055 = CARTESIAN_POINT('',(-0.127188809192,48.127013577779,
    -52.01036921901));
#3056 = CARTESIAN_POINT('',(-1.259379383407,47.979940940896,
    -51.51765032566));
#3057 = CARTESIAN_POINT('',(-3.247541222822,47.373153120325,
    -50.60784637726));
#3058 = CARTESIAN_POINT('',(-4.12024918581,46.964056331787,
    -50.19024833166));
#3059 = CARTESIAN_POINT('',(-4.929386346655,46.43172518055,
    -49.77283992607));
#3060 = CARTESIAN_POINT('',(-5.653744044377,45.788757039559,
    -49.35542718756));
#3061 = CARTESIAN_POINT('',(-6.275633646362,45.052365293627,
    -48.93782206343));
#3062 = CARTESIAN_POINT('',(-7.266829287477,43.468453032908,
    -48.12003259289));
#3063 = CARTESIAN_POINT('',(-7.645775872895,42.626196482923,
    -47.7195508081));
#3064 = CARTESIAN_POINT('',(-7.906753959404,41.73591372099,
    -47.31922241996));
#3065 = CARTESIAN_POINT('',(-8.042727374,40.818173770225,-46.9188908085)
  );
#3066 = CARTESIAN_POINT('',(-8.051450169483,39.894611497456,
    -46.5184033617));
#3067 = CARTESIAN_POINT('',(-7.853656958414,38.344839245043,
    -45.83459492881));
#3068 = CARTESIAN_POINT('',(-7.709238487239,37.710303902569,
    -45.55113572204));
#3069 = CARTESIAN_POINT('',(-7.50340524895,37.091413403041,
    -45.2676760325));
#3070 = CARTESIAN_POINT('',(-7.238332394021,36.495487752444,
    -44.98421597216));
#3071 = CARTESIAN_POINT('',(-6.91734700692,35.929399624003,
    -44.70075630554));
#3072 = CARTESIAN_POINT('',(-6.049867592301,34.695243863619,
    -44.04049919229));
#3073 = CARTESIAN_POINT('',(-5.463677275285,34.054689863866,
    -43.6635971684));
#3074 = CARTESIAN_POINT('',(-4.797015901001,33.492957399988,
    -43.28681190823));
#3075 = CARTESIAN_POINT('',(-4.063235890641,33.022280654148,
    -42.91002976162));
#3076 = CARTESIAN_POINT('',(-3.277971423044,32.651787480463,
    -42.53313393507));
#3077 = CARTESIAN_POINT('',(-1.798045459568,32.173815373415,
    -41.85244629824));
#3078 = CARTESIAN_POINT('',(-1.115016422034,32.029223066902,
    -41.54855909005));
#3079 = CARTESIAN_POINT('',(-0.418866991529,31.956358163492,
    -41.24467108446));
#3080 = CARTESIAN_POINT('',(0.281087372978,31.956522491903,
    -40.94078204157));
#3081 = CARTESIAN_POINT('',(0.975443340573,32.029388562406,
    -40.63689330131));
#3082 = CARTESIAN_POINT('',(2.737971443019,32.401967579075,
    -39.84841916023));
#3083 = CARTESIAN_POINT('',(3.783892008157,32.811222047218,
    -39.36348464855));
#3084 = CARTESIAN_POINT('',(4.753559979631,33.392247445739,
    -38.87895074229));
#3085 = CARTESIAN_POINT('',(5.612717896124,34.126870593191,-38.394419816
    ));
#3086 = CARTESIAN_POINT('',(6.333266322976,34.988379023507,
    -37.90948994294));
#3087 = CARTESIAN_POINT('',(7.215815771115,36.488195863521,
    -37.14782909208));
#3088 = CARTESIAN_POINT('',(7.4850886875,37.064317698731,-36.87076033413
    ));
#3089 = CARTESIAN_POINT('',(7.698902718508,37.664691199908,
    -36.59369280686));
#3090 = CARTESIAN_POINT('',(7.85465398239,38.282676537372,
    -36.31662844444));
#3091 = CARTESIAN_POINT('',(7.950818662275,38.911307714794,
    -36.03956674762));
#3092 = CARTESIAN_POINT('',(7.986953006163,39.543292569199,
    -35.76250478385));
#3093 = PCURVE('',#2283,#3094);
#3094 = DEFINITIONAL_REPRESENTATION('',(#3095),#3148);
#3095 = B_SPLINE_CURVE_WITH_KNOTS('',6,(#3096,#3097,#3098,#3099,#3100,
    #3101,#3102,#3103,#3104,#3105,#3106,#3107,#3108,#3109,#3110,#3111,
    #3112,#3113,#3114,#3115,#3116,#3117,#3118,#3119,#3120,#3121,#3122,
    #3123,#3124,#3125,#3126,#3127,#3128,#3129,#3130,#3131,#3132,#3133,
    #3134,#3135,#3136,#3137,#3138,#3139,#3140,#3141,#3142,#3143,#3144,
    #3145,#3146,#3147),.UNSPECIFIED.,.F.,.F.,(7,5,5,5,5,5,5,5,5,5,7),(0.
    ,7.481383805666E-02,0.164340888752,0.299862475246,0.41476459355,
    0.524964302866,0.60298627891,0.70670386526,0.790348292461,
    0.923737795134,1.),.UNSPECIFIED.);
#3096 = CARTESIAN_POINT('',(0.,33.437496682688));
#3097 = CARTESIAN_POINT('',(7.762786343903E-02,33.709303720481));
#3098 = CARTESIAN_POINT('',(0.155256181683,33.98111219104));
#3099 = CARTESIAN_POINT('',(0.232884562982,34.252920754762));
#3100 = CARTESIAN_POINT('',(0.310512782302,34.524728696739));
#3101 = CARTESIAN_POINT('',(0.388140781318,34.796535926764));
#3102 = CARTESIAN_POINT('',(0.558665893123,35.39361419871));
#3103 = CARTESIAN_POINT('',(0.651562793975,35.718884612112));
#3104 = CARTESIAN_POINT('',(0.744459805235,36.044155673988));
#3105 = CARTESIAN_POINT('',(0.837357033693,36.369427572529));
#3106 = CARTESIAN_POINT('',(0.930254258675,36.694699229666));
#3107 = CARTESIAN_POINT('',(1.163766555135,37.512320859207));
#3108 = CARTESIAN_POINT('',(1.304489324246,38.005047661395));
#3109 = CARTESIAN_POINT('',(1.445088826837,38.49734047895));
#3110 = CARTESIAN_POINT('',(1.585687108366,38.98963078099));
#3111 = CARTESIAN_POINT('',(1.726406301562,39.482349674331));
#3112 = CARTESIAN_POINT('',(1.986244181091,40.392153622732));
#3113 = CARTESIAN_POINT('',(2.105510068739,40.809751668333));
#3114 = CARTESIAN_POINT('',(2.224722049029,41.227160073931));
#3115 = CARTESIAN_POINT('',(2.343935507203,41.644572812435));
#3116 = CARTESIAN_POINT('',(2.463204064404,42.062177936567));
#3117 = CARTESIAN_POINT('',(2.696764143838,42.879967407108));
#3118 = CARTESIAN_POINT('',(2.811140477624,43.2804491919));
#3119 = CARTESIAN_POINT('',(2.925473289555,43.680777580031));
#3120 = CARTESIAN_POINT('',(3.039807678278,44.081109191492));
#3121 = CARTESIAN_POINT('',(3.154187008262,44.481596638299));
#3122 = CARTESIAN_POINT('',(3.349482721556,45.165405071189));
#3123 = CARTESIAN_POINT('',(3.430438680209,45.448864277959));
#3124 = CARTESIAN_POINT('',(3.511394687785,45.732323967492));
#3125 = CARTESIAN_POINT('',(3.592350692405,46.015784027832));
#3126 = CARTESIAN_POINT('',(3.673306511936,46.299243694455));
#3127 = CARTESIAN_POINT('',(3.861875378191,46.959500807701));
#3128 = CARTESIAN_POINT('',(3.969518249984,47.336402831599));
#3129 = CARTESIAN_POINT('',(4.077127938008,47.713188091768));
#3130 = CARTESIAN_POINT('',(4.184736815729,48.089970238372));
#3131 = CARTESIAN_POINT('',(4.292378073611,48.466866064926));
#3132 = CARTESIAN_POINT('',(4.486781870805,49.147553701752));
#3133 = CARTESIAN_POINT('',(4.573571689742,49.451440909944));
#3134 = CARTESIAN_POINT('',(4.660361658038,49.75532891554));
#3135 = CARTESIAN_POINT('',(4.747151906409,50.059217958427));
#3136 = CARTESIAN_POINT('',(4.833942146331,50.36310669869));
#3137 = CARTESIAN_POINT('',(5.059129908687,51.151580839769));
#3138 = CARTESIAN_POINT('',(5.197627188627,51.636515351448));
#3139 = CARTESIAN_POINT('',(5.336011103864,52.121049257704));
#3140 = CARTESIAN_POINT('',(5.474393639011,52.605580183991));
#3141 = CARTESIAN_POINT('',(5.612888302113,53.090510057052));
#3142 = CARTESIAN_POINT('',(5.830416461333,53.85217090792));
#3143 = CARTESIAN_POINT('',(5.909546237238,54.129239665868));
#3144 = CARTESIAN_POINT('',(5.988676184938,54.406307193131));
#3145 = CARTESIAN_POINT('',(6.067806088665,54.68337155556));
#3146 = CARTESIAN_POINT('',(6.146935917102,54.960433252372));
#3147 = CARTESIAN_POINT('',(6.226065823387,55.237495216148));
#3148 = ( GEOMETRIC_REPRESENTATION_CONTEXT(2) 
PARAMETRIC_REPRESENTATION_CONTEXT() REPRESENTATION_CONTEXT('2D SPACE',''
  ) );
#3149 = PCURVE('',#2490,#3150);
#3150 = DEFINITIONAL_REPRESENTATION('',(#3151),#3204);
#3151 = B_SPLINE_CURVE_WITH_KNOTS('',6,(#3152,#3153,#3154,#3155,#3156,
    #3157,#3158,#3159,#3160,#3161,#3162,#3163,#3164,#3165,#3166,#3167,
    #3168,#3169,#3170,#3171,#3172,#3173,#3174,#3175,#3176,#3177,#3178,
    #3179,#3180,#3181,#3182,#3183,#3184,#3185,#3186,#3187,#3188,#3189,
    #3190,#3191,#3192,#3193,#3194,#3195,#3196,#3197,#3198,#3199,#3200,
    #3201,#3202,#3203),.UNSPECIFIED.,.F.,.F.,(7,5,5,5,5,5,5,5,5,5,7),(0.
    ,7.481383805666E-02,0.164340888752,0.299862475246,0.41476459355,
    0.524964302866,0.60298627891,0.70670386526,0.790348292461,
    0.923737795134,1.),.UNSPECIFIED.);
#3152 = CARTESIAN_POINT('',(0.,33.437496682688));
#3153 = CARTESIAN_POINT('',(7.762786343903E-02,33.709303720481));
#3154 = CARTESIAN_POINT('',(0.155256181683,33.98111219104));
#3155 = CARTESIAN_POINT('',(0.232884562982,34.252920754762));
#3156 = CARTESIAN_POINT('',(0.310512782302,34.524728696739));
#3157 = CARTESIAN_POINT('',(0.388140781318,34.796535926764));
#3158 = CARTESIAN_POINT('',(0.558665893123,35.39361419871));
#3159 = CARTESIAN_POINT('',(0.651562793975,35.718884612112));
#3160 = CARTESIAN_POINT('',(0.744459805235,36.044155673988));
#3161 = CARTESIAN_POINT('',(0.837357033693,36.369427572529));
#3162 = CARTESIAN_POINT('',(0.930254258675,36.694699229666));
#3163 = CARTESIAN_POINT('',(1.163766555135,37.512320859207));
#3164 = CARTESIAN_POINT('',(1.304489324246,38.005047661395));
#3165 = CARTESIAN_POINT('',(1.445088826837,38.49734047895));
#3166 = CARTESIAN_POINT('',(1.585687108366,38.98963078099));
#3167 = CARTESIAN_POINT('',(1.726406301562,39.482349674331));
#3168 = CARTESIAN_POINT('',(1.986244181091,40.392153622732));
#3169 = CARTESIAN_POINT('',(2.105510068739,40.809751668333));
#3170 = CARTESIAN_POINT('',(2.224722049029,41.227160073931));
#3171 = CARTESIAN_POINT('',(2.343935507203,41.644572812435));
#3172 = CARTESIAN_POINT('',(2.463204064404,42.062177936567));
#3173 = CARTESIAN_POINT('',(2.696764143838,42.879967407108));
#3174 = CARTESIAN_POINT('',(2.811140477624,43.2804491919));
#3175 = CARTESIAN_POINT('',(2.925473289555,43.680777580031));
#3176 = CARTESIAN_POINT('',(3.039807678278,44.081109191492));
#3177 = CARTESIAN_POINT('',(3.154187008262,44.481596638299));
#3178 = CARTESIAN_POINT('',(3.349482721556,45.165405071189));
#3179 = CARTESIAN_POINT('',(3.430438680209,45.448864277959));
#3180 = CARTESIAN_POINT('',(3.511394687785,45.732323967492));
#3181 = CARTESIAN_POINT('',(3.592350692405,46.015784027832));
#3182 = CARTESIAN_POINT('',(3.673306511936,46.299243694455));
#3183 = CARTESIAN_POINT('',(3.861875378191,46.959500807701));
#3184 = CARTESIAN_POINT('',(3.969518249984,47.336402831599));
#3185 = CARTESIAN_POINT('',(4.077127938008,47.713188091768));
#3186 = CARTESIAN_POINT('',(4.184736815729,48.089970238372));
#3187 = CARTESIAN_POINT('',(4.292378073611,48.466866064926));
#3188 = CARTESIAN_POINT('',(4.486781870805,49.147553701752));
#3189 = CARTESIAN_POINT('',(4.573571689742,49.451440909944));
#3190 = CARTESIAN_POINT('',(4.660361658038,49.75532891554));
#3191 = CARTESIAN_POINT('',(4.747151906409,50.059217958427));
#3192 = CARTESIAN_POINT('',(4.833942146331,50.36310669869));
#3193 = CARTESIAN_POINT('',(5.059129908687,51.151580839769));
#3194 = CARTESIAN_POINT('',(5.197627188627,51.636515351448));
#3195 = CARTESIAN_POINT('',(5.336011103864,52.121049257704));
#3196 = CARTESIAN_POINT('',(5.474393639011,52.605580183991));
#3197 = CARTESIAN_POINT('',(5.612888302113,53.090510057052));
#3198 = CARTESIAN_POINT('',(5.830416461333,53.85217090792));
#3199 = CARTESIAN_POINT('',(5.909546237238,54.129239665868));
#3200 = CARTESIAN_POINT('',(5.988676184938,54.406307193131));
#3201 = CARTESIAN_POINT('',(6.067806088665,54.68337155556));
#3202 = CARTESIAN_POINT('',(6.146935917102,54.960433252372));
#3203 = CARTESIAN_POINT('',(6.226065823387,55.237495216148));
#3204 = ( GEOMETRIC_REPRESENTATION_CONTEXT(2) 
PARAMETRIC_REPRESENTATION_CONTEXT() REPRESENTATION_CONTEXT('2D SPACE',''
  ) );
#3205 = ORIENTED_EDGE('',*,*,#2266,.F.);
#3206 = ADVANCED_FACE('',(#3207),#2490,.T.);
#3207 = FACE_BOUND('',#3208,.T.);
#3208 = EDGE_LOOP('',(#3209,#3210,#3211,#3212));
#3209 = ORIENTED_EDGE('',*,*,#2474,.F.);
#3210 = ORIENTED_EDGE('',*,*,#2778,.T.);
#3211 = ORIENTED_EDGE('',*,*,#3010,.F.);
#3212 = ORIENTED_EDGE('',*,*,#3038,.F.);
#3213 = ( GEOMETRIC_REPRESENTATION_CONTEXT(3) 
GLOBAL_UNCERTAINTY_ASSIGNED_CONTEXT((#3217)) 
GLOBAL_UNIT_ASSIGNED_CONTEXT((#3214,#3215,#3216)) REPRESENTATION_CONTEXT
('Context #1','3D Context with UNIT and UNCERTAINTY') );
#3214 = ( LENGTH_UNIT() NAMED_UNIT(*) SI_UNIT(.MILLI.,.METRE.) );
#3215 = ( NAMED_UNIT(*) PLANE_ANGLE_UNIT() SI_UNIT($,.RADIAN.) );
#3216 = ( NAMED_UNIT(*) SI_UNIT($,.STERADIAN.) SOLID_ANGLE_UNIT() );
#3217 = UNCERTAINTY_MEASURE_WITH_UNIT(LENGTH_MEASURE(1.E-05),#3214,
  'distance_accuracy_value','confusion accuracy');
#3218 = CONTEXT_DEPENDENT_SHAPE_REPRESENTATION(#3219,#3221);
#3219 = ( REPRESENTATION_RELATIONSHIP('','',#36,#10) 
REPRESENTATION_RELATIONSHIP_WITH_TRANSFORMATION(#3220) 
SHAPE_REPRESENTATION_RELATIONSHIP() );
#3220 = ITEM_DEFINED_TRANSFORMATION('','',#11,#15);
#3221 = PRODUCT_DEFINITION_SHAPE('Placement','Placement of an item',
  #3222);
#3222 = NEXT_ASSEMBLY_USAGE_OCCURRENCE('1','','',#5,#31,$);
#3223 = PRODUCT_RELATED_PRODUCT_CATEGORY('part',$,(#33));
#3224 = SHAPE_DEFINITION_REPRESENTATION(#3225,#3231);
#3225 = PRODUCT_DEFINITION_SHAPE('','',#3226);
#3226 = PRODUCT_DEFINITION('design','',#3227,#3230);
#3227 = PRODUCT_DEFINITION_FORMATION('','',#3228);
#3228 = PRODUCT('Open CASCADE STEP translator 7.9 15.2',
  'Open CASCADE STEP translator 7.9 15.2','',(#3229));
#3229 = PRODUCT_CONTEXT('',#2,'mechanical');
#3230 = PRODUCT_DEFINITION_CONTEXT('part definition',#2,'design');
#3231 = ADVANCED_BREP_SHAPE_REPRESENTATION('',(#11,#3232),#4807);
#3232 = MANIFOLD_SOLID_BREP('',#3233);
#3233 = CLOSED_SHELL('',(#3234,#4094,#4455,#4502,#4615,#4660,#4705,#4798
    ));
#3234 = ADVANCED_FACE('',(#3235),#3315,.F.);
#3235 = FACE_BOUND('',#3236,.F.);
#3236 = EDGE_LOOP('',(#3237,#3584,#3610,#3636,#3864,#3890));
#3237 = ORIENTED_EDGE('',*,*,#3238,.F.);
#3238 = EDGE_CURVE('',#3239,#3241,#3243,.T.);
#3239 = VERTEX_POINT('',#3240);
#3240 = CARTESIAN_POINT('',(7.2,40.,-150.5));
#3241 = VERTEX_POINT('',#3242);
#3242 = CARTESIAN_POINT('',(7.126703379551,38.975332171935,-41.));
#3243 = SURFACE_CURVE('',#3244,(#3314,#3460),.PCURVE_S1.);
#3244 = B_SPLINE_CURVE_WITH_KNOTS('',9,(#3245,#3246,#3247,#3248,#3249,
    #3250,#3251,#3252,#3253,#3254,#3255,#3256,#3257,#3258,#3259,#3260,
    #3261,#3262,#3263,#3264,#3265,#3266,#3267,#3268,#3269,#3270,#3271,
    #3272,#3273,#3274,#3275,#3276,#3277,#3278,#3279,#3280,#3281,#3282,
    #3283,#3284,#3285,#3286,#3287,#3288,#3289,#3290,#3291,#3292,#3293,
    #3294,#3295,#3296,#3297,#3298,#3299,#3300,#3301,#3302,#3303,#3304,
    #3305,#3306,#3307,#3308,#3309,#3310,#3311,#3312,#3313),
  .UNSPECIFIED.,.F.,.F.,(10,8,9,8,9,8,9,8,10),(0.,14.273782104205,
    28.547564208411,42.821346312616,57.095128416821,71.368910521026,
    85.642692625232,99.916474729437,114.19025683364),.UNSPECIFIED.);
#3245 = CARTESIAN_POINT('',(7.2,40.,-150.5));
#3246 = CARTESIAN_POINT('',(7.19992877106,43.135876153111,-148.974999715
    ));
#3247 = CARTESIAN_POINT('',(5.663570699639,46.27198198126,
    -147.4500006389));
#3248 = CARTESIAN_POINT('',(2.59045932849,48.545944717382,
    -145.9249988562));
#3249 = CARTESIAN_POINT('',(-1.457328249329,49.105591845848,
    -144.4000011114));
#3250 = CARTESIAN_POINT('',(-5.354639156635,47.507687424745,
    -142.8749991727));
#3251 = CARTESIAN_POINT('',(-7.844492751834,44.267120649446,
    -141.3500002965));
#3252 = CARTESIAN_POINT('',(-8.436312748468,40.490567783579,
    -139.8249998908));
#3253 = CARTESIAN_POINT('',(-7.328892378,37.178493644869,-138.2999999567
    ));
#3254 = CARTESIAN_POINT('',(-2.925872423367,32.712143238465,
    -135.2499999634));
#3255 = CARTESIAN_POINT('',(0.370046498015,31.557565382875,
    -133.7250000295));
#3256 = CARTESIAN_POINT('',(4.154686992217,32.095252342319,
    -132.1999996223));
#3257 = CARTESIAN_POINT('',(7.430440807043,34.539020641037,
    -130.6750007502));
#3258 = CARTESIAN_POINT('',(9.08385420303,38.412297512338,
    -129.1499988048));
#3259 = CARTESIAN_POINT('',(8.582082338015,42.468666955727,
    -127.6250010672));
#3260 = CARTESIAN_POINT('',(6.352201844467,45.573107630148,
    -126.0999992794));
#3261 = CARTESIAN_POINT('',(3.238369464442,47.154538483368,
    -124.5750002056));
#3262 = CARTESIAN_POINT('',(0.102812019233,47.199245963652,
    -123.0499999201));
#3263 = CARTESIAN_POINT('',(-3.032744730947,47.24400980995,
    -121.5249998609));
#3264 = CARTESIAN_POINT('',(-6.190470297826,45.752501963163,
    -120.0000004309));
#3265 = CARTESIAN_POINT('',(-8.508082255039,42.712285884888,
    -118.4749990925));
#3266 = CARTESIAN_POINT('',(-9.125474020371,38.672789818901,
    -116.9500008966));
#3267 = CARTESIAN_POINT('',(-7.583382957399,34.753151234818,
    -115.4249993271));
#3268 = CARTESIAN_POINT('',(-4.378701135328,32.217218147074,
    -113.9000002118));
#3269 = CARTESIAN_POINT('',(-0.610983836928,31.571560542608,
    -112.3749999232));
#3270 = CARTESIAN_POINT('',(2.716565882745,32.631563706792,
    -110.8499999507));
#3271 = CARTESIAN_POINT('',(7.245333781904,36.970359791921,
    -107.7999999662));
#3272 = CARTESIAN_POINT('',(8.446857911314,40.249454158411,
    -106.2750000254));
#3273 = CARTESIAN_POINT('',(7.963268502976,44.041388864094,
    -104.7499996269));
#3274 = CARTESIAN_POINT('',(5.566525401229,47.351702200316,
    -103.225000746));
#3275 = CARTESIAN_POINT('',(1.717253346032,49.060257250974,
    -101.6999988079));
#3276 = CARTESIAN_POINT('',(-2.345867579107,48.616458179655,
    -100.1750010655));
#3277 = CARTESIAN_POINT('',(-5.481833263284,46.4311354583,
    -98.64999928017));
#3278 = CARTESIAN_POINT('',(-7.107566792492,43.34020234493,
    -97.12500020543));
#3279 = CARTESIAN_POINT('',(-7.197043847918,40.205603034874,
    -95.59999992013));
#3280 = CARTESIAN_POINT('',(-7.286577255931,37.071005137639,
    -94.07499986117));
#3281 = CARTESIAN_POINT('',(-5.840312152842,33.892303786921,
    -92.55000043018));
#3282 = CARTESIAN_POINT('',(-2.833500367674,31.531514800818,
    -91.02499909433));
#3283 = CARTESIAN_POINT('',(1.196767858983,30.85650529007,
    -89.50000089347));
#3284 = CARTESIAN_POINT('',(5.138026993592,32.342466874947,
    -87.97499933149));
#3285 = CARTESIAN_POINT('',(7.719462810648,35.510612382599,
    -86.45000020711));
#3286 = CARTESIAN_POINT('',(8.418855544983,39.268723690771,
    -84.92499992737));
#3287 = CARTESIAN_POINT('',(7.406476210598,42.611072177553,
    -83.39999994787));
#3288 = CARTESIAN_POINT('',(3.132790861938,47.201331880119,
    -80.34999997229));
#3289 = CARTESIAN_POINT('',(-0.128811644249,48.449566861555,
    -78.82499999308));
#3290 = CARTESIAN_POINT('',(-3.927266338403,48.020144373207,
    -77.29999971173));
#3291 = CARTESIAN_POINT('',(-7.271463970439,45.670974886497,
    -75.77500059163));
#3292 = CARTESIAN_POINT('',(-9.034814201139,41.846400429419,
    -74.24999902269));
#3293 = CARTESIAN_POINT('',(-8.649075030477,37.777469121445,
    -72.72500082927));
#3294 = CARTESIAN_POINT('',(-6.508759618649,34.610507020427,
    -71.19999948812));
#3295 = CARTESIAN_POINT('',(-3.441352665148,32.940890640082,
    -69.67500005955));
#3296 = CARTESIAN_POINT('',(-0.308352940699,32.806605914764,
    -68.14999999999));
#3297 = CARTESIAN_POINT('',(2.82464913364,32.67237754628,-66.62499971506
    ));
#3298 = CARTESIAN_POINT('',(6.023674917359,34.073016658048,
    -65.10000063899));
#3299 = CARTESIAN_POINT('',(8.427162837812,37.045921945389,
    -63.57499885612));
#3300 = CARTESIAN_POINT('',(9.159650274192,41.066027831125,
    -62.05000111155));
#3301 = CARTESIAN_POINT('',(7.730121256447,45.028196131013,
    -60.52499917268));
#3302 = CARTESIAN_POINT('',(4.599160117743,47.654548411229,
    -59.0000002966));
#3303 = CARTESIAN_POINT('',(0.851417949666,48.407563084238,
    -57.47499989084));
#3304 = CARTESIAN_POINT('',(-2.50504466796,47.443004286703,
    -55.94999995674));
#3305 = CARTESIAN_POINT('',(-7.155864493865,43.235303534432,
    -52.89999996342));
#3306 = CARTESIAN_POINT('',(-8.450536689561,39.991855451477,
    -51.3750000296));
#3307 = CARTESIAN_POINT('',(-8.075427082846,36.187659909901,
    -49.84999962231));
#3308 = CARTESIAN_POINT('',(-5.774190957594,32.810252790421,
    -48.32500075024));
#3309 = CARTESIAN_POINT('',(-1.975278171881,30.99247633885,
    -46.79999880494));
#3310 = CARTESIAN_POINT('',(2.09885888164,31.320066521357,
    -45.27500106716));
#3311 = CARTESIAN_POINT('',(5.295949909332,33.414947874849,
    -43.74999927952));
#3312 = CARTESIAN_POINT('',(7.009285285854,36.458195731712,
    -42.22500020558));
#3313 = CARTESIAN_POINT('',(7.188237631267,39.588961661811,
    -40.69999992013));
#3314 = PCURVE('',#3315,#3454);
#3315 = B_SPLINE_SURFACE_WITH_KNOTS('',1,9,(
    (#3316,#3317,#3318,#3319,#3320,#3321,#3322,#3323,#3324,#3325,#3326
      ,#3327,#3328,#3329,#3330,#3331,#3332,#3333,#3334,#3335,#3336,#3337
      ,#3338,#3339,#3340,#3341,#3342,#3343,#3344,#3345,#3346,#3347,#3348
      ,#3349,#3350,#3351,#3352,#3353,#3354,#3355,#3356,#3357,#3358,#3359
      ,#3360,#3361,#3362,#3363,#3364,#3365,#3366,#3367,#3368,#3369,#3370
      ,#3371,#3372,#3373,#3374,#3375,#3376,#3377,#3378,#3379,#3380,#3381
      ,#3382,#3383,#3384)
    ,(#3385,#3386,#3387,#3388,#3389,#3390,#3391,#3392,#3393,#3394,#3395
      ,#3396,#3397,#3398,#3399,#3400,#3401,#3402,#3403,#3404,#3405,#3406
      ,#3407,#3408,#3409,#3410,#3411,#3412,#3413,#3414,#3415,#3416,#3417
      ,#3418,#3419,#3420,#3421,#3422,#3423,#3424,#3425,#3426,#3427,#3428
      ,#3429,#3430,#3431,#3432,#3433,#3434,#3435,#3436,#3437,#3438,#3439
      ,#3440,#3441,#3442,#3443,#3444,#3445,#3446,#3447,#3448,#3449,#3450
      ,#3451,#3452,#3453
    )),.UNSPECIFIED.,.F.,.F.,.F.,(2,2),(10,8,9,8,9,8,9,8,10),(0.,
    12.839003076563),(0.,14.273782104205,28.547564208411,42.821346312616
    ,57.095128416821,71.368910521026,85.642692625232,99.916474729437,
    114.19025683364),.UNSPECIFIED.);
#3316 = CARTESIAN_POINT('',(7.2,40.,-150.5));
#3317 = CARTESIAN_POINT('',(7.19992877106,43.135876153111,-148.974999715
    ));
#3318 = CARTESIAN_POINT('',(5.663570699639,46.27198198126,
    -147.4500006389));
#3319 = CARTESIAN_POINT('',(2.59045932849,48.545944717382,
    -145.9249988562));
#3320 = CARTESIAN_POINT('',(-1.457328249329,49.105591845848,
    -144.4000011114));
#3321 = CARTESIAN_POINT('',(-5.354639156635,47.507687424745,
    -142.8749991727));
#3322 = CARTESIAN_POINT('',(-7.844492751834,44.267120649446,
    -141.3500002965));
#3323 = CARTESIAN_POINT('',(-8.436312748468,40.490567783579,
    -139.8249998908));
#3324 = CARTESIAN_POINT('',(-7.328892378,37.178493644869,-138.2999999567
    ));
#3325 = CARTESIAN_POINT('',(-2.925872423367,32.712143238465,
    -135.2499999634));
#3326 = CARTESIAN_POINT('',(0.370046498015,31.557565382875,
    -133.7250000295));
#3327 = CARTESIAN_POINT('',(4.154686992217,32.095252342319,
    -132.1999996223));
#3328 = CARTESIAN_POINT('',(7.430440807043,34.539020641037,
    -130.6750007502));
#3329 = CARTESIAN_POINT('',(9.08385420303,38.412297512338,
    -129.1499988048));
#3330 = CARTESIAN_POINT('',(8.582082338015,42.468666955727,
    -127.6250010672));
#3331 = CARTESIAN_POINT('',(6.352201844467,45.573107630148,
    -126.0999992794));
#3332 = CARTESIAN_POINT('',(3.238369464442,47.154538483368,
    -124.5750002056));
#3333 = CARTESIAN_POINT('',(0.102812019233,47.199245963652,
    -123.0499999201));
#3334 = CARTESIAN_POINT('',(-3.032744730947,47.24400980995,
    -121.5249998609));
#3335 = CARTESIAN_POINT('',(-6.190470297826,45.752501963163,
    -120.0000004309));
#3336 = CARTESIAN_POINT('',(-8.508082255039,42.712285884888,
    -118.4749990925));
#3337 = CARTESIAN_POINT('',(-9.125474020371,38.672789818901,
    -116.9500008966));
#3338 = CARTESIAN_POINT('',(-7.583382957399,34.753151234818,
    -115.4249993271));
#3339 = CARTESIAN_POINT('',(-4.378701135328,32.217218147074,
    -113.9000002118));
#3340 = CARTESIAN_POINT('',(-0.610983836928,31.571560542608,
    -112.3749999232));
#3341 = CARTESIAN_POINT('',(2.716565882745,32.631563706792,
    -110.8499999507));
#3342 = CARTESIAN_POINT('',(7.245333781904,36.970359791921,
    -107.7999999662));
#3343 = CARTESIAN_POINT('',(8.446857911314,40.249454158411,
    -106.2750000254));
#3344 = CARTESIAN_POINT('',(7.963268502976,44.041388864094,
    -104.7499996269));
#3345 = CARTESIAN_POINT('',(5.566525401229,47.351702200316,
    -103.225000746));
#3346 = CARTESIAN_POINT('',(1.717253346032,49.060257250974,
    -101.6999988079));
#3347 = CARTESIAN_POINT('',(-2.345867579107,48.616458179655,
    -100.1750010655));
#3348 = CARTESIAN_POINT('',(-5.481833263284,46.4311354583,
    -98.64999928017));
#3349 = CARTESIAN_POINT('',(-7.107566792492,43.34020234493,
    -97.12500020543));
#3350 = CARTESIAN_POINT('',(-7.197043847918,40.205603034874,
    -95.59999992013));
#3351 = CARTESIAN_POINT('',(-7.286577255931,37.071005137639,
    -94.07499986117));
#3352 = CARTESIAN_POINT('',(-5.840312152842,33.892303786921,
    -92.55000043018));
#3353 = CARTESIAN_POINT('',(-2.833500367674,31.531514800818,
    -91.02499909433));
#3354 = CARTESIAN_POINT('',(1.196767858983,30.85650529007,
    -89.50000089347));
#3355 = CARTESIAN_POINT('',(5.138026993592,32.342466874947,
    -87.97499933149));
#3356 = CARTESIAN_POINT('',(7.719462810648,35.510612382599,
    -86.45000020711));
#3357 = CARTESIAN_POINT('',(8.418855544983,39.268723690771,
    -84.92499992737));
#3358 = CARTESIAN_POINT('',(7.406476210598,42.611072177553,
    -83.39999994787));
#3359 = CARTESIAN_POINT('',(3.132790861938,47.201331880119,
    -80.34999997229));
#3360 = CARTESIAN_POINT('',(-0.128811644249,48.449566861555,
    -78.82499999308));
#3361 = CARTESIAN_POINT('',(-3.927266338403,48.020144373207,
    -77.29999971173));
#3362 = CARTESIAN_POINT('',(-7.271463970439,45.670974886497,
    -75.77500059163));
#3363 = CARTESIAN_POINT('',(-9.034814201139,41.846400429419,
    -74.24999902269));
#3364 = CARTESIAN_POINT('',(-8.649075030477,37.777469121445,
    -72.72500082927));
#3365 = CARTESIAN_POINT('',(-6.508759618649,34.610507020427,
    -71.19999948812));
#3366 = CARTESIAN_POINT('',(-3.441352665148,32.940890640082,
    -69.67500005955));
#3367 = CARTESIAN_POINT('',(-0.308352940699,32.806605914764,
    -68.14999999999));
#3368 = CARTESIAN_POINT('',(2.82464913364,32.67237754628,-66.62499971506
    ));
#3369 = CARTESIAN_POINT('',(6.023674917359,34.073016658048,
    -65.10000063899));
#3370 = CARTESIAN_POINT('',(8.427162837812,37.045921945389,
    -63.57499885612));
#3371 = CARTESIAN_POINT('',(9.159650274192,41.066027831125,
    -62.05000111155));
#3372 = CARTESIAN_POINT('',(7.730121256447,45.028196131013,
    -60.52499917268));
#3373 = CARTESIAN_POINT('',(4.599160117743,47.654548411229,
    -59.0000002966));
#3374 = CARTESIAN_POINT('',(0.851417949666,48.407563084238,
    -57.47499989084));
#3375 = CARTESIAN_POINT('',(-2.50504466796,47.443004286703,
    -55.94999995674));
#3376 = CARTESIAN_POINT('',(-7.155864493865,43.235303534432,
    -52.89999996342));
#3377 = CARTESIAN_POINT('',(-8.450536689561,39.991855451477,
    -51.3750000296));
#3378 = CARTESIAN_POINT('',(-8.075427082846,36.187659909901,
    -49.84999962231));
#3379 = CARTESIAN_POINT('',(-5.774190957594,32.810252790421,
    -48.32500075024));
#3380 = CARTESIAN_POINT('',(-1.975278171881,30.99247633885,
    -46.79999880494));
#3381 = CARTESIAN_POINT('',(2.09885888164,31.320066521357,
    -45.27500106716));
#3382 = CARTESIAN_POINT('',(5.295949909332,33.414947874849,
    -43.74999927952));
#3383 = CARTESIAN_POINT('',(7.009285285854,36.458195731712,
    -42.22500020558));
#3384 = CARTESIAN_POINT('',(7.188237631267,39.588961661811,
    -40.69999992013));
#3385 = CARTESIAN_POINT('',(20.,40.,-149.5));
#3386 = CARTESIAN_POINT('',(19.999957262635,48.710994241598,
    -147.9753644072));
#3387 = CARTESIAN_POINT('',(15.731738773594,57.421628658723,
    -146.4491824982));
#3388 = CARTESIAN_POINT('',(7.196372254973,63.739760570373,
    -144.9264635866));
#3389 = CARTESIAN_POINT('',(-4.048926861226,65.292264243895,
    -143.3985774138));
#3390 = CARTESIAN_POINT('',(-14.87349247672,60.855435123522,
    -141.8760588666));
#3391 = CARTESIAN_POINT('',(-21.79052673065,51.852791757589,
    -140.3496202507));
#3392 = CARTESIAN_POINT('',(-23.43418305062,41.362718343596,
    -138.8251396667));
#3393 = CARTESIAN_POINT('',(-20.3580475272,32.162446849133,
    -137.3000552916));
#3394 = CARTESIAN_POINT('',(-8.12740680376,19.755923405006,
    -134.2500467599));
#3395 = CARTESIAN_POINT('',(1.028006506132,16.548763692355,
    -132.7249623852));
#3396 = CARTESIAN_POINT('',(11.540490316196,18.04239839307,
    -131.2004817996));
#3397 = CARTESIAN_POINT('',(20.640948803345,24.830462205276,
    -129.6740431879));
#3398 = CARTESIAN_POINT('',(25.231880255027,35.590088266615,
    -128.1515246338));
#3399 = CARTESIAN_POINT('',(23.840094713791,46.857008221942,
    -126.6236384688));
#3400 = CARTESIAN_POINT('',(17.644446981598,55.481211740671,
    -125.1009195509));
#3401 = CARTESIAN_POINT('',(8.995646913207,59.873625440294,
    -123.5747376456));
#3402 = CARTESIAN_POINT('',(0.285539900527,59.997949600091,
    -122.0501020513));
#3403 = CARTESIAN_POINT('',(-8.424426241903,60.122327176241,
    -120.5251779812));
#3404 = CARTESIAN_POINT('',(-17.19534083138,55.978877308799,
    -118.9994482694));
#3405 = CARTESIAN_POINT('',(-23.63443255108,47.534663316542,
    -117.4761616481));
#3406 = CARTESIAN_POINT('',(-25.34763583259,36.312616085127,
    -115.9488518816));
#3407 = CARTESIAN_POINT('',(-21.06559837778,25.425850547284,
    -114.4258615462));
#3408 = CARTESIAN_POINT('',(-12.16279348161,18.380934732136,
    -112.8997285718));
#3409 = CARTESIAN_POINT('',(-1.697187198753,16.587669709969,
    -111.3750982418));
#3410 = CARTESIAN_POINT('',(7.546047959751,19.532111077788,
    -109.8500629652));
#3411 = CARTESIAN_POINT('',(20.125959202482,31.584347333645,
    -106.8000430945));
#3412 = CARTESIAN_POINT('',(23.463522137949,40.693029625743,
    -105.2749676224));
#3413 = CARTESIAN_POINT('',(22.120158002191,51.225771180314,
    -103.7504758259));
#3414 = CARTESIAN_POINT('',(15.46273053205,60.422230579898,
    -102.2240486563));
#3415 = CARTESIAN_POINT('',(4.76976221457,65.166336875698,
    -100.7015206512));
#3416 = CARTESIAN_POINT('',(-6.51588600929,63.935578322512,
    -99.17364071358));
#3417 = CARTESIAN_POINT('',(-15.22767932589,57.863711781339,
    -97.65091863448));
#3418 = CARTESIAN_POINT('',(-19.74314612193,49.278514782172,
    -96.12473786839));
#3419 = CARTESIAN_POINT('',(-19.99183330767,40.571071134944,
    -94.60010205122));
#3420 = CARTESIAN_POINT('',(-20.24057211028,31.863769060194,
    -93.07517775863));
#3421 = CARTESIAN_POINT('',(-16.22278824941,23.03458252171,
    -91.54944918564));
#3422 = CARTESIAN_POINT('',(-7.871383641903,16.475568011981,
    -90.02615940398));
#3423 = CARTESIAN_POINT('',(3.325058820066,14.602294990442,
    -88.49885586343));
#3424 = CARTESIAN_POINT('',(14.271855018411,18.728437585564,
    -86.97585607851));
#3425 = CARTESIAN_POINT('',(21.443185599137,27.529738138123,
    -85.44973454506));
#3426 = CARTESIAN_POINT('',(23.385705719139,37.968669404166,
    -83.92509300476));
#3427 = CARTESIAN_POINT('',(20.57355752535,47.253008103796,
    -82.40006663072));
#3428 = CARTESIAN_POINT('',(8.702179127886,60.00373532587,
    -79.35003542089));
#3429 = CARTESIAN_POINT('',(-0.357891734032,63.471029963878,
    -77.82500904779));
#3430 = CARTESIAN_POINT('',(-10.9088153528,62.278190447368,
    -76.30036750382));
#3431 = CARTESIAN_POINT('',(-20.19925188997,55.752791874893,
    -74.77424597861));
#3432 = CARTESIAN_POINT('',(-25.09579580947,45.128611688639,
    -73.25124618111));
#3433 = CARTESIAN_POINT('',(-24.026033381,33.826595073184,
    -71.72394265427));
#3434 = CARTESIAN_POINT('',(-18.07946409746,25.028932166436,
    -70.20065286171));
#3435 = CARTESIAN_POINT('',(-9.559399270157,20.391377175423,
    -68.67492429523));
#3436 = CARTESIAN_POINT('',(-0.856535946664,20.018349763479,
    -67.14999999945));
#3437 = CARTESIAN_POINT('',(7.846467891934,19.645328476851,
    -65.62536440848));
#3438 = CARTESIAN_POINT('',(16.731904531478,23.536582351522,
    -64.09918249652));
#3439 = CARTESIAN_POINT('',(23.409782045844,31.793532416303,
    -62.57646358823));
#3440 = CARTESIAN_POINT('',(25.442461459627,42.962025345197,
    -61.04857741274));
#3441 = CARTESIAN_POINT('',(21.473284556638,53.966674729421,
    -59.52605886713));
#3442 = CARTESIAN_POINT('',(12.775135432883,61.262917070081,
    -57.99962025062));
#3443 = CARTESIAN_POINT('',(2.365079073519,63.354321602368,
    -56.4751396668));
#3444 = CARTESIAN_POINT('',(-6.958492313247,60.675026559578,
    -54.95005529169));
#3445 = CARTESIAN_POINT('',(-19.87743209015,48.986938969368,
    -51.90004675999));
#3446 = CARTESIAN_POINT('',(-23.47374630197,39.977278021921,
    -50.37496238526));
#3447 = CARTESIAN_POINT('',(-22.43169800636,29.410471700854,
    -48.85048179935));
#3448 = CARTESIAN_POINT('',(-16.03960565511,20.027651743833,
    -47.32404318868));
#3449 = CARTESIAN_POINT('',(-5.486466311593,14.980132092364,
    -45.80152463243));
#3450 = CARTESIAN_POINT('',(5.829722092064,15.888114590688,
    -44.27363847082));
#3451 = CARTESIAN_POINT('',(14.711352758177,21.70873087142,
    -42.75091954883));
#3452 = CARTESIAN_POINT('',(19.470136876463,30.161482758584,
    -41.22473764731));
#3453 = CARTESIAN_POINT('',(19.967372958411,38.858273944167,
    -39.70010205044));
#3454 = DEFINITIONAL_REPRESENTATION('',(#3455),#3459);
#3455 = LINE('',#3456,#3457);
#3456 = CARTESIAN_POINT('',(0.,0.));
#3457 = VECTOR('',#3458,1.);
#3458 = DIRECTION('',(0.,1.));
#3459 = ( GEOMETRIC_REPRESENTATION_CONTEXT(2) 
PARAMETRIC_REPRESENTATION_CONTEXT() REPRESENTATION_CONTEXT('2D SPACE',''
  ) );
#3460 = PCURVE('',#3461,#3578);
#3461 = B_SPLINE_SURFACE_WITH_KNOTS('',1,8,(
    (#3462,#3463,#3464,#3465,#3466,#3467,#3468,#3469,#3470,#3471,#3472
      ,#3473,#3474,#3475,#3476,#3477,#3478,#3479,#3480,#3481,#3482,#3483
      ,#3484,#3485,#3486,#3487,#3488,#3489,#3490,#3491,#3492,#3493,#3494
      ,#3495,#3496,#3497,#3498,#3499,#3500,#3501,#3502,#3503,#3504,#3505
      ,#3506,#3507,#3508,#3509,#3510,#3511,#3512,#3513,#3514,#3515,#3516
      ,#3517,#3518,#3519)
    ,(#3520,#3521,#3522,#3523,#3524,#3525,#3526,#3527,#3528,#3529,#3530
      ,#3531,#3532,#3533,#3534,#3535,#3536,#3537,#3538,#3539,#3540,#3541
      ,#3542,#3543,#3544,#3545,#3546,#3547,#3548,#3549,#3550,#3551,#3552
      ,#3553,#3554,#3555,#3556,#3557,#3558,#3559,#3560,#3561,#3562,#3563
      ,#3564,#3565,#3566,#3567,#3568,#3569,#3570,#3571,#3572,#3573,#3574
      ,#3575,#3576,#3577
    )),.UNSPECIFIED.,.F.,.F.,.F.,(2,2),(9,7,7,7,7,7,7,7,9),(0.,5.),(0.,
    14.273782104205,28.547564208411,42.821346312616,57.095128416821,
    71.368910521026,85.642692625232,99.916474729437,114.19025683364),
  .UNSPECIFIED.);
#3462 = CARTESIAN_POINT('',(7.2,40.,-145.5));
#3463 = CARTESIAN_POINT('',(7.200080132102,43.527870417576,
    -143.7843746795));
#3464 = CARTESIAN_POINT('',(5.222321671974,47.055243136518,
    -142.0687507058));
#3465 = CARTESIAN_POINT('',(1.283612724811,49.294865521722,
    -140.353123864));
#3466 = CARTESIAN_POINT('',(-3.668733287933,48.946728046649,
    -138.6375009201));
#3467 = CARTESIAN_POINT('',(-7.439153903219,45.718259538616,
    -136.9218744748));
#3468 = CARTESIAN_POINT('',(-8.672238778281,41.357897794308,
    -135.2062500773));
#3469 = CARTESIAN_POINT('',(-7.604103627932,37.457632069964,
    -133.4906249579));
#3470 = CARTESIAN_POINT('',(-2.650689948623,32.432977641141,
    -130.0593749604));
#3471 = CARTESIAN_POINT('',(1.233928745243,31.309309934515,
    -128.3437498586));
#3472 = CARTESIAN_POINT('',(5.611427179029,32.479715078362,
    -126.6281254033));
#3473 = CARTESIAN_POINT('',(8.893470630143,36.204344047535,
    -124.9124990731));
#3474 = CARTESIAN_POINT('',(9.312205577486,41.150239803742,
    -123.1968759631));
#3475 = CARTESIAN_POINT('',(7.129114492862,45.121390389328,
    -121.4812493052));
#3476 = CARTESIAN_POINT('',(3.63032246819,47.148846660203,
    -119.7656251719));
#3477 = CARTESIAN_POINT('',(-3.424697603505,47.249705096831,
    -116.334374748));
#3478 = CARTESIAN_POINT('',(-6.979951384753,45.322556855727,
    -114.6187506159));
#3479 = CARTESIAN_POINT('',(-9.275588904856,41.416184825398,
    -112.9031239557));
#3480 = CARTESIAN_POINT('',(-8.998203170354,36.459413489773,
    -111.1875008476));
#3481 = CARTESIAN_POINT('',(-5.823903960981,32.643247615032,
    -109.4718745178));
#3482 = CARTESIAN_POINT('',(-1.4815943452,31.348039867586,
    -107.7562500598));
#3483 = CARTESIAN_POINT('',(2.433526048093,32.360367116214,
    -106.0406249613));
#3484 = CARTESIAN_POINT('',(7.528400377098,37.241527546911,
    -102.6093749588));
#3485 = CARTESIAN_POINT('',(8.707423842671,41.109703875471,
    -100.8937498606));
#3486 = CARTESIAN_POINT('',(7.599646454226,45.503469813492,
    -99.17812540124));
#3487 = CARTESIAN_POINT('',(3.922263099355,48.838363464303,
    -97.46249907482));
#3488 = CARTESIAN_POINT('',(-1.017149059372,49.327681207778,
    -95.74687596218));
#3489 = CARTESIAN_POINT('',(-5.019068172397,47.20151832741,
    -94.03124930563));
#3490 = CARTESIAN_POINT('',(-7.09627866325,43.732034173166,
    -92.3156251719));
#3491 = CARTESIAN_POINT('',(-7.297868844154,36.679173587585,
    -88.88437474814));
#3492 = CARTESIAN_POINT('',(-5.421684269055,33.096763633073,
    -87.16875061585));
#3493 = CARTESIAN_POINT('',(-1.548491033554,30.745579178708,
    -85.45312395584));
#3494 = CARTESIAN_POINT('',(3.411735848672,30.952156530283,
    -83.73750084754));
#3495 = CARTESIAN_POINT('',(7.272839985215,34.071639212922,
    -82.0218745179));
#3496 = CARTESIAN_POINT('',(8.62992160564,38.395011213217,
    -80.30625005981));
#3497 = CARTESIAN_POINT('',(7.673603459672,42.324187937818,
    -78.59062496136));
#3498 = CARTESIAN_POINT('',(2.865692859422,47.488243248493,
    -75.15937495889));
#3499 = CARTESIAN_POINT('',(-0.985253235225,48.72238205527,
    -73.44374986065));
#3500 = CARTESIAN_POINT('',(-5.394389692708,47.677458312038,
    -71.7281254013));
#3501 = CARTESIAN_POINT('',(-8.781454439045,44.048070441981,
    -70.01249907471));
#3502 = CARTESIAN_POINT('',(-9.341254558752,39.116149096457,
    -68.29687596231));
#3503 = CARTESIAN_POINT('',(-7.272453760364,35.084277501944,
    -66.58124930552));
#3504 = CARTESIAN_POINT('',(-3.832984853644,32.957736364765,
    -64.86562517197));
#3505 = CARTESIAN_POINT('',(3.216278068894,32.655455544658,
    -61.43437474803));
#3506 = CARTESIAN_POINT('',(6.825113594298,34.480293881321,
    -59.71875061635));
#3507 = CARTESIAN_POINT('',(9.231365866031,38.319518501977,
    -58.00312395471));
#3508 = CARTESIAN_POINT('',(9.095638381624,43.282189511563,
    -56.28750084933));
#3509 = CARTESIAN_POINT('',(6.031609257591,47.187444520446,
    -54.57187451573));
#3510 = CARTESIAN_POINT('',(1.728055435633,48.606123347641,
    -52.85625006189));
#3511 = CARTESIAN_POINT('',(-2.214375500566,47.706009257321,
    -51.14062495979));
#3512 = CARTESIAN_POINT('',(-7.446560013527,42.972328961236,
    -47.70937496229));
#3513 = CARTESIAN_POINT('',(-8.735557282129,39.139398053457,
    -45.99374984325));
#3514 = CARTESIAN_POINT('',(-7.753715353996,34.715791054073,
    -44.27812544397));
#3515 = CARTESIAN_POINT('',(-4.173034254976,31.277244178353,
    -42.56249900282));
#3516 = CARTESIAN_POINT('',(0.750349655786,30.647078255135,
    -40.84687605328));
#3517 = CARTESIAN_POINT('',(4.811396841361,32.658092436795,
    -39.13124921632));
#3518 = CARTESIAN_POINT('',(6.986795510898,36.066847074967,
    -37.41562524003));
#3519 = CARTESIAN_POINT('',(7.18827746085,39.588959384394,
    -35.69999992029));
#3520 = CARTESIAN_POINT('',(7.2,40.,-150.5));
#3521 = CARTESIAN_POINT('',(7.19991986778,43.527860700908,
    -148.7843746795));
#3522 = CARTESIAN_POINT('',(5.222676295449,47.055237176848,
    -147.0687507054));
#3523 = CARTESIAN_POINT('',(1.283069587393,49.294805772743,
    -145.3531238645));
#3524 = CARTESIAN_POINT('',(-3.668246499928,48.946738710449,
    -143.6375009194));
#3525 = CARTESIAN_POINT('',(-7.439380004212,45.718225536857,
    -141.9218744751));
#3526 = CARTESIAN_POINT('',(-8.672155720609,41.357897256417,
    -140.2062500772));
#3527 = CARTESIAN_POINT('',(-7.604081120517,37.457640939108,
    -138.4906249579));
#3528 = CARTESIAN_POINT('',(-2.65068368626,32.432995485703,
    -135.0593749604));
#3529 = CARTESIAN_POINT('',(1.233920343508,31.309283786121,
    -133.3437498581));
#3530 = CARTESIAN_POINT('',(5.611434081565,32.4799608587,-131.6281254053
    ));
#3531 = CARTESIAN_POINT('',(8.893403385674,36.203914688148,
    -129.9124990692));
#3532 = CARTESIAN_POINT('',(9.31222136384,41.150729869396,
    -128.1968759673));
#3533 = CARTESIAN_POINT('',(7.129076279109,45.121052206227,
    -126.4812493026));
#3534 = CARTESIAN_POINT('',(3.630313943335,47.148932950642,
    -124.7656251725));
#3535 = CARTESIAN_POINT('',(-3.424689669581,47.249578915863,
    -121.3343747478));
#3536 = CARTESIAN_POINT('',(-6.97994102651,45.322866493725,
    -119.6187506159));
#3537 = CARTESIAN_POINT('',(-9.275536239356,41.415686676429,
    -117.9031239559));
#3538 = CARTESIAN_POINT('',(-8.998207418178,36.459864188761,
    -116.1875008472));
#3539 = CARTESIAN_POINT('',(-5.823872873073,32.643042530894,
    -114.471874518));
#3540 = CARTESIAN_POINT('',(-1.481592751003,31.34811415708,
    -112.7562500597));
#3541 = CARTESIAN_POINT('',(2.433517526503,32.360391452801,
    -111.0406249613));
#3542 = CARTESIAN_POINT('',(7.528382612119,37.241533276435,
    -107.6093749588));
#3543 = CARTESIAN_POINT('',(8.707449883713,41.109696133447,
    -105.8937498601));
#3544 = CARTESIAN_POINT('',(7.599400781935,45.503479171498,
    -104.1781254032));
#3545 = CARTESIAN_POINT('',(3.92269146702,48.838290928333,
    -102.4624990708));
#3546 = CARTESIAN_POINT('',(-1.017638856878,49.327703496246,
    -100.7468759663));
#3547 = CARTESIAN_POINT('',(-5.018730566538,47.201475489811,
    -99.03124930303));
#3548 = CARTESIAN_POINT('',(-7.096365067151,43.732026842147,
    -97.31562517248));
#3549 = CARTESIAN_POINT('',(-7.297742562623,36.679179737024,
    -93.88437474788));
#3550 = CARTESIAN_POINT('',(-5.421993727515,33.096778387812,
    -92.16875061587));
#3551 = CARTESIAN_POINT('',(-1.54799218363,30.74562475011,
    -90.45312395604));
#3552 = CARTESIAN_POINT('',(3.411285135416,30.95215869913,
    -88.73750084713));
#3553 = CARTESIAN_POINT('',(7.273045491888,34.071667380738,
    -87.0218745181));
#3554 = CARTESIAN_POINT('',(8.629847346944,38.39501386337,
    -85.30625005972));
#3555 = CARTESIAN_POINT('',(7.673579003496,42.324179765526,
    -83.59062496131));
#3556 = CARTESIAN_POINT('',(2.865686877696,47.488225566693,
    -80.15937495884));
#3557 = CARTESIAN_POINT('',(-0.98524512681,48.722407983892,
    -78.44374986017));
#3558 = CARTESIAN_POINT('',(-5.394402546248,47.677212797112,
    -76.72812540325));
#3559 = CARTESIAN_POINT('',(-8.781375813173,44.048497732075,
    -75.01249907076));
#3560 = CARTESIAN_POINT('',(-9.341283814351,39.115659665016,
    -73.29687596652));
#3561 = CARTESIAN_POINT('',(-7.272406130244,35.084614463563,
    -71.58124930292));
#3562 = CARTESIAN_POINT('',(-3.832978739072,32.957649863726,
    -69.86562517254));
#3563 = CARTESIAN_POINT('',(3.216273684197,32.65558190367,
    -66.43437474777));
#3564 = CARTESIAN_POINT('',(6.825094622816,34.479984652879,
    -64.71875061637));
#3565 = CARTESIAN_POINT('',(9.231326929932,38.3200179808,-63.0031239549)
  );
#3566 = CARTESIAN_POINT('',(9.095630607706,43.281738827348,
    -61.28750084893));
#3567 = CARTESIAN_POINT('',(6.031582975727,47.187650468238,
    -59.57187451591));
#3568 = CARTESIAN_POINT('',(1.728052755975,48.606049076004,
    -57.85625006181));
#3569 = CARTESIAN_POINT('',(-2.214368464173,47.705984731415,
    -56.14062495973));
#3570 = CARTESIAN_POINT('',(-7.446540716659,42.972322631228,
    -52.70937496226));
#3571 = CARTESIAN_POINT('',(-8.735591831129,39.139407026405,
    -50.99374984263));
#3572 = CARTESIAN_POINT('',(-7.753448601175,34.715773480675,
    -49.27812544627));
#3573 = CARTESIAN_POINT('',(-4.173496514639,31.277330945563,
    -47.5624989983));
#3574 = CARTESIAN_POINT('',(0.750884335132,30.647039423182,
    -45.84687605821));
#3575 = CARTESIAN_POINT('',(4.81101579906,32.658147411573,
    -44.13124921301));
#3576 = CARTESIAN_POINT('',(6.986916243865,36.066850019106,
    -42.41562524115));
#3577 = CARTESIAN_POINT('',(7.188237631267,39.588961661811,
    -40.69999992013));
#3578 = DEFINITIONAL_REPRESENTATION('',(#3579),#3583);
#3579 = LINE('',#3580,#3581);
#3580 = CARTESIAN_POINT('',(5.,0.));
#3581 = VECTOR('',#3582,1.);
#3582 = DIRECTION('',(0.,1.));
#3583 = ( GEOMETRIC_REPRESENTATION_CONTEXT(2) 
PARAMETRIC_REPRESENTATION_CONTEXT() REPRESENTATION_CONTEXT('2D SPACE',''
  ) );
#3584 = ORIENTED_EDGE('',*,*,#3585,.T.);
#3585 = EDGE_CURVE('',#3239,#3586,#3588,.T.);
#3586 = VERTEX_POINT('',#3587);
#3587 = CARTESIAN_POINT('',(12.921086675291,40.,-150.0530401034));
#3588 = SURFACE_CURVE('',#3589,(#3592,#3599),.PCURVE_S1.);
#3589 = B_SPLINE_CURVE_WITH_KNOTS('',1,(#3590,#3591),.UNSPECIFIED.,.F.,
  .F.,(2,2),(0.,12.839003076563),.PIECEWISE_BEZIER_KNOTS.);
#3590 = CARTESIAN_POINT('',(7.2,40.,-150.5));
#3591 = CARTESIAN_POINT('',(20.,40.,-149.5));
#3592 = PCURVE('',#3315,#3593);
#3593 = DEFINITIONAL_REPRESENTATION('',(#3594),#3598);
#3594 = LINE('',#3595,#3596);
#3595 = CARTESIAN_POINT('',(0.,0.));
#3596 = VECTOR('',#3597,1.);
#3597 = DIRECTION('',(1.,0.));
#3598 = ( GEOMETRIC_REPRESENTATION_CONTEXT(2) 
PARAMETRIC_REPRESENTATION_CONTEXT() REPRESENTATION_CONTEXT('2D SPACE',''
  ) );
#3599 = PCURVE('',#3600,#3605);
#3600 = PLANE('',#3601);
#3601 = AXIS2_PLACEMENT_3D('',#3602,#3603,#3604);
#3602 = CARTESIAN_POINT('',(13.21992999402,40.,-148.));
#3603 = DIRECTION('',(-0.,-1.,-0.));
#3604 = DIRECTION('',(0.,0.,-1.));
#3605 = DEFINITIONAL_REPRESENTATION('',(#3606),#3609);
#3606 = B_SPLINE_CURVE_WITH_KNOTS('',1,(#3607,#3608),.UNSPECIFIED.,.F.,
  .F.,(2,2),(0.,12.839003076563),.PIECEWISE_BEZIER_KNOTS.);
#3607 = CARTESIAN_POINT('',(2.5,-6.01992999402));
#3608 = CARTESIAN_POINT('',(1.5,6.78007000598));
#3609 = ( GEOMETRIC_REPRESENTATION_CONTEXT(2) 
PARAMETRIC_REPRESENTATION_CONTEXT() REPRESENTATION_CONTEXT('2D SPACE',''
  ) );
#3610 = ORIENTED_EDGE('',*,*,#3611,.T.);
#3611 = EDGE_CURVE('',#3586,#3612,#3614,.T.);
#3612 = VERTEX_POINT('',#3613);
#3613 = CARTESIAN_POINT('',(20.,40.,-149.5));
#3614 = SURFACE_CURVE('',#3615,(#3618,#3625),.PCURVE_S1.);
#3615 = B_SPLINE_CURVE_WITH_KNOTS('',1,(#3616,#3617),.UNSPECIFIED.,.F.,
  .F.,(2,2),(0.,12.839003076563),.PIECEWISE_BEZIER_KNOTS.);
#3616 = CARTESIAN_POINT('',(7.2,40.,-150.5));
#3617 = CARTESIAN_POINT('',(20.,40.,-149.5));
#3618 = PCURVE('',#3315,#3619);
#3619 = DEFINITIONAL_REPRESENTATION('',(#3620),#3624);
#3620 = LINE('',#3621,#3622);
#3621 = CARTESIAN_POINT('',(0.,0.));
#3622 = VECTOR('',#3623,1.);
#3623 = DIRECTION('',(1.,0.));
#3624 = ( GEOMETRIC_REPRESENTATION_CONTEXT(2) 
PARAMETRIC_REPRESENTATION_CONTEXT() REPRESENTATION_CONTEXT('2D SPACE',''
  ) );
#3625 = PCURVE('',#3626,#3631);
#3626 = PLANE('',#3627);
#3627 = AXIS2_PLACEMENT_3D('',#3628,#3629,#3630);
#3628 = CARTESIAN_POINT('',(13.21992999402,40.,-148.));
#3629 = DIRECTION('',(-0.,-1.,-0.));
#3630 = DIRECTION('',(0.,0.,-1.));
#3631 = DEFINITIONAL_REPRESENTATION('',(#3632),#3635);
#3632 = B_SPLINE_CURVE_WITH_KNOTS('',1,(#3633,#3634),.UNSPECIFIED.,.F.,
  .F.,(2,2),(0.,12.839003076563),.PIECEWISE_BEZIER_KNOTS.);
#3633 = CARTESIAN_POINT('',(2.5,-6.01992999402));
#3634 = CARTESIAN_POINT('',(1.5,6.78007000598));
#3635 = ( GEOMETRIC_REPRESENTATION_CONTEXT(2) 
PARAMETRIC_REPRESENTATION_CONTEXT() REPRESENTATION_CONTEXT('2D SPACE',''
  ) );
#3636 = ORIENTED_EDGE('',*,*,#3637,.T.);
#3637 = EDGE_CURVE('',#3612,#3638,#3640,.T.);
#3638 = VERTEX_POINT('',#3639);
#3639 = CARTESIAN_POINT('',(19.967372958411,38.858273944167,
    -39.70010205044));
#3640 = SURFACE_CURVE('',#3641,(#3711,#3718),.PCURVE_S1.);
#3641 = B_SPLINE_CURVE_WITH_KNOTS('',9,(#3642,#3643,#3644,#3645,#3646,
    #3647,#3648,#3649,#3650,#3651,#3652,#3653,#3654,#3655,#3656,#3657,
    #3658,#3659,#3660,#3661,#3662,#3663,#3664,#3665,#3666,#3667,#3668,
    #3669,#3670,#3671,#3672,#3673,#3674,#3675,#3676,#3677,#3678,#3679,
    #3680,#3681,#3682,#3683,#3684,#3685,#3686,#3687,#3688,#3689,#3690,
    #3691,#3692,#3693,#3694,#3695,#3696,#3697,#3698,#3699,#3700,#3701,
    #3702,#3703,#3704,#3705,#3706,#3707,#3708,#3709,#3710),
  .UNSPECIFIED.,.F.,.F.,(10,8,9,8,9,8,9,8,10),(0.,14.273782104205,
    28.547564208411,42.821346312616,57.095128416821,71.368910521026,
    85.642692625232,99.916474729437,114.19025683364),.UNSPECIFIED.);
#3642 = CARTESIAN_POINT('',(20.,40.,-149.5));
#3643 = CARTESIAN_POINT('',(19.999957262635,48.710994241598,
    -147.9753644072));
#3644 = CARTESIAN_POINT('',(15.731738773594,57.421628658723,
    -146.4491824982));
#3645 = CARTESIAN_POINT('',(7.196372254973,63.739760570373,
    -144.9264635866));
#3646 = CARTESIAN_POINT('',(-4.048926861226,65.292264243895,
    -143.3985774138));
#3647 = CARTESIAN_POINT('',(-14.87349247672,60.855435123522,
    -141.8760588666));
#3648 = CARTESIAN_POINT('',(-21.79052673065,51.852791757589,
    -140.3496202507));
#3649 = CARTESIAN_POINT('',(-23.43418305062,41.362718343596,
    -138.8251396667));
#3650 = CARTESIAN_POINT('',(-20.3580475272,32.162446849133,
    -137.3000552916));
#3651 = CARTESIAN_POINT('',(-8.12740680376,19.755923405006,
    -134.2500467599));
#3652 = CARTESIAN_POINT('',(1.028006506132,16.548763692355,
    -132.7249623852));
#3653 = CARTESIAN_POINT('',(11.540490316196,18.04239839307,
    -131.2004817996));
#3654 = CARTESIAN_POINT('',(20.640948803345,24.830462205276,
    -129.6740431879));
#3655 = CARTESIAN_POINT('',(25.231880255027,35.590088266615,
    -128.1515246338));
#3656 = CARTESIAN_POINT('',(23.840094713791,46.857008221942,
    -126.6236384688));
#3657 = CARTESIAN_POINT('',(17.644446981598,55.481211740671,
    -125.1009195509));
#3658 = CARTESIAN_POINT('',(8.995646913207,59.873625440294,
    -123.5747376456));
#3659 = CARTESIAN_POINT('',(0.285539900527,59.997949600091,
    -122.0501020513));
#3660 = CARTESIAN_POINT('',(-8.424426241903,60.122327176241,
    -120.5251779812));
#3661 = CARTESIAN_POINT('',(-17.19534083138,55.978877308799,
    -118.9994482694));
#3662 = CARTESIAN_POINT('',(-23.63443255108,47.534663316542,
    -117.4761616481));
#3663 = CARTESIAN_POINT('',(-25.34763583259,36.312616085127,
    -115.9488518816));
#3664 = CARTESIAN_POINT('',(-21.06559837778,25.425850547284,
    -114.4258615462));
#3665 = CARTESIAN_POINT('',(-12.16279348161,18.380934732136,
    -112.8997285718));
#3666 = CARTESIAN_POINT('',(-1.697187198753,16.587669709969,
    -111.3750982418));
#3667 = CARTESIAN_POINT('',(7.546047959751,19.532111077788,
    -109.8500629652));
#3668 = CARTESIAN_POINT('',(20.125959202482,31.584347333645,
    -106.8000430945));
#3669 = CARTESIAN_POINT('',(23.463522137949,40.693029625743,
    -105.2749676224));
#3670 = CARTESIAN_POINT('',(22.120158002191,51.225771180314,
    -103.7504758259));
#3671 = CARTESIAN_POINT('',(15.46273053205,60.422230579898,
    -102.2240486563));
#3672 = CARTESIAN_POINT('',(4.76976221457,65.166336875698,
    -100.7015206512));
#3673 = CARTESIAN_POINT('',(-6.51588600929,63.935578322512,
    -99.17364071358));
#3674 = CARTESIAN_POINT('',(-15.22767932589,57.863711781339,
    -97.65091863448));
#3675 = CARTESIAN_POINT('',(-19.74314612193,49.278514782172,
    -96.12473786839));
#3676 = CARTESIAN_POINT('',(-19.99183330767,40.571071134944,
    -94.60010205122));
#3677 = CARTESIAN_POINT('',(-20.24057211028,31.863769060194,
    -93.07517775863));
#3678 = CARTESIAN_POINT('',(-16.22278824941,23.03458252171,
    -91.54944918564));
#3679 = CARTESIAN_POINT('',(-7.871383641903,16.475568011981,
    -90.02615940398));
#3680 = CARTESIAN_POINT('',(3.325058820066,14.602294990442,
    -88.49885586343));
#3681 = CARTESIAN_POINT('',(14.271855018411,18.728437585564,
    -86.97585607851));
#3682 = CARTESIAN_POINT('',(21.443185599137,27.529738138123,
    -85.44973454506));
#3683 = CARTESIAN_POINT('',(23.385705719139,37.968669404166,
    -83.92509300476));
#3684 = CARTESIAN_POINT('',(20.57355752535,47.253008103796,
    -82.40006663072));
#3685 = CARTESIAN_POINT('',(8.702179127886,60.00373532587,
    -79.35003542089));
#3686 = CARTESIAN_POINT('',(-0.357891734032,63.471029963878,
    -77.82500904779));
#3687 = CARTESIAN_POINT('',(-10.9088153528,62.278190447368,
    -76.30036750382));
#3688 = CARTESIAN_POINT('',(-20.19925188997,55.752791874893,
    -74.77424597861));
#3689 = CARTESIAN_POINT('',(-25.09579580947,45.128611688639,
    -73.25124618111));
#3690 = CARTESIAN_POINT('',(-24.026033381,33.826595073184,
    -71.72394265427));
#3691 = CARTESIAN_POINT('',(-18.07946409746,25.028932166436,
    -70.20065286171));
#3692 = CARTESIAN_POINT('',(-9.559399270157,20.391377175423,
    -68.67492429523));
#3693 = CARTESIAN_POINT('',(-0.856535946664,20.018349763479,
    -67.14999999945));
#3694 = CARTESIAN_POINT('',(7.846467891934,19.645328476851,
    -65.62536440848));
#3695 = CARTESIAN_POINT('',(16.731904531478,23.536582351522,
    -64.09918249652));
#3696 = CARTESIAN_POINT('',(23.409782045844,31.793532416303,
    -62.57646358823));
#3697 = CARTESIAN_POINT('',(25.442461459627,42.962025345197,
    -61.04857741274));
#3698 = CARTESIAN_POINT('',(21.473284556638,53.966674729421,
    -59.52605886713));
#3699 = CARTESIAN_POINT('',(12.775135432883,61.262917070081,
    -57.99962025062));
#3700 = CARTESIAN_POINT('',(2.365079073519,63.354321602368,
    -56.4751396668));
#3701 = CARTESIAN_POINT('',(-6.958492313247,60.675026559578,
    -54.95005529169));
#3702 = CARTESIAN_POINT('',(-19.87743209015,48.986938969368,
    -51.90004675999));
#3703 = CARTESIAN_POINT('',(-23.47374630197,39.977278021921,
    -50.37496238526));
#3704 = CARTESIAN_POINT('',(-22.43169800636,29.410471700854,
    -48.85048179935));
#3705 = CARTESIAN_POINT('',(-16.03960565511,20.027651743833,
    -47.32404318868));
#3706 = CARTESIAN_POINT('',(-5.486466311593,14.980132092364,
    -45.80152463243));
#3707 = CARTESIAN_POINT('',(5.829722092064,15.888114590688,
    -44.27363847082));
#3708 = CARTESIAN_POINT('',(14.711352758177,21.70873087142,
    -42.75091954883));
#3709 = CARTESIAN_POINT('',(19.470136876463,30.161482758584,
    -41.22473764731));
#3710 = CARTESIAN_POINT('',(19.967372958411,38.858273944167,
    -39.70010205044));
#3711 = PCURVE('',#3315,#3712);
#3712 = DEFINITIONAL_REPRESENTATION('',(#3713),#3717);
#3713 = LINE('',#3714,#3715);
#3714 = CARTESIAN_POINT('',(12.839003076563,0.));
#3715 = VECTOR('',#3716,1.);
#3716 = DIRECTION('',(0.,1.));
#3717 = ( GEOMETRIC_REPRESENTATION_CONTEXT(2) 
PARAMETRIC_REPRESENTATION_CONTEXT() REPRESENTATION_CONTEXT('2D SPACE',''
  ) );
#3718 = PCURVE('',#3719,#3858);
#3719 = B_SPLINE_SURFACE_WITH_KNOTS('',1,9,(
    (#3720,#3721,#3722,#3723,#3724,#3725,#3726,#3727,#3728,#3729,#3730
      ,#3731,#3732,#3733,#3734,#3735,#3736,#3737,#3738,#3739,#3740,#3741
      ,#3742,#3743,#3744,#3745,#3746,#3747,#3748,#3749,#3750,#3751,#3752
      ,#3753,#3754,#3755,#3756,#3757,#3758,#3759,#3760,#3761,#3762,#3763
      ,#3764,#3765,#3766,#3767,#3768,#3769,#3770,#3771,#3772,#3773,#3774
      ,#3775,#3776,#3777,#3778,#3779,#3780,#3781,#3782,#3783,#3784,#3785
      ,#3786,#3787,#3788)
    ,(#3789,#3790,#3791,#3792,#3793,#3794,#3795,#3796,#3797,#3798,#3799
      ,#3800,#3801,#3802,#3803,#3804,#3805,#3806,#3807,#3808,#3809,#3810
      ,#3811,#3812,#3813,#3814,#3815,#3816,#3817,#3818,#3819,#3820,#3821
      ,#3822,#3823,#3824,#3825,#3826,#3827,#3828,#3829,#3830,#3831,#3832
      ,#3833,#3834,#3835,#3836,#3837,#3838,#3839,#3840,#3841,#3842,#3843
      ,#3844,#3845,#3846,#3847,#3848,#3849,#3850,#3851,#3852,#3853,#3854
      ,#3855,#3856,#3857
    )),.UNSPECIFIED.,.F.,.F.,.F.,(2,2),(10,8,9,8,9,8,9,8,10),(0.,3.),(0.
    ,14.273782104205,28.547564208411,42.821346312616,57.095128416821,
    71.368910521026,85.642692625232,99.916474729437,114.19025683364),
  .UNSPECIFIED.);
#3720 = CARTESIAN_POINT('',(20.,40.,-149.5));
#3721 = CARTESIAN_POINT('',(19.999957262635,48.710994241598,
    -147.9753644072));
#3722 = CARTESIAN_POINT('',(15.731738773594,57.421628658723,
    -146.4491824982));
#3723 = CARTESIAN_POINT('',(7.196372254973,63.739760570373,
    -144.9264635866));
#3724 = CARTESIAN_POINT('',(-4.048926861225,65.292264243895,
    -143.3985774138));
#3725 = CARTESIAN_POINT('',(-14.87349247672,60.855435123522,
    -141.8760588666));
#3726 = CARTESIAN_POINT('',(-21.79052673065,51.852791757589,
    -140.3496202507));
#3727 = CARTESIAN_POINT('',(-23.43418305062,41.362718343596,
    -138.8251396667));
#3728 = CARTESIAN_POINT('',(-20.3580475272,32.162446849133,
    -137.3000552916));
#3729 = CARTESIAN_POINT('',(-8.12740680376,19.755923405006,
    -134.2500467599));
#3730 = CARTESIAN_POINT('',(1.028006506132,16.548763692355,
    -132.7249623852));
#3731 = CARTESIAN_POINT('',(11.540490316195,18.042398393069,
    -131.2004817996));
#3732 = CARTESIAN_POINT('',(20.640948803346,24.830462205277,
    -129.6740431879));
#3733 = CARTESIAN_POINT('',(25.231880255026,35.590088266613,
    -128.1515246338));
#3734 = CARTESIAN_POINT('',(23.840094713792,46.857008221943,
    -126.6236384688));
#3735 = CARTESIAN_POINT('',(17.644446981598,55.481211740671,
    -125.1009195509));
#3736 = CARTESIAN_POINT('',(8.995646913208,59.873625440294,
    -123.5747376456));
#3737 = CARTESIAN_POINT('',(0.285539900527,59.997949600091,
    -122.0501020513));
#3738 = CARTESIAN_POINT('',(-8.424426241903,60.122327176241,
    -120.5251779812));
#3739 = CARTESIAN_POINT('',(-17.19534083138,55.978877308799,
    -118.9994482694));
#3740 = CARTESIAN_POINT('',(-23.63443255108,47.534663316543,
    -117.4761616481));
#3741 = CARTESIAN_POINT('',(-25.34763583259,36.312616085127,
    -115.9488518816));
#3742 = CARTESIAN_POINT('',(-21.06559837778,25.425850547284,
    -114.4258615462));
#3743 = CARTESIAN_POINT('',(-12.16279348161,18.380934732136,
    -112.8997285718));
#3744 = CARTESIAN_POINT('',(-1.697187198753,16.587669709969,
    -111.3750982418));
#3745 = CARTESIAN_POINT('',(7.546047959751,19.532111077788,
    -109.8500629652));
#3746 = CARTESIAN_POINT('',(20.125959202482,31.584347333645,
    -106.8000430945));
#3747 = CARTESIAN_POINT('',(23.463522137949,40.693029625743,
    -105.2749676224));
#3748 = CARTESIAN_POINT('',(22.120158002192,51.225771180315,
    -103.7504758259));
#3749 = CARTESIAN_POINT('',(15.462730532049,60.422230579897,
    -102.2240486563));
#3750 = CARTESIAN_POINT('',(4.769762214571,65.166336875699,
    -100.7015206512));
#3751 = CARTESIAN_POINT('',(-6.51588600929,63.935578322511,
    -99.17364071358));
#3752 = CARTESIAN_POINT('',(-15.22767932589,57.86371178134,
    -97.65091863448));
#3753 = CARTESIAN_POINT('',(-19.74314612193,49.278514782172,
    -96.12473786839));
#3754 = CARTESIAN_POINT('',(-19.99183330767,40.571071134944,
    -94.60010205122));
#3755 = CARTESIAN_POINT('',(-20.24057211028,31.863769060193,
    -93.07517775863));
#3756 = CARTESIAN_POINT('',(-16.22278824941,23.03458252171,
    -91.54944918563));
#3757 = CARTESIAN_POINT('',(-7.871383641903,16.47556801198,
    -90.02615940399));
#3758 = CARTESIAN_POINT('',(3.325058820066,14.602294990443,
    -88.49885586343));
#3759 = CARTESIAN_POINT('',(14.271855018411,18.728437585563,
    -86.97585607851));
#3760 = CARTESIAN_POINT('',(21.443185599137,27.529738138124,
    -85.44973454506));
#3761 = CARTESIAN_POINT('',(23.385705719139,37.968669404166,
    -83.92509300477));
#3762 = CARTESIAN_POINT('',(20.57355752535,47.253008103797,
    -82.40006663071));
#3763 = CARTESIAN_POINT('',(8.702179127886,60.00373532587,
    -79.35003542089));
#3764 = CARTESIAN_POINT('',(-0.357891734033,63.471029963879,
    -77.82500904779));
#3765 = CARTESIAN_POINT('',(-10.9088153528,62.278190447368,
    -76.30036750382));
#3766 = CARTESIAN_POINT('',(-20.19925188997,55.752791874893,
    -74.77424597862));
#3767 = CARTESIAN_POINT('',(-25.09579580947,45.128611688639,
    -73.25124618111));
#3768 = CARTESIAN_POINT('',(-24.026033381,33.826595073184,
    -71.72394265427));
#3769 = CARTESIAN_POINT('',(-18.07946409746,25.028932166436,
    -70.20065286171));
#3770 = CARTESIAN_POINT('',(-9.559399270157,20.391377175422,
    -68.67492429523));
#3771 = CARTESIAN_POINT('',(-0.856535946664,20.018349763479,
    -67.14999999945));
#3772 = CARTESIAN_POINT('',(7.846467891934,19.645328476851,
    -65.62536440849));
#3773 = CARTESIAN_POINT('',(16.731904531478,23.536582351522,
    -64.09918249652));
#3774 = CARTESIAN_POINT('',(23.409782045844,31.793532416303,
    -62.57646358824));
#3775 = CARTESIAN_POINT('',(25.442461459627,42.962025345197,
    -61.04857741274));
#3776 = CARTESIAN_POINT('',(21.473284556638,53.966674729421,
    -59.52605886713));
#3777 = CARTESIAN_POINT('',(12.775135432883,61.262917070081,
    -57.99962025062));
#3778 = CARTESIAN_POINT('',(2.365079073519,63.354321602368,
    -56.4751396668));
#3779 = CARTESIAN_POINT('',(-6.958492313247,60.675026559578,
    -54.95005529169));
#3780 = CARTESIAN_POINT('',(-19.87743209015,48.986938969368,
    -51.90004675999));
#3781 = CARTESIAN_POINT('',(-23.47374630197,39.977278021921,
    -50.37496238526));
#3782 = CARTESIAN_POINT('',(-22.43169800636,29.410471700853,
    -48.85048179935));
#3783 = CARTESIAN_POINT('',(-16.03960565511,20.027651743834,
    -47.32404318868));
#3784 = CARTESIAN_POINT('',(-5.486466311593,14.980132092362,
    -45.80152463243));
#3785 = CARTESIAN_POINT('',(5.829722092064,15.888114590689,
    -44.27363847082));
#3786 = CARTESIAN_POINT('',(14.711352758177,21.70873087142,
    -42.75091954883));
#3787 = CARTESIAN_POINT('',(19.470136876463,30.161482758584,
    -41.22473764731));
#3788 = CARTESIAN_POINT('',(19.967372958411,38.858273944167,
    -39.70010205044));
#3789 = CARTESIAN_POINT('',(20.,40.,-146.5));
#3790 = CARTESIAN_POINT('',(20.00004273736,48.7109994544,-144.9753644072
    ));
#3791 = CARTESIAN_POINT('',(15.73155312431,57.421633741263,
    -143.4491824985));
#3792 = CARTESIAN_POINT('',(7.196678757518,63.739781568984,
    -141.926463586));
#3793 = CARTESIAN_POINT('',(-4.049229035992,65.292284041573,
    -140.3985774147));
#3794 = CARTESIAN_POINT('',(-14.87330969905,60.855433071133,
    -138.8760588658));
#3795 = CARTESIAN_POINT('',(-21.79061306882,51.852809939701,
    -137.3496202511));
#3796 = CARTESIAN_POINT('',(-23.43418329149,41.362715930012,
    -135.8251396667));
#3797 = CARTESIAN_POINT('',(-20.3580604848,32.162441618118,
    -134.3000552917));
#3798 = CARTESIAN_POINT('',(-8.1274111156,19.755912057392,-131.25004676)
  );
#3799 = CARTESIAN_POINT('',(1.028010153277,16.54873583105,
    -129.7249623849));
#3800 = CARTESIAN_POINT('',(11.540487180897,18.042458701946,
    -128.2004818008));
#3801 = CARTESIAN_POINT('',(20.640972950089,24.830261261331,
    -126.6740431852));
#3802 = CARTESIAN_POINT('',(25.231894972638,35.590385415024,
    -125.1515246375));
#3803 = CARTESIAN_POINT('',(23.840097874208,46.856710257486,
    -123.6236384655));
#3804 = CARTESIAN_POINT('',(17.644465668099,55.48141597215,
    -122.1009195529));
#3805 = CARTESIAN_POINT('',(8.995651247035,59.873563834673,
    -120.574737645));
#3806 = CARTESIAN_POINT('',(0.285540242284,59.997973534647,
    -119.0501020514));
#3807 = CARTESIAN_POINT('',(-8.424430857968,60.122368993375,
    -117.5251779811));
#3808 = CARTESIAN_POINT('',(-17.19534767431,55.978754083529,
    -115.9994482699));
#3809 = CARTESIAN_POINT('',(-23.63445018206,47.53489927269,
    -114.4761616471));
#3810 = CARTESIAN_POINT('',(-25.34765902394,36.31237859604,
    -112.9488518828));
#3811 = CARTESIAN_POINT('',(-21.06559437647,25.425986998561,
    -111.4258615452));
#3812 = CARTESIAN_POINT('',(-12.16281253196,18.38087406742,
    -109.8997285723));
#3813 = CARTESIAN_POINT('',(-1.697184927587,16.587659719086,
    -108.3750982417));
#3814 = CARTESIAN_POINT('',(7.546053030903,19.532099846546,
    -106.8500629653));
#3815 = CARTESIAN_POINT('',(20.125970475094,31.584342000539,
    -103.8000430945));
#3816 = CARTESIAN_POINT('',(23.463550066029,40.693034102983,
    -102.2749676222));
#3817 = CARTESIAN_POINT('',(22.120097634703,51.225767505509,
    -100.7504758271));
#3818 = CARTESIAN_POINT('',(15.462931818591,60.422253137286,
    -99.22404865369));
#3819 = CARTESIAN_POINT('',(4.769465293329,65.166354900941,
    -97.70152065493));
#3820 = CARTESIAN_POINT('',(-6.515588022617,63.935577754231,
    -96.17364071029));
#3821 = CARTESIAN_POINT('',(-15.22788327274,57.863733167352,
    -94.65091863639));
#3822 = CARTESIAN_POINT('',(-19.74308445999,49.278518288082,
    -93.1247378678));
#3823 = CARTESIAN_POINT('',(-19.99185723488,40.571071818432,
    -91.60010205132));
#3824 = CARTESIAN_POINT('',(-20.24061398683,31.863765093904,
    -90.07517775845));
#3825 = CARTESIAN_POINT('',(-16.22266514362,23.034573705251,
    -88.54944918617));
#3826 = CARTESIAN_POINT('',(-7.871619803236,16.475554277875,
    -87.02615940305));
#3827 = CARTESIAN_POINT('',(3.325295913846,14.602267477287,
    -85.49885586465));
#3828 = CARTESIAN_POINT('',(14.271718693015,18.728444816156,
    -83.97585607757));
#3829 = CARTESIAN_POINT('',(21.443245925716,27.529716823666,
    -82.44973454555));
#3830 = CARTESIAN_POINT('',(23.385715793999,37.968672759742,
    -80.92509300467));
#3831 = CARTESIAN_POINT('',(20.573568791051,47.253012155078,
    -79.40006663075));
#3832 = CARTESIAN_POINT('',(8.702184698492,60.003748319459,
    -76.3500354209));
#3833 = CARTESIAN_POINT('',(-0.35789622815,63.471048245293,
    -74.82500904761));
#3834 = CARTESIAN_POINT('',(-10.90881145218,62.2781554181,
    -73.30036750491));
#3835 = CARTESIAN_POINT('',(-20.19927355316,55.752947221958,
    -71.77424597616));
#3836 = CARTESIAN_POINT('',(-25.09581531532,45.128379375139,
    -70.25124618458));
#3837 = CARTESIAN_POINT('',(-24.026031591,33.826822263735,
    -68.72394265126));
#3838 = CARTESIAN_POINT('',(-18.07948572371,25.028790827732,
    -67.20065286337));
#3839 = CARTESIAN_POINT('',(-9.559403767871,20.391395193294,
    -65.67492429482));
#3840 = CARTESIAN_POINT('',(-0.856535946667,20.018349763608,
    -64.14999999945));
#3841 = CARTESIAN_POINT('',(7.846469439322,19.645242857,-62.62536440849)
  );
#3842 = CARTESIAN_POINT('',(16.73191756028,23.536767613249,
    -61.0991824968));
#3843 = CARTESIAN_POINT('',(23.409789898311,31.793225295191,
    -59.57646358758));
#3844 = CARTESIAN_POINT('',(25.442494180754,42.96232639523,
    -58.04857741371));
#3845 = CARTESIAN_POINT('',(21.473274678027,53.966492207129,
    -56.52605886638));
#3846 = CARTESIAN_POINT('',(12.775157296043,61.263002550437,
    -54.99962025101));
#3847 = CARTESIAN_POINT('',(2.365076672436,63.354321946376,
    -53.47513966674));
#3848 = CARTESIAN_POINT('',(-6.95849698453,60.675039729309,
    -51.95005529171));
#3849 = CARTESIAN_POINT('',(-19.87744324269,48.986943763233,
    -48.90004676001));
#3850 = CARTESIAN_POINT('',(-23.47377429389,39.977275571367,
    -47.37496238504));
#3851 = CARTESIAN_POINT('',(-22.43163761864,29.410472250276,
    -45.85048180054));
#3852 = CARTESIAN_POINT('',(-16.03980744854,20.027636225406,
    -44.32404318604));
#3853 = CARTESIAN_POINT('',(-5.486170066624,14.980104661823,
    -42.80152463615));
#3854 = CARTESIAN_POINT('',(5.829424266262,15.888124194462,
    -41.27363846753));
#3855 = CARTESIAN_POINT('',(14.711556001406,21.708703455302,
    -39.75091955074));
#3856 = CARTESIAN_POINT('',(19.470075142179,30.161481067101,
    -38.22473764673));
#3857 = CARTESIAN_POINT('',(19.967396856161,38.858272577716,
    -36.70010205053));
#3858 = DEFINITIONAL_REPRESENTATION('',(#3859),#3863);
#3859 = LINE('',#3860,#3861);
#3860 = CARTESIAN_POINT('',(0.,0.));
#3861 = VECTOR('',#3862,1.);
#3862 = DIRECTION('',(0.,1.));
#3863 = ( GEOMETRIC_REPRESENTATION_CONTEXT(2) 
PARAMETRIC_REPRESENTATION_CONTEXT() REPRESENTATION_CONTEXT('2D SPACE',''
  ) );
#3864 = ORIENTED_EDGE('',*,*,#3865,.F.);
#3865 = EDGE_CURVE('',#3866,#3638,#3868,.T.);
#3866 = VERTEX_POINT('',#3867);
#3867 = CARTESIAN_POINT('',(7.188237631267,39.588961661811,
    -40.69999992013));
#3868 = SURFACE_CURVE('',#3869,(#3872,#3879),.PCURVE_S1.);
#3869 = B_SPLINE_CURVE_WITH_KNOTS('',1,(#3870,#3871),.UNSPECIFIED.,.F.,
  .F.,(2,2),(0.,12.839003076563),.PIECEWISE_BEZIER_KNOTS.);
#3870 = CARTESIAN_POINT('',(7.188237631267,39.588961661811,
    -40.69999992013));
#3871 = CARTESIAN_POINT('',(19.967372958411,38.858273944167,
    -39.70010205044));
#3872 = PCURVE('',#3315,#3873);
#3873 = DEFINITIONAL_REPRESENTATION('',(#3874),#3878);
#3874 = LINE('',#3875,#3876);
#3875 = CARTESIAN_POINT('',(0.,114.19025683364));
#3876 = VECTOR('',#3877,1.);
#3877 = DIRECTION('',(1.,0.));
#3878 = ( GEOMETRIC_REPRESENTATION_CONTEXT(2) 
PARAMETRIC_REPRESENTATION_CONTEXT() REPRESENTATION_CONTEXT('2D SPACE',''
  ) );
#3879 = PCURVE('',#3880,#3885);
#3880 = PLANE('',#3881);
#3881 = AXIS2_PLACEMENT_3D('',#3882,#3883,#3884);
#3882 = CARTESIAN_POINT('',(13.198370991313,39.245313166405,
    -38.20004795279));
#3883 = DIRECTION('',(-5.708494235817E-02,-0.998369325128,
    -6.823393354903E-12));
#3884 = DIRECTION('',(-0.998369325128,5.708494235817E-02,
    5.048709793414E-29));
#3885 = DEFINITIONAL_REPRESENTATION('',(#3886),#3889);
#3886 = B_SPLINE_CURVE_WITH_KNOTS('',1,(#3887,#3888),.UNSPECIFIED.,.F.,
  .F.,(2,2),(0.,12.839003076563),.PIECEWISE_BEZIER_KNOTS.);
#3887 = CARTESIAN_POINT('',(6.019949941149,2.499951967332));
#3888 = CARTESIAN_POINT('',(-6.780058037372,1.500054097643));
#3889 = ( GEOMETRIC_REPRESENTATION_CONTEXT(2) 
PARAMETRIC_REPRESENTATION_CONTEXT() REPRESENTATION_CONTEXT('2D SPACE',''
  ) );
#3890 = ORIENTED_EDGE('',*,*,#3891,.F.);
#3891 = EDGE_CURVE('',#3241,#3866,#3892,.T.);
#3892 = SURFACE_CURVE('',#3893,(#3963,#3970),.PCURVE_S1.);
#3893 = B_SPLINE_CURVE_WITH_KNOTS('',9,(#3894,#3895,#3896,#3897,#3898,
    #3899,#3900,#3901,#3902,#3903,#3904,#3905,#3906,#3907,#3908,#3909,
    #3910,#3911,#3912,#3913,#3914,#3915,#3916,#3917,#3918,#3919,#3920,
    #3921,#3922,#3923,#3924,#3925,#3926,#3927,#3928,#3929,#3930,#3931,
    #3932,#3933,#3934,#3935,#3936,#3937,#3938,#3939,#3940,#3941,#3942,
    #3943,#3944,#3945,#3946,#3947,#3948,#3949,#3950,#3951,#3952,#3953,
    #3954,#3955,#3956,#3957,#3958,#3959,#3960,#3961,#3962),
  .UNSPECIFIED.,.F.,.F.,(10,8,9,8,9,8,9,8,10),(0.,14.273782104205,
    28.547564208411,42.821346312616,57.095128416821,71.368910521026,
    85.642692625232,99.916474729437,114.19025683364),.UNSPECIFIED.);
#3894 = CARTESIAN_POINT('',(7.2,40.,-150.5));
#3895 = CARTESIAN_POINT('',(7.19992877106,43.135876153111,-148.974999715
    ));
#3896 = CARTESIAN_POINT('',(5.663570699639,46.27198198126,
    -147.4500006389));
#3897 = CARTESIAN_POINT('',(2.59045932849,48.545944717382,
    -145.9249988562));
#3898 = CARTESIAN_POINT('',(-1.457328249329,49.105591845848,
    -144.4000011114));
#3899 = CARTESIAN_POINT('',(-5.354639156635,47.507687424745,
    -142.8749991727));
#3900 = CARTESIAN_POINT('',(-7.844492751834,44.267120649446,
    -141.3500002965));
#3901 = CARTESIAN_POINT('',(-8.436312748468,40.490567783579,
    -139.8249998908));
#3902 = CARTESIAN_POINT('',(-7.328892378,37.178493644869,-138.2999999567
    ));
#3903 = CARTESIAN_POINT('',(-2.925872423367,32.712143238465,
    -135.2499999634));
#3904 = CARTESIAN_POINT('',(0.370046498015,31.557565382875,
    -133.7250000295));
#3905 = CARTESIAN_POINT('',(4.154686992217,32.095252342319,
    -132.1999996223));
#3906 = CARTESIAN_POINT('',(7.430440807043,34.539020641037,
    -130.6750007502));
#3907 = CARTESIAN_POINT('',(9.08385420303,38.412297512338,
    -129.1499988048));
#3908 = CARTESIAN_POINT('',(8.582082338015,42.468666955727,
    -127.6250010672));
#3909 = CARTESIAN_POINT('',(6.352201844467,45.573107630148,
    -126.0999992794));
#3910 = CARTESIAN_POINT('',(3.238369464442,47.154538483368,
    -124.5750002056));
#3911 = CARTESIAN_POINT('',(0.102812019233,47.199245963652,
    -123.0499999201));
#3912 = CARTESIAN_POINT('',(-3.032744730947,47.24400980995,
    -121.5249998609));
#3913 = CARTESIAN_POINT('',(-6.190470297826,45.752501963163,
    -120.0000004309));
#3914 = CARTESIAN_POINT('',(-8.508082255039,42.712285884888,
    -118.4749990925));
#3915 = CARTESIAN_POINT('',(-9.125474020371,38.672789818901,
    -116.9500008966));
#3916 = CARTESIAN_POINT('',(-7.583382957399,34.753151234818,
    -115.4249993271));
#3917 = CARTESIAN_POINT('',(-4.378701135328,32.217218147074,
    -113.9000002118));
#3918 = CARTESIAN_POINT('',(-0.610983836928,31.571560542608,
    -112.3749999232));
#3919 = CARTESIAN_POINT('',(2.716565882745,32.631563706792,
    -110.8499999507));
#3920 = CARTESIAN_POINT('',(7.245333781904,36.970359791921,
    -107.7999999662));
#3921 = CARTESIAN_POINT('',(8.446857911314,40.249454158411,
    -106.2750000254));
#3922 = CARTESIAN_POINT('',(7.963268502976,44.041388864094,
    -104.7499996269));
#3923 = CARTESIAN_POINT('',(5.566525401229,47.351702200316,
    -103.225000746));
#3924 = CARTESIAN_POINT('',(1.717253346032,49.060257250974,
    -101.6999988079));
#3925 = CARTESIAN_POINT('',(-2.345867579107,48.616458179655,
    -100.1750010655));
#3926 = CARTESIAN_POINT('',(-5.481833263284,46.4311354583,
    -98.64999928017));
#3927 = CARTESIAN_POINT('',(-7.107566792492,43.34020234493,
    -97.12500020543));
#3928 = CARTESIAN_POINT('',(-7.197043847918,40.205603034874,
    -95.59999992013));
#3929 = CARTESIAN_POINT('',(-7.286577255931,37.071005137639,
    -94.07499986117));
#3930 = CARTESIAN_POINT('',(-5.840312152842,33.892303786921,
    -92.55000043018));
#3931 = CARTESIAN_POINT('',(-2.833500367674,31.531514800818,
    -91.02499909433));
#3932 = CARTESIAN_POINT('',(1.196767858983,30.85650529007,
    -89.50000089347));
#3933 = CARTESIAN_POINT('',(5.138026993592,32.342466874947,
    -87.97499933149));
#3934 = CARTESIAN_POINT('',(7.719462810648,35.510612382599,
    -86.45000020711));
#3935 = CARTESIAN_POINT('',(8.418855544983,39.268723690771,
    -84.92499992737));
#3936 = CARTESIAN_POINT('',(7.406476210598,42.611072177553,
    -83.39999994787));
#3937 = CARTESIAN_POINT('',(3.132790861938,47.201331880119,
    -80.34999997229));
#3938 = CARTESIAN_POINT('',(-0.128811644249,48.449566861555,
    -78.82499999308));
#3939 = CARTESIAN_POINT('',(-3.927266338403,48.020144373207,
    -77.29999971173));
#3940 = CARTESIAN_POINT('',(-7.271463970439,45.670974886497,
    -75.77500059163));
#3941 = CARTESIAN_POINT('',(-9.034814201139,41.846400429419,
    -74.24999902269));
#3942 = CARTESIAN_POINT('',(-8.649075030477,37.777469121445,
    -72.72500082927));
#3943 = CARTESIAN_POINT('',(-6.508759618649,34.610507020427,
    -71.19999948812));
#3944 = CARTESIAN_POINT('',(-3.441352665148,32.940890640082,
    -69.67500005955));
#3945 = CARTESIAN_POINT('',(-0.308352940699,32.806605914764,
    -68.14999999999));
#3946 = CARTESIAN_POINT('',(2.82464913364,32.67237754628,-66.62499971506
    ));
#3947 = CARTESIAN_POINT('',(6.023674917359,34.073016658048,
    -65.10000063899));
#3948 = CARTESIAN_POINT('',(8.427162837812,37.045921945389,
    -63.57499885612));
#3949 = CARTESIAN_POINT('',(9.159650274192,41.066027831125,
    -62.05000111155));
#3950 = CARTESIAN_POINT('',(7.730121256447,45.028196131013,
    -60.52499917268));
#3951 = CARTESIAN_POINT('',(4.599160117743,47.654548411229,
    -59.0000002966));
#3952 = CARTESIAN_POINT('',(0.851417949666,48.407563084238,
    -57.47499989084));
#3953 = CARTESIAN_POINT('',(-2.50504466796,47.443004286703,
    -55.94999995674));
#3954 = CARTESIAN_POINT('',(-7.155864493865,43.235303534432,
    -52.89999996342));
#3955 = CARTESIAN_POINT('',(-8.450536689561,39.991855451477,
    -51.3750000296));
#3956 = CARTESIAN_POINT('',(-8.075427082846,36.187659909901,
    -49.84999962231));
#3957 = CARTESIAN_POINT('',(-5.774190957594,32.810252790421,
    -48.32500075024));
#3958 = CARTESIAN_POINT('',(-1.975278171881,30.99247633885,
    -46.79999880494));
#3959 = CARTESIAN_POINT('',(2.09885888164,31.320066521357,
    -45.27500106716));
#3960 = CARTESIAN_POINT('',(5.295949909332,33.414947874849,
    -43.74999927952));
#3961 = CARTESIAN_POINT('',(7.009285285854,36.458195731712,
    -42.22500020558));
#3962 = CARTESIAN_POINT('',(7.188237631267,39.588961661811,
    -40.69999992013));
#3963 = PCURVE('',#3315,#3964);
#3964 = DEFINITIONAL_REPRESENTATION('',(#3965),#3969);
#3965 = LINE('',#3966,#3967);
#3966 = CARTESIAN_POINT('',(0.,0.));
#3967 = VECTOR('',#3968,1.);
#3968 = DIRECTION('',(0.,1.));
#3969 = ( GEOMETRIC_REPRESENTATION_CONTEXT(2) 
PARAMETRIC_REPRESENTATION_CONTEXT() REPRESENTATION_CONTEXT('2D SPACE',''
  ) );
#3970 = PCURVE('',#3971,#4088);
#3971 = B_SPLINE_SURFACE_WITH_KNOTS('',1,8,(
    (#3972,#3973,#3974,#3975,#3976,#3977,#3978,#3979,#3980,#3981,#3982
      ,#3983,#3984,#3985,#3986,#3987,#3988,#3989,#3990,#3991,#3992,#3993
      ,#3994,#3995,#3996,#3997,#3998,#3999,#4000,#4001,#4002,#4003,#4004
      ,#4005,#4006,#4007,#4008,#4009,#4010,#4011,#4012,#4013,#4014,#4015
      ,#4016,#4017,#4018,#4019,#4020,#4021,#4022,#4023,#4024,#4025,#4026
      ,#4027,#4028,#4029)
    ,(#4030,#4031,#4032,#4033,#4034,#4035,#4036,#4037,#4038,#4039,#4040
      ,#4041,#4042,#4043,#4044,#4045,#4046,#4047,#4048,#4049,#4050,#4051
      ,#4052,#4053,#4054,#4055,#4056,#4057,#4058,#4059,#4060,#4061,#4062
      ,#4063,#4064,#4065,#4066,#4067,#4068,#4069,#4070,#4071,#4072,#4073
      ,#4074,#4075,#4076,#4077,#4078,#4079,#4080,#4081,#4082,#4083,#4084
      ,#4085,#4086,#4087
    )),.UNSPECIFIED.,.F.,.F.,.F.,(2,2),(9,7,7,7,7,7,7,7,9),(0.,5.),(0.,
    14.273782104205,28.547564208411,42.821346312616,57.095128416821,
    71.368910521026,85.642692625232,99.916474729437,114.19025683364),
  .UNSPECIFIED.);
#3972 = CARTESIAN_POINT('',(7.2,40.,-145.5));
#3973 = CARTESIAN_POINT('',(7.200080132102,43.527870417576,
    -143.7843746795));
#3974 = CARTESIAN_POINT('',(5.222321671974,47.055243136518,
    -142.0687507058));
#3975 = CARTESIAN_POINT('',(1.283612724811,49.294865521722,
    -140.353123864));
#3976 = CARTESIAN_POINT('',(-3.668733287933,48.946728046649,
    -138.6375009201));
#3977 = CARTESIAN_POINT('',(-7.439153903219,45.718259538616,
    -136.9218744748));
#3978 = CARTESIAN_POINT('',(-8.672238778281,41.357897794308,
    -135.2062500773));
#3979 = CARTESIAN_POINT('',(-7.604103627932,37.457632069964,
    -133.4906249579));
#3980 = CARTESIAN_POINT('',(-2.650689948623,32.432977641141,
    -130.0593749604));
#3981 = CARTESIAN_POINT('',(1.233928745243,31.309309934515,
    -128.3437498586));
#3982 = CARTESIAN_POINT('',(5.611427179029,32.479715078362,
    -126.6281254033));
#3983 = CARTESIAN_POINT('',(8.893470630143,36.204344047535,
    -124.9124990731));
#3984 = CARTESIAN_POINT('',(9.312205577486,41.150239803742,
    -123.1968759631));
#3985 = CARTESIAN_POINT('',(7.129114492862,45.121390389328,
    -121.4812493052));
#3986 = CARTESIAN_POINT('',(3.63032246819,47.148846660203,
    -119.7656251719));
#3987 = CARTESIAN_POINT('',(-3.424697603505,47.249705096831,
    -116.334374748));
#3988 = CARTESIAN_POINT('',(-6.979951384753,45.322556855727,
    -114.6187506159));
#3989 = CARTESIAN_POINT('',(-9.275588904856,41.416184825398,
    -112.9031239557));
#3990 = CARTESIAN_POINT('',(-8.998203170354,36.459413489773,
    -111.1875008476));
#3991 = CARTESIAN_POINT('',(-5.823903960981,32.643247615032,
    -109.4718745178));
#3992 = CARTESIAN_POINT('',(-1.4815943452,31.348039867586,
    -107.7562500598));
#3993 = CARTESIAN_POINT('',(2.433526048093,32.360367116214,
    -106.0406249613));
#3994 = CARTESIAN_POINT('',(7.528400377098,37.241527546911,
    -102.6093749588));
#3995 = CARTESIAN_POINT('',(8.707423842671,41.109703875471,
    -100.8937498606));
#3996 = CARTESIAN_POINT('',(7.599646454226,45.503469813492,
    -99.17812540124));
#3997 = CARTESIAN_POINT('',(3.922263099355,48.838363464303,
    -97.46249907482));
#3998 = CARTESIAN_POINT('',(-1.017149059372,49.327681207778,
    -95.74687596218));
#3999 = CARTESIAN_POINT('',(-5.019068172397,47.20151832741,
    -94.03124930563));
#4000 = CARTESIAN_POINT('',(-7.09627866325,43.732034173166,
    -92.3156251719));
#4001 = CARTESIAN_POINT('',(-7.297868844154,36.679173587585,
    -88.88437474814));
#4002 = CARTESIAN_POINT('',(-5.421684269055,33.096763633073,
    -87.16875061585));
#4003 = CARTESIAN_POINT('',(-1.548491033554,30.745579178708,
    -85.45312395584));
#4004 = CARTESIAN_POINT('',(3.411735848672,30.952156530283,
    -83.73750084754));
#4005 = CARTESIAN_POINT('',(7.272839985215,34.071639212922,
    -82.0218745179));
#4006 = CARTESIAN_POINT('',(8.62992160564,38.395011213217,
    -80.30625005981));
#4007 = CARTESIAN_POINT('',(7.673603459672,42.324187937818,
    -78.59062496136));
#4008 = CARTESIAN_POINT('',(2.865692859422,47.488243248493,
    -75.15937495889));
#4009 = CARTESIAN_POINT('',(-0.985253235225,48.72238205527,
    -73.44374986065));
#4010 = CARTESIAN_POINT('',(-5.394389692708,47.677458312038,
    -71.7281254013));
#4011 = CARTESIAN_POINT('',(-8.781454439045,44.048070441981,
    -70.01249907471));
#4012 = CARTESIAN_POINT('',(-9.341254558752,39.116149096457,
    -68.29687596231));
#4013 = CARTESIAN_POINT('',(-7.272453760364,35.084277501944,
    -66.58124930552));
#4014 = CARTESIAN_POINT('',(-3.832984853644,32.957736364765,
    -64.86562517197));
#4015 = CARTESIAN_POINT('',(3.216278068894,32.655455544658,
    -61.43437474803));
#4016 = CARTESIAN_POINT('',(6.825113594298,34.480293881321,
    -59.71875061635));
#4017 = CARTESIAN_POINT('',(9.231365866031,38.319518501977,
    -58.00312395471));
#4018 = CARTESIAN_POINT('',(9.095638381624,43.282189511563,
    -56.28750084933));
#4019 = CARTESIAN_POINT('',(6.031609257591,47.187444520446,
    -54.57187451573));
#4020 = CARTESIAN_POINT('',(1.728055435633,48.606123347641,
    -52.85625006189));
#4021 = CARTESIAN_POINT('',(-2.214375500566,47.706009257321,
    -51.14062495979));
#4022 = CARTESIAN_POINT('',(-7.446560013527,42.972328961236,
    -47.70937496229));
#4023 = CARTESIAN_POINT('',(-8.735557282129,39.139398053457,
    -45.99374984325));
#4024 = CARTESIAN_POINT('',(-7.753715353996,34.715791054073,
    -44.27812544397));
#4025 = CARTESIAN_POINT('',(-4.173034254976,31.277244178353,
    -42.56249900282));
#4026 = CARTESIAN_POINT('',(0.750349655786,30.647078255135,
    -40.84687605328));
#4027 = CARTESIAN_POINT('',(4.811396841361,32.658092436795,
    -39.13124921632));
#4028 = CARTESIAN_POINT('',(6.986795510898,36.066847074967,
    -37.41562524003));
#4029 = CARTESIAN_POINT('',(7.18827746085,39.588959384394,
    -35.69999992029));
#4030 = CARTESIAN_POINT('',(7.2,40.,-150.5));
#4031 = CARTESIAN_POINT('',(7.19991986778,43.527860700908,
    -148.7843746795));
#4032 = CARTESIAN_POINT('',(5.222676295449,47.055237176848,
    -147.0687507054));
#4033 = CARTESIAN_POINT('',(1.283069587393,49.294805772743,
    -145.3531238645));
#4034 = CARTESIAN_POINT('',(-3.668246499928,48.946738710449,
    -143.6375009194));
#4035 = CARTESIAN_POINT('',(-7.439380004212,45.718225536857,
    -141.9218744751));
#4036 = CARTESIAN_POINT('',(-8.672155720609,41.357897256417,
    -140.2062500772));
#4037 = CARTESIAN_POINT('',(-7.604081120517,37.457640939108,
    -138.4906249579));
#4038 = CARTESIAN_POINT('',(-2.65068368626,32.432995485703,
    -135.0593749604));
#4039 = CARTESIAN_POINT('',(1.233920343508,31.309283786121,
    -133.3437498581));
#4040 = CARTESIAN_POINT('',(5.611434081565,32.4799608587,-131.6281254053
    ));
#4041 = CARTESIAN_POINT('',(8.893403385674,36.203914688148,
    -129.9124990692));
#4042 = CARTESIAN_POINT('',(9.31222136384,41.150729869396,
    -128.1968759673));
#4043 = CARTESIAN_POINT('',(7.129076279109,45.121052206227,
    -126.4812493026));
#4044 = CARTESIAN_POINT('',(3.630313943335,47.148932950642,
    -124.7656251725));
#4045 = CARTESIAN_POINT('',(-3.424689669581,47.249578915863,
    -121.3343747478));
#4046 = CARTESIAN_POINT('',(-6.97994102651,45.322866493725,
    -119.6187506159));
#4047 = CARTESIAN_POINT('',(-9.275536239356,41.415686676429,
    -117.9031239559));
#4048 = CARTESIAN_POINT('',(-8.998207418178,36.459864188761,
    -116.1875008472));
#4049 = CARTESIAN_POINT('',(-5.823872873073,32.643042530894,
    -114.471874518));
#4050 = CARTESIAN_POINT('',(-1.481592751003,31.34811415708,
    -112.7562500597));
#4051 = CARTESIAN_POINT('',(2.433517526503,32.360391452801,
    -111.0406249613));
#4052 = CARTESIAN_POINT('',(7.528382612119,37.241533276435,
    -107.6093749588));
#4053 = CARTESIAN_POINT('',(8.707449883713,41.109696133447,
    -105.8937498601));
#4054 = CARTESIAN_POINT('',(7.599400781935,45.503479171498,
    -104.1781254032));
#4055 = CARTESIAN_POINT('',(3.92269146702,48.838290928333,
    -102.4624990708));
#4056 = CARTESIAN_POINT('',(-1.017638856878,49.327703496246,
    -100.7468759663));
#4057 = CARTESIAN_POINT('',(-5.018730566538,47.201475489811,
    -99.03124930303));
#4058 = CARTESIAN_POINT('',(-7.096365067151,43.732026842147,
    -97.31562517248));
#4059 = CARTESIAN_POINT('',(-7.297742562623,36.679179737024,
    -93.88437474788));
#4060 = CARTESIAN_POINT('',(-5.421993727515,33.096778387812,
    -92.16875061587));
#4061 = CARTESIAN_POINT('',(-1.54799218363,30.74562475011,
    -90.45312395604));
#4062 = CARTESIAN_POINT('',(3.411285135416,30.95215869913,
    -88.73750084713));
#4063 = CARTESIAN_POINT('',(7.273045491888,34.071667380738,
    -87.0218745181));
#4064 = CARTESIAN_POINT('',(8.629847346944,38.39501386337,
    -85.30625005972));
#4065 = CARTESIAN_POINT('',(7.673579003496,42.324179765526,
    -83.59062496131));
#4066 = CARTESIAN_POINT('',(2.865686877696,47.488225566693,
    -80.15937495884));
#4067 = CARTESIAN_POINT('',(-0.98524512681,48.722407983892,
    -78.44374986017));
#4068 = CARTESIAN_POINT('',(-5.394402546248,47.677212797112,
    -76.72812540325));
#4069 = CARTESIAN_POINT('',(-8.781375813173,44.048497732075,
    -75.01249907076));
#4070 = CARTESIAN_POINT('',(-9.341283814351,39.115659665016,
    -73.29687596652));
#4071 = CARTESIAN_POINT('',(-7.272406130244,35.084614463563,
    -71.58124930292));
#4072 = CARTESIAN_POINT('',(-3.832978739072,32.957649863726,
    -69.86562517254));
#4073 = CARTESIAN_POINT('',(3.216273684197,32.65558190367,
    -66.43437474777));
#4074 = CARTESIAN_POINT('',(6.825094622816,34.479984652879,
    -64.71875061637));
#4075 = CARTESIAN_POINT('',(9.231326929932,38.3200179808,-63.0031239549)
  );
#4076 = CARTESIAN_POINT('',(9.095630607706,43.281738827348,
    -61.28750084893));
#4077 = CARTESIAN_POINT('',(6.031582975727,47.187650468238,
    -59.57187451591));
#4078 = CARTESIAN_POINT('',(1.728052755975,48.606049076004,
    -57.85625006181));
#4079 = CARTESIAN_POINT('',(-2.214368464173,47.705984731415,
    -56.14062495973));
#4080 = CARTESIAN_POINT('',(-7.446540716659,42.972322631228,
    -52.70937496226));
#4081 = CARTESIAN_POINT('',(-8.735591831129,39.139407026405,
    -50.99374984263));
#4082 = CARTESIAN_POINT('',(-7.753448601175,34.715773480675,
    -49.27812544627));
#4083 = CARTESIAN_POINT('',(-4.173496514639,31.277330945563,
    -47.5624989983));
#4084 = CARTESIAN_POINT('',(0.750884335132,30.647039423182,
    -45.84687605821));
#4085 = CARTESIAN_POINT('',(4.81101579906,32.658147411573,
    -44.13124921301));
#4086 = CARTESIAN_POINT('',(6.986916243865,36.066850019106,
    -42.41562524115));
#4087 = CARTESIAN_POINT('',(7.188237631267,39.588961661811,
    -40.69999992013));
#4088 = DEFINITIONAL_REPRESENTATION('',(#4089),#4093);
#4089 = LINE('',#4090,#4091);
#4090 = CARTESIAN_POINT('',(5.,0.));
#4091 = VECTOR('',#4092,1.);
#4092 = DIRECTION('',(0.,1.));
#4093 = ( GEOMETRIC_REPRESENTATION_CONTEXT(2) 
PARAMETRIC_REPRESENTATION_CONTEXT() REPRESENTATION_CONTEXT('2D SPACE',''
  ) );
#4094 = ADVANCED_FACE('',(#4095),#3461,.F.);
#4095 = FACE_BOUND('',#4096,.F.);
#4096 = EDGE_LOOP('',(#4097,#4327,#4346,#4347));
#4097 = ORIENTED_EDGE('',*,*,#4098,.F.);
#4098 = EDGE_CURVE('',#4099,#4101,#4103,.T.);
#4099 = VERTEX_POINT('',#4100);
#4100 = CARTESIAN_POINT('',(7.2,40.,-145.5));
#4101 = VERTEX_POINT('',#4102);
#4102 = CARTESIAN_POINT('',(-2.116511564787E-06,32.799987773647,-41.));
#4103 = SURFACE_CURVE('',#4104,(#4174,#4181),.PCURVE_S1.);
#4104 = B_SPLINE_CURVE_WITH_KNOTS('',9,(#4105,#4106,#4107,#4108,#4109,
    #4110,#4111,#4112,#4113,#4114,#4115,#4116,#4117,#4118,#4119,#4120,
    #4121,#4122,#4123,#4124,#4125,#4126,#4127,#4128,#4129,#4130,#4131,
    #4132,#4133,#4134,#4135,#4136,#4137,#4138,#4139,#4140,#4141,#4142,
    #4143,#4144,#4145,#4146,#4147,#4148,#4149,#4150,#4151,#4152,#4153,
    #4154,#4155,#4156,#4157,#4158,#4159,#4160,#4161,#4162,#4163,#4164,
    #4165,#4166,#4167,#4168,#4169,#4170,#4171,#4172,#4173),
  .UNSPECIFIED.,.F.,.F.,(10,8,9,8,9,8,9,8,10),(0.,14.273782104205,
    28.547564208411,42.821346312616,57.095128416821,71.368910521026,
    85.642692625232,99.916474729437,114.19025683364),.UNSPECIFIED.);
#4105 = CARTESIAN_POINT('',(7.2,40.,-145.5));
#4106 = CARTESIAN_POINT('',(7.200071228935,43.135884841113,
    -143.974999715));
#4107 = CARTESIAN_POINT('',(5.663261284166,46.271990452161,
    -142.4500006394));
#4108 = CARTESIAN_POINT('',(2.590970166065,48.545979715064,
    -140.9249988551));
#4109 = CARTESIAN_POINT('',(-1.457831873939,49.105624841983,
    -139.4000011131));
#4110 = CARTESIAN_POINT('',(-5.354334527184,47.507684004093,
    -137.8749991714));
#4111 = CARTESIAN_POINT('',(-7.844636648791,44.267150952969,
    -136.3500002972));
#4112 = CARTESIAN_POINT('',(-8.436313149928,40.490563760938,
    -134.8249998907));
#4113 = CARTESIAN_POINT('',(-7.328913973986,37.178484926511,
    -133.2999999567));
#4114 = CARTESIAN_POINT('',(-2.925879609766,32.712124325773,
    -130.2499999634));
#4115 = CARTESIAN_POINT('',(0.370052576591,31.557518947367,
    -128.7250000292));
#4116 = CARTESIAN_POINT('',(4.154681766718,32.095352857112,
    -127.1999996243));
#4117 = CARTESIAN_POINT('',(7.430481051619,34.538685734463,
    -125.6750007458));
#4118 = CARTESIAN_POINT('',(9.083878732382,38.412792759685,
    -124.149998811));
#4119 = CARTESIAN_POINT('',(8.582087605378,42.4681703483,-122.6250010617
    ));
#4120 = CARTESIAN_POINT('',(6.352232988634,45.573448015947,
    -121.0999992826));
#4121 = CARTESIAN_POINT('',(3.238376687488,47.154435807334,
    -119.5750002046));
#4122 = CARTESIAN_POINT('',(0.102812588828,47.199285854579,
    -118.0499999202));
#4123 = CARTESIAN_POINT('',(-3.032752424388,47.244079505174,
    -116.5249998606));
#4124 = CARTESIAN_POINT('',(-6.190481702713,45.752296587713,
    -115.0000004318));
#4125 = CARTESIAN_POINT('',(-8.508111639996,42.712679145137,
    -113.4749990909));
#4126 = CARTESIAN_POINT('',(-9.125512672619,38.672394003751,
    -111.9500008987));
#4127 = CARTESIAN_POINT('',(-7.58337628855,34.753378653618,
    -110.4249993255));
#4128 = CARTESIAN_POINT('',(-4.378732885912,32.21711703921,
    -108.9000002126));
#4129 = CARTESIAN_POINT('',(-0.610980051651,31.571543891138,
    -107.3749999231));
#4130 = CARTESIAN_POINT('',(2.716574334666,32.631544988055,
    -105.8499999507));
#4131 = CARTESIAN_POINT('',(7.245352569591,36.970350903412,
    -102.7999999663));
#4132 = CARTESIAN_POINT('',(8.446904458114,40.249461620476,
    -101.2750000251));
#4133 = CARTESIAN_POINT('',(7.963167890494,44.04138273942,
    -99.74999962896));
#4134 = CARTESIAN_POINT('',(5.566860878799,47.35173979596,-98.2250007416
    ));
#4135 = CARTESIAN_POINT('',(1.716758477294,49.060287293049,
    -96.69999881418));
#4136 = CARTESIAN_POINT('',(-2.345370934651,48.616457232519,-95.17500106
    ));
#4137 = CARTESIAN_POINT('',(-5.482173174705,46.431171101656,
    -93.64999928336));
#4138 = CARTESIAN_POINT('',(-7.107464022593,43.340208188113,
    -92.12500020445));
#4139 = CARTESIAN_POINT('',(-7.197083726597,40.205604174021,
    -90.59999992029));
#4140 = CARTESIAN_POINT('',(-7.286647050182,37.070998527156,
    -89.07499986088));
#4141 = CARTESIAN_POINT('',(-5.840106976528,33.892289092823,
    -87.55000043107));
#4142 = CARTESIAN_POINT('',(-2.833893969896,31.531491910644,
    -86.02499909277));
#4143 = CARTESIAN_POINT('',(1.197163015284,30.85645943481,
    -84.50000089552));
#4144 = CARTESIAN_POINT('',(5.1377997846,32.342478925936,-82.97499932991
    ));
#4145 = CARTESIAN_POINT('',(7.719563354946,35.510576858501,
    -81.45000020794));
#4146 = CARTESIAN_POINT('',(8.418872336417,39.268729283399,
    -79.9249999272));
#4147 = CARTESIAN_POINT('',(7.406494986766,42.611078929689,
    -78.39999994793));
#4148 = CARTESIAN_POINT('',(3.132800146281,47.201353536099,
    -75.34999997231));
#4149 = CARTESIAN_POINT('',(-0.128819134446,48.44959733058,
    -73.82499999277));
#4150 = CARTESIAN_POINT('',(-3.927259837372,48.020085991096,
    -72.29999971355));
#4151 = CARTESIAN_POINT('',(-7.271500075755,45.67123379827,
    -70.77500058753));
#4152 = CARTESIAN_POINT('',(-9.034846710899,41.846013240255,
    -69.24999902849));
#4153 = CARTESIAN_POINT('',(-8.649072047145,37.777847772362,
    -67.72500082424));
#4154 = CARTESIAN_POINT('',(-6.508795662403,34.61027145592,
    -66.19999949089));
#4155 = CARTESIAN_POINT('',(-3.441360161339,32.940920669868,
    -64.67500005886));
#4156 = CARTESIAN_POINT('',(-0.308352940704,32.806605914979,
    -63.14999999999));
#4157 = CARTESIAN_POINT('',(2.824651712621,32.672234846529,
    -61.62499971506));
#4158 = CARTESIAN_POINT('',(6.023696632029,34.073325427591,
    -60.10000063947));
#4159 = CARTESIAN_POINT('',(8.427175925255,37.04541007687,
    -58.57499885503));
#4160 = CARTESIAN_POINT('',(9.159704809405,41.066529581179,
    -57.05000111318));
#4161 = CARTESIAN_POINT('',(7.730104792093,45.027891927195,
    -55.52499917141));
#4162 = CARTESIAN_POINT('',(4.599196556343,47.654690878487,
    -54.00000029726));
#4163 = CARTESIAN_POINT('',(0.85141394786,48.407563657585,
    -52.47499989074));
#4164 = CARTESIAN_POINT('',(-2.505052453432,47.443026236254,
    -50.94999995679));
#4165 = CARTESIAN_POINT('',(-7.155883081434,43.235311524208,
    -47.89999996345));
#4166 = CARTESIAN_POINT('',(-8.45058334276,39.99185136722,
    -46.37500002922));
#4167 = CARTESIAN_POINT('',(-8.075326436655,36.187660825604,
    -44.84999962431));
#4168 = CARTESIAN_POINT('',(-5.774527279967,32.810226926377,
    -43.32500074583));
#4169 = CARTESIAN_POINT('',(-1.974784430265,30.992430621282,
    -41.79999881116));
#4170 = CARTESIAN_POINT('',(2.098362505302,31.320082527648,
    -40.27500106166));
#4171 = CARTESIAN_POINT('',(5.296288648048,33.414902181319,
    -38.7499992827));
#4172 = CARTESIAN_POINT('',(7.00918239538,36.458192912575,-37.2250002046
    ));
#4173 = CARTESIAN_POINT('',(7.18827746085,39.588959384394,
    -35.69999992029));
#4174 = PCURVE('',#3461,#4175);
#4175 = DEFINITIONAL_REPRESENTATION('',(#4176),#4180);
#4176 = LINE('',#4177,#4178);
#4177 = CARTESIAN_POINT('',(0.,0.));
#4178 = VECTOR('',#4179,1.);
#4179 = DIRECTION('',(0.,1.));
#4180 = ( GEOMETRIC_REPRESENTATION_CONTEXT(2) 
PARAMETRIC_REPRESENTATION_CONTEXT() REPRESENTATION_CONTEXT('2D SPACE',''
  ) );
#4181 = PCURVE('',#4182,#4321);
#4182 = B_SPLINE_SURFACE_WITH_KNOTS('',1,9,(
    (#4183,#4184,#4185,#4186,#4187,#4188,#4189,#4190,#4191,#4192,#4193
      ,#4194,#4195,#4196,#4197,#4198,#4199,#4200,#4201,#4202,#4203,#4204
      ,#4205,#4206,#4207,#4208,#4209,#4210,#4211,#4212,#4213,#4214,#4215
      ,#4216,#4217,#4218,#4219,#4220,#4221,#4222,#4223,#4224,#4225,#4226
      ,#4227,#4228,#4229,#4230,#4231,#4232,#4233,#4234,#4235,#4236,#4237
      ,#4238,#4239,#4240,#4241,#4242,#4243,#4244,#4245,#4246,#4247,#4248
      ,#4249,#4250,#4251)
    ,(#4252,#4253,#4254,#4255,#4256,#4257,#4258,#4259,#4260,#4261,#4262
      ,#4263,#4264,#4265,#4266,#4267,#4268,#4269,#4270,#4271,#4272,#4273
      ,#4274,#4275,#4276,#4277,#4278,#4279,#4280,#4281,#4282,#4283,#4284
      ,#4285,#4286,#4287,#4288,#4289,#4290,#4291,#4292,#4293,#4294,#4295
      ,#4296,#4297,#4298,#4299,#4300,#4301,#4302,#4303,#4304,#4305,#4306
      ,#4307,#4308,#4309,#4310,#4311,#4312,#4313,#4314,#4315,#4316,#4317
      ,#4318,#4319,#4320
    )),.UNSPECIFIED.,.F.,.F.,.F.,(2,2),(10,8,9,8,9,8,9,8,10),(0.,
    12.839003076563),(0.,14.273782104205,28.547564208411,42.821346312616
    ,57.095128416821,71.368910521026,85.642692625232,99.916474729437,
    114.19025683364),.UNSPECIFIED.);
#4183 = CARTESIAN_POINT('',(20.,40.,-146.5));
#4184 = CARTESIAN_POINT('',(20.00004273736,48.7109994544,-144.9753644072
    ));
#4185 = CARTESIAN_POINT('',(15.73155312431,57.421633741263,
    -143.4491824985));
#4186 = CARTESIAN_POINT('',(7.196678757518,63.739781568984,
    -141.926463586));
#4187 = CARTESIAN_POINT('',(-4.049229035992,65.292284041573,
    -140.3985774147));
#4188 = CARTESIAN_POINT('',(-14.87330969905,60.855433071133,
    -138.8760588658));
#4189 = CARTESIAN_POINT('',(-21.79061306882,51.852809939701,
    -137.3496202511));
#4190 = CARTESIAN_POINT('',(-23.43418329149,41.362715930012,
    -135.8251396667));
#4191 = CARTESIAN_POINT('',(-20.3580604848,32.162441618118,
    -134.3000552917));
#4192 = CARTESIAN_POINT('',(-8.1274111156,19.755912057392,-131.25004676)
  );
#4193 = CARTESIAN_POINT('',(1.028010153277,16.54873583105,
    -129.7249623849));
#4194 = CARTESIAN_POINT('',(11.540487180897,18.042458701946,
    -128.2004818008));
#4195 = CARTESIAN_POINT('',(20.640972950089,24.830261261331,
    -126.6740431852));
#4196 = CARTESIAN_POINT('',(25.231894972638,35.590385415024,
    -125.1515246375));
#4197 = CARTESIAN_POINT('',(23.840097874208,46.856710257486,
    -123.6236384655));
#4198 = CARTESIAN_POINT('',(17.644465668099,55.48141597215,
    -122.1009195529));
#4199 = CARTESIAN_POINT('',(8.995651247035,59.873563834673,
    -120.574737645));
#4200 = CARTESIAN_POINT('',(0.285540242284,59.997973534647,
    -119.0501020514));
#4201 = CARTESIAN_POINT('',(-8.424430857968,60.122368993375,
    -117.5251779811));
#4202 = CARTESIAN_POINT('',(-17.19534767431,55.978754083529,
    -115.9994482699));
#4203 = CARTESIAN_POINT('',(-23.63445018206,47.53489927269,
    -114.4761616471));
#4204 = CARTESIAN_POINT('',(-25.34765902394,36.31237859604,
    -112.9488518828));
#4205 = CARTESIAN_POINT('',(-21.06559437647,25.425986998561,
    -111.4258615452));
#4206 = CARTESIAN_POINT('',(-12.16281253196,18.38087406742,
    -109.8997285723));
#4207 = CARTESIAN_POINT('',(-1.697184927587,16.587659719086,
    -108.3750982417));
#4208 = CARTESIAN_POINT('',(7.546053030903,19.532099846546,
    -106.8500629653));
#4209 = CARTESIAN_POINT('',(20.125970475094,31.584342000539,
    -103.8000430945));
#4210 = CARTESIAN_POINT('',(23.463550066029,40.693034102983,
    -102.2749676222));
#4211 = CARTESIAN_POINT('',(22.120097634703,51.225767505509,
    -100.7504758271));
#4212 = CARTESIAN_POINT('',(15.462931818591,60.422253137286,
    -99.22404865369));
#4213 = CARTESIAN_POINT('',(4.769465293329,65.166354900941,
    -97.70152065493));
#4214 = CARTESIAN_POINT('',(-6.515588022617,63.935577754231,
    -96.17364071029));
#4215 = CARTESIAN_POINT('',(-15.22788327274,57.863733167352,
    -94.65091863639));
#4216 = CARTESIAN_POINT('',(-19.74308445999,49.278518288082,
    -93.1247378678));
#4217 = CARTESIAN_POINT('',(-19.99185723488,40.571071818432,
    -91.60010205132));
#4218 = CARTESIAN_POINT('',(-20.24061398683,31.863765093904,
    -90.07517775845));
#4219 = CARTESIAN_POINT('',(-16.22266514362,23.034573705251,
    -88.54944918617));
#4220 = CARTESIAN_POINT('',(-7.871619803236,16.475554277875,
    -87.02615940305));
#4221 = CARTESIAN_POINT('',(3.325295913846,14.602267477287,
    -85.49885586465));
#4222 = CARTESIAN_POINT('',(14.271718693015,18.728444816156,
    -83.97585607757));
#4223 = CARTESIAN_POINT('',(21.443245925716,27.529716823666,
    -82.44973454555));
#4224 = CARTESIAN_POINT('',(23.385715793999,37.968672759742,
    -80.92509300467));
#4225 = CARTESIAN_POINT('',(20.573568791051,47.253012155078,
    -79.40006663075));
#4226 = CARTESIAN_POINT('',(8.702184698492,60.003748319459,
    -76.3500354209));
#4227 = CARTESIAN_POINT('',(-0.35789622815,63.471048245293,
    -74.82500904761));
#4228 = CARTESIAN_POINT('',(-10.90881145218,62.2781554181,
    -73.30036750491));
#4229 = CARTESIAN_POINT('',(-20.19927355316,55.752947221958,
    -71.77424597616));
#4230 = CARTESIAN_POINT('',(-25.09581531532,45.128379375139,
    -70.25124618458));
#4231 = CARTESIAN_POINT('',(-24.026031591,33.826822263735,
    -68.72394265126));
#4232 = CARTESIAN_POINT('',(-18.07948572371,25.028790827732,
    -67.20065286337));
#4233 = CARTESIAN_POINT('',(-9.559403767871,20.391395193294,
    -65.67492429482));
#4234 = CARTESIAN_POINT('',(-0.856535946667,20.018349763608,
    -64.14999999945));
#4235 = CARTESIAN_POINT('',(7.846469439322,19.645242857,-62.62536440849)
  );
#4236 = CARTESIAN_POINT('',(16.73191756028,23.536767613249,
    -61.0991824968));
#4237 = CARTESIAN_POINT('',(23.409789898311,31.793225295191,
    -59.57646358758));
#4238 = CARTESIAN_POINT('',(25.442494180754,42.96232639523,
    -58.04857741371));
#4239 = CARTESIAN_POINT('',(21.473274678027,53.966492207129,
    -56.52605886638));
#4240 = CARTESIAN_POINT('',(12.775157296043,61.263002550437,
    -54.99962025101));
#4241 = CARTESIAN_POINT('',(2.365076672436,63.354321946376,
    -53.47513966674));
#4242 = CARTESIAN_POINT('',(-6.95849698453,60.675039729309,
    -51.95005529171));
#4243 = CARTESIAN_POINT('',(-19.87744324269,48.986943763233,
    -48.90004676001));
#4244 = CARTESIAN_POINT('',(-23.47377429389,39.977275571367,
    -47.37496238504));
#4245 = CARTESIAN_POINT('',(-22.43163761864,29.410472250276,
    -45.85048180054));
#4246 = CARTESIAN_POINT('',(-16.03980744854,20.027636225406,
    -44.32404318604));
#4247 = CARTESIAN_POINT('',(-5.486170066624,14.980104661823,
    -42.80152463615));
#4248 = CARTESIAN_POINT('',(5.829424266262,15.888124194462,
    -41.27363846753));
#4249 = CARTESIAN_POINT('',(14.711556001406,21.708703455302,
    -39.75091955074));
#4250 = CARTESIAN_POINT('',(19.470075142179,30.161481067101,
    -38.22473764673));
#4251 = CARTESIAN_POINT('',(19.967396856161,38.858272577716,
    -36.70010205053));
#4252 = CARTESIAN_POINT('',(7.2,40.,-145.5));
#4253 = CARTESIAN_POINT('',(7.200071228935,43.135884841113,
    -143.974999715));
#4254 = CARTESIAN_POINT('',(5.663261284166,46.271990452161,
    -142.4500006394));
#4255 = CARTESIAN_POINT('',(2.590970166065,48.545979715064,
    -140.9249988551));
#4256 = CARTESIAN_POINT('',(-1.457831873939,49.105624841983,
    -139.4000011131));
#4257 = CARTESIAN_POINT('',(-5.354334527184,47.507684004093,
    -137.8749991714));
#4258 = CARTESIAN_POINT('',(-7.844636648791,44.267150952969,
    -136.3500002972));
#4259 = CARTESIAN_POINT('',(-8.436313149928,40.490563760938,
    -134.8249998907));
#4260 = CARTESIAN_POINT('',(-7.328913973986,37.178484926511,
    -133.2999999567));
#4261 = CARTESIAN_POINT('',(-2.925879609766,32.712124325773,
    -130.2499999634));
#4262 = CARTESIAN_POINT('',(0.370052576591,31.557518947367,
    -128.7250000292));
#4263 = CARTESIAN_POINT('',(4.154681766718,32.095352857112,
    -127.1999996243));
#4264 = CARTESIAN_POINT('',(7.430481051619,34.538685734463,
    -125.6750007458));
#4265 = CARTESIAN_POINT('',(9.083878732382,38.412792759685,
    -124.149998811));
#4266 = CARTESIAN_POINT('',(8.582087605378,42.4681703483,-122.6250010617
    ));
#4267 = CARTESIAN_POINT('',(6.352232988634,45.573448015947,
    -121.0999992826));
#4268 = CARTESIAN_POINT('',(3.238376687488,47.154435807334,
    -119.5750002046));
#4269 = CARTESIAN_POINT('',(0.102812588828,47.199285854579,
    -118.0499999202));
#4270 = CARTESIAN_POINT('',(-3.032752424388,47.244079505174,
    -116.5249998606));
#4271 = CARTESIAN_POINT('',(-6.190481702713,45.752296587713,
    -115.0000004318));
#4272 = CARTESIAN_POINT('',(-8.508111639996,42.712679145137,
    -113.4749990909));
#4273 = CARTESIAN_POINT('',(-9.125512672619,38.672394003751,
    -111.9500008987));
#4274 = CARTESIAN_POINT('',(-7.58337628855,34.753378653618,
    -110.4249993255));
#4275 = CARTESIAN_POINT('',(-4.378732885912,32.21711703921,
    -108.9000002126));
#4276 = CARTESIAN_POINT('',(-0.610980051651,31.571543891138,
    -107.3749999231));
#4277 = CARTESIAN_POINT('',(2.716574334666,32.631544988055,
    -105.8499999507));
#4278 = CARTESIAN_POINT('',(7.245352569591,36.970350903412,
    -102.7999999663));
#4279 = CARTESIAN_POINT('',(8.446904458114,40.249461620476,
    -101.2750000251));
#4280 = CARTESIAN_POINT('',(7.963167890494,44.04138273942,
    -99.74999962896));
#4281 = CARTESIAN_POINT('',(5.566860878799,47.35173979596,-98.2250007416
    ));
#4282 = CARTESIAN_POINT('',(1.716758477294,49.060287293049,
    -96.69999881418));
#4283 = CARTESIAN_POINT('',(-2.345370934651,48.616457232519,-95.17500106
    ));
#4284 = CARTESIAN_POINT('',(-5.482173174705,46.431171101656,
    -93.64999928336));
#4285 = CARTESIAN_POINT('',(-7.107464022593,43.340208188113,
    -92.12500020445));
#4286 = CARTESIAN_POINT('',(-7.197083726597,40.205604174021,
    -90.59999992029));
#4287 = CARTESIAN_POINT('',(-7.286647050182,37.070998527156,
    -89.07499986088));
#4288 = CARTESIAN_POINT('',(-5.840106976528,33.892289092823,
    -87.55000043107));
#4289 = CARTESIAN_POINT('',(-2.833893969896,31.531491910644,
    -86.02499909277));
#4290 = CARTESIAN_POINT('',(1.197163015284,30.85645943481,
    -84.50000089552));
#4291 = CARTESIAN_POINT('',(5.1377997846,32.342478925936,-82.97499932991
    ));
#4292 = CARTESIAN_POINT('',(7.719563354946,35.510576858501,
    -81.45000020794));
#4293 = CARTESIAN_POINT('',(8.418872336417,39.268729283399,
    -79.9249999272));
#4294 = CARTESIAN_POINT('',(7.406494986766,42.611078929689,
    -78.39999994793));
#4295 = CARTESIAN_POINT('',(3.132800146281,47.201353536099,
    -75.34999997231));
#4296 = CARTESIAN_POINT('',(-0.128819134446,48.44959733058,
    -73.82499999277));
#4297 = CARTESIAN_POINT('',(-3.927259837372,48.020085991096,
    -72.29999971355));
#4298 = CARTESIAN_POINT('',(-7.271500075755,45.67123379827,
    -70.77500058753));
#4299 = CARTESIAN_POINT('',(-9.034846710899,41.846013240255,
    -69.24999902849));
#4300 = CARTESIAN_POINT('',(-8.649072047145,37.777847772362,
    -67.72500082424));
#4301 = CARTESIAN_POINT('',(-6.508795662403,34.61027145592,
    -66.19999949089));
#4302 = CARTESIAN_POINT('',(-3.441360161339,32.940920669868,
    -64.67500005886));
#4303 = CARTESIAN_POINT('',(-0.308352940704,32.806605914979,
    -63.14999999999));
#4304 = CARTESIAN_POINT('',(2.824651712621,32.672234846529,
    -61.62499971506));
#4305 = CARTESIAN_POINT('',(6.023696632029,34.073325427591,
    -60.10000063947));
#4306 = CARTESIAN_POINT('',(8.427175925255,37.04541007687,
    -58.57499885503));
#4307 = CARTESIAN_POINT('',(9.159704809405,41.066529581179,
    -57.05000111318));
#4308 = CARTESIAN_POINT('',(7.730104792093,45.027891927195,
    -55.52499917141));
#4309 = CARTESIAN_POINT('',(4.599196556343,47.654690878487,
    -54.00000029726));
#4310 = CARTESIAN_POINT('',(0.85141394786,48.407563657585,
    -52.47499989074));
#4311 = CARTESIAN_POINT('',(-2.505052453432,47.443026236254,
    -50.94999995679));
#4312 = CARTESIAN_POINT('',(-7.155883081434,43.235311524208,
    -47.89999996345));
#4313 = CARTESIAN_POINT('',(-8.45058334276,39.99185136722,
    -46.37500002922));
#4314 = CARTESIAN_POINT('',(-8.075326436655,36.187660825604,
    -44.84999962431));
#4315 = CARTESIAN_POINT('',(-5.774527279967,32.810226926377,
    -43.32500074583));
#4316 = CARTESIAN_POINT('',(-1.974784430265,30.992430621282,
    -41.79999881116));
#4317 = CARTESIAN_POINT('',(2.098362505302,31.320082527648,
    -40.27500106166));
#4318 = CARTESIAN_POINT('',(5.296288648048,33.414902181319,
    -38.7499992827));
#4319 = CARTESIAN_POINT('',(7.00918239538,36.458192912575,-37.2250002046
    ));
#4320 = CARTESIAN_POINT('',(7.18827746085,39.588959384394,
    -35.69999992029));
#4321 = DEFINITIONAL_REPRESENTATION('',(#4322),#4326);
#4322 = LINE('',#4323,#4324);
#4323 = CARTESIAN_POINT('',(12.839003076563,0.));
#4324 = VECTOR('',#4325,1.);
#4325 = DIRECTION('',(0.,1.));
#4326 = ( GEOMETRIC_REPRESENTATION_CONTEXT(2) 
PARAMETRIC_REPRESENTATION_CONTEXT() REPRESENTATION_CONTEXT('2D SPACE',''
  ) );
#4327 = ORIENTED_EDGE('',*,*,#4328,.T.);
#4328 = EDGE_CURVE('',#4099,#3239,#4329,.T.);
#4329 = SURFACE_CURVE('',#4330,(#4333,#4340),.PCURVE_S1.);
#4330 = B_SPLINE_CURVE_WITH_KNOTS('',1,(#4331,#4332),.UNSPECIFIED.,.F.,
  .F.,(2,2),(0.,5.),.PIECEWISE_BEZIER_KNOTS.);
#4331 = CARTESIAN_POINT('',(7.2,40.,-145.5));
#4332 = CARTESIAN_POINT('',(7.2,40.,-150.5));
#4333 = PCURVE('',#3461,#4334);
#4334 = DEFINITIONAL_REPRESENTATION('',(#4335),#4339);
#4335 = LINE('',#4336,#4337);
#4336 = CARTESIAN_POINT('',(0.,0.));
#4337 = VECTOR('',#4338,1.);
#4338 = DIRECTION('',(1.,0.));
#4339 = ( GEOMETRIC_REPRESENTATION_CONTEXT(2) 
PARAMETRIC_REPRESENTATION_CONTEXT() REPRESENTATION_CONTEXT('2D SPACE',''
  ) );
#4340 = PCURVE('',#3600,#4341);
#4341 = DEFINITIONAL_REPRESENTATION('',(#4342),#4345);
#4342 = B_SPLINE_CURVE_WITH_KNOTS('',1,(#4343,#4344),.UNSPECIFIED.,.F.,
  .F.,(2,2),(0.,5.),.PIECEWISE_BEZIER_KNOTS.);
#4343 = CARTESIAN_POINT('',(-2.5,-6.01992999402));
#4344 = CARTESIAN_POINT('',(2.5,-6.01992999402));
#4345 = ( GEOMETRIC_REPRESENTATION_CONTEXT(2) 
PARAMETRIC_REPRESENTATION_CONTEXT() REPRESENTATION_CONTEXT('2D SPACE',''
  ) );
#4346 = ORIENTED_EDGE('',*,*,#3238,.T.);
#4347 = ORIENTED_EDGE('',*,*,#4348,.T.);
#4348 = EDGE_CURVE('',#3241,#4101,#4349,.T.);
#4349 = SURFACE_CURVE('',#4350,(#4383,#4419),.PCURVE_S1.);
#4350 = B_SPLINE_CURVE_WITH_KNOTS('',6,(#4351,#4352,#4353,#4354,#4355,
    #4356,#4357,#4358,#4359,#4360,#4361,#4362,#4363,#4364,#4365,#4366,
    #4367,#4368,#4369,#4370,#4371,#4372,#4373,#4374,#4375,#4376,#4377,
    #4378,#4379,#4380,#4381,#4382),.UNSPECIFIED.,.F.,.F.,(7,5,5,5,5,5,7)
  ,(0.,2.200002008788E-02,5.000007257754E-02,0.313998839328,
    0.604995129003,0.894997819763,1.),.UNSPECIFIED.);
#4351 = CARTESIAN_POINT('',(7.126686650901,38.975340409231,-41.));
#4352 = CARTESIAN_POINT('',(7.12132022087,38.938025638108,-41.));
#4353 = CARTESIAN_POINT('',(7.115719251945,38.900744597198,-41.));
#4354 = CARTESIAN_POINT('',(7.109884023368,38.863499126302,-41.));
#4355 = CARTESIAN_POINT('',(7.103814832567,38.826291062061,-41.));
#4356 = CARTESIAN_POINT('',(7.09751199516,38.789122237957,-41.));
#4357 = CARTESIAN_POINT('',(7.082657100324,38.704740934244,-41.));
#4358 = CARTESIAN_POINT('',(7.073960426784,38.657553911308,-41.));
#4359 = CARTESIAN_POINT('',(7.064886512518,38.610437189159,-41.));
#4360 = CARTESIAN_POINT('',(7.055436093463,38.563394531542,-41.));
#4361 = CARTESIAN_POINT('',(7.045609953311,38.516429692293,-41.));
#4362 = CARTESIAN_POINT('',(6.939228414935,38.027506983436,-41.));
#4363 = CARTESIAN_POINT('',(6.809718288555,37.592703776746,-41.));
#4364 = CARTESIAN_POINT('',(6.647578070935,37.168306012152,-41.));
#4365 = CARTESIAN_POINT('',(6.453889599343,36.757347231739,-41.));
#4366 = CARTESIAN_POINT('',(6.230082816108,36.362712700875,-41.));
#4367 = CARTESIAN_POINT('',(5.700065838572,35.573071442773,-41.));
#4368 = CARTESIAN_POINT('',(5.387745745715,35.182118569579,-41.));
#4369 = CARTESIAN_POINT('',(5.043423408047,34.817867703797,-41.));
#4370 = CARTESIAN_POINT('',(4.669989360749,34.483525407594,-41.));
#4371 = CARTESIAN_POINT('',(4.270725008096,34.181898672465,-41.));
#4372 = CARTESIAN_POINT('',(3.429357730859,33.64963498112,-41.));
#4373 = CARTESIAN_POINT('',(2.987364150145,33.418732828015,-41.));
#4374 = CARTESIAN_POINT('',(2.526985845814,33.224917242993,-41.));
#4375 = CARTESIAN_POINT('',(2.052125050764,33.069931626329,-41.));
#4376 = CARTESIAN_POINT('',(1.566874022013,32.955007774275,-41.));
#4377 = CARTESIAN_POINT('',(0.897587507591,32.853907033221,-41.));
#4378 = CARTESIAN_POINT('',(0.718868427768,32.83236683698,-41.));
#4379 = CARTESIAN_POINT('',(0.539543857451,32.816191777096,-41.));
#4380 = CARTESIAN_POINT('',(0.359815029422,32.805402018026,-41.));
#4381 = CARTESIAN_POINT('',(0.179883925242,32.800007663242,-41.));
#4382 = CARTESIAN_POINT('',(-4.67247533876E-05,32.800008755229,-41.));
#4383 = PCURVE('',#3461,#4384);
#4384 = DEFINITIONAL_REPRESENTATION('',(#4385),#4418);
#4385 = B_SPLINE_CURVE_WITH_KNOTS('',6,(#4386,#4387,#4388,#4389,#4390,
    #4391,#4392,#4393,#4394,#4395,#4396,#4397,#4398,#4399,#4400,#4401,
    #4402,#4403,#4404,#4405,#4406,#4407,#4408,#4409,#4410,#4411,#4412,
    #4413,#4414,#4415,#4416,#4417),.UNSPECIFIED.,.F.,.F.,(7,5,5,5,5,5,7)
  ,(0.,2.200002008788E-02,5.000007257754E-02,0.313998839328,
    0.604995129003,0.894997819763,1.),.UNSPECIFIED.);
#4386 = CARTESIAN_POINT('',(5.,113.87826155533));
#4387 = CARTESIAN_POINT('',(4.98166666367,113.8591951783));
#4388 = CARTESIAN_POINT('',(4.963333327358,113.84012880119));
#4389 = CARTESIAN_POINT('',(4.94499999207,113.82106242503));
#4390 = CARTESIAN_POINT('',(4.926666658653,113.80199605073));
#4391 = CARTESIAN_POINT('',(4.908333327798,113.78292967899));
#4392 = CARTESIAN_POINT('',(4.866666651352,113.73959699972));
#4393 = CARTESIAN_POINT('',(4.843333307656,113.7153306941));
#4394 = CARTESIAN_POINT('',(4.819999970036,113.69106439466));
#4395 = CARTESIAN_POINT('',(4.796666639284,113.66679810223));
#4396 = CARTESIAN_POINT('',(4.773333315895,113.64253181734));
#4397 = CARTESIAN_POINT('',(4.530001605258,113.38947071056));
#4398 = CARTESIAN_POINT('',(4.309996783921,113.16066918724));
#4399 = CARTESIAN_POINT('',(4.090000634411,112.93187667846));
#4400 = CARTESIAN_POINT('',(3.870004401719,112.70308408227));
#4401 = CARTESIAN_POINT('',(3.649999094598,112.47428204946));
#4402 = CARTESIAN_POINT('',(3.187502957427,111.99329339898));
#4403 = CARTESIAN_POINT('',(2.944993083361,111.74108697612));
#4404 = CARTESIAN_POINT('',(2.702497164119,111.48889506844));
#4405 = CARTESIAN_POINT('',(2.460002029191,111.23670397836));
#4406 = CARTESIAN_POINT('',(2.217494159527,110.98449964564));
#4407 = CARTESIAN_POINT('',(1.733333830391,110.48098059453));
#4408 = CARTESIAN_POINT('',(1.491657580155,110.22964113412));
#4409 = CARTESIAN_POINT('',(1.249996610042,109.97831756484));
#4410 = CARTESIAN_POINT('',(1.008336516161,109.72699490633));
#4411 = CARTESIAN_POINT('',(0.766662808057,109.47565808849));
#4412 = CARTESIAN_POINT('',(0.437500392263,109.13333440318));
#4413 = CARTESIAN_POINT('',(0.350000655828,109.04233606668));
#4414 = CARTESIAN_POINT('',(0.262500764767,108.95133756927));
#4415 = CARTESIAN_POINT('',(0.175000699479,108.86033889057));
#4416 = CARTESIAN_POINT('',(8.750044679937E-02,108.76934001687));
#4417 = CARTESIAN_POINT('',(0.,108.6783409412));
#4418 = ( GEOMETRIC_REPRESENTATION_CONTEXT(2) 
PARAMETRIC_REPRESENTATION_CONTEXT() REPRESENTATION_CONTEXT('2D SPACE',''
  ) );
#4419 = PCURVE('',#3971,#4420);
#4420 = DEFINITIONAL_REPRESENTATION('',(#4421),#4454);
#4421 = B_SPLINE_CURVE_WITH_KNOTS('',6,(#4422,#4423,#4424,#4425,#4426,
    #4427,#4428,#4429,#4430,#4431,#4432,#4433,#4434,#4435,#4436,#4437,
    #4438,#4439,#4440,#4441,#4442,#4443,#4444,#4445,#4446,#4447,#4448,
    #4449,#4450,#4451,#4452,#4453),.UNSPECIFIED.,.F.,.F.,(7,5,5,5,5,5,7)
  ,(0.,2.200002008788E-02,5.000007257754E-02,0.313998839328,
    0.604995129003,0.894997819763,1.),.UNSPECIFIED.);
#4422 = CARTESIAN_POINT('',(5.,113.87826155533));
#4423 = CARTESIAN_POINT('',(4.98166666367,113.8591951783));
#4424 = CARTESIAN_POINT('',(4.963333327358,113.84012880119));
#4425 = CARTESIAN_POINT('',(4.94499999207,113.82106242503));
#4426 = CARTESIAN_POINT('',(4.926666658653,113.80199605073));
#4427 = CARTESIAN_POINT('',(4.908333327798,113.78292967899));
#4428 = CARTESIAN_POINT('',(4.866666651352,113.73959699972));
#4429 = CARTESIAN_POINT('',(4.843333307656,113.7153306941));
#4430 = CARTESIAN_POINT('',(4.819999970036,113.69106439466));
#4431 = CARTESIAN_POINT('',(4.796666639284,113.66679810223));
#4432 = CARTESIAN_POINT('',(4.773333315895,113.64253181734));
#4433 = CARTESIAN_POINT('',(4.530001605258,113.38947071056));
#4434 = CARTESIAN_POINT('',(4.309996783921,113.16066918724));
#4435 = CARTESIAN_POINT('',(4.090000634411,112.93187667846));
#4436 = CARTESIAN_POINT('',(3.870004401719,112.70308408227));
#4437 = CARTESIAN_POINT('',(3.649999094598,112.47428204946));
#4438 = CARTESIAN_POINT('',(3.187502957427,111.99329339898));
#4439 = CARTESIAN_POINT('',(2.944993083361,111.74108697612));
#4440 = CARTESIAN_POINT('',(2.702497164119,111.48889506844));
#4441 = CARTESIAN_POINT('',(2.460002029191,111.23670397836));
#4442 = CARTESIAN_POINT('',(2.217494159527,110.98449964564));
#4443 = CARTESIAN_POINT('',(1.733333830391,110.48098059453));
#4444 = CARTESIAN_POINT('',(1.491657580155,110.22964113412));
#4445 = CARTESIAN_POINT('',(1.249996610042,109.97831756484));
#4446 = CARTESIAN_POINT('',(1.008336516161,109.72699490633));
#4447 = CARTESIAN_POINT('',(0.766662808057,109.47565808849));
#4448 = CARTESIAN_POINT('',(0.437500392263,109.13333440318));
#4449 = CARTESIAN_POINT('',(0.350000655828,109.04233606668));
#4450 = CARTESIAN_POINT('',(0.262500764767,108.95133756927));
#4451 = CARTESIAN_POINT('',(0.175000699479,108.86033889057));
#4452 = CARTESIAN_POINT('',(8.750044679937E-02,108.76934001687));
#4453 = CARTESIAN_POINT('',(0.,108.6783409412));
#4454 = ( GEOMETRIC_REPRESENTATION_CONTEXT(2) 
PARAMETRIC_REPRESENTATION_CONTEXT() REPRESENTATION_CONTEXT('2D SPACE',''
  ) );
#4455 = ADVANCED_FACE('',(#4456),#3600,.T.);
#4456 = FACE_BOUND('',#4457,.T.);
#4457 = EDGE_LOOP('',(#4458,#4459,#4460,#4483));
#4458 = ORIENTED_EDGE('',*,*,#4328,.T.);
#4459 = ORIENTED_EDGE('',*,*,#3585,.T.);
#4460 = ORIENTED_EDGE('',*,*,#4461,.T.);
#4461 = EDGE_CURVE('',#3586,#4462,#4464,.T.);
#4462 = VERTEX_POINT('',#4463);
#4463 = CARTESIAN_POINT('',(12.576671035387,40.,-145.9200524246));
#4464 = SURFACE_CURVE('',#4465,(#4469,#4476),.PCURVE_S1.);
#4465 = LINE('',#4466,#4467);
#4466 = CARTESIAN_POINT('',(13.,40.,-151.));
#4467 = VECTOR('',#4468,1.);
#4468 = DIRECTION('',(-8.304547985374E-02,0.,0.996545758245));
#4469 = PCURVE('',#3600,#4470);
#4470 = DEFINITIONAL_REPRESENTATION('',(#4471),#4475);
#4471 = LINE('',#4472,#4473);
#4472 = CARTESIAN_POINT('',(3.,-0.21992999402));
#4473 = VECTOR('',#4474,1.);
#4474 = DIRECTION('',(-0.996545758245,-8.304547985374E-02));
#4475 = ( GEOMETRIC_REPRESENTATION_CONTEXT(2) 
PARAMETRIC_REPRESENTATION_CONTEXT() REPRESENTATION_CONTEXT('2D SPACE',''
  ) );
#4476 = PCURVE('',#3626,#4477);
#4477 = DEFINITIONAL_REPRESENTATION('',(#4478),#4482);
#4478 = LINE('',#4479,#4480);
#4479 = CARTESIAN_POINT('',(3.,-0.21992999402));
#4480 = VECTOR('',#4481,1.);
#4481 = DIRECTION('',(-0.996545758245,-8.304547985374E-02));
#4482 = ( GEOMETRIC_REPRESENTATION_CONTEXT(2) 
PARAMETRIC_REPRESENTATION_CONTEXT() REPRESENTATION_CONTEXT('2D SPACE',''
  ) );
#4483 = ORIENTED_EDGE('',*,*,#4484,.T.);
#4484 = EDGE_CURVE('',#4462,#4099,#4485,.T.);
#4485 = SURFACE_CURVE('',#4486,(#4489,#4495),.PCURVE_S1.);
#4486 = B_SPLINE_CURVE_WITH_KNOTS('',1,(#4487,#4488),.UNSPECIFIED.,.F.,
  .F.,(2,2),(0.,12.839003076563),.PIECEWISE_BEZIER_KNOTS.);
#4487 = CARTESIAN_POINT('',(20.,40.,-146.5));
#4488 = CARTESIAN_POINT('',(7.2,40.,-145.5));
#4489 = PCURVE('',#3600,#4490);
#4490 = DEFINITIONAL_REPRESENTATION('',(#4491),#4494);
#4491 = B_SPLINE_CURVE_WITH_KNOTS('',1,(#4492,#4493),.UNSPECIFIED.,.F.,
  .F.,(2,2),(0.,12.839003076563),.PIECEWISE_BEZIER_KNOTS.);
#4492 = CARTESIAN_POINT('',(-1.5,6.78007000598));
#4493 = CARTESIAN_POINT('',(-2.5,-6.01992999402));
#4494 = ( GEOMETRIC_REPRESENTATION_CONTEXT(2) 
PARAMETRIC_REPRESENTATION_CONTEXT() REPRESENTATION_CONTEXT('2D SPACE',''
  ) );
#4495 = PCURVE('',#4182,#4496);
#4496 = DEFINITIONAL_REPRESENTATION('',(#4497),#4501);
#4497 = LINE('',#4498,#4499);
#4498 = CARTESIAN_POINT('',(0.,0.));
#4499 = VECTOR('',#4500,1.);
#4500 = DIRECTION('',(1.,0.));
#4501 = ( GEOMETRIC_REPRESENTATION_CONTEXT(2) 
PARAMETRIC_REPRESENTATION_CONTEXT() REPRESENTATION_CONTEXT('2D SPACE',''
  ) );
#4502 = ADVANCED_FACE('',(#4503),#3971,.F.);
#4503 = FACE_BOUND('',#4504,.F.);
#4504 = EDGE_LOOP('',(#4505,#4594,#4595,#4596));
#4505 = ORIENTED_EDGE('',*,*,#4506,.F.);
#4506 = EDGE_CURVE('',#4101,#4507,#4509,.T.);
#4507 = VERTEX_POINT('',#4508);
#4508 = CARTESIAN_POINT('',(7.18827746085,39.588959384394,
    -35.69999992029));
#4509 = SURFACE_CURVE('',#4510,(#4580,#4587),.PCURVE_S1.);
#4510 = B_SPLINE_CURVE_WITH_KNOTS('',9,(#4511,#4512,#4513,#4514,#4515,
    #4516,#4517,#4518,#4519,#4520,#4521,#4522,#4523,#4524,#4525,#4526,
    #4527,#4528,#4529,#4530,#4531,#4532,#4533,#4534,#4535,#4536,#4537,
    #4538,#4539,#4540,#4541,#4542,#4543,#4544,#4545,#4546,#4547,#4548,
    #4549,#4550,#4551,#4552,#4553,#4554,#4555,#4556,#4557,#4558,#4559,
    #4560,#4561,#4562,#4563,#4564,#4565,#4566,#4567,#4568,#4569,#4570,
    #4571,#4572,#4573,#4574,#4575,#4576,#4577,#4578,#4579),
  .UNSPECIFIED.,.F.,.F.,(10,8,9,8,9,8,9,8,10),(0.,14.273782104205,
    28.547564208411,42.821346312616,57.095128416821,71.368910521026,
    85.642692625232,99.916474729437,114.19025683364),.UNSPECIFIED.);
#4511 = CARTESIAN_POINT('',(7.2,40.,-145.5));
#4512 = CARTESIAN_POINT('',(7.200071228935,43.135884841113,
    -143.974999715));
#4513 = CARTESIAN_POINT('',(5.663261284166,46.271990452161,
    -142.4500006394));
#4514 = CARTESIAN_POINT('',(2.590970166065,48.545979715064,
    -140.9249988551));
#4515 = CARTESIAN_POINT('',(-1.457831873939,49.105624841983,
    -139.4000011131));
#4516 = CARTESIAN_POINT('',(-5.354334527184,47.507684004093,
    -137.8749991714));
#4517 = CARTESIAN_POINT('',(-7.844636648791,44.267150952969,
    -136.3500002972));
#4518 = CARTESIAN_POINT('',(-8.436313149928,40.490563760938,
    -134.8249998907));
#4519 = CARTESIAN_POINT('',(-7.328913973986,37.178484926511,
    -133.2999999567));
#4520 = CARTESIAN_POINT('',(-2.925879609766,32.712124325773,
    -130.2499999634));
#4521 = CARTESIAN_POINT('',(0.370052576591,31.557518947367,
    -128.7250000292));
#4522 = CARTESIAN_POINT('',(4.154681766718,32.095352857112,
    -127.1999996243));
#4523 = CARTESIAN_POINT('',(7.430481051619,34.538685734463,
    -125.6750007458));
#4524 = CARTESIAN_POINT('',(9.083878732382,38.412792759685,
    -124.149998811));
#4525 = CARTESIAN_POINT('',(8.582087605378,42.4681703483,-122.6250010617
    ));
#4526 = CARTESIAN_POINT('',(6.352232988634,45.573448015947,
    -121.0999992826));
#4527 = CARTESIAN_POINT('',(3.238376687488,47.154435807334,
    -119.5750002046));
#4528 = CARTESIAN_POINT('',(0.102812588828,47.199285854579,
    -118.0499999202));
#4529 = CARTESIAN_POINT('',(-3.032752424388,47.244079505174,
    -116.5249998606));
#4530 = CARTESIAN_POINT('',(-6.190481702713,45.752296587713,
    -115.0000004318));
#4531 = CARTESIAN_POINT('',(-8.508111639996,42.712679145137,
    -113.4749990909));
#4532 = CARTESIAN_POINT('',(-9.125512672619,38.672394003751,
    -111.9500008987));
#4533 = CARTESIAN_POINT('',(-7.58337628855,34.753378653618,
    -110.4249993255));
#4534 = CARTESIAN_POINT('',(-4.378732885912,32.21711703921,
    -108.9000002126));
#4535 = CARTESIAN_POINT('',(-0.610980051651,31.571543891138,
    -107.3749999231));
#4536 = CARTESIAN_POINT('',(2.716574334666,32.631544988055,
    -105.8499999507));
#4537 = CARTESIAN_POINT('',(7.245352569591,36.970350903412,
    -102.7999999663));
#4538 = CARTESIAN_POINT('',(8.446904458114,40.249461620476,
    -101.2750000251));
#4539 = CARTESIAN_POINT('',(7.963167890494,44.04138273942,
    -99.74999962896));
#4540 = CARTESIAN_POINT('',(5.566860878799,47.35173979596,-98.2250007416
    ));
#4541 = CARTESIAN_POINT('',(1.716758477294,49.060287293049,
    -96.69999881418));
#4542 = CARTESIAN_POINT('',(-2.345370934651,48.616457232519,-95.17500106
    ));
#4543 = CARTESIAN_POINT('',(-5.482173174705,46.431171101656,
    -93.64999928336));
#4544 = CARTESIAN_POINT('',(-7.107464022593,43.340208188113,
    -92.12500020445));
#4545 = CARTESIAN_POINT('',(-7.197083726597,40.205604174021,
    -90.59999992029));
#4546 = CARTESIAN_POINT('',(-7.286647050182,37.070998527156,
    -89.07499986088));
#4547 = CARTESIAN_POINT('',(-5.840106976528,33.892289092823,
    -87.55000043107));
#4548 = CARTESIAN_POINT('',(-2.833893969896,31.531491910644,
    -86.02499909277));
#4549 = CARTESIAN_POINT('',(1.197163015284,30.85645943481,
    -84.50000089552));
#4550 = CARTESIAN_POINT('',(5.1377997846,32.342478925936,-82.97499932991
    ));
#4551 = CARTESIAN_POINT('',(7.719563354946,35.510576858501,
    -81.45000020794));
#4552 = CARTESIAN_POINT('',(8.418872336417,39.268729283399,
    -79.9249999272));
#4553 = CARTESIAN_POINT('',(7.406494986766,42.611078929689,
    -78.39999994793));
#4554 = CARTESIAN_POINT('',(3.132800146281,47.201353536099,
    -75.34999997231));
#4555 = CARTESIAN_POINT('',(-0.128819134446,48.44959733058,
    -73.82499999277));
#4556 = CARTESIAN_POINT('',(-3.927259837372,48.020085991096,
    -72.29999971355));
#4557 = CARTESIAN_POINT('',(-7.271500075755,45.67123379827,
    -70.77500058753));
#4558 = CARTESIAN_POINT('',(-9.034846710899,41.846013240255,
    -69.24999902849));
#4559 = CARTESIAN_POINT('',(-8.649072047145,37.777847772362,
    -67.72500082424));
#4560 = CARTESIAN_POINT('',(-6.508795662403,34.61027145592,
    -66.19999949089));
#4561 = CARTESIAN_POINT('',(-3.441360161339,32.940920669868,
    -64.67500005886));
#4562 = CARTESIAN_POINT('',(-0.308352940704,32.806605914979,
    -63.14999999999));
#4563 = CARTESIAN_POINT('',(2.824651712621,32.672234846529,
    -61.62499971506));
#4564 = CARTESIAN_POINT('',(6.023696632029,34.073325427591,
    -60.10000063947));
#4565 = CARTESIAN_POINT('',(8.427175925255,37.04541007687,
    -58.57499885503));
#4566 = CARTESIAN_POINT('',(9.159704809405,41.066529581179,
    -57.05000111318));
#4567 = CARTESIAN_POINT('',(7.730104792093,45.027891927195,
    -55.52499917141));
#4568 = CARTESIAN_POINT('',(4.599196556343,47.654690878487,
    -54.00000029726));
#4569 = CARTESIAN_POINT('',(0.85141394786,48.407563657585,
    -52.47499989074));
#4570 = CARTESIAN_POINT('',(-2.505052453432,47.443026236254,
    -50.94999995679));
#4571 = CARTESIAN_POINT('',(-7.155883081434,43.235311524208,
    -47.89999996345));
#4572 = CARTESIAN_POINT('',(-8.45058334276,39.99185136722,
    -46.37500002922));
#4573 = CARTESIAN_POINT('',(-8.075326436655,36.187660825604,
    -44.84999962431));
#4574 = CARTESIAN_POINT('',(-5.774527279967,32.810226926377,
    -43.32500074583));
#4575 = CARTESIAN_POINT('',(-1.974784430265,30.992430621282,
    -41.79999881116));
#4576 = CARTESIAN_POINT('',(2.098362505302,31.320082527648,
    -40.27500106166));
#4577 = CARTESIAN_POINT('',(5.296288648048,33.414902181319,
    -38.7499992827));
#4578 = CARTESIAN_POINT('',(7.00918239538,36.458192912575,-37.2250002046
    ));
#4579 = CARTESIAN_POINT('',(7.18827746085,39.588959384394,
    -35.69999992029));
#4580 = PCURVE('',#3971,#4581);
#4581 = DEFINITIONAL_REPRESENTATION('',(#4582),#4586);
#4582 = LINE('',#4583,#4584);
#4583 = CARTESIAN_POINT('',(0.,0.));
#4584 = VECTOR('',#4585,1.);
#4585 = DIRECTION('',(0.,1.));
#4586 = ( GEOMETRIC_REPRESENTATION_CONTEXT(2) 
PARAMETRIC_REPRESENTATION_CONTEXT() REPRESENTATION_CONTEXT('2D SPACE',''
  ) );
#4587 = PCURVE('',#4182,#4588);
#4588 = DEFINITIONAL_REPRESENTATION('',(#4589),#4593);
#4589 = LINE('',#4590,#4591);
#4590 = CARTESIAN_POINT('',(12.839003076563,0.));
#4591 = VECTOR('',#4592,1.);
#4592 = DIRECTION('',(0.,1.));
#4593 = ( GEOMETRIC_REPRESENTATION_CONTEXT(2) 
PARAMETRIC_REPRESENTATION_CONTEXT() REPRESENTATION_CONTEXT('2D SPACE',''
  ) );
#4594 = ORIENTED_EDGE('',*,*,#4348,.F.);
#4595 = ORIENTED_EDGE('',*,*,#3891,.T.);
#4596 = ORIENTED_EDGE('',*,*,#4597,.F.);
#4597 = EDGE_CURVE('',#4507,#3866,#4598,.T.);
#4598 = SURFACE_CURVE('',#4599,(#4602,#4609),.PCURVE_S1.);
#4599 = B_SPLINE_CURVE_WITH_KNOTS('',1,(#4600,#4601),.UNSPECIFIED.,.F.,
  .F.,(2,2),(0.,5.),.PIECEWISE_BEZIER_KNOTS.);
#4600 = CARTESIAN_POINT('',(7.18827746085,39.588959384394,
    -35.69999992029));
#4601 = CARTESIAN_POINT('',(7.188237631267,39.588961661811,
    -40.69999992013));
#4602 = PCURVE('',#3971,#4603);
#4603 = DEFINITIONAL_REPRESENTATION('',(#4604),#4608);
#4604 = LINE('',#4605,#4606);
#4605 = CARTESIAN_POINT('',(0.,114.19025683364));
#4606 = VECTOR('',#4607,1.);
#4607 = DIRECTION('',(1.,0.));
#4608 = ( GEOMETRIC_REPRESENTATION_CONTEXT(2) 
PARAMETRIC_REPRESENTATION_CONTEXT() REPRESENTATION_CONTEXT('2D SPACE',''
  ) );
#4609 = PCURVE('',#3880,#4610);
#4610 = DEFINITIONAL_REPRESENTATION('',(#4611),#4614);
#4611 = B_SPLINE_CURVE_WITH_KNOTS('',1,(#4612,#4613),.UNSPECIFIED.,.F.,
  .F.,(2,2),(0.,5.),.PIECEWISE_BEZIER_KNOTS.);
#4612 = CARTESIAN_POINT('',(6.019910046509,-2.500048032509));
#4613 = CARTESIAN_POINT('',(6.019949941149,2.499951967332));
#4614 = ( GEOMETRIC_REPRESENTATION_CONTEXT(2) 
PARAMETRIC_REPRESENTATION_CONTEXT() REPRESENTATION_CONTEXT('2D SPACE',''
  ) );
#4615 = ADVANCED_FACE('',(#4616),#3626,.T.);
#4616 = FACE_BOUND('',#4617,.T.);
#4617 = EDGE_LOOP('',(#4618,#4619,#4620,#4641));
#4618 = ORIENTED_EDGE('',*,*,#4461,.F.);
#4619 = ORIENTED_EDGE('',*,*,#3611,.T.);
#4620 = ORIENTED_EDGE('',*,*,#4621,.T.);
#4621 = EDGE_CURVE('',#3612,#4622,#4624,.T.);
#4622 = VERTEX_POINT('',#4623);
#4623 = CARTESIAN_POINT('',(20.,40.,-146.5));
#4624 = SURFACE_CURVE('',#4625,(#4628,#4634),.PCURVE_S1.);
#4625 = B_SPLINE_CURVE_WITH_KNOTS('',1,(#4626,#4627),.UNSPECIFIED.,.F.,
  .F.,(2,2),(0.,3.),.PIECEWISE_BEZIER_KNOTS.);
#4626 = CARTESIAN_POINT('',(20.,40.,-149.5));
#4627 = CARTESIAN_POINT('',(20.,40.,-146.5));
#4628 = PCURVE('',#3626,#4629);
#4629 = DEFINITIONAL_REPRESENTATION('',(#4630),#4633);
#4630 = B_SPLINE_CURVE_WITH_KNOTS('',1,(#4631,#4632),.UNSPECIFIED.,.F.,
  .F.,(2,2),(0.,3.),.PIECEWISE_BEZIER_KNOTS.);
#4631 = CARTESIAN_POINT('',(1.5,6.78007000598));
#4632 = CARTESIAN_POINT('',(-1.5,6.78007000598));
#4633 = ( GEOMETRIC_REPRESENTATION_CONTEXT(2) 
PARAMETRIC_REPRESENTATION_CONTEXT() REPRESENTATION_CONTEXT('2D SPACE',''
  ) );
#4634 = PCURVE('',#3719,#4635);
#4635 = DEFINITIONAL_REPRESENTATION('',(#4636),#4640);
#4636 = LINE('',#4637,#4638);
#4637 = CARTESIAN_POINT('',(0.,0.));
#4638 = VECTOR('',#4639,1.);
#4639 = DIRECTION('',(1.,0.));
#4640 = ( GEOMETRIC_REPRESENTATION_CONTEXT(2) 
PARAMETRIC_REPRESENTATION_CONTEXT() REPRESENTATION_CONTEXT('2D SPACE',''
  ) );
#4641 = ORIENTED_EDGE('',*,*,#4642,.T.);
#4642 = EDGE_CURVE('',#4622,#4462,#4643,.T.);
#4643 = SURFACE_CURVE('',#4644,(#4647,#4653),.PCURVE_S1.);
#4644 = B_SPLINE_CURVE_WITH_KNOTS('',1,(#4645,#4646),.UNSPECIFIED.,.F.,
  .F.,(2,2),(0.,12.839003076563),.PIECEWISE_BEZIER_KNOTS.);
#4645 = CARTESIAN_POINT('',(20.,40.,-146.5));
#4646 = CARTESIAN_POINT('',(7.2,40.,-145.5));
#4647 = PCURVE('',#3626,#4648);
#4648 = DEFINITIONAL_REPRESENTATION('',(#4649),#4652);
#4649 = B_SPLINE_CURVE_WITH_KNOTS('',1,(#4650,#4651),.UNSPECIFIED.,.F.,
  .F.,(2,2),(0.,12.839003076563),.PIECEWISE_BEZIER_KNOTS.);
#4650 = CARTESIAN_POINT('',(-1.5,6.78007000598));
#4651 = CARTESIAN_POINT('',(-2.5,-6.01992999402));
#4652 = ( GEOMETRIC_REPRESENTATION_CONTEXT(2) 
PARAMETRIC_REPRESENTATION_CONTEXT() REPRESENTATION_CONTEXT('2D SPACE',''
  ) );
#4653 = PCURVE('',#4182,#4654);
#4654 = DEFINITIONAL_REPRESENTATION('',(#4655),#4659);
#4655 = LINE('',#4656,#4657);
#4656 = CARTESIAN_POINT('',(0.,0.));
#4657 = VECTOR('',#4658,1.);
#4658 = DIRECTION('',(1.,0.));
#4659 = ( GEOMETRIC_REPRESENTATION_CONTEXT(2) 
PARAMETRIC_REPRESENTATION_CONTEXT() REPRESENTATION_CONTEXT('2D SPACE',''
  ) );
#4660 = ADVANCED_FACE('',(#4661),#3880,.F.);
#4661 = FACE_BOUND('',#4662,.F.);
#4662 = EDGE_LOOP('',(#4663,#4664,#4685,#4704));
#4663 = ORIENTED_EDGE('',*,*,#3865,.T.);
#4664 = ORIENTED_EDGE('',*,*,#4665,.T.);
#4665 = EDGE_CURVE('',#3638,#4666,#4668,.T.);
#4666 = VERTEX_POINT('',#4667);
#4667 = CARTESIAN_POINT('',(19.967396856161,38.858272577716,
    -36.70010205053));
#4668 = SURFACE_CURVE('',#4669,(#4672,#4678),.PCURVE_S1.);
#4669 = B_SPLINE_CURVE_WITH_KNOTS('',1,(#4670,#4671),.UNSPECIFIED.,.F.,
  .F.,(2,2),(0.,3.),.PIECEWISE_BEZIER_KNOTS.);
#4670 = CARTESIAN_POINT('',(19.967372958411,38.858273944167,
    -39.70010205044));
#4671 = CARTESIAN_POINT('',(19.967396856161,38.858272577716,
    -36.70010205053));
#4672 = PCURVE('',#3880,#4673);
#4673 = DEFINITIONAL_REPRESENTATION('',(#4674),#4677);
#4674 = B_SPLINE_CURVE_WITH_KNOTS('',1,(#4675,#4676),.UNSPECIFIED.,.F.,
  .F.,(2,2),(0.,3.),.PIECEWISE_BEZIER_KNOTS.);
#4675 = CARTESIAN_POINT('',(-6.780058037372,1.500054097643));
#4676 = CARTESIAN_POINT('',(-6.780081974156,-1.499945902262));
#4677 = ( GEOMETRIC_REPRESENTATION_CONTEXT(2) 
PARAMETRIC_REPRESENTATION_CONTEXT() REPRESENTATION_CONTEXT('2D SPACE',''
  ) );
#4678 = PCURVE('',#3719,#4679);
#4679 = DEFINITIONAL_REPRESENTATION('',(#4680),#4684);
#4680 = LINE('',#4681,#4682);
#4681 = CARTESIAN_POINT('',(0.,114.19025683364));
#4682 = VECTOR('',#4683,1.);
#4683 = DIRECTION('',(1.,0.));
#4684 = ( GEOMETRIC_REPRESENTATION_CONTEXT(2) 
PARAMETRIC_REPRESENTATION_CONTEXT() REPRESENTATION_CONTEXT('2D SPACE',''
  ) );
#4685 = ORIENTED_EDGE('',*,*,#4686,.T.);
#4686 = EDGE_CURVE('',#4666,#4507,#4687,.T.);
#4687 = SURFACE_CURVE('',#4688,(#4691,#4697),.PCURVE_S1.);
#4688 = B_SPLINE_CURVE_WITH_KNOTS('',1,(#4689,#4690),.UNSPECIFIED.,.F.,
  .F.,(2,2),(0.,12.839003076563),.PIECEWISE_BEZIER_KNOTS.);
#4689 = CARTESIAN_POINT('',(19.967396856161,38.858272577716,
    -36.70010205053));
#4690 = CARTESIAN_POINT('',(7.18827746085,39.588959384394,
    -35.69999992029));
#4691 = PCURVE('',#3880,#4692);
#4692 = DEFINITIONAL_REPRESENTATION('',(#4693),#4696);
#4693 = B_SPLINE_CURVE_WITH_KNOTS('',1,(#4694,#4695),.UNSPECIFIED.,.F.,
  .F.,(2,2),(0.,12.839003076563),.PIECEWISE_BEZIER_KNOTS.);
#4694 = CARTESIAN_POINT('',(-6.780081974156,-1.499945902262));
#4695 = CARTESIAN_POINT('',(6.019910046509,-2.500048032509));
#4696 = ( GEOMETRIC_REPRESENTATION_CONTEXT(2) 
PARAMETRIC_REPRESENTATION_CONTEXT() REPRESENTATION_CONTEXT('2D SPACE',''
  ) );
#4697 = PCURVE('',#4182,#4698);
#4698 = DEFINITIONAL_REPRESENTATION('',(#4699),#4703);
#4699 = LINE('',#4700,#4701);
#4700 = CARTESIAN_POINT('',(0.,114.19025683364));
#4701 = VECTOR('',#4702,1.);
#4702 = DIRECTION('',(1.,0.));
#4703 = ( GEOMETRIC_REPRESENTATION_CONTEXT(2) 
PARAMETRIC_REPRESENTATION_CONTEXT() REPRESENTATION_CONTEXT('2D SPACE',''
  ) );
#4704 = ORIENTED_EDGE('',*,*,#4597,.T.);
#4705 = ADVANCED_FACE('',(#4706),#3719,.F.);
#4706 = FACE_BOUND('',#4707,.F.);
#4707 = EDGE_LOOP('',(#4708,#4709,#4710,#4797));
#4708 = ORIENTED_EDGE('',*,*,#3637,.F.);
#4709 = ORIENTED_EDGE('',*,*,#4621,.T.);
#4710 = ORIENTED_EDGE('',*,*,#4711,.T.);
#4711 = EDGE_CURVE('',#4622,#4666,#4712,.T.);
#4712 = SURFACE_CURVE('',#4713,(#4783,#4790),.PCURVE_S1.);
#4713 = B_SPLINE_CURVE_WITH_KNOTS('',9,(#4714,#4715,#4716,#4717,#4718,
    #4719,#4720,#4721,#4722,#4723,#4724,#4725,#4726,#4727,#4728,#4729,
    #4730,#4731,#4732,#4733,#4734,#4735,#4736,#4737,#4738,#4739,#4740,
    #4741,#4742,#4743,#4744,#4745,#4746,#4747,#4748,#4749,#4750,#4751,
    #4752,#4753,#4754,#4755,#4756,#4757,#4758,#4759,#4760,#4761,#4762,
    #4763,#4764,#4765,#4766,#4767,#4768,#4769,#4770,#4771,#4772,#4773,
    #4774,#4775,#4776,#4777,#4778,#4779,#4780,#4781,#4782),
  .UNSPECIFIED.,.F.,.F.,(10,8,9,8,9,8,9,8,10),(0.,14.273782104205,
    28.547564208411,42.821346312616,57.095128416821,71.368910521026,
    85.642692625232,99.916474729437,114.19025683364),.UNSPECIFIED.);
#4714 = CARTESIAN_POINT('',(20.,40.,-146.5));
#4715 = CARTESIAN_POINT('',(20.00004273736,48.7109994544,-144.9753644072
    ));
#4716 = CARTESIAN_POINT('',(15.73155312431,57.421633741263,
    -143.4491824985));
#4717 = CARTESIAN_POINT('',(7.196678757518,63.739781568984,
    -141.926463586));
#4718 = CARTESIAN_POINT('',(-4.049229035992,65.292284041573,
    -140.3985774147));
#4719 = CARTESIAN_POINT('',(-14.87330969905,60.855433071133,
    -138.8760588658));
#4720 = CARTESIAN_POINT('',(-21.79061306882,51.852809939701,
    -137.3496202511));
#4721 = CARTESIAN_POINT('',(-23.43418329149,41.362715930012,
    -135.8251396667));
#4722 = CARTESIAN_POINT('',(-20.3580604848,32.162441618118,
    -134.3000552917));
#4723 = CARTESIAN_POINT('',(-8.1274111156,19.755912057392,-131.25004676)
  );
#4724 = CARTESIAN_POINT('',(1.028010153277,16.54873583105,
    -129.7249623849));
#4725 = CARTESIAN_POINT('',(11.540487180897,18.042458701946,
    -128.2004818008));
#4726 = CARTESIAN_POINT('',(20.640972950089,24.830261261331,
    -126.6740431852));
#4727 = CARTESIAN_POINT('',(25.231894972638,35.590385415024,
    -125.1515246375));
#4728 = CARTESIAN_POINT('',(23.840097874208,46.856710257486,
    -123.6236384655));
#4729 = CARTESIAN_POINT('',(17.644465668099,55.48141597215,
    -122.1009195529));
#4730 = CARTESIAN_POINT('',(8.995651247035,59.873563834673,
    -120.574737645));
#4731 = CARTESIAN_POINT('',(0.285540242284,59.997973534647,
    -119.0501020514));
#4732 = CARTESIAN_POINT('',(-8.424430857968,60.122368993375,
    -117.5251779811));
#4733 = CARTESIAN_POINT('',(-17.19534767431,55.978754083529,
    -115.9994482699));
#4734 = CARTESIAN_POINT('',(-23.63445018206,47.53489927269,
    -114.4761616471));
#4735 = CARTESIAN_POINT('',(-25.34765902394,36.31237859604,
    -112.9488518828));
#4736 = CARTESIAN_POINT('',(-21.06559437647,25.425986998561,
    -111.4258615452));
#4737 = CARTESIAN_POINT('',(-12.16281253196,18.38087406742,
    -109.8997285723));
#4738 = CARTESIAN_POINT('',(-1.697184927587,16.587659719086,
    -108.3750982417));
#4739 = CARTESIAN_POINT('',(7.546053030903,19.532099846546,
    -106.8500629653));
#4740 = CARTESIAN_POINT('',(20.125970475094,31.584342000539,
    -103.8000430945));
#4741 = CARTESIAN_POINT('',(23.463550066029,40.693034102983,
    -102.2749676222));
#4742 = CARTESIAN_POINT('',(22.120097634703,51.225767505509,
    -100.7504758271));
#4743 = CARTESIAN_POINT('',(15.462931818591,60.422253137286,
    -99.22404865369));
#4744 = CARTESIAN_POINT('',(4.769465293329,65.166354900941,
    -97.70152065493));
#4745 = CARTESIAN_POINT('',(-6.515588022617,63.935577754231,
    -96.17364071029));
#4746 = CARTESIAN_POINT('',(-15.22788327274,57.863733167352,
    -94.65091863639));
#4747 = CARTESIAN_POINT('',(-19.74308445999,49.278518288082,
    -93.1247378678));
#4748 = CARTESIAN_POINT('',(-19.99185723488,40.571071818432,
    -91.60010205132));
#4749 = CARTESIAN_POINT('',(-20.24061398683,31.863765093904,
    -90.07517775845));
#4750 = CARTESIAN_POINT('',(-16.22266514362,23.034573705251,
    -88.54944918617));
#4751 = CARTESIAN_POINT('',(-7.871619803236,16.475554277875,
    -87.02615940305));
#4752 = CARTESIAN_POINT('',(3.325295913846,14.602267477287,
    -85.49885586465));
#4753 = CARTESIAN_POINT('',(14.271718693015,18.728444816156,
    -83.97585607757));
#4754 = CARTESIAN_POINT('',(21.443245925716,27.529716823666,
    -82.44973454555));
#4755 = CARTESIAN_POINT('',(23.385715793999,37.968672759742,
    -80.92509300467));
#4756 = CARTESIAN_POINT('',(20.573568791051,47.253012155078,
    -79.40006663075));
#4757 = CARTESIAN_POINT('',(8.702184698492,60.003748319459,
    -76.3500354209));
#4758 = CARTESIAN_POINT('',(-0.35789622815,63.471048245293,
    -74.82500904761));
#4759 = CARTESIAN_POINT('',(-10.90881145218,62.2781554181,
    -73.30036750491));
#4760 = CARTESIAN_POINT('',(-20.19927355316,55.752947221958,
    -71.77424597616));
#4761 = CARTESIAN_POINT('',(-25.09581531532,45.128379375139,
    -70.25124618458));
#4762 = CARTESIAN_POINT('',(-24.026031591,33.826822263735,
    -68.72394265126));
#4763 = CARTESIAN_POINT('',(-18.07948572371,25.028790827732,
    -67.20065286337));
#4764 = CARTESIAN_POINT('',(-9.559403767871,20.391395193294,
    -65.67492429482));
#4765 = CARTESIAN_POINT('',(-0.856535946667,20.018349763608,
    -64.14999999945));
#4766 = CARTESIAN_POINT('',(7.846469439322,19.645242857,-62.62536440849)
  );
#4767 = CARTESIAN_POINT('',(16.73191756028,23.536767613249,
    -61.0991824968));
#4768 = CARTESIAN_POINT('',(23.409789898311,31.793225295191,
    -59.57646358758));
#4769 = CARTESIAN_POINT('',(25.442494180754,42.96232639523,
    -58.04857741371));
#4770 = CARTESIAN_POINT('',(21.473274678027,53.966492207129,
    -56.52605886638));
#4771 = CARTESIAN_POINT('',(12.775157296043,61.263002550437,
    -54.99962025101));
#4772 = CARTESIAN_POINT('',(2.365076672436,63.354321946376,
    -53.47513966674));
#4773 = CARTESIAN_POINT('',(-6.95849698453,60.675039729309,
    -51.95005529171));
#4774 = CARTESIAN_POINT('',(-19.87744324269,48.986943763233,
    -48.90004676001));
#4775 = CARTESIAN_POINT('',(-23.47377429389,39.977275571367,
    -47.37496238504));
#4776 = CARTESIAN_POINT('',(-22.43163761864,29.410472250276,
    -45.85048180054));
#4777 = CARTESIAN_POINT('',(-16.03980744854,20.027636225406,
    -44.32404318604));
#4778 = CARTESIAN_POINT('',(-5.486170066624,14.980104661823,
    -42.80152463615));
#4779 = CARTESIAN_POINT('',(5.829424266262,15.888124194462,
    -41.27363846753));
#4780 = CARTESIAN_POINT('',(14.711556001406,21.708703455302,
    -39.75091955074));
#4781 = CARTESIAN_POINT('',(19.470075142179,30.161481067101,
    -38.22473764673));
#4782 = CARTESIAN_POINT('',(19.967396856161,38.858272577716,
    -36.70010205053));
#4783 = PCURVE('',#3719,#4784);
#4784 = DEFINITIONAL_REPRESENTATION('',(#4785),#4789);
#4785 = LINE('',#4786,#4787);
#4786 = CARTESIAN_POINT('',(3.,0.));
#4787 = VECTOR('',#4788,1.);
#4788 = DIRECTION('',(0.,1.));
#4789 = ( GEOMETRIC_REPRESENTATION_CONTEXT(2) 
PARAMETRIC_REPRESENTATION_CONTEXT() REPRESENTATION_CONTEXT('2D SPACE',''
  ) );
#4790 = PCURVE('',#4182,#4791);
#4791 = DEFINITIONAL_REPRESENTATION('',(#4792),#4796);
#4792 = LINE('',#4793,#4794);
#4793 = CARTESIAN_POINT('',(0.,0.));
#4794 = VECTOR('',#4795,1.);
#4795 = DIRECTION('',(0.,1.));
#4796 = ( GEOMETRIC_REPRESENTATION_CONTEXT(2) 
PARAMETRIC_REPRESENTATION_CONTEXT() REPRESENTATION_CONTEXT('2D SPACE',''
  ) );
#4797 = ORIENTED_EDGE('',*,*,#4665,.F.);
#4798 = ADVANCED_FACE('',(#4799),#4182,.F.);
#4799 = FACE_BOUND('',#4800,.F.);
#4800 = EDGE_LOOP('',(#4801,#4802,#4803,#4804,#4805,#4806));
#4801 = ORIENTED_EDGE('',*,*,#4711,.F.);
#4802 = ORIENTED_EDGE('',*,*,#4642,.T.);
#4803 = ORIENTED_EDGE('',*,*,#4484,.T.);
#4804 = ORIENTED_EDGE('',*,*,#4098,.T.);
#4805 = ORIENTED_EDGE('',*,*,#4506,.T.);
#4806 = ORIENTED_EDGE('',*,*,#4686,.F.);
#4807 = ( GEOMETRIC_REPRESENTATION_CONTEXT(3) 
GLOBAL_UNCERTAINTY_ASSIGNED_CONTEXT((#4811)) 
GLOBAL_UNIT_ASSIGNED_CONTEXT((#4808,#4809,#4810)) REPRESENTATION_CONTEXT
('Context #1','3D Context with UNIT and UNCERTAINTY') );
#4808 = ( LENGTH_UNIT() NAMED_UNIT(*) SI_UNIT(.MILLI.,.METRE.) );
#4809 = ( NAMED_UNIT(*) PLANE_ANGLE_UNIT() SI_UNIT($,.RADIAN.) );
#4810 = ( NAMED_UNIT(*) SI_UNIT($,.STERADIAN.) SOLID_ANGLE_UNIT() );
#4811 = UNCERTAINTY_MEASURE_WITH_UNIT(LENGTH_MEASURE(5.E-05),#4808,
  'distance_accuracy_value','confusion accuracy');
#4812 = CONTEXT_DEPENDENT_SHAPE_REPRESENTATION(#4813,#4815);
#4813 = ( REPRESENTATION_RELATIONSHIP('','',#3231,#10) 
REPRESENTATION_RELATIONSHIP_WITH_TRANSFORMATION(#4814) 
SHAPE_REPRESENTATION_RELATIONSHIP() );
#4814 = ITEM_DEFINED_TRANSFORMATION('','',#11,#19);
#4815 = PRODUCT_DEFINITION_SHAPE('Placement','Placement of an item',
  #4816);
#4816 = NEXT_ASSEMBLY_USAGE_OCCURRENCE('2','','',#5,#3226,$);
#4817 = PRODUCT_RELATED_PRODUCT_CATEGORY('part',$,(#3228));
ENDSEC;
END-ISO-10303-21;
