DBRep_DrawableShape

CASCADE Topology V3, (c) Open Cascade
Locations 112
1
              1              -0               0              -0 
              0               1               0               0 
             -0               0               1              -0 
2  1 -1 0
1
              1              -0               0              -0 
              0               1               0               0 
             -0               0               1              -0 
2  3 -1 0
1
              1              -0               0              -0 
              0               1               0               0 
             -0               0               1              -0 
2  5 -1 0
2  3 1 5 -1 0
1
              1              -0               0              -0 
              0               1               0               0 
             -0               0               1              -0 
2  8 1 3 -1 0
1
              1              -0               0              -0 
              0               1               0               0 
             -0               0               1              -0 
2  8 1 10 -1 0
2  10 -1 0
1
              1              -0               0              -0 
              0               1               0               0 
             -0               0               1              -0 
2  10 1 13 -1 0
2  13 -1 0
2  8 -1 0
1
              1              -0               0              -0 
              0               1               0               0 
             -0               0               1              -0 
2  17 -1 0
1
              1              -0               0              -0 
              0               1               0               0 
             -0               0               1              -0 
2  19 -1 0
1
              1              -0               0              -0 
              0               1               0               0 
             -0               0               1              -0 
2  19 1 21 -1 0
2  21 -1 0
1
              1              -0               0              -0 
              0               1               0               0 
             -0               0               1              -0 
2  24 -1 0
1
              1              -0               0              -0 
              0               1               0               0 
             -0               0               1              -0 
2  26 -1 0
1
              1              -0               0              -0 
              0               1               0               0 
             -0               0               1              -0 
2  26 1 28 -1 0
2  28 -1 0
1
              1              -0               0              -0 
              0               1               0               0 
             -0               0               1              -0 
2  31 -1 0
1
              1              -0               0              -0 
              0               1               0               0 
             -0               0               1              -0 
2  33 -1 0
1
              1              -0               0              -0 
              0               1               0               0 
             -0               0               1              -0 
2  35 -1 0
1
              1              -0               0              -0 
              0               1               0               0 
             -0               0               1              -0 
2  37 -1 0
1
              1              -0               0              -0 
              0               1               0               0 
             -0               0               1              -0 
2  39 -1 0
1
              1              -0               0              -0 
              0               1               0               0 
             -0               0               1              -0 
2  41 -1 0
1
              1              -0               0              -0 
              0               1               0               0 
             -0               0               1              -0 
2  43 -1 0
1
              1              -0               0              -0 
              0               1               0               0 
             -0               0               1              -0 
2  45 -1 0
1
              1              -0               0              -0 
              0               1               0               0 
             -0               0               1              -0 
2  47 -1 0
1
              1              -0               0              -0 
              0               1               0               0 
             -0               0               1              -0 
2  49 -1 0
1
              1              -0               0              -0 
              0               1               0               0 
             -0               0               1              -0 
2  51 -1 0
1
              1              -0               0              -0 
              0               1               0               0 
             -0               0               1              -0 
2  53 -1 0
1
              1              -0               0              -0 
              0               1               0               0 
             -0               0               1              -0 
2  55 -1 0
1
              1              -0               0              -0 
              0               1               0               0 
             -0               0               1              -0 
2  57 -1 0
1
              1              -0               0              -0 
              0               1               0               0 
             -0               0               1              -0 
2  59 -1 0
1
              1              -0               0              -0 
              0               1               0               0 
             -0               0               1              -0 
2  61 -1 0
1
              1              -0               0              -0 
              0               1               0               0 
             -0               0               1              -0 
2  63 -1 0
1
              1              -0               0              -0 
              0               1               0               0 
             -0               0               1              -0 
1
              1              -0               0              -0 
              0               1               0               0 
             -0               0               1              -0 
2  66 -1 0
1
              1              -0               0              -0 
              0               1               0               0 
             -0               0               1              -0 
2  68 -1 0
1
              1              -0               0              -0 
              0               1               0               0 
             -0               0               1              -0 
2  70 -1 0
1
              1              -0               0              -0 
              0               1               0               0 
             -0               0               1              -0 
2  72 -1 0
1
              1              -0               0              -0 
              0               1               0               0 
             -0               0               1              -0 
2  74 -1 0
2  63 1 66 -1 0
2  63 1 68 -1 0
2  63 1 74 -1 0
2  63 1 72 -1 0
2  63 1 70 -1 0
1
              1              -0               0              -0 
              0               1               0               0 
             -0               0               1              -0 
1
              1              -0               0              -0 
              0               1               0               0 
             -0               0               1              -0 
1
              1              -0               0              -0 
              0               1               0               0 
             -0               0               1              -0 
2  83 -1 0
1
              1              -0               0              -0 
              0               1               0               0 
             -0               0               1              -0 
2  85 -1 0
1
              1              -0               0              -0 
              0               1               0               0 
             -0               0               1              -0 
2  87 -1 0
1
              1              -0               0              -0 
              0               1               0               0 
             -0               0               1              -0 
1
              1              -0               0              -0 
              0               1               0               0 
             -0               0               1              -0 
2  89 -1 0
1
              1              -0               0              -0 
              0               1               0               0 
             -0               0               1              -0 
1
              1              -0               0              -0 
              0               1               0               0 
             -0               0               1              -0 
1
              1              -0               0              -0 
              0               1               0               0 
             -0               0               1              -0 
1
              1              -0               0              -0 
              0               1               0               0 
             -0               0               1              -0 
2  95 -1 0
2  94 -1 0
1
              1              -0               0              -0 
              0               1               0               0 
             -0               0               1              -0 
2  98 -1 0
2  92 -1 0
2  87 1 92 -1 0
2  87 1 93 -1 0
2  93 -1 0
1
              1              -0               0              -0 
              0               1               0               0 
             -0               0               1              -0 
2  87 1 94 -1 0
2  87 1 95 -1 0
1
              1              -0               0              -0 
              0               1               0               0 
             -0               0               1              -0 
2  87 1 98 -1 0
1
              1              -0               0              -0 
              0               1               0               0 
             -0               0               1              -0 
2  109 -1 0
1
              1              -0               0              -0 
              0               1               0               0 
             -0               0               1              -0 
2  111 -1 0
Curve2ds 725
1 0 -1 0 1 
1 0 0 1 0 
1 0 0 1 0 
1 0 10 0 -1 
1 0 -10 1 0 
1 0 10 1 0 
1 0 10 1 0 
1 0 -10 1 0 
1 0 10 1 0 
1 0 10 1 0 
1 0 1 1 0 
1 0 0 1 0 
1 0 1 1 0 
1 1 0 0 1 
1 807.5 0 0 -1 
1 1 0 0 1 
1 1 0 0 1 
1 0 0 0 -1 
1 1 0 0 1 
1 0 15 1 0 
1 0 -1 1 0 
1 0 -20 1 0 
1 0 15 1 0 
1 0 0 1 0 
1 0 0 1 0 
1 0 1 1 0 
1 0 -10 1 0 
1 0 1 1 0 
1 0 0 1 0 
1 1 0 0 1 
1 807.5 0 0 -1 
1 1 0 0 1 
1 1 0 0 1 
1 0 0 0 -1 
1 1 0 0 1 
1 0 0 1 0 
1 0 0 1 0 
1 0 0 1 0 
1 0 0 1 0 
1 0 0 1 0 
1 0 11 0 -1 
1 0 -1 1 0 
1 0 0 1 0 
1 0 0 0 1 
1 0 1 1 0 
1 0 11 1 0 
1 0 0 0 1 
8 -807.5 0
1 0 14 -1 0 
8 -807.5 0
1 0 -1 -1 0 
1 0 1 1 0 
1 0 11 1 0 
1 807.5 0 0 1 
1 0 0 0 1 
1 807.5 0 0 -1 
8 -807.5 0
1 0 14 -1 0 
8 -807.5 0
1 0 -19 -1 0 
1 0 0 0 1 
1 0 0 0 -1 
1 0 0 1 0 
1 0 -1 1 0 
1 0 0 0 1 
1 0 0 1 0 
1 0 -1 1 0 
1 807.5 0 0 1 
1 0 0 1 0 
1 0 0 1 0 
1 0 0 0 1 
1 50 0 0 1 
1 0 30 1 0 
1 50 0 0 1 
1 0 0 0 1 
1 0 30 1 0 
8 1 27
1 48 1 0 1 
8 1 27
1 -1 968 1 0 
8 -47 -1
1 1 28 -1 0 
8 -47 -1
1 -1 -968 -1 0 
8 1 27
1 2 1 0 1 
8 1 27
1 -1 968 1 0 
8 -47 -1
1 1 2 -1 0 
8 -47 -1
1 -1 -968 -1 0 
1 46 0 0 -1 
1 0 0 0 1 
1 46 0 0 -1 
1 26 0 0 1 
1 0 3 1 0 
1 46 0 0 1 
1 0 4 1 0 
1 0 0 0 -1 
1 26 0 0 1 
1 0 -3 1 0 
1 0 26 1 0 
1 0 -4 1 0 
1 0 0 0 -1 
1 0 0 0 1 
1 0 3 1 0 
1 0 0 0 1 
1 0 4 1 0 
1 0 -3 1 0 
1 0 0 1 0 
1 0 -4 1 0 
1 0 0 1 0 
1 0 0 1 0 
1 0 0 0 1 
1 50 0 0 1 
1 0 30 1 0 
1 50 0 0 1 
1 0 0 0 1 
1 0 30 1 0 
8 1 27
1 48 1 0 1 
8 1 27
1 -1 968 1 0 
8 -47 -1
1 1 28 -1 0 
8 -47 -1
1 -1 -968 -1 0 
8 1 27
1 2 1 0 1 
8 1 27
1 -1 968 1 0 
8 -47 -1
1 1 2 -1 0 
8 -47 -1
1 -1 -968 -1 0 
1 46 0 0 -1 
1 0 0 0 1 
1 46 0 0 -1 
1 26 0 0 1 
1 0 3 1 0 
1 46 0 0 1 
1 0 4 1 0 
1 0 0 0 -1 
1 26 0 0 1 
1 0 -3 1 0 
1 0 26 1 0 
1 0 -4 1 0 
1 0 0 0 -1 
1 0 0 0 1 
1 0 3 1 0 
1 0 0 0 1 
1 0 4 1 0 
1 0 -3 1 0 
1 0 0 1 0 
1 0 -4 1 0 
1 0 0 1 0 
1 0 0 1 0 
1 0 0 0 1 
1 0 30 1 0 
1 20 0 0 1 
8 1 27
1 18 1 0 1 
8 1 27
1 -1 1 1 0 
8 -17 -1
1 1 28 -1 0 
8 -17 -1
1 -1 -1 -1 0 
8 1 27
1 2 1 0 1 
8 1 27
1 -1 1 1 0 
8 -17 -1
1 1 2 -1 0 
8 -17 -1
1 -1 -1 -1 0 
1 20 0 0 1 
1 0 0 0 1 
1 0 30 1 0 
8 1 27
1 18 1 0 1 
8 1 27
1 -1 103.5 1 0 
8 -17 -1
1 1 28 -1 0 
8 -17 -1
1 -1 -103.5 -1 0 
8 1 27
1 2 1 0 1 
8 1 27
1 -1 103.5 1 0 
8 -17 -1
1 1 2 -1 0 
8 -17 -1
1 -1 -103.5 -1 0 
1 16 0 0 -1 
1 0 0 0 1 
1 16 0 0 -1 
1 26 0 0 1 
1 0 0 0 -1 
1 26 0 0 1 
1 0 0 0 -1 
1 0 0 0 1 
1 0 0 1 0 
1 0 0 1 0 
1 0 0 0 1 
1 0 30 1 0 
1 20 0 0 1 
8 1 27
1 18 1 0 1 
8 1 27
1 -1 1 1 0 
8 -17 -1
1 1 28 -1 0 
8 -17 -1
1 -1 -1 -1 0 
8 1 27
1 2 1 0 1 
8 1 27
1 -1 1 1 0 
8 -17 -1
1 1 2 -1 0 
8 -17 -1
1 -1 -1 -1 0 
1 20 0 0 1 
1 0 0 0 1 
1 0 30 1 0 
8 1 27
1 18 1 0 1 
8 1 27
1 -1 103.5 1 0 
8 -17 -1
1 1 28 -1 0 
8 -17 -1
1 -1 -103.5 -1 0 
8 1 27
1 2 1 0 1 
8 1 27
1 -1 103.5 1 0 
8 -17 -1
1 1 2 -1 0 
8 -17 -1
1 -1 -103.5 -1 0 
1 16 0 0 -1 
1 0 0 0 1 
1 16 0 0 -1 
1 26 0 0 1 
1 0 0 0 -1 
1 26 0 0 1 
1 0 0 0 -1 
1 0 0 0 1 
1 0 0 1 0 
1 20 0 0 -1 
1 0 0 0 -1 
1 0 -30 1 0 
8 -27 -1
1 2 -1 0 1 
8 -27 -1
1 1 -1 0 -1 
8 1 17
1 1 -28 1 0 
8 1 17
1 -1 1 1 0 
8 -27 -1
1 18 -1 0 1 
8 -27 -1
1 1 -1 0 -1 
8 1 17
1 1 -2 1 0 
8 1 17
1 -1 1 1 0 
1 0 0 1 0 
1 20 0 0 -1 
1 0 0 0 -1 
1 0 -30 1 0 
1 0 0 0 1 
1 0 26 1 0 
8 -27 -1
1 2 -1 0 1 
8 -27 -1
1 197.5 -1 0 -1 
1 0 0 0 1 
1 0 0 1 0 
8 1 17
1 1 -28 1 0 
8 1 17
1 -1 197.5 1 0 
1 16 0 0 1 
1 0 26 1 0 
8 -27 -1
1 18 -1 0 1 
8 -27 -1
1 197.5 -1 0 -1 
1 16 0 0 1 
1 0 0 1 0 
8 1 17
1 1 -2 1 0 
8 1 17
1 -1 197.5 1 0 
1 0 0 1 0 
1 20 0 0 -1 
1 0 0 0 -1 
1 0 -30 1 0 
8 -27 -1
1 2 -1 0 1 
8 -27 -1
1 1 -1 0 -1 
8 1 17
1 1 -28 1 0 
8 1 17
1 -1 1 1 0 
8 -27 -1
1 18 -1 0 1 
8 -27 -1
1 1 -1 0 -1 
8 1 17
1 1 -2 1 0 
8 1 17
1 -1 1 1 0 
1 0 0 1 0 
1 20 0 0 -1 
1 0 0 0 -1 
1 0 -30 1 0 
1 0 0 0 1 
1 0 26 1 0 
8 -27 -1
1 2 -1 0 1 
8 -27 -1
1 199 -1 0 -1 
1 0 0 0 1 
1 0 0 1 0 
8 1 17
1 1 -28 1 0 
8 1 17
1 -1 199 1 0 
1 16 0 0 1 
1 0 26 1 0 
8 -27 -1
1 18 -1 0 1 
8 -27 -1
1 199 -1 0 -1 
1 16 0 0 1 
1 0 0 1 0 
8 1 17
1 1 -2 1 0 
8 1 17
1 -1 199 1 0 
1 0 0 1 0 
1 20 0 0 -1 
1 0 0 0 -1 
1 0 -30 1 0 
8 -27 -1
1 2 -1 0 1 
8 -27 -1
1 1 -1 0 -1 
8 1 17
1 1 -28 1 0 
8 1 17
1 -1 1 1 0 
8 -27 -1
1 18 -1 0 1 
8 -27 -1
1 1 -1 0 -1 
8 1 17
1 1 -2 1 0 
8 1 17
1 -1 1 1 0 
1 0 0 1 0 
1 20 0 0 -1 
1 0 0 0 -1 
1 0 -30 1 0 
1 0 0 0 1 
1 0 26 1 0 
8 -27 -1
1 2 -1 0 1 
8 -27 -1
1 639.5 -1 0 -1 
1 0 0 0 1 
1 0 0 1 0 
8 1 17
1 1 -28 1 0 
8 1 17
1 -1 639.5 1 0 
1 16 0 0 1 
1 0 26 1 0 
8 -27 -1
1 18 -1 0 1 
8 -27 -1
1 639.5 -1 0 -1 
1 16 0 0 1 
1 0 0 1 0 
8 1 17
1 1 -2 1 0 
8 1 17
1 -1 639.5 1 0 
1 -18.5 0 1 0 
1 0 319.5 0 -1 
1 0 319.5 0 -1 
1 0 319.5 0 -1 
1 1.5 0 -1 0 
1 1.5 0 0 -1 
1 1.5 0 0 -1 
1 0 0 0 1 
1 1.5 0 0 1 
1 1.5 0 0 1 
1 1.5 0 0 1 
1 0 319.5 1 0 
1 1.5 0 0 1 
8 86 233.5
1 250 86 0 1 
8 86 233.5
1 21 86 0 -1 
1 21 86 0 -1 
8 -325 -125
1 125 172 -1 0 
8 -325 -125
1 21 -125 0 -1 
8 86 233.5
1 450 86 0 1 
8 86 233.5
1 21 86 0 -1 
1 21 86 0 -1 
1 1.5 0 0 1 
1 1.5 0 0 -1 
1 1.5 0 0 -1 
1 698.5 0 0 1 
1 1.5 0 0 1 
1 1.5 0 0 1 
1 1.5 0 0 1 
1 0 0 1 0 
1 -18.5 0 1 0 
1 698.5 319.5 0 -1 
1 698.5 319.5 0 -1 
1 698.5 319.5 0 -1 
1 1.5 698.5 -1 0 
1 450 319.5 1 0 
1 1 -147.5 1 0 
1 450 172 0 1 
1 1 0 0 -1 
1 0 0 0 1 
1 0 1.5 1 0 
1 250 319.5 0 -1 
1 250 319.5 0 -1 
1 1 -147.5 0 1 
1 21 -147.5 -1 0 
1 0 319.5 1 0 
1 0 319.5 1 0 
1 0 0 1 0 
1 0 0 1 0 
1 0 0 1 0 
1 0 0 1 0 
1 0 0 1 0 
1 0 0 0 1 
1 0 318 1 0 
1 0 318 1 0 
1 0 318 1 0 
1 0 0 0 -1 
1 0 0 0 1 
1 697 0 0 1 
1 697 0 0 1 
1 697 0 0 1 
1 697 0 0 1 
1 0 1.5 1 0 
1 0 0 0 1 
1 0 1.5 1 0 
1 0 1.5 1 0 
1 0 1.5 1 0 
1 0 1.5 1 0 
1 0 0 0 -1 
1 1.5 0 0 1 
1 1.5 0 0 1 
1 1.5 0 0 1 
1 1.5 0 0 1 
1 1.5 0 0 1 
1 0 318 1 0 
1 0 318 1 0 
1 0 0 1 0 
1 0 0 0 1 
1 0 0 1 0 
1 0 203 1 0 
1 0 0 1 0 
1 18.5 0 0 1 
1 248.5 170.5 1 0 
1 0 0 1 0 
1 0 0 1 0 
1 0 0 1 0 
1 18.5 0 0 1 
1 0 318 1 0 
1 1.5 0 0 1 
1 18.5 0 0 -1 
1 1.5 0 0 1 
1 0 1.5 1 0 
1 18.5 0 0 1 
1 0 1.5 1 0 
1 0 0 0 1 
1 18.5 0 0 -1 
1 697 0 0 1 
8 -18.5 0
1 0 248.5 -1 0 
8 -18.5 0
1 0 -146 -1 0 
8 0 18.5
1 0 -318 1 0 
8 0 18.5
1 0 1.5 1 0 
8 0 18.5
1 0 -1.5 1 0 
8 0 18.5
1 0 1.5 1 0 
8 0 18.5
1 0 -1.5 1 0 
8 0 18.5
1 0 697 1 0 
8 0 18.5
1 0 -318 1 0 
8 0 18.5
1 0 697 1 0 
8 -18.5 0
1 0 451.5 -1 0 
8 -18.5 0
1 0 -146 -1 0 
1 -18.5 0 1 0 
1 -18.5 0 1 0 
1 1.5 0 0 -1 
1 1.5 0 0 -1 
1 0 0 0 1 
1 1.5 0 -1 0 
1 1.5 -748.5 -1 0 
8 -749 -0.5
1 -15.5 0.5 0 1 
8 -749 -0.5
1 1 0.5 0 -1 
1 0 0 1 0 
1 0 0 1 0 
1 -18.5 0 0 1 
1 0 0 1 0 
1 1 -1 1 0 
1 -18.5 250 1 0 
1 1.5 0 0 1 
1 1.5 0 0 1 
1 1.5 0 0 1 
1 0 0 1 0 
1 1.5 0 0 1 
8 0.5 12.5
1 -15.5 -0.5 0 1 
8 0.5 12.5
1 0.5 1 1 0 
8 5.75 8.75
1 -9.75 12 -1 0 
8 5.75 8.75
1 9.75 -1 -1 0 
1 1.5 0 0 1 
1 1.5 0 0 1 
1 1.5 0 0 1 
1 0 748.5 1 0 
1 1.5 0 0 1 
1 1.5 0 0 -1 
1 1.5 0 0 -1 
1 698.5 0 0 1 
1 1.5 0 0 1 
8 0.5 50
1 450 -0.5 0 1 
8 0.5 50
1 21 -0.5 0 -1 
1 21 -0.5 0 -1 
8 -325 -125
1 125 49.5 -1 0 
8 -325 -125
1 21 -125 0 -1 
8 0.5 50
1 250 -0.5 0 1 
8 0.5 50
1 21 -0.5 0 -1 
1 21 -0.5 0 -1 
8 0.5 12.5
1 -15.5 -0.5 0 1 
8 0.5 12.5
1 0.5 749.5 1 0 
8 5.75 8.75
1 -9.75 12 -1 0 
8 5.75 8.75
1 9.75 -749.5 -1 0 
1 698.5 748.5 -1 0 
1 698.5 748.5 -1 0 
1 698.5 748.5 -1 0 
1 -18.5 698.5 0 -1 
1 698.5 748.5 -1 0 
1 1.5 698.5 -1 0 
1 13 0 0 1 
1 4 0 0 -1 
8 2 12.5
1 3 -0.5 0 1 
8 2 12.5
1 0.5 748 1 0 
8 -747.5 -2
1 3 0.5 0 1 
8 -747.5 -2
1 2.5 0.5 0 -1 
8 2 12.5
1 3 -0.5 0 1 
8 2 12.5
1 0.5 2.5 1 0 
1 698.5 748.5 0 -1 
1 698.5 748.5 0 -1 
1 698.5 748.5 0 -1 
1 698.5 748.5 0 -1 
1 698.5 0 -1 0 
1 698.5 0 -1 0 
1 450 0 0 1 
1 1 -1 0 -1 
1 450 0 0 1 
1 0 0 0 1 
1 0 0 1 0 
1 248.5 49.5 1 0 
1 250 49.5 0 -1 
1 250 49.5 0 -1 
1 1 -50.5 0 1 
1 250 49.5 0 -1 
8 0.5 749
1 12 -0.5 0 1 
8 0.5 749
1 1 -0.5 0 -1 
1 0 1.5 1 0 
1 0 0 0 1 
1 0 1.5 1 0 
1 0 1.5 1 0 
1 0 1.5 1 0 
1 0 1.5 1 0 
1 0 1.5 1 0 
1 248.5 1.5 0 1 
1 0 1.5 1 0 
1 0 0 0 1 
1 248.5 51 1 0 
1 451.5 51 0 -1 
1 0 1.5 1 0 
1 0 1.5 1 0 
1 0 1.5 1 0 
1 0 0 0 -1 
1 0 0 0 1 
1 697 0 0 1 
1 697 0 0 1 
1 697 0 0 1 
1 697 0 0 1 
1 697 0 0 1 
1 0 0 1 0 
1 0 0 0 1 
1 0 747 1 0 
1 0 747 1 0 
1 0 747 1 0 
1 0 747 1 0 
8 -3.5 -0.5
1 -0.5 12 -1 0 
8 -3.5 -0.5
1 0.5 -2.5 -1 0 
1 -18.5 0 1 0 
1 -18.5 698.5 1 0 
1 21 -1 -1 0 
8 -3.5 -0.5
1 -0.5 12 -1 0 
8 -3.5 -0.5
1 0.5 -748 -1 0 
8 0 18.5
1 0 -747 1 0 
8 0 18.5
1 0 697 1 0 
1 0 0 1 0 
1 18.5 0 0 1 
1 0 747 1 0 
8 0 18.5
1 0 -747 1 0 
8 0 18.5
1 0 1.5 1 0 
1 1.5 0 0 1 
1 18.5 0 0 -1 
1 1.5 0 0 1 
8 0 18.5
1 0 -1.5 1 0 
8 0 18.5
1 0 1.5 1 0 
8 -18.5 0
1 0 248.5 -1 0 
8 -18.5 0
1 0 -1.5 -1 0 
1 0 1.5 1 0 
1 18.5 0 0 1 
1 0 1.5 1 0 
1 0 -1.5 1 0 
1 0 0 1 0 
1 0 -1.5 1 0 
1 0 203 1 0 
1 0 1.5 1 0 
1 18.5 0 0 1 
1 248.5 51 1 0 
8 -18.5 0
1 0 451.5 -1 0 
8 -18.5 0
1 0 -1.5 -1 0 
8 0 18.5
1 0 -1.5 1 0 
8 0 18.5
1 0 697 1 0 
1 0 0 0 1 
1 18.5 0 0 -1 
1 697 0 0 1 
1 12.130038301360589 0 -1 -0 
2 0 8.8817841970012523e-16 0.42261826174070038 0.90630778703664949 0.90630778703664949 -0.42261826174070038 5
1 0 0 0 -1 
1 1.7364817766693124 0 0 -1 
1 6.1959188445798707 0 0 -1 
8 0 15
1 6.1959188445798707 0 0 -1 
1 6.1959188445798707 -15 1 0 
2 0 8.8817841970012523e-16 0.087155742747657458 0.99619469809174566 -0.99619469809174566 0.087155742747657458 5
2 0 8.8817841970012523e-16 0.087155742747657458 0.99619469809174566 -0.99619469809174566 0.087155742747657458 5
1 7.9999999999999964 0 0 -1 
1 0 0 0 -1 
1 5.8468529941810026 0 0 -1 
8 0 15
1 12.130038301360589 0 0 -1 
1 0 0 1 0 
1 -3.072750445938027 2.7456352894016014 0.42261826174069855 -0.90630778703665038 
1 5.4940374026290897 11.78200123147645 -0.42261826174069855 -0.90630778703665038 
1 1.2882623009715104 3.9141651331178444 -0.96592582628906831 -0.25881904510252085 
1 0 0 1 0 
1 1.1330246557195522 12.950531075192693 0.96592582628906831 -0.25881904510252085 
1 4.514852619340191 -45 -1 -0 
1 0 0 1 0 
1 1.9855082429527755 -4.0553924516161217 -0.087155742747658124 0.99619469809174555 
1 0.43577871373828714 4.9809734904587275 0.087155742747658124 0.99619469809174555 
2 0 8.8817841970012523e-16 0 1 -1 0 3
1 0 -1 1 0 
2 0 8.8817841970012523e-16 0 1 -1 0 3
1 0 -46 1 0 
1 8.0000000000000018 0 0 -1 
1 0 0 0 -1 
1 4.514852619340191 -45 0 -1 
1 0 -15 1 0 
1 1.9855082429527755 -4.0553924516161217 -0.087155742747658124 0.99619469809174555 
1 0.43577871373828714 4.9809734904587275 0.087155742747658124 0.99619469809174555 
1 0.43577871373828714 4.9809734904587275 0.087155742747658124 0.99619469809174555 
1 0 -15 1 0 
1 -3.072750445938027 2.7456352894016014 0.42261826174069855 -0.90630778703665038 
1 5.4940374026290897 11.78200123147645 -0.42261826174069855 -0.90630778703665038 
1 5.4940374026290897 11.78200123147645 -0.42261826174069855 -0.90630778703665038 
1 0 -60 1 0 
1 -4.788764008518541 -5.5208601251438765 1 0 
1 13 11.78200123147645 -1 0 
1 -4.788764008518541 7.1971386433796738 0 -1 
1 13 24.5 0 -1 
1 -1.788764008518541 7.1971386433796738 -1 0 
1 10 24.5 1 0 
1 -1.788764008518541 1.6971386433796738 0 1 
1 10 19 0 1 
1 7.0782113357619068 1.6971386433796738 -1 0 
1 1.1330246557195522 19 1 0 
1 7.0782113357619068 -4.3523302814276335 0 1 
1 0 -60 1 0 
1 1.1330246557195522 12.950531075192693 0 1 
2 0 8.8817841970012523e-16 0 1 -1 0 3
1 0 -16 1 0 
2 0 8.8817841970012523e-16 0 1 -1 0 3
2 0 8.8817841970012523e-16 0 1 -1 0 3
1 0 -61 1 0 
1 0 0 0 -1 
1 4.514852619340191 0 0 -1 
1 0 -45 0 -1 
1 1.2882623009715104 3.9141651331178444 -0.96592582628906831 -0.25881904510252085 
1 0 -15 1 0 
1 1.1330246557195522 12.950531075192693 0.96592582628906831 -0.25881904510252085 
1 4.514852619340191 -15 -1 -0 
1 4.514852619340191 0 0 -1 
1 0 0 0 -1 
1 0 0 0 -1 
1 7.5059625973709103 0 0 -1 
1 0 0 0 -1 
1 6.2831853071795862 0 0 -1 
8 1 16
1 0 -45 0 -1 
8 1 16
1 6.2831853071795862 -45 0 -1 
1 8.0000000000000018 0 0 -1 
1 0 0 0 -1 
1 4.514852619340191 0 0 -1 
1 6.0494689248073072 0 0 -1 
1 0 0 1 0 
1 7.0782113357619068 -4.3523302814276335 0 1 
1 7.0782113357619068 -4.3523302814276335 0 1 
1 0 0 0 -1 
1 0 0 0 -1 
1 4.514852619340191 0 0 -1 
1 0 0 0 -1 
1 0 0 1 0 
1 -4.788764008518541 -5.5208601251438765 1 0 
1 -4.788764008518541 -5.5208601251438765 1 0 
1 6.1959188445798707 -15 1 0 
2 0 8.8817841970012523e-16 0.087155742747657458 0.99619469809174566 -0.99619469809174566 0.087155742747657458 5
1 0 -15 1 0 
1 -3.072750445938027 2.7456352894016014 0.42261826174069855 -0.90630778703665038 
1 5.4940374026290897 11.78200123147645 -0.42261826174069855 -0.90630778703665038 
1 0 -15 1 0 
1 1.9855082429527755 -4.0553924516161217 -0.087155742747658124 0.99619469809174555 
1 0.43577871373828714 4.9809734904587275 0.087155742747658124 0.99619469809174555 
2 0 8.8817841970012523e-16 0 1 -1 0 3
1 0 -16 1 0 
2 0 8.8817841970012523e-16 0 1 -1 0 3
1 0 -16 1 0 
1 0 0 0 -1 
1 1.7364817766693124 0 0 -1 
1 6.1959188445798707 0 0 -1 
8 0 15
1 6.1959188445798707 0 0 -1 
1 0 0 1 0 
1 1.9855082429527755 -4.0553924516161217 -0.087155742747658124 0.99619469809174555 
1 0.43577871373828714 4.9809734904587275 0.087155742747658124 0.99619469809174555 
1 7.7754572777431719 -12.3218878661616 -0.087155742747658124 0.99619469809174555 
1 7.0782113357619068 1.6971386433796738 -1 0 
1 7.0782113357619068 1.6971386433796738 -1 0 
1 -1.788764008518541 1.6971386433796738 0 1 
1 -1.788764008518541 1.6971386433796738 0 1 
1 -1.788764008518541 7.1971386433796738 -1 0 
1 -1.788764008518541 7.1971386433796738 -1 0 
1 -4.788764008518541 7.1971386433796738 0 -1 
1 -4.788764008518541 7.1971386433796738 0 -1 
1 0 0 1 0 
1 -3.072750445938027 2.7456352894016014 0.42261826174069855 -0.90630778703665038 
1 5.4940374026290897 11.78200123147645 -0.42261826174069855 -0.90630778703665038 
1 2.7171985888523693 -5.5208601251438765 0.42261826174069855 -0.90630778703665038 
1 12.130038301360589 0 -1 -0 
2 0 8.8817841970012523e-16 0.42261826174070038 0.90630778703664949 0.90630778703664949 -0.42261826174070038 5
2 8.211235991481459 -17.302861356620326 -0.42261826174070038 0.90630778703664949 -0.90630778703664949 -0.42261826174070038 5
2 0 8.8817841970012523e-16 0 1 -1 0 3
1 0 -1 1 0 
2 0 8.8817841970012523e-16 0 1 -1 0 3
2 8.211235991481459 -17.302861356620326 0 1 1 -0 3
1 0 -1 1 0 
1 7.9999999999999964 0 0 -1 
1 0 0 0 -1 
1 5.8468529941810026 0 0 -1 
8 0 15
1 12.130038301360589 0 0 -1 
1 0 0 0 -1 
1 6.2831853071795862 0 0 -1 
8 1 16
1 0 0 0 -1 
8 1 16
1 6.2831853071795862 0 0 -1 
1 6.8067840827778863 0 -1 -0 
2 0 8.8817841970012523e-16 -0.50000000000000122 0.86602540378443804 0.86602540378443804 0.50000000000000122 4.9999999999999982
8 -30.000000600000021 6.0000002122251317e-07
1 1.5707963267948966 0 0 1 
8 -30.000000600000021 6.0000002122251317e-07
1 2.5 0 0 1 
8 -30 0
1 1.5707963267948966 0 0 1 
1 1.5707963267948775 -30 1 0 
2 0 8.8817841970012523e-16 -1 1.9184653865522706e-14 -1.9184653865522706e-14 -1 5
8 -30.000000600000021 6.0000002122251317e-07
1 0.5235987755982987 0 0 1 
8 -30.000000600000021 6.0000002122251317e-07
1 4.3301270189221945 0 0 -1 
8 -30 0
1 6.8067840827778845 0 0 1 
1 0 30 1 0 
1 0 0 0 1 
1 -2.5 8.8817841970012523e-16 0 1 
1 27 0 0 1 
1 0 0 0 1 
1 0 0 1 0 
1 -2.5 8.8817841970012523e-16 0 1 
1 0 27 1 0 
1 -2.5 27 -1 0 
1 0 27 1 0 
1 -2.5 27 -1 0 
1 3 0 0 -1 
1 3 0 0 1 
1 -5.5 8.8817841970012523e-16 0 1 
1 3 0 0 1 
1 -5.5 8.8817841970012523e-16 0 1 
1 0 -30 1 0 
1 0 0 1 0 
1 -2.5 8.8817841970012523e-16 -1 0 
1 0.9851107833377285 -31 1 0 
8 -31.000000600000021 -0.99999939999997878
1 0.98511078333774593 0 0 1 
8 -31.000000600000021 -0.99999939999997878
1 1.658312395177699 -1 0 -1 
8 -31 -1
1 7.2682960905173317 0 0 1 
1 0.98511078333774593 -15 0 1 
8 -31 -1
1 7.2682960905173317 0 0 1 
1 0.98511078333774593 0 0 1 
1 7.2682960905173148 -1 -1 -0 
1 0 0 1 0 
1 0 0 1 0 
1 -2.5 8.8817841970012523e-16 -1 0 
1 0 0 0 -1 
1 6.2831853071795862 0 0 -1 
1 0 0 1 0 
1 0 -60 1 0 
Curves 492
1 0 788 -830 0 0 1 
1 0 788 59 0 1 0 
1 0 1860.5 -830 0 0 1 
1 0 788 -830 0 1 0 
1 1.5 788 -830 0 0 1 
1 1.5 788 59 0 1 0 
1 1.5 1860.5 -830 0 0 1 
1 1.5 788 -830 0 1 0 
1 0 788 -830 1 0 0 
1 0 788 59 1 0 0 
1 0 1860.5 -830 1 0 0 
1 0 1860.5 59 1 0 0 
8 0 11
1 1.5 1354 9 0 1 0 
1 1.5 1354 -798.5 0 0 1 
8 0 11
1 1.5 1365 -798.5 0 -1 0 
1 1.5 1365 -798.5 0 0 1 
1 1.5 1365 -798.5 1 0 0 
1 2.5 1365 -798.5 0 0 1 
1 1.5 1365 9 1 0 0 
1 2.5 1355 -798.5 0 0 1 
1 2.5 1355 9 0 1 0 
1 2.5 1355 -798.5 0 1 0 
8 0 14
1 2.5 1355 -798.5 1 0 0 
8 0 14
1 16.5 1355 9 -1 0 0 
1 16.5 1355 -798.5 0 0 1 
8 0 20
1 16.5 1335 9 0 1 0 
1 16.5 1335 -798.5 0 0 1 
8 0 20
1 16.5 1355 -798.5 0 -1 0 
8 0 14
1 16.5 1335 -798.5 -1 0 0 
1 2.5 1335 -798.5 0 0 1 
8 0 14
1 2.5 1335 9 1 0 0 
1 2.5 1325 -798.5 0 0 1 
1 2.5 1325 9 0 1 0 
1 2.5 1325 -798.5 0 1 0 
1 1.5 1325 -798.5 1 0 0 
1 1.5 1325 9 1 0 0 
1 1.5 1325 -798.5 0 0 1 
8 0 11
1 1.5 1336 -798.5 0 -1 0 
1 1.5 1336 -798.5 0 0 1 
8 0 11
1 1.5 1325 9 0 1 0 
1 1.5 1336 -798.5 1 0 0 
1 15.5 1336 -798.5 0 0 -1 
1 1.5 1336 9 1 0 0 
1 15.5 1335 9 0 1 0 
1 15.5 1354 -798.5 0 0 -1 
1 15.5 1335 -798.5 0 1 0 
1 1.5 1354 -798.5 1 0 0 
1 1.5 1354 9 1 0 0 
1 1.5 893.5 9 0 0 1 
1 1.5 893.5 59 0 1 0 
1 1.5 1860.5 9 0 0 1 
1 1.5 893.5 9 0 1 0 
1 1.5 893.5 9 1 0 0 
1 1.5 893.5 59 1 0 0 
1 31.5 893.5 9 0 0 1 
1 1.5 1860.5 59 1 0 0 
1 31.5 893.5 59 0 1 0 
1 1.5 1860.5 9 1 0 0 
1 31.5 1860.5 9 0 0 1 
1 2.5 1860.5 57 1 0 0 
1 29.5 1860.5 10 0 0 -1 
1 2.5 1860.5 11 1 0 0 
1 3.5 1860.5 10 0 0 -1 
1 31.5 893.5 9 0 1 0 
1 3.5 892.5 57 0 1 0 
1 29.5 892.5 57 0 1 0 
1 3.5 896.5 57 1 0 0 
1 29.5 892.5 11 0 1 0 
1 29.5 896.5 11 0 0 1 
1 3.5 892.5 11 0 1 0 
1 3.5 896.5 11 1 0 0 
1 3.5 896.5 11 0 0 1 
1 670 893.5 9 0 0 1 
1 670 893.5 59 0 1 0 
1 670 1860.5 9 0 0 1 
1 670 893.5 9 0 1 0 
1 670 893.5 9 1 0 0 
1 670 893.5 59 1 0 0 
1 700 893.5 9 0 0 1 
1 670 1860.5 59 1 0 0 
1 700 893.5 59 0 1 0 
1 670 1860.5 9 1 0 0 
1 700 1860.5 9 0 0 1 
1 671 1860.5 57 1 0 0 
1 698 1860.5 10 0 0 -1 
1 671 1860.5 11 1 0 0 
1 672 1860.5 10 0 0 -1 
1 700 893.5 9 0 1 0 
1 672 892.5 57 0 1 0 
1 698 892.5 57 0 1 0 
1 672 896.5 57 1 0 0 
1 698 892.5 11 0 1 0 
1 698 896.5 11 0 0 1 
1 672 892.5 11 0 1 0 
1 672 896.5 11 1 0 0 
1 672 896.5 11 0 0 1 
1 1.5 791 39 0 0 1 
1 1.5 791 59 0 1 0 
1 1.5 893.5 39 0 0 1 
1 1.5 791 39 0 1 0 
1 1.5 791 39 1 0 0 
1 31.5 791 39 0 0 1 
1 1.5 791 59 1 0 0 
1 2.5 791 57 1 0 0 
1 29.5 791 40 0 0 -1 
1 2.5 791 41 1 0 0 
1 3.5 791 40 0 0 -1 
1 1.5 893.5 59 1 0 0 
1 31.5 791 59 0 1 0 
1 1.5 893.5 39 1 0 0 
1 31.5 893.5 39 0 0 1 
1 2.5 893.5 57 1 0 0 
1 29.5 893.5 40 0 0 -1 
1 2.5 893.5 41 1 0 0 
1 3.5 893.5 40 0 0 -1 
1 31.5 791 39 0 1 0 
1 3.5 790 57 0 1 0 
1 29.5 790 57 0 1 0 
1 29.5 790 41 0 1 0 
1 3.5 790 41 0 1 0 
1 670 791 39 0 0 1 
1 670 791 59 0 1 0 
1 670 893.5 39 0 0 1 
1 670 791 39 0 1 0 
1 670 791 39 1 0 0 
1 700 791 39 0 0 1 
1 670 791 59 1 0 0 
1 671 791 57 1 0 0 
1 698 791 40 0 0 -1 
1 671 791 41 1 0 0 
1 672 791 40 0 0 -1 
1 670 893.5 59 1 0 0 
1 700 791 59 0 1 0 
1 670 893.5 39 1 0 0 
1 700 893.5 39 0 0 1 
1 671 893.5 57 1 0 0 
1 698 893.5 40 0 0 -1 
1 671 893.5 41 1 0 0 
1 672 893.5 40 0 0 -1 
1 700 791 39 0 1 0 
1 672 790 57 0 1 0 
1 698 790 57 0 1 0 
1 698 790 41 0 1 0 
1 672 790 41 0 1 0 
1 31.5 1094 39 0 0 1 
1 31.5 1094 59 0 1 0 
1 31.5 1094 39 0 1 0 
1 31.5 1124 39 0 0 1 
1 31.5 1095 41 0 -1 0 
1 31.5 1122 40 0 0 1 
1 31.5 1095 57 0 -1 0 
1 31.5 1096 40 0 0 1 
1 31.5 1094 39 1 0 0 
1 228 1094 39 0 0 1 
1 31.5 1094 59 1 0 0 
1 31.5 1124 59 1 0 0 
1 228 1094 59 0 1 0 
1 31.5 1124 39 1 0 0 
1 228 1094 39 0 1 0 
1 228 1124 39 0 0 1 
1 30.5 1122 41 1 0 0 
1 228 1095 41 0 -1 0 
1 30.5 1096 41 1 0 0 
1 228 1122 40 0 0 1 
1 30.5 1122 57 1 0 0 
1 228 1095 57 0 -1 0 
1 30.5 1096 57 1 0 0 
1 228 1096 40 0 0 1 
1 472 1094 39 0 0 1 
1 472 1094 59 0 1 0 
1 472 1094 39 0 1 0 
1 472 1124 39 0 0 1 
1 472 1095 41 0 -1 0 
1 472 1122 40 0 0 1 
1 472 1095 57 0 -1 0 
1 472 1096 40 0 0 1 
1 472 1094 39 1 0 0 
1 670 1094 39 0 0 1 
1 472 1094 59 1 0 0 
1 472 1124 59 1 0 0 
1 670 1094 59 0 1 0 
1 472 1124 39 1 0 0 
1 670 1094 39 0 1 0 
1 670 1124 39 0 0 1 
1 471 1122 41 1 0 0 
1 670 1095 41 0 -1 0 
1 471 1096 41 1 0 0 
1 670 1122 40 0 0 1 
1 471 1122 57 1 0 0 
1 670 1095 57 0 -1 0 
1 471 1096 57 1 0 0 
1 670 1096 40 0 0 1 
1 31.5 1200 39 0 0 1 
1 31.5 1200 59 0 1 0 
1 31.5 1200 39 0 1 0 
1 31.5 1230 39 0 0 1 
1 31.5 1201 41 0 -1 0 
1 31.5 1228 40 0 0 1 
1 31.5 1201 57 0 -1 0 
1 31.5 1202 40 0 0 1 
1 31.5 1200 39 1 0 0 
1 670 1200 39 0 0 1 
1 31.5 1200 59 1 0 0 
1 31.5 1230 59 1 0 0 
1 670 1200 59 0 1 0 
1 31.5 1230 39 1 0 0 
1 670 1200 39 0 1 0 
1 670 1230 39 0 0 1 
1 30.5 1228 41 1 0 0 
1 670 1201 41 0 -1 0 
1 30.5 1202 41 1 0 0 
1 670 1228 40 0 0 1 
1 30.5 1228 57 1 0 0 
1 670 1201 57 0 -1 0 
1 30.5 1202 57 1 0 0 
1 670 1202 40 0 0 1 
1 10 800 35 0 0 1 
1 10 800 39 0 1 0 
1 10 880 35 0 0 1 
1 10 800 35 0 1 0 
1 30 800 35 0 0 1 
1 30 800 39 0 1 0 
1 30 880 35 0 0 1 
1 30 800 35 0 1 0 
1 10 800 35 1 0 0 
1 10 800 39 1 0 0 
1 10 880 35 1 0 0 
1 10 880 39 1 0 0 
1 672 800 35 0 0 1 
1 672 800 39 0 1 0 
1 672 880 35 0 0 1 
1 672 800 35 0 1 0 
1 690 800 35 0 0 1 
1 690 800 39 0 1 0 
1 690 880 35 0 0 1 
1 690 800 35 0 1 0 
1 672 800 35 1 0 0 
1 672 800 39 1 0 0 
1 672 880 35 1 0 0 
1 672 880 39 1 0 0 
1 635 900 28.5 0 0 1 
1 635 900 55.5 0 1 0 
1 635 1008.2 28.5 0 0 1 
1 635 900 28.5 0 1 0 
1 670 900 28.5 0 0 1 
1 670 900 55.5 0 1 0 
1 670 1008.2 28.5 0 0 1 
1 670 900 28.5 0 1 0 
1 635 900 28.5 1 0 0 
1 635 900 55.5 1 0 0 
1 635 1008.2 28.5 1 0 0 
1 635 1008.2 55.5 1 0 0 
1 230 1163.2 42 0 0 1 
1 230 1163.2 57 0 1 0 
1 230 1187 42 0 0 1 
1 230 1163.2 42 0 1 0 
1 470 1163.2 42 0 0 1 
1 470 1163.2 57 0 1 0 
1 470 1187 42 0 0 1 
1 470 1163.2 42 0 1 0 
1 230 1163.2 42 1 0 0 
1 230 1163.2 57 1 0 0 
1 230 1187 42 1 0 0 
1 230 1187 57 1 0 0 
1 250 1187 42 0 0 1 
1 250 1187 57 0 1 0 
1 250 1200 42 0 0 1 
1 250 1187 42 0 1 0 
1 280 1187 42 0 0 1 
1 280 1187 57 0 1 0 
1 280 1200 42 0 0 1 
1 280 1187 42 0 1 0 
1 250 1187 42 1 0 0 
1 250 1187 57 1 0 0 
1 250 1200 42 1 0 0 
1 250 1200 57 1 0 0 
1 420 1187 42 0 0 1 
1 420 1187 57 0 1 0 
1 420 1200 42 0 0 1 
1 420 1187 42 0 1 0 
1 450 1187 42 0 0 1 
1 450 1187 57 0 1 0 
1 450 1200 42 0 0 1 
1 450 1187 42 0 1 0 
1 420 1187 42 1 0 0 
1 420 1187 57 1 0 0 
1 420 1200 42 1 0 0 
1 420 1200 57 1 0 0 
8 0 20
1 0 788 59 0 0 1 
8 0 319.5
1 0 1107.5 59 0 -1 0 
8 0 20
1 0 1107.5 79 0 0 -1 
1 0 788 79 0 1 0 
1 0 1107.5 79 1 0 0 
1 250 874 79 0 1 0 
1 125 960 79 -1 0 0 
1 450 874 79 0 1 0 
1 698.5 788 79 0 1 0 
1 0 788 79 1 0 0 
8 0 20
1 698.5 788 59 0 0 1 
8 0 319.5
1 698.5 1107.5 59 0 -1 0 
8 0 20
1 698.5 1107.5 79 0 0 -1 
8 0 248.5
1 450 1107.5 59 1 0 0 
8 0 20
1 450 1107.5 59 0 0 1 
8 0 20
1 450 960 59 0 0 1 
8 0 147.5
1 450 960 59 0 1 0 
1 248.5 960 59 1 0 0 
8 0 20
1 250 960 79 0 0 -1 
8 0 147.5
1 250 1107.5 59 0 -1 0 
8 0 20
1 250 1107.5 79 0 0 -1 
8 0 250
1 0 1107.5 59 1 0 0 
8 0 698.5
1 0 788 59 1 0 0 
8 0 147.5
1 451.5 1106 59 0 -1 0 
1 0 1106 59 1 0 0 
1 697 788 59 0 1 0 
1 0 789.5 59 1 0 0 
1 1.5 788 59 0 1 0 
8 0 147.5
1 248.5 958.5 59 0 1 0 
1 248.5 958.5 59 1 0 0 
1 451.5 958.5 59 0 0 1 
1 248.5 958.5 77.5 1 0 0 
1 248.5 958.5 59 0 0 1 
1 0 1106 77.5 1 0 0 
1 1.5 788 77.5 0 1 0 
1 0 789.5 77.5 1 0 0 
1 697 788 77.5 0 1 0 
8 0 147.5
1 451.5 1106 77.5 0 -1 0 
8 0 147.5
1 248.5 958.5 77.5 0 1 0 
1 248.5 1106 59 0 0 -1 
1 1.5 1106 59 0 0 1 
1 1.5 789.5 59 0 0 1 
1 697 789.5 59 0 0 1 
1 697 1106 59 0 0 1 
1 451.5 1106 59 0 0 -1 
1 6 1082 59 0 0 1 
1 6 1082 77.5 0 1 0 
1 6 1102 59 0 0 1 
1 6 1082 59 0 1 0 
1 26 1082 59 0 0 1 
1 26 1082 77.5 0 1 0 
1 26 1102 59 0 0 1 
1 26 1082 59 0 1 0 
1 6 1082 59 1 0 0 
1 6 1082 77.5 1 0 0 
1 6 1102 59 1 0 0 
1 6 1102 77.5 1 0 0 
1 672.5 1082 59 0 0 1 
1 672.5 1082 77.5 0 1 0 
1 672.5 1102 59 0 0 1 
1 672.5 1082 59 0 1 0 
1 692.5 1082 59 0 0 1 
1 692.5 1082 77.5 0 1 0 
1 692.5 1102 59 0 0 1 
1 692.5 1082 59 0 1 0 
1 672.5 1082 59 1 0 0 
1 672.5 1082 77.5 1 0 0 
1 672.5 1102 59 1 0 0 
1 672.5 1102 77.5 1 0 0 
8 0 20
1 0 1110.5 59 0 0 1 
1 0 1110.5 79 0 1 0 
8 0 20
1 0 1859 79 0 0 -1 
1 0 1110 62 0 -1 0 
8 0 250
1 0 1110.5 59 1 0 0 
8 0 20
1 250 1110.5 59 0 0 1 
1 0 1110.5 79 1 0 0 
1 -0.5 1110.5 62 1 0 0 
1 12 1110.5 67.75 0 0 -1 
1 0 1859 79 1 0 0 
1 698.5 1110.5 79 0 1 0 
1 450 1110 79 0 1 0 
1 125 1160 79 -1 0 0 
1 250 1110 79 0 1 0 
1 -0.5 1859 62 1 0 0 
1 12 1859 67.75 0 0 -1 
8 0 698.5
1 698.5 1859 59 -1 0 0 
8 0 20
1 698.5 1859 79 0 0 -1 
1 12 1109.5 62 0 1 0 
1 -0.5 1857.5 62 1 0 0 
1 1.5 1110 62 0 -1 0 
1 -0.5 1112 62 1 0 0 
8 0 748.5
1 698.5 1859 59 0 -1 0 
8 0 248.5
1 698.5 1110.5 59 -1 0 0 
8 0 49.5
1 450 1110.5 59 0 1 0 
1 248.5 1160 59 1 0 0 
8 0 49.5
1 250 1160 59 0 -1 0 
1 12 1110 59 0 1 0 
1 0 1112 59 1 0 0 
8 0 49.5
1 248.5 1112 59 0 1 0 
1 248.5 1161.5 59 1 0 0 
8 0 49.5
1 451.5 1161.5 59 0 -1 0 
1 697 1110.5 59 0 1 0 
1 0 1857.5 59 1 0 0 
8 0 20
1 250 1160 59 0 0 1 
1 12 1112 58.5 0 0 -1 
8 0 20
1 698.5 1110.5 59 0 0 1 
8 0 20
1 450 1110.5 79 0 0 -1 
8 0 20
1 450 1160 79 0 0 -1 
1 12 1857.5 58.5 0 0 -1 
1 697 1857.5 59 0 0 1 
1 0 1857.5 77.5 1 0 0 
1 1.5 1857.5 59 0 0 1 
1 1.5 1110.5 77.5 0 1 0 
1 1.5 1112 59 0 0 1 
1 248.5 1112 59 0 0 -1 
1 0 1112 77.5 1 0 0 
8 0 49.5
1 248.5 1112 77.5 0 1 0 
1 248.5 1161.5 59 0 0 1 
1 451.5 1161.5 59 0 0 1 
1 248.5 1161.5 77.5 1 0 0 
1 451.5 1112 59 0 0 -1 
8 0 49.5
1 451.5 1161.5 77.5 0 -1 0 
1 697 1112 59 0 0 1 
1 697 1110.5 77.5 0 1 0 
8 0 5.9341194567807189
2 7 1285 72 0 1 0 0.90630778703664949 0 -0.42261826174070038 -0.42261826174070038 0 -0.90630778703664949 5
1 11.980973490458727 1285 71.564221286261713 -0 1 -0 
8 0 5.9341194567807189
2 7 1300 72 0 -1 0 0.99619469809174566 0 -0.087155742747657458 0.087155742747657458 0 0.99619469809174566 5
1 11.531538935183249 1285 69.886908691296497 -0 1 -0 
1 18.78200123147645 1285 66.50596259737091 -0.90630778703665038 0 0.42261826174069855 
1 19.950531075192693 1285 70.866975344280448 -0.25881904510252085 0 -0.96592582628906831 
1 11.980973490458727 1285 71.564221286261713 0.99619469809174555 0 -0.087155742747658124 
2 7 1285 72 0 -1 0 1 0 0 -0 0 1 3
1 19.950531075192693 1285 70.866975344280448 -0 1 -0 
1 11.980973490458727 1300 71.564221286261713 0.99619469809174555 0 -0.087155742747658124 
1 18.78200123147645 1300 66.50596259737091 -0.90630778703665038 0 0.42261826174069855 
1 18.78200123147645 1300 59 0 0 1 
1 31.5 1300 59 -1 0 0 
1 31.5 1300 62 0 0 -1 
1 26 1300 62 1 0 0 
1 26 1300 70.866975344280448 0 0 -1 
1 19.950531075192693 1300 70.866975344280448 1 0 0 
2 7 1300 72 0 -1 0 1 0 0 -0 0 1 3
1 18.78200123147645 1285 66.50596259737091 -0 1 -0 
1 19.950531075192693 1255 70.866975344280448 -0.25881904510252085 0 -0.96592582628906831 
1 19.950531075192693 1240 70.866975344280448 -0 1 -0 
1 18.78200123147645 1240 66.50596259737091 -0 1 -0 
1 10 1284 72 -0 1 -0 
1 19.950531075192693 1240 70.866975344280448 -0 1 -0 
1 26 1240 70.866975344280448 -0 1 -0 
1 19.950531075192693 1240 70.866975344280448 1 0 0 
1 18.78200123147645 1240 59 -0 1 -0 
1 18.78200123147645 1240 66.50596259737091 -0 1 -0 
1 18.78200123147645 1240 59 0 0 1 
8 0 5.9341194567807189
2 7 1255 72 0 -1 0 0.99619469809174566 0 -0.087155742747657458 0.087155742747657458 0 0.99619469809174566 5
1 18.78200123147645 1255 66.50596259737091 -0.90630778703665038 0 0.42261826174069855 
1 11.980973490458727 1255 71.564221286261713 0.99619469809174555 0 -0.087155742747658124 
2 7 1255 72 0 -1 0 1 0 0 -0 0 1 3
1 11.980973490458727 1240 71.564221286261713 -0 1 -0 
1 11.980973490458727 1240 71.564221286261713 0.99619469809174555 0 -0.087155742747658124 
1 26 1240 62 -0 1 -0 
1 26 1240 70.866975344280448 0 0 -1 
1 26 1240 62 1 0 0 
1 31.5 1240 62 0 0 -1 
1 31.5 1240 59 -1 0 0 
1 18.78200123147645 1240 66.50596259737091 -0.90630778703665038 0 0.42261826174069855 
8 0 5.9341194567807189
2 7 1240 72 0 1 0 0.90630778703664949 0 -0.42261826174070038 -0.42261826174070038 0 -0.90630778703664949 5
2 7 1240 72 0 -1 0 1 0 0 -0 0 1 3
1 31.5 1240 62 -0 1 -0 
1 31.5 1240 59 -0 1 -0 
1 11.531538935183249 1240 69.886908691296497 -0 1 -0 
1 10 1239 72 -0 1 -0 
8 0 5.2359877559830093
2 7 1255 72 0 1 0 0.86602540378443804 -0 0.50000000000000122 0.50000000000000122 0 -0.86602540378443804 5
1 7 1255 77 0 -1 0 
8 0 5.2359877559830093
2 7 1285 72 -0 -1 0 1.9184653865522706e-14 0 1 -1 0 1.9184653865522706e-14 5
1 11.330127018922195 1255 74.5 0 -1 0 
1 7 1285 74.5 1 0 0 
1 34 1255 74.5 0 1 0 
1 7 1255 74.5 1 0 0 
1 34 1255 74.5 0 0 1 
1 34 1255 77.5 0 1 0 
1 34 1285 74.5 0 0 1 
1 7 1255 77.5 0 1 0 
1 7 1285 77.5 1 0 0 
1 7 1255 77.5 1 0 0 
1 7 1285 74.5 0 0 1 
2 7.0000000000000107 1285 72.000000000000028 0 -1 0 0.55277079839258303 0 0.83333333333332249 -0.83333333333332249 0 0.55277079839258303 2.9999999999999716
1 8.658312395177699 1254 74.5 0 -1 0 
2 7 1255 72 0 1 0 0.55277079839258103 -0 0.83333333333332393 0.83333333333332393 0 -0.55277079839258103 3
1 7 1255 74.5 0 0 1 
1 10 1240 72 -0 1 -0 
2 7 1240 72 0 -1 0 1 0 0 0 0 1 3
2 7 1300 72 0 -1 0 1 0 0 0 0 1 3
1 640 908.60000000000002 55.5 0 0 1 
1 640 908.60000000000002 77.5 0 1 0 
1 640 999.60000000000002 55.5 0 0 1 
1 640 908.60000000000002 55.5 0 1 0 
1 665 908.60000000000002 55.5 0 0 1 
1 665 908.60000000000002 77.5 0 1 0 
1 665 999.60000000000002 55.5 0 0 1 
1 665 908.60000000000002 55.5 0 1 0 
1 640 908.60000000000002 55.5 1 0 0 
1 640 908.60000000000002 77.5 1 0 0 
1 640 999.60000000000002 55.5 1 0 0 
1 640 999.60000000000002 77.5 1 0 0 
Polygon3D 0
PolygonOnTriangulations 1000
2 1 2 
p 134.062500025 1 0 889 
2 1 3 
p 111.125000025 1 0 889 
2 2 4 
p 134.062500025 1 0 1072.5 
2 1 2 
p 134.062500025 1 0 1072.5 
2 3 4 
p 134.062500025 1 0 889 
2 1 3 
p 111.125000025 1 0 889 
2 1 3 
p 134.062500025 1 0 1072.5 
2 1 2 
p 134.062500025 1 0 1072.5 
2 1 2 
p 134.062500025 1 0 889 
2 2 4 
p 111.125000025 1 0 889 
2 2 4 
p 134.062500025 1 0 1072.5 
2 3 4 
p 134.062500025 1 0 1072.5 
2 3 4 
p 134.062500025 1 0 889 
2 2 4 
p 111.125000025 1 0 889 
2 1 3 
p 134.062500025 1 0 1072.5 
2 3 4 
p 134.062500025 1 0 1072.5 
2 1 2 
p 0.7500001 1 0 1.5 
2 1 3 
p 0.7500001 1 0 1.5 
2 3 4 
p 0.7500001 1 0 1.5 
2 1 3 
p 0.7500001 1 0 1.5 
2 1 2 
p 0.7500001 1 0 1.5 
2 2 4 
p 0.7500001 1 0 1.5 
2 3 4 
p 0.7500001 1 0 1.5 
2 2 4 
p 0.7500001 1 0 1.5 
2 1 2 
p 5.50000010000008 1 0 11 
2 1 2 
p 5.00000002500002 1 0 11 
2 3 1 
p 100.937500025 1 0 807.5 
2 1 3 
p 100.9375000375 1 0 807.5 
2 4 3 
p 5.50000010000008 1 0 11 
2 1 3 
p 5.00000002500002 1 0 11 
2 4 2 
p 100.937500025 1 0 807.5 
2 1 3 
p 100.937500025 1 0 807.5 
2 1 2 
p 0.5000001 1 0 1 
2 1 2 
p 0.5000001 1 0 1 
2 2 4 
p 100.937500025 1 0 807.5 
2 3 4 
p 100.937500025 1 0 807.5 
2 3 4 
p 0.5000001 1 0 1 
2 2 12 
p 0.5000001 1 0 1 
2 1 2 
p 100.937500025 1 0 807.5 
2 1 3 
p 100.937500025 1 0 807.5 
2 2 4 
p 5.00000010000008 1 0 10 
2 11 12 
p 5.00000002500002 1 0 10 
2 1 3 
p 5.00000010000008 1 0 10 
2 12 2 
p 5.00000002500002 1 0 10 
2 1 2 
p 7.0000001 1 0 14 
2 12 11 
p 5.00000002500002 1 0 14 
2 4 3 
p 7.0000001 1 0 14 
2 10 11 
p 5.00000002500002 1 0 14 
2 2 4 
p 100.937500025 1 0 807.5 
2 4 2 
p 100.937500025 1 0 807.5 
2 1 2 
p 10.0000001000001 1 0 20 
2 9 10 
p 5.00000002500002 1 0 20 
2 3 1 
p 100.937500025 1 0 807.5 
2 1 4 
p 100.937500025 1 0 807.5 
2 4 3 
p 10.0000001000001 1 0 20 
2 11 10 
p 5.00000002500002 1 0 20 
2 1 2 
p 7.0000001 1 0 14 
2 10 9 
p 5.00000002500002 1 0 14 
2 2 3 
p 100.937500025 1 0 807.5 
2 3 4 
p 100.937500025 1 0 807.5 
2 3 4 
p 7.0000001 1 0 14 
2 8 9 
p 5.00000002500002 1 0 14 
2 1 2 
p 100.937500025 1 0 807.5 
2 2 4 
p 100.937500025 1 0 807.5 
2 2 4 
p 5.00000010000008 1 0 10 
2 7 8 
p 5.00000002500002 1 0 10 
2 1 3 
p 5.00000010000008 1 0 10 
2 8 9 
p 5.00000002500002 1 0 10 
2 1 2 
p 0.5000001 1 0 1 
2 7 8 
p 0.5000001 1 0 1 
2 3 4 
p 0.5000001 1 0 1 
2 6 7 
p 0.5000001 1 0 1 
2 1 3 
p 100.937500025 1 0 807.5 
2 1 2 
p 100.937500025 1 0 807.5 
2 3 1 
p 5.50000010000008 1 0 11 
2 6 7 
p 5.00000002500002 1 0 11 
2 3 4 
p 100.937500025 1 0 807.5 
2 1 3 
p 100.9375000375 1 0 807.5 
2 2 4 
p 5.50000010000008 1 0 11 
2 6 5 
p 5.00000002500002 1 0 11 
2 1 2 
p 7.0000001 1 0 14 
2 6 5 
p 5.00000002500002 1 0 14 
2 4 2 
p 100.9375000375 1 -807.5 0 
2 1 3 
p 100.9375000375 1 -807.5 0 
2 3 4 
p 7.0000001 1 0 14 
2 5 4 
p 5.00000002500002 1 0 14 
2 1 2 
p 9.00000010000008 1 1 19 
2 4 3 
p 5.00000002500002 1 1 19 
2 2 4 
p 100.9375000375 1 -807.5 0 
2 4 2 
p 100.9375000375 1 -807.5 0 
2 3 4 
p 9.00000010000008 1 1 19 
2 5 4 
p 5.00000002500002 1 1 19 
2 3 4 
p 5.00000002500002 1 0 14 
2 1 2 
p 7.0000001 1 0 14 
2 3 4 
p 7.0000001 1 0 14 
2 1 3 
p 5.00000002500002 1 0 14 
2 1 2 
p 25.0000001 1 0 50 
2 1 3 
p 6.250000025 1 0 50 
2 2 4 
p 120.875000025 1 0 967 
2 1 2 
p 120.875000025 1 0 967 
2 3 4 
p 25.0000001 1 0 50 
2 1 3 
p 6.2500000375 1 0 50 
2 1 3 
p 120.875000025 1 0 967 
2 1 2 
p 120.875000025 1 0 967 
2 1 2 
p 6.250000025 1 0 30 
2 1 3 
p 15.0000001 1 0 30 
2 3 4 
p 6.250000025 1 0 30 
2 1 3 
p 15.0000001 1 0 30 
2 2 4 
p 6.250000025 1 0 50 
2 1 2 
p 25.0000001 1 0 50 
2 2 4 
p 15.0000001 1 0 30 
2 3 4 
p 6.2500000375 1 0 30 
2 3 4 
p 120.875000025 1 0 967 
2 2 4 
p 120.875000025 1 0 967 
2 1 2 
p 6.2500000375 1 0 30 
2 2 4 
p 15.0000001 1 0 30 
2 2 4 
p 6.2500000375 1 0 50 
2 3 4 
p 25.0000001 1 0 50 
2 5 6 
p 6.2500000375 1 1 27 
2 2 4 
p 13.00000015 1 1 27 
2 6 8 
p 6.2500000375 1 -47 -1 
2 2 4 
p 23.00000015 1 -47 -1 
2 7 8 
p 6.2500000375 1 1 27 
2 2 4 
p 13.00000015 1 1 27 
2 5 7 
p 6.2500000375 1 -47 -1 
2 2 4 
p 23.00000015 1 -47 -1 
2 3 4 
p 120.875000025 1 0 967 
2 1 3 
p 120.875000025 1 0 967 
2 1 2 
p 120.5000000375 1 4 968 
2 1 2 
p 120.5000000375 1 4 968 
2 3 4 
p 120.5000000375 1 4 968 
2 1 2 
p 120.5000000375 1 4 968 
2 1 3 
p 13.0000001 1 0 26 
2 3 4 
p 5.750000025 1 0 26 
2 3 4 
p 120.5000000375 1 4 968 
2 3 4 
p 120.5000000375 1 4 968 
2 3 1 
p 23.0000001 1 0 46 
2 2 4 
p 5.750000025 1 0 46 
2 1 2 
p 120.5000000375 1 4 968 
2 3 4 
p 120.5000000375 1 4 968 
2 1 3 
p 13.0000001 1 0 26 
2 1 2 
p 5.750000025 1 0 26 
2 3 1 
p 23.0000001 1 0 46 
2 1 3 
p 5.750000025 1 0 46 
2 1 2 
p 25.0000001 1 0 50 
2 1 3 
p 6.250000025 1 0 50 
2 2 4 
p 120.875000025 1 0 967 
2 1 2 
p 120.875000025 1 0 967 
2 3 4 
p 25.0000001 1 0 50 
2 1 3 
p 6.2500000375 1 0 50 
2 1 3 
p 120.875000025 1 0 967 
2 1 2 
p 120.875000025 1 0 967 
2 1 2 
p 6.250000025 1 0 30 
2 1 3 
p 15.0000001 1 0 30 
2 3 4 
p 6.250000025 1 0 30 
2 1 3 
p 15.0000001 1 0 30 
2 2 4 
p 6.250000025 1 0 50 
2 1 2 
p 25.0000001 1 0 50 
2 2 4 
p 15.0000001 1 0 30 
2 3 4 
p 6.2500000375 1 0 30 
2 3 4 
p 120.875000025 1 0 967 
2 2 4 
p 120.875000025 1 0 967 
2 1 2 
p 6.2500000375 1 0 30 
2 2 4 
p 15.0000001 1 0 30 
2 2 4 
p 6.2500000375 1 0 50 
2 3 4 
p 25.0000001 1 0 50 
2 5 6 
p 6.2500000375 1 1 27 
2 2 4 
p 13.00000015 1 1 27 
2 6 8 
p 6.2500000375 1 -47 -1 
2 2 4 
p 23.00000015 1 -47 -1 
2 7 8 
p 6.2500000375 1 1 27 
2 2 4 
p 13.00000015 1 1 27 
2 5 7 
p 6.2500000375 1 -47 -1 
2 2 4 
p 23.00000015 1 -47 -1 
2 3 4 
p 120.875000025 1 0 967 
2 1 3 
p 120.875000025 1 0 967 
2 1 2 
p 120.5000000375 1 4 968 
2 1 2 
p 120.5000000375 1 4 968 
2 3 4 
p 120.5000000375 1 4 968 
2 1 2 
p 120.5000000375 1 4 968 
2 1 3 
p 13.0000001 1 0 26 
2 3 4 
p 5.750000025 1 0 26 
2 3 4 
p 120.5000000375 1 4 968 
2 3 4 
p 120.5000000375 1 4 968 
2 3 1 
p 23.0000001 1 0 46 
2 2 4 
p 5.750000025 1 0 46 
2 1 2 
p 120.5000000375 1 4 968 
2 3 4 
p 120.5000000375 1 4 968 
2 1 3 
p 13.0000001 1 0 26 
2 1 2 
p 5.750000025 1 0 26 
2 3 1 
p 23.0000001 1 0 46 
2 1 3 
p 5.750000025 1 0 46 
2 1 2 
p 10.0000001 1 0 20 
2 1 3 
p 3.7500000375 1 0 20 
2 2 4 
p 12.812500025 1 0 102.5 
2 1 2 
p 12.812500025 1 0 102.5 
2 3 4 
p 10.0000001 1 0 20 
2 1 3 
p 3.7500000375 1 0 20 
2 1 3 
p 12.812500025 1 0 102.5 
2 1 2 
p 12.812500025 1 0 102.5 
2 1 2 
p 3.7500000375 1 0 30 
2 1 3 
p 12.812500025 1 0 30 
2 2 4 
p 3.7500000375 1 0 20 
2 1 2 
p 10.0000001 1 0 20 
2 3 4 
p 3.7500000375 1 0 30 
2 1 3 
p 12.812500025 1 0 30 
2 5 6 
p 3.7500000375 1 1 27 
2 1 3 
p 12.8125000375 1 1 27 
2 6 8 
p 3.7500000375 1 -17 -1 
2 1 3 
p 8.00000015 1 -17 -1 
2 7 8 
p 3.7500000375 1 1 27 
2 1 3 
p 12.8125000375 1 1 27 
2 5 7 
p 3.7500000375 1 -17 -1 
2 1 3 
p 8.00000015 1 -17 -1 
2 2 4 
p 12.812500025 1 0 30 
2 3 4 
p 3.7500000375 1 0 30 
2 3 4 
p 12.812500025 1 0 102.5 
2 2 4 
p 12.812500025 1 0 102.5 
2 1 2 
p 3.7500000375 1 0 30 
2 2 4 
p 12.812500025 1 0 30 
2 2 4 
p 3.7500000375 1 0 20 
2 3 4 
p 10.0000001 1 0 20 
2 5 6 
p 3.7500000375 1 1 27 
2 2 4 
p 12.8125000375 1 1 27 
2 6 8 
p 3.7500000375 1 -17 -1 
2 2 4 
p 8.00000015 1 -17 -1 
2 7 8 
p 3.7500000375 1 1 27 
2 2 4 
p 12.8125000375 1 1 27 
2 5 7 
p 3.7500000375 1 -17 -1 
2 2 4 
p 8.00000015 1 -17 -1 
2 3 4 
p 12.812500025 1 0 102.5 
2 1 3 
p 12.812500025 1 0 102.5 
2 1 2 
p 12.8125000375 1 1 103.5 
2 1 2 
p 12.8125000375 1 1 103.5 
2 3 4 
p 12.8125000375 1 1 103.5 
2 1 2 
p 12.8125000375 1 1 103.5 
2 3 4 
p 12.8125000375 1 1 103.5 
2 3 4 
p 12.8125000375 1 1 103.5 
2 1 2 
p 12.8125000375 1 1 103.5 
2 3 4 
p 12.8125000375 1 1 103.5 
2 1 2 
p 10.0000001 1 0 20 
2 1 3 
p 3.7500000375 1 0 20 
2 2 4 
p 12.812500025 1 0 102.5 
2 1 2 
p 12.812500025 1 0 102.5 
2 3 4 
p 10.0000001 1 0 20 
2 1 3 
p 3.7500000375 1 0 20 
2 1 3 
p 12.812500025 1 0 102.5 
2 1 2 
p 12.812500025 1 0 102.5 
2 1 2 
p 3.7500000375 1 0 30 
2 1 3 
p 12.812500025 1 0 30 
2 2 4 
p 3.7500000375 1 0 20 
2 1 2 
p 10.0000001 1 0 20 
2 3 4 
p 3.7500000375 1 0 30 
2 1 3 
p 12.812500025 1 0 30 
2 5 6 
p 3.7500000375 1 1 27 
2 1 3 
p 12.8125000375 1 1 27 
2 6 8 
p 3.7500000375 1 -17 -1 
2 1 3 
p 8.00000015 1 -17 -1 
2 7 8 
p 3.7500000375 1 1 27 
2 1 3 
p 12.8125000375 1 1 27 
2 5 7 
p 3.7500000375 1 -17 -1 
2 1 3 
p 8.00000015 1 -17 -1 
2 2 4 
p 12.812500025 1 0 30 
2 3 4 
p 3.7500000375 1 0 30 
2 3 4 
p 12.812500025 1 0 102.5 
2 2 4 
p 12.812500025 1 0 102.5 
2 1 2 
p 3.7500000375 1 0 30 
2 2 4 
p 12.812500025 1 0 30 
2 2 4 
p 3.7500000375 1 0 20 
2 3 4 
p 10.0000001 1 0 20 
2 5 6 
p 3.7500000375 1 1 27 
2 2 4 
p 12.8125000375 1 1 27 
2 6 8 
p 3.7500000375 1 -17 -1 
2 2 4 
p 8.00000015 1 -17 -1 
2 7 8 
p 3.7500000375 1 1 27 
2 2 4 
p 12.8125000375 1 1 27 
2 5 7 
p 3.7500000375 1 -17 -1 
2 2 4 
p 8.00000015 1 -17 -1 
2 3 4 
p 12.812500025 1 0 102.5 
2 1 3 
p 12.812500025 1 0 102.5 
2 1 2 
p 12.8125000375 1 1 103.5 
2 1 2 
p 12.8125000375 1 1 103.5 
2 3 4 
p 12.8125000375 1 1 103.5 
2 1 2 
p 12.8125000375 1 1 103.5 
2 3 4 
p 12.8125000375 1 1 103.5 
2 3 4 
p 12.8125000375 1 1 103.5 
2 1 2 
p 12.8125000375 1 1 103.5 
2 3 4 
p 12.8125000375 1 1 103.5 
2 1 2 
p 3.7500000375 1 0 20 
2 1 3 
p 10.0000001 1 0 20 
2 2 4 
p 3.7500000375 1 0 30 
2 1 2 
p 15.0000001000001 1 0 30 
2 1 3 
p 3.7500000375 1 0 30 
2 1 2 
p 15.0000001000001 1 0 30 
2 3 4 
p 3.7500000375 1 0 20 
2 1 3 
p 10.0000001 1 0 20 
2 5 6 
p 3.7500000375 1 -27 -1 
2 1 3 
p 13.00000015 1 -27 -1 
2 5 8 
p 3.7500000375 1 1 17 
2 1 3 
p 8.00000015 1 1 17 
2 8 7 
p 3.7500000375 1 -27 -1 
2 1 3 
p 13.00000015 1 -27 -1 
2 6 7 
p 3.7500000375 1 1 17 
2 1 3 
p 8.00000015 1 1 17 
2 1 2 
p 24.562500025 1 0 196.5 
2 1 3 
p 24.562500025 1 0 196.5 
2 2 4 
p 10.0000001 1 0 20 
2 1 2 
p 3.7500000375 1 0 20 
2 3 4 
p 24.562500025 1 0 196.5 
2 1 3 
p 24.562500025 1 0 196.5 
2 2 4 
p 24.562500025 1 0 196.5 
2 3 4 
p 24.562500025 1 0 196.5 
2 3 4 
p 15.0000001000001 1 0 30 
2 2 4 
p 3.7500000375 1 0 30 
2 2 4 
p 24.562500025 1 0 196.5 
2 1 2 
p 24.562500025 1 0 196.5 
2 3 4 
p 15.0000001000001 1 0 30 
2 1 3 
p 3.7500000375 1 0 30 
2 2 4 
p 10.0000001 1 0 20 
2 3 4 
p 3.7500000375 1 0 20 
2 1 2 
p 24.5625000375 1 1 197.5 
2 1 2 
p 24.5625000375 1 1 197.5 
2 2 4 
p 13.00000015 1 -27 -1 
2 5 6 
p 3.7500000375 1 -27 -1 
2 3 4 
p 24.5625000375 1 1 197.5 
2 1 2 
p 24.5625000375 1 1 197.5 
2 2 4 
p 8.00000015 1 1 17 
2 5 8 
p 3.7500000375 1 1 17 
2 3 4 
p 24.5625000375 1 1 197.5 
2 1 2 
p 24.5625000375 1 1 197.5 
2 2 4 
p 13.00000015 1 -27 -1 
2 8 7 
p 3.7500000375 1 -27 -1 
2 3 4 
p 24.5625000375 1 1 197.5 
2 3 4 
p 24.5625000375 1 1 197.5 
2 2 4 
p 8.00000015 1 1 17 
2 6 7 
p 3.7500000375 1 1 17 
2 1 2 
p 3.7500000375 1 0 20 
2 1 3 
p 10.0000001 1 0 20 
2 2 4 
p 3.7500000375 1 0 30 
2 1 2 
p 15.0000001000001 1 0 30 
2 1 3 
p 3.7500000375 1 0 30 
2 1 2 
p 15.0000001000001 1 0 30 
2 3 4 
p 3.7500000375 1 0 20 
2 1 3 
p 10.0000001 1 0 20 
2 5 6 
p 3.7500000375 1 -27 -1 
2 1 3 
p 13.00000015 1 -27 -1 
2 5 8 
p 3.7500000375 1 1 17 
2 1 3 
p 8.00000015 1 1 17 
2 8 7 
p 3.7500000375 1 -27 -1 
2 1 3 
p 13.00000015 1 -27 -1 
2 6 7 
p 3.7500000375 1 1 17 
2 1 3 
p 8.00000015 1 1 17 
2 1 2 
p 24.750000025 1 0 198 
2 1 3 
p 24.750000025 1 0 198 
2 2 4 
p 10.0000001 1 0 20 
2 1 2 
p 3.7500000375 1 0 20 
2 3 4 
p 24.750000025 1 0 198 
2 1 3 
p 24.750000025 1 0 198 
2 2 4 
p 24.750000025 1 0 198 
2 3 4 
p 24.750000025 1 0 198 
2 3 4 
p 15.0000001000001 1 0 30 
2 2 4 
p 3.7500000375 1 0 30 
2 2 4 
p 24.750000025 1 0 198 
2 1 2 
p 24.750000025 1 0 198 
2 3 4 
p 15.0000001000001 1 0 30 
2 1 3 
p 3.7500000375 1 0 30 
2 2 4 
p 10.0000001 1 0 20 
2 3 4 
p 3.7500000375 1 0 20 
2 1 2 
p 24.7500000375 1 1 199 
2 1 2 
p 24.7500000375 1 1 199 
2 2 4 
p 13.00000015 1 -27 -1 
2 5 6 
p 3.7500000375 1 -27 -1 
2 3 4 
p 24.7500000375 1 1 199 
2 1 2 
p 24.7500000375 1 1 199 
2 2 4 
p 8.00000015 1 1 17 
2 5 8 
p 3.7500000375 1 1 17 
2 3 4 
p 24.7500000375 1 1 199 
2 1 2 
p 24.7500000375 1 1 199 
2 2 4 
p 13.00000015 1 -27 -1 
2 8 7 
p 3.7500000375 1 -27 -1 
2 3 4 
p 24.7500000375 1 1 199 
2 3 4 
p 24.7500000375 1 1 199 
2 2 4 
p 8.00000015 1 1 17 
2 6 7 
p 3.7500000375 1 1 17 
2 1 2 
p 3.7500000375 1 0 20 
2 1 3 
p 10.0000001 1 0 20 
2 2 4 
p 3.7500000375 1 0 30 
2 1 2 
p 15.0000001000001 1 0 30 
2 1 3 
p 3.7500000375 1 0 30 
2 1 2 
p 15.0000001000001 1 0 30 
2 3 4 
p 3.7500000375 1 0 20 
2 1 3 
p 10.0000001 1 0 20 
2 5 6 
p 3.7500000375 1 -27 -1 
2 1 3 
p 13.00000015 1 -27 -1 
2 5 8 
p 3.7500000375 1 1 17 
2 1 3 
p 8.00000015 1 1 17 
2 8 7 
p 3.7500000375 1 -27 -1 
2 1 3 
p 13.00000015 1 -27 -1 
2 6 7 
p 3.7500000375 1 1 17 
2 1 3 
p 8.00000015 1 1 17 
2 1 2 
p 79.812500025 1 0 638.5 
2 1 3 
p 79.812500025 1 0 638.5 
2 2 4 
p 10.0000001 1 0 20 
2 1 2 
p 3.7500000375 1 0 20 
2 3 4 
p 79.812500025 1 0 638.5 
2 1 3 
p 79.812500025 1 0 638.5 
2 2 4 
p 79.812500025 1 0 638.5 
2 3 4 
p 79.812500025 1 0 638.5 
2 3 4 
p 15.0000001000001 1 0 30 
2 2 4 
p 3.7500000375 1 0 30 
2 2 4 
p 79.812500025 1 0 638.5 
2 1 2 
p 79.812500025 1 0 638.5 
2 3 4 
p 15.0000001000001 1 0 30 
2 1 3 
p 3.7500000375 1 0 30 
2 2 4 
p 10.0000001 1 0 20 
2 3 4 
p 3.7500000375 1 0 20 
2 1 2 
p 79.8125000375 1 1 639.5 
2 1 2 
p 79.8125000375 1 1 639.5 
2 2 4 
p 13.00000015 1 -27 -1 
2 5 6 
p 3.7500000375 1 -27 -1 
2 3 4 
p 79.8125000375 1 1 639.5 
2 1 2 
p 79.8125000375 1 1 639.5 
2 2 4 
p 8.00000015 1 1 17 
2 5 8 
p 3.7500000375 1 1 17 
2 3 4 
p 79.8125000375 1 1 639.5 
2 1 2 
p 79.8125000375 1 1 639.5 
2 2 4 
p 13.00000015 1 -27 -1 
2 8 7 
p 3.7500000375 1 -27 -1 
2 3 4 
p 79.8125000375 1 1 639.5 
2 3 4 
p 79.8125000375 1 1 639.5 
2 2 4 
p 8.00000015 1 1 17 
2 6 7 
p 3.7500000375 1 1 17 
2 1 2 
p 2.0000001 1 0 4 
2 1 3 
p 2.0000001 1 0 4 
2 2 4 
p 10.000000025 1 0 80 
2 1 2 
p 10.000000025 1 0 80 
2 3 4 
p 2.0000001 1 0 4 
2 1 3 
p 2.0000001 1 0 4 
2 1 3 
p 10.000000025 1 0 80 
2 1 2 
p 10.000000025 1 0 80 
2 1 2 
p 2.0000001 1 0 4 
2 2 4 
p 2.0000001 1 0 4 
2 2 4 
p 10.000000025 1 0 80 
2 3 4 
p 10.000000025 1 0 80 
2 3 4 
p 2.0000001 1 0 4 
2 2 4 
p 2.0000001 1 0 4 
2 1 3 
p 10.000000025 1 0 80 
2 3 4 
p 10.000000025 1 0 80 
2 1 2 
p 2.500000025 1 0 20 
2 1 3 
p 10.000000025 1 0 20 
2 3 4 
p 2.500000025 1 0 20 
2 1 3 
p 10.000000025 1 0 20 
2 1 2 
p 2.500000025 1 0 20 
2 2 4 
p 10.000000025 1 0 20 
2 3 4 
p 2.500000025 1 0 20 
2 2 4 
p 10.000000025 1 0 20 
2 1 2 
p 2.0000001 1 0 4 
2 1 3 
p 2.0000001 1 0 4 
2 2 4 
p 10.000000025 1 0 80 
2 1 2 
p 10.000000025 1 0 80 
2 3 4 
p 2.0000001 1 0 4 
2 1 3 
p 2.0000001 1 0 4 
2 1 3 
p 10.000000025 1 0 80 
2 1 2 
p 10.000000025 1 0 80 
2 1 2 
p 2.0000001 1 0 4 
2 2 4 
p 2.0000001 1 0 4 
2 2 4 
p 10.000000025 1 0 80 
2 3 4 
p 10.000000025 1 0 80 
2 3 4 
p 2.0000001 1 0 4 
2 2 4 
p 2.0000001 1 0 4 
2 1 3 
p 10.000000025 1 0 80 
2 3 4 
p 10.000000025 1 0 80 
2 1 2 
p 2.25000002499999 1 0 18 
2 1 3 
p 9.00000009999997 1 0 18 
2 3 4 
p 2.25000002499999 1 0 18 
2 1 3 
p 9.00000009999997 1 0 18 
2 1 2 
p 2.25000002499999 1 0 18 
2 2 4 
p 9.00000009999997 1 0 18 
2 3 4 
p 2.25000002499999 1 0 18 
2 2 4 
p 9.00000009999997 1 0 18 
2 1 2 
p 13.5000001 1 0 27 
2 1 3 
p 4.37500002499999 1 0 27 
2 2 4 
p 13.525000025 1 0 108.2 
2 1 2 
p 13.525000025 1 0 108.2 
2 3 4 
p 13.5000001 1 0 27 
2 1 3 
p 4.37500002499999 1 0 27 
2 1 3 
p 13.525000025 1 0 108.2 
2 1 2 
p 13.525000025 1 0 108.2 
2 1 2 
p 13.5000001 1 0 27 
2 2 4 
p 4.37500002499999 1 0 27 
2 2 4 
p 13.525000025 1 0 108.2 
2 3 4 
p 13.525000025 1 0 108.2 
2 3 4 
p 13.5000001 1 0 27 
2 2 4 
p 4.37500002499999 1 0 27 
2 1 3 
p 13.525000025 1 0 108.2 
2 3 4 
p 13.525000025 1 0 108.2 
2 1 2 
p 4.37500002499999 1 0 35 
2 1 3 
p 13.525000025 1 0 35 
2 3 4 
p 4.37500002499999 1 0 35 
2 1 3 
p 13.525000025 1 0 35 
2 1 2 
p 4.37500002499999 1 0 35 
2 2 4 
p 13.525000025 1 0 35 
2 3 4 
p 4.37500002499999 1 0 35 
2 2 4 
p 13.525000025 1 0 35 
2 1 2 
p 2.97500002500001 1 0 15 
2 1 3 
p 7.5000001 1 0 15 
2 2 4 
p 2.97500002500001 1 0 23.8 
2 1 2 
p 11.9000001000001 1 0 23.8 
2 3 4 
p 2.97500002500001 1 0 15 
2 1 3 
p 7.5000001 1 0 15 
2 1 3 
p 2.97500002500001 1 0 23.8 
2 1 2 
p 11.9000001000001 1 0 23.8 
2 1 2 
p 2.97500002500001 1 0 15 
2 2 4 
p 7.5000001 1 0 15 
2 2 4 
p 2.97500002500001 1 0 23.8 
2 3 4 
p 11.9000001000001 1 0 23.8 
2 3 4 
p 2.97500002500001 1 0 15 
2 2 4 
p 7.5000001 1 0 15 
2 1 3 
p 2.97500002500001 1 0 23.8 
2 3 4 
p 11.9000001000001 1 0 23.8 
2 1 2 
p 30.000000025 1 0 240 
2 1 3 
p 30.000000025 1 0 240 
2 3 4 
p 30.000000025 1 0 240 
2 1 3 
p 30.000000025 1 0 240 
2 1 2 
p 30.000000025 1 0 240 
2 2 4 
p 30.000000025 1 0 240 
2 3 4 
p 30.000000025 1 0 240 
2 2 4 
p 30.000000025 1 0 240 
2 1 2 
p 1.875000025 1 0 15 
2 1 3 
p 3.750000025 1 0 15 
2 2 4 
p 1.875000025 1 0 13 
2 1 2 
p 3.750000025 1 0 13 
2 3 4 
p 1.875000025 1 0 15 
2 1 3 
p 3.750000025 1 0 15 
2 1 3 
p 1.875000025 1 0 13 
2 1 2 
p 3.750000025 1 0 13 
2 1 2 
p 1.875000025 1 0 15 
2 2 4 
p 3.750000025 1 0 15 
2 2 4 
p 1.875000025 1 0 13 
2 3 4 
p 3.750000025 1 0 13 
2 3 4 
p 1.875000025 1 0 15 
2 2 4 
p 3.750000025 1 0 15 
2 1 3 
p 1.875000025 1 0 13 
2 3 4 
p 3.750000025 1 0 13 
2 1 2 
p 3.750000025 1 0 30 
2 1 3 
p 3.750000025 1 0 30 
2 3 4 
p 3.750000025 1 0 30 
2 1 3 
p 3.750000025 1 0 30 
2 1 2 
p 3.750000025 1 0 30 
2 2 4 
p 3.750000025 1 0 30 
2 3 4 
p 3.750000025 1 0 30 
2 2 4 
p 3.750000025 1 0 30 
2 1 2 
p 1.875000025 1 0 15 
2 1 3 
p 3.75000002500001 1 0 15 
2 2 4 
p 1.875000025 1 0 13 
2 1 2 
p 3.75000002500001 1 0 13 
2 3 4 
p 1.875000025 1 0 15 
2 1 3 
p 3.75000002500001 1 0 15 
2 1 3 
p 1.875000025 1 0 13 
2 1 2 
p 3.75000002500001 1 0 13 
2 1 2 
p 1.875000025 1 0 15 
2 2 4 
p 3.75000002500001 1 0 15 
2 2 4 
p 1.875000025 1 0 13 
2 3 4 
p 3.75000002500001 1 0 13 
2 3 4 
p 1.875000025 1 0 15 
2 2 4 
p 3.75000002500001 1 0 15 
2 1 3 
p 1.875000025 1 0 13 
2 3 4 
p 3.75000002500001 1 0 13 
2 1 2 
p 3.75000002500001 1 0 30 
2 1 3 
p 3.75000002500001 1 0 30 
2 3 4 
p 3.75000002500001 1 0 30 
2 1 3 
p 3.75000002500001 1 0 30 
2 1 2 
p 3.75000002500001 1 0 30 
2 2 4 
p 3.75000002500001 1 0 30 
2 3 4 
p 3.75000002500001 1 0 30 
2 2 4 
p 3.75000002500001 1 0 30 
2 1 2 
p 10.0000001 1 0 20 
2 1 2 
p 10.0000001 1 0 20 
2 3 1 
p 39.937500025 1 0 319.5 
2 1 3 
p 87.312500025 1 0 319.5 
2 4 3 
p 10.0000001 1 0 20 
2 1 2 
p 10.0000001 1 0 20 
2 2 4 
p 39.937500025 1 0 319.5 
2 3 1 
p 87.3125000375 1 0 319.5 
2 1 2 
p 87.3125000375 1 0 250 
2 1 3 
p 31.250000025 1 0 250 
2 8 2 
p 73.75000015 1 86 233.5 
2 1 4 
p 18.4375000375 1 86 233.5 
2 7 8 
p 87.3125000375 1 -325 -125 
2 2 4 
p 25.0000000375 1 -325 -125 
2 7 6 
p 73.75000015 1 86 233.5 
2 2 4 
p 18.4375000375 1 86 233.5 
2 6 5 
p 87.3125000375 1 450 698.5 
2 1 2 
p 31.062500025 1 450 698.5 
2 4 5 
p 87.3125000375 1 0 319.5 
2 2 4 
p 39.937500025 1 0 319.5 
2 3 4 
p 87.3125000375 1 0 698.5 
2 2 3 
p 87.312500025 1 0 698.5 
2 1 2 
p 10.0000001 1 0 20 
2 4 3 
p 10.0000001 1 0 20 
2 3 1 
p 39.937500025 1 0 319.5 
2 5 4 
p 87.312500025 1 0 319.5 
2 4 3 
p 10.0000001 1 0 20 
2 2 3 
p 10.0000001 1 0 20 
2 4 3 
p 31.062500025 1 0 248.5 
2 6 5 
p 87.312500025 1 0 248.5 
2 4 1 
p 10.0000001 1 0 20 
2 3 4 
p 10.0000001 1 0 20 
2 1 2 
p 10.0000001 1 0 20 
2 1 2 
p 10.0000001 1 0 20 
2 1 3 
p 18.4375000375 1 0 147.5 
2 7 6 
p 73.7500001 1 0 147.5 
2 3 1 
p 25.0000000375 1 1.5 201.5 
2 8 7 
p 87.312500025 1 1.5 201.5 
2 4 3 
p 10.0000001 1 0 20 
2 1 2 
p 10.0000001 1 0 20 
2 3 2 
p 18.4375000375 1 0 147.5 
2 2 8 
p 73.7500001 1 0 147.5 
2 4 3 
p 10.0000001 1 0 20 
2 3 4 
p 10.0000001 1 0 20 
2 2 4 
p 31.250000025 1 0 250 
2 1 2 
p 87.312500025 1 0 250 
2 3 4 
p 87.312500025 1 0 698.5 
2 1 4 
p 87.312500025 1 0 698.5 
2 9 10 
p 73.7500001 1 0 147.5 
2 4 3 
p 18.4375000375 1 0 147.5 
2 9 11 
p 87.312500025 1 451.5 697 
2 1 2 
p 30.6875000375 1 451.5 697 
2 12 11 
p 87.312500025 1 1.5 318 
2 3 4 
p 39.5625000375 1 1.5 318 
2 13 12 
p 87.312500025 1 1.5 697 
2 1 2 
p 86.9375000375 1 1.5 697 
2 13 14 
p 87.312500025 1 1.5 318 
2 3 4 
p 39.5625000375 1 1.5 318 
2 14 15 
p 87.312500025 1 1.5 248.5 
2 1 2 
p 30.8750000375 1 1.5 248.5 
2 16 15 
p 73.7500001 1 0 147.5 
2 3 4 
p 18.4375000375 1 0 147.5 
2 16 10 
p 87.312500025 1 0 203 
2 1 2 
p 25.375000025 1 0 203 
2 2 4 
p 9.2500001 1 0 18.5 
2 3 2 
p 9.2500001 1 0 18.5 
2 3 4 
p 25.375000025 1 0 203 
2 8 7 
p 86.937500025 1 0 203 
2 1 3 
p 9.2500001 1 0 18.5 
2 3 1 
p 9.2500001 1 0 18.5 
2 1 2 
p 86.937500025 1 1.5 248.5 
2 3 4 
p 30.8750000375 1 1.5 248.5 
2 3 1 
p 86.937500025 1 1.5 318 
2 1 2 
p 39.5625000375 1 1.5 318 
2 3 4 
p 86.937500025 1 1.5 697 
2 3 4 
p 86.9375000375 1 1.5 697 
2 4 5 
p 86.937500025 1 1.5 318 
2 1 2 
p 39.5625000375 1 1.5 318 
2 6 5 
p 86.937500025 1 451.5 697 
2 3 4 
p 30.6875000375 1 451.5 697 
2 6 7 
p 73.7500001 1 0 147.5 
2 1 2 
p 18.4375000375 1 0 147.5 
2 8 2 
p 73.7500001 1 0 147.5 
2 1 2 
p 18.4375000375 1 0 147.5 
2 2 4 
p 9.25000015 1 -18.5 0 
2 4 2 
p 9.25000015 1 -18.5 0 
2 1 3 
p 9.25000015 1 0 18.5 
2 4 2 
p 9.25000015 1 0 18.5 
2 3 1 
p 9.25000015 1 0 18.5 
2 1 3 
p 9.25000015 1 0 18.5 
2 2 4 
p 9.25000015 1 0 18.5 
2 3 1 
p 9.25000015 1 0 18.5 
2 4 2 
p 9.25000015 1 0 18.5 
2 2 4 
p 9.25000015 1 0 18.5 
2 3 1 
p 9.25000015 1 -18.5 0 
2 1 4 
p 9.25000015 1 -18.5 0 
2 1 2 
p 2.50000002500002 1 0 18.5 
2 1 3 
p 2.500000025 1 0 18.5 
2 2 4 
p 2.50000002500002 1 0 20 
2 1 2 
p 2.50000002500002 1 0 20 
2 3 4 
p 2.50000002500002 1 0 18.5 
2 1 3 
p 2.500000025 1 0 18.5 
2 1 3 
p 2.50000002500002 1 0 20 
2 1 2 
p 2.50000002500002 1 0 20 
2 1 2 
p 2.50000002500002 1 0 18.5 
2 2 4 
p 2.500000025 1 0 18.5 
2 2 4 
p 2.50000002500002 1 0 20 
2 3 4 
p 2.50000002500002 1 0 20 
2 3 4 
p 2.50000002500002 1 0 18.5 
2 2 4 
p 2.500000025 1 0 18.5 
2 1 3 
p 2.50000002500002 1 0 20 
2 3 4 
p 2.50000002500002 1 0 20 
2 1 2 
p 2.500000025 1 0 20 
2 1 3 
p 2.50000002500002 1 0 20 
2 3 4 
p 2.500000025 1 0 20 
2 1 3 
p 2.50000002500002 1 0 20 
2 1 2 
p 2.500000025 1 0 20 
2 2 4 
p 2.50000002500002 1 0 20 
2 3 4 
p 2.500000025 1 0 20 
2 2 4 
p 2.50000002500002 1 0 20 
2 1 2 
p 2.50000002500002 1 0 18.5 
2 1 3 
p 2.50000002499999 1 0 18.5 
2 2 4 
p 2.50000002500002 1 0 20 
2 1 2 
p 2.50000002500002 1 0 20 
2 3 4 
p 2.50000002500002 1 0 18.5 
2 1 3 
p 2.50000002499999 1 0 18.5 
2 1 3 
p 2.50000002500002 1 0 20 
2 1 2 
p 2.50000002500002 1 0 20 
2 1 2 
p 2.50000002500002 1 0 18.5 
2 2 4 
p 2.50000002499999 1 0 18.5 
2 2 4 
p 2.50000002500002 1 0 20 
2 3 4 
p 2.50000002500002 1 0 20 
2 3 4 
p 2.50000002500002 1 0 18.5 
2 2 4 
p 2.50000002499999 1 0 18.5 
2 1 3 
p 2.50000002500002 1 0 20 
2 3 4 
p 2.50000002500002 1 0 20 
2 1 2 
p 2.50000002499999 1 0 20 
2 1 3 
p 2.50000002500002 1 0 20 
2 3 4 
p 2.50000002499999 1 0 20 
2 1 3 
p 2.50000002500002 1 0 20 
2 1 2 
p 2.50000002499999 1 0 20 
2 2 4 
p 2.50000002500002 1 0 20 
2 3 4 
p 2.50000002499999 1 0 20 
2 2 4 
p 2.50000002500002 1 0 20 
2 1 2 
p 8.5000001 1 3 20 
2 4 5 
p 8.5000001 1 3 20 
2 2 4 
p 93.5625000375 1 0 748.5 
2 3 1 
p 93.5625000375 1 0 748.5 
2 4 3 
p 8.5000001 1 0 17 
2 1 6 
p 8.5000001 1 0 17 
2 3 1 
p 93.5625000375 1 -749 -0.5 
2 3 4 
p 93.5625000375 1 -749 -0.5 
2 1 2 
p 31.2500000375 1 12 250 
2 12 13 
p 93.5625000375 1 12 250 
2 2 6 
p 10.0000001 1 0 20 
2 1 2 
p 6.1875000375 1 0 20 
2 5 6 
p 31.2500000375 1 0 250 
2 3 4 
p 93.5625000375 1 0 250 
2 4 3 
p 6.00000015 1 0.5 12.5 
2 4 5 
p 6.00000015 1 0.5 12.5 
2 3 1 
p 1.50000015 1 5.75 8.75 
2 1 3 
p 0.3750000375 1 5.75 8.75 
2 1 2 
p 93.5625000375 1 0 698.5 
2 1 2 
p 87.3125000375 1 0 698.5 
2 8 2 
p 93.5625000375 1 0 748.5 
2 2 4 
p 93.562500025 1 0 748.5 
2 7 8 
p 93.5625000375 1 450 698.5 
2 3 4 
p 31.062500025 1 450 698.5 
2 7 6 
p 24.75000015 1 0.5 50 
2 1 4 
p 6.1875000375 1 0.5 50 
2 6 5 
p 93.5625000375 1 -325 -125 
2 1 4 
p 25.0000000375 1 -325 -125 
2 4 5 
p 24.75000015 1 0.5 50 
2 2 4 
p 6.1875000375 1 0.5 50 
2 6 5 
p 6.00000015 1 0.5 12.5 
2 3 2 
p 6.00000015 1 0.5 12.5 
2 5 4 
p 1.50000015 1 5.75 8.75 
2 2 4 
p 0.3750000375 1 5.75 8.75 
2 3 4 
p 87.3125000375 1 0 686.5 
2 1 3 
p 93.5625000375 1 0 686.5 
2 2 3 
p 10.0000001 1 0 20 
2 4 3 
p 10.0000001 1 0 20 
2 1 2 
p 0.750000100000079 1 748 749.5 
2 1 2 
p 0.3750000375 1 748 749.5 
2 8 1 
p 5.25000015 1 2 12.5 
2 4 3 
p 5.25000015 1 2 12.5 
2 8 7 
p 93.5625000375 1 -747.5 -2 
2 4 3 
p 93.1875000375 1 -747.5 -2 
2 7 6 
p 5.25000015 1 2 12.5 
2 4 3 
p 5.25000015 1 2 12.5 
2 5 6 
p 0.750000100000079 1 1 2.5 
2 1 2 
p 0.3750000375 1 1 2.5 
2 1 2 
p 93.5625000375 1 0 748.5 
2 3 1 
p 93.562500025 1 0 748.5 
2 2 16 
p 93.5625000375 1 0 248.5 
2 1 2 
p 31.062500025 1 0 248.5 
2 16 15 
p 24.7500001000001 1 0 49.5 
2 2 3 
p 6.1875000375 1 0 49.5 
2 14 15 
p 93.5625000375 1 1.5 201.5 
2 3 2 
p 25.0000000375 1 1.5 201.5 
2 14 13 
p 24.7500001000001 1 0 49.5 
2 3 1 
p 6.1875000375 1 0 49.5 
2 12 11 
p 0.750000150000005 1 0.5 2 
2 3 4 
p 0.3750000375 1 0.5 2 
2 11 10 
p 93.5625000375 1 12 248.5 
2 1 2 
p 30.8750000375 1 12 248.5 
2 10 9 
p 24.7500001000001 1 0 49.5 
2 3 4 
p 6.1875000375 1 0 49.5 
2 9 8 
p 93.5625000375 1 0 203 
2 1 2 
p 25.375000025 1 0 203 
2 8 7 
p 24.7500001000001 1 0 49.5 
2 3 2 
p 6.1875000375 1 0 49.5 
2 7 6 
p 93.5625000375 1 451.5 697 
2 1 2 
p 30.6875000375 1 451.5 697 
2 6 5 
p 93.5625000375 1 1.5 747 
2 3 4 
p 93.1875000375 1 1.5 747 
2 4 5 
p 93.5625000375 1 12 697 
2 1 2 
p 86.9375000375 1 12 697 
2 4 3 
p 0.750000150000005 1 747.5 749 
2 3 4 
p 0.3750000375 1 747.5 749 
2 3 4 
p 6.1875000375 1 0 20 
2 3 4 
p 10.0000001 1 0 20 
2 2 4 
p 0.3750000375 1 -3.5 -0.5 
2 3 1 
p 1.50000015 1 -3.5 -0.5 
2 1 2 
p 10.0000001 1 0 20 
2 1 4 
p 10.0000001 1 0 20 
2 3 2 
p 10.0000001 1 0 20 
2 1 2 
p 6.1875000375 1 0 20 
2 4 3 
p 6.1875000375 1 0 20 
2 1 2 
p 10.0000001 1 0 20 
2 1 3 
p 0.3750000375 1 -3.5 -0.5 
2 3 1 
p 1.50000015 1 -3.5 -0.5 
2 2 6 
p 9.25000015 1 0 18.5 
2 4 2 
p 9.25000015 1 0 18.5 
2 5 6 
p 86.9375000375 1 1.5 697 
2 1 2 
p 93.187500025 1 1.5 697 
2 4 5 
p 7.75000015 1 3 18.5 
2 4 2 
p 7.75000015 1 3 18.5 
2 1 2 
p 93.1875000375 1 1.5 747 
2 3 1 
p 93.187500025 1 1.5 747 
2 3 1 
p 7.75000015 1 3 18.5 
2 4 5 
p 7.75000015 1 3 18.5 
2 6 2 
p 9.25000015 1 -18.5 0 
2 1 3 
p 6.1875000375 1 -18.5 0 
2 5 6 
p 30.8750000375 1 1.5 248.5 
2 3 4 
p 93.187500025 1 1.5 248.5 
2 1 2 
p 6.1875000375 1 0 49.5 
2 4 5 
p 24.7500001000001 1 0 49.5 
2 4 2 
p 6.1875000375 1 0 18.5 
2 1 3 
p 9.2500001 1 0 18.5 
2 2 4 
p 9.2500001 1 0 18.5 
2 3 4 
p 6.1875000375 1 0 18.5 
2 3 4 
p 25.375000025 1 0 203 
2 5 6 
p 93.187500025 1 0 203 
2 1 2 
p 6.1875000375 1 -18.5 0 
2 3 1 
p 9.25000015 1 -18.5 0 
2 4 1 
p 6.1875000375 1 0 49.5 
2 6 7 
p 24.7500001000001 1 0 49.5 
2 2 4 
p 9.25000015 1 0 18.5 
2 3 1 
p 9.25000015 1 0 18.5 
2 3 4 
p 30.6875000375 1 451.5 697 
2 7 8 
p 93.187500025 1 451.5 697 
2 1 2 
p 93.1875000375 1 1.5 747 
2 8 2 
p 93.187500025 1 1.5 747 
35 1 2 3 4 5 6 7 8 9 10 11 12 13 14 15 16 17 18 19 20 21 22 23 24 25 26 27 28 29 30 31 32 33 34 35 
p 1.87500002500002 1 0 0.174532925199433 0.349065850398866 0.523598775598299 0.698131700797732 0.872664625997165 1.0471975511966 1.22173047639603 1.39626340159546 1.5707963267949 1.74532925199433 1.91986217719376 2.0943951023932 2.26892802759263 2.44346095279206 2.61799387799149 2.79252680319093 2.96705972839036 3.14159265358979 3.31612557878922 3.49065850398866 3.66519142918809 3.83972435438752 4.01425727958696 4.18879020478639 4.36332312998582 4.53785605518525 4.71238898038469 4.88692190558412 5.06145483078355 5.23598775598299 5.41052068118242 5.58505360638185 5.75958653158128 5.93411945678072 
35 1 2 3 4 5 6 7 8 9 10 11 12 13 14 15 16 17 18 19 20 21 22 23 24 25 26 27 28 29 30 31 32 33 34 35 
p 2.24381640939909 1 0 0.174532925199433 0.349065850398866 0.523598775598299 0.698131700797732 0.872664625997165 1.0471975511966 1.22173047639603 1.39626340159546 1.5707963267949 1.74532925199433 1.91986217719376 2.0943951023932 2.26892802759263 2.44346095279206 2.61799387799149 2.79252680319093 2.96705972839036 3.14159265358979 3.31612557878922 3.49065850398866 3.66519142918809 3.83972435438752 4.01425727958696 4.18879020478639 4.36332312998582 4.53785605518525 4.71238898038469 4.88692190558412 5.06145483078355 5.23598775598299 5.41052068118242 5.58505360638185 5.75958653158128 5.93411945678072 
2 35 36 
p 1.87500002500002 1 0 15 
2 1 2 
p 1.87500002500002 1 0 15 
35 36 37 38 39 40 41 42 43 44 45 46 47 48 49 50 51 52 53 54 55 56 57 58 59 60 61 62 63 64 65 66 67 68 69 70 
p 1.87500002500002 1 0 0.174532925199433 0.349065850398866 0.523598775598299 0.698131700797732 0.872664625997165 1.0471975511966 1.22173047639603 1.39626340159546 1.5707963267949 1.74532925199433 1.91986217719376 2.0943951023932 2.26892802759263 2.44346095279206 2.61799387799149 2.79252680319093 2.96705972839036 3.14159265358979 3.31612557878922 3.49065850398866 3.66519142918809 3.83972435438752 4.01425727958696 4.18879020478639 4.36332312998582 4.53785605518525 4.71238898038469 4.88692190558412 5.06145483078355 5.23598775598299 5.41052068118242 5.58505360638185 5.75958653158128 5.93411945678072 
35 1 2 3 4 5 6 7 8 9 10 11 12 13 14 15 16 17 18 19 20 21 22 23 24 25 26 27 28 29 30 31 32 33 34 35 
p 3.687500025 1 0 0.174532925199433 0.349065850398866 0.523598775598299 0.698131700797732 0.872664625997165 1.0471975511966 1.22173047639603 1.39626340159546 1.5707963267949 1.74532925199433 1.91986217719376 2.0943951023932 2.26892802759263 2.44346095279206 2.61799387799149 2.79252680319093 2.96705972839036 3.14159265358979 3.31612557878922 3.49065850398866 3.66519142918809 3.83972435438752 4.01425727958696 4.18879020478639 4.36332312998582 4.53785605518525 4.71238898038469 4.88692190558412 5.06145483078355 5.23598775598299 5.41052068118242 5.58505360638185 5.75958653158128 5.93411945678072 
2 1 70 
p 1.87500002500002 1 0 15 
2 4 3 
p 1.87500002500002 1 0 15 
2 36 1 
p 2.24381640939909 1 0 8 
2 1 4 
p 1.87500002500002 1 0 8 
2 37 36 
p 2.18050647345478 1 0 4.51485261934019 
2 4 3 
p 2.18050647345478 1 0 4.51485261934019 
2 35 37 
p 2.24381640939909 1 0 8 
2 1 4 
p 1.87500002500002 1 0 8 
37 38 39 40 41 42 43 44 45 46 47 48 49 50 51 52 53 54 55 56 57 58 59 60 61 62 63 64 65 66 67 68 69 70 71 72 73 38 
p 2.24381640939909 1 0 0.174532925199433 0.349065850398866 0.523598775598299 0.698131700797732 0.872664625997165 1.0471975511966 1.22173047639603 1.39626340159546 1.5707963267949 1.74532925199433 1.91986217719376 2.0943951023932 2.26892802759263 2.44346095279206 2.61799387799149 2.79252680319093 2.96705972839036 3.14159265358979 3.31612557878922 3.49065850398866 3.66519142918809 3.83972435438752 4.01425727958696 4.18879020478639 4.36332312998582 4.53785605518525 4.71238898038469 4.88692190558412 5.06145483078355 5.23598775598299 5.41052068118242 5.58505360638185 5.75958653158128 5.93411945678072 6.10865238198015 6.28318530717959 
37 1 2 3 4 5 6 7 8 9 10 11 12 13 14 15 16 17 18 19 20 21 22 23 24 25 26 27 28 29 30 31 32 33 34 35 36 37 
p 1.87500002500002 1 0 0.174532925199433 0.349065850398866 0.523598775598299 0.698131700797732 0.872664625997165 1.0471975511966 1.22173047639603 1.39626340159546 1.5707963267949 1.74532925199433 1.91986217719376 2.0943951023932 2.26892802759263 2.44346095279206 2.61799387799149 2.79252680319093 2.96705972839036 3.14159265358979 3.31612557878922 3.49065850398866 3.66519142918809 3.83972435438752 4.01425727958696 4.18879020478639 4.36332312998582 4.53785605518525 4.71238898038469 4.88692190558412 5.06145483078355 5.23598775598299 5.41052068118242 5.58505360638185 5.75958653158128 5.93411945678072 6.10865238198015 6.28318530717959 
2 4 3 
p 1.87500002500002 1 0 15 
2 3 4 
p 7.50000002500002 1 0 15 
2 2 3 
p 1.87500002500002 1 0 8 
2 1 42 
p 3.687500025 1 0 8 
2 36 35 
p 3.6252312481466 1 0 8 
2 2 3 
p 1.87500002500002 1 0 8 
2 37 36 
p 3.687500025 1 0 7.50596259737091 
2 2 3 
p 3.75298139868545 1 0 7.50596259737091 
2 38 37 
p 3.687500025 1 0 12.7179987685236 
2 2 3 
p 6.35899948426178 1 0 12.7179987685236 
2 39 38 
p 1.5000001 1 0 3 
2 2 3 
p 1.5000001 1 0 3 
2 40 39 
p 2.7500001 1 0 5.5 
2 2 3 
p 2.7500001 1 0 5.5 
2 41 40 
p 3.687500025 1 0 8.86697534428045 
2 2 3 
p 4.43348777214022 1 0 8.86697534428045 
2 42 41 
p 3.02473456240365 1 0 6.04946892480731 
2 4 5 
p 3.02473456240365 1 0 6.04946892480731 
37 43 44 45 46 47 48 49 50 51 52 53 54 55 56 57 58 59 60 61 62 63 64 65 66 67 68 69 70 71 72 73 74 75 76 77 78 43 
p 3.00000010000001 1 0 0.174532925199433 0.349065850398866 0.523598775598299 0.698131700797732 0.872664625997165 1.0471975511966 1.22173047639603 1.39626340159546 1.5707963267949 1.74532925199433 1.91986217719376 2.0943951023932 2.26892802759263 2.44346095279206 2.61799387799149 2.79252680319093 2.96705972839036 3.14159265358979 3.31612557878922 3.49065850398866 3.66519142918809 3.83972435438752 4.01425727958696 4.18879020478639 4.36332312998582 4.53785605518525 4.71238898038469 4.88692190558412 5.06145483078355 5.23598775598299 5.41052068118242 5.58505360638185 5.75958653158128 5.93411945678072 6.10865238198015 6.28318530717959 
37 38 39 40 41 42 43 44 45 46 47 48 49 50 51 52 53 54 55 56 57 58 59 60 61 62 63 64 65 66 67 68 69 70 71 72 73 74 
p 1.87500002500002 1 0 0.174532925199433 0.349065850398866 0.523598775598299 0.698131700797732 0.872664625997165 1.0471975511966 1.22173047639603 1.39626340159546 1.5707963267949 1.74532925199433 1.91986217719376 2.0943951023932 2.26892802759263 2.44346095279206 2.61799387799149 2.79252680319093 2.96705972839036 3.14159265358979 3.31612557878922 3.49065850398866 3.66519142918809 3.83972435438752 4.01425727958696 4.18879020478639 4.36332312998582 4.53785605518525 4.71238898038469 4.88692190558412 5.06145483078355 5.23598775598299 5.41052068118242 5.58505360638185 5.75958653158128 5.93411945678072 6.10865238198015 6.28318530717959 
2 1 2 
p 1.87500002500002 1 0 15 
2 4 3 
p 7.50000002500002 1 0 15 
2 1 2 
p 2.18050647345478 1 0 4.51485261934019 
2 37 36 
p 2.18050647345478 1 0 4.51485261934019 
2 1 4 
p 3.75000002500002 1 15 45 
2 2 3 
p 7.50000002500002 1 15 45 
2 2 3 
p 3.75000002500002 1 15 45 
2 5 4 
p 7.50000002500002 1 15 45 
2 1 38 
p 1.87500002500002 1 1 16 
2 37 74 
p 1.87500002500002 1 1 16 
2 1 2 
p 7.50000002500002 1 0 15 
2 4 3 
p 1.87500002500002 1 0 15 
2 6 5 
p 7.50000002500002 1 0 60 
2 1 2 
p 7.50000002500002 1 0 60 
2 1 6 
p 3.02473456240365 1 0 6.04946892480731 
2 1 2 
p 3.02473456240365 1 0 6.04946892480731 
2 1 2 
p 7.50000002500002 1 0 60 
2 4 3 
p 7.50000002500002 1 0 60 
2 6 5 
p 7.50000002500002 1 0 15 
2 1 2 
p 1.87500002500002 1 0 15 
2 1 6 
p 3.75298139868545 1 0 7.50596259737091 
2 6 7 
p 3.687500025 1 0 7.50596259737091 
35 1 2 3 4 5 6 7 8 9 10 11 12 13 14 15 16 17 18 19 20 21 22 23 24 25 26 27 28 29 30 31 32 33 34 35 
p 2.24381640939909 1 0 0.174532925199433 0.349065850398866 0.523598775598299 0.698131700797732 0.872664625997165 1.0471975511966 1.22173047639603 1.39626340159546 1.5707963267949 1.74532925199433 1.91986217719376 2.0943951023932 2.26892802759263 2.44346095279206 2.61799387799149 2.79252680319093 2.96705972839036 3.14159265358979 3.31612557878922 3.49065850398866 3.66519142918809 3.83972435438752 4.01425727958696 4.18879020478639 4.36332312998582 4.53785605518525 4.71238898038469 4.88692190558412 5.06145483078355 5.23598775598299 5.41052068118242 5.58505360638185 5.75958653158128 5.93411945678072 
35 36 37 38 39 40 41 42 43 44 45 46 47 48 49 50 51 52 53 54 55 56 57 58 59 60 61 62 63 64 65 66 67 68 69 70 
p 1.87500002500002 1 0 0.174532925199433 0.349065850398866 0.523598775598299 0.698131700797732 0.872664625997165 1.0471975511966 1.22173047639603 1.39626340159546 1.5707963267949 1.74532925199433 1.91986217719376 2.0943951023932 2.26892802759263 2.44346095279206 2.61799387799149 2.79252680319093 2.96705972839036 3.14159265358979 3.31612557878922 3.49065850398866 3.66519142918809 3.83972435438752 4.01425727958696 4.18879020478639 4.36332312998582 4.53785605518525 4.71238898038469 4.88692190558412 5.06145483078355 5.23598775598299 5.41052068118242 5.58505360638185 5.75958653158128 5.93411945678072 
2 36 35 
p 2.24381640939909 1 0 8 
2 2 3 
p 1.87500002500002 1 0 8 
2 1 37 
p 2.24381640939909 1 0 8 
2 2 3 
p 1.87500002500002 1 0 8 
37 38 39 40 41 42 43 44 45 46 47 48 49 50 51 52 53 54 55 56 57 58 59 60 61 62 63 64 65 66 67 68 69 70 71 72 73 38 
p 2.24381640939909 1 0 0.174532925199433 0.349065850398866 0.523598775598299 0.698131700797732 0.872664625997165 1.0471975511966 1.22173047639603 1.39626340159546 1.5707963267949 1.74532925199433 1.91986217719376 2.0943951023932 2.26892802759263 2.44346095279206 2.61799387799149 2.79252680319093 2.96705972839036 3.14159265358979 3.31612557878922 3.49065850398866 3.66519142918809 3.83972435438752 4.01425727958696 4.18879020478639 4.36332312998582 4.53785605518525 4.71238898038469 4.88692190558412 5.06145483078355 5.23598775598299 5.41052068118242 5.58505360638185 5.75958653158128 5.93411945678072 6.10865238198015 6.28318530717959 
37 38 39 40 41 42 43 44 45 46 47 48 49 50 51 52 53 54 55 56 57 58 59 60 61 62 63 64 65 66 67 68 69 70 71 72 73 74 
p 1.87500002500002 1 0 0.174532925199433 0.349065850398866 0.523598775598299 0.698131700797732 0.872664625997165 1.0471975511966 1.22173047639603 1.39626340159546 1.5707963267949 1.74532925199433 1.91986217719376 2.0943951023932 2.26892802759263 2.44346095279206 2.61799387799149 2.79252680319093 2.96705972839036 3.14159265358979 3.31612557878922 3.49065850398866 3.66519142918809 3.83972435438752 4.01425727958696 4.18879020478639 4.36332312998582 4.53785605518525 4.71238898038469 4.88692190558412 5.06145483078355 5.23598775598299 5.41052068118242 5.58505360638185 5.75958653158128 5.93411945678072 6.10865238198015 6.28318530717959 
2 1 2 
p 1.87500002500002 1 0 15 
2 35 36 
p 1.87500002500002 1 0 15 
2 1 4 
p 1.87500002500002 1 0 8 
2 42 1 
p 3.687500025 1 0 8 
2 4 3 
p 7.50000002500002 1 0 60 
2 1 2 
p 7.50000002500002 1 0 60 
2 1 4 
p 4.43348777214022 1 0 8.86697534428045 
2 2 3 
p 3.687500025 1 0 8.86697534428045 
2 3 4 
p 2.7500001 1 0 5.5 
2 1 4 
p 2.7500001 1 0 5.5 
2 4 5 
p 1.5000001 1 0 3 
2 1 4 
p 1.5000001 1 0 3 
2 5 6 
p 3.687500025 1 0 12.7179987685236 
2 1 4 
p 6.35899948426178 1 0 12.7179987685236 
2 7 8 
p 3.6252312481466 1 0 8 
2 1 4 
p 1.87500002500002 1 0 8 
35 8 9 10 11 12 13 14 15 16 17 18 19 20 21 22 23 24 25 26 27 28 29 30 31 32 33 34 35 36 37 38 39 40 41 42 
p 3.687500025 1 0 0.174532925199433 0.349065850398866 0.523598775598299 0.698131700797732 0.872664625997165 1.0471975511966 1.22173047639603 1.39626340159546 1.5707963267949 1.74532925199433 1.91986217719376 2.0943951023932 2.26892802759263 2.44346095279206 2.61799387799149 2.79252680319093 2.96705972839036 3.14159265358979 3.31612557878922 3.49065850398866 3.66519142918809 3.83972435438752 4.01425727958696 4.18879020478639 4.36332312998582 4.53785605518525 4.71238898038469 4.88692190558412 5.06145483078355 5.23598775598299 5.41052068118242 5.58505360638185 5.75958653158128 5.93411945678072 
35 1 2 3 4 5 6 7 8 9 10 11 12 13 14 15 16 17 18 19 20 21 22 23 24 25 26 27 28 29 30 31 32 33 34 35 
p 1.87500002500002 1 0 0.174532925199433 0.349065850398866 0.523598775598299 0.698131700797732 0.872664625997165 1.0471975511966 1.22173047639603 1.39626340159546 1.5707963267949 1.74532925199433 1.91986217719376 2.0943951023932 2.26892802759263 2.44346095279206 2.61799387799149 2.79252680319093 2.96705972839036 3.14159265358979 3.31612557878922 3.49065850398866 3.66519142918809 3.83972435438752 4.01425727958696 4.18879020478639 4.36332312998582 4.53785605518525 4.71238898038469 4.88692190558412 5.06145483078355 5.23598775598299 5.41052068118242 5.58505360638185 5.75958653158128 5.93411945678072 
37 43 44 45 46 47 48 49 50 51 52 53 54 55 56 57 58 59 60 61 62 63 64 65 66 67 68 69 70 71 72 73 74 75 76 77 78 43 
p 3.00000010000001 1 0 0.174532925199433 0.349065850398866 0.523598775598299 0.698131700797732 0.872664625997165 1.0471975511966 1.22173047639603 1.39626340159546 1.5707963267949 1.74532925199433 1.91986217719376 2.0943951023932 2.26892802759263 2.44346095279206 2.61799387799149 2.79252680319093 2.96705972839036 3.14159265358979 3.31612557878922 3.49065850398866 3.66519142918809 3.83972435438752 4.01425727958696 4.18879020478639 4.36332312998582 4.53785605518525 4.71238898038469 4.88692190558412 5.06145483078355 5.23598775598299 5.41052068118242 5.58505360638185 5.75958653158128 5.93411945678072 6.10865238198015 6.28318530717959 
37 1 2 3 4 5 6 7 8 9 10 11 12 13 14 15 16 17 18 19 20 21 22 23 24 25 26 27 28 29 30 31 32 33 34 35 36 37 
p 1.87500002500002 1 0 0.174532925199433 0.349065850398866 0.523598775598299 0.698131700797732 0.872664625997165 1.0471975511966 1.22173047639603 1.39626340159546 1.5707963267949 1.74532925199433 1.91986217719376 2.0943951023932 2.26892802759263 2.44346095279206 2.61799387799149 2.79252680319093 2.96705972839036 3.14159265358979 3.31612557878922 3.49065850398866 3.66519142918809 3.83972435438752 4.01425727958696 4.18879020478639 4.36332312998582 4.53785605518525 4.71238898038469 4.88692190558412 5.06145483078355 5.23598775598299 5.41052068118242 5.58505360638185 5.75958653158128 5.93411945678072 6.10865238198015 6.28318530717959 
2 4 3 
p 7.50000002500002 1 0 60 
2 1 2 
p 7.50000002500002 1 0 60 
2 4 3 
p 7.50000002500002 1 0 60 
2 1 2 
p 7.50000002500002 1 0 60 
2 4 3 
p 1.87500002500002 1 0 15 
2 1 70 
p 1.87500002500002 1 0 15 
2 1 38 
p 1.87500002500002 1 1 16 
2 37 74 
p 1.87500002500002 1 1 16 
31 1 2 3 4 5 6 7 8 9 10 11 12 13 14 15 16 17 18 19 20 21 22 23 24 25 26 27 28 29 30 31 
p 3.75000002500002 1 0 0.174532925199434 0.349065850398867 0.523598775598301 0.698131700797735 0.872664625997168 1.0471975511966 1.22173047639604 1.39626340159547 1.5707963267949 1.74532925199434 1.91986217719377 2.0943951023932 2.26892802759264 2.44346095279207 2.6179938779915 2.79252680319094 2.96705972839037 3.14159265358981 3.31612557878924 3.49065850398867 3.66519142918811 3.83972435438754 4.01425727958697 4.18879020478641 4.36332312998584 4.53785605518527 4.71238898038471 4.88692190558414 5.06145483078358 5.23598775598301 
31 1 2 3 4 5 6 7 8 9 10 11 12 13 14 15 16 17 18 19 20 21 22 23 24 25 26 27 28 29 30 31 
p 4.000000025 1 0 0.174532925199434 0.349065850398867 0.523598775598301 0.698131700797735 0.872664625997168 1.0471975511966 1.22173047639604 1.39626340159547 1.5707963267949 1.74532925199434 1.91986217719377 2.0943951023932 2.26892802759264 2.44346095279207 2.6179938779915 2.79252680319094 2.96705972839037 3.14159265358981 3.31612557878924 3.49065850398867 3.66519142918811 3.83972435438754 4.01425727958697 4.18879020478641 4.36332312998584 4.53785605518527 4.71238898038471 4.88692190558414 5.06145483078358 5.23598775598301 
2 32 31 
p 3.75000002500002 1 -30 0 
2 3 1 
p 3.75000002500002 1 -30 0 
31 32 33 34 35 36 37 38 39 40 41 42 43 44 45 46 47 48 49 50 51 52 53 54 55 56 57 58 59 60 61 62 
p 3.75000002500002 1 0 0.174532925199434 0.349065850398867 0.523598775598301 0.698131700797735 0.872664625997168 1.0471975511966 1.22173047639604 1.39626340159547 1.5707963267949 1.74532925199434 1.91986217719377 2.0943951023932 2.26892802759264 2.44346095279207 2.6179938779915 2.79252680319094 2.96705972839037 3.14159265358981 3.31612557878924 3.49065850398867 3.66519142918811 3.83972435438754 4.01425727958697 4.18879020478641 4.36332312998584 4.53785605518527 4.71238898038471 4.88692190558414 5.06145483078358 5.23598775598301 
31 1 2 3 4 5 6 7 8 9 10 11 12 13 14 15 16 17 18 19 20 21 22 23 24 25 26 27 28 29 30 31 
p 4.000000025 1 0 0.174532925199434 0.349065850398867 0.523598775598301 0.698131700797735 0.872664625997168 1.0471975511966 1.22173047639604 1.39626340159547 1.5707963267949 1.74532925199434 1.91986217719377 2.0943951023932 2.26892802759264 2.44346095279207 2.6179938779915 2.79252680319094 2.96705972839037 3.14159265358981 3.31612557878924 3.49065850398867 3.66519142918811 3.83972435438754 4.01425727958697 4.18879020478641 4.36332312998584 4.53785605518527 4.71238898038471 4.88692190558414 5.06145483078358 5.23598775598301 
2 62 1 
p 3.75000002500002 1 -30 0 
2 1 3 
p 3.75000002500002 1 -30 0 
2 1 2 
p 3.75000002500002 1 4.33012701892218 27 
2 31 32 
p 4.000000025 1 4.33012701892218 27 
2 4 2 
p 3.75000002500002 1 0 30 
2 1 3 
p 3.75000002500002 1 0 30 
2 3 4 
p 3.75000002500002 1 4.33012701892218 27 
2 1 32 
p 4.000000025 1 4.33012701892218 27 
2 1 2 
p 1.50000009999999 1 0 3 
2 32 33 
p 1.50000009999999 1 0 3 
2 2 4 
p 3.75000002500002 1 0 30 
2 3 4 
p 3.75000002500002 1 0 30 
2 3 4 
p 1.50000009999999 1 0 3 
2 32 33 
p 1.50000009999999 1 0 3 
2 1 2 
p 3.75000002500002 1 0 30 
2 2 4 
p 3.75000002500002 1 0 30 
2 2 4 
p 3.75000002500002 1 0 27 
2 34 33 
p 4.000000025 1 0 27 
2 1 3 
p 3.75000002500002 1 0 27 
2 34 33 
p 4.000000025 1 0 27 
2 1 34 
p 0.250000099999994 1 2.5 3 
2 3 4 
p 0.250000099999994 1 2.5 3 
37 35 36 37 38 39 40 41 42 43 44 45 46 47 48 49 50 51 52 53 54 55 56 57 58 59 60 61 62 63 64 65 66 67 68 69 70 35 
p 3.00000009999997 1 0 0.174532925199433 0.349065850398866 0.523598775598299 0.698131700797732 0.872664625997165 1.0471975511966 1.22173047639603 1.39626340159546 1.5707963267949 1.74532925199433 1.91986217719376 2.0943951023932 2.26892802759263 2.44346095279206 2.61799387799149 2.79252680319093 2.96705972839036 3.14159265358979 3.31612557878922 3.49065850398866 3.66519142918809 3.83972435438752 4.01425727958696 4.18879020478639 4.36332312998582 4.53785605518525 4.71238898038469 4.88692190558412 5.06145483078355 5.23598775598299 5.41052068118242 5.58505360638185 5.75958653158128 5.93411945678072 6.10865238198015 6.28318530717959 
37 1 3 4 5 6 7 8 9 10 11 12 13 14 15 16 17 18 19 20 21 22 23 24 25 26 27 28 29 30 31 32 33 34 35 36 37 38 
p 3.00000009999997 1 0 0.174532925199433 0.349065850398866 0.523598775598299 0.698131700797732 0.872664625997165 1.0471975511966 1.22173047639603 1.39626340159546 1.5707963267949 1.74532925199433 1.91986217719376 2.0943951023932 2.26892802759263 2.44346095279206 2.61799387799149 2.79252680319093 2.96705972839036 3.14159265358979 3.31612557878922 3.49065850398866 3.66519142918809 3.83972435438752 4.01425727958696 4.18879020478639 4.36332312998582 4.53785605518525 4.71238898038469 4.88692190558412 5.06145483078355 5.23598775598299 5.41052068118242 5.58505360638185 5.75958653158128 5.93411945678072 6.10865238198015 6.28318530717959 
2 1 2 
p 3.75000002500002 1 -31 -1 
2 38 39 
p 3.75000002500002 1 -31 -1 
37 39 40 41 42 43 44 45 46 47 48 49 50 51 52 53 54 55 56 57 58 59 60 61 62 63 64 65 66 67 68 69 70 71 72 73 74 2 
p 3.0000001 1 0 0.174532925199433 0.349065850398866 0.523598775598299 0.698131700797732 0.872664625997165 1.0471975511966 1.22173047639603 1.39626340159546 1.5707963267949 1.74532925199433 1.91986217719376 2.0943951023932 2.26892802759263 2.44346095279206 2.61799387799149 2.79252680319093 2.96705972839036 3.14159265358979 3.31612557878922 3.49065850398866 3.66519142918809 3.83972435438752 4.01425727958696 4.18879020478639 4.36332312998582 4.53785605518525 4.71238898038469 4.88692190558412 5.06145483078355 5.23598775598299 5.41052068118242 5.58505360638185 5.75958653158128 5.93411945678072 6.10865238198015 6.28318530717959 
37 35 36 37 38 39 40 41 42 43 44 45 46 47 48 49 50 51 52 53 54 55 56 57 58 59 60 61 62 63 64 65 66 67 68 69 70 35 
p 3.0000001 1 0 0.174532925199433 0.349065850398866 0.523598775598299 0.698131700797732 0.872664625997165 1.0471975511966 1.22173047639603 1.39626340159546 1.5707963267949 1.74532925199433 1.91986217719376 2.0943951023932 2.26892802759263 2.44346095279206 2.61799387799149 2.79252680319093 2.96705972839036 3.14159265358979 3.31612557878922 3.49065850398866 3.66519142918809 3.83972435438752 4.01425727958696 4.18879020478639 4.36332312998582 4.53785605518525 4.71238898038469 4.88692190558412 5.06145483078355 5.23598775598299 5.41052068118242 5.58505360638185 5.75958653158128 5.93411945678072 6.10865238198015 6.28318530717959 
2 1 2 
p 0.250000099999994 1 2.5 3 
2 31 34 
p 0.250000099999994 1 2.5 3 
2 1 2 
p 7.50000002500002 1 0 60 
2 39 38 
p 7.50000002500002 1 0 60 
37 1 40 41 42 43 44 45 46 47 48 49 50 51 52 53 54 55 56 57 58 59 60 61 62 63 64 65 66 67 68 69 70 71 72 73 74 39 
p 3.0000001 1 0 0.174532925199433 0.349065850398866 0.523598775598299 0.698131700797732 0.872664625997165 1.0471975511966 1.22173047639603 1.39626340159546 1.5707963267949 1.74532925199433 1.91986217719376 2.0943951023932 2.26892802759263 2.44346095279206 2.61799387799149 2.79252680319093 2.96705972839036 3.14159265358979 3.31612557878922 3.49065850398866 3.66519142918809 3.83972435438752 4.01425727958696 4.18879020478639 4.36332312998582 4.53785605518525 4.71238898038469 4.88692190558412 5.06145483078355 5.23598775598299 5.41052068118242 5.58505360638185 5.75958653158128 5.93411945678072 6.10865238198015 6.28318530717959 
37 1 2 3 4 5 6 7 8 9 10 11 12 13 14 15 16 17 18 19 20 21 22 23 24 25 26 27 28 29 30 31 32 33 34 35 36 1 
p 0.750000025 1 0 0.174532925199433 0.349065850398866 0.523598775598299 0.698131700797732 0.872664625997165 1.0471975511966 1.22173047639603 1.39626340159546 1.5707963267949 1.74532925199433 1.91986217719376 2.0943951023932 2.26892802759263 2.44346095279206 2.61799387799149 2.79252680319093 2.96705972839036 3.14159265358979 3.31612557878922 3.49065850398866 3.66519142918809 3.83972435438752 4.01425727958696 4.18879020478639 4.36332312998582 4.53785605518525 4.71238898038469 4.88692190558412 5.06145483078355 5.23598775598299 5.41052068118242 5.58505360638185 5.75958653158128 5.93411945678072 6.10865238198015 6.28318530717959 
37 2 3 4 5 6 7 8 9 10 11 12 13 14 15 16 17 18 19 20 21 22 23 24 25 26 27 28 29 30 31 32 33 34 35 36 37 38 
p 3.0000001 1 0 0.174532925199433 0.349065850398866 0.523598775598299 0.698131700797732 0.872664625997165 1.0471975511966 1.22173047639603 1.39626340159546 1.5707963267949 1.74532925199433 1.91986217719376 2.0943951023932 2.26892802759263 2.44346095279206 2.61799387799149 2.79252680319093 2.96705972839036 3.14159265358979 3.31612557878922 3.49065850398866 3.66519142918809 3.83972435438752 4.01425727958696 4.18879020478639 4.36332312998582 4.53785605518525 4.71238898038469 4.88692190558412 5.06145483078355 5.23598775598299 5.41052068118242 5.58505360638185 5.75958653158128 5.93411945678072 6.10865238198015 6.28318530717959 
37 1 2 3 4 5 6 7 8 9 10 11 12 13 14 15 16 17 18 19 20 21 22 23 24 25 26 27 28 29 30 31 32 33 34 35 36 1 
p 0.750000025 1 0 0.174532925199433 0.349065850398866 0.523598775598299 0.698131700797732 0.872664625997165 1.0471975511966 1.22173047639603 1.39626340159546 1.5707963267949 1.74532925199433 1.91986217719376 2.0943951023932 2.26892802759263 2.44346095279206 2.61799387799149 2.79252680319093 2.96705972839036 3.14159265358979 3.31612557878922 3.49065850398866 3.66519142918809 3.83972435438752 4.01425727958696 4.18879020478639 4.36332312998582 4.53785605518525 4.71238898038469 4.88692190558412 5.06145483078355 5.23598775598299 5.41052068118242 5.58505360638185 5.75958653158128 5.93411945678072 6.10865238198015 6.28318530717959 
2 1 2 
p 11.0000001 1 0 22 
2 1 3 
p 3.12500002499999 1 0 22 
2 2 4 
p 11.375000025 1 0 91 
2 1 2 
p 11.375000025 1 0 91 
2 3 4 
p 11.0000001 1 0 22 
2 1 3 
p 3.12500002499999 1 0 22 
2 1 3 
p 11.375000025 1 0 91 
2 1 2 
p 11.375000025 1 0 91 
2 1 2 
p 11.0000001 1 0 22 
2 2 4 
p 3.12500002499999 1 0 22 
2 2 4 
p 11.375000025 1 0 91 
2 3 4 
p 11.375000025 1 0 91 
2 3 4 
p 11.0000001 1 0 22 
2 2 4 
p 3.12500002499999 1 0 22 
2 1 3 
p 11.375000025 1 0 91 
2 3 4 
p 11.375000025 1 0 91 
2 1 2 
p 3.12500002499999 1 0 25 
2 1 3 
p 11.375000025 1 0 25 
2 3 4 
p 3.12500002499999 1 0 25 
2 1 3 
p 11.375000025 1 0 25 
2 1 2 
p 3.12500002499999 1 0 25 
2 2 4 
p 11.375000025 1 0 25 
2 3 4 
p 3.12500002499999 1 0 25 
2 2 4 
p 11.375000025 1 0 25 
Surfaces 331
1 0 788 -830 1 0 0 0 0 1 0 -1 0 
1 1.5 788 -830 1 0 0 0 0 1 0 -1 0 
1 0 788 -830 0 1 0 0 0 1 1 0 0 
1 0 1860.5 -830 0 1 0 0 0 1 1 0 0 
1 0 788 -830 0 0 1 1 0 0 0 1 0 
1 0 788 59 0 0 1 1 0 0 0 1 0 
1 1.5 1355 -798.5 1 0 0 0 0 1 0 -1 0 
1 1.5 1355 9 0 0 1 1 0 0 0 1 0 
1 1.5 1354 -798.5 1 0 0 0 0 1 0 -1 0 
1 1.5 1354 -798.5 0 1 0 0 0 1 1 0 0 
1 1.5 1355 -798.5 0 0 1 1 0 0 0 1 0 
1 1.5 1355 -798.5 1 0 0 0 0 1 0 -1 0 
1 1.5 1365 -798.5 0 1 0 0 0 1 1 0 0 
1 1.5 1355 -798.5 0 0 1 1 0 0 0 1 0 
1 2.5 1355 -798.5 1 0 0 0 0 1 0 -1 0 
1 1.5 1355 9 0 0 1 1 0 0 0 1 0 
1 1.5 1355 -798.5 0 1 0 0 0 1 1 0 0 
1 1.5 1355 -798.5 0 1 0 0 0 1 1 0 0 
1 1.5 1355 -798.5 0 1 0 0 0 1 1 0 0 
1 16.5 1354 -798.5 1 0 0 0 0 1 0 -1 0 
1 16.5 1335 -798.5 1 0 0 0 0 1 0 -1 0 
1 16.5 1354 -798.5 1 0 0 0 0 1 0 -1 0 
1 1.5 1335 -798.5 0 1 0 0 0 1 1 0 0 
1 16.5 1335 -798.5 1 0 0 0 0 1 0 -1 0 
1 1.5 1335 -798.5 0 1 0 0 0 1 1 0 0 
1 1.5 1335 -798.5 0 1 0 0 0 1 1 0 0 
1 2.5 1325 -798.5 1 0 0 0 0 1 0 -1 0 
1 1.5 1325 9 0 0 1 1 0 0 0 1 0 
1 1.5 1325 9 0 0 1 1 0 0 0 1 0 
1 1.5 1325 -798.5 0 0 1 1 0 0 0 1 0 
1 1.5 1325 -798.5 0 0 1 1 0 0 0 1 0 
1 1.5 1325 -798.5 0 1 0 0 0 1 1 0 0 
1 1.5 1325 -798.5 1 0 0 0 0 1 0 -1 0 
1 1.5 1325 -798.5 1 0 0 0 0 1 0 -1 0 
1 1.5 1335 -798.5 1 0 0 0 0 1 0 -1 0 
1 1.5 1336 -798.5 0 1 0 0 0 1 1 0 0 
1 1.5 1335 -798.5 0 0 1 1 0 0 0 1 0 
1 15.5 1335 -798.5 1 0 0 0 0 1 0 -1 0 
1 1.5 1335 9 0 0 1 1 0 0 0 1 0 
1 15.5 1335 9 0 0 1 1 0 0 0 1 0 
1 15.5 1335 -798.5 0 0 1 1 0 0 0 1 0 
1 1.5 1355 -798.5 0 0 1 1 0 0 0 1 0 
1 1.5 1354 -798.5 0 0 1 1 0 0 0 1 0 
1 1.5 1354 9 0 0 1 1 0 0 0 1 0 
1 1.5 1355 9 0 0 1 1 0 0 0 1 0 
1 1.5 893.5 9 1 0 0 0 0 1 0 -1 0 
1 1.5 893.5 9 0 1 0 0 0 1 1 0 0 
1 1.5 1860.5 9 0 1 0 0 0 1 1 0 0 
1 1.5 893.5 9 0 1 0 0 0 1 1 0 0 
1 1.5 893.5 59 0 0 1 1 0 0 0 1 0 
1 3.5 892.5 57 0 0 1 1 0 0 0 1 0 
1 29.5 892.5 11 1 0 0 0 0 1 0 -1 0 
1 3.5 892.5 11 0 0 1 1 0 0 0 1 0 
1 3.5 892.5 11 1 0 0 0 0 1 0 -1 0 
1 1.5 893.5 9 0 0 1 1 0 0 0 1 0 
1 31.5 893.5 9 1 0 0 0 0 1 0 -1 0 
1 3.5 893.5 57 0 0 1 1 0 0 0 1 0 
1 3.5 896.5 11 0 1 0 0 0 1 1 0 0 
1 29.5 893.5 11 1 0 0 0 0 1 0 -1 0 
1 3.5 893.5 11 0 0 1 1 0 0 0 1 0 
1 3.5 893.5 11 1 0 0 0 0 1 0 -1 0 
1 670 893.5 9 1 0 0 0 0 1 0 -1 0 
1 670 893.5 9 0 1 0 0 0 1 1 0 0 
1 670 1860.5 9 0 1 0 0 0 1 1 0 0 
1 670 893.5 9 0 1 0 0 0 1 1 0 0 
1 670 893.5 59 0 0 1 1 0 0 0 1 0 
1 672 892.5 57 0 0 1 1 0 0 0 1 0 
1 698 892.5 11 1 0 0 0 0 1 0 -1 0 
1 672 892.5 11 0 0 1 1 0 0 0 1 0 
1 672 892.5 11 1 0 0 0 0 1 0 -1 0 
1 670 893.5 9 0 0 1 1 0 0 0 1 0 
1 700 893.5 9 1 0 0 0 0 1 0 -1 0 
1 672 893.5 57 0 0 1 1 0 0 0 1 0 
1 672 896.5 11 0 1 0 0 0 1 1 0 0 
1 698 893.5 11 1 0 0 0 0 1 0 -1 0 
1 672 893.5 11 0 0 1 1 0 0 0 1 0 
1 672 893.5 11 1 0 0 0 0 1 0 -1 0 
1 1.5 791 39 1 0 0 0 0 1 0 -1 0 
1 1.5 791 39 0 1 0 0 0 1 1 0 0 
1 1.5 893.5 39 0 1 0 0 0 1 1 0 0 
1 3.5 790 57 0 0 1 1 0 0 0 1 0 
1 29.5 790 41 1 0 0 0 0 1 0 -1 0 
1 3.5 790 41 0 0 1 1 0 0 0 1 0 
1 3.5 790 41 1 0 0 0 0 1 0 -1 0 
1 1.5 791 59 0 0 1 1 0 0 0 1 0 
1 1.5 791 39 0 0 1 1 0 0 0 1 0 
1 31.5 791 39 1 0 0 0 0 1 0 -1 0 
1 670 791 39 1 0 0 0 0 1 0 -1 0 
1 670 791 39 0 1 0 0 0 1 1 0 0 
1 670 893.5 39 0 1 0 0 0 1 1 0 0 
1 672 790 57 0 0 1 1 0 0 0 1 0 
1 698 790 41 1 0 0 0 0 1 0 -1 0 
1 672 790 41 0 0 1 1 0 0 0 1 0 
1 672 790 41 1 0 0 0 0 1 0 -1 0 
1 670 791 59 0 0 1 1 0 0 0 1 0 
1 670 791 39 0 0 1 1 0 0 0 1 0 
1 700 791 39 1 0 0 0 0 1 0 -1 0 
1 31.5 1094 39 1 0 0 0 0 1 0 -1 0 
1 30.5 1096 41 0 0 1 1 0 0 0 1 0 
1 30.5 1122 41 0 1 0 0 0 1 1 0 0 
1 30.5 1096 57 0 0 1 1 0 0 0 1 0 
1 30.5 1096 41 0 1 0 0 0 1 1 0 0 
1 31.5 1094 39 0 1 0 0 0 1 1 0 0 
1 228 1094 39 1 0 0 0 0 1 0 -1 0 
1 31.5 1094 59 0 0 1 1 0 0 0 1 0 
1 31.5 1094 39 0 0 1 1 0 0 0 1 0 
1 31.5 1124 39 0 1 0 0 0 1 1 0 0 
1 472 1094 39 1 0 0 0 0 1 0 -1 0 
1 471 1096 41 0 0 1 1 0 0 0 1 0 
1 471 1122 41 0 1 0 0 0 1 1 0 0 
1 471 1096 57 0 0 1 1 0 0 0 1 0 
1 471 1096 41 0 1 0 0 0 1 1 0 0 
1 472 1094 39 0 1 0 0 0 1 1 0 0 
1 670 1094 39 1 0 0 0 0 1 0 -1 0 
1 472 1094 59 0 0 1 1 0 0 0 1 0 
1 472 1094 39 0 0 1 1 0 0 0 1 0 
1 472 1124 39 0 1 0 0 0 1 1 0 0 
1 31.5 1200 39 1 0 0 0 0 1 0 -1 0 
1 30.5 1202 41 0 0 1 1 0 0 0 1 0 
1 30.5 1228 41 0 1 0 0 0 1 1 0 0 
1 30.5 1202 57 0 0 1 1 0 0 0 1 0 
1 30.5 1202 41 0 1 0 0 0 1 1 0 0 
1 31.5 1200 39 0 1 0 0 0 1 1 0 0 
1 670 1200 39 1 0 0 0 0 1 0 -1 0 
1 31.5 1200 59 0 0 1 1 0 0 0 1 0 
1 31.5 1200 39 0 0 1 1 0 0 0 1 0 
1 31.5 1230 39 0 1 0 0 0 1 1 0 0 
1 10 800 35 1 0 0 0 0 1 0 -1 0 
1 30 800 35 1 0 0 0 0 1 0 -1 0 
1 10 800 35 0 1 0 0 0 1 1 0 0 
1 10 880 35 0 1 0 0 0 1 1 0 0 
1 10 800 35 0 0 1 1 0 0 0 1 0 
1 10 800 39 0 0 1 1 0 0 0 1 0 
1 672 800 35 1 0 0 0 0 1 0 -1 0 
1 690 800 35 1 0 0 0 0 1 0 -1 0 
1 672 800 35 0 1 0 0 0 1 1 0 0 
1 672 880 35 0 1 0 0 0 1 1 0 0 
1 672 800 35 0 0 1 1 0 0 0 1 0 
1 672 800 39 0 0 1 1 0 0 0 1 0 
1 635 900 28.5 1 0 0 0 0 1 0 -1 0 
1 670 900 28.5 1 0 0 0 0 1 0 -1 0 
1 635 900 28.5 0 1 0 0 0 1 1 0 0 
1 635 1008.2 28.5 0 1 0 0 0 1 1 0 0 
1 635 900 28.5 0 0 1 1 0 0 0 1 0 
1 635 900 55.5 0 0 1 1 0 0 0 1 0 
1 230 1163.2 42 1 0 0 0 0 1 0 -1 0 
1 470 1163.2 42 1 0 0 0 0 1 0 -1 0 
1 230 1163.2 42 0 1 0 0 0 1 1 0 0 
1 230 1187 42 0 1 0 0 0 1 1 0 0 
1 230 1163.2 42 0 0 1 1 0 0 0 1 0 
1 230 1163.2 57 0 0 1 1 0 0 0 1 0 
1 250 1187 42 1 0 0 0 0 1 0 -1 0 
1 280 1187 42 1 0 0 0 0 1 0 -1 0 
1 250 1187 42 0 1 0 0 0 1 1 0 0 
1 250 1200 42 0 1 0 0 0 1 1 0 0 
1 250 1187 42 0 0 1 1 0 0 0 1 0 
1 250 1187 57 0 0 1 1 0 0 0 1 0 
1 420 1187 42 1 0 0 0 0 1 0 -1 0 
1 450 1187 42 1 0 0 0 0 1 0 -1 0 
1 420 1187 42 0 1 0 0 0 1 1 0 0 
1 420 1200 42 0 1 0 0 0 1 1 0 0 
1 420 1187 42 0 0 1 1 0 0 0 1 0 
1 420 1187 57 0 0 1 1 0 0 0 1 0 
1 0 788 77.5 1 0 0 0 0 1 0 -1 0 
1 0 788 59 0 0 1 1 0 0 0 1 0 
1 0 788 59 0 0 1 1 0 0 0 1 0 
1 0 788 59 0 0 1 1 0 0 0 1 0 
1 0 1107.5 77.5 0 1 0 0 0 1 1 0 0 
1 0 788 77.5 1 0 0 0 0 1 0 -1 0 
1 0 788 79 0 0 1 1 0 0 0 1 0 
1 0 1107.5 77.5 0 1 0 0 0 1 1 0 0 
1 0 1107.5 77.5 0 1 0 0 0 1 1 0 0 
1 0 1107.5 77.5 0 1 0 0 0 1 1 0 0 
1 250 960 58 1 0 0 0 0 1 0 -1 0 
1 250 960 58 1 0 0 0 0 1 0 -1 0 
1 250 960 58 0 1 0 0 0 1 1 0 0 
1 450 960 58 1 0 0 0 0 1 0 -1 0 
1 450 960 58 1 0 0 0 0 1 0 -1 0 
1 698.5 788 77.5 1 0 0 0 0 1 0 -1 0 
1 698.5 788 77.5 1 0 0 0 0 1 0 -1 0 
1 0 788 77.5 0 1 0 0 0 1 1 0 0 
1 0 788 77.5 0 1 0 0 0 1 1 0 0 
1 0 788 77.5 0 1 0 0 0 1 1 0 0 
1 250 960 58 0 1 0 0 0 1 1 0 0 
1 248.5 960 59 0 1 0 0 0 1 1 0 0 
1 248.5 958.5 59 0 0 1 1 0 0 0 1 0 
1 0 788 59 0 0 1 1 0 0 0 1 0 
1 0 788 59 0 0 1 1 0 0 0 1 0 
1 0 1106 59 0 0 1 1 0 0 0 1 0 
1 0 1106 59 0 1 0 0 0 1 1 0 0 
1 697 788 59 1 0 0 0 0 1 0 -1 0 
1 697 788 59 0 0 1 1 0 0 0 1 0 
1 0 788 59 0 0 1 1 0 0 0 1 0 
1 0 789.5 59 0 1 0 0 0 1 1 0 0 
1 1.5 788 59 1 0 0 0 0 1 0 -1 0 
1 0 788 59 0 0 1 1 0 0 0 1 0 
1 248.5 958.5 59 0 1 0 0 0 1 1 0 0 
1 451.5 958.5 59 1 0 0 0 0 1 0 -1 0 
1 248.5 958.5 77.5 0 0 1 1 0 0 0 1 0 
1 0 788 77.5 0 0 1 1 0 0 0 1 0 
1 248.5 958.5 59 1 0 0 0 0 1 0 -1 0 
1 0 1106 77.5 0 0 1 1 0 0 0 1 0 
1 0 788 77.5 0 0 1 1 0 0 0 1 0 
1 0 788 77.5 0 0 1 1 0 0 0 1 0 
1 697 788 77.5 0 0 1 1 0 0 0 1 0 
1 248.5 960 59 1 0 0 0 0 1 0 -1 0 
1 248.5 960 59 1 0 0 0 0 1 0 -1 0 
1 451.5 960 59 1 0 0 0 0 1 0 -1 0 
1 451.5 960 59 1 0 0 0 0 1 0 -1 0 
1 0 788 77.5 0 1 0 0 0 1 1 0 0 
1 6 1082 59 1 0 0 0 0 1 0 -1 0 
1 26 1082 59 1 0 0 0 0 1 0 -1 0 
1 6 1082 59 0 1 0 0 0 1 1 0 0 
1 6 1102 59 0 1 0 0 0 1 1 0 0 
1 6 1082 59 0 0 1 1 0 0 0 1 0 
1 6 1082 77.5 0 0 1 1 0 0 0 1 0 
1 672.5 1082 59 1 0 0 0 0 1 0 -1 0 
1 692.5 1082 59 1 0 0 0 0 1 0 -1 0 
1 672.5 1082 59 0 1 0 0 0 1 1 0 0 
1 672.5 1102 59 0 1 0 0 0 1 1 0 0 
1 672.5 1082 59 0 0 1 1 0 0 0 1 0 
1 672.5 1082 77.5 0 0 1 1 0 0 0 1 0 
1 0 1110.5 77.5 1 0 0 0 0 1 0 -1 0 
1 0 1110.5 77.5 0 1 0 0 0 1 1 0 0 
1 0 1110.5 77.5 1 0 0 0 0 1 0 -1 0 
1 0 1110.5 79 0 0 1 1 0 0 0 1 0 
1 0 1859 77.5 0 1 0 0 0 1 1 0 0 
1 -1 1109.5 62 0 0 1 1 0 0 0 1 0 
1 0 1110.5 59 0 0 1 1 0 0 0 1 0 
1 0 1110.5 59 0 0 1 1 0 0 0 1 0 
1 0 1110.5 59 0 0 1 1 0 0 0 1 0 
1 250 1109.5 58 1 0 0 0 0 1 0 -1 0 
1 0 1110.5 77.5 0 1 0 0 0 1 1 0 0 
1 0 1110.5 77.5 0 1 0 0 0 1 1 0 0 
1 0 1110.5 77.5 0 1 0 0 0 1 1 0 0 
1 12 1109.5 58 1 0 0 0 0 1 0 -1 0 
1 0 1859 77.5 0 1 0 0 0 1 1 0 0 
1 0 1859 77.5 0 1 0 0 0 1 1 0 0 
1 0 1859 77.5 0 1 0 0 0 1 1 0 0 
1 698.5 1110.5 77.5 1 0 0 0 0 1 0 -1 0 
1 698.5 1110.5 77.5 1 0 0 0 0 1 0 -1 0 
1 450 1109.5 58 1 0 0 0 0 1 0 -1 0 
1 450 1109.5 58 1 0 0 0 0 1 0 -1 0 
1 250 1160 58 0 1 0 0 0 1 1 0 0 
1 250 1109.5 58 1 0 0 0 0 1 0 -1 0 
1 0 1110.5 59 0 0 1 1 0 0 0 1 0 
1 0 1857.5 59 0 1 0 0 0 1 1 0 0 
1 1.5 1110.5 59 1 0 0 0 0 1 0 -1 0 
1 0 1112 59 0 1 0 0 0 1 1 0 0 
1 248.5 1160 59 0 1 0 0 0 1 1 0 0 
1 248.5 1160 59 0 0 1 1 0 0 0 1 0 
1 0 1110.5 59 0 0 1 1 0 0 0 1 0 
1 0 1110.5 59 0 0 1 1 0 0 0 1 0 
1 248.5 1161.5 59 0 1 0 0 0 1 1 0 0 
1 697 1110.5 59 1 0 0 0 0 1 0 -1 0 
1 697 1110.5 59 0 0 1 1 0 0 0 1 0 
1 0 1857.5 59 0 0 1 1 0 0 0 1 0 
1 250 1160 58 0 1 0 0 0 1 1 0 0 
1 0 1857.5 77.5 0 0 1 1 0 0 0 1 0 
1 0 1110.5 77.5 0 0 1 1 0 0 0 1 0 
1 0 1110.5 77.5 0 0 1 1 0 0 0 1 0 
1 248.5 1110.5 59 1 0 0 0 0 1 0 -1 0 
1 0 1110.5 77.5 0 0 1 1 0 0 0 1 0 
1 248.5 1110.5 59 1 0 0 0 0 1 0 -1 0 
1 248.5 1160 59 1 0 0 0 0 1 0 -1 0 
1 451.5 1160 59 1 0 0 0 0 1 0 -1 0 
1 248.5 1160 77.5 0 0 1 1 0 0 0 1 0 
1 451.5 1110.5 59 1 0 0 0 0 1 0 -1 0 
1 451.5 1110.5 59 1 0 0 0 0 1 0 -1 0 
1 697 1110.5 77.5 0 0 1 1 0 0 0 1 0 
10 6.0213859193804371 12.304571226560023 -2e+100 2e+100
2 7 1285 72 0 -1 0 1 0 0 0 0 1 5
1 6.9999999999999991 1285 72 -0 -1 -0 0 0 -1 1 -0 0 
1 11.980973490458727 1285 71.564221286261713 -0.087155742747658124 -0 -0.99619469809174555 0.99619469809174555 0 -0.087155742747658124 0 -1 0 
1 11.531538935183249 1285 69.886908691296497 0.96592582628906876 0 -0.25881904510251913 0.25881904510251913 0 0.96592582628906876 0 -1 0 
2 7 1285 72 0 -1 0 1 0 0 0 0 1 5
1 6.9999999999999991 1300 72 -0 -1 -0 0 0 -1 1 -0 0 
1 6.9999999999999991 1300 72 -0 -1 -0 0 0 -1 1 -0 0 
1 18.78200123147645 1285 66.50596259737091 0.42261826174069855 0 0.90630778703665038 -0.90630778703665038 0 0.42261826174069855 0 -1 0 
1 16.036365942074848 1285 69.578713043308937 0 1 0 0 -0 1 1 0 -0 
1 19.950531075192693 1285 70.866975344280448 -0.96592582628906831 0 0.25881904510252085 -0.25881904510252085 0 -0.96592582628906831 -0 -1 0 
1 18.78200123147645 1240 66.50596259737091 0.96592582628906831 0 -0.25881904510252085 0.25881904510252085 0 0.96592582628906831 0 -1 0 
1 6.9999999999999991 1285 72 -0 -1 -0 0 0 -1 1 -0 0 
2 7 1284 72 0 -1 0 1 0 0 0 0 1 3
2 7 1239 72 0 -1 0 1 0 0 0 0 1 3
1 16.036365942074848 1300 69.578713043308937 0 1 0 0 -0 1 1 0 -0 
1 18.78200123147645 1240 59 1 0 -0 0 0 1 0 -1 0 
1 24.302861356620326 1300 63.788764008518541 0 1 0 0 -0 1 1 0 -0 
1 19.950531075192693 1240 70.866975344280448 0 0 -1 1 0 0 0 -1 0 
1 6.9999999999999991 1300 72 -0 -1 -0 0 0 -1 1 -0 0 
1 16.036365942074848 1255 69.578713043308937 0 1 0 0 -0 1 1 0 -0 
1 19.950531075192693 1240 70.866975344280448 -0.96592582628906831 0 0.25881904510252085 -0.25881904510252085 0 -0.96592582628906831 -0 -1 0 
1 6.9999999999999991 1255 72 -0 -1 -0 0 0 -1 1 -0 0 
1 11.980973490458727 1240 71.564221286261713 -0.087155742747658124 -0 -0.99619469809174555 0.99619469809174555 0 -0.087155742747658124 0 -1 0 
1 24.302861356620326 1240 63.788764008518541 0 1 0 0 -0 1 1 0 -0 
1 24.302861356620326 1240 63.788764008518541 0 1 0 0 -0 1 1 0 -0 
1 18.78200123147645 1240 66.50596259737091 0.42261826174069855 0 0.90630778703665038 -0.90630778703665038 0 0.42261826174069855 0 -1 0 
10 6.0213859193804371 12.304571226560023 -2e+100 2e+100
2 7 1240 72 0 -1 0 1 0 0 0 0 1 5
1 6.9999999999999991 1255 72 -0 -1 -0 0 0 -1 1 -0 0 
2 7 1239 72 0 -1 0 1 0 0 0 0 1 3
1 11.531538935183249 1240 69.886908691296497 0.96592582628906876 0 -0.25881904510251913 0.25881904510251913 0 0.96592582628906876 0 -1 0 
2 7 1240 72 0 -1 0 1 0 0 0 0 1 5
1 16.036365942074848 1240 69.578713043308937 0 1 0 0 -0 1 1 0 -0 
1 6.9999999999999991 1240 72 -0 -1 -0 0 0 -1 1 -0 0 
1 26 1240 70.866975344280448 -1 -0 -0 0 0 -1 0 -1 0 
1 6.9999999999999991 1240 72 -0 -1 -0 0 0 -1 1 -0 0 
1 26 1240 62 0 0 -1 1 0 0 0 -1 0 
1 31.5 1240 62 -1 -0 -0 0 0 -1 0 -1 0 
1 31.5 1240 59 0 0 1 -1 0 0 0 -1 0 
10 1.047197551196589 7.3303828583761756 -2e+100 2e+100
2 7 1255 72 0 -1 0 1 0 0 0 0 1 5
1 6.9999999999999991 1255 72 -0 -1 -0 0 0 -1 1 -0 0 
2 7 1255 72 0 -1 0 1 0 0 0 0 1 5
1 7 1255 74.5 1 0 0 0 0 1 0 -1 0 
1 6.9999999999999991 1285 72 -0 -1 -0 0 0 -1 1 -0 0 
1 7 1255 74.5 0 0 1 1 0 0 0 1 0 
1 7 1285 74.5 0 1 0 0 0 1 1 0 0 
1 7 1255 74.5 0 1 0 0 0 1 1 0 0 
1 34 1255 74.5 1 0 0 0 0 1 0 -1 0 
1 7 1255 77.5 0 0 1 1 0 0 0 1 0 
2 7 1254 72 0 -1 0 1 0 0 0 0 1 3
2 7 1254 72 0 -1 0 1 0 0 0 0 1 3
10 1.2779535550663188 7.5611388622459046 -2e+100 2e+100
2 7 1254 72 0 -1 0 1 0 0 0 0 1 3
2 7 1239 72 0 -1 0 1 0 0 0 0 1 3
2 7 1240 72 0 -1 0 1 0 0 0 0 1 3
1 7 1240 72 -0 -1 -0 0 0 -1 1 -0 0 
1 7 1300 72 -0 -1 -0 0 0 -1 1 -0 0 
1 640 908.60000000000002 55.5 1 0 0 0 0 1 0 -1 0 
1 665 908.60000000000002 55.5 1 0 0 0 0 1 0 -1 0 
1 640 908.60000000000002 55.5 0 1 0 0 0 1 1 0 0 
1 640 999.60000000000002 55.5 0 1 0 0 0 1 1 0 0 
1 640 908.60000000000002 55.5 0 0 1 1 0 0 0 1 0 
1 640 908.60000000000002 77.5 0 0 1 1 0 0 0 1 0 
Triangulations 217
4 2 1 0 1.13686837721616e-13
0 788 -830 0 788 59 0 1860.5 -830 0 1860.5 59 0 0 889 0 0 -1072.5 889 -1072.5 2 1 3 2 3 4 
4 2 1 0 1.13686837721616e-13
0 788 -830 1.5 788 -830 0 788 59 1.5 788 59 0 0 0 1.5 889 0 889 1.5 4 2 1 4 1 3 
4 2 1 0 0
0 788 59 0 1860.5 59 1.5 788 59 1.5 1860.5 59 0 0 0 1072.5 1.5 0 1.5 1072.5 4 2 1 4 1 3 
4 2 1 0 1.13686837721616e-13
0 1860.5 -830 1.5 1860.5 -830 0 1860.5 59 1.5 1860.5 59 0 0 0 1.5 889 0 889 1.5 4 2 1 4 1 3 
4 2 1 0 0
0 788 -830 0 1860.5 -830 1.5 788 -830 1.5 1860.5 -830 0 0 0 1072.5 1.5 0 1.5 1072.5 4 2 1 4 1 3 
4 2 1 0 1.13686837721616e-13
1.5 788 -830 1.5 788 59 1.5 1860.5 -830 1.5 1860.5 59 0 0 889 0 0 -1072.5 889 -1072.5 2 1 3 2 3 4 
4 2 1 0 1.13686837721616e-13
1.5 1354 9 1.5 1365 9 1.5 1354 -798.5 1.5 1365 -798.5 807.5 1 807.5 -10 0 1 0 -10 2 3 4 1 3 2 
12 10 1 0 3.5527136788005e-15
1.5 1354 9 1.5 1365 9 15.5 1354 9 15.5 1336 9 1.5 1336 9 1.5 1325 9 2.5 1325 9 2.5 1335 9 16.5 1335 9 16.5 1355 9 2.5 1355 9 2.5 1365 9 0 -1 0 10 14 -1 14 -19 0 -19 0 -30 1 -30 1 -20 15 -20 15 0 1 0 1 10 8 5 6 8 6 7 4 5 8 2 1 11 12 2 11 3 11 1 10 3 4 10 4 9 8 9 4 10 11 3 
4 2 1 0 1.13686837721616e-13
1.5 1354 -798.5 15.5 1354 -798.5 1.5 1354 9 15.5 1354 9 0 0 0 14 807.5 0 807.5 14 4 2 1 4 1 3 
12 10 1 0 3.5527136788005e-15
1.5 1365 -798.5 2.5 1365 -798.5 1.5 1354 -798.5 15.5 1354 -798.5 15.5 1336 -798.5 1.5 1336 -798.5 1.5 1325 -798.5 2.5 1325 -798.5 2.5 1335 -798.5 16.5 1335 -798.5 16.5 1355 -798.5 2.5 1355 -798.5 0 10 1 10 0 -1 14 -1 14 -19 0 -19 0 -30 1 -30 1 -20 15 -20 15 0 1 0 9 7 8 6 7 9 5 6 9 1 3 12 2 1 12 4 12 3 11 4 5 11 5 10 9 10 5 11 12 4 
4 2 1 0 1.13686837721616e-13
1.5 1365 -798.5 2.5 1365 -798.5 1.5 1365 9 2.5 1365 9 0 0 0 1 807.5 0 807.5 1 4 2 1 4 1 3 
4 2 1 0 1.13686837721616e-13
2.5 1355 -798.5 2.5 1355 9 2.5 1365 -798.5 2.5 1365 9 0 0 807.5 0 0 -10 807.5 -10 2 1 3 2 3 4 
4 2 1 0 1.13686837721616e-13
2.5 1355 -798.5 16.5 1355 -798.5 2.5 1355 9 16.5 1355 9 0 1 0 15 807.5 1 807.5 15 4 2 1 4 1 3 
4 2 1 0 1.13686837721616e-13
16.5 1335 9 16.5 1355 9 16.5 1335 -798.5 16.5 1355 -798.5 807.5 19 807.5 -1 0 19 0 -1 1 3 4 1 4 2 
4 2 1 0 1.13686837721616e-13
16.5 1335 -798.5 2.5 1335 -798.5 2.5 1335 9 16.5 1335 9 0 15 0 1 807.5 1 807.5 15 4 1 2 4 2 3 
4 2 1 0 1.13686837721616e-13
2.5 1325 -798.5 2.5 1325 9 2.5 1335 -798.5 2.5 1335 9 0 0 807.5 0 0 -10 807.5 -10 2 1 3 2 3 4 
4 2 1 0 1.13686837721616e-13
1.5 1325 -798.5 2.5 1325 -798.5 1.5 1325 9 2.5 1325 9 0 0 0 1 807.5 0 807.5 1 4 2 1 4 1 3 
4 2 1 0 1.13686837721616e-13
1.5 1325 -798.5 1.5 1325 9 1.5 1336 -798.5 1.5 1336 9 0 0 807.5 0 0 -11 807.5 -11 4 1 3 2 1 4 
4 2 1 0 1.13686837721616e-13
1.5 1336 -798.5 15.5 1336 -798.5 1.5 1336 9 15.5 1336 9 0 0 0 14 807.5 0 807.5 14 4 2 1 4 1 3 
4 2 1 0 1.13686837721616e-13
15.5 1336 9 15.5 1354 9 15.5 1336 -798.5 15.5 1354 -798.5 807.5 -1 807.5 -19 0 -1 0 -19 1 3 4 1 4 2 
4 2 1 0 2.27373675443232e-13
1.5 893.5 9 1.5 893.5 59 1.5 1860.5 9 1.5 1860.5 59 0 0 50 0 0 -967 50 -967 2 1 3 2 3 4 
4 2 1 0 0
1.5 893.5 9 31.5 893.5 9 1.5 893.5 59 31.5 893.5 59 0 0 0 30 50 0 50 30 4 2 1 4 1 3 
4 2 1 0 2.27373675443232e-13
1.5 893.5 59 1.5 1860.5 59 31.5 893.5 59 31.5 1860.5 59 0 0 0 967 30 0 30 967 4 2 1 4 1 3 
8 8 1 0 4.44089209850063e-16
1.5 1860.5 9 31.5 1860.5 9 1.5 1860.5 59 31.5 1860.5 59 3.5 1860.5 57 29.5 1860.5 57 3.5 1860.5 11 29.5 1860.5 11 0 0 0 30 50 0 50 30 48 2 48 28 2 2 2 28 2 7 8 2 1 7 3 5 7 3 7 1 4 6 5 4 5 3 4 2 8 4 8 6 
4 2 1 0 2.27373675443232e-13
1.5 893.5 9 1.5 1860.5 9 31.5 893.5 9 31.5 1860.5 9 0 0 0 967 30 0 30 967 4 2 1 4 1 3 
4 2 1 0 2.27373675443232e-13
31.5 893.5 9 31.5 893.5 59 31.5 1860.5 9 31.5 1860.5 59 0 0 50 0 0 -967 50 -967 2 1 3 2 3 4 
4 2 1 0 2.27373675443232e-13
3.5 896.5 57 3.5 1860.5 57 29.5 896.5 57 29.5 1860.5 57 0 4 0 968 26 4 26 968 4 2 1 4 1 3 
4 2 1 0 2.27484670653867e-13
29.5 896.5 57 29.5 1860.5 57 29.5 896.5 11 29.5 1860.5 11 46 -4 46 -968 0 -4 0 -968 1 3 4 1 4 2 
4 2 1 0 2.27373675443232e-13
3.5 896.5 11 3.5 1860.5 11 29.5 896.5 11 29.5 1860.5 11 0 4 0 968 26 4 26 968 4 2 1 4 1 3 
4 2 1 0 2.27484670653867e-13
3.5 896.5 57 3.5 1860.5 57 3.5 896.5 11 3.5 1860.5 11 46 -4 46 -968 0 -4 0 -968 1 3 4 1 4 2 
4 2 1 0 7.105427357601e-15
3.5 896.5 11 29.5 896.5 11 3.5 896.5 57 29.5 896.5 57 0 0 0 26 46 0 46 26 4 2 1 4 1 3 
4 2 1 0 2.27373675443232e-13
670 893.5 9 670 893.5 59 670 1860.5 9 670 1860.5 59 0 0 50 0 0 -967 50 -967 2 1 3 2 3 4 
4 2 1 0 0
670 893.5 9 700 893.5 9 670 893.5 59 700 893.5 59 0 0 0 30 50 0 50 30 4 2 1 4 1 3 
4 2 1 0 2.27373675443232e-13
670 893.5 59 670 1860.5 59 700 893.5 59 700 1860.5 59 0 0 0 967 30 0 30 967 4 2 1 4 1 3 
8 8 1 0 0
670 1860.5 9 700 1860.5 9 670 1860.5 59 700 1860.5 59 672 1860.5 57 698 1860.5 57 672 1860.5 11 698 1860.5 11 0 0 0 30 50 0 50 30 48 2 48 28 2 2 2 28 2 7 8 2 1 7 3 5 7 3 7 1 4 6 5 4 5 3 4 2 8 4 8 6 
4 2 1 0 2.27373675443232e-13
670 893.5 9 670 1860.5 9 700 893.5 9 700 1860.5 9 0 0 0 967 30 0 30 967 4 2 1 4 1 3 
4 2 1 0 2.27373675443232e-13
700 893.5 9 700 893.5 59 700 1860.5 9 700 1860.5 59 0 0 50 0 0 -967 50 -967 2 1 3 2 3 4 
4 2 1 0 2.27373675443232e-13
672 896.5 57 672 1860.5 57 698 896.5 57 698 1860.5 57 0 4 0 968 26 4 26 968 4 2 1 4 1 3 
4 2 1 0 2.27484670653867e-13
698 896.5 57 698 1860.5 57 698 896.5 11 698 1860.5 11 46 -4 46 -968 0 -4 0 -968 1 3 4 1 4 2 
4 2 1 0 2.27373675443232e-13
672 896.5 11 672 1860.5 11 698 896.5 11 698 1860.5 11 0 4 0 968 26 4 26 968 4 2 1 4 1 3 
4 2 1 0 2.27484670653867e-13
672 896.5 57 672 1860.5 57 672 896.5 11 672 1860.5 11 46 -4 46 -968 0 -4 0 -968 1 3 4 1 4 2 
4 2 1 0 7.105427357601e-15
672 896.5 11 698 896.5 11 672 896.5 57 698 896.5 57 0 0 0 26 46 0 46 26 4 2 1 4 1 3 
4 2 1 0 0
1.5 791 39 1.5 791 59 1.5 893.5 39 1.5 893.5 59 0 0 20 0 0 -102.5 20 -102.5 2 1 3 2 3 4 
8 8 1 0 7.105427357601e-15
1.5 791 39 31.5 791 39 1.5 791 59 31.5 791 59 3.5 791 57 29.5 791 57 3.5 791 41 29.5 791 41 0 0 0 30 20 0 20 30 18 2 18 28 2 2 2 28 3 5 7 3 7 1 8 2 1 8 1 7 4 6 5 4 8 6 4 2 8 4 5 3 
4 2 1 0 0
1.5 791 59 1.5 893.5 59 31.5 791 59 31.5 893.5 59 0 0 0 102.5 30 0 30 102.5 2 1 3 4 2 3 
8 8 1 0 7.105427357601e-15
1.5 893.5 39 31.5 893.5 39 1.5 893.5 59 31.5 893.5 59 3.5 893.5 57 29.5 893.5 57 3.5 893.5 41 29.5 893.5 41 0 0 0 30 20 0 20 30 18 2 18 28 2 2 2 28 3 5 7 3 7 1 8 2 1 8 1 7 4 6 5 4 8 6 4 2 8 4 5 3 
4 2 1 0 0
1.5 791 39 1.5 893.5 39 31.5 791 39 31.5 893.5 39 0 0 0 102.5 30 0 30 102.5 2 1 3 4 2 3 
4 2 1 0 0
31.5 791 39 31.5 791 59 31.5 893.5 39 31.5 893.5 59 0 0 20 0 0 -102.5 20 -102.5 2 1 3 2 3 4 
4 2 1 0 0
3.5 791 57 3.5 893.5 57 29.5 791 57 29.5 893.5 57 0 1 0 103.5 26 1 26 103.5 4 2 1 4 1 3 
4 2 1 0 0
29.5 791 57 29.5 893.5 57 29.5 791 41 29.5 893.5 41 16 -1 16 -103.5 0 -1 0 -103.5 1 3 4 1 4 2 
4 2 1 0 0
3.5 791 41 3.5 893.5 41 29.5 791 41 29.5 893.5 41 0 1 0 103.5 26 1 26 103.5 4 2 1 4 1 3 
4 2 1 0 0
3.5 791 57 3.5 893.5 57 3.5 791 41 3.5 893.5 41 16 -1 16 -103.5 0 -1 0 -103.5 1 3 4 1 4 2 
4 2 1 0 0
670 791 39 670 791 59 670 893.5 39 670 893.5 59 0 0 20 0 0 -102.5 20 -102.5 2 1 3 2 3 4 
8 8 1 0 7.105427357601e-15
670 791 39 700 791 39 670 791 59 700 791 59 672 791 57 698 791 57 672 791 41 698 791 41 0 0 0 30 20 0 20 30 18 2 18 28 2 2 2 28 3 5 7 3 7 1 8 2 1 8 1 7 4 6 5 4 8 6 4 2 8 4 5 3 
4 2 1 0 0
670 791 59 670 893.5 59 700 791 59 700 893.5 59 0 0 0 102.5 30 0 30 102.5 2 1 3 4 2 3 
8 8 1 0 7.105427357601e-15
670 893.5 39 700 893.5 39 670 893.5 59 700 893.5 59 672 893.5 57 698 893.5 57 672 893.5 41 698 893.5 41 0 0 0 30 20 0 20 30 18 2 18 28 2 2 2 28 3 5 7 3 7 1 8 2 1 8 1 7 4 6 5 4 8 6 4 2 8 4 5 3 
4 2 1 0 0
670 791 39 670 893.5 39 700 791 39 700 893.5 39 0 0 0 102.5 30 0 30 102.5 2 1 3 4 2 3 
4 2 1 0 0
700 791 39 700 791 59 700 893.5 39 700 893.5 59 0 0 20 0 0 -102.5 20 -102.5 2 1 3 2 3 4 
4 2 1 0 0
672 791 57 672 893.5 57 698 791 57 698 893.5 57 0 1 0 103.5 26 1 26 103.5 4 2 1 4 1 3 
4 2 1 0 0
698 791 57 698 893.5 57 698 791 41 698 893.5 41 16 -1 16 -103.5 0 -1 0 -103.5 1 3 4 1 4 2 
4 2 1 0 0
672 791 41 672 893.5 41 698 791 41 698 893.5 41 0 1 0 103.5 26 1 26 103.5 4 2 1 4 1 3 
4 2 1 0 0
672 791 57 672 893.5 57 672 791 41 672 893.5 41 16 -1 16 -103.5 0 -1 0 -103.5 1 3 4 1 4 2 
8 8 1 0 7.105427357601e-15
31.5 1094 39 31.5 1094 59 31.5 1124 39 31.5 1124 59 31.5 1122 41 31.5 1096 41 31.5 1096 57 31.5 1122 57 0 0 20 0 0 -30 20 -30 2 -28 2 -2 18 -2 18 -28 4 8 5 4 5 3 6 1 3 6 3 5 2 6 7 2 7 8 2 1 6 2 8 4 
4 2 1 0 0
31.5 1094 39 228 1094 39 31.5 1094 59 228 1094 59 0 0 0 196.5 20 0 20 196.5 4 2 1 4 1 3 
4 2 1 0 0
31.5 1094 59 31.5 1124 59 228 1094 59 228 1124 59 0 0 0 30 196.5 0 196.5 30 4 2 1 4 1 3 
4 2 1 0 0
31.5 1094 39 31.5 1124 39 228 1094 39 228 1124 39 0 0 0 30 196.5 0 196.5 30 4 2 1 4 1 3 
4 2 1 0 0
31.5 1124 39 228 1124 39 31.5 1124 59 228 1124 59 0 0 0 196.5 20 0 20 196.5 4 2 1 4 1 3 
4 2 1 0 0
31.5 1122 41 228 1122 41 31.5 1096 41 228 1096 41 1 26 197.5 26 1 0 197.5 0 2 1 3 2 3 4 
4 2 1 0 0
31.5 1122 41 228 1122 41 31.5 1122 57 228 1122 57 0 1 0 197.5 16 1 16 197.5 4 2 1 4 1 3 
4 2 1 0 0
31.5 1122 57 228 1122 57 31.5 1096 57 228 1096 57 1 26 197.5 26 1 0 197.5 0 2 1 3 2 3 4 
4 2 1 0 0
31.5 1096 41 228 1096 41 31.5 1096 57 228 1096 57 0 1 0 197.5 16 1 16 197.5 4 2 1 4 1 3 
8 8 1 0 7.105427357601e-15
228 1094 39 228 1094 59 228 1124 39 228 1124 59 228 1122 41 228 1096 41 228 1096 57 228 1122 57 0 0 20 0 0 -30 20 -30 2 -28 2 -2 18 -2 18 -28 4 8 5 4 5 3 6 1 3 6 3 5 2 6 7 2 7 8 2 1 6 2 8 4 
8 8 1 0 7.105427357601e-15
472 1094 39 472 1094 59 472 1124 39 472 1124 59 472 1122 41 472 1096 41 472 1096 57 472 1122 57 0 0 20 0 0 -30 20 -30 2 -28 2 -2 18 -2 18 -28 4 8 5 4 5 3 6 1 3 6 3 5 2 6 7 2 7 8 2 1 6 2 8 4 
4 2 1 0 0
472 1094 39 670 1094 39 472 1094 59 670 1094 59 0 0 0 198 20 0 20 198 4 2 1 4 1 3 
4 2 1 0 0
472 1094 59 472 1124 59 670 1094 59 670 1124 59 0 0 0 30 198 0 198 30 3 2 1 4 2 3 
4 2 1 0 0
472 1094 39 472 1124 39 670 1094 39 670 1124 39 0 0 0 30 198 0 198 30 3 2 1 4 2 3 
4 2 1 0 0
472 1124 39 670 1124 39 472 1124 59 670 1124 59 0 0 0 198 20 0 20 198 4 2 1 4 1 3 
4 2 1 0 0
472 1122 41 670 1122 41 472 1096 41 670 1096 41 1 26 199 26 1 0 199 0 2 1 3 2 3 4 
4 2 1 0 0
472 1122 41 670 1122 41 472 1122 57 670 1122 57 0 1 0 199 16 1 16 199 4 2 1 4 1 3 
4 2 1 0 0
472 1122 57 670 1122 57 472 1096 57 670 1096 57 1 26 199 26 1 0 199 0 2 1 3 2 3 4 
4 2 1 0 0
472 1096 41 670 1096 41 472 1096 57 670 1096 57 0 1 0 199 16 1 16 199 4 2 1 4 1 3 
8 8 1 0 7.105427357601e-15
670 1094 39 670 1094 59 670 1124 39 670 1124 59 670 1122 41 670 1096 41 670 1096 57 670 1122 57 0 0 20 0 0 -30 20 -30 2 -28 2 -2 18 -2 18 -28 4 8 5 4 5 3 6 1 3 6 3 5 2 6 7 2 7 8 2 1 6 2 8 4 
8 8 1 0 7.105427357601e-15
31.5 1200 39 31.5 1200 59 31.5 1230 39 31.5 1230 59 31.5 1228 41 31.5 1202 41 31.5 1202 57 31.5 1228 57 0 0 20 0 0 -30 20 -30 2 -28 2 -2 18 -2 18 -28 4 8 5 4 5 3 6 1 3 6 3 5 2 6 7 2 7 8 2 1 6 2 8 4 
4 2 1 0 0
31.5 1200 39 670 1200 39 31.5 1200 59 670 1200 59 0 0 0 638.5 20 0 20 638.5 4 2 1 4 1 3 
4 2 1 0 0
31.5 1200 59 31.5 1230 59 670 1200 59 670 1230 59 0 0 0 30 638.5 0 638.5 30 4 2 1 4 1 3 
4 2 1 0 0
31.5 1200 39 31.5 1230 39 670 1200 39 670 1230 39 0 0 0 30 638.5 0 638.5 30 4 2 1 4 1 3 
4 2 1 0 0
31.5 1230 39 670 1230 39 31.5 1230 59 670 1230 59 0 0 0 638.5 20 0 20 638.5 4 2 1 4 1 3 
4 2 1 0 0
31.5 1228 41 670 1228 41 31.5 1202 41 670 1202 41 1 26 639.5 26 1 0 639.5 0 2 1 3 2 3 4 
4 2 1 0 0
31.5 1228 41 670 1228 41 31.5 1228 57 670 1228 57 0 1 0 639.5 16 1 16 639.5 4 2 1 4 1 3 
4 2 1 0 0
31.5 1228 57 670 1228 57 31.5 1202 57 670 1202 57 1 26 639.5 26 1 0 639.5 0 2 1 3 2 3 4 
4 2 1 0 0
31.5 1202 41 670 1202 41 31.5 1202 57 670 1202 57 0 1 0 639.5 16 1 16 639.5 4 2 1 4 1 3 
8 8 1 0 7.105427357601e-15
670 1200 39 670 1200 59 670 1230 39 670 1230 59 670 1228 41 670 1202 41 670 1202 57 670 1228 57 0 0 20 0 0 -30 20 -30 2 -28 2 -2 18 -2 18 -28 4 8 5 4 5 3 6 1 3 6 3 5 2 6 7 2 7 8 2 1 6 2 8 4 
4 2 1 0 0
10 800 35 10 800 39 10 880 35 10 880 39 0 0 4 0 0 -80 4 -80 2 1 3 2 3 4 
4 2 1 0 3.5527136788005e-15
10 800 35 30 800 35 10 800 39 30 800 39 0 0 0 20 4 0 4 20 2 1 3 4 2 3 
4 2 1 0 3.5527136788005e-15
10 800 39 10 880 39 30 800 39 30 880 39 0 0 0 80 20 0 20 80 4 2 1 4 1 3 
4 2 1 0 3.5527136788005e-15
10 880 35 30 880 35 10 880 39 30 880 39 0 0 0 20 4 0 4 20 2 1 3 4 2 3 
4 2 1 0 3.5527136788005e-15
10 800 35 10 880 35 30 800 35 30 880 35 0 0 0 80 20 0 20 80 4 2 1 4 1 3 
4 2 1 0 0
30 800 35 30 800 39 30 880 35 30 880 39 0 0 4 0 0 -80 4 -80 2 1 3 2 3 4 
4 2 1 0 0
672 800 35 672 800 39 672 880 35 672 880 39 0 0 4 0 0 -80 4 -80 2 1 3 2 3 4 
4 2 1 0 0
672 800 35 690 800 35 672 800 39 690 800 39 0 0 0 18 4 0 4 18 4 2 1 4 1 3 
4 2 1 0 0
672 800 39 672 880 39 690 800 39 690 880 39 0 0 0 80 18 0 18 80 4 2 1 4 1 3 
4 2 1 0 0
672 880 35 690 880 35 672 880 39 690 880 39 0 0 0 18 4 0 4 18 4 2 1 4 1 3 
4 2 1 0 0
672 800 35 672 880 35 690 800 35 690 880 35 0 0 0 80 18 0 18 80 4 2 1 4 1 3 
4 2 1 0 0
690 800 35 690 800 39 690 880 35 690 880 39 0 0 4 0 0 -80 4 -80 2 1 3 2 3 4 
4 2 1 0 1.13686837721616e-13
635 900 28.5 635 900 55.5 635 1008.2 28.5 635 1008.2 55.5 0 0 27 0 0 -108.2 27 -108.2 1 3 4 2 1 4 
4 2 1 0 0
635 900 28.5 670 900 28.5 635 900 55.5 670 900 55.5 0 0 0 35 27 0 27 35 4 2 1 4 1 3 
4 2 1 0 1.13686837721616e-13
635 900 55.5 635 1008.2 55.5 670 900 55.5 670 1008.2 55.5 0 0 0 108.2 35 0 35 108.2 4 2 1 4 1 3 
4 2 1 0 1.13686837721616e-13
635 1008.2 28.5 670 1008.2 28.5 635 1008.2 55.5 670 1008.2 55.5 0 0 0 35 27 0 27 35 4 2 1 4 1 3 
4 2 1 0 1.13686837721616e-13
635 900 28.5 635 1008.2 28.5 670 900 28.5 670 1008.2 28.5 0 0 0 108.2 35 0 35 108.2 4 2 1 4 1 3 
4 2 1 0 1.13686837721616e-13
670 900 28.5 670 900 55.5 670 1008.2 28.5 670 1008.2 55.5 0 0 27 0 0 -108.2 27 -108.2 1 3 4 2 1 4 
4 2 1 0 0
230 1163.2 42 230 1163.2 57 230 1187 42 230 1187 57 0 0 15 0 0 -23.8 15 -23.8 2 1 3 2 3 4 
4 2 1 0 0
230 1163.2 42 470 1163.2 42 230 1163.2 57 470 1163.2 57 0 0 0 240 15 0 15 240 2 1 3 4 2 3 
4 2 1 0 2.27373675443232e-13
230 1163.2 57 230 1187 57 470 1163.2 57 470 1187 57 0 0 0 23.8 240 0 240 23.8 4 2 1 4 1 3 
4 2 1 0 0
230 1187 42 470 1187 42 230 1187 57 470 1187 57 0 0 0 240 15 0 15 240 2 1 3 4 2 3 
4 2 1 0 2.27373675443232e-13
230 1163.2 42 230 1187 42 470 1163.2 42 470 1187 42 0 0 0 23.8 240 0 240 23.8 4 2 1 4 1 3 
4 2 1 0 0
470 1163.2 42 470 1163.2 57 470 1187 42 470 1187 57 0 0 15 0 0 -23.8 15 -23.8 2 1 3 2 3 4 
4 2 1 0 0
250 1187 42 250 1187 57 250 1200 42 250 1200 57 0 0 15 0 0 -13 15 -13 2 1 3 2 3 4 
4 2 1 0 0
250 1187 42 280 1187 42 250 1187 57 280 1187 57 0 0 0 30 15 0 15 30 2 1 3 4 2 3 
4 2 1 0 0
250 1187 57 250 1200 57 280 1187 57 280 1200 57 0 0 0 13 30 0 30 13 4 2 1 4 1 3 
4 2 1 0 0
250 1200 42 280 1200 42 250 1200 57 280 1200 57 0 0 0 30 15 0 15 30 2 1 3 4 2 3 
4 2 1 0 0
250 1187 42 250 1200 42 280 1187 42 280 1200 42 0 0 0 13 30 0 30 13 4 2 1 4 1 3 
4 2 1 0 0
280 1187 42 280 1187 57 280 1200 42 280 1200 57 0 0 15 0 0 -13 15 -13 2 1 3 2 3 4 
4 2 1 0 0
420 1187 42 420 1187 57 420 1200 42 420 1200 57 0 0 15 0 0 -13 15 -13 2 1 3 2 3 4 
4 2 1 0 0
420 1187 42 450 1187 42 420 1187 57 450 1187 57 0 0 0 30 15 0 15 30 2 1 3 4 2 3 
4 2 1 0 0
420 1187 57 420 1200 57 450 1187 57 450 1200 57 0 0 0 13 30 0 30 13 4 2 1 4 1 3 
4 2 1 0 0
420 1200 42 450 1200 42 420 1200 57 450 1200 57 0 0 0 30 15 0 15 30 2 1 3 4 2 3 
4 2 1 0 0
420 1187 42 420 1200 42 450 1187 42 450 1200 42 0 0 0 13 30 0 30 13 4 2 1 4 1 3 
4 2 1 0 0
450 1187 42 450 1187 57 450 1200 42 450 1200 57 0 0 15 0 0 -13 15 -13 2 1 3 2 3 4 
4 2 1 0 0
0 788 59 0 788 79 0 1107.5 59 0 1107.5 79 -18.5 0 1.5 0 -18.5 -319.5 1.5 -319.5 2 1 3 2 3 4 
4 2 1 0 0
0 788 59 0 788 79 698.5 788 79 698.5 788 59 -18.5 0 1.5 0 1.5 698.5 -18.5 698.5 3 1 2 3 4 1 
16 16 1 0 0
0 1107.5 59 250 1107.5 59 0 788 59 698.5 788 59 698.5 1107.5 59 450 1107.5 59 450 960 59 250 960 59 451.5 1106 59 451.5 958.5 59 697 1106 59 697 789.5 59 1.5 789.5 59 1.5 1106 59 248.5 1106 59 248.5 958.5 59 0 319.5 250 319.5 0 0 698.5 0 698.5 319.5 450 319.5 450 172 250 172 451.5 318 451.5 170.5 697 318 697 1.5 1.5 1.5 1.5 318 248.5 318 248.5 170.5 14 1 3 14 3 13 15 16 8 2 14 15 2 1 14 2 15 8 7 16 10 7 8 16 4 13 3 12 13 4 9 7 10 6 7 9 11 12 4 5 9 11 5 11 4 5 6 9 
4 2 1 0 0
0 1107.5 79 0 1107.5 59 250 1107.5 79 250 1107.5 59 1.5 0 -18.5 0 1.5 250 -18.5 250 4 2 1 3 4 1 
8 6 1 0 0
0 1107.5 79 250 1107.5 79 0 788 79 698.5 788 79 698.5 1107.5 79 450 1107.5 79 450 960 79 250 960 79 0 319.5 250 319.5 0 0 698.5 0 698.5 319.5 450 319.5 450 172 250 172 8 1 3 2 1 8 4 7 8 4 8 3 5 6 7 5 7 4 
4 2 1 0 0
250 960 79 250 960 59 250 1107.5 59 250 1107.5 79 21 0 1 0 1 -147.5 21 -147.5 2 3 4 1 2 4 
4 2 1 0 5.6843418860808e-14
450 960 59 450 960 79 250 960 59 250 960 79 1 200 21 200 1 0 21 0 2 1 3 2 3 4 
4 2 1 0 0
450 960 59 450 960 79 450 1107.5 59 450 1107.5 79 1 0 21 0 1 -147.5 21 -147.5 1 3 4 2 1 4 
4 2 1 0 0
450 1107.5 79 698.5 1107.5 79 698.5 1107.5 59 450 1107.5 59 1.5 450 1.5 698.5 -18.5 698.5 -18.5 450 3 4 1 2 3 1 
4 2 1 0 0
698.5 788 59 698.5 788 79 698.5 1107.5 59 698.5 1107.5 79 -18.5 0 1.5 0 -18.5 -319.5 1.5 -319.5 2 1 3 2 3 4 
4 2 1 0 0
451.5 1106 77.5 451.5 958.5 77.5 451.5 958.5 59 451.5 1106 59 18.5 -146 18.5 1.5 0 1.5 0 -146 2 3 4 2 4 1 
4 2 1 0 0
451.5 1106 59 697 1106 59 451.5 1106 77.5 697 1106 77.5 0 451.5 0 697 18.5 451.5 18.5 697 4 2 1 4 1 3 
4 2 1 0 0
697 789.5 77.5 697 1106 77.5 697 789.5 59 697 1106 59 18.5 -1.5 18.5 -318 0 -1.5 0 -318 1 3 4 1 4 2 
4 2 1 0 0
1.5 789.5 59 697 789.5 59 1.5 789.5 77.5 697 789.5 77.5 0 1.5 0 697 18.5 1.5 18.5 697 4 2 1 4 1 3 
4 2 1 0 0
1.5 789.5 77.5 1.5 1106 77.5 1.5 789.5 59 1.5 1106 59 18.5 -1.5 18.5 -318 0 -1.5 0 -318 1 3 4 1 4 2 
4 2 1 0 0
1.5 1106 59 248.5 1106 59 1.5 1106 77.5 248.5 1106 77.5 0 1.5 0 248.5 18.5 1.5 18.5 248.5 2 1 3 4 2 3 
4 2 1 0 0
248.5 958.5 77.5 248.5 1106 77.5 248.5 958.5 59 248.5 1106 59 18.5 1.5 18.5 -146 0 1.5 0 -146 1 3 4 1 4 2 
4 2 1 0 5.6843418860808e-14
248.5 958.5 59 451.5 958.5 59 248.5 958.5 77.5 451.5 958.5 77.5 0 0 0 203 18.5 0 18.5 203 4 2 1 4 1 3 
8 6 1 0 0
1.5 1106 77.5 248.5 1106 77.5 1.5 789.5 77.5 697 789.5 77.5 697 1106 77.5 451.5 1106 77.5 451.5 958.5 77.5 248.5 958.5 77.5 1.5 318 248.5 318 1.5 1.5 697 1.5 697 318 451.5 318 451.5 170.5 248.5 170.5 8 1 3 2 1 8 4 7 8 4 8 3 5 6 7 5 7 4 
4 2 1 0 0
6 1082 59 6 1082 77.5 6 1102 59 6 1102 77.5 0 0 18.5 0 0 -20 18.5 -20 2 1 3 2 3 4 
4 2 1 0 3.5527136788005e-15
6 1082 59 26 1082 59 6 1082 77.5 26 1082 77.5 0 0 0 20 18.5 0 18.5 20 4 2 1 4 1 3 
4 2 1 0 3.5527136788005e-15
6 1082 77.5 6 1102 77.5 26 1082 77.5 26 1102 77.5 0 0 0 20 20 0 20 20 4 2 1 4 1 3 
4 2 1 0 3.5527136788005e-15
6 1102 59 26 1102 59 6 1102 77.5 26 1102 77.5 0 0 0 20 18.5 0 18.5 20 4 2 1 4 1 3 
4 2 1 0 3.5527136788005e-15
6 1082 59 6 1102 59 26 1082 59 26 1102 59 0 0 0 20 20 0 20 20 4 2 1 4 1 3 
4 2 1 0 0
26 1082 59 26 1082 77.5 26 1102 59 26 1102 77.5 0 0 18.5 0 0 -20 18.5 -20 2 1 3 2 3 4 
4 2 1 0 0
672.5 1082 59 672.5 1082 77.5 672.5 1102 59 672.5 1102 77.5 0 0 18.5 0 0 -20 18.5 -20 2 1 3 2 3 4 
4 2 1 0 0
672.5 1082 59 692.5 1082 59 672.5 1082 77.5 692.5 1082 77.5 0 0 0 20 18.5 0 18.5 20 4 2 1 4 1 3 
4 2 1 0 0
672.5 1082 77.5 672.5 1102 77.5 692.5 1082 77.5 692.5 1102 77.5 0 0 0 20 20 0 20 20 4 2 1 4 1 3 
4 2 1 0 0
672.5 1102 59 692.5 1102 59 672.5 1102 77.5 692.5 1102 77.5 0 0 0 20 18.5 0 18.5 20 4 2 1 4 1 3 
4 2 1 0 0
672.5 1082 59 672.5 1102 59 692.5 1082 59 692.5 1102 59 0 0 0 20 20 0 20 20 4 2 1 4 1 3 
4 2 1 0 0
692.5 1082 59 692.5 1082 77.5 692.5 1102 59 692.5 1102 77.5 0 0 18.5 0 0 -20 18.5 -20 2 1 3 2 3 4 
4 2 1 0 0
0 1110.5 62 0 1110.5 79 0 1859 62 0 1859 79 -15.5 0 1.5 0 -15.5 -748.5 1.5 -748.5 2 1 3 2 3 4 
6 4 1 0 0
12 1110.5 59 250 1110.5 59 12 1110.5 62 0 1110.5 62 0 1110.5 79 250 1110.5 79 -18.5 12 -18.5 250 -15.5 12 -15.5 0 1.5 0 1.5 250 5 3 4 2 1 3 6 2 3 6 3 5 
8 6 1 0 0
0 1859 79 698.5 1859 79 0 1110.5 79 250 1110.5 79 250 1160 79 450 1160 79 450 1110.5 79 698.5 1110.5 79 0 748.5 698.5 748.5 0 0 250 0 250 49.5 450 49.5 450 0 698.5 0 5 3 4 8 6 7 1 3 5 2 5 6 2 1 5 2 6 8 
6 4 1 0 0
0 1859 79 698.5 1859 79 698.5 1859 59 12 1859 59 12 1859 62 0 1859 62 1.5 0 1.5 698.5 -18.5 698.5 -18.5 12 -15.5 12 -15.5 0 1 5 6 3 4 5 2 3 5 2 5 1 
8 6 1 0 0
12 1857.5 62 12 1859 62 0 1859 62 0 1110.5 62 12 1110.5 62 12 1112 62 1.5 1112 62 1.5 1857.5 62 13 748 13 749.5 1 749.5 1 1 13 1 13 2.5 2.5 2.5 2.5 748 5 7 4 6 7 5 3 7 8 3 4 7 2 8 1 2 3 8 
16 14 1 0 0
698.5 1859 59 698.5 1110.5 59 12 1859 59 12 1857.5 59 697 1857.5 59 697 1112 59 451.5 1112 59 451.5 1161.5 59 248.5 1161.5 59 248.5 1112 59 12 1112 59 12 1110.5 59 250 1110.5 59 250 1160 59 450 1160 59 450 1110.5 59 698.5 748.5 698.5 0 12 748.5 12 747 697 747 697 1.5 451.5 1.5 451.5 51 248.5 51 248.5 1.5 12 1.5 12 0 250 0 250 49.5 450 49.5 450 0 10 11 12 13 10 12 14 9 10 14 10 13 15 16 7 8 14 15 8 9 14 8 15 7 6 16 2 6 7 16 5 3 4 1 5 6 1 6 2 1 3 5 
4 2 1 0 0
250 1110.5 59 250 1110.5 79 250 1160 59 250 1160 79 1 -1 21 -1 1 -50.5 21 -50.5 2 1 3 2 3 4 
4 2 1 0 0
12 1110.5 62 12 1112 62 12 1110.5 59 12 1112 59 4 -1 4 -2.5 1 -1 1 -2.5 1 3 4 1 4 2 
4 2 1 0 0
698.5 1110.5 59 698.5 1110.5 79 698.5 1859 59 698.5 1859 79 -18.5 0 1.5 0 -18.5 -748.5 1.5 -748.5 2 1 3 2 3 4 
4 2 1 0 0
698.5 1110.5 59 450 1110.5 59 450 1110.5 79 698.5 1110.5 79 -18.5 698.5 -18.5 450 1.5 450 1.5 698.5 1 2 3 4 1 3 
4 2 1 0 0
450 1110.5 79 450 1110.5 59 450 1160 59 450 1160 79 21 -1 1 -1 1 -50.5 21 -50.5 1 2 3 1 3 4 
4 2 1 0 5.6843418860808e-14
450 1160 79 450 1160 59 250 1160 59 250 1160 79 21 200 1 200 1 0 21 0 1 2 3 1 3 4 
4 2 1 0 0
12 1857.5 62 12 1859 62 12 1857.5 59 12 1859 59 4 -748 4 -749.5 1 -748 1 -749.5 1 3 4 1 4 2 
6 4 1 0 0
12 1857.5 59 697 1857.5 59 12 1857.5 62 1.5 1857.5 62 1.5 1857.5 77.5 697 1857.5 77.5 0 12 0 697 3 12 3 1.5 18.5 1.5 18.5 697 5 3 4 2 1 3 6 2 3 6 3 5 
4 2 1 0 0
1.5 1112 77.5 1.5 1857.5 77.5 1.5 1112 62 1.5 1857.5 62 18.5 -1.5 18.5 -747 3 -1.5 3 -747 1 3 4 1 4 2 
6 4 1 0 0
12 1112 59 248.5 1112 59 12 1112 62 1.5 1112 62 1.5 1112 77.5 248.5 1112 77.5 0 12 0 248.5 3 12 3 1.5 18.5 1.5 18.5 248.5 5 3 4 2 1 3 6 2 3 6 3 5 
4 2 1 0 0
248.5 1112 77.5 248.5 1161.5 77.5 248.5 1112 59 248.5 1161.5 59 18.5 -1.5 18.5 -51 0 -1.5 0 -51 1 3 4 1 4 2 
4 2 1 0 5.6843418860808e-14
248.5 1161.5 59 451.5 1161.5 59 248.5 1161.5 77.5 451.5 1161.5 77.5 0 0 0 203 18.5 0 18.5 203 4 2 1 4 1 3 
4 2 1 0 0
451.5 1112 77.5 451.5 1112 59 451.5 1161.5 59 451.5 1161.5 77.5 18.5 -1.5 0 -1.5 0 -51 18.5 -51 1 2 3 1 3 4 
4 2 1 0 0
451.5 1112 59 697 1112 59 451.5 1112 77.5 697 1112 77.5 0 451.5 0 697 18.5 451.5 18.5 697 4 2 1 4 1 3 
4 2 1 0 0
697 1112 77.5 697 1857.5 77.5 697 1112 59 697 1857.5 59 18.5 -1.5 18.5 -747 0 -1.5 0 -747 3 4 2 1 3 2 
8 6 1 0 0
1.5 1857.5 77.5 697 1857.5 77.5 1.5 1112 77.5 248.5 1112 77.5 248.5 1161.5 77.5 451.5 1161.5 77.5 451.5 1112 77.5 697 1112 77.5 1.5 747 697 747 1.5 1.5 248.5 1.5 248.5 51 451.5 51 451.5 1.5 697 1.5 5 3 4 8 6 7 1 3 5 2 5 6 2 1 5 2 6 8 
70 68 1 0 0.0190265095412793
11.5315389351832 1285 69.8869086912965 11.095760221445 1285 69.1321178182448 10.5355339059327 1285 68.4644660940673 9.86788218175523 1285 67.904239778555 9.11309130870349 1285 67.4684610648168 8.2940952255126 1285 67.1703708685547 7.43577871373829 1285 67.0190265095413 6.5642212862617 1285 67.0190265095413 5.70590477448739 1285 67.1703708685547 4.8869086912965 1285 67.4684610648168 4.13211781824477 1285 67.904239778555 3.46446609406726 1285 68.4644660940673 2.90423977855504 1285 69.1321178182448 2.46846106481675 1285 69.8869086912965 2.17037086855466 1285 70.7059047744874 2.01902650954127 1285 71.5642212862617 2.01902650954127 1285 72.4357787137383 2.17037086855466 1285 73.2940952255126 2.46846106481675 1285 74.1130913087035 2.90423977855504 1285 74.8678821817552 3.46446609406726 1285 75.5355339059327 4.13211781824477 1285 76.095760221445 4.8869086912965 1285 76.5315389351832 5.70590477448739 1285 76.8296291314453 6.5642212862617 1285 76.9809734904587 7.43577871373828 1285 76.9809734904587 8.2940952255126 1285 76.8296291314453 9.11309130870349 1285 76.5315389351832 9.86788218175522 1285 76.095760221445 10.5355339059327 1285 75.5355339059328 11.095760221445 1285 74.8678821817552 11.5315389351832 1285 74.1130913087035 11.8296291314453 1285 73.2940952255126 11.9809734904587 1285 72.4357787137383 11.9809734904587 1285 71.5642212862617 11.9809734904587 1300 71.5642212862617 11.9809734904587 1300 72.4357787137383 11.8296291314453 1300 73.2940952255126 11.5315389351832 1300 74.1130913087035 11.095760221445 1300 74.8678821817552 10.5355339059327 1300 75.5355339059327 9.86788218175523 1300 76.095760221445 9.1130913087035 1300 76.5315389351832 8.2940952255126 1300 76.8296291314453 7.43577871373829 1300 76.9809734904587 6.56422128626171 1300 76.9809734904587 5.70590477448739 1300 76.8296291314453 4.8869086912965 1300 76.5315389351832 4.13211781824477 1300 76.095760221445 3.46446609406726 1300 75.5355339059327 2.90423977855504 1300 74.8678821817552 2.46846106481675 1300 74.1130913087035 2.17037086855466 1300 73.2940952255126 2.01902650954127 1300 72.4357787137383 2.01902650954127 1300 71.5642212862617 2.17037086855466 1300 70.7059047744874 2.46846106481675 1300 69.8869086912965 2.90423977855504 1300 69.1321178182448 3.46446609406726 1300 68.4644660940673 4.13211781824476 1300 67.9042397785551 4.88690869129649 1300 67.4684610648168 5.70590477448739 1300 67.1703708685547 6.5642212862617 1300 67.0190265095413 7.43577871373828 1300 67.0190265095413 8.29409522551259 1300 67.1703708685547 9.11309130870348 1300 67.4684610648168 9.86788218175522 1300 67.904239778555 10.5355339059327 1300 68.4644660940672 11.0957602214449 1300 69.1321178182448 11.5315389351832 1300 69.8869086912965 12.1300383013606 0 11.9555053761612 0 11.7809724509617 0 11.6064395257623 0 11.4319066005629 0 11.2573736753634 0 11.082840750164 0 10.9083078249646 0 10.7337748997651 0 10.5592419745657 0 10.3847090493663 0 10.2101761241668 0 10.0356431989674 0 9.86111027376796 0 9.68657734856853 0 9.5120444233691 0 9.33751149816966 0 9.16297857297023 0 8.9884456477708 0 8.81391272257136 0 8.63937979737193 0 8.4648468721725 0 8.29031394697307 0 8.11578102177363 0 7.9412480965742 0 7.76671517137477 0 7.59218224617533 0 7.4176493209759 0 7.24311639577647 0 7.06858347057704 0 6.8940505453776 0 6.71951762017817 0 6.54498469497874 0 6.37045176977931 0 6.19591884457987 0 6.19591884457987 -15 6.3704517697793 -15 6.54498469497874 -15 6.71951762017817 -15 6.8940505453776 -15 7.06858347057704 -15 7.24311639577647 -15 7.4176493209759 -15 7.59218224617533 -15 7.76671517137477 -15 7.9412480965742 -15 8.11578102177363 -15 8.29031394697307 -15 8.4648468721725 -15 8.63937979737193 -15 8.81391272257136 -15 8.9884456477708 -15 9.16297857297023 -15 9.33751149816966 -15 9.5120444233691 -15 9.68657734856853 -15 9.86111027376796 -15 10.0356431989674 -15 10.2101761241668 -15 10.3847090493663 -15 10.5592419745657 -15 10.7337748997651 -15 10.9083078249646 -15 11.082840750164 -15 11.2573736753634 -15 11.4319066005629 -15 11.6064395257623 -15 11.7809724509617 -15 11.9555053761612 -15 12.1300383013606 -15 35 36 37 34 37 38 34 35 37 33 38 39 33 34 38 32 39 40 32 33 39 31 40 41 31 32 40 30 31 41 29 41 42 29 42 43 29 30 41 28 29 43 28 43 44 27 28 44 26 27 44 26 44 45 26 45 46 25 26 46 24 25 46 24 46 47 23 24 47 23 47 48 22 23 48 22 48 49 21 22 49 21 49 50 20 21 50 20 50 51 20 51 52 19 20 52 18 19 52 18 52 53 18 53 54 17 18 54 16 17 54 16 54 55 16 55 56 15 16 56 14 56 57 14 57 58 14 15 56 13 58 59 13 14 58 12 13 59 11 59 60 11 12 59 10 60 61 10 61 62 10 11 60 9 62 63 9 10 62 8 9 63 7 63 64 7 64 65 7 8 63 6 65 66 6 7 65 5 6 66 4 66 67 4 67 68 4 5 66 3 4 68 3 68 69 2 3 69 1 2 69 1 69 70 
73 73 1 0 1.43214466921978e-14
11.5315389351832 1285 69.8869086912965 11.095760221445 1285 69.1321178182448 10.5355339059327 1285 68.4644660940673 9.86788218175523 1285 67.904239778555 9.11309130870349 1285 67.4684610648168 8.2940952255126 1285 67.1703708685547 7.43577871373829 1285 67.0190265095413 6.5642212862617 1285 67.0190265095413 5.70590477448739 1285 67.1703708685547 4.8869086912965 1285 67.4684610648168 4.13211781824477 1285 67.904239778555 3.46446609406726 1285 68.4644660940673 2.90423977855504 1285 69.1321178182448 2.46846106481675 1285 69.8869086912965 2.17037086855466 1285 70.7059047744874 2.01902650954127 1285 71.5642212862617 2.01902650954127 1285 72.4357787137383 2.17037086855466 1285 73.2940952255126 2.46846106481675 1285 74.1130913087035 2.90423977855504 1285 74.8678821817552 3.46446609406726 1285 75.5355339059327 4.13211781824477 1285 76.095760221445 4.8869086912965 1285 76.5315389351832 5.70590477448739 1285 76.8296291314453 6.5642212862617 1285 76.9809734904587 7.43577871373828 1285 76.9809734904587 8.2940952255126 1285 76.8296291314453 9.11309130870349 1285 76.5315389351832 9.86788218175522 1285 76.095760221445 10.5355339059327 1285 75.5355339059328 11.095760221445 1285 74.8678821817552 11.5315389351832 1285 74.1130913087035 11.8296291314453 1285 73.2940952255126 11.9809734904587 1285 72.4357787137383 11.9809734904587 1285 71.5642212862617 18.7820012314764 1285 66.5059625973709 19.9505310751927 1285 70.8669753442804 10 1285 72 9.95442325903662 1285 72.5209445330008 9.81907786235772 1285 73.026060429977 9.59807621135332 1285 73.5 9.29813332935693 1285 73.9283628290596 8.92836282905962 1285 74.2981333293569 8.5 1285 74.5980762113533 8.02606042997701 1285 74.8190778623577 7.52094453300079 1285 74.9544232590366 7 1285 75 6.47905546699921 1285 74.9544232590366 5.97393957002299 1285 74.8190778623577 5.5 1285 74.5980762113533 5.07163717094038 1285 74.2981333293569 4.70186667064307 1285 73.9283628290596 4.40192378864669 1285 73.5 4.18092213764228 1285 73.026060429977 4.04557674096338 1285 72.5209445330008 4 1285 72 4.04557674096337 1285 71.4790554669992 4.18092213764227 1285 70.973939570023 4.40192378864668 1285 70.5 4.70186667064306 1285 70.0716371709404 5.07163717094038 1285 69.7018666706431 5.49999999999999 1285 69.4019237886467 5.97393957002299 1285 69.1809221376423 6.4790554669992 1285 69.0455767409634 6.99999999999999 1285 69 7.52094453300078 1285 69.0455767409634 8.026060429977 1285 69.1809221376423 8.49999999999999 1285 69.4019237886467 8.92836282905961 1285 69.7018666706431 9.29813332935693 1285 70.0716371709404 9.59807621135331 1285 70.5 9.81907786235772 1285 70.973939570023 9.95442325903662 1285 71.4790554669992 2.1130913087035 4.53153893518325 2.86788218175523 4.09576022144496 3.53553390593274 3.53553390593274 4.09576022144496 2.86788218175523 4.53153893518325 2.11309130870349 4.82962913144534 1.2940952255126 4.98097349045873 0.435778713738287 4.98097349045873 -0.435778713738294 4.82962913144534 -1.29409522551261 4.53153893518325 -2.1130913087035 4.09576022144496 -2.86788218175523 3.53553390593274 -3.53553390593274 2.86788218175523 -4.09576022144496 2.11309130870349 -4.53153893518325 1.2940952255126 -4.82962913144534 0.43577871373829 -4.98097349045873 -0.435778713738291 -4.98097349045873 -1.2940952255126 -4.82962913144534 -2.1130913087035 -4.53153893518325 -2.86788218175523 -4.09576022144496 -3.53553390593274 -3.53553390593274 -4.09576022144496 -2.86788218175523 -4.53153893518325 -2.1130913087035 -4.82962913144534 -1.29409522551261 -4.98097349045873 -0.435778713738296 -4.98097349045873 0.435778713738284 -4.82962913144534 1.2940952255126 -4.53153893518325 2.11309130870349 -4.09576022144496 2.86788218175522 -3.53553390593275 3.53553390593273 -2.86788218175524 4.09576022144495 -2.11309130870351 4.53153893518325 -1.29409522551262 4.82962913144534 -0.435778713738306 4.98097349045873 0.435778713738287 4.98097349045873 5.49403740262909 11.7820012314764 1.13302465571955 12.9505310751927 8.88178419700125e-16 3 -0.520944533000791 2.95442325903663 -1.02606042997701 2.81907786235773 -1.5 2.59807621135332 -1.92836282905962 2.29813332935693 -2.29813332935693 1.92836282905962 -2.59807621135332 1.5 -2.81907786235772 1.02606042997701 -2.95442325903662 0.520944533000792 -3 8.88178419700125e-16 -2.95442325903662 -0.52094453300079 -2.81907786235773 -1.02606042997701 -2.59807621135332 -1.5 -2.29813332935694 -1.92836282905962 -1.92836282905962 -2.29813332935693 -1.5 -2.59807621135331 -1.02606042997701 -2.81907786235772 -0.520944533000795 -2.95442325903662 -4.44089209850063e-15 -3 0.520944533000786 -2.95442325903662 1.026060429977 -2.81907786235773 1.49999999999999 -2.59807621135332 1.92836282905961 -2.29813332935694 2.29813332935693 -1.92836282905962 2.59807621135331 -1.5 2.81907786235772 -1.02606042997701 2.95442325903662 -0.520944533000798 3 -7.99360577730113e-15 2.95442325903663 0.520944533000783 2.81907786235773 1.026060429977 2.59807621135332 1.49999999999999 2.29813332935694 1.92836282905961 1.92836282905963 2.29813332935693 1.50000000000001 2.59807621135331 1.02606042997702 2.81907786235772 0.520944533000804 2.95442325903662 51 22 21 52 21 20 52 51 21 53 52 20 53 20 19 50 23 22 50 22 51 54 53 19 54 19 18 49 23 50 49 24 23 55 54 18 55 18 17 48 25 24 48 24 49 56 17 16 56 55 17 47 25 48 47 26 25 57 56 16 57 16 15 46 26 47 46 27 26 58 15 14 58 57 15 45 27 46 45 28 27 59 14 13 59 58 14 44 29 28 44 28 45 60 59 13 43 29 44 30 29 43 12 60 13 61 60 12 42 30 43 31 42 41 31 30 42 11 61 12 11 62 61 32 41 40 32 31 41 10 63 62 10 62 11 33 40 39 33 32 40 9 63 10 9 64 63 34 39 38 34 33 39 8 65 64 8 64 9 35 38 73 35 34 38 7 66 65 7 65 8 6 67 66 6 66 7 5 67 6 5 68 67 1 35 73 1 72 71 1 73 72 4 68 5 4 69 68 2 1 71 2 71 70 3 69 4 3 2 70 3 70 69 36 35 1 36 37 35 
4 2 1 0 0
11.9809734904587 1285 71.5642212862617 11.9809734904587 1300 71.5642212862617 19.9505310751927 1300 70.8669753442804 19.9505310751927 1285 70.8669753442804 0 0 0 -15 8 -15 8 0 4 1 2 4 2 3 
78 78 1 0 1.43214466921978e-14
11.9809734904587 1300 71.5642212862617 11.9809734904587 1300 72.4357787137383 11.8296291314453 1300 73.2940952255126 11.5315389351832 1300 74.1130913087035 11.095760221445 1300 74.8678821817552 10.5355339059327 1300 75.5355339059327 9.86788218175523 1300 76.095760221445 9.1130913087035 1300 76.5315389351832 8.2940952255126 1300 76.8296291314453 7.43577871373829 1300 76.9809734904587 6.56422128626171 1300 76.9809734904587 5.70590477448739 1300 76.8296291314453 4.8869086912965 1300 76.5315389351832 4.13211781824477 1300 76.095760221445 3.46446609406726 1300 75.5355339059327 2.90423977855504 1300 74.8678821817552 2.46846106481675 1300 74.1130913087035 2.17037086855466 1300 73.2940952255126 2.01902650954127 1300 72.4357787137383 2.01902650954127 1300 71.5642212862617 2.17037086855466 1300 70.7059047744874 2.46846106481675 1300 69.8869086912965 2.90423977855504 1300 69.1321178182448 3.46446609406726 1300 68.4644660940673 4.13211781824476 1300 67.9042397785551 4.88690869129649 1300 67.4684610648168 5.70590477448739 1300 67.1703708685547 6.5642212862617 1300 67.0190265095413 7.43577871373828 1300 67.0190265095413 8.29409522551259 1300 67.1703708685547 9.11309130870348 1300 67.4684610648168 9.86788218175522 1300 67.904239778555 10.5355339059327 1300 68.4644660940672 11.0957602214449 1300 69.1321178182448 11.5315389351832 1300 69.8869086912965 18.7820012314764 1300 66.5059625973709 18.7820012314764 1300 59 31.5 1300 59 31.5 1300 62 26 1300 62 26 1300 70.8669753442804 19.9505310751927 1300 70.8669753442804 10 1300 72 9.95442325903662 1300 72.5209445330008 9.81907786235772 1300 73.026060429977 9.59807621135332 1300 73.5 9.29813332935693 1300 73.9283628290596 8.92836282905962 1300 74.2981333293569 8.5 1300 74.5980762113533 8.02606042997701 1300 74.8190778623577 7.52094453300079 1300 74.9544232590366 7 1300 75 6.47905546699921 1300 74.9544232590366 5.97393957002299 1300 74.8190778623577 5.5 1300 74.5980762113533 5.07163717094038 1300 74.2981333293569 4.70186667064307 1300 73.9283628290596 4.40192378864669 1300 73.5 4.18092213764228 1300 73.026060429977 4.04557674096338 1300 72.5209445330008 4 1300 72 4.04557674096337 1300 71.4790554669992 4.18092213764227 1300 70.973939570023 4.40192378864668 1300 70.5 4.70186667064306 1300 70.0716371709404 5.07163717094038 1300 69.7018666706431 5.49999999999999 1300 69.4019237886467 5.97393957002299 1300 69.1809221376423 6.4790554669992 1300 69.0455767409634 6.99999999999999 1300 69 7.52094453300078 1300 69.0455767409634 8.026060429977 1300 69.1809221376423 8.49999999999999 1300 69.4019237886467 8.92836282905961 1300 69.7018666706431 9.29813332935693 1300 70.0716371709404 9.59807621135331 1300 70.5 9.81907786235772 1300 70.973939570023 9.95442325903662 1300 71.4790554669992 0.435778713738287 4.98097349045873 -0.435778713738294 4.98097349045873 -1.29409522551261 4.82962913144534 -2.1130913087035 4.53153893518325 -2.86788218175523 4.09576022144496 -3.53553390593274 3.53553390593274 -4.09576022144496 2.86788218175523 -4.53153893518325 2.1130913087035 -4.82962913144534 1.2940952255126 -4.98097349045873 0.435778713738288 -4.98097349045873 -0.435778713738293 -4.82962913144534 -1.29409522551261 -4.53153893518325 -2.1130913087035 -4.09576022144496 -2.86788218175523 -3.53553390593274 -3.53553390593274 -2.86788218175523 -4.09576022144496 -2.1130913087035 -4.53153893518325 -1.29409522551261 -4.82962913144534 -0.435778713738294 -4.98097349045873 0.435778713738286 -4.98097349045873 1.2940952255126 -4.82962913144534 2.11309130870349 -4.53153893518325 2.86788218175522 -4.09576022144496 3.53553390593273 -3.53553390593274 4.09576022144496 -2.86788218175524 4.53153893518325 -2.1130913087035 4.82962913144534 -1.29409522551261 4.98097349045873 -0.4357787137383 4.98097349045873 0.43577871373828 4.82962913144535 1.29409522551259 4.53153893518325 2.11309130870349 4.09576022144497 2.86788218175522 3.53553390593275 3.53553390593273 2.86788218175524 4.09576022144495 2.1130913087035 4.53153893518325 5.49403740262909 11.7820012314764 13 11.7820012314764 13 24.5 10 24.5 10 19 1.13302465571955 19 1.13302465571955 12.9505310751927 8.88178419700125e-16 3 -0.520944533000791 2.95442325903662 -1.02606042997701 2.81907786235773 -1.5 2.59807621135332 -1.92836282905962 2.29813332935694 -2.29813332935693 1.92836282905962 -2.59807621135332 1.5 -2.81907786235772 1.02606042997701 -2.95442325903662 0.520944533000792 -3 8.88178419700125e-16 -2.95442325903662 -0.52094453300079 -2.81907786235773 -1.02606042997701 -2.59807621135332 -1.5 -2.29813332935694 -1.92836282905962 -1.92836282905962 -2.29813332935693 -1.5 -2.59807621135331 -1.02606042997701 -2.81907786235772 -0.520944533000795 -2.95442325903662 -4.44089209850063e-15 -3 0.520944533000786 -2.95442325903662 1.026060429977 -2.81907786235773 1.49999999999999 -2.59807621135332 1.92836282905961 -2.29813332935694 2.29813332935693 -1.92836282905962 2.59807621135331 -1.5 2.81907786235772 -1.02606042997701 2.95442325903662 -0.520944533000798 3 -7.99360577730113e-15 2.95442325903663 0.520944533000783 2.81907786235773 1.026060429977 2.59807621135332 1.49999999999999 2.29813332935694 1.92836282905961 1.92836282905963 2.29813332935693 1.50000000000001 2.59807621135331 1.02606042997702 2.81907786235772 0.520944533000804 2.95442325903662 56 14 15 57 15 16 57 56 15 58 57 16 58 16 17 55 13 14 55 14 56 59 58 17 59 17 18 54 12 13 54 13 55 60 18 19 60 59 18 53 11 12 53 12 54 61 60 19 61 19 20 52 10 11 52 11 53 62 20 21 62 61 20 51 9 10 51 10 52 63 21 22 63 62 21 50 9 51 50 8 9 64 22 23 64 63 22 49 7 8 49 8 50 65 64 23 48 7 49 24 65 23 6 7 48 66 65 24 47 6 48 25 66 24 25 67 66 5 47 46 5 6 47 26 67 25 26 68 67 4 46 45 4 5 46 27 68 26 27 69 68 3 45 44 3 4 45 28 69 27 28 70 69 2 44 43 2 3 44 29 70 28 29 71 70 1 43 78 1 2 43 30 72 71 30 71 29 31 73 72 31 72 30 35 1 78 35 77 76 35 78 77 32 73 31 32 74 73 34 35 76 34 76 75 33 74 32 33 34 75 33 75 74 42 1 35 36 42 35 41 42 36 40 41 36 40 36 37 38 40 37 38 39 40 
4 2 1 0 1.77635683940025e-15
18.7820012314764 1285 66.5059625973709 18.7820012314764 1300 66.5059625973709 11.5315389351832 1300 69.8869086912965 11.5315389351832 1285 69.8869086912965 0 0 0 -15 8 -15 8 0 4 1 2 4 2 3 
4 2 1 0 1.4210854715202e-14
19.9505310751927 1255 70.8669753442804 18.7820012314764 1255 66.5059625973709 18.7820012314764 1285 66.5059625973709 19.9505310751927 1285 70.8669753442804 4.51485261934019 -15 0 -15 8.88178419700125e-16 -45 4.51485261934019 -45 1 2 3 1 3 4 
74 72 1 0 0.0114159057247752
10 1285 72 9.95442325903662 1285 72.5209445330008 9.81907786235772 1285 73.026060429977 9.59807621135332 1285 73.5 9.29813332935693 1285 73.9283628290596 8.92836282905962 1285 74.2981333293569 8.5 1285 74.5980762113533 8.02606042997701 1285 74.8190778623577 7.52094453300079 1285 74.9544232590366 7 1285 75 6.47905546699921 1285 74.9544232590366 5.97393957002299 1285 74.8190778623577 5.5 1285 74.5980762113533 5.07163717094038 1285 74.2981333293569 4.70186667064307 1285 73.9283628290596 4.40192378864669 1285 73.5 4.18092213764228 1285 73.026060429977 4.04557674096338 1285 72.5209445330008 4 1285 72 4.04557674096337 1285 71.4790554669992 4.18092213764227 1285 70.973939570023 4.40192378864668 1285 70.5 4.70186667064306 1285 70.0716371709404 5.07163717094038 1285 69.7018666706431 5.49999999999999 1285 69.4019237886467 5.97393957002299 1285 69.1809221376423 6.4790554669992 1285 69.0455767409634 6.99999999999999 1285 69 7.52094453300078 1285 69.0455767409634 8.026060429977 1285 69.1809221376423 8.49999999999999 1285 69.4019237886467 8.92836282905961 1285 69.7018666706431 9.29813332935693 1285 70.0716371709404 9.59807621135331 1285 70.5 9.81907786235772 1285 70.973939570023 9.95442325903662 1285 71.4790554669992 10 1285 72 10 1300 72 9.95442325903662 1300 72.5209445330008 9.81907786235772 1300 73.026060429977 9.59807621135332 1300 73.5 9.29813332935693 1300 73.9283628290596 8.92836282905962 1300 74.2981333293569 8.5 1300 74.5980762113533 8.02606042997701 1300 74.8190778623577 7.52094453300079 1300 74.9544232590366 7 1300 75 6.47905546699921 1300 74.9544232590366 5.97393957002299 1300 74.8190778623577 5.5 1300 74.5980762113533 5.07163717094038 1300 74.2981333293569 4.70186667064307 1300 73.9283628290596 4.40192378864669 1300 73.5 4.18092213764228 1300 73.026060429977 4.04557674096338 1300 72.5209445330008 4 1300 72 4.04557674096337 1300 71.4790554669992 4.18092213764227 1300 70.973939570023 4.40192378864668 1300 70.5 4.70186667064306 1300 70.0716371709404 5.07163717094038 1300 69.7018666706431 5.49999999999999 1300 69.4019237886467 5.97393957002299 1300 69.1809221376423 6.4790554669992 1300 69.0455767409634 6.99999999999999 1300 69 7.52094453300078 1300 69.0455767409634 8.026060429977 1300 69.1809221376423 8.49999999999999 1300 69.4019237886467 8.92836282905961 1300 69.7018666706431 9.29813332935693 1300 70.0716371709404 9.59807621135331 1300 70.5 9.81907786235772 1300 70.973939570023 9.95442325903662 1300 71.4790554669992 10 1300 72 0 -1 0.174532925199433 -1 0.349065850398866 -1 0.523598775598299 -1 0.698131700797732 -1 0.872664625997165 -1 1.0471975511966 -1 1.22173047639603 -1 1.39626340159546 -1 1.5707963267949 -1 1.74532925199433 -1 1.91986217719376 -1 2.0943951023932 -1 2.26892802759263 -1 2.44346095279206 -1 2.61799387799149 -1 2.79252680319093 -1 2.96705972839036 -1 3.14159265358979 -1 3.31612557878922 -1 3.49065850398866 -1 3.66519142918809 -1 3.83972435438752 -1 4.01425727958696 -1 4.18879020478639 -1 4.36332312998582 -1 4.53785605518525 -1 4.71238898038469 -1 4.88692190558412 -1 5.06145483078355 -1 5.23598775598299 -1 5.41052068118242 -1 5.58505360638185 -1 5.75958653158128 -1 5.93411945678072 -1 6.10865238198015 -1 6.28318530717959 -1 0 -16 0.174532925199433 -16 0.349065850398866 -16 0.523598775598299 -16 0.698131700797732 -16 0.872664625997165 -16 1.0471975511966 -16 1.22173047639603 -16 1.39626340159546 -16 1.5707963267949 -16 1.74532925199433 -16 1.91986217719376 -16 2.0943951023932 -16 2.26892802759263 -16 2.44346095279206 -16 2.61799387799149 -16 2.79252680319093 -16 2.96705972839036 -16 3.14159265358979 -16 3.31612557878922 -16 3.49065850398866 -16 3.66519142918809 -16 3.83972435438752 -16 4.01425727958696 -16 4.18879020478639 -16 4.36332312998582 -16 4.53785605518525 -16 4.71238898038469 -16 4.88692190558412 -16 5.06145483078355 -16 5.23598775598299 -16 5.41052068118242 -16 5.58505360638185 -16 5.75958653158128 -16 5.93411945678072 -16 6.10865238198015 -16 6.28318530717959 -16 2 1 38 2 38 39 3 39 40 3 2 39 4 40 41 4 41 42 4 3 40 5 42 43 5 4 42 6 5 43 7 6 43 7 43 44 7 44 45 8 7 45 8 45 46 9 8 46 10 9 46 10 46 47 10 47 48 11 10 48 12 11 48 12 48 49 13 12 49 13 49 50 13 50 51 14 13 51 15 14 51 15 51 52 15 52 53 16 15 53 17 16 53 17 53 54 18 17 54 18 54 55 18 55 56 19 18 56 20 56 57 20 19 56 20 57 58 21 20 58 22 58 59 22 59 60 22 21 58 23 22 60 24 23 60 24 60 61 25 61 62 25 24 61 26 62 63 26 63 64 26 25 62 27 64 65 27 26 64 28 27 65 29 65 66 29 66 67 29 28 65 30 29 67 31 67 68 31 30 67 32 31 68 32 68 69 32 69 70 33 32 70 34 33 70 34 70 71 35 34 71 35 71 72 36 35 72 36 72 73 36 73 74 37 36 74 
6 4 1 0 0
19.9505310751927 1240 70.8669753442804 19.9505310751927 1255 70.8669753442804 19.9505310751927 1285 70.8669753442804 19.9505310751927 1300 70.8669753442804 26 1300 70.8669753442804 26 1240 70.8669753442804 0 0 0 -15 0 -45 0 -60 6.04946892480731 -60 6.04946892480731 0 3 4 5 6 1 2 5 6 2 5 2 3 
6 4 1 0 0
18.7820012314764 1240 59 18.7820012314764 1300 59 18.7820012314764 1300 66.5059625973709 18.7820012314764 1285 66.5059625973709 18.7820012314764 1255 66.5059625973709 18.7820012314764 1240 66.5059625973709 0 0 0 -60 7.50596259737091 -60 7.50596259737091 -45 7.50596259737091 -15 7.50596259737091 0 4 2 3 6 1 5 1 2 4 1 4 5 
4 2 1 0 3.5527136788005e-15
31.5 1240 59 31.5 1300 59 18.7820012314764 1300 59 18.7820012314764 1240 59 0 0 0 -60 12.7179987685236 -60 12.7179987685236 0 1 2 3 4 1 3 
4 2 1 0 0
31.5 1240 62 31.5 1300 62 31.5 1300 59 31.5 1240 59 0 0 0 -60 3 -60 3 0 4 1 2 4 2 3 
4 2 1 0 0
26 1240 62 26 1300 62 31.5 1300 62 31.5 1240 62 0 0 0 -60 5.5 -60 5.5 0 4 1 2 4 2 3 
4 2 1 0 1.4210854715202e-14
26 1240 70.8669753442804 26 1300 70.8669753442804 26 1300 62 26 1240 62 0 0 0 -60 8.86697534428045 -60 8.86697534428045 0 4 1 2 4 2 3 
73 73 1 0 1.43214466921978e-14
11.9809734904587 1255 71.5642212862617 11.9809734904587 1255 72.4357787137383 11.8296291314453 1255 73.2940952255126 11.5315389351832 1255 74.1130913087035 11.095760221445 1255 74.8678821817552 10.5355339059327 1255 75.5355339059327 9.86788218175523 1255 76.095760221445 9.1130913087035 1255 76.5315389351832 8.2940952255126 1255 76.8296291314453 7.43577871373829 1255 76.9809734904587 6.56422128626171 1255 76.9809734904587 5.70590477448739 1255 76.8296291314453 4.8869086912965 1255 76.5315389351832 4.13211781824477 1255 76.095760221445 3.46446609406726 1255 75.5355339059327 2.90423977855504 1255 74.8678821817552 2.46846106481675 1255 74.1130913087035 2.17037086855466 1255 73.2940952255126 2.01902650954127 1255 72.4357787137383 2.01902650954127 1255 71.5642212862617 2.17037086855466 1255 70.7059047744874 2.46846106481675 1255 69.8869086912965 2.90423977855504 1255 69.1321178182448 3.46446609406726 1255 68.4644660940673 4.13211781824476 1255 67.9042397785551 4.88690869129649 1255 67.4684610648168 5.70590477448739 1255 67.1703708685547 6.5642212862617 1255 67.0190265095413 7.43577871373828 1255 67.0190265095413 8.29409522551259 1255 67.1703708685547 9.11309130870348 1255 67.4684610648168 9.86788218175522 1255 67.904239778555 10.5355339059327 1255 68.4644660940672 11.0957602214449 1255 69.1321178182448 11.5315389351832 1255 69.8869086912965 18.7820012314764 1255 66.5059625973709 19.9505310751927 1255 70.8669753442804 10 1255 72 9.95442325903662 1255 72.5209445330008 9.81907786235772 1255 73.026060429977 9.59807621135332 1255 73.5 9.29813332935693 1255 73.9283628290596 8.92836282905962 1255 74.2981333293569 8.5 1255 74.5980762113533 8.02606042997701 1255 74.8190778623577 7.52094453300079 1255 74.9544232590366 7 1255 75 6.47905546699921 1255 74.9544232590366 5.97393957002299 1255 74.8190778623577 5.5 1255 74.5980762113533 5.07163717094038 1255 74.2981333293569 4.70186667064307 1255 73.9283628290596 4.40192378864669 1255 73.5 4.18092213764228 1255 73.026060429977 4.04557674096338 1255 72.5209445330008 4 1255 72 4.04557674096337 1255 71.4790554669992 4.18092213764227 1255 70.973939570023 4.40192378864668 1255 70.5 4.70186667064306 1255 70.0716371709404 5.07163717094038 1255 69.7018666706431 5.49999999999999 1255 69.4019237886467 5.97393957002299 1255 69.1809221376423 6.4790554669992 1255 69.0455767409634 6.99999999999999 1255 69 7.52094453300078 1255 69.0455767409634 8.026060429977 1255 69.1809221376423 8.49999999999999 1255 69.4019237886467 8.92836282905961 1255 69.7018666706431 9.29813332935693 1255 70.0716371709404 9.59807621135331 1255 70.5 9.81907786235772 1255 70.973939570023 9.95442325903662 1255 71.4790554669992 0.435778713738287 4.98097349045873 -0.435778713738294 4.98097349045873 -1.29409522551261 4.82962913144534 -2.1130913087035 4.53153893518325 -2.86788218175523 4.09576022144496 -3.53553390593274 3.53553390593274 -4.09576022144496 2.86788218175523 -4.53153893518325 2.1130913087035 -4.82962913144534 1.2940952255126 -4.98097349045873 0.435778713738288 -4.98097349045873 -0.435778713738293 -4.82962913144534 -1.29409522551261 -4.53153893518325 -2.1130913087035 -4.09576022144496 -2.86788218175523 -3.53553390593274 -3.53553390593274 -2.86788218175523 -4.09576022144496 -2.1130913087035 -4.53153893518325 -1.29409522551261 -4.82962913144534 -0.435778713738294 -4.98097349045873 0.435778713738286 -4.98097349045873 1.2940952255126 -4.82962913144534 2.11309130870349 -4.53153893518325 2.86788218175522 -4.09576022144496 3.53553390593273 -3.53553390593274 4.09576022144496 -2.86788218175524 4.53153893518325 -2.1130913087035 4.82962913144534 -1.29409522551261 4.98097349045873 -0.4357787137383 4.98097349045873 0.43577871373828 4.82962913144535 1.29409522551259 4.53153893518325 2.11309130870349 4.09576022144497 2.86788218175522 3.53553390593275 3.53553390593273 2.86788218175524 4.09576022144495 2.1130913087035 4.53153893518325 5.49403740262909 11.7820012314764 1.13302465571955 12.9505310751927 8.88178419700125e-16 3 -0.520944533000791 2.95442325903662 -1.02606042997701 2.81907786235773 -1.5 2.59807621135332 -1.92836282905962 2.29813332935694 -2.29813332935693 1.92836282905962 -2.59807621135332 1.5 -2.81907786235772 1.02606042997701 -2.95442325903662 0.520944533000792 -3 8.88178419700125e-16 -2.95442325903662 -0.52094453300079 -2.81907786235773 -1.02606042997701 -2.59807621135332 -1.5 -2.29813332935694 -1.92836282905962 -1.92836282905962 -2.29813332935693 -1.5 -2.59807621135331 -1.02606042997701 -2.81907786235772 -0.520944533000795 -2.95442325903662 -4.44089209850063e-15 -3 0.520944533000786 -2.95442325903662 1.026060429977 -2.81907786235773 1.49999999999999 -2.59807621135332 1.92836282905961 -2.29813332935694 2.29813332935693 -1.92836282905962 2.59807621135331 -1.5 2.81907786235772 -1.02606042997701 2.95442325903662 -0.520944533000798 3 -7.99360577730113e-15 2.95442325903663 0.520944533000783 2.81907786235773 1.026060429977 2.59807621135332 1.49999999999999 2.29813332935694 1.92836282905961 1.92836282905963 2.29813332935693 1.50000000000001 2.59807621135331 1.02606042997702 2.81907786235772 0.520944533000804 2.95442325903662 52 15 16 51 14 15 51 15 52 53 16 17 53 52 16 50 14 51 50 13 14 54 53 17 54 17 18 49 13 50 49 12 13 55 18 19 55 54 18 48 11 12 48 12 49 56 55 19 56 19 20 47 10 11 47 11 48 57 56 20 57 20 21 46 9 10 46 10 47 58 57 21 58 21 22 45 8 9 45 9 46 59 22 23 59 58 22 44 8 45 44 7 8 60 59 23 43 7 44 24 60 23 6 7 43 61 60 24 42 6 43 25 61 24 25 62 61 5 42 41 5 6 42 26 62 25 26 63 62 4 41 40 4 5 41 27 63 26 27 64 63 3 40 39 3 4 40 28 65 64 28 64 27 2 39 38 2 3 39 29 66 65 29 65 28 1 38 73 1 2 38 30 66 29 30 67 66 31 67 30 31 68 67 35 1 73 35 72 71 35 73 72 32 69 68 32 68 31 34 35 71 34 71 70 33 69 32 33 70 69 33 34 70 36 1 35 36 37 1 
4 2 1 0 0
11.9809734904587 1240 71.5642212862617 11.9809734904587 1255 71.5642212862617 19.9505310751927 1255 70.8669753442804 19.9505310751927 1240 70.8669753442804 0 0 0 -15 8 -15 8 0 4 1 2 4 2 3 
78 78 1 0 1.46482137552712e-14
19.9505310751927 1240 70.8669753442804 26 1240 70.8669753442804 26 1240 62 31.5 1240 62 31.5 1240 59 18.7820012314764 1240 59 18.7820012314764 1240 66.5059625973709 11.5315389351832 1240 69.8869086912965 11.095760221445 1240 69.1321178182448 10.5355339059327 1240 68.4644660940673 9.86788218175523 1240 67.904239778555 9.11309130870349 1240 67.4684610648168 8.2940952255126 1240 67.1703708685547 7.43577871373829 1240 67.0190265095413 6.5642212862617 1240 67.0190265095413 5.70590477448739 1240 67.1703708685547 4.8869086912965 1240 67.4684610648168 4.13211781824477 1240 67.904239778555 3.46446609406726 1240 68.4644660940673 2.90423977855504 1240 69.1321178182448 2.46846106481675 1240 69.8869086912965 2.17037086855466 1240 70.7059047744874 2.01902650954127 1240 71.5642212862617 2.01902650954127 1240 72.4357787137383 2.17037086855466 1240 73.2940952255126 2.46846106481675 1240 74.1130913087035 2.90423977855504 1240 74.8678821817552 3.46446609406726 1240 75.5355339059327 4.13211781824477 1240 76.095760221445 4.8869086912965 1240 76.5315389351832 5.70590477448739 1240 76.8296291314453 6.5642212862617 1240 76.9809734904587 7.43577871373828 1240 76.9809734904587 8.2940952255126 1240 76.8296291314453 9.11309130870349 1240 76.5315389351832 9.86788218175522 1240 76.095760221445 10.5355339059327 1240 75.5355339059328 11.095760221445 1240 74.8678821817552 11.5315389351832 1240 74.1130913087035 11.8296291314453 1240 73.2940952255126 11.9809734904587 1240 72.4357787137383 11.9809734904587 1240 71.5642212862617 10 1240 72 9.95442325903662 1240 72.5209445330008 9.81907786235772 1240 73.026060429977 9.59807621135332 1240 73.5 9.29813332935693 1240 73.9283628290596 8.92836282905962 1240 74.2981333293569 8.5 1240 74.5980762113533 8.02606042997701 1240 74.8190778623577 7.52094453300079 1240 74.9544232590366 7 1240 75 6.47905546699921 1240 74.9544232590366 5.97393957002299 1240 74.8190778623577 5.5 1240 74.5980762113533 5.07163717094038 1240 74.2981333293569 4.70186667064307 1240 73.9283628290596 4.40192378864669 1240 73.5 4.18092213764228 1240 73.026060429977 4.04557674096338 1240 72.5209445330008 4 1240 72 4.04557674096337 1240 71.4790554669992 4.18092213764227 1240 70.973939570023 4.40192378864668 1240 70.5 4.70186667064306 1240 70.0716371709404 5.07163717094038 1240 69.7018666706431 5.49999999999999 1240 69.4019237886467 5.97393957002299 1240 69.1809221376423 6.4790554669992 1240 69.0455767409634 6.99999999999999 1240 69 7.52094453300078 1240 69.0455767409634 8.026060429977 1240 69.1809221376423 8.49999999999999 1240 69.4019237886467 8.92836282905961 1240 69.7018666706431 9.29813332935693 1240 70.0716371709404 9.59807621135331 1240 70.5 9.81907786235772 1240 70.973939570023 9.95442325903662 1240 71.4790554669992 7.07821133576191 -4.35233028142763 7.07821133576191 1.69713864337967 -1.78876400851854 1.69713864337967 -1.78876400851854 7.19713864337967 -4.78876400851854 7.19713864337967 -4.78876400851854 -5.52086012514388 2.71719858885237 -5.52086012514388 6.09814468277796 -12.7713224214371 5.34335380972622 -13.2071011351754 4.67570208554872 -13.7673274506876 4.1154757700365 -14.4349791748651 3.67969705629821 -15.1897700479168 3.38160686003612 -16.0087661311077 3.23026250102273 -16.867082642882 3.23026250102273 -17.7386400703586 3.38160686003612 -18.5969565821329 3.67969705629821 -19.4159526653238 4.1154757700365 -20.1707435383756 4.67570208554872 -20.8383952625531 5.34335380972623 -21.3986215780653 6.09814468277796 -21.8344002918036 6.91714076596886 -22.1324904880657 7.77545727774317 -22.2838348470791 8.64701470521975 -22.2838348470791 9.50533121699406 -22.1324904880657 10.324327300185 -21.8344002918036 11.0791181732367 -21.3986215780653 11.7467698974142 -20.8383952625531 12.3069962129264 -20.1707435383756 12.7427749266647 -19.4159526653238 13.0408651229268 -18.5969565821329 13.1922094819402 -17.7386400703586 13.1922094819402 -16.867082642882 13.0408651229268 -16.0087661311077 12.7427749266647 -15.1897700479168 12.3069962129264 -14.4349791748651 11.7467698974142 -13.7673274506876 11.0791181732367 -13.2071011351754 10.324327300185 -12.7713224214371 9.50533121699408 -12.473232225175 8.64701470521977 -12.3218878661616 7.77545727774317 -12.3218878661616 8.21123599148146 -14.3028613566203 8.73218052448225 -14.3484380975837 9.23729642145847 -14.4837834942626 9.71123599148146 -14.704785145267 10.1395988205411 -15.0047280272634 10.5093693208384 -15.3744985275607 10.8093122028348 -15.8028613566203 11.0303138538392 -16.2768009266433 11.1656592505181 -16.7819168236195 11.2112359914815 -17.3028613566203 11.1656592505181 -17.8238058896211 11.0303138538392 -18.3289217865973 10.8093122028348 -18.8028613566203 10.5093693208384 -19.2312241856799 10.1395988205411 -19.6009946859773 9.71123599148146 -19.9009375679736 9.23729642145847 -20.121939218978 8.73218052448225 -20.2572846156569 8.21123599148146 -20.3028613566203 7.69029145848067 -20.2572846156569 7.18517556150446 -20.1219392189781 6.71123599148146 -19.9009375679736 6.28287316242185 -19.6009946859773 5.91310266212453 -19.2312241856799 5.61315978012815 -18.8028613566203 5.39215812912374 -18.3289217865973 5.25681273244484 -17.8238058896211 5.21123599148146 -17.3028613566203 5.25681273244483 -16.7819168236195 5.39215812912373 -16.2768009266433 5.61315978012814 -15.8028613566203 5.91310266212452 -15.3744985275607 6.28287316242183 -15.0047280272634 6.71123599148145 -14.704785145267 7.18517556150444 -14.4837834942626 7.69029145848065 -14.3484380975837 66 18 19 65 19 20 65 66 19 67 17 18 67 18 66 64 65 20 64 20 21 68 17 67 68 16 17 63 64 21 63 21 22 69 16 68 69 15 16 62 63 22 62 22 23 70 14 15 70 15 69 61 23 24 61 62 23 71 13 14 71 14 70 60 24 25 60 61 24 72 12 13 72 13 71 59 60 25 59 25 26 73 11 12 73 12 72 58 59 26 58 26 27 74 11 73 57 58 27 28 57 27 10 11 74 75 10 74 56 57 28 29 55 56 29 56 28 9 10 75 9 75 76 30 55 29 30 54 55 8 9 76 8 76 77 78 8 77 31 53 54 31 54 30 32 52 53 32 53 31 42 78 43 42 8 78 33 51 52 33 52 32 41 43 44 41 42 43 34 50 51 34 51 33 40 44 45 40 41 44 7 8 42 35 49 50 35 50 34 39 40 45 39 45 46 36 49 35 36 48 49 38 39 46 38 46 47 37 48 36 37 38 47 37 47 48 3 6 7 5 6 3 1 7 42 4 5 3 2 3 7 2 7 1 
4 2 1 0 1.77635683940025e-15
18.7820012314764 1240 66.5059625973709 18.7820012314764 1255 66.5059625973709 11.5315389351832 1255 69.8869086912965 11.5315389351832 1240 69.8869086912965 0 0 0 -15 8 -15 8 0 4 1 2 4 2 3 
70 68 1 0 0.0190265095412793
11.5315389351832 1240 69.8869086912965 11.095760221445 1240 69.1321178182448 10.5355339059327 1240 68.4644660940673 9.86788218175523 1240 67.904239778555 9.11309130870349 1240 67.4684610648168 8.2940952255126 1240 67.1703708685547 7.43577871373829 1240 67.0190265095413 6.5642212862617 1240 67.0190265095413 5.70590477448739 1240 67.1703708685547 4.8869086912965 1240 67.4684610648168 4.13211781824477 1240 67.904239778555 3.46446609406726 1240 68.4644660940673 2.90423977855504 1240 69.1321178182448 2.46846106481675 1240 69.8869086912965 2.17037086855466 1240 70.7059047744874 2.01902650954127 1240 71.5642212862617 2.01902650954127 1240 72.4357787137383 2.17037086855466 1240 73.2940952255126 2.46846106481675 1240 74.1130913087035 2.90423977855504 1240 74.8678821817552 3.46446609406726 1240 75.5355339059327 4.13211781824477 1240 76.095760221445 4.8869086912965 1240 76.5315389351832 5.70590477448739 1240 76.8296291314453 6.5642212862617 1240 76.9809734904587 7.43577871373828 1240 76.9809734904587 8.2940952255126 1240 76.8296291314453 9.11309130870349 1240 76.5315389351832 9.86788218175522 1240 76.095760221445 10.5355339059327 1240 75.5355339059328 11.095760221445 1240 74.8678821817552 11.5315389351832 1240 74.1130913087035 11.8296291314453 1240 73.2940952255126 11.9809734904587 1240 72.4357787137383 11.9809734904587 1240 71.5642212862617 11.9809734904587 1255 71.5642212862617 11.9809734904587 1255 72.4357787137383 11.8296291314453 1255 73.2940952255126 11.5315389351832 1255 74.1130913087035 11.095760221445 1255 74.8678821817552 10.5355339059327 1255 75.5355339059327 9.86788218175523 1255 76.095760221445 9.1130913087035 1255 76.5315389351832 8.2940952255126 1255 76.8296291314453 7.43577871373829 1255 76.9809734904587 6.56422128626171 1255 76.9809734904587 5.70590477448739 1255 76.8296291314453 4.8869086912965 1255 76.5315389351832 4.13211781824477 1255 76.095760221445 3.46446609406726 1255 75.5355339059327 2.90423977855504 1255 74.8678821817552 2.46846106481675 1255 74.1130913087035 2.17037086855466 1255 73.2940952255126 2.01902650954127 1255 72.4357787137383 2.01902650954127 1255 71.5642212862617 2.17037086855466 1255 70.7059047744874 2.46846106481675 1255 69.8869086912965 2.90423977855504 1255 69.1321178182448 3.46446609406726 1255 68.4644660940673 4.13211781824476 1255 67.9042397785551 4.88690869129649 1255 67.4684610648168 5.70590477448739 1255 67.1703708685547 6.5642212862617 1255 67.0190265095413 7.43577871373828 1255 67.0190265095413 8.29409522551259 1255 67.1703708685547 9.11309130870348 1255 67.4684610648168 9.86788218175522 1255 67.904239778555 10.5355339059327 1255 68.4644660940672 11.0957602214449 1255 69.1321178182448 11.5315389351832 1255 69.8869086912965 12.1300383013606 0 11.9555053761612 0 11.7809724509617 0 11.6064395257623 0 11.4319066005629 0 11.2573736753634 0 11.082840750164 0 10.9083078249646 0 10.7337748997651 0 10.5592419745657 0 10.3847090493663 0 10.2101761241668 0 10.0356431989674 0 9.86111027376796 0 9.68657734856853 0 9.5120444233691 0 9.33751149816966 0 9.16297857297023 0 8.9884456477708 0 8.81391272257136 0 8.63937979737193 0 8.4648468721725 0 8.29031394697307 0 8.11578102177363 0 7.9412480965742 0 7.76671517137477 0 7.59218224617533 0 7.4176493209759 0 7.24311639577647 0 7.06858347057704 0 6.8940505453776 0 6.71951762017817 0 6.54498469497874 0 6.37045176977931 0 6.19591884457987 0 6.19591884457987 -15 6.3704517697793 -15 6.54498469497874 -15 6.71951762017817 -15 6.8940505453776 -15 7.06858347057704 -15 7.24311639577647 -15 7.4176493209759 -15 7.59218224617533 -15 7.76671517137477 -15 7.9412480965742 -15 8.11578102177363 -15 8.29031394697307 -15 8.4648468721725 -15 8.63937979737193 -15 8.81391272257136 -15 8.9884456477708 -15 9.16297857297023 -15 9.33751149816966 -15 9.5120444233691 -15 9.68657734856853 -15 9.86111027376796 -15 10.0356431989674 -15 10.2101761241668 -15 10.3847090493663 -15 10.5592419745657 -15 10.7337748997651 -15 10.9083078249646 -15 11.082840750164 -15 11.2573736753634 -15 11.4319066005629 -15 11.6064395257623 -15 11.7809724509617 -15 11.9555053761612 -15 12.1300383013606 -15 35 36 37 34 37 38 34 35 37 33 38 39 33 34 38 32 39 40 32 33 39 31 40 41 31 32 40 30 31 41 29 41 42 29 42 43 29 30 41 28 29 43 28 43 44 27 28 44 26 27 44 26 44 45 26 45 46 25 26 46 24 25 46 24 46 47 23 24 47 23 47 48 22 23 48 22 48 49 21 22 49 21 49 50 20 21 50 20 50 51 20 51 52 19 20 52 18 19 52 18 52 53 18 53 54 17 18 54 16 17 54 16 54 55 16 55 56 15 16 56 14 56 57 14 57 58 14 15 56 13 58 59 13 14 58 12 13 59 11 59 60 11 12 59 10 60 61 10 61 62 10 11 60 9 62 63 9 10 62 8 9 63 7 63 64 7 64 65 7 8 63 6 65 66 6 7 65 5 6 66 4 66 67 4 67 68 4 5 66 3 4 68 3 68 69 2 3 69 1 2 69 1 69 70 
74 72 1 0 0.0114159057247752
10 1240 72 9.95442325903662 1240 72.5209445330008 9.81907786235772 1240 73.026060429977 9.59807621135332 1240 73.5 9.29813332935693 1240 73.9283628290596 8.92836282905962 1240 74.2981333293569 8.5 1240 74.5980762113533 8.02606042997701 1240 74.8190778623577 7.52094453300079 1240 74.9544232590366 7 1240 75 6.47905546699921 1240 74.9544232590366 5.97393957002299 1240 74.8190778623577 5.5 1240 74.5980762113533 5.07163717094038 1240 74.2981333293569 4.70186667064307 1240 73.9283628290596 4.40192378864669 1240 73.5 4.18092213764228 1240 73.026060429977 4.04557674096338 1240 72.5209445330008 4 1240 72 4.04557674096337 1240 71.4790554669992 4.18092213764227 1240 70.973939570023 4.40192378864668 1240 70.5 4.70186667064306 1240 70.0716371709404 5.07163717094038 1240 69.7018666706431 5.49999999999999 1240 69.4019237886467 5.97393957002299 1240 69.1809221376423 6.4790554669992 1240 69.0455767409634 6.99999999999999 1240 69 7.52094453300078 1240 69.0455767409634 8.026060429977 1240 69.1809221376423 8.49999999999999 1240 69.4019237886467 8.92836282905961 1240 69.7018666706431 9.29813332935693 1240 70.0716371709404 9.59807621135331 1240 70.5 9.81907786235772 1240 70.973939570023 9.95442325903662 1240 71.4790554669992 10 1240 72 10 1255 72 9.95442325903662 1255 72.5209445330008 9.81907786235772 1255 73.026060429977 9.59807621135332 1255 73.5 9.29813332935693 1255 73.9283628290596 8.92836282905962 1255 74.2981333293569 8.5 1255 74.5980762113533 8.02606042997701 1255 74.8190778623577 7.52094453300079 1255 74.9544232590366 7 1255 75 6.47905546699921 1255 74.9544232590366 5.97393957002299 1255 74.8190778623577 5.5 1255 74.5980762113533 5.07163717094038 1255 74.2981333293569 4.70186667064307 1255 73.9283628290596 4.40192378864669 1255 73.5 4.18092213764228 1255 73.026060429977 4.04557674096338 1255 72.5209445330008 4 1255 72 4.04557674096337 1255 71.4790554669992 4.18092213764227 1255 70.973939570023 4.40192378864668 1255 70.5 4.70186667064306 1255 70.0716371709404 5.07163717094038 1255 69.7018666706431 5.49999999999999 1255 69.4019237886467 5.97393957002299 1255 69.1809221376423 6.4790554669992 1255 69.0455767409634 6.99999999999999 1255 69 7.52094453300078 1255 69.0455767409634 8.026060429977 1255 69.1809221376423 8.49999999999999 1255 69.4019237886467 8.92836282905961 1255 69.7018666706431 9.29813332935693 1255 70.0716371709404 9.59807621135331 1255 70.5 9.81907786235772 1255 70.973939570023 9.95442325903662 1255 71.4790554669992 10 1255 72 0 -1 0.174532925199433 -1 0.349065850398866 -1 0.523598775598299 -1 0.698131700797732 -1 0.872664625997165 -1 1.0471975511966 -1 1.22173047639603 -1 1.39626340159546 -1 1.5707963267949 -1 1.74532925199433 -1 1.91986217719376 -1 2.0943951023932 -1 2.26892802759263 -1 2.44346095279206 -1 2.61799387799149 -1 2.79252680319093 -1 2.96705972839036 -1 3.14159265358979 -1 3.31612557878922 -1 3.49065850398866 -1 3.66519142918809 -1 3.83972435438752 -1 4.01425727958696 -1 4.18879020478639 -1 4.36332312998582 -1 4.53785605518525 -1 4.71238898038469 -1 4.88692190558412 -1 5.06145483078355 -1 5.23598775598299 -1 5.41052068118242 -1 5.58505360638185 -1 5.75958653158128 -1 5.93411945678072 -1 6.10865238198015 -1 6.28318530717959 -1 0 -16 0.174532925199433 -16 0.349065850398866 -16 0.523598775598299 -16 0.698131700797732 -16 0.872664625997165 -16 1.0471975511966 -16 1.22173047639603 -16 1.39626340159546 -16 1.5707963267949 -16 1.74532925199433 -16 1.91986217719376 -16 2.0943951023932 -16 2.26892802759263 -16 2.44346095279206 -16 2.61799387799149 -16 2.79252680319093 -16 2.96705972839036 -16 3.14159265358979 -16 3.31612557878922 -16 3.49065850398866 -16 3.66519142918809 -16 3.83972435438752 -16 4.01425727958696 -16 4.18879020478639 -16 4.36332312998582 -16 4.53785605518525 -16 4.71238898038469 -16 4.88692190558412 -16 5.06145483078355 -16 5.23598775598299 -16 5.41052068118242 -16 5.58505360638185 -16 5.75958653158128 -16 5.93411945678072 -16 6.10865238198015 -16 6.28318530717959 -16 2 1 38 2 38 39 3 39 40 3 2 39 4 40 41 4 41 42 4 3 40 5 42 43 5 4 42 6 5 43 7 6 43 7 43 44 7 44 45 8 7 45 8 45 46 9 8 46 10 9 46 10 46 47 10 47 48 11 10 48 12 11 48 12 48 49 13 12 49 13 49 50 13 50 51 14 13 51 15 14 51 15 51 52 15 52 53 16 15 53 17 16 53 17 53 54 18 17 54 18 54 55 18 55 56 19 18 56 20 56 57 20 19 56 20 57 58 21 20 58 22 58 59 22 59 60 22 21 58 23 22 60 24 23 60 24 60 61 25 61 62 25 24 61 26 62 63 26 63 64 26 25 62 27 64 65 27 26 64 28 27 65 29 65 66 29 66 67 29 28 65 30 29 67 31 67 68 31 30 67 32 31 68 32 68 69 32 69 70 33 32 70 34 33 70 34 70 71 35 34 71 35 71 72 36 35 72 36 72 73 36 73 74 37 36 74 
62 60 1 0 0.019026509541288
11.3301270189222 1255 74.5 11.6984631039295 1255 73.7101007166283 11.924038765061 1255 72.8682408883347 12 1255 72 11.924038765061 1255 71.1317591116653 11.6984631039295 1255 70.2898992833717 11.3301270189222 1255 69.5 10.8302222155949 1255 68.7860619515673 10.2139380484327 1255 68.1697777844051 9.49999999999998 1255 67.6698729810778 8.71010071662832 1255 67.3015368960704 7.86824088833462 1255 67.075961234939 6.99999999999997 1255 67 6.13175911166531 1255 67.075961234939 5.28989928337162 1255 67.3015368960705 4.49999999999996 1255 67.6698729810778 3.78606195156727 1255 68.1697777844051 3.16977778440508 1255 68.7860619515673 2.66987298107778 1255 69.5 2.30153689607044 1255 70.2898992833717 2.07596123493895 1255 71.1317591116654 2 1255 72.0000000000001 2.07596123493897 1255 72.8682408883347 2.30153689607048 1255 73.7101007166284 2.66987298107784 1255 74.5000000000001 3.16977778440516 1255 75.2139380484328 3.78606195156737 1255 75.8302222155949 4.50000000000007 1255 76.3301270189222 5.28989928337174 1255 76.6984631039296 6.13175911166544 1255 76.9240387650611 7.0000000000001 1255 77 7.0000000000001 1285 77 6.13175911166544 1285 76.9240387650611 5.28989928337174 1285 76.6984631039296 4.50000000000007 1285 76.3301270189222 3.78606195156737 1285 75.8302222155949 3.16977778440516 1285 75.2139380484328 2.66987298107784 1285 74.5000000000001 2.30153689607048 1285 73.7101007166284 2.07596123493897 1285 72.8682408883347 2 1285 72.0000000000001 2.07596123493895 1285 71.1317591116654 2.30153689607044 1285 70.2898992833717 2.66987298107778 1285 69.5 3.16977778440508 1285 68.7860619515673 3.78606195156727 1285 68.1697777844051 4.49999999999996 1285 67.6698729810778 5.28989928337162 1285 67.3015368960705 6.13175911166531 1285 67.075961234939 6.99999999999997 1285 67 7.86824088833462 1285 67.075961234939 8.71010071662832 1285 67.3015368960704 9.49999999999998 1285 67.6698729810778 10.2139380484327 1285 68.1697777844051 10.8302222155949 1285 68.7860619515673 11.3301270189222 1285 69.5 11.6984631039295 1285 70.2898992833717 11.924038765061 1285 71.1317591116653 12 1285 72 11.924038765061 1285 72.8682408883347 11.6984631039295 1285 73.7101007166283 11.3301270189222 1285 74.5 6.80678408277788 0 6.63225115757845 0 6.45771823237902 0 6.28318530717958 0 6.10865238198015 0 5.93411945678072 0 5.75958653158128 0 5.58505360638185 0 5.41052068118242 0 5.23598775598298 0 5.06145483078355 0 4.88692190558412 0 4.71238898038468 0 4.53785605518525 0 4.36332312998582 0 4.18879020478638 0 4.01425727958695 0 3.83972435438751 0 3.66519142918808 0 3.49065850398865 0 3.31612557878921 0 3.14159265358978 0 2.96705972839035 0 2.79252680319091 0 2.61799387799148 0 2.44346095279205 0 2.26892802759261 0 2.09439510239318 0 1.91986217719374 0 1.74532925199431 0 1.5707963267949 0 1.57079632679488 -30 1.74532925199431 -30 1.91986217719374 -30 2.09439510239318 -30 2.26892802759261 -30 2.44346095279205 -30 2.61799387799148 -30 2.79252680319091 -30 2.96705972839035 -30 3.14159265358978 -30 3.31612557878921 -30 3.49065850398865 -30 3.66519142918808 -30 3.83972435438751 -30 4.01425727958695 -30 4.18879020478638 -30 4.36332312998582 -30 4.53785605518525 -30 4.71238898038468 -30 4.88692190558412 -30 5.06145483078355 -30 5.23598775598298 -30 5.41052068118242 -30 5.58505360638185 -30 5.75958653158128 -30 5.93411945678072 -30 6.10865238198015 -30 6.28318530717959 -30 6.45771823237902 -30 6.63225115757845 -30 6.80678408277788 -30 31 32 33 30 31 33 29 33 34 29 30 33 28 34 35 28 29 34 27 35 36 27 28 35 26 36 37 26 27 36 25 37 38 25 26 37 24 38 39 24 39 40 24 25 38 23 24 40 22 23 40 22 40 41 21 22 41 21 41 42 20 21 42 20 42 43 19 20 43 19 43 44 19 44 45 18 19 45 17 18 45 17 45 46 16 17 46 16 46 47 15 16 47 15 47 48 14 15 48 14 48 49 13 14 49 13 49 50 12 13 50 12 50 51 11 12 51 11 51 52 11 52 53 10 11 53 9 53 54 9 10 53 8 9 54 8 54 55 7 55 56 7 8 55 6 56 57 6 57 58 6 7 56 5 6 58 4 58 59 4 5 58 3 59 60 3 4 59 2 60 61 2 3 60 1 2 61 1 61 62 
70 70 1 0 5.51529477954916e-14
11.3301270189222 1255 74.5 11.6984631039295 1255 73.7101007166283 11.924038765061 1255 72.8682408883347 12 1255 72 11.924038765061 1255 71.1317591116653 11.6984631039295 1255 70.2898992833717 11.3301270189222 1255 69.5 10.8302222155949 1255 68.7860619515673 10.2139380484327 1255 68.1697777844051 9.49999999999998 1255 67.6698729810778 8.71010071662832 1255 67.3015368960704 7.86824088833462 1255 67.075961234939 6.99999999999997 1255 67 6.13175911166531 1255 67.075961234939 5.28989928337162 1255 67.3015368960705 4.49999999999996 1255 67.6698729810778 3.78606195156727 1255 68.1697777844051 3.16977778440508 1255 68.7860619515673 2.66987298107778 1255 69.5 2.30153689607044 1255 70.2898992833717 2.07596123493895 1255 71.1317591116654 2 1255 72.0000000000001 2.07596123493897 1255 72.8682408883347 2.30153689607048 1255 73.7101007166284 2.66987298107784 1255 74.5000000000001 3.16977778440516 1255 75.2139380484328 3.78606195156737 1255 75.8302222155949 4.50000000000007 1255 76.3301270189222 5.28989928337174 1255 76.6984631039296 6.13175911166544 1255 76.9240387650611 7.0000000000001 1255 77 34 1255 74.5 34 1255 77.5 7 1255 77.5 8.65831239517775 1255 74.5 9.06723934785461 1255 74.1740564571054 9.41335427902049 1255 73.7820553088873 9.68614066163453 1255 73.3359073118722 9.87731001949756 1255 72.8491684471876 9.98105376840729 1255 72.3366280289351 9.99421970704994 1255 71.8138593383654 9.91640779504217 1255 71.2967464376078 9.74998230795559 1255 70.80100154048 9.49999999999997 1255 70.3416876048223 9.17405645710539 1255 69.9327606521454 8.78205530888732 1255 69.5866457209795 8.3359073118722 1255 69.3138593383655 7.84916844718756 1255 69.1226899805024 7.3366280289351 1255 69.0189462315927 6.81385933836544 1255 69.00578029295 6.29674643760784 1255 69.0835922049578 5.80100154048004 1255 69.2500176920444 5.34168760482226 1255 69.5 4.9327606521454 1255 69.8259435428946 4.58664572097951 1255 70.2179446911127 4.31385933836547 1255 70.6640926881278 4.12268998050244 1255 71.1508315528124 4.01894623159272 1255 71.6633719710649 4.00578029295006 1255 72.1861406616346 4.08359220495783 1255 72.7032535623922 4.25001769204441 1255 73.19899845952 4.50000000000002 1255 73.6583123951777 4.8259435428946 1255 74.0672393478546 5.21794469111267 1255 74.4133542790205 5.66409268812779 1255 74.6861406616345 6.15083155281243 1255 74.8773100194976 6.66337197106489 1255 74.9810537684073 7.18614066163455 1255 74.99421970705 7.70325356239216 1255 74.9164077950422 8.19899845951995 1255 74.7499823079556 -2.5 4.33012701892218 -1.71010071662835 4.69846310392954 -0.868240888334651 4.92403876506104 3.5527136788005e-15 5 0.868240888334658 4.92403876506104 1.71010071662835 4.69846310392954 2.50000000000001 4.33012701892219 3.21393804843271 3.83022221559488 3.8302222155949 3.21393804843268 4.3301270189222 2.49999999999998 4.69846310392955 1.71010071662832 4.92403876506105 0.868240888334622 5 -3.37507799486048e-14 4.92403876506103 -0.868240888334688 4.69846310392953 -1.71010071662838 4.33012701892217 -2.50000000000004 3.83022221559486 -3.21393804843273 3.21393804843266 -3.83022221559492 2.49999999999995 -4.33012701892222 1.71010071662829 -4.69846310392956 0.868240888334591 -4.92403876506105 -6.48370246381091e-14 -5 -0.868240888334719 -4.92403876506103 -1.71010071662841 -4.69846310392952 -2.50000000000006 -4.33012701892215 -3.21393804843276 -3.83022221559484 -3.83022221559494 -3.21393804843263 -4.33012701892223 -2.49999999999992 -4.69846310392957 -1.71010071662826 -4.92403876506105 -0.86824088833456 -5 8.88178419700125e-16 -2.5 27 -5.5 27 -5.5 8.88178419700125e-16 -2.49999999999997 1.65831239517774 -2.17405645710539 2.06723934785461 -1.78205530888732 2.41335427902049 -1.3359073118722 2.68614066163453 -0.849168447187562 2.87731001949756 -0.336628028935097 2.98105376840729 0.186140661634559 2.99421970704995 0.703253562392168 2.91640779504217 1.19899845951996 2.74998230795559 1.65831239517774 2.49999999999997 2.06723934785461 2.1740564571054 2.41335427902049 1.78205530888732 2.68614066163453 1.3359073118722 2.87731001949756 0.849168447187564 2.98105376840729 0.336628028935101 2.99421970704995 -0.186140661634555 2.91640779504217 -0.703253562392164 2.74998230795559 -1.19899845951996 2.49999999999997 -1.65831239517774 2.1740564571054 -2.0672393478546 1.78205530888732 -2.41335427902049 1.33590731187221 -2.68614066163453 0.849168447187568 -2.87731001949756 0.336628028935103 -2.98105376840728 -0.186140661634552 -2.99421970704994 -0.703253562392161 -2.91640779504217 -1.19899845951996 -2.74998230795559 -1.65831239517774 -2.49999999999998 -2.0672393478546 -2.1740564571054 -2.41335427902049 -1.78205530888733 -2.68614066163453 -1.33590731187221 -2.87731001949756 -0.849168447187572 -2.98105376840728 -0.336628028935108 -2.99421970704995 0.186140661634547 -2.91640779504217 0.703253562392157 -2.7499823079556 1.19899845951995 63 27 26 64 28 27 64 27 63 62 26 25 62 63 26 65 29 28 65 28 64 61 25 24 61 62 25 66 30 29 66 29 65 60 24 23 60 61 24 67 31 30 67 30 66 59 60 23 59 23 22 68 31 67 58 59 22 58 22 21 69 31 68 57 21 20 57 58 21 70 31 69 56 57 20 56 20 19 35 31 70 55 56 19 18 55 19 54 55 18 17 54 18 53 54 17 16 53 17 16 52 53 1 31 35 1 34 31 1 35 36 1 36 37 1 37 38 15 52 16 15 51 52 2 1 38 2 38 39 14 50 51 14 51 15 3 39 40 3 2 39 13 49 50 13 50 14 4 40 41 4 3 40 12 48 49 12 49 13 5 41 42 5 4 41 11 47 48 11 48 12 6 42 43 6 5 42 10 46 47 10 47 11 7 43 44 7 6 43 9 45 46 9 46 10 8 7 44 8 44 45 8 45 9 33 34 1 1 32 33 
4 2 1 0 6.3948846218409e-14
7.0000000000001 1255 77 7 1255 77.5 7.0000000000001 1285 77 7 1285 77.5 2.5 0 3 0 2.5 -30 3 -30 2 1 3 2 3 4 
70 70 1 0 5.34385298908949e-14
7.0000000000001 1285 77 6.13175911166544 1285 76.9240387650611 5.28989928337174 1285 76.6984631039296 4.50000000000007 1285 76.3301270189222 3.78606195156737 1285 75.8302222155949 3.16977778440516 1285 75.2139380484328 2.66987298107784 1285 74.5000000000001 2.30153689607048 1285 73.7101007166284 2.07596123493897 1285 72.8682408883347 2 1285 72.0000000000001 2.07596123493895 1285 71.1317591116654 2.30153689607044 1285 70.2898992833717 2.66987298107778 1285 69.5 3.16977778440508 1285 68.7860619515673 3.78606195156727 1285 68.1697777844051 4.49999999999996 1285 67.6698729810778 5.28989928337162 1285 67.3015368960705 6.13175911166531 1285 67.075961234939 6.99999999999997 1285 67 7.86824088833462 1285 67.075961234939 8.71010071662832 1285 67.3015368960704 9.49999999999998 1285 67.6698729810778 10.2139380484327 1285 68.1697777844051 10.8302222155949 1285 68.7860619515673 11.3301270189222 1285 69.5 11.6984631039295 1285 70.2898992833717 11.924038765061 1285 71.1317591116653 12 1285 72 11.924038765061 1285 72.8682408883347 11.6984631039295 1285 73.7101007166283 11.3301270189222 1285 74.5 34 1285 74.5 34 1285 77.5 7 1285 77.5 8.65831239517775 1285 74.5 8.19899845951997 1285 74.7499823079556 7.70325356239218 1285 74.9164077950422 7.18614066163457 1285 74.99421970705 6.66337197106492 1285 74.9810537684073 6.15083155281246 1285 74.8773100194976 5.66409268812783 1285 74.6861406616345 5.21794469111271 1285 74.4133542790205 4.82594354289464 1285 74.0672393478546 4.50000000000007 1285 73.6583123951778 4.25001769204445 1285 73.19899845952 4.08359220495787 1285 72.7032535623922 4.0057802929501 1285 72.1861406616346 4.01894623159275 1285 71.6633719710649 4.12268998050247 1285 71.1508315528125 4.3138593383655 1285 70.6640926881279 4.58664572097953 1285 70.2179446911127 4.93276065214542 1285 69.8259435428947 5.34168760482227 1285 69.5000000000001 5.80100154048005 1285 69.2500176920445 6.29674643760784 1285 69.0835922049579 6.81385933836544 1285 69.0057802929501 7.33662802893509 1285 69.0189462315928 7.84916844718755 1285 69.1226899805025 8.33590731187219 1285 69.3138593383655 8.7820553088873 1285 69.5866457209795 9.17405645710537 1285 69.9327606521454 9.49999999999995 1285 70.3416876048223 9.74998230795557 1285 70.8010015404801 9.91640779504215 1285 71.2967464376079 9.99421970704993 1285 71.8138593383655 9.98105376840727 1285 72.3366280289351 9.87731001949755 1285 72.8491684471876 9.68614066163452 1285 73.3359073118722 9.41335427902049 1285 73.7820553088873 9.06723934785461 1285 74.1740564571054 -5 8.88178419700125e-16 -4.92403876506106 -0.86824088833456 -4.69846310392957 -1.71010071662826 -4.33012701892224 -2.49999999999992 -3.83022221559494 -3.21393804843263 -3.21393804843276 -3.83022221559484 -2.50000000000007 -4.33012701892215 -1.71010071662841 -4.69846310392952 -0.86824088833472 -4.92403876506103 -6.48370246381091e-14 -5 0.868240888334591 -4.92403876506105 1.71010071662829 -4.69846310392956 2.49999999999995 -4.33012701892222 3.21393804843266 -3.83022221559492 3.83022221559486 -3.21393804843273 4.33012701892217 -2.50000000000004 4.69846310392953 -1.71010071662838 4.92403876506103 -0.868240888334688 5 -3.37507799486048e-14 4.92403876506105 0.868240888334622 4.69846310392955 1.71010071662832 4.33012701892221 2.49999999999998 3.8302222155949 3.21393804843268 3.21393804843271 3.83022221559488 2.50000000000001 4.33012701892219 1.71010071662835 4.69846310392954 0.868240888334658 4.92403876506104 3.5527136788005e-15 5 -0.868240888334651 4.92403876506104 -1.71010071662835 4.69846310392954 -2.5 4.33012701892218 -2.5 27 -5.5 27 -5.5 8.88178419700125e-16 -2.49999999999997 1.65831239517775 -2.74998230795559 1.19899845951997 -2.91640779504217 0.70325356239218 -2.99421970704994 0.186140661634576 -2.98105376840728 -0.336628028935075 -2.87731001949757 -0.849168447187535 -2.68614066163454 -1.33590731187217 -2.4133542790205 -1.78205530888728 -2.06723934785462 -2.17405645710536 -1.65831239517776 -2.49999999999993 -1.19899845951999 -2.74998230795555 -0.703253562392197 -2.91640779504213 -0.186140661634593 -2.9942197070499 0.336628028935057 -2.98105376840724 0.849168447187516 -2.87731001949753 1.33590731187215 -2.6861406616345 1.78205530888727 -2.41335427902046 2.17405645710534 -2.06723934785458 2.49999999999991 -1.65831239517772 2.74998230795553 -1.19899845951995 2.91640779504211 -0.703253562392162 2.99421970704989 -0.186140661634559 2.98105376840723 0.336628028935092 2.87731001949751 0.849168447187552 2.68614066163448 1.33590731187219 2.41335427902045 1.7820553088873 2.06723934785457 2.17405645710537 1.65831239517771 2.49999999999995 1.19899845951994 2.74998230795557 0.70325356239215 2.91640779504215 0.186140661634546 2.99421970704992 -0.336628028935104 2.98105376840727 -0.849168447187564 2.87731001949755 -1.3359073118722 2.68614066163452 -1.78205530888731 2.41335427902049 -2.17405645710539 2.06723934785461 43 5 6 42 4 5 42 5 43 44 6 7 44 43 6 41 3 4 41 4 42 45 7 8 45 44 7 40 2 3 40 3 41 46 45 8 46 8 9 39 1 2 39 2 40 47 9 10 47 46 9 38 1 39 48 47 10 48 10 11 37 1 38 49 11 12 49 48 11 36 1 37 50 12 13 50 49 12 35 1 36 51 50 13 14 51 13 52 51 14 15 52 14 53 52 15 16 53 15 16 54 53 31 1 35 31 34 1 31 69 68 31 70 69 31 35 70 17 54 16 17 55 54 30 31 68 30 68 67 18 55 17 18 56 55 29 67 66 29 30 67 19 57 56 19 56 18 28 29 66 28 66 65 20 58 57 20 57 19 27 28 65 27 65 64 21 59 58 21 58 20 26 64 63 26 27 64 22 60 59 22 59 21 25 63 62 25 26 63 23 61 60 23 60 22 24 61 23 24 25 62 24 62 61 33 34 31 31 32 33 
4 2 1 0 7.105427357601e-15
11.3301270189222 1285 74.5 34 1285 74.5 11.3301270189222 1255 74.5 34 1255 74.5 4.33012701892219 30 27 30 4.33012701892218 0 27 0 1 3 4 2 1 4 
4 2 1 0 0
34 1255 74.5 34 1255 77.5 34 1285 74.5 34 1285 77.5 0 0 3 0 0 -30 3 -30 1 3 4 2 1 4 
4 2 1 0 0
7 1255 77.5 7 1285 77.5 34 1255 77.5 34 1285 77.5 0 0 0 30 27 0 27 30 4 2 1 4 1 3 
74 72 1 0 0.0114159057247976
8.65831239517775 1285 74.5 8.65831239517775 1255 74.5 8.19899845951997 1285 74.7499823079556 7.70325356239218 1285 74.9164077950422 7.18614066163457 1285 74.99421970705 6.66337197106492 1285 74.9810537684073 6.15083155281246 1285 74.8773100194976 5.66409268812783 1285 74.6861406616345 5.21794469111271 1285 74.4133542790205 4.82594354289464 1285 74.0672393478546 4.50000000000007 1285 73.6583123951778 4.25001769204445 1285 73.19899845952 4.08359220495787 1285 72.7032535623922 4.0057802929501 1285 72.1861406616346 4.01894623159275 1285 71.6633719710649 4.12268998050247 1285 71.1508315528125 4.3138593383655 1285 70.6640926881279 4.58664572097953 1285 70.2179446911127 4.93276065214542 1285 69.8259435428947 5.34168760482227 1285 69.5000000000001 5.80100154048005 1285 69.2500176920445 6.29674643760784 1285 69.0835922049579 6.81385933836544 1285 69.0057802929501 7.33662802893509 1285 69.0189462315928 7.84916844718755 1285 69.1226899805025 8.33590731187219 1285 69.3138593383655 8.7820553088873 1285 69.5866457209795 9.17405645710537 1285 69.9327606521454 9.49999999999995 1285 70.3416876048223 9.74998230795557 1285 70.8010015404801 9.91640779504215 1285 71.2967464376079 9.99421970704993 1285 71.8138593383655 9.98105376840727 1285 72.3366280289351 9.87731001949755 1285 72.8491684471876 9.68614066163452 1285 73.3359073118722 9.41335427902049 1285 73.7820553088873 9.06723934785461 1285 74.1740564571054 8.65831239517775 1285 74.5 8.65831239517775 1255 74.5 9.06723934785461 1255 74.1740564571054 9.41335427902049 1255 73.7820553088873 9.68614066163453 1255 73.3359073118722 9.87731001949756 1255 72.8491684471876 9.98105376840729 1255 72.3366280289351 9.99421970704994 1255 71.8138593383654 9.91640779504217 1255 71.2967464376078 9.74998230795559 1255 70.80100154048 9.49999999999997 1255 70.3416876048223 9.17405645710539 1255 69.9327606521454 8.78205530888732 1255 69.5866457209795 8.3359073118722 1255 69.3138593383655 7.84916844718756 1255 69.1226899805024 7.3366280289351 1255 69.0189462315927 6.81385933836544 1255 69.00578029295 6.29674643760784 1255 69.0835922049578 5.80100154048004 1255 69.2500176920444 5.34168760482226 1255 69.5 4.9327606521454 1255 69.8259435428946 4.58664572097951 1255 70.2179446911127 4.31385933836547 1255 70.6640926881278 4.12268998050244 1255 71.1508315528124 4.01894623159272 1255 71.6633719710649 4.00578029295006 1255 72.1861406616346 4.08359220495783 1255 72.7032535623922 4.25001769204441 1255 73.19899845952 4.50000000000002 1255 73.6583123951777 4.8259435428946 1255 74.0672393478546 5.21794469111267 1255 74.4133542790205 5.66409268812779 1255 74.6861406616345 6.15083155281243 1255 74.8773100194976 6.66337197106489 1255 74.9810537684073 7.18614066163455 1255 74.99421970705 7.70325356239216 1255 74.9164077950422 8.19899845951995 1255 74.7499823079556 0.985110783337729 -31 0.985110783337729 -1 1.15964370853716 -31 1.33417663373659 -31 1.50870955893603 -31 1.68324248413546 -31 1.85777540933489 -31 2.03230833453433 -31 2.20684125973376 -31 2.38137418493319 -31 2.55590711013263 -31 2.73044003533206 -31 2.90497296053149 -31 3.07950588573092 -31 3.25403881093036 -31 3.42857173612979 -31 3.60310466132922 -31 3.77763758652865 -31 3.95217051172809 -31 4.12670343692752 -31 4.30123636212695 -31 4.47576928732639 -31 4.65030221252582 -31 4.82483513772525 -31 4.99936806292468 -31 5.17390098812412 -31 5.34843391332355 -31 5.52296683852298 -31 5.69749976372242 -31 5.87203268892185 -31 6.04656561412128 -31 6.22109853932071 -31 6.39563146452015 -31 6.57016438971958 -31 6.74469731491901 -31 6.91923024011844 -31 7.09376316531788 -31 7.26829609051733 -31 7.26829609051731 -1 7.09376316531788 -1 6.91923024011845 -1 6.74469731491902 -1 6.57016438971958 -1 6.39563146452015 -1 6.22109853932072 -1 6.04656561412128 -1 5.87203268892185 -1 5.69749976372242 -1 5.52296683852299 -1 5.34843391332355 -1 5.17390098812412 -1 4.99936806292469 -1 4.82483513772525 -1 4.65030221252582 -1 4.47576928732639 -1 4.30123636212696 -1 4.12670343692752 -1 3.95217051172809 -1 3.77763758652866 -1 3.60310466132922 -1 3.42857173612979 -1 3.25403881093036 -1 3.07950588573093 -1 2.90497296053149 -1 2.73044003533206 -1 2.55590711013263 -1 2.3813741849332 -1 2.20684125973376 -1 2.03230833453433 -1 1.8577754093349 -1 1.68324248413546 -1 1.50870955893603 -1 1.3341766337366 -1 1.15964370853717 -1 2 1 3 74 3 4 74 2 3 73 4 5 73 74 4 72 5 6 72 73 5 71 6 7 71 72 6 70 7 8 70 71 7 69 70 8 69 8 9 68 9 10 68 69 9 67 10 11 67 68 10 66 11 12 66 67 11 65 66 12 64 12 13 64 13 14 64 65 12 63 14 15 63 64 14 62 15 16 62 63 15 61 16 17 61 62 16 60 61 17 59 17 18 59 18 19 59 60 17 58 19 20 58 59 19 57 58 20 56 20 21 56 21 22 56 57 20 55 56 22 54 22 23 54 23 24 54 55 22 53 24 25 53 54 24 52 53 25 51 25 26 51 52 25 50 26 27 50 27 28 50 51 26 49 28 29 49 50 28 48 49 29 47 29 30 47 30 31 47 48 29 46 47 31 45 31 32 45 46 31 44 45 32 44 32 33 43 44 33 43 33 34 43 34 35 42 43 35 41 42 35 41 35 36 40 41 36 40 36 37 39 40 37 39 37 38 
74 72 1 0 0.0114159057247752
10 1240 72 10 1300 72 9.95442325903662 1300 72.5209445330008 9.81907786235772 1300 73.026060429977 9.59807621135332 1300 73.5 9.29813332935693 1300 73.9283628290596 8.92836282905962 1300 74.2981333293569 8.5 1300 74.5980762113533 8.02606042997701 1300 74.8190778623577 7.52094453300079 1300 74.9544232590366 7 1300 75 6.47905546699921 1300 74.9544232590366 5.97393957002299 1300 74.8190778623577 5.5 1300 74.5980762113533 5.07163717094038 1300 74.2981333293569 4.70186667064307 1300 73.9283628290596 4.40192378864669 1300 73.5 4.18092213764228 1300 73.026060429977 4.04557674096338 1300 72.5209445330008 4 1300 72 4.04557674096337 1300 71.4790554669992 4.18092213764227 1300 70.973939570023 4.40192378864668 1300 70.5 4.70186667064306 1300 70.0716371709404 5.07163717094038 1300 69.7018666706431 5.49999999999999 1300 69.4019237886467 5.97393957002299 1300 69.1809221376423 6.4790554669992 1300 69.0455767409634 6.99999999999999 1300 69 7.52094453300078 1300 69.0455767409634 8.026060429977 1300 69.1809221376423 8.49999999999999 1300 69.4019237886467 8.92836282905961 1300 69.7018666706431 9.29813332935693 1300 70.0716371709404 9.59807621135331 1300 70.5 9.81907786235772 1300 70.973939570023 9.95442325903662 1300 71.4790554669992 10 1300 72 10 1240 72 9.95442325903662 1240 72.5209445330008 9.81907786235772 1240 73.026060429977 9.59807621135332 1240 73.5 9.29813332935693 1240 73.9283628290596 8.92836282905962 1240 74.2981333293569 8.5 1240 74.5980762113533 8.02606042997701 1240 74.8190778623577 7.52094453300079 1240 74.9544232590366 7 1240 75 6.47905546699921 1240 74.9544232590366 5.97393957002299 1240 74.8190778623577 5.5 1240 74.5980762113533 5.07163717094038 1240 74.2981333293569 4.70186667064307 1240 73.9283628290596 4.40192378864669 1240 73.5 4.18092213764228 1240 73.026060429977 4.04557674096338 1240 72.5209445330008 4 1240 72 4.04557674096337 1240 71.4790554669992 4.18092213764227 1240 70.973939570023 4.40192378864668 1240 70.5 4.70186667064306 1240 70.0716371709404 5.07163717094038 1240 69.7018666706431 5.49999999999999 1240 69.4019237886467 5.97393957002299 1240 69.1809221376423 6.4790554669992 1240 69.0455767409634 6.99999999999999 1240 69 7.52094453300078 1240 69.0455767409634 8.026060429977 1240 69.1809221376423 8.49999999999999 1240 69.4019237886467 8.92836282905961 1240 69.7018666706431 9.29813332935693 1240 70.0716371709404 9.59807621135331 1240 70.5 9.81907786235772 1240 70.973939570023 9.95442325903662 1240 71.4790554669992 0 0 0 -60 0.174532925199433 -60 0.349065850398866 -60 0.523598775598299 -60 0.698131700797732 -60 0.872664625997165 -60 1.0471975511966 -60 1.22173047639603 -60 1.39626340159546 -60 1.5707963267949 -60 1.74532925199433 -60 1.91986217719376 -60 2.0943951023932 -60 2.26892802759263 -60 2.44346095279206 -60 2.61799387799149 -60 2.79252680319093 -60 2.96705972839036 -60 3.14159265358979 -60 3.31612557878922 -60 3.49065850398866 -60 3.66519142918809 -60 3.83972435438752 -60 4.01425727958696 -60 4.18879020478639 -60 4.36332312998582 -60 4.53785605518525 -60 4.71238898038469 -60 4.88692190558412 -60 5.06145483078355 -60 5.23598775598299 -60 5.41052068118242 -60 5.58505360638185 -60 5.75958653158128 -60 5.93411945678072 -60 6.10865238198015 -60 6.28318530717959 -60 6.28318530717959 0 0.174532925199433 0 0.349065850398866 0 0.523598775598299 0 0.698131700797732 0 0.872664625997165 0 1.0471975511966 0 1.22173047639603 0 1.39626340159546 0 1.5707963267949 0 1.74532925199433 0 1.91986217719376 0 2.0943951023932 0 2.26892802759263 0 2.44346095279206 0 2.61799387799149 0 2.79252680319093 0 2.96705972839036 0 3.14159265358979 0 3.31612557878922 0 3.49065850398866 0 3.66519142918809 0 3.83972435438752 0 4.01425727958696 0 4.18879020478639 0 4.36332312998582 0 4.53785605518525 0 4.71238898038469 0 4.88692190558412 0 5.06145483078355 0 5.23598775598299 0 5.41052068118242 0 5.58505360638185 0 5.75958653158128 0 5.93411945678072 0 6.10865238198015 0 40 1 2 40 2 3 41 3 4 41 40 3 42 4 5 42 5 6 42 41 4 43 6 7 43 42 6 44 43 7 45 44 7 45 7 8 45 8 9 46 9 10 46 45 9 47 46 10 48 10 11 48 11 12 48 47 10 49 48 12 50 12 13 50 49 12 51 13 14 51 14 15 51 50 13 52 51 15 53 15 16 53 16 17 53 52 15 54 53 17 55 17 18 55 54 17 56 18 19 56 19 20 56 55 18 57 56 20 58 20 21 58 21 22 58 57 20 59 58 22 60 22 23 60 23 24 60 59 22 61 60 24 62 24 25 62 61 24 63 25 26 63 62 25 64 26 27 64 27 28 64 63 26 65 28 29 65 64 28 66 65 29 67 29 30 67 30 31 67 66 29 68 67 31 69 31 32 69 68 31 70 69 32 70 32 33 70 33 34 71 70 34 72 71 34 72 34 35 73 72 35 73 35 36 74 73 36 74 36 37 74 37 38 39 74 38 
36 34 1 0 1.43214466921978e-14
10 1240 72 9.95442325903662 1240 72.5209445330008 9.81907786235772 1240 73.026060429977 9.59807621135332 1240 73.5 9.29813332935693 1240 73.9283628290596 8.92836282905962 1240 74.2981333293569 8.5 1240 74.5980762113533 8.02606042997701 1240 74.8190778623577 7.52094453300079 1240 74.9544232590366 7 1240 75 6.47905546699921 1240 74.9544232590366 5.97393957002299 1240 74.8190778623577 5.5 1240 74.5980762113533 5.07163717094038 1240 74.2981333293569 4.70186667064307 1240 73.9283628290596 4.40192378864669 1240 73.5 4.18092213764228 1240 73.026060429977 4.04557674096338 1240 72.5209445330008 4 1240 72 4.04557674096337 1240 71.4790554669992 4.18092213764227 1240 70.973939570023 4.40192378864668 1240 70.5 4.70186667064306 1240 70.0716371709404 5.07163717094038 1240 69.7018666706431 5.49999999999999 1240 69.4019237886467 5.97393957002299 1240 69.1809221376423 6.4790554669992 1240 69.0455767409634 6.99999999999999 1240 69 7.52094453300078 1240 69.0455767409634 8.026060429977 1240 69.1809221376423 8.49999999999999 1240 69.4019237886467 8.92836282905961 1240 69.7018666706431 9.29813332935693 1240 70.0716371709404 9.59807621135331 1240 70.5 9.81907786235772 1240 70.973939570023 9.95442325903662 1240 71.4790554669992 8.88178419700125e-16 3 -0.520944533000791 2.95442325903662 -1.02606042997701 2.81907786235772 -1.5 2.59807621135332 -1.92836282905962 2.29813332935693 -2.29813332935693 1.92836282905962 -2.59807621135332 1.5 -2.81907786235772 1.02606042997701 -2.95442325903662 0.520944533000791 -3 0 -2.95442325903662 -0.520944533000791 -2.81907786235773 -1.02606042997701 -2.59807621135332 -1.5 -2.29813332935694 -1.92836282905962 -1.92836282905962 -2.29813332935693 -1.5 -2.59807621135331 -1.02606042997701 -2.81907786235772 -0.520944533000795 -2.95442325903662 -4.44089209850063e-15 -3 0.520944533000786 -2.95442325903663 1.026060429977 -2.81907786235773 1.49999999999999 -2.59807621135332 1.92836282905961 -2.29813332935694 2.29813332935693 -1.92836282905962 2.59807621135331 -1.50000000000001 2.81907786235772 -1.02606042997701 2.95442325903662 -0.520944533000799 3 -8.43769498715119e-15 2.95442325903663 0.520944533000782 2.81907786235773 1.026060429977 2.59807621135332 1.49999999999999 2.29813332935694 1.92836282905961 1.92836282905963 2.29813332935693 1.50000000000001 2.59807621135331 1.02606042997702 2.81907786235772 0.520944533000804 2.95442325903662 11 12 13 21 13 14 21 14 15 21 15 16 21 16 17 21 17 18 21 18 19 21 19 20 8 9 10 8 10 11 4 5 6 4 6 7 4 7 8 26 23 24 26 24 25 2 3 4 2 4 8 28 26 27 29 21 22 29 22 23 29 26 28 29 23 26 36 1 2 34 35 36 34 36 2 32 30 31 33 34 2 33 29 30 33 11 13 33 13 21 33 8 11 33 21 29 33 30 32 33 2 8 
36 34 1 0 1.43214466921978e-14
10 1300 72 9.95442325903662 1300 72.5209445330008 9.81907786235772 1300 73.026060429977 9.59807621135332 1300 73.5 9.29813332935693 1300 73.9283628290596 8.92836282905962 1300 74.2981333293569 8.5 1300 74.5980762113533 8.02606042997701 1300 74.8190778623577 7.52094453300079 1300 74.9544232590366 7 1300 75 6.47905546699921 1300 74.9544232590366 5.97393957002299 1300 74.8190778623577 5.5 1300 74.5980762113533 5.07163717094038 1300 74.2981333293569 4.70186667064307 1300 73.9283628290596 4.40192378864669 1300 73.5 4.18092213764228 1300 73.026060429977 4.04557674096338 1300 72.5209445330008 4 1300 72 4.04557674096337 1300 71.4790554669992 4.18092213764227 1300 70.973939570023 4.40192378864668 1300 70.5 4.70186667064306 1300 70.0716371709404 5.07163717094038 1300 69.7018666706431 5.49999999999999 1300 69.4019237886467 5.97393957002299 1300 69.1809221376423 6.4790554669992 1300 69.0455767409634 6.99999999999999 1300 69 7.52094453300078 1300 69.0455767409634 8.026060429977 1300 69.1809221376423 8.49999999999999 1300 69.4019237886467 8.92836282905961 1300 69.7018666706431 9.29813332935693 1300 70.0716371709404 9.59807621135331 1300 70.5 9.81907786235772 1300 70.973939570023 9.95442325903662 1300 71.4790554669992 8.88178419700125e-16 3 -0.520944533000791 2.95442325903662 -1.02606042997701 2.81907786235772 -1.5 2.59807621135332 -1.92836282905962 2.29813332935693 -2.29813332935693 1.92836282905962 -2.59807621135332 1.5 -2.81907786235772 1.02606042997701 -2.95442325903662 0.520944533000791 -3 0 -2.95442325903662 -0.520944533000791 -2.81907786235773 -1.02606042997701 -2.59807621135332 -1.5 -2.29813332935694 -1.92836282905962 -1.92836282905962 -2.29813332935693 -1.5 -2.59807621135331 -1.02606042997701 -2.81907786235772 -0.520944533000795 -2.95442325903662 -4.44089209850063e-15 -3 0.520944533000786 -2.95442325903663 1.026060429977 -2.81907786235773 1.49999999999999 -2.59807621135332 1.92836282905961 -2.29813332935694 2.29813332935693 -1.92836282905962 2.59807621135331 -1.50000000000001 2.81907786235772 -1.02606042997701 2.95442325903662 -0.520944533000799 3 -8.43769498715119e-15 2.95442325903663 0.520944533000782 2.81907786235773 1.026060429977 2.59807621135332 1.49999999999999 2.29813332935694 1.92836282905961 1.92836282905963 2.29813332935693 1.50000000000001 2.59807621135331 1.02606042997702 2.81907786235772 0.520944533000804 2.95442325903662 11 12 13 21 13 14 21 14 15 21 15 16 21 16 17 21 17 18 21 18 19 21 19 20 8 9 10 8 10 11 4 5 6 4 6 7 4 7 8 26 23 24 26 24 25 2 3 4 2 4 8 28 26 27 29 21 22 29 22 23 29 26 28 29 23 26 36 1 2 34 35 36 34 36 2 32 30 31 33 34 2 33 29 30 33 11 13 33 13 21 33 8 11 33 21 29 33 30 32 33 2 8 
4 2 1 0 1.13686837721616e-13
640 908.6 55.5 640 908.6 77.5 640 999.6 55.5 640 999.6 77.5 0 0 22 0 0 -91 22 -91 2 1 3 2 3 4 
4 2 1 0 0
640 908.6 55.5 665 908.6 55.5 640 908.6 77.5 665 908.6 77.5 0 0 0 25 22 0 22 25 4 2 1 4 1 3 
4 2 1 0 1.13686837721616e-13
640 908.6 77.5 640 999.6 77.5 665 908.6 77.5 665 999.6 77.5 0 0 0 91 25 0 25 91 4 2 1 4 1 3 
4 2 1 0 0
640 999.6 55.5 665 999.6 55.5 640 999.6 77.5 665 999.6 77.5 0 0 0 25 22 0 22 25 4 2 1 4 1 3 
4 2 1 0 1.13686837721616e-13
640 908.6 55.5 640 999.6 55.5 665 908.6 55.5 665 999.6 55.5 0 0 0 91 25 0 25 91 4 2 1 4 1 3 
4 2 1 0 1.13686837721616e-13
665 908.6 55.5 665 908.6 77.5 665 999.6 55.5 665 999.6 77.5 0 0 22 0 0 -91 22 -91 2 1 3 2 3 4 

TShapes 1344
Ve
1e-07
0 788 59
0 0

0101101
*
Ve
1e-07
0 788 -830
0 0

0101101
*
Ed
 1e-07 1 1 0
1  1 0 0 889
6  1 1 0
6  2 2 0
0

0101000
-1344 2 +1343 2 *
Ve
1e-07
0 1860.5 59
0 0

0101101
*
Ed
 1e-07 1 1 0
1  2 0 0 1072.5
6  3 1 0
6  4 3 0
0

0101000
-1341 2 +1344 2 *
Ve
1e-07
0 1860.5 -830
0 0

0101101
*
Ed
 1e-07 1 1 0
1  3 0 0 889
6  5 1 0
6  6 4 0
0

0101000
-1341 2 +1339 2 *
Ed
 1e-07 1 1 0
1  4 0 0 1072.5
6  7 1 0
6  8 5 0
0

0101000
-1339 2 +1343 2 *
Wi

0101100
-1342 0 -1340 0 +1338 0 +1337 0 *
Fa
0  1e-07 1 0
2  1
0101000
+1336 0 *
Ve
1e-07
1.5 788 59
0 0

0101101
*
Ve
1e-07
1.5 788 -830
0 0

0101101
*
Ed
 1e-07 1 1 0
1  5 0 0 889
6  9 6 0
6  10 2 0
0

0101000
-1334 2 +1333 2 *
Ve
1e-07
1.5 1860.5 59
0 0

0101101
*
Ed
 1e-07 1 1 0
1  6 0 0 1072.5
6  11 6 0
6  12 3 0
0

0101000
-1331 2 +1334 2 *
Ve
1e-07
1.5 1860.5 -830
0 0

0101101
*
Ed
 1e-07 1 1 0
1  7 0 0 889
6  13 6 0
6  14 4 0
0

0101000
-1331 2 +1329 2 *
Ed
 1e-07 1 1 0
1  8 0 0 1072.5
6  15 6 0
6  16 5 0
0

0101000
-1329 2 +1333 2 *
Wi

0101100
-1332 0 -1330 0 +1328 0 +1327 0 *
Fa
0  1e-07 2 0
2  6
0101000
+1326 0 *
Ed
 1e-07 1 1 0
1  9 0 0 1.5
6  17 2 0
6  18 5 0
0

0101000
-1333 2 +1343 2 *
Ed
 1e-07 1 1 0
1  10 0 0 1.5
6  19 2 0
6  20 3 0
0

0101000
-1334 2 +1344 2 *
Wi

0101100
-1324 0 -1332 0 +1323 0 +1342 0 *
Fa
0  1e-07 3 0
2  2
0101000
+1322 0 *
Ed
 1e-07 1 1 0
1  11 0 0 1.5
6  21 4 0
6  22 5 0
0

0101000
-1329 2 +1339 2 *
Ed
 1e-07 1 1 0
1  12 0 0 1.5
6  23 4 0
6  24 3 0
0

0101000
-1331 2 +1341 2 *
Wi

0101100
-1320 0 -1328 0 +1319 0 +1338 0 *
Fa
0  1e-07 4 0
2  4
0101000
+1318 0 *
Wi

0101100
-1337 0 -1320 0 +1327 0 +1324 0 *
Fa
0  1e-07 5 0
2  5
0101000
+1316 0 *
Wi

0101100
-1340 0 -1319 0 +1330 0 +1323 0 *
Fa
0  1e-07 6 0
2  3
0101000
+1314 0 *
Sh

0101100
-1335 0 +1325 0 -1321 0 +1317 0 -1315 0 +1313 0 *
So

0100000
+1312 0 *
Ve
1e-07
1.5 1354 9
0 0

0101101
*
Ve
1e-07
1.5 1365 9
0 0

0101101
*
Ed
 1e-07 1 1 0
1  13 0 0 11
2  1 8 0 0 11
6  25 7 0
6  26 8 0
0

0101000
+1310 0 -1309 0 *
Ve
1e-07
1.5 1354 -798.5
0 0

0101101
*
Ed
 1e-07 1 1 0
1  14 0 0 807.5
2  2 9 0 0 807.5
2  3 10 0 0 807.5
6  27 7 4
6  28 9 4
0

0101000
-1310 4 +1307 4 *
Ve
1e-07
1.5 1365 -798.5
0 0

0101101
*
Ed
 1e-07 1 1 0
1  15 0 0 11
2  4 11 0 0 11
6  29 7 0
6  30 10 0
0

0101000
+1305 0 -1307 0 *
Ed
 1e-07 1 1 0
1  16 0 0 807.5
2  5 12 0 0 807.5
6  31 7 6
6  32 11 0
0

0101000
-1309 6 +1305 6 *
Wi

0101100
-1308 0 -1306 3 -1304 0 +1303 5 *
Fa
0  0 7 0
2  7
0101000
+1302 0 *
Ve
1e-07
2.5 1365 -798.5
0 0

0101101
*
Ed
 1e-07 1 1 0
1  17 0 0 1
2  6 14 0 0 1
2  7 11 6 0 1
6  33 11 0
6  34 10 6
0

0101000
-1300 6 +1305 6 *
Ve
1e-07
2.5 1365 9
0 0

0101101
*
Ed
 1e-07 1 1 0
1  18 0 0 807.5
2  8 15 0 0 807.5
6  35 11 0
6  36 12 0
0

0101000
-1298 6 +1300 6 *
Ed
 1e-07 1 1 0
1  19 0 0 1
2  9 16 0 0 1
2  10 8 6 0 1
6  37 11 0
6  38 8 6
0

0101000
-1298 6 +1309 6 *
Wi

0101100
-1299 0 -1297 0 +1296 0 +1303 0 *
Fa
0  1e-07 13 0
2  11
0101000
+1295 0 *
Ve
1e-07
2.5 1355 9
0 0

0101101
*
Ve
1e-07
2.5 1355 -798.5
0 0

0101101
*
Ed
 1e-07 1 1 0
1  20 0 0 807.5
2  11 17 0 0 807.5
2  12 15 0 0 807.5
2  13 18 7 0 807.5
6  39 12 0
6  40 13 6
0

0101000
-1293 6 +1292 6 *
Ed
 1e-07 1 1 0
1  21 0 0 10
2  14 16 0 0 10
2  15 15 0 0 10
2  16 8 6 0 10
6  41 12 0
6  42 8 6
0

0101000
-1298 6 +1293 6 *
Ed
 1e-07 1 1 0
1  22 0 0 10
2  17 14 0 0 10
2  18 15 0 0 10
2  19 11 6 0 10
6  43 12 0
6  44 10 6
0

0101000
-1300 6 +1292 6 *
Wi

0101100
-1291 0 -1290 0 +1297 0 +1289 0 *
Fa
0  1e-07 15 0
2  12
0101000
+1288 0 *
Ve
1e-07
16.5 1355 -798.5
0 0

0101101
*
Ed
 1e-07 1 1 0
1  23 0 0 14
6  45 13 0
6  46 10 0
0

0101000
+1292 0 -1286 0 *
Ve
1e-07
16.5 1355 9
0 0

0101101
*
Ed
 1e-07 1 1 0
1  24 0 0 14
6  47 13 0
6  48 8 0
0

0101000
+1284 0 -1293 0 *
Ed
 1e-07 1 1 0
1  25 0 0 807.5
2  20 18 0 0 807.5
2  21 20 0 0 807.5
2  22 21 9 0 807.5
6  49 13 4
6  50 14 4
0

0101000
+1286 4 -1284 4 *
Wi

0101100
-1285 0 +1291 5 -1283 0 -1282 3 *
Fa
0  0 19 0
2  13
0101000
+1281 0 *
Ve
1e-07
16.5 1335 9
0 0

0101101
*
Ed
 1e-07 1 1 0
1  26 0 0 20
6  51 14 0
6  52 8 0
0

0101000
+1279 0 -1284 0 *
Ve
1e-07
16.5 1335 -798.5
0 0

0101101
*
Ed
 1e-07 1 1 0
1  27 0 0 807.5
2  23 23 0 0 807.5
2  24 24 0 0 807.5
2  25 21 11 0 807.5
6  53 14 12
6  54 15 12
0

0101000
+1277 12 -1279 12 *
Ed
 1e-07 1 1 0
1  28 0 0 20
6  55 14 0
6  56 10 0
0

0101000
+1286 0 -1277 0 *
Wi

0101100
-1278 0 -1276 10 -1275 0 +1282 3 *
Fa
0  0 22 0
2  14
0101000
+1274 0 *
Ve
1e-07
2.5 1335 -798.5
0 0

0101101
*
Ed
 1e-07 1 1 0
1  29 0 0 14
6  57 15 0
6  58 10 0
0

0101000
+1277 0 -1272 0 *
Ve
1e-07
2.5 1335 9
0 0

0101101
*
Ed
 1e-07 1 1 0
1  30 0 0 807.5
2  26 26 0 0 807.5
2  27 27 0 0 807.5
2  28 23 14 0 807.5
6  59 15 15
6  60 16 0
0

0101000
-1270 15 +1272 15 *
Ed
 1e-07 1 1 0
1  31 0 0 14
6  61 15 0
6  62 8 0
0

0101000
+1270 0 -1279 0 *
Wi

0101100
+1271 0 +1269 13 +1268 0 -1276 10 *
Fa
0  0 25 0
2  15
0101000
+1267 0 *
Ve
1e-07
2.5 1325 9
0 0

0101101
*
Ve
1e-07
2.5 1325 -798.5
0 0

0101101
*
Ed
 1e-07 1 1 0
1  32 0 0 807.5
2  29 27 0 0 807.5
6  63 16 0
6  64 17 0
0

0101000
-1265 15 +1264 15 *
Ed
 1e-07 1 1 0
1  33 0 0 10
2  30 28 0 0 10
2  31 27 0 0 10
2  32 29 15 0 10
6  65 16 0
6  66 8 15
0

0101000
-1270 15 +1265 15 *
Ed
 1e-07 1 1 0
1  34 0 0 10
2  33 30 0 0 10
2  34 27 0 0 10
2  35 31 15 0 10
6  67 16 0
6  68 10 15
0

0101000
-1272 15 +1264 15 *
Wi

0101100
-1263 0 -1262 0 +1269 0 +1261 0 *
Fa
0  1e-07 27 0
2  16
0101000
+1260 0 *
Ve
1e-07
1.5 1325 -798.5
0 0

0101101
*
Ed
 1e-07 1 1 0
1  35 0 0 1
2  36 30 0 0 1
2  37 31 15 0 1
6  69 17 0
6  70 10 15
0

0101000
-1264 15 +1258 15 *
Ve
1e-07
1.5 1325 9
0 0

0101101
*
Ed
 1e-07 1 1 0
1  36 0 0 1
2  38 28 0 0 1
2  39 29 15 0 1
6  71 17 0
6  72 8 15
0

0101000
-1265 15 +1256 15 *
Ed
 1e-07 1 1 0
1  37 0 0 807.5
2  40 33 0 0 807.5
6  73 17 0
6  74 18 15
0

0101000
-1256 15 +1258 15 *
Wi

0101100
-1257 0 -1263 0 +1255 0 +1254 0 *
Fa
0  1e-07 32 0
2  17
0101000
+1253 0 *
Ve
1e-07
1.5 1336 -798.5
0 0

0101101
*
Ed
 1e-07 1 1 0
1  38 0 0 11
2  41 31 0 0 11
6  75 18 0
6  76 10 0
0

0101000
+1251 0 -1258 0 *
Ve
1e-07
1.5 1336 9
0 0

0101101
*
Ed
 1e-07 1 1 0
1  39 0 0 807.5
2  42 35 0 0 807.5
2  43 36 0 0 807.5
6  77 18 12
6  78 19 12
0

0101000
-1249 12 +1251 12 *
Ed
 1e-07 1 1 0
1  40 0 0 11
2  44 29 0 0 11
6  79 18 0
6  80 8 0
0

0101000
+1256 0 -1249 0 *
Wi

0101100
-1254 13 -1250 0 +1248 10 -1247 0 *
Fa
0  0 34 0
2  18
0101000
+1246 0 *
Ve
1.5e-07
15.5 1336 -798.5
0 0

0101101
*
Ed
 1e-07 1 1 0
1  41 0 0 14
2  45 37 0 0 14
2  46 31 12 0 14
2  47 36 0 0 14
6  81 19 12
6  82 10 12
0

0101000
+1251 12 -1244 12 *
Ve
1.5e-07
15.5 1336 9
0 0

0101101
*
Ed
 1.5e-07 1 1 0
1  42 0 -807.5 0
2  48 36 10 -807.5 0
2  49 38 8 -807.5 0
6  83 19 0
6  84 20 0
0

0101000
+1242 0 -1244 0 *
Ed
 1e-07 1 1 0
1  43 0 0 14
2  50 39 0 0 14
2  51 29 12 0 14
2  52 36 0 0 14
6  85 19 12
6  86 8 12
0

0101000
+1249 12 -1242 12 *
Wi

0101100
-1243 10 +1241 0 +1240 10 +1248 10 *
Fa
0  1e-07 36 10
2  19
0101000
+1239 0 *
Ve
1.5e-07
15.5 1354 9
0 0

0101101
*
Ed
 1e-07 1 1 0
1  44 0 1 19
2  53 40 0 1 19
2  54 38 0 1 19
6  87 20 16
6  88 8 16
0

0101000
+1242 16 -1237 16 *
Ve
1.5e-07
15.5 1354 -798.5
0 0

0101101
*
Ed
 1.5e-07 1 1 0
1  45 0 -807.5 0
2  55 10 3 -807.5 0
2  56 38 8 -807.5 0
6  89 20 0
6  90 9 0
0

0101000
+1237 0 -1235 0 *
Ed
 1e-07 1 1 0
1  46 0 1 19
2  57 41 0 1 19
2  58 38 0 1 19
6  91 20 16
6  92 10 16
0

0101000
+1244 16 -1235 16 *
Wi

0101100
-1236 8 -1234 0 +1233 8 +1241 0 *
Fa
0  1e-07 38 8
2  20
0101000
+1232 0 *
Ed
 1e-07 1 1 0
1  47 0 0 14
2  59 43 0 0 14
2  60 11 4 0 14
2  61 10 0 0 14
6  93 10 4
6  94 9 4
0

0101000
+1307 4 -1235 4 *
Wi

0101100
-1299 5 +1304 0 +1230 3 -1233 8 -1243 10 +1250 0 +1257 13 +1261 13 -1271 0 -1275 0 
-1285 0 +1289 5 *
Fa
0  0 42 0
2  10
0101000
+1229 0 *
Ed
 1e-07 1 1 0
1  48 0 0 14
2  62 44 0 0 14
2  63 8 4 0 14
2  64 10 0 0 14
6  95 9 4
6  96 8 4
0

0101000
+1310 4 -1237 4 *
Wi

0101100
-1230 3 +1234 0 +1227 3 +1306 3 *
Fa
0  1e-07 10 3
2  9
0101000
+1226 0 *
Wi

0101100
-1308 0 +1227 3 -1236 8 -1240 10 -1247 0 +1255 13 +1262 13 +1268 0 +1278 0 +1283 0 
+1290 5 -1296 5 *
Fa
0  0 45 0
2  8
0101000
+1224 0 *
Sh

0101100
-1301 0 +1294 5 +1287 5 +1280 0 +1273 0 -1266 0 +1259 13 -1252 13 -1245 0 +1238 0 
-1231 0 -1228 0 -1225 0 +1223 0 *
So

0100000
+1222 0 *
Co

0100000
+1221 0 *
Ve
1e-07
1.5 893.5 59
0 0

0101101
*
Ve
1e-07
1.5 893.5 9
0 0

0101101
*
Ed
 1e-07 1 1 0
1  49 0 0 50
2  65 47 0 0 50
6  97 21 0
6  98 22 18
0

0101000
-1219 18 +1218 18 *
Ve
1e-07
1.5 1860.5 59
0 0

0101101
*
Ed
 1e-07 1 1 0
1  50 0 0 967
6  99 21 0
6  100 23 0
0

0101000
-1216 18 +1219 18 *
Ve
1e-07
1.5 1860.5 9
0 0

0101101
*
Ed
 1e-07 1 1 0
1  51 0 0 50
2  66 48 0 0 50
6  101 21 0
6  102 24 18
0

0101000
-1216 18 +1214 18 *
Ed
 1e-07 1 1 0
1  52 0 0 967
6  103 21 0
6  104 25 0
0

0101000
-1214 18 +1218 18 *
Wi

0101100
-1217 0 -1215 0 +1213 0 +1212 0 *
Fa
0  1e-07 46 0
2  21
0101000
+1211 0 *
Ve
1e-07
31.5 893.5 9
0 0

0101101
*
Ed
 1e-07 1 1 0
1  53 0 0 30
2  67 47 0 0 30
6  105 22 18
6  106 25 0
0

0101000
-1209 18 +1218 18 *
Ve
1e-07
31.5 893.5 59
0 0

0101101
*
Ed
 1e-07 1 1 0
1  54 0 0 30
2  68 47 0 0 30
6  107 22 18
6  108 23 0
0

0101000
-1207 18 +1219 18 *
Ed
 1e-07 1 1 0
1  55 0 0 50
2  69 47 0 0 50
6  109 22 18
6  110 26 0
0

0101000
-1207 18 +1209 18 *
Wi

0101100
-1208 17 +1217 17 +1206 17 -1205 17 *
Fa
0  0 49 0
2  22
0101000
+1204 0 *
Ve
1e-07
31.5 1860.5 59
0 0

0101101
*
Ed
 1e-07 1 1 0
1  56 0 0 30
2  70 48 0 0 30
6  111 23 0
6  112 24 18
0

0101000
-1202 18 +1216 18 *
Ed
 1e-07 1 1 0
1  57 0 0 967
6  113 23 0
6  114 26 0
0

0101000
-1202 18 +1207 18 *
Wi

0101100
-1215 0 -1201 0 +1200 0 +1206 0 *
Fa
0  1e-07 50 0
2  23
0101000
+1199 0 *
Ve
1e-07
31.5 1860.5 9
0 0

0101101
*
Ed
 1e-07 1 1 0
1  58 0 0 30
2  71 48 0 0 30
6  115 24 18
6  116 25 0
0

0101000
-1197 18 +1214 18 *
Ed
 1e-07 1 1 0
1  59 0 0 50
2  72 48 0 0 50
6  117 24 18
6  118 26 0
0

0101000
-1202 18 +1197 18 *
Wi

0101100
-1196 17 -1195 17 +1213 17 +1201 17 *
Ve
1.5e-07
3.5 1860.5 57
0 0

0101101
*
Ve
1.5e-07
29.5 1860.5 57
0 0

0101101
*
Ed
 1.5e-07 1 1 0
1  60 0 1 27
2  73 48 17 1 27
2  74 51 19 1 27
6  119 24 0
6  120 27 0
0

0101000
+1193 0 -1192 0 *
Ve
1.5e-07
29.5 1860.5 11
0 0

0101101
*
Ed
 1.5e-07 1 1 0
1  61 0 -47 -1
2  75 48 17 -47 -1
2  76 52 19 -47 -1
6  121 24 0
6  122 28 0
0

0101000
+1192 0 -1190 0 *
Ve
1.5e-07
3.5 1860.5 11
0 0

0101101
*
Ed
 1.5e-07 1 1 0
1  62 0 1 27
2  77 48 17 1 27
2  78 53 19 1 27
6  123 24 0
6  124 29 0
0

0101000
+1188 0 -1190 0 *
Ed
 1.5e-07 1 1 0
1  63 0 -47 -1
2  79 48 17 -47 -1
2  80 54 19 -47 -1
6  125 24 0
6  126 30 0
0

0101000
+1193 0 -1188 0 *
Wi

0101100
-1191 0 -1189 0 +1187 0 +1186 0 *
Fa
0  1e-07 48 17
2  24
0101000
+1194 0 +1185 0 *
Ed
 1e-07 1 1 0
1  64 0 0 967
6  127 25 0
6  128 26 0
0

0101000
-1197 18 +1209 18 *
Wi

0101100
-1212 0 -1196 0 +1183 0 +1208 0 *
Fa
0  1e-07 55 0
2  25
0101000
+1182 0 *
Wi

0101100
-1205 0 -1200 0 +1195 0 +1183 0 *
Fa
0  1e-07 56 0
2  26
0101000
+1180 0 *
Ve
1e-07
3.5 896.5 57
0 0

0101101
*
Ed
 1e-07 1 1 0
1  65 0 4 968
2  81 54 0 4 968
2  82 51 0 4 968
6  129 27 20
6  130 30 20
0

0101000
+1178 20 -1193 20 *
Ve
1e-07
29.5 896.5 57
0 0

0101101
*
Ed
 1e-07 1 1 0
1  66 0 4 968
2  83 52 0 4 968
2  84 51 0 4 968
6  131 27 20
6  132 28 20
0

0101000
+1176 20 -1192 20 *
Ed
 1e-07 1 1 0
1  67 0 0 26
2  85 57 0 0 26
2  86 58 0 0 26
2  87 51 22 0 26
6  133 27 23
6  134 31 0
0

0101000
-1176 23 +1178 23 *
Wi

0101100
-1177 19 -1191 0 +1175 19 +1174 21 *
Fa
0  1e-07 51 19
2  27
0101000
+1173 0 *
Ve
1e-07
29.5 896.5 11
0 0

0101101
*
Ed
 1e-07 1 1 0
1  68 0 4 968
2  88 52 0 4 968
2  89 53 0 4 968
6  135 28 20
6  136 29 20
0

0101000
+1171 20 -1190 20 *
Ed
 1e-07 1 1 0
1  69 0 0 46
2  90 59 0 0 46
2  91 58 0 0 46
2  92 52 22 0 46
6  137 28 23
6  138 31 0
0

0101000
-1176 23 +1171 23 *
Wi

0101100
-1175 19 -1189 0 +1170 19 -1169 21 *
Fa
0  1e-07 52 19
2  28
0101000
+1168 0 *
Ve
1e-07
3.5 896.5 11
0 0

0101101
*
Ed
 1e-07 1 1 0
1  70 0 4 968
2  93 54 0 4 968
2  94 53 0 4 968
6  139 29 20
6  140 30 20
0

0101000
+1166 20 -1188 20 *
Ed
 1e-07 1 1 0
1  71 0 0 26
2  95 60 0 0 26
2  96 58 0 0 26
2  97 53 22 0 26
6  141 29 23
6  142 31 0
0

0101000
-1171 23 +1166 23 *
Wi

0101100
-1165 19 -1187 0 +1170 19 +1164 21 *
Fa
0  1e-07 53 19
2  29
0101000
+1163 0 *
Ed
 1e-07 1 1 0
1  72 0 0 46
2  98 61 0 0 46
2  99 58 0 0 46
2  100 54 22 0 46
6  143 30 23
6  144 31 0
0

0101000
-1178 23 +1166 23 *
Wi

0101100
-1177 19 -1186 0 +1165 19 -1161 21 *
Fa
0  1e-07 54 19
2  30
0101000
+1160 0 *
Wi

0101100
-1164 0 -1169 0 +1174 0 +1161 0 *
Fa
0  1e-07 58 0
2  31
0101000
+1158 0 *
Sh

0101100
-1210 17 -1203 0 +1198 17 +1184 0 -1181 17 +1179 17 -1172 0 -1167 0 +1162 0 +1159 0 
+1157 21 *
So

0100000
+1156 0 *
Co

0100000
+1155 0 *
Ve
1e-07
670 893.5 59
0 0

0101101
*
Ve
1e-07
670 893.5 9
0 0

0101101
*
Ed
 1e-07 1 1 0
1  73 0 0 50
2  101 63 0 0 50
6  145 32 0
6  146 33 25
0

0101000
-1153 25 +1152 25 *
Ve
1e-07
670 1860.5 59
0 0

0101101
*
Ed
 1e-07 1 1 0
1  74 0 0 967
6  147 32 0
6  148 34 0
0

0101000
-1150 25 +1153 25 *
Ve
1e-07
670 1860.5 9
0 0

0101101
*
Ed
 1e-07 1 1 0
1  75 0 0 50
2  102 64 0 0 50
6  149 32 0
6  150 35 25
0

0101000
-1150 25 +1148 25 *
Ed
 1e-07 1 1 0
1  76 0 0 967
6  151 32 0
6  152 36 0
0

0101000
-1148 25 +1152 25 *
Wi

0101100
-1151 0 -1149 0 +1147 0 +1146 0 *
Fa
0  1e-07 62 0
2  32
0101000
+1145 0 *
Ve
1e-07
700 893.5 9
0 0

0101101
*
Ed
 1e-07 1 1 0
1  77 0 0 30
2  103 63 0 0 30
6  153 33 25
6  154 36 0
0

0101000
-1143 25 +1152 25 *
Ve
1e-07
700 893.5 59
0 0

0101101
*
Ed
 1e-07 1 1 0
1  78 0 0 30
2  104 63 0 0 30
6  155 33 25
6  156 34 0
0

0101000
-1141 25 +1153 25 *
Ed
 1e-07 1 1 0
1  79 0 0 50
2  105 63 0 0 50
6  157 33 25
6  158 37 0
0

0101000
-1141 25 +1143 25 *
Wi

0101100
-1142 24 +1151 24 +1140 24 -1139 24 *
Fa
0  0 65 0
2  33
0101000
+1138 0 *
Ve
1e-07
700 1860.5 59
0 0

0101101
*
Ed
 1e-07 1 1 0
1  80 0 0 30
2  106 64 0 0 30
6  159 34 0
6  160 35 25
0

0101000
-1136 25 +1150 25 *
Ed
 1e-07 1 1 0
1  81 0 0 967
6  161 34 0
6  162 37 0
0

0101000
-1136 25 +1141 25 *
Wi

0101100
-1149 0 -1135 0 +1134 0 +1140 0 *
Fa
0  1e-07 66 0
2  34
0101000
+1133 0 *
Ve
1e-07
700 1860.5 9
0 0

0101101
*
Ed
 1e-07 1 1 0
1  82 0 0 30
2  107 64 0 0 30
6  163 35 25
6  164 36 0
0

0101000
-1131 25 +1148 25 *
Ed
 1e-07 1 1 0
1  83 0 0 50
2  108 64 0 0 50
6  165 35 25
6  166 37 0
0

0101000
-1136 25 +1131 25 *
Wi

0101100
-1130 24 -1129 24 +1147 24 +1135 24 *
Ve
1.5e-07
672 1860.5 57
0 0

0101101
*
Ve
1.5e-07
698 1860.5 57
0 0

0101101
*
Ed
 1.5e-07 1 1 0
1  84 0 1 27
2  109 64 24 1 27
2  110 67 26 1 27
6  167 35 0
6  168 38 0
0

0101000
+1127 0 -1126 0 *
Ve
1.5e-07
698 1860.5 11
0 0

0101101
*
Ed
 1.5e-07 1 1 0
1  85 0 -47 -1
2  111 64 24 -47 -1
2  112 68 26 -47 -1
6  169 35 0
6  170 39 0
0

0101000
+1126 0 -1124 0 *
Ve
1.5e-07
672 1860.5 11
0 0

0101101
*
Ed
 1.5e-07 1 1 0
1  86 0 1 27
2  113 64 24 1 27
2  114 69 26 1 27
6  171 35 0
6  172 40 0
0

0101000
+1122 0 -1124 0 *
Ed
 1.5e-07 1 1 0
1  87 0 -47 -1
2  115 64 24 -47 -1
2  116 70 26 -47 -1
6  173 35 0
6  174 41 0
0

0101000
+1127 0 -1122 0 *
Wi

0101100
-1125 0 -1123 0 +1121 0 +1120 0 *
Fa
0  1e-07 64 24
2  35
0101000
+1128 0 +1119 0 *
Ed
 1e-07 1 1 0
1  88 0 0 967
6  175 36 0
6  176 37 0
0

0101000
-1131 25 +1143 25 *
Wi

0101100
-1146 0 -1130 0 +1117 0 +1142 0 *
Fa
0  1e-07 71 0
2  36
0101000
+1116 0 *
Wi

0101100
-1139 0 -1134 0 +1129 0 +1117 0 *
Fa
0  1e-07 72 0
2  37
0101000
+1114 0 *
Ve
1e-07
672 896.5 57
0 0

0101101
*
Ed
 1e-07 1 1 0
1  89 0 4 968
2  117 70 0 4 968
2  118 67 0 4 968
6  177 38 27
6  178 41 27
0

0101000
+1112 27 -1127 27 *
Ve
1e-07
698 896.5 57
0 0

0101101
*
Ed
 1e-07 1 1 0
1  90 0 4 968
2  119 68 0 4 968
2  120 67 0 4 968
6  179 38 27
6  180 39 27
0

0101000
+1110 27 -1126 27 *
Ed
 1e-07 1 1 0
1  91 0 0 26
2  121 73 0 0 26
2  122 74 0 0 26
2  123 67 29 0 26
6  181 38 30
6  182 42 0
0

0101000
-1110 30 +1112 30 *
Wi

0101100
-1111 26 -1125 0 +1109 26 +1108 28 *
Fa
0  1e-07 67 26
2  38
0101000
+1107 0 *
Ve
1e-07
698 896.5 11
0 0

0101101
*
Ed
 1e-07 1 1 0
1  92 0 4 968
2  124 68 0 4 968
2  125 69 0 4 968
6  183 39 27
6  184 40 27
0

0101000
+1105 27 -1124 27 *
Ed
 1e-07 1 1 0
1  93 0 0 46
2  126 75 0 0 46
2  127 74 0 0 46
2  128 68 29 0 46
6  185 39 30
6  186 42 0
0

0101000
-1110 30 +1105 30 *
Wi

0101100
-1109 26 -1123 0 +1104 26 -1103 28 *
Fa
0  1e-07 68 26
2  39
0101000
+1102 0 *
Ve
1e-07
672 896.5 11
0 0

0101101
*
Ed
 1e-07 1 1 0
1  94 0 4 968
2  129 70 0 4 968
2  130 69 0 4 968
6  187 40 27
6  188 41 27
0

0101000
+1100 27 -1122 27 *
Ed
 1e-07 1 1 0
1  95 0 0 26
2  131 76 0 0 26
2  132 74 0 0 26
2  133 69 29 0 26
6  189 40 30
6  190 42 0
0

0101000
-1105 30 +1100 30 *
Wi

0101100
-1099 26 -1121 0 +1104 26 +1098 28 *
Fa
0  1e-07 69 26
2  40
0101000
+1097 0 *
Ed
 1e-07 1 1 0
1  96 0 0 46
2  134 77 0 0 46
2  135 74 0 0 46
2  136 70 29 0 46
6  191 41 30
6  192 42 0
0

0101000
-1112 30 +1100 30 *
Wi

0101100
-1111 26 -1120 0 +1099 26 -1095 28 *
Fa
0  1e-07 70 26
2  41
0101000
+1094 0 *
Wi

0101100
-1098 0 -1103 0 +1108 0 +1095 0 *
Fa
0  1e-07 74 0
2  42
0101000
+1092 0 *
Sh

0101100
-1144 24 -1137 0 +1132 24 +1118 0 -1115 24 +1113 24 -1106 0 -1101 0 +1096 0 +1093 0 
+1091 28 *
So

0100000
+1090 0 *
Co

0100000
+1089 0 *
Ve
1e-07
1.5 791 59
0 0

0101101
*
Ve
1e-07
1.5 791 39
0 0

0101101
*
Ed
 1e-07 1 1 0
1  97 0 0 20
2  137 79 0 0 20
6  193 43 0
6  194 44 32
0

0101000
-1087 32 +1086 32 *
Ve
1e-07
1.5 893.5 59
0 0

0101101
*
Ed
 1e-07 1 1 0
1  98 0 0 102.5
6  195 43 0
6  196 45 0
0

0101000
-1084 32 +1087 32 *
Ve
1e-07
1.5 893.5 39
0 0

0101101
*
Ed
 1e-07 1 1 0
1  99 0 0 20
2  138 80 0 0 20
6  197 43 0
6  198 46 32
0

0101000
-1084 32 +1082 32 *
Ed
 1e-07 1 1 0
1  100 0 0 102.5
6  199 43 0
6  200 47 0
0

0101000
-1082 32 +1086 32 *
Wi

0101100
-1085 0 -1083 0 +1081 0 +1080 0 *
Fa
0  1e-07 78 0
2  43
0101000
+1079 0 *
Ve
1e-07
31.5 791 39
0 0

0101101
*
Ed
 1e-07 1 1 0
1  101 0 0 30
2  139 79 0 0 30
6  201 44 32
6  202 47 0
0

0101000
-1077 32 +1086 32 *
Ve
1e-07
31.5 791 59
0 0

0101101
*
Ed
 1e-07 1 1 0
1  102 0 0 20
2  140 79 0 0 20
6  203 44 32
6  204 48 0
0

0101000
-1075 32 +1077 32 *
Ed
 1e-07 1 1 0
1  103 0 0 30
2  141 79 0 0 30
6  205 44 32
6  206 45 0
0

0101000
-1075 32 +1087 32 *
Wi

0101100
-1076 31 -1074 31 +1085 31 +1073 31 *
Ve
1.5e-07
3.5 791 57
0 0

0101101
*
Ve
1.5e-07
29.5 791 57
0 0

0101101
*
Ed
 1.5e-07 1 1 0
1  104 0 1 27
2  142 79 31 1 27
2  143 81 33 1 27
6  207 44 0
6  208 49 0
0

0101000
+1071 0 -1070 0 *
Ve
1.5e-07
29.5 791 41
0 0

0101101
*
Ed
 1.5e-07 1 1 0
1  105 0 -17 -1
2  144 79 31 -17 -1
2  145 82 33 -17 -1
6  209 44 0
6  210 50 0
0

0101000
+1070 0 -1068 0 *
Ve
1.5e-07
3.5 791 41
0 0

0101101
*
Ed
 1.5e-07 1 1 0
1  106 0 1 27
2  146 79 31 1 27
2  147 83 33 1 27
6  211 44 0
6  212 51 0
0

0101000
+1066 0 -1068 0 *
Ed
 1.5e-07 1 1 0
1  107 0 -17 -1
2  148 79 31 -17 -1
2  149 84 33 -17 -1
6  213 44 0
6  214 52 0
0

0101000
+1071 0 -1066 0 *
Wi

0101100
-1069 0 -1067 0 +1065 0 +1064 0 *
Fa
0  1e-07 79 31
2  44
0101000
+1072 0 +1063 0 *
Ve
1e-07
31.5 893.5 59
0 0

0101101
*
Ed
 1e-07 1 1 0
1  108 0 0 30
2  150 80 0 0 30
6  215 45 0
6  216 46 32
0

0101000
-1061 32 +1084 32 *
Ed
 1e-07 1 1 0
1  109 0 0 102.5
6  217 45 0
6  218 48 0
0

0101000
-1061 32 +1075 32 *
Wi

0101100
-1083 0 -1060 0 +1059 0 +1073 0 *
Fa
0  1e-07 85 0
2  45
0101000
+1058 0 *
Ve
1e-07
31.5 893.5 39
0 0

0101101
*
Ed
 1e-07 1 1 0
1  110 0 0 30
2  151 80 0 0 30
6  219 46 32
6  220 47 0
0

0101000
-1056 32 +1082 32 *
Ed
 1e-07 1 1 0
1  111 0 0 20
2  152 80 0 0 20
6  221 46 32
6  222 48 0
0

0101000
-1061 32 +1056 32 *
Wi

0101100
-1055 31 -1054 31 +1081 31 +1060 31 *
Ve
1.5e-07
3.5 893.5 57
0 0

0101101
*
Ve
1.5e-07
29.5 893.5 57
0 0

0101101
*
Ed
 1.5e-07 1 1 0
1  112 0 1 27
2  153 80 31 1 27
2  154 81 33 1 27
6  223 46 0
6  224 49 0
0

0101000
+1052 0 -1051 0 *
Ve
1.5e-07
29.5 893.5 41
0 0

0101101
*
Ed
 1.5e-07 1 1 0
1  113 0 -17 -1
2  155 80 31 -17 -1
2  156 82 33 -17 -1
6  225 46 0
6  226 50 0
0

0101000
+1051 0 -1049 0 *
Ve
1.5e-07
3.5 893.5 41
0 0

0101101
*
Ed
 1.5e-07 1 1 0
1  114 0 1 27
2  157 80 31 1 27
2  158 83 33 1 27
6  227 46 0
6  228 51 0
0

0101000
+1047 0 -1049 0 *
Ed
 1.5e-07 1 1 0
1  115 0 -17 -1
2  159 80 31 -17 -1
2  160 84 33 -17 -1
6  229 46 0
6  230 52 0
0

0101000
+1052 0 -1047 0 *
Wi

0101100
-1050 0 -1048 0 +1046 0 +1045 0 *
Fa
0  1e-07 80 31
2  46
0101000
+1053 0 +1044 0 *
Ed
 1e-07 1 1 0
1  116 0 0 102.5
6  231 47 0
6  232 48 0
0

0101000
-1056 32 +1077 32 *
Wi

0101100
-1080 0 -1055 0 +1042 0 +1076 0 *
Fa
0  1e-07 86 0
2  47
0101000
+1041 0 *
Wi

0101100
-1074 0 -1059 0 +1054 0 +1042 0 *
Fa
0  1e-07 87 0
2  48
0101000
+1039 0 *
Ed
 1e-07 1 1 0
1  117 0 1 103.5
2  161 84 0 1 103.5
2  162 81 0 1 103.5
6  233 49 34
6  234 52 34
0

0101000
+1071 34 -1052 34 *
Ed
 1e-07 1 1 0
1  118 0 1 103.5
2  163 82 0 1 103.5
2  164 81 0 1 103.5
6  235 49 34
6  236 50 34
0

0101000
+1070 34 -1051 34 *
Wi

0101100
-1037 33 -1050 0 +1036 33 +1069 0 *
Fa
0  1e-07 81 33
2  49
0101000
+1035 0 *
Ed
 1e-07 1 1 0
1  119 0 1 103.5
2  165 82 0 1 103.5
2  166 83 0 1 103.5
6  237 50 34
6  238 51 34
0

0101000
+1068 34 -1049 34 *
Wi

0101100
-1036 33 -1048 0 +1033 33 +1067 0 *
Fa
0  1e-07 82 33
2  50
0101000
+1032 0 *
Ed
 1e-07 1 1 0
1  120 0 1 103.5
2  167 84 0 1 103.5
2  168 83 0 1 103.5
6  239 51 34
6  240 52 34
0

0101000
+1066 34 -1047 34 *
Wi

0101100
-1030 33 -1046 0 +1033 33 +1065 0 *
Fa
0  1e-07 83 33
2  51
0101000
+1029 0 *
Wi

0101100
-1037 33 -1045 0 +1030 33 +1064 0 *
Fa
0  1e-07 84 33
2  52
0101000
+1027 0 *
Sh

0101100
-1078 31 -1062 0 +1057 31 +1043 0 -1040 31 +1038 31 -1034 0 -1031 0 +1028 0 +1026 0 
*
So

0100000
+1025 0 *
Co

0100000
+1024 0 *
Ve
1e-07
670 791 59
0 0

0101101
*
Ve
1e-07
670 791 39
0 0

0101101
*
Ed
 1e-07 1 1 0
1  121 0 0 20
2  169 89 0 0 20
6  241 53 0
6  242 54 36
0

0101000
-1022 36 +1021 36 *
Ve
1e-07
670 893.5 59
0 0

0101101
*
Ed
 1e-07 1 1 0
1  122 0 0 102.5
6  243 53 0
6  244 55 0
0

0101000
-1019 36 +1022 36 *
Ve
1e-07
670 893.5 39
0 0

0101101
*
Ed
 1e-07 1 1 0
1  123 0 0 20
2  170 90 0 0 20
6  245 53 0
6  246 56 36
0

0101000
-1019 36 +1017 36 *
Ed
 1e-07 1 1 0
1  124 0 0 102.5
6  247 53 0
6  248 57 0
0

0101000
-1017 36 +1021 36 *
Wi

0101100
-1020 0 -1018 0 +1016 0 +1015 0 *
Fa
0  1e-07 88 0
2  53
0101000
+1014 0 *
Ve
1e-07
700 791 39
0 0

0101101
*
Ed
 1e-07 1 1 0
1  125 0 0 30
2  171 89 0 0 30
6  249 54 36
6  250 57 0
0

0101000
-1012 36 +1021 36 *
Ve
1e-07
700 791 59
0 0

0101101
*
Ed
 1e-07 1 1 0
1  126 0 0 20
2  172 89 0 0 20
6  251 54 36
6  252 58 0
0

0101000
-1010 36 +1012 36 *
Ed
 1e-07 1 1 0
1  127 0 0 30
2  173 89 0 0 30
6  253 54 36
6  254 55 0
0

0101000
-1010 36 +1022 36 *
Wi

0101100
-1011 35 -1009 35 +1020 35 +1008 35 *
Ve
1.5e-07
672 791 57
0 0

0101101
*
Ve
1.5e-07
698 791 57
0 0

0101101
*
Ed
 1.5e-07 1 1 0
1  128 0 1 27
2  174 89 35 1 27
2  175 91 37 1 27
6  255 54 0
6  256 59 0
0

0101000
+1006 0 -1005 0 *
Ve
1.5e-07
698 791 41
0 0

0101101
*
Ed
 1.5e-07 1 1 0
1  129 0 -17 -1
2  176 89 35 -17 -1
2  177 92 37 -17 -1
6  257 54 0
6  258 60 0
0

0101000
+1005 0 -1003 0 *
Ve
1.5e-07
672 791 41
0 0

0101101
*
Ed
 1.5e-07 1 1 0
1  130 0 1 27
2  178 89 35 1 27
2  179 93 37 1 27
6  259 54 0
6  260 61 0
0

0101000
+1001 0 -1003 0 *
Ed
 1.5e-07 1 1 0
1  131 0 -17 -1
2  180 89 35 -17 -1
2  181 94 37 -17 -1
6  261 54 0
6  262 62 0
0

0101000
+1006 0 -1001 0 *
Wi

0101100
-1004 0 -1002 0 +1000 0 +999 0 *
Fa
0  1e-07 89 35
2  54
0101000
+1007 0 +998 0 *
Ve
1e-07
700 893.5 59
0 0

0101101
*
Ed
 1e-07 1 1 0
1  132 0 0 30
2  182 90 0 0 30
6  263 55 0
6  264 56 36
0

0101000
-996 36 +1019 36 *
Ed
 1e-07 1 1 0
1  133 0 0 102.5
6  265 55 0
6  266 58 0
0

0101000
-996 36 +1010 36 *
Wi

0101100
-1018 0 -995 0 +994 0 +1008 0 *
Fa
0  1e-07 95 0
2  55
0101000
+993 0 *
Ve
1e-07
700 893.5 39
0 0

0101101
*
Ed
 1e-07 1 1 0
1  134 0 0 30
2  183 90 0 0 30
6  267 56 36
6  268 57 0
0

0101000
-991 36 +1017 36 *
Ed
 1e-07 1 1 0
1  135 0 0 20
2  184 90 0 0 20
6  269 56 36
6  270 58 0
0

0101000
-996 36 +991 36 *
Wi

0101100
-990 35 -989 35 +1016 35 +995 35 *
Ve
1.5e-07
672 893.5 57
0 0

0101101
*
Ve
1.5e-07
698 893.5 57
0 0

0101101
*
Ed
 1.5e-07 1 1 0
1  136 0 1 27
2  185 90 35 1 27
2  186 91 37 1 27
6  271 56 0
6  272 59 0
0

0101000
+987 0 -986 0 *
Ve
1.5e-07
698 893.5 41
0 0

0101101
*
Ed
 1.5e-07 1 1 0
1  137 0 -17 -1
2  187 90 35 -17 -1
2  188 92 37 -17 -1
6  273 56 0
6  274 60 0
0

0101000
+986 0 -984 0 *
Ve
1.5e-07
672 893.5 41
0 0

0101101
*
Ed
 1.5e-07 1 1 0
1  138 0 1 27
2  189 90 35 1 27
2  190 93 37 1 27
6  275 56 0
6  276 61 0
0

0101000
+982 0 -984 0 *
Ed
 1.5e-07 1 1 0
1  139 0 -17 -1
2  191 90 35 -17 -1
2  192 94 37 -17 -1
6  277 56 0
6  278 62 0
0

0101000
+987 0 -982 0 *
Wi

0101100
-985 0 -983 0 +981 0 +980 0 *
Fa
0  1e-07 90 35
2  56
0101000
+988 0 +979 0 *
Ed
 1e-07 1 1 0
1  140 0 0 102.5
6  279 57 0
6  280 58 0
0

0101000
-991 36 +1012 36 *
Wi

0101100
-1015 0 -990 0 +977 0 +1011 0 *
Fa
0  1e-07 96 0
2  57
0101000
+976 0 *
Wi

0101100
-1009 0 -994 0 +989 0 +977 0 *
Fa
0  1e-07 97 0
2  58
0101000
+974 0 *
Ed
 1e-07 1 1 0
1  141 0 1 103.5
2  193 94 0 1 103.5
2  194 91 0 1 103.5
6  281 59 38
6  282 62 38
0

0101000
+1006 38 -987 38 *
Ed
 1e-07 1 1 0
1  142 0 1 103.5
2  195 92 0 1 103.5
2  196 91 0 1 103.5
6  283 59 38
6  284 60 38
0

0101000
+1005 38 -986 38 *
Wi

0101100
-972 37 -985 0 +971 37 +1004 0 *
Fa
0  1e-07 91 37
2  59
0101000
+970 0 *
Ed
 1e-07 1 1 0
1  143 0 1 103.5
2  197 92 0 1 103.5
2  198 93 0 1 103.5
6  285 60 38
6  286 61 38
0

0101000
+1003 38 -984 38 *
Wi

0101100
-971 37 -983 0 +968 37 +1002 0 *
Fa
0  1e-07 92 37
2  60
0101000
+967 0 *
Ed
 1e-07 1 1 0
1  144 0 1 103.5
2  199 94 0 1 103.5
2  200 93 0 1 103.5
6  287 61 38
6  288 62 38
0

0101000
+1001 38 -982 38 *
Wi

0101100
-965 37 -981 0 +968 37 +1000 0 *
Fa
0  1e-07 93 37
2  61
0101000
+964 0 *
Wi

0101100
-972 37 -980 0 +965 37 +999 0 *
Fa
0  1e-07 94 37
2  62
0101000
+962 0 *
Sh

0101100
-1013 35 -997 0 +992 35 +978 0 -975 35 +973 35 -969 0 -966 0 +963 0 +961 0 
*
So

0100000
+960 0 *
Co

0100000
+959 0 *
Ve
1e-07
31.5 1094 59
0 0

0101101
*
Ve
1e-07
31.5 1094 39
0 0

0101101
*
Ed
 1e-07 1 1 0
1  145 0 0 20
2  201 98 0 0 20
6  289 63 40
6  290 64 0
0

0101000
-957 40 +956 40 *
Ve
1e-07
31.5 1124 59
0 0

0101101
*
Ed
 1e-07 1 1 0
1  146 0 0 30
2  202 98 0 0 30
6  291 63 40
6  292 65 0
0

0101000
-954 40 +957 40 *
Ve
1e-07
31.5 1124 39
0 0

0101101
*
Ed
 1e-07 1 1 0
1  147 0 0 30
2  203 98 0 0 30
6  293 63 40
6  294 66 0
0

0101000
-952 40 +956 40 *
Ed
 1e-07 1 1 0
1  148 0 0 20
2  204 98 0 0 20
6  295 63 40
6  296 67 0
0

0101000
-954 40 +952 40 *
Wi

0101100
-955 39 -953 39 +951 39 +950 39 *
Ve
1.5e-07
31.5 1122 41
0 0

0101101
*
Ve
1.5e-07
31.5 1096 41
0 0

0101101
*
Ed
 1.5e-07 1 1 0
1  149 0 -27 -1
2  205 98 39 -27 -1
2  206 99 41 -27 -1
6  297 63 0
6  298 68 0
0

0101000
+948 0 -947 0 *
Ve
1.5e-07
31.5 1122 57
0 0

0101101
*
Ed
 1.5e-07 1 1 0
1  150 0 1 17
2  207 98 39 1 17
2  208 100 41 1 17
6  299 63 0
6  300 69 0
0

0101000
+948 0 -945 0 *
Ve
1.5e-07
31.5 1096 57
0 0

0101101
*
Ed
 1.5e-07 1 1 0
1  151 0 -27 -1
2  209 98 39 -27 -1
2  210 101 41 -27 -1
6  301 63 0
6  302 70 0
0

0101000
+945 0 -943 0 *
Ed
 1.5e-07 1 1 0
1  152 0 1 17
2  211 98 39 1 17
2  212 102 41 1 17
6  303 63 0
6  304 71 0
0

0101000
+947 0 -943 0 *
Wi

0101100
+946 0 -944 0 -942 0 +941 0 *
Fa
0  1e-07 98 39
2  63
0101000
+949 0 +940 0 *
Ve
1e-07
228 1094 39
0 0

0101101
*
Ed
 1e-07 1 1 0
1  153 0 0 196.5
6  305 64 0
6  306 66 0
0

0101000
-938 40 +956 40 *
Ve
1e-07
228 1094 59
0 0

0101101
*
Ed
 1e-07 1 1 0
1  154 0 0 20
2  213 104 0 0 20
6  307 64 0
6  308 72 40
0

0101000
-936 40 +938 40 *
Ed
 1e-07 1 1 0
1  155 0 0 196.5
6  309 64 0
6  310 65 0
0

0101000
-936 40 +957 40 *
Wi

0101100
-937 0 -935 0 +934 0 +955 0 *
Fa
0  1e-07 103 0
2  64
0101000
+933 0 *
Ve
1e-07
228 1124 59
0 0

0101101
*
Ed
 1e-07 1 1 0
1  156 0 0 196.5
6  311 65 0
6  312 67 0
0

0101000
-931 40 +954 40 *
Ed
 1e-07 1 1 0
1  157 0 0 30
2  214 104 0 0 30
6  313 65 0
6  314 72 40
0

0101000
-931 40 +936 40 *
Wi

0101100
-953 0 -930 0 +929 0 +934 0 *
Fa
0  1e-07 105 0
2  65
0101000
+928 0 *
Ve
1e-07
228 1124 39
0 0

0101101
*
Ed
 1e-07 1 1 0
1  158 0 0 196.5
6  315 66 0
6  316 67 0
0

0101000
-926 40 +952 40 *
Ed
 1e-07 1 1 0
1  159 0 0 30
2  215 104 0 0 30
6  317 66 0
6  318 72 40
0

0101000
-926 40 +938 40 *
Wi

0101100
-951 0 -925 0 +924 0 +937 0 *
Fa
0  1e-07 106 0
2  66
0101000
+923 0 *
Ed
 1e-07 1 1 0
1  160 0 0 20
2  216 104 0 0 20
6  319 67 0
6  320 72 40
0

0101000
-931 40 +926 40 *
Wi

0101100
-925 0 -921 0 +930 0 +950 0 *
Fa
0  1e-07 107 0
2  67
0101000
+920 0 *
Ve
1.5e-07
228 1122 41
0 0

0101101
*
Ed
 1e-07 1 1 0
1  161 0 1 197.5
2  217 100 0 1 197.5
2  218 99 0 1 197.5
6  321 68 42
6  322 69 42
0

0101000
+948 42 -918 42 *
Ve
1.5e-07
228 1096 41
0 0

0101101
*
Ed
 1.5e-07 1 1 0
1  162 0 -27 -1
2  219 104 39 -27 -1
2  220 99 41 -27 -1
6  323 68 0
6  324 72 0
0

0101000
+918 0 -916 0 *
Ed
 1e-07 1 1 0
1  163 0 1 197.5
2  221 102 0 1 197.5
2  222 99 0 1 197.5
6  325 68 42
6  326 71 42
0

0101000
+947 42 -916 42 *
Wi

0101100
-917 41 -915 0 +914 41 +946 0 *
Fa
0  1e-07 99 41
2  68
0101000
+913 0 *
Ve
1.5e-07
228 1122 57
0 0

0101101
*
Ed
 1.5e-07 1 1 0
1  164 0 1 17
2  223 104 39 1 17
2  224 100 41 1 17
6  327 69 0
6  328 72 0
0

0101000
+918 0 -911 0 *
Ed
 1e-07 1 1 0
1  165 0 1 197.5
2  225 100 0 1 197.5
2  226 101 0 1 197.5
6  329 69 42
6  330 70 42
0

0101000
+945 42 -911 42 *
Wi

0101100
-917 41 -910 0 +909 41 +944 0 *
Fa
0  1e-07 100 41
2  69
0101000
+908 0 *
Ve
1.5e-07
228 1096 57
0 0

0101101
*
Ed
 1.5e-07 1 1 0
1  166 0 -27 -1
2  227 104 39 -27 -1
2  228 101 41 -27 -1
6  331 70 0
6  332 72 0
0

0101000
+911 0 -906 0 *
Ed
 1e-07 1 1 0
1  167 0 1 197.5
2  229 102 0 1 197.5
2  230 101 0 1 197.5
6  333 70 42
6  334 71 42
0

0101000
+943 42 -906 42 *
Wi

0101100
-909 41 -905 0 +904 41 +942 0 *
Fa
0  1e-07 101 41
2  70
0101000
+903 0 *
Ed
 1.5e-07 1 1 0
1  168 0 1 17
2  231 104 39 1 17
2  232 102 41 1 17
6  335 71 0
6  336 72 0
0

0101000
+916 0 -906 0 *
Wi

0101100
-914 41 -901 0 +904 41 +941 0 *
Fa
0  1e-07 102 41
2  71
0101000
+900 0 *
Wi

0101100
-935 39 -929 39 +924 39 +921 39 *
Wi

0101100
+915 0 -910 0 -905 0 +901 0 *
Fa
0  1e-07 104 39
2  72
0101000
+898 0 +897 0 *
Sh

0101100
-939 0 -932 39 +927 39 -922 39 +919 39 +912 0 -907 0 -902 0 +899 0 +896 0 
*
So

0100000
+895 0 *
Co

0100000
+894 0 *
Ve
1e-07
472 1094 59
0 0

0101101
*
Ve
1e-07
472 1094 39
0 0

0101101
*
Ed
 1e-07 1 1 0
1  169 0 0 20
2  233 108 0 0 20
6  337 73 44
6  338 74 0
0

0101000
-892 44 +891 44 *
Ve
1e-07
472 1124 59
0 0

0101101
*
Ed
 1e-07 1 1 0
1  170 0 0 30
2  234 108 0 0 30
6  339 73 44
6  340 75 0
0

0101000
-889 44 +892 44 *
Ve
1e-07
472 1124 39
0 0

0101101
*
Ed
 1e-07 1 1 0
1  171 0 0 30
2  235 108 0 0 30
6  341 73 44
6  342 76 0
0

0101000
-887 44 +891 44 *
Ed
 1e-07 1 1 0
1  172 0 0 20
2  236 108 0 0 20
6  343 73 44
6  344 77 0
0

0101000
-889 44 +887 44 *
Wi

0101100
-890 43 -888 43 +886 43 +885 43 *
Ve
1.5e-07
472 1122 41
0 0

0101101
*
Ve
1.5e-07
472 1096 41
0 0

0101101
*
Ed
 1.5e-07 1 1 0
1  173 0 -27 -1
2  237 108 43 -27 -1
2  238 109 45 -27 -1
6  345 73 0
6  346 78 0
0

0101000
+883 0 -882 0 *
Ve
1.5e-07
472 1122 57
0 0

0101101
*
Ed
 1.5e-07 1 1 0
1  174 0 1 17
2  239 108 43 1 17
2  240 110 45 1 17
6  347 73 0
6  348 79 0
0

0101000
+883 0 -880 0 *
Ve
1.5e-07
472 1096 57
0 0

0101101
*
Ed
 1.5e-07 1 1 0
1  175 0 -27 -1
2  241 108 43 -27 -1
2  242 111 45 -27 -1
6  349 73 0
6  350 80 0
0

0101000
+880 0 -878 0 *
Ed
 1.5e-07 1 1 0
1  176 0 1 17
2  243 108 43 1 17
2  244 112 45 1 17
6  351 73 0
6  352 81 0
0

0101000
+882 0 -878 0 *
Wi

0101100
+881 0 -879 0 -877 0 +876 0 *
Fa
0  1e-07 108 43
2  73
0101000
+884 0 +875 0 *
Ve
1e-07
670 1094 39
0 0

0101101
*
Ed
 1e-07 1 1 0
1  177 0 0 198
6  353 74 0
6  354 76 0
0

0101000
-873 44 +891 44 *
Ve
1e-07
670 1094 59
0 0

0101101
*
Ed
 1e-07 1 1 0
1  178 0 0 20
2  245 114 0 0 20
6  355 74 0
6  356 82 44
0

0101000
-871 44 +873 44 *
Ed
 1e-07 1 1 0
1  179 0 0 198
6  357 74 0
6  358 75 0
0

0101000
-871 44 +892 44 *
Wi

0101100
-872 0 -870 0 +869 0 +890 0 *
Fa
0  1e-07 113 0
2  74
0101000
+868 0 *
Ve
1e-07
670 1124 59
0 0

0101101
*
Ed
 1e-07 1 1 0
1  180 0 0 198
6  359 75 0
6  360 77 0
0

0101000
-866 44 +889 44 *
Ed
 1e-07 1 1 0
1  181 0 0 30
2  246 114 0 0 30
6  361 75 0
6  362 82 44
0

0101000
-866 44 +871 44 *
Wi

0101100
-888 0 -865 0 +864 0 +869 0 *
Fa
0  1e-07 115 0
2  75
0101000
+863 0 *
Ve
1e-07
670 1124 39
0 0

0101101
*
Ed
 1e-07 1 1 0
1  182 0 0 198
6  363 76 0
6  364 77 0
0

0101000
-861 44 +887 44 *
Ed
 1e-07 1 1 0
1  183 0 0 30
2  247 114 0 0 30
6  365 76 0
6  366 82 44
0

0101000
-861 44 +873 44 *
Wi

0101100
-886 0 -860 0 +859 0 +872 0 *
Fa
0  1e-07 116 0
2  76
0101000
+858 0 *
Ed
 1e-07 1 1 0
1  184 0 0 20
2  248 114 0 0 20
6  367 77 0
6  368 82 44
0

0101000
-866 44 +861 44 *
Wi

0101100
-860 0 -856 0 +865 0 +885 0 *
Fa
0  1e-07 117 0
2  77
0101000
+855 0 *
Ve
1.5e-07
670 1122 41
0 0

0101101
*
Ed
 1e-07 1 1 0
1  185 0 1 199
2  249 110 0 1 199
2  250 109 0 1 199
6  369 78 46
6  370 79 46
0

0101000
+883 46 -853 46 *
Ve
1.5e-07
670 1096 41
0 0

0101101
*
Ed
 1.5e-07 1 1 0
1  186 0 -27 -1
2  251 114 43 -27 -1
2  252 109 45 -27 -1
6  371 78 0
6  372 82 0
0

0101000
+853 0 -851 0 *
Ed
 1e-07 1 1 0
1  187 0 1 199
2  253 112 0 1 199
2  254 109 0 1 199
6  373 78 46
6  374 81 46
0

0101000
+882 46 -851 46 *
Wi

0101100
-852 45 -850 0 +849 45 +881 0 *
Fa
0  1e-07 109 45
2  78
0101000
+848 0 *
Ve
1.5e-07
670 1122 57
0 0

0101101
*
Ed
 1.5e-07 1 1 0
1  188 0 1 17
2  255 114 43 1 17
2  256 110 45 1 17
6  375 79 0
6  376 82 0
0

0101000
+853 0 -846 0 *
Ed
 1e-07 1 1 0
1  189 0 1 199
2  257 110 0 1 199
2  258 111 0 1 199
6  377 79 46
6  378 80 46
0

0101000
+880 46 -846 46 *
Wi

0101100
-852 45 -845 0 +844 45 +879 0 *
Fa
0  1e-07 110 45
2  79
0101000
+843 0 *
Ve
1.5e-07
670 1096 57
0 0

0101101
*
Ed
 1.5e-07 1 1 0
1  190 0 -27 -1
2  259 114 43 -27 -1
2  260 111 45 -27 -1
6  379 80 0
6  380 82 0
0

0101000
+846 0 -841 0 *
Ed
 1e-07 1 1 0
1  191 0 1 199
2  261 112 0 1 199
2  262 111 0 1 199
6  381 80 46
6  382 81 46
0

0101000
+878 46 -841 46 *
Wi

0101100
-844 45 -840 0 +839 45 +877 0 *
Fa
0  1e-07 111 45
2  80
0101000
+838 0 *
Ed
 1.5e-07 1 1 0
1  192 0 1 17
2  263 114 43 1 17
2  264 112 45 1 17
6  383 81 0
6  384 82 0
0

0101000
+851 0 -841 0 *
Wi

0101100
-849 45 -836 0 +839 45 +876 0 *
Fa
0  1e-07 112 45
2  81
0101000
+835 0 *
Wi

0101100
-870 43 -864 43 +859 43 +856 43 *
Wi

0101100
+850 0 -845 0 -840 0 +836 0 *
Fa
0  1e-07 114 43
2  82
0101000
+833 0 +832 0 *
Sh

0101100
-874 0 -867 43 +862 43 -857 43 +854 43 +847 0 -842 0 -837 0 +834 0 +831 0 
*
So

0100000
+830 0 *
Co

0100000
+829 0 *
Ve
1e-07
31.5 1200 59
0 0

0101101
*
Ve
1e-07
31.5 1200 39
0 0

0101101
*
Ed
 1e-07 1 1 0
1  193 0 0 20
2  265 118 0 0 20
6  385 83 48
6  386 84 0
0

0101000
-827 48 +826 48 *
Ve
1e-07
31.5 1230 59
0 0

0101101
*
Ed
 1e-07 1 1 0
1  194 0 0 30
2  266 118 0 0 30
6  387 83 48
6  388 85 0
0

0101000
-824 48 +827 48 *
Ve
1e-07
31.5 1230 39
0 0

0101101
*
Ed
 1e-07 1 1 0
1  195 0 0 30
2  267 118 0 0 30
6  389 83 48
6  390 86 0
0

0101000
-822 48 +826 48 *
Ed
 1e-07 1 1 0
1  196 0 0 20
2  268 118 0 0 20
6  391 83 48
6  392 87 0
0

0101000
-824 48 +822 48 *
Wi

0101100
-825 47 -823 47 +821 47 +820 47 *
Ve
1.5e-07
31.5 1228 41
0 0

0101101
*
Ve
1.5e-07
31.5 1202 41
0 0

0101101
*
Ed
 1.5e-07 1 1 0
1  197 0 -27 -1
2  269 118 47 -27 -1
2  270 119 49 -27 -1
6  393 83 0
6  394 88 0
0

0101000
+818 0 -817 0 *
Ve
1.5e-07
31.5 1228 57
0 0

0101101
*
Ed
 1.5e-07 1 1 0
1  198 0 1 17
2  271 118 47 1 17
2  272 120 49 1 17
6  395 83 0
6  396 89 0
0

0101000
+818 0 -815 0 *
Ve
1.5e-07
31.5 1202 57
0 0

0101101
*
Ed
 1.5e-07 1 1 0
1  199 0 -27 -1
2  273 118 47 -27 -1
2  274 121 49 -27 -1
6  397 83 0
6  398 90 0
0

0101000
+815 0 -813 0 *
Ed
 1.5e-07 1 1 0
1  200 0 1 17
2  275 118 47 1 17
2  276 122 49 1 17
6  399 83 0
6  400 91 0
0

0101000
+817 0 -813 0 *
Wi

0101100
+816 0 -814 0 -812 0 +811 0 *
Fa
0  1e-07 118 47
2  83
0101000
+819 0 +810 0 *
Ve
1e-07
670 1200 39
0 0

0101101
*
Ed
 1e-07 1 1 0
1  201 0 0 638.5
6  401 84 0
6  402 86 0
0

0101000
-808 48 +826 48 *
Ve
1e-07
670 1200 59
0 0

0101101
*
Ed
 1e-07 1 1 0
1  202 0 0 20
2  277 124 0 0 20
6  403 84 0
6  404 92 48
0

0101000
-806 48 +808 48 *
Ed
 1e-07 1 1 0
1  203 0 0 638.5
6  405 84 0
6  406 85 0
0

0101000
-806 48 +827 48 *
Wi

0101100
-807 0 -805 0 +804 0 +825 0 *
Fa
0  1e-07 123 0
2  84
0101000
+803 0 *
Ve
1e-07
670 1230 59
0 0

0101101
*
Ed
 1e-07 1 1 0
1  204 0 0 638.5
6  407 85 0
6  408 87 0
0

0101000
-801 48 +824 48 *
Ed
 1e-07 1 1 0
1  205 0 0 30
2  278 124 0 0 30
6  409 85 0
6  410 92 48
0

0101000
-801 48 +806 48 *
Wi

0101100
-823 0 -800 0 +799 0 +804 0 *
Fa
0  1e-07 125 0
2  85
0101000
+798 0 *
Ve
1e-07
670 1230 39
0 0

0101101
*
Ed
 1e-07 1 1 0
1  206 0 0 638.5
6  411 86 0
6  412 87 0
0

0101000
-796 48 +822 48 *
Ed
 1e-07 1 1 0
1  207 0 0 30
2  279 124 0 0 30
6  413 86 0
6  414 92 48
0

0101000
-796 48 +808 48 *
Wi

0101100
-821 0 -795 0 +794 0 +807 0 *
Fa
0  1e-07 126 0
2  86
0101000
+793 0 *
Ed
 1e-07 1 1 0
1  208 0 0 20
2  280 124 0 0 20
6  415 87 0
6  416 92 48
0

0101000
-801 48 +796 48 *
Wi

0101100
-795 0 -791 0 +800 0 +820 0 *
Fa
0  1e-07 127 0
2  87
0101000
+790 0 *
Ve
1.5e-07
670 1228 41
0 0

0101101
*
Ed
 1e-07 1 1 0
1  209 0 1 639.5
2  281 120 0 1 639.5
2  282 119 0 1 639.5
6  417 88 50
6  418 89 50
0

0101000
+818 50 -788 50 *
Ve
1.5e-07
670 1202 41
0 0

0101101
*
Ed
 1.5e-07 1 1 0
1  210 0 -27 -1
2  283 124 47 -27 -1
2  284 119 49 -27 -1
6  419 88 0
6  420 92 0
0

0101000
+788 0 -786 0 *
Ed
 1e-07 1 1 0
1  211 0 1 639.5
2  285 122 0 1 639.5
2  286 119 0 1 639.5
6  421 88 50
6  422 91 50
0

0101000
+817 50 -786 50 *
Wi

0101100
-787 49 -785 0 +784 49 +816 0 *
Fa
0  1e-07 119 49
2  88
0101000
+783 0 *
Ve
1.5e-07
670 1228 57
0 0

0101101
*
Ed
 1.5e-07 1 1 0
1  212 0 1 17
2  287 124 47 1 17
2  288 120 49 1 17
6  423 89 0
6  424 92 0
0

0101000
+788 0 -781 0 *
Ed
 1e-07 1 1 0
1  213 0 1 639.5
2  289 120 0 1 639.5
2  290 121 0 1 639.5
6  425 89 50
6  426 90 50
0

0101000
+815 50 -781 50 *
Wi

0101100
-787 49 -780 0 +779 49 +814 0 *
Fa
0  1e-07 120 49
2  89
0101000
+778 0 *
Ve
1.5e-07
670 1202 57
0 0

0101101
*
Ed
 1.5e-07 1 1 0
1  214 0 -27 -1
2  291 124 47 -27 -1
2  292 121 49 -27 -1
6  427 90 0
6  428 92 0
0

0101000
+781 0 -776 0 *
Ed
 1e-07 1 1 0
1  215 0 1 639.5
2  293 122 0 1 639.5
2  294 121 0 1 639.5
6  429 90 50
6  430 91 50
0

0101000
+813 50 -776 50 *
Wi

0101100
-779 49 -775 0 +774 49 +812 0 *
Fa
0  1e-07 121 49
2  90
0101000
+773 0 *
Ed
 1.5e-07 1 1 0
1  216 0 1 17
2  295 124 47 1 17
2  296 122 49 1 17
6  431 91 0
6  432 92 0
0

0101000
+786 0 -776 0 *
Wi

0101100
-784 49 -771 0 +774 49 +811 0 *
Fa
0  1e-07 122 49
2  91
0101000
+770 0 *
Wi

0101100
-805 47 -799 47 +794 47 +791 47 *
Wi

0101100
+785 0 -780 0 -775 0 +771 0 *
Fa
0  1e-07 124 47
2  92
0101000
+768 0 +767 0 *
Sh

0101100
-809 0 -802 47 +797 47 -792 47 +789 47 +782 0 -777 0 -772 0 +769 0 +766 0 
*
So

0100000
+765 0 *
Co

0100000
+764 0 *
Ve
1e-07
10 800 39
0 0

0101101
*
Ve
1e-07
10 800 35
0 0

0101101
*
Ed
 1e-07 1 1 0
1  217 0 0 4
6  433 93 0
6  434 94 0
0

0101000
-762 52 +761 52 *
Ve
1e-07
10 880 39
0 0

0101101
*
Ed
 1e-07 1 1 0
1  218 0 0 80
6  435 93 0
6  436 95 0
0

0101000
-759 52 +762 52 *
Ve
1e-07
10 880 35
0 0

0101101
*
Ed
 1e-07 1 1 0
1  219 0 0 4
6  437 93 0
6  438 96 0
0

0101000
-759 52 +757 52 *
Ed
 1e-07 1 1 0
1  220 0 0 80
6  439 93 0
6  440 97 0
0

0101000
-757 52 +761 52 *
Wi

0101100
-760 0 -758 0 +756 0 +755 0 *
Fa
0  1e-07 128 0
2  93
0101000
+754 0 *
Ve
1e-07
30 800 39
0 0

0101101
*
Ve
1e-07
30 800 35
0 0

0101101
*
Ed
 1e-07 1 1 0
1  221 0 0 4
6  441 98 0
6  442 94 0
0

0101000
-752 52 +751 52 *
Ve
1e-07
30 880 39
0 0

0101101
*
Ed
 1e-07 1 1 0
1  222 0 0 80
6  443 98 0
6  444 95 0
0

0101000
-749 52 +752 52 *
Ve
1e-07
30 880 35
0 0

0101101
*
Ed
 1e-07 1 1 0
1  223 0 0 4
6  445 98 0
6  446 96 0
0

0101000
-749 52 +747 52 *
Ed
 1e-07 1 1 0
1  224 0 0 80
6  447 98 0
6  448 97 0
0

0101000
-747 52 +751 52 *
Wi

0101100
-750 0 -748 0 +746 0 +745 0 *
Fa
0  1e-07 129 0
2  98
0101000
+744 0 *
Ed
 1e-07 1 1 0
1  225 0 0 20
6  449 94 0
6  450 97 0
0

0101000
-751 52 +761 52 *
Ed
 1e-07 1 1 0
1  226 0 0 20
6  451 94 0
6  452 95 0
0

0101000
-752 52 +762 52 *
Wi

0101100
-742 0 -750 0 +741 0 +760 0 *
Fa
0  1e-07 130 0
2  94
0101000
+740 0 *
Ed
 1e-07 1 1 0
1  227 0 0 20
6  453 96 0
6  454 97 0
0

0101000
-747 52 +757 52 *
Ed
 1e-07 1 1 0
1  228 0 0 20
6  455 96 0
6  456 95 0
0

0101000
-749 52 +759 52 *
Wi

0101100
-738 0 -746 0 +737 0 +756 0 *
Fa
0  1e-07 131 0
2  96
0101000
+736 0 *
Wi

0101100
-755 0 -738 0 +745 0 +742 0 *
Fa
0  1e-07 132 0
2  97
0101000
+734 0 *
Wi

0101100
-758 0 -737 0 +748 0 +741 0 *
Fa
0  1e-07 133 0
2  95
0101000
+732 0 *
Sh

0101100
-753 0 +743 0 -739 0 +735 0 -733 0 +731 0 *
So

0100000
+730 0 *
Ve
1e-07
672 800 39
0 0

0101101
*
Ve
1e-07
672 800 35
0 0

0101101
*
Ed
 1e-07 1 1 0
1  229 0 0 4
6  457 99 0
6  458 100 0
0

0101000
-728 54 +727 54 *
Ve
1e-07
672 880 39
0 0

0101101
*
Ed
 1e-07 1 1 0
1  230 0 0 80
6  459 99 0
6  460 101 0
0

0101000
-725 54 +728 54 *
Ve
1e-07
672 880 35
0 0

0101101
*
Ed
 1e-07 1 1 0
1  231 0 0 4
6  461 99 0
6  462 102 0
0

0101000
-725 54 +723 54 *
Ed
 1e-07 1 1 0
1  232 0 0 80
6  463 99 0
6  464 103 0
0

0101000
-723 54 +727 54 *
Wi

0101100
-726 0 -724 0 +722 0 +721 0 *
Fa
0  1e-07 134 0
2  99
0101000
+720 0 *
Ve
1e-07
690 800 39
0 0

0101101
*
Ve
1e-07
690 800 35
0 0

0101101
*
Ed
 1e-07 1 1 0
1  233 0 0 4
6  465 104 0
6  466 100 0
0

0101000
-718 54 +717 54 *
Ve
1e-07
690 880 39
0 0

0101101
*
Ed
 1e-07 1 1 0
1  234 0 0 80
6  467 104 0
6  468 101 0
0

0101000
-715 54 +718 54 *
Ve
1e-07
690 880 35
0 0

0101101
*
Ed
 1e-07 1 1 0
1  235 0 0 4
6  469 104 0
6  470 102 0
0

0101000
-715 54 +713 54 *
Ed
 1e-07 1 1 0
1  236 0 0 80
6  471 104 0
6  472 103 0
0

0101000
-713 54 +717 54 *
Wi

0101100
-716 0 -714 0 +712 0 +711 0 *
Fa
0  1e-07 135 0
2  104
0101000
+710 0 *
Ed
 1e-07 1 1 0
1  237 0 0 18
6  473 100 0
6  474 103 0
0

0101000
-717 54 +727 54 *
Ed
 1e-07 1 1 0
1  238 0 0 18
6  475 100 0
6  476 101 0
0

0101000
-718 54 +728 54 *
Wi

0101100
-708 0 -716 0 +707 0 +726 0 *
Fa
0  1e-07 136 0
2  100
0101000
+706 0 *
Ed
 1e-07 1 1 0
1  239 0 0 18
6  477 102 0
6  478 103 0
0

0101000
-713 54 +723 54 *
Ed
 1e-07 1 1 0
1  240 0 0 18
6  479 102 0
6  480 101 0
0

0101000
-715 54 +725 54 *
Wi

0101100
-704 0 -712 0 +703 0 +722 0 *
Fa
0  1e-07 137 0
2  102
0101000
+702 0 *
Wi

0101100
-721 0 -704 0 +711 0 +708 0 *
Fa
0  1e-07 138 0
2  103
0101000
+700 0 *
Wi

0101100
-724 0 -703 0 +714 0 +707 0 *
Fa
0  1e-07 139 0
2  101
0101000
+698 0 *
Sh

0101100
-719 0 +709 0 -705 0 +701 0 -699 0 +697 0 *
So

0100000
+696 0 *
Ve
1e-07
635 900 55.5
0 0

0101101
*
Ve
1e-07
635 900 28.5
0 0

0101101
*
Ed
 1e-07 1 1 0
1  241 0 0 27
6  481 105 0
6  482 106 0
0

0101000
-694 56 +693 56 *
Ve
1e-07
635 1008.2 55.5
0 0

0101101
*
Ed
 1e-07 1 1 0
1  242 0 0 108.2
6  483 105 0
6  484 107 0
0

0101000
-691 56 +694 56 *
Ve
1e-07
635 1008.2 28.5
0 0

0101101
*
Ed
 1e-07 1 1 0
1  243 0 0 27
6  485 105 0
6  486 108 0
0

0101000
-691 56 +689 56 *
Ed
 1e-07 1 1 0
1  244 0 0 108.2
6  487 105 0
6  488 109 0
0

0101000
-689 56 +693 56 *
Wi

0101100
-692 0 -690 0 +688 0 +687 0 *
Fa
0  1e-07 140 0
2  105
0101000
+686 0 *
Ve
1e-07
670 900 55.5
0 0

0101101
*
Ve
1e-07
670 900 28.5
0 0

0101101
*
Ed
 1e-07 1 1 0
1  245 0 0 27
6  489 110 0
6  490 106 0
0

0101000
-684 56 +683 56 *
Ve
1e-07
670 1008.2 55.5
0 0

0101101
*
Ed
 1e-07 1 1 0
1  246 0 0 108.2
6  491 110 0
6  492 107 0
0

0101000
-681 56 +684 56 *
Ve
1e-07
670 1008.2 28.5
0 0

0101101
*
Ed
 1e-07 1 1 0
1  247 0 0 27
6  493 110 0
6  494 108 0
0

0101000
-681 56 +679 56 *
Ed
 1e-07 1 1 0
1  248 0 0 108.2
6  495 110 0
6  496 109 0
0

0101000
-679 56 +683 56 *
Wi

0101100
-682 0 -680 0 +678 0 +677 0 *
Fa
0  1e-07 141 0
2  110
0101000
+676 0 *
Ed
 1e-07 1 1 0
1  249 0 0 35
6  497 106 0
6  498 109 0
0

0101000
-683 56 +693 56 *
Ed
 1e-07 1 1 0
1  250 0 0 35
6  499 106 0
6  500 107 0
0

0101000
-684 56 +694 56 *
Wi

0101100
-674 0 -682 0 +673 0 +692 0 *
Fa
0  1e-07 142 0
2  106
0101000
+672 0 *
Ed
 1e-07 1 1 0
1  251 0 0 35
6  501 108 0
6  502 109 0
0

0101000
-679 56 +689 56 *
Ed
 1e-07 1 1 0
1  252 0 0 35
6  503 108 0
6  504 107 0
0

0101000
-681 56 +691 56 *
Wi

0101100
-670 0 -678 0 +669 0 +688 0 *
Fa
0  1e-07 143 0
2  108
0101000
+668 0 *
Wi

0101100
-687 0 -670 0 +677 0 +674 0 *
Fa
0  1e-07 144 0
2  109
0101000
+666 0 *
Wi

0101100
-690 0 -669 0 +680 0 +673 0 *
Fa
0  1e-07 145 0
2  107
0101000
+664 0 *
Sh

0101100
-685 0 +675 0 -671 0 +667 0 -665 0 +663 0 *
So

0100000
+662 0 *
Ve
1e-07
230 1163.2 57
0 0

0101101
*
Ve
1e-07
230 1163.2 42
0 0

0101101
*
Ed
 1e-07 1 1 0
1  253 0 0 15
6  505 111 0
6  506 112 0
0

0101000
-660 58 +659 58 *
Ve
1e-07
230 1187 57
0 0

0101101
*
Ed
 1e-07 1 1 0
1  254 0 0 23.8
6  507 111 0
6  508 113 0
0

0101000
-657 58 +660 58 *
Ve
1e-07
230 1187 42
0 0

0101101
*
Ed
 1e-07 1 1 0
1  255 0 0 15
6  509 111 0
6  510 114 0
0

0101000
-657 58 +655 58 *
Ed
 1e-07 1 1 0
1  256 0 0 23.8
6  511 111 0
6  512 115 0
0

0101000
-655 58 +659 58 *
Wi

0101100
-658 0 -656 0 +654 0 +653 0 *
Fa
0  1e-07 146 0
2  111
0101000
+652 0 *
Ve
1e-07
470 1163.2 57
0 0

0101101
*
Ve
1e-07
470 1163.2 42
0 0

0101101
*
Ed
 1e-07 1 1 0
1  257 0 0 15
6  513 116 0
6  514 112 0
0

0101000
-650 58 +649 58 *
Ve
1e-07
470 1187 57
0 0

0101101
*
Ed
 1e-07 1 1 0
1  258 0 0 23.8
6  515 116 0
6  516 113 0
0

0101000
-647 58 +650 58 *
Ve
1e-07
470 1187 42
0 0

0101101
*
Ed
 1e-07 1 1 0
1  259 0 0 15
6  517 116 0
6  518 114 0
0

0101000
-647 58 +645 58 *
Ed
 1e-07 1 1 0
1  260 0 0 23.8
6  519 116 0
6  520 115 0
0

0101000
-645 58 +649 58 *
Wi

0101100
-648 0 -646 0 +644 0 +643 0 *
Fa
0  1e-07 147 0
2  116
0101000
+642 0 *
Ed
 1e-07 1 1 0
1  261 0 0 240
6  521 112 0
6  522 115 0
0

0101000
-649 58 +659 58 *
Ed
 1e-07 1 1 0
1  262 0 0 240
6  523 112 0
6  524 113 0
0

0101000
-650 58 +660 58 *
Wi

0101100
-640 0 -648 0 +639 0 +658 0 *
Fa
0  1e-07 148 0
2  112
0101000
+638 0 *
Ed
 1e-07 1 1 0
1  263 0 0 240
6  525 114 0
6  526 115 0
0

0101000
-645 58 +655 58 *
Ed
 1e-07 1 1 0
1  264 0 0 240
6  527 114 0
6  528 113 0
0

0101000
-647 58 +657 58 *
Wi

0101100
-636 0 -644 0 +635 0 +654 0 *
Fa
0  1e-07 149 0
2  114
0101000
+634 0 *
Wi

0101100
-653 0 -636 0 +643 0 +640 0 *
Fa
0  1e-07 150 0
2  115
0101000
+632 0 *
Wi

0101100
-656 0 -635 0 +646 0 +639 0 *
Fa
0  1e-07 151 0
2  113
0101000
+630 0 *
Sh

0101100
-651 0 +641 0 -637 0 +633 0 -631 0 +629 0 *
So

0100000
+628 0 *
Ve
1e-07
250 1187 57
0 0

0101101
*
Ve
1e-07
250 1187 42
0 0

0101101
*
Ed
 1e-07 1 1 0
1  265 0 0 15
6  529 117 0
6  530 118 0
0

0101000
-626 60 +625 60 *
Ve
1e-07
250 1200 57
0 0

0101101
*
Ed
 1e-07 1 1 0
1  266 0 0 13
6  531 117 0
6  532 119 0
0

0101000
-623 60 +626 60 *
Ve
1e-07
250 1200 42
0 0

0101101
*
Ed
 1e-07 1 1 0
1  267 0 0 15
6  533 117 0
6  534 120 0
0

0101000
-623 60 +621 60 *
Ed
 1e-07 1 1 0
1  268 0 0 13
6  535 117 0
6  536 121 0
0

0101000
-621 60 +625 60 *
Wi

0101100
-624 0 -622 0 +620 0 +619 0 *
Fa
0  1e-07 152 0
2  117
0101000
+618 0 *
Ve
1e-07
280 1187 57
0 0

0101101
*
Ve
1e-07
280 1187 42
0 0

0101101
*
Ed
 1e-07 1 1 0
1  269 0 0 15
6  537 122 0
6  538 118 0
0

0101000
-616 60 +615 60 *
Ve
1e-07
280 1200 57
0 0

0101101
*
Ed
 1e-07 1 1 0
1  270 0 0 13
6  539 122 0
6  540 119 0
0

0101000
-613 60 +616 60 *
Ve
1e-07
280 1200 42
0 0

0101101
*
Ed
 1e-07 1 1 0
1  271 0 0 15
6  541 122 0
6  542 120 0
0

0101000
-613 60 +611 60 *
Ed
 1e-07 1 1 0
1  272 0 0 13
6  543 122 0
6  544 121 0
0

0101000
-611 60 +615 60 *
Wi

0101100
-614 0 -612 0 +610 0 +609 0 *
Fa
0  1e-07 153 0
2  122
0101000
+608 0 *
Ed
 1e-07 1 1 0
1  273 0 0 30
6  545 118 0
6  546 121 0
0

0101000
-615 60 +625 60 *
Ed
 1e-07 1 1 0
1  274 0 0 30
6  547 118 0
6  548 119 0
0

0101000
-616 60 +626 60 *
Wi

0101100
-606 0 -614 0 +605 0 +624 0 *
Fa
0  1e-07 154 0
2  118
0101000
+604 0 *
Ed
 1e-07 1 1 0
1  275 0 0 30
6  549 120 0
6  550 121 0
0

0101000
-611 60 +621 60 *
Ed
 1e-07 1 1 0
1  276 0 0 30
6  551 120 0
6  552 119 0
0

0101000
-613 60 +623 60 *
Wi

0101100
-602 0 -610 0 +601 0 +620 0 *
Fa
0  1e-07 155 0
2  120
0101000
+600 0 *
Wi

0101100
-619 0 -602 0 +609 0 +606 0 *
Fa
0  1e-07 156 0
2  121
0101000
+598 0 *
Wi

0101100
-622 0 -601 0 +612 0 +605 0 *
Fa
0  1e-07 157 0
2  119
0101000
+596 0 *
Sh

0101100
-617 0 +607 0 -603 0 +599 0 -597 0 +595 0 *
So

0100000
+594 0 *
Ve
1e-07
420 1187 57
0 0

0101101
*
Ve
1e-07
420 1187 42
0 0

0101101
*
Ed
 1e-07 1 1 0
1  277 0 0 15
6  553 123 0
6  554 124 0
0

0101000
-592 62 +591 62 *
Ve
1e-07
420 1200 57
0 0

0101101
*
Ed
 1e-07 1 1 0
1  278 0 0 13
6  555 123 0
6  556 125 0
0

0101000
-589 62 +592 62 *
Ve
1e-07
420 1200 42
0 0

0101101
*
Ed
 1e-07 1 1 0
1  279 0 0 15
6  557 123 0
6  558 126 0
0

0101000
-589 62 +587 62 *
Ed
 1e-07 1 1 0
1  280 0 0 13
6  559 123 0
6  560 127 0
0

0101000
-587 62 +591 62 *
Wi

0101100
-590 0 -588 0 +586 0 +585 0 *
Fa
0  1e-07 158 0
2  123
0101000
+584 0 *
Ve
1e-07
450 1187 57
0 0

0101101
*
Ve
1e-07
450 1187 42
0 0

0101101
*
Ed
 1e-07 1 1 0
1  281 0 0 15
6  561 128 0
6  562 124 0
0

0101000
-582 62 +581 62 *
Ve
1e-07
450 1200 57
0 0

0101101
*
Ed
 1e-07 1 1 0
1  282 0 0 13
6  563 128 0
6  564 125 0
0

0101000
-579 62 +582 62 *
Ve
1e-07
450 1200 42
0 0

0101101
*
Ed
 1e-07 1 1 0
1  283 0 0 15
6  565 128 0
6  566 126 0
0

0101000
-579 62 +577 62 *
Ed
 1e-07 1 1 0
1  284 0 0 13
6  567 128 0
6  568 127 0
0

0101000
-577 62 +581 62 *
Wi

0101100
-580 0 -578 0 +576 0 +575 0 *
Fa
0  1e-07 159 0
2  128
0101000
+574 0 *
Ed
 1e-07 1 1 0
1  285 0 0 30
6  569 124 0
6  570 127 0
0

0101000
-581 62 +591 62 *
Ed
 1e-07 1 1 0
1  286 0 0 30
6  571 124 0
6  572 125 0
0

0101000
-582 62 +592 62 *
Wi

0101100
-572 0 -580 0 +571 0 +590 0 *
Fa
0  1e-07 160 0
2  124
0101000
+570 0 *
Ed
 1e-07 1 1 0
1  287 0 0 30
6  573 126 0
6  574 127 0
0

0101000
-577 62 +587 62 *
Ed
 1e-07 1 1 0
1  288 0 0 30
6  575 126 0
6  576 125 0
0

0101000
-579 62 +589 62 *
Wi

0101100
-568 0 -576 0 +567 0 +586 0 *
Fa
0  1e-07 161 0
2  126
0101000
+566 0 *
Wi

0101100
-585 0 -568 0 +575 0 +572 0 *
Fa
0  1e-07 162 0
2  127
0101000
+564 0 *
Wi

0101100
-588 0 -567 0 +578 0 +571 0 *
Fa
0  1e-07 163 0
2  125
0101000
+562 0 *
Sh

0101100
-583 0 +573 0 -569 0 +565 0 -563 0 +561 0 *
So

0100000
+560 0 *
Ve
1e-07
0 788 59
0 0

0101101
*
Ve
1e-07
0 788 79
0 0

0101101
*
Ed
 1e-07 1 1 0
1  289 0 0 20
2  297 164 0 0 20
6  577 129 0
6  578 130 0
0

0101000
+558 0 -557 0 *
Ve
1e-07
0 1107.5 59
0 0

0101101
*
Ed
 1e-07 1 1 0
1  290 0 0 319.5
2  298 165 0 0 319.5
2  299 166 0 0 319.5
2  300 167 0 0 319.5
6  579 129 0
6  580 131 0
0

0101000
+555 0 -558 0 *
Ve
1e-07
0 1107.5 79
0 0

0101101
*
Ed
 1e-07 1 1 0
1  291 0 0 20
2  301 168 0 0 20
6  581 129 0
6  582 132 0
0

0101000
+553 0 -555 0 *
Ed
 1e-07 1 1 0
1  292 0 0 319.5
2  302 169 0 0 319.5
2  303 164 64 0 319.5
2  304 170 0 0 319.5
6  583 129 64
6  584 133 64
0

0101000
-553 64 +557 64 *
Wi

0101100
-556 0 -554 0 -552 0 -551 63 *
Fa
0  0 164 0
2  129
0101000
+550 0 *
Ve
1.5e-07
250 1107.5 79
0 0

0101101
*
Ed
 1e-07 1 1 0
1  293 0 0 250
2  305 171 0 0 250
2  306 172 64 0 250
2  307 173 64 0 250
2  308 170 0 0 250
2  309 168 64 0 250
6  585 133 64
6  586 132 64
0

0101000
+553 64 -548 64 *
Ve
1.5e-07
250 960 79
0 0

0101101
*
Ed
 1.5e-07 1 1 0
1  294 0 86 233.5
2  310 170 63 86 233.5
2  311 174 65 86 233.5
2  312 175 0 86 233.5
6  587 133 0
6  588 134 0
0

0101000
+546 0 -548 0 *
Ve
1.5e-07
450 960 79
0 0

0101101
*
Ed
 1.5e-07 1 1 0
1  295 0 -325 -125
2  313 170 63 -325 -125
2  314 176 65 -325 -125
6  589 133 0
6  590 135 0
0

0101000
+544 0 -546 0 *
Ve
1.5e-07
450 1107.5 79
0 0

0101101
*
Ed
 1.5e-07 1 1 0
1  296 0 86 233.5
2  315 170 63 86 233.5
2  316 177 65 86 233.5
2  317 178 0 86 233.5
6  591 133 0
6  592 136 0
0

0101000
+544 0 -542 0 *
Ve
1e-07
698.5 1107.5 79
0 0

0101101
*
Ed
 1e-07 1 1 0
1  293 0 450 698.5
2  305 171 0 450 698.5
2  306 172 64 450 698.5
2  307 173 64 450 698.5
2  308 170 0 450 698.5
2  318 168 64 450 698.5
6  593 133 64
6  594 137 64
0

0101000
+542 64 -540 64 *
Ve
1e-07
698.5 788 79
0 0

0101101
*
Ed
 1e-07 1 1 0
1  297 0 0 319.5
2  319 179 0 0 319.5
2  320 180 64 0 319.5
2  321 170 0 0 319.5
6  595 133 64
6  596 138 64
0

0101000
-540 64 +538 64 *
Ed
 1e-07 1 1 0
1  298 0 0 698.5
2  322 181 0 0 698.5
2  323 182 64 0 698.5
2  324 183 64 0 698.5
2  325 170 0 0 698.5
6  597 133 64
6  598 130 64
0

0101000
-538 64 +557 64 *
Wi

0101100
-547 63 +545 0 +543 0 -541 0 -539 63 +537 63 +536 63 -551 63 *
Fa
0  1e-07 170 63
2  133
0101000
+535 0 *
Ve
1e-07
698.5 788 59
0 0

0101101
*
Ed
 1e-07 1 1 0
1  299 0 0 20
2  326 180 0 0 20
6  599 138 0
6  600 130 0
0

0101000
+533 0 -538 0 *
Ve
1e-07
698.5 1107.5 59
0 0

0101101
*
Ed
 1e-07 1 1 0
1  300 0 0 319.5
2  327 165 0 0 319.5
2  328 166 0 0 319.5
2  329 167 0 0 319.5
6  601 138 0
6  602 131 0
0

0101000
+531 0 -533 0 *
Ed
 1e-07 1 1 0
1  301 0 0 20
2  330 168 0 0 20
6  603 138 0
6  604 137 0
0

0101000
+540 0 -531 0 *
Wi

0101100
-532 0 -530 0 -529 0 -537 63 *
Fa
0  0 180 0
2  138
0101000
+528 0 *
Ve
1.5e-07
450 1107.5 59
0 0

0101101
*
Ed
 1e-07 1 1 0
1  302 0 0 248.5
2  331 167 0 0 248.5
6  605 137 0
6  606 131 0
0

0101000
+526 0 -531 0 *
Ed
 1e-07 1 1 0
1  303 0 0 20
2  332 178 0 0 20
6  607 137 0
6  608 136 0
0

0101000
+526 0 -542 0 *
Wi

0101100
+539 63 +529 0 -525 0 +524 0 *
Fa
0  0 168 0
2  137
0101000
+523 0 *
Ve
1e-07
450 960 59
0 0

0101101
*
Ed
 1e-07 1 1 0
1  304 0 0 20
6  609 136 0
6  610 135 0
0

0101000
+521 0 -544 0 *
Ed
 1e-07 1 1 0
1  305 0 0 147.5
2  333 167 0 0 147.5
2  334 178 0 0 147.5
6  611 136 0
6  612 131 0
0

0101000
+521 0 -526 0 *
Wi

0101100
-520 0 +519 0 +524 0 -541 0 *
Fa
0  0 178 0
2  136
0101000
+518 0 *
Ve
1e-07
250 960 59
0 0

0101101
*
Ed
 1e-07 1 1 0
1  306 0 1.5 201.5
2  335 185 0 1.5 201.5
2  336 186 0 1.5 201.5
6  613 135 67
6  614 131 67
0

0101000
+516 67 -521 67 *
Ed
 1e-07 1 1 0
1  307 0 0 20
6  615 135 0
6  616 134 0
0

0101000
+546 0 -516 0 *
Wi

0101100
-520 0 -515 66 -514 0 -543 0 *
Fa
0  0 184 0
2  135
0101000
+513 0 *
Ve
1.5e-07
250 1107.5 59
0 0

0101101
*
Ed
 1e-07 1 1 0
1  308 0 0 147.5
2  337 166 0 0 147.5
2  338 167 0 0 147.5
2  339 175 0 0 147.5
6  617 134 0
6  618 131 0
0

0101000
+511 0 -516 0 *
Ed
 1e-07 1 1 0
1  309 0 0 20
2  340 175 0 0 20
6  619 134 0
6  620 132 0
0

0101000
+548 0 -511 0 *
Wi

0101100
+514 0 -510 0 -509 0 -545 0 *
Fa
0  0 175 0
2  134
0101000
+508 0 *
Ed
 1e-07 1 1 0
1  310 0 0 250
2  341 166 0 0 250
2  342 167 0 0 250
6  621 132 0
6  622 131 0
0

0101000
+555 0 -511 0 *
Wi

0101100
-552 0 +547 63 +509 0 -506 0 *
Fa
0  0 168 0
2  132
0101000
+505 0 *
Ed
 1e-07 1 1 0
1  311 0 0 698.5
2  343 188 0 0 698.5
2  344 165 0 0 698.5
2  345 166 0 0 698.5
2  346 167 0 0 698.5
6  623 131 0
6  624 130 0
0

0101000
+558 0 -533 0 *
Wi

0101100
-506 0 +554 0 +503 0 -530 0 -525 0 -519 0 -515 66 -510 0 *
Ve
1.5e-07
451.5 1106 59
0 0

0101101
*
Ve
1e-07
451.5 958.5 59
0 0

0101101
*
Ed
 1e-07 1 1 0
1  312 0 0 147.5
6  625 131 0
6  626 139 0
0

0101000
+501 0 -500 0 *
Ve
1.5e-07
697 1106 59
0 0

0101101
*
Ed
 1e-07 1 1 0
1  313 0 451.5 697
2  347 189 0 451.5 697
2  348 190 0 451.5 697
2  349 165 69 451.5 697
2  350 166 69 451.5 697
2  351 167 69 451.5 697
6  627 131 69
6  628 140 69
0

0101000
+501 69 -498 69 *
Ve
1.5e-07
697 789.5 59
0 0

0101101
*
Ed
 1e-07 1 1 0
1  314 0 1.5 318
2  352 191 0 1.5 318
2  353 192 0 1.5 318
2  354 188 71 1.5 318
2  355 165 71 1.5 318
2  356 166 71 1.5 318
2  357 167 71 1.5 318
6  629 131 71
6  630 141 71
0

0101000
+496 71 -498 71 *
Ve
1.5e-07
1.5 789.5 59
0 0

0101101
*
Ed
 1e-07 1 1 0
1  315 0 1.5 697
2  358 193 0 1.5 697
2  359 194 0 1.5 697
2  360 188 73 1.5 697
2  361 165 73 1.5 697
2  362 166 73 1.5 697
2  363 167 73 1.5 697
6  631 131 73
6  632 142 73
0

0101000
+494 73 -496 73 *
Ve
1.5e-07
1.5 1106 59
0 0

0101101
*
Ed
 1e-07 1 1 0
1  316 0 1.5 318
2  364 195 0 1.5 318
2  365 196 0 1.5 318
2  366 188 75 1.5 318
2  367 165 75 1.5 318
2  368 166 75 1.5 318
2  369 167 75 1.5 318
6  633 131 75
6  634 143 75
0

0101000
+494 75 -492 75 *
Ve
1.5e-07
248.5 1106 59
0 0

0101101
*
Ed
 1e-07 1 1 0
1  313 0 1.5 248.5
2  347 189 0 1.5 248.5
2  348 190 0 1.5 248.5
2  349 165 69 1.5 248.5
2  370 166 69 1.5 248.5
2  371 167 69 1.5 248.5
6  635 131 69
6  636 144 69
0

0101000
+492 69 -490 69 *
Ve
1e-07
248.5 958.5 59
0 0

0101101
*
Ed
 1e-07 1 1 0
1  317 0 0 147.5
6  637 131 0
6  638 145 0
0

0101000
+488 0 -490 0 *
Ed
 1e-07 1 1 0
1  318 0 0 203
2  372 186 0 0 203
2  373 197 0 0 203
6  639 131 67
6  640 146 0
0

0101000
-500 67 +488 67 *
Wi

0101100
-499 0 +497 68 -495 70 -493 72 +491 74 +489 68 -487 0 +486 66 *
Fa
0  0 187 0
2  131
0101000
+502 0 +485 0 *
Ve
1e-07
451.5 958.5 77.5
0 0

0101101
*
Ed
 1e-07 1 1 0
1  319 0 0 18.5
2  374 198 0 0 18.5
2  375 197 0 0 18.5
6  641 146 0
6  642 139 67
0

0101000
-483 67 +500 67 *
Ve
1e-07
248.5 958.5 77.5
0 0

0101101
*
Ed
 1e-07 1 1 0
1  320 0 0 203
2  376 199 0 0 203
2  377 197 0 0 203
2  378 200 76 0 203
6  643 146 0
6  644 147 67
0

0101000
-483 67 +481 67 *
Ed
 1e-07 1 1 0
1  321 0 0 18.5
2  379 201 0 0 18.5
2  380 197 0 0 18.5
6  645 146 0
6  646 145 67
0

0101000
-481 67 +488 67 *
Wi

0101100
-486 0 -482 0 +480 0 +479 0 *
Fa
0  1e-07 197 0
2  146
0101000
+478 0 *
Ve
1.5e-07
1.5 1106 77.5
0 0

0101101
*
Ve
1.5e-07
248.5 1106 77.5
0 0

0101101
*
Ed
 1e-07 1 1 0
1  322 0 1.5 248.5
2  381 202 0 1.5 248.5
2  382 190 0 1.5 248.5
2  383 200 77 1.5 248.5
6  647 147 69
6  648 144 69
0

0101000
+476 69 -475 69 *
Ve
1.5e-07
1.5 789.5 77.5
0 0

0101101
*
Ed
 1e-07 1 1 0
1  323 0 1.5 318
2  384 203 0 1.5 318
2  385 195 0 1.5 318
2  386 200 78 1.5 318
6  649 147 75
6  650 143 75
0

0101000
+473 75 -476 75 *
Ve
1.5e-07
697 789.5 77.5
0 0

0101101
*
Ed
 1e-07 1 1 0
1  324 0 1.5 697
2  387 204 0 1.5 697
2  388 194 0 1.5 697
2  389 200 79 1.5 697
6  651 147 73
6  652 142 73
0

0101000
+473 73 -471 73 *
Ve
1.5e-07
697 1106 77.5
0 0

0101101
*
Ed
 1e-07 1 1 0
1  325 0 1.5 318
2  390 205 0 1.5 318
2  391 191 0 1.5 318
2  392 200 80 1.5 318
6  653 147 71
6  654 141 71
0

0101000
+471 71 -469 71 *
Ve
1.5e-07
451.5 1106 77.5
0 0

0101101
*
Ed
 1e-07 1 1 0
1  322 0 451.5 697
2  381 202 0 451.5 697
2  382 190 0 451.5 697
2  383 200 77 451.5 697
6  655 147 69
6  656 140 69
0

0101000
+467 69 -469 69 *
Ed
 1e-07 1 1 0
1  326 0 0 147.5
6  657 147 0
6  658 139 0
0

0101000
+467 0 -483 0 *
Ed
 1e-07 1 1 0
1  327 0 0 147.5
6  659 147 0
6  660 145 0
0

0101000
+481 0 -475 0 *
Wi

0101100
-474 68 -472 74 +470 72 +468 70 -466 68 +465 0 -480 66 +464 0 *
Fa
0  1e-07 200 63
2  147
0101000
+463 0 *
Ed
 1.5e-07 1 1 0
1  328 0 -18.5 0
2  393 190 68 -18.5 0
2  394 207 81 -18.5 0
6  661 145 0
6  662 144 0
0

0101000
+475 0 -490 0 *
Wi

0101100
-464 0 -479 66 +487 0 -461 0 *
Fa
0  0 206 0
2  145
0101000
+460 0 *
Ed
 1.5e-07 1 1 0
1  329 0 0 18.5
2  395 195 74 0 18.5
2  396 190 68 0 18.5
6  663 144 0
6  664 143 0
0

0101000
+492 0 -476 0 *
Wi

0101100
-489 68 +461 0 +474 68 +458 0 *
Fa
0  1e-07 190 68
2  144
0101000
+457 0 *
Ed
 1.5e-07 1 1 0
1  330 0 0 18.5
2  397 195 74 0 18.5
2  398 194 72 0 18.5
6  665 143 0
6  666 142 0
0

0101000
+494 0 -473 0 *
Wi

0101100
-472 74 +458 0 +491 74 -455 0 *
Fa
0  1e-07 195 74
2  143
0101000
+454 0 *
Ed
 1.5e-07 1 1 0
1  331 0 0 18.5
2  399 191 70 0 18.5
2  400 194 72 0 18.5
6  667 142 0
6  668 141 0
0

0101000
+496 0 -471 0 *
Wi

0101100
-493 72 -452 0 +470 72 +455 0 *
Fa
0  1e-07 194 72
2  142
0101000
+451 0 *
Ed
 1.5e-07 1 1 0
1  332 0 0 18.5
2  401 191 70 0 18.5
2  402 190 68 0 18.5
6  669 141 0
6  670 140 0
0

0101000
+498 0 -469 0 *
Wi

0101100
-468 70 +449 0 +495 70 -452 0 *
Fa
0  1e-07 191 70
2  141
0101000
+448 0 *
Ed
 1.5e-07 1 1 0
1  333 0 -18.5 0
2  403 190 68 -18.5 0
2  404 208 82 -18.5 0
6  671 140 0
6  672 139 0
0

0101000
+467 0 -501 0 *
Wi

0101100
-497 68 -449 0 +466 68 -446 0 *
Fa
0  1e-07 190 68
2  140
0101000
+445 0 *
Wi

0101100
+465 0 -482 66 -499 0 -446 0 *
Fa
0  0 209 0
2  139
0101000
+443 0 *
Wi

0101100
+556 0 +536 63 -532 0 -503 0 *
Fa
0  0 210 0
2  130
0101000
+441 0 *
Sh

0101100
-549 0 +534 0 +527 0 +522 0 -517 0 +512 0 +507 0 +504 0 -484 0 -477 66 
-462 0 -459 0 -456 0 +453 0 +450 0 -447 0 -444 0 +442 0 -440 0 *
So

0100000
+439 0 *
Co

0100000
+438 0 *
Ve
1e-07
6 1082 77.5
0 0

0101101
*
Ve
1e-07
6 1082 59
0 0

0101101
*
Ed
 1e-07 1 1 0
1  334 0 0 18.5
6  673 148 0
6  674 149 0
0

0101000
-436 84 +435 84 *
Ve
1e-07
6 1102 77.5
0 0

0101101
*
Ed
 1e-07 1 1 0
1  335 0 0 20
6  675 148 0
6  676 150 0
0

0101000
-433 84 +436 84 *
Ve
1e-07
6 1102 59
0 0

0101101
*
Ed
 1e-07 1 1 0
1  336 0 0 18.5
6  677 148 0
6  678 151 0
0

0101000
-433 84 +431 84 *
Ed
 1e-07 1 1 0
1  337 0 0 20
6  679 148 0
6  680 152 0
0

0101000
-431 84 +435 84 *
Wi

0101100
-434 0 -432 0 +430 0 +429 0 *
Fa
0  1e-07 211 0
2  148
0101000
+428 0 *
Ve
1e-07
26 1082 77.5
0 0

0101101
*
Ve
1e-07
26 1082 59
0 0

0101101
*
Ed
 1e-07 1 1 0
1  338 0 0 18.5
6  681 153 0
6  682 149 0
0

0101000
-426 84 +425 84 *
Ve
1e-07
26 1102 77.5
0 0

0101101
*
Ed
 1e-07 1 1 0
1  339 0 0 20
6  683 153 0
6  684 150 0
0

0101000
-423 84 +426 84 *
Ve
1e-07
26 1102 59
0 0

0101101
*
Ed
 1e-07 1 1 0
1  340 0 0 18.5
6  685 153 0
6  686 151 0
0

0101000
-423 84 +421 84 *
Ed
 1e-07 1 1 0
1  341 0 0 20
6  687 153 0
6  688 152 0
0

0101000
-421 84 +425 84 *
Wi

0101100
-424 0 -422 0 +420 0 +419 0 *
Fa
0  1e-07 212 0
2  153
0101000
+418 0 *
Ed
 1e-07 1 1 0
1  342 0 0 20
6  689 149 0
6  690 152 0
0

0101000
-425 84 +435 84 *
Ed
 1e-07 1 1 0
1  343 0 0 20
6  691 149 0
6  692 150 0
0

0101000
-426 84 +436 84 *
Wi

0101100
-416 0 -424 0 +415 0 +434 0 *
Fa
0  1e-07 213 0
2  149
0101000
+414 0 *
Ed
 1e-07 1 1 0
1  344 0 0 20
6  693 151 0
6  694 152 0
0

0101000
-421 84 +431 84 *
Ed
 1e-07 1 1 0
1  345 0 0 20
6  695 151 0
6  696 150 0
0

0101000
-423 84 +433 84 *
Wi

0101100
-412 0 -420 0 +411 0 +430 0 *
Fa
0  1e-07 214 0
2  151
0101000
+410 0 *
Wi

0101100
-429 0 -412 0 +419 0 +416 0 *
Fa
0  1e-07 215 0
2  152
0101000
+408 0 *
Wi

0101100
-432 0 -411 0 +422 0 +415 0 *
Fa
0  1e-07 216 0
2  150
0101000
+406 0 *
Sh

0101100
-427 0 +417 0 -413 0 +409 0 -407 0 +405 0 *
So

0100000
+404 0 *
Ve
1e-07
672.5 1082 77.5
0 0

0101101
*
Ve
1e-07
672.5 1082 59
0 0

0101101
*
Ed
 1e-07 1 1 0
1  346 0 0 18.5
6  697 154 0
6  698 155 0
0

0101000
-402 86 +401 86 *
Ve
1e-07
672.5 1102 77.5
0 0

0101101
*
Ed
 1e-07 1 1 0
1  347 0 0 20
6  699 154 0
6  700 156 0
0

0101000
-399 86 +402 86 *
Ve
1e-07
672.5 1102 59
0 0

0101101
*
Ed
 1e-07 1 1 0
1  348 0 0 18.5
6  701 154 0
6  702 157 0
0

0101000
-399 86 +397 86 *
Ed
 1e-07 1 1 0
1  349 0 0 20
6  703 154 0
6  704 158 0
0

0101000
-397 86 +401 86 *
Wi

0101100
-400 0 -398 0 +396 0 +395 0 *
Fa
0  1e-07 217 0
2  154
0101000
+394 0 *
Ve
1e-07
692.5 1082 77.5
0 0

0101101
*
Ve
1e-07
692.5 1082 59
0 0

0101101
*
Ed
 1e-07 1 1 0
1  350 0 0 18.5
6  705 159 0
6  706 155 0
0

0101000
-392 86 +391 86 *
Ve
1e-07
692.5 1102 77.5
0 0

0101101
*
Ed
 1e-07 1 1 0
1  351 0 0 20
6  707 159 0
6  708 156 0
0

0101000
-389 86 +392 86 *
Ve
1e-07
692.5 1102 59
0 0

0101101
*
Ed
 1e-07 1 1 0
1  352 0 0 18.5
6  709 159 0
6  710 157 0
0

0101000
-389 86 +387 86 *
Ed
 1e-07 1 1 0
1  353 0 0 20
6  711 159 0
6  712 158 0
0

0101000
-387 86 +391 86 *
Wi

0101100
-390 0 -388 0 +386 0 +385 0 *
Fa
0  1e-07 218 0
2  159
0101000
+384 0 *
Ed
 1e-07 1 1 0
1  354 0 0 20
6  713 155 0
6  714 158 0
0

0101000
-391 86 +401 86 *
Ed
 1e-07 1 1 0
1  355 0 0 20
6  715 155 0
6  716 156 0
0

0101000
-392 86 +402 86 *
Wi

0101100
-382 0 -390 0 +381 0 +400 0 *
Fa
0  1e-07 219 0
2  155
0101000
+380 0 *
Ed
 1e-07 1 1 0
1  356 0 0 20
6  717 157 0
6  718 158 0
0

0101000
-387 86 +397 86 *
Ed
 1e-07 1 1 0
1  357 0 0 20
6  719 157 0
6  720 156 0
0

0101000
-389 86 +399 86 *
Wi

0101100
-378 0 -386 0 +377 0 +396 0 *
Fa
0  1e-07 220 0
2  157
0101000
+376 0 *
Wi

0101100
-395 0 -378 0 +385 0 +382 0 *
Fa
0  1e-07 221 0
2  158
0101000
+374 0 *
Wi

0101100
-398 0 -377 0 +388 0 +381 0 *
Fa
0  1e-07 222 0
2  156
0101000
+372 0 *
Sh

0101100
-393 0 +383 0 -379 0 +375 0 -373 0 +371 0 *
So

0100000
+370 0 *
Ve
1.5e-07
0 1110.5 62
0 0

0101101
*
Ve
1e-07
0 1110.5 79
0 0

0101101
*
Ed
 1e-07 1 1 0
1  358 0 3 20
2  405 223 0 3 20
2  406 224 0 3 20
6  721 160 0
6  722 161 0
0

0101000
+368 0 -367 0 *
Ve
1e-07
0 1859 79
0 0

0101101
*
Ed
 1e-07 1 1 0
1  359 0 0 748.5
2  407 225 0 0 748.5
2  408 223 88 0 748.5
2  409 226 0 0 748.5
6  723 160 88
6  724 162 88
0

0101000
-365 88 +367 88 *
Ve
1.5e-07
0 1859 62
0 0

0101101
*
Ed
 1e-07 1 1 0
1  360 0 0 17
2  410 227 0 0 17
2  411 223 0 0 17
6  725 160 0
6  726 163 0
0

0101000
+365 0 -363 0 *
Ed
 1.5e-07 1 1 0
1  361 0 -749 -0.5
2  412 223 0 -749 -0.5
2  413 228 89 -749 -0.5
6  727 160 0
6  728 164 0
0

0101000
+363 0 -368 0 *
Wi

0101100
-366 0 -364 87 -362 0 -361 0 *
Fa
0  1e-07 223 0
2  160
0101000
+360 0 *
Ve
1.5e-07
12 1110.5 59
0 0

0101101
*
Ve
1.5e-07
250 1110.5 59
0 0

0101101
*
Ed
 1e-07 1 1 0
1  362 0 12 250
2  414 229 0 12 250
2  415 230 0 12 250
2  416 224 0 12 250
2  417 231 0 12 250
6  729 161 0
6  730 165 0
0

0101000
+358 0 -357 0 *
Ve
1.5e-07
250 1110.5 79
0 0

0101101
*
Ed
 1e-07 1 1 0
1  363 0 0 20
2  418 232 0 0 20
2  419 224 0 0 20
6  731 161 0
6  732 166 0
0

0101000
+357 0 -355 0 *
Ed
 1e-07 1 1 0
1  364 0 0 250
2  420 233 0 0 250
2  421 234 88 0 250
2  422 235 88 0 250
2  423 226 0 0 250
2  424 224 88 0 250
6  733 161 88
6  734 162 88
0

0101000
+367 88 -355 88 *
Ve
1.5e-07
12 1110.5 62
0 0

0101101
*
Ed
 1.5e-07 1 1 0
1  365 0 0.5 12.5
2  425 224 0 0.5 12.5
2  426 228 89 0.5 12.5
6  735 161 0
6  736 164 0
0

0101000
+368 0 -352 0 *
Ed
 1.5e-07 1 1 0
1  366 0 5.75 8.75
2  427 224 0 5.75 8.75
2  428 236 89 5.75 8.75
6  737 161 0
6  738 167 0
0

0101000
+352 0 -358 0 *
Wi

0101100
-356 0 -354 0 +353 87 +366 0 -351 0 -350 0 *
Fa
0  1e-07 224 0
2  161
0101000
+349 0 *
Ve
1e-07
698.5 1859 79
0 0

0101101
*
Ed
 1e-07 1 1 0
1  367 0 0 698.5
2  429 237 0 0 698.5
2  430 238 88 0 698.5
2  431 239 88 0 698.5
2  432 226 0 0 698.5
2  433 227 88 0 698.5
6  739 162 88
6  740 163 88
0

0101000
-347 88 +365 88 *
Ve
1e-07
698.5 1110.5 79
0 0

0101101
*
Ed
 1e-07 1 1 0
1  368 0 0 748.5
2  434 240 0 0 748.5
2  435 241 88 0 748.5
2  436 226 0 0 748.5
6  741 162 88
6  742 168 88
0

0101000
-347 88 +345 88 *
Ve
1.5e-07
450 1110.5 79
0 0

0101101
*
Ed
 1e-07 1 1 0
1  364 0 450 698.5
2  420 233 0 450 698.5
2  421 234 88 450 698.5
2  422 235 88 450 698.5
2  423 226 0 450 698.5
2  437 224 88 450 698.5
6  743 162 88
6  744 169 88
0

0101000
+343 88 -345 88 *
Ve
1.5e-07
450 1160 79
0 0

0101101
*
Ed
 1.5e-07 1 1 0
1  369 0 0.5 50
2  438 226 87 0.5 50
2  439 242 90 0.5 50
2  440 243 0 0.5 50
6  745 162 0
6  746 170 0
0

0101000
+343 0 -341 0 *
Ve
1.5e-07
250 1160 79
0 0

0101101
*
Ed
 1.5e-07 1 1 0
1  370 0 -325 -125
2  441 226 87 -325 -125
2  442 244 90 -325 -125
6  747 162 0
6  748 171 0
0

0101000
+341 0 -339 0 *
Ed
 1.5e-07 1 1 0
1  371 0 0.5 50
2  443 226 87 0.5 50
2  444 245 90 0.5 50
2  445 232 0 0.5 50
6  749 162 0
6  750 166 0
0

0101000
+355 0 -339 0 *
Wi

0101100
-346 87 +344 87 +342 87 -340 0 -338 0 +337 0 +353 87 -364 87 *
Fa
0  1e-07 226 87
2  162
0101000
+336 0 *
Ve
1.5e-07
12 1859 62
0 0

0101101
*
Ed
 1.5e-07 1 1 0
1  372 0 0.5 12.5
2  446 227 0 0.5 12.5
2  447 228 89 0.5 12.5
6  751 163 0
6  752 164 0
0

0101000
+363 0 -334 0 *
Ve
1.5e-07
12 1859 59
0 0

0101101
*
Ed
 1.5e-07 1 1 0
1  373 0 5.75 8.75
2  448 227 0 5.75 8.75
2  449 236 89 5.75 8.75
6  753 163 0
6  754 172 0
0

0101000
+334 0 -332 0 *
Ve
1e-07
698.5 1859 59
0 0

0101101
*
Ed
 1e-07 1 1 0
1  374 0 0 686.5
2  450 246 0 0 686.5
2  451 229 0 0 686.5
2  452 230 0 0 686.5
2  453 227 0 0 686.5
2  454 231 0 0 686.5
6  755 163 0
6  756 165 0
0

0101000
+330 0 -332 0 *
Ed
 1e-07 1 1 0
1  375 0 0 20
2  455 227 0 0 20
6  757 163 0
6  758 168 0
0

0101000
+347 0 -330 0 *
Wi

0101100
+346 87 -362 0 -333 0 -331 0 +329 0 +328 0 *
Fa
0  1e-07 227 0
2  163
0101000
+327 0 *
Ve
1.5e-07
12 1857.5 62
0 0

0101101
*
Ed
 1e-07 1 1 0
1  376 0 748 749.5
2  456 228 0 748 749.5
2  457 236 0 748 749.5
6  759 164 91
6  760 172 91
0

0101000
+325 91 -334 91 *
Ve
1.5e-07
1.5 1857.5 62
0 0

0101101
*
Ed
 1.5e-07 1 1 0
1  377 0 2 12.5
2  458 247 92 2 12.5
2  459 228 89 2 12.5
6  761 164 0
6  762 173 0
0

0101000
+323 0 -325 0 *
Ve
1.5e-07
1.5 1112 62
0 0

0101101
*
Ed
 1.5e-07 1 1 0
1  378 0 -747.5 -2
2  460 248 93 -747.5 -2
2  461 228 89 -747.5 -2
6  763 164 0
6  764 174 0
0

0101000
+323 0 -321 0 *
Ve
1.5e-07
12 1112 62
0 0

0101101
*
Ed
 1.5e-07 1 1 0
1  379 0 2 12.5
2  462 249 94 2 12.5
2  463 228 89 2 12.5
6  765 164 0
6  766 175 0
0

0101000
+321 0 -319 0 *
Ed
 1e-07 1 1 0
1  376 0 1 2.5
2  456 228 0 1 2.5
2  457 236 0 1 2.5
6  767 164 91
6  768 167 91
0

0101000
+352 91 -319 91 *
Wi

0101100
+324 89 +322 0 -320 0 -318 0 +317 89 +351 0 +361 0 -333 0 *
Fa
0  1e-07 228 89
2  164
0101000
+316 0 *
Ve
1e-07
698.5 1110.5 59
0 0

0101101
*
Ed
 1e-07 1 1 0
1  380 0 0 748.5
2  464 246 0 0 748.5
2  465 229 0 0 748.5
2  466 230 0 0 748.5
2  467 231 0 0 748.5
6  769 165 0
6  770 168 0
0

0101000
+330 0 -314 0 *
Ve
1.5e-07
450 1110.5 59
0 0

0101101
*
Ed
 1e-07 1 1 0
1  381 0 0 248.5
2  468 230 0 0 248.5
2  469 231 0 0 248.5
6  771 165 0
6  772 169 0
0

0101000
+314 0 -312 0 *
Ve
1e-07
450 1160 59
0 0

0101101
*
Ed
 1e-07 1 1 0
1  382 0 0 49.5
2  470 230 0 0 49.5
2  471 243 0 0 49.5
2  472 231 0 0 49.5
6  773 165 0
6  774 170 0
0

0101000
+312 0 -310 0 *
Ve
1e-07
250 1160 59
0 0

0101101
*
Ed
 1e-07 1 1 0
1  383 0 1.5 201.5
2  473 250 0 1.5 201.5
2  474 251 0 1.5 201.5
2  475 231 96 1.5 201.5
6  775 165 96
6  776 171 96
0

0101000
+308 96 -310 96 *
Ed
 1e-07 1 1 0
1  384 0 0 49.5
2  476 229 0 0 49.5
2  477 230 0 0 49.5
2  478 232 0 0 49.5
2  479 231 0 0 49.5
6  777 165 0
6  778 166 0
0

0101000
+308 0 -357 0 *
Ve
1.5e-07
12 1112 59
0 0

0101101
*
Ed
 1.5e-07 1 1 0
1  385 0 0.5 2
2  480 231 0 0.5 2
2  481 236 89 0.5 2
6  779 165 0
6  780 167 0
0

0101000
+358 0 -305 0 *
Ve
1.5e-07
248.5 1112 59
0 0

0101101
*
Ed
 1e-07 1 1 0
1  386 0 12 248.5
2  482 252 0 12 248.5
2  483 249 0 12 248.5
2  484 253 97 12 248.5
2  485 246 97 12 248.5
2  486 229 97 12 248.5
2  487 230 97 12 248.5
2  488 231 97 12 248.5
6  781 165 97
6  782 175 97
0

0101000
+305 97 -303 97 *
Ve
1e-07
248.5 1161.5 59
0 0

0101101
*
Ed
 1e-07 1 1 0
1  387 0 0 49.5
2  489 231 0 0 49.5
6  783 165 0
6  784 176 0
0

0101000
+303 0 -301 0 *
Ve
1e-07
451.5 1161.5 59
0 0

0101101
*
Ed
 1e-07 1 1 0
1  388 0 0 203
2  490 251 0 0 203
2  491 254 0 0 203
2  492 231 96 0 203
6  785 165 96
6  786 177 0
0

0101000
-299 96 +301 96 *
Ve
1.5e-07
451.5 1112 59
0 0

0101101
*
Ed
 1e-07 1 1 0
1  389 0 0 49.5
2  493 231 0 0 49.5
6  787 165 0
6  788 178 0
0

0101000
+299 0 -297 0 *
Ve
1.5e-07
697 1112 59
0 0

0101101
*
Ed
 1e-07 1 1 0
1  386 0 451.5 697
2  482 252 0 451.5 697
2  483 249 0 451.5 697
2  484 253 97 451.5 697
2  485 246 97 451.5 697
2  494 229 97 451.5 697
2  495 230 97 451.5 697
2  496 231 97 451.5 697
6  789 165 97
6  790 179 97
0

0101000
+297 97 -295 97 *
Ve
1.5e-07
697 1857.5 59
0 0

0101101
*
Ed
 1e-07 1 1 0
1  390 0 1.5 747
2  497 255 0 1.5 747
2  498 256 0 1.5 747
2  499 253 99 1.5 747
2  500 246 99 1.5 747
2  501 229 99 1.5 747
2  502 230 99 1.5 747
2  503 231 99 1.5 747
6  791 165 99
6  792 180 99
0

0101000
+295 99 -293 99 *
Ve
1.5e-07
12 1857.5 59
0 0

0101101
*
Ed
 1e-07 1 1 0
1  391 0 12 697
2  504 257 0 12 697
2  505 247 0 12 697
2  506 246 100 12 697
2  507 229 100 12 697
2  508 230 100 12 697
2  509 231 100 12 697
6  793 165 100
6  794 173 100
0

0101000
+291 100 -293 100 *
Ed
 1.5e-07 1 1 0
1  385 0 747.5 749
2  480 231 0 747.5 749
2  481 236 89 747.5 749
6  795 165 0
6  796 172 0
0

0101000
+291 0 -332 0 *
Wi

0101100
-313 0 -311 0 -309 0 +307 95 -306 0 +356 0 -304 0 -302 94 -300 0 -298 95 
-296 0 -294 94 -292 98 +290 92 -289 0 +329 0 *
Fa
0  1e-07 231 0
2  165
0101000
+288 0 *
Ed
 1e-07 1 1 0
1  392 0 0 20
6  797 166 0
6  798 171 0
0

0101000
+308 0 -339 0 *
Wi

0101100
-354 0 -306 0 +286 0 -337 0 *
Fa
0  0 232 0
2  166
0101000
+285 0 *
Ed
 1.5e-07 1 1 0
1  393 0 -3.5 -0.5
2  510 249 94 -3.5 -0.5
2  511 236 89 -3.5 -0.5
6  799 167 0
6  800 175 0
0

0101000
+319 0 -305 0 *
Wi

0101100
-317 89 -283 0 +304 0 +350 0 *
Fa
0  1e-07 236 89
2  167
0101000
+282 0 *
Ed
 1e-07 1 1 0
1  394 0 0 20
2  512 241 0 0 20
2  513 224 0 0 20
6  801 168 0
6  802 169 0
0

0101000
+314 0 -345 0 *
Wi

0101100
-280 0 -313 0 -328 0 -344 87 *
Fa
0  0 241 0
2  168
0101000
+279 0 *
Ed
 1e-07 1 1 0
1  395 0 0 20
2  514 243 0 0 20
6  803 169 0
6  804 170 0
0

0101000
+343 0 -312 0 *
Wi

0101100
+311 0 -277 0 +342 87 -280 0 *
Fa
0  0 224 0
2  169
0101000
+276 0 *
Ed
 1e-07 1 1 0
1  396 0 0 20
6  805 170 0
6  806 171 0
0

0101000
+341 0 -310 0 *
Wi

0101100
+277 0 +309 0 -274 0 -340 0 *
Fa
0  0 243 0
2  170
0101000
+273 0 *
Wi

0101100
+274 0 -307 95 +286 0 -338 0 *
Fa
0  0 258 0
2  171
0101000
+271 0 *
Ed
 1.5e-07 1 1 0
1  397 0 -3.5 -0.5
2  515 247 92 -3.5 -0.5
2  516 236 89 -3.5 -0.5
6  807 172 0
6  808 173 0
0

0101000
+325 0 -291 0 *
Wi

0101100
-324 89 -331 0 +289 0 +269 0 *
Fa
0  1e-07 236 89
2  172
0101000
+268 0 *
Ve
1.5e-07
697 1857.5 77.5
0 0

0101101
*
Ed
 1.5e-07 1 1 0
1  398 0 0 18.5
2  517 255 98 0 18.5
2  518 247 92 0 18.5
6  809 173 0
6  810 180 0
0

0101000
+293 0 -266 0 *
Ve
1.5e-07
1.5 1857.5 77.5
0 0

0101101
*
Ed
 1e-07 1 1 0
1  399 0 1.5 697
2  519 259 0 1.5 697
2  520 247 0 1.5 697
2  521 260 101 1.5 697
6  811 173 100
6  812 181 100
0

0101000
+264 100 -266 100 *
Ed
 1.5e-07 1 1 0
1  400 0 3 18.5
2  522 248 93 3 18.5
2  523 247 92 3 18.5
6  813 173 0
6  814 174 0
0

0101000
+323 0 -264 0 *
Wi

0101100
-290 92 -265 0 +263 92 +262 0 -322 0 -269 0 *
Fa
0  1e-07 247 92
2  173
0101000
+261 0 *
Ve
1.5e-07
1.5 1112 77.5
0 0

0101101
*
Ed
 1e-07 1 1 0
1  401 0 1.5 747
2  524 261 0 1.5 747
2  525 248 0 1.5 747
2  526 260 102 1.5 747
6  815 174 103
6  816 181 103
0

0101000
+259 103 -264 103 *
Ed
 1.5e-07 1 1 0
1  402 0 3 18.5
2  527 248 93 3 18.5
2  528 249 94 3 18.5
6  817 174 0
6  818 175 0
0

0101000
+321 0 -259 0 *
Wi

0101100
-258 93 +262 0 -320 0 -257 0 *
Fa
0  1e-07 248 93
2  174
0101000
+256 0 *
Ve
1.5e-07
248.5 1112 77.5
0 0

0101101
*
Ed
 1.5e-07 1 1 0
1  403 0 -18.5 0
2  529 249 94 -18.5 0
2  530 262 104 -18.5 0
6  819 175 0
6  820 176 0
0

0101000
+254 0 -303 0 *
Ed
 1e-07 1 1 0
1  404 0 1.5 248.5
2  531 263 0 1.5 248.5
2  532 249 0 1.5 248.5
2  533 260 105 1.5 248.5
6  821 175 97
6  822 181 97
0

0101000
+259 97 -254 97 *
Wi

0101100
-302 94 +253 0 +252 94 +257 0 -318 0 -283 0 *
Fa
0  1e-07 249 94
2  175
0101000
+251 0 *
Ve
1e-07
248.5 1161.5 77.5
0 0

0101101
*
Ed
 1e-07 1 1 0
1  405 0 0 49.5
6  823 176 0
6  824 181 0
0

0101000
+254 0 -249 0 *
Ed
 1e-07 1 1 0
1  406 0 0 18.5
2  534 265 0 0 18.5
2  535 254 0 0 18.5
6  825 176 96
6  826 177 0
0

0101000
-249 96 +301 96 *
Wi

0101100
-248 0 +253 0 +300 0 +247 95 *
Fa
0  0 264 0
2  176
0101000
+246 0 *
Ve
1e-07
451.5 1161.5 77.5
0 0

0101101
*
Ed
 1e-07 1 1 0
1  407 0 0 18.5
2  536 266 0 0 18.5
2  537 254 0 0 18.5
6  827 177 0
6  828 178 96
0

0101000
-244 96 +299 96 *
Ed
 1e-07 1 1 0
1  408 0 0 203
2  538 267 0 0 203
2  539 254 0 0 203
2  540 260 106 0 203
6  829 177 0
6  830 181 96
0

0101000
-244 96 +249 96 *
Wi

0101100
-298 0 -243 0 +242 0 +247 0 *
Fa
0  1e-07 254 0
2  177
0101000
+241 0 *
Ve
1.5e-07
451.5 1112 77.5
0 0

0101101
*
Ed
 1.5e-07 1 1 0
1  409 0 -18.5 0
2  541 249 94 -18.5 0
2  542 269 107 -18.5 0
6  831 178 0
6  832 179 0
0

0101000
+239 0 -297 0 *
Ed
 1e-07 1 1 0
1  410 0 0 49.5
6  833 178 0
6  834 181 0
0

0101000
+244 0 -239 0 *
Wi

0101100
+238 0 -296 0 +243 95 +237 0 *
Fa
0  0 268 0
2  178
0101000
+236 0 *
Ve
1.5e-07
697 1112 77.5
0 0

0101101
*
Ed
 1.5e-07 1 1 0
1  411 0 0 18.5
2  543 255 98 0 18.5
2  544 249 94 0 18.5
6  835 179 0
6  836 180 0
0

0101000
+295 0 -234 0 *
Ed
 1e-07 1 1 0
1  404 0 451.5 697
2  531 263 0 451.5 697
2  532 249 0 451.5 697
2  533 260 105 451.5 697
6  837 179 97
6  838 181 97
0

0101000
+239 97 -234 97 *
Wi

0101100
-294 94 -233 0 +232 94 -238 0 *
Fa
0  1e-07 249 94
2  179
0101000
+231 0 *
Ed
 1e-07 1 1 0
1  412 0 1.5 747
2  545 270 0 1.5 747
2  546 255 0 1.5 747
2  547 260 108 1.5 747
6  839 180 99
6  840 181 99
0

0101000
+234 99 -266 99 *
Wi

0101100
-229 98 +265 0 +292 98 -233 0 *
Fa
0  1e-07 255 98
2  180
0101000
+228 0 *
Wi

0101100
-263 92 -258 93 +252 94 +248 0 +242 95 +237 0 +232 94 +229 98 *
Fa
0  1e-07 260 87
2  181
0101000
+226 0 *
Sh

0101100
-359 0 -348 0 +335 0 +326 0 -315 0 -287 0 +284 0 -281 0 +278 0 -275 0 
-272 0 -270 0 -267 0 -260 0 +255 0 +250 0 -245 0 +240 95 +235 0 +230 0 
-227 0 -225 0 *
So

0100000
+224 0 *
Co

0100000
+223 0 *
Ve
1.00000003552714e-07
11.5315389351832 1285 69.8869086912965
0 0

0101101
*
Ve
1e-07
11.9809734904587 1285 71.5642212862617
0 0

0101101
*
Ed
 1e-07 1 1 0
1  413 0 0 5.93411945678072
2  548 271 0 0 5.93411945678072
2  549 272 0 0 5.93411945678072
6  841 182 0
6  842 183 0
0

0101000
+221 0 -220 0 *
Ve
1e-07
11.9809734904587 1300 71.5642212862617
0 0

0101101
*
Ed
 1e-07 1 1 0
1  414 0 0 15
2  550 273 0 0 15
2  551 274 0 0 15
2  552 275 0 0 15
2  553 271 0 0 15
6  843 182 0
6  844 184 0
0

0101000
+220 0 -218 0 *
Ve
1.00000003552714e-07
11.5315389351832 1300 69.8869086912965
0 0

0101101
*
Ed
 1e-07 1 1 0
1  415 0 0 5.93411945678072
2  554 271 0 0 5.93411945678072
2  555 276 0 0 5.93411945678072
2  556 277 0 0 5.93411945678072
6  845 182 0
6  846 185 0
0

0101000
+218 0 -216 0 *
Ed
 1.00000003552714e-07 1 1 0
1  416 0 0 15
2  557 278 0 0 15
2  558 274 0 0 15
2  559 275 0 0 15
2  560 271 0 0 15
6  847 182 0
6  848 186 0
0

0101000
+221 0 -216 0 *
Wi

0101100
+219 0 +217 0 +215 0 -214 0 *
Fa
0  0 271 0
2  182
0101000
+213 0 *
Ve
1.00000003552714e-07
18.7820012314764 1285 66.5059625973709
0 0

0101101
*
Ed
 1e-07 1 1 0
1  417 0 0 8
2  561 278 0 0 8
2  562 279 0 0 8
2  563 272 0 0 8
6  849 183 0
6  850 186 0
0

0101000
+211 0 -221 0 *
Ve
1.00000003552714e-07
19.9505310751927 1285 70.8669753442804
0 0

0101101
*
Ed
 1.00000003552714e-07 1 1 0
1  418 0 0 4.51485261934019
2  564 279 0 0 4.51485261934019
2  565 280 0 0 4.51485261934019
2  566 272 0 0 4.51485261934019
2  567 281 0 0 4.51485261934019
6  851 183 0
6  852 187 0
0

0101000
+209 0 -211 0 *
Ed
 1e-07 1 1 0
1  419 0 0 8
2  568 273 0 0 8
2  569 279 0 0 8
2  570 272 0 0 8
6  853 183 0
6  854 184 0
0

0101000
+220 0 -209 0 *
Wi

0101100
-219 0 -210 0 -208 0 -207 0 *
Ve
1.00000001776357e-07
10 1285 72
0 0

0101101
*
Ed
 1.00000001776357e-07 1 1 0
1  420 0 0 6.28318530717959
2  571 282 0 0 6.28318530717959
2  572 283 0 0 6.28318530717959
2  573 272 0 0 6.28318530717959
2  574 284 0 0 6.28318530717959
6  855 183 0
6  856 188 0
0

0101100
+205 0 -205 0 *
Wi

0101100
-204 0 *
Fa
0  0 272 0
2  183
0101000
+206 0 +203 0 *
Ve
1.00000003552714e-07
19.9505310751927 1300 70.8669753442804
0 0

0101101
*
Ed
 1e-07 1 1 0
1  421 0 0 15
2  575 273 0 0 15
2  576 280 0 0 15
2  577 281 0 0 15
6  857 184 0
6  858 189 0
0

0101000
+209 0 -201 0 *
Ed
 1e-07 1 1 0
1  422 0 0 8
2  578 273 0 0 8
2  579 285 0 0 8
2  580 276 0 0 8
2  581 277 0 0 8
6  859 184 0
6  860 185 0
0

0101000
+218 0 -201 0 *
Wi

0101100
+217 0 -200 0 -207 0 +199 0 *
Fa
0  1e-07 273 0
2  184
0101000
+198 0 *
Ve
1.00000003552714e-07
18.7820012314764 1300 66.5059625973709
0 0

0101101
*
Ed
 1e-07 1 1 0
1  423 0 0 8
2  582 278 0 0 8
2  583 285 0 0 8
2  584 276 0 0 8
2  585 277 0 0 8
6  861 185 0
6  862 186 0
0

0101000
+196 0 -216 0 *
Ve
1e-07
18.7820012314764 1300 59
0 0

0101101
*
Ed
 1e-07 1 1 0
1  424 0 0 7.50596259737091
2  586 286 0 0 7.50596259737091
2  587 287 0 0 7.50596259737091
2  588 277 0 0 7.50596259737091
6  863 185 0
6  864 190 0
0

0101000
+194 0 -196 0 *
Ve
1e-07
31.5 1300 59
0 0

0101101
*
Ed
 1e-07 1 1 0
1  425 0 0 12.7179987685236
2  589 287 0 0 12.7179987685236
2  590 277 0 0 12.7179987685236
6  865 185 0
6  866 191 0
0

0101000
+192 0 -194 0 *
Ve
1e-07
31.5 1300 62
0 0

0101101
*
Ed
 1e-07 1 1 0
1  426 0 0 3
2  591 287 0 0 3
2  592 277 0 0 3
6  867 185 0
6  868 192 0
0

0101000
+190 0 -192 0 *
Ve
1e-07
26 1300 62
0 0

0101101
*
Ed
 1e-07 1 1 0
1  427 0 0 5.5
2  593 287 0 0 5.5
2  594 277 0 0 5.5
6  869 185 0
6  870 193 0
0

0101000
+188 0 -190 0 *
Ve
1e-07
26 1300 70.8669753442804
0 0

0101101
*
Ed
 1e-07 1 1 0
1  428 0 0 8.86697534428045
2  595 287 0 0 8.86697534428045
2  596 277 0 0 8.86697534428045
6  871 185 0
6  872 194 0
0

0101000
+186 0 -188 0 *
Ed
 1e-07 1 1 0
1  429 0 0 6.04946892480731
2  597 287 0 0 6.04946892480731
2  598 288 0 0 6.04946892480731
2  599 277 0 0 6.04946892480731
6  873 185 0
6  874 189 0
0

0101000
+201 0 -186 0 *
Wi

0101100
+215 0 -195 0 -193 0 -191 0 -189 0 -187 0 -185 0 -184 0 -199 0 *
Ve
1.00000001776357e-07
10 1300 72
0 0

0101101
*
Ed
 1.00000001776357e-07 1 1 0
1  430 0 0 6.28318530717959
2  600 289 0 0 6.28318530717959
2  601 283 0 0 6.28318530717959
2  602 276 0 0 6.28318530717959
2  603 277 0 0 6.28318530717959
2  604 284 0 0 6.28318530717959
6  875 185 0
6  876 188 0
0

0101100
+182 0 -182 0 *
Wi

0101100
-181 0 *
Fa
0  0 277 0
2  185
0101000
+183 0 +180 0 *
Ed
 1e-07 1 1 0
1  431 0 0 15
2  605 278 0 0 15
2  606 280 0 0 15
2  607 281 0 0 15
6  877 186 0
6  878 190 0
0

0101000
+211 0 -196 0 *
Wi

0101100
+178 0 -214 0 -210 0 +195 0 *
Fa
0  1e-07 278 0
2  186
0101000
+177 0 *
Ve
1.00000003552714e-07
19.9505310751927 1255 70.8669753442804
0 0

0101101
*
Ve
1.00000003552714e-07
18.7820012314764 1255 66.5059625973709
0 0

0101101
*
Ed
 1.00000003552714e-07 1 1 0
1  432 0 0 4.51485261934019
2  608 290 0 0 4.51485261934019
2  609 291 0 0 4.51485261934019
2  610 292 0 0 4.51485261934019
2  611 281 0 0 4.51485261934019
6  879 187 0
6  880 195 0
0

0101000
+175 0 -174 0 *
Ed
 1e-07 1 1 0
1  433 0 15 45
2  612 281 0 15 45
2  613 288 0 15 45
6  881 187 0
6  882 189 0
0

0101000
+175 0 -209 0 *
Ed
 1e-07 1 1 0
1  434 0 15 45
2  614 281 0 15 45
2  615 286 0 15 45
6  883 187 0
6  884 190 0
0

0101000
+174 0 -211 0 *
Wi

0101100
+173 0 -172 0 -208 0 +171 0 *
Fa
0  1e-07 281 0
2  187
0101000
+170 0 *
Ed
 1e-07 1 1 0
1  435 0 1 16
3  616 617CN 283 0 1 16
3  618 619C0 284 0 1 16
7  885 886 188 0
0

0101000
+205 0 -182 0 *
Wi

0101100
-204 0 -168 0 +181 0 +168 0 *
Fa
0  1e-07 283 0
2  188
0101000
+167 0 *
Ve
1.00000003552714e-07
19.9505310751927 1240 70.8669753442804
0 0

0101101
*
Ed
 1e-07 1 1 0
1  436 0 0 15
2  620 293 0 0 15
2  621 291 0 0 15
2  622 281 0 0 15
6  887 189 0
6  888 196 0
0

0101000
+165 0 -175 0 *
Ve
1e-07
26 1240 70.8669753442804
0 0

0101101
*
Ed
 1e-07 1 1 0
1  437 0 0 60
2  623 288 0 0 60
6  889 189 0
6  890 194 0
0

0101000
+163 0 -186 0 *
Ed
 1e-07 1 1 0
1  438 0 0 6.04946892480731
2  624 288 0 0 6.04946892480731
2  625 294 0 0 6.04946892480731
2  626 295 0 0 6.04946892480731
6  891 189 0
6  892 197 0
0

0101000
+165 0 -163 0 *
Wi

0101100
+164 0 +172 0 +200 0 -162 0 -161 0 +184 0 *
Fa
0  1e-07 288 0
2  189
0101000
+160 0 *
Ve
1e-07
18.7820012314764 1240 59
0 0

0101101
*
Ed
 1e-07 1 1 0
1  439 0 0 60
2  627 286 0 0 60
6  893 190 0
6  894 191 0
0

0101000
+158 0 -194 0 *
Ve
1.00000003552714e-07
18.7820012314764 1240 66.5059625973709
0 0

0101101
*
Ed
 1e-07 1 1 0
1  440 0 0 15
2  628 296 0 0 15
2  629 291 0 0 15
2  630 281 0 0 15
6  895 190 0
6  896 198 0
0

0101000
+156 0 -174 0 *
Ed
 1e-07 1 1 0
1  441 0 0 7.50596259737091
2  631 286 0 0 7.50596259737091
2  632 294 0 0 7.50596259737091
2  633 295 0 0 7.50596259737091
6  897 190 0
6  898 197 0
0

0101000
+158 0 -156 0 *
Wi

0101100
+157 0 -155 0 -171 0 -178 0 -154 0 +193 0 *
Fa
0  1e-07 286 0
2  190
0101000
+153 0 *
Ve
1e-07
11.9809734904587 1255 71.5642212862617
0 0

0101101
*
Ve
1.00000003552714e-07
11.5315389351832 1255 69.8869086912965
0 0

0101101
*
Ed
 1e-07 1 1 0
1  442 0 0 5.93411945678072
2  634 297 0 0 5.93411945678072
2  635 292 0 0 5.93411945678072
6  899 195 0
6  900 199 0
0

0101000
+151 0 -150 0 *
Ed
 1e-07 1 1 0
1  443 0 0 8
2  636 296 0 0 8
2  637 290 0 0 8
2  638 292 0 0 8
6  901 195 0
6  902 198 0
0

0101000
+174 0 -150 0 *
Ed
 1e-07 1 1 0
1  444 0 0 8
2  639 293 0 0 8
2  640 290 0 0 8
2  641 292 0 0 8
6  903 195 0
6  904 196 0
0

0101000
+151 0 -175 0 *
Wi

0101100
+149 0 -148 0 -173 0 -147 0 *
Ve
1.00000001776357e-07
10 1255 72
0 0

0101101
*
Ed
 1.00000001776357e-07 1 1 0
1  445 0 0 6.28318530717959
2  642 298 0 0 6.28318530717959
2  643 299 0 0 6.28318530717959
2  644 292 0 0 6.28318530717959
2  645 284 0 0 6.28318530717959
6  905 195 0
6  906 200 0
0

0101100
+145 0 -145 0 *
Wi

0101100
-144 0 *
Fa
0  0 292 0
2  195
0101000
+146 0 +143 0 *
Ve
1e-07
11.9809734904587 1240 71.5642212862617
0 0

0101101
*
Ed
 1e-07 1 1 0
1  446 0 0 15
2  646 293 0 0 15
2  647 300 0 0 15
2  648 301 0 0 15
2  649 297 0 0 15
6  907 196 0
6  908 199 0
0

0101000
+141 0 -151 0 *
Ed
 1e-07 1 1 0
1  447 0 0 8
2  650 293 0 0 8
2  651 302 0 0 8
2  652 303 0 0 8
2  653 295 0 0 8
6  909 196 0
6  910 197 0
0

0101000
+141 0 -165 0 *
Wi

0101100
+140 0 -164 0 -139 0 +147 0 *
Fa
0  1e-07 293 0
2  196
0101000
+138 0 *
Ve
1e-07
26 1240 62
0 0

0101101
*
Ed
 1e-07 1 1 0
1  448 0 0 60
6  911 194 0
6  912 193 0
0

0101000
+136 0 -188 0 *
Ed
 1e-07 1 1 0
1  449 0 0 8.86697534428045
2  654 294 0 0 8.86697534428045
2  655 295 0 0 8.86697534428045
6  913 194 0
6  914 197 0
0

0101000
+163 0 -136 0 *
Wi

0101100
+162 0 -135 0 -134 0 +185 0 *
Fa
0  1e-07 304 0
2  194
0101000
+133 0 *
Ve
1e-07
31.5 1240 62
0 0

0101101
*
Ed
 1e-07 1 1 0
1  450 0 0 5.5
2  656 294 0 0 5.5
2  657 295 0 0 5.5
6  915 197 0
6  916 193 0
0

0101000
+136 0 -131 0 *
Ve
1e-07
31.5 1240 59
0 0

0101101
*
Ed
 1e-07 1 1 0
1  451 0 0 3
2  658 294 0 0 3
2  659 295 0 0 3
6  917 197 0
6  918 192 0
0

0101000
+131 0 -129 0 *
Ed
 1e-07 1 1 0
1  452 0 0 12.7179987685236
2  660 294 0 0 12.7179987685236
2  661 295 0 0 12.7179987685236
6  919 197 0
6  920 191 0
0

0101000
+129 0 -158 0 *
Ve
1.00000003552714e-07
11.5315389351832 1240 69.8869086912965
0 0

0101101
*
Ed
 1e-07 1 1 0
1  453 0 0 8
2  662 296 0 0 8
2  663 302 0 0 8
2  664 303 0 0 8
2  665 295 0 0 8
6  921 197 0
6  922 198 0
0

0101000
+156 0 -126 0 *
Ed
 1e-07 1 1 0
1  454 0 0 5.93411945678072
2  666 297 0 0 5.93411945678072
2  667 303 0 0 5.93411945678072
2  668 295 0 0 5.93411945678072
6  923 197 0
6  924 199 0
0

0101000
+126 0 -141 0 *
Wi

0101100
+161 0 +134 0 +130 0 +128 0 +127 0 +154 0 +125 0 +124 0 +139 0 *
Ve
1.00000001776357e-07
10 1240 72
0 0

0101101
*
Ed
 1.00000001776357e-07 1 1 0
1  455 0 0 6.28318530717959
2  669 305 0 0 6.28318530717959
2  670 299 0 0 6.28318530717959
2  671 303 0 0 6.28318530717959
2  672 295 0 0 6.28318530717959
2  673 284 0 0 6.28318530717959
6  925 197 0
6  926 200 0
0

0101100
+122 0 -122 0 *
Wi

0101100
+121 0 *
Fa
0  0 295 0
2  197
0101000
+123 0 +120 0 *
Ed
 1e-07 1 1 0
1  456 0 0 60
6  927 193 0
6  928 192 0
0

0101000
+131 0 -190 0 *
Wi

0101100
+135 0 -118 0 -130 0 +187 0 *
Fa
0  1e-07 306 0
2  193
0101000
+117 0 *
Ed
 1e-07 1 1 0
1  457 0 0 60
6  929 192 0
6  930 191 0
0

0101000
+129 0 -192 0 *
Wi

0101100
+118 0 -115 0 -128 0 +189 0 *
Fa
0  1e-07 307 0
2  192
0101000
+114 0 *
Wi

0101100
+115 0 -157 0 -127 0 +191 0 *
Fa
0  1e-07 308 0
2  191
0101000
+112 0 *
Ed
 1.00000003552714e-07 1 1 0
1  458 0 0 15
2  674 296 0 0 15
2  675 300 0 0 15
2  676 301 0 0 15
2  677 297 0 0 15
6  931 198 0
6  932 199 0
0

0101000
+126 0 -150 0 *
Wi

0101100
+155 0 -110 0 -125 0 +148 0 *
Fa
0  1e-07 296 0
2  198
0101000
+109 0 *
Wi

0101100
+124 0 +140 0 +149 0 -110 0 *
Fa
0  0 297 0
2  199
0101000
+107 0 *
Ed
 1e-07 1 1 0
1  459 0 1 16
3  678 679CN 299 0 1 16
3  680 681C0 284 0 1 16
7  933 934 200 0
0

0101000
+122 0 -145 0 *
Wi

0101100
-121 0 -105 0 +144 0 +105 0 *
Fa
0  1e-07 299 0
2  200
0101000
+104 0 *
Sh

0101100
+212 0 +202 0 -197 0 -179 0 -176 0 -169 0 -166 0 -159 0 -152 0 -142 0 
-137 0 -132 0 -119 0 -116 0 -113 0 -111 0 -108 0 +106 0 -103 0 *
So

0100000
+102 0 *
Co

0100000
+101 0 *
Ve
1.00000014210855e-07
11.3301270189222 1255 74.5
0 0

0101101
*
Ve
1.00000095923269e-07
7.0000000000001 1255 77
0 0

0101101
*
Ed
 1e-07 1 1 0
1  460 0 0 5.23598775598301
2  682 309 0 0 5.23598775598301
2  683 310 0 0 5.23598775598301
6  935 201 0
6  936 202 0
0

0101000
+99 0 -98 0 *
Ve
1.00000095923269e-07
7.0000000000001 1285 77
0 0

0101101
*
Ed
 1e-07 1 1 0
1  461 0 -30 0
2  684 311 0 -30 0
2  685 312 109 -30 0
2  686 309 0 -30 0
6  937 201 0
6  938 203 0
0

0101000
+96 0 -98 0 *
Ve
1.00000014210855e-07
11.3301270189222 1285 74.5
0 0

0101101
*
Ed
 1e-07 1 1 0
1  462 0 0 5.23598775598301
2  687 309 0 0 5.23598775598301
2  688 313 0 0 5.23598775598301
6  939 201 0
6  940 204 0
0

0101000
+96 0 -94 0 *
Ed
 1e-07 1 1 0
1  463 0 -30 0
2  689 311 0 -30 0
2  690 314 109 -30 0
2  691 309 0 -30 0
6  941 201 0
6  942 205 0
0

0101000
+94 0 -99 0 *
Wi

0101100
+97 0 -95 0 +93 0 +92 0 *
Fa
0  0 309 0
2  201
0101000
+91 0 *
Ve
1e-07
34 1285 74.5
0 0

0101101
*
Ed
 1e-07 1 1 0
1  464 0 4.33012701892218 27
2  692 314 0 4.33012701892218 27
2  693 315 0 4.33012701892218 27
2  694 313 110 4.33012701892218 27
6  943 205 110
6  944 204 110
0

0101000
+94 110 -89 110 *
Ve
1e-07
34 1255 74.5
0 0

0101101
*
Ed
 1e-07 1 1 0
1  465 0 0 30
2  695 314 0 0 30
6  945 205 110
6  946 206 0
0

0101000
-89 110 +87 110 *
Ed
 1e-07 1 1 0
1  466 0 4.33012701892218 27
2  696 316 0 4.33012701892218 27
2  697 314 0 4.33012701892218 27
2  698 310 110 4.33012701892218 27
6  947 205 110
6  948 202 110
0

0101000
+99 110 -87 110 *
Wi

0101100
-88 109 +86 109 +85 109 +92 0 *
Fa
0  1e-07 314 109
2  205
0101000
+84 0 *
Ve
1e-07
34 1255 77.5
0 0

0101101
*
Ed
 1e-07 1 1 0
1  467 0 0 3
2  699 316 0 0 3
2  700 310 110 0 3
6  949 206 0
6  950 202 110
0

0101000
-82 110 +87 110 *
Ve
1e-07
34 1285 77.5
0 0

0101101
*
Ed
 1e-07 1 1 0
1  468 0 0 30
6  951 206 0
6  952 207 0
0

0101000
-80 110 +82 110 *
Ed
 1e-07 1 1 0
1  469 0 0 3
2  701 315 0 0 3
2  702 313 110 0 3
6  953 206 0
6  954 204 110
0

0101000
-80 110 +89 110 *
Wi

0101100
-81 0 -79 0 +78 0 +86 0 *
Fa
0  1e-07 317 0
2  206
0101000
+77 0 *
Ve
1e-07
7 1285 77.5
0 0

0101101
*
Ve
1e-07
7 1255 77.5
0 0

0101101
*
Ed
 1e-07 1 1 0
1  470 0 0 30
2  703 312 0 0 30
6  955 207 0
6  956 203 110
0

0101000
-75 110 +74 110 *
Ed
 1e-07 1 1 0
1  471 0 0 27
2  704 315 0 0 27
2  705 313 110 0 27
6  957 207 0
6  958 204 110
0

0101000
-80 110 +75 110 *
Ed
 1e-07 1 1 0
1  472 0 0 27
2  706 316 0 0 27
2  707 310 110 0 27
6  959 207 0
6  960 202 110
0

0101000
-82 110 +74 110 *
Wi

0101100
-73 0 -72 0 +79 0 +71 0 *
Fa
0  1e-07 318 0
2  207
0101000
+70 0 *
Ed
 1e-07 1 1 0
1  473 0 2.5 3
2  708 312 0 2.5 3
2  709 315 0 2.5 3
2  710 313 110 2.5 3
6  961 204 110
6  962 203 110
0

0101000
+96 110 -75 110 *
Wi

0101100
+93 0 +88 109 +78 109 -72 109 -68 109 *
Ve
1.00000055152948e-07
8.65831239517775 1285 74.5
0 0

0101101
*
Ed
 1e-07 1 1 0
1  474 0 0 6.28318530717959
2  711 319 0 0 6.28318530717959
6  963 204 0
6  964 208 0
0

0101000
+66 0 -66 0 *
Wi

0101100
-65 0 *
Fa
0  1e-07 313 0
2  204
0101000
+67 0 +64 0 *
Ve
1.00000055152948e-07
8.65831239517775 1255 74.5
0 0

0101101
*
Ed
 1e-07 1 1 0
1  475 0 -31 -1
2  712 320 0 -31 -1
2  713 314 109 -31 -1
2  714 321 0 -31 -1
2  715 322 0 -31 -1
3  716 717C0 319 0 -31 -1
7  965 966 208 0
0

0101000
+66 0 -62 0 *
Ed
 1e-07 1 1 0
1  476 0 0 6.28318530717959
2  718 319 0 0 6.28318530717959
6  967 208 0
6  968 202 0
0

0101000
+62 0 -62 0 *
Wi

0101100
-61 0 +65 0 +61 0 +60 0 *
Fa
0  0 319 0
2  208
0101000
+59 0 *
Ed
 1e-07 1 1 0
1  477 0 2.5 3
2  719 312 0 2.5 3
2  720 316 0 2.5 3
2  721 310 110 2.5 3
6  969 203 110
6  970 202 110
0

0101000
+98 110 -74 110 *
Wi

0101100
-57 109 -73 109 +68 109 -95 0 *
Fa
0  1e-07 312 109
2  203
0101000
+56 0 *
Wi

0101100
-97 0 +85 109 +81 109 -71 109 -57 109 *
Wi

0101100
+60 0 *
Fa
0  1e-07 310 0
2  202
0101000
+54 0 +53 0 *
Sh

0101100
+90 0 -83 0 +76 109 +69 109 -63 0 -58 0 -55 0 +52 0 *
So

0100000
+51 0 *
Co

0100000
+50 0 *
Ve
1e-07
10 1240 72
0 0

0101101
*
Ve
1e-07
10 1300 72
0 0

0101101
*
Ed
 1e-07 1 1 0
1  478 0 0 60
3  722 723CN 323 0 0 60
7  971 972 209 0
0

0101000
+48 0 -47 0 *
Ed
 1e-07 1 1 0
1  479 0 0 6.28318530717959
2  724 323 0 0 6.28318530717959
6  973 209 0
6  974 210 0
0

0101000
+48 0 -48 0 *
Ed
 1e-07 1 1 0
1  480 0 0 6.28318530717959
2  725 323 0 0 6.28318530717959
6  975 209 0
6  976 211 0
0

0101000
+47 0 -47 0 *
Wi

0101100
+46 0 -46 0 -45 0 +44 0 *
Fa
0  1e-07 323 0
2  209
0101000
+43 0 *
Wi

0101100
+45 0 *
Fa
0  1e-07 324 0
2  210
0101000
+41 0 *
Wi

0101100
+44 0 *
Fa
0  1e-07 325 0
2  211
0101000
+39 0 *
Sh

0101100
+42 0 +40 0 -38 0 *
So

0100000
+37 0 *
Ve
1e-07
640 908.6 77.5
0 0

0101101
*
Ve
1e-07
640 908.6 55.5
0 0

0101101
*
Ed
 1e-07 1 1 0
1  481 0 0 22
6  977 212 0
6  978 213 0
0

0101000
-35 112 +34 112 *
Ve
1e-07
640 999.6 77.5
0 0

0101101
*
Ed
 1e-07 1 1 0
1  482 0 0 91
6  979 212 0
6  980 214 0
0

0101000
-32 112 +35 112 *
Ve
1e-07
640 999.6 55.5
0 0

0101101
*
Ed
 1e-07 1 1 0
1  483 0 0 22
6  981 212 0
6  982 215 0
0

0101000
-32 112 +30 112 *
Ed
 1e-07 1 1 0
1  484 0 0 91
6  983 212 0
6  984 216 0
0

0101000
-30 112 +34 112 *
Wi

0101100
-33 0 -31 0 +29 0 +28 0 *
Fa
0  1e-07 326 0
2  212
0101000
+27 0 *
Ve
1e-07
665 908.6 77.5
0 0

0101101
*
Ve
1e-07
665 908.6 55.5
0 0

0101101
*
Ed
 1e-07 1 1 0
1  485 0 0 22
6  985 217 0
6  986 213 0
0

0101000
-25 112 +24 112 *
Ve
1e-07
665 999.6 77.5
0 0

0101101
*
Ed
 1e-07 1 1 0
1  486 0 0 91
6  987 217 0
6  988 214 0
0

0101000
-22 112 +25 112 *
Ve
1e-07
665 999.6 55.5
0 0

0101101
*
Ed
 1e-07 1 1 0
1  487 0 0 22
6  989 217 0
6  990 215 0
0

0101000
-22 112 +20 112 *
Ed
 1e-07 1 1 0
1  488 0 0 91
6  991 217 0
6  992 216 0
0

0101000
-20 112 +24 112 *
Wi

0101100
-23 0 -21 0 +19 0 +18 0 *
Fa
0  1e-07 327 0
2  217
0101000
+17 0 *
Ed
 1e-07 1 1 0
1  489 0 0 25
6  993 213 0
6  994 216 0
0

0101000
-24 112 +34 112 *
Ed
 1e-07 1 1 0
1  490 0 0 25
6  995 213 0
6  996 214 0
0

0101000
-25 112 +35 112 *
Wi

0101100
-15 0 -23 0 +14 0 +33 0 *
Fa
0  1e-07 328 0
2  213
0101000
+13 0 *
Ed
 1e-07 1 1 0
1  491 0 0 25
6  997 215 0
6  998 216 0
0

0101000
-20 112 +30 112 *
Ed
 1e-07 1 1 0
1  492 0 0 25
6  999 215 0
6  1000 214 0
0

0101000
-22 112 +32 112 *
Wi

0101100
-11 0 -19 0 +10 0 +29 0 *
Fa
0  1e-07 329 0
2  215
0101000
+9 0 *
Wi

0101100
-28 0 -11 0 +18 0 +15 0 *
Fa
0  1e-07 330 0
2  216
0101000
+7 0 *
Wi

0101100
-31 0 -10 0 +21 0 +14 0 *
Fa
0  1e-07 331 0
2  214
0101000
+5 0 *
Sh

0101100
-26 0 +16 0 -12 0 +8 0 -6 0 +4 0 *
So

0100000
+3 0 *
Co

1100000
+1311 1 +1220 0 +1154 0 +1088 0 +1023 0 +958 0 +893 0 +828 0 +763 0 +729 51 
+695 53 +661 55 +627 57 +593 59 +559 61 +437 0 +403 83 +369 85 +222 0 +100 0 
+49 0 +36 0 +2 111 *

+1 0 