parça (model adı);kalem;adet;tanım / ürün;not / ölçü;birim;tür
tasiyici_kiris_on;Taşıyıcı kiriş 40 × 40 × 2;2;AISI 304 kare profil · ısı kalkanının içinde, dış tavan sacının hemen altında;1494 boy · fırın 2500–4000'in altı · sağ uçta 208 konsol;B_TASIYICI;ÜRETİM
tasiyici_kiris_arka;tasiyici kiris arka;0;304 · lazer / lama;alt gövde → Taşıyıcı kiriş 40 × 40 × 2;B_TASIYICI;ALT
tasiyici_capraz_0;Taşıyıcı çapraz 30 × 40 × 2;3;AISI 304 dikdörtgen profil · kirişlere kaynaklı;470 boy · B4 / B5 / B6 bölme hizasında;B_TASIYICI;ÜRETİM
tasiyici_capraz_1;tasiyici capraz;0;304 · lazer / lama;alt gövde → Taşıyıcı çapraz 30 × 40 × 2;B_TASIYICI;ALT
tasiyici_capraz_2;tasiyici capraz;0;304 · lazer / lama;alt gövde → Taşıyıcı çapraz 30 × 40 × 2;B_TASIYICI;ALT
tasiyici_dikme_0;Taşıyıcı dikme 30 × 30 × 2;6;AISI 304 kare profil · bölmenin PU'su içinde · alt ucunda M12 kaynak somunu → ayak;622 boy · dış taban sacına oturur;B_TASIYICI;ÜRETİM
tasiyici_dikme_1;tasiyici dikme;0;304 · lazer / lama;alt gövde → Taşıyıcı dikme 30 × 30 × 2;B_TASIYICI;ALT
tasiyici_dikme_2;tasiyici dikme;0;304 · lazer / lama;alt gövde → Taşıyıcı dikme 30 × 30 × 2;B_TASIYICI;ALT
tasiyici_dikme_3;tasiyici dikme;0;304 · lazer / lama;alt gövde → Taşıyıcı dikme 30 × 30 × 2;B_TASIYICI;ALT
tasiyici_dikme_4;tasiyici dikme;0;304 · lazer / lama;alt gövde → Taşıyıcı dikme 30 × 30 × 2;B_TASIYICI;ALT
tasiyici_dikme_5;tasiyici dikme;0;304 · lazer / lama;alt gövde → Taşıyıcı dikme 30 × 30 × 2;B_TASIYICI;ALT
plint_on_1.5;Plint ön sacı;1;304 1,5 · 60 geride;;B_KASA;ÜRETİM
ayak_0;Ayarlı ayak Elesa+Ganter LV.A-SST · M12;14;paslanmaz AISI 304 · taban Ø40 · yükseklik 123;elesa-ganter.com LV.A-SST · 123'e uygun diş boyu + taşıma yükü katalogdan seçilecek · fırın altında dikmelerin altında;B_KASA;SATIN ALMA
ayak_1;ayak;0;304 · lazer / lama;alt gövde → Elesa LV.A-SST;B_KASA;ALT
ayak_2;ayak;0;304 · lazer / lama;alt gövde → Elesa LV.A-SST;B_KASA;ALT
ayak_3;ayak;0;304 · lazer / lama;alt gövde → Elesa LV.A-SST;B_KASA;ALT
ayak_4;ayak;0;304 · lazer / lama;alt gövde → Elesa LV.A-SST;B_KASA;ALT
ayak_5;ayak;0;304 · lazer / lama;alt gövde → Elesa LV.A-SST;B_KASA;ALT
ayak_6;ayak;0;304 · lazer / lama;alt gövde → Elesa LV.A-SST;B_KASA;ALT
ayak_7;ayak;0;304 · lazer / lama;alt gövde → Elesa LV.A-SST;B_KASA;ALT
ayak_8;ayak;0;304 · lazer / lama;alt gövde → Elesa LV.A-SST;B_KASA;ALT
ayak_9;ayak;0;304 · lazer / lama;alt gövde → Elesa LV.A-SST;B_KASA;ALT
ayak_10;ayak;0;304 · lazer / lama;alt gövde → Elesa LV.A-SST;B_KASA;ALT
ayak_11;ayak;0;304 · lazer / lama;alt gövde → Elesa LV.A-SST;B_KASA;ALT
ayak_12;ayak;0;304 · lazer / lama;alt gövde → Elesa LV.A-SST;B_KASA;ALT
ayak_13;ayak;0;304 · lazer / lama;alt gövde → Elesa LV.A-SST;B_KASA;ALT
yan_dis_sac_sol;Yan dış sac 1,5;2;304 lazer + büküm · sol ön kenar kapak arkasında (z −40) · sağ (şerit) −18'e kadar;;B_KASA;ÜRETİM
yan_dis_sac_sag;yan dis sac;0;304 sac · lazer + büküm;alt gövde → Yan dış sac 1,5 (× 2);B_KASA;ALT
tavan_dis_sac;Tavan dış sacı;1;304 1,5 · A, C ve fırın bunun üstüne oturur (fırın altında taşıyıcı çerçeve);;B_KASA;ÜRETİM
taban_dis_sac;taban dis sac;1;304 sac · lazer + büküm;zarf 3997.0 × 1.5 × 790.0;B_KASA;ÜRETİM
arka_dis_sac;arka dis sac;1;304 sac · lazer + büküm;zarf 3997.0 × 662.0 × 1.5;B_KASA;ÜRETİM
yan_ic_sac_sol;yan ic sac;1;304 sac · lazer + büküm;zarf 1.0 × 563.5 × 748.5;B_KASA;ÜRETİM
yan_on_donus_sol;yan on donus;1;304 sac · lazer + büküm;zarf 28.5 × 662.0 × 1.5;B_KASA;ÜRETİM
tavan_ic_sac;tavan ic sac;1;304 sac · lazer + büküm;zarf 2487.0 × 1.0 × 748.5;B_KASA;ÜRETİM
tavan_ic_sac_F;tavan ic sac F;1;304 sac · lazer + büküm;zarf 1240.0 × 1.0 × 748.5;B_KASA;ÜRETİM
tavan_on_donus;tavan on donus;1;304 sac · lazer + büküm;zarf 3779.0 × 118.5 × 1.5;B_KASA;ÜRETİM
taban_ic_sac;taban ic sac;1;304 sac · lazer + büküm;zarf 1996.5 × 1.0 × 748.5;B_KASA;ÜRETİM
taban_k4_kademe_saci;Taban kademe sacı 1,0;1;304 · yalıtımlı tabanın K4 tarafındaki ucunu kapatır;K4 sıcak bölmesi 40 mm alçak;B_KASA;ÜRETİM
taban_ic_sac_F;taban ic sac F;1;304 sac · lazer + büküm;zarf 1240.0 × 1.0 × 748.5;B_KASA;ÜRETİM
taban_on_donus;taban on donus;1;304 sac · lazer + büküm;zarf 3779.0 × 40.0 × 1.5;B_KASA;ÜRETİM
arka_ic_sac;arka ic sac;1;304 sac · lazer + büküm;zarf 2505.0 × 563.5 × 1.0;B_KASA;ÜRETİM
arka_ic_sac_k4_alt;arka ic sac k4 alt;1;304 sac · lazer + büküm;zarf 507.5 × 40.0 × 1.0;B_KASA;ÜRETİM
arka_ic_sac_F;arka ic sac F;1;304 sac · lazer + büküm;zarf 1240.0 × 503.5 × 1.0;B_KASA;ÜRETİM
bolme_0_sac_a;bolme 0 sac;1;304 sac · lazer + büküm;zarf 1.0 × 563.5 × 734.0;B_KASA;ÜRETİM
bolme_0_sac_b;bolme 0 sac;1;304 sac · lazer + büküm;zarf 1.0 × 563.5 × 734.0;B_KASA;ÜRETİM
bolme_1_sac_a;bolme 1 sac;1;304 sac · lazer + büküm;zarf 1.0 × 563.5 × 734.0;B_KASA;ÜRETİM
bolme_1_sac_b;bolme 1 sac;1;304 sac · lazer + büküm;zarf 1.0 × 563.5 × 734.0;B_KASA;ÜRETİM
bolme_2_sac_a;bolme 2 sac;1;304 sac · lazer + büküm;zarf 1.0 × 563.5 × 734.0;B_KASA;ÜRETİM
bolme_2_sac_b;bolme 2 sac;1;304 sac · lazer + büküm;zarf 1.0 × 563.5 × 734.0;B_KASA;ÜRETİM
bolme_3_sac_a;bolme 3 sac;1;304 sac · lazer + büküm;zarf 1.0 × 603.5 × 734.0;B_KASA;ÜRETİM
bolme_3_sac_b;bolme 3 sac;1;304 sac · lazer + büküm;zarf 1.0 × 564.5 × 734.0;B_KASA;ÜRETİM
bolme_4_sac_a;bolme 4 sac;1;304 sac · lazer + büküm;zarf 1.0 × 503.5 × 734.0;B_KASA;ÜRETİM
bolme_4_sac_b;bolme 4 sac;1;304 sac · lazer + büküm;zarf 1.0 × 503.5 × 734.0;B_KASA;ÜRETİM
bolme_5_sac_a;bolme 5 sac;1;304 sac · lazer + büküm;zarf 1.0 × 564.5 × 735.0;B_KASA;ÜRETİM
bolme_5_sac_b;Ara duvar sacı 1,0 (soğuk ↔ şerit);1;304 · x 3809–3810 · taşıyıcı kiriş geçiş oyuklu;şerit tarafı · arkasında PU 33;B_KASA;ÜRETİM
yan_pu_sol;yan pu;0;PU köpük (gövdeyle birlikte enjeksiyon);alt gövde → PU köpük gövde;B_KASA;ALT
isi_kalkani_pu_60;Isı kalkanı PU 60 · fırın altı;1;PU 40 kg/m³ · gövdeyle aynı enjeksiyon · x 2517–3793 · y 728–788 (dış sacla 60);fırın altında toplam 120: kalkan 60 + tavan 60 → K5/K6 iç tavanı 668 · taşıyıcı kirişler bunun içinde;B_KASA;ÜRETİM
tavan_pu_57.5;PU köpük gövde;1;40 kg/m³ enjeksiyon · sac kabuk içine;yan 27,5 · tavan 57,5 (fırın altı 117,5) · arka 37,5 · taban 39 · bölme 33;B_KASA;ÜRETİM
bolme_5_pu_ust;bolme 5 pu ust;0;PU köpük (gövdeyle birlikte enjeksiyon);alt gövde → PU köpük gövde;B_KASA;ALT
tavan_pu_F;tavan pu F;0;PU köpük (gövdeyle birlikte enjeksiyon);alt gövde → PU köpük gövde;B_KASA;ALT
taban_pu;taban pu;0;PU köpük (gövdeyle birlikte enjeksiyon);alt gövde → PU köpük gövde;B_KASA;ALT
taban_pu_F;taban pu F;0;PU köpük (gövdeyle birlikte enjeksiyon);alt gövde → PU köpük gövde;B_KASA;ALT
arka_pu_37.5;arka pu 37.5;0;PU köpük (gövdeyle birlikte enjeksiyon);alt gövde → PU köpük gövde;B_KASA;ALT
arka_pu_F;arka pu F;0;PU köpük (gövdeyle birlikte enjeksiyon);alt gövde → PU köpük gövde;B_KASA;ALT
bolme_0_pu;bolme 0 pu;0;PU köpük (gövdeyle birlikte enjeksiyon);alt gövde → PU köpük gövde;B_KASA;ALT
bolme_1_pu;bolme 1 pu;0;PU köpük (gövdeyle birlikte enjeksiyon);alt gövde → PU köpük gövde;B_KASA;ALT
bolme_2_pu;bolme 2 pu;0;PU köpük (gövdeyle birlikte enjeksiyon);alt gövde → PU köpük gövde;B_KASA;ALT
bolme_3_pu;bolme 3 pu;0;PU köpük (gövdeyle birlikte enjeksiyon);alt gövde → PU köpük gövde;B_KASA;ALT
bolme_4_pu;bolme 4 pu;0;PU köpük (gövdeyle birlikte enjeksiyon);alt gövde → PU köpük gövde;B_KASA;ALT
bolme_5_pu;bolme 5 pu;0;PU köpük (gövdeyle birlikte enjeksiyon);alt gövde → PU köpük gövde;B_KASA;ALT
kablo_kanali_K1;Kablo kanalı 40 × 25;8;PVC perfore + kapak;dikey her kolonda (K1–K6) + üstte yatay 2;B_KABLO;SATIN ALMA
kablo_kanali_K2;kablo kanali K2;0;PVC;alt gövde → kablo kanalı;B_KABLO;ALT
kablo_kanali_K3;kablo kanali K3;0;PVC;alt gövde → kablo kanalı;B_KABLO;ALT
kablo_kanali_K5;kablo kanali K5;0;PVC;alt gövde → kablo kanalı;B_KABLO;ALT
kablo_kanali_K6;kablo kanali K6;0;PVC;alt gövde → kablo kanalı;B_KABLO;ALT
kablo_kanali_K4;kablo kanali K4;0;PVC;alt gövde → kablo kanalı;B_KABLO;ALT
kablo_kanali_ust;kablo kanali ust;0;PVC;alt gövde → kablo kanalı;B_KABLO;ALT
kablo_kanali_ust_F;kablo kanali ust F;0;PVC;alt gövde → kablo kanalı;B_KABLO;ALT
evaporator_K1;Evaporatör roll-bond levha;6;alüminyum 1,5 + kanal · ölçüye üretim;arka duvara yapışık · K1–K3 310 × 500 · K5–K6 310 × 440 · K4 140 × 195 · alan ve Secop kapasitesi VARSAYIM (yük hesabı AÇIK);B_SOGUTMA;ÜRETİM
fan_K1;Fan ebm-papst 4414 FNH;6;24 V · 119 × 119 × 25;evaporatör önünde, havayı kolon içine basar;B_SOGUTMA;SATIN ALMA
evaporator_K2;evaporator K2;0;alüminyum;alt gövde → roll-bond evaporatör;B_SOGUTMA;ALT
fan_K2;fan K2;0;;alt gövde → ebm-papst 4414 FNH;B_SOGUTMA;ALT
evaporator_K3;evaporator K3;0;alüminyum;alt gövde → roll-bond evaporatör;B_SOGUTMA;ALT
fan_K3;fan K3;0;;alt gövde → ebm-papst 4414 FNH;B_SOGUTMA;ALT
evaporator_K5;evaporator K5;0;alüminyum;alt gövde → roll-bond evaporatör;B_SOGUTMA;ALT
fan_K5;fan K5;0;;alt gövde → ebm-papst 4414 FNH;B_SOGUTMA;ALT
evaporator_K6;evaporator K6;0;alüminyum;alt gövde → roll-bond evaporatör;B_SOGUTMA;ALT
fan_K6;fan K6;0;;alt gövde → ebm-papst 4414 FNH;B_SOGUTMA;ALT
evaporator_K4;evaporator K4;0;alüminyum;alt gövde → roll-bond evaporatör;B_SOGUTMA;ALT
fan_K4;fan K4;0;;alt gövde → ebm-papst 4414 FNH;B_SOGUTMA;ALT
sogutma_grubu_taban;Yoğuşturucu ünite Secop CU KLF4.0CND R290;1;314H6008 · 335 W @ −10/25 °C · 1/6 HP · 15,2 kg;272 × 350 × 450 · secop.com datasheet · v6: 6 evaporatör (v5: 4) → soğutma yükü hesabı AÇIK [VARSAYIM];B_SOGUTMA;SATIN ALMA
sogutma_grubu_kondenser;sogutma grubu kondenser;0;;alt gövde → Secop CU KLF4.0CND;B_SOGUTMA;ALT
sogutma_grubu_fan;sogutma grubu fan;0;;alt gövde → Secop CU KLF4.0CND;B_SOGUTMA;ALT
sogutma_grubu_kompresor;sogutma grubu kompresor;0;;alt gövde → Secop CU KLF4.0CND;B_SOGUTMA;ALT
k4_ara_sac_alt;k4 ara sac alt;1;304 sac · lazer + büküm;zarf 472.5 × 1.0 × 734.0;B_SOGUTMA;ÜRETİM
k4_ara_pu;k4 ara pu;0;PU köpük (gövdeyle birlikte enjeksiyon);alt gövde → PU köpük gövde;B_SOGUTMA;ALT
k4_ara_sac_ust;k4 ara sac ust;1;304 sac · lazer + büküm;zarf 472.5 × 1.0 × 734.0;B_SOGUTMA;ÜRETİM
k4_ara_perde;Ara sac perde 1,0;1;304 · Secop ile pano arasında;yoğuşturucu havası panoya gelmez;B_SOGUTMA;ÜRETİM
pano_montaj_plakasi;Pano montaj plakası 2 mm;1;galvaniz;K4 · Secop'un arkasında;B_ELEKTRIK;ÜRETİM
din_ray_0;DIN ray TS35 × 7,5;2;;;B_ELEKTRIK;SATIN ALMA
din_ray_1;din ray;0;304 · lazer / lama;alt gövde → DIN ray;B_ELEKTRIK;ALT
plc_S7-1200_1214C;PLC Siemens S7-1200 CPU 1214C DC/DC/DC;1;6ES7214-1AG40-0XB0 · 14 DI · 10 DQ · PROFINET/Modbus TCP;110 × 100 × 75;B_ELEKTRIK;SATIN ALMA
plc_SM1221_DI16_a;PLC genişleme SM1221 DI16;3;6ES7221-1BH32-0XB0;45 × 100 × 75 · 48 reed + 24 röle;B_ELEKTRIK;SATIN ALMA
plc_SM1221_DI16_b;PLC genişleme SM1221 DI16;0;6ES7221-1BH32-0XB0;alt gövde → SM1221;B_ELEKTRIK;ALT
plc_SM1221_DI16_c;PLC genişleme SM1221 DI16;0;6ES7221-1BH32-0XB0;alt gövde → SM1221;B_ELEKTRIK;ALT
plc_SM1222_DQ16;PLC genişleme SM1222 DQ16;1;6ES7222-1BH32-0XB0;45 × 100 × 75 · 48 reed + 24 röle;B_ELEKTRIK;SATIN ALMA
guc_kaynagi_NDR-240-24;Güç kaynağı Mean Well NDR-240-24;1;24 V 10 A · DIN;63 × 125,2 × 113,5;B_ELEKTRIK;SATIN ALMA
surucu_EM-324C;DC motor sürücü Electromen EM-324C + DIN taban;1;10–35 V · 4 A · akım sınırı · NPN/PNP;72 genişlik taban [yükseklik/derinlik VARSAYIM];B_ELEKTRIK;SATIN ALMA
role_01;Seçici röle Phoenix Contact PLC-RSC-24DC/21;24;6,2 mm · 1 değiştirici · 24 V bobin;hangi çekmecenin motoru sürücüye bağlanacak [boyut VARSAYIM];B_ELEKTRIK;SATIN ALMA
role_02;role;0;;alt gövde → Phoenix PLC-RSC;B_ELEKTRIK;ALT
role_03;role;0;;alt gövde → Phoenix PLC-RSC;B_ELEKTRIK;ALT
role_04;role;0;;alt gövde → Phoenix PLC-RSC;B_ELEKTRIK;ALT
role_05;role;0;;alt gövde → Phoenix PLC-RSC;B_ELEKTRIK;ALT
role_06;role;0;;alt gövde → Phoenix PLC-RSC;B_ELEKTRIK;ALT
role_07;role;0;;alt gövde → Phoenix PLC-RSC;B_ELEKTRIK;ALT
role_08;role;0;;alt gövde → Phoenix PLC-RSC;B_ELEKTRIK;ALT
role_09;role;0;;alt gövde → Phoenix PLC-RSC;B_ELEKTRIK;ALT
role_10;role;0;;alt gövde → Phoenix PLC-RSC;B_ELEKTRIK;ALT
role_11;role;0;;alt gövde → Phoenix PLC-RSC;B_ELEKTRIK;ALT
role_12;role;0;;alt gövde → Phoenix PLC-RSC;B_ELEKTRIK;ALT
role_13;role;0;;alt gövde → Phoenix PLC-RSC;B_ELEKTRIK;ALT
role_14;role;0;;alt gövde → Phoenix PLC-RSC;B_ELEKTRIK;ALT
role_15;role;0;;alt gövde → Phoenix PLC-RSC;B_ELEKTRIK;ALT
role_16;role;0;;alt gövde → Phoenix PLC-RSC;B_ELEKTRIK;ALT
role_17;role;0;;alt gövde → Phoenix PLC-RSC;B_ELEKTRIK;ALT
role_18;role;0;;alt gövde → Phoenix PLC-RSC;B_ELEKTRIK;ALT
role_19;role;0;;alt gövde → Phoenix PLC-RSC;B_ELEKTRIK;ALT
role_20;role;0;;alt gövde → Phoenix PLC-RSC;B_ELEKTRIK;ALT
role_21;role;0;;alt gövde → Phoenix PLC-RSC;B_ELEKTRIK;ALT
role_22;role;0;;alt gövde → Phoenix PLC-RSC;B_ELEKTRIK;ALT
role_23;role;0;;alt gövde → Phoenix PLC-RSC;B_ELEKTRIK;ALT
role_24;role;0;;alt gövde → Phoenix PLC-RSC;B_ELEKTRIK;ALT
klemens_blogu;Klemens bloğu;1;Phoenix UT 2,5 · 24 motor + 48 sensör + güç;kalan genişlik;B_ELEKTRIK;SATIN ALMA
k4_depo_GN11_100;GN 1/1-100 kap + kapak;1;304 · EN 631 · 530 × 325 × 100;kaşar blok 2 gün = 8,8 kg (yoğunluk VARSAYIM);B_DEPO;SATIN ALMA
k4_depo_raf;k4 depo raf;1;304 sac · lazer + büküm;zarf 472.5 × 1.5 × 702.0;B_DEPO;ÜRETİM
k4_depo_GN12_100;GN 1/2-100 kap + kapak;1;304 · EN 631 · 325 × 265 × 100;küp sucuk 2 gün = 2,8 kg;B_DEPO;SATIN ALMA
k4_kapak_sogutma_dis_sac;Yoğuşturucu bölmesi kapağı;1;304 1,5 · yalıtımsız · ızgaralı hava penceresi;hava önden girer, tabandan plinte çıkar;B_SOGUTMA;ÜRETİM
k4_kapak_depo_dis_sac_1.5;k4 kapak depo dis sac 1.5;1;304 sac · lazer + büküm;zarf 504.5 × 361.5 × 40.0;B_DEPO;ÜRETİM
k4_kapak_depo_pu;k4 kapak depo pu;0;PU köpük (gövdeyle birlikte enjeksiyon);alt gövde → kapak katmanı;B_DEPO;ALT
k4_kapak_depo_ic_sac_1.0;k4 kapak depo ic sac 1.0;0;304 sac · lazer + büküm;alt gövde → kapak katmanı;B_DEPO;ALT
k4_kapak_depo_fitil;Fitil · geçmeli manyetik profil 21 × 18,5;1;PVC + şerit mıknatıs · kapak iç sacının 6,4'lük kanalına geçer · aletsiz sökülür;çevre 1370 mm · köşeler gönye kaynaklı;B_DEPO;SATIN ALMA
k4_izgara_00;k4 izgara;1;304 lama;zarf 360.0 × 8.0 × 1.5;B_SOGUTMA;ÜRETİM
k4_izgara_01;k4 izgara;1;304 lama;zarf 360.0 × 8.0 × 1.5;B_SOGUTMA;ÜRETİM
k4_izgara_02;k4 izgara;1;304 lama;zarf 360.0 × 8.0 × 1.5;B_SOGUTMA;ÜRETİM
k4_izgara_03;k4 izgara;1;304 lama;zarf 360.0 × 8.0 × 1.5;B_SOGUTMA;ÜRETİM
k4_izgara_04;k4 izgara;1;304 lama;zarf 360.0 × 8.0 × 1.5;B_SOGUTMA;ÜRETİM
k4_izgara_05;k4 izgara;1;304 lama;zarf 360.0 × 8.0 × 1.5;B_SOGUTMA;ÜRETİM
k4_izgara_06;k4 izgara;1;304 lama;zarf 360.0 × 8.0 × 1.5;B_SOGUTMA;ÜRETİM
k4_izgara_07;k4 izgara;1;304 lama;zarf 360.0 × 8.0 × 1.5;B_SOGUTMA;ÜRETİM
k4_izgara_08;k4 izgara;1;304 lama;zarf 360.0 × 8.0 × 1.5;B_SOGUTMA;ÜRETİM
k4_izgara_09;k4 izgara;1;304 lama;zarf 360.0 × 8.0 × 1.5;B_SOGUTMA;ÜRETİM
k4_izgara_10;k4 izgara;1;304 lama;zarf 360.0 × 8.0 × 1.5;B_SOGUTMA;ÜRETİM
k4_izgara_11;k4 izgara;1;304 lama;zarf 360.0 × 8.0 × 1.5;B_SOGUTMA;ÜRETİM
cop_kova_kizagi;Kova kızağı 1,5;1;304 büküm · yan + arka dudak 15 · dış taban sacına 4 × M5;kova öne çekilip çıkarılır;B_COP;ÜRETİM
robot_cop_kovasi_15L;Robot çöp kovası 15 L · ince dikdörtgen;1;PP · gıda uygun · zarf 165 × 300 × 400 (SPEC) · düz duvar modellendi (gerçek kova konik);marka seçilmedi [VARSAYIM] · 2 gün fire ≈ 6 L gevşek × 2 pay (teknik_qr_tezgah_v4);B_COP;SATIN ALMA
robot_cop_poseti;Çöp poşeti 15 L (sarf);1;LDPE 0,5 (modelde) · kova ağzından 30 dışa kıvrılır;eleman kovayı boşaltırken değiştirir;B_COP;SATIN ALMA
serit_on_kapak;Şerit servis kapağı 1,5 · yalıtımsız;1;304 büküm · 18 dönüş · bas-aç mandal + 2 gizli menteşe [VARSAYIM];206 × 434 · kova öne çekilerek boşaltılır;B_COP;ÜRETİM
serit_on_klape_paneli;Şerit klape paneli 1,5;1;304 büküm · 18 dönüş · sabit · klape açıklığı 130 × 130;206 × 222;B_COP;ÜRETİM
klape_levhasi;Yaylı klape levhası 1,5;1;304 · içe açılır (robot eli iter) · yay kapatır · en çok 90° (mekanik stop);142 × 140 · panelin arkasında, açıklığı 6 bindirir;B_COP;ÜRETİM
klape_mentesesi;Yaylı menteşe Ø8 · yay gövde içinde;1;paslanmaz · 120 boy · kapanma momenti [VARSAYIM];marka seçilmedi [VARSAYIM];B_COP;SATIN ALMA
klape_mentese_yapragi;klape mentese yapragi;1;304 · lazer / lama;zarf 120.0 × 18.0 × 1.5;B_COP;ÜRETİM
on_cerceve_saci_1.0;Ön çerçeve sacı 1,0;1;304 lazer kesim · 26 açıklık · fırın altında üst kenar 668;fitil buna basar;B_KASA;ÜRETİM
CEK_K1_lahm_1_on_dis_sac_1.5;Çekmece önü 40 · kulpsuz · tam kaplama;1;dış 304 1,5 bükme + PU 37,5 köpük + iç 304 1,0 (fitil kanallı);698 × 132;CEK_K1_lahm_1;ÜRETİM
CEK_K1_lahm_1_on_pu;on pu;0;PU köpük (gövdeyle birlikte enjeksiyon);alt gövde → çekmece önü / kapak katmanı;CEK_K1_lahm_1;ALT
CEK_K1_lahm_1_on_ic_sac_1.0;on ic sac 1.0;0;304 sac · lazer + büküm;alt gövde → çekmece önü / kapak katmanı;CEK_K1_lahm_1;ALT
CEK_K1_lahm_1_on_fitil;Fitil · geçmeli manyetik profil 21 × 18,5;1;PVC + şerit mıknatıs · kapak iç sacının 6,4'lük kanalına geçer · aletsiz sökülür;çevre 1392 mm · köşeler gönye kaynaklı;CEK_K1_lahm_1;SATIN ALMA
CEK_K1_lahm_1_kutu_U_1.0;Çekmece kutusu U 1,0;1;304 lazer + 2 büküm;560 × 45 × 550;CEK_K1_lahm_1;ÜRETİM
CEK_K1_lahm_1_kutu_arka_1.0;kutu arka 1.0;0;304 sac · lazer + büküm;alt gövde → çekmece kutusu;CEK_K1_lahm_1;ALT
CEK_K1_lahm_1_kutu_on_1.0;kutu on 1.0;0;304 sac · lazer + büküm;alt gövde → çekmece kutusu;CEK_K1_lahm_1;ALT
CEK_K1_lahm_1_on_baglanti_sol;Ön bağlantı köşesi;2;304 2 mm büküm · öne 2 × M5 perçin somun;ön yüz ayar yuvalı;CEK_K1_lahm_1;ÜRETİM
CEK_K1_lahm_1_on_baglanti_sag;on baglanti;0;304 · lazer / lama;alt gövde → ön bağlantı köşesi;CEK_K1_lahm_1;ALT
CEK_K1_lahm_1_ray_adaptor_sol;Ray adaptör lamı 6 mm;2;304 lama · kutuya punta;ray iç profiline 4 × M4;CEK_K1_lahm_1;ÜRETİM
CEK_K1_lahm_1_ray_adaptor_sag;ray adaptor;0;304 · lazer / lama;alt gövde → ray adaptör lamı;CEK_K1_lahm_1;ALT
CEK_K1_lahm_1_ray_dis_sol;Teleskopik ray Accuride DZ3832-0070;2;700 · %100 açılır · 3 elemanlı · 45,7 × 12,7 · 45–50 kg (çift);dış eleman kolon yan duvarına 4 × M5;CEK_K1_lahm_1;SATIN ALMA
CEK_K1_lahm_1_ray_ara_sol;ray ara;0;304 · lazer / lama;alt gövde → Accuride DZ3832-0070 (ara eleman);CEK_K1_lahm_1;ALT
CEK_K1_lahm_1_ray_ic_sol;ray ic;0;304 · lazer / lama;alt gövde → Accuride DZ3832-0070 (iç eleman);CEK_K1_lahm_1;ALT
CEK_K1_lahm_1_ray_dis_sag;ray dis;0;304 · lazer / lama;alt gövde → Accuride DZ3832-0070;CEK_K1_lahm_1;ALT
CEK_K1_lahm_1_ray_ara_sag;ray ara;0;304 · lazer / lama;alt gövde → Accuride DZ3832-0070 (ara eleman);CEK_K1_lahm_1;ALT
CEK_K1_lahm_1_ray_ic_sag;ray ic;0;304 · lazer / lama;alt gövde → Accuride DZ3832-0070 (iç eleman);CEK_K1_lahm_1;ALT
CEK_K1_lahm_1_motor_kasnagi;GT3 kasnak 30 diş · 6 mm · flanşlı;1;alüminyum · delik Ø8 H7 + düz;PD 28,65 · çevre 90 mm;CEK_K1_lahm_1;SATIN ALMA
CEK_K1_lahm_1_motor_mili;motor mili;0;304 · lazer / lama;alt gövde → Transmotec PD3665;CEK_K1_lahm_1;ALT
CEK_K1_lahm_1_motor_gobegi;motor gobegi;0;304 · lazer / lama;alt gövde → Transmotec PD3665;CEK_K1_lahm_1;ALT
CEK_K1_lahm_1_motor_reduktor;Motor Transmotec PD3665-24-51-BFEC;1;24 V · planet 51:1 · 127 d/dk · 0,853 N·m · manyetik enkoder · EMC filtreli;Ø36 × 115,5 + enkoder · datasheet: transmotec.com PD3665;CEK_K1_lahm_1;SATIN ALMA
CEK_K1_lahm_1_motor_govde;motor govde;0;;alt gövde → Transmotec PD3665;CEK_K1_lahm_1;ALT
CEK_K1_lahm_1_enkoder_kapagi;enkoder kapagi;0;;alt gövde → Transmotec PD3665;CEK_K1_lahm_1;ALT
CEK_K1_lahm_1_m12_soket;M12 4 pin soket + kablo;1;motor + enkoder tek soket · kasada sabit;kablo dikey kanala;CEK_K1_lahm_1;SATIN ALMA
CEK_K1_lahm_1_motor_braketi;Motor braketi 3 mm;1;304 lazer + büküm · 4 × M3 (Ø31) + arka duvara 2 × M5;kasnak hizası buradan;CEK_K1_lahm_1;ÜRETİM
CEK_K1_lahm_1_avara;GT3 avara 30 diş · 6 mm · çift rulman;1;alüminyum · 2 × 625-2RS;ön çerçevenin 17 mm arkası;CEK_K1_lahm_1;SATIN ALMA
CEK_K1_lahm_1_avara_mili;avara mili;1;304 · lazer / lama;zarf 12.2 × 5.0 × 5.0;CEK_K1_lahm_1;ÜRETİM
CEK_K1_lahm_1_avara_kolu;Avara kolu 3 mm;1;304 büküm · ön çerçevenin arkasına 2 × M4 perçin somun;kayış gergisi burada: 8 mm yuvalı;CEK_K1_lahm_1;ÜRETİM
CEK_K1_lahm_1_kayis_GT3;Kayış GT3 6 mm kapalı çevrim;1;~1482 mm (494 diş) · çelik kordlu;tedarikçi boyu doğrulayacak;CEK_K1_lahm_1;SATIN ALMA
CEK_K1_lahm_1_kayis_cenesi;Kayış çenesi + kolu;1;304 · kutunun yan duvarına kaynaklı · dişli çene 2 × M3;kutunun arkasından kasnağa uzanır (strok için);CEK_K1_lahm_1;ÜRETİM
CEK_K1_lahm_1_miknatis_ayagi;miknatis ayagi;1;304 · lazer / lama;zarf 6.3 × 2.3 × 28.6;CEK_K1_lahm_1;ÜRETİM
CEK_K1_lahm_1_miknatis_57135;Mıknatıs Littelfuse 57135-000;1;AlNiCo 5 · flanşlı 28,57 × 19,05 × 6,35;çenenin üstünde;CEK_K1_lahm_1;SATIN ALMA
CEK_K1_lahm_1_reed_kapali;Reed sensör Littelfuse 59135-010;2;NO · flanşlı 28,57 × 19,05 × 6,35;KAPALI + AÇIK konum · PLC girişine;CEK_K1_lahm_1;SATIN ALMA
CEK_K1_lahm_1_reed_acik;reed acik;0;;alt gövde → Littelfuse 59135;CEK_K1_lahm_1;ALT
CEK_K1_lahm_1_sensor_lami;sensor lami;1;304 · lazer / lama;zarf 6.3 × 2.0 × 679.0;CEK_K1_lahm_1;ÜRETİM
CEK_K1_lahm_1_tepsi;Tepsi · 36 çukur Ø80;1;gıda silikonu 10 mm · çukur 7 · kalıp döküm;530 × 540;CEK_K1_lahm_1;ÜRETİM
CEK_K1_lahm_2_on_dis_sac_1.5;Çekmece önü 40 · kulpsuz · tam kaplama;1;dış 304 1,5 bükme + PU 37,5 köpük + iç 304 1,0 (fitil kanallı);698 × 90;CEK_K1_lahm_2;ÜRETİM
CEK_K1_lahm_2_on_pu;on pu;0;PU köpük (gövdeyle birlikte enjeksiyon);alt gövde → çekmece önü / kapak katmanı;CEK_K1_lahm_2;ALT
CEK_K1_lahm_2_on_ic_sac_1.0;on ic sac 1.0;0;304 sac · lazer + büküm;alt gövde → çekmece önü / kapak katmanı;CEK_K1_lahm_2;ALT
CEK_K1_lahm_2_on_fitil;Fitil · geçmeli manyetik profil 21 × 18,5;1;PVC + şerit mıknatıs · kapak iç sacının 6,4'lük kanalına geçer · aletsiz sökülür;çevre 1392 mm · köşeler gönye kaynaklı;CEK_K1_lahm_2;SATIN ALMA
CEK_K1_lahm_2_kutu_U_1.0;Çekmece kutusu U 1,0;1;304 lazer + 2 büküm;560 × 45 × 550;CEK_K1_lahm_2;ÜRETİM
CEK_K1_lahm_2_kutu_arka_1.0;kutu arka 1.0;0;304 sac · lazer + büküm;alt gövde → çekmece kutusu;CEK_K1_lahm_2;ALT
CEK_K1_lahm_2_kutu_on_1.0;kutu on 1.0;0;304 sac · lazer + büküm;alt gövde → çekmece kutusu;CEK_K1_lahm_2;ALT
CEK_K1_lahm_2_on_baglanti_sol;Ön bağlantı köşesi;2;304 2 mm büküm · öne 2 × M5 perçin somun;ön yüz ayar yuvalı;CEK_K1_lahm_2;ÜRETİM
CEK_K1_lahm_2_on_baglanti_sag;on baglanti;0;304 · lazer / lama;alt gövde → ön bağlantı köşesi;CEK_K1_lahm_2;ALT
CEK_K1_lahm_2_ray_adaptor_sol;Ray adaptör lamı 6 mm;2;304 lama · kutuya punta;ray iç profiline 4 × M4;CEK_K1_lahm_2;ÜRETİM
CEK_K1_lahm_2_ray_adaptor_sag;ray adaptor;0;304 · lazer / lama;alt gövde → ray adaptör lamı;CEK_K1_lahm_2;ALT
CEK_K1_lahm_2_ray_dis_sol;Teleskopik ray Accuride DZ3832-0070;2;700 · %100 açılır · 3 elemanlı · 45,7 × 12,7 · 45–50 kg (çift);dış eleman kolon yan duvarına 4 × M5;CEK_K1_lahm_2;SATIN ALMA
CEK_K1_lahm_2_ray_ara_sol;ray ara;0;304 · lazer / lama;alt gövde → Accuride DZ3832-0070 (ara eleman);CEK_K1_lahm_2;ALT
CEK_K1_lahm_2_ray_ic_sol;ray ic;0;304 · lazer / lama;alt gövde → Accuride DZ3832-0070 (iç eleman);CEK_K1_lahm_2;ALT
CEK_K1_lahm_2_ray_dis_sag;ray dis;0;304 · lazer / lama;alt gövde → Accuride DZ3832-0070;CEK_K1_lahm_2;ALT
CEK_K1_lahm_2_ray_ara_sag;ray ara;0;304 · lazer / lama;alt gövde → Accuride DZ3832-0070 (ara eleman);CEK_K1_lahm_2;ALT
CEK_K1_lahm_2_ray_ic_sag;ray ic;0;304 · lazer / lama;alt gövde → Accuride DZ3832-0070 (iç eleman);CEK_K1_lahm_2;ALT
CEK_K1_lahm_2_motor_kasnagi;GT3 kasnak 30 diş · 6 mm · flanşlı;1;alüminyum · delik Ø8 H7 + düz;PD 28,65 · çevre 90 mm;CEK_K1_lahm_2;SATIN ALMA
CEK_K1_lahm_2_motor_mili;motor mili;0;304 · lazer / lama;alt gövde → Transmotec PD3665;CEK_K1_lahm_2;ALT
CEK_K1_lahm_2_motor_gobegi;motor gobegi;0;304 · lazer / lama;alt gövde → Transmotec PD3665;CEK_K1_lahm_2;ALT
CEK_K1_lahm_2_motor_reduktor;Motor Transmotec PD3665-24-51-BFEC;1;24 V · planet 51:1 · 127 d/dk · 0,853 N·m · manyetik enkoder · EMC filtreli;Ø36 × 115,5 + enkoder · datasheet: transmotec.com PD3665;CEK_K1_lahm_2;SATIN ALMA
CEK_K1_lahm_2_motor_govde;motor govde;0;;alt gövde → Transmotec PD3665;CEK_K1_lahm_2;ALT
CEK_K1_lahm_2_enkoder_kapagi;enkoder kapagi;0;;alt gövde → Transmotec PD3665;CEK_K1_lahm_2;ALT
CEK_K1_lahm_2_m12_soket;M12 4 pin soket + kablo;1;motor + enkoder tek soket · kasada sabit;kablo dikey kanala;CEK_K1_lahm_2;SATIN ALMA
CEK_K1_lahm_2_motor_braketi;Motor braketi 3 mm;1;304 lazer + büküm · 4 × M3 (Ø31) + arka duvara 2 × M5;kasnak hizası buradan;CEK_K1_lahm_2;ÜRETİM
CEK_K1_lahm_2_avara;GT3 avara 30 diş · 6 mm · çift rulman;1;alüminyum · 2 × 625-2RS;ön çerçevenin 17 mm arkası;CEK_K1_lahm_2;SATIN ALMA
CEK_K1_lahm_2_avara_mili;avara mili;1;304 · lazer / lama;zarf 12.2 × 5.0 × 5.0;CEK_K1_lahm_2;ÜRETİM
CEK_K1_lahm_2_avara_kolu;Avara kolu 3 mm;1;304 büküm · ön çerçevenin arkasına 2 × M4 perçin somun;kayış gergisi burada: 8 mm yuvalı;CEK_K1_lahm_2;ÜRETİM
CEK_K1_lahm_2_kayis_GT3;Kayış GT3 6 mm kapalı çevrim;1;~1482 mm (494 diş) · çelik kordlu;tedarikçi boyu doğrulayacak;CEK_K1_lahm_2;SATIN ALMA
CEK_K1_lahm_2_kayis_cenesi;Kayış çenesi + kolu;1;304 · kutunun yan duvarına kaynaklı · dişli çene 2 × M3;kutunun arkasından kasnağa uzanır (strok için);CEK_K1_lahm_2;ÜRETİM
CEK_K1_lahm_2_miknatis_ayagi;miknatis ayagi;1;304 · lazer / lama;zarf 6.3 × 2.3 × 28.6;CEK_K1_lahm_2;ÜRETİM
CEK_K1_lahm_2_miknatis_57135;Mıknatıs Littelfuse 57135-000;1;AlNiCo 5 · flanşlı 28,57 × 19,05 × 6,35;çenenin üstünde;CEK_K1_lahm_2;SATIN ALMA
CEK_K1_lahm_2_reed_kapali;Reed sensör Littelfuse 59135-010;2;NO · flanşlı 28,57 × 19,05 × 6,35;KAPALI + AÇIK konum · PLC girişine;CEK_K1_lahm_2;SATIN ALMA
CEK_K1_lahm_2_reed_acik;reed acik;0;;alt gövde → Littelfuse 59135;CEK_K1_lahm_2;ALT
CEK_K1_lahm_2_sensor_lami;sensor lami;1;304 · lazer / lama;zarf 6.3 × 2.0 × 679.0;CEK_K1_lahm_2;ÜRETİM
CEK_K1_lahm_2_tepsi;Tepsi · 36 çukur Ø80;1;gıda silikonu 10 mm · çukur 7 · kalıp döküm;530 × 540;CEK_K1_lahm_2;ÜRETİM
CEK_K1_lahm_3_on_dis_sac_1.5;Çekmece önü 40 · kulpsuz · tam kaplama;1;dış 304 1,5 bükme + PU 37,5 köpük + iç 304 1,0 (fitil kanallı);698 × 90;CEK_K1_lahm_3;ÜRETİM
CEK_K1_lahm_3_on_pu;on pu;0;PU köpük (gövdeyle birlikte enjeksiyon);alt gövde → çekmece önü / kapak katmanı;CEK_K1_lahm_3;ALT
CEK_K1_lahm_3_on_ic_sac_1.0;on ic sac 1.0;0;304 sac · lazer + büküm;alt gövde → çekmece önü / kapak katmanı;CEK_K1_lahm_3;ALT
CEK_K1_lahm_3_on_fitil;Fitil · geçmeli manyetik profil 21 × 18,5;1;PVC + şerit mıknatıs · kapak iç sacının 6,4'lük kanalına geçer · aletsiz sökülür;çevre 1392 mm · köşeler gönye kaynaklı;CEK_K1_lahm_3;SATIN ALMA
CEK_K1_lahm_3_kutu_U_1.0;Çekmece kutusu U 1,0;1;304 lazer + 2 büküm;560 × 45 × 550;CEK_K1_lahm_3;ÜRETİM
CEK_K1_lahm_3_kutu_arka_1.0;kutu arka 1.0;0;304 sac · lazer + büküm;alt gövde → çekmece kutusu;CEK_K1_lahm_3;ALT
CEK_K1_lahm_3_kutu_on_1.0;kutu on 1.0;0;304 sac · lazer + büküm;alt gövde → çekmece kutusu;CEK_K1_lahm_3;ALT
CEK_K1_lahm_3_on_baglanti_sol;Ön bağlantı köşesi;2;304 2 mm büküm · öne 2 × M5 perçin somun;ön yüz ayar yuvalı;CEK_K1_lahm_3;ÜRETİM
CEK_K1_lahm_3_on_baglanti_sag;on baglanti;0;304 · lazer / lama;alt gövde → ön bağlantı köşesi;CEK_K1_lahm_3;ALT
CEK_K1_lahm_3_ray_adaptor_sol;Ray adaptör lamı 6 mm;2;304 lama · kutuya punta;ray iç profiline 4 × M4;CEK_K1_lahm_3;ÜRETİM
CEK_K1_lahm_3_ray_adaptor_sag;ray adaptor;0;304 · lazer / lama;alt gövde → ray adaptör lamı;CEK_K1_lahm_3;ALT
CEK_K1_lahm_3_ray_dis_sol;Teleskopik ray Accuride DZ3832-0070;2;700 · %100 açılır · 3 elemanlı · 45,7 × 12,7 · 45–50 kg (çift);dış eleman kolon yan duvarına 4 × M5;CEK_K1_lahm_3;SATIN ALMA
CEK_K1_lahm_3_ray_ara_sol;ray ara;0;304 · lazer / lama;alt gövde → Accuride DZ3832-0070 (ara eleman);CEK_K1_lahm_3;ALT
CEK_K1_lahm_3_ray_ic_sol;ray ic;0;304 · lazer / lama;alt gövde → Accuride DZ3832-0070 (iç eleman);CEK_K1_lahm_3;ALT
CEK_K1_lahm_3_ray_dis_sag;ray dis;0;304 · lazer / lama;alt gövde → Accuride DZ3832-0070;CEK_K1_lahm_3;ALT
CEK_K1_lahm_3_ray_ara_sag;ray ara;0;304 · lazer / lama;alt gövde → Accuride DZ3832-0070 (ara eleman);CEK_K1_lahm_3;ALT
CEK_K1_lahm_3_ray_ic_sag;ray ic;0;304 · lazer / lama;alt gövde → Accuride DZ3832-0070 (iç eleman);CEK_K1_lahm_3;ALT
CEK_K1_lahm_3_motor_kasnagi;GT3 kasnak 30 diş · 6 mm · flanşlı;1;alüminyum · delik Ø8 H7 + düz;PD 28,65 · çevre 90 mm;CEK_K1_lahm_3;SATIN ALMA
CEK_K1_lahm_3_motor_mili;motor mili;0;304 · lazer / lama;alt gövde → Transmotec PD3665;CEK_K1_lahm_3;ALT
CEK_K1_lahm_3_motor_gobegi;motor gobegi;0;304 · lazer / lama;alt gövde → Transmotec PD3665;CEK_K1_lahm_3;ALT
CEK_K1_lahm_3_motor_reduktor;Motor Transmotec PD3665-24-51-BFEC;1;24 V · planet 51:1 · 127 d/dk · 0,853 N·m · manyetik enkoder · EMC filtreli;Ø36 × 115,5 + enkoder · datasheet: transmotec.com PD3665;CEK_K1_lahm_3;SATIN ALMA
CEK_K1_lahm_3_motor_govde;motor govde;0;;alt gövde → Transmotec PD3665;CEK_K1_lahm_3;ALT
CEK_K1_lahm_3_enkoder_kapagi;enkoder kapagi;0;;alt gövde → Transmotec PD3665;CEK_K1_lahm_3;ALT
CEK_K1_lahm_3_m12_soket;M12 4 pin soket + kablo;1;motor + enkoder tek soket · kasada sabit;kablo dikey kanala;CEK_K1_lahm_3;SATIN ALMA
CEK_K1_lahm_3_motor_braketi;Motor braketi 3 mm;1;304 lazer + büküm · 4 × M3 (Ø31) + arka duvara 2 × M5;kasnak hizası buradan;CEK_K1_lahm_3;ÜRETİM
CEK_K1_lahm_3_avara;GT3 avara 30 diş · 6 mm · çift rulman;1;alüminyum · 2 × 625-2RS;ön çerçevenin 17 mm arkası;CEK_K1_lahm_3;SATIN ALMA
CEK_K1_lahm_3_avara_mili;avara mili;1;304 · lazer / lama;zarf 12.2 × 5.0 × 5.0;CEK_K1_lahm_3;ÜRETİM
CEK_K1_lahm_3_avara_kolu;Avara kolu 3 mm;1;304 büküm · ön çerçevenin arkasına 2 × M4 perçin somun;kayış gergisi burada: 8 mm yuvalı;CEK_K1_lahm_3;ÜRETİM
CEK_K1_lahm_3_kayis_GT3;Kayış GT3 6 mm kapalı çevrim;1;~1482 mm (494 diş) · çelik kordlu;tedarikçi boyu doğrulayacak;CEK_K1_lahm_3;SATIN ALMA
CEK_K1_lahm_3_kayis_cenesi;Kayış çenesi + kolu;1;304 · kutunun yan duvarına kaynaklı · dişli çene 2 × M3;kutunun arkasından kasnağa uzanır (strok için);CEK_K1_lahm_3;ÜRETİM
CEK_K1_lahm_3_miknatis_ayagi;miknatis ayagi;1;304 · lazer / lama;zarf 6.3 × 2.3 × 28.6;CEK_K1_lahm_3;ÜRETİM
CEK_K1_lahm_3_miknatis_57135;Mıknatıs Littelfuse 57135-000;1;AlNiCo 5 · flanşlı 28,57 × 19,05 × 6,35;çenenin üstünde;CEK_K1_lahm_3;SATIN ALMA
CEK_K1_lahm_3_reed_kapali;Reed sensör Littelfuse 59135-010;2;NO · flanşlı 28,57 × 19,05 × 6,35;KAPALI + AÇIK konum · PLC girişine;CEK_K1_lahm_3;SATIN ALMA
CEK_K1_lahm_3_reed_acik;reed acik;0;;alt gövde → Littelfuse 59135;CEK_K1_lahm_3;ALT
CEK_K1_lahm_3_sensor_lami;sensor lami;1;304 · lazer / lama;zarf 6.3 × 2.0 × 679.0;CEK_K1_lahm_3;ÜRETİM
CEK_K1_lahm_3_tepsi;Tepsi · 36 çukur Ø80;1;gıda silikonu 10 mm · çukur 7 · kalıp döküm;530 × 540;CEK_K1_lahm_3;ÜRETİM
CEK_K1_lahm_4_on_dis_sac_1.5;Çekmece önü 40 · kulpsuz · tam kaplama;1;dış 304 1,5 bükme + PU 37,5 köpük + iç 304 1,0 (fitil kanallı);698 × 90;CEK_K1_lahm_4;ÜRETİM
CEK_K1_lahm_4_on_pu;on pu;0;PU köpük (gövdeyle birlikte enjeksiyon);alt gövde → çekmece önü / kapak katmanı;CEK_K1_lahm_4;ALT
CEK_K1_lahm_4_on_ic_sac_1.0;on ic sac 1.0;0;304 sac · lazer + büküm;alt gövde → çekmece önü / kapak katmanı;CEK_K1_lahm_4;ALT
CEK_K1_lahm_4_on_fitil;Fitil · geçmeli manyetik profil 21 × 18,5;1;PVC + şerit mıknatıs · kapak iç sacının 6,4'lük kanalına geçer · aletsiz sökülür;çevre 1392 mm · köşeler gönye kaynaklı;CEK_K1_lahm_4;SATIN ALMA
CEK_K1_lahm_4_kutu_U_1.0;Çekmece kutusu U 1,0;1;304 lazer + 2 büküm;560 × 45 × 550;CEK_K1_lahm_4;ÜRETİM
CEK_K1_lahm_4_kutu_arka_1.0;kutu arka 1.0;0;304 sac · lazer + büküm;alt gövde → çekmece kutusu;CEK_K1_lahm_4;ALT
CEK_K1_lahm_4_kutu_on_1.0;kutu on 1.0;0;304 sac · lazer + büküm;alt gövde → çekmece kutusu;CEK_K1_lahm_4;ALT
CEK_K1_lahm_4_on_baglanti_sol;Ön bağlantı köşesi;2;304 2 mm büküm · öne 2 × M5 perçin somun;ön yüz ayar yuvalı;CEK_K1_lahm_4;ÜRETİM
CEK_K1_lahm_4_on_baglanti_sag;on baglanti;0;304 · lazer / lama;alt gövde → ön bağlantı köşesi;CEK_K1_lahm_4;ALT
CEK_K1_lahm_4_ray_adaptor_sol;Ray adaptör lamı 6 mm;2;304 lama · kutuya punta;ray iç profiline 4 × M4;CEK_K1_lahm_4;ÜRETİM
CEK_K1_lahm_4_ray_adaptor_sag;ray adaptor;0;304 · lazer / lama;alt gövde → ray adaptör lamı;CEK_K1_lahm_4;ALT
CEK_K1_lahm_4_ray_dis_sol;Teleskopik ray Accuride DZ3832-0070;2;700 · %100 açılır · 3 elemanlı · 45,7 × 12,7 · 45–50 kg (çift);dış eleman kolon yan duvarına 4 × M5;CEK_K1_lahm_4;SATIN ALMA
CEK_K1_lahm_4_ray_ara_sol;ray ara;0;304 · lazer / lama;alt gövde → Accuride DZ3832-0070 (ara eleman);CEK_K1_lahm_4;ALT
CEK_K1_lahm_4_ray_ic_sol;ray ic;0;304 · lazer / lama;alt gövde → Accuride DZ3832-0070 (iç eleman);CEK_K1_lahm_4;ALT
CEK_K1_lahm_4_ray_dis_sag;ray dis;0;304 · lazer / lama;alt gövde → Accuride DZ3832-0070;CEK_K1_lahm_4;ALT
CEK_K1_lahm_4_ray_ara_sag;ray ara;0;304 · lazer / lama;alt gövde → Accuride DZ3832-0070 (ara eleman);CEK_K1_lahm_4;ALT
CEK_K1_lahm_4_ray_ic_sag;ray ic;0;304 · lazer / lama;alt gövde → Accuride DZ3832-0070 (iç eleman);CEK_K1_lahm_4;ALT
CEK_K1_lahm_4_motor_kasnagi;GT3 kasnak 30 diş · 6 mm · flanşlı;1;alüminyum · delik Ø8 H7 + düz;PD 28,65 · çevre 90 mm;CEK_K1_lahm_4;SATIN ALMA
CEK_K1_lahm_4_motor_mili;motor mili;0;304 · lazer / lama;alt gövde → Transmotec PD3665;CEK_K1_lahm_4;ALT
CEK_K1_lahm_4_motor_gobegi;motor gobegi;0;304 · lazer / lama;alt gövde → Transmotec PD3665;CEK_K1_lahm_4;ALT
CEK_K1_lahm_4_motor_reduktor;Motor Transmotec PD3665-24-51-BFEC;1;24 V · planet 51:1 · 127 d/dk · 0,853 N·m · manyetik enkoder · EMC filtreli;Ø36 × 115,5 + enkoder · datasheet: transmotec.com PD3665;CEK_K1_lahm_4;SATIN ALMA
CEK_K1_lahm_4_motor_govde;motor govde;0;;alt gövde → Transmotec PD3665;CEK_K1_lahm_4;ALT
CEK_K1_lahm_4_enkoder_kapagi;enkoder kapagi;0;;alt gövde → Transmotec PD3665;CEK_K1_lahm_4;ALT
CEK_K1_lahm_4_m12_soket;M12 4 pin soket + kablo;1;motor + enkoder tek soket · kasada sabit;kablo dikey kanala;CEK_K1_lahm_4;SATIN ALMA
CEK_K1_lahm_4_motor_braketi;Motor braketi 3 mm;1;304 lazer + büküm · 4 × M3 (Ø31) + arka duvara 2 × M5;kasnak hizası buradan;CEK_K1_lahm_4;ÜRETİM
CEK_K1_lahm_4_avara;GT3 avara 30 diş · 6 mm · çift rulman;1;alüminyum · 2 × 625-2RS;ön çerçevenin 17 mm arkası;CEK_K1_lahm_4;SATIN ALMA
CEK_K1_lahm_4_avara_mili;avara mili;1;304 · lazer / lama;zarf 12.2 × 5.0 × 5.0;CEK_K1_lahm_4;ÜRETİM
CEK_K1_lahm_4_avara_kolu;Avara kolu 3 mm;1;304 büküm · ön çerçevenin arkasına 2 × M4 perçin somun;kayış gergisi burada: 8 mm yuvalı;CEK_K1_lahm_4;ÜRETİM
CEK_K1_lahm_4_kayis_GT3;Kayış GT3 6 mm kapalı çevrim;1;~1482 mm (494 diş) · çelik kordlu;tedarikçi boyu doğrulayacak;CEK_K1_lahm_4;SATIN ALMA
CEK_K1_lahm_4_kayis_cenesi;Kayış çenesi + kolu;1;304 · kutunun yan duvarına kaynaklı · dişli çene 2 × M3;kutunun arkasından kasnağa uzanır (strok için);CEK_K1_lahm_4;ÜRETİM
CEK_K1_lahm_4_miknatis_ayagi;miknatis ayagi;1;304 · lazer / lama;zarf 6.3 × 2.3 × 28.6;CEK_K1_lahm_4;ÜRETİM
CEK_K1_lahm_4_miknatis_57135;Mıknatıs Littelfuse 57135-000;1;AlNiCo 5 · flanşlı 28,57 × 19,05 × 6,35;çenenin üstünde;CEK_K1_lahm_4;SATIN ALMA
CEK_K1_lahm_4_reed_kapali;Reed sensör Littelfuse 59135-010;2;NO · flanşlı 28,57 × 19,05 × 6,35;KAPALI + AÇIK konum · PLC girişine;CEK_K1_lahm_4;SATIN ALMA
CEK_K1_lahm_4_reed_acik;reed acik;0;;alt gövde → Littelfuse 59135;CEK_K1_lahm_4;ALT
CEK_K1_lahm_4_sensor_lami;sensor lami;1;304 · lazer / lama;zarf 6.3 × 2.0 × 679.0;CEK_K1_lahm_4;ÜRETİM
CEK_K1_lahm_4_tepsi;Tepsi · 36 çukur Ø80;1;gıda silikonu 10 mm · çukur 7 · kalıp döküm;530 × 540;CEK_K1_lahm_4;ÜRETİM
CEK_K1_lahm_5_on_dis_sac_1.5;Çekmece önü 40 · kulpsuz · tam kaplama;1;dış 304 1,5 bükme + PU 37,5 köpük + iç 304 1,0 (fitil kanallı);698 × 90;CEK_K1_lahm_5;ÜRETİM
CEK_K1_lahm_5_on_pu;on pu;0;PU köpük (gövdeyle birlikte enjeksiyon);alt gövde → çekmece önü / kapak katmanı;CEK_K1_lahm_5;ALT
CEK_K1_lahm_5_on_ic_sac_1.0;on ic sac 1.0;0;304 sac · lazer + büküm;alt gövde → çekmece önü / kapak katmanı;CEK_K1_lahm_5;ALT
CEK_K1_lahm_5_on_fitil;Fitil · geçmeli manyetik profil 21 × 18,5;1;PVC + şerit mıknatıs · kapak iç sacının 6,4'lük kanalına geçer · aletsiz sökülür;çevre 1392 mm · köşeler gönye kaynaklı;CEK_K1_lahm_5;SATIN ALMA
CEK_K1_lahm_5_kutu_U_1.0;Çekmece kutusu U 1,0;1;304 lazer + 2 büküm;560 × 45 × 550;CEK_K1_lahm_5;ÜRETİM
CEK_K1_lahm_5_kutu_arka_1.0;kutu arka 1.0;0;304 sac · lazer + büküm;alt gövde → çekmece kutusu;CEK_K1_lahm_5;ALT
CEK_K1_lahm_5_kutu_on_1.0;kutu on 1.0;0;304 sac · lazer + büküm;alt gövde → çekmece kutusu;CEK_K1_lahm_5;ALT
CEK_K1_lahm_5_on_baglanti_sol;Ön bağlantı köşesi;2;304 2 mm büküm · öne 2 × M5 perçin somun;ön yüz ayar yuvalı;CEK_K1_lahm_5;ÜRETİM
CEK_K1_lahm_5_on_baglanti_sag;on baglanti;0;304 · lazer / lama;alt gövde → ön bağlantı köşesi;CEK_K1_lahm_5;ALT
CEK_K1_lahm_5_ray_adaptor_sol;Ray adaptör lamı 6 mm;2;304 lama · kutuya punta;ray iç profiline 4 × M4;CEK_K1_lahm_5;ÜRETİM
CEK_K1_lahm_5_ray_adaptor_sag;ray adaptor;0;304 · lazer / lama;alt gövde → ray adaptör lamı;CEK_K1_lahm_5;ALT
CEK_K1_lahm_5_ray_dis_sol;Teleskopik ray Accuride DZ3832-0070;2;700 · %100 açılır · 3 elemanlı · 45,7 × 12,7 · 45–50 kg (çift);dış eleman kolon yan duvarına 4 × M5;CEK_K1_lahm_5;SATIN ALMA
CEK_K1_lahm_5_ray_ara_sol;ray ara;0;304 · lazer / lama;alt gövde → Accuride DZ3832-0070 (ara eleman);CEK_K1_lahm_5;ALT
CEK_K1_lahm_5_ray_ic_sol;ray ic;0;304 · lazer / lama;alt gövde → Accuride DZ3832-0070 (iç eleman);CEK_K1_lahm_5;ALT
CEK_K1_lahm_5_ray_dis_sag;ray dis;0;304 · lazer / lama;alt gövde → Accuride DZ3832-0070;CEK_K1_lahm_5;ALT
CEK_K1_lahm_5_ray_ara_sag;ray ara;0;304 · lazer / lama;alt gövde → Accuride DZ3832-0070 (ara eleman);CEK_K1_lahm_5;ALT
CEK_K1_lahm_5_ray_ic_sag;ray ic;0;304 · lazer / lama;alt gövde → Accuride DZ3832-0070 (iç eleman);CEK_K1_lahm_5;ALT
CEK_K1_lahm_5_motor_kasnagi;GT3 kasnak 30 diş · 6 mm · flanşlı;1;alüminyum · delik Ø8 H7 + düz;PD 28,65 · çevre 90 mm;CEK_K1_lahm_5;SATIN ALMA
CEK_K1_lahm_5_motor_mili;motor mili;0;304 · lazer / lama;alt gövde → Transmotec PD3665;CEK_K1_lahm_5;ALT
CEK_K1_lahm_5_motor_gobegi;motor gobegi;0;304 · lazer / lama;alt gövde → Transmotec PD3665;CEK_K1_lahm_5;ALT
CEK_K1_lahm_5_motor_reduktor;Motor Transmotec PD3665-24-51-BFEC;1;24 V · planet 51:1 · 127 d/dk · 0,853 N·m · manyetik enkoder · EMC filtreli;Ø36 × 115,5 + enkoder · datasheet: transmotec.com PD3665;CEK_K1_lahm_5;SATIN ALMA
CEK_K1_lahm_5_motor_govde;motor govde;0;;alt gövde → Transmotec PD3665;CEK_K1_lahm_5;ALT
CEK_K1_lahm_5_enkoder_kapagi;enkoder kapagi;0;;alt gövde → Transmotec PD3665;CEK_K1_lahm_5;ALT
CEK_K1_lahm_5_m12_soket;M12 4 pin soket + kablo;1;motor + enkoder tek soket · kasada sabit;kablo dikey kanala;CEK_K1_lahm_5;SATIN ALMA
CEK_K1_lahm_5_motor_braketi;Motor braketi 3 mm;1;304 lazer + büküm · 4 × M3 (Ø31) + arka duvara 2 × M5;kasnak hizası buradan;CEK_K1_lahm_5;ÜRETİM
CEK_K1_lahm_5_avara;GT3 avara 30 diş · 6 mm · çift rulman;1;alüminyum · 2 × 625-2RS;ön çerçevenin 17 mm arkası;CEK_K1_lahm_5;SATIN ALMA
CEK_K1_lahm_5_avara_mili;avara mili;1;304 · lazer / lama;zarf 12.2 × 5.0 × 5.0;CEK_K1_lahm_5;ÜRETİM
CEK_K1_lahm_5_avara_kolu;Avara kolu 3 mm;1;304 büküm · ön çerçevenin arkasına 2 × M4 perçin somun;kayış gergisi burada: 8 mm yuvalı;CEK_K1_lahm_5;ÜRETİM
CEK_K1_lahm_5_kayis_GT3;Kayış GT3 6 mm kapalı çevrim;1;~1482 mm (494 diş) · çelik kordlu;tedarikçi boyu doğrulayacak;CEK_K1_lahm_5;SATIN ALMA
CEK_K1_lahm_5_kayis_cenesi;Kayış çenesi + kolu;1;304 · kutunun yan duvarına kaynaklı · dişli çene 2 × M3;kutunun arkasından kasnağa uzanır (strok için);CEK_K1_lahm_5;ÜRETİM
CEK_K1_lahm_5_miknatis_ayagi;miknatis ayagi;1;304 · lazer / lama;zarf 6.3 × 2.3 × 28.6;CEK_K1_lahm_5;ÜRETİM
CEK_K1_lahm_5_miknatis_57135;Mıknatıs Littelfuse 57135-000;1;AlNiCo 5 · flanşlı 28,57 × 19,05 × 6,35;çenenin üstünde;CEK_K1_lahm_5;SATIN ALMA
CEK_K1_lahm_5_reed_kapali;Reed sensör Littelfuse 59135-010;2;NO · flanşlı 28,57 × 19,05 × 6,35;KAPALI + AÇIK konum · PLC girişine;CEK_K1_lahm_5;SATIN ALMA
CEK_K1_lahm_5_reed_acik;reed acik;0;;alt gövde → Littelfuse 59135;CEK_K1_lahm_5;ALT
CEK_K1_lahm_5_sensor_lami;sensor lami;1;304 · lazer / lama;zarf 6.3 × 2.0 × 679.0;CEK_K1_lahm_5;ÜRETİM
CEK_K1_lahm_5_tepsi;Tepsi · 36 çukur Ø80;1;gıda silikonu 10 mm · çukur 7 · kalıp döküm;530 × 540;CEK_K1_lahm_5;ÜRETİM
CEK_K1_lahm_6_on_dis_sac_1.5;Çekmece önü 40 · kulpsuz · tam kaplama;1;dış 304 1,5 bükme + PU 37,5 köpük + iç 304 1,0 (fitil kanallı);698 × 152;CEK_K1_lahm_6;ÜRETİM
CEK_K1_lahm_6_on_pu;on pu;0;PU köpük (gövdeyle birlikte enjeksiyon);alt gövde → çekmece önü / kapak katmanı;CEK_K1_lahm_6;ALT
CEK_K1_lahm_6_on_ic_sac_1.0;on ic sac 1.0;0;304 sac · lazer + büküm;alt gövde → çekmece önü / kapak katmanı;CEK_K1_lahm_6;ALT
CEK_K1_lahm_6_on_fitil;Fitil · geçmeli manyetik profil 21 × 18,5;1;PVC + şerit mıknatıs · kapak iç sacının 6,4'lük kanalına geçer · aletsiz sökülür;çevre 1392 mm · köşeler gönye kaynaklı;CEK_K1_lahm_6;SATIN ALMA
CEK_K1_lahm_6_kutu_U_1.0;Çekmece kutusu U 1,0;1;304 lazer + 2 büküm;560 × 45 × 550;CEK_K1_lahm_6;ÜRETİM
CEK_K1_lahm_6_kutu_arka_1.0;kutu arka 1.0;0;304 sac · lazer + büküm;alt gövde → çekmece kutusu;CEK_K1_lahm_6;ALT
CEK_K1_lahm_6_kutu_on_1.0;kutu on 1.0;0;304 sac · lazer + büküm;alt gövde → çekmece kutusu;CEK_K1_lahm_6;ALT
CEK_K1_lahm_6_on_baglanti_sol;Ön bağlantı köşesi;2;304 2 mm büküm · öne 2 × M5 perçin somun;ön yüz ayar yuvalı;CEK_K1_lahm_6;ÜRETİM
CEK_K1_lahm_6_on_baglanti_sag;on baglanti;0;304 · lazer / lama;alt gövde → ön bağlantı köşesi;CEK_K1_lahm_6;ALT
CEK_K1_lahm_6_ray_adaptor_sol;Ray adaptör lamı 6 mm;2;304 lama · kutuya punta;ray iç profiline 4 × M4;CEK_K1_lahm_6;ÜRETİM
CEK_K1_lahm_6_ray_adaptor_sag;ray adaptor;0;304 · lazer / lama;alt gövde → ray adaptör lamı;CEK_K1_lahm_6;ALT
CEK_K1_lahm_6_ray_dis_sol;Teleskopik ray Accuride DZ3832-0070;2;700 · %100 açılır · 3 elemanlı · 45,7 × 12,7 · 45–50 kg (çift);dış eleman kolon yan duvarına 4 × M5;CEK_K1_lahm_6;SATIN ALMA
CEK_K1_lahm_6_ray_ara_sol;ray ara;0;304 · lazer / lama;alt gövde → Accuride DZ3832-0070 (ara eleman);CEK_K1_lahm_6;ALT
CEK_K1_lahm_6_ray_ic_sol;ray ic;0;304 · lazer / lama;alt gövde → Accuride DZ3832-0070 (iç eleman);CEK_K1_lahm_6;ALT
CEK_K1_lahm_6_ray_dis_sag;ray dis;0;304 · lazer / lama;alt gövde → Accuride DZ3832-0070;CEK_K1_lahm_6;ALT
CEK_K1_lahm_6_ray_ara_sag;ray ara;0;304 · lazer / lama;alt gövde → Accuride DZ3832-0070 (ara eleman);CEK_K1_lahm_6;ALT
CEK_K1_lahm_6_ray_ic_sag;ray ic;0;304 · lazer / lama;alt gövde → Accuride DZ3832-0070 (iç eleman);CEK_K1_lahm_6;ALT
CEK_K1_lahm_6_motor_kasnagi;GT3 kasnak 30 diş · 6 mm · flanşlı;1;alüminyum · delik Ø8 H7 + düz;PD 28,65 · çevre 90 mm;CEK_K1_lahm_6;SATIN ALMA
CEK_K1_lahm_6_motor_mili;motor mili;0;304 · lazer / lama;alt gövde → Transmotec PD3665;CEK_K1_lahm_6;ALT
CEK_K1_lahm_6_motor_gobegi;motor gobegi;0;304 · lazer / lama;alt gövde → Transmotec PD3665;CEK_K1_lahm_6;ALT
CEK_K1_lahm_6_motor_reduktor;Motor Transmotec PD3665-24-51-BFEC;1;24 V · planet 51:1 · 127 d/dk · 0,853 N·m · manyetik enkoder · EMC filtreli;Ø36 × 115,5 + enkoder · datasheet: transmotec.com PD3665;CEK_K1_lahm_6;SATIN ALMA
CEK_K1_lahm_6_motor_govde;motor govde;0;;alt gövde → Transmotec PD3665;CEK_K1_lahm_6;ALT
CEK_K1_lahm_6_enkoder_kapagi;enkoder kapagi;0;;alt gövde → Transmotec PD3665;CEK_K1_lahm_6;ALT
CEK_K1_lahm_6_m12_soket;M12 4 pin soket + kablo;1;motor + enkoder tek soket · kasada sabit;kablo dikey kanala;CEK_K1_lahm_6;SATIN ALMA
CEK_K1_lahm_6_motor_braketi;Motor braketi 3 mm;1;304 lazer + büküm · 4 × M3 (Ø31) + arka duvara 2 × M5;kasnak hizası buradan;CEK_K1_lahm_6;ÜRETİM
CEK_K1_lahm_6_avara;GT3 avara 30 diş · 6 mm · çift rulman;1;alüminyum · 2 × 625-2RS;ön çerçevenin 17 mm arkası;CEK_K1_lahm_6;SATIN ALMA
CEK_K1_lahm_6_avara_mili;avara mili;1;304 · lazer / lama;zarf 12.2 × 5.0 × 5.0;CEK_K1_lahm_6;ÜRETİM
CEK_K1_lahm_6_avara_kolu;Avara kolu 3 mm;1;304 büküm · ön çerçevenin arkasına 2 × M4 perçin somun;kayış gergisi burada: 8 mm yuvalı;CEK_K1_lahm_6;ÜRETİM
CEK_K1_lahm_6_kayis_GT3;Kayış GT3 6 mm kapalı çevrim;1;~1482 mm (494 diş) · çelik kordlu;tedarikçi boyu doğrulayacak;CEK_K1_lahm_6;SATIN ALMA
CEK_K1_lahm_6_kayis_cenesi;Kayış çenesi + kolu;1;304 · kutunun yan duvarına kaynaklı · dişli çene 2 × M3;kutunun arkasından kasnağa uzanır (strok için);CEK_K1_lahm_6;ÜRETİM
CEK_K1_lahm_6_miknatis_ayagi;miknatis ayagi;1;304 · lazer / lama;zarf 6.3 × 2.3 × 28.6;CEK_K1_lahm_6;ÜRETİM
CEK_K1_lahm_6_miknatis_57135;Mıknatıs Littelfuse 57135-000;1;AlNiCo 5 · flanşlı 28,57 × 19,05 × 6,35;çenenin üstünde;CEK_K1_lahm_6;SATIN ALMA
CEK_K1_lahm_6_reed_kapali;Reed sensör Littelfuse 59135-010;2;NO · flanşlı 28,57 × 19,05 × 6,35;KAPALI + AÇIK konum · PLC girişine;CEK_K1_lahm_6;SATIN ALMA
CEK_K1_lahm_6_reed_acik;reed acik;0;;alt gövde → Littelfuse 59135;CEK_K1_lahm_6;ALT
CEK_K1_lahm_6_sensor_lami;sensor lami;1;304 · lazer / lama;zarf 6.3 × 2.0 × 679.0;CEK_K1_lahm_6;ÜRETİM
CEK_K1_lahm_6_tepsi;Tepsi · 36 çukur Ø80;1;gıda silikonu 10 mm · çukur 7 · kalıp döküm;530 × 540;CEK_K1_lahm_6;ÜRETİM
CEK_K2_lahm_1_on_dis_sac_1.5;Çekmece önü 40 · kulpsuz · tam kaplama;1;dış 304 1,5 bükme + PU 37,5 köpük + iç 304 1,0 (fitil kanallı);652 × 132;CEK_K2_lahm_1;ÜRETİM
CEK_K2_lahm_1_on_pu;on pu;0;PU köpük (gövdeyle birlikte enjeksiyon);alt gövde → çekmece önü / kapak katmanı;CEK_K2_lahm_1;ALT
CEK_K2_lahm_1_on_ic_sac_1.0;on ic sac 1.0;0;304 sac · lazer + büküm;alt gövde → çekmece önü / kapak katmanı;CEK_K2_lahm_1;ALT
CEK_K2_lahm_1_on_fitil;Fitil · geçmeli manyetik profil 21 × 18,5;1;PVC + şerit mıknatıs · kapak iç sacının 6,4'lük kanalına geçer · aletsiz sökülür;çevre 1392 mm · köşeler gönye kaynaklı;CEK_K2_lahm_1;SATIN ALMA
CEK_K2_lahm_1_kutu_U_1.0;Çekmece kutusu U 1,0;1;304 lazer + 2 büküm;560 × 45 × 550;CEK_K2_lahm_1;ÜRETİM
CEK_K2_lahm_1_kutu_arka_1.0;kutu arka 1.0;0;304 sac · lazer + büküm;alt gövde → çekmece kutusu;CEK_K2_lahm_1;ALT
CEK_K2_lahm_1_kutu_on_1.0;kutu on 1.0;0;304 sac · lazer + büküm;alt gövde → çekmece kutusu;CEK_K2_lahm_1;ALT
CEK_K2_lahm_1_on_baglanti_sol;Ön bağlantı köşesi;2;304 2 mm büküm · öne 2 × M5 perçin somun;ön yüz ayar yuvalı;CEK_K2_lahm_1;ÜRETİM
CEK_K2_lahm_1_on_baglanti_sag;on baglanti;0;304 · lazer / lama;alt gövde → ön bağlantı köşesi;CEK_K2_lahm_1;ALT
CEK_K2_lahm_1_ray_adaptor_sol;Ray adaptör lamı 6 mm;2;304 lama · kutuya punta;ray iç profiline 4 × M4;CEK_K2_lahm_1;ÜRETİM
CEK_K2_lahm_1_ray_adaptor_sag;ray adaptor;0;304 · lazer / lama;alt gövde → ray adaptör lamı;CEK_K2_lahm_1;ALT
CEK_K2_lahm_1_ray_dis_sol;Teleskopik ray Accuride DZ3832-0070;2;700 · %100 açılır · 3 elemanlı · 45,7 × 12,7 · 45–50 kg (çift);dış eleman kolon yan duvarına 4 × M5;CEK_K2_lahm_1;SATIN ALMA
CEK_K2_lahm_1_ray_ara_sol;ray ara;0;304 · lazer / lama;alt gövde → Accuride DZ3832-0070 (ara eleman);CEK_K2_lahm_1;ALT
CEK_K2_lahm_1_ray_ic_sol;ray ic;0;304 · lazer / lama;alt gövde → Accuride DZ3832-0070 (iç eleman);CEK_K2_lahm_1;ALT
CEK_K2_lahm_1_ray_dis_sag;ray dis;0;304 · lazer / lama;alt gövde → Accuride DZ3832-0070;CEK_K2_lahm_1;ALT
CEK_K2_lahm_1_ray_ara_sag;ray ara;0;304 · lazer / lama;alt gövde → Accuride DZ3832-0070 (ara eleman);CEK_K2_lahm_1;ALT
CEK_K2_lahm_1_ray_ic_sag;ray ic;0;304 · lazer / lama;alt gövde → Accuride DZ3832-0070 (iç eleman);CEK_K2_lahm_1;ALT
CEK_K2_lahm_1_motor_kasnagi;GT3 kasnak 30 diş · 6 mm · flanşlı;1;alüminyum · delik Ø8 H7 + düz;PD 28,65 · çevre 90 mm;CEK_K2_lahm_1;SATIN ALMA
CEK_K2_lahm_1_motor_mili;motor mili;0;304 · lazer / lama;alt gövde → Transmotec PD3665;CEK_K2_lahm_1;ALT
CEK_K2_lahm_1_motor_gobegi;motor gobegi;0;304 · lazer / lama;alt gövde → Transmotec PD3665;CEK_K2_lahm_1;ALT
CEK_K2_lahm_1_motor_reduktor;Motor Transmotec PD3665-24-51-BFEC;1;24 V · planet 51:1 · 127 d/dk · 0,853 N·m · manyetik enkoder · EMC filtreli;Ø36 × 115,5 + enkoder · datasheet: transmotec.com PD3665;CEK_K2_lahm_1;SATIN ALMA
CEK_K2_lahm_1_motor_govde;motor govde;0;;alt gövde → Transmotec PD3665;CEK_K2_lahm_1;ALT
CEK_K2_lahm_1_enkoder_kapagi;enkoder kapagi;0;;alt gövde → Transmotec PD3665;CEK_K2_lahm_1;ALT
CEK_K2_lahm_1_m12_soket;M12 4 pin soket + kablo;1;motor + enkoder tek soket · kasada sabit;kablo dikey kanala;CEK_K2_lahm_1;SATIN ALMA
CEK_K2_lahm_1_motor_braketi;Motor braketi 3 mm;1;304 lazer + büküm · 4 × M3 (Ø31) + arka duvara 2 × M5;kasnak hizası buradan;CEK_K2_lahm_1;ÜRETİM
CEK_K2_lahm_1_avara;GT3 avara 30 diş · 6 mm · çift rulman;1;alüminyum · 2 × 625-2RS;ön çerçevenin 17 mm arkası;CEK_K2_lahm_1;SATIN ALMA
CEK_K2_lahm_1_avara_mili;avara mili;1;304 · lazer / lama;zarf 12.2 × 5.0 × 5.0;CEK_K2_lahm_1;ÜRETİM
CEK_K2_lahm_1_avara_kolu;Avara kolu 3 mm;1;304 büküm · ön çerçevenin arkasına 2 × M4 perçin somun;kayış gergisi burada: 8 mm yuvalı;CEK_K2_lahm_1;ÜRETİM
CEK_K2_lahm_1_kayis_GT3;Kayış GT3 6 mm kapalı çevrim;1;~1482 mm (494 diş) · çelik kordlu;tedarikçi boyu doğrulayacak;CEK_K2_lahm_1;SATIN ALMA
CEK_K2_lahm_1_kayis_cenesi;Kayış çenesi + kolu;1;304 · kutunun yan duvarına kaynaklı · dişli çene 2 × M3;kutunun arkasından kasnağa uzanır (strok için);CEK_K2_lahm_1;ÜRETİM
CEK_K2_lahm_1_miknatis_ayagi;miknatis ayagi;1;304 · lazer / lama;zarf 6.4 × 2.3 × 28.6;CEK_K2_lahm_1;ÜRETİM
CEK_K2_lahm_1_miknatis_57135;Mıknatıs Littelfuse 57135-000;1;AlNiCo 5 · flanşlı 28,57 × 19,05 × 6,35;çenenin üstünde;CEK_K2_lahm_1;SATIN ALMA
CEK_K2_lahm_1_reed_kapali;Reed sensör Littelfuse 59135-010;2;NO · flanşlı 28,57 × 19,05 × 6,35;KAPALI + AÇIK konum · PLC girişine;CEK_K2_lahm_1;SATIN ALMA
CEK_K2_lahm_1_reed_acik;reed acik;0;;alt gövde → Littelfuse 59135;CEK_K2_lahm_1;ALT
CEK_K2_lahm_1_sensor_lami;sensor lami;1;304 · lazer / lama;zarf 6.4 × 2.0 × 679.0;CEK_K2_lahm_1;ÜRETİM
CEK_K2_lahm_1_tepsi;Tepsi · 36 çukur Ø80;1;gıda silikonu 10 mm · çukur 7 · kalıp döküm;530 × 540;CEK_K2_lahm_1;ÜRETİM
CEK_K2_lahm_2_on_dis_sac_1.5;Çekmece önü 40 · kulpsuz · tam kaplama;1;dış 304 1,5 bükme + PU 37,5 köpük + iç 304 1,0 (fitil kanallı);652 × 90;CEK_K2_lahm_2;ÜRETİM
CEK_K2_lahm_2_on_pu;on pu;0;PU köpük (gövdeyle birlikte enjeksiyon);alt gövde → çekmece önü / kapak katmanı;CEK_K2_lahm_2;ALT
CEK_K2_lahm_2_on_ic_sac_1.0;on ic sac 1.0;0;304 sac · lazer + büküm;alt gövde → çekmece önü / kapak katmanı;CEK_K2_lahm_2;ALT
CEK_K2_lahm_2_on_fitil;Fitil · geçmeli manyetik profil 21 × 18,5;1;PVC + şerit mıknatıs · kapak iç sacının 6,4'lük kanalına geçer · aletsiz sökülür;çevre 1392 mm · köşeler gönye kaynaklı;CEK_K2_lahm_2;SATIN ALMA
CEK_K2_lahm_2_kutu_U_1.0;Çekmece kutusu U 1,0;1;304 lazer + 2 büküm;560 × 45 × 550;CEK_K2_lahm_2;ÜRETİM
CEK_K2_lahm_2_kutu_arka_1.0;kutu arka 1.0;0;304 sac · lazer + büküm;alt gövde → çekmece kutusu;CEK_K2_lahm_2;ALT
CEK_K2_lahm_2_kutu_on_1.0;kutu on 1.0;0;304 sac · lazer + büküm;alt gövde → çekmece kutusu;CEK_K2_lahm_2;ALT
CEK_K2_lahm_2_on_baglanti_sol;Ön bağlantı köşesi;2;304 2 mm büküm · öne 2 × M5 perçin somun;ön yüz ayar yuvalı;CEK_K2_lahm_2;ÜRETİM
CEK_K2_lahm_2_on_baglanti_sag;on baglanti;0;304 · lazer / lama;alt gövde → ön bağlantı köşesi;CEK_K2_lahm_2;ALT
CEK_K2_lahm_2_ray_adaptor_sol;Ray adaptör lamı 6 mm;2;304 lama · kutuya punta;ray iç profiline 4 × M4;CEK_K2_lahm_2;ÜRETİM
CEK_K2_lahm_2_ray_adaptor_sag;ray adaptor;0;304 · lazer / lama;alt gövde → ray adaptör lamı;CEK_K2_lahm_2;ALT
CEK_K2_lahm_2_ray_dis_sol;Teleskopik ray Accuride DZ3832-0070;2;700 · %100 açılır · 3 elemanlı · 45,7 × 12,7 · 45–50 kg (çift);dış eleman kolon yan duvarına 4 × M5;CEK_K2_lahm_2;SATIN ALMA
CEK_K2_lahm_2_ray_ara_sol;ray ara;0;304 · lazer / lama;alt gövde → Accuride DZ3832-0070 (ara eleman);CEK_K2_lahm_2;ALT
CEK_K2_lahm_2_ray_ic_sol;ray ic;0;304 · lazer / lama;alt gövde → Accuride DZ3832-0070 (iç eleman);CEK_K2_lahm_2;ALT
CEK_K2_lahm_2_ray_dis_sag;ray dis;0;304 · lazer / lama;alt gövde → Accuride DZ3832-0070;CEK_K2_lahm_2;ALT
CEK_K2_lahm_2_ray_ara_sag;ray ara;0;304 · lazer / lama;alt gövde → Accuride DZ3832-0070 (ara eleman);CEK_K2_lahm_2;ALT
CEK_K2_lahm_2_ray_ic_sag;ray ic;0;304 · lazer / lama;alt gövde → Accuride DZ3832-0070 (iç eleman);CEK_K2_lahm_2;ALT
CEK_K2_lahm_2_motor_kasnagi;GT3 kasnak 30 diş · 6 mm · flanşlı;1;alüminyum · delik Ø8 H7 + düz;PD 28,65 · çevre 90 mm;CEK_K2_lahm_2;SATIN ALMA
CEK_K2_lahm_2_motor_mili;motor mili;0;304 · lazer / lama;alt gövde → Transmotec PD3665;CEK_K2_lahm_2;ALT
CEK_K2_lahm_2_motor_gobegi;motor gobegi;0;304 · lazer / lama;alt gövde → Transmotec PD3665;CEK_K2_lahm_2;ALT
CEK_K2_lahm_2_motor_reduktor;Motor Transmotec PD3665-24-51-BFEC;1;24 V · planet 51:1 · 127 d/dk · 0,853 N·m · manyetik enkoder · EMC filtreli;Ø36 × 115,5 + enkoder · datasheet: transmotec.com PD3665;CEK_K2_lahm_2;SATIN ALMA
CEK_K2_lahm_2_motor_govde;motor govde;0;;alt gövde → Transmotec PD3665;CEK_K2_lahm_2;ALT
CEK_K2_lahm_2_enkoder_kapagi;enkoder kapagi;0;;alt gövde → Transmotec PD3665;CEK_K2_lahm_2;ALT
CEK_K2_lahm_2_m12_soket;M12 4 pin soket + kablo;1;motor + enkoder tek soket · kasada sabit;kablo dikey kanala;CEK_K2_lahm_2;SATIN ALMA
CEK_K2_lahm_2_motor_braketi;Motor braketi 3 mm;1;304 lazer + büküm · 4 × M3 (Ø31) + arka duvara 2 × M5;kasnak hizası buradan;CEK_K2_lahm_2;ÜRETİM
CEK_K2_lahm_2_avara;GT3 avara 30 diş · 6 mm · çift rulman;1;alüminyum · 2 × 625-2RS;ön çerçevenin 17 mm arkası;CEK_K2_lahm_2;SATIN ALMA
CEK_K2_lahm_2_avara_mili;avara mili;1;304 · lazer / lama;zarf 12.2 × 5.0 × 5.0;CEK_K2_lahm_2;ÜRETİM
CEK_K2_lahm_2_avara_kolu;Avara kolu 3 mm;1;304 büküm · ön çerçevenin arkasına 2 × M4 perçin somun;kayış gergisi burada: 8 mm yuvalı;CEK_K2_lahm_2;ÜRETİM
CEK_K2_lahm_2_kayis_GT3;Kayış GT3 6 mm kapalı çevrim;1;~1482 mm (494 diş) · çelik kordlu;tedarikçi boyu doğrulayacak;CEK_K2_lahm_2;SATIN ALMA
CEK_K2_lahm_2_kayis_cenesi;Kayış çenesi + kolu;1;304 · kutunun yan duvarına kaynaklı · dişli çene 2 × M3;kutunun arkasından kasnağa uzanır (strok için);CEK_K2_lahm_2;ÜRETİM
CEK_K2_lahm_2_miknatis_ayagi;miknatis ayagi;1;304 · lazer / lama;zarf 6.4 × 2.3 × 28.6;CEK_K2_lahm_2;ÜRETİM
CEK_K2_lahm_2_miknatis_57135;Mıknatıs Littelfuse 57135-000;1;AlNiCo 5 · flanşlı 28,57 × 19,05 × 6,35;çenenin üstünde;CEK_K2_lahm_2;SATIN ALMA
CEK_K2_lahm_2_reed_kapali;Reed sensör Littelfuse 59135-010;2;NO · flanşlı 28,57 × 19,05 × 6,35;KAPALI + AÇIK konum · PLC girişine;CEK_K2_lahm_2;SATIN ALMA
CEK_K2_lahm_2_reed_acik;reed acik;0;;alt gövde → Littelfuse 59135;CEK_K2_lahm_2;ALT
CEK_K2_lahm_2_sensor_lami;sensor lami;1;304 · lazer / lama;zarf 6.4 × 2.0 × 679.0;CEK_K2_lahm_2;ÜRETİM
CEK_K2_lahm_2_tepsi;Tepsi · 36 çukur Ø80;1;gıda silikonu 10 mm · çukur 7 · kalıp döküm;530 × 540;CEK_K2_lahm_2;ÜRETİM
CEK_K2_lahm_3_on_dis_sac_1.5;Çekmece önü 40 · kulpsuz · tam kaplama;1;dış 304 1,5 bükme + PU 37,5 köpük + iç 304 1,0 (fitil kanallı);652 × 90;CEK_K2_lahm_3;ÜRETİM
CEK_K2_lahm_3_on_pu;on pu;0;PU köpük (gövdeyle birlikte enjeksiyon);alt gövde → çekmece önü / kapak katmanı;CEK_K2_lahm_3;ALT
CEK_K2_lahm_3_on_ic_sac_1.0;on ic sac 1.0;0;304 sac · lazer + büküm;alt gövde → çekmece önü / kapak katmanı;CEK_K2_lahm_3;ALT
CEK_K2_lahm_3_on_fitil;Fitil · geçmeli manyetik profil 21 × 18,5;1;PVC + şerit mıknatıs · kapak iç sacının 6,4'lük kanalına geçer · aletsiz sökülür;çevre 1392 mm · köşeler gönye kaynaklı;CEK_K2_lahm_3;SATIN ALMA
CEK_K2_lahm_3_kutu_U_1.0;Çekmece kutusu U 1,0;1;304 lazer + 2 büküm;560 × 45 × 550;CEK_K2_lahm_3;ÜRETİM
CEK_K2_lahm_3_kutu_arka_1.0;kutu arka 1.0;0;304 sac · lazer + büküm;alt gövde → çekmece kutusu;CEK_K2_lahm_3;ALT
CEK_K2_lahm_3_kutu_on_1.0;kutu on 1.0;0;304 sac · lazer + büküm;alt gövde → çekmece kutusu;CEK_K2_lahm_3;ALT
CEK_K2_lahm_3_on_baglanti_sol;Ön bağlantı köşesi;2;304 2 mm büküm · öne 2 × M5 perçin somun;ön yüz ayar yuvalı;CEK_K2_lahm_3;ÜRETİM
CEK_K2_lahm_3_on_baglanti_sag;on baglanti;0;304 · lazer / lama;alt gövde → ön bağlantı köşesi;CEK_K2_lahm_3;ALT
CEK_K2_lahm_3_ray_adaptor_sol;Ray adaptör lamı 6 mm;2;304 lama · kutuya punta;ray iç profiline 4 × M4;CEK_K2_lahm_3;ÜRETİM
CEK_K2_lahm_3_ray_adaptor_sag;ray adaptor;0;304 · lazer / lama;alt gövde → ray adaptör lamı;CEK_K2_lahm_3;ALT
CEK_K2_lahm_3_ray_dis_sol;Teleskopik ray Accuride DZ3832-0070;2;700 · %100 açılır · 3 elemanlı · 45,7 × 12,7 · 45–50 kg (çift);dış eleman kolon yan duvarına 4 × M5;CEK_K2_lahm_3;SATIN ALMA
CEK_K2_lahm_3_ray_ara_sol;ray ara;0;304 · lazer / lama;alt gövde → Accuride DZ3832-0070 (ara eleman);CEK_K2_lahm_3;ALT
CEK_K2_lahm_3_ray_ic_sol;ray ic;0;304 · lazer / lama;alt gövde → Accuride DZ3832-0070 (iç eleman);CEK_K2_lahm_3;ALT
CEK_K2_lahm_3_ray_dis_sag;ray dis;0;304 · lazer / lama;alt gövde → Accuride DZ3832-0070;CEK_K2_lahm_3;ALT
CEK_K2_lahm_3_ray_ara_sag;ray ara;0;304 · lazer / lama;alt gövde → Accuride DZ3832-0070 (ara eleman);CEK_K2_lahm_3;ALT
CEK_K2_lahm_3_ray_ic_sag;ray ic;0;304 · lazer / lama;alt gövde → Accuride DZ3832-0070 (iç eleman);CEK_K2_lahm_3;ALT
CEK_K2_lahm_3_motor_kasnagi;GT3 kasnak 30 diş · 6 mm · flanşlı;1;alüminyum · delik Ø8 H7 + düz;PD 28,65 · çevre 90 mm;CEK_K2_lahm_3;SATIN ALMA
CEK_K2_lahm_3_motor_mili;motor mili;0;304 · lazer / lama;alt gövde → Transmotec PD3665;CEK_K2_lahm_3;ALT
CEK_K2_lahm_3_motor_gobegi;motor gobegi;0;304 · lazer / lama;alt gövde → Transmotec PD3665;CEK_K2_lahm_3;ALT
CEK_K2_lahm_3_motor_reduktor;Motor Transmotec PD3665-24-51-BFEC;1;24 V · planet 51:1 · 127 d/dk · 0,853 N·m · manyetik enkoder · EMC filtreli;Ø36 × 115,5 + enkoder · datasheet: transmotec.com PD3665;CEK_K2_lahm_3;SATIN ALMA
CEK_K2_lahm_3_motor_govde;motor govde;0;;alt gövde → Transmotec PD3665;CEK_K2_lahm_3;ALT
CEK_K2_lahm_3_enkoder_kapagi;enkoder kapagi;0;;alt gövde → Transmotec PD3665;CEK_K2_lahm_3;ALT
CEK_K2_lahm_3_m12_soket;M12 4 pin soket + kablo;1;motor + enkoder tek soket · kasada sabit;kablo dikey kanala;CEK_K2_lahm_3;SATIN ALMA
CEK_K2_lahm_3_motor_braketi;Motor braketi 3 mm;1;304 lazer + büküm · 4 × M3 (Ø31) + arka duvara 2 × M5;kasnak hizası buradan;CEK_K2_lahm_3;ÜRETİM
CEK_K2_lahm_3_avara;GT3 avara 30 diş · 6 mm · çift rulman;1;alüminyum · 2 × 625-2RS;ön çerçevenin 17 mm arkası;CEK_K2_lahm_3;SATIN ALMA
CEK_K2_lahm_3_avara_mili;avara mili;1;304 · lazer / lama;zarf 12.2 × 5.0 × 5.0;CEK_K2_lahm_3;ÜRETİM
CEK_K2_lahm_3_avara_kolu;Avara kolu 3 mm;1;304 büküm · ön çerçevenin arkasına 2 × M4 perçin somun;kayış gergisi burada: 8 mm yuvalı;CEK_K2_lahm_3;ÜRETİM
CEK_K2_lahm_3_kayis_GT3;Kayış GT3 6 mm kapalı çevrim;1;~1482 mm (494 diş) · çelik kordlu;tedarikçi boyu doğrulayacak;CEK_K2_lahm_3;SATIN ALMA
CEK_K2_lahm_3_kayis_cenesi;Kayış çenesi + kolu;1;304 · kutunun yan duvarına kaynaklı · dişli çene 2 × M3;kutunun arkasından kasnağa uzanır (strok için);CEK_K2_lahm_3;ÜRETİM
CEK_K2_lahm_3_miknatis_ayagi;miknatis ayagi;1;304 · lazer / lama;zarf 6.4 × 2.3 × 28.6;CEK_K2_lahm_3;ÜRETİM
CEK_K2_lahm_3_miknatis_57135;Mıknatıs Littelfuse 57135-000;1;AlNiCo 5 · flanşlı 28,57 × 19,05 × 6,35;çenenin üstünde;CEK_K2_lahm_3;SATIN ALMA
CEK_K2_lahm_3_reed_kapali;Reed sensör Littelfuse 59135-010;2;NO · flanşlı 28,57 × 19,05 × 6,35;KAPALI + AÇIK konum · PLC girişine;CEK_K2_lahm_3;SATIN ALMA
CEK_K2_lahm_3_reed_acik;reed acik;0;;alt gövde → Littelfuse 59135;CEK_K2_lahm_3;ALT
CEK_K2_lahm_3_sensor_lami;sensor lami;1;304 · lazer / lama;zarf 6.4 × 2.0 × 679.0;CEK_K2_lahm_3;ÜRETİM
CEK_K2_lahm_3_tepsi;Tepsi · 36 çukur Ø80;1;gıda silikonu 10 mm · çukur 7 · kalıp döküm;530 × 540;CEK_K2_lahm_3;ÜRETİM
CEK_K2_lahm_4_on_dis_sac_1.5;Çekmece önü 40 · kulpsuz · tam kaplama;1;dış 304 1,5 bükme + PU 37,5 köpük + iç 304 1,0 (fitil kanallı);652 × 90;CEK_K2_lahm_4;ÜRETİM
CEK_K2_lahm_4_on_pu;on pu;0;PU köpük (gövdeyle birlikte enjeksiyon);alt gövde → çekmece önü / kapak katmanı;CEK_K2_lahm_4;ALT
CEK_K2_lahm_4_on_ic_sac_1.0;on ic sac 1.0;0;304 sac · lazer + büküm;alt gövde → çekmece önü / kapak katmanı;CEK_K2_lahm_4;ALT
CEK_K2_lahm_4_on_fitil;Fitil · geçmeli manyetik profil 21 × 18,5;1;PVC + şerit mıknatıs · kapak iç sacının 6,4'lük kanalına geçer · aletsiz sökülür;çevre 1392 mm · köşeler gönye kaynaklı;CEK_K2_lahm_4;SATIN ALMA
CEK_K2_lahm_4_kutu_U_1.0;Çekmece kutusu U 1,0;1;304 lazer + 2 büküm;560 × 45 × 550;CEK_K2_lahm_4;ÜRETİM
CEK_K2_lahm_4_kutu_arka_1.0;kutu arka 1.0;0;304 sac · lazer + büküm;alt gövde → çekmece kutusu;CEK_K2_lahm_4;ALT
CEK_K2_lahm_4_kutu_on_1.0;kutu on 1.0;0;304 sac · lazer + büküm;alt gövde → çekmece kutusu;CEK_K2_lahm_4;ALT
CEK_K2_lahm_4_on_baglanti_sol;Ön bağlantı köşesi;2;304 2 mm büküm · öne 2 × M5 perçin somun;ön yüz ayar yuvalı;CEK_K2_lahm_4;ÜRETİM
CEK_K2_lahm_4_on_baglanti_sag;on baglanti;0;304 · lazer / lama;alt gövde → ön bağlantı köşesi;CEK_K2_lahm_4;ALT
CEK_K2_lahm_4_ray_adaptor_sol;Ray adaptör lamı 6 mm;2;304 lama · kutuya punta;ray iç profiline 4 × M4;CEK_K2_lahm_4;ÜRETİM
CEK_K2_lahm_4_ray_adaptor_sag;ray adaptor;0;304 · lazer / lama;alt gövde → ray adaptör lamı;CEK_K2_lahm_4;ALT
CEK_K2_lahm_4_ray_dis_sol;Teleskopik ray Accuride DZ3832-0070;2;700 · %100 açılır · 3 elemanlı · 45,7 × 12,7 · 45–50 kg (çift);dış eleman kolon yan duvarına 4 × M5;CEK_K2_lahm_4;SATIN ALMA
CEK_K2_lahm_4_ray_ara_sol;ray ara;0;304 · lazer / lama;alt gövde → Accuride DZ3832-0070 (ara eleman);CEK_K2_lahm_4;ALT
CEK_K2_lahm_4_ray_ic_sol;ray ic;0;304 · lazer / lama;alt gövde → Accuride DZ3832-0070 (iç eleman);CEK_K2_lahm_4;ALT
CEK_K2_lahm_4_ray_dis_sag;ray dis;0;304 · lazer / lama;alt gövde → Accuride DZ3832-0070;CEK_K2_lahm_4;ALT
CEK_K2_lahm_4_ray_ara_sag;ray ara;0;304 · lazer / lama;alt gövde → Accuride DZ3832-0070 (ara eleman);CEK_K2_lahm_4;ALT
CEK_K2_lahm_4_ray_ic_sag;ray ic;0;304 · lazer / lama;alt gövde → Accuride DZ3832-0070 (iç eleman);CEK_K2_lahm_4;ALT
CEK_K2_lahm_4_motor_kasnagi;GT3 kasnak 30 diş · 6 mm · flanşlı;1;alüminyum · delik Ø8 H7 + düz;PD 28,65 · çevre 90 mm;CEK_K2_lahm_4;SATIN ALMA
CEK_K2_lahm_4_motor_mili;motor mili;0;304 · lazer / lama;alt gövde → Transmotec PD3665;CEK_K2_lahm_4;ALT
CEK_K2_lahm_4_motor_gobegi;motor gobegi;0;304 · lazer / lama;alt gövde → Transmotec PD3665;CEK_K2_lahm_4;ALT
CEK_K2_lahm_4_motor_reduktor;Motor Transmotec PD3665-24-51-BFEC;1;24 V · planet 51:1 · 127 d/dk · 0,853 N·m · manyetik enkoder · EMC filtreli;Ø36 × 115,5 + enkoder · datasheet: transmotec.com PD3665;CEK_K2_lahm_4;SATIN ALMA
CEK_K2_lahm_4_motor_govde;motor govde;0;;alt gövde → Transmotec PD3665;CEK_K2_lahm_4;ALT
CEK_K2_lahm_4_enkoder_kapagi;enkoder kapagi;0;;alt gövde → Transmotec PD3665;CEK_K2_lahm_4;ALT
CEK_K2_lahm_4_m12_soket;M12 4 pin soket + kablo;1;motor + enkoder tek soket · kasada sabit;kablo dikey kanala;CEK_K2_lahm_4;SATIN ALMA
CEK_K2_lahm_4_motor_braketi;Motor braketi 3 mm;1;304 lazer + büküm · 4 × M3 (Ø31) + arka duvara 2 × M5;kasnak hizası buradan;CEK_K2_lahm_4;ÜRETİM
CEK_K2_lahm_4_avara;GT3 avara 30 diş · 6 mm · çift rulman;1;alüminyum · 2 × 625-2RS;ön çerçevenin 17 mm arkası;CEK_K2_lahm_4;SATIN ALMA
CEK_K2_lahm_4_avara_mili;avara mili;1;304 · lazer / lama;zarf 12.2 × 5.0 × 5.0;CEK_K2_lahm_4;ÜRETİM
CEK_K2_lahm_4_avara_kolu;Avara kolu 3 mm;1;304 büküm · ön çerçevenin arkasına 2 × M4 perçin somun;kayış gergisi burada: 8 mm yuvalı;CEK_K2_lahm_4;ÜRETİM
CEK_K2_lahm_4_kayis_GT3;Kayış GT3 6 mm kapalı çevrim;1;~1482 mm (494 diş) · çelik kordlu;tedarikçi boyu doğrulayacak;CEK_K2_lahm_4;SATIN ALMA
CEK_K2_lahm_4_kayis_cenesi;Kayış çenesi + kolu;1;304 · kutunun yan duvarına kaynaklı · dişli çene 2 × M3;kutunun arkasından kasnağa uzanır (strok için);CEK_K2_lahm_4;ÜRETİM
CEK_K2_lahm_4_miknatis_ayagi;miknatis ayagi;1;304 · lazer / lama;zarf 6.4 × 2.3 × 28.6;CEK_K2_lahm_4;ÜRETİM
CEK_K2_lahm_4_miknatis_57135;Mıknatıs Littelfuse 57135-000;1;AlNiCo 5 · flanşlı 28,57 × 19,05 × 6,35;çenenin üstünde;CEK_K2_lahm_4;SATIN ALMA
CEK_K2_lahm_4_reed_kapali;Reed sensör Littelfuse 59135-010;2;NO · flanşlı 28,57 × 19,05 × 6,35;KAPALI + AÇIK konum · PLC girişine;CEK_K2_lahm_4;SATIN ALMA
CEK_K2_lahm_4_reed_acik;reed acik;0;;alt gövde → Littelfuse 59135;CEK_K2_lahm_4;ALT
CEK_K2_lahm_4_sensor_lami;sensor lami;1;304 · lazer / lama;zarf 6.4 × 2.0 × 679.0;CEK_K2_lahm_4;ÜRETİM
CEK_K2_lahm_4_tepsi;Tepsi · 36 çukur Ø80;1;gıda silikonu 10 mm · çukur 7 · kalıp döküm;530 × 540;CEK_K2_lahm_4;ÜRETİM
CEK_K2_lahm_5_on_dis_sac_1.5;Çekmece önü 40 · kulpsuz · tam kaplama;1;dış 304 1,5 bükme + PU 37,5 köpük + iç 304 1,0 (fitil kanallı);652 × 90;CEK_K2_lahm_5;ÜRETİM
CEK_K2_lahm_5_on_pu;on pu;0;PU köpük (gövdeyle birlikte enjeksiyon);alt gövde → çekmece önü / kapak katmanı;CEK_K2_lahm_5;ALT
CEK_K2_lahm_5_on_ic_sac_1.0;on ic sac 1.0;0;304 sac · lazer + büküm;alt gövde → çekmece önü / kapak katmanı;CEK_K2_lahm_5;ALT
CEK_K2_lahm_5_on_fitil;Fitil · geçmeli manyetik profil 21 × 18,5;1;PVC + şerit mıknatıs · kapak iç sacının 6,4'lük kanalına geçer · aletsiz sökülür;çevre 1392 mm · köşeler gönye kaynaklı;CEK_K2_lahm_5;SATIN ALMA
CEK_K2_lahm_5_kutu_U_1.0;Çekmece kutusu U 1,0;1;304 lazer + 2 büküm;560 × 45 × 550;CEK_K2_lahm_5;ÜRETİM
CEK_K2_lahm_5_kutu_arka_1.0;kutu arka 1.0;0;304 sac · lazer + büküm;alt gövde → çekmece kutusu;CEK_K2_lahm_5;ALT
CEK_K2_lahm_5_kutu_on_1.0;kutu on 1.0;0;304 sac · lazer + büküm;alt gövde → çekmece kutusu;CEK_K2_lahm_5;ALT
CEK_K2_lahm_5_on_baglanti_sol;Ön bağlantı köşesi;2;304 2 mm büküm · öne 2 × M5 perçin somun;ön yüz ayar yuvalı;CEK_K2_lahm_5;ÜRETİM
CEK_K2_lahm_5_on_baglanti_sag;on baglanti;0;304 · lazer / lama;alt gövde → ön bağlantı köşesi;CEK_K2_lahm_5;ALT
CEK_K2_lahm_5_ray_adaptor_sol;Ray adaptör lamı 6 mm;2;304 lama · kutuya punta;ray iç profiline 4 × M4;CEK_K2_lahm_5;ÜRETİM
CEK_K2_lahm_5_ray_adaptor_sag;ray adaptor;0;304 · lazer / lama;alt gövde → ray adaptör lamı;CEK_K2_lahm_5;ALT
CEK_K2_lahm_5_ray_dis_sol;Teleskopik ray Accuride DZ3832-0070;2;700 · %100 açılır · 3 elemanlı · 45,7 × 12,7 · 45–50 kg (çift);dış eleman kolon yan duvarına 4 × M5;CEK_K2_lahm_5;SATIN ALMA
CEK_K2_lahm_5_ray_ara_sol;ray ara;0;304 · lazer / lama;alt gövde → Accuride DZ3832-0070 (ara eleman);CEK_K2_lahm_5;ALT
CEK_K2_lahm_5_ray_ic_sol;ray ic;0;304 · lazer / lama;alt gövde → Accuride DZ3832-0070 (iç eleman);CEK_K2_lahm_5;ALT
CEK_K2_lahm_5_ray_dis_sag;ray dis;0;304 · lazer / lama;alt gövde → Accuride DZ3832-0070;CEK_K2_lahm_5;ALT
CEK_K2_lahm_5_ray_ara_sag;ray ara;0;304 · lazer / lama;alt gövde → Accuride DZ3832-0070 (ara eleman);CEK_K2_lahm_5;ALT
CEK_K2_lahm_5_ray_ic_sag;ray ic;0;304 · lazer / lama;alt gövde → Accuride DZ3832-0070 (iç eleman);CEK_K2_lahm_5;ALT
CEK_K2_lahm_5_motor_kasnagi;GT3 kasnak 30 diş · 6 mm · flanşlı;1;alüminyum · delik Ø8 H7 + düz;PD 28,65 · çevre 90 mm;CEK_K2_lahm_5;SATIN ALMA
CEK_K2_lahm_5_motor_mili;motor mili;0;304 · lazer / lama;alt gövde → Transmotec PD3665;CEK_K2_lahm_5;ALT
CEK_K2_lahm_5_motor_gobegi;motor gobegi;0;304 · lazer / lama;alt gövde → Transmotec PD3665;CEK_K2_lahm_5;ALT
CEK_K2_lahm_5_motor_reduktor;Motor Transmotec PD3665-24-51-BFEC;1;24 V · planet 51:1 · 127 d/dk · 0,853 N·m · manyetik enkoder · EMC filtreli;Ø36 × 115,5 + enkoder · datasheet: transmotec.com PD3665;CEK_K2_lahm_5;SATIN ALMA
CEK_K2_lahm_5_motor_govde;motor govde;0;;alt gövde → Transmotec PD3665;CEK_K2_lahm_5;ALT
CEK_K2_lahm_5_enkoder_kapagi;enkoder kapagi;0;;alt gövde → Transmotec PD3665;CEK_K2_lahm_5;ALT
CEK_K2_lahm_5_m12_soket;M12 4 pin soket + kablo;1;motor + enkoder tek soket · kasada sabit;kablo dikey kanala;CEK_K2_lahm_5;SATIN ALMA
CEK_K2_lahm_5_motor_braketi;Motor braketi 3 mm;1;304 lazer + büküm · 4 × M3 (Ø31) + arka duvara 2 × M5;kasnak hizası buradan;CEK_K2_lahm_5;ÜRETİM
CEK_K2_lahm_5_avara;GT3 avara 30 diş · 6 mm · çift rulman;1;alüminyum · 2 × 625-2RS;ön çerçevenin 17 mm arkası;CEK_K2_lahm_5;SATIN ALMA
CEK_K2_lahm_5_avara_mili;avara mili;1;304 · lazer / lama;zarf 12.2 × 5.0 × 5.0;CEK_K2_lahm_5;ÜRETİM
CEK_K2_lahm_5_avara_kolu;Avara kolu 3 mm;1;304 büküm · ön çerçevenin arkasına 2 × M4 perçin somun;kayış gergisi burada: 8 mm yuvalı;CEK_K2_lahm_5;ÜRETİM
CEK_K2_lahm_5_kayis_GT3;Kayış GT3 6 mm kapalı çevrim;1;~1482 mm (494 diş) · çelik kordlu;tedarikçi boyu doğrulayacak;CEK_K2_lahm_5;SATIN ALMA
CEK_K2_lahm_5_kayis_cenesi;Kayış çenesi + kolu;1;304 · kutunun yan duvarına kaynaklı · dişli çene 2 × M3;kutunun arkasından kasnağa uzanır (strok için);CEK_K2_lahm_5;ÜRETİM
CEK_K2_lahm_5_miknatis_ayagi;miknatis ayagi;1;304 · lazer / lama;zarf 6.4 × 2.3 × 28.6;CEK_K2_lahm_5;ÜRETİM
CEK_K2_lahm_5_miknatis_57135;Mıknatıs Littelfuse 57135-000;1;AlNiCo 5 · flanşlı 28,57 × 19,05 × 6,35;çenenin üstünde;CEK_K2_lahm_5;SATIN ALMA
CEK_K2_lahm_5_reed_kapali;Reed sensör Littelfuse 59135-010;2;NO · flanşlı 28,57 × 19,05 × 6,35;KAPALI + AÇIK konum · PLC girişine;CEK_K2_lahm_5;SATIN ALMA
CEK_K2_lahm_5_reed_acik;reed acik;0;;alt gövde → Littelfuse 59135;CEK_K2_lahm_5;ALT
CEK_K2_lahm_5_sensor_lami;sensor lami;1;304 · lazer / lama;zarf 6.4 × 2.0 × 679.0;CEK_K2_lahm_5;ÜRETİM
CEK_K2_lahm_5_tepsi;Tepsi · 36 çukur Ø80;1;gıda silikonu 10 mm · çukur 7 · kalıp döküm;530 × 540;CEK_K2_lahm_5;ÜRETİM
CEK_K2_lahm_6_on_dis_sac_1.5;Çekmece önü 40 · kulpsuz · tam kaplama;1;dış 304 1,5 bükme + PU 37,5 köpük + iç 304 1,0 (fitil kanallı);652 × 152;CEK_K2_lahm_6;ÜRETİM
CEK_K2_lahm_6_on_pu;on pu;0;PU köpük (gövdeyle birlikte enjeksiyon);alt gövde → çekmece önü / kapak katmanı;CEK_K2_lahm_6;ALT
CEK_K2_lahm_6_on_ic_sac_1.0;on ic sac 1.0;0;304 sac · lazer + büküm;alt gövde → çekmece önü / kapak katmanı;CEK_K2_lahm_6;ALT
CEK_K2_lahm_6_on_fitil;Fitil · geçmeli manyetik profil 21 × 18,5;1;PVC + şerit mıknatıs · kapak iç sacının 6,4'lük kanalına geçer · aletsiz sökülür;çevre 1392 mm · köşeler gönye kaynaklı;CEK_K2_lahm_6;SATIN ALMA
CEK_K2_lahm_6_kutu_U_1.0;Çekmece kutusu U 1,0;1;304 lazer + 2 büküm;560 × 45 × 550;CEK_K2_lahm_6;ÜRETİM
CEK_K2_lahm_6_kutu_arka_1.0;kutu arka 1.0;0;304 sac · lazer + büküm;alt gövde → çekmece kutusu;CEK_K2_lahm_6;ALT
CEK_K2_lahm_6_kutu_on_1.0;kutu on 1.0;0;304 sac · lazer + büküm;alt gövde → çekmece kutusu;CEK_K2_lahm_6;ALT
CEK_K2_lahm_6_on_baglanti_sol;Ön bağlantı köşesi;2;304 2 mm büküm · öne 2 × M5 perçin somun;ön yüz ayar yuvalı;CEK_K2_lahm_6;ÜRETİM
CEK_K2_lahm_6_on_baglanti_sag;on baglanti;0;304 · lazer / lama;alt gövde → ön bağlantı köşesi;CEK_K2_lahm_6;ALT
CEK_K2_lahm_6_ray_adaptor_sol;Ray adaptör lamı 6 mm;2;304 lama · kutuya punta;ray iç profiline 4 × M4;CEK_K2_lahm_6;ÜRETİM
CEK_K2_lahm_6_ray_adaptor_sag;ray adaptor;0;304 · lazer / lama;alt gövde → ray adaptör lamı;CEK_K2_lahm_6;ALT
CEK_K2_lahm_6_ray_dis_sol;Teleskopik ray Accuride DZ3832-0070;2;700 · %100 açılır · 3 elemanlı · 45,7 × 12,7 · 45–50 kg (çift);dış eleman kolon yan duvarına 4 × M5;CEK_K2_lahm_6;SATIN ALMA
CEK_K2_lahm_6_ray_ara_sol;ray ara;0;304 · lazer / lama;alt gövde → Accuride DZ3832-0070 (ara eleman);CEK_K2_lahm_6;ALT
CEK_K2_lahm_6_ray_ic_sol;ray ic;0;304 · lazer / lama;alt gövde → Accuride DZ3832-0070 (iç eleman);CEK_K2_lahm_6;ALT
CEK_K2_lahm_6_ray_dis_sag;ray dis;0;304 · lazer / lama;alt gövde → Accuride DZ3832-0070;CEK_K2_lahm_6;ALT
CEK_K2_lahm_6_ray_ara_sag;ray ara;0;304 · lazer / lama;alt gövde → Accuride DZ3832-0070 (ara eleman);CEK_K2_lahm_6;ALT
CEK_K2_lahm_6_ray_ic_sag;ray ic;0;304 · lazer / lama;alt gövde → Accuride DZ3832-0070 (iç eleman);CEK_K2_lahm_6;ALT
CEK_K2_lahm_6_motor_kasnagi;GT3 kasnak 30 diş · 6 mm · flanşlı;1;alüminyum · delik Ø8 H7 + düz;PD 28,65 · çevre 90 mm;CEK_K2_lahm_6;SATIN ALMA
CEK_K2_lahm_6_motor_mili;motor mili;0;304 · lazer / lama;alt gövde → Transmotec PD3665;CEK_K2_lahm_6;ALT
CEK_K2_lahm_6_motor_gobegi;motor gobegi;0;304 · lazer / lama;alt gövde → Transmotec PD3665;CEK_K2_lahm_6;ALT
CEK_K2_lahm_6_motor_reduktor;Motor Transmotec PD3665-24-51-BFEC;1;24 V · planet 51:1 · 127 d/dk · 0,853 N·m · manyetik enkoder · EMC filtreli;Ø36 × 115,5 + enkoder · datasheet: transmotec.com PD3665;CEK_K2_lahm_6;SATIN ALMA
CEK_K2_lahm_6_motor_govde;motor govde;0;;alt gövde → Transmotec PD3665;CEK_K2_lahm_6;ALT
CEK_K2_lahm_6_enkoder_kapagi;enkoder kapagi;0;;alt gövde → Transmotec PD3665;CEK_K2_lahm_6;ALT
CEK_K2_lahm_6_m12_soket;M12 4 pin soket + kablo;1;motor + enkoder tek soket · kasada sabit;kablo dikey kanala;CEK_K2_lahm_6;SATIN ALMA
CEK_K2_lahm_6_motor_braketi;Motor braketi 3 mm;1;304 lazer + büküm · 4 × M3 (Ø31) + arka duvara 2 × M5;kasnak hizası buradan;CEK_K2_lahm_6;ÜRETİM
CEK_K2_lahm_6_avara;GT3 avara 30 diş · 6 mm · çift rulman;1;alüminyum · 2 × 625-2RS;ön çerçevenin 17 mm arkası;CEK_K2_lahm_6;SATIN ALMA
CEK_K2_lahm_6_avara_mili;avara mili;1;304 · lazer / lama;zarf 12.2 × 5.0 × 5.0;CEK_K2_lahm_6;ÜRETİM
CEK_K2_lahm_6_avara_kolu;Avara kolu 3 mm;1;304 büküm · ön çerçevenin arkasına 2 × M4 perçin somun;kayış gergisi burada: 8 mm yuvalı;CEK_K2_lahm_6;ÜRETİM
CEK_K2_lahm_6_kayis_GT3;Kayış GT3 6 mm kapalı çevrim;1;~1482 mm (494 diş) · çelik kordlu;tedarikçi boyu doğrulayacak;CEK_K2_lahm_6;SATIN ALMA
CEK_K2_lahm_6_kayis_cenesi;Kayış çenesi + kolu;1;304 · kutunun yan duvarına kaynaklı · dişli çene 2 × M3;kutunun arkasından kasnağa uzanır (strok için);CEK_K2_lahm_6;ÜRETİM
CEK_K2_lahm_6_miknatis_ayagi;miknatis ayagi;1;304 · lazer / lama;zarf 6.4 × 2.3 × 28.6;CEK_K2_lahm_6;ÜRETİM
CEK_K2_lahm_6_miknatis_57135;Mıknatıs Littelfuse 57135-000;1;AlNiCo 5 · flanşlı 28,57 × 19,05 × 6,35;çenenin üstünde;CEK_K2_lahm_6;SATIN ALMA
CEK_K2_lahm_6_reed_kapali;Reed sensör Littelfuse 59135-010;2;NO · flanşlı 28,57 × 19,05 × 6,35;KAPALI + AÇIK konum · PLC girişine;CEK_K2_lahm_6;SATIN ALMA
CEK_K2_lahm_6_reed_acik;reed acik;0;;alt gövde → Littelfuse 59135;CEK_K2_lahm_6;ALT
CEK_K2_lahm_6_sensor_lami;sensor lami;1;304 · lazer / lama;zarf 6.4 × 2.0 × 679.0;CEK_K2_lahm_6;ÜRETİM
CEK_K2_lahm_6_tepsi;Tepsi · 36 çukur Ø80;1;gıda silikonu 10 mm · çukur 7 · kalıp döküm;530 × 540;CEK_K2_lahm_6;ÜRETİM
CEK_K3_hamur_1_on_dis_sac_1.5;Çekmece önü 40 · kulpsuz · tam kaplama;1;dış 304 1,5 bükme + PU 37,5 köpük + iç 304 1,0 (fitil kanallı);652 × 146;CEK_K3_hamur_1;ÜRETİM
CEK_K3_hamur_1_on_pu;on pu;0;PU köpük (gövdeyle birlikte enjeksiyon);alt gövde → çekmece önü / kapak katmanı;CEK_K3_hamur_1;ALT
CEK_K3_hamur_1_on_ic_sac_1.0;on ic sac 1.0;0;304 sac · lazer + büküm;alt gövde → çekmece önü / kapak katmanı;CEK_K3_hamur_1;ALT
CEK_K3_hamur_1_on_fitil;Fitil · geçmeli manyetik profil 21 × 18,5;1;PVC + şerit mıknatıs · kapak iç sacının 6,4'lük kanalına geçer · aletsiz sökülür;çevre 1422 mm · köşeler gönye kaynaklı;CEK_K3_hamur_1;SATIN ALMA
CEK_K3_hamur_1_kutu_U_1.0;Çekmece kutusu U 1,0;1;304 lazer + 2 büküm;560 × 60 × 530;CEK_K3_hamur_1;ÜRETİM
CEK_K3_hamur_1_kutu_arka_1.0;kutu arka 1.0;0;304 sac · lazer + büküm;alt gövde → çekmece kutusu;CEK_K3_hamur_1;ALT
CEK_K3_hamur_1_kutu_on_1.0;kutu on 1.0;0;304 sac · lazer + büküm;alt gövde → çekmece kutusu;CEK_K3_hamur_1;ALT
CEK_K3_hamur_1_on_baglanti_sol;Ön bağlantı köşesi;2;304 2 mm büküm · öne 2 × M5 perçin somun;ön yüz ayar yuvalı;CEK_K3_hamur_1;ÜRETİM
CEK_K3_hamur_1_on_baglanti_sag;on baglanti;0;304 · lazer / lama;alt gövde → ön bağlantı köşesi;CEK_K3_hamur_1;ALT
CEK_K3_hamur_1_ray_adaptor_sol;Ray adaptör lamı 6 mm;2;304 lama · kutuya punta;ray iç profiline 4 × M4;CEK_K3_hamur_1;ÜRETİM
CEK_K3_hamur_1_ray_adaptor_sag;ray adaptor;0;304 · lazer / lama;alt gövde → ray adaptör lamı;CEK_K3_hamur_1;ALT
CEK_K3_hamur_1_ray_dis_sol;Teleskopik ray Accuride DZ3832-0070;2;700 · %100 açılır · 3 elemanlı · 45,7 × 12,7 · 45–50 kg (çift);dış eleman kolon yan duvarına 4 × M5;CEK_K3_hamur_1;SATIN ALMA
CEK_K3_hamur_1_ray_ara_sol;ray ara;0;304 · lazer / lama;alt gövde → Accuride DZ3832-0070 (ara eleman);CEK_K3_hamur_1;ALT
CEK_K3_hamur_1_ray_ic_sol;ray ic;0;304 · lazer / lama;alt gövde → Accuride DZ3832-0070 (iç eleman);CEK_K3_hamur_1;ALT
CEK_K3_hamur_1_ray_dis_sag;ray dis;0;304 · lazer / lama;alt gövde → Accuride DZ3832-0070;CEK_K3_hamur_1;ALT
CEK_K3_hamur_1_ray_ara_sag;ray ara;0;304 · lazer / lama;alt gövde → Accuride DZ3832-0070 (ara eleman);CEK_K3_hamur_1;ALT
CEK_K3_hamur_1_ray_ic_sag;ray ic;0;304 · lazer / lama;alt gövde → Accuride DZ3832-0070 (iç eleman);CEK_K3_hamur_1;ALT
CEK_K3_hamur_1_motor_kasnagi;GT3 kasnak 30 diş · 6 mm · flanşlı;1;alüminyum · delik Ø8 H7 + düz;PD 28,65 · çevre 90 mm;CEK_K3_hamur_1;SATIN ALMA
CEK_K3_hamur_1_motor_mili;motor mili;0;304 · lazer / lama;alt gövde → Transmotec PD3665;CEK_K3_hamur_1;ALT
CEK_K3_hamur_1_motor_gobegi;motor gobegi;0;304 · lazer / lama;alt gövde → Transmotec PD3665;CEK_K3_hamur_1;ALT
CEK_K3_hamur_1_motor_reduktor;Motor Transmotec PD3665-24-51-BFEC;1;24 V · planet 51:1 · 127 d/dk · 0,853 N·m · manyetik enkoder · EMC filtreli;Ø36 × 115,5 + enkoder · datasheet: transmotec.com PD3665;CEK_K3_hamur_1;SATIN ALMA
CEK_K3_hamur_1_motor_govde;motor govde;0;;alt gövde → Transmotec PD3665;CEK_K3_hamur_1;ALT
CEK_K3_hamur_1_enkoder_kapagi;enkoder kapagi;0;;alt gövde → Transmotec PD3665;CEK_K3_hamur_1;ALT
CEK_K3_hamur_1_m12_soket;M12 4 pin soket + kablo;1;motor + enkoder tek soket · kasada sabit;kablo dikey kanala;CEK_K3_hamur_1;SATIN ALMA
CEK_K3_hamur_1_motor_braketi;Motor braketi 3 mm;1;304 lazer + büküm · 4 × M3 (Ø31) + arka duvara 2 × M5;kasnak hizası buradan;CEK_K3_hamur_1;ÜRETİM
CEK_K3_hamur_1_avara;GT3 avara 30 diş · 6 mm · çift rulman;1;alüminyum · 2 × 625-2RS;ön çerçevenin 17 mm arkası;CEK_K3_hamur_1;SATIN ALMA
CEK_K3_hamur_1_avara_mili;avara mili;1;304 · lazer / lama;zarf 12.2 × 5.0 × 5.0;CEK_K3_hamur_1;ÜRETİM
CEK_K3_hamur_1_avara_kolu;Avara kolu 3 mm;1;304 büküm · ön çerçevenin arkasına 2 × M4 perçin somun;kayış gergisi burada: 8 mm yuvalı;CEK_K3_hamur_1;ÜRETİM
CEK_K3_hamur_1_kayis_GT3;Kayış GT3 6 mm kapalı çevrim;1;~1482 mm (494 diş) · çelik kordlu;tedarikçi boyu doğrulayacak;CEK_K3_hamur_1;SATIN ALMA
CEK_K3_hamur_1_kayis_cenesi;Kayış çenesi + kolu;1;304 · kutunun yan duvarına kaynaklı · dişli çene 2 × M3;kutunun arkasından kasnağa uzanır (strok için);CEK_K3_hamur_1;ÜRETİM
CEK_K3_hamur_1_miknatis_ayagi;miknatis ayagi;1;304 · lazer / lama;zarf 6.3 × 2.3 × 28.6;CEK_K3_hamur_1;ÜRETİM
CEK_K3_hamur_1_miknatis_57135;Mıknatıs Littelfuse 57135-000;1;AlNiCo 5 · flanşlı 28,57 × 19,05 × 6,35;çenenin üstünde;CEK_K3_hamur_1;SATIN ALMA
CEK_K3_hamur_1_reed_kapali;Reed sensör Littelfuse 59135-010;2;NO · flanşlı 28,57 × 19,05 × 6,35;KAPALI + AÇIK konum · PLC girişine;CEK_K3_hamur_1;SATIN ALMA
CEK_K3_hamur_1_reed_acik;reed acik;0;;alt gövde → Littelfuse 59135;CEK_K3_hamur_1;ALT
CEK_K3_hamur_1_sensor_lami;sensor lami;1;304 · lazer / lama;zarf 6.3 × 2.0 × 679.0;CEK_K3_hamur_1;ÜRETİM
CEK_K3_hamur_1_tepsi;Tepsi · 20 çukur Ø100;1;gıda silikonu 10 mm · çukur 7 · kalıp döküm;530 × 520;CEK_K3_hamur_1;ÜRETİM
CEK_K3_hamur_2_on_dis_sac_1.5;Çekmece önü 40 · kulpsuz · tam kaplama;1;dış 304 1,5 bükme + PU 37,5 köpük + iç 304 1,0 (fitil kanallı);652 × 105;CEK_K3_hamur_2;ÜRETİM
CEK_K3_hamur_2_on_pu;on pu;0;PU köpük (gövdeyle birlikte enjeksiyon);alt gövde → çekmece önü / kapak katmanı;CEK_K3_hamur_2;ALT
CEK_K3_hamur_2_on_ic_sac_1.0;on ic sac 1.0;0;304 sac · lazer + büküm;alt gövde → çekmece önü / kapak katmanı;CEK_K3_hamur_2;ALT
CEK_K3_hamur_2_on_fitil;Fitil · geçmeli manyetik profil 21 × 18,5;1;PVC + şerit mıknatıs · kapak iç sacının 6,4'lük kanalına geçer · aletsiz sökülür;çevre 1422 mm · köşeler gönye kaynaklı;CEK_K3_hamur_2;SATIN ALMA
CEK_K3_hamur_2_kutu_U_1.0;Çekmece kutusu U 1,0;1;304 lazer + 2 büküm;560 × 60 × 530;CEK_K3_hamur_2;ÜRETİM
CEK_K3_hamur_2_kutu_arka_1.0;kutu arka 1.0;0;304 sac · lazer + büküm;alt gövde → çekmece kutusu;CEK_K3_hamur_2;ALT
CEK_K3_hamur_2_kutu_on_1.0;kutu on 1.0;0;304 sac · lazer + büküm;alt gövde → çekmece kutusu;CEK_K3_hamur_2;ALT
CEK_K3_hamur_2_on_baglanti_sol;Ön bağlantı köşesi;2;304 2 mm büküm · öne 2 × M5 perçin somun;ön yüz ayar yuvalı;CEK_K3_hamur_2;ÜRETİM
CEK_K3_hamur_2_on_baglanti_sag;on baglanti;0;304 · lazer / lama;alt gövde → ön bağlantı köşesi;CEK_K3_hamur_2;ALT
CEK_K3_hamur_2_ray_adaptor_sol;Ray adaptör lamı 6 mm;2;304 lama · kutuya punta;ray iç profiline 4 × M4;CEK_K3_hamur_2;ÜRETİM
CEK_K3_hamur_2_ray_adaptor_sag;ray adaptor;0;304 · lazer / lama;alt gövde → ray adaptör lamı;CEK_K3_hamur_2;ALT
CEK_K3_hamur_2_ray_dis_sol;Teleskopik ray Accuride DZ3832-0070;2;700 · %100 açılır · 3 elemanlı · 45,7 × 12,7 · 45–50 kg (çift);dış eleman kolon yan duvarına 4 × M5;CEK_K3_hamur_2;SATIN ALMA
CEK_K3_hamur_2_ray_ara_sol;ray ara;0;304 · lazer / lama;alt gövde → Accuride DZ3832-0070 (ara eleman);CEK_K3_hamur_2;ALT
CEK_K3_hamur_2_ray_ic_sol;ray ic;0;304 · lazer / lama;alt gövde → Accuride DZ3832-0070 (iç eleman);CEK_K3_hamur_2;ALT
CEK_K3_hamur_2_ray_dis_sag;ray dis;0;304 · lazer / lama;alt gövde → Accuride DZ3832-0070;CEK_K3_hamur_2;ALT
CEK_K3_hamur_2_ray_ara_sag;ray ara;0;304 · lazer / lama;alt gövde → Accuride DZ3832-0070 (ara eleman);CEK_K3_hamur_2;ALT
CEK_K3_hamur_2_ray_ic_sag;ray ic;0;304 · lazer / lama;alt gövde → Accuride DZ3832-0070 (iç eleman);CEK_K3_hamur_2;ALT
CEK_K3_hamur_2_motor_kasnagi;GT3 kasnak 30 diş · 6 mm · flanşlı;1;alüminyum · delik Ø8 H7 + düz;PD 28,65 · çevre 90 mm;CEK_K3_hamur_2;SATIN ALMA
CEK_K3_hamur_2_motor_mili;motor mili;0;304 · lazer / lama;alt gövde → Transmotec PD3665;CEK_K3_hamur_2;ALT
CEK_K3_hamur_2_motor_gobegi;motor gobegi;0;304 · lazer / lama;alt gövde → Transmotec PD3665;CEK_K3_hamur_2;ALT
CEK_K3_hamur_2_motor_reduktor;Motor Transmotec PD3665-24-51-BFEC;1;24 V · planet 51:1 · 127 d/dk · 0,853 N·m · manyetik enkoder · EMC filtreli;Ø36 × 115,5 + enkoder · datasheet: transmotec.com PD3665;CEK_K3_hamur_2;SATIN ALMA
CEK_K3_hamur_2_motor_govde;motor govde;0;;alt gövde → Transmotec PD3665;CEK_K3_hamur_2;ALT
CEK_K3_hamur_2_enkoder_kapagi;enkoder kapagi;0;;alt gövde → Transmotec PD3665;CEK_K3_hamur_2;ALT
CEK_K3_hamur_2_m12_soket;M12 4 pin soket + kablo;1;motor + enkoder tek soket · kasada sabit;kablo dikey kanala;CEK_K3_hamur_2;SATIN ALMA
CEK_K3_hamur_2_motor_braketi;Motor braketi 3 mm;1;304 lazer + büküm · 4 × M3 (Ø31) + arka duvara 2 × M5;kasnak hizası buradan;CEK_K3_hamur_2;ÜRETİM
CEK_K3_hamur_2_avara;GT3 avara 30 diş · 6 mm · çift rulman;1;alüminyum · 2 × 625-2RS;ön çerçevenin 17 mm arkası;CEK_K3_hamur_2;SATIN ALMA
CEK_K3_hamur_2_avara_mili;avara mili;1;304 · lazer / lama;zarf 12.2 × 5.0 × 5.0;CEK_K3_hamur_2;ÜRETİM
CEK_K3_hamur_2_avara_kolu;Avara kolu 3 mm;1;304 büküm · ön çerçevenin arkasına 2 × M4 perçin somun;kayış gergisi burada: 8 mm yuvalı;CEK_K3_hamur_2;ÜRETİM
CEK_K3_hamur_2_kayis_GT3;Kayış GT3 6 mm kapalı çevrim;1;~1482 mm (494 diş) · çelik kordlu;tedarikçi boyu doğrulayacak;CEK_K3_hamur_2;SATIN ALMA
CEK_K3_hamur_2_kayis_cenesi;Kayış çenesi + kolu;1;304 · kutunun yan duvarına kaynaklı · dişli çene 2 × M3;kutunun arkasından kasnağa uzanır (strok için);CEK_K3_hamur_2;ÜRETİM
CEK_K3_hamur_2_miknatis_ayagi;miknatis ayagi;1;304 · lazer / lama;zarf 6.3 × 2.3 × 28.6;CEK_K3_hamur_2;ÜRETİM
CEK_K3_hamur_2_miknatis_57135;Mıknatıs Littelfuse 57135-000;1;AlNiCo 5 · flanşlı 28,57 × 19,05 × 6,35;çenenin üstünde;CEK_K3_hamur_2;SATIN ALMA
CEK_K3_hamur_2_reed_kapali;Reed sensör Littelfuse 59135-010;2;NO · flanşlı 28,57 × 19,05 × 6,35;KAPALI + AÇIK konum · PLC girişine;CEK_K3_hamur_2;SATIN ALMA
CEK_K3_hamur_2_reed_acik;reed acik;0;;alt gövde → Littelfuse 59135;CEK_K3_hamur_2;ALT
CEK_K3_hamur_2_sensor_lami;sensor lami;1;304 · lazer / lama;zarf 6.3 × 2.0 × 679.0;CEK_K3_hamur_2;ÜRETİM
CEK_K3_hamur_2_tepsi;Tepsi · 20 çukur Ø100;1;gıda silikonu 10 mm · çukur 7 · kalıp döküm;530 × 520;CEK_K3_hamur_2;ÜRETİM
CEK_K3_hamur_3_on_dis_sac_1.5;Çekmece önü 40 · kulpsuz · tam kaplama;1;dış 304 1,5 bükme + PU 37,5 köpük + iç 304 1,0 (fitil kanallı);652 × 105;CEK_K3_hamur_3;ÜRETİM
CEK_K3_hamur_3_on_pu;on pu;0;PU köpük (gövdeyle birlikte enjeksiyon);alt gövde → çekmece önü / kapak katmanı;CEK_K3_hamur_3;ALT
CEK_K3_hamur_3_on_ic_sac_1.0;on ic sac 1.0;0;304 sac · lazer + büküm;alt gövde → çekmece önü / kapak katmanı;CEK_K3_hamur_3;ALT
CEK_K3_hamur_3_on_fitil;Fitil · geçmeli manyetik profil 21 × 18,5;1;PVC + şerit mıknatıs · kapak iç sacının 6,4'lük kanalına geçer · aletsiz sökülür;çevre 1422 mm · köşeler gönye kaynaklı;CEK_K3_hamur_3;SATIN ALMA
CEK_K3_hamur_3_kutu_U_1.0;Çekmece kutusu U 1,0;1;304 lazer + 2 büküm;560 × 60 × 530;CEK_K3_hamur_3;ÜRETİM
CEK_K3_hamur_3_kutu_arka_1.0;kutu arka 1.0;0;304 sac · lazer + büküm;alt gövde → çekmece kutusu;CEK_K3_hamur_3;ALT
CEK_K3_hamur_3_kutu_on_1.0;kutu on 1.0;0;304 sac · lazer + büküm;alt gövde → çekmece kutusu;CEK_K3_hamur_3;ALT
CEK_K3_hamur_3_on_baglanti_sol;Ön bağlantı köşesi;2;304 2 mm büküm · öne 2 × M5 perçin somun;ön yüz ayar yuvalı;CEK_K3_hamur_3;ÜRETİM
CEK_K3_hamur_3_on_baglanti_sag;on baglanti;0;304 · lazer / lama;alt gövde → ön bağlantı köşesi;CEK_K3_hamur_3;ALT
CEK_K3_hamur_3_ray_adaptor_sol;Ray adaptör lamı 6 mm;2;304 lama · kutuya punta;ray iç profiline 4 × M4;CEK_K3_hamur_3;ÜRETİM
CEK_K3_hamur_3_ray_adaptor_sag;ray adaptor;0;304 · lazer / lama;alt gövde → ray adaptör lamı;CEK_K3_hamur_3;ALT
CEK_K3_hamur_3_ray_dis_sol;Teleskopik ray Accuride DZ3832-0070;2;700 · %100 açılır · 3 elemanlı · 45,7 × 12,7 · 45–50 kg (çift);dış eleman kolon yan duvarına 4 × M5;CEK_K3_hamur_3;SATIN ALMA
CEK_K3_hamur_3_ray_ara_sol;ray ara;0;304 · lazer / lama;alt gövde → Accuride DZ3832-0070 (ara eleman);CEK_K3_hamur_3;ALT
CEK_K3_hamur_3_ray_ic_sol;ray ic;0;304 · lazer / lama;alt gövde → Accuride DZ3832-0070 (iç eleman);CEK_K3_hamur_3;ALT
CEK_K3_hamur_3_ray_dis_sag;ray dis;0;304 · lazer / lama;alt gövde → Accuride DZ3832-0070;CEK_K3_hamur_3;ALT
CEK_K3_hamur_3_ray_ara_sag;ray ara;0;304 · lazer / lama;alt gövde → Accuride DZ3832-0070 (ara eleman);CEK_K3_hamur_3;ALT
CEK_K3_hamur_3_ray_ic_sag;ray ic;0;304 · lazer / lama;alt gövde → Accuride DZ3832-0070 (iç eleman);CEK_K3_hamur_3;ALT
CEK_K3_hamur_3_motor_kasnagi;GT3 kasnak 30 diş · 6 mm · flanşlı;1;alüminyum · delik Ø8 H7 + düz;PD 28,65 · çevre 90 mm;CEK_K3_hamur_3;SATIN ALMA
CEK_K3_hamur_3_motor_mili;motor mili;0;304 · lazer / lama;alt gövde → Transmotec PD3665;CEK_K3_hamur_3;ALT
CEK_K3_hamur_3_motor_gobegi;motor gobegi;0;304 · lazer / lama;alt gövde → Transmotec PD3665;CEK_K3_hamur_3;ALT
CEK_K3_hamur_3_motor_reduktor;Motor Transmotec PD3665-24-51-BFEC;1;24 V · planet 51:1 · 127 d/dk · 0,853 N·m · manyetik enkoder · EMC filtreli;Ø36 × 115,5 + enkoder · datasheet: transmotec.com PD3665;CEK_K3_hamur_3;SATIN ALMA
CEK_K3_hamur_3_motor_govde;motor govde;0;;alt gövde → Transmotec PD3665;CEK_K3_hamur_3;ALT
CEK_K3_hamur_3_enkoder_kapagi;enkoder kapagi;0;;alt gövde → Transmotec PD3665;CEK_K3_hamur_3;ALT
CEK_K3_hamur_3_m12_soket;M12 4 pin soket + kablo;1;motor + enkoder tek soket · kasada sabit;kablo dikey kanala;CEK_K3_hamur_3;SATIN ALMA
CEK_K3_hamur_3_motor_braketi;Motor braketi 3 mm;1;304 lazer + büküm · 4 × M3 (Ø31) + arka duvara 2 × M5;kasnak hizası buradan;CEK_K3_hamur_3;ÜRETİM
CEK_K3_hamur_3_avara;GT3 avara 30 diş · 6 mm · çift rulman;1;alüminyum · 2 × 625-2RS;ön çerçevenin 17 mm arkası;CEK_K3_hamur_3;SATIN ALMA
CEK_K3_hamur_3_avara_mili;avara mili;1;304 · lazer / lama;zarf 12.2 × 5.0 × 5.0;CEK_K3_hamur_3;ÜRETİM
CEK_K3_hamur_3_avara_kolu;Avara kolu 3 mm;1;304 büküm · ön çerçevenin arkasına 2 × M4 perçin somun;kayış gergisi burada: 8 mm yuvalı;CEK_K3_hamur_3;ÜRETİM
CEK_K3_hamur_3_kayis_GT3;Kayış GT3 6 mm kapalı çevrim;1;~1482 mm (494 diş) · çelik kordlu;tedarikçi boyu doğrulayacak;CEK_K3_hamur_3;SATIN ALMA
CEK_K3_hamur_3_kayis_cenesi;Kayış çenesi + kolu;1;304 · kutunun yan duvarına kaynaklı · dişli çene 2 × M3;kutunun arkasından kasnağa uzanır (strok için);CEK_K3_hamur_3;ÜRETİM
CEK_K3_hamur_3_miknatis_ayagi;miknatis ayagi;1;304 · lazer / lama;zarf 6.3 × 2.3 × 28.6;CEK_K3_hamur_3;ÜRETİM
CEK_K3_hamur_3_miknatis_57135;Mıknatıs Littelfuse 57135-000;1;AlNiCo 5 · flanşlı 28,57 × 19,05 × 6,35;çenenin üstünde;CEK_K3_hamur_3;SATIN ALMA
CEK_K3_hamur_3_reed_kapali;Reed sensör Littelfuse 59135-010;2;NO · flanşlı 28,57 × 19,05 × 6,35;KAPALI + AÇIK konum · PLC girişine;CEK_K3_hamur_3;SATIN ALMA
CEK_K3_hamur_3_reed_acik;reed acik;0;;alt gövde → Littelfuse 59135;CEK_K3_hamur_3;ALT
CEK_K3_hamur_3_sensor_lami;sensor lami;1;304 · lazer / lama;zarf 6.3 × 2.0 × 679.0;CEK_K3_hamur_3;ÜRETİM
CEK_K3_hamur_3_tepsi;Tepsi · 20 çukur Ø100;1;gıda silikonu 10 mm · çukur 7 · kalıp döküm;530 × 520;CEK_K3_hamur_3;ÜRETİM
CEK_K3_hamur_4_on_dis_sac_1.5;Çekmece önü 40 · kulpsuz · tam kaplama;1;dış 304 1,5 bükme + PU 37,5 köpük + iç 304 1,0 (fitil kanallı);652 × 105;CEK_K3_hamur_4;ÜRETİM
CEK_K3_hamur_4_on_pu;on pu;0;PU köpük (gövdeyle birlikte enjeksiyon);alt gövde → çekmece önü / kapak katmanı;CEK_K3_hamur_4;ALT
CEK_K3_hamur_4_on_ic_sac_1.0;on ic sac 1.0;0;304 sac · lazer + büküm;alt gövde → çekmece önü / kapak katmanı;CEK_K3_hamur_4;ALT
CEK_K3_hamur_4_on_fitil;Fitil · geçmeli manyetik profil 21 × 18,5;1;PVC + şerit mıknatıs · kapak iç sacının 6,4'lük kanalına geçer · aletsiz sökülür;çevre 1422 mm · köşeler gönye kaynaklı;CEK_K3_hamur_4;SATIN ALMA
CEK_K3_hamur_4_kutu_U_1.0;Çekmece kutusu U 1,0;1;304 lazer + 2 büküm;560 × 60 × 530;CEK_K3_hamur_4;ÜRETİM
CEK_K3_hamur_4_kutu_arka_1.0;kutu arka 1.0;0;304 sac · lazer + büküm;alt gövde → çekmece kutusu;CEK_K3_hamur_4;ALT
CEK_K3_hamur_4_kutu_on_1.0;kutu on 1.0;0;304 sac · lazer + büküm;alt gövde → çekmece kutusu;CEK_K3_hamur_4;ALT
CEK_K3_hamur_4_on_baglanti_sol;Ön bağlantı köşesi;2;304 2 mm büküm · öne 2 × M5 perçin somun;ön yüz ayar yuvalı;CEK_K3_hamur_4;ÜRETİM
CEK_K3_hamur_4_on_baglanti_sag;on baglanti;0;304 · lazer / lama;alt gövde → ön bağlantı köşesi;CEK_K3_hamur_4;ALT
CEK_K3_hamur_4_ray_adaptor_sol;Ray adaptör lamı 6 mm;2;304 lama · kutuya punta;ray iç profiline 4 × M4;CEK_K3_hamur_4;ÜRETİM
CEK_K3_hamur_4_ray_adaptor_sag;ray adaptor;0;304 · lazer / lama;alt gövde → ray adaptör lamı;CEK_K3_hamur_4;ALT
CEK_K3_hamur_4_ray_dis_sol;Teleskopik ray Accuride DZ3832-0070;2;700 · %100 açılır · 3 elemanlı · 45,7 × 12,7 · 45–50 kg (çift);dış eleman kolon yan duvarına 4 × M5;CEK_K3_hamur_4;SATIN ALMA
CEK_K3_hamur_4_ray_ara_sol;ray ara;0;304 · lazer / lama;alt gövde → Accuride DZ3832-0070 (ara eleman);CEK_K3_hamur_4;ALT
CEK_K3_hamur_4_ray_ic_sol;ray ic;0;304 · lazer / lama;alt gövde → Accuride DZ3832-0070 (iç eleman);CEK_K3_hamur_4;ALT
CEK_K3_hamur_4_ray_dis_sag;ray dis;0;304 · lazer / lama;alt gövde → Accuride DZ3832-0070;CEK_K3_hamur_4;ALT
CEK_K3_hamur_4_ray_ara_sag;ray ara;0;304 · lazer / lama;alt gövde → Accuride DZ3832-0070 (ara eleman);CEK_K3_hamur_4;ALT
CEK_K3_hamur_4_ray_ic_sag;ray ic;0;304 · lazer / lama;alt gövde → Accuride DZ3832-0070 (iç eleman);CEK_K3_hamur_4;ALT
CEK_K3_hamur_4_motor_kasnagi;GT3 kasnak 30 diş · 6 mm · flanşlı;1;alüminyum · delik Ø8 H7 + düz;PD 28,65 · çevre 90 mm;CEK_K3_hamur_4;SATIN ALMA
CEK_K3_hamur_4_motor_mili;motor mili;0;304 · lazer / lama;alt gövde → Transmotec PD3665;CEK_K3_hamur_4;ALT
CEK_K3_hamur_4_motor_gobegi;motor gobegi;0;304 · lazer / lama;alt gövde → Transmotec PD3665;CEK_K3_hamur_4;ALT
CEK_K3_hamur_4_motor_reduktor;Motor Transmotec PD3665-24-51-BFEC;1;24 V · planet 51:1 · 127 d/dk · 0,853 N·m · manyetik enkoder · EMC filtreli;Ø36 × 115,5 + enkoder · datasheet: transmotec.com PD3665;CEK_K3_hamur_4;SATIN ALMA
CEK_K3_hamur_4_motor_govde;motor govde;0;;alt gövde → Transmotec PD3665;CEK_K3_hamur_4;ALT
CEK_K3_hamur_4_enkoder_kapagi;enkoder kapagi;0;;alt gövde → Transmotec PD3665;CEK_K3_hamur_4;ALT
CEK_K3_hamur_4_m12_soket;M12 4 pin soket + kablo;1;motor + enkoder tek soket · kasada sabit;kablo dikey kanala;CEK_K3_hamur_4;SATIN ALMA
CEK_K3_hamur_4_motor_braketi;Motor braketi 3 mm;1;304 lazer + büküm · 4 × M3 (Ø31) + arka duvara 2 × M5;kasnak hizası buradan;CEK_K3_hamur_4;ÜRETİM
CEK_K3_hamur_4_avara;GT3 avara 30 diş · 6 mm · çift rulman;1;alüminyum · 2 × 625-2RS;ön çerçevenin 17 mm arkası;CEK_K3_hamur_4;SATIN ALMA
CEK_K3_hamur_4_avara_mili;avara mili;1;304 · lazer / lama;zarf 12.2 × 5.0 × 5.0;CEK_K3_hamur_4;ÜRETİM
CEK_K3_hamur_4_avara_kolu;Avara kolu 3 mm;1;304 büküm · ön çerçevenin arkasına 2 × M4 perçin somun;kayış gergisi burada: 8 mm yuvalı;CEK_K3_hamur_4;ÜRETİM
CEK_K3_hamur_4_kayis_GT3;Kayış GT3 6 mm kapalı çevrim;1;~1482 mm (494 diş) · çelik kordlu;tedarikçi boyu doğrulayacak;CEK_K3_hamur_4;SATIN ALMA
CEK_K3_hamur_4_kayis_cenesi;Kayış çenesi + kolu;1;304 · kutunun yan duvarına kaynaklı · dişli çene 2 × M3;kutunun arkasından kasnağa uzanır (strok için);CEK_K3_hamur_4;ÜRETİM
CEK_K3_hamur_4_miknatis_ayagi;miknatis ayagi;1;304 · lazer / lama;zarf 6.3 × 2.3 × 28.6;CEK_K3_hamur_4;ÜRETİM
CEK_K3_hamur_4_miknatis_57135;Mıknatıs Littelfuse 57135-000;1;AlNiCo 5 · flanşlı 28,57 × 19,05 × 6,35;çenenin üstünde;CEK_K3_hamur_4;SATIN ALMA
CEK_K3_hamur_4_reed_kapali;Reed sensör Littelfuse 59135-010;2;NO · flanşlı 28,57 × 19,05 × 6,35;KAPALI + AÇIK konum · PLC girişine;CEK_K3_hamur_4;SATIN ALMA
CEK_K3_hamur_4_reed_acik;reed acik;0;;alt gövde → Littelfuse 59135;CEK_K3_hamur_4;ALT
CEK_K3_hamur_4_sensor_lami;sensor lami;1;304 · lazer / lama;zarf 6.3 × 2.0 × 679.0;CEK_K3_hamur_4;ÜRETİM
CEK_K3_hamur_4_tepsi;Tepsi · 20 çukur Ø100;1;gıda silikonu 10 mm · çukur 7 · kalıp döküm;530 × 520;CEK_K3_hamur_4;ÜRETİM
CEK_K3_hamur_5_on_dis_sac_1.5;Çekmece önü 40 · kulpsuz · tam kaplama;1;dış 304 1,5 bükme + PU 37,5 köpük + iç 304 1,0 (fitil kanallı);652 × 186;CEK_K3_hamur_5;ÜRETİM
CEK_K3_hamur_5_on_pu;on pu;0;PU köpük (gövdeyle birlikte enjeksiyon);alt gövde → çekmece önü / kapak katmanı;CEK_K3_hamur_5;ALT
CEK_K3_hamur_5_on_ic_sac_1.0;on ic sac 1.0;0;304 sac · lazer + büküm;alt gövde → çekmece önü / kapak katmanı;CEK_K3_hamur_5;ALT
CEK_K3_hamur_5_on_fitil;Fitil · geçmeli manyetik profil 21 × 18,5;1;PVC + şerit mıknatıs · kapak iç sacının 6,4'lük kanalına geçer · aletsiz sökülür;çevre 1422 mm · köşeler gönye kaynaklı;CEK_K3_hamur_5;SATIN ALMA
CEK_K3_hamur_5_kutu_U_1.0;Çekmece kutusu U 1,0;1;304 lazer + 2 büküm;560 × 60 × 530;CEK_K3_hamur_5;ÜRETİM
CEK_K3_hamur_5_kutu_arka_1.0;kutu arka 1.0;0;304 sac · lazer + büküm;alt gövde → çekmece kutusu;CEK_K3_hamur_5;ALT
CEK_K3_hamur_5_kutu_on_1.0;kutu on 1.0;0;304 sac · lazer + büküm;alt gövde → çekmece kutusu;CEK_K3_hamur_5;ALT
CEK_K3_hamur_5_on_baglanti_sol;Ön bağlantı köşesi;2;304 2 mm büküm · öne 2 × M5 perçin somun;ön yüz ayar yuvalı;CEK_K3_hamur_5;ÜRETİM
CEK_K3_hamur_5_on_baglanti_sag;on baglanti;0;304 · lazer / lama;alt gövde → ön bağlantı köşesi;CEK_K3_hamur_5;ALT
CEK_K3_hamur_5_ray_adaptor_sol;Ray adaptör lamı 6 mm;2;304 lama · kutuya punta;ray iç profiline 4 × M4;CEK_K3_hamur_5;ÜRETİM
CEK_K3_hamur_5_ray_adaptor_sag;ray adaptor;0;304 · lazer / lama;alt gövde → ray adaptör lamı;CEK_K3_hamur_5;ALT
CEK_K3_hamur_5_ray_dis_sol;Teleskopik ray Accuride DZ3832-0070;2;700 · %100 açılır · 3 elemanlı · 45,7 × 12,7 · 45–50 kg (çift);dış eleman kolon yan duvarına 4 × M5;CEK_K3_hamur_5;SATIN ALMA
CEK_K3_hamur_5_ray_ara_sol;ray ara;0;304 · lazer / lama;alt gövde → Accuride DZ3832-0070 (ara eleman);CEK_K3_hamur_5;ALT
CEK_K3_hamur_5_ray_ic_sol;ray ic;0;304 · lazer / lama;alt gövde → Accuride DZ3832-0070 (iç eleman);CEK_K3_hamur_5;ALT
CEK_K3_hamur_5_ray_dis_sag;ray dis;0;304 · lazer / lama;alt gövde → Accuride DZ3832-0070;CEK_K3_hamur_5;ALT
CEK_K3_hamur_5_ray_ara_sag;ray ara;0;304 · lazer / lama;alt gövde → Accuride DZ3832-0070 (ara eleman);CEK_K3_hamur_5;ALT
CEK_K3_hamur_5_ray_ic_sag;ray ic;0;304 · lazer / lama;alt gövde → Accuride DZ3832-0070 (iç eleman);CEK_K3_hamur_5;ALT
CEK_K3_hamur_5_motor_kasnagi;GT3 kasnak 30 diş · 6 mm · flanşlı;1;alüminyum · delik Ø8 H7 + düz;PD 28,65 · çevre 90 mm;CEK_K3_hamur_5;SATIN ALMA
CEK_K3_hamur_5_motor_mili;motor mili;0;304 · lazer / lama;alt gövde → Transmotec PD3665;CEK_K3_hamur_5;ALT
CEK_K3_hamur_5_motor_gobegi;motor gobegi;0;304 · lazer / lama;alt gövde → Transmotec PD3665;CEK_K3_hamur_5;ALT
CEK_K3_hamur_5_motor_reduktor;Motor Transmotec PD3665-24-51-BFEC;1;24 V · planet 51:1 · 127 d/dk · 0,853 N·m · manyetik enkoder · EMC filtreli;Ø36 × 115,5 + enkoder · datasheet: transmotec.com PD3665;CEK_K3_hamur_5;SATIN ALMA
CEK_K3_hamur_5_motor_govde;motor govde;0;;alt gövde → Transmotec PD3665;CEK_K3_hamur_5;ALT
CEK_K3_hamur_5_enkoder_kapagi;enkoder kapagi;0;;alt gövde → Transmotec PD3665;CEK_K3_hamur_5;ALT
CEK_K3_hamur_5_m12_soket;M12 4 pin soket + kablo;1;motor + enkoder tek soket · kasada sabit;kablo dikey kanala;CEK_K3_hamur_5;SATIN ALMA
CEK_K3_hamur_5_motor_braketi;Motor braketi 3 mm;1;304 lazer + büküm · 4 × M3 (Ø31) + arka duvara 2 × M5;kasnak hizası buradan;CEK_K3_hamur_5;ÜRETİM
CEK_K3_hamur_5_avara;GT3 avara 30 diş · 6 mm · çift rulman;1;alüminyum · 2 × 625-2RS;ön çerçevenin 17 mm arkası;CEK_K3_hamur_5;SATIN ALMA
CEK_K3_hamur_5_avara_mili;avara mili;1;304 · lazer / lama;zarf 12.2 × 5.0 × 5.0;CEK_K3_hamur_5;ÜRETİM
CEK_K3_hamur_5_avara_kolu;Avara kolu 3 mm;1;304 büküm · ön çerçevenin arkasına 2 × M4 perçin somun;kayış gergisi burada: 8 mm yuvalı;CEK_K3_hamur_5;ÜRETİM
CEK_K3_hamur_5_kayis_GT3;Kayış GT3 6 mm kapalı çevrim;1;~1482 mm (494 diş) · çelik kordlu;tedarikçi boyu doğrulayacak;CEK_K3_hamur_5;SATIN ALMA
CEK_K3_hamur_5_kayis_cenesi;Kayış çenesi + kolu;1;304 · kutunun yan duvarına kaynaklı · dişli çene 2 × M3;kutunun arkasından kasnağa uzanır (strok için);CEK_K3_hamur_5;ÜRETİM
CEK_K3_hamur_5_miknatis_ayagi;miknatis ayagi;1;304 · lazer / lama;zarf 6.3 × 2.3 × 28.6;CEK_K3_hamur_5;ÜRETİM
CEK_K3_hamur_5_miknatis_57135;Mıknatıs Littelfuse 57135-000;1;AlNiCo 5 · flanşlı 28,57 × 19,05 × 6,35;çenenin üstünde;CEK_K3_hamur_5;SATIN ALMA
CEK_K3_hamur_5_reed_kapali;Reed sensör Littelfuse 59135-010;2;NO · flanşlı 28,57 × 19,05 × 6,35;KAPALI + AÇIK konum · PLC girişine;CEK_K3_hamur_5;SATIN ALMA
CEK_K3_hamur_5_reed_acik;reed acik;0;;alt gövde → Littelfuse 59135;CEK_K3_hamur_5;ALT
CEK_K3_hamur_5_sensor_lami;sensor lami;1;304 · lazer / lama;zarf 6.3 × 2.0 × 679.0;CEK_K3_hamur_5;ÜRETİM
CEK_K3_hamur_5_tepsi;Tepsi · 20 çukur Ø100;1;gıda silikonu 10 mm · çukur 7 · kalıp döküm;530 × 520;CEK_K3_hamur_5;ÜRETİM
CEK_K5_hamur_1_on_dis_sac_1.5;Çekmece önü 40 · kulpsuz · tam kaplama;1;dış 304 1,5 bükme + PU 37,5 köpük + iç 304 1,0 (fitil kanallı);652 × 146;CEK_K5_hamur_1;ÜRETİM
CEK_K5_hamur_1_on_pu;on pu;0;PU köpük (gövdeyle birlikte enjeksiyon);alt gövde → çekmece önü / kapak katmanı;CEK_K5_hamur_1;ALT
CEK_K5_hamur_1_on_ic_sac_1.0;on ic sac 1.0;0;304 sac · lazer + büküm;alt gövde → çekmece önü / kapak katmanı;CEK_K5_hamur_1;ALT
CEK_K5_hamur_1_on_fitil;Fitil · geçmeli manyetik profil 21 × 18,5;1;PVC + şerit mıknatıs · kapak iç sacının 6,4'lük kanalına geçer · aletsiz sökülür;çevre 1422 mm · köşeler gönye kaynaklı;CEK_K5_hamur_1;SATIN ALMA
CEK_K5_hamur_1_kutu_U_1.0;Çekmece kutusu U 1,0;1;304 lazer + 2 büküm;560 × 60 × 530;CEK_K5_hamur_1;ÜRETİM
CEK_K5_hamur_1_kutu_arka_1.0;kutu arka 1.0;0;304 sac · lazer + büküm;alt gövde → çekmece kutusu;CEK_K5_hamur_1;ALT
CEK_K5_hamur_1_kutu_on_1.0;kutu on 1.0;0;304 sac · lazer + büküm;alt gövde → çekmece kutusu;CEK_K5_hamur_1;ALT
CEK_K5_hamur_1_on_baglanti_sol;Ön bağlantı köşesi;2;304 2 mm büküm · öne 2 × M5 perçin somun;ön yüz ayar yuvalı;CEK_K5_hamur_1;ÜRETİM
CEK_K5_hamur_1_on_baglanti_sag;on baglanti;0;304 · lazer / lama;alt gövde → ön bağlantı köşesi;CEK_K5_hamur_1;ALT
CEK_K5_hamur_1_ray_adaptor_sol;Ray adaptör lamı 6 mm;2;304 lama · kutuya punta;ray iç profiline 4 × M4;CEK_K5_hamur_1;ÜRETİM
CEK_K5_hamur_1_ray_adaptor_sag;ray adaptor;0;304 · lazer / lama;alt gövde → ray adaptör lamı;CEK_K5_hamur_1;ALT
CEK_K5_hamur_1_ray_dis_sol;Teleskopik ray Accuride DZ3832-0070;2;700 · %100 açılır · 3 elemanlı · 45,7 × 12,7 · 45–50 kg (çift);dış eleman kolon yan duvarına 4 × M5;CEK_K5_hamur_1;SATIN ALMA
CEK_K5_hamur_1_ray_ara_sol;ray ara;0;304 · lazer / lama;alt gövde → Accuride DZ3832-0070 (ara eleman);CEK_K5_hamur_1;ALT
CEK_K5_hamur_1_ray_ic_sol;ray ic;0;304 · lazer / lama;alt gövde → Accuride DZ3832-0070 (iç eleman);CEK_K5_hamur_1;ALT
CEK_K5_hamur_1_ray_dis_sag;ray dis;0;304 · lazer / lama;alt gövde → Accuride DZ3832-0070;CEK_K5_hamur_1;ALT
CEK_K5_hamur_1_ray_ara_sag;ray ara;0;304 · lazer / lama;alt gövde → Accuride DZ3832-0070 (ara eleman);CEK_K5_hamur_1;ALT
CEK_K5_hamur_1_ray_ic_sag;ray ic;0;304 · lazer / lama;alt gövde → Accuride DZ3832-0070 (iç eleman);CEK_K5_hamur_1;ALT
CEK_K5_hamur_1_motor_kasnagi;GT3 kasnak 30 diş · 6 mm · flanşlı;1;alüminyum · delik Ø8 H7 + düz;PD 28,65 · çevre 90 mm;CEK_K5_hamur_1;SATIN ALMA
CEK_K5_hamur_1_motor_mili;motor mili;0;304 · lazer / lama;alt gövde → Transmotec PD3665;CEK_K5_hamur_1;ALT
CEK_K5_hamur_1_motor_gobegi;motor gobegi;0;304 · lazer / lama;alt gövde → Transmotec PD3665;CEK_K5_hamur_1;ALT
CEK_K5_hamur_1_motor_reduktor;Motor Transmotec PD3665-24-51-BFEC;1;24 V · planet 51:1 · 127 d/dk · 0,853 N·m · manyetik enkoder · EMC filtreli;Ø36 × 115,5 + enkoder · datasheet: transmotec.com PD3665;CEK_K5_hamur_1;SATIN ALMA
CEK_K5_hamur_1_motor_govde;motor govde;0;;alt gövde → Transmotec PD3665;CEK_K5_hamur_1;ALT
CEK_K5_hamur_1_enkoder_kapagi;enkoder kapagi;0;;alt gövde → Transmotec PD3665;CEK_K5_hamur_1;ALT
CEK_K5_hamur_1_m12_soket;M12 4 pin soket + kablo;1;motor + enkoder tek soket · kasada sabit;kablo dikey kanala;CEK_K5_hamur_1;SATIN ALMA
CEK_K5_hamur_1_motor_braketi;Motor braketi 3 mm;1;304 lazer + büküm · 4 × M3 (Ø31) + arka duvara 2 × M5;kasnak hizası buradan;CEK_K5_hamur_1;ÜRETİM
CEK_K5_hamur_1_avara;GT3 avara 30 diş · 6 mm · çift rulman;1;alüminyum · 2 × 625-2RS;ön çerçevenin 17 mm arkası;CEK_K5_hamur_1;SATIN ALMA
CEK_K5_hamur_1_avara_mili;avara mili;1;304 · lazer / lama;zarf 12.2 × 5.0 × 5.0;CEK_K5_hamur_1;ÜRETİM
CEK_K5_hamur_1_avara_kolu;Avara kolu 3 mm;1;304 büküm · ön çerçevenin arkasına 2 × M4 perçin somun;kayış gergisi burada: 8 mm yuvalı;CEK_K5_hamur_1;ÜRETİM
CEK_K5_hamur_1_kayis_GT3;Kayış GT3 6 mm kapalı çevrim;1;~1482 mm (494 diş) · çelik kordlu;tedarikçi boyu doğrulayacak;CEK_K5_hamur_1;SATIN ALMA
CEK_K5_hamur_1_kayis_cenesi;Kayış çenesi + kolu;1;304 · kutunun yan duvarına kaynaklı · dişli çene 2 × M3;kutunun arkasından kasnağa uzanır (strok için);CEK_K5_hamur_1;ÜRETİM
CEK_K5_hamur_1_miknatis_ayagi;miknatis ayagi;1;304 · lazer / lama;zarf 6.3 × 2.3 × 28.6;CEK_K5_hamur_1;ÜRETİM
CEK_K5_hamur_1_miknatis_57135;Mıknatıs Littelfuse 57135-000;1;AlNiCo 5 · flanşlı 28,57 × 19,05 × 6,35;çenenin üstünde;CEK_K5_hamur_1;SATIN ALMA
CEK_K5_hamur_1_reed_kapali;Reed sensör Littelfuse 59135-010;2;NO · flanşlı 28,57 × 19,05 × 6,35;KAPALI + AÇIK konum · PLC girişine;CEK_K5_hamur_1;SATIN ALMA
CEK_K5_hamur_1_reed_acik;reed acik;0;;alt gövde → Littelfuse 59135;CEK_K5_hamur_1;ALT
CEK_K5_hamur_1_sensor_lami;sensor lami;1;304 · lazer / lama;zarf 6.3 × 2.0 × 679.0;CEK_K5_hamur_1;ÜRETİM
CEK_K5_hamur_1_tepsi;Tepsi · 20 çukur Ø100;1;gıda silikonu 10 mm · çukur 7 · kalıp döküm;530 × 520;CEK_K5_hamur_1;ÜRETİM
CEK_K5_hamur_2_on_dis_sac_1.5;Çekmece önü 40 · kulpsuz · tam kaplama;1;dış 304 1,5 bükme + PU 37,5 köpük + iç 304 1,0 (fitil kanallı);652 × 105;CEK_K5_hamur_2;ÜRETİM
CEK_K5_hamur_2_on_pu;on pu;0;PU köpük (gövdeyle birlikte enjeksiyon);alt gövde → çekmece önü / kapak katmanı;CEK_K5_hamur_2;ALT
CEK_K5_hamur_2_on_ic_sac_1.0;on ic sac 1.0;0;304 sac · lazer + büküm;alt gövde → çekmece önü / kapak katmanı;CEK_K5_hamur_2;ALT
CEK_K5_hamur_2_on_fitil;Fitil · geçmeli manyetik profil 21 × 18,5;1;PVC + şerit mıknatıs · kapak iç sacının 6,4'lük kanalına geçer · aletsiz sökülür;çevre 1422 mm · köşeler gönye kaynaklı;CEK_K5_hamur_2;SATIN ALMA
CEK_K5_hamur_2_kutu_U_1.0;Çekmece kutusu U 1,0;1;304 lazer + 2 büküm;560 × 60 × 530;CEK_K5_hamur_2;ÜRETİM
CEK_K5_hamur_2_kutu_arka_1.0;kutu arka 1.0;0;304 sac · lazer + büküm;alt gövde → çekmece kutusu;CEK_K5_hamur_2;ALT
CEK_K5_hamur_2_kutu_on_1.0;kutu on 1.0;0;304 sac · lazer + büküm;alt gövde → çekmece kutusu;CEK_K5_hamur_2;ALT
CEK_K5_hamur_2_on_baglanti_sol;Ön bağlantı köşesi;2;304 2 mm büküm · öne 2 × M5 perçin somun;ön yüz ayar yuvalı;CEK_K5_hamur_2;ÜRETİM
CEK_K5_hamur_2_on_baglanti_sag;on baglanti;0;304 · lazer / lama;alt gövde → ön bağlantı köşesi;CEK_K5_hamur_2;ALT
CEK_K5_hamur_2_ray_adaptor_sol;Ray adaptör lamı 6 mm;2;304 lama · kutuya punta;ray iç profiline 4 × M4;CEK_K5_hamur_2;ÜRETİM
CEK_K5_hamur_2_ray_adaptor_sag;ray adaptor;0;304 · lazer / lama;alt gövde → ray adaptör lamı;CEK_K5_hamur_2;ALT
CEK_K5_hamur_2_ray_dis_sol;Teleskopik ray Accuride DZ3832-0070;2;700 · %100 açılır · 3 elemanlı · 45,7 × 12,7 · 45–50 kg (çift);dış eleman kolon yan duvarına 4 × M5;CEK_K5_hamur_2;SATIN ALMA
CEK_K5_hamur_2_ray_ara_sol;ray ara;0;304 · lazer / lama;alt gövde → Accuride DZ3832-0070 (ara eleman);CEK_K5_hamur_2;ALT
CEK_K5_hamur_2_ray_ic_sol;ray ic;0;304 · lazer / lama;alt gövde → Accuride DZ3832-0070 (iç eleman);CEK_K5_hamur_2;ALT
CEK_K5_hamur_2_ray_dis_sag;ray dis;0;304 · lazer / lama;alt gövde → Accuride DZ3832-0070;CEK_K5_hamur_2;ALT
CEK_K5_hamur_2_ray_ara_sag;ray ara;0;304 · lazer / lama;alt gövde → Accuride DZ3832-0070 (ara eleman);CEK_K5_hamur_2;ALT
CEK_K5_hamur_2_ray_ic_sag;ray ic;0;304 · lazer / lama;alt gövde → Accuride DZ3832-0070 (iç eleman);CEK_K5_hamur_2;ALT
CEK_K5_hamur_2_motor_kasnagi;GT3 kasnak 30 diş · 6 mm · flanşlı;1;alüminyum · delik Ø8 H7 + düz;PD 28,65 · çevre 90 mm;CEK_K5_hamur_2;SATIN ALMA
CEK_K5_hamur_2_motor_mili;motor mili;0;304 · lazer / lama;alt gövde → Transmotec PD3665;CEK_K5_hamur_2;ALT
CEK_K5_hamur_2_motor_gobegi;motor gobegi;0;304 · lazer / lama;alt gövde → Transmotec PD3665;CEK_K5_hamur_2;ALT
CEK_K5_hamur_2_motor_reduktor;Motor Transmotec PD3665-24-51-BFEC;1;24 V · planet 51:1 · 127 d/dk · 0,853 N·m · manyetik enkoder · EMC filtreli;Ø36 × 115,5 + enkoder · datasheet: transmotec.com PD3665;CEK_K5_hamur_2;SATIN ALMA
CEK_K5_hamur_2_motor_govde;motor govde;0;;alt gövde → Transmotec PD3665;CEK_K5_hamur_2;ALT
CEK_K5_hamur_2_enkoder_kapagi;enkoder kapagi;0;;alt gövde → Transmotec PD3665;CEK_K5_hamur_2;ALT
CEK_K5_hamur_2_m12_soket;M12 4 pin soket + kablo;1;motor + enkoder tek soket · kasada sabit;kablo dikey kanala;CEK_K5_hamur_2;SATIN ALMA
CEK_K5_hamur_2_motor_braketi;Motor braketi 3 mm;1;304 lazer + büküm · 4 × M3 (Ø31) + arka duvara 2 × M5;kasnak hizası buradan;CEK_K5_hamur_2;ÜRETİM
CEK_K5_hamur_2_avara;GT3 avara 30 diş · 6 mm · çift rulman;1;alüminyum · 2 × 625-2RS;ön çerçevenin 17 mm arkası;CEK_K5_hamur_2;SATIN ALMA
CEK_K5_hamur_2_avara_mili;avara mili;1;304 · lazer / lama;zarf 12.2 × 5.0 × 5.0;CEK_K5_hamur_2;ÜRETİM
CEK_K5_hamur_2_avara_kolu;Avara kolu 3 mm;1;304 büküm · ön çerçevenin arkasına 2 × M4 perçin somun;kayış gergisi burada: 8 mm yuvalı;CEK_K5_hamur_2;ÜRETİM
CEK_K5_hamur_2_kayis_GT3;Kayış GT3 6 mm kapalı çevrim;1;~1482 mm (494 diş) · çelik kordlu;tedarikçi boyu doğrulayacak;CEK_K5_hamur_2;SATIN ALMA
CEK_K5_hamur_2_kayis_cenesi;Kayış çenesi + kolu;1;304 · kutunun yan duvarına kaynaklı · dişli çene 2 × M3;kutunun arkasından kasnağa uzanır (strok için);CEK_K5_hamur_2;ÜRETİM
CEK_K5_hamur_2_miknatis_ayagi;miknatis ayagi;1;304 · lazer / lama;zarf 6.3 × 2.3 × 28.6;CEK_K5_hamur_2;ÜRETİM
CEK_K5_hamur_2_miknatis_57135;Mıknatıs Littelfuse 57135-000;1;AlNiCo 5 · flanşlı 28,57 × 19,05 × 6,35;çenenin üstünde;CEK_K5_hamur_2;SATIN ALMA
CEK_K5_hamur_2_reed_kapali;Reed sensör Littelfuse 59135-010;2;NO · flanşlı 28,57 × 19,05 × 6,35;KAPALI + AÇIK konum · PLC girişine;CEK_K5_hamur_2;SATIN ALMA
CEK_K5_hamur_2_reed_acik;reed acik;0;;alt gövde → Littelfuse 59135;CEK_K5_hamur_2;ALT
CEK_K5_hamur_2_sensor_lami;sensor lami;1;304 · lazer / lama;zarf 6.3 × 2.0 × 679.0;CEK_K5_hamur_2;ÜRETİM
CEK_K5_hamur_2_tepsi;Tepsi · 20 çukur Ø100;1;gıda silikonu 10 mm · çukur 7 · kalıp döküm;530 × 520;CEK_K5_hamur_2;ÜRETİM
CEK_K5_hamur_3_on_dis_sac_1.5;Çekmece önü 40 · kulpsuz · tam kaplama;1;dış 304 1,5 bükme + PU 37,5 köpük + iç 304 1,0 (fitil kanallı);652 × 105;CEK_K5_hamur_3;ÜRETİM
CEK_K5_hamur_3_on_pu;on pu;0;PU köpük (gövdeyle birlikte enjeksiyon);alt gövde → çekmece önü / kapak katmanı;CEK_K5_hamur_3;ALT
CEK_K5_hamur_3_on_ic_sac_1.0;on ic sac 1.0;0;304 sac · lazer + büküm;alt gövde → çekmece önü / kapak katmanı;CEK_K5_hamur_3;ALT
CEK_K5_hamur_3_on_fitil;Fitil · geçmeli manyetik profil 21 × 18,5;1;PVC + şerit mıknatıs · kapak iç sacının 6,4'lük kanalına geçer · aletsiz sökülür;çevre 1422 mm · köşeler gönye kaynaklı;CEK_K5_hamur_3;SATIN ALMA
CEK_K5_hamur_3_kutu_U_1.0;Çekmece kutusu U 1,0;1;304 lazer + 2 büküm;560 × 60 × 530;CEK_K5_hamur_3;ÜRETİM
CEK_K5_hamur_3_kutu_arka_1.0;kutu arka 1.0;0;304 sac · lazer + büküm;alt gövde → çekmece kutusu;CEK_K5_hamur_3;ALT
CEK_K5_hamur_3_kutu_on_1.0;kutu on 1.0;0;304 sac · lazer + büküm;alt gövde → çekmece kutusu;CEK_K5_hamur_3;ALT
CEK_K5_hamur_3_on_baglanti_sol;Ön bağlantı köşesi;2;304 2 mm büküm · öne 2 × M5 perçin somun;ön yüz ayar yuvalı;CEK_K5_hamur_3;ÜRETİM
CEK_K5_hamur_3_on_baglanti_sag;on baglanti;0;304 · lazer / lama;alt gövde → ön bağlantı köşesi;CEK_K5_hamur_3;ALT
CEK_K5_hamur_3_ray_adaptor_sol;Ray adaptör lamı 6 mm;2;304 lama · kutuya punta;ray iç profiline 4 × M4;CEK_K5_hamur_3;ÜRETİM
CEK_K5_hamur_3_ray_adaptor_sag;ray adaptor;0;304 · lazer / lama;alt gövde → ray adaptör lamı;CEK_K5_hamur_3;ALT
CEK_K5_hamur_3_ray_dis_sol;Teleskopik ray Accuride DZ3832-0070;2;700 · %100 açılır · 3 elemanlı · 45,7 × 12,7 · 45–50 kg (çift);dış eleman kolon yan duvarına 4 × M5;CEK_K5_hamur_3;SATIN ALMA
CEK_K5_hamur_3_ray_ara_sol;ray ara;0;304 · lazer / lama;alt gövde → Accuride DZ3832-0070 (ara eleman);CEK_K5_hamur_3;ALT
CEK_K5_hamur_3_ray_ic_sol;ray ic;0;304 · lazer / lama;alt gövde → Accuride DZ3832-0070 (iç eleman);CEK_K5_hamur_3;ALT
CEK_K5_hamur_3_ray_dis_sag;ray dis;0;304 · lazer / lama;alt gövde → Accuride DZ3832-0070;CEK_K5_hamur_3;ALT
CEK_K5_hamur_3_ray_ara_sag;ray ara;0;304 · lazer / lama;alt gövde → Accuride DZ3832-0070 (ara eleman);CEK_K5_hamur_3;ALT
CEK_K5_hamur_3_ray_ic_sag;ray ic;0;304 · lazer / lama;alt gövde → Accuride DZ3832-0070 (iç eleman);CEK_K5_hamur_3;ALT
CEK_K5_hamur_3_motor_kasnagi;GT3 kasnak 30 diş · 6 mm · flanşlı;1;alüminyum · delik Ø8 H7 + düz;PD 28,65 · çevre 90 mm;CEK_K5_hamur_3;SATIN ALMA
CEK_K5_hamur_3_motor_mili;motor mili;0;304 · lazer / lama;alt gövde → Transmotec PD3665;CEK_K5_hamur_3;ALT
CEK_K5_hamur_3_motor_gobegi;motor gobegi;0;304 · lazer / lama;alt gövde → Transmotec PD3665;CEK_K5_hamur_3;ALT
CEK_K5_hamur_3_motor_reduktor;Motor Transmotec PD3665-24-51-BFEC;1;24 V · planet 51:1 · 127 d/dk · 0,853 N·m · manyetik enkoder · EMC filtreli;Ø36 × 115,5 + enkoder · datasheet: transmotec.com PD3665;CEK_K5_hamur_3;SATIN ALMA
CEK_K5_hamur_3_motor_govde;motor govde;0;;alt gövde → Transmotec PD3665;CEK_K5_hamur_3;ALT
CEK_K5_hamur_3_enkoder_kapagi;enkoder kapagi;0;;alt gövde → Transmotec PD3665;CEK_K5_hamur_3;ALT
CEK_K5_hamur_3_m12_soket;M12 4 pin soket + kablo;1;motor + enkoder tek soket · kasada sabit;kablo dikey kanala;CEK_K5_hamur_3;SATIN ALMA
CEK_K5_hamur_3_motor_braketi;Motor braketi 3 mm;1;304 lazer + büküm · 4 × M3 (Ø31) + arka duvara 2 × M5;kasnak hizası buradan;CEK_K5_hamur_3;ÜRETİM
CEK_K5_hamur_3_avara;GT3 avara 30 diş · 6 mm · çift rulman;1;alüminyum · 2 × 625-2RS;ön çerçevenin 17 mm arkası;CEK_K5_hamur_3;SATIN ALMA
CEK_K5_hamur_3_avara_mili;avara mili;1;304 · lazer / lama;zarf 12.2 × 5.0 × 5.0;CEK_K5_hamur_3;ÜRETİM
CEK_K5_hamur_3_avara_kolu;Avara kolu 3 mm;1;304 büküm · ön çerçevenin arkasına 2 × M4 perçin somun;kayış gergisi burada: 8 mm yuvalı;CEK_K5_hamur_3;ÜRETİM
CEK_K5_hamur_3_kayis_GT3;Kayış GT3 6 mm kapalı çevrim;1;~1482 mm (494 diş) · çelik kordlu;tedarikçi boyu doğrulayacak;CEK_K5_hamur_3;SATIN ALMA
CEK_K5_hamur_3_kayis_cenesi;Kayış çenesi + kolu;1;304 · kutunun yan duvarına kaynaklı · dişli çene 2 × M3;kutunun arkasından kasnağa uzanır (strok için);CEK_K5_hamur_3;ÜRETİM
CEK_K5_hamur_3_miknatis_ayagi;miknatis ayagi;1;304 · lazer / lama;zarf 6.3 × 2.3 × 28.6;CEK_K5_hamur_3;ÜRETİM
CEK_K5_hamur_3_miknatis_57135;Mıknatıs Littelfuse 57135-000;1;AlNiCo 5 · flanşlı 28,57 × 19,05 × 6,35;çenenin üstünde;CEK_K5_hamur_3;SATIN ALMA
CEK_K5_hamur_3_reed_kapali;Reed sensör Littelfuse 59135-010;2;NO · flanşlı 28,57 × 19,05 × 6,35;KAPALI + AÇIK konum · PLC girişine;CEK_K5_hamur_3;SATIN ALMA
CEK_K5_hamur_3_reed_acik;reed acik;0;;alt gövde → Littelfuse 59135;CEK_K5_hamur_3;ALT
CEK_K5_hamur_3_sensor_lami;sensor lami;1;304 · lazer / lama;zarf 6.3 × 2.0 × 679.0;CEK_K5_hamur_3;ÜRETİM
CEK_K5_hamur_3_tepsi;Tepsi · 20 çukur Ø100;1;gıda silikonu 10 mm · çukur 7 · kalıp döküm;530 × 520;CEK_K5_hamur_3;ÜRETİM
CEK_K5_tatli_1_on_dis_sac_1.5;Çekmece önü 40 · kulpsuz · tam kaplama;1;dış 304 1,5 bükme + PU 37,5 köpük + iç 304 1,0 (fitil kanallı);652 × 294;CEK_K5_tatli_1;ÜRETİM
CEK_K5_tatli_1_on_pu;on pu;0;PU köpük (gövdeyle birlikte enjeksiyon);alt gövde → çekmece önü / kapak katmanı;CEK_K5_tatli_1;ALT
CEK_K5_tatli_1_on_ic_sac_1.0;on ic sac 1.0;0;304 sac · lazer + büküm;alt gövde → çekmece önü / kapak katmanı;CEK_K5_tatli_1;ALT
CEK_K5_tatli_1_on_fitil;Fitil · geçmeli manyetik profil 21 × 18,5;1;PVC + şerit mıknatıs · kapak iç sacının 6,4'lük kanalına geçer · aletsiz sökülür;çevre 1414 mm · köşeler gönye kaynaklı;CEK_K5_tatli_1;SATIN ALMA
CEK_K5_tatli_1_kutu_U_1.0;Çekmece kutusu U 1,0;1;304 lazer + 2 büküm;560 × 56 × 660;CEK_K5_tatli_1;ÜRETİM
CEK_K5_tatli_1_kutu_arka_1.0;kutu arka 1.0;0;304 sac · lazer + büküm;alt gövde → çekmece kutusu;CEK_K5_tatli_1;ALT
CEK_K5_tatli_1_kutu_on_1.0;kutu on 1.0;0;304 sac · lazer + büküm;alt gövde → çekmece kutusu;CEK_K5_tatli_1;ALT
CEK_K5_tatli_1_on_baglanti_sol;Ön bağlantı köşesi;2;304 2 mm büküm · öne 2 × M5 perçin somun;ön yüz ayar yuvalı;CEK_K5_tatli_1;ÜRETİM
CEK_K5_tatli_1_on_baglanti_sag;on baglanti;0;304 · lazer / lama;alt gövde → ön bağlantı köşesi;CEK_K5_tatli_1;ALT
CEK_K5_tatli_1_ray_adaptor_sol;Ray adaptör lamı 6 mm;2;304 lama · kutuya punta;ray iç profiline 4 × M4;CEK_K5_tatli_1;ÜRETİM
CEK_K5_tatli_1_ray_adaptor_sag;ray adaptor;0;304 · lazer / lama;alt gövde → ray adaptör lamı;CEK_K5_tatli_1;ALT
CEK_K5_tatli_1_ray_dis_sol;Teleskopik ray Accuride DZ3832-0070;2;700 · %100 açılır · 3 elemanlı · 45,7 × 12,7 · 45–50 kg (çift);dış eleman kolon yan duvarına 4 × M5;CEK_K5_tatli_1;SATIN ALMA
CEK_K5_tatli_1_ray_ara_sol;ray ara;0;304 · lazer / lama;alt gövde → Accuride DZ3832-0070 (ara eleman);CEK_K5_tatli_1;ALT
CEK_K5_tatli_1_ray_ic_sol;ray ic;0;304 · lazer / lama;alt gövde → Accuride DZ3832-0070 (iç eleman);CEK_K5_tatli_1;ALT
CEK_K5_tatli_1_ray_dis_sag;ray dis;0;304 · lazer / lama;alt gövde → Accuride DZ3832-0070;CEK_K5_tatli_1;ALT
CEK_K5_tatli_1_ray_ara_sag;ray ara;0;304 · lazer / lama;alt gövde → Accuride DZ3832-0070 (ara eleman);CEK_K5_tatli_1;ALT
CEK_K5_tatli_1_ray_ic_sag;ray ic;0;304 · lazer / lama;alt gövde → Accuride DZ3832-0070 (iç eleman);CEK_K5_tatli_1;ALT
CEK_K5_tatli_1_motor_kasnagi;GT3 kasnak 30 diş · 6 mm · flanşlı;1;alüminyum · delik Ø8 H7 + düz;PD 28,65 · çevre 90 mm;CEK_K5_tatli_1;SATIN ALMA
CEK_K5_tatli_1_motor_mili;motor mili;0;304 · lazer / lama;alt gövde → Transmotec PD3665;CEK_K5_tatli_1;ALT
CEK_K5_tatli_1_motor_gobegi;motor gobegi;0;304 · lazer / lama;alt gövde → Transmotec PD3665;CEK_K5_tatli_1;ALT
CEK_K5_tatli_1_motor_reduktor;Motor Transmotec PD3665-24-51-BFEC;1;24 V · planet 51:1 · 127 d/dk · 0,853 N·m · manyetik enkoder · EMC filtreli;Ø36 × 115,5 + enkoder · datasheet: transmotec.com PD3665;CEK_K5_tatli_1;SATIN ALMA
CEK_K5_tatli_1_motor_govde;motor govde;0;;alt gövde → Transmotec PD3665;CEK_K5_tatli_1;ALT
CEK_K5_tatli_1_enkoder_kapagi;enkoder kapagi;0;;alt gövde → Transmotec PD3665;CEK_K5_tatli_1;ALT
CEK_K5_tatli_1_m12_soket;M12 4 pin soket + kablo;1;motor + enkoder tek soket · kasada sabit;kablo dikey kanala;CEK_K5_tatli_1;SATIN ALMA
CEK_K5_tatli_1_motor_braketi;Motor braketi 3 mm;1;304 lazer + büküm · 4 × M3 (Ø31) + arka duvara 2 × M5;kasnak hizası buradan;CEK_K5_tatli_1;ÜRETİM
CEK_K5_tatli_1_avara;GT3 avara 30 diş · 6 mm · çift rulman;1;alüminyum · 2 × 625-2RS;ön çerçevenin 17 mm arkası;CEK_K5_tatli_1;SATIN ALMA
CEK_K5_tatli_1_avara_mili;avara mili;1;304 · lazer / lama;zarf 12.2 × 5.0 × 5.0;CEK_K5_tatli_1;ÜRETİM
CEK_K5_tatli_1_avara_kolu;Avara kolu 3 mm;1;304 büküm · ön çerçevenin arkasına 2 × M4 perçin somun;kayış gergisi burada: 8 mm yuvalı;CEK_K5_tatli_1;ÜRETİM
CEK_K5_tatli_1_kayis_GT3;Kayış GT3 6 mm kapalı çevrim;1;~1482 mm (494 diş) · çelik kordlu;tedarikçi boyu doğrulayacak;CEK_K5_tatli_1;SATIN ALMA
CEK_K5_tatli_1_kayis_cenesi;Kayış çenesi + kolu;1;304 · kutunun yan duvarına kaynaklı · dişli çene 2 × M3;kutunun arkasından kasnağa uzanır (strok için);CEK_K5_tatli_1;ÜRETİM
CEK_K5_tatli_1_miknatis_ayagi;miknatis ayagi;1;304 · lazer / lama;zarf 6.3 × 2.3 × 28.6;CEK_K5_tatli_1;ÜRETİM
CEK_K5_tatli_1_miknatis_57135;Mıknatıs Littelfuse 57135-000;1;AlNiCo 5 · flanşlı 28,57 × 19,05 × 6,35;çenenin üstünde;CEK_K5_tatli_1;SATIN ALMA
CEK_K5_tatli_1_reed_kapali;Reed sensör Littelfuse 59135-010;2;NO · flanşlı 28,57 × 19,05 × 6,35;KAPALI + AÇIK konum · PLC girişine;CEK_K5_tatli_1;SATIN ALMA
CEK_K5_tatli_1_reed_acik;reed acik;0;;alt gövde → Littelfuse 59135;CEK_K5_tatli_1;ALT
CEK_K5_tatli_1_sensor_lami;sensor lami;1;304 · lazer / lama;zarf 6.3 × 2.0 × 679.0;CEK_K5_tatli_1;ÜRETİM
CEK_K5_tatli_1_serit_bolmesi_0;Şerit bölmesi + yaylı itici takımı (market tipi) · şerit 104;2;standart raf itici sistemi · ürünü öne iter;marka seçilmedi [VARSAYIM] · çekmece başına 2 şerit;CEK_K5_tatli_1;SATIN ALMA
CEK_K5_tatli_1_serit_bolmesi_1;serit bolmesi;0;;alt gövde → şerit + itici takımı;CEK_K5_tatli_1;ALT
CEK_K5_tatli_1_serit_bolmesi_2;serit bolmesi;0;;alt gövde → şerit + itici takımı;CEK_K5_tatli_1;ALT
CEK_K5_tatli_1_itici_0;itici;0;;alt gövde → şerit + itici takımı;CEK_K5_tatli_1;ALT
CEK_K5_tatli_1_itici_yayi_0;itici yayi;0;304 · lazer / lama;alt gövde → şerit + itici takımı;CEK_K5_tatli_1;ALT
CEK_K5_tatli_1_itici_1;itici;0;;alt gövde → şerit + itici takımı;CEK_K5_tatli_1;ALT
CEK_K5_tatli_1_itici_yayi_1;itici yayi;0;304 · lazer / lama;alt gövde → şerit + itici takımı;CEK_K5_tatli_1;ALT
CEK_K6_ic1_1_on_dis_sac_1.5;Çekmece önü 40 · kulpsuz · tam kaplama;1;dış 304 1,5 bükme + PU 37,5 köpük + iç 304 1,0 (fitil kanallı);617 × 198;CEK_K6_ic1_1;ÜRETİM
CEK_K6_ic1_1_on_pu;on pu;0;PU köpük (gövdeyle birlikte enjeksiyon);alt gövde → çekmece önü / kapak katmanı;CEK_K6_ic1_1;ALT
CEK_K6_ic1_1_on_ic_sac_1.0;on ic sac 1.0;0;304 sac · lazer + büküm;alt gövde → çekmece önü / kapak katmanı;CEK_K6_ic1_1;ALT
CEK_K6_ic1_1_on_fitil;Fitil · geçmeli manyetik profil 21 × 18,5;1;PVC + şerit mıknatıs · kapak iç sacının 6,4'lük kanalına geçer · aletsiz sökülür;çevre 1454 mm · köşeler gönye kaynaklı;CEK_K6_ic1_1;SATIN ALMA
CEK_K6_ic1_1_kutu_U_1.0;Çekmece kutusu U 1,0;1;304 lazer + 2 büküm;525 × 111 × 660;CEK_K6_ic1_1;ÜRETİM
CEK_K6_ic1_1_kutu_arka_1.0;kutu arka 1.0;0;304 sac · lazer + büküm;alt gövde → çekmece kutusu;CEK_K6_ic1_1;ALT
CEK_K6_ic1_1_kutu_on_1.0;kutu on 1.0;0;304 sac · lazer + büküm;alt gövde → çekmece kutusu;CEK_K6_ic1_1;ALT
CEK_K6_ic1_1_on_baglanti_sol;Ön bağlantı köşesi;2;304 2 mm büküm · öne 2 × M5 perçin somun;ön yüz ayar yuvalı;CEK_K6_ic1_1;ÜRETİM
CEK_K6_ic1_1_on_baglanti_sag;on baglanti;0;304 · lazer / lama;alt gövde → ön bağlantı köşesi;CEK_K6_ic1_1;ALT
CEK_K6_ic1_1_ray_adaptor_sol;Ray adaptör lamı 6 mm;2;304 lama · kutuya punta;ray iç profiline 4 × M4;CEK_K6_ic1_1;ÜRETİM
CEK_K6_ic1_1_ray_adaptor_sag;ray adaptor;0;304 · lazer / lama;alt gövde → ray adaptör lamı;CEK_K6_ic1_1;ALT
CEK_K6_ic1_1_ray_dis_sol;Teleskopik ray Accuride DZ3832-0070;2;700 · %100 açılır · 3 elemanlı · 45,7 × 12,7 · 45–50 kg (çift);dış eleman kolon yan duvarına 4 × M5;CEK_K6_ic1_1;SATIN ALMA
CEK_K6_ic1_1_ray_ara_sol;ray ara;0;304 · lazer / lama;alt gövde → Accuride DZ3832-0070 (ara eleman);CEK_K6_ic1_1;ALT
CEK_K6_ic1_1_ray_ic_sol;ray ic;0;304 · lazer / lama;alt gövde → Accuride DZ3832-0070 (iç eleman);CEK_K6_ic1_1;ALT
CEK_K6_ic1_1_ray_dis_sag;ray dis;0;304 · lazer / lama;alt gövde → Accuride DZ3832-0070;CEK_K6_ic1_1;ALT
CEK_K6_ic1_1_ray_ara_sag;ray ara;0;304 · lazer / lama;alt gövde → Accuride DZ3832-0070 (ara eleman);CEK_K6_ic1_1;ALT
CEK_K6_ic1_1_ray_ic_sag;ray ic;0;304 · lazer / lama;alt gövde → Accuride DZ3832-0070 (iç eleman);CEK_K6_ic1_1;ALT
CEK_K6_ic1_1_motor_kasnagi;GT3 kasnak 30 diş · 6 mm · flanşlı;1;alüminyum · delik Ø8 H7 + düz;PD 28,65 · çevre 90 mm;CEK_K6_ic1_1;SATIN ALMA
CEK_K6_ic1_1_motor_mili;motor mili;0;304 · lazer / lama;alt gövde → Transmotec PD3665;CEK_K6_ic1_1;ALT
CEK_K6_ic1_1_motor_gobegi;motor gobegi;0;304 · lazer / lama;alt gövde → Transmotec PD3665;CEK_K6_ic1_1;ALT
CEK_K6_ic1_1_motor_reduktor;Motor Transmotec PD3665-24-51-BFEC;1;24 V · planet 51:1 · 127 d/dk · 0,853 N·m · manyetik enkoder · EMC filtreli;Ø36 × 115,5 + enkoder · datasheet: transmotec.com PD3665;CEK_K6_ic1_1;SATIN ALMA
CEK_K6_ic1_1_motor_govde;motor govde;0;;alt gövde → Transmotec PD3665;CEK_K6_ic1_1;ALT
CEK_K6_ic1_1_enkoder_kapagi;enkoder kapagi;0;;alt gövde → Transmotec PD3665;CEK_K6_ic1_1;ALT
CEK_K6_ic1_1_m12_soket;M12 4 pin soket + kablo;1;motor + enkoder tek soket · kasada sabit;kablo dikey kanala;CEK_K6_ic1_1;SATIN ALMA
CEK_K6_ic1_1_motor_braketi;Motor braketi 3 mm;1;304 lazer + büküm · 4 × M3 (Ø31) + arka duvara 2 × M5;kasnak hizası buradan;CEK_K6_ic1_1;ÜRETİM
CEK_K6_ic1_1_avara;GT3 avara 30 diş · 6 mm · çift rulman;1;alüminyum · 2 × 625-2RS;ön çerçevenin 17 mm arkası;CEK_K6_ic1_1;SATIN ALMA
CEK_K6_ic1_1_avara_mili;avara mili;1;304 · lazer / lama;zarf 12.2 × 5.0 × 5.0;CEK_K6_ic1_1;ÜRETİM
CEK_K6_ic1_1_avara_kolu;Avara kolu 3 mm;1;304 büküm · ön çerçevenin arkasına 2 × M4 perçin somun;kayış gergisi burada: 8 mm yuvalı;CEK_K6_ic1_1;ÜRETİM
CEK_K6_ic1_1_kayis_GT3;Kayış GT3 6 mm kapalı çevrim;1;~1482 mm (494 diş) · çelik kordlu;tedarikçi boyu doğrulayacak;CEK_K6_ic1_1;SATIN ALMA
CEK_K6_ic1_1_kayis_cenesi;Kayış çenesi + kolu;1;304 · kutunun yan duvarına kaynaklı · dişli çene 2 × M3;kutunun arkasından kasnağa uzanır (strok için);CEK_K6_ic1_1;ÜRETİM
CEK_K6_ic1_1_miknatis_ayagi;miknatis ayagi;1;304 · lazer / lama;zarf 6.3 × 2.3 × 28.6;CEK_K6_ic1_1;ÜRETİM
CEK_K6_ic1_1_miknatis_57135;Mıknatıs Littelfuse 57135-000;1;AlNiCo 5 · flanşlı 28,57 × 19,05 × 6,35;çenenin üstünde;CEK_K6_ic1_1;SATIN ALMA
CEK_K6_ic1_1_reed_kapali;Reed sensör Littelfuse 59135-010;2;NO · flanşlı 28,57 × 19,05 × 6,35;KAPALI + AÇIK konum · PLC girişine;CEK_K6_ic1_1;SATIN ALMA
CEK_K6_ic1_1_reed_acik;reed acik;0;;alt gövde → Littelfuse 59135;CEK_K6_ic1_1;ALT
CEK_K6_ic1_1_sensor_lami;sensor lami;1;304 · lazer / lama;zarf 6.3 × 2.0 × 679.0;CEK_K6_ic1_1;ÜRETİM
CEK_K6_ic1_1_serit_bolmesi_0;Şerit bölmesi + yaylı itici takımı (market tipi) · şerit 82;6;standart raf itici sistemi · ürünü öne iter;marka seçilmedi [VARSAYIM] · çekmece başına 6 şerit;CEK_K6_ic1_1;SATIN ALMA
CEK_K6_ic1_1_serit_bolmesi_1;serit bolmesi;0;;alt gövde → şerit + itici takımı;CEK_K6_ic1_1;ALT
CEK_K6_ic1_1_serit_bolmesi_2;serit bolmesi;0;;alt gövde → şerit + itici takımı;CEK_K6_ic1_1;ALT
CEK_K6_ic1_1_serit_bolmesi_3;serit bolmesi;0;;alt gövde → şerit + itici takımı;CEK_K6_ic1_1;ALT
CEK_K6_ic1_1_serit_bolmesi_4;serit bolmesi;0;;alt gövde → şerit + itici takımı;CEK_K6_ic1_1;ALT
CEK_K6_ic1_1_serit_bolmesi_5;serit bolmesi;0;;alt gövde → şerit + itici takımı;CEK_K6_ic1_1;ALT
CEK_K6_ic1_1_serit_bolmesi_6;serit bolmesi;0;;alt gövde → şerit + itici takımı;CEK_K6_ic1_1;ALT
CEK_K6_ic1_1_itici_0;itici;0;;alt gövde → şerit + itici takımı;CEK_K6_ic1_1;ALT
CEK_K6_ic1_1_itici_yayi_0;itici yayi;0;304 · lazer / lama;alt gövde → şerit + itici takımı;CEK_K6_ic1_1;ALT
CEK_K6_ic1_1_itici_1;itici;0;;alt gövde → şerit + itici takımı;CEK_K6_ic1_1;ALT
CEK_K6_ic1_1_itici_yayi_1;itici yayi;0;304 · lazer / lama;alt gövde → şerit + itici takımı;CEK_K6_ic1_1;ALT
CEK_K6_ic1_1_itici_2;itici;0;;alt gövde → şerit + itici takımı;CEK_K6_ic1_1;ALT
CEK_K6_ic1_1_itici_yayi_2;itici yayi;0;304 · lazer / lama;alt gövde → şerit + itici takımı;CEK_K6_ic1_1;ALT
CEK_K6_ic1_1_itici_3;itici;0;;alt gövde → şerit + itici takımı;CEK_K6_ic1_1;ALT
CEK_K6_ic1_1_itici_yayi_3;itici yayi;0;304 · lazer / lama;alt gövde → şerit + itici takımı;CEK_K6_ic1_1;ALT
CEK_K6_ic1_1_itici_4;itici;0;;alt gövde → şerit + itici takımı;CEK_K6_ic1_1;ALT
CEK_K6_ic1_1_itici_yayi_4;itici yayi;0;304 · lazer / lama;alt gövde → şerit + itici takımı;CEK_K6_ic1_1;ALT
CEK_K6_ic1_1_itici_5;itici;0;;alt gövde → şerit + itici takımı;CEK_K6_ic1_1;ALT
CEK_K6_ic1_1_itici_yayi_5;itici yayi;0;304 · lazer / lama;alt gövde → şerit + itici takımı;CEK_K6_ic1_1;ALT
CEK_K6_ic1_2_on_dis_sac_1.5;Çekmece önü 40 · kulpsuz · tam kaplama;1;dış 304 1,5 bükme + PU 37,5 köpük + iç 304 1,0 (fitil kanallı);617 × 156;CEK_K6_ic1_2;ÜRETİM
CEK_K6_ic1_2_on_pu;on pu;0;PU köpük (gövdeyle birlikte enjeksiyon);alt gövde → çekmece önü / kapak katmanı;CEK_K6_ic1_2;ALT
CEK_K6_ic1_2_on_ic_sac_1.0;on ic sac 1.0;0;304 sac · lazer + büküm;alt gövde → çekmece önü / kapak katmanı;CEK_K6_ic1_2;ALT
CEK_K6_ic1_2_on_fitil;Fitil · geçmeli manyetik profil 21 × 18,5;1;PVC + şerit mıknatıs · kapak iç sacının 6,4'lük kanalına geçer · aletsiz sökülür;çevre 1454 mm · köşeler gönye kaynaklı;CEK_K6_ic1_2;SATIN ALMA
CEK_K6_ic1_2_kutu_U_1.0;Çekmece kutusu U 1,0;1;304 lazer + 2 büküm;525 × 111 × 660;CEK_K6_ic1_2;ÜRETİM
CEK_K6_ic1_2_kutu_arka_1.0;kutu arka 1.0;0;304 sac · lazer + büküm;alt gövde → çekmece kutusu;CEK_K6_ic1_2;ALT
CEK_K6_ic1_2_kutu_on_1.0;kutu on 1.0;0;304 sac · lazer + büküm;alt gövde → çekmece kutusu;CEK_K6_ic1_2;ALT
CEK_K6_ic1_2_on_baglanti_sol;Ön bağlantı köşesi;2;304 2 mm büküm · öne 2 × M5 perçin somun;ön yüz ayar yuvalı;CEK_K6_ic1_2;ÜRETİM
CEK_K6_ic1_2_on_baglanti_sag;on baglanti;0;304 · lazer / lama;alt gövde → ön bağlantı köşesi;CEK_K6_ic1_2;ALT
CEK_K6_ic1_2_ray_adaptor_sol;Ray adaptör lamı 6 mm;2;304 lama · kutuya punta;ray iç profiline 4 × M4;CEK_K6_ic1_2;ÜRETİM
CEK_K6_ic1_2_ray_adaptor_sag;ray adaptor;0;304 · lazer / lama;alt gövde → ray adaptör lamı;CEK_K6_ic1_2;ALT
CEK_K6_ic1_2_ray_dis_sol;Teleskopik ray Accuride DZ3832-0070;2;700 · %100 açılır · 3 elemanlı · 45,7 × 12,7 · 45–50 kg (çift);dış eleman kolon yan duvarına 4 × M5;CEK_K6_ic1_2;SATIN ALMA
CEK_K6_ic1_2_ray_ara_sol;ray ara;0;304 · lazer / lama;alt gövde → Accuride DZ3832-0070 (ara eleman);CEK_K6_ic1_2;ALT
CEK_K6_ic1_2_ray_ic_sol;ray ic;0;304 · lazer / lama;alt gövde → Accuride DZ3832-0070 (iç eleman);CEK_K6_ic1_2;ALT
CEK_K6_ic1_2_ray_dis_sag;ray dis;0;304 · lazer / lama;alt gövde → Accuride DZ3832-0070;CEK_K6_ic1_2;ALT
CEK_K6_ic1_2_ray_ara_sag;ray ara;0;304 · lazer / lama;alt gövde → Accuride DZ3832-0070 (ara eleman);CEK_K6_ic1_2;ALT
CEK_K6_ic1_2_ray_ic_sag;ray ic;0;304 · lazer / lama;alt gövde → Accuride DZ3832-0070 (iç eleman);CEK_K6_ic1_2;ALT
CEK_K6_ic1_2_motor_kasnagi;GT3 kasnak 30 diş · 6 mm · flanşlı;1;alüminyum · delik Ø8 H7 + düz;PD 28,65 · çevre 90 mm;CEK_K6_ic1_2;SATIN ALMA
CEK_K6_ic1_2_motor_mili;motor mili;0;304 · lazer / lama;alt gövde → Transmotec PD3665;CEK_K6_ic1_2;ALT
CEK_K6_ic1_2_motor_gobegi;motor gobegi;0;304 · lazer / lama;alt gövde → Transmotec PD3665;CEK_K6_ic1_2;ALT
CEK_K6_ic1_2_motor_reduktor;Motor Transmotec PD3665-24-51-BFEC;1;24 V · planet 51:1 · 127 d/dk · 0,853 N·m · manyetik enkoder · EMC filtreli;Ø36 × 115,5 + enkoder · datasheet: transmotec.com PD3665;CEK_K6_ic1_2;SATIN ALMA
CEK_K6_ic1_2_motor_govde;motor govde;0;;alt gövde → Transmotec PD3665;CEK_K6_ic1_2;ALT
CEK_K6_ic1_2_enkoder_kapagi;enkoder kapagi;0;;alt gövde → Transmotec PD3665;CEK_K6_ic1_2;ALT
CEK_K6_ic1_2_m12_soket;M12 4 pin soket + kablo;1;motor + enkoder tek soket · kasada sabit;kablo dikey kanala;CEK_K6_ic1_2;SATIN ALMA
CEK_K6_ic1_2_motor_braketi;Motor braketi 3 mm;1;304 lazer + büküm · 4 × M3 (Ø31) + arka duvara 2 × M5;kasnak hizası buradan;CEK_K6_ic1_2;ÜRETİM
CEK_K6_ic1_2_avara;GT3 avara 30 diş · 6 mm · çift rulman;1;alüminyum · 2 × 625-2RS;ön çerçevenin 17 mm arkası;CEK_K6_ic1_2;SATIN ALMA
CEK_K6_ic1_2_avara_mili;avara mili;1;304 · lazer / lama;zarf 12.2 × 5.0 × 5.0;CEK_K6_ic1_2;ÜRETİM
CEK_K6_ic1_2_avara_kolu;Avara kolu 3 mm;1;304 büküm · ön çerçevenin arkasına 2 × M4 perçin somun;kayış gergisi burada: 8 mm yuvalı;CEK_K6_ic1_2;ÜRETİM
CEK_K6_ic1_2_kayis_GT3;Kayış GT3 6 mm kapalı çevrim;1;~1482 mm (494 diş) · çelik kordlu;tedarikçi boyu doğrulayacak;CEK_K6_ic1_2;SATIN ALMA
CEK_K6_ic1_2_kayis_cenesi;Kayış çenesi + kolu;1;304 · kutunun yan duvarına kaynaklı · dişli çene 2 × M3;kutunun arkasından kasnağa uzanır (strok için);CEK_K6_ic1_2;ÜRETİM
CEK_K6_ic1_2_miknatis_ayagi;miknatis ayagi;1;304 · lazer / lama;zarf 6.3 × 2.3 × 28.6;CEK_K6_ic1_2;ÜRETİM
CEK_K6_ic1_2_miknatis_57135;Mıknatıs Littelfuse 57135-000;1;AlNiCo 5 · flanşlı 28,57 × 19,05 × 6,35;çenenin üstünde;CEK_K6_ic1_2;SATIN ALMA
CEK_K6_ic1_2_reed_kapali;Reed sensör Littelfuse 59135-010;2;NO · flanşlı 28,57 × 19,05 × 6,35;KAPALI + AÇIK konum · PLC girişine;CEK_K6_ic1_2;SATIN ALMA
CEK_K6_ic1_2_reed_acik;reed acik;0;;alt gövde → Littelfuse 59135;CEK_K6_ic1_2;ALT
CEK_K6_ic1_2_sensor_lami;sensor lami;1;304 · lazer / lama;zarf 6.3 × 2.0 × 679.0;CEK_K6_ic1_2;ÜRETİM
CEK_K6_ic1_2_serit_bolmesi_0;Şerit bölmesi + yaylı itici takımı (market tipi) · şerit 82;6;standart raf itici sistemi · ürünü öne iter;marka seçilmedi [VARSAYIM] · çekmece başına 6 şerit;CEK_K6_ic1_2;SATIN ALMA
CEK_K6_ic1_2_serit_bolmesi_1;serit bolmesi;0;;alt gövde → şerit + itici takımı;CEK_K6_ic1_2;ALT
CEK_K6_ic1_2_serit_bolmesi_2;serit bolmesi;0;;alt gövde → şerit + itici takımı;CEK_K6_ic1_2;ALT
CEK_K6_ic1_2_serit_bolmesi_3;serit bolmesi;0;;alt gövde → şerit + itici takımı;CEK_K6_ic1_2;ALT
CEK_K6_ic1_2_serit_bolmesi_4;serit bolmesi;0;;alt gövde → şerit + itici takımı;CEK_K6_ic1_2;ALT
CEK_K6_ic1_2_serit_bolmesi_5;serit bolmesi;0;;alt gövde → şerit + itici takımı;CEK_K6_ic1_2;ALT
CEK_K6_ic1_2_serit_bolmesi_6;serit bolmesi;0;;alt gövde → şerit + itici takımı;CEK_K6_ic1_2;ALT
CEK_K6_ic1_2_itici_0;itici;0;;alt gövde → şerit + itici takımı;CEK_K6_ic1_2;ALT
CEK_K6_ic1_2_itici_yayi_0;itici yayi;0;304 · lazer / lama;alt gövde → şerit + itici takımı;CEK_K6_ic1_2;ALT
CEK_K6_ic1_2_itici_1;itici;0;;alt gövde → şerit + itici takımı;CEK_K6_ic1_2;ALT
CEK_K6_ic1_2_itici_yayi_1;itici yayi;0;304 · lazer / lama;alt gövde → şerit + itici takımı;CEK_K6_ic1_2;ALT
CEK_K6_ic1_2_itici_2;itici;0;;alt gövde → şerit + itici takımı;CEK_K6_ic1_2;ALT
CEK_K6_ic1_2_itici_yayi_2;itici yayi;0;304 · lazer / lama;alt gövde → şerit + itici takımı;CEK_K6_ic1_2;ALT
CEK_K6_ic1_2_itici_3;itici;0;;alt gövde → şerit + itici takımı;CEK_K6_ic1_2;ALT
CEK_K6_ic1_2_itici_yayi_3;itici yayi;0;304 · lazer / lama;alt gövde → şerit + itici takımı;CEK_K6_ic1_2;ALT
CEK_K6_ic1_2_itici_4;itici;0;;alt gövde → şerit + itici takımı;CEK_K6_ic1_2;ALT
CEK_K6_ic1_2_itici_yayi_4;itici yayi;0;304 · lazer / lama;alt gövde → şerit + itici takımı;CEK_K6_ic1_2;ALT
CEK_K6_ic1_2_itici_5;itici;0;;alt gövde → şerit + itici takımı;CEK_K6_ic1_2;ALT
CEK_K6_ic1_2_itici_yayi_5;itici yayi;0;304 · lazer / lama;alt gövde → şerit + itici takımı;CEK_K6_ic1_2;ALT
CEK_K6_ic1_3_on_dis_sac_1.5;Çekmece önü 40 · kulpsuz · tam kaplama;1;dış 304 1,5 bükme + PU 37,5 köpük + iç 304 1,0 (fitil kanallı);617 × 300;CEK_K6_ic1_3;ÜRETİM
CEK_K6_ic1_3_on_pu;on pu;0;PU köpük (gövdeyle birlikte enjeksiyon);alt gövde → çekmece önü / kapak katmanı;CEK_K6_ic1_3;ALT
CEK_K6_ic1_3_on_ic_sac_1.0;on ic sac 1.0;0;304 sac · lazer + büküm;alt gövde → çekmece önü / kapak katmanı;CEK_K6_ic1_3;ALT
CEK_K6_ic1_3_on_fitil;Fitil · geçmeli manyetik profil 21 × 18,5;1;PVC + şerit mıknatıs · kapak iç sacının 6,4'lük kanalına geçer · aletsiz sökülür;çevre 1454 mm · köşeler gönye kaynaklı;CEK_K6_ic1_3;SATIN ALMA
CEK_K6_ic1_3_kutu_U_1.0;Çekmece kutusu U 1,0;1;304 lazer + 2 büküm;525 × 111 × 660;CEK_K6_ic1_3;ÜRETİM
CEK_K6_ic1_3_kutu_arka_1.0;kutu arka 1.0;0;304 sac · lazer + büküm;alt gövde → çekmece kutusu;CEK_K6_ic1_3;ALT
CEK_K6_ic1_3_kutu_on_1.0;kutu on 1.0;0;304 sac · lazer + büküm;alt gövde → çekmece kutusu;CEK_K6_ic1_3;ALT
CEK_K6_ic1_3_on_baglanti_sol;Ön bağlantı köşesi;2;304 2 mm büküm · öne 2 × M5 perçin somun;ön yüz ayar yuvalı;CEK_K6_ic1_3;ÜRETİM
CEK_K6_ic1_3_on_baglanti_sag;on baglanti;0;304 · lazer / lama;alt gövde → ön bağlantı köşesi;CEK_K6_ic1_3;ALT
CEK_K6_ic1_3_ray_adaptor_sol;Ray adaptör lamı 6 mm;2;304 lama · kutuya punta;ray iç profiline 4 × M4;CEK_K6_ic1_3;ÜRETİM
CEK_K6_ic1_3_ray_adaptor_sag;ray adaptor;0;304 · lazer / lama;alt gövde → ray adaptör lamı;CEK_K6_ic1_3;ALT
CEK_K6_ic1_3_ray_dis_sol;Teleskopik ray Accuride DZ3832-0070;2;700 · %100 açılır · 3 elemanlı · 45,7 × 12,7 · 45–50 kg (çift);dış eleman kolon yan duvarına 4 × M5;CEK_K6_ic1_3;SATIN ALMA
CEK_K6_ic1_3_ray_ara_sol;ray ara;0;304 · lazer / lama;alt gövde → Accuride DZ3832-0070 (ara eleman);CEK_K6_ic1_3;ALT
CEK_K6_ic1_3_ray_ic_sol;ray ic;0;304 · lazer / lama;alt gövde → Accuride DZ3832-0070 (iç eleman);CEK_K6_ic1_3;ALT
CEK_K6_ic1_3_ray_dis_sag;ray dis;0;304 · lazer / lama;alt gövde → Accuride DZ3832-0070;CEK_K6_ic1_3;ALT
CEK_K6_ic1_3_ray_ara_sag;ray ara;0;304 · lazer / lama;alt gövde → Accuride DZ3832-0070 (ara eleman);CEK_K6_ic1_3;ALT
CEK_K6_ic1_3_ray_ic_sag;ray ic;0;304 · lazer / lama;alt gövde → Accuride DZ3832-0070 (iç eleman);CEK_K6_ic1_3;ALT
CEK_K6_ic1_3_motor_kasnagi;GT3 kasnak 30 diş · 6 mm · flanşlı;1;alüminyum · delik Ø8 H7 + düz;PD 28,65 · çevre 90 mm;CEK_K6_ic1_3;SATIN ALMA
CEK_K6_ic1_3_motor_mili;motor mili;0;304 · lazer / lama;alt gövde → Transmotec PD3665;CEK_K6_ic1_3;ALT
CEK_K6_ic1_3_motor_gobegi;motor gobegi;0;304 · lazer / lama;alt gövde → Transmotec PD3665;CEK_K6_ic1_3;ALT
CEK_K6_ic1_3_motor_reduktor;Motor Transmotec PD3665-24-51-BFEC;1;24 V · planet 51:1 · 127 d/dk · 0,853 N·m · manyetik enkoder · EMC filtreli;Ø36 × 115,5 + enkoder · datasheet: transmotec.com PD3665;CEK_K6_ic1_3;SATIN ALMA
CEK_K6_ic1_3_motor_govde;motor govde;0;;alt gövde → Transmotec PD3665;CEK_K6_ic1_3;ALT
CEK_K6_ic1_3_enkoder_kapagi;enkoder kapagi;0;;alt gövde → Transmotec PD3665;CEK_K6_ic1_3;ALT
CEK_K6_ic1_3_m12_soket;M12 4 pin soket + kablo;1;motor + enkoder tek soket · kasada sabit;kablo dikey kanala;CEK_K6_ic1_3;SATIN ALMA
CEK_K6_ic1_3_motor_braketi;Motor braketi 3 mm;1;304 lazer + büküm · 4 × M3 (Ø31) + arka duvara 2 × M5;kasnak hizası buradan;CEK_K6_ic1_3;ÜRETİM
CEK_K6_ic1_3_avara;GT3 avara 30 diş · 6 mm · çift rulman;1;alüminyum · 2 × 625-2RS;ön çerçevenin 17 mm arkası;CEK_K6_ic1_3;SATIN ALMA
CEK_K6_ic1_3_avara_mili;avara mili;1;304 · lazer / lama;zarf 12.2 × 5.0 × 5.0;CEK_K6_ic1_3;ÜRETİM
CEK_K6_ic1_3_avara_kolu;Avara kolu 3 mm;1;304 büküm · ön çerçevenin arkasına 2 × M4 perçin somun;kayış gergisi burada: 8 mm yuvalı;CEK_K6_ic1_3;ÜRETİM
CEK_K6_ic1_3_kayis_GT3;Kayış GT3 6 mm kapalı çevrim;1;~1482 mm (494 diş) · çelik kordlu;tedarikçi boyu doğrulayacak;CEK_K6_ic1_3;SATIN ALMA
CEK_K6_ic1_3_kayis_cenesi;Kayış çenesi + kolu;1;304 · kutunun yan duvarına kaynaklı · dişli çene 2 × M3;kutunun arkasından kasnağa uzanır (strok için);CEK_K6_ic1_3;ÜRETİM
CEK_K6_ic1_3_miknatis_ayagi;miknatis ayagi;1;304 · lazer / lama;zarf 6.3 × 2.3 × 28.6;CEK_K6_ic1_3;ÜRETİM
CEK_K6_ic1_3_miknatis_57135;Mıknatıs Littelfuse 57135-000;1;AlNiCo 5 · flanşlı 28,57 × 19,05 × 6,35;çenenin üstünde;CEK_K6_ic1_3;SATIN ALMA
CEK_K6_ic1_3_reed_kapali;Reed sensör Littelfuse 59135-010;2;NO · flanşlı 28,57 × 19,05 × 6,35;KAPALI + AÇIK konum · PLC girişine;CEK_K6_ic1_3;SATIN ALMA
CEK_K6_ic1_3_reed_acik;reed acik;0;;alt gövde → Littelfuse 59135;CEK_K6_ic1_3;ALT
CEK_K6_ic1_3_sensor_lami;sensor lami;1;304 · lazer / lama;zarf 6.3 × 2.0 × 679.0;CEK_K6_ic1_3;ÜRETİM
CEK_K6_ic1_3_serit_bolmesi_0;Şerit bölmesi + yaylı itici takımı (market tipi) · şerit 82;6;standart raf itici sistemi · ürünü öne iter;marka seçilmedi [VARSAYIM] · çekmece başına 6 şerit;CEK_K6_ic1_3;SATIN ALMA
CEK_K6_ic1_3_serit_bolmesi_1;serit bolmesi;0;;alt gövde → şerit + itici takımı;CEK_K6_ic1_3;ALT
CEK_K6_ic1_3_serit_bolmesi_2;serit bolmesi;0;;alt gövde → şerit + itici takımı;CEK_K6_ic1_3;ALT
CEK_K6_ic1_3_serit_bolmesi_3;serit bolmesi;0;;alt gövde → şerit + itici takımı;CEK_K6_ic1_3;ALT
CEK_K6_ic1_3_serit_bolmesi_4;serit bolmesi;0;;alt gövde → şerit + itici takımı;CEK_K6_ic1_3;ALT
CEK_K6_ic1_3_serit_bolmesi_5;serit bolmesi;0;;alt gövde → şerit + itici takımı;CEK_K6_ic1_3;ALT
CEK_K6_ic1_3_serit_bolmesi_6;serit bolmesi;0;;alt gövde → şerit + itici takımı;CEK_K6_ic1_3;ALT
CEK_K6_ic1_3_itici_0;itici;0;;alt gövde → şerit + itici takımı;CEK_K6_ic1_3;ALT
CEK_K6_ic1_3_itici_yayi_0;itici yayi;0;304 · lazer / lama;alt gövde → şerit + itici takımı;CEK_K6_ic1_3;ALT
CEK_K6_ic1_3_itici_1;itici;0;;alt gövde → şerit + itici takımı;CEK_K6_ic1_3;ALT
CEK_K6_ic1_3_itici_yayi_1;itici yayi;0;304 · lazer / lama;alt gövde → şerit + itici takımı;CEK_K6_ic1_3;ALT
CEK_K6_ic1_3_itici_2;itici;0;;alt gövde → şerit + itici takımı;CEK_K6_ic1_3;ALT
CEK_K6_ic1_3_itici_yayi_2;itici yayi;0;304 · lazer / lama;alt gövde → şerit + itici takımı;CEK_K6_ic1_3;ALT
CEK_K6_ic1_3_itici_3;itici;0;;alt gövde → şerit + itici takımı;CEK_K6_ic1_3;ALT
CEK_K6_ic1_3_itici_yayi_3;itici yayi;0;304 · lazer / lama;alt gövde → şerit + itici takımı;CEK_K6_ic1_3;ALT
CEK_K6_ic1_3_itici_4;itici;0;;alt gövde → şerit + itici takımı;CEK_K6_ic1_3;ALT
CEK_K6_ic1_3_itici_yayi_4;itici yayi;0;304 · lazer / lama;alt gövde → şerit + itici takımı;CEK_K6_ic1_3;ALT
CEK_K6_ic1_3_itici_5;itici;0;;alt gövde → şerit + itici takımı;CEK_K6_ic1_3;ALT
CEK_K6_ic1_3_itici_yayi_5;itici yayi;0;304 · lazer / lama;alt gövde → şerit + itici takımı;CEK_K6_ic1_3;ALT
