ISO-10303-21;
HEADER;
FILE_DESCRIPTION(('Open CASCADE Model'),'2;1');
FILE_NAME('Open CASCADE Shape Model','2026-09-21T16:10:28',('Author'),(
    'Open CASCADE'),'Open CASCADE STEP processor 7.9','Open CASCADE 7.9'
  ,'Unknown');
FILE_SCHEMA(('AUTOMOTIVE_DESIGN { 1 0 10303 214 1 1 1 1 }'));
ENDSEC;
DATA;
#1 = APPLICATION_PROTOCOL_DEFINITION('international standard',
  'automotive_design',2000,#2);
#2 = APPLICATION_CONTEXT(
  'core data for automotive mechanical design processes');
#3 = SHAPE_DEFINITION_REPRESENTATION(#4,#10);
#4 = PRODUCT_DEFINITION_SHAPE('','',#5);
#5 = PRODUCT_DEFINITION('design','',#6,#9);
#6 = PRODUCT_DEFINITION_FORMATION('','',#7);
#7 = PRODUCT('Open CASCADE STEP translator 7.9 16',
  'Open CASCADE STEP translator 7.9 16','',(#8));
#8 = PRODUCT_CONTEXT('',#2,'mechanical');
#9 = PRODUCT_DEFINITION_CONTEXT('part definition',#2,'design');
#10 = ADVANCED_BREP_SHAPE_REPRESENTATION('',(#11,#15),#2700);
#11 = AXIS2_PLACEMENT_3D('',#12,#13,#14);
#12 = CARTESIAN_POINT('',(0.,0.,0.));
#13 = DIRECTION('',(0.,0.,1.));
#14 = DIRECTION('',(1.,0.,-0.));
#15 = MANIFOLD_SOLID_BREP('',#16);
#16 = CLOSED_SHELL('',(#17,#698,#922,#1041,#1483,#1738,#2052,#2077,#2132
    ,#2157,#2182,#2207,#2267,#2331,#2337,#2447,#2502,#2571,#2618,#2665,
    #2690));
#17 = ADVANCED_FACE('',(#18),#33,.T.);
#18 = FACE_BOUND('',#19,.F.);
#19 = EDGE_LOOP('',(#20,#56,#84,#387,#415));
#20 = ORIENTED_EDGE('',*,*,#21,.F.);
#21 = EDGE_CURVE('',#22,#24,#26,.T.);
#22 = VERTEX_POINT('',#23);
#23 = CARTESIAN_POINT('',(8.,60.,-51.41745720147));
#24 = VERTEX_POINT('',#25);
#25 = CARTESIAN_POINT('',(-1.158305702118,67.915701352403,
    -51.41745720147));
#26 = SURFACE_CURVE('',#27,(#32,#44),.PCURVE_S1.);
#27 = CIRCLE('',#28,8.);
#28 = AXIS2_PLACEMENT_3D('',#29,#30,#31);
#29 = CARTESIAN_POINT('',(0.,60.,-51.41745720147));
#30 = DIRECTION('',(0.,0.,1.));
#31 = DIRECTION('',(1.,0.,0.));
#32 = PCURVE('',#33,#38);
#33 = CYLINDRICAL_SURFACE('',#34,8.);
#34 = AXIS2_PLACEMENT_3D('',#35,#36,#37);
#35 = CARTESIAN_POINT('',(0.,60.,-51.41745720147));
#36 = DIRECTION('',(-0.,-0.,-1.));
#37 = DIRECTION('',(1.,0.,0.));
#38 = DEFINITIONAL_REPRESENTATION('',(#39),#43);
#39 = LINE('',#40,#41);
#40 = CARTESIAN_POINT('',(-0.,0.));
#41 = VECTOR('',#42,1.);
#42 = DIRECTION('',(-1.,0.));
#43 = ( GEOMETRIC_REPRESENTATION_CONTEXT(2) 
PARAMETRIC_REPRESENTATION_CONTEXT() REPRESENTATION_CONTEXT('2D SPACE',''
  ) );
#44 = PCURVE('',#45,#50);
#45 = PLANE('',#46);
#46 = AXIS2_PLACEMENT_3D('',#47,#48,#49);
#47 = CARTESIAN_POINT('',(-6.837200662697E-16,60.,-51.41745720147));
#48 = DIRECTION('',(0.,0.,1.));
#49 = DIRECTION('',(1.,0.,-0.));
#50 = DEFINITIONAL_REPRESENTATION('',(#51),#55);
#51 = CIRCLE('',#52,8.);
#52 = AXIS2_PLACEMENT_2D('',#53,#54);
#53 = CARTESIAN_POINT('',(6.837200662697E-16,7.105427357601E-15));
#54 = DIRECTION('',(1.,0.));
#55 = ( GEOMETRIC_REPRESENTATION_CONTEXT(2) 
PARAMETRIC_REPRESENTATION_CONTEXT() REPRESENTATION_CONTEXT('2D SPACE',''
  ) );
#56 = ORIENTED_EDGE('',*,*,#57,.T.);
#57 = EDGE_CURVE('',#22,#58,#60,.T.);
#58 = VERTEX_POINT('',#59);
#59 = CARTESIAN_POINT('',(8.,60.,-23.57506066193));
#60 = SURFACE_CURVE('',#61,(#65,#72),.PCURVE_S1.);
#61 = LINE('',#62,#63);
#62 = CARTESIAN_POINT('',(8.,60.,-51.41745720147));
#63 = VECTOR('',#64,1.);
#64 = DIRECTION('',(0.,0.,1.));
#65 = PCURVE('',#33,#66);
#66 = DEFINITIONAL_REPRESENTATION('',(#67),#71);
#67 = LINE('',#68,#69);
#68 = CARTESIAN_POINT('',(-0.,0.));
#69 = VECTOR('',#70,1.);
#70 = DIRECTION('',(-0.,-1.));
#71 = ( GEOMETRIC_REPRESENTATION_CONTEXT(2) 
PARAMETRIC_REPRESENTATION_CONTEXT() REPRESENTATION_CONTEXT('2D SPACE',''
  ) );
#72 = PCURVE('',#73,#78);
#73 = CYLINDRICAL_SURFACE('',#74,8.);
#74 = AXIS2_PLACEMENT_3D('',#75,#76,#77);
#75 = CARTESIAN_POINT('',(0.,60.,-51.41745720147));
#76 = DIRECTION('',(-0.,-0.,-1.));
#77 = DIRECTION('',(1.,0.,0.));
#78 = DEFINITIONAL_REPRESENTATION('',(#79),#83);
#79 = LINE('',#80,#81);
#80 = CARTESIAN_POINT('',(-6.28318530718,0.));
#81 = VECTOR('',#82,1.);
#82 = DIRECTION('',(-0.,-1.));
#83 = ( GEOMETRIC_REPRESENTATION_CONTEXT(2) 
PARAMETRIC_REPRESENTATION_CONTEXT() REPRESENTATION_CONTEXT('2D SPACE',''
  ) );
#84 = ORIENTED_EDGE('',*,*,#85,.F.);
#85 = EDGE_CURVE('',#86,#58,#88,.T.);
#86 = VERTEX_POINT('',#87);
#87 = CARTESIAN_POINT('',(8.,60.,21.556808067818));
#88 = SURFACE_CURVE('',#89,(#152,#218),.PCURVE_S1.);
#89 = B_SPLINE_CURVE_WITH_KNOTS('',7,(#90,#91,#92,#93,#94,#95,#96,#97,
    #98,#99,#100,#101,#102,#103,#104,#105,#106,#107,#108,#109,#110,#111,
    #112,#113,#114,#115,#116,#117,#118,#119,#120,#121,#122,#123,#124,
    #125,#126,#127,#128,#129,#130,#131,#132,#133,#134,#135,#136,#137,
    #138,#139,#140,#141,#142,#143,#144,#145,#146,#147,#148,#149,#150,
    #151),.UNSPECIFIED.,.F.,.F.,(8,6,6,6,6,6,6,6,6,6,8),(0.,
    6.33429276446E-02,0.129175225115,0.25498645132,0.381190882669,
    0.506191381977,0.568022730639,0.629556250603,0.754118112075,
    0.878376156996,1.),.UNSPECIFIED.);
#90 = CARTESIAN_POINT('',(8.,60.,21.556808067818));
#91 = CARTESIAN_POINT('',(8.,59.550674486781,21.146378660287));
#92 = CARTESIAN_POINT('',(7.970557362784,59.101227689255,20.73598566017)
  );
#93 = CARTESIAN_POINT('',(7.911642669264,58.653985089654,20.325639948757
    ));
#94 = CARTESIAN_POINT('',(7.823460709874,58.211268844528,19.915338551601
    ));
#95 = CARTESIAN_POINT('',(7.706439416031,57.775367526879,19.505076637457
    ));
#96 = CARTESIAN_POINT('',(7.56122666022,57.348516105242,19.094854807531)
  );
#97 = CARTESIAN_POINT('',(7.209382711712,56.500922004732,18.258388785228
    ));
#98 = CARTESIAN_POINT('',(7.000556092604,56.081064895621,17.832135364397
    ));
#99 = CARTESIAN_POINT('',(6.763192995185,55.675752377163,17.405933313548
    ));
#100 = CARTESIAN_POINT('',(6.498516930311,55.287309253119,
    16.979780469747));
#101 = CARTESIAN_POINT('',(6.207982861647,54.917925213281,
    16.553670066591));
#102 = CARTESIAN_POINT('',(5.893263075414,54.569632460558,
    16.127600194687));
#103 = CARTESIAN_POINT('',(4.912139461134,53.622512966655,
    14.887427980793));
#104 = CARTESIAN_POINT('',(4.186398551951,53.084377432308,
    14.073256296701));
#105 = CARTESIAN_POINT('',(3.392225778115,52.643063385104,
    13.259397214606));
#106 = CARTESIAN_POINT('',(2.545290110778,52.308751011738,
    12.445784191495));
#107 = CARTESIAN_POINT('',(1.662819025577,52.088493532128,
    11.632272156089));
#108 = CARTESIAN_POINT('',(0.763229962931,51.986021006444,
    10.818784019134));
#109 = CARTESIAN_POINT('',(-1.035294315824,52.01629200873,9.189975267376
    ));
#110 = CARTESIAN_POINT('',(-1.934636657758,52.149778581789,
    8.374278467582));
#111 = CARTESIAN_POINT('',(-2.813621405315,52.40159015634,7.558900112412
    ));
#112 = CARTESIAN_POINT('',(-3.653617905228,52.767749527439,
    6.743767363501));
#113 = CARTESIAN_POINT('',(-4.437166661778,53.240895701896,
    5.928737821464));
#114 = CARTESIAN_POINT('',(-5.148343961722,53.810414408268,
    5.113732273793));
#115 = CARTESIAN_POINT('',(-6.393232488999,55.108426476899,
    3.492214369426));
#116 = CARTESIAN_POINT('',(-6.928857524355,55.835649335701,
    2.685323354708));
#117 = CARTESIAN_POINT('',(-7.3675026673,56.63094803952,1.878746299778)
  );
#118 = CARTESIAN_POINT('',(-7.69904131792,57.478619868813,1.072412383114
    ));
#119 = CARTESIAN_POINT('',(-7.916499549535,58.361429312596,
    0.266178337649));
#120 = CARTESIAN_POINT('',(-8.016211105599,59.260983781823,
    -0.540029348348));
#121 = CARTESIAN_POINT('',(-7.989635246487,60.602400330895,
    -1.744498192435));
#122 = CARTESIAN_POINT('',(-7.952090934952,61.0458855505,-2.1430765955)
  );
#123 = CARTESIAN_POINT('',(-7.885815667017,61.486674417745,
    -2.541608736427));
#124 = CARTESIAN_POINT('',(-7.79104587943,61.922533589966,
    -2.940095923079));
#125 = CARTESIAN_POINT('',(-7.668233205654,62.351260811965,
    -3.33854334573));
#126 = CARTESIAN_POINT('',(-7.518041403071,62.770704903992,
    -3.736952750753));
#127 = CARTESIAN_POINT('',(-7.165496275239,63.584900955231,
    -4.531758649553));
#128 = CARTESIAN_POINT('',(-6.96339342342,63.979773183243,
    -4.928166871219));
#129 = CARTESIAN_POINT('',(-6.735890938444,64.361354204324,
    -5.324528421292));
#130 = CARTESIAN_POINT('',(-6.484053034034,64.727677143323,
    -5.720849817904));
#131 = CARTESIAN_POINT('',(-6.209106198717,65.076912033388,
    -6.117127203719));
#132 = CARTESIAN_POINT('',(-5.912467843131,65.407325054507,
    -6.513367026882));
#133 = CARTESIAN_POINT('',(-4.954517485028,66.344897297597,
    -7.711569791368));
#134 = CARTESIAN_POINT('',(-4.230727705391,66.889031319101,
    -8.513601282679));
#135 = CARTESIAN_POINT('',(-3.437576334035,67.336345855454,
    -9.315317680452));
#136 = CARTESIAN_POINT('',(-2.590799116426,67.676500531393,
    -10.11679299657));
#137 = CARTESIAN_POINT('',(-1.70766914535,67.902320262453,
    -10.91816087237));
#138 = CARTESIAN_POINT('',(-0.806687714361,68.009938842186,
    -11.71950202107));
#139 = CARTESIAN_POINT('',(0.990845714939,67.989001455497,
    -13.31952463314));
#140 = CARTESIAN_POINT('',(1.887815489302,67.861016031295,
    -14.11857505691));
#141 = CARTESIAN_POINT('',(2.765241099473,67.615403401089,
    -14.91730465828));
#142 = CARTESIAN_POINT('',(3.604650701692,67.255991759755,
    -15.71579005562));
#143 = CARTESIAN_POINT('',(4.38871395951,66.789964261035,-16.51417557906
    ));
#144 = CARTESIAN_POINT('',(5.101602771435,66.227715710191,
    -17.31253876492));
#145 = CARTESIAN_POINT('',(6.345022065783,64.951512537777,
    -18.89163430686));
#146 = CARTESIAN_POINT('',(6.879375598128,64.240741759468,
    -19.67273396327));
#147 = CARTESIAN_POINT('',(7.320388857827,63.463023403534,
    -20.45353243845));
#148 = CARTESIAN_POINT('',(7.658242244297,62.633229917659,
    -21.23409188551));
#149 = CARTESIAN_POINT('',(7.88604327059,61.7677134256,-22.014546286));
#150 = CARTESIAN_POINT('',(8.,60.883978704457,-22.79496988557));
#151 = CARTESIAN_POINT('',(8.,60.,-23.57506066193));
#152 = PCURVE('',#33,#153);
#153 = DEFINITIONAL_REPRESENTATION('',(#154),#217);
#154 = B_SPLINE_CURVE_WITH_KNOTS('',7,(#155,#156,#157,#158,#159,#160,
    #161,#162,#163,#164,#165,#166,#167,#168,#169,#170,#171,#172,#173,
    #174,#175,#176,#177,#178,#179,#180,#181,#182,#183,#184,#185,#186,
    #187,#188,#189,#190,#191,#192,#193,#194,#195,#196,#197,#198,#199,
    #200,#201,#202,#203,#204,#205,#206,#207,#208,#209,#210,#211,#212,
    #213,#214,#215,#216),.UNSPECIFIED.,.F.,.F.,(8,6,6,6,6,6,6,6,6,6,8),(
    0.,6.33429276446E-02,0.129175225115,0.25498645132,0.381190882669,
    0.506191381977,0.568022730639,0.629556250603,0.754118112075,
    0.878376156996,1.),.UNSPECIFIED.);
#155 = CARTESIAN_POINT('',(-6.28318530718,-72.97426526929));
#156 = CARTESIAN_POINT('',(-6.227019618027,-72.56383586176));
#157 = CARTESIAN_POINT('',(-6.170838778427,-72.15344286164));
#158 = CARTESIAN_POINT('',(-6.114644028089,-71.74309715023));
#159 = CARTESIAN_POINT('',(-6.058435650057,-71.33279575307));
#160 = CARTESIAN_POINT('',(-6.002212716492,-70.92253383893));
#161 = CARTESIAN_POINT('',(-5.945974300586,-70.512312009));
#162 = CARTESIAN_POINT('',(-5.831259305699,-69.6758459867));
#163 = CARTESIAN_POINT('',(-5.772779754676,-69.24959256587));
#164 = CARTESIAN_POINT('',(-5.714285399773,-68.82339051502));
#165 = CARTESIAN_POINT('',(-5.655776118597,-68.39723767122));
#166 = CARTESIAN_POINT('',(-5.597251054751,-67.97112726806));
#167 = CARTESIAN_POINT('',(-5.538709904465,-67.54505739616));
#168 = CARTESIAN_POINT('',(-5.368249183081,-66.30488518226));
#169 = CARTESIAN_POINT('',(-5.256262232577,-65.49071349817));
#170 = CARTESIAN_POINT('',(-5.144237703592,-64.67685441608));
#171 = CARTESIAN_POINT('',(-5.032164980347,-63.86324139296));
#172 = CARTESIAN_POINT('',(-4.920024965863,-63.04972935756));
#173 = CARTESIAN_POINT('',(-4.807807826984,-62.2362412206));
#174 = CARTESIAN_POINT('',(-4.58296045115,-60.60743246885));
#175 = CARTESIAN_POINT('',(-4.470277788474,-59.79173566905));
#176 = CARTESIAN_POINT('',(-4.357558750478,-58.97635731388));
#177 = CARTESIAN_POINT('',(-4.244793237412,-58.16122456497));
#178 = CARTESIAN_POINT('',(-4.131959936996,-57.34619502293));
#179 = CARTESIAN_POINT('',(-4.019047563476,-56.53118947526));
#180 = CARTESIAN_POINT('',(-3.794235740233,-54.9096715709));
#181 = CARTESIAN_POINT('',(-3.682285342248,-54.10278055618));
#182 = CARTESIAN_POINT('',(-3.570297870531,-53.29620350125));
#183 = CARTESIAN_POINT('',(-3.458264424246,-52.48986958459));
#184 = CARTESIAN_POINT('',(-3.346165742737,-51.68363553912));
#185 = CARTESIAN_POINT('',(-3.233990399872,-50.87742785312));
#186 = CARTESIAN_POINT('',(-3.066280427262,-49.67295900904));
#187 = CARTESIAN_POINT('',(-3.010762686823,-49.27438060597));
#188 = CARTESIAN_POINT('',(-2.95523152026,-48.87584846504));
#189 = CARTESIAN_POINT('',(-2.899686717681,-48.47736127839));
#190 = CARTESIAN_POINT('',(-2.844127591172,-48.07891385574));
#191 = CARTESIAN_POINT('',(-2.788553990307,-47.68050445072));
#192 = CARTESIAN_POINT('',(-2.677648394401,-46.88569855192));
#193 = CARTESIAN_POINT('',(-2.622315049381,-46.48929033025));
#194 = CARTESIAN_POINT('',(-2.566968243342,-46.09292878018));
#195 = CARTESIAN_POINT('',(-2.511609333018,-45.69660738357));
#196 = CARTESIAN_POINT('',(-2.456234959274,-45.30032999775));
#197 = CARTESIAN_POINT('',(-2.400846220853,-44.90409017459));
#198 = CARTESIAN_POINT('',(-2.233294428505,-43.7058874101));
#199 = CARTESIAN_POINT('',(-2.121060522998,-42.90385591879));
#200 = CARTESIAN_POINT('',(-2.00879150828,-42.10213952102));
#201 = CARTESIAN_POINT('',(-1.896478113926,-41.30066420489));
#202 = CARTESIAN_POINT('',(-1.784097996715,-40.4992963291));
#203 = CARTESIAN_POINT('',(-1.671639657899,-39.6979551804));
#204 = CARTESIAN_POINT('',(-1.446932737542,-38.09793256833));
#205 = CARTESIAN_POINT('',(-1.334632794944,-37.29888214455));
#206 = CARTESIAN_POINT('',(-1.222296378354,-36.50015254319));
#207 = CARTESIAN_POINT('',(-1.109914583286,-35.70166714585));
#208 = CARTESIAN_POINT('',(-0.997467078285,-34.90328162241));
#209 = CARTESIAN_POINT('',(-0.884942584673,-34.10491843655));
#210 = CARTESIAN_POINT('',(-0.66221846725,-32.52582289461));
#211 = CARTESIAN_POINT('',(-0.551970438038,-31.7447232382));
#212 = CARTESIAN_POINT('',(-0.441686621441,-30.96392476302));
#213 = CARTESIAN_POINT('',(-0.331357381173,-30.18336531595));
#214 = CARTESIAN_POINT('',(-0.220964167917,-29.40291091547));
#215 = CARTESIAN_POINT('',(-0.110497338057,-28.6224873159));
#216 = CARTESIAN_POINT('',(0.,-27.84239653953));
#217 = ( GEOMETRIC_REPRESENTATION_CONTEXT(2) 
PARAMETRIC_REPRESENTATION_CONTEXT() REPRESENTATION_CONTEXT('2D SPACE',''
  ) );
#218 = PCURVE('',#219,#322);
#219 = B_SPLINE_SURFACE_WITH_KNOTS('',8,1,(
    (#220,#221)
    ,(#222,#223)
    ,(#224,#225)
    ,(#226,#227)
    ,(#228,#229)
    ,(#230,#231)
    ,(#232,#233)
    ,(#234,#235)
    ,(#236,#237)
    ,(#238,#239)
    ,(#240,#241)
    ,(#242,#243)
    ,(#244,#245)
    ,(#246,#247)
    ,(#248,#249)
    ,(#250,#251)
    ,(#252,#253)
    ,(#254,#255)
    ,(#256,#257)
    ,(#258,#259)
    ,(#260,#261)
    ,(#262,#263)
    ,(#264,#265)
    ,(#266,#267)
    ,(#268,#269)
    ,(#270,#271)
    ,(#272,#273)
    ,(#274,#275)
    ,(#276,#277)
    ,(#278,#279)
    ,(#280,#281)
    ,(#282,#283)
    ,(#284,#285)
    ,(#286,#287)
    ,(#288,#289)
    ,(#290,#291)
    ,(#292,#293)
    ,(#294,#295)
    ,(#296,#297)
    ,(#298,#299)
    ,(#300,#301)
    ,(#302,#303)
    ,(#304,#305)
    ,(#306,#307)
    ,(#308,#309)
    ,(#310,#311)
    ,(#312,#313)
    ,(#314,#315)
    ,(#316,#317)
    ,(#318,#319)
    ,(#320,#321
    )),.UNSPECIFIED.,.F.,.F.,.F.,(9,6,6,6,6,6,6,6,9),(2,2),(
    -54.21745720147,-34.07137523846,-29.0348547477,-13.92529327544,
    -3.852252293942,6.220788687565,21.330350159824,26.366870650578,
    46.512952613591),(0.,1.),.UNSPECIFIED.);
#220 = CARTESIAN_POINT('',(-0.209266468136,67.196958214782,
    -56.21745720147));
#221 = CARTESIAN_POINT('',(-0.988202766197,93.985636014247,
    -56.21745720147));
#222 = CARTESIAN_POINT('',(-2.843346532224,67.120621979386,
    -53.69919695609));
#223 = CARTESIAN_POINT('',(-13.42649252464,93.624188222621,
    -53.69919695608));
#224 = CARTESIAN_POINT('',(-5.438767724127,65.94109908848,
    -51.18093671072));
#225 = CARTESIAN_POINT('',(-25.6847947724,88.059235063395,
    -51.18093671078));
#226 = CARTESIAN_POINT('',(-7.46034527887,63.689607729892,
    -48.66267646533));
#227 = CARTESIAN_POINT('',(-35.22623258024,77.415465024195,
    -48.66267646522));
#228 = CARTESIAN_POINT('',(-8.386469868025,60.689924326622,
    -46.14441621996));
#229 = CARTESIAN_POINT('',(-39.60581826736,63.265815211722,
    -46.14441622009));
#230 = CARTESIAN_POINT('',(-7.951761853827,57.601115107256,
    -43.62615597459));
#231 = CARTESIAN_POINT('',(-37.54865434143,48.667860699196,
    -43.62615597451));
#232 = CARTESIAN_POINT('',(-6.346707200582,55.071505194546,
    -41.10789572921));
#233 = CARTESIAN_POINT('',(-29.97057383414,36.727219460551,
    -41.10789572923));
#234 = CARTESIAN_POINT('',(-3.442979867418,53.095034190378,
    -37.96007042249));
#235 = CARTESIAN_POINT('',(-16.25866923281,27.393229423333,
    -37.96007042249));
#236 = CARTESIAN_POINT('',(-0.203956600289,52.752762215865,
    -34.81224511577));
#237 = CARTESIAN_POINT('',(-0.963098012356,25.776929153863,
    -34.81224511577));
#238 = CARTESIAN_POINT('',(0.449395237128,52.751198505111,
    -34.18268005442));
#239 = CARTESIAN_POINT('',(2.122208838949,25.769495709642,
    -34.18268005442));
#240 = CARTESIAN_POINT('',(1.100230705207,52.816908437667,
    -33.55311499308));
#241 = CARTESIAN_POINT('',(5.195625589493,26.079732365421,
    -33.55311499308));
#242 = CARTESIAN_POINT('',(1.740493420067,52.94910328681,-32.92354993174
    ));
#243 = CARTESIAN_POINT('',(8.219084336686,26.703969424548,
    -32.92354993174));
#244 = CARTESIAN_POINT('',(2.362344407314,53.145843369706,
    -32.29398487039));
#245 = CARTESIAN_POINT('',(11.155536443477,27.633094646755,
    -32.29398487039));
#246 = CARTESIAN_POINT('',(4.746380913647,54.178944411053,
    -29.77572462502));
#247 = CARTESIAN_POINT('',(22.412976915952,32.512235801385,
    -29.77572462502));
#248 = CARTESIAN_POINT('',(6.606823800614,56.133593642463,
    -27.25746437964));
#249 = CARTESIAN_POINT('',(31.200019428727,41.740757361498,
    -27.25746437964));
#250 = CARTESIAN_POINT('',(7.52399850184,58.009052103345,-25.36876919561
    ));
#251 = CARTESIAN_POINT('',(35.528389598119,50.600432649747,
    -25.36876919561));
#252 = CARTESIAN_POINT('',(7.824088148799,60.110016972645,
    -23.48007401157));
#253 = CARTESIAN_POINT('',(36.947509810642,60.517898443465,
    -23.48007401158));
#254 = CARTESIAN_POINT('',(7.460992629024,62.195167367681,
    -21.59137882754));
#255 = CARTESIAN_POINT('',(35.232861134701,70.366809214925,
    -21.59137882754));
#256 = CARTESIAN_POINT('',(6.498204192134,64.032591418175,
    -19.70268364351));
#257 = CARTESIAN_POINT('',(30.685929756087,79.042409865719,
    -19.70268364351));
#258 = CARTESIAN_POINT('',(4.135275050613,66.393877742441,
    -16.55485833679));
#259 = CARTESIAN_POINT('',(19.527601432869,90.193696956159,
    -16.55485833679));
#260 = CARTESIAN_POINT('',(1.018631659831,67.324997978578,
    -13.40703303007));
#261 = CARTESIAN_POINT('',(4.810160790209,94.59011837567,-13.40703303007
    ));
#262 = CARTESIAN_POINT('',(-0.294210519092,67.440706154994,
    -12.14790290738));
#263 = CARTESIAN_POINT('',(-1.389101511847,95.136648393524,
    -12.14790290738));
#264 = CARTESIAN_POINT('',(-1.611142522774,67.287310378192,
    -10.88877278469));
#265 = CARTESIAN_POINT('',(-7.607955659254,94.412177856081,
    -10.88877278469));
#266 = CARTESIAN_POINT('',(-2.867957287055,66.870594429307,
    -9.629642662006));
#267 = CARTESIAN_POINT('',(-13.54306993213,92.444478270422,
    -9.629642662007));
#268 = CARTESIAN_POINT('',(-4.005134973261,66.214468317439,
    -8.370512539318));
#269 = CARTESIAN_POINT('',(-18.91372031917,89.346374075956,
    -8.370512539319));
#270 = CARTESIAN_POINT('',(-5.942953410109,64.500703338075,
    -5.852252293943));
#271 = CARTESIAN_POINT('',(-28.06313140077,81.252919634079,
    -5.852252293942));
#272 = CARTESIAN_POINT('',(-7.064830225379,62.175930100798,
    -3.333992048565));
#273 = CARTESIAN_POINT('',(-33.36221698702,70.275493891287,
    -3.333992048565));
#274 = CARTESIAN_POINT('',(-7.386891393805,60.909201082654,
    -2.074861925877));
#275 = CARTESIAN_POINT('',(-34.8825418787,64.293418395907,
    -2.074861925877));
#276 = CARTESIAN_POINT('',(-7.448197001918,59.595854967646,
    -0.815731803188));
#277 = CARTESIAN_POINT('',(-35.17185677415,58.091459096698,
    -0.815731803189));
#278 = CARTESIAN_POINT('',(-7.244248378915,58.298680877912,0.4433983195)
  );
#279 = CARTESIAN_POINT('',(-34.2088153932,51.965834908713,0.4433983195)
  );
#280 = CARTESIAN_POINT('',(-6.788579130978,57.078763127839,
    1.702528442188));
#281 = CARTESIAN_POINT('',(-32.05708469172,46.205383583278,
    1.702528442189));
#282 = CARTESIAN_POINT('',(-5.092983811865,54.35576109958,4.850353748909
    ));
#283 = CARTESIAN_POINT('',(-24.05050858318,33.346500098682,
    4.850353748907));
#284 = CARTESIAN_POINT('',(-2.260390806363,52.711662759045,7.99817905563
    ));
#285 = CARTESIAN_POINT('',(-10.67384513219,25.583070634553,
    7.998179055632));
#286 = CARTESIAN_POINT('',(-0.288707054326,52.255047405332,
    9.886874239662));
#287 = CARTESIAN_POINT('',(-1.363621650915,23.426013820506,
    9.886874239657));
#288 = CARTESIAN_POINT('',(1.759707310739,52.411227226817,
    11.775569423694));
#289 = CARTESIAN_POINT('',(8.311026018705,24.164610668768,
    11.775569423697));
#290 = CARTESIAN_POINT('',(3.662539903119,53.174829339918,
    13.664264607726));
#291 = CARTESIAN_POINT('',(17.293192884588,27.770058127366,
    13.664264607728));
#292 = CARTESIAN_POINT('',(5.221292415423,54.444982484702,15.55295979176
    ));
#293 = CARTESIAN_POINT('',(24.657334636271,33.767798507353,
    15.552959791759));
#294 = CARTESIAN_POINT('',(6.670510995642,56.598717708817,
    18.071220037135));
#295 = CARTESIAN_POINT('',(31.499138058004,43.938470262593,
    18.071220037136));
#296 = CARTESIAN_POINT('',(7.182372825977,59.041758358137,
    20.589480282513));
#297 = CARTESIAN_POINT('',(33.916778571568,55.47497197137,
    20.589480282513));
#298 = CARTESIAN_POINT('',(7.249788936358,59.663833040549,
    21.219045343857));
#299 = CARTESIAN_POINT('',(34.235204353367,58.412536434084,
    21.219045343857));
#300 = CARTESIAN_POINT('',(7.255590815387,60.290201436071,
    21.848610405201));
#301 = CARTESIAN_POINT('',(34.262603248688,61.3703805883,21.848610405202
    ));
#302 = CARTESIAN_POINT('',(7.199683938221,60.913744080646,
    22.478175466545));
#303 = CARTESIAN_POINT('',(33.998562619884,64.314882758254,
    22.478175466546));
#304 = CARTESIAN_POINT('',(7.082957200317,61.527413768844,23.10774052789
    ));
#305 = CARTESIAN_POINT('',(33.4473179839,67.212770714121,23.107740527889
    ));
#306 = CARTESIAN_POINT('',(6.20441562317,64.512354939347,26.25556583461)
  );
#307 = CARTESIAN_POINT('',(29.298587799064,81.30843888625,
    26.255565834607));
#308 = CARTESIAN_POINT('',(3.919269995408,66.919754353718,
    29.403391141331));
#309 = CARTESIAN_POINT('',(18.507265142054,92.676386124098,
    29.403391141345));
#310 = CARTESIAN_POINT('',(1.364841492859,68.065153327793,
    31.921651386709));
#311 = CARTESIAN_POINT('',(6.44762542039,98.085989942249,31.921651386662
    ));
#312 = CARTESIAN_POINT('',(-1.516926552309,68.118537993142,
    34.439911632087));
#313 = CARTESIAN_POINT('',(-7.168120355382,98.336846628121,
    34.439911632154));
#314 = CARTESIAN_POINT('',(-4.173945417633,67.020978313028,
    36.958171877455));
#315 = CARTESIAN_POINT('',(-19.70558574403,93.155148141252,
    36.958171877402));
#316 = CARTESIAN_POINT('',(-6.121320833447,65.050150668258,
    39.476432122842));
#317 = CARTESIAN_POINT('',(-28.90869542552,83.847700289539,
    39.476432122866));
#318 = CARTESIAN_POINT('',(-7.131928849895,62.631957006334,
    41.994692368213));
#319 = CARTESIAN_POINT('',(-33.67796751504,72.428735065554,
    41.994692368208));
#320 = CARTESIAN_POINT('',(-7.197394491736,60.193681517773,
    44.512952613591));
#321 = CARTESIAN_POINT('',(-33.98769621097,60.91460716726,
    44.512952613591));
#322 = DEFINITIONAL_REPRESENTATION('',(#323),#386);
#323 = B_SPLINE_CURVE_WITH_KNOTS('',7,(#324,#325,#326,#327,#328,#329,
    #330,#331,#332,#333,#334,#335,#336,#337,#338,#339,#340,#341,#342,
    #343,#344,#345,#346,#347,#348,#349,#350,#351,#352,#353,#354,#355,
    #356,#357,#358,#359,#360,#361,#362,#363,#364,#365,#366,#367,#368,
    #369,#370,#371,#372,#373,#374,#375,#376,#377,#378,#379,#380,#381,
    #382,#383,#384,#385),.UNSPECIFIED.,.F.,.F.,(8,6,6,6,6,6,6,6,6,6,8),(
    0.,6.33429276446E-02,0.129175225115,0.25498645132,0.381190882669,
    0.506191381977,0.568022730639,0.629556250603,0.754118112075,
    0.878376156996,1.),.UNSPECIFIED.);
#324 = CARTESIAN_POINT('',(23.556808067818,2.985120466896E-02));
#325 = CARTESIAN_POINT('',(23.146378660287,2.985110367415E-02));
#326 = CARTESIAN_POINT('',(22.73598566017,2.985084192427E-02));
#327 = CARTESIAN_POINT('',(22.325639948757,2.985060977933E-02));
#328 = CARTESIAN_POINT('',(21.915338551601,2.985000765303E-02));
#329 = CARTESIAN_POINT('',(21.505076637457,2.984950025949E-02));
#330 = CARTESIAN_POINT('',(21.094854807531,2.984996775354E-02));
#331 = CARTESIAN_POINT('',(20.258388785228,2.985075494577E-02));
#332 = CARTESIAN_POINT('',(19.832135364397,2.985120963551E-02));
#333 = CARTESIAN_POINT('',(19.405933313548,2.985146602941E-02));
#334 = CARTESIAN_POINT('',(18.979780469747,2.985148822546E-02));
#335 = CARTESIAN_POINT('',(18.553670066591,2.985135928782E-02));
#336 = CARTESIAN_POINT('',(18.127600194687,2.985118431063E-02));
#337 = CARTESIAN_POINT('',(16.887427980793,2.98506287915E-02));
#338 = CARTESIAN_POINT('',(16.073256296701,2.985022690615E-02));
#339 = CARTESIAN_POINT('',(15.259397214606,2.985019502088E-02));
#340 = CARTESIAN_POINT('',(14.445784191496,2.985053809981E-02));
#341 = CARTESIAN_POINT('',(13.632272156089,2.985072881008E-02));
#342 = CARTESIAN_POINT('',(12.818784019134,2.985080760082E-02));
#343 = CARTESIAN_POINT('',(11.189975267376,2.985081030526E-02));
#344 = CARTESIAN_POINT('',(10.374278467584,2.985073835259E-02));
#345 = CARTESIAN_POINT('',(9.558900112408,2.985063989615E-02));
#346 = CARTESIAN_POINT('',(8.743767363505,2.985071187119E-02));
#347 = CARTESIAN_POINT('',(7.928737821462,2.985093905731E-02));
#348 = CARTESIAN_POINT('',(7.113732273793,2.985100402682E-02));
#349 = CARTESIAN_POINT('',(5.492214369426,2.985100156874E-02));
#350 = CARTESIAN_POINT('',(4.685323354709,2.985094951553E-02));
#351 = CARTESIAN_POINT('',(3.878746299778,2.98506329352E-02));
#352 = CARTESIAN_POINT('',(3.072412383114,2.985013449079E-02));
#353 = CARTESIAN_POINT('',(2.266178337649,2.984995558389E-02));
#354 = CARTESIAN_POINT('',(1.459970651652,2.985024276715E-02));
#355 = CARTESIAN_POINT('',(0.255501807565,2.985088731726E-02));
#356 = CARTESIAN_POINT('',(-0.1430765955,2.985113341415E-02));
#357 = CARTESIAN_POINT('',(-0.541608736427,2.985138691265E-02));
#358 = CARTESIAN_POINT('',(-0.94009592308,2.985157457678E-02));
#359 = CARTESIAN_POINT('',(-1.33854334573,2.985161677507E-02));
#360 = CARTESIAN_POINT('',(-1.736952750753,2.985146893738E-02));
#361 = CARTESIAN_POINT('',(-2.531758649552,2.985085855965E-02));
#362 = CARTESIAN_POINT('',(-2.928166871219,2.985031570893E-02));
#363 = CARTESIAN_POINT('',(-3.324528421292,2.98502012889E-02));
#364 = CARTESIAN_POINT('',(-3.720849817904,2.984857173943E-02));
#365 = CARTESIAN_POINT('',(-4.117127203719,2.984980445285E-02));
#366 = CARTESIAN_POINT('',(-4.513367026882,2.985021396102E-02));
#367 = CARTESIAN_POINT('',(-5.711569791368,2.985162144178E-02));
#368 = CARTESIAN_POINT('',(-6.513601282681,2.985222636338E-02));
#369 = CARTESIAN_POINT('',(-7.315317680449,2.98511778171E-02));
#370 = CARTESIAN_POINT('',(-8.116792996582,2.98504400462E-02));
#371 = CARTESIAN_POINT('',(-8.918160872374,2.985017071539E-02));
#372 = CARTESIAN_POINT('',(-9.719502021072,2.985022591754E-02));
#373 = CARTESIAN_POINT('',(-11.31952463314,2.985056141344E-02));
#374 = CARTESIAN_POINT('',(-12.11857505691,2.985081846145E-02));
#375 = CARTESIAN_POINT('',(-12.91730465828,2.98511349477E-02));
#376 = CARTESIAN_POINT('',(-13.71579005562,2.985068534115E-02));
#377 = CARTESIAN_POINT('',(-14.51417557906,2.985079290378E-02));
#378 = CARTESIAN_POINT('',(-15.31253876492,2.98507179582E-02));
#379 = CARTESIAN_POINT('',(-16.89163430686,2.98507941665E-02));
#380 = CARTESIAN_POINT('',(-17.67273396327,2.985090227456E-02));
#381 = CARTESIAN_POINT('',(-18.45353243845,2.985109158594E-02));
#382 = CARTESIAN_POINT('',(-19.23409188551,2.985125482923E-02));
#383 = CARTESIAN_POINT('',(-20.014546286,2.985108229348E-02));
#384 = CARTESIAN_POINT('',(-20.79496988557,2.985074993524E-02));
#385 = CARTESIAN_POINT('',(-21.57506066193,2.985046045007E-02));
#386 = ( GEOMETRIC_REPRESENTATION_CONTEXT(2) 
PARAMETRIC_REPRESENTATION_CONTEXT() REPRESENTATION_CONTEXT('2D SPACE',''
  ) );
#387 = ORIENTED_EDGE('',*,*,#388,.F.);
#388 = EDGE_CURVE('',#389,#86,#391,.T.);
#389 = VERTEX_POINT('',#390);
#390 = CARTESIAN_POINT('',(8.,60.,-19.57506066193));
#391 = SURFACE_CURVE('',#392,(#396,#403),.PCURVE_S1.);
#392 = LINE('',#393,#394);
#393 = CARTESIAN_POINT('',(8.,60.,-51.41745720147));
#394 = VECTOR('',#395,1.);
#395 = DIRECTION('',(0.,0.,1.));
#396 = PCURVE('',#33,#397);
#397 = DEFINITIONAL_REPRESENTATION('',(#398),#402);
#398 = LINE('',#399,#400);
#399 = CARTESIAN_POINT('',(-6.28318530718,0.));
#400 = VECTOR('',#401,1.);
#401 = DIRECTION('',(-0.,-1.));
#402 = ( GEOMETRIC_REPRESENTATION_CONTEXT(2) 
PARAMETRIC_REPRESENTATION_CONTEXT() REPRESENTATION_CONTEXT('2D SPACE',''
  ) );
#403 = PCURVE('',#404,#409);
#404 = CYLINDRICAL_SURFACE('',#405,8.);
#405 = AXIS2_PLACEMENT_3D('',#406,#407,#408);
#406 = CARTESIAN_POINT('',(0.,60.,-51.41745720147));
#407 = DIRECTION('',(-0.,-0.,-1.));
#408 = DIRECTION('',(1.,0.,0.));
#409 = DEFINITIONAL_REPRESENTATION('',(#410),#414);
#410 = LINE('',#411,#412);
#411 = CARTESIAN_POINT('',(-0.,0.));
#412 = VECTOR('',#413,1.);
#413 = DIRECTION('',(-0.,-1.));
#414 = ( GEOMETRIC_REPRESENTATION_CONTEXT(2) 
PARAMETRIC_REPRESENTATION_CONTEXT() REPRESENTATION_CONTEXT('2D SPACE',''
  ) );
#415 = ORIENTED_EDGE('',*,*,#416,.T.);
#416 = EDGE_CURVE('',#389,#24,#417,.T.);
#417 = SURFACE_CURVE('',#418,(#475,#535),.PCURVE_S1.);
#418 = B_SPLINE_CURVE_WITH_KNOTS('',7,(#419,#420,#421,#422,#423,#424,
    #425,#426,#427,#428,#429,#430,#431,#432,#433,#434,#435,#436,#437,
    #438,#439,#440,#441,#442,#443,#444,#445,#446,#447,#448,#449,#450,
    #451,#452,#453,#454,#455,#456,#457,#458,#459,#460,#461,#462,#463,
    #464,#465,#466,#467,#468,#469,#470,#471,#472,#473,#474),
  .UNSPECIFIED.,.F.,.F.,(8,6,6,6,6,6,6,6,6,8),(0.,0.127786406011,
    0.186671465555,0.25408731888,0.380096983746,0.50534287481,
    0.631309703021,0.752707240287,0.875723256622,1.),.UNSPECIFIED.);
#419 = CARTESIAN_POINT('',(8.,60.,-19.57506066193));
#420 = CARTESIAN_POINT('',(8.,59.322109718343,-20.17328316824));
#421 = CARTESIAN_POINT('',(7.932984469521,58.643912567841,-20.7714541247
    ));
#422 = CARTESIAN_POINT('',(7.798844016311,57.973451316532,
    -21.36949258248));
#423 = CARTESIAN_POINT('',(7.598703877721,57.318690727345,
    -21.96741425308));
#424 = CARTESIAN_POINT('',(7.33482242709,56.687339187231,-22.56525656657
    ));
#425 = CARTESIAN_POINT('',(7.010560732655,56.086732832622,
    -23.16303473592));
#426 = CARTESIAN_POINT('',(6.455202849648,55.264139045493,
    -24.03606100508));
#427 = CARTESIAN_POINT('',(6.268137670707,55.012606384942,
    -24.31143457263));
#428 = CARTESIAN_POINT('',(6.069625341396,54.769681891871,
    -24.58678613952));
#429 = CARTESIAN_POINT('',(5.860141792782,54.535990461501,
    -24.86211613579));
#430 = CARTESIAN_POINT('',(5.640204951053,54.312123475026,
    -25.13742565314));
#431 = CARTESIAN_POINT('',(5.410372537392,54.098636010025,
    -25.41271512033));
#432 = CARTESIAN_POINT('',(4.897463580673,53.664102198235,-26.0031294301
    ));
#433 = CARTESIAN_POINT('',(4.611494057207,53.446439053426,
    -26.31825060123));
#434 = CARTESIAN_POINT('',(4.314226648548,53.243830144101,
    -26.63334348478));
#435 = CARTESIAN_POINT('',(4.00661242578,53.056977263656,-26.94840788111
    ));
#436 = CARTESIAN_POINT('',(3.689654268169,52.886505650195,
    -27.26344468907));
#437 = CARTESIAN_POINT('',(3.364402951337,52.732961165484,
    -27.57845419682));
#438 = CARTESIAN_POINT('',(2.410558189314,52.342317169379,
    -28.48217640355));
#439 = CARTESIAN_POINT('',(1.76396061716,52.148561927639,-29.07086524807
    ));
#440 = CARTESIAN_POINT('',(1.099356752529,52.018605210609,
    -29.65942407896));
#441 = CARTESIAN_POINT('',(0.42432604231,51.954379816289,-30.24786982703
    ));
#442 = CARTESIAN_POINT('',(-0.253371190125,51.956712525344,
    -30.83623772613));
#443 = CARTESIAN_POINT('',(-0.925900194345,52.025313763351,
    -31.42454253268));
#444 = CARTESIAN_POINT('',(-2.241176486586,52.29126690487,
    -32.59730423655));
#445 = CARTESIAN_POINT('',(-2.884177878922,52.487855989736,
    -33.18184973967));
#446 = CARTESIAN_POINT('',(-3.506946290945,52.747032626316,
    -33.76626597091));
#447 = CARTESIAN_POINT('',(-4.102198711517,53.066241910096,
    -34.35056386007));
#448 = CARTESIAN_POINT('',(-4.663079377958,53.441911159576,
    -34.93478459302));
#449 = CARTESIAN_POINT('',(-5.183300896166,53.869515785907,
    -35.51894130251));
#450 = CARTESIAN_POINT('',(-6.134050701703,54.820419329138,
    -36.69033949547));
#451 = CARTESIAN_POINT('',(-6.564116129024,55.344325322311,
    -37.27766552861));
#452 = CARTESIAN_POINT('',(-6.941837472655,55.909799940286,
    -37.86486002059));
#453 = CARTESIAN_POINT('',(-7.262453183324,56.51052290365,
    -38.45193923988));
#454 = CARTESIAN_POINT('',(-7.522161427587,57.139565522263,
    -39.03894048676));
#455 = CARTESIAN_POINT('',(-7.718180584287,57.789491012068,
    -39.62587834961));
#456 = CARTESIAN_POINT('',(-7.974877282603,59.091448928355,
    -40.77817777221));
#457 = CARTESIAN_POINT('',(-8.040224311165,59.742642134332,
    -41.3436307832));
#458 = CARTESIAN_POINT('',(-8.043469139843,60.399099521725,
    -41.90896355838));
#459 = CARTESIAN_POINT('',(-7.984179364693,61.053715454006,
    -42.47418585091));
#460 = CARTESIAN_POINT('',(-7.862914402408,61.699381995236,
    -43.03933362511));
#461 = CARTESIAN_POINT('',(-7.681221030977,62.329124196687,
    -43.60441812127));
#462 = CARTESIAN_POINT('',(-7.19892921518,63.551454377434,
    -44.74186118932));
#463 = CARTESIAN_POINT('',(-6.896743577827,64.143521950219,
    -45.31429570865));
#464 = CARTESIAN_POINT('',(-6.537764655528,64.705459353132,
    -45.88660641754));
#465 = CARTESIAN_POINT('',(-6.125649123892,65.23076676677,
    -46.45880418562));
#466 = CARTESIAN_POINT('',(-5.664937322249,65.713516821852,
    -47.03092684105));
#467 = CARTESIAN_POINT('',(-5.160970009816,66.148472309214,
    -47.60298477527));
#468 = CARTESIAN_POINT('',(-4.073174857889,66.917920257402,
    -48.75269025452));
#469 = CARTESIAN_POINT('',(-3.488498865084,67.251396233076,
    -49.33042167723));
#470 = CARTESIAN_POINT('',(-2.8720861565,67.527098719427,-49.90802214457
    ));
#471 = CARTESIAN_POINT('',(-2.230823214272,67.741468960445,
    -50.4855061546));
#472 = CARTESIAN_POINT('',(-1.572027598112,67.891962790471,
    -51.06291281317));
#473 = CARTESIAN_POINT('',(-0.903340010314,67.977114707794,
    -51.6402599936));
#474 = CARTESIAN_POINT('',(-0.232518297929,67.996620238646,
    -52.21745720147));
#475 = PCURVE('',#33,#476);
#476 = DEFINITIONAL_REPRESENTATION('',(#477),#534);
#477 = B_SPLINE_CURVE_WITH_KNOTS('',7,(#478,#479,#480,#481,#482,#483,
    #484,#485,#486,#487,#488,#489,#490,#491,#492,#493,#494,#495,#496,
    #497,#498,#499,#500,#501,#502,#503,#504,#505,#506,#507,#508,#509,
    #510,#511,#512,#513,#514,#515,#516,#517,#518,#519,#520,#521,#522,
    #523,#524,#525,#526,#527,#528,#529,#530,#531,#532,#533),
  .UNSPECIFIED.,.F.,.F.,(8,6,6,6,6,6,6,6,6,8),(0.,0.127786406011,
    0.186671465555,0.25408731888,0.380096983746,0.50534287481,
    0.631309703021,0.752707240287,0.875723256622,1.),.UNSPECIFIED.);
#478 = CARTESIAN_POINT('',(-6.28318530718,-31.84239653953));
#479 = CARTESIAN_POINT('',(-6.198449021972,-31.24417403322));
#480 = CARTESIAN_POINT('',(-6.113674378212,-30.64600307677));
#481 = CARTESIAN_POINT('',(-6.028872957359,-30.04796461899));
#482 = CARTESIAN_POINT('',(-5.944042549657,-29.45004294838));
#483 = CARTESIAN_POINT('',(-5.859177326663,-28.8522006349));
#484 = CARTESIAN_POINT('',(-5.774274656467,-28.25442246555));
#485 = CARTESIAN_POINT('',(-5.650210477206,-27.38139619638));
#486 = CARTESIAN_POINT('',(-5.61106776641,-27.10602262883));
#487 = CARTESIAN_POINT('',(-5.571918305913,-26.83067106195));
#488 = CARTESIAN_POINT('',(-5.532762064824,-26.55534106568));
#489 = CARTESIAN_POINT('',(-5.49359893593,-26.28003154832));
#490 = CARTESIAN_POINT('',(-5.454428907931,-26.00474208114));
#491 = CARTESIAN_POINT('',(-5.370399966537,-25.41432777137));
#492 = CARTESIAN_POINT('',(-5.325538499599,-25.09920660023));
#493 = CARTESIAN_POINT('',(-5.280668523315,-24.78411371669));
#494 = CARTESIAN_POINT('',(-5.235789811218,-24.46904932036));
#495 = CARTESIAN_POINT('',(-5.190901833506,-24.15401251239));
#496 = CARTESIAN_POINT('',(-5.146004366637,-23.83900300465));
#497 = CARTESIAN_POINT('',(-5.017162011307,-22.93528079792));
#498 = CARTESIAN_POINT('',(-4.933187899829,-22.34659195339));
#499 = CARTESIAN_POINT('',(-4.849187444894,-21.7580331225));
#500 = CARTESIAN_POINT('',(-4.765159152411,-21.16958737443));
#501 = CARTESIAN_POINT('',(-4.681097254616,-20.58121947533));
#502 = CARTESIAN_POINT('',(-4.596999208253,-19.99291466879));
#503 = CARTESIAN_POINT('',(-4.429262304963,-18.82015296492));
#504 = CARTESIAN_POINT('',(-4.345611325668,-18.2356074618));
#505 = CARTESIAN_POINT('',(-4.261933473968,-17.65119123055));
#506 = CARTESIAN_POINT('',(-4.178227180934,-17.0668933414));
#507 = CARTESIAN_POINT('',(-4.094486799324,-16.48267260845));
#508 = CARTESIAN_POINT('',(-4.010710785653,-15.89851589895));
#509 = CARTESIAN_POINT('',(-3.842626787806,-14.727117706));
#510 = CARTESIAN_POINT('',(-3.758306160135,-14.13979167286));
#511 = CARTESIAN_POINT('',(-3.673959377392,-13.55259718088));
#512 = CARTESIAN_POINT('',(-3.589584150139,-12.96551796159));
#513 = CARTESIAN_POINT('',(-3.505174802647,-12.37851671471));
#514 = CARTESIAN_POINT('',(-3.420728856203,-11.79157885186));
#515 = CARTESIAN_POINT('',(-3.254851095736,-10.63927942925));
#516 = CARTESIAN_POINT('',(-3.173409389486,-10.07382641826));
#517 = CARTESIAN_POINT('',(-3.091942123383,-9.508493643088));
#518 = CARTESIAN_POINT('',(-3.010447836422,-8.943271350558));
#519 = CARTESIAN_POINT('',(-2.928921493508,-8.37812357636));
#520 = CARTESIAN_POINT('',(-2.84736173507,-7.8130390802));
#521 = CARTESIAN_POINT('',(-2.683106956489,-6.675596012154));
#522 = CARTESIAN_POINT('',(-2.600399831368,-6.103161492821));
#523 = CARTESIAN_POINT('',(-2.517667168382,-5.530850783925));
#524 = CARTESIAN_POINT('',(-2.434907443164,-4.958653015847));
#525 = CARTESIAN_POINT('',(-2.35211489409,-4.386530360421));
#526 = CARTESIAN_POINT('',(-2.26928756458,-3.814472426199));
#527 = CARTESIAN_POINT('',(-2.102734812167,-2.664766946947));
#528 = CARTESIAN_POINT('',(-2.018996325619,-2.087035524241));
#529 = CARTESIAN_POINT('',(-1.935231642321,-1.509435056897));
#530 = CARTESIAN_POINT('',(-1.851438986569,-0.931951046871));
#531 = CARTESIAN_POINT('',(-1.767613366962,-0.354544388298));
#532 = CARTESIAN_POINT('',(-1.683753362021,0.222802792134));
#533 = CARTESIAN_POINT('',(-1.59986520773,0.8));
#534 = ( GEOMETRIC_REPRESENTATION_CONTEXT(2) 
PARAMETRIC_REPRESENTATION_CONTEXT() REPRESENTATION_CONTEXT('2D SPACE',''
  ) );
#535 = PCURVE('',#536,#639);
#536 = B_SPLINE_SURFACE_WITH_KNOTS('',8,1,(
    (#537,#538)
    ,(#539,#540)
    ,(#541,#542)
    ,(#543,#544)
    ,(#545,#546)
    ,(#547,#548)
    ,(#549,#550)
    ,(#551,#552)
    ,(#553,#554)
    ,(#555,#556)
    ,(#557,#558)
    ,(#559,#560)
    ,(#561,#562)
    ,(#563,#564)
    ,(#565,#566)
    ,(#567,#568)
    ,(#569,#570)
    ,(#571,#572)
    ,(#573,#574)
    ,(#575,#576)
    ,(#577,#578)
    ,(#579,#580)
    ,(#581,#582)
    ,(#583,#584)
    ,(#585,#586)
    ,(#587,#588)
    ,(#589,#590)
    ,(#591,#592)
    ,(#593,#594)
    ,(#595,#596)
    ,(#597,#598)
    ,(#599,#600)
    ,(#601,#602)
    ,(#603,#604)
    ,(#605,#606)
    ,(#607,#608)
    ,(#609,#610)
    ,(#611,#612)
    ,(#613,#614)
    ,(#615,#616)
    ,(#617,#618)
    ,(#619,#620)
    ,(#621,#622)
    ,(#623,#624)
    ,(#625,#626)
    ,(#627,#628)
    ,(#629,#630)
    ,(#631,#632)
    ,(#633,#634)
    ,(#635,#636)
    ,(#637,#638
    )),.UNSPECIFIED.,.F.,.F.,.F.,(9,6,6,6,6,6,6,6,9),(2,2),(
    -54.21745720147,-34.07137523846,-29.0348547477,-13.92529327544,
    -3.852252293942,6.220788687565,21.330350159824,26.366870650578,
    46.512952613591),(0.,1.),.UNSPECIFIED.);
#537 = CARTESIAN_POINT('',(-0.209266468136,67.196958214782,
    -52.21745720147));
#538 = CARTESIAN_POINT('',(-0.988202766197,93.985636014247,
    -52.21745720147));
#539 = CARTESIAN_POINT('',(-2.843346532224,67.120621979386,
    -49.69919695609));
#540 = CARTESIAN_POINT('',(-13.42649252464,93.624188222621,
    -49.69919695608));
#541 = CARTESIAN_POINT('',(-5.438767724127,65.94109908848,
    -47.18093671073));
#542 = CARTESIAN_POINT('',(-25.6847947724,88.059235063395,
    -47.18093671075));
#543 = CARTESIAN_POINT('',(-7.46034527887,63.689607729892,
    -44.66267646532));
#544 = CARTESIAN_POINT('',(-35.22623258024,77.415465024195,
    -44.66267646528));
#545 = CARTESIAN_POINT('',(-8.386469868025,60.689924326622,
    -42.14441621997));
#546 = CARTESIAN_POINT('',(-39.60581826736,63.265815211722,
    -42.14441622002));
#547 = CARTESIAN_POINT('',(-7.951761853827,57.601115107256,
    -39.62615597459));
#548 = CARTESIAN_POINT('',(-37.54865434143,48.667860699196,
    -39.62615597456));
#549 = CARTESIAN_POINT('',(-6.346707200582,55.071505194546,
    -37.10789572921));
#550 = CARTESIAN_POINT('',(-29.97057383414,36.727219460551,
    -37.10789572922));
#551 = CARTESIAN_POINT('',(-3.442979867418,53.095034190378,
    -33.96007042249));
#552 = CARTESIAN_POINT('',(-16.25866923281,27.393229423333,
    -33.96007042249));
#553 = CARTESIAN_POINT('',(-0.203956600289,52.752762215865,
    -30.81224511577));
#554 = CARTESIAN_POINT('',(-0.963098012356,25.776929153863,
    -30.81224511577));
#555 = CARTESIAN_POINT('',(0.449395237128,52.751198505111,
    -30.18268005443));
#556 = CARTESIAN_POINT('',(2.122208838949,25.769495709642,
    -30.18268005442));
#557 = CARTESIAN_POINT('',(1.100230705207,52.816908437667,
    -29.55311499308));
#558 = CARTESIAN_POINT('',(5.195625589493,26.079732365421,
    -29.55311499308));
#559 = CARTESIAN_POINT('',(1.740493420067,52.94910328681,-28.92354993174
    ));
#560 = CARTESIAN_POINT('',(8.219084336686,26.703969424548,
    -28.92354993174));
#561 = CARTESIAN_POINT('',(2.362344407314,53.145843369706,
    -28.29398487039));
#562 = CARTESIAN_POINT('',(11.155536443477,27.633094646755,
    -28.29398487039));
#563 = CARTESIAN_POINT('',(4.746380913647,54.178944411053,
    -25.77572462501));
#564 = CARTESIAN_POINT('',(22.412976915952,32.512235801385,
    -25.77572462502));
#565 = CARTESIAN_POINT('',(6.606823800614,56.133593642463,
    -23.25746437964));
#566 = CARTESIAN_POINT('',(31.200019428727,41.740757361498,
    -23.25746437964));
#567 = CARTESIAN_POINT('',(7.52399850184,58.009052103345,-21.36876919561
    ));
#568 = CARTESIAN_POINT('',(35.528389598119,50.600432649747,
    -21.36876919561));
#569 = CARTESIAN_POINT('',(7.824088148799,60.110016972645,
    -19.48007401157));
#570 = CARTESIAN_POINT('',(36.947509810642,60.517898443465,
    -19.48007401158));
#571 = CARTESIAN_POINT('',(7.460992629024,62.195167367681,
    -17.59137882754));
#572 = CARTESIAN_POINT('',(35.232861134701,70.366809214925,
    -17.59137882754));
#573 = CARTESIAN_POINT('',(6.498204192134,64.032591418175,
    -15.70268364351));
#574 = CARTESIAN_POINT('',(30.685929756087,79.042409865719,
    -15.70268364351));
#575 = CARTESIAN_POINT('',(4.135275050613,66.393877742441,
    -12.55485833679));
#576 = CARTESIAN_POINT('',(19.527601432869,90.193696956159,
    -12.55485833679));
#577 = CARTESIAN_POINT('',(1.018631659831,67.324997978578,
    -9.407033030072));
#578 = CARTESIAN_POINT('',(4.810160790209,94.59011837567,-9.407033030072
    ));
#579 = CARTESIAN_POINT('',(-0.294210519092,67.440706154994,
    -8.147902907383));
#580 = CARTESIAN_POINT('',(-1.389101511847,95.136648393524,
    -8.147902907384));
#581 = CARTESIAN_POINT('',(-1.611142522774,67.287310378192,
    -6.888772784695));
#582 = CARTESIAN_POINT('',(-7.607955659254,94.412177856081,
    -6.888772784695));
#583 = CARTESIAN_POINT('',(-2.867957287055,66.870594429307,
    -5.629642662007));
#584 = CARTESIAN_POINT('',(-13.54306993213,92.444478270422,
    -5.629642662007));
#585 = CARTESIAN_POINT('',(-4.005134973261,66.214468317439,
    -4.370512539318));
#586 = CARTESIAN_POINT('',(-18.91372031917,89.346374075956,
    -4.370512539318));
#587 = CARTESIAN_POINT('',(-5.942953410109,64.500703338075,
    -1.852252293943));
#588 = CARTESIAN_POINT('',(-28.06313140077,81.252919634079,
    -1.852252293942));
#589 = CARTESIAN_POINT('',(-7.064830225379,62.175930100798,
    0.666007951435));
#590 = CARTESIAN_POINT('',(-33.36221698702,70.275493891287,
    0.666007951435));
#591 = CARTESIAN_POINT('',(-7.386891393805,60.909201082654,
    1.925138074123));
#592 = CARTESIAN_POINT('',(-34.8825418787,64.293418395907,1.925138074123
    ));
#593 = CARTESIAN_POINT('',(-7.448197001918,59.595854967646,
    3.184268196811));
#594 = CARTESIAN_POINT('',(-35.17185677415,58.091459096698,
    3.184268196811));
#595 = CARTESIAN_POINT('',(-7.244248378915,58.298680877912,
    4.443398319499));
#596 = CARTESIAN_POINT('',(-34.2088153932,51.965834908713,4.4433983195)
  );
#597 = CARTESIAN_POINT('',(-6.788579130978,57.078763127839,
    5.702528442188));
#598 = CARTESIAN_POINT('',(-32.05708469172,46.205383583278,
    5.702528442189));
#599 = CARTESIAN_POINT('',(-5.092983811865,54.35576109958,8.850353748909
    ));
#600 = CARTESIAN_POINT('',(-24.05050858318,33.346500098682,
    8.850353748907));
#601 = CARTESIAN_POINT('',(-2.260390806363,52.711662759045,
    11.99817905563));
#602 = CARTESIAN_POINT('',(-10.67384513219,25.583070634553,
    11.998179055633));
#603 = CARTESIAN_POINT('',(-0.288707054326,52.255047405332,
    13.886874239662));
#604 = CARTESIAN_POINT('',(-1.363621650915,23.426013820506,
    13.886874239655));
#605 = CARTESIAN_POINT('',(1.759707310739,52.411227226817,
    15.775569423694));
#606 = CARTESIAN_POINT('',(8.311026018705,24.164610668768,
    15.775569423697));
#607 = CARTESIAN_POINT('',(3.662539903119,53.174829339918,
    17.664264607726));
#608 = CARTESIAN_POINT('',(17.293192884588,27.770058127366,
    17.664264607729));
#609 = CARTESIAN_POINT('',(5.221292415423,54.444982484702,
    19.552959791761));
#610 = CARTESIAN_POINT('',(24.657334636271,33.767798507353,
    19.552959791759));
#611 = CARTESIAN_POINT('',(6.670510995642,56.598717708817,
    22.071220037135));
#612 = CARTESIAN_POINT('',(31.499138058004,43.938470262593,
    22.071220037135));
#613 = CARTESIAN_POINT('',(7.182372825977,59.041758358137,
    24.589480282513));
#614 = CARTESIAN_POINT('',(33.916778571568,55.47497197137,
    24.589480282513));
#615 = CARTESIAN_POINT('',(7.249788936358,59.663833040549,
    25.219045343857));
#616 = CARTESIAN_POINT('',(34.235204353367,58.412536434084,
    25.219045343857));
#617 = CARTESIAN_POINT('',(7.255590815387,60.290201436071,
    25.848610405201));
#618 = CARTESIAN_POINT('',(34.262603248688,61.3703805883,25.848610405202
    ));
#619 = CARTESIAN_POINT('',(7.199683938221,60.913744080646,
    26.478175466546));
#620 = CARTESIAN_POINT('',(33.998562619884,64.314882758254,
    26.478175466546));
#621 = CARTESIAN_POINT('',(7.082957200317,61.527413768844,27.10774052789
    ));
#622 = CARTESIAN_POINT('',(33.4473179839,67.212770714121,27.107740527889
    ));
#623 = CARTESIAN_POINT('',(6.20441562317,64.512354939347,30.25556583461)
  );
#624 = CARTESIAN_POINT('',(29.298587799064,81.30843888625,
    30.255565834606));
#625 = CARTESIAN_POINT('',(3.919269995408,66.919754353718,33.40339114133
    ));
#626 = CARTESIAN_POINT('',(18.507265142054,92.676386124098,
    33.403391141343));
#627 = CARTESIAN_POINT('',(1.364841492859,68.065153327793,
    35.921651386709));
#628 = CARTESIAN_POINT('',(6.44762542039,98.085989942249,35.921651386676
    ));
#629 = CARTESIAN_POINT('',(-1.516926552309,68.118537993142,
    38.439911632088));
#630 = CARTESIAN_POINT('',(-7.168120355382,98.336846628121,
    38.439911632122));
#631 = CARTESIAN_POINT('',(-4.173945417633,67.020978313028,
    40.958171877454));
#632 = CARTESIAN_POINT('',(-19.70558574403,93.155148141252,
    40.958171877435));
#633 = CARTESIAN_POINT('',(-6.121320833447,65.050150668258,
    43.476432122842));
#634 = CARTESIAN_POINT('',(-28.90869542552,83.847700289539,
    43.476432122847));
#635 = CARTESIAN_POINT('',(-7.131928849895,62.631957006334,
    45.994692368213));
#636 = CARTESIAN_POINT('',(-33.67796751504,72.428735065554,
    45.994692368213));
#637 = CARTESIAN_POINT('',(-7.197394491736,60.193681517773,
    48.512952613591));
#638 = CARTESIAN_POINT('',(-33.98769621097,60.91460716726,
    48.512952613591));
#639 = DEFINITIONAL_REPRESENTATION('',(#640),#697);
#640 = B_SPLINE_CURVE_WITH_KNOTS('',7,(#641,#642,#643,#644,#645,#646,
    #647,#648,#649,#650,#651,#652,#653,#654,#655,#656,#657,#658,#659,
    #660,#661,#662,#663,#664,#665,#666,#667,#668,#669,#670,#671,#672,
    #673,#674,#675,#676,#677,#678,#679,#680,#681,#682,#683,#684,#685,
    #686,#687,#688,#689,#690,#691,#692,#693,#694,#695,#696),
  .UNSPECIFIED.,.F.,.F.,(8,6,6,6,6,6,6,6,6,8),(0.,0.127786406011,
    0.186671465555,0.25408731888,0.380096983746,0.50534287481,
    0.631309703021,0.752707240287,0.875723256622,1.),.UNSPECIFIED.);
#641 = CARTESIAN_POINT('',(-21.57506066193,2.985046045007E-02));
#642 = CARTESIAN_POINT('',(-22.17328316824,2.985023845469E-02));
#643 = CARTESIAN_POINT('',(-22.7714541247,2.985004192669E-02));
#644 = CARTESIAN_POINT('',(-23.36949258248,2.984996613472E-02));
#645 = CARTESIAN_POINT('',(-23.96741425308,2.985012118394E-02));
#646 = CARTESIAN_POINT('',(-24.56525656657,2.985057152373E-02));
#647 = CARTESIAN_POINT('',(-25.16303473592,2.985107414761E-02));
#648 = CARTESIAN_POINT('',(-26.03606100508,2.985153559225E-02));
#649 = CARTESIAN_POINT('',(-26.31143457263,2.985164109497E-02));
#650 = CARTESIAN_POINT('',(-26.58678613952,2.985168478611E-02));
#651 = CARTESIAN_POINT('',(-26.86211613579,2.98516416258E-02));
#652 = CARTESIAN_POINT('',(-27.13742565314,2.985149516596E-02));
#653 = CARTESIAN_POINT('',(-27.41271512033,2.985124942931E-02));
#654 = CARTESIAN_POINT('',(-28.0031294301,2.985058743395E-02));
#655 = CARTESIAN_POINT('',(-28.31825060123,2.985014804408E-02));
#656 = CARTESIAN_POINT('',(-28.63334348478,2.984963891892E-02));
#657 = CARTESIAN_POINT('',(-28.94840788111,2.984931983714E-02));
#658 = CARTESIAN_POINT('',(-29.26344468907,2.98494373683E-02));
#659 = CARTESIAN_POINT('',(-29.57845419682,2.984996818515E-02));
#660 = CARTESIAN_POINT('',(-30.48217640355,2.985109917402E-02));
#661 = CARTESIAN_POINT('',(-31.07086524807,2.985182077079E-02));
#662 = CARTESIAN_POINT('',(-31.65942407896,2.985177116727E-02));
#663 = CARTESIAN_POINT('',(-32.24786982703,2.985136598806E-02));
#664 = CARTESIAN_POINT('',(-32.83623772613,2.985092934553E-02));
#665 = CARTESIAN_POINT('',(-33.42454253268,2.985058033488E-02));
#666 = CARTESIAN_POINT('',(-34.59730423655,2.985024538335E-02));
#667 = CARTESIAN_POINT('',(-35.18184973967,2.985026453385E-02));
#668 = CARTESIAN_POINT('',(-35.76626597091,2.98504217781E-02));
#669 = CARTESIAN_POINT('',(-36.35056386007,2.985061360797E-02));
#670 = CARTESIAN_POINT('',(-36.93478459302,2.985075797177E-02));
#671 = CARTESIAN_POINT('',(-37.51894130251,2.985082862844E-02));
#672 = CARTESIAN_POINT('',(-38.69033949547,2.985086530549E-02));
#673 = CARTESIAN_POINT('',(-39.27766552861,2.985082999436E-02));
#674 = CARTESIAN_POINT('',(-39.86486002059,2.985075772914E-02));
#675 = CARTESIAN_POINT('',(-40.45193923988,2.985070445881E-02));
#676 = CARTESIAN_POINT('',(-41.03894048676,2.985072158555E-02));
#677 = CARTESIAN_POINT('',(-41.62587834961,2.985078751698E-02));
#678 = CARTESIAN_POINT('',(-42.77817777221,2.985093881389E-02));
#679 = CARTESIAN_POINT('',(-43.3436307832,2.98510224188E-02));
#680 = CARTESIAN_POINT('',(-43.90896355838,2.985108553067E-02));
#681 = CARTESIAN_POINT('',(-44.47418585091,2.985106398824E-02));
#682 = CARTESIAN_POINT('',(-45.03933362511,2.985093401377E-02));
#683 = CARTESIAN_POINT('',(-45.60441812127,2.985073559932E-02));
#684 = CARTESIAN_POINT('',(-46.74186118932,2.985035101601E-02));
#685 = CARTESIAN_POINT('',(-47.31429570865,2.985016689735E-02));
#686 = CARTESIAN_POINT('',(-47.88660641754,2.985005261872E-02));
#687 = CARTESIAN_POINT('',(-48.45880418562,2.985013964834E-02));
#688 = CARTESIAN_POINT('',(-49.03092684105,2.985045833317E-02));
#689 = CARTESIAN_POINT('',(-49.60298477527,2.985088323292E-02));
#690 = CARTESIAN_POINT('',(-50.75269025452,2.985151193967E-02));
#691 = CARTESIAN_POINT('',(-51.33042167723,2.985171787942E-02));
#692 = CARTESIAN_POINT('',(-51.90802214457,2.985159639467E-02));
#693 = CARTESIAN_POINT('',(-52.4855061546,2.985093488081E-02));
#694 = CARTESIAN_POINT('',(-53.06291281317,2.984959442646E-02));
#695 = CARTESIAN_POINT('',(-53.6402599936,2.98485741176E-02));
#696 = CARTESIAN_POINT('',(-54.21745720147,2.985074626866E-02));
#697 = ( GEOMETRIC_REPRESENTATION_CONTEXT(2) 
PARAMETRIC_REPRESENTATION_CONTEXT() REPRESENTATION_CONTEXT('2D SPACE',''
  ) );
#698 = ADVANCED_FACE('',(#699,#887),#45,.F.);
#699 = FACE_BOUND('',#700,.F.);
#700 = EDGE_LOOP('',(#701,#725,#726,#746,#857));
#701 = ORIENTED_EDGE('',*,*,#702,.T.);
#702 = EDGE_CURVE('',#703,#22,#705,.T.);
#703 = VERTEX_POINT('',#704);
#704 = CARTESIAN_POINT('',(-5.307086938029,65.986219861665,
    -51.41745720147));
#705 = SURFACE_CURVE('',#706,(#711,#718),.PCURVE_S1.);
#706 = CIRCLE('',#707,8.);
#707 = AXIS2_PLACEMENT_3D('',#708,#709,#710);
#708 = CARTESIAN_POINT('',(0.,60.,-51.41745720147));
#709 = DIRECTION('',(0.,0.,1.));
#710 = DIRECTION('',(1.,0.,0.));
#711 = PCURVE('',#45,#712);
#712 = DEFINITIONAL_REPRESENTATION('',(#713),#717);
#713 = CIRCLE('',#714,8.);
#714 = AXIS2_PLACEMENT_2D('',#715,#716);
#715 = CARTESIAN_POINT('',(6.837200662697E-16,7.105427357601E-15));
#716 = DIRECTION('',(1.,0.));
#717 = ( GEOMETRIC_REPRESENTATION_CONTEXT(2) 
PARAMETRIC_REPRESENTATION_CONTEXT() REPRESENTATION_CONTEXT('2D SPACE',''
  ) );
#718 = PCURVE('',#73,#719);
#719 = DEFINITIONAL_REPRESENTATION('',(#720),#724);
#720 = LINE('',#721,#722);
#721 = CARTESIAN_POINT('',(-0.,0.));
#722 = VECTOR('',#723,1.);
#723 = DIRECTION('',(-1.,0.));
#724 = ( GEOMETRIC_REPRESENTATION_CONTEXT(2) 
PARAMETRIC_REPRESENTATION_CONTEXT() REPRESENTATION_CONTEXT('2D SPACE',''
  ) );
#725 = ORIENTED_EDGE('',*,*,#21,.T.);
#726 = ORIENTED_EDGE('',*,*,#727,.F.);
#727 = EDGE_CURVE('',#728,#24,#730,.T.);
#728 = VERTEX_POINT('',#729);
#729 = CARTESIAN_POINT('',(-1.042480195025,67.124159714928,
    -51.41745720147));
#730 = SURFACE_CURVE('',#731,(#734,#740),.PCURVE_S1.);
#731 = B_SPLINE_CURVE_WITH_KNOTS('',1,(#732,#733),.UNSPECIFIED.,.F.,.F.,
  (2,2),(0.,1.),.PIECEWISE_BEZIER_KNOTS.);
#732 = CARTESIAN_POINT('',(-1.042480195025,67.124159714928,
    -51.41745720147));
#733 = CARTESIAN_POINT('',(-1.170641040075,68.,-51.41745720147));
#734 = PCURVE('',#45,#735);
#735 = DEFINITIONAL_REPRESENTATION('',(#736),#739);
#736 = B_SPLINE_CURVE_WITH_KNOTS('',1,(#737,#738),.UNSPECIFIED.,.F.,.F.,
  (2,2),(0.,1.),.PIECEWISE_BEZIER_KNOTS.);
#737 = CARTESIAN_POINT('',(-1.042480195025,7.124159714928));
#738 = CARTESIAN_POINT('',(-1.170641040075,8.));
#739 = ( GEOMETRIC_REPRESENTATION_CONTEXT(2) 
PARAMETRIC_REPRESENTATION_CONTEXT() REPRESENTATION_CONTEXT('2D SPACE',''
  ) );
#740 = PCURVE('',#536,#741);
#741 = DEFINITIONAL_REPRESENTATION('',(#742),#745);
#742 = B_SPLINE_CURVE_WITH_KNOTS('',1,(#743,#744),.UNSPECIFIED.,.F.,.F.,
  (2,2),(0.,1.),.PIECEWISE_BEZIER_KNOTS.);
#743 = CARTESIAN_POINT('',(-53.41745720147,0.));
#744 = CARTESIAN_POINT('',(-53.41745720147,3.302865015961E-02));
#745 = ( GEOMETRIC_REPRESENTATION_CONTEXT(2) 
PARAMETRIC_REPRESENTATION_CONTEXT() REPRESENTATION_CONTEXT('2D SPACE',''
  ) );
#746 = ORIENTED_EDGE('',*,*,#747,.T.);
#747 = EDGE_CURVE('',#728,#748,#750,.T.);
#748 = VERTEX_POINT('',#749);
#749 = CARTESIAN_POINT('',(-4.776378127551,65.387597676683,
    -51.41745720147));
#750 = SURFACE_CURVE('',#751,(#766,#784),.PCURVE_S1.);
#751 = B_SPLINE_CURVE_WITH_KNOTS('',4,(#752,#753,#754,#755,#756,#757,
    #758,#759,#760,#761,#762,#763,#764,#765),.UNSPECIFIED.,.F.,.F.,(5,3,
    3,3,5),(0.,0.251151486999,0.501201504734,0.751150779444,1.),
  .UNSPECIFIED.);
#752 = CARTESIAN_POINT('',(-1.042480195025,67.124159714928,
    -51.41745720147));
#753 = CARTESIAN_POINT('',(-1.302138745107,67.086161466556,
    -51.41745720147));
#754 = CARTESIAN_POINT('',(-1.559915477349,67.035543744346,
    -51.41745720147));
#755 = CARTESIAN_POINT('',(-1.814890644974,66.972454470509,
    -51.41745720147));
#756 = CARTESIAN_POINT('',(-2.316358620699,66.822214091928,
    -51.41745720147));
#757 = CARTESIAN_POINT('',(-2.562884472057,66.735169557199,
    -51.41745720147));
#758 = CARTESIAN_POINT('',(-2.804876264645,66.636307750212,
    -51.41745720147));
#759 = CARTESIAN_POINT('',(-3.278039945096,66.415781509102,
    -51.41745720147));
#760 = CARTESIAN_POINT('',(-3.509216871167,66.294125974461,
    -51.41745720147));
#761 = CARTESIAN_POINT('',(-3.734209368328,66.161449296963,
    -51.41745720147));
#762 = CARTESIAN_POINT('',(-4.169343532818,65.875699303186,
    -51.41745720147));
#763 = CARTESIAN_POINT('',(-4.37954685943,65.722717901925,
    -51.41745720147));
#764 = CARTESIAN_POINT('',(-4.58211520682,65.559816229121,
    -51.41745720147));
#765 = CARTESIAN_POINT('',(-4.776378127551,65.387597676683,
    -51.41745720147));
#766 = PCURVE('',#45,#767);
#767 = DEFINITIONAL_REPRESENTATION('',(#768),#783);
#768 = B_SPLINE_CURVE_WITH_KNOTS('',4,(#769,#770,#771,#772,#773,#774,
    #775,#776,#777,#778,#779,#780,#781,#782),.UNSPECIFIED.,.F.,.F.,(5,3,
    3,3,5),(0.,0.251151486999,0.501201504734,0.751150779444,1.),
  .UNSPECIFIED.);
#769 = CARTESIAN_POINT('',(-1.042480195025,7.124159714928));
#770 = CARTESIAN_POINT('',(-1.302138745107,7.086161466556));
#771 = CARTESIAN_POINT('',(-1.559915477349,7.035543744346));
#772 = CARTESIAN_POINT('',(-1.814890644974,6.972454470509));
#773 = CARTESIAN_POINT('',(-2.316358620699,6.822214091928));
#774 = CARTESIAN_POINT('',(-2.562884472057,6.735169557199));
#775 = CARTESIAN_POINT('',(-2.804876264645,6.636307750212));
#776 = CARTESIAN_POINT('',(-3.278039945096,6.415781509102));
#777 = CARTESIAN_POINT('',(-3.509216871167,6.294125974461));
#778 = CARTESIAN_POINT('',(-3.734209368328,6.161449296963));
#779 = CARTESIAN_POINT('',(-4.169343532818,5.875699303186));
#780 = CARTESIAN_POINT('',(-4.37954685943,5.722717901925));
#781 = CARTESIAN_POINT('',(-4.58211520682,5.559816229121));
#782 = CARTESIAN_POINT('',(-4.776378127551,5.387597676683));
#783 = ( GEOMETRIC_REPRESENTATION_CONTEXT(2) 
PARAMETRIC_REPRESENTATION_CONTEXT() REPRESENTATION_CONTEXT('2D SPACE',''
  ) );
#784 = PCURVE('',#785,#840);
#785 = B_SPLINE_SURFACE_WITH_KNOTS('',8,1,(
    (#786,#787)
    ,(#788,#789)
    ,(#790,#791)
    ,(#792,#793)
    ,(#794,#795)
    ,(#796,#797)
    ,(#798,#799)
    ,(#800,#801)
    ,(#802,#803)
    ,(#804,#805)
    ,(#806,#807)
    ,(#808,#809)
    ,(#810,#811)
    ,(#812,#813)
    ,(#814,#815)
    ,(#816,#817)
    ,(#818,#819)
    ,(#820,#821)
    ,(#822,#823)
    ,(#824,#825)
    ,(#826,#827)
    ,(#828,#829)
    ,(#830,#831)
    ,(#832,#833)
    ,(#834,#835)
    ,(#836,#837)
    ,(#838,#839
    )),.UNSPECIFIED.,.F.,.F.,.F.,(9,6,6,6,9),(2,2),(-54.21745720147,
    -29.0348547477,-3.852252293942,21.330350159824,46.512952613591),(0.,
    1.),.UNSPECIFIED.);
#786 = CARTESIAN_POINT('',(-0.209266468136,67.196958214782,
    -52.21745720147));
#787 = CARTESIAN_POINT('',(-0.209266468136,67.196958214782,
    -56.21745720147));
#788 = CARTESIAN_POINT('',(-3.501866548246,67.101537920537,
    -49.06963189474));
#789 = CARTESIAN_POINT('',(-3.501866548246,67.101537920537,
    -53.06963189475));
#790 = CARTESIAN_POINT('',(-6.734062140567,65.282388477059,
    -45.92180658806));
#791 = CARTESIAN_POINT('',(-6.734062140567,65.282388477059,
    -49.92180658804));
#792 = CARTESIAN_POINT('',(-8.860570501007,61.800482907444,
    -42.77398128125));
#793 = CARTESIAN_POINT('',(-8.860570501007,61.800482907444,
    -46.77398128129));
#794 = CARTESIAN_POINT('',(-8.869252041107,57.43104773864,
    -39.62615597465));
#795 = CARTESIAN_POINT('',(-8.869252041107,57.43104773864,
    -43.62615597461));
#796 = CARTESIAN_POINT('',(-6.521632343772,53.79396940527,
    -36.47833066782));
#797 = CARTESIAN_POINT('',(-6.521632343772,53.79396940527,
    -40.47833066786));
#798 = CARTESIAN_POINT('',(-2.929322224719,52.001189477073,
    -33.33050536116));
#799 = CARTESIAN_POINT('',(-2.929322224719,52.001189477073,
    -37.33050536114));
#800 = CARTESIAN_POINT('',(4.339753089531,52.280071605286,
    -27.03485474769));
#801 = CARTESIAN_POINT('',(4.339753089531,52.280071605286,
    -31.03485474771));
#802 = CARTESIAN_POINT('',(8.336368282739,58.318629921389,
    -20.73920413427));
#803 = CARTESIAN_POINT('',(8.336368282739,58.318629921389,
    -24.73920413426));
#804 = CARTESIAN_POINT('',(8.666393936557,62.273664609813,
    -17.59137882753));
#805 = CARTESIAN_POINT('',(8.666393936557,62.273664609813,
    -21.59137882756));
#806 = CARTESIAN_POINT('',(6.822943442154,66.081079820331,
    -14.44355352083));
#807 = CARTESIAN_POINT('',(6.822943442154,66.081079820331,-18.4435535208
    ));
#808 = CARTESIAN_POINT('',(3.264609793959,68.306041824956,-11.2957282141
    ));
#809 = CARTESIAN_POINT('',(3.264609793959,68.306041824956,
    -15.29572821412));
#810 = CARTESIAN_POINT('',(-0.639440155853,68.441423641409,
    -8.147902907381));
#811 = CARTESIAN_POINT('',(-0.639440155853,68.441423641409,
    -12.14790290737));
#812 = CARTESIAN_POINT('',(-7.013876788429,65.302651676585,
    -1.852252293945));
#813 = CARTESIAN_POINT('',(-7.013876788429,65.302651676585,
    -5.852252293949));
#814 = CARTESIAN_POINT('',(-8.288678286147,58.345078099807,
    4.443398319503));
#815 = CARTESIAN_POINT('',(-8.288678286147,58.345078099807,
    0.443398319505));
#816 = CARTESIAN_POINT('',(-7.105985347939,54.667991923624,
    7.591223626211));
#817 = CARTESIAN_POINT('',(-7.105985347939,54.667991923624,
    3.591223626209));
#818 = CARTESIAN_POINT('',(-4.066354159558,51.91289947133,
    10.739048932955));
#819 = CARTESIAN_POINT('',(-4.066354159558,51.91289947133,6.739048932954
    ));
#820 = CARTESIAN_POINT('',(-6.766112221948E-02,51.148769332275,
    13.886874239651));
#821 = CARTESIAN_POINT('',(-6.766112221948E-02,51.148769332275,
    9.886874239654));
#822 = CARTESIAN_POINT('',(3.537734647734,52.363573616887,
    17.034699546388));
#823 = CARTESIAN_POINT('',(3.537734647734,52.363573616887,
    13.034699546386));
#824 = CARTESIAN_POINT('',(8.332477035635,57.386279895671,
    23.330350159818));
#825 = CARTESIAN_POINT('',(8.332477035635,57.386279895671,
    19.330350159821));
#826 = CARTESIAN_POINT('',(7.268739736763,64.21714508198,29.626000773272
    ));
#827 = CARTESIAN_POINT('',(7.268739736763,64.21714508198,25.62600077327)
  );
#828 = CARTESIAN_POINT('',(5.026682373747,67.238733777976,
    32.773826079968));
#829 = CARTESIAN_POINT('',(5.026682373747,67.238733777976,
    28.773826079973));
#830 = CARTESIAN_POINT('',(1.391158871532,68.862008714177,
    35.921651386734));
#831 = CARTESIAN_POINT('',(1.391158871532,68.862008714177,
    31.921651386729));
#832 = CARTESIAN_POINT('',(-2.537900827379,68.408541602913,
    39.069476693408));
#833 = CARTESIAN_POINT('',(-2.537900827379,68.408541602913,
    35.069476693411));
#834 = CARTESIAN_POINT('',(-5.55694542681,66.257992385055,
    42.217302000158));
#835 = CARTESIAN_POINT('',(-5.55694542681,66.257992385055,
    38.217302000158));
#836 = CARTESIAN_POINT('',(-7.115562439435,63.241525878474,
    45.365127306868));
#837 = CARTESIAN_POINT('',(-7.115562439435,63.241525878474,
    41.365127306868));
#838 = CARTESIAN_POINT('',(-7.197394491736,60.193681517773,
    48.512952613591));
#839 = CARTESIAN_POINT('',(-7.197394491736,60.193681517773,
    44.512952613591));
#840 = DEFINITIONAL_REPRESENTATION('',(#841),#856);
#841 = B_SPLINE_CURVE_WITH_KNOTS('',4,(#842,#843,#844,#845,#846,#847,
    #848,#849,#850,#851,#852,#853,#854,#855),.UNSPECIFIED.,.F.,.F.,(5,3,
    3,3,5),(0.,0.251151486999,0.501201504734,0.751150779444,1.),
  .UNSPECIFIED.);
#842 = CARTESIAN_POINT('',(-53.41745720147,0.));
#843 = CARTESIAN_POINT('',(-53.16650842685,6.27371936545E-02));
#844 = CARTESIAN_POINT('',(-52.91552503621,0.125483041316));
#845 = CARTESIAN_POINT('',(-52.66450797106,0.188237307602));
#846 = CARTESIAN_POINT('',(-52.16350745943,0.313487435511));
#847 = CARTESIAN_POINT('',(-51.91352419508,0.375983251598));
#848 = CARTESIAN_POINT('',(-51.66350746805,0.438487433354));
#849 = CARTESIAN_POINT('',(-51.16350767801,0.563487380865));
#850 = CARTESIAN_POINT('',(-50.91352450324,0.625983174557));
#851 = CARTESIAN_POINT('',(-50.6635076494,0.688487388018));
#852 = CARTESIAN_POINT('',(-50.16450725297,0.813237487125));
#853 = CARTESIAN_POINT('',(-49.91552385503,0.87548333661));
#854 = CARTESIAN_POINT('',(-49.66650710791,0.93773752339));
#855 = CARTESIAN_POINT('',(-49.41745720147,1.));
#856 = ( GEOMETRIC_REPRESENTATION_CONTEXT(2) 
PARAMETRIC_REPRESENTATION_CONTEXT() REPRESENTATION_CONTEXT('2D SPACE',''
  ) );
#857 = ORIENTED_EDGE('',*,*,#858,.T.);
#858 = EDGE_CURVE('',#748,#703,#859,.T.);
#859 = SURFACE_CURVE('',#860,(#867,#877),.PCURVE_S1.);
#860 = B_SPLINE_CURVE_WITH_KNOTS('',5,(#861,#862,#863,#864,#865,#866),
  .UNSPECIFIED.,.F.,.F.,(6,6),(0.,1.),.PIECEWISE_BEZIER_KNOTS.);
#861 = CARTESIAN_POINT('',(-4.776378127551,65.387597676683,
    -51.41745720147));
#862 = CARTESIAN_POINT('',(-5.261747615384,65.935078588237,
    -51.41745720147));
#863 = CARTESIAN_POINT('',(-5.742675260021,66.477549245906,
    -51.41745720147));
#864 = CARTESIAN_POINT('',(-6.203552467188,66.997403665722,
    -51.41745720147));
#865 = CARTESIAN_POINT('',(-6.646726977893,67.497290022776,
    -51.41745720147));
#866 = CARTESIAN_POINT('',(-7.092404770532,68.,-51.41745720147));
#867 = PCURVE('',#45,#868);
#868 = DEFINITIONAL_REPRESENTATION('',(#869),#876);
#869 = B_SPLINE_CURVE_WITH_KNOTS('',5,(#870,#871,#872,#873,#874,#875),
  .UNSPECIFIED.,.F.,.F.,(6,6),(0.,1.),.PIECEWISE_BEZIER_KNOTS.);
#870 = CARTESIAN_POINT('',(-4.776378127551,5.387597676683));
#871 = CARTESIAN_POINT('',(-5.261747615384,5.935078588237));
#872 = CARTESIAN_POINT('',(-5.742675260021,6.477549245906));
#873 = CARTESIAN_POINT('',(-6.203552467188,6.997403665722));
#874 = CARTESIAN_POINT('',(-6.646726977893,7.497290022776));
#875 = CARTESIAN_POINT('',(-7.092404770532,8.));
#876 = ( GEOMETRIC_REPRESENTATION_CONTEXT(2) 
PARAMETRIC_REPRESENTATION_CONTEXT() REPRESENTATION_CONTEXT('2D SPACE',''
  ) );
#877 = PCURVE('',#219,#878);
#878 = DEFINITIONAL_REPRESENTATION('',(#879),#886);
#879 = B_SPLINE_CURVE_WITH_KNOTS('',5,(#880,#881,#882,#883,#884,#885),
  .UNSPECIFIED.,.F.,.F.,(6,6),(0.,1.),.PIECEWISE_BEZIER_KNOTS.);
#880 = CARTESIAN_POINT('',(-49.41745720147,0.));
#881 = CARTESIAN_POINT('',(-49.41745720147,2.730054699816E-02));
#882 = CARTESIAN_POINT('',(-49.41745720147,5.435125392198E-02));
#883 = CARTESIAN_POINT('',(-49.41745720147,8.027418515283E-02));
#884 = CARTESIAN_POINT('',(-49.41745720147,0.105201393931));
#885 = CARTESIAN_POINT('',(-49.41745720147,0.130269404651));
#886 = ( GEOMETRIC_REPRESENTATION_CONTEXT(2) 
PARAMETRIC_REPRESENTATION_CONTEXT() REPRESENTATION_CONTEXT('2D SPACE',''
  ) );
#887 = FACE_BOUND('',#888,.F.);
#888 = EDGE_LOOP('',(#889));
#889 = ORIENTED_EDGE('',*,*,#890,.T.);
#890 = EDGE_CURVE('',#891,#891,#893,.T.);
#891 = VERTEX_POINT('',#892);
#892 = CARTESIAN_POINT('',(7.,60.,-51.41745720147));
#893 = SURFACE_CURVE('',#894,(#899,#910),.PCURVE_S1.);
#894 = CIRCLE('',#895,7.);
#895 = AXIS2_PLACEMENT_3D('',#896,#897,#898);
#896 = CARTESIAN_POINT('',(0.,60.,-51.41745720147));
#897 = DIRECTION('',(0.,0.,-1.));
#898 = DIRECTION('',(1.,0.,0.));
#899 = PCURVE('',#45,#900);
#900 = DEFINITIONAL_REPRESENTATION('',(#901),#909);
#901 = ( BOUNDED_CURVE() B_SPLINE_CURVE(2,(#902,#903,#904,#905,#906,#907
,#908),.UNSPECIFIED.,.T.,.F.) B_SPLINE_CURVE_WITH_KNOTS((1,2,2,2,2,1),(
    -2.094395102393,0.,2.094395102393,4.188790204786,6.28318530718,
8.377580409573),.UNSPECIFIED.) CURVE() GEOMETRIC_REPRESENTATION_ITEM() 
RATIONAL_B_SPLINE_CURVE((1.,0.5,1.,0.5,1.,0.5,1.)) REPRESENTATION_ITEM(
  '') );
#902 = CARTESIAN_POINT('',(7.,7.105427357601E-15));
#903 = CARTESIAN_POINT('',(7.,-12.12435565298));
#904 = CARTESIAN_POINT('',(-3.5,-6.062177826491));
#905 = CARTESIAN_POINT('',(-14.,5.390921838795E-15));
#906 = CARTESIAN_POINT('',(-3.5,6.062177826491));
#907 = CARTESIAN_POINT('',(7.,12.124355652982));
#908 = CARTESIAN_POINT('',(7.,7.105427357601E-15));
#909 = ( GEOMETRIC_REPRESENTATION_CONTEXT(2) 
PARAMETRIC_REPRESENTATION_CONTEXT() REPRESENTATION_CONTEXT('2D SPACE',''
  ) );
#910 = PCURVE('',#911,#916);
#911 = CYLINDRICAL_SURFACE('',#912,7.);
#912 = AXIS2_PLACEMENT_3D('',#913,#914,#915);
#913 = CARTESIAN_POINT('',(0.,60.,-54.41745720147));
#914 = DIRECTION('',(-0.,-0.,-1.));
#915 = DIRECTION('',(1.,0.,0.));
#916 = DEFINITIONAL_REPRESENTATION('',(#917),#921);
#917 = LINE('',#918,#919);
#918 = CARTESIAN_POINT('',(-6.28318530718,-3.));
#919 = VECTOR('',#920,1.);
#920 = DIRECTION('',(1.,-0.));
#921 = ( GEOMETRIC_REPRESENTATION_CONTEXT(2) 
PARAMETRIC_REPRESENTATION_CONTEXT() REPRESENTATION_CONTEXT('2D SPACE',''
  ) );
#922 = ADVANCED_FACE('',(#923),#73,.T.);
#923 = FACE_BOUND('',#924,.F.);
#924 = EDGE_LOOP('',(#925,#926,#1040));
#925 = ORIENTED_EDGE('',*,*,#702,.F.);
#926 = ORIENTED_EDGE('',*,*,#927,.F.);
#927 = EDGE_CURVE('',#58,#703,#928,.T.);
#928 = SURFACE_CURVE('',#929,(#964,#1002),.PCURVE_S1.);
#929 = B_SPLINE_CURVE_WITH_KNOTS('',5,(#930,#931,#932,#933,#934,#935,
    #936,#937,#938,#939,#940,#941,#942,#943,#944,#945,#946,#947,#948,
    #949,#950,#951,#952,#953,#954,#955,#956,#957,#958,#959,#960,#961,
    #962,#963),.UNSPECIFIED.,.F.,.F.,(6,4,4,4,4,4,4,4,6),(0.,
    0.127811065391,0.252265762177,0.377424566173,0.503328526713,
    0.628254760369,0.753393066234,0.87640070973,1.),.UNSPECIFIED.);
#930 = CARTESIAN_POINT('',(8.,60.,-23.57506066193));
#931 = CARTESIAN_POINT('',(8.000002281393,59.050772892791,
    -24.41273147273));
#932 = CARTESIAN_POINT('',(7.85920345111,58.100903465322,-25.25029207114
    ));
#933 = CARTESIAN_POINT('',(7.577287788556,57.178551817409,
    -26.08746966683));
#934 = CARTESIAN_POINT('',(7.162316181756,56.311316251974,-26.9246178601
    ));
#935 = CARTESIAN_POINT('',(6.111436530062,54.75513743876,-28.57633048936
    ));
#936 = CARTESIAN_POINT('',(5.481505935173,54.061941156049,
    -29.39108389821));
#937 = CARTESIAN_POINT('',(4.754486011846,53.465148327569,
    -30.20548164574));
#938 = CARTESIAN_POINT('',(3.950826321413,52.981950222736,
    -31.01984925928));
#939 = CARTESIAN_POINT('',(2.233636657417,52.261608306094,
    -32.65260889787));
#940 = CARTESIAN_POINT('',(1.319345605759,52.025805904509,
    -33.47117592012));
#941 = CARTESIAN_POINT('',(0.376384861292,51.926040217816,
    -34.28938257157));
#942 = CARTESIAN_POINT('',(-0.568097034265,51.965513664908,
    -35.10755717446));
#943 = CARTESIAN_POINT('',(-2.412477603348,52.314551862303,
    -36.74819301175));
#944 = CARTESIAN_POINT('',(-3.31227927497,52.625760519121,
    -37.57083252678));
#945 = CARTESIAN_POINT('',(-4.159925990252,53.068347207335,
    -38.39309046546));
#946 = CARTESIAN_POINT('',(-4.930393391088,53.629648610408,
    -39.21531656122));
#947 = CARTESIAN_POINT('',(-6.271836324434,54.946243537878,
    -40.85279508437));
#948 = CARTESIAN_POINT('',(-6.84446346727,55.70014329293,-41.66823364919
    ));
#949 = CARTESIAN_POINT('',(-7.302120300038,56.53350739881,-42.483303744)
  );
#950 = CARTESIAN_POINT('',(-7.631249563914,57.422346737234,
    -43.29833859062));
#951 = CARTESIAN_POINT('',(-8.020903700885,59.259485509629,
    -44.92920552811));
#952 = CARTESIAN_POINT('',(-8.081014111237,60.208083058276,
    -45.74521582519));
#953 = CARTESIAN_POINT('',(-8.000271891598,61.159273362369,
    -46.56084713518));
#954 = CARTESIAN_POINT('',(-7.780682878222,62.085230654171,
    -47.37644620535));
#955 = CARTESIAN_POINT('',(-7.089545893803,63.820418448594,
    -48.99317156941));
#956 = CARTESIAN_POINT('',(-6.622278530418,64.631551816704,
    -49.79447847809));
#957 = CARTESIAN_POINT('',(-6.039741949342,65.369301380499,
    -50.59543152344));
#958 = CARTESIAN_POINT('',(-5.358180925359,66.012561922645,
    -51.39634680671));
#959 = CARTESIAN_POINT('',(-3.836051493815,67.081948947369,
    -53.00145436167));
#960 = CARTESIAN_POINT('',(-2.994572414457,67.507136884096,
    -53.80582414895));
#961 = CARTESIAN_POINT('',(-2.096139703951,67.80593980282,
    -54.60981622203));
#962 = CARTESIAN_POINT('',(-1.166544053815,67.969462763065,
    -55.41378935086));
#963 = CARTESIAN_POINT('',(-0.232518297929,67.996620238646,
    -56.21745720147));
#964 = PCURVE('',#73,#965);
#965 = DEFINITIONAL_REPRESENTATION('',(#966),#1001);
#966 = B_SPLINE_CURVE_WITH_KNOTS('',5,(#967,#968,#969,#970,#971,#972,
    #973,#974,#975,#976,#977,#978,#979,#980,#981,#982,#983,#984,#985,
    #986,#987,#988,#989,#990,#991,#992,#993,#994,#995,#996,#997,#998,
    #999,#1000),.UNSPECIFIED.,.F.,.F.,(6,4,4,4,4,4,4,4,6),(0.,
    0.127811065391,0.252265762177,0.377424566173,0.503328526713,
    0.628254760369,0.753393066234,0.87640070973,1.),.UNSPECIFIED.);
#967 = CARTESIAN_POINT('',(-6.28318530718,-27.84239653953));
#968 = CARTESIAN_POINT('',(-6.164531966044,-27.00472572874));
#969 = CARTESIAN_POINT('',(-6.045798159132,-26.16716513032));
#970 = CARTESIAN_POINT('',(-5.92702364048,-25.32998753464));
#971 = CARTESIAN_POINT('',(-5.808155738409,-24.49283934137));
#972 = CARTESIAN_POINT('',(-5.573433845204,-22.84112671211));
#973 = CARTESIAN_POINT('',(-5.457557451719,-22.02637330326));
#974 = CARTESIAN_POINT('',(-5.341640158794,-21.21197555572));
#975 = CARTESIAN_POINT('',(-5.225638759331,-20.39760794219));
#976 = CARTESIAN_POINT('',(-4.992869047174,-18.7648483036));
#977 = CARTESIAN_POINT('',(-4.876077751551,-17.94628128134));
#978 = CARTESIAN_POINT('',(-4.759247064843,-17.1280746299));
#979 = CARTESIAN_POINT('',(-4.642328296639,-16.309900027));
#980 = CARTESIAN_POINT('',(-4.407688766094,-14.66926418972));
#981 = CARTESIAN_POINT('',(-4.289941525777,-13.84662467469));
#982 = CARTESIAN_POINT('',(-4.172152018742,-13.02436673601));
#983 = CARTESIAN_POINT('',(-4.054271610056,-12.20214064025));
#984 = CARTESIAN_POINT('',(-3.819321811857,-10.5646621171));
#985 = CARTESIAN_POINT('',(-3.702227083757,-9.749223552284));
#986 = CARTESIAN_POINT('',(-3.585092730732,-8.934153457466));
#987 = CARTESIAN_POINT('',(-3.467869584276,-8.119118610853));
#988 = CARTESIAN_POINT('',(-3.23311880714,-6.488251673362));
#989 = CARTESIAN_POINT('',(-3.115565314284,-5.672241376276));
#990 = CARTESIAN_POINT('',(-2.99797023874,-4.856610066295));
#991 = CARTESIAN_POINT('',(-2.880284526726,-4.041010996117));
#992 = CARTESIAN_POINT('',(-2.64681391916,-2.424285632059));
#993 = CARTESIAN_POINT('',(-2.531005972478,-1.62297872338));
#994 = CARTESIAN_POINT('',(-2.415158577649,-0.822025678034));
#995 = CARTESIAN_POINT('',(-2.299224328416,-2.111039475628E-02));
#996 = CARTESIAN_POINT('',(-2.066695212239,1.5839971602));
#997 = CARTESIAN_POINT('',(-1.950074830664,2.388366947483));
#998 = CARTESIAN_POINT('',(-1.83341220643,3.192359020562));
#999 = CARTESIAN_POINT('',(-1.716667754772,3.996332149386));
#1000 = CARTESIAN_POINT('',(-1.59986520773,4.8));
#1001 = ( GEOMETRIC_REPRESENTATION_CONTEXT(2) 
PARAMETRIC_REPRESENTATION_CONTEXT() REPRESENTATION_CONTEXT('2D SPACE',''
  ) );
#1002 = PCURVE('',#219,#1003);
#1003 = DEFINITIONAL_REPRESENTATION('',(#1004),#1039);
#1004 = B_SPLINE_CURVE_WITH_KNOTS('',5,(#1005,#1006,#1007,#1008,#1009,
    #1010,#1011,#1012,#1013,#1014,#1015,#1016,#1017,#1018,#1019,#1020,
    #1021,#1022,#1023,#1024,#1025,#1026,#1027,#1028,#1029,#1030,#1031,
    #1032,#1033,#1034,#1035,#1036,#1037,#1038),.UNSPECIFIED.,.F.,.F.,(6,
    4,4,4,4,4,4,4,6),(0.,0.127811065391,0.252265762177,0.377424566173,
    0.503328526713,0.628254760369,0.753393066234,0.87640070973,1.),
  .UNSPECIFIED.);
#1005 = CARTESIAN_POINT('',(-21.57506066193,2.985046045007E-02));
#1006 = CARTESIAN_POINT('',(-22.41273147273,2.985015587357E-02));
#1007 = CARTESIAN_POINT('',(-23.25029207115,2.984986781151E-02));
#1008 = CARTESIAN_POINT('',(-24.08746966683,2.985006693858E-02));
#1009 = CARTESIAN_POINT('',(-24.9246178601,2.985095796576E-02));
#1010 = CARTESIAN_POINT('',(-26.57633048936,2.985154893636E-02));
#1011 = CARTESIAN_POINT('',(-27.39108389821,2.98527888638E-02));
#1012 = CARTESIAN_POINT('',(-28.20548164574,2.984935170878E-02));
#1013 = CARTESIAN_POINT('',(-29.01984925927,2.984884367975E-02));
#1014 = CARTESIAN_POINT('',(-30.65260889787,2.985134311841E-02));
#1015 = CARTESIAN_POINT('',(-31.47117592012,2.985227267544E-02));
#1016 = CARTESIAN_POINT('',(-32.28938257157,2.985119986765E-02));
#1017 = CARTESIAN_POINT('',(-33.10755717446,2.985073190582E-02));
#1018 = CARTESIAN_POINT('',(-34.74819301175,2.9850168818E-02));
#1019 = CARTESIAN_POINT('',(-35.57083252678,2.98503138419E-02));
#1020 = CARTESIAN_POINT('',(-36.39309046546,2.985067346206E-02));
#1021 = CARTESIAN_POINT('',(-37.21531656121,2.985080936955E-02));
#1022 = CARTESIAN_POINT('',(-38.85279508437,2.985087896305E-02));
#1023 = CARTESIAN_POINT('',(-39.66823364919,2.985078994686E-02));
#1024 = CARTESIAN_POINT('',(-40.483303744,2.985066483904E-02));
#1025 = CARTESIAN_POINT('',(-41.29833859062,2.985074953629E-02));
#1026 = CARTESIAN_POINT('',(-42.92920552811,2.985095398607E-02));
#1027 = CARTESIAN_POINT('',(-43.74521582519,2.985110100372E-02));
#1028 = CARTESIAN_POINT('',(-44.56084713518,2.985112131391E-02));
#1029 = CARTESIAN_POINT('',(-45.37644620535,2.985080930515E-02));
#1030 = CARTESIAN_POINT('',(-46.99317156941,2.985027035816E-02));
#1031 = CARTESIAN_POINT('',(-47.79447847809,2.984999963644E-02));
#1032 = CARTESIAN_POINT('',(-48.59543152344,2.985006958183E-02));
#1033 = CARTESIAN_POINT('',(-49.39634680671,2.985078179475E-02));
#1034 = CARTESIAN_POINT('',(-51.00145436167,2.985165908393E-02));
#1035 = CARTESIAN_POINT('',(-51.80582414895,2.985175716644E-02));
#1036 = CARTESIAN_POINT('',(-52.60981622203,2.985128679042E-02));
#1037 = CARTESIAN_POINT('',(-53.41378935086,2.984773208174E-02));
#1038 = CARTESIAN_POINT('',(-54.21745720147,2.985074626866E-02));
#1039 = ( GEOMETRIC_REPRESENTATION_CONTEXT(2) 
PARAMETRIC_REPRESENTATION_CONTEXT() REPRESENTATION_CONTEXT('2D SPACE',''
  ) );
#1040 = ORIENTED_EDGE('',*,*,#57,.F.);
#1041 = ADVANCED_FACE('',(#1042),#219,.T.);
#1042 = FACE_BOUND('',#1043,.T.);
#1043 = EDGE_LOOP('',(#1044,#1072,#1117,#1118,#1119,#1120,#1212,#1237,
    #1339,#1365));
#1044 = ORIENTED_EDGE('',*,*,#1045,.F.);
#1045 = EDGE_CURVE('',#1046,#1048,#1050,.T.);
#1046 = VERTEX_POINT('',#1047);
#1047 = CARTESIAN_POINT('',(-0.209266468136,67.196958214782,
    -56.21745720147));
#1048 = VERTEX_POINT('',#1049);
#1049 = CARTESIAN_POINT('',(-0.988202766197,93.985636014247,
    -56.21745720147));
#1050 = SURFACE_CURVE('',#1051,(#1054,#1061),.PCURVE_S1.);
#1051 = B_SPLINE_CURVE_WITH_KNOTS('',1,(#1052,#1053),.UNSPECIFIED.,.F.,
  .F.,(2,2),(0.,1.),.PIECEWISE_BEZIER_KNOTS.);
#1052 = CARTESIAN_POINT('',(-0.209266468136,67.196958214782,
    -56.21745720147));
#1053 = CARTESIAN_POINT('',(-0.988202766197,93.985636014247,
    -56.21745720147));
#1054 = PCURVE('',#219,#1055);
#1055 = DEFINITIONAL_REPRESENTATION('',(#1056),#1060);
#1056 = LINE('',#1057,#1058);
#1057 = CARTESIAN_POINT('',(-54.21745720147,0.));
#1058 = VECTOR('',#1059,1.);
#1059 = DIRECTION('',(0.,1.));
#1060 = ( GEOMETRIC_REPRESENTATION_CONTEXT(2) 
PARAMETRIC_REPRESENTATION_CONTEXT() REPRESENTATION_CONTEXT('2D SPACE',''
  ) );
#1061 = PCURVE('',#1062,#1067);
#1062 = PLANE('',#1063);
#1063 = AXIS2_PLACEMENT_3D('',#1064,#1065,#1066);
#1064 = CARTESIAN_POINT('',(-0.598734617167,80.591297114514,
    -54.21745720147));
#1065 = DIRECTION('',(0.999577529831,2.90647872411E-02,0.));
#1066 = DIRECTION('',(-2.90647872411E-02,0.999577529831,0.));
#1067 = DEFINITIONAL_REPRESENTATION('',(#1068),#1071);
#1068 = B_SPLINE_CURVE_WITH_KNOTS('',1,(#1069,#1070),.UNSPECIFIED.,.F.,
  .F.,(2,2),(0.,1.),.PIECEWISE_BEZIER_KNOTS.);
#1069 = CARTESIAN_POINT('',(-13.4,-2.));
#1070 = CARTESIAN_POINT('',(13.4,-2.));
#1071 = ( GEOMETRIC_REPRESENTATION_CONTEXT(2) 
PARAMETRIC_REPRESENTATION_CONTEXT() REPRESENTATION_CONTEXT('2D SPACE',''
  ) );
#1072 = ORIENTED_EDGE('',*,*,#1073,.T.);
#1073 = EDGE_CURVE('',#1046,#748,#1074,.T.);
#1074 = SURFACE_CURVE('',#1075,(#1103,#1110),.PCURVE_S1.);
#1075 = B_SPLINE_CURVE_WITH_KNOTS('',8,(#1076,#1077,#1078,#1079,#1080,
    #1081,#1082,#1083,#1084,#1085,#1086,#1087,#1088,#1089,#1090,#1091,
    #1092,#1093,#1094,#1095,#1096,#1097,#1098,#1099,#1100,#1101,#1102),
  .UNSPECIFIED.,.F.,.F.,(9,6,6,6,9),(-54.21745720147,-29.0348547477,
    -3.852252293942,21.330350159824,46.512952613591),.UNSPECIFIED.);
#1076 = CARTESIAN_POINT('',(-0.209266468136,67.196958214782,
    -56.21745720147));
#1077 = CARTESIAN_POINT('',(-3.501866548246,67.101537920537,
    -53.06963189475));
#1078 = CARTESIAN_POINT('',(-6.734062140567,65.282388477059,
    -49.92180658804));
#1079 = CARTESIAN_POINT('',(-8.860570501007,61.800482907444,
    -46.77398128129));
#1080 = CARTESIAN_POINT('',(-8.869252041107,57.43104773864,
    -43.62615597461));
#1081 = CARTESIAN_POINT('',(-6.521632343772,53.79396940527,
    -40.47833066786));
#1082 = CARTESIAN_POINT('',(-2.929322224719,52.001189477073,
    -37.33050536114));
#1083 = CARTESIAN_POINT('',(4.339753089531,52.280071605286,
    -31.03485474771));
#1084 = CARTESIAN_POINT('',(8.336368282739,58.318629921389,
    -24.73920413426));
#1085 = CARTESIAN_POINT('',(8.666393936557,62.273664609813,
    -21.59137882756));
#1086 = CARTESIAN_POINT('',(6.822943442154,66.081079820331,
    -18.4435535208));
#1087 = CARTESIAN_POINT('',(3.264609793959,68.306041824956,
    -15.29572821412));
#1088 = CARTESIAN_POINT('',(-0.639440155853,68.441423641409,
    -12.14790290737));
#1089 = CARTESIAN_POINT('',(-7.013876788429,65.302651676585,
    -5.852252293949));
#1090 = CARTESIAN_POINT('',(-8.288678286147,58.345078099807,
    0.443398319505));
#1091 = CARTESIAN_POINT('',(-7.105985347939,54.667991923624,
    3.591223626209));
#1092 = CARTESIAN_POINT('',(-4.066354159558,51.91289947133,
    6.739048932954));
#1093 = CARTESIAN_POINT('',(-6.766112221948E-02,51.148769332275,
    9.886874239654));
#1094 = CARTESIAN_POINT('',(3.537734647734,52.363573616887,
    13.034699546386));
#1095 = CARTESIAN_POINT('',(8.332477035635,57.386279895671,
    19.330350159821));
#1096 = CARTESIAN_POINT('',(7.268739736763,64.21714508198,25.62600077327
    ));
#1097 = CARTESIAN_POINT('',(5.026682373747,67.238733777976,
    28.773826079973));
#1098 = CARTESIAN_POINT('',(1.391158871532,68.862008714177,
    31.921651386729));
#1099 = CARTESIAN_POINT('',(-2.537900827379,68.408541602913,
    35.069476693411));
#1100 = CARTESIAN_POINT('',(-5.55694542681,66.257992385055,
    38.217302000158));
#1101 = CARTESIAN_POINT('',(-7.115562439435,63.241525878474,
    41.365127306868));
#1102 = CARTESIAN_POINT('',(-7.197394491736,60.193681517773,
    44.512952613591));
#1103 = PCURVE('',#219,#1104);
#1104 = DEFINITIONAL_REPRESENTATION('',(#1105),#1109);
#1105 = LINE('',#1106,#1107);
#1106 = CARTESIAN_POINT('',(0.,0.));
#1107 = VECTOR('',#1108,1.);
#1108 = DIRECTION('',(1.,0.));
#1109 = ( GEOMETRIC_REPRESENTATION_CONTEXT(2) 
PARAMETRIC_REPRESENTATION_CONTEXT() REPRESENTATION_CONTEXT('2D SPACE',''
  ) );
#1110 = PCURVE('',#785,#1111);
#1111 = DEFINITIONAL_REPRESENTATION('',(#1112),#1116);
#1112 = LINE('',#1113,#1114);
#1113 = CARTESIAN_POINT('',(0.,1.));
#1114 = VECTOR('',#1115,1.);
#1115 = DIRECTION('',(1.,0.));
#1116 = ( GEOMETRIC_REPRESENTATION_CONTEXT(2) 
PARAMETRIC_REPRESENTATION_CONTEXT() REPRESENTATION_CONTEXT('2D SPACE',''
  ) );
#1117 = ORIENTED_EDGE('',*,*,#858,.T.);
#1118 = ORIENTED_EDGE('',*,*,#927,.F.);
#1119 = ORIENTED_EDGE('',*,*,#85,.F.);
#1120 = ORIENTED_EDGE('',*,*,#1121,.F.);
#1121 = EDGE_CURVE('',#1122,#86,#1124,.T.);
#1122 = VERTEX_POINT('',#1123);
#1123 = CARTESIAN_POINT('',(-7.927687350825,61.07320700127,
    43.712952613591));
#1124 = SURFACE_CURVE('',#1125,(#1152,#1182),.PCURVE_S1.);
#1125 = B_SPLINE_CURVE_WITH_KNOTS('',7,(#1126,#1127,#1128,#1129,#1130,
    #1131,#1132,#1133,#1134,#1135,#1136,#1137,#1138,#1139,#1140,#1141,
    #1142,#1143,#1144,#1145,#1146,#1147,#1148,#1149,#1150,#1151),
  .UNSPECIFIED.,.F.,.F.,(8,6,6,6,8),(0.,0.252105088707,0.502874397454,
    0.74829739198,1.),.UNSPECIFIED.);
#1126 = CARTESIAN_POINT('',(-7.927687437501,61.073206360998,
    43.712953213591));
#1127 = CARTESIAN_POINT('',(-7.812152526762,61.926653278331,
    42.913186512996));
#1128 = CARTESIAN_POINT('',(-7.589348166977,62.766180358508,
    42.113425099958));
#1129 = CARTESIAN_POINT('',(-7.261231519697,63.575303725379,
    41.313936645702));
#1130 = CARTESIAN_POINT('',(-6.833001321817,64.338221453348,
    40.514659519994));
#1131 = CARTESIAN_POINT('',(-6.312586300024,65.040410264616,
    39.715481352269));
#1132 = CARTESIAN_POINT('',(-5.710492339855,65.668899439502,
    38.916342176035));
#1133 = CARTESIAN_POINT('',(-4.3723443587,66.754321763456,
    37.322906964432));
#1134 = CARTESIAN_POINT('',(-3.636765779251,67.212349837124,
    36.528308669659));
#1135 = CARTESIAN_POINT('',(-2.845534073673,67.576548207641,
    35.733982334866));
#1136 = CARTESIAN_POINT('',(-2.013143827133,67.83901764643,
    34.939873035791));
#1137 = CARTESIAN_POINT('',(-1.155221906189,67.99462374791,
    34.145860941403));
#1138 = CARTESIAN_POINT('',(-0.288187576836,68.041118491173,
    33.351886929609));
#1139 = CARTESIAN_POINT('',(1.412614952218,67.91933264992,
    31.781461710941));
#1140 = CARTESIAN_POINT('',(2.246999363991,67.755588329134,
    31.004719983882));
#1141 = CARTESIAN_POINT('',(3.058978895443,67.489202357554,
    30.228233123658));
#1142 = CARTESIAN_POINT('',(3.833446944626,67.124038175977,
    29.451953691094));
#1143 = CARTESIAN_POINT('',(4.556262531754,66.666550820737,
    28.675773703959));
#1144 = CARTESIAN_POINT('',(5.214555807466,66.125672614056,
    27.899637757047));
#1145 = CARTESIAN_POINT('',(6.395196088558,64.884056234333,
    26.328080051353));
#1146 = CARTESIAN_POINT('',(6.913860330067,64.179343597202,
    25.532371431961));
#1147 = CARTESIAN_POINT('',(7.341516005219,63.410676738848,
    24.736942929362));
#1148 = CARTESIAN_POINT('',(7.668919590349,62.59231445134,
    23.941736503227));
#1149 = CARTESIAN_POINT('',(7.88959960943,61.739885049804,
    23.146632301187));
#1150 = CARTESIAN_POINT('',(8.,60.870076154295,22.351565609977));
#1151 = CARTESIAN_POINT('',(8.,60.,21.556808067818));
#1152 = PCURVE('',#219,#1153);
#1153 = DEFINITIONAL_REPRESENTATION('',(#1154),#1181);
#1154 = B_SPLINE_CURVE_WITH_KNOTS('',7,(#1155,#1156,#1157,#1158,#1159,
    #1160,#1161,#1162,#1163,#1164,#1165,#1166,#1167,#1168,#1169,#1170,
    #1171,#1172,#1173,#1174,#1175,#1176,#1177,#1178,#1179,#1180),
  .UNSPECIFIED.,.F.,.F.,(8,6,6,6,8),(0.,0.252105088707,0.502874397454,
    0.74829739198,1.),.UNSPECIFIED.);
#1155 = CARTESIAN_POINT('',(45.712953213591,2.985015889964E-02));
#1156 = CARTESIAN_POINT('',(44.913186512996,2.985034482451E-02));
#1157 = CARTESIAN_POINT('',(44.113425099958,2.985159348433E-02));
#1158 = CARTESIAN_POINT('',(43.313936645701,2.985137203467E-02));
#1159 = CARTESIAN_POINT('',(42.514659519995,2.98509303405E-02));
#1160 = CARTESIAN_POINT('',(41.715481352268,2.98506441422E-02));
#1161 = CARTESIAN_POINT('',(40.916342176035,2.985053624811E-02));
#1162 = CARTESIAN_POINT('',(39.322906964432,2.985054545627E-02));
#1163 = CARTESIAN_POINT('',(38.528308669659,2.985065967219E-02));
#1164 = CARTESIAN_POINT('',(37.733982334865,2.985082152812E-02));
#1165 = CARTESIAN_POINT('',(36.939873035792,2.985083482812E-02));
#1166 = CARTESIAN_POINT('',(36.145860941402,2.985078167574E-02));
#1167 = CARTESIAN_POINT('',(35.351886929609,2.985074903012E-02));
#1168 = CARTESIAN_POINT('',(33.781461710941,2.985075357755E-02));
#1169 = CARTESIAN_POINT('',(33.004719983882,2.985078988601E-02));
#1170 = CARTESIAN_POINT('',(32.228233123658,2.985087570647E-02));
#1171 = CARTESIAN_POINT('',(31.451953691094,2.985097856165E-02));
#1172 = CARTESIAN_POINT('',(30.675773703959,2.985094346352E-02));
#1173 = CARTESIAN_POINT('',(29.899637757048,2.985080831174E-02));
#1174 = CARTESIAN_POINT('',(28.328080051353,2.98505113115E-02));
#1175 = CARTESIAN_POINT('',(27.532371431961,2.985037206482E-02));
#1176 = CARTESIAN_POINT('',(26.736942929362,2.985021394436E-02));
#1177 = CARTESIAN_POINT('',(25.941736503227,2.985044374899E-02));
#1178 = CARTESIAN_POINT('',(25.146632301187,2.985114821221E-02));
#1179 = CARTESIAN_POINT('',(24.351565609977,2.985140023579E-02));
#1180 = CARTESIAN_POINT('',(23.556808067818,2.985120466896E-02));
#1181 = ( GEOMETRIC_REPRESENTATION_CONTEXT(2) 
PARAMETRIC_REPRESENTATION_CONTEXT() REPRESENTATION_CONTEXT('2D SPACE',''
  ) );
#1182 = PCURVE('',#404,#1183);
#1183 = DEFINITIONAL_REPRESENTATION('',(#1184),#1211);
#1184 = B_SPLINE_CURVE_WITH_KNOTS('',7,(#1185,#1186,#1187,#1188,#1189,
    #1190,#1191,#1192,#1193,#1194,#1195,#1196,#1197,#1198,#1199,#1200,
    #1201,#1202,#1203,#1204,#1205,#1206,#1207,#1208,#1209,#1210),
  .UNSPECIFIED.,.F.,.F.,(8,6,6,6,8),(0.,0.252105088707,0.502874397454,
    0.74829739198,1.),.UNSPECIFIED.);
#1185 = CARTESIAN_POINT('',(-3.007036191856,-95.13041041506));
#1186 = CARTESIAN_POINT('',(-2.899382235508,-94.33064371447));
#1187 = CARTESIAN_POINT('',(-2.791653751088,-93.53088230143));
#1188 = CARTESIAN_POINT('',(-2.683887563731,-92.73139384717));
#1189 = CARTESIAN_POINT('',(-2.576077858717,-91.93211672146));
#1190 = CARTESIAN_POINT('',(-2.468206896807,-91.13293855374));
#1191 = CARTESIAN_POINT('',(-2.360266277173,-90.33379937751));
#1192 = CARTESIAN_POINT('',(-2.144889367692,-88.7403641659));
#1193 = CARTESIAN_POINT('',(-2.037413039218,-87.94576587113));
#1194 = CARTESIAN_POINT('',(-1.929898938984,-87.15143953634));
#1195 = CARTESIAN_POINT('',(-1.822340246473,-86.35733023726));
#1196 = CARTESIAN_POINT('',(-1.714721414762,-85.56331814287));
#1197 = CARTESIAN_POINT('',(-1.607034010767,-84.76934413108));
#1198 = CARTESIAN_POINT('',(-1.393889362333,-83.19891891241));
#1199 = CARTESIAN_POINT('',(-1.288395805279,-82.42217718535));
#1200 = CARTESIAN_POINT('',(-1.182865515524,-81.64569032513));
#1201 = CARTESIAN_POINT('',(-1.077291551695,-80.86941089257));
#1202 = CARTESIAN_POINT('',(-0.971659141582,-80.09323090543));
#1203 = CARTESIAN_POINT('',(-0.865961100077,-79.31709495852));
#1204 = CARTESIAN_POINT('',(-0.651794010383,-77.74553725282));
#1205 = CARTESIAN_POINT('',(-0.543282170575,-76.94982863343));
#1206 = CARTESIAN_POINT('',(-0.434733566268,-76.15440013083));
#1207 = CARTESIAN_POINT('',(-0.326140621304,-75.3591937047));
#1208 = CARTESIAN_POINT('',(-0.217485616352,-74.56408950266));
#1209 = CARTESIAN_POINT('',(-0.108759519287,-73.76902281145));
#1210 = CARTESIAN_POINT('',(0.,-72.97426526929));
#1211 = ( GEOMETRIC_REPRESENTATION_CONTEXT(2) 
PARAMETRIC_REPRESENTATION_CONTEXT() REPRESENTATION_CONTEXT('2D SPACE',''
  ) );
#1212 = ORIENTED_EDGE('',*,*,#1213,.F.);
#1213 = EDGE_CURVE('',#1214,#1122,#1216,.T.);
#1214 = VERTEX_POINT('',#1215);
#1215 = CARTESIAN_POINT('',(-7.134934479978,60.965888065435,
    43.712952613591));
#1216 = SURFACE_CURVE('',#1217,(#1220,#1226),.PCURVE_S1.);
#1217 = B_SPLINE_CURVE_WITH_KNOTS('',1,(#1218,#1219),.UNSPECIFIED.,.F.,
  .F.,(2,2),(0.,1.),.PIECEWISE_BEZIER_KNOTS.);
#1218 = CARTESIAN_POINT('',(-7.134934479978,60.965888065435,
    43.712952613591));
#1219 = CARTESIAN_POINT('',(-8.,61.082996327607,43.712952613591));
#1220 = PCURVE('',#219,#1221);
#1221 = DEFINITIONAL_REPRESENTATION('',(#1222),#1225);
#1222 = B_SPLINE_CURVE_WITH_KNOTS('',1,(#1223,#1224),.UNSPECIFIED.,.F.,
  .F.,(2,2),(0.,1.),.PIECEWISE_BEZIER_KNOTS.);
#1223 = CARTESIAN_POINT('',(45.712952613591,0.));
#1224 = CARTESIAN_POINT('',(45.712952613591,3.257300474523E-02));
#1225 = ( GEOMETRIC_REPRESENTATION_CONTEXT(2) 
PARAMETRIC_REPRESENTATION_CONTEXT() REPRESENTATION_CONTEXT('2D SPACE',''
  ) );
#1226 = PCURVE('',#1227,#1232);
#1227 = PLANE('',#1228);
#1228 = AXIS2_PLACEMENT_3D('',#1229,#1230,#1231);
#1229 = CARTESIAN_POINT('',(-6.837200662697E-16,60.,43.712952613591));
#1230 = DIRECTION('',(0.,0.,1.));
#1231 = DIRECTION('',(1.,0.,-0.));
#1232 = DEFINITIONAL_REPRESENTATION('',(#1233),#1236);
#1233 = B_SPLINE_CURVE_WITH_KNOTS('',1,(#1234,#1235),.UNSPECIFIED.,.F.,
  .F.,(2,2),(0.,1.),.PIECEWISE_BEZIER_KNOTS.);
#1234 = CARTESIAN_POINT('',(-7.134934479978,0.965888065435));
#1235 = CARTESIAN_POINT('',(-8.,1.082996327607));
#1236 = ( GEOMETRIC_REPRESENTATION_CONTEXT(2) 
PARAMETRIC_REPRESENTATION_CONTEXT() REPRESENTATION_CONTEXT('2D SPACE',''
  ) );
#1237 = ORIENTED_EDGE('',*,*,#1238,.T.);
#1238 = EDGE_CURVE('',#1214,#1239,#1241,.T.);
#1239 = VERTEX_POINT('',#1240);
#1240 = CARTESIAN_POINT('',(-7.197394491736,60.193681517773,
    44.512952613591));
#1241 = SURFACE_CURVE('',#1242,(#1270,#1277),.PCURVE_S1.);
#1242 = B_SPLINE_CURVE_WITH_KNOTS('',8,(#1243,#1244,#1245,#1246,#1247,
    #1248,#1249,#1250,#1251,#1252,#1253,#1254,#1255,#1256,#1257,#1258,
    #1259,#1260,#1261,#1262,#1263,#1264,#1265,#1266,#1267,#1268,#1269),
  .UNSPECIFIED.,.F.,.F.,(9,6,6,6,9),(-54.21745720147,-29.0348547477,
    -3.852252293942,21.330350159824,46.512952613591),.UNSPECIFIED.);
#1243 = CARTESIAN_POINT('',(-0.209266468136,67.196958214782,
    -56.21745720147));
#1244 = CARTESIAN_POINT('',(-3.501866548246,67.101537920537,
    -53.06963189475));
#1245 = CARTESIAN_POINT('',(-6.734062140567,65.282388477059,
    -49.92180658804));
#1246 = CARTESIAN_POINT('',(-8.860570501007,61.800482907444,
    -46.77398128129));
#1247 = CARTESIAN_POINT('',(-8.869252041107,57.43104773864,
    -43.62615597461));
#1248 = CARTESIAN_POINT('',(-6.521632343772,53.79396940527,
    -40.47833066786));
#1249 = CARTESIAN_POINT('',(-2.929322224719,52.001189477073,
    -37.33050536114));
#1250 = CARTESIAN_POINT('',(4.339753089531,52.280071605286,
    -31.03485474771));
#1251 = CARTESIAN_POINT('',(8.336368282739,58.318629921389,
    -24.73920413426));
#1252 = CARTESIAN_POINT('',(8.666393936557,62.273664609813,
    -21.59137882756));
#1253 = CARTESIAN_POINT('',(6.822943442154,66.081079820331,
    -18.4435535208));
#1254 = CARTESIAN_POINT('',(3.264609793959,68.306041824956,
    -15.29572821412));
#1255 = CARTESIAN_POINT('',(-0.639440155853,68.441423641409,
    -12.14790290737));
#1256 = CARTESIAN_POINT('',(-7.013876788429,65.302651676585,
    -5.852252293949));
#1257 = CARTESIAN_POINT('',(-8.288678286147,58.345078099807,
    0.443398319505));
#1258 = CARTESIAN_POINT('',(-7.105985347939,54.667991923624,
    3.591223626209));
#1259 = CARTESIAN_POINT('',(-4.066354159558,51.91289947133,
    6.739048932954));
#1260 = CARTESIAN_POINT('',(-6.766112221948E-02,51.148769332275,
    9.886874239654));
#1261 = CARTESIAN_POINT('',(3.537734647734,52.363573616887,
    13.034699546386));
#1262 = CARTESIAN_POINT('',(8.332477035635,57.386279895671,
    19.330350159821));
#1263 = CARTESIAN_POINT('',(7.268739736763,64.21714508198,25.62600077327
    ));
#1264 = CARTESIAN_POINT('',(5.026682373747,67.238733777976,
    28.773826079973));
#1265 = CARTESIAN_POINT('',(1.391158871532,68.862008714177,
    31.921651386729));
#1266 = CARTESIAN_POINT('',(-2.537900827379,68.408541602913,
    35.069476693411));
#1267 = CARTESIAN_POINT('',(-5.55694542681,66.257992385055,
    38.217302000158));
#1268 = CARTESIAN_POINT('',(-7.115562439435,63.241525878474,
    41.365127306868));
#1269 = CARTESIAN_POINT('',(-7.197394491736,60.193681517773,
    44.512952613591));
#1270 = PCURVE('',#219,#1271);
#1271 = DEFINITIONAL_REPRESENTATION('',(#1272),#1276);
#1272 = LINE('',#1273,#1274);
#1273 = CARTESIAN_POINT('',(0.,0.));
#1274 = VECTOR('',#1275,1.);
#1275 = DIRECTION('',(1.,0.));
#1276 = ( GEOMETRIC_REPRESENTATION_CONTEXT(2) 
PARAMETRIC_REPRESENTATION_CONTEXT() REPRESENTATION_CONTEXT('2D SPACE',''
  ) );
#1277 = PCURVE('',#1278,#1333);
#1278 = B_SPLINE_SURFACE_WITH_KNOTS('',8,1,(
    (#1279,#1280)
    ,(#1281,#1282)
    ,(#1283,#1284)
    ,(#1285,#1286)
    ,(#1287,#1288)
    ,(#1289,#1290)
    ,(#1291,#1292)
    ,(#1293,#1294)
    ,(#1295,#1296)
    ,(#1297,#1298)
    ,(#1299,#1300)
    ,(#1301,#1302)
    ,(#1303,#1304)
    ,(#1305,#1306)
    ,(#1307,#1308)
    ,(#1309,#1310)
    ,(#1311,#1312)
    ,(#1313,#1314)
    ,(#1315,#1316)
    ,(#1317,#1318)
    ,(#1319,#1320)
    ,(#1321,#1322)
    ,(#1323,#1324)
    ,(#1325,#1326)
    ,(#1327,#1328)
    ,(#1329,#1330)
    ,(#1331,#1332
    )),.UNSPECIFIED.,.F.,.F.,.F.,(9,6,6,6,9),(2,2),(-54.21745720147,
    -29.0348547477,-3.852252293942,21.330350159824,46.512952613591),(0.,
    1.),.UNSPECIFIED.);
#1279 = CARTESIAN_POINT('',(-0.209266468136,67.196958214782,
    -52.21745720147));
#1280 = CARTESIAN_POINT('',(-0.209266468136,67.196958214782,
    -56.21745720147));
#1281 = CARTESIAN_POINT('',(-3.501866548246,67.101537920537,
    -49.06963189474));
#1282 = CARTESIAN_POINT('',(-3.501866548246,67.101537920537,
    -53.06963189475));
#1283 = CARTESIAN_POINT('',(-6.734062140567,65.282388477059,
    -45.92180658806));
#1284 = CARTESIAN_POINT('',(-6.734062140567,65.282388477059,
    -49.92180658804));
#1285 = CARTESIAN_POINT('',(-8.860570501007,61.800482907444,
    -42.77398128125));
#1286 = CARTESIAN_POINT('',(-8.860570501007,61.800482907444,
    -46.77398128129));
#1287 = CARTESIAN_POINT('',(-8.869252041107,57.43104773864,
    -39.62615597465));
#1288 = CARTESIAN_POINT('',(-8.869252041107,57.43104773864,
    -43.62615597461));
#1289 = CARTESIAN_POINT('',(-6.521632343772,53.79396940527,
    -36.47833066782));
#1290 = CARTESIAN_POINT('',(-6.521632343772,53.79396940527,
    -40.47833066786));
#1291 = CARTESIAN_POINT('',(-2.929322224719,52.001189477073,
    -33.33050536116));
#1292 = CARTESIAN_POINT('',(-2.929322224719,52.001189477073,
    -37.33050536114));
#1293 = CARTESIAN_POINT('',(4.339753089531,52.280071605286,
    -27.03485474769));
#1294 = CARTESIAN_POINT('',(4.339753089531,52.280071605286,
    -31.03485474771));
#1295 = CARTESIAN_POINT('',(8.336368282739,58.318629921389,
    -20.73920413427));
#1296 = CARTESIAN_POINT('',(8.336368282739,58.318629921389,
    -24.73920413426));
#1297 = CARTESIAN_POINT('',(8.666393936557,62.273664609813,
    -17.59137882753));
#1298 = CARTESIAN_POINT('',(8.666393936557,62.273664609813,
    -21.59137882756));
#1299 = CARTESIAN_POINT('',(6.822943442154,66.081079820331,
    -14.44355352083));
#1300 = CARTESIAN_POINT('',(6.822943442154,66.081079820331,
    -18.4435535208));
#1301 = CARTESIAN_POINT('',(3.264609793959,68.306041824956,
    -11.2957282141));
#1302 = CARTESIAN_POINT('',(3.264609793959,68.306041824956,
    -15.29572821412));
#1303 = CARTESIAN_POINT('',(-0.639440155853,68.441423641409,
    -8.147902907381));
#1304 = CARTESIAN_POINT('',(-0.639440155853,68.441423641409,
    -12.14790290737));
#1305 = CARTESIAN_POINT('',(-7.013876788429,65.302651676585,
    -1.852252293945));
#1306 = CARTESIAN_POINT('',(-7.013876788429,65.302651676585,
    -5.852252293949));
#1307 = CARTESIAN_POINT('',(-8.288678286147,58.345078099807,
    4.443398319503));
#1308 = CARTESIAN_POINT('',(-8.288678286147,58.345078099807,
    0.443398319505));
#1309 = CARTESIAN_POINT('',(-7.105985347939,54.667991923624,
    7.591223626211));
#1310 = CARTESIAN_POINT('',(-7.105985347939,54.667991923624,
    3.591223626209));
#1311 = CARTESIAN_POINT('',(-4.066354159558,51.91289947133,
    10.739048932955));
#1312 = CARTESIAN_POINT('',(-4.066354159558,51.91289947133,
    6.739048932954));
#1313 = CARTESIAN_POINT('',(-6.766112221948E-02,51.148769332275,
    13.886874239651));
#1314 = CARTESIAN_POINT('',(-6.766112221948E-02,51.148769332275,
    9.886874239654));
#1315 = CARTESIAN_POINT('',(3.537734647734,52.363573616887,
    17.034699546388));
#1316 = CARTESIAN_POINT('',(3.537734647734,52.363573616887,
    13.034699546386));
#1317 = CARTESIAN_POINT('',(8.332477035635,57.386279895671,
    23.330350159818));
#1318 = CARTESIAN_POINT('',(8.332477035635,57.386279895671,
    19.330350159821));
#1319 = CARTESIAN_POINT('',(7.268739736763,64.21714508198,
    29.626000773272));
#1320 = CARTESIAN_POINT('',(7.268739736763,64.21714508198,25.62600077327
    ));
#1321 = CARTESIAN_POINT('',(5.026682373747,67.238733777976,
    32.773826079968));
#1322 = CARTESIAN_POINT('',(5.026682373747,67.238733777976,
    28.773826079973));
#1323 = CARTESIAN_POINT('',(1.391158871532,68.862008714177,
    35.921651386734));
#1324 = CARTESIAN_POINT('',(1.391158871532,68.862008714177,
    31.921651386729));
#1325 = CARTESIAN_POINT('',(-2.537900827379,68.408541602913,
    39.069476693408));
#1326 = CARTESIAN_POINT('',(-2.537900827379,68.408541602913,
    35.069476693411));
#1327 = CARTESIAN_POINT('',(-5.55694542681,66.257992385055,
    42.217302000158));
#1328 = CARTESIAN_POINT('',(-5.55694542681,66.257992385055,
    38.217302000158));
#1329 = CARTESIAN_POINT('',(-7.115562439435,63.241525878474,
    45.365127306868));
#1330 = CARTESIAN_POINT('',(-7.115562439435,63.241525878474,
    41.365127306868));
#1331 = CARTESIAN_POINT('',(-7.197394491736,60.193681517773,
    48.512952613591));
#1332 = CARTESIAN_POINT('',(-7.197394491736,60.193681517773,
    44.512952613591));
#1333 = DEFINITIONAL_REPRESENTATION('',(#1334),#1338);
#1334 = LINE('',#1335,#1336);
#1335 = CARTESIAN_POINT('',(0.,1.));
#1336 = VECTOR('',#1337,1.);
#1337 = DIRECTION('',(1.,0.));
#1338 = ( GEOMETRIC_REPRESENTATION_CONTEXT(2) 
PARAMETRIC_REPRESENTATION_CONTEXT() REPRESENTATION_CONTEXT('2D SPACE',''
  ) );
#1339 = ORIENTED_EDGE('',*,*,#1340,.T.);
#1340 = EDGE_CURVE('',#1239,#1341,#1343,.T.);
#1341 = VERTEX_POINT('',#1342);
#1342 = CARTESIAN_POINT('',(-33.98769621097,60.91460716726,
    44.512952613591));
#1343 = SURFACE_CURVE('',#1344,(#1347,#1354),.PCURVE_S1.);
#1344 = B_SPLINE_CURVE_WITH_KNOTS('',1,(#1345,#1346),.UNSPECIFIED.,.F.,
  .F.,(2,2),(0.,1.),.PIECEWISE_BEZIER_KNOTS.);
#1345 = CARTESIAN_POINT('',(-7.197394491736,60.193681517773,
    44.512952613591));
#1346 = CARTESIAN_POINT('',(-33.98769621097,60.91460716726,
    44.512952613591));
#1347 = PCURVE('',#219,#1348);
#1348 = DEFINITIONAL_REPRESENTATION('',(#1349),#1353);
#1349 = LINE('',#1350,#1351);
#1350 = CARTESIAN_POINT('',(46.512952613591,0.));
#1351 = VECTOR('',#1352,1.);
#1352 = DIRECTION('',(0.,1.));
#1353 = ( GEOMETRIC_REPRESENTATION_CONTEXT(2) 
PARAMETRIC_REPRESENTATION_CONTEXT() REPRESENTATION_CONTEXT('2D SPACE',''
  ) );
#1354 = PCURVE('',#1355,#1360);
#1355 = PLANE('',#1356);
#1356 = AXIS2_PLACEMENT_3D('',#1357,#1358,#1359);
#1357 = CARTESIAN_POINT('',(-20.59254535135,60.554144342517,
    46.512952613591));
#1358 = DIRECTION('',(2.690021080178E-02,0.999638123852,0.));
#1359 = DIRECTION('',(0.999638123852,-2.690021080178E-02,0.));
#1360 = DEFINITIONAL_REPRESENTATION('',(#1361),#1364);
#1361 = B_SPLINE_CURVE_WITH_KNOTS('',1,(#1362,#1363),.UNSPECIFIED.,.F.,
  .F.,(2,2),(0.,1.),.PIECEWISE_BEZIER_KNOTS.);
#1362 = CARTESIAN_POINT('',(13.4,2.));
#1363 = CARTESIAN_POINT('',(-13.4,2.));
#1364 = ( GEOMETRIC_REPRESENTATION_CONTEXT(2) 
PARAMETRIC_REPRESENTATION_CONTEXT() REPRESENTATION_CONTEXT('2D SPACE',''
  ) );
#1365 = ORIENTED_EDGE('',*,*,#1366,.F.);
#1366 = EDGE_CURVE('',#1048,#1341,#1367,.T.);
#1367 = SURFACE_CURVE('',#1368,(#1402,#1409),.PCURVE_S1.);
#1368 = B_SPLINE_CURVE_WITH_KNOTS('',8,(#1369,#1370,#1371,#1372,#1373,
    #1374,#1375,#1376,#1377,#1378,#1379,#1380,#1381,#1382,#1383,#1384,
    #1385,#1386,#1387,#1388,#1389,#1390,#1391,#1392,#1393,#1394,#1395,
    #1396,#1397,#1398,#1399,#1400,#1401),.UNSPECIFIED.,.F.,.F.,(9,6,6,6,
    6,9),(-54.21745720147,-34.07137523846,-13.92529327544,6.220788687565
    ,26.366870650578,46.512952613591),.UNSPECIFIED.);
#1369 = CARTESIAN_POINT('',(-0.988202766197,93.985636014247,
    -56.21745720147));
#1370 = CARTESIAN_POINT('',(-13.42649252464,93.624188222621,
    -53.69919695608));
#1371 = CARTESIAN_POINT('',(-25.6847947724,88.059235063395,
    -51.18093671078));
#1372 = CARTESIAN_POINT('',(-35.22623258024,77.415465024195,
    -48.66267646522));
#1373 = CARTESIAN_POINT('',(-39.60581826736,63.265815211722,
    -46.14441622009));
#1374 = CARTESIAN_POINT('',(-37.54865434143,48.667860699196,
    -43.62615597451));
#1375 = CARTESIAN_POINT('',(-29.97057383414,36.727219460551,
    -41.10789572923));
#1376 = CARTESIAN_POINT('',(-8.031526472019,21.792835401002,
    -36.07137523844));
#1377 = CARTESIAN_POINT('',(17.961707435082,26.615737146889,
    -31.03485474772));
#1378 = CARTESIAN_POINT('',(29.594011341548,34.42212668481,
    -28.51659450231));
#1379 = CARTESIAN_POINT('',(37.246408009432,46.728536770721,
    -25.99833425697));
#1380 = CARTESIAN_POINT('',(39.031667486717,61.046151811398,
    -23.48007401157));
#1381 = CARTESIAN_POINT('',(35.006896592597,74.311700402706,
    -20.9618137662));
#1382 = CARTESIAN_POINT('',(18.292487217669,94.315316762107,
    -15.92529327545));
#1383 = CARTESIAN_POINT('',(-7.53324969503,97.02647700393,
    -10.88877278469));
#1384 = CARTESIAN_POINT('',(-20.66657462687,93.00886275464,
    -8.370512539325));
#1385 = CARTESIAN_POINT('',(-31.39462424891,83.724742390374,
    -5.852252293932));
#1386 = CARTESIAN_POINT('',(-37.3196225047,70.899507968133,
    -3.333992048573));
#1387 = CARTESIAN_POINT('',(-37.60313160375,57.307763014228,
    -0.815731803185));
#1388 = CARTESIAN_POINT('',(-28.22946572927,33.472458865778,
    4.22078868756));
#1389 = CARTESIAN_POINT('',(-5.108376258104,22.68151700972,
    9.257309178322));
#1390 = CARTESIAN_POINT('',(8.350639706798,22.127314235975,
    11.775569423679));
#1391 = CARTESIAN_POINT('',(21.313895705509,27.134951487686,
    14.293829669097));
#1392 = CARTESIAN_POINT('',(31.094688560562,36.927096406654,
    16.812089914424));
#1393 = CARTESIAN_POINT('',(36.034460915722,49.315989371224,
    19.330350159835));
#1394 = CARTESIAN_POINT('',(35.77338139327,74.487670543542,
    24.366870650564));
#1395 = CARTESIAN_POINT('',(18.507265142054,92.676386124098,
    29.403391141345));
#1396 = CARTESIAN_POINT('',(6.44762542039,98.085989942249,
    31.921651386662));
#1397 = CARTESIAN_POINT('',(-7.168120355382,98.336846628121,
    34.439911632154));
#1398 = CARTESIAN_POINT('',(-19.70558574403,93.155148141252,
    36.958171877402));
#1399 = CARTESIAN_POINT('',(-28.90869542552,83.847700289539,
    39.476432122866));
#1400 = CARTESIAN_POINT('',(-33.67796751504,72.428735065554,
    41.994692368208));
#1401 = CARTESIAN_POINT('',(-33.98769621097,60.91460716726,
    44.512952613591));
#1402 = PCURVE('',#219,#1403);
#1403 = DEFINITIONAL_REPRESENTATION('',(#1404),#1408);
#1404 = LINE('',#1405,#1406);
#1405 = CARTESIAN_POINT('',(0.,1.));
#1406 = VECTOR('',#1407,1.);
#1407 = DIRECTION('',(1.,0.));
#1408 = ( GEOMETRIC_REPRESENTATION_CONTEXT(2) 
PARAMETRIC_REPRESENTATION_CONTEXT() REPRESENTATION_CONTEXT('2D SPACE',''
  ) );
#1409 = PCURVE('',#1410,#1477);
#1410 = B_SPLINE_SURFACE_WITH_KNOTS('',8,1,(
    (#1411,#1412)
    ,(#1413,#1414)
    ,(#1415,#1416)
    ,(#1417,#1418)
    ,(#1419,#1420)
    ,(#1421,#1422)
    ,(#1423,#1424)
    ,(#1425,#1426)
    ,(#1427,#1428)
    ,(#1429,#1430)
    ,(#1431,#1432)
    ,(#1433,#1434)
    ,(#1435,#1436)
    ,(#1437,#1438)
    ,(#1439,#1440)
    ,(#1441,#1442)
    ,(#1443,#1444)
    ,(#1445,#1446)
    ,(#1447,#1448)
    ,(#1449,#1450)
    ,(#1451,#1452)
    ,(#1453,#1454)
    ,(#1455,#1456)
    ,(#1457,#1458)
    ,(#1459,#1460)
    ,(#1461,#1462)
    ,(#1463,#1464)
    ,(#1465,#1466)
    ,(#1467,#1468)
    ,(#1469,#1470)
    ,(#1471,#1472)
    ,(#1473,#1474)
    ,(#1475,#1476
    )),.UNSPECIFIED.,.F.,.F.,.F.,(9,6,6,6,6,9),(2,2),(-54.21745720147,
    -34.07137523846,-13.92529327544,6.220788687565,26.366870650578,
    46.512952613591),(0.,1.),.UNSPECIFIED.);
#1411 = CARTESIAN_POINT('',(-0.988202766197,93.985636014247,
    -52.21745720147));
#1412 = CARTESIAN_POINT('',(-0.988202766197,93.985636014247,
    -56.21745720147));
#1413 = CARTESIAN_POINT('',(-13.42649252464,93.624188222621,
    -49.69919695608));
#1414 = CARTESIAN_POINT('',(-13.42649252464,93.624188222621,
    -53.69919695608));
#1415 = CARTESIAN_POINT('',(-25.6847947724,88.059235063395,
    -47.18093671075));
#1416 = CARTESIAN_POINT('',(-25.6847947724,88.059235063395,
    -51.18093671078));
#1417 = CARTESIAN_POINT('',(-35.22623258024,77.415465024195,
    -44.66267646528));
#1418 = CARTESIAN_POINT('',(-35.22623258024,77.415465024195,
    -48.66267646522));
#1419 = CARTESIAN_POINT('',(-39.60581826736,63.265815211722,
    -42.14441622002));
#1420 = CARTESIAN_POINT('',(-39.60581826736,63.265815211722,
    -46.14441622009));
#1421 = CARTESIAN_POINT('',(-37.54865434143,48.667860699196,
    -39.62615597456));
#1422 = CARTESIAN_POINT('',(-37.54865434143,48.667860699196,
    -43.62615597451));
#1423 = CARTESIAN_POINT('',(-29.97057383414,36.727219460551,
    -37.10789572922));
#1424 = CARTESIAN_POINT('',(-29.97057383414,36.727219460551,
    -41.10789572923));
#1425 = CARTESIAN_POINT('',(-8.031526472019,21.792835401002,
    -32.07137523845));
#1426 = CARTESIAN_POINT('',(-8.031526472019,21.792835401002,
    -36.07137523844));
#1427 = CARTESIAN_POINT('',(17.961707435082,26.615737146889,
    -27.03485474771));
#1428 = CARTESIAN_POINT('',(17.961707435082,26.615737146889,
    -31.03485474772));
#1429 = CARTESIAN_POINT('',(29.594011341548,34.42212668481,
    -24.51659450231));
#1430 = CARTESIAN_POINT('',(29.594011341548,34.42212668481,
    -28.51659450231));
#1431 = CARTESIAN_POINT('',(37.246408009432,46.728536770721,
    -21.99833425697));
#1432 = CARTESIAN_POINT('',(37.246408009432,46.728536770721,
    -25.99833425697));
#1433 = CARTESIAN_POINT('',(39.031667486717,61.046151811398,
    -19.48007401156));
#1434 = CARTESIAN_POINT('',(39.031667486717,61.046151811398,
    -23.48007401157));
#1435 = CARTESIAN_POINT('',(35.006896592597,74.311700402706,
    -16.9618137662));
#1436 = CARTESIAN_POINT('',(35.006896592597,74.311700402706,
    -20.9618137662));
#1437 = CARTESIAN_POINT('',(18.292487217669,94.315316762107,
    -11.92529327544));
#1438 = CARTESIAN_POINT('',(18.292487217669,94.315316762107,
    -15.92529327545));
#1439 = CARTESIAN_POINT('',(-7.53324969503,97.02647700393,
    -6.888772784697));
#1440 = CARTESIAN_POINT('',(-7.53324969503,97.02647700393,
    -10.88877278469));
#1441 = CARTESIAN_POINT('',(-20.66657462687,93.00886275464,
    -4.370512539318));
#1442 = CARTESIAN_POINT('',(-20.66657462687,93.00886275464,
    -8.370512539325));
#1443 = CARTESIAN_POINT('',(-31.39462424891,83.724742390374,
    -1.852252293938));
#1444 = CARTESIAN_POINT('',(-31.39462424891,83.724742390374,
    -5.852252293932));
#1445 = CARTESIAN_POINT('',(-37.3196225047,70.899507968133,
    0.666007951428));
#1446 = CARTESIAN_POINT('',(-37.3196225047,70.899507968133,
    -3.333992048573));
#1447 = CARTESIAN_POINT('',(-37.60313160375,57.307763014228,
    3.184268196815));
#1448 = CARTESIAN_POINT('',(-37.60313160375,57.307763014228,
    -0.815731803185));
#1449 = CARTESIAN_POINT('',(-28.22946572927,33.472458865778,
    8.220788687559));
#1450 = CARTESIAN_POINT('',(-28.22946572927,33.472458865778,
    4.22078868756));
#1451 = CARTESIAN_POINT('',(-5.108376258104,22.68151700972,
    13.257309178324));
#1452 = CARTESIAN_POINT('',(-5.108376258104,22.68151700972,
    9.257309178322));
#1453 = CARTESIAN_POINT('',(8.350639706798,22.127314235975,
    15.775569423672));
#1454 = CARTESIAN_POINT('',(8.350639706798,22.127314235975,
    11.775569423679));
#1455 = CARTESIAN_POINT('',(21.313895705509,27.134951487686,
    18.293829669106));
#1456 = CARTESIAN_POINT('',(21.313895705509,27.134951487686,
    14.293829669097));
#1457 = CARTESIAN_POINT('',(31.094688560562,36.927096406654,
    20.812089914419));
#1458 = CARTESIAN_POINT('',(31.094688560562,36.927096406654,
    16.812089914424));
#1459 = CARTESIAN_POINT('',(36.034460915722,49.315989371224,
    23.330350159836));
#1460 = CARTESIAN_POINT('',(36.034460915722,49.315989371224,
    19.330350159835));
#1461 = CARTESIAN_POINT('',(35.77338139327,74.487670543542,
    28.366870650564));
#1462 = CARTESIAN_POINT('',(35.77338139327,74.487670543542,
    24.366870650564));
#1463 = CARTESIAN_POINT('',(18.507265142054,92.676386124098,
    33.403391141343));
#1464 = CARTESIAN_POINT('',(18.507265142054,92.676386124098,
    29.403391141345));
#1465 = CARTESIAN_POINT('',(6.44762542039,98.085989942249,
    35.921651386676));
#1466 = CARTESIAN_POINT('',(6.44762542039,98.085989942249,
    31.921651386662));
#1467 = CARTESIAN_POINT('',(-7.168120355382,98.336846628121,
    38.439911632122));
#1468 = CARTESIAN_POINT('',(-7.168120355382,98.336846628121,
    34.439911632154));
#1469 = CARTESIAN_POINT('',(-19.70558574403,93.155148141252,
    40.958171877435));
#1470 = CARTESIAN_POINT('',(-19.70558574403,93.155148141252,
    36.958171877402));
#1471 = CARTESIAN_POINT('',(-28.90869542552,83.847700289539,
    43.476432122847));
#1472 = CARTESIAN_POINT('',(-28.90869542552,83.847700289539,
    39.476432122866));
#1473 = CARTESIAN_POINT('',(-33.67796751504,72.428735065554,
    45.994692368213));
#1474 = CARTESIAN_POINT('',(-33.67796751504,72.428735065554,
    41.994692368208));
#1475 = CARTESIAN_POINT('',(-33.98769621097,60.91460716726,
    48.512952613591));
#1476 = CARTESIAN_POINT('',(-33.98769621097,60.91460716726,
    44.512952613591));
#1477 = DEFINITIONAL_REPRESENTATION('',(#1478),#1482);
#1478 = LINE('',#1479,#1480);
#1479 = CARTESIAN_POINT('',(0.,1.));
#1480 = VECTOR('',#1481,1.);
#1481 = DIRECTION('',(1.,0.));
#1482 = ( GEOMETRIC_REPRESENTATION_CONTEXT(2) 
PARAMETRIC_REPRESENTATION_CONTEXT() REPRESENTATION_CONTEXT('2D SPACE',''
  ) );
#1483 = ADVANCED_FACE('',(#1484),#404,.T.);
#1484 = FACE_BOUND('',#1485,.F.);
#1485 = EDGE_LOOP('',(#1486,#1686,#1687,#1688,#1712));
#1486 = ORIENTED_EDGE('',*,*,#1487,.T.);
#1487 = EDGE_CURVE('',#1488,#389,#1490,.T.);
#1488 = VERTEX_POINT('',#1489);
#1489 = CARTESIAN_POINT('',(8.,60.,25.556808067818));
#1490 = SURFACE_CURVE('',#1491,(#1554,#1620),.PCURVE_S1.);
#1491 = B_SPLINE_CURVE_WITH_KNOTS('',7,(#1492,#1493,#1494,#1495,#1496,
    #1497,#1498,#1499,#1500,#1501,#1502,#1503,#1504,#1505,#1506,#1507,
    #1508,#1509,#1510,#1511,#1512,#1513,#1514,#1515,#1516,#1517,#1518,
    #1519,#1520,#1521,#1522,#1523,#1524,#1525,#1526,#1527,#1528,#1529,
    #1530,#1531,#1532,#1533,#1534,#1535,#1536,#1537,#1538,#1539,#1540,
    #1541,#1542,#1543,#1544,#1545,#1546,#1547,#1548,#1549,#1550,#1551,
    #1552,#1553),.UNSPECIFIED.,.F.,.F.,(8,6,6,6,6,6,6,6,6,6,8),(0.,
    6.316370049512E-02,0.128651006734,0.255308545009,0.382427056348,
    0.506635987121,0.568912933969,0.629174934318,0.753375018346,
    0.875973764564,1.),.UNSPECIFIED.);
#1492 = CARTESIAN_POINT('',(8.,60.,25.556808067818));
#1493 = CARTESIAN_POINT('',(8.,59.551946782828,25.147540819339));
#1494 = CARTESIAN_POINT('',(7.970723863715,59.103773014103,
    24.738309811461));
#1495 = CARTESIAN_POINT('',(7.912142434499,58.65778441075,
    24.329125789449));
#1496 = CARTESIAN_POINT('',(7.82445809596,58.216283468613,
    23.919985816755));
#1497 = CARTESIAN_POINT('',(7.708093891953,57.781539568829,
    23.51088512504));
#1498 = CARTESIAN_POINT('',(7.563690368724,57.355769215089,
    23.101824310446));
#1499 = CARTESIAN_POINT('',(7.214217980454,56.511230105597,
    22.268753083919));
#1500 = CARTESIAN_POINT('',(7.0071070161,56.093281628434,21.844733430117
    ));
#1501 = CARTESIAN_POINT('',(6.771737138324,55.689681328512,
    21.420764544998));
#1502 = CARTESIAN_POINT('',(6.509308857145,55.302719504619,
    20.99684433098));
#1503 = CARTESIAN_POINT('',(6.22124956819,54.934554575203,
    20.572966184253));
#1504 = CARTESIAN_POINT('',(5.909199820479,54.587191257463,
    20.14912821643));
#1505 = CARTESIAN_POINT('',(4.928630361695,53.634400840205,
    18.905707928699));
#1506 = CARTESIAN_POINT('',(4.199232295016,53.09082830234,
    18.086049747452));
#1507 = CARTESIAN_POINT('',(3.400249220759,52.645248434302,
    17.266712365419));
#1508 = CARTESIAN_POINT('',(2.54765642745,52.308079383348,
    16.447628045694));
#1509 = CARTESIAN_POINT('',(1.659029196136,52.086527826714,
    15.628647134766));
#1510 = CARTESIAN_POINT('',(0.753163511795,51.984388686492,
    14.809687692279));
#1511 = CARTESIAN_POINT('',(-1.057876087065,52.01851279308,
    13.169503753888));
#1512 = CARTESIAN_POINT('',(-1.96346076947,52.155652945688,
    12.347896814002));
#1513 = CARTESIAN_POINT('',(-2.848009480116,52.412800255034,
    11.526615996595));
#1514 = CARTESIAN_POINT('',(-3.692493013727,52.78582083703,
    10.705584765311));
#1515 = CARTESIAN_POINT('',(-4.479103249169,53.267105767992,
    9.884655936234));
#1516 = CARTESIAN_POINT('',(-5.191626261673,53.845704579017,
    9.063747770658));
#1517 = CARTESIAN_POINT('',(-6.427062192964,55.153999399795,
    7.441458763529));
#1518 = CARTESIAN_POINT('',(-6.95422293072,55.880231740917,
    6.639691933889));
#1519 = CARTESIAN_POINT('',(-7.385187030055,56.673021760482,
    5.838233167904));
#1520 = CARTESIAN_POINT('',(-7.710120535006,57.51690381984,
    5.037013151243));
#1521 = CARTESIAN_POINT('',(-7.922270769607,58.394934140835,
    4.23589196517));
#1522 = CARTESIAN_POINT('',(-8.018116524615,59.289056670786,
    3.434798488534));
#1523 = CARTESIAN_POINT('',(-7.987848402834,60.627927169466,
    2.232563005388));
#1524 = CARTESIAN_POINT('',(-7.948576011169,61.074503020593,
    1.831113366152));
#1525 = CARTESIAN_POINT('',(-7.880164235163,61.51824557246,1.42971075269
    ));
#1526 = CARTESIAN_POINT('',(-7.782862665766,61.956873480963,
    1.028353770491));
#1527 = CARTESIAN_POINT('',(-7.657142254568,62.388138216567,
    0.627037028918));
#1528 = CARTESIAN_POINT('',(-7.503692053484,62.809844789586,
    0.225758742252));
#1529 = CARTESIAN_POINT('',(-7.148972618771,63.616633874346,
    -0.563720426166));
#1530 = CARTESIAN_POINT('',(-6.949407130489,64.002470272847,
    -0.951934929488));
#1531 = CARTESIAN_POINT('',(-6.725534489103,64.375462668395,
    -1.340104982421));
#1532 = CARTESIAN_POINT('',(-6.4783605653,64.733767606087,
    -1.728236577563));
#1533 = CARTESIAN_POINT('',(-6.209039950565,65.075668214179,
    -2.116325922421));
#1534 = CARTESIAN_POINT('',(-5.918903373205,65.399535696345,
    -2.504378994157));
#1535 = CARTESIAN_POINT('',(-4.97160211407,66.331149704745,
    -3.692072408057));
#1536 = CARTESIAN_POINT('',(-4.251468631189,66.875668980011,
    -4.491774557507));
#1537 = CARTESIAN_POINT('',(-3.462108788558,67.324138722238,
    -5.291164872828));
#1538 = CARTESIAN_POINT('',(-2.619086195698,67.666262537215,
    -6.090317557468));
#1539 = CARTESIAN_POINT('',(-1.73949660937,67.894866671962,
    -6.889364453091));
#1540 = CARTESIAN_POINT('',(-0.841663985121,68.006043699175,
    -7.688383338769));
#1541 = CARTESIAN_POINT('',(0.9413091227,67.993650194394,-9.27541751859)
  );
#1542 = CARTESIAN_POINT('',(1.826861610625,67.873084962077,
    -10.06379597981));
#1543 = CARTESIAN_POINT('',(2.694173746105,67.63793514863,
    -10.85186744821));
#1544 = CARTESIAN_POINT('',(3.525487426563,67.291740370936,
    -11.63970276428));
#1545 = CARTESIAN_POINT('',(4.304095224278,66.841231807597,
    -12.42743833553));
#1546 = CARTESIAN_POINT('',(5.014684479095,66.296199495786,
    -13.21514636897));
#1547 = CARTESIAN_POINT('',(6.281143007866,65.035366520329,
    -14.79905018963));
#1548 = CARTESIAN_POINT('',(6.835411066227,64.317356063559,
    -15.5956087755));
#1549 = CARTESIAN_POINT('',(7.293429169397,63.528516084112,
    -16.39184547368));
#1550 = CARTESIAN_POINT('',(7.644605499593,62.684513262961,
    -17.18782955455));
#1551 = CARTESIAN_POINT('',(7.88149723531,61.802634488974,
    -17.98370739341));
#1552 = CARTESIAN_POINT('',(8.,60.901438465003,-18.77956205041));
#1553 = CARTESIAN_POINT('',(8.,60.,-19.57506066193));
#1554 = PCURVE('',#404,#1555);
#1555 = DEFINITIONAL_REPRESENTATION('',(#1556),#1619);
#1556 = B_SPLINE_CURVE_WITH_KNOTS('',7,(#1557,#1558,#1559,#1560,#1561,
    #1562,#1563,#1564,#1565,#1566,#1567,#1568,#1569,#1570,#1571,#1572,
    #1573,#1574,#1575,#1576,#1577,#1578,#1579,#1580,#1581,#1582,#1583,
    #1584,#1585,#1586,#1587,#1588,#1589,#1590,#1591,#1592,#1593,#1594,
    #1595,#1596,#1597,#1598,#1599,#1600,#1601,#1602,#1603,#1604,#1605,
    #1606,#1607,#1608,#1609,#1610,#1611,#1612,#1613,#1614,#1615,#1616,
    #1617,#1618),.UNSPECIFIED.,.F.,.F.,(8,6,6,6,6,6,6,6,6,6,8),(0.,
    6.316370049512E-02,0.128651006734,0.255308545009,0.382427056348,
    0.506635987121,0.568912933969,0.629174934318,0.753375018346,
    0.875973764564,1.),.UNSPECIFIED.);
#1557 = CARTESIAN_POINT('',(-6.28318530718,-76.97426526929));
#1558 = CARTESIAN_POINT('',(-6.227178655033,-76.56499802081));
#1559 = CARTESIAN_POINT('',(-6.171156943839,-76.15576701293));
#1560 = CARTESIAN_POINT('',(-6.115121395046,-75.74658299092));
#1561 = CARTESIAN_POINT('',(-6.059072291346,-75.33744301823));
#1562 = CARTESIAN_POINT('',(-6.003008720133,-74.92834232651));
#1563 = CARTESIAN_POINT('',(-5.946929765221,-74.51928151192));
#1564 = CARTESIAN_POINT('',(-5.832681046846,-73.68621028539));
#1565 = CARTESIAN_POINT('',(-5.77450842833,-73.26219063159));
#1566 = CARTESIAN_POINT('',(-5.716321146803,-72.83822174647));
#1567 = CARTESIAN_POINT('',(-5.658119088211,-72.41430153245));
#1568 = CARTESIAN_POINT('',(-5.599901421017,-71.99042338572));
#1569 = CARTESIAN_POINT('',(-5.541667848312,-71.5665854179));
#1570 = CARTESIAN_POINT('',(-5.370763724847,-70.32316513017));
#1571 = CARTESIAN_POINT('',(-5.258023608518,-69.50350694892));
#1572 = CARTESIAN_POINT('',(-5.145245973392,-68.6841695669));
#1573 = CARTESIAN_POINT('',(-5.032419983946,-67.86508524716));
#1574 = CARTESIAN_POINT('',(-4.91952594015,-67.04610433624));
#1575 = CARTESIAN_POINT('',(-4.806553359558,-66.22714489375));
#1576 = CARTESIAN_POINT('',(-4.580133227278,-64.58696095536));
#1577 = CARTESIAN_POINT('',(-4.466632295102,-63.76535401547));
#1578 = CARTESIAN_POINT('',(-4.353094878099,-62.94407319806));
#1579 = CARTESIAN_POINT('',(-4.239510353885,-62.12304196678));
#1580 = CARTESIAN_POINT('',(-4.125856686821,-61.3021131377));
#1581 = CARTESIAN_POINT('',(-4.0121222782,-60.48120497213));
#1582 = CARTESIAN_POINT('',(-3.787193911881,-58.858915965));
#1583 = CARTESIAN_POINT('',(-3.675950210815,-58.05714913536));
#1584 = CARTESIAN_POINT('',(-3.56466967483,-57.25569036937));
#1585 = CARTESIAN_POINT('',(-3.453343580866,-56.45447035271));
#1586 = CARTESIAN_POINT('',(-3.341953093397,-55.65334916664));
#1587 = CARTESIAN_POINT('',(-3.230487126632,-54.85225569));
#1588 = CARTESIAN_POINT('',(-3.063085552405,-53.65002020686));
#1589 = CARTESIAN_POINT('',(-3.007166873683,-53.24857056762));
#1590 = CARTESIAN_POINT('',(-2.951234584167,-52.84716795416));
#1591 = CARTESIAN_POINT('',(-2.89528846446,-52.44581097196));
#1592 = CARTESIAN_POINT('',(-2.83932780392,-52.04449423039));
#1593 = CARTESIAN_POINT('',(-2.783352451776,-51.64321594372));
#1594 = CARTESIAN_POINT('',(-2.673186773658,-50.8537367753));
#1595 = CARTESIAN_POINT('',(-2.618995903149,-50.46552227198));
#1596 = CARTESIAN_POINT('',(-2.564792104608,-50.07735221905));
#1597 = CARTESIAN_POINT('',(-2.510576631736,-49.68922062391));
#1598 = CARTESIAN_POINT('',(-2.456346354564,-49.30113127905));
#1599 = CARTESIAN_POINT('',(-2.402102334931,-48.91307820731));
#1600 = CARTESIAN_POINT('',(-2.236022330857,-47.72538479341));
#1601 = CARTESIAN_POINT('',(-2.124116079286,-46.92568264396));
#1602 = CARTESIAN_POINT('',(-2.012174685062,-46.12629232865));
#1603 = CARTESIAN_POINT('',(-1.900188927032,-45.327139644));
#1604 = CARTESIAN_POINT('',(-1.788136726219,-44.52809274838));
#1605 = CARTESIAN_POINT('',(-1.676006978512,-43.7290738627));
#1606 = CARTESIAN_POINT('',(-1.45312995587,-42.14203968288));
#1607 = CARTESIAN_POINT('',(-1.342333820045,-41.35366122165));
#1608 = CARTESIAN_POINT('',(-1.23150141476,-40.56558975325));
#1609 = CARTESIAN_POINT('',(-1.120624522798,-39.77775443718));
#1610 = CARTESIAN_POINT('',(-1.009684029617,-38.99001886594));
#1611 = CARTESIAN_POINT('',(-0.898669435146,-38.2023108325));
#1612 = CARTESIAN_POINT('',(-0.675285761661,-36.61840701183));
#1613 = CARTESIAN_POINT('',(-0.562863671454,-35.82184842596));
#1614 = CARTESIAN_POINT('',(-0.450405660169,-35.02561172779));
#1615 = CARTESIAN_POINT('',(-0.337900976704,-34.22962764691));
#1616 = CARTESIAN_POINT('',(-0.225329298917,-33.43374980806));
#1617 = CARTESIAN_POINT('',(-0.112679808125,-32.63789515106));
#1618 = CARTESIAN_POINT('',(0.,-31.84239653953));
#1619 = ( GEOMETRIC_REPRESENTATION_CONTEXT(2) 
PARAMETRIC_REPRESENTATION_CONTEXT() REPRESENTATION_CONTEXT('2D SPACE',''
  ) );
#1620 = PCURVE('',#536,#1621);
#1621 = DEFINITIONAL_REPRESENTATION('',(#1622),#1685);
#1622 = B_SPLINE_CURVE_WITH_KNOTS('',7,(#1623,#1624,#1625,#1626,#1627,
    #1628,#1629,#1630,#1631,#1632,#1633,#1634,#1635,#1636,#1637,#1638,
    #1639,#1640,#1641,#1642,#1643,#1644,#1645,#1646,#1647,#1648,#1649,
    #1650,#1651,#1652,#1653,#1654,#1655,#1656,#1657,#1658,#1659,#1660,
    #1661,#1662,#1663,#1664,#1665,#1666,#1667,#1668,#1669,#1670,#1671,
    #1672,#1673,#1674,#1675,#1676,#1677,#1678,#1679,#1680,#1681,#1682,
    #1683,#1684),.UNSPECIFIED.,.F.,.F.,(8,6,6,6,6,6,6,6,6,6,8),(0.,
    6.316370049512E-02,0.128651006734,0.255308545009,0.382427056348,
    0.506635987121,0.568912933969,0.629174934318,0.753375018346,
    0.875973764564,1.),.UNSPECIFIED.);
#1623 = CARTESIAN_POINT('',(23.556808067818,2.985120466896E-02));
#1624 = CARTESIAN_POINT('',(23.147540819339,2.985110396013E-02));
#1625 = CARTESIAN_POINT('',(22.738309811461,2.985084185539E-02));
#1626 = CARTESIAN_POINT('',(22.329125789449,2.985061406967E-02));
#1627 = CARTESIAN_POINT('',(21.919985816755,2.985001512207E-02));
#1628 = CARTESIAN_POINT('',(21.51088512504,2.984950390027E-02));
#1629 = CARTESIAN_POINT('',(21.101824310447,2.984996218336E-02));
#1630 = CARTESIAN_POINT('',(20.268753083919,2.985074418647E-02));
#1631 = CARTESIAN_POINT('',(19.844733430117,2.985119910793E-02));
#1632 = CARTESIAN_POINT('',(19.420764544998,2.985145967746E-02));
#1633 = CARTESIAN_POINT('',(18.99684433098,2.985148817508E-02));
#1634 = CARTESIAN_POINT('',(18.572966184253,2.98513650243E-02));
#1635 = CARTESIAN_POINT('',(18.14912821643,2.985119344578E-02));
#1636 = CARTESIAN_POINT('',(16.905707928698,2.985063792311E-02));
#1637 = CARTESIAN_POINT('',(16.086049747451,2.985022576422E-02));
#1638 = CARTESIAN_POINT('',(15.266712365421,2.985018876718E-02));
#1639 = CARTESIAN_POINT('',(14.447628045692,2.985053931014E-02));
#1640 = CARTESIAN_POINT('',(13.628647134767,2.985073066612E-02));
#1641 = CARTESIAN_POINT('',(12.809687692279,2.985080874906E-02));
#1642 = CARTESIAN_POINT('',(11.169503753888,2.985080918158E-02));
#1643 = CARTESIAN_POINT('',(10.347896814002,2.985073585294E-02));
#1644 = CARTESIAN_POINT('',(9.526615996593,2.985063737768E-02));
#1645 = CARTESIAN_POINT('',(8.705584765313,2.985071709158E-02));
#1646 = CARTESIAN_POINT('',(7.884655936233,2.9850950268E-02));
#1647 = CARTESIAN_POINT('',(7.063747770658,2.985100770638E-02));
#1648 = CARTESIAN_POINT('',(5.441458763529,2.985099755766E-02));
#1649 = CARTESIAN_POINT('',(4.639691933889,2.985093464498E-02));
#1650 = CARTESIAN_POINT('',(3.838233167905,2.985060819069E-02));
#1651 = CARTESIAN_POINT('',(3.037013151243,2.985012336942E-02));
#1652 = CARTESIAN_POINT('',(2.23589196517,2.984995817031E-02));
#1653 = CARTESIAN_POINT('',(1.434798488534,2.985025322615E-02));
#1654 = CARTESIAN_POINT('',(0.232563005388,2.985090116019E-02));
#1655 = CARTESIAN_POINT('',(-0.168886633848,2.985114934875E-02));
#1656 = CARTESIAN_POINT('',(-0.57028924731,2.985140301448E-02));
#1657 = CARTESIAN_POINT('',(-0.971646229509,2.98515862408E-02));
#1658 = CARTESIAN_POINT('',(-1.372962971082,2.985161739156E-02));
#1659 = CARTESIAN_POINT('',(-1.774241257748,2.985145297421E-02));
#1660 = CARTESIAN_POINT('',(-2.563720426166,2.985082043287E-02));
#1661 = CARTESIAN_POINT('',(-2.951934929488,2.985028891643E-02));
#1662 = CARTESIAN_POINT('',(-3.340104982422,2.985014974312E-02));
#1663 = CARTESIAN_POINT('',(-3.728236577561,2.984862936283E-02));
#1664 = CARTESIAN_POINT('',(-4.116325922421,2.984979810621E-02));
#1665 = CARTESIAN_POINT('',(-4.504378994157,2.985020042497E-02));
#1666 = CARTESIAN_POINT('',(-5.692072408057,2.985160447763E-02));
#1667 = CARTESIAN_POINT('',(-6.491774557506,2.985223485616E-02));
#1668 = CARTESIAN_POINT('',(-7.291164872829,2.985120552277E-02));
#1669 = CARTESIAN_POINT('',(-8.090317557467,2.985046034908E-02));
#1670 = CARTESIAN_POINT('',(-8.889364453092,2.98501785749E-02));
#1671 = CARTESIAN_POINT('',(-9.688383338769,2.985022363664E-02));
#1672 = CARTESIAN_POINT('',(-11.27541751859,2.985054814703E-02));
#1673 = CARTESIAN_POINT('',(-12.06379597981,2.98507989767E-02));
#1674 = CARTESIAN_POINT('',(-12.85186744822,2.985113277668E-02));
#1675 = CARTESIAN_POINT('',(-13.63970276428,2.985070289539E-02));
#1676 = CARTESIAN_POINT('',(-14.42743833553,2.985079659026E-02));
#1677 = CARTESIAN_POINT('',(-15.21514636897,2.985072221863E-02));
#1678 = CARTESIAN_POINT('',(-16.79905018963,2.985078179389E-02));
#1679 = CARTESIAN_POINT('',(-17.5956087755,2.98508836466E-02));
#1680 = CARTESIAN_POINT('',(-18.39184547368,2.985107768581E-02));
#1681 = CARTESIAN_POINT('',(-19.18782955455,2.985126501517E-02));
#1682 = CARTESIAN_POINT('',(-19.98370739341,2.9851095398E-02));
#1683 = CARTESIAN_POINT('',(-20.77956205041,2.985075565296E-02));
#1684 = CARTESIAN_POINT('',(-21.57506066193,2.985046045007E-02));
#1685 = ( GEOMETRIC_REPRESENTATION_CONTEXT(2) 
PARAMETRIC_REPRESENTATION_CONTEXT() REPRESENTATION_CONTEXT('2D SPACE',''
  ) );
#1686 = ORIENTED_EDGE('',*,*,#388,.T.);
#1687 = ORIENTED_EDGE('',*,*,#1121,.F.);
#1688 = ORIENTED_EDGE('',*,*,#1689,.T.);
#1689 = EDGE_CURVE('',#1122,#1690,#1692,.T.);
#1690 = VERTEX_POINT('',#1691);
#1691 = CARTESIAN_POINT('',(8.,60.,43.712952613591));
#1692 = SURFACE_CURVE('',#1693,(#1698,#1705),.PCURVE_S1.);
#1693 = CIRCLE('',#1694,8.);
#1694 = AXIS2_PLACEMENT_3D('',#1695,#1696,#1697);
#1695 = CARTESIAN_POINT('',(0.,60.,43.712952613591));
#1696 = DIRECTION('',(0.,0.,1.));
#1697 = DIRECTION('',(1.,0.,0.));
#1698 = PCURVE('',#404,#1699);
#1699 = DEFINITIONAL_REPRESENTATION('',(#1700),#1704);
#1700 = LINE('',#1701,#1702);
#1701 = CARTESIAN_POINT('',(-0.,-95.13040981506));
#1702 = VECTOR('',#1703,1.);
#1703 = DIRECTION('',(-1.,0.));
#1704 = ( GEOMETRIC_REPRESENTATION_CONTEXT(2) 
PARAMETRIC_REPRESENTATION_CONTEXT() REPRESENTATION_CONTEXT('2D SPACE',''
  ) );
#1705 = PCURVE('',#1227,#1706);
#1706 = DEFINITIONAL_REPRESENTATION('',(#1707),#1711);
#1707 = CIRCLE('',#1708,8.);
#1708 = AXIS2_PLACEMENT_2D('',#1709,#1710);
#1709 = CARTESIAN_POINT('',(6.837200662697E-16,7.105427357601E-15));
#1710 = DIRECTION('',(1.,0.));
#1711 = ( GEOMETRIC_REPRESENTATION_CONTEXT(2) 
PARAMETRIC_REPRESENTATION_CONTEXT() REPRESENTATION_CONTEXT('2D SPACE',''
  ) );
#1712 = ORIENTED_EDGE('',*,*,#1713,.F.);
#1713 = EDGE_CURVE('',#1488,#1690,#1714,.T.);
#1714 = SURFACE_CURVE('',#1715,(#1719,#1726),.PCURVE_S1.);
#1715 = LINE('',#1716,#1717);
#1716 = CARTESIAN_POINT('',(8.,60.,-51.41745720147));
#1717 = VECTOR('',#1718,1.);
#1718 = DIRECTION('',(0.,0.,1.));
#1719 = PCURVE('',#404,#1720);
#1720 = DEFINITIONAL_REPRESENTATION('',(#1721),#1725);
#1721 = LINE('',#1722,#1723);
#1722 = CARTESIAN_POINT('',(-6.28318530718,0.));
#1723 = VECTOR('',#1724,1.);
#1724 = DIRECTION('',(-0.,-1.));
#1725 = ( GEOMETRIC_REPRESENTATION_CONTEXT(2) 
PARAMETRIC_REPRESENTATION_CONTEXT() REPRESENTATION_CONTEXT('2D SPACE',''
  ) );
#1726 = PCURVE('',#1727,#1732);
#1727 = CYLINDRICAL_SURFACE('',#1728,8.);
#1728 = AXIS2_PLACEMENT_3D('',#1729,#1730,#1731);
#1729 = CARTESIAN_POINT('',(0.,60.,-51.41745720147));
#1730 = DIRECTION('',(-0.,-0.,-1.));
#1731 = DIRECTION('',(1.,0.,0.));
#1732 = DEFINITIONAL_REPRESENTATION('',(#1733),#1737);
#1733 = LINE('',#1734,#1735);
#1734 = CARTESIAN_POINT('',(-0.,0.));
#1735 = VECTOR('',#1736,1.);
#1736 = DIRECTION('',(-0.,-1.));
#1737 = ( GEOMETRIC_REPRESENTATION_CONTEXT(2) 
PARAMETRIC_REPRESENTATION_CONTEXT() REPRESENTATION_CONTEXT('2D SPACE',''
  ) );
#1738 = ADVANCED_FACE('',(#1739),#536,.F.);
#1739 = FACE_BOUND('',#1740,.F.);
#1740 = EDGE_LOOP('',(#1741,#1764,#1809,#1810,#1811,#1812,#1904,#1933,
    #1980,#2001));
#1741 = ORIENTED_EDGE('',*,*,#1742,.F.);
#1742 = EDGE_CURVE('',#1743,#1745,#1747,.T.);
#1743 = VERTEX_POINT('',#1744);
#1744 = CARTESIAN_POINT('',(-0.209266468136,67.196958214782,
    -52.21745720147));
#1745 = VERTEX_POINT('',#1746);
#1746 = CARTESIAN_POINT('',(-0.988202766197,93.985636014247,
    -52.21745720147));
#1747 = SURFACE_CURVE('',#1748,(#1751,#1758),.PCURVE_S1.);
#1748 = B_SPLINE_CURVE_WITH_KNOTS('',1,(#1749,#1750),.UNSPECIFIED.,.F.,
  .F.,(2,2),(0.,1.),.PIECEWISE_BEZIER_KNOTS.);
#1749 = CARTESIAN_POINT('',(-0.209266468136,67.196958214782,
    -52.21745720147));
#1750 = CARTESIAN_POINT('',(-0.988202766197,93.985636014247,
    -52.21745720147));
#1751 = PCURVE('',#536,#1752);
#1752 = DEFINITIONAL_REPRESENTATION('',(#1753),#1757);
#1753 = LINE('',#1754,#1755);
#1754 = CARTESIAN_POINT('',(-54.21745720147,0.));
#1755 = VECTOR('',#1756,1.);
#1756 = DIRECTION('',(0.,1.));
#1757 = ( GEOMETRIC_REPRESENTATION_CONTEXT(2) 
PARAMETRIC_REPRESENTATION_CONTEXT() REPRESENTATION_CONTEXT('2D SPACE',''
  ) );
#1758 = PCURVE('',#1062,#1759);
#1759 = DEFINITIONAL_REPRESENTATION('',(#1760),#1763);
#1760 = B_SPLINE_CURVE_WITH_KNOTS('',1,(#1761,#1762),.UNSPECIFIED.,.F.,
  .F.,(2,2),(0.,1.),.PIECEWISE_BEZIER_KNOTS.);
#1761 = CARTESIAN_POINT('',(-13.4,2.));
#1762 = CARTESIAN_POINT('',(13.4,2.));
#1763 = ( GEOMETRIC_REPRESENTATION_CONTEXT(2) 
PARAMETRIC_REPRESENTATION_CONTEXT() REPRESENTATION_CONTEXT('2D SPACE',''
  ) );
#1764 = ORIENTED_EDGE('',*,*,#1765,.T.);
#1765 = EDGE_CURVE('',#1743,#728,#1766,.T.);
#1766 = SURFACE_CURVE('',#1767,(#1795,#1802),.PCURVE_S1.);
#1767 = B_SPLINE_CURVE_WITH_KNOTS('',8,(#1768,#1769,#1770,#1771,#1772,
    #1773,#1774,#1775,#1776,#1777,#1778,#1779,#1780,#1781,#1782,#1783,
    #1784,#1785,#1786,#1787,#1788,#1789,#1790,#1791,#1792,#1793,#1794),
  .UNSPECIFIED.,.F.,.F.,(9,6,6,6,9),(-54.21745720147,-29.0348547477,
    -3.852252293942,21.330350159824,46.512952613591),.UNSPECIFIED.);
#1768 = CARTESIAN_POINT('',(-0.209266468136,67.196958214782,
    -52.21745720147));
#1769 = CARTESIAN_POINT('',(-3.501866548246,67.101537920537,
    -49.06963189474));
#1770 = CARTESIAN_POINT('',(-6.734062140567,65.282388477059,
    -45.92180658806));
#1771 = CARTESIAN_POINT('',(-8.860570501007,61.800482907444,
    -42.77398128125));
#1772 = CARTESIAN_POINT('',(-8.869252041107,57.43104773864,
    -39.62615597465));
#1773 = CARTESIAN_POINT('',(-6.521632343772,53.79396940527,
    -36.47833066782));
#1774 = CARTESIAN_POINT('',(-2.929322224719,52.001189477073,
    -33.33050536116));
#1775 = CARTESIAN_POINT('',(4.339753089531,52.280071605286,
    -27.03485474769));
#1776 = CARTESIAN_POINT('',(8.336368282739,58.318629921389,
    -20.73920413427));
#1777 = CARTESIAN_POINT('',(8.666393936557,62.273664609813,
    -17.59137882753));
#1778 = CARTESIAN_POINT('',(6.822943442154,66.081079820331,
    -14.44355352083));
#1779 = CARTESIAN_POINT('',(3.264609793959,68.306041824956,
    -11.2957282141));
#1780 = CARTESIAN_POINT('',(-0.639440155853,68.441423641409,
    -8.147902907381));
#1781 = CARTESIAN_POINT('',(-7.013876788429,65.302651676585,
    -1.852252293945));
#1782 = CARTESIAN_POINT('',(-8.288678286147,58.345078099807,
    4.443398319503));
#1783 = CARTESIAN_POINT('',(-7.105985347939,54.667991923624,
    7.591223626211));
#1784 = CARTESIAN_POINT('',(-4.066354159558,51.91289947133,
    10.739048932955));
#1785 = CARTESIAN_POINT('',(-6.766112221948E-02,51.148769332275,
    13.886874239651));
#1786 = CARTESIAN_POINT('',(3.537734647734,52.363573616887,
    17.034699546388));
#1787 = CARTESIAN_POINT('',(8.332477035635,57.386279895671,
    23.330350159818));
#1788 = CARTESIAN_POINT('',(7.268739736763,64.21714508198,
    29.626000773272));
#1789 = CARTESIAN_POINT('',(5.026682373747,67.238733777976,
    32.773826079968));
#1790 = CARTESIAN_POINT('',(1.391158871532,68.862008714177,
    35.921651386734));
#1791 = CARTESIAN_POINT('',(-2.537900827379,68.408541602913,
    39.069476693408));
#1792 = CARTESIAN_POINT('',(-5.55694542681,66.257992385055,
    42.217302000158));
#1793 = CARTESIAN_POINT('',(-7.115562439435,63.241525878474,
    45.365127306868));
#1794 = CARTESIAN_POINT('',(-7.197394491736,60.193681517773,
    48.512952613591));
#1795 = PCURVE('',#536,#1796);
#1796 = DEFINITIONAL_REPRESENTATION('',(#1797),#1801);
#1797 = LINE('',#1798,#1799);
#1798 = CARTESIAN_POINT('',(0.,0.));
#1799 = VECTOR('',#1800,1.);
#1800 = DIRECTION('',(1.,0.));
#1801 = ( GEOMETRIC_REPRESENTATION_CONTEXT(2) 
PARAMETRIC_REPRESENTATION_CONTEXT() REPRESENTATION_CONTEXT('2D SPACE',''
  ) );
#1802 = PCURVE('',#785,#1803);
#1803 = DEFINITIONAL_REPRESENTATION('',(#1804),#1808);
#1804 = LINE('',#1805,#1806);
#1805 = CARTESIAN_POINT('',(0.,0.));
#1806 = VECTOR('',#1807,1.);
#1807 = DIRECTION('',(1.,0.));
#1808 = ( GEOMETRIC_REPRESENTATION_CONTEXT(2) 
PARAMETRIC_REPRESENTATION_CONTEXT() REPRESENTATION_CONTEXT('2D SPACE',''
  ) );
#1809 = ORIENTED_EDGE('',*,*,#727,.T.);
#1810 = ORIENTED_EDGE('',*,*,#416,.F.);
#1811 = ORIENTED_EDGE('',*,*,#1487,.F.);
#1812 = ORIENTED_EDGE('',*,*,#1813,.F.);
#1813 = EDGE_CURVE('',#1814,#1488,#1816,.T.);
#1814 = VERTEX_POINT('',#1815);
#1815 = CARTESIAN_POINT('',(-6.251747145084,64.991558637734,
    43.712952613591));
#1816 = SURFACE_CURVE('',#1817,(#1844,#1874),.PCURVE_S1.);
#1817 = B_SPLINE_CURVE_WITH_KNOTS('',7,(#1818,#1819,#1820,#1821,#1822,
    #1823,#1824,#1825,#1826,#1827,#1828,#1829,#1830,#1831,#1832,#1833,
    #1834,#1835,#1836,#1837,#1838,#1839,#1840,#1841,#1842,#1843),
  .UNSPECIFIED.,.F.,.F.,(8,6,6,6,8),(0.,0.251346873628,0.500385301958,
    0.748494116586,1.),.UNSPECIFIED.);
#1818 = CARTESIAN_POINT('',(-6.251747549414,64.991558131325,
    43.712953213591));
#1819 = CARTESIAN_POINT('',(-5.81159050074,65.542839049629,
    43.059788821744));
#1820 = CARTESIAN_POINT('',(-5.314503454398,66.049108322656,
    42.406672768897));
#1821 = CARTESIAN_POINT('',(-4.766041212278,66.503203182888,
    41.753703890134));
#1822 = CARTESIAN_POINT('',(-4.172835920715,66.898930999508,
    41.100864587881));
#1823 = CARTESIAN_POINT('',(-3.542369208645,67.231166525083,
    40.448107766386));
#1824 = CARTESIAN_POINT('',(-2.882846761983,67.495950614834,
    39.795413093056));
#1825 = CARTESIAN_POINT('',(-1.529445812181,67.883637039668,
    38.496335929904));
#1826 = CARTESIAN_POINT('',(-0.835825442211,68.007852516245,
    37.849842033301));
#1827 = CARTESIAN_POINT('',(-0.130668507295,68.060768177444,
    37.20349164342));
#1828 = CARTESIAN_POINT('',(0.57721325193,68.041196979343,
    36.557267036817));
#1829 = CARTESIAN_POINT('',(1.278940254382,67.949278147596,
    35.91112390056));
#1830 = CARTESIAN_POINT('',(1.96571319057,67.78648023409,35.265043459321
    ));
#1831 = CARTESIAN_POINT('',(3.289926905945,67.325708689079,
    33.975606536999));
#1832 = CARTESIAN_POINT('',(3.927651153032,67.028204013601,
    33.332142885644));
#1833 = CARTESIAN_POINT('',(4.533835206131,66.665938587517,
    32.688823605425));
#1834 = CARTESIAN_POINT('',(5.10062259048,66.242997702239,
    32.045631283124));
#1835 = CARTESIAN_POINT('',(5.62085792917,65.764586792349,
    31.402520531183));
#1836 = CARTESIAN_POINT('',(6.088214497422,65.236948723275,
    30.759471829986));
#1837 = CARTESIAN_POINT('',(6.912244908234,64.089794946047,
    29.464883231131));
#1838 = CARTESIAN_POINT('',(7.267388279493,63.46901912568,
    28.813233673887));
#1839 = CARTESIAN_POINT('',(7.557332691158,62.812410890182,
    28.161734234503));
#1840 = CARTESIAN_POINT('',(7.777825497838,62.128233265257,
    27.510367002272));
#1841 = CARTESIAN_POINT('',(7.925913343723,61.425285726763,
    26.859084429578));
#1842 = CARTESIAN_POINT('',(8.,60.712757277142,26.207865126377));
#1843 = CARTESIAN_POINT('',(8.,60.,25.556808067818));
#1844 = PCURVE('',#536,#1845);
#1845 = DEFINITIONAL_REPRESENTATION('',(#1846),#1873);
#1846 = B_SPLINE_CURVE_WITH_KNOTS('',7,(#1847,#1848,#1849,#1850,#1851,
    #1852,#1853,#1854,#1855,#1856,#1857,#1858,#1859,#1860,#1861,#1862,
    #1863,#1864,#1865,#1866,#1867,#1868,#1869,#1870,#1871,#1872),
  .UNSPECIFIED.,.F.,.F.,(8,6,6,6,8),(0.,0.251346873628,0.500385301958,
    0.748494116586,1.),.UNSPECIFIED.);
#1847 = CARTESIAN_POINT('',(41.712953213591,2.985074631103E-02));
#1848 = CARTESIAN_POINT('',(41.059788821744,2.98505820704E-02));
#1849 = CARTESIAN_POINT('',(40.406672768897,2.985046660675E-02));
#1850 = CARTESIAN_POINT('',(39.753703890135,2.985048864062E-02));
#1851 = CARTESIAN_POINT('',(39.100864587881,2.98506042985E-02));
#1852 = CARTESIAN_POINT('',(38.448107766386,2.985069970734E-02));
#1853 = CARTESIAN_POINT('',(37.795413093057,2.985075629906E-02));
#1854 = CARTESIAN_POINT('',(36.496335929904,2.985079970146E-02));
#1855 = CARTESIAN_POINT('',(35.849842033301,2.985078759631E-02));
#1856 = CARTESIAN_POINT('',(35.20349164342,2.985074694114E-02));
#1857 = CARTESIAN_POINT('',(34.557267036817,2.985072061841E-02));
#1858 = CARTESIAN_POINT('',(33.91112390056,2.985074580191E-02));
#1859 = CARTESIAN_POINT('',(33.265043459321,2.985079571519E-02));
#1860 = CARTESIAN_POINT('',(31.975606536999,2.985088668419E-02));
#1861 = CARTESIAN_POINT('',(31.332142885643,2.985092744093E-02));
#1862 = CARTESIAN_POINT('',(30.688823605426,2.985093470674E-02));
#1863 = CARTESIAN_POINT('',(30.045631283124,2.985086611711E-02));
#1864 = CARTESIAN_POINT('',(29.402520531183,2.985072114084E-02));
#1865 = CARTESIAN_POINT('',(28.759471829986,2.98505741549E-02));
#1866 = CARTESIAN_POINT('',(27.464883231131,2.98503947793E-02));
#1867 = CARTESIAN_POINT('',(26.813233673887,2.985037801852E-02));
#1868 = CARTESIAN_POINT('',(26.161734234504,2.985039428023E-02));
#1869 = CARTESIAN_POINT('',(25.510367002272,2.985083885553E-02));
#1870 = CARTESIAN_POINT('',(24.859084429578,2.985120278098E-02));
#1871 = CARTESIAN_POINT('',(24.207865126376,2.985136487526E-02));
#1872 = CARTESIAN_POINT('',(23.556808067818,2.985120466896E-02));
#1873 = ( GEOMETRIC_REPRESENTATION_CONTEXT(2) 
PARAMETRIC_REPRESENTATION_CONTEXT() REPRESENTATION_CONTEXT('2D SPACE',''
  ) );
#1874 = PCURVE('',#1727,#1875);
#1875 = DEFINITIONAL_REPRESENTATION('',(#1876),#1903);
#1876 = B_SPLINE_CURVE_WITH_KNOTS('',7,(#1877,#1878,#1879,#1880,#1881,
    #1882,#1883,#1884,#1885,#1886,#1887,#1888,#1889,#1890,#1891,#1892,
    #1893,#1894,#1895,#1896,#1897,#1898,#1899,#1900,#1901,#1902),
  .UNSPECIFIED.,.F.,.F.,(8,6,6,6,8),(0.,0.251346873628,0.500385301958,
    0.748494116586,1.),.UNSPECIFIED.);
#1877 = CARTESIAN_POINT('',(-2.46781217119,-95.13041041506));
#1878 = CARTESIAN_POINT('',(-2.379631880168,-94.47724602321));
#1879 = CARTESIAN_POINT('',(-2.291408341004,-93.82412997037));
#1880 = CARTESIAN_POINT('',(-2.203154539193,-93.17116109161));
#1881 = CARTESIAN_POINT('',(-2.114867825852,-92.51832178935));
#1882 = CARTESIAN_POINT('',(-2.02654207976,-91.86556496786));
#1883 = CARTESIAN_POINT('',(-1.93817478042,-91.21287029453));
#1884 = CARTESIAN_POINT('',(-1.762195604853,-89.91379313137));
#1885 = CARTESIAN_POINT('',(-1.674569548487,-89.26729923477));
#1886 = CARTESIAN_POINT('',(-1.586914125923,-88.62094884489));
#1887 = CARTESIAN_POINT('',(-1.4992269758,-87.97472423829));
#1888 = CARTESIAN_POINT('',(-1.411501781855,-87.32858110203));
#1889 = CARTESIAN_POINT('',(-1.323735682699,-86.68250066079));
#1890 = CARTESIAN_POINT('',(-1.148474610443,-85.39306373847));
#1891 = CARTESIAN_POINT('',(-1.060965439328,-84.74960008711));
#1892 = CARTESIAN_POINT('',(-0.973426545315,-84.10628080689));
#1893 = CARTESIAN_POINT('',(-0.885855559256,-83.4630884846));
#1894 = CARTESIAN_POINT('',(-0.798246549408,-82.81997773265));
#1895 = CARTESIAN_POINT('',(-0.710597009939,-82.17692903146));
#1896 = CARTESIAN_POINT('',(-0.534041958922,-80.8823404326));
#1897 = CARTESIAN_POINT('',(-0.445120131913,-80.23069087536));
#1898 = CARTESIAN_POINT('',(-0.35616850309,-79.57919143597));
#1899 = CARTESIAN_POINT('',(-0.26718429496,-78.92782420374));
#1900 = CARTESIAN_POINT('',(-0.178160713985,-78.27654163105));
#1901 = CARTESIAN_POINT('',(-8.909465964276E-02,-77.62532232785));
#1902 = CARTESIAN_POINT('',(0.,-76.97426526929));
#1903 = ( GEOMETRIC_REPRESENTATION_CONTEXT(2) 
PARAMETRIC_REPRESENTATION_CONTEXT() REPRESENTATION_CONTEXT('2D SPACE',''
  ) );
#1904 = ORIENTED_EDGE('',*,*,#1905,.F.);
#1905 = EDGE_CURVE('',#1906,#1814,#1908,.T.);
#1906 = VERTEX_POINT('',#1907);
#1907 = CARTESIAN_POINT('',(-5.626572332142,64.492402746072,
    43.712952613591));
#1908 = SURFACE_CURVE('',#1909,(#1915,#1924),.PCURVE_S1.);
#1909 = B_SPLINE_CURVE_WITH_KNOTS('',4,(#1910,#1911,#1912,#1913,#1914),
  .UNSPECIFIED.,.F.,.F.,(5,5),(0.,1.),.PIECEWISE_BEZIER_KNOTS.);
#1910 = CARTESIAN_POINT('',(-5.626572332142,64.492402746072,
    43.712952613591));
#1911 = CARTESIAN_POINT('',(-6.219929249107,64.966154398938,
    43.712952613591));
#1912 = CARTESIAN_POINT('',(-6.813286166071,65.439906051804,
    43.712952613591));
#1913 = CARTESIAN_POINT('',(-7.406643083036,65.91365770467,
    43.712952613591));
#1914 = CARTESIAN_POINT('',(-8.,66.387409357536,43.712952613591));
#1915 = PCURVE('',#536,#1916);
#1916 = DEFINITIONAL_REPRESENTATION('',(#1917),#1923);
#1917 = B_SPLINE_CURVE_WITH_KNOTS('',4,(#1918,#1919,#1920,#1921,#1922),
  .UNSPECIFIED.,.F.,.F.,(5,5),(0.,1.),.PIECEWISE_BEZIER_KNOTS.);
#1918 = CARTESIAN_POINT('',(41.712952613591,0.));
#1919 = CARTESIAN_POINT('',(41.712952613591,2.833151046901E-02));
#1920 = CARTESIAN_POINT('',(41.712952613591,5.666302093801E-02));
#1921 = CARTESIAN_POINT('',(41.712952613591,8.499453140702E-02));
#1922 = CARTESIAN_POINT('',(41.712952613591,0.113326041876));
#1923 = ( GEOMETRIC_REPRESENTATION_CONTEXT(2) 
PARAMETRIC_REPRESENTATION_CONTEXT() REPRESENTATION_CONTEXT('2D SPACE',''
  ) );
#1924 = PCURVE('',#1227,#1925);
#1925 = DEFINITIONAL_REPRESENTATION('',(#1926),#1932);
#1926 = B_SPLINE_CURVE_WITH_KNOTS('',4,(#1927,#1928,#1929,#1930,#1931),
  .UNSPECIFIED.,.F.,.F.,(5,5),(0.,1.),.PIECEWISE_BEZIER_KNOTS.);
#1927 = CARTESIAN_POINT('',(-5.626572332142,4.492402746072));
#1928 = CARTESIAN_POINT('',(-6.219929249107,4.966154398938));
#1929 = CARTESIAN_POINT('',(-6.813286166071,5.439906051804));
#1930 = CARTESIAN_POINT('',(-7.406643083036,5.91365770467));
#1931 = CARTESIAN_POINT('',(-8.,6.387409357536));
#1932 = ( GEOMETRIC_REPRESENTATION_CONTEXT(2) 
PARAMETRIC_REPRESENTATION_CONTEXT() REPRESENTATION_CONTEXT('2D SPACE',''
  ) );
#1933 = ORIENTED_EDGE('',*,*,#1934,.T.);
#1934 = EDGE_CURVE('',#1906,#1935,#1937,.T.);
#1935 = VERTEX_POINT('',#1936);
#1936 = CARTESIAN_POINT('',(-7.197394491736,60.193681517773,
    48.512952613591));
#1937 = SURFACE_CURVE('',#1938,(#1966,#1973),.PCURVE_S1.);
#1938 = B_SPLINE_CURVE_WITH_KNOTS('',8,(#1939,#1940,#1941,#1942,#1943,
    #1944,#1945,#1946,#1947,#1948,#1949,#1950,#1951,#1952,#1953,#1954,
    #1955,#1956,#1957,#1958,#1959,#1960,#1961,#1962,#1963,#1964,#1965),
  .UNSPECIFIED.,.F.,.F.,(9,6,6,6,9),(-54.21745720147,-29.0348547477,
    -3.852252293942,21.330350159824,46.512952613591),.UNSPECIFIED.);
#1939 = CARTESIAN_POINT('',(-0.209266468136,67.196958214782,
    -52.21745720147));
#1940 = CARTESIAN_POINT('',(-3.501866548246,67.101537920537,
    -49.06963189474));
#1941 = CARTESIAN_POINT('',(-6.734062140567,65.282388477059,
    -45.92180658806));
#1942 = CARTESIAN_POINT('',(-8.860570501007,61.800482907444,
    -42.77398128125));
#1943 = CARTESIAN_POINT('',(-8.869252041107,57.43104773864,
    -39.62615597465));
#1944 = CARTESIAN_POINT('',(-6.521632343772,53.79396940527,
    -36.47833066782));
#1945 = CARTESIAN_POINT('',(-2.929322224719,52.001189477073,
    -33.33050536116));
#1946 = CARTESIAN_POINT('',(4.339753089531,52.280071605286,
    -27.03485474769));
#1947 = CARTESIAN_POINT('',(8.336368282739,58.318629921389,
    -20.73920413427));
#1948 = CARTESIAN_POINT('',(8.666393936557,62.273664609813,
    -17.59137882753));
#1949 = CARTESIAN_POINT('',(6.822943442154,66.081079820331,
    -14.44355352083));
#1950 = CARTESIAN_POINT('',(3.264609793959,68.306041824956,
    -11.2957282141));
#1951 = CARTESIAN_POINT('',(-0.639440155853,68.441423641409,
    -8.147902907381));
#1952 = CARTESIAN_POINT('',(-7.013876788429,65.302651676585,
    -1.852252293945));
#1953 = CARTESIAN_POINT('',(-8.288678286147,58.345078099807,
    4.443398319503));
#1954 = CARTESIAN_POINT('',(-7.105985347939,54.667991923624,
    7.591223626211));
#1955 = CARTESIAN_POINT('',(-4.066354159558,51.91289947133,
    10.739048932955));
#1956 = CARTESIAN_POINT('',(-6.766112221948E-02,51.148769332275,
    13.886874239651));
#1957 = CARTESIAN_POINT('',(3.537734647734,52.363573616887,
    17.034699546388));
#1958 = CARTESIAN_POINT('',(8.332477035635,57.386279895671,
    23.330350159818));
#1959 = CARTESIAN_POINT('',(7.268739736763,64.21714508198,
    29.626000773272));
#1960 = CARTESIAN_POINT('',(5.026682373747,67.238733777976,
    32.773826079968));
#1961 = CARTESIAN_POINT('',(1.391158871532,68.862008714177,
    35.921651386734));
#1962 = CARTESIAN_POINT('',(-2.537900827379,68.408541602913,
    39.069476693408));
#1963 = CARTESIAN_POINT('',(-5.55694542681,66.257992385055,
    42.217302000158));
#1964 = CARTESIAN_POINT('',(-7.115562439435,63.241525878474,
    45.365127306868));
#1965 = CARTESIAN_POINT('',(-7.197394491736,60.193681517773,
    48.512952613591));
#1966 = PCURVE('',#536,#1967);
#1967 = DEFINITIONAL_REPRESENTATION('',(#1968),#1972);
#1968 = LINE('',#1969,#1970);
#1969 = CARTESIAN_POINT('',(0.,0.));
#1970 = VECTOR('',#1971,1.);
#1971 = DIRECTION('',(1.,0.));
#1972 = ( GEOMETRIC_REPRESENTATION_CONTEXT(2) 
PARAMETRIC_REPRESENTATION_CONTEXT() REPRESENTATION_CONTEXT('2D SPACE',''
  ) );
#1973 = PCURVE('',#1278,#1974);
#1974 = DEFINITIONAL_REPRESENTATION('',(#1975),#1979);
#1975 = LINE('',#1976,#1977);
#1976 = CARTESIAN_POINT('',(0.,0.));
#1977 = VECTOR('',#1978,1.);
#1978 = DIRECTION('',(1.,0.));
#1979 = ( GEOMETRIC_REPRESENTATION_CONTEXT(2) 
PARAMETRIC_REPRESENTATION_CONTEXT() REPRESENTATION_CONTEXT('2D SPACE',''
  ) );
#1980 = ORIENTED_EDGE('',*,*,#1981,.T.);
#1981 = EDGE_CURVE('',#1935,#1982,#1984,.T.);
#1982 = VERTEX_POINT('',#1983);
#1983 = CARTESIAN_POINT('',(-33.98769621097,60.91460716726,
    48.512952613591));
#1984 = SURFACE_CURVE('',#1985,(#1988,#1995),.PCURVE_S1.);
#1985 = B_SPLINE_CURVE_WITH_KNOTS('',1,(#1986,#1987),.UNSPECIFIED.,.F.,
  .F.,(2,2),(0.,1.),.PIECEWISE_BEZIER_KNOTS.);
#1986 = CARTESIAN_POINT('',(-7.197394491736,60.193681517773,
    48.512952613591));
#1987 = CARTESIAN_POINT('',(-33.98769621097,60.91460716726,
    48.512952613591));
#1988 = PCURVE('',#536,#1989);
#1989 = DEFINITIONAL_REPRESENTATION('',(#1990),#1994);
#1990 = LINE('',#1991,#1992);
#1991 = CARTESIAN_POINT('',(46.512952613591,0.));
#1992 = VECTOR('',#1993,1.);
#1993 = DIRECTION('',(0.,1.));
#1994 = ( GEOMETRIC_REPRESENTATION_CONTEXT(2) 
PARAMETRIC_REPRESENTATION_CONTEXT() REPRESENTATION_CONTEXT('2D SPACE',''
  ) );
#1995 = PCURVE('',#1355,#1996);
#1996 = DEFINITIONAL_REPRESENTATION('',(#1997),#2000);
#1997 = B_SPLINE_CURVE_WITH_KNOTS('',1,(#1998,#1999),.UNSPECIFIED.,.F.,
  .F.,(2,2),(0.,1.),.PIECEWISE_BEZIER_KNOTS.);
#1998 = CARTESIAN_POINT('',(13.4,-2.));
#1999 = CARTESIAN_POINT('',(-13.4,-2.));
#2000 = ( GEOMETRIC_REPRESENTATION_CONTEXT(2) 
PARAMETRIC_REPRESENTATION_CONTEXT() REPRESENTATION_CONTEXT('2D SPACE',''
  ) );
#2001 = ORIENTED_EDGE('',*,*,#2002,.F.);
#2002 = EDGE_CURVE('',#1745,#1982,#2003,.T.);
#2003 = SURFACE_CURVE('',#2004,(#2038,#2045),.PCURVE_S1.);
#2004 = B_SPLINE_CURVE_WITH_KNOTS('',8,(#2005,#2006,#2007,#2008,#2009,
    #2010,#2011,#2012,#2013,#2014,#2015,#2016,#2017,#2018,#2019,#2020,
    #2021,#2022,#2023,#2024,#2025,#2026,#2027,#2028,#2029,#2030,#2031,
    #2032,#2033,#2034,#2035,#2036,#2037),.UNSPECIFIED.,.F.,.F.,(9,6,6,6,
    6,9),(-54.21745720147,-34.07137523846,-13.92529327544,6.220788687565
    ,26.366870650578,46.512952613591),.UNSPECIFIED.);
#2005 = CARTESIAN_POINT('',(-0.988202766197,93.985636014247,
    -52.21745720147));
#2006 = CARTESIAN_POINT('',(-13.42649252464,93.624188222621,
    -49.69919695608));
#2007 = CARTESIAN_POINT('',(-25.6847947724,88.059235063395,
    -47.18093671075));
#2008 = CARTESIAN_POINT('',(-35.22623258024,77.415465024195,
    -44.66267646528));
#2009 = CARTESIAN_POINT('',(-39.60581826736,63.265815211722,
    -42.14441622002));
#2010 = CARTESIAN_POINT('',(-37.54865434143,48.667860699196,
    -39.62615597456));
#2011 = CARTESIAN_POINT('',(-29.97057383414,36.727219460551,
    -37.10789572922));
#2012 = CARTESIAN_POINT('',(-8.031526472019,21.792835401002,
    -32.07137523845));
#2013 = CARTESIAN_POINT('',(17.961707435082,26.615737146889,
    -27.03485474771));
#2014 = CARTESIAN_POINT('',(29.594011341548,34.42212668481,
    -24.51659450231));
#2015 = CARTESIAN_POINT('',(37.246408009432,46.728536770721,
    -21.99833425697));
#2016 = CARTESIAN_POINT('',(39.031667486717,61.046151811398,
    -19.48007401156));
#2017 = CARTESIAN_POINT('',(35.006896592597,74.311700402706,
    -16.9618137662));
#2018 = CARTESIAN_POINT('',(18.292487217669,94.315316762107,
    -11.92529327544));
#2019 = CARTESIAN_POINT('',(-7.53324969503,97.02647700393,
    -6.888772784697));
#2020 = CARTESIAN_POINT('',(-20.66657462687,93.00886275464,
    -4.370512539318));
#2021 = CARTESIAN_POINT('',(-31.39462424891,83.724742390374,
    -1.852252293938));
#2022 = CARTESIAN_POINT('',(-37.3196225047,70.899507968133,
    0.666007951428));
#2023 = CARTESIAN_POINT('',(-37.60313160375,57.307763014228,
    3.184268196815));
#2024 = CARTESIAN_POINT('',(-28.22946572927,33.472458865778,
    8.220788687559));
#2025 = CARTESIAN_POINT('',(-5.108376258104,22.68151700972,
    13.257309178324));
#2026 = CARTESIAN_POINT('',(8.350639706798,22.127314235975,
    15.775569423672));
#2027 = CARTESIAN_POINT('',(21.313895705509,27.134951487686,
    18.293829669106));
#2028 = CARTESIAN_POINT('',(31.094688560562,36.927096406654,
    20.812089914419));
#2029 = CARTESIAN_POINT('',(36.034460915722,49.315989371224,
    23.330350159836));
#2030 = CARTESIAN_POINT('',(35.77338139327,74.487670543542,
    28.366870650564));
#2031 = CARTESIAN_POINT('',(18.507265142054,92.676386124098,
    33.403391141343));
#2032 = CARTESIAN_POINT('',(6.44762542039,98.085989942249,
    35.921651386676));
#2033 = CARTESIAN_POINT('',(-7.168120355382,98.336846628121,
    38.439911632122));
#2034 = CARTESIAN_POINT('',(-19.70558574403,93.155148141252,
    40.958171877435));
#2035 = CARTESIAN_POINT('',(-28.90869542552,83.847700289539,
    43.476432122847));
#2036 = CARTESIAN_POINT('',(-33.67796751504,72.428735065554,
    45.994692368213));
#2037 = CARTESIAN_POINT('',(-33.98769621097,60.91460716726,
    48.512952613591));
#2038 = PCURVE('',#536,#2039);
#2039 = DEFINITIONAL_REPRESENTATION('',(#2040),#2044);
#2040 = LINE('',#2041,#2042);
#2041 = CARTESIAN_POINT('',(0.,1.));
#2042 = VECTOR('',#2043,1.);
#2043 = DIRECTION('',(1.,0.));
#2044 = ( GEOMETRIC_REPRESENTATION_CONTEXT(2) 
PARAMETRIC_REPRESENTATION_CONTEXT() REPRESENTATION_CONTEXT('2D SPACE',''
  ) );
#2045 = PCURVE('',#1410,#2046);
#2046 = DEFINITIONAL_REPRESENTATION('',(#2047),#2051);
#2047 = LINE('',#2048,#2049);
#2048 = CARTESIAN_POINT('',(0.,0.));
#2049 = VECTOR('',#2050,1.);
#2050 = DIRECTION('',(1.,0.));
#2051 = ( GEOMETRIC_REPRESENTATION_CONTEXT(2) 
PARAMETRIC_REPRESENTATION_CONTEXT() REPRESENTATION_CONTEXT('2D SPACE',''
  ) );
#2052 = ADVANCED_FACE('',(#2053),#785,.T.);
#2053 = FACE_BOUND('',#2054,.T.);
#2054 = EDGE_LOOP('',(#2055,#2074,#2075,#2076));
#2055 = ORIENTED_EDGE('',*,*,#2056,.F.);
#2056 = EDGE_CURVE('',#1743,#1046,#2057,.T.);
#2057 = SURFACE_CURVE('',#2058,(#2061,#2068),.PCURVE_S1.);
#2058 = B_SPLINE_CURVE_WITH_KNOTS('',1,(#2059,#2060),.UNSPECIFIED.,.F.,
  .F.,(2,2),(0.,1.),.PIECEWISE_BEZIER_KNOTS.);
#2059 = CARTESIAN_POINT('',(-0.209266468136,67.196958214782,
    -52.21745720147));
#2060 = CARTESIAN_POINT('',(-0.209266468136,67.196958214782,
    -56.21745720147));
#2061 = PCURVE('',#785,#2062);
#2062 = DEFINITIONAL_REPRESENTATION('',(#2063),#2067);
#2063 = LINE('',#2064,#2065);
#2064 = CARTESIAN_POINT('',(-54.21745720147,0.));
#2065 = VECTOR('',#2066,1.);
#2066 = DIRECTION('',(0.,1.));
#2067 = ( GEOMETRIC_REPRESENTATION_CONTEXT(2) 
PARAMETRIC_REPRESENTATION_CONTEXT() REPRESENTATION_CONTEXT('2D SPACE',''
  ) );
#2068 = PCURVE('',#1062,#2069);
#2069 = DEFINITIONAL_REPRESENTATION('',(#2070),#2073);
#2070 = B_SPLINE_CURVE_WITH_KNOTS('',1,(#2071,#2072),.UNSPECIFIED.,.F.,
  .F.,(2,2),(0.,1.),.PIECEWISE_BEZIER_KNOTS.);
#2071 = CARTESIAN_POINT('',(-13.4,2.));
#2072 = CARTESIAN_POINT('',(-13.4,-2.));
#2073 = ( GEOMETRIC_REPRESENTATION_CONTEXT(2) 
PARAMETRIC_REPRESENTATION_CONTEXT() REPRESENTATION_CONTEXT('2D SPACE',''
  ) );
#2074 = ORIENTED_EDGE('',*,*,#1765,.T.);
#2075 = ORIENTED_EDGE('',*,*,#747,.T.);
#2076 = ORIENTED_EDGE('',*,*,#1073,.F.);
#2077 = ADVANCED_FACE('',(#2078),#911,.T.);
#2078 = FACE_BOUND('',#2079,.F.);
#2079 = EDGE_LOOP('',(#2080,#2109,#2130,#2131));
#2080 = ORIENTED_EDGE('',*,*,#2081,.F.);
#2081 = EDGE_CURVE('',#2082,#2082,#2084,.T.);
#2082 = VERTEX_POINT('',#2083);
#2083 = CARTESIAN_POINT('',(7.,60.,-54.41745720147));
#2084 = SURFACE_CURVE('',#2085,(#2090,#2097),.PCURVE_S1.);
#2085 = CIRCLE('',#2086,7.);
#2086 = AXIS2_PLACEMENT_3D('',#2087,#2088,#2089);
#2087 = CARTESIAN_POINT('',(0.,60.,-54.41745720147));
#2088 = DIRECTION('',(0.,0.,1.));
#2089 = DIRECTION('',(1.,0.,0.));
#2090 = PCURVE('',#911,#2091);
#2091 = DEFINITIONAL_REPRESENTATION('',(#2092),#2096);
#2092 = LINE('',#2093,#2094);
#2093 = CARTESIAN_POINT('',(-0.,0.));
#2094 = VECTOR('',#2095,1.);
#2095 = DIRECTION('',(-1.,0.));
#2096 = ( GEOMETRIC_REPRESENTATION_CONTEXT(2) 
PARAMETRIC_REPRESENTATION_CONTEXT() REPRESENTATION_CONTEXT('2D SPACE',''
  ) );
#2097 = PCURVE('',#2098,#2103);
#2098 = PLANE('',#2099);
#2099 = AXIS2_PLACEMENT_3D('',#2100,#2101,#2102);
#2100 = CARTESIAN_POINT('',(1.953485903628E-16,60.,-54.41745720147));
#2101 = DIRECTION('',(0.,0.,1.));
#2102 = DIRECTION('',(1.,0.,-0.));
#2103 = DEFINITIONAL_REPRESENTATION('',(#2104),#2108);
#2104 = CIRCLE('',#2105,7.);
#2105 = AXIS2_PLACEMENT_2D('',#2106,#2107);
#2106 = CARTESIAN_POINT('',(-1.953485903628E-16,0.));
#2107 = DIRECTION('',(1.,0.));
#2108 = ( GEOMETRIC_REPRESENTATION_CONTEXT(2) 
PARAMETRIC_REPRESENTATION_CONTEXT() REPRESENTATION_CONTEXT('2D SPACE',''
  ) );
#2109 = ORIENTED_EDGE('',*,*,#2110,.T.);
#2110 = EDGE_CURVE('',#2082,#891,#2111,.T.);
#2111 = SEAM_CURVE('',#2112,(#2116,#2123),.PCURVE_S1.);
#2112 = LINE('',#2113,#2114);
#2113 = CARTESIAN_POINT('',(7.,60.,-54.41745720147));
#2114 = VECTOR('',#2115,1.);
#2115 = DIRECTION('',(0.,0.,1.));
#2116 = PCURVE('',#911,#2117);
#2117 = DEFINITIONAL_REPRESENTATION('',(#2118),#2122);
#2118 = LINE('',#2119,#2120);
#2119 = CARTESIAN_POINT('',(-6.28318530718,0.));
#2120 = VECTOR('',#2121,1.);
#2121 = DIRECTION('',(-0.,-1.));
#2122 = ( GEOMETRIC_REPRESENTATION_CONTEXT(2) 
PARAMETRIC_REPRESENTATION_CONTEXT() REPRESENTATION_CONTEXT('2D SPACE',''
  ) );
#2123 = PCURVE('',#911,#2124);
#2124 = DEFINITIONAL_REPRESENTATION('',(#2125),#2129);
#2125 = LINE('',#2126,#2127);
#2126 = CARTESIAN_POINT('',(-0.,0.));
#2127 = VECTOR('',#2128,1.);
#2128 = DIRECTION('',(-0.,-1.));
#2129 = ( GEOMETRIC_REPRESENTATION_CONTEXT(2) 
PARAMETRIC_REPRESENTATION_CONTEXT() REPRESENTATION_CONTEXT('2D SPACE',''
  ) );
#2130 = ORIENTED_EDGE('',*,*,#890,.F.);
#2131 = ORIENTED_EDGE('',*,*,#2110,.F.);
#2132 = ADVANCED_FACE('',(#2133),#1062,.T.);
#2133 = FACE_BOUND('',#2134,.T.);
#2134 = EDGE_LOOP('',(#2135,#2136,#2155,#2156));
#2135 = ORIENTED_EDGE('',*,*,#1045,.T.);
#2136 = ORIENTED_EDGE('',*,*,#2137,.F.);
#2137 = EDGE_CURVE('',#1745,#1048,#2138,.T.);
#2138 = SURFACE_CURVE('',#2139,(#2142,#2148),.PCURVE_S1.);
#2139 = B_SPLINE_CURVE_WITH_KNOTS('',1,(#2140,#2141),.UNSPECIFIED.,.F.,
  .F.,(2,2),(0.,1.),.PIECEWISE_BEZIER_KNOTS.);
#2140 = CARTESIAN_POINT('',(-0.988202766197,93.985636014247,
    -52.21745720147));
#2141 = CARTESIAN_POINT('',(-0.988202766197,93.985636014247,
    -56.21745720147));
#2142 = PCURVE('',#1062,#2143);
#2143 = DEFINITIONAL_REPRESENTATION('',(#2144),#2147);
#2144 = B_SPLINE_CURVE_WITH_KNOTS('',1,(#2145,#2146),.UNSPECIFIED.,.F.,
  .F.,(2,2),(0.,1.),.PIECEWISE_BEZIER_KNOTS.);
#2145 = CARTESIAN_POINT('',(13.4,2.));
#2146 = CARTESIAN_POINT('',(13.4,-2.));
#2147 = ( GEOMETRIC_REPRESENTATION_CONTEXT(2) 
PARAMETRIC_REPRESENTATION_CONTEXT() REPRESENTATION_CONTEXT('2D SPACE',''
  ) );
#2148 = PCURVE('',#1410,#2149);
#2149 = DEFINITIONAL_REPRESENTATION('',(#2150),#2154);
#2150 = LINE('',#2151,#2152);
#2151 = CARTESIAN_POINT('',(-54.21745720147,0.));
#2152 = VECTOR('',#2153,1.);
#2153 = DIRECTION('',(0.,1.));
#2154 = ( GEOMETRIC_REPRESENTATION_CONTEXT(2) 
PARAMETRIC_REPRESENTATION_CONTEXT() REPRESENTATION_CONTEXT('2D SPACE',''
  ) );
#2155 = ORIENTED_EDGE('',*,*,#1742,.F.);
#2156 = ORIENTED_EDGE('',*,*,#2056,.T.);
#2157 = ADVANCED_FACE('',(#2158),#1410,.F.);
#2158 = FACE_BOUND('',#2159,.F.);
#2159 = EDGE_LOOP('',(#2160,#2161,#2180,#2181));
#2160 = ORIENTED_EDGE('',*,*,#2002,.T.);
#2161 = ORIENTED_EDGE('',*,*,#2162,.T.);
#2162 = EDGE_CURVE('',#1982,#1341,#2163,.T.);
#2163 = SURFACE_CURVE('',#2164,(#2167,#2174),.PCURVE_S1.);
#2164 = B_SPLINE_CURVE_WITH_KNOTS('',1,(#2165,#2166),.UNSPECIFIED.,.F.,
  .F.,(2,2),(0.,1.),.PIECEWISE_BEZIER_KNOTS.);
#2165 = CARTESIAN_POINT('',(-33.98769621097,60.91460716726,
    48.512952613591));
#2166 = CARTESIAN_POINT('',(-33.98769621097,60.91460716726,
    44.512952613591));
#2167 = PCURVE('',#1410,#2168);
#2168 = DEFINITIONAL_REPRESENTATION('',(#2169),#2173);
#2169 = LINE('',#2170,#2171);
#2170 = CARTESIAN_POINT('',(46.512952613591,0.));
#2171 = VECTOR('',#2172,1.);
#2172 = DIRECTION('',(0.,1.));
#2173 = ( GEOMETRIC_REPRESENTATION_CONTEXT(2) 
PARAMETRIC_REPRESENTATION_CONTEXT() REPRESENTATION_CONTEXT('2D SPACE',''
  ) );
#2174 = PCURVE('',#1355,#2175);
#2175 = DEFINITIONAL_REPRESENTATION('',(#2176),#2179);
#2176 = B_SPLINE_CURVE_WITH_KNOTS('',1,(#2177,#2178),.UNSPECIFIED.,.F.,
  .F.,(2,2),(0.,1.),.PIECEWISE_BEZIER_KNOTS.);
#2177 = CARTESIAN_POINT('',(-13.4,-2.));
#2178 = CARTESIAN_POINT('',(-13.4,2.));
#2179 = ( GEOMETRIC_REPRESENTATION_CONTEXT(2) 
PARAMETRIC_REPRESENTATION_CONTEXT() REPRESENTATION_CONTEXT('2D SPACE',''
  ) );
#2180 = ORIENTED_EDGE('',*,*,#1366,.F.);
#2181 = ORIENTED_EDGE('',*,*,#2137,.F.);
#2182 = ADVANCED_FACE('',(#2183),#1355,.F.);
#2183 = FACE_BOUND('',#2184,.F.);
#2184 = EDGE_LOOP('',(#2185,#2186,#2187,#2188));
#2185 = ORIENTED_EDGE('',*,*,#1340,.T.);
#2186 = ORIENTED_EDGE('',*,*,#2162,.F.);
#2187 = ORIENTED_EDGE('',*,*,#1981,.F.);
#2188 = ORIENTED_EDGE('',*,*,#2189,.T.);
#2189 = EDGE_CURVE('',#1935,#1239,#2190,.T.);
#2190 = SURFACE_CURVE('',#2191,(#2194,#2200),.PCURVE_S1.);
#2191 = B_SPLINE_CURVE_WITH_KNOTS('',1,(#2192,#2193),.UNSPECIFIED.,.F.,
  .F.,(2,2),(0.,1.),.PIECEWISE_BEZIER_KNOTS.);
#2192 = CARTESIAN_POINT('',(-7.197394491736,60.193681517773,
    48.512952613591));
#2193 = CARTESIAN_POINT('',(-7.197394491736,60.193681517773,
    44.512952613591));
#2194 = PCURVE('',#1355,#2195);
#2195 = DEFINITIONAL_REPRESENTATION('',(#2196),#2199);
#2196 = B_SPLINE_CURVE_WITH_KNOTS('',1,(#2197,#2198),.UNSPECIFIED.,.F.,
  .F.,(2,2),(0.,1.),.PIECEWISE_BEZIER_KNOTS.);
#2197 = CARTESIAN_POINT('',(13.4,-2.));
#2198 = CARTESIAN_POINT('',(13.4,2.));
#2199 = ( GEOMETRIC_REPRESENTATION_CONTEXT(2) 
PARAMETRIC_REPRESENTATION_CONTEXT() REPRESENTATION_CONTEXT('2D SPACE',''
  ) );
#2200 = PCURVE('',#1278,#2201);
#2201 = DEFINITIONAL_REPRESENTATION('',(#2202),#2206);
#2202 = LINE('',#2203,#2204);
#2203 = CARTESIAN_POINT('',(46.512952613591,0.));
#2204 = VECTOR('',#2205,1.);
#2205 = DIRECTION('',(0.,1.));
#2206 = ( GEOMETRIC_REPRESENTATION_CONTEXT(2) 
PARAMETRIC_REPRESENTATION_CONTEXT() REPRESENTATION_CONTEXT('2D SPACE',''
  ) );
#2207 = ADVANCED_FACE('',(#2208),#1278,.T.);
#2208 = FACE_BOUND('',#2209,.T.);
#2209 = EDGE_LOOP('',(#2210,#2264,#2265,#2266));
#2210 = ORIENTED_EDGE('',*,*,#2211,.F.);
#2211 = EDGE_CURVE('',#1906,#1214,#2212,.T.);
#2212 = SURFACE_CURVE('',#2213,(#2228,#2246),.PCURVE_S1.);
#2213 = B_SPLINE_CURVE_WITH_KNOTS('',4,(#2214,#2215,#2216,#2217,#2218,
    #2219,#2220,#2221,#2222,#2223,#2224,#2225,#2226,#2227),
  .UNSPECIFIED.,.F.,.F.,(5,3,3,3,5),(0.,0.251130002773,0.501172763919,
    0.751129351626,1.),.UNSPECIFIED.);
#2214 = CARTESIAN_POINT('',(-5.626572332142,64.492402746072,
    43.712952613591));
#2215 = CARTESIAN_POINT('',(-5.778774673671,64.301772036053,
    43.712952613591));
#2216 = CARTESIAN_POINT('',(-5.922345524949,64.10429045547,
    43.712952613591));
#2217 = CARTESIAN_POINT('',(-6.056823507069,63.900546824541,
    43.712952613591));
#2218 = CARTESIAN_POINT('',(-6.306298305835,63.48273177511,
    43.712952613591));
#2219 = CARTESIAN_POINT('',(-6.421377204486,63.268708404701,
    43.712952613591));
#2220 = CARTESIAN_POINT('',(-6.526696117124,63.049752627534,
    43.712952613591));
#2221 = CARTESIAN_POINT('',(-6.717214980955,62.603413226173,
    43.712952613591));
#2222 = CARTESIAN_POINT('',(-6.802422027422,62.376032028225,
    43.712952613591));
#2223 = CARTESIAN_POINT('',(-6.877310478959,62.145080190208,
    43.712952613591));
#2224 = CARTESIAN_POINT('',(-7.005791087227,61.678471574603,
    43.712952613591));
#2225 = CARTESIAN_POINT('',(-7.059474433312,61.442839096145,
    43.712952613591));
#2226 = CARTESIAN_POINT('',(-7.102553597939,61.205071546356,
    43.712952613591));
#2227 = CARTESIAN_POINT('',(-7.134934479978,60.965888065435,
    43.712952613591));
#2228 = PCURVE('',#1278,#2229);
#2229 = DEFINITIONAL_REPRESENTATION('',(#2230),#2245);
#2230 = B_SPLINE_CURVE_WITH_KNOTS('',4,(#2231,#2232,#2233,#2234,#2235,
    #2236,#2237,#2238,#2239,#2240,#2241,#2242,#2243,#2244),
  .UNSPECIFIED.,.F.,.F.,(5,3,3,3,5),(0.,0.251130002773,0.501172763919,
    0.751129351626,1.),.UNSPECIFIED.);
#2231 = CARTESIAN_POINT('',(41.712952613591,0.));
#2232 = CARTESIAN_POINT('',(41.963908744213,6.273903265557E-02));
#2233 = CARTESIAN_POINT('',(42.214894238598,0.125485406252));
#2234 = CARTESIAN_POINT('',(42.465908919809,0.188239076555));
#2235 = CARTESIAN_POINT('',(42.96690943941,0.313489206455));
#2236 = CARTESIAN_POINT('',(43.216895137788,0.375985631049));
#2237 = CARTESIAN_POINT('',(43.466909549734,0.438489234036));
#2238 = CARTESIAN_POINT('',(43.966909503903,0.563489222578));
#2239 = CARTESIAN_POINT('',(44.216895131538,0.625985629487));
#2240 = CARTESIAN_POINT('',(44.466909462791,0.6884892123));
#2241 = CARTESIAN_POINT('',(44.96590944898,0.813239208847));
#2242 = CARTESIAN_POINT('',(45.21489494644,0.875485583212));
#2243 = CARTESIAN_POINT('',(45.463909270944,0.937739164338));
#2244 = CARTESIAN_POINT('',(45.712952613591,1.));
#2245 = ( GEOMETRIC_REPRESENTATION_CONTEXT(2) 
PARAMETRIC_REPRESENTATION_CONTEXT() REPRESENTATION_CONTEXT('2D SPACE',''
  ) );
#2246 = PCURVE('',#1227,#2247);
#2247 = DEFINITIONAL_REPRESENTATION('',(#2248),#2263);
#2248 = B_SPLINE_CURVE_WITH_KNOTS('',4,(#2249,#2250,#2251,#2252,#2253,
    #2254,#2255,#2256,#2257,#2258,#2259,#2260,#2261,#2262),
  .UNSPECIFIED.,.F.,.F.,(5,3,3,3,5),(0.,0.251130002773,0.501172763919,
    0.751129351626,1.),.UNSPECIFIED.);
#2249 = CARTESIAN_POINT('',(-5.626572332142,4.492402746072));
#2250 = CARTESIAN_POINT('',(-5.778774673671,4.301772036053));
#2251 = CARTESIAN_POINT('',(-5.922345524949,4.10429045547));
#2252 = CARTESIAN_POINT('',(-6.056823507069,3.900546824541));
#2253 = CARTESIAN_POINT('',(-6.306298305835,3.48273177511));
#2254 = CARTESIAN_POINT('',(-6.421377204486,3.268708404701));
#2255 = CARTESIAN_POINT('',(-6.526696117124,3.049752627534));
#2256 = CARTESIAN_POINT('',(-6.717214980955,2.603413226173));
#2257 = CARTESIAN_POINT('',(-6.802422027422,2.376032028225));
#2258 = CARTESIAN_POINT('',(-6.877310478959,2.145080190208));
#2259 = CARTESIAN_POINT('',(-7.005791087227,1.678471574603));
#2260 = CARTESIAN_POINT('',(-7.059474433312,1.442839096145));
#2261 = CARTESIAN_POINT('',(-7.102553597939,1.205071546357));
#2262 = CARTESIAN_POINT('',(-7.134934479978,0.965888065435));
#2263 = ( GEOMETRIC_REPRESENTATION_CONTEXT(2) 
PARAMETRIC_REPRESENTATION_CONTEXT() REPRESENTATION_CONTEXT('2D SPACE',''
  ) );
#2264 = ORIENTED_EDGE('',*,*,#1934,.T.);
#2265 = ORIENTED_EDGE('',*,*,#2189,.T.);
#2266 = ORIENTED_EDGE('',*,*,#1238,.F.);
#2267 = ADVANCED_FACE('',(#2268,#2296),#1227,.T.);
#2268 = FACE_BOUND('',#2269,.T.);
#2269 = EDGE_LOOP('',(#2270,#2271,#2293,#2294,#2295));
#2270 = ORIENTED_EDGE('',*,*,#1689,.T.);
#2271 = ORIENTED_EDGE('',*,*,#2272,.T.);
#2272 = EDGE_CURVE('',#1690,#1814,#2273,.T.);
#2273 = SURFACE_CURVE('',#2274,(#2279,#2286),.PCURVE_S1.);
#2274 = CIRCLE('',#2275,8.);
#2275 = AXIS2_PLACEMENT_3D('',#2276,#2277,#2278);
#2276 = CARTESIAN_POINT('',(0.,60.,43.712952613591));
#2277 = DIRECTION('',(0.,0.,1.));
#2278 = DIRECTION('',(1.,0.,0.));
#2279 = PCURVE('',#1227,#2280);
#2280 = DEFINITIONAL_REPRESENTATION('',(#2281),#2285);
#2281 = CIRCLE('',#2282,8.);
#2282 = AXIS2_PLACEMENT_2D('',#2283,#2284);
#2283 = CARTESIAN_POINT('',(6.837200662697E-16,7.105427357601E-15));
#2284 = DIRECTION('',(1.,0.));
#2285 = ( GEOMETRIC_REPRESENTATION_CONTEXT(2) 
PARAMETRIC_REPRESENTATION_CONTEXT() REPRESENTATION_CONTEXT('2D SPACE',''
  ) );
#2286 = PCURVE('',#1727,#2287);
#2287 = DEFINITIONAL_REPRESENTATION('',(#2288),#2292);
#2288 = LINE('',#2289,#2290);
#2289 = CARTESIAN_POINT('',(-0.,-95.13040981506));
#2290 = VECTOR('',#2291,1.);
#2291 = DIRECTION('',(-1.,0.));
#2292 = ( GEOMETRIC_REPRESENTATION_CONTEXT(2) 
PARAMETRIC_REPRESENTATION_CONTEXT() REPRESENTATION_CONTEXT('2D SPACE',''
  ) );
#2293 = ORIENTED_EDGE('',*,*,#1905,.F.);
#2294 = ORIENTED_EDGE('',*,*,#2211,.T.);
#2295 = ORIENTED_EDGE('',*,*,#1213,.T.);
#2296 = FACE_BOUND('',#2297,.T.);
#2297 = EDGE_LOOP('',(#2298));
#2298 = ORIENTED_EDGE('',*,*,#2299,.T.);
#2299 = EDGE_CURVE('',#2300,#2300,#2302,.T.);
#2300 = VERTEX_POINT('',#2301);
#2301 = CARTESIAN_POINT('',(7.,60.,43.712952613591));
#2302 = SURFACE_CURVE('',#2303,(#2308,#2319),.PCURVE_S1.);
#2303 = CIRCLE('',#2304,7.);
#2304 = AXIS2_PLACEMENT_3D('',#2305,#2306,#2307);
#2305 = CARTESIAN_POINT('',(0.,60.,43.712952613591));
#2306 = DIRECTION('',(0.,0.,-1.));
#2307 = DIRECTION('',(1.,0.,0.));
#2308 = PCURVE('',#1227,#2309);
#2309 = DEFINITIONAL_REPRESENTATION('',(#2310),#2318);
#2310 = ( BOUNDED_CURVE() B_SPLINE_CURVE(2,(#2311,#2312,#2313,#2314,
#2315,#2316,#2317),.UNSPECIFIED.,.T.,.F.) B_SPLINE_CURVE_WITH_KNOTS((1,2
    ,2,2,2,1),(-2.094395102393,0.,2.094395102393,4.188790204786,
6.28318530718,8.377580409573),.UNSPECIFIED.) CURVE() 
GEOMETRIC_REPRESENTATION_ITEM() RATIONAL_B_SPLINE_CURVE((1.,0.5,1.,0.5,
1.,0.5,1.)) REPRESENTATION_ITEM('') );
#2311 = CARTESIAN_POINT('',(7.,7.105427357601E-15));
#2312 = CARTESIAN_POINT('',(7.,-12.12435565298));
#2313 = CARTESIAN_POINT('',(-3.5,-6.062177826491));
#2314 = CARTESIAN_POINT('',(-14.,5.390921838795E-15));
#2315 = CARTESIAN_POINT('',(-3.5,6.062177826491));
#2316 = CARTESIAN_POINT('',(7.,12.124355652982));
#2317 = CARTESIAN_POINT('',(7.,7.105427357601E-15));
#2318 = ( GEOMETRIC_REPRESENTATION_CONTEXT(2) 
PARAMETRIC_REPRESENTATION_CONTEXT() REPRESENTATION_CONTEXT('2D SPACE',''
  ) );
#2319 = PCURVE('',#2320,#2325);
#2320 = CYLINDRICAL_SURFACE('',#2321,7.);
#2321 = AXIS2_PLACEMENT_3D('',#2322,#2323,#2324);
#2322 = CARTESIAN_POINT('',(0.,60.,43.212952613591));
#2323 = DIRECTION('',(-0.,-0.,-1.));
#2324 = DIRECTION('',(1.,0.,0.));
#2325 = DEFINITIONAL_REPRESENTATION('',(#2326),#2330);
#2326 = LINE('',#2327,#2328);
#2327 = CARTESIAN_POINT('',(-6.28318530718,-0.5));
#2328 = VECTOR('',#2329,1.);
#2329 = DIRECTION('',(1.,-0.));
#2330 = ( GEOMETRIC_REPRESENTATION_CONTEXT(2) 
PARAMETRIC_REPRESENTATION_CONTEXT() REPRESENTATION_CONTEXT('2D SPACE',''
  ) );
#2331 = ADVANCED_FACE('',(#2332),#1727,.T.);
#2332 = FACE_BOUND('',#2333,.F.);
#2333 = EDGE_LOOP('',(#2334,#2335,#2336));
#2334 = ORIENTED_EDGE('',*,*,#1813,.T.);
#2335 = ORIENTED_EDGE('',*,*,#1713,.T.);
#2336 = ORIENTED_EDGE('',*,*,#2272,.T.);
#2337 = ADVANCED_FACE('',(#2338,#2341),#2098,.F.);
#2338 = FACE_BOUND('',#2339,.F.);
#2339 = EDGE_LOOP('',(#2340));
#2340 = ORIENTED_EDGE('',*,*,#2081,.T.);
#2341 = FACE_BOUND('',#2342,.F.);
#2342 = EDGE_LOOP('',(#2343,#2371,#2397,#2423));
#2343 = ORIENTED_EDGE('',*,*,#2344,.T.);
#2344 = EDGE_CURVE('',#2345,#2347,#2349,.T.);
#2345 = VERTEX_POINT('',#2346);
#2346 = CARTESIAN_POINT('',(4.15,64.15,-54.41745720147));
#2347 = VERTEX_POINT('',#2348);
#2348 = CARTESIAN_POINT('',(4.15,55.85,-54.41745720147));
#2349 = SURFACE_CURVE('',#2350,(#2354,#2360),.PCURVE_S1.);
#2350 = LINE('',#2351,#2352);
#2351 = CARTESIAN_POINT('',(4.15,57.925,-54.41745720147));
#2352 = VECTOR('',#2353,1.);
#2353 = DIRECTION('',(0.,-1.,0.));
#2354 = PCURVE('',#2098,#2355);
#2355 = DEFINITIONAL_REPRESENTATION('',(#2356),#2359);
#2356 = B_SPLINE_CURVE_WITH_KNOTS('',1,(#2357,#2358),.UNSPECIFIED.,.F.,
  .F.,(2,2),(-6.225,2.075),.PIECEWISE_BEZIER_KNOTS.);
#2357 = CARTESIAN_POINT('',(4.15,4.15));
#2358 = CARTESIAN_POINT('',(4.15,-4.15));
#2359 = ( GEOMETRIC_REPRESENTATION_CONTEXT(2) 
PARAMETRIC_REPRESENTATION_CONTEXT() REPRESENTATION_CONTEXT('2D SPACE',''
  ) );
#2360 = PCURVE('',#2361,#2366);
#2361 = PLANE('',#2362);
#2362 = AXIS2_PLACEMENT_3D('',#2363,#2364,#2365);
#2363 = CARTESIAN_POINT('',(4.15,55.85,-56.41745720147));
#2364 = DIRECTION('',(-1.,0.,0.));
#2365 = DIRECTION('',(0.,1.,0.));
#2366 = DEFINITIONAL_REPRESENTATION('',(#2367),#2370);
#2367 = B_SPLINE_CURVE_WITH_KNOTS('',1,(#2368,#2369),.UNSPECIFIED.,.F.,
  .F.,(2,2),(-6.225,2.075),.PIECEWISE_BEZIER_KNOTS.);
#2368 = CARTESIAN_POINT('',(8.3,-2.));
#2369 = CARTESIAN_POINT('',(0.,-2.));
#2370 = ( GEOMETRIC_REPRESENTATION_CONTEXT(2) 
PARAMETRIC_REPRESENTATION_CONTEXT() REPRESENTATION_CONTEXT('2D SPACE',''
  ) );
#2371 = ORIENTED_EDGE('',*,*,#2372,.T.);
#2372 = EDGE_CURVE('',#2347,#2373,#2375,.T.);
#2373 = VERTEX_POINT('',#2374);
#2374 = CARTESIAN_POINT('',(-4.15,55.85,-54.41745720147));
#2375 = SURFACE_CURVE('',#2376,(#2380,#2386),.PCURVE_S1.);
#2376 = LINE('',#2377,#2378);
#2377 = CARTESIAN_POINT('',(-2.075,55.85,-54.41745720147));
#2378 = VECTOR('',#2379,1.);
#2379 = DIRECTION('',(-1.,0.,0.));
#2380 = PCURVE('',#2098,#2381);
#2381 = DEFINITIONAL_REPRESENTATION('',(#2382),#2385);
#2382 = B_SPLINE_CURVE_WITH_KNOTS('',1,(#2383,#2384),.UNSPECIFIED.,.F.,
  .F.,(2,2),(-6.225,2.075),.PIECEWISE_BEZIER_KNOTS.);
#2383 = CARTESIAN_POINT('',(4.15,-4.15));
#2384 = CARTESIAN_POINT('',(-4.15,-4.15));
#2385 = ( GEOMETRIC_REPRESENTATION_CONTEXT(2) 
PARAMETRIC_REPRESENTATION_CONTEXT() REPRESENTATION_CONTEXT('2D SPACE',''
  ) );
#2386 = PCURVE('',#2387,#2392);
#2387 = PLANE('',#2388);
#2388 = AXIS2_PLACEMENT_3D('',#2389,#2390,#2391);
#2389 = CARTESIAN_POINT('',(-4.15,55.85,-56.41745720147));
#2390 = DIRECTION('',(0.,1.,0.));
#2391 = DIRECTION('',(1.,0.,0.));
#2392 = DEFINITIONAL_REPRESENTATION('',(#2393),#2396);
#2393 = B_SPLINE_CURVE_WITH_KNOTS('',1,(#2394,#2395),.UNSPECIFIED.,.F.,
  .F.,(2,2),(-6.225,2.075),.PIECEWISE_BEZIER_KNOTS.);
#2394 = CARTESIAN_POINT('',(8.3,-2.));
#2395 = CARTESIAN_POINT('',(0.,-2.));
#2396 = ( GEOMETRIC_REPRESENTATION_CONTEXT(2) 
PARAMETRIC_REPRESENTATION_CONTEXT() REPRESENTATION_CONTEXT('2D SPACE',''
  ) );
#2397 = ORIENTED_EDGE('',*,*,#2398,.T.);
#2398 = EDGE_CURVE('',#2373,#2399,#2401,.T.);
#2399 = VERTEX_POINT('',#2400);
#2400 = CARTESIAN_POINT('',(-4.15,64.15,-54.41745720147));
#2401 = SURFACE_CURVE('',#2402,(#2406,#2412),.PCURVE_S1.);
#2402 = LINE('',#2403,#2404);
#2403 = CARTESIAN_POINT('',(-4.15,62.075,-54.41745720147));
#2404 = VECTOR('',#2405,1.);
#2405 = DIRECTION('',(-0.,1.,0.));
#2406 = PCURVE('',#2098,#2407);
#2407 = DEFINITIONAL_REPRESENTATION('',(#2408),#2411);
#2408 = B_SPLINE_CURVE_WITH_KNOTS('',1,(#2409,#2410),.UNSPECIFIED.,.F.,
  .F.,(2,2),(-6.225,2.075),.PIECEWISE_BEZIER_KNOTS.);
#2409 = CARTESIAN_POINT('',(-4.15,-4.15));
#2410 = CARTESIAN_POINT('',(-4.15,4.15));
#2411 = ( GEOMETRIC_REPRESENTATION_CONTEXT(2) 
PARAMETRIC_REPRESENTATION_CONTEXT() REPRESENTATION_CONTEXT('2D SPACE',''
  ) );
#2412 = PCURVE('',#2413,#2418);
#2413 = PLANE('',#2414);
#2414 = AXIS2_PLACEMENT_3D('',#2415,#2416,#2417);
#2415 = CARTESIAN_POINT('',(-4.15,64.15,-56.41745720147));
#2416 = DIRECTION('',(1.,0.,-0.));
#2417 = DIRECTION('',(0.,-1.,0.));
#2418 = DEFINITIONAL_REPRESENTATION('',(#2419),#2422);
#2419 = B_SPLINE_CURVE_WITH_KNOTS('',1,(#2420,#2421),.UNSPECIFIED.,.F.,
  .F.,(2,2),(-6.225,2.075),.PIECEWISE_BEZIER_KNOTS.);
#2420 = CARTESIAN_POINT('',(8.3,-2.));
#2421 = CARTESIAN_POINT('',(0.,-2.));
#2422 = ( GEOMETRIC_REPRESENTATION_CONTEXT(2) 
PARAMETRIC_REPRESENTATION_CONTEXT() REPRESENTATION_CONTEXT('2D SPACE',''
  ) );
#2423 = ORIENTED_EDGE('',*,*,#2424,.T.);
#2424 = EDGE_CURVE('',#2399,#2345,#2425,.T.);
#2425 = SURFACE_CURVE('',#2426,(#2430,#2436),.PCURVE_S1.);
#2426 = LINE('',#2427,#2428);
#2427 = CARTESIAN_POINT('',(2.075,64.15,-54.41745720147));
#2428 = VECTOR('',#2429,1.);
#2429 = DIRECTION('',(1.,0.,-0.));
#2430 = PCURVE('',#2098,#2431);
#2431 = DEFINITIONAL_REPRESENTATION('',(#2432),#2435);
#2432 = B_SPLINE_CURVE_WITH_KNOTS('',1,(#2433,#2434),.UNSPECIFIED.,.F.,
  .F.,(2,2),(-6.225,2.075),.PIECEWISE_BEZIER_KNOTS.);
#2433 = CARTESIAN_POINT('',(-4.15,4.15));
#2434 = CARTESIAN_POINT('',(4.15,4.15));
#2435 = ( GEOMETRIC_REPRESENTATION_CONTEXT(2) 
PARAMETRIC_REPRESENTATION_CONTEXT() REPRESENTATION_CONTEXT('2D SPACE',''
  ) );
#2436 = PCURVE('',#2437,#2442);
#2437 = PLANE('',#2438);
#2438 = AXIS2_PLACEMENT_3D('',#2439,#2440,#2441);
#2439 = CARTESIAN_POINT('',(4.15,64.15,-56.41745720147));
#2440 = DIRECTION('',(0.,-1.,0.));
#2441 = DIRECTION('',(-1.,0.,0.));
#2442 = DEFINITIONAL_REPRESENTATION('',(#2443),#2446);
#2443 = B_SPLINE_CURVE_WITH_KNOTS('',1,(#2444,#2445),.UNSPECIFIED.,.F.,
  .F.,(2,2),(-6.225,2.075),.PIECEWISE_BEZIER_KNOTS.);
#2444 = CARTESIAN_POINT('',(8.3,-2.));
#2445 = CARTESIAN_POINT('',(0.,-2.));
#2446 = ( GEOMETRIC_REPRESENTATION_CONTEXT(2) 
PARAMETRIC_REPRESENTATION_CONTEXT() REPRESENTATION_CONTEXT('2D SPACE',''
  ) );
#2447 = ADVANCED_FACE('',(#2448),#2320,.T.);
#2448 = FACE_BOUND('',#2449,.F.);
#2449 = EDGE_LOOP('',(#2450,#2451,#2474,#2501));
#2450 = ORIENTED_EDGE('',*,*,#2299,.T.);
#2451 = ORIENTED_EDGE('',*,*,#2452,.T.);
#2452 = EDGE_CURVE('',#2300,#2453,#2455,.T.);
#2453 = VERTEX_POINT('',#2454);
#2454 = CARTESIAN_POINT('',(7.,60.,46.712952613591));
#2455 = SEAM_CURVE('',#2456,(#2460,#2467),.PCURVE_S1.);
#2456 = LINE('',#2457,#2458);
#2457 = CARTESIAN_POINT('',(7.,60.,43.212952613591));
#2458 = VECTOR('',#2459,1.);
#2459 = DIRECTION('',(0.,0.,1.));
#2460 = PCURVE('',#2320,#2461);
#2461 = DEFINITIONAL_REPRESENTATION('',(#2462),#2466);
#2462 = LINE('',#2463,#2464);
#2463 = CARTESIAN_POINT('',(-6.28318530718,0.));
#2464 = VECTOR('',#2465,1.);
#2465 = DIRECTION('',(-0.,-1.));
#2466 = ( GEOMETRIC_REPRESENTATION_CONTEXT(2) 
PARAMETRIC_REPRESENTATION_CONTEXT() REPRESENTATION_CONTEXT('2D SPACE',''
  ) );
#2467 = PCURVE('',#2320,#2468);
#2468 = DEFINITIONAL_REPRESENTATION('',(#2469),#2473);
#2469 = LINE('',#2470,#2471);
#2470 = CARTESIAN_POINT('',(-0.,0.));
#2471 = VECTOR('',#2472,1.);
#2472 = DIRECTION('',(-0.,-1.));
#2473 = ( GEOMETRIC_REPRESENTATION_CONTEXT(2) 
PARAMETRIC_REPRESENTATION_CONTEXT() REPRESENTATION_CONTEXT('2D SPACE',''
  ) );
#2474 = ORIENTED_EDGE('',*,*,#2475,.T.);
#2475 = EDGE_CURVE('',#2453,#2453,#2476,.T.);
#2476 = SURFACE_CURVE('',#2477,(#2482,#2489),.PCURVE_S1.);
#2477 = CIRCLE('',#2478,7.);
#2478 = AXIS2_PLACEMENT_3D('',#2479,#2480,#2481);
#2479 = CARTESIAN_POINT('',(0.,60.,46.712952613591));
#2480 = DIRECTION('',(0.,0.,1.));
#2481 = DIRECTION('',(1.,0.,0.));
#2482 = PCURVE('',#2320,#2483);
#2483 = DEFINITIONAL_REPRESENTATION('',(#2484),#2488);
#2484 = LINE('',#2485,#2486);
#2485 = CARTESIAN_POINT('',(-0.,-3.5));
#2486 = VECTOR('',#2487,1.);
#2487 = DIRECTION('',(-1.,0.));
#2488 = ( GEOMETRIC_REPRESENTATION_CONTEXT(2) 
PARAMETRIC_REPRESENTATION_CONTEXT() REPRESENTATION_CONTEXT('2D SPACE',''
  ) );
#2489 = PCURVE('',#2490,#2495);
#2490 = PLANE('',#2491);
#2491 = AXIS2_PLACEMENT_3D('',#2492,#2493,#2494);
#2492 = CARTESIAN_POINT('',(1.953485903628E-16,60.,46.712952613591));
#2493 = DIRECTION('',(0.,0.,1.));
#2494 = DIRECTION('',(1.,0.,-0.));
#2495 = DEFINITIONAL_REPRESENTATION('',(#2496),#2500);
#2496 = CIRCLE('',#2497,7.);
#2497 = AXIS2_PLACEMENT_2D('',#2498,#2499);
#2498 = CARTESIAN_POINT('',(-1.953485903628E-16,0.));
#2499 = DIRECTION('',(1.,0.));
#2500 = ( GEOMETRIC_REPRESENTATION_CONTEXT(2) 
PARAMETRIC_REPRESENTATION_CONTEXT() REPRESENTATION_CONTEXT('2D SPACE',''
  ) );
#2501 = ORIENTED_EDGE('',*,*,#2452,.F.);
#2502 = ADVANCED_FACE('',(#2503),#2361,.T.);
#2503 = FACE_BOUND('',#2504,.T.);
#2504 = EDGE_LOOP('',(#2505,#2506,#2529,#2550));
#2505 = ORIENTED_EDGE('',*,*,#2344,.T.);
#2506 = ORIENTED_EDGE('',*,*,#2507,.T.);
#2507 = EDGE_CURVE('',#2347,#2508,#2510,.T.);
#2508 = VERTEX_POINT('',#2509);
#2509 = CARTESIAN_POINT('',(4.15,55.85,46.712952613591));
#2510 = SURFACE_CURVE('',#2511,(#2515,#2522),.PCURVE_S1.);
#2511 = LINE('',#2512,#2513);
#2512 = CARTESIAN_POINT('',(4.15,55.85,-56.41745720147));
#2513 = VECTOR('',#2514,1.);
#2514 = DIRECTION('',(0.,0.,1.));
#2515 = PCURVE('',#2361,#2516);
#2516 = DEFINITIONAL_REPRESENTATION('',(#2517),#2521);
#2517 = LINE('',#2518,#2519);
#2518 = CARTESIAN_POINT('',(0.,0.));
#2519 = VECTOR('',#2520,1.);
#2520 = DIRECTION('',(0.,-1.));
#2521 = ( GEOMETRIC_REPRESENTATION_CONTEXT(2) 
PARAMETRIC_REPRESENTATION_CONTEXT() REPRESENTATION_CONTEXT('2D SPACE',''
  ) );
#2522 = PCURVE('',#2387,#2523);
#2523 = DEFINITIONAL_REPRESENTATION('',(#2524),#2528);
#2524 = LINE('',#2525,#2526);
#2525 = CARTESIAN_POINT('',(8.3,0.));
#2526 = VECTOR('',#2527,1.);
#2527 = DIRECTION('',(0.,-1.));
#2528 = ( GEOMETRIC_REPRESENTATION_CONTEXT(2) 
PARAMETRIC_REPRESENTATION_CONTEXT() REPRESENTATION_CONTEXT('2D SPACE',''
  ) );
#2529 = ORIENTED_EDGE('',*,*,#2530,.F.);
#2530 = EDGE_CURVE('',#2531,#2508,#2533,.T.);
#2531 = VERTEX_POINT('',#2532);
#2532 = CARTESIAN_POINT('',(4.15,64.15,46.712952613591));
#2533 = SURFACE_CURVE('',#2534,(#2538,#2544),.PCURVE_S1.);
#2534 = LINE('',#2535,#2536);
#2535 = CARTESIAN_POINT('',(4.15,57.925,46.712952613591));
#2536 = VECTOR('',#2537,1.);
#2537 = DIRECTION('',(0.,-1.,0.));
#2538 = PCURVE('',#2361,#2539);
#2539 = DEFINITIONAL_REPRESENTATION('',(#2540),#2543);
#2540 = B_SPLINE_CURVE_WITH_KNOTS('',1,(#2541,#2542),.UNSPECIFIED.,.F.,
  .F.,(2,2),(-6.225,2.075),.PIECEWISE_BEZIER_KNOTS.);
#2541 = CARTESIAN_POINT('',(8.3,-103.130409815));
#2542 = CARTESIAN_POINT('',(0.,-103.130409815));
#2543 = ( GEOMETRIC_REPRESENTATION_CONTEXT(2) 
PARAMETRIC_REPRESENTATION_CONTEXT() REPRESENTATION_CONTEXT('2D SPACE',''
  ) );
#2544 = PCURVE('',#2490,#2545);
#2545 = DEFINITIONAL_REPRESENTATION('',(#2546),#2549);
#2546 = B_SPLINE_CURVE_WITH_KNOTS('',1,(#2547,#2548),.UNSPECIFIED.,.F.,
  .F.,(2,2),(-6.225,2.075),.PIECEWISE_BEZIER_KNOTS.);
#2547 = CARTESIAN_POINT('',(4.15,4.15));
#2548 = CARTESIAN_POINT('',(4.15,-4.15));
#2549 = ( GEOMETRIC_REPRESENTATION_CONTEXT(2) 
PARAMETRIC_REPRESENTATION_CONTEXT() REPRESENTATION_CONTEXT('2D SPACE',''
  ) );
#2550 = ORIENTED_EDGE('',*,*,#2551,.F.);
#2551 = EDGE_CURVE('',#2345,#2531,#2552,.T.);
#2552 = SURFACE_CURVE('',#2553,(#2557,#2564),.PCURVE_S1.);
#2553 = LINE('',#2554,#2555);
#2554 = CARTESIAN_POINT('',(4.15,64.15,-56.41745720147));
#2555 = VECTOR('',#2556,1.);
#2556 = DIRECTION('',(0.,0.,1.));
#2557 = PCURVE('',#2361,#2558);
#2558 = DEFINITIONAL_REPRESENTATION('',(#2559),#2563);
#2559 = LINE('',#2560,#2561);
#2560 = CARTESIAN_POINT('',(8.3,0.));
#2561 = VECTOR('',#2562,1.);
#2562 = DIRECTION('',(0.,-1.));
#2563 = ( GEOMETRIC_REPRESENTATION_CONTEXT(2) 
PARAMETRIC_REPRESENTATION_CONTEXT() REPRESENTATION_CONTEXT('2D SPACE',''
  ) );
#2564 = PCURVE('',#2437,#2565);
#2565 = DEFINITIONAL_REPRESENTATION('',(#2566),#2570);
#2566 = LINE('',#2567,#2568);
#2567 = CARTESIAN_POINT('',(0.,-0.));
#2568 = VECTOR('',#2569,1.);
#2569 = DIRECTION('',(0.,-1.));
#2570 = ( GEOMETRIC_REPRESENTATION_CONTEXT(2) 
PARAMETRIC_REPRESENTATION_CONTEXT() REPRESENTATION_CONTEXT('2D SPACE',''
  ) );
#2571 = ADVANCED_FACE('',(#2572),#2437,.T.);
#2572 = FACE_BOUND('',#2573,.T.);
#2573 = EDGE_LOOP('',(#2574,#2575,#2576,#2597));
#2574 = ORIENTED_EDGE('',*,*,#2424,.T.);
#2575 = ORIENTED_EDGE('',*,*,#2551,.T.);
#2576 = ORIENTED_EDGE('',*,*,#2577,.F.);
#2577 = EDGE_CURVE('',#2578,#2531,#2580,.T.);
#2578 = VERTEX_POINT('',#2579);
#2579 = CARTESIAN_POINT('',(-4.15,64.15,46.712952613591));
#2580 = SURFACE_CURVE('',#2581,(#2585,#2591),.PCURVE_S1.);
#2581 = LINE('',#2582,#2583);
#2582 = CARTESIAN_POINT('',(2.075,64.15,46.712952613591));
#2583 = VECTOR('',#2584,1.);
#2584 = DIRECTION('',(1.,0.,-0.));
#2585 = PCURVE('',#2437,#2586);
#2586 = DEFINITIONAL_REPRESENTATION('',(#2587),#2590);
#2587 = B_SPLINE_CURVE_WITH_KNOTS('',1,(#2588,#2589),.UNSPECIFIED.,.F.,
  .F.,(2,2),(-6.225,2.075),.PIECEWISE_BEZIER_KNOTS.);
#2588 = CARTESIAN_POINT('',(8.3,-103.130409815));
#2589 = CARTESIAN_POINT('',(0.,-103.130409815));
#2590 = ( GEOMETRIC_REPRESENTATION_CONTEXT(2) 
PARAMETRIC_REPRESENTATION_CONTEXT() REPRESENTATION_CONTEXT('2D SPACE',''
  ) );
#2591 = PCURVE('',#2490,#2592);
#2592 = DEFINITIONAL_REPRESENTATION('',(#2593),#2596);
#2593 = B_SPLINE_CURVE_WITH_KNOTS('',1,(#2594,#2595),.UNSPECIFIED.,.F.,
  .F.,(2,2),(-6.225,2.075),.PIECEWISE_BEZIER_KNOTS.);
#2594 = CARTESIAN_POINT('',(-4.15,4.15));
#2595 = CARTESIAN_POINT('',(4.15,4.15));
#2596 = ( GEOMETRIC_REPRESENTATION_CONTEXT(2) 
PARAMETRIC_REPRESENTATION_CONTEXT() REPRESENTATION_CONTEXT('2D SPACE',''
  ) );
#2597 = ORIENTED_EDGE('',*,*,#2598,.F.);
#2598 = EDGE_CURVE('',#2399,#2578,#2599,.T.);
#2599 = SURFACE_CURVE('',#2600,(#2604,#2611),.PCURVE_S1.);
#2600 = LINE('',#2601,#2602);
#2601 = CARTESIAN_POINT('',(-4.15,64.15,-56.41745720147));
#2602 = VECTOR('',#2603,1.);
#2603 = DIRECTION('',(0.,0.,1.));
#2604 = PCURVE('',#2437,#2605);
#2605 = DEFINITIONAL_REPRESENTATION('',(#2606),#2610);
#2606 = LINE('',#2607,#2608);
#2607 = CARTESIAN_POINT('',(8.3,0.));
#2608 = VECTOR('',#2609,1.);
#2609 = DIRECTION('',(0.,-1.));
#2610 = ( GEOMETRIC_REPRESENTATION_CONTEXT(2) 
PARAMETRIC_REPRESENTATION_CONTEXT() REPRESENTATION_CONTEXT('2D SPACE',''
  ) );
#2611 = PCURVE('',#2413,#2612);
#2612 = DEFINITIONAL_REPRESENTATION('',(#2613),#2617);
#2613 = LINE('',#2614,#2615);
#2614 = CARTESIAN_POINT('',(0.,0.));
#2615 = VECTOR('',#2616,1.);
#2616 = DIRECTION('',(0.,-1.));
#2617 = ( GEOMETRIC_REPRESENTATION_CONTEXT(2) 
PARAMETRIC_REPRESENTATION_CONTEXT() REPRESENTATION_CONTEXT('2D SPACE',''
  ) );
#2618 = ADVANCED_FACE('',(#2619),#2413,.T.);
#2619 = FACE_BOUND('',#2620,.T.);
#2620 = EDGE_LOOP('',(#2621,#2622,#2623,#2644));
#2621 = ORIENTED_EDGE('',*,*,#2398,.T.);
#2622 = ORIENTED_EDGE('',*,*,#2598,.T.);
#2623 = ORIENTED_EDGE('',*,*,#2624,.F.);
#2624 = EDGE_CURVE('',#2625,#2578,#2627,.T.);
#2625 = VERTEX_POINT('',#2626);
#2626 = CARTESIAN_POINT('',(-4.15,55.85,46.712952613591));
#2627 = SURFACE_CURVE('',#2628,(#2632,#2638),.PCURVE_S1.);
#2628 = LINE('',#2629,#2630);
#2629 = CARTESIAN_POINT('',(-4.15,62.075,46.712952613591));
#2630 = VECTOR('',#2631,1.);
#2631 = DIRECTION('',(-0.,1.,0.));
#2632 = PCURVE('',#2413,#2633);
#2633 = DEFINITIONAL_REPRESENTATION('',(#2634),#2637);
#2634 = B_SPLINE_CURVE_WITH_KNOTS('',1,(#2635,#2636),.UNSPECIFIED.,.F.,
  .F.,(2,2),(-6.225,2.075),.PIECEWISE_BEZIER_KNOTS.);
#2635 = CARTESIAN_POINT('',(8.3,-103.130409815));
#2636 = CARTESIAN_POINT('',(0.,-103.130409815));
#2637 = ( GEOMETRIC_REPRESENTATION_CONTEXT(2) 
PARAMETRIC_REPRESENTATION_CONTEXT() REPRESENTATION_CONTEXT('2D SPACE',''
  ) );
#2638 = PCURVE('',#2490,#2639);
#2639 = DEFINITIONAL_REPRESENTATION('',(#2640),#2643);
#2640 = B_SPLINE_CURVE_WITH_KNOTS('',1,(#2641,#2642),.UNSPECIFIED.,.F.,
  .F.,(2,2),(-6.225,2.075),.PIECEWISE_BEZIER_KNOTS.);
#2641 = CARTESIAN_POINT('',(-4.15,-4.15));
#2642 = CARTESIAN_POINT('',(-4.15,4.15));
#2643 = ( GEOMETRIC_REPRESENTATION_CONTEXT(2) 
PARAMETRIC_REPRESENTATION_CONTEXT() REPRESENTATION_CONTEXT('2D SPACE',''
  ) );
#2644 = ORIENTED_EDGE('',*,*,#2645,.F.);
#2645 = EDGE_CURVE('',#2373,#2625,#2646,.T.);
#2646 = SURFACE_CURVE('',#2647,(#2651,#2658),.PCURVE_S1.);
#2647 = LINE('',#2648,#2649);
#2648 = CARTESIAN_POINT('',(-4.15,55.85,-56.41745720147));
#2649 = VECTOR('',#2650,1.);
#2650 = DIRECTION('',(0.,0.,1.));
#2651 = PCURVE('',#2413,#2652);
#2652 = DEFINITIONAL_REPRESENTATION('',(#2653),#2657);
#2653 = LINE('',#2654,#2655);
#2654 = CARTESIAN_POINT('',(8.3,0.));
#2655 = VECTOR('',#2656,1.);
#2656 = DIRECTION('',(0.,-1.));
#2657 = ( GEOMETRIC_REPRESENTATION_CONTEXT(2) 
PARAMETRIC_REPRESENTATION_CONTEXT() REPRESENTATION_CONTEXT('2D SPACE',''
  ) );
#2658 = PCURVE('',#2387,#2659);
#2659 = DEFINITIONAL_REPRESENTATION('',(#2660),#2664);
#2660 = LINE('',#2661,#2662);
#2661 = CARTESIAN_POINT('',(0.,0.));
#2662 = VECTOR('',#2663,1.);
#2663 = DIRECTION('',(0.,-1.));
#2664 = ( GEOMETRIC_REPRESENTATION_CONTEXT(2) 
PARAMETRIC_REPRESENTATION_CONTEXT() REPRESENTATION_CONTEXT('2D SPACE',''
  ) );
#2665 = ADVANCED_FACE('',(#2666),#2387,.T.);
#2666 = FACE_BOUND('',#2667,.T.);
#2667 = EDGE_LOOP('',(#2668,#2669,#2670,#2689));
#2668 = ORIENTED_EDGE('',*,*,#2372,.T.);
#2669 = ORIENTED_EDGE('',*,*,#2645,.T.);
#2670 = ORIENTED_EDGE('',*,*,#2671,.F.);
#2671 = EDGE_CURVE('',#2508,#2625,#2672,.T.);
#2672 = SURFACE_CURVE('',#2673,(#2677,#2683),.PCURVE_S1.);
#2673 = LINE('',#2674,#2675);
#2674 = CARTESIAN_POINT('',(-2.075,55.85,46.712952613591));
#2675 = VECTOR('',#2676,1.);
#2676 = DIRECTION('',(-1.,0.,0.));
#2677 = PCURVE('',#2387,#2678);
#2678 = DEFINITIONAL_REPRESENTATION('',(#2679),#2682);
#2679 = B_SPLINE_CURVE_WITH_KNOTS('',1,(#2680,#2681),.UNSPECIFIED.,.F.,
  .F.,(2,2),(-6.225,2.075),.PIECEWISE_BEZIER_KNOTS.);
#2680 = CARTESIAN_POINT('',(8.3,-103.130409815));
#2681 = CARTESIAN_POINT('',(0.,-103.130409815));
#2682 = ( GEOMETRIC_REPRESENTATION_CONTEXT(2) 
PARAMETRIC_REPRESENTATION_CONTEXT() REPRESENTATION_CONTEXT('2D SPACE',''
  ) );
#2683 = PCURVE('',#2490,#2684);
#2684 = DEFINITIONAL_REPRESENTATION('',(#2685),#2688);
#2685 = B_SPLINE_CURVE_WITH_KNOTS('',1,(#2686,#2687),.UNSPECIFIED.,.F.,
  .F.,(2,2),(-6.225,2.075),.PIECEWISE_BEZIER_KNOTS.);
#2686 = CARTESIAN_POINT('',(4.15,-4.15));
#2687 = CARTESIAN_POINT('',(-4.15,-4.15));
#2688 = ( GEOMETRIC_REPRESENTATION_CONTEXT(2) 
PARAMETRIC_REPRESENTATION_CONTEXT() REPRESENTATION_CONTEXT('2D SPACE',''
  ) );
#2689 = ORIENTED_EDGE('',*,*,#2507,.F.);
#2690 = ADVANCED_FACE('',(#2691,#2694),#2490,.T.);
#2691 = FACE_BOUND('',#2692,.T.);
#2692 = EDGE_LOOP('',(#2693));
#2693 = ORIENTED_EDGE('',*,*,#2475,.T.);
#2694 = FACE_BOUND('',#2695,.T.);
#2695 = EDGE_LOOP('',(#2696,#2697,#2698,#2699));
#2696 = ORIENTED_EDGE('',*,*,#2530,.T.);
#2697 = ORIENTED_EDGE('',*,*,#2671,.T.);
#2698 = ORIENTED_EDGE('',*,*,#2624,.T.);
#2699 = ORIENTED_EDGE('',*,*,#2577,.T.);
#2700 = ( GEOMETRIC_REPRESENTATION_CONTEXT(3) 
GLOBAL_UNCERTAINTY_ASSIGNED_CONTEXT((#2704)) 
GLOBAL_UNIT_ASSIGNED_CONTEXT((#2701,#2702,#2703)) REPRESENTATION_CONTEXT
('Context #1','3D Context with UNIT and UNCERTAINTY') );
#2701 = ( LENGTH_UNIT() NAMED_UNIT(*) SI_UNIT(.MILLI.,.METRE.) );
#2702 = ( NAMED_UNIT(*) PLANE_ANGLE_UNIT() SI_UNIT($,.RADIAN.) );
#2703 = ( NAMED_UNIT(*) SI_UNIT($,.STERADIAN.) SOLID_ANGLE_UNIT() );
#2704 = UNCERTAINTY_MEASURE_WITH_UNIT(LENGTH_MEASURE(2.E-06),#2701,
  'distance_accuracy_value','confusion accuracy');
#2705 = PRODUCT_RELATED_PRODUCT_CATEGORY('part',$,(#7));
ENDSEC;
END-ISO-10303-21;
