ISO-10303-21;
HEADER;
FILE_DESCRIPTION((''),'2;1');
FILE_NAME(
'pxc_1201442_08_05_E-UK_3D.stp',
'2025-12-18T12:26:56',
'',
'Phoenix Contact',
'STEP processor for AP214',
'',
'');
FILE_SCHEMA(('AUTOMOTIVE_DESIGN { 1 0 10303 214 1 1 1 1 }'));
ENDSEC;
DATA;
#10=CARTESIAN_POINT('',(58.2919574948837,100.681226001705,0.));
#20=DIRECTION('',(0.,0.,1.));
#30=DIRECTION('',(1.,0.,0.));
#40=AXIS2_PLACEMENT_3D('',#10,#20,#30);
#50=PLANE('',#40);
#60=CARTESIAN_POINT('',(0.,107.581226001705,0.));
#70=DIRECTION('',(-1.,0.,0.));
#80=VECTOR('',#70,1.);
#90=LINE('',#60,#80);
#100=CARTESIAN_POINT('',(71.5419574948837,107.581226001705,0.));
#110=VERTEX_POINT('',#100);
#120=CARTESIAN_POINT('',(57.7419574948837,107.581226001705,0.));
#130=VERTEX_POINT('',#120);
#140=EDGE_CURVE('',#110,#130,#90,.T.);
#150=ORIENTED_EDGE('',*,*,#140,.F.);
#160=CARTESIAN_POINT('',(57.7419574948837,0.,0.));
#170=DIRECTION('',(0.,1.,0.));
#180=VECTOR('',#170,1.);
#190=LINE('',#160,#180);
#200=CARTESIAN_POINT('',(57.7419574948837,96.1325240181186,0.));
#210=VERTEX_POINT('',#200);
#220=EDGE_CURVE('',#210,#130,#190,.T.);
#230=ORIENTED_EDGE('',*,*,#220,.T.);
#240=CARTESIAN_POINT('',(59.8608808559937,91.5884782061885,0.));
#250=DIRECTION('',(-0.422618261740677,0.906307787036661,0.));
#260=VECTOR('',#250,1.);
#270=LINE('',#240,#260);
#280=CARTESIAN_POINT('',(60.1419574948837,90.9857074088953,0.));
#290=VERTEX_POINT('',#280);
#300=EDGE_CURVE('',#290,#210,#270,.T.);
#310=ORIENTED_EDGE('',*,*,#300,.T.);
#320=CARTESIAN_POINT('',(60.1419574948837,0.,0.));
#330=DIRECTION('',(0.,1.,0.));
#340=VECTOR('',#330,1.);
#350=LINE('',#320,#340);
#360=CARTESIAN_POINT('',(60.1419574948837,89.0954395640779,0.));
#370=VERTEX_POINT('',#360);
#380=EDGE_CURVE('',#370,#290,#350,.T.);
#390=ORIENTED_EDGE('',*,*,#380,.T.);
#400=CARTESIAN_POINT('',(59.6419574948837,89.0954395640779,0.));
#410=DIRECTION('',(0.,0.,1.));
#420=DIRECTION('',(1.,0.,0.));
#430=AXIS2_PLACEMENT_3D('',#400,#410,#420);
#440=CIRCLE('',#430,0.499999999999984);
#450=CARTESIAN_POINT('',(59.2884041042905,88.7418861734845,0.));
#460=VERTEX_POINT('',#450);
#470=EDGE_CURVE('',#460,#370,#440,.T.);
#480=ORIENTED_EDGE('',*,*,#470,.T.);
#490=CARTESIAN_POINT('',(58.595510885477,89.434779392298,0.));
#500=DIRECTION('',(0.707106781186591,-0.707106781186504,0.));
#510=VECTOR('',#500,1.);
#520=LINE('',#490,#510);
#530=CARTESIAN_POINT('',(58.595510885477,89.434779392298,0.));
#540=VERTEX_POINT('',#530);
#550=EDGE_CURVE('',#540,#460,#520,.T.);
#560=ORIENTED_EDGE('',*,*,#550,.T.);
#570=CARTESIAN_POINT('',(58.2419574948837,89.0812260017046,0.));
#580=DIRECTION('',(0.,0.,1.));
#590=DIRECTION('',(1.,0.,0.));
#600=AXIS2_PLACEMENT_3D('',#570,#580,#590);
#610=CIRCLE('',#600,0.5);
#620=CARTESIAN_POINT('',(57.7419574948837,89.0812260017046,0.));
#630=VERTEX_POINT('',#620);
#640=EDGE_CURVE('',#540,#630,#610,.T.);
#650=ORIENTED_EDGE('',*,*,#640,.F.);
#660=CARTESIAN_POINT('',(57.7419574948837,86.5812260017046,0.));
#670=DIRECTION('',(0.,1.,0.));
#680=VECTOR('',#670,1.);
#690=LINE('',#660,#680);
#700=CARTESIAN_POINT('',(57.7419574948837,85.5812260017046,0.));
#710=VERTEX_POINT('',#700);
#720=EDGE_CURVE('',#710,#630,#690,.T.);
#730=ORIENTED_EDGE('',*,*,#720,.T.);
#740=CARTESIAN_POINT('',(67.8588303217236,85.5812260017046,0.));
#750=DIRECTION('',(-1.,0.,0.));
#760=VECTOR('',#750,1.);
#770=LINE('',#740,#760);
#780=CARTESIAN_POINT('',(68.7481999966497,85.5812260017046,0.));
#790=VERTEX_POINT('',#780);
#800=EDGE_CURVE('',#790,#710,#770,.T.);
#810=ORIENTED_EDGE('',*,*,#800,.T.);
#820=CARTESIAN_POINT('',(60.6455013738608,90.5406891811481,0.));
#830=DIRECTION('',(0.,0.,1.));
#840=DIRECTION('',(1.,0.,0.));
#850=AXIS2_PLACEMENT_3D('',#820,#830,#840);
#860=CIRCLE('',#850,9.50000000000006);
#870=CARTESIAN_POINT('',(70.1419574948837,90.2812260017049,0.));
#880=VERTEX_POINT('',#870);
#890=EDGE_CURVE('',#790,#880,#860,.T.);
#900=ORIENTED_EDGE('',*,*,#890,.F.);
#910=CARTESIAN_POINT('',(70.1419574948837,90.5812260017046,0.));
#920=DIRECTION('',(0.,-1.,0.));
#930=VECTOR('',#920,1.);
#940=LINE('',#910,#930);
#950=CARTESIAN_POINT('',(70.1419574948837,90.5812260017046,0.));
#960=VERTEX_POINT('',#950);
#970=EDGE_CURVE('',#960,#880,#940,.T.);
#980=ORIENTED_EDGE('',*,*,#970,.T.);
#990=CARTESIAN_POINT('',(68.8419574948837,90.7812260017049,0.));
#1000=DIRECTION('',(0.988371697650586,-0.152057184254142,0.));
#1010=VECTOR('',#1000,1.);
#1020=LINE('',#990,#1010);
#1030=CARTESIAN_POINT('',(68.8419574948837,90.7812260017049,0.));
#1040=VERTEX_POINT('',#1030);
#1050=EDGE_CURVE('',#1040,#960,#1020,.T.);
#1060=ORIENTED_EDGE('',*,*,#1050,.T.);
#1070=CARTESIAN_POINT('',(68.6303651180336,91.9812260017047,0.));
#1080=DIRECTION('',(0.173648177666903,-0.984807753012213,0.));
#1090=VECTOR('',#1080,1.);
#1100=LINE('',#1070,#1090);
#1110=CARTESIAN_POINT('',(68.6303651180336,91.9812260017047,0.));
#1120=VERTEX_POINT('',#1110);
#1130=EDGE_CURVE('',#1120,#1040,#1100,.T.);
#1140=ORIENTED_EDGE('',*,*,#1130,.T.);
#1150=CARTESIAN_POINT('',(68.6303651180336,91.9812260017047,0.));
#1160=DIRECTION('',(0.984807753012194,0.173648177667011,0.));
#1170=VECTOR('',#1160,1.);
#1180=LINE('',#1150,#1170);
#1190=CARTESIAN_POINT('',(70.1419574948837,92.2477605215768,0.));
#1200=VERTEX_POINT('',#1190);
#1210=EDGE_CURVE('',#1120,#1200,#1180,.T.);
#1220=ORIENTED_EDGE('',*,*,#1210,.F.);
#1230=CARTESIAN_POINT('',(70.1419574948837,92.9812260017047,0.));
#1240=DIRECTION('',(0.,-1.,0.));
#1250=VECTOR('',#1240,1.);
#1260=LINE('',#1230,#1250);
#1270=CARTESIAN_POINT('',(70.1419574948837,92.9812260017047,0.));
#1280=VERTEX_POINT('',#1270);
#1290=EDGE_CURVE('',#1280,#1200,#1260,.T.);
#1300=ORIENTED_EDGE('',*,*,#1290,.T.);
#1310=CARTESIAN_POINT('',(68.4384041042904,94.684779392298,0.));
#1320=DIRECTION('',(0.707106781186559,-0.707106781186536,0.));
#1330=VECTOR('',#1320,1.);
#1340=LINE('',#1310,#1330);
#1350=CARTESIAN_POINT('',(68.2919574948837,94.8312260017047,0.));
#1360=VERTEX_POINT('',#1350);
#1370=EDGE_CURVE('',#1360,#1280,#1340,.T.);
#1380=ORIENTED_EDGE('',*,*,#1370,.T.);
#1390=CARTESIAN_POINT('',(68.2919574948837,96.5812260017046,0.));
#1400=DIRECTION('',(0.,-1.,0.));
#1410=VECTOR('',#1400,1.);
#1420=LINE('',#1390,#1410);
#1430=CARTESIAN_POINT('',(68.2919574948837,96.5812260017046,0.));
#1440=VERTEX_POINT('',#1430);
#1450=EDGE_CURVE('',#1440,#1360,#1420,.T.);
#1460=ORIENTED_EDGE('',*,*,#1450,.T.);
#1470=CARTESIAN_POINT('',(70.2919574948837,96.5812260017046,0.));
#1480=DIRECTION('',(0.,0.,1.));
#1490=DIRECTION('',(1.,0.,0.));
#1500=AXIS2_PLACEMENT_3D('',#1470,#1480,#1490);
#1510=CIRCLE('',#1500,2.);
#1520=CARTESIAN_POINT('',(70.2919574948837,98.5812260017046,0.));
#1530=VERTEX_POINT('',#1520);
#1540=EDGE_CURVE('',#1530,#1440,#1510,.T.);
#1550=ORIENTED_EDGE('',*,*,#1540,.T.);
#1560=CARTESIAN_POINT('',(0.,98.5812260017046,0.));
#1570=DIRECTION('',(-1.,0.,0.));
#1580=VECTOR('',#1570,1.);
#1590=LINE('',#1560,#1580);
#1600=CARTESIAN_POINT('',(75.3419574948837,98.5812260017046,0.));
#1610=VERTEX_POINT('',#1600);
#1620=EDGE_CURVE('',#1610,#1530,#1590,.T.);
#1630=ORIENTED_EDGE('',*,*,#1620,.T.);
#1640=CARTESIAN_POINT('',(75.3419574948837,0.233279275792114,0.));
#1650=DIRECTION('',(0.,-1.,0.));
#1660=VECTOR('',#1650,1.);
#1670=LINE('',#1640,#1660);
#1680=CARTESIAN_POINT('',(75.3419574948837,92.1812260017045,0.));
#1690=VERTEX_POINT('',#1680);
#1700=EDGE_CURVE('',#1610,#1690,#1670,.T.);
#1710=ORIENTED_EDGE('',*,*,#1700,.F.);
#1720=CARTESIAN_POINT('',(0.,92.1812260017045,0.));
#1730=DIRECTION('',(1.,0.,0.));
#1740=VECTOR('',#1730,1.);
#1750=LINE('',#1720,#1740);
#1760=CARTESIAN_POINT('',(84.7419574948837,92.1812260017045,0.));
#1770=VERTEX_POINT('',#1760);
#1780=EDGE_CURVE('',#1690,#1770,#1750,.T.);
#1790=ORIENTED_EDGE('',*,*,#1780,.F.);
#1800=CARTESIAN_POINT('',(84.7419574948837,0.,0.));
#1810=DIRECTION('',(0.,1.,0.));
#1820=VECTOR('',#1810,1.);
#1830=LINE('',#1800,#1820);
#1840=CARTESIAN_POINT('',(84.7419574948837,114.283149790352,0.));
#1850=VERTEX_POINT('',#1840);
#1860=EDGE_CURVE('',#1770,#1850,#1830,.T.);
#1870=ORIENTED_EDGE('',*,*,#1860,.F.);
#1880=CARTESIAN_POINT('',(115.364035189695,0.,0.));
#1890=DIRECTION('',(0.25881904510253,-0.965925826289066,0.));
#1900=VECTOR('',#1890,1.);
#1910=LINE('',#1880,#1900);
#1920=CARTESIAN_POINT('',(83.2419574948837,119.881226001705,0.));
#1930=VERTEX_POINT('',#1920);
#1940=EDGE_CURVE('',#1930,#1850,#1910,.T.);
#1950=ORIENTED_EDGE('',*,*,#1940,.T.);
#1960=CARTESIAN_POINT('',(0.,119.881226001705,0.));
#1970=DIRECTION('',(1.,0.,0.));
#1980=VECTOR('',#1970,1.);
#1990=LINE('',#1960,#1980);
#2000=CARTESIAN_POINT('',(81.249656838,119.881226001705,0.));
#2010=VERTEX_POINT('',#2000);
#2020=EDGE_CURVE('',#2010,#1930,#1990,.T.);
#2030=ORIENTED_EDGE('',*,*,#2020,.T.);
#2040=CARTESIAN_POINT('',(28.567248846105,0.,0.));
#2050=DIRECTION('',(-0.402320578212711,-0.915498854366618,0.));
#2060=VECTOR('',#2050,1.);
#2070=LINE('',#2040,#2060);
#2080=CARTESIAN_POINT('',(80.7640590277965,118.776226001707,0.));
#2090=VERTEX_POINT('',#2080);
#2100=EDGE_CURVE('',#2010,#2090,#2070,.T.);
#2110=ORIENTED_EDGE('',*,*,#2100,.F.);
#2120=CARTESIAN_POINT('',(0.,118.776226001707,0.));
#2130=DIRECTION('',(-1.,0.,0.));
#2140=VECTOR('',#2130,1.);
#2150=LINE('',#2120,#2140);
#2160=CARTESIAN_POINT('',(81.2919574948837,118.776226001707,0.));
#2170=VERTEX_POINT('',#2160);
#2180=EDGE_CURVE('',#2170,#2090,#2150,.T.);
#2190=ORIENTED_EDGE('',*,*,#2180,.T.);
#2200=CARTESIAN_POINT('',(81.2919574948837,0.,0.));
#2210=DIRECTION('',(0.,1.,0.));
#2220=VECTOR('',#2210,1.);
#2230=LINE('',#2200,#2220);
#2240=CARTESIAN_POINT('',(81.2919574948837,117.706226001707,0.));
#2250=VERTEX_POINT('',#2240);
#2260=EDGE_CURVE('',#2250,#2170,#2230,.T.);
#2270=ORIENTED_EDGE('',*,*,#2260,.T.);
#2280=CARTESIAN_POINT('',(0.,117.706226001711,0.));
#2290=DIRECTION('',(1.,-5.79813974610488E-14,0.));
#2300=VECTOR('',#2290,1.);
#2310=LINE('',#2280,#2300);
#2320=CARTESIAN_POINT('',(77.5419574948837,117.706226001707,0.));
#2330=VERTEX_POINT('',#2320);
#2340=EDGE_CURVE('',#2330,#2250,#2310,.T.);
#2350=ORIENTED_EDGE('',*,*,#2340,.T.);
#2360=CARTESIAN_POINT('',(77.5419574948837,1.4210854715202E-14,0.));
#2370=DIRECTION('',(0.,1.,0.));
#2380=VECTOR('',#2370,1.);
#2390=LINE('',#2360,#2380);
#2400=CARTESIAN_POINT('',(77.5419574948837,118.304431082462,0.));
#2410=VERTEX_POINT('',#2400);
#2420=EDGE_CURVE('',#2330,#2410,#2390,.T.);
#2430=ORIENTED_EDGE('',*,*,#2420,.F.);
#2440=CARTESIAN_POINT('',(0.,163.073301115625,0.));
#2450=DIRECTION('',(0.866025403784428,-0.500000000000019,0.));
#2460=VECTOR('',#2450,1.);
#2470=LINE('',#2440,#2460);
#2480=CARTESIAN_POINT('',(75.0767063799748,119.727744477274,0.));
#2490=VERTEX_POINT('',#2480);
#2500=EDGE_CURVE('',#2490,#2410,#2470,.T.);
#2510=ORIENTED_EDGE('',*,*,#2500,.T.);
#2520=CARTESIAN_POINT('',(127.691666143538,0.,0.));
#2530=DIRECTION('',(-0.402320578211921,0.915498854366965,0.));
#2540=VECTOR('',#2530,1.);
#2550=LINE('',#2520,#2540);
#2560=CARTESIAN_POINT('',(74.5698031199084,120.881226001705,0.));
#2570=VERTEX_POINT('',#2560);
#2580=EDGE_CURVE('',#2490,#2570,#2550,.T.);
#2590=ORIENTED_EDGE('',*,*,#2580,.F.);
#2600=CARTESIAN_POINT('',(0.,120.881226001705,0.));
#2610=DIRECTION('',(1.,0.,0.));
#2620=VECTOR('',#2610,1.);
#2630=LINE('',#2600,#2620);
#2640=CARTESIAN_POINT('',(73.0419574948837,120.881226001705,0.));
#2650=VERTEX_POINT('',#2640);
#2660=EDGE_CURVE('',#2650,#2570,#2630,.T.);
#2670=ORIENTED_EDGE('',*,*,#2660,.T.);
#2680=CARTESIAN_POINT('',(73.0419574948837,0.,0.));
#2690=DIRECTION('',(0.,1.,0.));
#2700=VECTOR('',#2690,1.);
#2710=LINE('',#2680,#2700);
#2720=CARTESIAN_POINT('',(73.0419574948837,119.881226001705,0.));
#2730=VERTEX_POINT('',#2720);
#2740=EDGE_CURVE('',#2730,#2650,#2710,.T.);
#2750=ORIENTED_EDGE('',*,*,#2740,.T.);
#2760=CARTESIAN_POINT('',(40.9198798000728,0.,0.));
#2770=DIRECTION('',(0.25881904510253,0.965925826289066,0.));
#2780=VECTOR('',#2770,1.);
#2790=LINE('',#2760,#2780);
#2800=CARTESIAN_POINT('',(71.5419574948837,114.283149790352,0.));
#2810=VERTEX_POINT('',#2800);
#2820=EDGE_CURVE('',#2810,#2730,#2790,.T.);
#2830=ORIENTED_EDGE('',*,*,#2820,.T.);
#2840=CARTESIAN_POINT('',(71.5419574948837,0.,0.));
#2850=DIRECTION('',(0.,1.,0.));
#2860=VECTOR('',#2850,1.);
#2870=LINE('',#2840,#2860);
#2880=EDGE_CURVE('',#110,#2810,#2870,.T.);
#2890=ORIENTED_EDGE('',*,*,#2880,.T.);
#2900=EDGE_LOOP('',(#2890,#2830,#2750,#2670,#2590,#2510,#2430,#2350,
#2270,#2190,#2110,#2030,#1950,#1870,#1790,#1710,#1630,#1550,#1460,#1380,
#1300,#1220,#1140,#1060,#980,#900,#810,#730,#650,#560,#480,#390,#310,
#230,#150));
#2910=FACE_OUTER_BOUND('',#2900,.T.);
#2920=ADVANCED_FACE('',(#2910),#50,.F.);
#2930=COLOUR_RGB('',0.560784339904785,0.588235318660736,
0.600000023841858);
#2940=FILL_AREA_STYLE_COLOUR('',#2930);
#2950=FILL_AREA_STYLE('',(#2940));
#2960=SURFACE_STYLE_FILL_AREA(#2950);
#2970=SURFACE_SIDE_STYLE('',(#2960));
#2980=SURFACE_STYLE_USAGE(.BOTH.,#2970);
#2990=PRESENTATION_STYLE_ASSIGNMENT((#2980));
#3000=CARTESIAN_POINT('',(74.9669574948834,118.776226001707,
-9.85592279139359));
#3010=DIRECTION('',(-0.,1.,0.));
#3020=DIRECTION('',(1.,0.,0.));
#3030=AXIS2_PLACEMENT_3D('',#3000,#3010,#3020);
#3040=PLANE('',#3030);
#3050=CARTESIAN_POINT('',(74.9669574948833,118.776226001707,0.));
#3060=DIRECTION('',(0.,0.,-1.));
#3070=VECTOR('',#3060,1.);
#3080=LINE('',#3050,#3070);
#3090=CARTESIAN_POINT('',(74.9669574948833,118.776226001707,9.5));
#3100=VERTEX_POINT('',#3090);
#3110=CARTESIAN_POINT('',(74.9669574948833,118.776226001707,1.));
#3120=VERTEX_POINT('',#3110);
#3130=EDGE_CURVE('',#3100,#3120,#3080,.T.);
#3140=ORIENTED_EDGE('',*,*,#3130,.T.);
#3150=CARTESIAN_POINT('',(0.,118.776226001707,9.5));
#3160=DIRECTION('',(-1.,0.,0.));
#3170=VECTOR('',#3160,1.);
#3180=LINE('',#3150,#3170);
#3190=CARTESIAN_POINT('',(75.4948559619689,118.776226001707,9.5));
#3200=VERTEX_POINT('',#3190);
#3210=EDGE_CURVE('',#3200,#3100,#3180,.T.);
#3220=ORIENTED_EDGE('',*,*,#3210,.T.);
#3230=CARTESIAN_POINT('',(75.4948559619689,118.776226001707,0.));
#3240=DIRECTION('',(0.,0.,1.));
#3250=VECTOR('',#3240,1.);
#3260=LINE('',#3230,#3250);
#3270=CARTESIAN_POINT('',(75.4948559619689,118.776226001707,1.));
#3280=VERTEX_POINT('',#3270);
#3290=EDGE_CURVE('',#3280,#3200,#3260,.T.);
#3300=ORIENTED_EDGE('',*,*,#3290,.T.);
#3310=CARTESIAN_POINT('',(0.,118.776226001707,1.));
#3320=DIRECTION('',(-1.,0.,0.));
#3330=VECTOR('',#3320,1.);
#3340=LINE('',#3310,#3330);
#3350=EDGE_CURVE('',#3280,#3120,#3340,.T.);
#3360=ORIENTED_EDGE('',*,*,#3350,.F.);
#3370=EDGE_LOOP('',(#3360,#3300,#3220,#3140));
#3380=FACE_OUTER_BOUND('',#3370,.T.);
#3390=ADVANCED_FACE('',(#3380),#3040,.F.);
#3400=COLOUR_RGB('',0.560784339904785,0.588235318660736,
0.600000023841858);
#3410=FILL_AREA_STYLE_COLOUR('',#3400);
#3420=FILL_AREA_STYLE('',(#3410));
#3430=SURFACE_STYLE_FILL_AREA(#3420);
#3440=SURFACE_SIDE_STYLE('',(#3430));
#3450=SURFACE_STYLE_USAGE(.BOTH.,#3440);
#3460=PRESENTATION_STYLE_ASSIGNMENT((#3450));
#3470=CARTESIAN_POINT('',(73.9330473333702,120.181226001705,7.7));
#3480=DIRECTION('',(0.,0.,1.));
#3490=DIRECTION('',(1.,0.,0.));
#3500=AXIS2_PLACEMENT_3D('',#3470,#3480,#3490);
#3510=PLANE('',#3500);
#3520=CARTESIAN_POINT('',(0.,120.881226001705,7.7));
#3530=DIRECTION('',(1.,0.,0.));
#3540=VECTOR('',#3530,1.);
#3550=LINE('',#3520,#3540);
#3560=CARTESIAN_POINT('',(73.0419574948837,120.881226001705,7.7));
#3570=VERTEX_POINT('',#3560);
#3580=CARTESIAN_POINT('',(74.5698031199084,120.881226001705,7.7));
#3590=VERTEX_POINT('',#3580);
#3600=EDGE_CURVE('',#3570,#3590,#3550,.T.);
#3610=ORIENTED_EDGE('',*,*,#3600,.F.);
#3620=CARTESIAN_POINT('',(127.691666143538,0.,7.7));
#3630=DIRECTION('',(0.402320578211921,-0.915498854366965,0.));
#3640=VECTOR('',#3630,1.);
#3650=LINE('',#3620,#3640);
#3660=CARTESIAN_POINT('',(75.0092581517665,119.881226001705,7.7));
#3670=VERTEX_POINT('',#3660);
#3680=EDGE_CURVE('',#3590,#3670,#3650,.T.);
#3690=ORIENTED_EDGE('',*,*,#3680,.F.);
#3700=CARTESIAN_POINT('',(0.,119.881226001705,7.7));
#3710=DIRECTION('',(1.,0.,0.));
#3720=VECTOR('',#3710,1.);
#3730=LINE('',#3700,#3720);
#3740=CARTESIAN_POINT('',(73.0419574948837,119.881226001705,7.7));
#3750=VERTEX_POINT('',#3740);
#3760=EDGE_CURVE('',#3750,#3670,#3730,.T.);
#3770=ORIENTED_EDGE('',*,*,#3760,.T.);
#3780=CARTESIAN_POINT('',(73.0419574948837,0.,7.7));
#3790=DIRECTION('',(0.,1.,0.));
#3800=VECTOR('',#3790,1.);
#3810=LINE('',#3780,#3800);
#3820=EDGE_CURVE('',#3750,#3570,#3810,.T.);
#3830=ORIENTED_EDGE('',*,*,#3820,.F.);
#3840=EDGE_LOOP('',(#3830,#3770,#3690,#3610));
#3850=FACE_OUTER_BOUND('',#3840,.T.);
#3860=ADVANCED_FACE('',(#3850),#3510,.T.);
#3870=COLOUR_RGB('',0.560784339904785,0.588235318660736,
0.600000023841858);
#3880=FILL_AREA_STYLE_COLOUR('',#3870);
#3890=FILL_AREA_STYLE('',(#3880));
#3900=SURFACE_STYLE_FILL_AREA(#3890);
#3910=SURFACE_SIDE_STYLE('',(#3900));
#3920=SURFACE_STYLE_USAGE(.BOTH.,#3910);
#3930=PRESENTATION_STYLE_ASSIGNMENT((#3920));
#3940=CARTESIAN_POINT('',(78.7419574948837,117.706226001707,9.5));
#3950=DIRECTION('',(1.,0.,0.));
#3960=DIRECTION('',(0.,-1.,0.));
#3970=AXIS2_PLACEMENT_3D('',#3940,#3950,#3960);
#3980=PLANE('',#3970);
#3990=CARTESIAN_POINT('',(78.7419574948837,1.4210854715202E-14,9.5));
#4000=DIRECTION('',(0.,-1.,0.));
#4010=VECTOR('',#4000,1.);
#4020=LINE('',#3990,#4010);
#4030=CARTESIAN_POINT('',(78.7419574948837,118.304431082462,9.5));
#4040=VERTEX_POINT('',#4030);
#4050=CARTESIAN_POINT('',(78.7419574948837,117.706226001707,9.5));
#4060=VERTEX_POINT('',#4050);
#4070=EDGE_CURVE('',#4040,#4060,#4020,.T.);
#4080=ORIENTED_EDGE('',*,*,#4070,.F.);
#4090=CARTESIAN_POINT('',(78.7419574948837,117.706226001707,0.));
#4100=DIRECTION('',(0.,0.,1.));
#4110=VECTOR('',#4100,1.);
#4120=LINE('',#4090,#4110);
#4130=CARTESIAN_POINT('',(78.7419574948837,117.706226001707,8.5));
#4140=VERTEX_POINT('',#4130);
#4150=EDGE_CURVE('',#4140,#4060,#4120,.T.);
#4160=ORIENTED_EDGE('',*,*,#4150,.T.);
#4170=CARTESIAN_POINT('',(78.7419574948837,1.4210854715202E-14,8.5));
#4180=DIRECTION('',(0.,-1.,0.));
#4190=VECTOR('',#4180,1.);
#4200=LINE('',#4170,#4190);
#4210=CARTESIAN_POINT('',(78.7419574948837,118.304431082462,8.5));
#4220=VERTEX_POINT('',#4210);
#4230=EDGE_CURVE('',#4220,#4140,#4200,.T.);
#4240=ORIENTED_EDGE('',*,*,#4230,.T.);
#4250=CARTESIAN_POINT('',(78.7419574948837,118.304431082462,9.5));
#4260=DIRECTION('',(0.,0.,-1.));
#4270=VECTOR('',#4260,1.);
#4280=LINE('',#4250,#4270);
#4290=EDGE_CURVE('',#4040,#4220,#4280,.T.);
#4300=ORIENTED_EDGE('',*,*,#4290,.T.);
#4310=EDGE_LOOP('',(#4300,#4240,#4160,#4080));
#4320=FACE_OUTER_BOUND('',#4310,.T.);
#4330=ADVANCED_FACE('',(#4320),#3980,.F.);
#4340=COLOUR_RGB('',0.560784339904785,0.588235318660736,
0.600000023841858);
#4350=FILL_AREA_STYLE_COLOUR('',#4340);
#4360=FILL_AREA_STYLE('',(#4350));
#4370=SURFACE_STYLE_FILL_AREA(#4360);
#4380=SURFACE_SIDE_STYLE('',(#4370));
#4390=SURFACE_STYLE_USAGE(.BOTH.,#4380);
#4400=PRESENTATION_STYLE_ASSIGNMENT((#4390));
#4410=CARTESIAN_POINT('',(82.6419574948837,112.381226001705,9.5));
#4420=DIRECTION('',(-0.,-1.,-0.));
#4430=DIRECTION('',(-1.,0.,0.));
#4440=AXIS2_PLACEMENT_3D('',#4410,#4420,#4430);
#4450=PLANE('',#4440);
#4460=CARTESIAN_POINT('',(84.7419574948837,112.381226001705,0.));
#4470=DIRECTION('',(0.,0.,1.));
#4480=VECTOR('',#4470,1.);
#4490=LINE('',#4460,#4480);
#4500=CARTESIAN_POINT('',(84.7419574948837,112.381226001705,
2.60717967697247));
#4510=VERTEX_POINT('',#4500);
#4520=CARTESIAN_POINT('',(84.7419574948837,112.381226001705,9.5));
#4530=VERTEX_POINT('',#4520);
#4540=EDGE_CURVE('',#4510,#4530,#4490,.T.);
#4550=ORIENTED_EDGE('',*,*,#4540,.T.);
#4560=CARTESIAN_POINT('',(0.,112.381226001705,2.60717967697247));
#4570=DIRECTION('',(-1.,0.,0.));
#4580=VECTOR('',#4570,1.);
#4590=LINE('',#4560,#4580);
#4600=CARTESIAN_POINT('',(82.6419574948837,112.381226001705,
2.60717967697247));
#4610=VERTEX_POINT('',#4600);
#4620=EDGE_CURVE('',#4510,#4610,#4590,.T.);
#4630=ORIENTED_EDGE('',*,*,#4620,.F.);
#4640=CARTESIAN_POINT('',(82.6419574948837,112.381226001705,0.));
#4650=DIRECTION('',(0.,0.,-1.));
#4660=VECTOR('',#4650,1.);
#4670=LINE('',#4640,#4660);
#4680=CARTESIAN_POINT('',(82.6419574948837,112.381226001705,9.5));
#4690=VERTEX_POINT('',#4680);
#4700=EDGE_CURVE('',#4690,#4610,#4670,.T.);
#4710=ORIENTED_EDGE('',*,*,#4700,.T.);
#4720=CARTESIAN_POINT('',(0.,112.381226001705,9.5));
#4730=DIRECTION('',(1.,0.,0.));
#4740=VECTOR('',#4730,1.);
#4750=LINE('',#4720,#4740);
#4760=EDGE_CURVE('',#4690,#4530,#4750,.T.);
#4770=ORIENTED_EDGE('',*,*,#4760,.F.);
#4780=EDGE_LOOP('',(#4770,#4710,#4630,#4550));
#4790=FACE_OUTER_BOUND('',#4780,.T.);
#4800=ADVANCED_FACE('',(#4790),#4450,.T.);
#4810=COLOUR_RGB('',0.560784339904785,0.588235318660736,
0.600000023841858);
#4820=FILL_AREA_STYLE_COLOUR('',#4810);
#4830=FILL_AREA_STYLE('',(#4820));
#4840=SURFACE_STYLE_FILL_AREA(#4830);
#4850=SURFACE_SIDE_STYLE('',(#4840));
#4860=SURFACE_STYLE_USAGE(.BOTH.,#4850);
#4870=PRESENTATION_STYLE_ASSIGNMENT((#4860));
#4880=CARTESIAN_POINT('',(58.2919574948837,100.681226001705,8.5));
#4890=DIRECTION('',(0.,0.,1.));
#4900=DIRECTION('',(1.,0.,0.));
#4910=AXIS2_PLACEMENT_3D('',#4880,#4890,#4900);
#4920=PLANE('',#4910);
#4930=CARTESIAN_POINT('',(0.,72.8427407262718,8.5));
#4940=DIRECTION('',(0.866025403784436,0.500000000000005,0.));
#4950=VECTOR('',#4940,1.);
#4960=LINE('',#4930,#4950);
#4970=CARTESIAN_POINT('',(81.1737091422833,119.70840355069,8.5));
#4980=VERTEX_POINT('',#4970);
#4990=EDGE_CURVE('',#4220,#4980,#4960,.T.);
#5000=ORIENTED_EDGE('',*,*,#4990,.T.);
#5010=ORIENTED_EDGE('',*,*,#4230,.F.);
#5020=CARTESIAN_POINT('',(0.,117.706226001711,8.5));
#5030=DIRECTION('',(-1.,5.79813974610488E-14,0.));
#5040=VECTOR('',#5030,1.);
#5050=LINE('',#5020,#5040);
#5060=CARTESIAN_POINT('',(81.2919574948837,117.706226001707,8.5));
#5070=VERTEX_POINT('',#5060);
#5080=EDGE_CURVE('',#5070,#4140,#5050,.T.);
#5090=ORIENTED_EDGE('',*,*,#5080,.T.);
#5100=CARTESIAN_POINT('',(81.2919574948837,0.,8.5));
#5110=DIRECTION('',(0.,-1.,0.));
#5120=VECTOR('',#5110,1.);
#5130=LINE('',#5100,#5120);
#5140=CARTESIAN_POINT('',(81.2919574948837,118.776226001707,8.5));
#5150=VERTEX_POINT('',#5140);
#5160=EDGE_CURVE('',#5150,#5070,#5130,.T.);
#5170=ORIENTED_EDGE('',*,*,#5160,.T.);
#5180=CARTESIAN_POINT('',(0.,118.776226001707,8.5));
#5190=DIRECTION('',(1.,0.,0.));
#5200=VECTOR('',#5190,1.);
#5210=LINE('',#5180,#5200);
#5220=CARTESIAN_POINT('',(80.7640590277965,118.776226001707,8.5));
#5230=VERTEX_POINT('',#5220);
#5240=EDGE_CURVE('',#5230,#5150,#5210,.T.);
#5250=ORIENTED_EDGE('',*,*,#5240,.T.);
#5260=CARTESIAN_POINT('',(28.567248846105,0.,8.5));
#5270=DIRECTION('',(0.402320578212711,0.915498854366618,0.));
#5280=VECTOR('',#5270,1.);
#5290=LINE('',#5260,#5280);
#5300=EDGE_CURVE('',#5230,#4980,#5290,.T.);
#5310=ORIENTED_EDGE('',*,*,#5300,.F.);
#5320=EDGE_LOOP('',(#5310,#5250,#5170,#5090,#5010,#5000));
#5330=FACE_OUTER_BOUND('',#5320,.T.);
#5340=ADVANCED_FACE('',(#5330),#4920,.F.);
#5350=COLOUR_RGB('',0.560784339904785,0.588235318660736,
0.600000023841858);
#5360=FILL_AREA_STYLE_COLOUR('',#5350);
#5370=FILL_AREA_STYLE('',(#5360));
#5380=SURFACE_STYLE_FILL_AREA(#5370);
#5390=SURFACE_SIDE_STYLE('',(#5380));
#5400=SURFACE_STYLE_USAGE(.BOTH.,#5390);
#5410=PRESENTATION_STYLE_ASSIGNMENT((#5400));
#5420=CARTESIAN_POINT('',(74.8324563492503,120.283546579919,
-9.34000239999996));
#5430=DIRECTION('',(0.915498854366965,0.402320578211921,0.));
#5440=DIRECTION('',(0.402320578211921,-0.915498854366965,0.));
#5450=AXIS2_PLACEMENT_3D('',#5420,#5430,#5440);
#5460=PLANE('',#5450);
#5470=CARTESIAN_POINT('',(75.0767063799748,119.727744477274,0.));
#5480=DIRECTION('',(0.,0.,-1.));
#5490=VECTOR('',#5480,1.);
#5500=LINE('',#5470,#5490);
#5510=CARTESIAN_POINT('',(75.0767063799747,119.727744477274,1.));
#5520=VERTEX_POINT('',#5510);
#5530=EDGE_CURVE('',#5520,#2490,#5500,.T.);
#5540=ORIENTED_EDGE('',*,*,#5530,.T.);
#5550=CARTESIAN_POINT('',(127.691666143538,0.,1.));
#5560=DIRECTION('',(-0.402320578211921,0.915498854366965,0.));
#5570=VECTOR('',#5560,1.);
#5580=LINE('',#5550,#5570);
#5590=EDGE_CURVE('',#3280,#5520,#5580,.T.);
#5600=ORIENTED_EDGE('',*,*,#5590,.T.);
#5610=ORIENTED_EDGE('',*,*,#3290,.F.);
#5620=CARTESIAN_POINT('',(127.691666143538,0.,9.5));
#5630=DIRECTION('',(-0.402320578211921,0.915498854366965,0.));
#5640=VECTOR('',#5630,1.);
#5650=LINE('',#5620,#5640);
#5660=CARTESIAN_POINT('',(75.0092581517665,119.881226001705,9.5));
#5670=VERTEX_POINT('',#5660);
#5680=EDGE_CURVE('',#3200,#5670,#5650,.T.);
#5690=ORIENTED_EDGE('',*,*,#5680,.F.);
#5700=CARTESIAN_POINT('',(75.0092581517665,119.881226001705,0.));
#5710=DIRECTION('',(0.,0.,-1.));
#5720=VECTOR('',#5710,1.);
#5730=LINE('',#5700,#5720);
#5740=EDGE_CURVE('',#5670,#3670,#5730,.T.);
#5750=ORIENTED_EDGE('',*,*,#5740,.F.);
#5760=ORIENTED_EDGE('',*,*,#3680,.T.);
#5770=CARTESIAN_POINT('',(74.5698031199084,120.881226001705,0.));
#5780=DIRECTION('',(0.,0.,-1.));
#5790=VECTOR('',#5780,1.);
#5800=LINE('',#5770,#5790);
#5810=EDGE_CURVE('',#3590,#2570,#5800,.T.);
#5820=ORIENTED_EDGE('',*,*,#5810,.F.);
#5830=ORIENTED_EDGE('',*,*,#2580,.T.);
#5840=EDGE_LOOP('',(#5830,#5820,#5760,#5750,#5690,#5610,#5600,#5540));
#5850=FACE_OUTER_BOUND('',#5840,.T.);
#5860=ADVANCED_FACE('',(#5850),#5460,.T.);
#5870=COLOUR_RGB('',0.560784339904785,0.588235318660736,
0.600000023841858);
#5880=FILL_AREA_STYLE_COLOUR('',#5870);
#5890=FILL_AREA_STYLE('',(#5880));
#5900=SURFACE_STYLE_FILL_AREA(#5890);
#5910=SURFACE_SIDE_STYLE('',(#5900));
#5920=SURFACE_STYLE_USAGE(.BOTH.,#5910);
#5930=PRESENTATION_STYLE_ASSIGNMENT((#5920));
#5940=CARTESIAN_POINT('',(81.249656838,119.881226001705,1.8));
#5950=DIRECTION('',(0.,-1.,0.));
#5960=DIRECTION('',(1.,0.,0.));
#5970=AXIS2_PLACEMENT_3D('',#5940,#5950,#5960);
#5980=PLANE('',#5970);
#5990=CARTESIAN_POINT('',(83.2419574948837,119.881226001705,0.));
#6000=DIRECTION('',(0.,0.,-1.));
#6010=VECTOR('',#6000,1.);
#6020=LINE('',#5990,#6010);
#6030=CARTESIAN_POINT('',(83.2419574948837,119.881226001705,1.8));
#6040=VERTEX_POINT('',#6030);
#6050=EDGE_CURVE('',#6040,#1930,#6020,.T.);
#6060=ORIENTED_EDGE('',*,*,#6050,.T.);
#6070=CARTESIAN_POINT('',(0.,119.881226001705,1.8));
#6080=DIRECTION('',(-1.,0.,0.));
#6090=VECTOR('',#6080,1.);
#6100=LINE('',#6070,#6090);
#6110=CARTESIAN_POINT('',(81.249656838,119.881226001705,1.8));
#6120=VERTEX_POINT('',#6110);
#6130=EDGE_CURVE('',#6040,#6120,#6100,.T.);
#6140=ORIENTED_EDGE('',*,*,#6130,.F.);
#6150=CARTESIAN_POINT('',(81.249656838,119.881226001705,0.));
#6160=DIRECTION('',(0.,0.,1.));
#6170=VECTOR('',#6160,1.);
#6180=LINE('',#6150,#6170);
#6190=EDGE_CURVE('',#2010,#6120,#6180,.T.);
#6200=ORIENTED_EDGE('',*,*,#6190,.T.);
#6210=ORIENTED_EDGE('',*,*,#2020,.F.);
#6220=EDGE_LOOP('',(#6210,#6200,#6140,#6060));
#6230=FACE_OUTER_BOUND('',#6220,.T.);
#6240=ADVANCED_FACE('',(#6230),#5980,.F.);
#6250=COLOUR_RGB('',0.560784339904785,0.588235318660736,
0.600000023841858);
#6260=FILL_AREA_STYLE_COLOUR('',#6250);
#6270=FILL_AREA_STYLE('',(#6260));
#6280=SURFACE_STYLE_FILL_AREA(#6270);
#6290=SURFACE_SIDE_STYLE('',(#6280));
#6300=SURFACE_STYLE_USAGE(.BOTH.,#6290);
#6310=PRESENTATION_STYLE_ASSIGNMENT((#6300));
#6320=CARTESIAN_POINT('',(77.5419574948837,117.706226001707,0.));
#6330=DIRECTION('',(-1.,0.,0.));
#6340=DIRECTION('',(0.,-1.,0.));
#6350=AXIS2_PLACEMENT_3D('',#6320,#6330,#6340);
#6360=PLANE('',#6350);
#6370=ORIENTED_EDGE('',*,*,#2420,.T.);
#6380=CARTESIAN_POINT('',(77.5419574948837,117.706226001707,0.));
#6390=DIRECTION('',(0.,0.,-1.));
#6400=VECTOR('',#6390,1.);
#6410=LINE('',#6380,#6400);
#6420=CARTESIAN_POINT('',(77.5419574948837,117.706226001707,1.));
#6430=VERTEX_POINT('',#6420);
#6440=EDGE_CURVE('',#6430,#2330,#6410,.T.);
#6450=ORIENTED_EDGE('',*,*,#6440,.T.);
#6460=CARTESIAN_POINT('',(77.5419574948837,1.4210854715202E-14,1.));
#6470=DIRECTION('',(0.,1.,0.));
#6480=VECTOR('',#6470,1.);
#6490=LINE('',#6460,#6480);
#6500=CARTESIAN_POINT('',(77.5419574948837,118.304431082462,1.));
#6510=VERTEX_POINT('',#6500);
#6520=EDGE_CURVE('',#6430,#6510,#6490,.T.);
#6530=ORIENTED_EDGE('',*,*,#6520,.F.);
#6540=CARTESIAN_POINT('',(77.5419574948837,118.304431082462,0.));
#6550=DIRECTION('',(0.,0.,1.));
#6560=VECTOR('',#6550,1.);
#6570=LINE('',#6540,#6560);
#6580=EDGE_CURVE('',#2410,#6510,#6570,.T.);
#6590=ORIENTED_EDGE('',*,*,#6580,.T.);
#6600=EDGE_LOOP('',(#6590,#6530,#6450,#6370));
#6610=FACE_OUTER_BOUND('',#6600,.T.);
#6620=ADVANCED_FACE('',(#6610),#6360,.F.);
#6630=COLOUR_RGB('',0.560784339904785,0.588235318660736,
0.600000023841858);
#6640=FILL_AREA_STYLE_COLOUR('',#6630);
#6650=FILL_AREA_STYLE('',(#6640));
#6660=SURFACE_STYLE_FILL_AREA(#6650);
#6670=SURFACE_SIDE_STYLE('',(#6660));
#6680=SURFACE_STYLE_USAGE(.BOTH.,#6670);
#6690=PRESENTATION_STYLE_ASSIGNMENT((#6680));
#6700=CARTESIAN_POINT('',(84.7419574948837,92.1812260017046,0.));
#6710=DIRECTION('',(1.,-0.,0.));
#6720=DIRECTION('',(0.,0.,-1.));
#6730=AXIS2_PLACEMENT_3D('',#6700,#6710,#6720);
#6740=PLANE('',#6730);
#6750=CARTESIAN_POINT('',(84.7419574948837,92.1812260017045,9.5));
#6760=DIRECTION('',(0.,0.,1.));
#6770=VECTOR('',#6760,1.);
#6780=LINE('',#6750,#6770);
#6790=CARTESIAN_POINT('',(84.7419574948837,92.1812260017045,1.));
#6800=VERTEX_POINT('',#6790);
#6810=EDGE_CURVE('',#1770,#6800,#6780,.T.);
#6820=ORIENTED_EDGE('',*,*,#6810,.F.);
#6830=CARTESIAN_POINT('',(84.7419574948837,92.1812260017046,1.));
#6840=DIRECTION('',(0.,1.,0.));
#6850=VECTOR('',#6840,1.);
#6860=LINE('',#6830,#6850);
#6870=CARTESIAN_POINT('',(84.7419574948837,112.781226001705,1.));
#6880=VERTEX_POINT('',#6870);
#6890=EDGE_CURVE('',#6800,#6880,#6860,.T.);
#6900=ORIENTED_EDGE('',*,*,#6890,.F.);
#6910=CARTESIAN_POINT('',(84.7419574948837,112.781226001705,0.));
#6920=DIRECTION('',(0.,0.,1.));
#6930=VECTOR('',#6920,1.);
#6940=LINE('',#6910,#6930);
#6950=CARTESIAN_POINT('',(84.7419574948837,112.781226001705,2.5));
#6960=VERTEX_POINT('',#6950);
#6970=EDGE_CURVE('',#6880,#6960,#6940,.T.);
#6980=ORIENTED_EDGE('',*,*,#6970,.F.);
#6990=CARTESIAN_POINT('',(84.7419574948837,0.,32.7196384285488));
#7000=DIRECTION('',(0.,-0.965925826289068,0.258819045102521));
#7010=VECTOR('',#7000,1.);
#7020=LINE('',#6990,#7010);
#7030=EDGE_CURVE('',#6960,#4510,#7020,.T.);
#7040=ORIENTED_EDGE('',*,*,#7030,.F.);
#7050=ORIENTED_EDGE('',*,*,#4540,.F.);
#7060=CARTESIAN_POINT('',(84.7419574948837,0.,9.5));
#7070=DIRECTION('',(0.,1.,0.));
#7080=VECTOR('',#7070,1.);
#7090=LINE('',#7060,#7080);
#7100=CARTESIAN_POINT('',(84.7419574948837,114.283149790352,9.5));
#7110=VERTEX_POINT('',#7100);
#7120=EDGE_CURVE('',#4530,#7110,#7090,.T.);
#7130=ORIENTED_EDGE('',*,*,#7120,.F.);
#7140=CARTESIAN_POINT('',(84.7419574948837,114.283149790352,5.5));
#7150=DIRECTION('',(0.,0.,1.));
#7160=VECTOR('',#7150,1.);
#7170=LINE('',#7140,#7160);
#7180=EDGE_CURVE('',#1850,#7110,#7170,.T.);
#7190=ORIENTED_EDGE('',*,*,#7180,.T.);
#7200=ORIENTED_EDGE('',*,*,#1860,.T.);
#7210=EDGE_LOOP('',(#7200,#7190,#7130,#7050,#7040,#6980,#6900,#6820));
#7220=FACE_OUTER_BOUND('',#7210,.T.);
#7230=ADVANCED_FACE('',(#7220),#6740,.T.);
#7240=COLOUR_RGB('',0.560784339904785,0.588235318660736,
0.600000023841858);
#7250=FILL_AREA_STYLE_COLOUR('',#7240);
#7260=FILL_AREA_STYLE('',(#7250));
#7270=SURFACE_STYLE_FILL_AREA(#7260);
#7280=SURFACE_SIDE_STYLE('',(#7270));
#7290=SURFACE_STYLE_USAGE(.BOTH.,#7280);
#7300=PRESENTATION_STYLE_ASSIGNMENT((#7290));
#7310=CARTESIAN_POINT('',(80.8688226896403,119.014620500003,
-9.34000239999996));
#7320=DIRECTION('',(-0.915498854366618,0.402320578212711,0.));
#7330=DIRECTION('',(0.402320578212711,0.915498854366618,0.));
#7340=AXIS2_PLACEMENT_3D('',#7310,#7320,#7330);
#7350=PLANE('',#7340);
#7360=ORIENTED_EDGE('',*,*,#2100,.T.);
#7370=ORIENTED_EDGE('',*,*,#6190,.F.);
#7380=CARTESIAN_POINT('',(28.567248846105,0.,1.8));
#7390=DIRECTION('',(-0.402320578212711,-0.915498854366618,0.));
#7400=VECTOR('',#7390,1.);
#7410=LINE('',#7380,#7400);
#7420=CARTESIAN_POINT('',(81.6891118698591,120.881226001705,1.8));
#7430=VERTEX_POINT('',#7420);
#7440=EDGE_CURVE('',#7430,#6120,#7410,.T.);
#7450=ORIENTED_EDGE('',*,*,#7440,.T.);
#7460=CARTESIAN_POINT('',(81.6891118698591,120.881226001705,0.));
#7470=DIRECTION('',(0.,0.,1.));
#7480=VECTOR('',#7470,1.);
#7490=LINE('',#7460,#7480);
#7500=CARTESIAN_POINT('',(81.6891118698591,120.881226001705,9.5));
#7510=VERTEX_POINT('',#7500);
#7520=EDGE_CURVE('',#7430,#7510,#7490,.T.);
#7530=ORIENTED_EDGE('',*,*,#7520,.F.);
#7540=CARTESIAN_POINT('',(28.567248846105,0.,9.5));
#7550=DIRECTION('',(-0.402320578212711,-0.915498854366618,0.));
#7560=VECTOR('',#7550,1.);
#7570=LINE('',#7540,#7560);
#7580=CARTESIAN_POINT('',(81.1737091422833,119.70840355069,9.5));
#7590=VERTEX_POINT('',#7580);
#7600=EDGE_CURVE('',#7510,#7590,#7570,.T.);
#7610=ORIENTED_EDGE('',*,*,#7600,.F.);
#7620=CARTESIAN_POINT('',(81.1737091422833,119.70840355069,0.));
#7630=DIRECTION('',(0.,0.,1.));
#7640=VECTOR('',#7630,1.);
#7650=LINE('',#7620,#7640);
#7660=EDGE_CURVE('',#4980,#7590,#7650,.T.);
#7670=ORIENTED_EDGE('',*,*,#7660,.T.);
#7680=ORIENTED_EDGE('',*,*,#5300,.T.);
#7690=CARTESIAN_POINT('',(80.7640590277964,118.776226001707,0.));
#7700=DIRECTION('',(0.,0.,-1.));
#7710=VECTOR('',#7700,1.);
#7720=LINE('',#7690,#7710);
#7730=EDGE_CURVE('',#5230,#2090,#7720,.T.);
#7740=ORIENTED_EDGE('',*,*,#7730,.F.);
#7750=EDGE_LOOP('',(#7740,#7680,#7670,#7610,#7530,#7450,#7370,#7360));
#7760=FACE_OUTER_BOUND('',#7750,.T.);
#7770=ADVANCED_FACE('',(#7760),#7350,.T.);
#7780=COLOUR_RGB('',0.560784339904785,0.588235318660736,
0.600000023841858);
#7790=FILL_AREA_STYLE_COLOUR('',#7780);
#7800=FILL_AREA_STYLE('',(#7790));
#7810=SURFACE_STYLE_FILL_AREA(#7800);
#7820=SURFACE_SIDE_STYLE('',(#7810));
#7830=SURFACE_STYLE_USAGE(.BOTH.,#7820);
#7840=PRESENTATION_STYLE_ASSIGNMENT((#7830));
#7850=CARTESIAN_POINT('',(58.2919574948837,100.681226001705,9.5));
#7860=DIRECTION('',(0.,0.,1.));
#7870=DIRECTION('',(1.,0.,0.));
#7880=AXIS2_PLACEMENT_3D('',#7850,#7860,#7870);
#7890=PLANE('',#7880);
#7900=CARTESIAN_POINT('',(40.9198798000728,0.,9.5));
#7910=DIRECTION('',(0.25881904510253,0.965925826289066,0.));
#7920=VECTOR('',#7910,1.);
#7930=LINE('',#7900,#7920);
#7940=CARTESIAN_POINT('',(71.5419574948837,114.283149790352,9.5));
#7950=VERTEX_POINT('',#7940);
#7960=CARTESIAN_POINT('',(73.0419574948837,119.881226001705,9.5));
#7970=VERTEX_POINT('',#7960);
#7980=EDGE_CURVE('',#7950,#7970,#7930,.T.);
#7990=ORIENTED_EDGE('',*,*,#7980,.F.);
#8000=CARTESIAN_POINT('',(0.,119.881226001705,9.5));
#8010=DIRECTION('',(1.,0.,0.));
#8020=VECTOR('',#8010,1.);
#8030=LINE('',#8000,#8020);
#8040=EDGE_CURVE('',#7970,#5670,#8030,.T.);
#8050=ORIENTED_EDGE('',*,*,#8040,.F.);
#8060=ORIENTED_EDGE('',*,*,#5680,.T.);
#8070=ORIENTED_EDGE('',*,*,#3210,.F.);
#8080=CARTESIAN_POINT('',(74.9669574948833,0.,9.5));
#8090=DIRECTION('',(0.,-1.,0.));
#8100=VECTOR('',#8090,1.);
#8110=LINE('',#8080,#8100);
#8120=CARTESIAN_POINT('',(74.9669574948833,117.706226001707,9.5));
#8130=VERTEX_POINT('',#8120);
#8140=EDGE_CURVE('',#3100,#8130,#8110,.T.);
#8150=ORIENTED_EDGE('',*,*,#8140,.F.);
#8160=CARTESIAN_POINT('',(0.,117.706226001711,9.5));
#8170=DIRECTION('',(1.,-5.79813974610488E-14,0.));
#8180=VECTOR('',#8170,1.);
#8190=LINE('',#8160,#8180);
#8200=EDGE_CURVE('',#8130,#4060,#8190,.T.);
#8210=ORIENTED_EDGE('',*,*,#8200,.F.);
#8220=ORIENTED_EDGE('',*,*,#4070,.T.);
#8230=CARTESIAN_POINT('',(0.,72.8427407262718,9.5));
#8240=DIRECTION('',(0.866025403784436,0.500000000000005,0.));
#8250=VECTOR('',#8240,1.);
#8260=LINE('',#8230,#8250);
#8270=EDGE_CURVE('',#4040,#7590,#8260,.T.);
#8280=ORIENTED_EDGE('',*,*,#8270,.F.);
#8290=ORIENTED_EDGE('',*,*,#7600,.T.);
#8300=CARTESIAN_POINT('',(0.,120.881226001705,9.5));
#8310=DIRECTION('',(1.,0.,0.));
#8320=VECTOR('',#8310,1.);
#8330=LINE('',#8300,#8320);
#8340=CARTESIAN_POINT('',(83.2419574948837,120.881226001705,9.5));
#8350=VERTEX_POINT('',#8340);
#8360=EDGE_CURVE('',#7510,#8350,#8330,.T.);
#8370=ORIENTED_EDGE('',*,*,#8360,.F.);
#8380=CARTESIAN_POINT('',(83.2419574948837,0.,9.5));
#8390=DIRECTION('',(0.,-1.,0.));
#8400=VECTOR('',#8390,1.);
#8410=LINE('',#8380,#8400);
#8420=CARTESIAN_POINT('',(83.2419574948837,119.881226001705,9.5));
#8430=VERTEX_POINT('',#8420);
#8440=EDGE_CURVE('',#8350,#8430,#8410,.T.);
#8450=ORIENTED_EDGE('',*,*,#8440,.F.);
#8460=CARTESIAN_POINT('',(115.364035189695,0.,9.5));
#8470=DIRECTION('',(0.25881904510253,-0.965925826289066,0.));
#8480=VECTOR('',#8470,1.);
#8490=LINE('',#8460,#8480);
#8500=EDGE_CURVE('',#8430,#7110,#8490,.T.);
#8510=ORIENTED_EDGE('',*,*,#8500,.F.);
#8520=ORIENTED_EDGE('',*,*,#7120,.T.);
#8530=ORIENTED_EDGE('',*,*,#4760,.T.);
#8540=CARTESIAN_POINT('',(82.6419574948837,0.,9.5));
#8550=DIRECTION('',(0.,1.,0.));
#8560=VECTOR('',#8550,1.);
#8570=LINE('',#8540,#8560);
#8580=CARTESIAN_POINT('',(82.6419574948837,109.181226001705,9.5));
#8590=VERTEX_POINT('',#8580);
#8600=EDGE_CURVE('',#8590,#4690,#8570,.T.);
#8610=ORIENTED_EDGE('',*,*,#8600,.T.);
#8620=CARTESIAN_POINT('',(0.,109.181226001705,9.5));
#8630=DIRECTION('',(-1.,0.,0.));
#8640=VECTOR('',#8630,1.);
#8650=LINE('',#8620,#8640);
#8660=CARTESIAN_POINT('',(84.7419574948837,109.181226001705,9.5));
#8670=VERTEX_POINT('',#8660);
#8680=EDGE_CURVE('',#8670,#8590,#8650,.T.);
#8690=ORIENTED_EDGE('',*,*,#8680,.T.);
#8700=CARTESIAN_POINT('',(84.7419574948837,92.1812260017045,9.5));
#8710=VERTEX_POINT('',#8700);
#8720=EDGE_CURVE('',#8710,#8670,#7090,.T.);
#8730=ORIENTED_EDGE('',*,*,#8720,.T.);
#8740=CARTESIAN_POINT('',(0.,92.1812260017045,9.5));
#8750=DIRECTION('',(1.,0.,0.));
#8760=VECTOR('',#8750,1.);
#8770=LINE('',#8740,#8760);
#8780=CARTESIAN_POINT('',(75.3419574948837,92.1812260017045,9.5));
#8790=VERTEX_POINT('',#8780);
#8800=EDGE_CURVE('',#8790,#8710,#8770,.T.);
#8810=ORIENTED_EDGE('',*,*,#8800,.T.);
#8820=CARTESIAN_POINT('',(75.3419574948837,0.233279275792114,9.5));
#8830=DIRECTION('',(0.,-1.,0.));
#8840=VECTOR('',#8830,1.);
#8850=LINE('',#8820,#8840);
#8860=CARTESIAN_POINT('',(75.3419574948837,98.5812260017046,9.5));
#8870=VERTEX_POINT('',#8860);
#8880=EDGE_CURVE('',#8870,#8790,#8850,.T.);
#8890=ORIENTED_EDGE('',*,*,#8880,.T.);
#8900=CARTESIAN_POINT('',(0.,98.5812260017046,9.5));
#8910=DIRECTION('',(-1.,0.,0.));
#8920=VECTOR('',#8910,1.);
#8930=LINE('',#8900,#8920);
#8940=CARTESIAN_POINT('',(70.2919574948837,98.5812260017046,9.5));
#8950=VERTEX_POINT('',#8940);
#8960=EDGE_CURVE('',#8870,#8950,#8930,.T.);
#8970=ORIENTED_EDGE('',*,*,#8960,.F.);
#8980=CARTESIAN_POINT('',(70.2919574948837,96.5812260017046,9.5));
#8990=DIRECTION('',(0.,0.,1.));
#9000=DIRECTION('',(1.,0.,0.));
#9010=AXIS2_PLACEMENT_3D('',#8980,#8990,#9000);
#9020=CIRCLE('',#9010,2.);
#9030=CARTESIAN_POINT('',(68.2919574948837,96.5812260017046,9.5));
#9040=VERTEX_POINT('',#9030);
#9050=EDGE_CURVE('',#8950,#9040,#9020,.T.);
#9060=ORIENTED_EDGE('',*,*,#9050,.F.);
#9070=CARTESIAN_POINT('',(68.2919574948837,96.5812260017046,9.5));
#9080=DIRECTION('',(0.,-1.,0.));
#9090=VECTOR('',#9080,1.);
#9100=LINE('',#9070,#9090);
#9110=CARTESIAN_POINT('',(68.2919574948837,94.8312260017047,9.5));
#9120=VERTEX_POINT('',#9110);
#9130=EDGE_CURVE('',#9040,#9120,#9100,.T.);
#9140=ORIENTED_EDGE('',*,*,#9130,.F.);
#9150=CARTESIAN_POINT('',(68.4384041042904,94.684779392298,9.5));
#9160=DIRECTION('',(0.707106781186559,-0.707106781186536,0.));
#9170=VECTOR('',#9160,1.);
#9180=LINE('',#9150,#9170);
#9190=CARTESIAN_POINT('',(70.1419574948837,92.9812260017047,9.5));
#9200=VERTEX_POINT('',#9190);
#9210=EDGE_CURVE('',#9120,#9200,#9180,.T.);
#9220=ORIENTED_EDGE('',*,*,#9210,.F.);
#9230=CARTESIAN_POINT('',(70.1419574948837,92.9812260017047,9.5));
#9240=DIRECTION('',(0.,-1.,0.));
#9250=VECTOR('',#9240,1.);
#9260=LINE('',#9230,#9250);
#9270=CARTESIAN_POINT('',(70.1419574948837,92.2477605215768,9.5));
#9280=VERTEX_POINT('',#9270);
#9290=EDGE_CURVE('',#9200,#9280,#9260,.T.);
#9300=ORIENTED_EDGE('',*,*,#9290,.F.);
#9310=CARTESIAN_POINT('',(68.6303651180336,91.9812260017047,9.5));
#9320=DIRECTION('',(0.984807753012194,0.173648177667011,0.));
#9330=VECTOR('',#9320,1.);
#9340=LINE('',#9310,#9330);
#9350=CARTESIAN_POINT('',(68.6303651180336,91.9812260017047,9.5));
#9360=VERTEX_POINT('',#9350);
#9370=EDGE_CURVE('',#9360,#9280,#9340,.T.);
#9380=ORIENTED_EDGE('',*,*,#9370,.T.);
#9390=CARTESIAN_POINT('',(68.6303651180336,91.9812260017047,9.5));
#9400=DIRECTION('',(0.173648177666903,-0.984807753012213,0.));
#9410=VECTOR('',#9400,1.);
#9420=LINE('',#9390,#9410);
#9430=CARTESIAN_POINT('',(68.8419574948837,90.7812260017049,9.5));
#9440=VERTEX_POINT('',#9430);
#9450=EDGE_CURVE('',#9360,#9440,#9420,.T.);
#9460=ORIENTED_EDGE('',*,*,#9450,.F.);
#9470=CARTESIAN_POINT('',(68.8419574948837,90.7812260017049,9.5));
#9480=DIRECTION('',(0.988371697650586,-0.152057184254142,0.));
#9490=VECTOR('',#9480,1.);
#9500=LINE('',#9470,#9490);
#9510=CARTESIAN_POINT('',(70.1419574948837,90.5812260017046,9.5));
#9520=VERTEX_POINT('',#9510);
#9530=EDGE_CURVE('',#9440,#9520,#9500,.T.);
#9540=ORIENTED_EDGE('',*,*,#9530,.F.);
#9550=CARTESIAN_POINT('',(70.1419574948837,90.5812260017046,9.5));
#9560=DIRECTION('',(0.,-1.,0.));
#9570=VECTOR('',#9560,1.);
#9580=LINE('',#9550,#9570);
#9590=CARTESIAN_POINT('',(70.1419574948837,90.2812260017049,9.5));
#9600=VERTEX_POINT('',#9590);
#9610=EDGE_CURVE('',#9520,#9600,#9580,.T.);
#9620=ORIENTED_EDGE('',*,*,#9610,.F.);
#9630=CARTESIAN_POINT('',(60.6455013738608,90.5406891811481,9.5));
#9640=DIRECTION('',(0.,0.,1.));
#9650=DIRECTION('',(1.,0.,0.));
#9660=AXIS2_PLACEMENT_3D('',#9630,#9640,#9650);
#9670=CIRCLE('',#9660,9.50000000000006);
#9680=CARTESIAN_POINT('',(68.7481999966497,85.5812260017046,9.5));
#9690=VERTEX_POINT('',#9680);
#9700=EDGE_CURVE('',#9690,#9600,#9670,.T.);
#9710=ORIENTED_EDGE('',*,*,#9700,.T.);
#9720=CARTESIAN_POINT('',(67.8588303217236,85.5812260017046,9.5));
#9730=DIRECTION('',(-1.,0.,0.));
#9740=VECTOR('',#9730,1.);
#9750=LINE('',#9720,#9740);
#9760=CARTESIAN_POINT('',(57.7419574948837,85.5812260017046,9.5));
#9770=VERTEX_POINT('',#9760);
#9780=EDGE_CURVE('',#9690,#9770,#9750,.T.);
#9790=ORIENTED_EDGE('',*,*,#9780,.F.);
#9800=CARTESIAN_POINT('',(57.7419574948837,86.5812260017046,9.5));
#9810=DIRECTION('',(0.,1.,0.));
#9820=VECTOR('',#9810,1.);
#9830=LINE('',#9800,#9820);
#9840=CARTESIAN_POINT('',(57.7419574948837,89.0812260017046,9.5));
#9850=VERTEX_POINT('',#9840);
#9860=EDGE_CURVE('',#9770,#9850,#9830,.T.);
#9870=ORIENTED_EDGE('',*,*,#9860,.F.);
#9880=CARTESIAN_POINT('',(58.2419574948837,89.0812260017046,9.5));
#9890=DIRECTION('',(0.,0.,1.));
#9900=DIRECTION('',(1.,0.,0.));
#9910=AXIS2_PLACEMENT_3D('',#9880,#9890,#9900);
#9920=CIRCLE('',#9910,0.5);
#9930=CARTESIAN_POINT('',(58.7419574948837,89.0812260017046,9.5));
#9940=VERTEX_POINT('',#9930);
#9950=EDGE_CURVE('',#9940,#9850,#9920,.T.);
#9960=ORIENTED_EDGE('',*,*,#9950,.T.);
#9970=CARTESIAN_POINT('',(58.7419574948837,0.,9.5));
#9980=DIRECTION('',(0.,1.,0.));
#9990=VECTOR('',#9980,1.);
#10000=LINE('',#9970,#9990);
#10010=CARTESIAN_POINT('',(58.7419574948837,87.0812260017046,9.5));
#10020=VERTEX_POINT('',#10010);
#10030=EDGE_CURVE('',#10020,#9940,#10000,.T.);
#10040=ORIENTED_EDGE('',*,*,#10030,.T.);
#10050=CARTESIAN_POINT('',(0.,87.0812260017046,9.5));
#10060=DIRECTION('',(-1.,0.,0.));
#10070=VECTOR('',#10060,1.);
#10080=LINE('',#10050,#10070);
#10090=CARTESIAN_POINT('',(60.1419574948837,87.0812260017046,9.5));
#10100=VERTEX_POINT('',#10090);
#10110=EDGE_CURVE('',#10100,#10020,#10080,.T.);
#10120=ORIENTED_EDGE('',*,*,#10110,.T.);
#10130=CARTESIAN_POINT('',(60.1419574948837,0.,9.5));
#10140=DIRECTION('',(0.,1.,0.));
#10150=VECTOR('',#10140,1.);
#10160=LINE('',#10130,#10150);
#10170=CARTESIAN_POINT('',(60.1419574948837,90.9857074088953,9.5));
#10180=VERTEX_POINT('',#10170);
#10190=EDGE_CURVE('',#10100,#10180,#10160,.T.);
#10200=ORIENTED_EDGE('',*,*,#10190,.F.);
#10210=CARTESIAN_POINT('',(59.8608808559937,91.5884782061885,9.5));
#10220=DIRECTION('',(-0.422618261740677,0.906307787036661,0.));
#10230=VECTOR('',#10220,1.);
#10240=LINE('',#10210,#10230);
#10250=CARTESIAN_POINT('',(57.7419574948837,96.1325240181186,9.5));
#10260=VERTEX_POINT('',#10250);
#10270=EDGE_CURVE('',#10180,#10260,#10240,.T.);
#10280=ORIENTED_EDGE('',*,*,#10270,.F.);
#10290=CARTESIAN_POINT('',(57.7419574948837,0.,9.5));
#10300=DIRECTION('',(0.,1.,0.));
#10310=VECTOR('',#10300,1.);
#10320=LINE('',#10290,#10310);
#10330=CARTESIAN_POINT('',(57.7419574948837,107.581226001705,9.5));
#10340=VERTEX_POINT('',#10330);
#10350=EDGE_CURVE('',#10260,#10340,#10320,.T.);
#10360=ORIENTED_EDGE('',*,*,#10350,.F.);
#10370=CARTESIAN_POINT('',(0.,107.581226001705,9.5));
#10380=DIRECTION('',(-1.,0.,0.));
#10390=VECTOR('',#10380,1.);
#10400=LINE('',#10370,#10390);
#10410=CARTESIAN_POINT('',(71.5419574948837,107.581226001705,9.5));
#10420=VERTEX_POINT('',#10410);
#10430=EDGE_CURVE('',#10420,#10340,#10400,.T.);
#10440=ORIENTED_EDGE('',*,*,#10430,.T.);
#10450=CARTESIAN_POINT('',(71.5419574948837,0.,9.5));
#10460=DIRECTION('',(0.,1.,0.));
#10470=VECTOR('',#10460,1.);
#10480=LINE('',#10450,#10470);
#10490=EDGE_CURVE('',#10420,#7950,#10480,.T.);
#10500=ORIENTED_EDGE('',*,*,#10490,.F.);
#10510=EDGE_LOOP('',(#10500,#10440,#10360,#10280,#10200,#10120,#10040,
#9960,#9870,#9790,#9710,#9620,#9540,#9460,#9380,#9300,#9220,#9140,#9060,
#8970,#8890,#8810,#8730,#8690,#8610,#8530,#8520,#8510,#8450,#8370,#8290,
#8280,#8220,#8210,#8150,#8070,#8060,#8050,#7990));
#10520=FACE_OUTER_BOUND('',#10510,.T.);
#10530=ADVANCED_FACE('',(#10520),#7890,.T.);
#10540=COLOUR_RGB('',0.560784339904785,0.588235318660736,
0.600000023841858);
#10550=FILL_AREA_STYLE_COLOUR('',#10540);
#10560=FILL_AREA_STYLE('',(#10550));
#10570=SURFACE_STYLE_FILL_AREA(#10560);
#10580=SURFACE_SIDE_STYLE('',(#10570));
#10590=SURFACE_STYLE_USAGE(.BOTH.,#10580);
#10600=PRESENTATION_STYLE_ASSIGNMENT((#10590));
#10610=CARTESIAN_POINT('',(89.0419574948837,112.781226001705,9.5));
#10620=DIRECTION('',(-1.,0.,0.));
#10630=DIRECTION('',(0.,1.,0.));
#10640=AXIS2_PLACEMENT_3D('',#10610,#10620,#10630);
#10650=PLANE('',#10640);
#10660=CARTESIAN_POINT('',(89.0419574948837,109.181226001705,0.));
#10670=DIRECTION('',(0.,0.,-1.));
#10680=VECTOR('',#10670,1.);
#10690=LINE('',#10660,#10680);
#10700=CARTESIAN_POINT('',(89.0419574948837,109.181226001705,8.5));
#10710=VERTEX_POINT('',#10700);
#10720=CARTESIAN_POINT('',(89.0419574948837,109.181226001705,
3.46461709275215));
#10730=VERTEX_POINT('',#10720);
#10740=EDGE_CURVE('',#10710,#10730,#10690,.T.);
#10750=ORIENTED_EDGE('',*,*,#10740,.F.);
#10760=CARTESIAN_POINT('',(89.0419574948837,0.,32.7196384285488));
#10770=DIRECTION('',(0.,0.965925826289068,-0.258819045102521));
#10780=VECTOR('',#10770,1.);
#10790=LINE('',#10760,#10780);
#10800=CARTESIAN_POINT('',(89.0419574948837,112.781226001705,2.5));
#10810=VERTEX_POINT('',#10800);
#10820=EDGE_CURVE('',#10730,#10810,#10790,.T.);
#10830=ORIENTED_EDGE('',*,*,#10820,.F.);
#10840=CARTESIAN_POINT('',(89.0419574948837,112.781226001705,0.));
#10850=DIRECTION('',(0.,0.,1.));
#10860=VECTOR('',#10850,1.);
#10870=LINE('',#10840,#10860);
#10880=CARTESIAN_POINT('',(89.0419574948837,112.781226001705,8.5));
#10890=VERTEX_POINT('',#10880);
#10900=EDGE_CURVE('',#10810,#10890,#10870,.T.);
#10910=ORIENTED_EDGE('',*,*,#10900,.F.);
#10920=CARTESIAN_POINT('',(89.0419574948837,0.,8.5));
#10930=DIRECTION('',(0.,1.,0.));
#10940=VECTOR('',#10930,1.);
#10950=LINE('',#10920,#10940);
#10960=EDGE_CURVE('',#10710,#10890,#10950,.T.);
#10970=ORIENTED_EDGE('',*,*,#10960,.T.);
#10980=EDGE_LOOP('',(#10970,#10910,#10830,#10750));
#10990=FACE_OUTER_BOUND('',#10980,.T.);
#11000=ADVANCED_FACE('',(#10990),#10650,.T.);
#11010=COLOUR_RGB('',0.560784339904785,0.588235318660736,
0.600000023841858);
#11020=FILL_AREA_STYLE_COLOUR('',#11010);
#11030=FILL_AREA_STYLE('',(#11020));
#11040=SURFACE_STYLE_FILL_AREA(#11030);
#11050=SURFACE_SIDE_STYLE('',(#11040));
#11060=SURFACE_STYLE_USAGE(.BOTH.,#11050);
#11070=PRESENTATION_STYLE_ASSIGNMENT((#11060));
#11080=CARTESIAN_POINT('',(58.2919574948837,100.681226001705,1.));
#11090=DIRECTION('',(0.,0.,-1.));
#11100=DIRECTION('',(-1.,0.,0.));
#11110=AXIS2_PLACEMENT_3D('',#11080,#11090,#11100);
#11120=PLANE('',#11110);
#11130=ORIENTED_EDGE('',*,*,#6520,.T.);
#11140=CARTESIAN_POINT('',(0.,117.706226001711,1.));
#11150=DIRECTION('',(1.,-5.79813974610488E-14,0.));
#11160=VECTOR('',#11150,1.);
#11170=LINE('',#11140,#11160);
#11180=CARTESIAN_POINT('',(74.9669574948833,117.706226001707,1.));
#11190=VERTEX_POINT('',#11180);
#11200=EDGE_CURVE('',#11190,#6430,#11170,.T.);
#11210=ORIENTED_EDGE('',*,*,#11200,.T.);
#11220=CARTESIAN_POINT('',(74.9669574948833,0.,1.));
#11230=DIRECTION('',(0.,-1.,0.));
#11240=VECTOR('',#11230,1.);
#11250=LINE('',#11220,#11240);
#11260=EDGE_CURVE('',#3120,#11190,#11250,.T.);
#11270=ORIENTED_EDGE('',*,*,#11260,.T.);
#11280=ORIENTED_EDGE('',*,*,#3350,.T.);
#11290=ORIENTED_EDGE('',*,*,#5590,.F.);
#11300=CARTESIAN_POINT('',(0.,163.073301115625,1.));
#11310=DIRECTION('',(0.866025403784428,-0.500000000000019,0.));
#11320=VECTOR('',#11310,1.);
#11330=LINE('',#11300,#11320);
#11340=EDGE_CURVE('',#5520,#6510,#11330,.T.);
#11350=ORIENTED_EDGE('',*,*,#11340,.F.);
#11360=EDGE_LOOP('',(#11350,#11290,#11280,#11270,#11210,#11130));
#11370=FACE_OUTER_BOUND('',#11360,.T.);
#11380=ADVANCED_FACE('',(#11370),#11120,.F.);
#11390=COLOUR_RGB('',0.560784339904785,0.588235318660736,
0.600000023841858);
#11400=FILL_AREA_STYLE_COLOUR('',#11390);
#11410=FILL_AREA_STYLE('',(#11400));
#11420=SURFACE_STYLE_FILL_AREA(#11410);
#11430=SURFACE_SIDE_STYLE('',(#11420));
#11440=SURFACE_STYLE_USAGE(.BOTH.,#11430);
#11450=PRESENTATION_STYLE_ASSIGNMENT((#11440));
#11460=CARTESIAN_POINT('',(82.3383676563969,120.181226001705,1.8));
#11470=DIRECTION('',(0.,0.,-1.));
#11480=DIRECTION('',(-1.,0.,0.));
#11490=AXIS2_PLACEMENT_3D('',#11460,#11470,#11480);
#11500=PLANE('',#11490);
#11510=CARTESIAN_POINT('',(0.,120.881226001705,1.8));
#11520=DIRECTION('',(-1.,0.,0.));
#11530=VECTOR('',#11520,1.);
#11540=LINE('',#11510,#11530);
#11550=CARTESIAN_POINT('',(83.2419574948837,120.881226001705,1.8));
#11560=VERTEX_POINT('',#11550);
#11570=EDGE_CURVE('',#11560,#7430,#11540,.T.);
#11580=ORIENTED_EDGE('',*,*,#11570,.F.);
#11590=ORIENTED_EDGE('',*,*,#7440,.F.);
#11600=ORIENTED_EDGE('',*,*,#6130,.T.);
#11610=CARTESIAN_POINT('',(83.2419574948837,0.,1.8));
#11620=DIRECTION('',(0.,1.,0.));
#11630=VECTOR('',#11620,1.);
#11640=LINE('',#11610,#11630);
#11650=EDGE_CURVE('',#6040,#11560,#11640,.T.);
#11660=ORIENTED_EDGE('',*,*,#11650,.F.);
#11670=EDGE_LOOP('',(#11660,#11600,#11590,#11580));
#11680=FACE_OUTER_BOUND('',#11670,.T.);
#11690=ADVANCED_FACE('',(#11680),#11500,.T.);
#11700=COLOUR_RGB('',0.560784339904785,0.588235318660736,
0.600000023841858);
#11710=FILL_AREA_STYLE_COLOUR('',#11700);
#11720=FILL_AREA_STYLE('',(#11710));
#11730=SURFACE_STYLE_FILL_AREA(#11720);
#11740=SURFACE_SIDE_STYLE('',(#11730));
#11750=SURFACE_STYLE_USAGE(.BOTH.,#11740);
#11760=PRESENTATION_STYLE_ASSIGNMENT((#11750));
#11770=CARTESIAN_POINT('',(81.2919574948837,118.761226001705,
-0.950002400000001));
#11780=DIRECTION('',(1.,0.,0.));
#11790=DIRECTION('',(0.,-1.,0.));
#11800=AXIS2_PLACEMENT_3D('',#11770,#11780,#11790);
#11810=PLANE('',#11800);
#11820=CARTESIAN_POINT('',(81.2919574948837,118.776226001707,0.));
#11830=DIRECTION('',(0.,0.,1.));
#11840=VECTOR('',#11830,1.);
#11850=LINE('',#11820,#11840);
#11860=EDGE_CURVE('',#2170,#5150,#11850,.T.);
#11870=ORIENTED_EDGE('',*,*,#11860,.F.);
#11880=ORIENTED_EDGE('',*,*,#5160,.F.);
#11890=CARTESIAN_POINT('',(81.2919574948837,117.706226001707,0.));
#11900=DIRECTION('',(0.,0.,-1.));
#11910=VECTOR('',#11900,1.);
#11920=LINE('',#11890,#11910);
#11930=EDGE_CURVE('',#5070,#2250,#11920,.T.);
#11940=ORIENTED_EDGE('',*,*,#11930,.F.);
#11950=ORIENTED_EDGE('',*,*,#2260,.F.);
#11960=EDGE_LOOP('',(#11950,#11940,#11880,#11870));
#11970=FACE_OUTER_BOUND('',#11960,.T.);
#11980=ADVANCED_FACE('',(#11970),#11810,.F.);
#11990=COLOUR_RGB('',0.560784339904785,0.588235318660736,
0.600000023841858);
#12000=FILL_AREA_STYLE_COLOUR('',#11990);
#12010=FILL_AREA_STYLE('',(#12000));
#12020=SURFACE_STYLE_FILL_AREA(#12010);
#12030=SURFACE_SIDE_STYLE('',(#12020));
#12040=SURFACE_STYLE_USAGE(.BOTH.,#12030);
#12050=PRESENTATION_STYLE_ASSIGNMENT((#12040));
#12060=CARTESIAN_POINT('',(77.5419574948837,118.304431082462,0.));
#12070=DIRECTION('',(-0.500000000000019,-0.866025403784428,0.));
#12080=DIRECTION('',(0.866025403784428,-0.500000000000019,0.));
#12090=AXIS2_PLACEMENT_3D('',#12060,#12070,#12080);
#12100=PLANE('',#12090);
#12110=ORIENTED_EDGE('',*,*,#2500,.F.);
#12120=ORIENTED_EDGE('',*,*,#6580,.F.);
#12130=ORIENTED_EDGE('',*,*,#11340,.T.);
#12140=ORIENTED_EDGE('',*,*,#5530,.F.);
#12150=EDGE_LOOP('',(#12140,#12130,#12120,#12110));
#12160=FACE_OUTER_BOUND('',#12150,.T.);
#12170=ADVANCED_FACE('',(#12160),#12100,.F.);
#12180=COLOUR_RGB('',0.560784339904785,0.588235318660736,
0.600000023841858);
#12190=FILL_AREA_STYLE_COLOUR('',#12180);
#12200=FILL_AREA_STYLE('',(#12190));
#12210=SURFACE_STYLE_FILL_AREA(#12200);
#12220=SURFACE_SIDE_STYLE('',(#12210));
#12230=SURFACE_STYLE_USAGE(.BOTH.,#12220);
#12240=PRESENTATION_STYLE_ASSIGNMENT((#12230));
#12250=CARTESIAN_POINT('',(57.7419574948837,96.7976080060471,0.));
#12260=DIRECTION('',(-1.,0.,0.));
#12270=DIRECTION('',(0.,1.,0.));
#12280=AXIS2_PLACEMENT_3D('',#12250,#12260,#12270);
#12290=PLANE('',#12280);
#12300=CARTESIAN_POINT('',(57.7419574948837,96.1325240181186,9.5));
#12310=DIRECTION('',(0.,0.,1.));
#12320=VECTOR('',#12310,1.);
#12330=LINE('',#12300,#12320);
#12340=EDGE_CURVE('',#210,#10260,#12330,.T.);
#12350=ORIENTED_EDGE('',*,*,#12340,.T.);
#12360=ORIENTED_EDGE('',*,*,#220,.F.);
#12370=CARTESIAN_POINT('',(57.7419574948837,107.581226001705,0.));
#12380=DIRECTION('',(0.,0.,-1.));
#12390=VECTOR('',#12380,1.);
#12400=LINE('',#12370,#12390);
#12410=EDGE_CURVE('',#10340,#130,#12400,.T.);
#12420=ORIENTED_EDGE('',*,*,#12410,.T.);
#12430=ORIENTED_EDGE('',*,*,#10350,.T.);
#12440=EDGE_LOOP('',(#12430,#12420,#12360,#12350));
#12450=FACE_OUTER_BOUND('',#12440,.T.);
#12460=ADVANCED_FACE('',(#12450),#12290,.T.);
#12470=COLOUR_RGB('',0.560784339904785,0.588235318660736,
0.600000023841858);
#12480=FILL_AREA_STYLE_COLOUR('',#12470);
#12490=FILL_AREA_STYLE('',(#12480));
#12500=SURFACE_STYLE_FILL_AREA(#12490);
#12510=SURFACE_SIDE_STYLE('',(#12500));
#12520=SURFACE_STYLE_USAGE(.BOTH.,#12510);
#12530=PRESENTATION_STYLE_ASSIGNMENT((#12520));
#12540=CARTESIAN_POINT('',(71.5419574948837,109.081226001705,0.));
#12550=DIRECTION('',(-1.,0.,0.));
#12560=DIRECTION('',(0.,1.,0.));
#12570=AXIS2_PLACEMENT_3D('',#12540,#12550,#12560);
#12580=PLANE('',#12570);
#12590=ORIENTED_EDGE('',*,*,#2880,.F.);
#12600=CARTESIAN_POINT('',(71.5419574948837,114.283149790352,0.));
#12610=DIRECTION('',(0.,0.,1.));
#12620=VECTOR('',#12610,1.);
#12630=LINE('',#12600,#12620);
#12640=EDGE_CURVE('',#2810,#7950,#12630,.T.);
#12650=ORIENTED_EDGE('',*,*,#12640,.F.);
#12660=ORIENTED_EDGE('',*,*,#10490,.T.);
#12670=CARTESIAN_POINT('',(71.5419574948837,107.581226001705,0.));
#12680=DIRECTION('',(0.,0.,-1.));
#12690=VECTOR('',#12680,1.);
#12700=LINE('',#12670,#12690);
#12710=EDGE_CURVE('',#10420,#110,#12700,.T.);
#12720=ORIENTED_EDGE('',*,*,#12710,.F.);
#12730=EDGE_LOOP('',(#12720,#12660,#12650,#12590));
#12740=FACE_OUTER_BOUND('',#12730,.T.);
#12750=ADVANCED_FACE('',(#12740),#12580,.T.);
#12760=COLOUR_RGB('',0.560784339904785,0.588235318660736,
0.600000023841858);
#12770=FILL_AREA_STYLE_COLOUR('',#12760);
#12780=FILL_AREA_STYLE('',(#12770));
#12790=SURFACE_STYLE_FILL_AREA(#12780);
#12800=SURFACE_SIDE_STYLE('',(#12790));
#12810=SURFACE_STYLE_USAGE(.BOTH.,#12800);
#12820=PRESENTATION_STYLE_ASSIGNMENT((#12810));
#12830=CARTESIAN_POINT('',(75.2669574948833,117.706226001707,
-9.85592279139359));
#12840=DIRECTION('',(-5.79813974610488E-14,-1.,-0.));
#12850=DIRECTION('',(-1.,5.79813974610488E-14,0.));
#12860=AXIS2_PLACEMENT_3D('',#12830,#12840,#12850);
#12870=PLANE('',#12860);
#12880=ORIENTED_EDGE('',*,*,#11930,.T.);
#12890=ORIENTED_EDGE('',*,*,#5080,.F.);
#12900=ORIENTED_EDGE('',*,*,#4150,.F.);
#12910=ORIENTED_EDGE('',*,*,#8200,.T.);
#12920=CARTESIAN_POINT('',(74.9669574948833,117.706226001707,0.));
#12930=DIRECTION('',(0.,0.,-1.));
#12940=VECTOR('',#12930,1.);
#12950=LINE('',#12920,#12940);
#12960=EDGE_CURVE('',#8130,#11190,#12950,.T.);
#12970=ORIENTED_EDGE('',*,*,#12960,.F.);
#12980=ORIENTED_EDGE('',*,*,#11200,.F.);
#12990=ORIENTED_EDGE('',*,*,#6440,.F.);
#13000=ORIENTED_EDGE('',*,*,#2340,.F.);
#13010=EDGE_LOOP('',(#13000,#12990,#12980,#12970,#12910,#12900,#12890,
#12880));
#13020=FACE_OUTER_BOUND('',#13010,.T.);
#13030=ADVANCED_FACE('',(#13020),#12870,.F.);
#13040=COLOUR_RGB('',0.560784339904785,0.588235318660736,
0.600000023841858);
#13050=FILL_AREA_STYLE_COLOUR('',#13040);
#13060=FILL_AREA_STYLE('',(#13050));
#13070=SURFACE_STYLE_FILL_AREA(#13060);
#13080=SURFACE_SIDE_STYLE('',(#13070));
#13090=SURFACE_STYLE_USAGE(.BOTH.,#13080);
#13100=PRESENTATION_STYLE_ASSIGNMENT((#13090));
#13110=CARTESIAN_POINT('',(73.0419574948837,119.881226001705,
7.105427357601E-15));
#13120=DIRECTION('',(-1.,0.,0.));
#13130=DIRECTION('',(0.,1.,0.));
#13140=AXIS2_PLACEMENT_3D('',#13110,#13120,#13130);
#13150=PLANE('',#13140);
#13160=CARTESIAN_POINT('',(73.0419574948837,120.881226001705,0.));
#13170=DIRECTION('',(0.,0.,1.));
#13180=VECTOR('',#13170,1.);
#13190=LINE('',#13160,#13180);
#13200=EDGE_CURVE('',#2650,#3570,#13190,.T.);
#13210=ORIENTED_EDGE('',*,*,#13200,.F.);
#13220=ORIENTED_EDGE('',*,*,#3820,.T.);
#13230=CARTESIAN_POINT('',(73.0419574948837,119.881226001705,5.5));
#13240=DIRECTION('',(0.,0.,1.));
#13250=VECTOR('',#13240,1.);
#13260=LINE('',#13230,#13250);
#13270=EDGE_CURVE('',#2730,#3750,#13260,.T.);
#13280=ORIENTED_EDGE('',*,*,#13270,.T.);
#13290=ORIENTED_EDGE('',*,*,#2740,.F.);
#13300=EDGE_LOOP('',(#13290,#13280,#13220,#13210));
#13310=FACE_OUTER_BOUND('',#13300,.T.);
#13320=ADVANCED_FACE('',(#13310),#13150,.T.);
#13330=COLOUR_RGB('',0.560784339904785,0.588235318660736,
0.600000023841858);
#13340=FILL_AREA_STYLE_COLOUR('',#13330);
#13350=FILL_AREA_STYLE('',(#13340));
#13360=SURFACE_STYLE_FILL_AREA(#13350);
#13370=SURFACE_SIDE_STYLE('',(#13360));
#13380=SURFACE_STYLE_USAGE(.BOTH.,#13370);
#13390=PRESENTATION_STYLE_ASSIGNMENT((#13380));
#13400=CARTESIAN_POINT('',(78.7419574948837,118.304431082462,9.5));
#13410=DIRECTION('',(0.500000000000005,-0.866025403784436,0.));
#13420=DIRECTION('',(-0.866025403784436,-0.500000000000005,0.));
#13430=AXIS2_PLACEMENT_3D('',#13400,#13410,#13420);
#13440=PLANE('',#13430);
#13450=ORIENTED_EDGE('',*,*,#8270,.T.);
#13460=ORIENTED_EDGE('',*,*,#4290,.F.);
#13470=ORIENTED_EDGE('',*,*,#4990,.F.);
#13480=ORIENTED_EDGE('',*,*,#7660,.F.);
#13490=EDGE_LOOP('',(#13480,#13470,#13460,#13450));
#13500=FACE_OUTER_BOUND('',#13490,.T.);
#13510=ADVANCED_FACE('',(#13500),#13440,.F.);
#13520=COLOUR_RGB('',0.560784339904785,0.588235318660736,
0.600000023841858);
#13530=FILL_AREA_STYLE_COLOUR('',#13520);
#13540=FILL_AREA_STYLE('',(#13530));
#13550=SURFACE_STYLE_FILL_AREA(#13540);
#13560=SURFACE_SIDE_STYLE('',(#13550));
#13570=SURFACE_STYLE_USAGE(.BOTH.,#13560);
#13580=PRESENTATION_STYLE_ASSIGNMENT((#13570));
#13590=CARTESIAN_POINT('',(58.9419574948837,107.581226001705,0.));
#13600=DIRECTION('',(-0.,1.,0.));
#13610=DIRECTION('',(1.,0.,0.));
#13620=AXIS2_PLACEMENT_3D('',#13590,#13600,#13610);
#13630=PLANE('',#13620);
#13640=ORIENTED_EDGE('',*,*,#12710,.T.);
#13650=ORIENTED_EDGE('',*,*,#10430,.F.);
#13660=ORIENTED_EDGE('',*,*,#12410,.F.);
#13670=ORIENTED_EDGE('',*,*,#140,.T.);
#13680=EDGE_LOOP('',(#13670,#13660,#13650,#13640));
#13690=FACE_OUTER_BOUND('',#13680,.T.);
#13700=CARTESIAN_POINT('',(64.8419574948837,107.581226001705,4.75));
#13710=DIRECTION('',(0.,-1.,0.));
#13720=DIRECTION('',(1.,0.,0.));
#13730=AXIS2_PLACEMENT_3D('',#13700,#13710,#13720);
#13740=CIRCLE('',#13730,3.);
#13750=CARTESIAN_POINT('',(67.8419574948837,107.581226001705,4.75));
#13760=VERTEX_POINT('',#13750);
#13770=CARTESIAN_POINT('',(61.8419574948837,107.581226001705,4.75));
#13780=VERTEX_POINT('',#13770);
#13790=EDGE_CURVE('',#13760,#13780,#13740,.T.);
#13800=ORIENTED_EDGE('',*,*,#13790,.T.);
#13810=EDGE_CURVE('',#13780,#13760,#13740,.T.);
#13820=ORIENTED_EDGE('',*,*,#13810,.T.);
#13830=EDGE_LOOP('',(#13820,#13800));
#13840=FACE_BOUND('',#13830,.T.);
#13850=ADVANCED_FACE('',(#13690,#13840),#13630,.T.);
#13860=COLOUR_RGB('',0.560784339904785,0.588235318660736,
0.600000023841858);
#13870=FILL_AREA_STYLE_COLOUR('',#13860);
#13880=FILL_AREA_STYLE('',(#13870));
#13890=SURFACE_STYLE_FILL_AREA(#13880);
#13900=SURFACE_SIDE_STYLE('',(#13890));
#13910=SURFACE_STYLE_USAGE(.BOTH.,#13900);
#13920=PRESENTATION_STYLE_ASSIGNMENT((#13910));
#13930=CARTESIAN_POINT('',(73.0419574948837,120.881226001705,0.));
#13940=DIRECTION('',(-0.,1.,0.));
#13950=DIRECTION('',(1.,0.,0.));
#13960=AXIS2_PLACEMENT_3D('',#13930,#13940,#13950);
#13970=PLANE('',#13960);
#13980=ORIENTED_EDGE('',*,*,#5810,.T.);
#13990=ORIENTED_EDGE('',*,*,#3600,.T.);
#14000=ORIENTED_EDGE('',*,*,#13200,.T.);
#14010=ORIENTED_EDGE('',*,*,#2660,.F.);
#14020=EDGE_LOOP('',(#14010,#14000,#13990,#13980));
#14030=FACE_OUTER_BOUND('',#14020,.T.);
#14040=ADVANCED_FACE('',(#14030),#13970,.T.);
#14050=COLOUR_RGB('',0.560784339904785,0.588235318660736,
0.600000023841858);
#14060=FILL_AREA_STYLE_COLOUR('',#14050);
#14070=FILL_AREA_STYLE('',(#14060));
#14080=SURFACE_STYLE_FILL_AREA(#14070);
#14090=SURFACE_SIDE_STYLE('',(#14080));
#14100=SURFACE_STYLE_USAGE(.BOTH.,#14090);
#14110=PRESENTATION_STYLE_ASSIGNMENT((#14100));
#14120=CARTESIAN_POINT('',(71.5419574948837,114.283149790352,0.));
#14130=DIRECTION('',(-0.965925826289066,0.25881904510253,0.));
#14140=DIRECTION('',(0.25881904510253,0.965925826289066,0.));
#14150=AXIS2_PLACEMENT_3D('',#14120,#14130,#14140);
#14160=PLANE('',#14150);
#14170=ORIENTED_EDGE('',*,*,#13270,.F.);
#14180=CARTESIAN_POINT('',(73.0419574948837,119.881226001705,0.));
#14190=DIRECTION('',(0.,0.,1.));
#14200=VECTOR('',#14190,1.);
#14210=LINE('',#14180,#14200);
#14220=EDGE_CURVE('',#3750,#7970,#14210,.T.);
#14230=ORIENTED_EDGE('',*,*,#14220,.F.);
#14240=ORIENTED_EDGE('',*,*,#7980,.T.);
#14250=ORIENTED_EDGE('',*,*,#12640,.T.);
#14260=ORIENTED_EDGE('',*,*,#2820,.F.);
#14270=EDGE_LOOP('',(#14260,#14250,#14240,#14230,#14170));
#14280=FACE_OUTER_BOUND('',#14270,.T.);
#14290=ADVANCED_FACE('',(#14280),#14160,.T.);
#14300=COLOUR_RGB('',0.560784339904785,0.588235318660736,
0.600000023841858);
#14310=FILL_AREA_STYLE_COLOUR('',#14300);
#14320=FILL_AREA_STYLE('',(#14310));
#14330=SURFACE_STYLE_FILL_AREA(#14320);
#14340=SURFACE_SIDE_STYLE('',(#14330));
#14350=SURFACE_STYLE_USAGE(.BOTH.,#14340);
#14360=PRESENTATION_STYLE_ASSIGNMENT((#14350));
#14370=CARTESIAN_POINT('',(75.0092581517665,119.881226001705,7.7));
#14380=DIRECTION('',(-0.,-1.,-0.));
#14390=DIRECTION('',(-1.,0.,0.));
#14400=AXIS2_PLACEMENT_3D('',#14370,#14380,#14390);
#14410=PLANE('',#14400);
#14420=ORIENTED_EDGE('',*,*,#14220,.T.);
#14430=ORIENTED_EDGE('',*,*,#3760,.F.);
#14440=ORIENTED_EDGE('',*,*,#5740,.T.);
#14450=ORIENTED_EDGE('',*,*,#8040,.T.);
#14460=EDGE_LOOP('',(#14450,#14440,#14430,#14420));
#14470=FACE_OUTER_BOUND('',#14460,.T.);
#14480=ADVANCED_FACE('',(#14470),#14410,.F.);
#14490=COLOUR_RGB('',0.560784339904785,0.588235318660736,
0.600000023841858);
#14500=FILL_AREA_STYLE_COLOUR('',#14490);
#14510=FILL_AREA_STYLE('',(#14500));
#14520=SURFACE_STYLE_FILL_AREA(#14510);
#14530=SURFACE_SIDE_STYLE('',(#14520));
#14540=SURFACE_STYLE_USAGE(.BOTH.,#14530);
#14550=PRESENTATION_STYLE_ASSIGNMENT((#14540));
#14560=CARTESIAN_POINT('',(83.2419574948837,120.881226001705,0.));
#14570=DIRECTION('',(1.,0.,0.));
#14580=DIRECTION('',(0.,-1.,0.));
#14590=AXIS2_PLACEMENT_3D('',#14560,#14570,#14580);
#14600=PLANE('',#14590);
#14610=CARTESIAN_POINT('',(83.2419574948837,119.881226001705,0.));
#14620=DIRECTION('',(0.,0.,1.));
#14630=VECTOR('',#14620,1.);
#14640=LINE('',#14610,#14630);
#14650=EDGE_CURVE('',#6040,#8430,#14640,.T.);
#14660=ORIENTED_EDGE('',*,*,#14650,.F.);
#14670=ORIENTED_EDGE('',*,*,#8440,.T.);
#14680=CARTESIAN_POINT('',(83.2419574948837,120.881226001705,0.));
#14690=DIRECTION('',(0.,0.,1.));
#14700=VECTOR('',#14690,1.);
#14710=LINE('',#14680,#14700);
#14720=EDGE_CURVE('',#11560,#8350,#14710,.T.);
#14730=ORIENTED_EDGE('',*,*,#14720,.T.);
#14740=ORIENTED_EDGE('',*,*,#11650,.T.);
#14750=EDGE_LOOP('',(#14740,#14730,#14670,#14660));
#14760=FACE_OUTER_BOUND('',#14750,.T.);
#14770=ADVANCED_FACE('',(#14760),#14600,.T.);
#14780=COLOUR_RGB('',0.560784339904785,0.588235318660736,
0.600000023841858);
#14790=FILL_AREA_STYLE_COLOUR('',#14780);
#14800=FILL_AREA_STYLE('',(#14790));
#14810=SURFACE_STYLE_FILL_AREA(#14800);
#14820=SURFACE_SIDE_STYLE('',(#14810));
#14830=SURFACE_STYLE_USAGE(.BOTH.,#14820);
#14840=PRESENTATION_STYLE_ASSIGNMENT((#14830));
#14850=CARTESIAN_POINT('',(89.0419574948837,109.181226001705,9.5));
#14860=DIRECTION('',(-0.,1.,0.));
#14870=DIRECTION('',(1.,0.,0.));
#14880=AXIS2_PLACEMENT_3D('',#14850,#14860,#14870);
#14890=PLANE('',#14880);
#14900=CARTESIAN_POINT('',(82.6419574948837,109.181226001705,0.));
#14910=DIRECTION('',(0.,0.,-1.));
#14920=VECTOR('',#14910,1.);
#14930=LINE('',#14900,#14920);
#14940=CARTESIAN_POINT('',(82.6419574948837,109.181226001705,
3.46461709275215));
#14950=VERTEX_POINT('',#14940);
#14960=EDGE_CURVE('',#8590,#14950,#14930,.T.);
#14970=ORIENTED_EDGE('',*,*,#14960,.F.);
#14980=CARTESIAN_POINT('',(0.,109.181226001705,3.46461709275215));
#14990=DIRECTION('',(1.,0.,0.));
#15000=VECTOR('',#14990,1.);
#15010=LINE('',#14980,#15000);
#15020=EDGE_CURVE('',#14950,#10730,#15010,.T.);
#15030=ORIENTED_EDGE('',*,*,#15020,.F.);
#15040=ORIENTED_EDGE('',*,*,#10740,.T.);
#15050=CARTESIAN_POINT('',(0.,109.181226001705,8.5));
#15060=DIRECTION('',(1.,0.,0.));
#15070=VECTOR('',#15060,1.);
#15080=LINE('',#15050,#15070);
#15090=CARTESIAN_POINT('',(84.7419574948837,109.181226001705,8.5));
#15100=VERTEX_POINT('',#15090);
#15110=EDGE_CURVE('',#15100,#10710,#15080,.T.);
#15120=ORIENTED_EDGE('',*,*,#15110,.T.);
#15130=CARTESIAN_POINT('',(84.7419574948837,109.181226001705,0.));
#15140=DIRECTION('',(0.,0.,-1.));
#15150=VECTOR('',#15140,1.);
#15160=LINE('',#15130,#15150);
#15170=EDGE_CURVE('',#8670,#15100,#15160,.T.);
#15180=ORIENTED_EDGE('',*,*,#15170,.T.);
#15190=ORIENTED_EDGE('',*,*,#8680,.F.);
#15200=EDGE_LOOP('',(#15190,#15180,#15120,#15040,#15030,#14970));
#15210=FACE_OUTER_BOUND('',#15200,.T.);
#15220=ADVANCED_FACE('',(#15210),#14890,.T.);
#15230=COLOUR_RGB('',0.560784339904785,0.588235318660736,
0.600000023841858);
#15240=FILL_AREA_STYLE_COLOUR('',#15230);
#15250=FILL_AREA_STYLE('',(#15240));
#15260=SURFACE_STYLE_FILL_AREA(#15250);
#15270=SURFACE_SIDE_STYLE('',(#15260));
#15280=SURFACE_STYLE_USAGE(.BOTH.,#15270);
#15290=PRESENTATION_STYLE_ASSIGNMENT((#15280));
#15300=CARTESIAN_POINT('',(108.241957494884,110.781226001705,0.));
#15310=DIRECTION('',(1.,0.,0.));
#15320=DIRECTION('',(0.,-1.,0.));
#15330=AXIS2_PLACEMENT_3D('',#15300,#15310,#15320);
#15340=PLANE('',#15330);
#15350=CARTESIAN_POINT('',(108.241957494884,87.5812260017046,9.5));
#15360=DIRECTION('',(0.,0.,1.));
#15370=VECTOR('',#15360,1.);
#15380=LINE('',#15350,#15370);
#15390=CARTESIAN_POINT('',(108.241957494884,87.5812260017046,0.));
#15400=VERTEX_POINT('',#15390);
#15410=CARTESIAN_POINT('',(108.241957494884,87.5812260017046,9.5));
#15420=VERTEX_POINT('',#15410);
#15430=EDGE_CURVE('',#15400,#15420,#15380,.T.);
#15440=ORIENTED_EDGE('',*,*,#15430,.F.);
#15450=CARTESIAN_POINT('',(108.241957494884,110.781226001705,9.5));
#15460=DIRECTION('',(0.,-1.,0.));
#15470=VECTOR('',#15460,1.);
#15480=LINE('',#15450,#15470);
#15490=CARTESIAN_POINT('',(108.241957494884,112.781226001705,9.5));
#15500=VERTEX_POINT('',#15490);
#15510=EDGE_CURVE('',#15500,#15420,#15480,.T.);
#15520=ORIENTED_EDGE('',*,*,#15510,.T.);
#15530=CARTESIAN_POINT('',(108.241957494884,112.781226001705,0.));
#15540=DIRECTION('',(0.,0.,-1.));
#15550=VECTOR('',#15540,1.);
#15560=LINE('',#15530,#15550);
#15570=CARTESIAN_POINT('',(108.241957494884,112.781226001705,0.));
#15580=VERTEX_POINT('',#15570);
#15590=EDGE_CURVE('',#15500,#15580,#15560,.T.);
#15600=ORIENTED_EDGE('',*,*,#15590,.F.);
#15610=CARTESIAN_POINT('',(108.241957494884,110.781226001705,0.));
#15620=DIRECTION('',(0.,-1.,0.));
#15630=VECTOR('',#15620,1.);
#15640=LINE('',#15610,#15630);
#15650=EDGE_CURVE('',#15580,#15400,#15640,.T.);
#15660=ORIENTED_EDGE('',*,*,#15650,.F.);
#15670=EDGE_LOOP('',(#15660,#15600,#15520,#15440));
#15680=FACE_OUTER_BOUND('',#15670,.T.);
#15690=ADVANCED_FACE('',(#15680),#15340,.T.);
#15700=COLOUR_RGB('',0.560784339904785,0.588235318660736,
0.600000023841858);
#15710=FILL_AREA_STYLE_COLOUR('',#15700);
#15720=FILL_AREA_STYLE('',(#15710));
#15730=SURFACE_STYLE_FILL_AREA(#15720);
#15740=SURFACE_SIDE_STYLE('',(#15730));
#15750=SURFACE_STYLE_USAGE(.BOTH.,#15740);
#15760=PRESENTATION_STYLE_ASSIGNMENT((#15750));
#15770=CARTESIAN_POINT('',(82.6419574948837,109.181226001705,9.5));
#15780=DIRECTION('',(1.,0.,0.));
#15790=DIRECTION('',(0.,-1.,0.));
#15800=AXIS2_PLACEMENT_3D('',#15770,#15780,#15790);
#15810=PLANE('',#15800);
#15820=ORIENTED_EDGE('',*,*,#4700,.F.);
#15830=CARTESIAN_POINT('',(82.6419574948837,0.,32.7196384285488));
#15840=DIRECTION('',(0.,-0.965925826289068,0.258819045102521));
#15850=VECTOR('',#15840,1.);
#15860=LINE('',#15830,#15850);
#15870=EDGE_CURVE('',#4610,#14950,#15860,.T.);
#15880=ORIENTED_EDGE('',*,*,#15870,.F.);
#15890=ORIENTED_EDGE('',*,*,#14960,.T.);
#15900=ORIENTED_EDGE('',*,*,#8600,.F.);
#15910=EDGE_LOOP('',(#15900,#15890,#15880,#15820));
#15920=FACE_OUTER_BOUND('',#15910,.T.);
#15930=ADVANCED_FACE('',(#15920),#15810,.T.);
#15940=COLOUR_RGB('',0.560784339904785,0.588235318660736,
0.600000023841858);
#15950=FILL_AREA_STYLE_COLOUR('',#15940);
#15960=FILL_AREA_STYLE('',(#15950));
#15970=SURFACE_STYLE_FILL_AREA(#15960);
#15980=SURFACE_SIDE_STYLE('',(#15970));
#15990=SURFACE_STYLE_USAGE(.BOTH.,#15980);
#16000=PRESENTATION_STYLE_ASSIGNMENT((#15990));
#16010=CARTESIAN_POINT('',(74.9669574948834,118.776226001707,
-9.85592279139359));
#16020=DIRECTION('',(-0.,1.,0.));
#16030=DIRECTION('',(1.,0.,0.));
#16040=AXIS2_PLACEMENT_3D('',#16010,#16020,#16030);
#16050=PLANE('',#16040);
#16060=ORIENTED_EDGE('',*,*,#7730,.T.);
#16070=ORIENTED_EDGE('',*,*,#5240,.F.);
#16080=ORIENTED_EDGE('',*,*,#11860,.T.);
#16090=ORIENTED_EDGE('',*,*,#2180,.F.);
#16100=EDGE_LOOP('',(#16090,#16080,#16070,#16060));
#16110=FACE_OUTER_BOUND('',#16100,.T.);
#16120=ADVANCED_FACE('',(#16110),#16050,.F.);
#16130=COLOUR_RGB('',0.560784339904785,0.588235318660736,
0.600000023841858);
#16140=FILL_AREA_STYLE_COLOUR('',#16130);
#16150=FILL_AREA_STYLE('',(#16140));
#16160=SURFACE_STYLE_FILL_AREA(#16150);
#16170=SURFACE_SIDE_STYLE('',(#16160));
#16180=SURFACE_STYLE_USAGE(.BOTH.,#16170);
#16190=PRESENTATION_STYLE_ASSIGNMENT((#16180));
#16200=CARTESIAN_POINT('',(89.0419574948837,112.781226001705,2.5));
#16210=DIRECTION('',(-0.,0.258819045102521,0.965925826289068));
#16220=DIRECTION('',(0.,-0.965925826289068,0.258819045102521));
#16230=AXIS2_PLACEMENT_3D('',#16200,#16210,#16220);
#16240=PLANE('',#16230);
#16250=ORIENTED_EDGE('',*,*,#15870,.T.);
#16260=ORIENTED_EDGE('',*,*,#4620,.T.);
#16270=ORIENTED_EDGE('',*,*,#7030,.T.);
#16280=CARTESIAN_POINT('',(0.,112.781226001705,2.5));
#16290=DIRECTION('',(1.,0.,0.));
#16300=VECTOR('',#16290,1.);
#16310=LINE('',#16280,#16300);
#16320=EDGE_CURVE('',#6960,#10810,#16310,.T.);
#16330=ORIENTED_EDGE('',*,*,#16320,.F.);
#16340=ORIENTED_EDGE('',*,*,#10820,.T.);
#16350=ORIENTED_EDGE('',*,*,#15020,.T.);
#16360=EDGE_LOOP('',(#16350,#16340,#16330,#16270,#16260,#16250));
#16370=FACE_OUTER_BOUND('',#16360,.T.);
#16380=ADVANCED_FACE('',(#16370),#16240,.T.);
#16390=COLOUR_RGB('',0.560784339904785,0.588235318660736,
0.600000023841858);
#16400=FILL_AREA_STYLE_COLOUR('',#16390);
#16410=FILL_AREA_STYLE('',(#16400));
#16420=SURFACE_STYLE_FILL_AREA(#16410);
#16430=SURFACE_SIDE_STYLE('',(#16420));
#16440=SURFACE_STYLE_USAGE(.BOTH.,#16430);
#16450=PRESENTATION_STYLE_ASSIGNMENT((#16440));
#16460=CARTESIAN_POINT('',(82.3419574948837,120.881226001705,0.));
#16470=DIRECTION('',(-0.,1.,0.));
#16480=DIRECTION('',(1.,0.,0.));
#16490=AXIS2_PLACEMENT_3D('',#16460,#16470,#16480);
#16500=PLANE('',#16490);
#16510=ORIENTED_EDGE('',*,*,#11570,.T.);
#16520=ORIENTED_EDGE('',*,*,#14720,.F.);
#16530=ORIENTED_EDGE('',*,*,#8360,.T.);
#16540=ORIENTED_EDGE('',*,*,#7520,.T.);
#16550=EDGE_LOOP('',(#16540,#16530,#16520,#16510));
#16560=FACE_OUTER_BOUND('',#16550,.T.);
#16570=ADVANCED_FACE('',(#16560),#16500,.T.);
#16580=COLOUR_RGB('',0.560784339904785,0.588235318660736,
0.600000023841858);
#16590=FILL_AREA_STYLE_COLOUR('',#16580);
#16600=FILL_AREA_STYLE('',(#16590));
#16610=SURFACE_STYLE_FILL_AREA(#16600);
#16620=SURFACE_SIDE_STYLE('',(#16610));
#16630=SURFACE_STYLE_USAGE(.BOTH.,#16620);
#16640=PRESENTATION_STYLE_ASSIGNMENT((#16630));
#16650=CARTESIAN_POINT('',(84.7419574948837,112.781226001705,0.));
#16660=DIRECTION('',(-0.,1.,0.));
#16670=DIRECTION('',(1.,0.,0.));
#16680=AXIS2_PLACEMENT_3D('',#16650,#16660,#16670);
#16690=PLANE('',#16680);
#16700=ORIENTED_EDGE('',*,*,#15590,.T.);
#16710=CARTESIAN_POINT('',(0.,112.781226001705,9.5));
#16720=DIRECTION('',(1.,0.,0.));
#16730=VECTOR('',#16720,1.);
#16740=LINE('',#16710,#16730);
#16750=CARTESIAN_POINT('',(90.7419574948837,112.781226001705,9.5));
#16760=VERTEX_POINT('',#16750);
#16770=EDGE_CURVE('',#16760,#15500,#16740,.T.);
#16780=ORIENTED_EDGE('',*,*,#16770,.T.);
#16790=CARTESIAN_POINT('',(90.7419574948837,112.781226001705,0.));
#16800=DIRECTION('',(0.,0.,1.));
#16810=VECTOR('',#16800,1.);
#16820=LINE('',#16790,#16810);
#16830=CARTESIAN_POINT('',(90.7419574948837,112.781226001705,8.5));
#16840=VERTEX_POINT('',#16830);
#16850=EDGE_CURVE('',#16840,#16760,#16820,.T.);
#16860=ORIENTED_EDGE('',*,*,#16850,.T.);
#16870=CARTESIAN_POINT('',(0.,112.781226001705,8.5));
#16880=DIRECTION('',(1.,0.,0.));
#16890=VECTOR('',#16880,1.);
#16900=LINE('',#16870,#16890);
#16910=EDGE_CURVE('',#10890,#16840,#16900,.T.);
#16920=ORIENTED_EDGE('',*,*,#16910,.T.);
#16930=ORIENTED_EDGE('',*,*,#10900,.T.);
#16940=ORIENTED_EDGE('',*,*,#16320,.T.);
#16950=ORIENTED_EDGE('',*,*,#6970,.T.);
#16960=CARTESIAN_POINT('',(0.,112.781226001705,1.));
#16970=DIRECTION('',(-1.,0.,0.));
#16980=VECTOR('',#16970,1.);
#16990=LINE('',#16960,#16980);
#17000=CARTESIAN_POINT('',(90.7419574948837,112.781226001705,1.));
#17010=VERTEX_POINT('',#17000);
#17020=EDGE_CURVE('',#17010,#6880,#16990,.T.);
#17030=ORIENTED_EDGE('',*,*,#17020,.T.);
#17040=CARTESIAN_POINT('',(90.7419574948837,112.781226001705,0.));
#17050=DIRECTION('',(0.,0.,1.));
#17060=VECTOR('',#17050,1.);
#17070=LINE('',#17040,#17060);
#17080=CARTESIAN_POINT('',(90.7419574948837,112.781226001705,0.));
#17090=VERTEX_POINT('',#17080);
#17100=EDGE_CURVE('',#17090,#17010,#17070,.T.);
#17110=ORIENTED_EDGE('',*,*,#17100,.T.);
#17120=CARTESIAN_POINT('',(0.,112.781226001705,0.));
#17130=DIRECTION('',(1.,0.,0.));
#17140=VECTOR('',#17130,1.);
#17150=LINE('',#17120,#17140);
#17160=EDGE_CURVE('',#17090,#15580,#17150,.T.);
#17170=ORIENTED_EDGE('',*,*,#17160,.F.);
#17180=EDGE_LOOP('',(#17170,#17110,#17030,#16950,#16940,#16930,#16920,
#16860,#16780,#16700));
#17190=FACE_OUTER_BOUND('',#17180,.T.);
#17200=CARTESIAN_POINT('',(102.041957494884,112.781226001705,4.75));
#17210=DIRECTION('',(0.,-1.,0.));
#17220=DIRECTION('',(0.,0.,1.));
#17230=AXIS2_PLACEMENT_3D('',#17200,#17210,#17220);
#17240=CIRCLE('',#17230,3.);
#17250=CARTESIAN_POINT('',(102.041957494884,112.781226001705,7.75));
#17260=VERTEX_POINT('',#17250);
#17270=CARTESIAN_POINT('',(102.041957494884,112.781226001705,1.75));
#17280=VERTEX_POINT('',#17270);
#17290=EDGE_CURVE('',#17260,#17280,#17240,.T.);
#17300=ORIENTED_EDGE('',*,*,#17290,.T.);
#17310=EDGE_CURVE('',#17280,#17260,#17240,.T.);
#17320=ORIENTED_EDGE('',*,*,#17310,.T.);
#17330=EDGE_LOOP('',(#17320,#17300));
#17340=FACE_BOUND('',#17330,.T.);
#17350=ADVANCED_FACE('',(#17190,#17340),#16690,.T.);
#17360=COLOUR_RGB('',0.560784339904785,0.588235318660736,
0.600000023841858);
#17370=FILL_AREA_STYLE_COLOUR('',#17360);
#17380=FILL_AREA_STYLE('',(#17370));
#17390=SURFACE_STYLE_FILL_AREA(#17380);
#17400=SURFACE_SIDE_STYLE('',(#17390));
#17410=SURFACE_STYLE_USAGE(.BOTH.,#17400);
#17420=PRESENTATION_STYLE_ASSIGNMENT((#17410));
#17430=CARTESIAN_POINT('',(83.2419574948837,119.881226001705,0.));
#17440=DIRECTION('',(0.965925826289066,0.25881904510253,0.));
#17450=DIRECTION('',(0.25881904510253,-0.965925826289066,0.));
#17460=AXIS2_PLACEMENT_3D('',#17430,#17440,#17450);
#17470=PLANE('',#17460);
#17480=ORIENTED_EDGE('',*,*,#7180,.F.);
#17490=ORIENTED_EDGE('',*,*,#8500,.T.);
#17500=ORIENTED_EDGE('',*,*,#14650,.T.);
#17510=ORIENTED_EDGE('',*,*,#6050,.F.);
#17520=ORIENTED_EDGE('',*,*,#1940,.F.);
#17530=EDGE_LOOP('',(#17520,#17510,#17500,#17490,#17480));
#17540=FACE_OUTER_BOUND('',#17530,.T.);
#17550=ADVANCED_FACE('',(#17540),#17470,.T.);
#17560=COLOUR_RGB('',0.560784339904785,0.588235318660736,
0.600000023841858);
#17570=FILL_AREA_STYLE_COLOUR('',#17560);
#17580=FILL_AREA_STYLE('',(#17570));
#17590=SURFACE_STYLE_FILL_AREA(#17580);
#17600=SURFACE_SIDE_STYLE('',(#17590));
#17610=SURFACE_STYLE_USAGE(.BOTH.,#17600);
#17620=PRESENTATION_STYLE_ASSIGNMENT((#17610));
#17630=CARTESIAN_POINT('',(74.9669574948833,117.706226001707,
-9.85592279139359));
#17640=DIRECTION('',(-1.,0.,0.));
#17650=DIRECTION('',(0.,1.,0.));
#17660=AXIS2_PLACEMENT_3D('',#17630,#17640,#17650);
#17670=PLANE('',#17660);
#17680=ORIENTED_EDGE('',*,*,#12960,.T.);
#17690=ORIENTED_EDGE('',*,*,#8140,.T.);
#17700=ORIENTED_EDGE('',*,*,#3130,.F.);
#17710=ORIENTED_EDGE('',*,*,#11260,.F.);
#17720=EDGE_LOOP('',(#17710,#17700,#17690,#17680));
#17730=FACE_OUTER_BOUND('',#17720,.T.);
#17740=ADVANCED_FACE('',(#17730),#17670,.F.);
#17750=COLOUR_RGB('',0.560784339904785,0.588235318660736,
0.600000023841858);
#17760=FILL_AREA_STYLE_COLOUR('',#17750);
#17770=FILL_AREA_STYLE('',(#17760));
#17780=SURFACE_STYLE_FILL_AREA(#17770);
#17790=SURFACE_SIDE_STYLE('',(#17780));
#17800=SURFACE_STYLE_USAGE(.BOTH.,#17790);
#17810=PRESENTATION_STYLE_ASSIGNMENT((#17800));
#17820=CARTESIAN_POINT('',(64.8419574948837,107.581226001705,4.75));
#17830=DIRECTION('',(0.,-1.,0.));
#17840=DIRECTION('',(1.,0.,0.));
#17850=AXIS2_PLACEMENT_3D('',#17820,#17830,#17840);
#17860=CYLINDRICAL_SURFACE('',#17850,3.);
#17870=CARTESIAN_POINT('',(67.8419574948837,107.581226001705,4.75));
#17880=DIRECTION('',(0.,-1.,0.));
#17890=VECTOR('',#17880,1.);
#17900=LINE('',#17870,#17890);
#17910=CARTESIAN_POINT('',(67.8419574948837,106.281226001705,4.75));
#17920=VERTEX_POINT('',#17910);
#17930=EDGE_CURVE('',#13760,#17920,#17900,.T.);
#17940=ORIENTED_EDGE('',*,*,#17930,.F.);
#17950=CARTESIAN_POINT('',(64.8419574948837,106.281226001705,4.75));
#17960=DIRECTION('',(0.,-1.,0.));
#17970=DIRECTION('',(1.,0.,0.));
#17980=AXIS2_PLACEMENT_3D('',#17950,#17960,#17970);
#17990=CIRCLE('',#17980,3.);
#18000=CARTESIAN_POINT('',(61.8419574948837,106.281226001705,4.75));
#18010=VERTEX_POINT('',#18000);
#18020=EDGE_CURVE('',#18010,#17920,#17990,.T.);
#18030=ORIENTED_EDGE('',*,*,#18020,.T.);
#18040=CARTESIAN_POINT('',(61.8419574948837,107.581226001705,4.75));
#18050=DIRECTION('',(0.,-1.,0.));
#18060=VECTOR('',#18050,1.);
#18070=LINE('',#18040,#18060);
#18080=EDGE_CURVE('',#13780,#18010,#18070,.T.);
#18090=ORIENTED_EDGE('',*,*,#18080,.T.);
#18100=ORIENTED_EDGE('',*,*,#13810,.F.);
#18110=EDGE_LOOP('',(#18100,#18090,#18030,#17940));
#18120=FACE_OUTER_BOUND('',#18110,.T.);
#18130=ADVANCED_FACE('',(#18120),#17860,.F.);
#18140=COLOUR_RGB('',0.560784339904785,0.588235318660736,
0.600000023841858);
#18150=FILL_AREA_STYLE_COLOUR('',#18140);
#18160=FILL_AREA_STYLE('',(#18150));
#18170=SURFACE_STYLE_FILL_AREA(#18160);
#18180=SURFACE_SIDE_STYLE('',(#18170));
#18190=SURFACE_STYLE_USAGE(.BOTH.,#18180);
#18200=PRESENTATION_STYLE_ASSIGNMENT((#18190));
#18210=CARTESIAN_POINT('',(64.8419574948837,106.281226001705,4.75));
#18220=DIRECTION('',(0.,1.,0.));
#18230=DIRECTION('',(1.,0.,0.));
#18240=AXIS2_PLACEMENT_3D('',#18210,#18220,#18230);
#18250=CONICAL_SURFACE('',#18240,3.,0.785398163397448);
#18260=CARTESIAN_POINT('',(67.8419574948837,106.281226001705,4.75));
#18270=DIRECTION('',(0.707106781186548,0.707106781186548,0.));
#18280=VECTOR('',#18270,4.24264068711929);
#18290=LINE('',#18260,#18280);
#18300=CARTESIAN_POINT('',(66.3419574948837,104.781226001705,4.75));
#18310=VERTEX_POINT('',#18300);
#18320=EDGE_CURVE('',#18310,#17920,#18290,.T.);
#18330=ORIENTED_EDGE('',*,*,#18320,.F.);
#18340=EDGE_CURVE('',#17920,#18010,#17990,.T.);
#18350=ORIENTED_EDGE('',*,*,#18340,.F.);
#18360=CARTESIAN_POINT('',(61.8419574948837,106.281226001705,4.75));
#18370=DIRECTION('',(-0.707106781186548,0.707106781186548,0.));
#18380=VECTOR('',#18370,4.24264068711929);
#18390=LINE('',#18360,#18380);
#18400=CARTESIAN_POINT('',(63.3419574948837,104.781226001705,4.75));
#18410=VERTEX_POINT('',#18400);
#18420=EDGE_CURVE('',#18410,#18010,#18390,.T.);
#18430=ORIENTED_EDGE('',*,*,#18420,.T.);
#18440=CARTESIAN_POINT('',(64.8419574948837,104.781226001705,4.75));
#18450=DIRECTION('',(0.,1.,0.));
#18460=DIRECTION('',(1.,0.,0.));
#18470=AXIS2_PLACEMENT_3D('',#18440,#18450,#18460);
#18480=CIRCLE('',#18470,1.5);
#18490=CARTESIAN_POINT('',(65.9026176666635,104.781226001705,
5.81066017177982));
#18500=VERTEX_POINT('',#18490);
#18510=EDGE_CURVE('',#18410,#18500,#18480,.T.);
#18520=ORIENTED_EDGE('',*,*,#18510,.F.);
#18530=EDGE_CURVE('',#18500,#18310,#18480,.T.);
#18540=ORIENTED_EDGE('',*,*,#18530,.F.);
#18550=EDGE_LOOP('',(#18540,#18520,#18430,#18350,#18330));
#18560=FACE_OUTER_BOUND('',#18550,.T.);
#18570=ADVANCED_FACE('',(#18560),#18250,.F.);
#18580=COLOUR_RGB('',0.560784339904785,0.588235318660736,
0.600000023841858);
#18590=FILL_AREA_STYLE_COLOUR('',#18580);
#18600=FILL_AREA_STYLE('',(#18590));
#18610=SURFACE_STYLE_FILL_AREA(#18600);
#18620=SURFACE_SIDE_STYLE('',(#18610));
#18630=SURFACE_STYLE_USAGE(.BOTH.,#18620);
#18640=PRESENTATION_STYLE_ASSIGNMENT((#18630));
#18650=CARTESIAN_POINT('',(102.041957494884,107.431226001705,4.75));
#18660=DIRECTION('',(0.,1.,0.));
#18670=DIRECTION('',(0.,0.,-1.));
#18680=AXIS2_PLACEMENT_3D('',#18650,#18660,#18670);
#18690=CONICAL_SURFACE('',#18680,3.,0.785398163397451);
#18700=CARTESIAN_POINT('',(102.041957494884,107.431226001705,1.75));
#18710=DIRECTION('',(0.,0.707106781186546,-0.707106781186549));
#18720=VECTOR('',#18710,4.24264068711928);
#18730=LINE('',#18700,#18720);
#18740=CARTESIAN_POINT('',(102.041957494884,105.931226001705,
3.24999999999998));
#18750=VERTEX_POINT('',#18740);
#18760=CARTESIAN_POINT('',(102.041957494884,107.431226001705,1.75));
#18770=VERTEX_POINT('',#18760);
#18780=EDGE_CURVE('',#18750,#18770,#18730,.T.);
#18790=ORIENTED_EDGE('',*,*,#18780,.F.);
#18800=CARTESIAN_POINT('',(102.041957494884,107.431226001705,4.75));
#18810=DIRECTION('',(0.,-1.,0.));
#18820=DIRECTION('',(0.,0.,1.));
#18830=AXIS2_PLACEMENT_3D('',#18800,#18810,#18820);
#18840=CIRCLE('',#18830,3.);
#18850=CARTESIAN_POINT('',(102.041957494884,107.431226001705,7.75));
#18860=VERTEX_POINT('',#18850);
#18870=EDGE_CURVE('',#18770,#18860,#18840,.T.);
#18880=ORIENTED_EDGE('',*,*,#18870,.F.);
#18890=CARTESIAN_POINT('',(102.041957494884,107.431226001705,7.75));
#18900=DIRECTION('',(0.,0.707106781186546,0.707106781186549));
#18910=VECTOR('',#18900,4.24264068711928);
#18920=LINE('',#18890,#18910);
#18930=CARTESIAN_POINT('',(102.041957494884,105.931226001705,
6.25000000000001));
#18940=VERTEX_POINT('',#18930);
#18950=EDGE_CURVE('',#18940,#18860,#18920,.T.);
#18960=ORIENTED_EDGE('',*,*,#18950,.T.);
#18970=CARTESIAN_POINT('',(102.041957494884,105.931226001705,
4.74999999999999));
#18980=DIRECTION('',(0.,1.,0.));
#18990=DIRECTION('',(0.,0.,-1.));
#19000=AXIS2_PLACEMENT_3D('',#18970,#18980,#18990);
#19010=CIRCLE('',#19000,1.50000000000001);
#19020=CARTESIAN_POINT('',(103.102617666664,105.931226001705,
5.8106601717798));
#19030=VERTEX_POINT('',#19020);
#19040=EDGE_CURVE('',#18940,#19030,#19010,.T.);
#19050=ORIENTED_EDGE('',*,*,#19040,.F.);
#19060=EDGE_CURVE('',#19030,#18750,#19010,.T.);
#19070=ORIENTED_EDGE('',*,*,#19060,.F.);
#19080=EDGE_LOOP('',(#19070,#19050,#18960,#18880,#18790));
#19090=FACE_OUTER_BOUND('',#19080,.T.);
#19100=ADVANCED_FACE('',(#19090),#18690,.F.);
#19110=COLOUR_RGB('',0.560784339904785,0.588235318660736,
0.600000023841858);
#19120=FILL_AREA_STYLE_COLOUR('',#19110);
#19130=FILL_AREA_STYLE('',(#19120));
#19140=SURFACE_STYLE_FILL_AREA(#19130);
#19150=SURFACE_SIDE_STYLE('',(#19140));
#19160=SURFACE_STYLE_USAGE(.BOTH.,#19150);
#19170=PRESENTATION_STYLE_ASSIGNMENT((#19160));
#19180=CARTESIAN_POINT('',(102.041957494884,112.781226001705,4.75));
#19190=DIRECTION('',(0.,-1.,0.));
#19200=DIRECTION('',(0.,0.,1.));
#19210=AXIS2_PLACEMENT_3D('',#19180,#19190,#19200);
#19220=CYLINDRICAL_SURFACE('',#19210,3.);
#19230=CARTESIAN_POINT('',(102.041957494884,112.781226001705,7.75));
#19240=DIRECTION('',(0.,-1.,0.));
#19250=VECTOR('',#19240,1.);
#19260=LINE('',#19230,#19250);
#19270=EDGE_CURVE('',#17260,#18860,#19260,.T.);
#19280=ORIENTED_EDGE('',*,*,#19270,.F.);
#19290=ORIENTED_EDGE('',*,*,#18870,.T.);
#19300=CARTESIAN_POINT('',(102.041957494884,112.781226001705,1.75));
#19310=DIRECTION('',(0.,-1.,0.));
#19320=VECTOR('',#19310,1.);
#19330=LINE('',#19300,#19320);
#19340=EDGE_CURVE('',#17280,#18770,#19330,.T.);
#19350=ORIENTED_EDGE('',*,*,#19340,.T.);
#19360=ORIENTED_EDGE('',*,*,#17310,.F.);
#19370=EDGE_LOOP('',(#19360,#19350,#19290,#19280));
#19380=FACE_OUTER_BOUND('',#19370,.T.);
#19390=ADVANCED_FACE('',(#19380),#19220,.F.);
#19400=COLOUR_RGB('',0.560784339904785,0.588235318660736,
0.600000023841858);
#19410=FILL_AREA_STYLE_COLOUR('',#19400);
#19420=FILL_AREA_STYLE('',(#19410));
#19430=SURFACE_STYLE_FILL_AREA(#19420);
#19440=SURFACE_SIDE_STYLE('',(#19430));
#19450=SURFACE_STYLE_USAGE(.BOTH.,#19440);
#19460=PRESENTATION_STYLE_ASSIGNMENT((#19450));
#19470=CARTESIAN_POINT('',(102.041957494884,113.456354871108,
4.74999999999998));
#19480=DIRECTION('',(0.,1.,0.));
#19490=DIRECTION('',(0.707106781186548,0.,0.707106781186547));
#19500=AXIS2_PLACEMENT_3D('',#19470,#19480,#19490);
#19510=CONICAL_SURFACE('',#19500,2.9,1.30899693899575);
#19520=CARTESIAN_POINT('',(99.9913478294427,113.456354871108,
2.69939033455899));
#19530=DIRECTION('',(-0.683012701892219,0.25881904510252,
-0.68301270189222));
#19540=VECTOR('',#19530,3.00230092318924);
#19550=LINE('',#19520,#19540);
#19560=CARTESIAN_POINT('',(100.981297323104,113.081226001705,
3.68933982822016));
#19570=VERTEX_POINT('',#19560);
#19580=CARTESIAN_POINT('',(99.9913478294427,113.456354871108,
2.69939033455899));
#19590=VERTEX_POINT('',#19580);
#19600=EDGE_CURVE('',#19570,#19590,#19550,.T.);
#19610=ORIENTED_EDGE('',*,*,#19600,.F.);
#19620=CARTESIAN_POINT('',(102.041957494884,113.456354871108,
4.74999999999998));
#19630=DIRECTION('',(0.,-1.,0.));
#19640=DIRECTION('',(-0.707106781186548,0.,-0.707106781186547));
#19650=AXIS2_PLACEMENT_3D('',#19620,#19630,#19640);
#19660=CIRCLE('',#19650,2.9);
#19670=CARTESIAN_POINT('',(104.092567160325,113.456354871108,
6.80060966544097));
#19680=VERTEX_POINT('',#19670);
#19690=EDGE_CURVE('',#19680,#19590,#19660,.T.);
#19700=ORIENTED_EDGE('',*,*,#19690,.T.);
#19710=CARTESIAN_POINT('',(104.092567160325,113.456354871108,
6.80060966544097));
#19720=DIRECTION('',(0.683012701892219,0.25881904510252,0.68301270189222
));
#19730=VECTOR('',#19720,3.00230092318924);
#19740=LINE('',#19710,#19730);
#19750=CARTESIAN_POINT('',(103.102617666664,113.081226001705,
5.8106601717798));
#19760=VERTEX_POINT('',#19750);
#19770=EDGE_CURVE('',#19760,#19680,#19740,.T.);
#19780=ORIENTED_EDGE('',*,*,#19770,.T.);
#19790=CARTESIAN_POINT('',(102.041957494884,113.081226001705,
4.74999999999998));
#19800=DIRECTION('',(0.,-1.,0.));
#19810=DIRECTION('',(0.707106781186548,0.,0.707106781186547));
#19820=AXIS2_PLACEMENT_3D('',#19790,#19800,#19810);
#19830=CIRCLE('',#19820,1.5);
#19840=EDGE_CURVE('',#19760,#19570,#19830,.T.);
#19850=ORIENTED_EDGE('',*,*,#19840,.F.);
#19860=EDGE_LOOP('',(#19850,#19780,#19700,#19610));
#19870=FACE_OUTER_BOUND('',#19860,.T.);
#19880=ADVANCED_FACE('',(#19870),#19510,.T.);
#19890=COLOUR_RGB('',0.823529481887817,0.823529481887817,
0.784313797950745);
#19900=FILL_AREA_STYLE_COLOUR('',#19890);
#19910=FILL_AREA_STYLE('',(#19900));
#19920=SURFACE_STYLE_FILL_AREA(#19910);
#19930=SURFACE_SIDE_STYLE('',(#19920));
#19940=SURFACE_STYLE_USAGE(.BOTH.,#19930);
#19950=PRESENTATION_STYLE_ASSIGNMENT((#19940));
#19960=CARTESIAN_POINT('',(64.8419574948837,103.591886173484,4.75));
#19970=DIRECTION('',(0.,-1.,0.));
#19980=DIRECTION('',(0.707106781186548,0.,0.707106781186547));
#19990=AXIS2_PLACEMENT_3D('',#19960,#19970,#19980);
#20000=CYLINDRICAL_SURFACE('',#19990,1.5);
#20010=CARTESIAN_POINT('',(65.9026176666635,103.591886173484,
5.81066017177982));
#20020=DIRECTION('',(0.,-1.,0.));
#20030=VECTOR('',#20020,1.);
#20040=LINE('',#20010,#20030);
#20050=CARTESIAN_POINT('',(65.9026176666635,109.381226001705,
5.81066017177982));
#20060=VERTEX_POINT('',#20050);
#20070=EDGE_CURVE('',#20060,#18500,#20040,.T.);
#20080=ORIENTED_EDGE('',*,*,#20070,.F.);
#20090=ORIENTED_EDGE('',*,*,#18510,.T.);
#20100=CARTESIAN_POINT('',(63.7812973231039,104.781226001705,
3.68933982822018));
#20110=VERTEX_POINT('',#20100);
#20120=EDGE_CURVE('',#20110,#18410,#18480,.T.);
#20130=ORIENTED_EDGE('',*,*,#20120,.T.);
#20140=CARTESIAN_POINT('',(63.7812973231039,103.591886173484,
3.68933982822018));
#20150=DIRECTION('',(0.,-1.,0.));
#20160=VECTOR('',#20150,1.);
#20170=LINE('',#20140,#20160);
#20180=CARTESIAN_POINT('',(63.7812973231039,109.381226001705,
3.68933982822018));
#20190=VERTEX_POINT('',#20180);
#20200=EDGE_CURVE('',#20190,#20110,#20170,.T.);
#20210=ORIENTED_EDGE('',*,*,#20200,.T.);
#20220=CARTESIAN_POINT('',(64.8419574948837,109.381226001705,4.75));
#20230=DIRECTION('',(0.,-1.,0.));
#20240=DIRECTION('',(0.707106781186548,0.,0.707106781186547));
#20250=AXIS2_PLACEMENT_3D('',#20220,#20230,#20240);
#20260=CIRCLE('',#20250,1.5);
#20270=EDGE_CURVE('',#20060,#20190,#20260,.T.);
#20280=ORIENTED_EDGE('',*,*,#20270,.T.);
#20290=EDGE_LOOP('',(#20280,#20210,#20130,#20090,#20080));
#20300=FACE_OUTER_BOUND('',#20290,.T.);
#20310=ADVANCED_FACE('',(#20300),#20000,.T.);
#20320=COLOUR_RGB('',0.823529481887817,0.823529481887817,
0.784313797950745);
#20330=FILL_AREA_STYLE_COLOUR('',#20320);
#20340=FILL_AREA_STYLE('',(#20330));
#20350=SURFACE_STYLE_FILL_AREA(#20340);
#20360=SURFACE_SIDE_STYLE('',(#20350));
#20370=SURFACE_STYLE_USAGE(.BOTH.,#20360);
#20380=PRESENTATION_STYLE_ASSIGNMENT((#20370));
#20390=CARTESIAN_POINT('',(64.8419574948837,109.756354871108,4.75));
#20400=DIRECTION('',(0.,1.,0.));
#20410=DIRECTION('',(0.707106781186548,0.,0.707106781186547));
#20420=AXIS2_PLACEMENT_3D('',#20390,#20400,#20410);
#20430=CONICAL_SURFACE('',#20420,2.9,1.30899693899575);
#20440=CARTESIAN_POINT('',(62.7913478294427,109.756354871108,
2.69939033455901));
#20450=DIRECTION('',(-0.683012701892219,0.25881904510252,
-0.68301270189222));
#20460=VECTOR('',#20450,3.00230092318924);
#20470=LINE('',#20440,#20460);
#20480=CARTESIAN_POINT('',(62.7913478294427,109.756354871108,
2.699390334559));
#20490=VERTEX_POINT('',#20480);
#20500=EDGE_CURVE('',#20190,#20490,#20470,.T.);
#20510=ORIENTED_EDGE('',*,*,#20500,.F.);
#20520=CARTESIAN_POINT('',(64.8419574948837,109.756354871108,4.75));
#20530=DIRECTION('',(0.,-1.,0.));
#20540=DIRECTION('',(-0.707106781186548,0.,-0.707106781186547));
#20550=AXIS2_PLACEMENT_3D('',#20520,#20530,#20540);
#20560=CIRCLE('',#20550,2.9);
#20570=CARTESIAN_POINT('',(66.8925671603247,109.756354871108,
6.80060966544098));
#20580=VERTEX_POINT('',#20570);
#20590=EDGE_CURVE('',#20580,#20490,#20560,.T.);
#20600=ORIENTED_EDGE('',*,*,#20590,.T.);
#20610=CARTESIAN_POINT('',(66.8925671603247,109.756354871108,
6.80060966544098));
#20620=DIRECTION('',(0.683012701892219,0.25881904510252,0.68301270189222
));
#20630=VECTOR('',#20620,3.00230092318924);
#20640=LINE('',#20610,#20630);
#20650=EDGE_CURVE('',#20060,#20580,#20640,.T.);
#20660=ORIENTED_EDGE('',*,*,#20650,.T.);
#20670=ORIENTED_EDGE('',*,*,#20270,.F.);
#20680=EDGE_LOOP('',(#20670,#20660,#20600,#20510));
#20690=FACE_OUTER_BOUND('',#20680,.T.);
#20700=ADVANCED_FACE('',(#20690),#20430,.T.);
#20710=COLOUR_RGB('',0.823529481887817,0.823529481887817,
0.784313797950745);
#20720=FILL_AREA_STYLE_COLOUR('',#20710);
#20730=FILL_AREA_STYLE('',(#20720));
#20740=SURFACE_STYLE_FILL_AREA(#20730);
#20750=SURFACE_SIDE_STYLE('',(#20740));
#20760=SURFACE_STYLE_USAGE(.BOTH.,#20750);
#20770=PRESENTATION_STYLE_ASSIGNMENT((#20760));
#20780=CARTESIAN_POINT('',(64.8419574948837,110.918790436406,4.75));
#20790=DIRECTION('',(0.,-1.,0.));
#20800=DIRECTION('',(-0.707106781186548,0.,-0.707106781186547));
#20810=AXIS2_PLACEMENT_3D('',#20780,#20790,#20800);
#20820=CYLINDRICAL_SURFACE('',#20810,2.9);
#20830=CARTESIAN_POINT('',(62.7913478294427,110.918790436406,
2.69939033455901));
#20840=DIRECTION('',(0.,-1.,0.));
#20850=VECTOR('',#20840,1.);
#20860=LINE('',#20830,#20850);
#20870=CARTESIAN_POINT('',(62.7913478294427,112.081226001705,
2.69939033455901));
#20880=VERTEX_POINT('',#20870);
#20890=EDGE_CURVE('',#20880,#20490,#20860,.T.);
#20900=ORIENTED_EDGE('',*,*,#20890,.T.);
#20910=CARTESIAN_POINT('',(64.8419574948837,112.081226001705,4.75));
#20920=DIRECTION('',(0.,-1.,0.));
#20930=DIRECTION('',(-0.707106781186548,0.,-0.707106781186547));
#20940=AXIS2_PLACEMENT_3D('',#20910,#20920,#20930);
#20950=CIRCLE('',#20940,2.9);
#20960=CARTESIAN_POINT('',(62.3956068601554,112.081226001705,
6.30735948706919));
#20970=VERTEX_POINT('',#20960);
#20980=EDGE_CURVE('',#20970,#20880,#20950,.T.);
#20990=ORIENTED_EDGE('',*,*,#20980,.T.);
#21000=CARTESIAN_POINT('',(62.3956068601554,110.918790436406,
6.30735948706919));
#21010=DIRECTION('',(0.,-1.,0.));
#21020=VECTOR('',#21010,1.);
#21030=LINE('',#21000,#21020);
#21040=CARTESIAN_POINT('',(62.3956068601554,110.581226001705,
6.30735948706919));
#21050=VERTEX_POINT('',#21040);
#21060=EDGE_CURVE('',#20970,#21050,#21030,.T.);
#21070=ORIENTED_EDGE('',*,*,#21060,.F.);
#21080=CARTESIAN_POINT('',(64.8419574948837,110.581226001705,4.75));
#21090=DIRECTION('',(0.,-1.,0.));
#21100=DIRECTION('',(-0.707106781186548,0.,-0.707106781186547));
#21110=AXIS2_PLACEMENT_3D('',#21080,#21090,#21100);
#21120=CIRCLE('',#21110,2.9);
#21130=CARTESIAN_POINT('',(63.2845980078145,110.581226001705,
7.19635063472829));
#21140=VERTEX_POINT('',#21130);
#21150=EDGE_CURVE('',#21140,#21050,#21120,.T.);
#21160=ORIENTED_EDGE('',*,*,#21150,.T.);
#21170=CARTESIAN_POINT('',(63.2845980078145,110.918790436406,
7.1963506347283));
#21180=DIRECTION('',(0.,-1.,0.));
#21190=VECTOR('',#21180,1.);
#21200=LINE('',#21170,#21190);
#21210=CARTESIAN_POINT('',(63.2845980078145,112.081226001705,
7.19635063472829));
#21220=VERTEX_POINT('',#21210);
#21230=EDGE_CURVE('',#21220,#21140,#21200,.T.);
#21240=ORIENTED_EDGE('',*,*,#21230,.T.);
#21250=CARTESIAN_POINT('',(66.8925671603247,112.081226001705,
6.80060966544098));
#21260=VERTEX_POINT('',#21250);
#21270=EDGE_CURVE('',#21260,#21220,#20950,.T.);
#21280=ORIENTED_EDGE('',*,*,#21270,.T.);
#21290=CARTESIAN_POINT('',(66.8925671603247,110.918790436406,
6.80060966544098));
#21300=DIRECTION('',(0.,-1.,0.));
#21310=VECTOR('',#21300,1.);
#21320=LINE('',#21290,#21310);
#21330=EDGE_CURVE('',#21260,#20580,#21320,.T.);
#21340=ORIENTED_EDGE('',*,*,#21330,.F.);
#21350=ORIENTED_EDGE('',*,*,#20590,.F.);
#21360=EDGE_LOOP('',(#21350,#21340,#21280,#21240,#21160,#21070,#20990,
#20900));
#21370=FACE_OUTER_BOUND('',#21360,.T.);
#21380=ADVANCED_FACE('',(#21370),#20820,.T.);
#21390=COLOUR_RGB('',0.823529481887817,0.823529481887817,
0.784313797950745);
#21400=FILL_AREA_STYLE_COLOUR('',#21390);
#21410=FILL_AREA_STYLE('',(#21400));
#21420=SURFACE_STYLE_FILL_AREA(#21410);
#21430=SURFACE_SIDE_STYLE('',(#21420));
#21440=SURFACE_STYLE_USAGE(.BOTH.,#21430);
#21450=PRESENTATION_STYLE_ASSIGNMENT((#21440));
#21460=CARTESIAN_POINT('',(63.8166526621632,112.081226001705,
3.7246951672795));
#21470=DIRECTION('',(0.,-1.,-0.));
#21480=DIRECTION('',(-0.707106781186548,0.,-0.707106781186547));
#21490=AXIS2_PLACEMENT_3D('',#21460,#21470,#21480);
#21500=PLANE('',#21490);
#21510=CARTESIAN_POINT('',(68.7029663472246,112.081226001705,0.));
#21520=DIRECTION('',(-0.707106781186547,0.,0.707106781186548));
#21530=VECTOR('',#21520,1.);
#21540=LINE('',#21510,#21530);
#21550=CARTESIAN_POINT('',(66.3993169819529,112.081226001705,
2.30364936527169));
#21560=VERTEX_POINT('',#21550);
#21570=EDGE_CURVE('',#21560,#20970,#21540,.T.);
#21580=ORIENTED_EDGE('',*,*,#21570,.F.);
#21590=ORIENTED_EDGE('',*,*,#20980,.F.);
#21600=EDGE_CURVE('',#20880,#21560,#20950,.T.);
#21610=ORIENTED_EDGE('',*,*,#21600,.F.);
#21620=EDGE_LOOP('',(#21610,#21590,#21580));
#21630=FACE_OUTER_BOUND('',#21620,.T.);
#21640=ADVANCED_FACE('',(#21630),#21500,.F.);
#21650=COLOUR_RGB('',0.823529481887817,0.823529481887817,
0.784313797950745);
#21660=FILL_AREA_STYLE_COLOUR('',#21650);
#21670=FILL_AREA_STYLE('',(#21660));
#21680=SURFACE_STYLE_FILL_AREA(#21670);
#21690=SURFACE_SIDE_STYLE('',(#21680));
#21700=SURFACE_STYLE_USAGE(.BOTH.,#21690);
#21710=PRESENTATION_STYLE_ASSIGNMENT((#21700));
#21720=CARTESIAN_POINT('',(101.016652662163,115.781226001705,
3.72469516727949));
#21730=DIRECTION('',(0.,-1.,-0.));
#21740=DIRECTION('',(-0.707106781186548,0.,-0.707106781186547));
#21750=AXIS2_PLACEMENT_3D('',#21720,#21730,#21740);
#21760=PLANE('',#21750);
#21770=CARTESIAN_POINT('',(105.902966347225,115.781226001705,0.));
#21780=DIRECTION('',(-0.707106781186547,0.,0.707106781186548));
#21790=VECTOR('',#21780,1.);
#21800=LINE('',#21770,#21790);
#21810=CARTESIAN_POINT('',(103.599316981953,115.781226001705,
2.30364936527168));
#21820=VERTEX_POINT('',#21810);
#21830=CARTESIAN_POINT('',(99.5956068601554,115.781226001705,
6.30735948706918));
#21840=VERTEX_POINT('',#21830);
#21850=EDGE_CURVE('',#21820,#21840,#21800,.T.);
#21860=ORIENTED_EDGE('',*,*,#21850,.F.);
#21870=CARTESIAN_POINT('',(102.041957494884,115.781226001705,
4.74999999999998));
#21880=DIRECTION('',(0.,-1.,0.));
#21890=DIRECTION('',(-0.707106781186548,0.,-0.707106781186547));
#21900=AXIS2_PLACEMENT_3D('',#21870,#21880,#21890);
#21910=CIRCLE('',#21900,2.9);
#21920=CARTESIAN_POINT('',(99.9913478294427,115.781226001705,
2.69939033455899));
#21930=VERTEX_POINT('',#21920);
#21940=EDGE_CURVE('',#21840,#21930,#21910,.T.);
#21950=ORIENTED_EDGE('',*,*,#21940,.F.);
#21960=EDGE_CURVE('',#21930,#21820,#21910,.T.);
#21970=ORIENTED_EDGE('',*,*,#21960,.F.);
#21980=EDGE_LOOP('',(#21970,#21950,#21860));
#21990=FACE_OUTER_BOUND('',#21980,.T.);
#22000=ADVANCED_FACE('',(#21990),#21760,.F.);
#22010=COLOUR_RGB('',0.823529481887817,0.823529481887817,
0.784313797950745);
#22020=FILL_AREA_STYLE_COLOUR('',#22010);
#22030=FILL_AREA_STYLE('',(#22020));
#22040=SURFACE_STYLE_FILL_AREA(#22030);
#22050=SURFACE_SIDE_STYLE('',(#22040));
#22060=SURFACE_STYLE_USAGE(.BOTH.,#22050);
#22070=PRESENTATION_STYLE_ASSIGNMENT((#22060));
#22080=CARTESIAN_POINT('',(102.041957494884,107.291886173485,
4.74999999999998));
#22090=DIRECTION('',(0.,-1.,0.));
#22100=DIRECTION('',(0.707106781186548,0.,0.707106781186547));
#22110=AXIS2_PLACEMENT_3D('',#22080,#22090,#22100);
#22120=CYLINDRICAL_SURFACE('',#22110,1.5);
#22130=CARTESIAN_POINT('',(103.102617666664,107.291886173485,
5.8106601717798));
#22140=DIRECTION('',(0.,-1.,0.));
#22150=VECTOR('',#22140,1.);
#22160=LINE('',#22130,#22150);
#22170=EDGE_CURVE('',#19760,#19030,#22160,.T.);
#22180=ORIENTED_EDGE('',*,*,#22170,.F.);
#22190=ORIENTED_EDGE('',*,*,#19040,.T.);
#22200=CARTESIAN_POINT('',(100.981297323104,105.931226001705,
3.68933982822016));
#22210=VERTEX_POINT('',#22200);
#22220=EDGE_CURVE('',#22210,#18940,#19010,.T.);
#22230=ORIENTED_EDGE('',*,*,#22220,.T.);
#22240=CARTESIAN_POINT('',(100.981297323104,107.291886173485,
3.68933982822016));
#22250=DIRECTION('',(0.,-1.,0.));
#22260=VECTOR('',#22250,1.);
#22270=LINE('',#22240,#22260);
#22280=EDGE_CURVE('',#19570,#22210,#22270,.T.);
#22290=ORIENTED_EDGE('',*,*,#22280,.T.);
#22300=ORIENTED_EDGE('',*,*,#19840,.T.);
#22310=EDGE_LOOP('',(#22300,#22290,#22230,#22190,#22180));
#22320=FACE_OUTER_BOUND('',#22310,.T.);
#22330=ADVANCED_FACE('',(#22320),#22120,.T.);
#22340=COLOUR_RGB('',0.823529481887817,0.823529481887817,
0.784313797950745);
#22350=FILL_AREA_STYLE_COLOUR('',#22340);
#22360=FILL_AREA_STYLE('',(#22350));
#22370=SURFACE_STYLE_FILL_AREA(#22360);
#22380=SURFACE_SIDE_STYLE('',(#22370));
#22390=SURFACE_STYLE_USAGE(.BOTH.,#22380);
#22400=PRESENTATION_STYLE_ASSIGNMENT((#22390));
#22410=CARTESIAN_POINT('',(102.041957494884,114.618790436407,
4.74999999999998));
#22420=DIRECTION('',(0.,-1.,0.));
#22430=DIRECTION('',(-0.707106781186548,0.,-0.707106781186547));
#22440=AXIS2_PLACEMENT_3D('',#22410,#22420,#22430);
#22450=CYLINDRICAL_SURFACE('',#22440,2.9);
#22460=CARTESIAN_POINT('',(99.9913478294427,114.618790436407,
2.69939033455899));
#22470=DIRECTION('',(0.,-1.,0.));
#22480=VECTOR('',#22470,1.);
#22490=LINE('',#22460,#22480);
#22500=EDGE_CURVE('',#21930,#19590,#22490,.T.);
#22510=ORIENTED_EDGE('',*,*,#22500,.T.);
#22520=ORIENTED_EDGE('',*,*,#21940,.T.);
#22530=CARTESIAN_POINT('',(99.5956068601554,114.618790436407,
6.30735948706918));
#22540=DIRECTION('',(0.,-1.,0.));
#22550=VECTOR('',#22540,1.);
#22560=LINE('',#22530,#22550);
#22570=CARTESIAN_POINT('',(99.5956068601554,114.281226001705,
6.30735948706918));
#22580=VERTEX_POINT('',#22570);
#22590=EDGE_CURVE('',#21840,#22580,#22560,.T.);
#22600=ORIENTED_EDGE('',*,*,#22590,.F.);
#22610=CARTESIAN_POINT('',(102.041957494884,114.281226001705,
4.74999999999998));
#22620=DIRECTION('',(0.,-1.,0.));
#22630=DIRECTION('',(-0.707106781186548,0.,-0.707106781186547));
#22640=AXIS2_PLACEMENT_3D('',#22610,#22620,#22630);
#22650=CIRCLE('',#22640,2.9);
#22660=CARTESIAN_POINT('',(100.484598007814,114.281226001705,
7.19635063472829));
#22670=VERTEX_POINT('',#22660);
#22680=EDGE_CURVE('',#22670,#22580,#22650,.T.);
#22690=ORIENTED_EDGE('',*,*,#22680,.T.);
#22700=CARTESIAN_POINT('',(100.484598007814,114.618790436407,
7.19635063472829));
#22710=DIRECTION('',(0.,-1.,0.));
#22720=VECTOR('',#22710,1.);
#22730=LINE('',#22700,#22720);
#22740=CARTESIAN_POINT('',(100.484598007814,115.781226001705,
7.19635063472829));
#22750=VERTEX_POINT('',#22740);
#22760=EDGE_CURVE('',#22750,#22670,#22730,.T.);
#22770=ORIENTED_EDGE('',*,*,#22760,.T.);
#22780=CARTESIAN_POINT('',(104.092567160325,115.781226001705,
6.80060966544097));
#22790=VERTEX_POINT('',#22780);
#22800=EDGE_CURVE('',#22790,#22750,#21910,.T.);
#22810=ORIENTED_EDGE('',*,*,#22800,.T.);
#22820=CARTESIAN_POINT('',(104.092567160325,114.618790436407,
6.80060966544097));
#22830=DIRECTION('',(0.,-1.,0.));
#22840=VECTOR('',#22830,1.);
#22850=LINE('',#22820,#22840);
#22860=EDGE_CURVE('',#22790,#19680,#22850,.T.);
#22870=ORIENTED_EDGE('',*,*,#22860,.F.);
#22880=ORIENTED_EDGE('',*,*,#19690,.F.);
#22890=EDGE_LOOP('',(#22880,#22870,#22810,#22770,#22690,#22600,#22520,
#22510));
#22900=FACE_OUTER_BOUND('',#22890,.T.);
#22910=ADVANCED_FACE('',(#22900),#22450,.T.);
#22920=COLOUR_RGB('',0.823529481887817,0.823529481887817,
0.784313797950745);
#22930=FILL_AREA_STYLE_COLOUR('',#22920);
#22940=FILL_AREA_STYLE('',(#22930));
#22950=SURFACE_STYLE_FILL_AREA(#22940);
#22960=SURFACE_SIDE_STYLE('',(#22950));
#22970=SURFACE_STYLE_USAGE(.BOTH.,#22960);
#22980=PRESENTATION_STYLE_ASSIGNMENT((#22970));
#22990=CARTESIAN_POINT('',(67.288308129612,112.081226001705,
3.1926405129308));
#23000=VERTEX_POINT('',#22990);
#23010=EDGE_CURVE('',#23000,#21260,#20950,.T.);
#23020=ORIENTED_EDGE('',*,*,#23010,.F.);
#23030=ORIENTED_EDGE('',*,*,#21270,.F.);
#23040=CARTESIAN_POINT('',(70.4809486425428,112.081226001705,0.));
#23050=DIRECTION('',(0.707106781186547,0.,-0.707106781186548));
#23060=VECTOR('',#23050,1.);
#23070=LINE('',#23040,#23060);
#23080=EDGE_CURVE('',#21220,#23000,#23070,.T.);
#23090=ORIENTED_EDGE('',*,*,#23080,.F.);
#23100=EDGE_LOOP('',(#23090,#23030,#23020));
#23110=FACE_OUTER_BOUND('',#23100,.T.);
#23120=ADVANCED_FACE('',(#23110),#21500,.F.);
#23130=COLOUR_RGB('',0.823529481887817,0.823529481887817,
0.784313797950745);
#23140=FILL_AREA_STYLE_COLOUR('',#23130);
#23150=FILL_AREA_STYLE('',(#23140));
#23160=SURFACE_STYLE_FILL_AREA(#23150);
#23170=SURFACE_SIDE_STYLE('',(#23160));
#23180=SURFACE_STYLE_USAGE(.BOTH.,#23170);
#23190=PRESENTATION_STYLE_ASSIGNMENT((#23180));
#23200=CARTESIAN_POINT('',(62.3956068601554,112.081226001705,
6.30735948706919));
#23210=DIRECTION('',(0.707106781186548,0.,0.707106781186547));
#23220=DIRECTION('',(-0.707106781186547,0.,0.707106781186548));
#23230=AXIS2_PLACEMENT_3D('',#23200,#23210,#23220);
#23240=PLANE('',#23230);
#23250=CARTESIAN_POINT('',(66.3993169819529,110.918790436406,
2.30364936527169));
#23260=DIRECTION('',(0.,-1.,0.));
#23270=VECTOR('',#23260,1.);
#23280=LINE('',#23250,#23270);
#23290=CARTESIAN_POINT('',(66.3993169819529,110.581226001705,
2.30364936527169));
#23300=VERTEX_POINT('',#23290);
#23310=EDGE_CURVE('',#21560,#23300,#23280,.T.);
#23320=ORIENTED_EDGE('',*,*,#23310,.F.);
#23330=CARTESIAN_POINT('',(64.3974619210542,110.581226001705,
4.30550442617044));
#23340=DIRECTION('',(-0.707106781186547,0.,0.707106781186548));
#23350=VECTOR('',#23340,1.);
#23360=LINE('',#23330,#23350);
#23370=EDGE_CURVE('',#23300,#21050,#23360,.T.);
#23380=ORIENTED_EDGE('',*,*,#23370,.F.);
#23390=ORIENTED_EDGE('',*,*,#21060,.T.);
#23400=ORIENTED_EDGE('',*,*,#21570,.T.);
#23410=EDGE_LOOP('',(#23400,#23390,#23380,#23320));
#23420=FACE_OUTER_BOUND('',#23410,.T.);
#23430=ADVANCED_FACE('',(#23420),#23240,.T.);
#23440=COLOUR_RGB('',0.823529481887817,0.823529481887817,
0.784313797950745);
#23450=FILL_AREA_STYLE_COLOUR('',#23440);
#23460=FILL_AREA_STYLE('',(#23450));
#23470=SURFACE_STYLE_FILL_AREA(#23460);
#23480=SURFACE_SIDE_STYLE('',(#23470));
#23490=SURFACE_STYLE_USAGE(.BOTH.,#23480);
#23500=PRESENTATION_STYLE_ASSIGNMENT((#23490));
#23510=CARTESIAN_POINT('',(66.089510114519,110.581226001705,
5.99755261963527));
#23520=DIRECTION('',(-0.,1.,0.));
#23530=DIRECTION('',(0.707106781186548,0.,0.707106781186547));
#23540=AXIS2_PLACEMENT_3D('',#23510,#23520,#23530);
#23550=PLANE('',#23540);
#23560=CARTESIAN_POINT('',(67.288308129612,110.581226001705,
3.1926405129308));
#23570=VERTEX_POINT('',#23560);
#23580=EDGE_CURVE('',#23300,#23570,#21120,.T.);
#23590=ORIENTED_EDGE('',*,*,#23580,.F.);
#23600=CARTESIAN_POINT('',(65.2864530687133,110.581226001705,
5.19449557382955));
#23610=DIRECTION('',(0.707106781186547,0.,-0.707106781186548));
#23620=VECTOR('',#23610,1.);
#23630=LINE('',#23600,#23620);
#23640=EDGE_CURVE('',#21140,#23570,#23630,.T.);
#23650=ORIENTED_EDGE('',*,*,#23640,.T.);
#23660=ORIENTED_EDGE('',*,*,#21150,.F.);
#23670=ORIENTED_EDGE('',*,*,#23370,.T.);
#23680=EDGE_LOOP('',(#23670,#23660,#23650,#23590));
#23690=FACE_OUTER_BOUND('',#23680,.T.);
#23700=ADVANCED_FACE('',(#23690),#23550,.T.);
#23710=COLOUR_RGB('',0.823529481887817,0.823529481887817,
0.784313797950745);
#23720=FILL_AREA_STYLE_COLOUR('',#23710);
#23730=FILL_AREA_STYLE('',(#23720));
#23740=SURFACE_STYLE_FILL_AREA(#23730);
#23750=SURFACE_SIDE_STYLE('',(#23740));
#23760=SURFACE_STYLE_USAGE(.BOTH.,#23750);
#23770=PRESENTATION_STYLE_ASSIGNMENT((#23760));
#23780=CARTESIAN_POINT('',(67.288308129612,112.081226001705,
3.19264051293079));
#23790=DIRECTION('',(-0.707106781186548,-0.,-0.707106781186547));
#23800=DIRECTION('',(0.707106781186547,0.,-0.707106781186548));
#23810=AXIS2_PLACEMENT_3D('',#23780,#23790,#23800);
#23820=PLANE('',#23810);
#23830=ORIENTED_EDGE('',*,*,#21230,.F.);
#23840=ORIENTED_EDGE('',*,*,#23640,.F.);
#23850=CARTESIAN_POINT('',(67.288308129612,110.918790436406,
3.1926405129308));
#23860=DIRECTION('',(0.,-1.,0.));
#23870=VECTOR('',#23860,1.);
#23880=LINE('',#23850,#23870);
#23890=EDGE_CURVE('',#23000,#23570,#23880,.T.);
#23900=ORIENTED_EDGE('',*,*,#23890,.T.);
#23910=ORIENTED_EDGE('',*,*,#23080,.T.);
#23920=EDGE_LOOP('',(#23910,#23900,#23840,#23830));
#23930=FACE_OUTER_BOUND('',#23920,.T.);
#23940=ADVANCED_FACE('',(#23930),#23820,.T.);
#23950=COLOUR_RGB('',0.823529481887817,0.823529481887817,
0.784313797950745);
#23960=FILL_AREA_STYLE_COLOUR('',#23950);
#23970=FILL_AREA_STYLE('',(#23960));
#23980=SURFACE_STYLE_FILL_AREA(#23970);
#23990=SURFACE_SIDE_STYLE('',(#23980));
#24000=SURFACE_STYLE_USAGE(.BOTH.,#23990);
#24010=PRESENTATION_STYLE_ASSIGNMENT((#24000));
#24020=CARTESIAN_POINT('',(104.488308129612,115.781226001705,
3.19264051293079));
#24030=VERTEX_POINT('',#24020);
#24040=EDGE_CURVE('',#24030,#22790,#21910,.T.);
#24050=ORIENTED_EDGE('',*,*,#24040,.F.);
#24060=ORIENTED_EDGE('',*,*,#22800,.F.);
#24070=CARTESIAN_POINT('',(107.680948642543,115.781226001705,0.));
#24080=DIRECTION('',(0.707106781186547,0.,-0.707106781186548));
#24090=VECTOR('',#24080,1.);
#24100=LINE('',#24070,#24090);
#24110=EDGE_CURVE('',#22750,#24030,#24100,.T.);
#24120=ORIENTED_EDGE('',*,*,#24110,.F.);
#24130=EDGE_LOOP('',(#24120,#24060,#24050));
#24140=FACE_OUTER_BOUND('',#24130,.T.);
#24150=ADVANCED_FACE('',(#24140),#21760,.F.);
#24160=COLOUR_RGB('',0.823529481887817,0.823529481887817,
0.784313797950745);
#24170=FILL_AREA_STYLE_COLOUR('',#24160);
#24180=FILL_AREA_STYLE('',(#24170));
#24190=SURFACE_STYLE_FILL_AREA(#24180);
#24200=SURFACE_SIDE_STYLE('',(#24190));
#24210=SURFACE_STYLE_USAGE(.BOTH.,#24200);
#24220=PRESENTATION_STYLE_ASSIGNMENT((#24210));
#24230=CARTESIAN_POINT('',(99.5956068601554,115.781226001705,
6.30735948706918));
#24240=DIRECTION('',(0.707106781186548,0.,0.707106781186547));
#24250=DIRECTION('',(-0.707106781186547,0.,0.707106781186548));
#24260=AXIS2_PLACEMENT_3D('',#24230,#24240,#24250);
#24270=PLANE('',#24260);
#24280=CARTESIAN_POINT('',(103.599316981953,114.618790436407,
2.30364936527168));
#24290=DIRECTION('',(0.,-1.,0.));
#24300=VECTOR('',#24290,1.);
#24310=LINE('',#24280,#24300);
#24320=CARTESIAN_POINT('',(103.599316981953,114.281226001705,
2.30364936527168));
#24330=VERTEX_POINT('',#24320);
#24340=EDGE_CURVE('',#21820,#24330,#24310,.T.);
#24350=ORIENTED_EDGE('',*,*,#24340,.F.);
#24360=CARTESIAN_POINT('',(101.597461921054,114.281226001705,
4.30550442617043));
#24370=DIRECTION('',(-0.707106781186547,0.,0.707106781186548));
#24380=VECTOR('',#24370,1.);
#24390=LINE('',#24360,#24380);
#24400=EDGE_CURVE('',#24330,#22580,#24390,.T.);
#24410=ORIENTED_EDGE('',*,*,#24400,.F.);
#24420=ORIENTED_EDGE('',*,*,#22590,.T.);
#24430=ORIENTED_EDGE('',*,*,#21850,.T.);
#24440=EDGE_LOOP('',(#24430,#24420,#24410,#24350));
#24450=FACE_OUTER_BOUND('',#24440,.T.);
#24460=ADVANCED_FACE('',(#24450),#24270,.T.);
#24470=COLOUR_RGB('',0.823529481887817,0.823529481887817,
0.784313797950745);
#24480=FILL_AREA_STYLE_COLOUR('',#24470);
#24490=FILL_AREA_STYLE('',(#24480));
#24500=SURFACE_STYLE_FILL_AREA(#24490);
#24510=SURFACE_SIDE_STYLE('',(#24500));
#24520=SURFACE_STYLE_USAGE(.BOTH.,#24510);
#24530=PRESENTATION_STYLE_ASSIGNMENT((#24520));
#24540=CARTESIAN_POINT('',(103.289510114519,114.281226001705,
5.99755261963525));
#24550=DIRECTION('',(0.,1.,0.));
#24560=DIRECTION('',(0.707106781186547,0.,-0.707106781186548));
#24570=AXIS2_PLACEMENT_3D('',#24540,#24550,#24560);
#24580=PLANE('',#24570);
#24590=ORIENTED_EDGE('',*,*,#22680,.F.);
#24600=ORIENTED_EDGE('',*,*,#24400,.T.);
#24610=CARTESIAN_POINT('',(104.488308129612,114.281226001705,
3.19264051293079));
#24620=VERTEX_POINT('',#24610);
#24630=EDGE_CURVE('',#24330,#24620,#22650,.T.);
#24640=ORIENTED_EDGE('',*,*,#24630,.F.);
#24650=CARTESIAN_POINT('',(102.486453068713,114.281226001705,
5.19449557382954));
#24660=DIRECTION('',(0.707106781186547,0.,-0.707106781186548));
#24670=VECTOR('',#24660,1.);
#24680=LINE('',#24650,#24670);
#24690=EDGE_CURVE('',#22670,#24620,#24680,.T.);
#24700=ORIENTED_EDGE('',*,*,#24690,.T.);
#24710=EDGE_LOOP('',(#24700,#24640,#24600,#24590));
#24720=FACE_OUTER_BOUND('',#24710,.T.);
#24730=ADVANCED_FACE('',(#24720),#24580,.T.);
#24740=COLOUR_RGB('',0.823529481887817,0.823529481887817,
0.784313797950745);
#24750=FILL_AREA_STYLE_COLOUR('',#24740);
#24760=FILL_AREA_STYLE('',(#24750));
#24770=SURFACE_STYLE_FILL_AREA(#24760);
#24780=SURFACE_SIDE_STYLE('',(#24770));
#24790=SURFACE_STYLE_USAGE(.BOTH.,#24780);
#24800=PRESENTATION_STYLE_ASSIGNMENT((#24790));
#24810=CARTESIAN_POINT('',(104.488308129612,115.781226001705,
3.19264051293079));
#24820=DIRECTION('',(-0.707106781186548,-0.,-0.707106781186547));
#24830=DIRECTION('',(0.707106781186547,0.,-0.707106781186548));
#24840=AXIS2_PLACEMENT_3D('',#24810,#24820,#24830);
#24850=PLANE('',#24840);
#24860=ORIENTED_EDGE('',*,*,#22760,.F.);
#24870=ORIENTED_EDGE('',*,*,#24690,.F.);
#24880=CARTESIAN_POINT('',(104.488308129612,114.618790436407,
3.19264051293079));
#24890=DIRECTION('',(0.,-1.,0.));
#24900=VECTOR('',#24890,1.);
#24910=LINE('',#24880,#24900);
#24920=EDGE_CURVE('',#24030,#24620,#24910,.T.);
#24930=ORIENTED_EDGE('',*,*,#24920,.T.);
#24940=ORIENTED_EDGE('',*,*,#24110,.T.);
#24950=EDGE_LOOP('',(#24940,#24930,#24870,#24860));
#24960=FACE_OUTER_BOUND('',#24950,.T.);
#24970=ADVANCED_FACE('',(#24960),#24850,.T.);
#24980=COLOUR_RGB('',0.823529481887817,0.823529481887817,
0.784313797950745);
#24990=FILL_AREA_STYLE_COLOUR('',#24980);
#25000=FILL_AREA_STYLE('',(#24990));
#25010=SURFACE_STYLE_FILL_AREA(#25000);
#25020=SURFACE_SIDE_STYLE('',(#25010));
#25030=SURFACE_STYLE_USAGE(.BOTH.,#25020);
#25040=PRESENTATION_STYLE_ASSIGNMENT((#25030));
#25050=CARTESIAN_POINT('',(64.8419574948837,109.756354871108,4.75));
#25060=DIRECTION('',(0.,1.,0.));
#25070=DIRECTION('',(0.707106781186548,0.,0.707106781186547));
#25080=AXIS2_PLACEMENT_3D('',#25050,#25060,#25070);
#25090=CONICAL_SURFACE('',#25080,2.9,1.30899693899575);
#25100=EDGE_CURVE('',#20490,#20580,#20560,.T.);
#25110=ORIENTED_EDGE('',*,*,#25100,.T.);
#25120=ORIENTED_EDGE('',*,*,#20500,.T.);
#25130=EDGE_CURVE('',#20190,#20060,#20260,.T.);
#25140=ORIENTED_EDGE('',*,*,#25130,.F.);
#25150=ORIENTED_EDGE('',*,*,#20650,.F.);
#25160=EDGE_LOOP('',(#25150,#25140,#25120,#25110));
#25170=FACE_OUTER_BOUND('',#25160,.T.);
#25180=ADVANCED_FACE('',(#25170),#25090,.T.);
#25190=COLOUR_RGB('',0.823529481887817,0.823529481887817,
0.784313797950745);
#25200=FILL_AREA_STYLE_COLOUR('',#25190);
#25210=FILL_AREA_STYLE('',(#25200));
#25220=SURFACE_STYLE_FILL_AREA(#25210);
#25230=SURFACE_SIDE_STYLE('',(#25220));
#25240=SURFACE_STYLE_USAGE(.BOTH.,#25230);
#25250=PRESENTATION_STYLE_ASSIGNMENT((#25240));
#25260=CARTESIAN_POINT('',(102.041957494884,107.291886173485,
4.74999999999998));
#25270=DIRECTION('',(0.,-1.,0.));
#25280=DIRECTION('',(0.707106781186548,0.,0.707106781186547));
#25290=AXIS2_PLACEMENT_3D('',#25260,#25270,#25280);
#25300=CYLINDRICAL_SURFACE('',#25290,1.5);
#25310=ORIENTED_EDGE('',*,*,#22170,.T.);
#25320=EDGE_CURVE('',#19570,#19760,#19830,.T.);
#25330=ORIENTED_EDGE('',*,*,#25320,.T.);
#25340=ORIENTED_EDGE('',*,*,#22280,.F.);
#25350=EDGE_CURVE('',#18750,#22210,#19010,.T.);
#25360=ORIENTED_EDGE('',*,*,#25350,.T.);
#25370=ORIENTED_EDGE('',*,*,#19060,.T.);
#25380=EDGE_LOOP('',(#25370,#25360,#25340,#25330,#25310));
#25390=FACE_OUTER_BOUND('',#25380,.T.);
#25400=ADVANCED_FACE('',(#25390),#25300,.T.);
#25410=COLOUR_RGB('',0.823529481887817,0.823529481887817,
0.784313797950745);
#25420=FILL_AREA_STYLE_COLOUR('',#25410);
#25430=FILL_AREA_STYLE('',(#25420));
#25440=SURFACE_STYLE_FILL_AREA(#25430);
#25450=SURFACE_SIDE_STYLE('',(#25440));
#25460=SURFACE_STYLE_USAGE(.BOTH.,#25450);
#25470=PRESENTATION_STYLE_ASSIGNMENT((#25460));
#25480=CARTESIAN_POINT('',(102.041957494884,112.781226001705,4.75));
#25490=DIRECTION('',(0.,-1.,0.));
#25500=DIRECTION('',(0.,0.,1.));
#25510=AXIS2_PLACEMENT_3D('',#25480,#25490,#25500);
#25520=CYLINDRICAL_SURFACE('',#25510,3.);
#25530=ORIENTED_EDGE('',*,*,#17290,.F.);
#25540=ORIENTED_EDGE('',*,*,#19340,.F.);
#25550=EDGE_CURVE('',#18860,#18770,#18840,.T.);
#25560=ORIENTED_EDGE('',*,*,#25550,.T.);
#25570=ORIENTED_EDGE('',*,*,#19270,.T.);
#25580=EDGE_LOOP('',(#25570,#25560,#25540,#25530));
#25590=FACE_OUTER_BOUND('',#25580,.T.);
#25600=ADVANCED_FACE('',(#25590),#25520,.F.);
#25610=COLOUR_RGB('',0.560784339904785,0.588235318660736,
0.600000023841858);
#25620=FILL_AREA_STYLE_COLOUR('',#25610);
#25630=FILL_AREA_STYLE('',(#25620));
#25640=SURFACE_STYLE_FILL_AREA(#25630);
#25650=SURFACE_SIDE_STYLE('',(#25640));
#25660=SURFACE_STYLE_USAGE(.BOTH.,#25650);
#25670=PRESENTATION_STYLE_ASSIGNMENT((#25660));
#25680=CARTESIAN_POINT('',(64.8419574948837,106.281226001705,4.75));
#25690=DIRECTION('',(0.,1.,0.));
#25700=DIRECTION('',(1.,0.,0.));
#25710=AXIS2_PLACEMENT_3D('',#25680,#25690,#25700);
#25720=CONICAL_SURFACE('',#25710,3.,0.785398163397448);
#25730=ORIENTED_EDGE('',*,*,#18320,.T.);
#25740=EDGE_CURVE('',#18310,#20110,#18480,.T.);
#25750=ORIENTED_EDGE('',*,*,#25740,.F.);
#25760=ORIENTED_EDGE('',*,*,#20120,.F.);
#25770=ORIENTED_EDGE('',*,*,#18420,.F.);
#25780=ORIENTED_EDGE('',*,*,#18020,.F.);
#25790=EDGE_LOOP('',(#25780,#25770,#25760,#25750,#25730));
#25800=FACE_OUTER_BOUND('',#25790,.T.);
#25810=ADVANCED_FACE('',(#25800),#25720,.F.);
#25820=COLOUR_RGB('',0.560784339904785,0.588235318660736,
0.600000023841858);
#25830=FILL_AREA_STYLE_COLOUR('',#25820);
#25840=FILL_AREA_STYLE('',(#25830));
#25850=SURFACE_STYLE_FILL_AREA(#25840);
#25860=SURFACE_SIDE_STYLE('',(#25850));
#25870=SURFACE_STYLE_USAGE(.BOTH.,#25860);
#25880=PRESENTATION_STYLE_ASSIGNMENT((#25870));
#25890=CARTESIAN_POINT('',(64.8419574948837,103.591886173484,4.75));
#25900=DIRECTION('',(0.,-1.,0.));
#25910=DIRECTION('',(0.707106781186548,0.,0.707106781186547));
#25920=AXIS2_PLACEMENT_3D('',#25890,#25900,#25910);
#25930=CYLINDRICAL_SURFACE('',#25920,1.5);
#25940=ORIENTED_EDGE('',*,*,#20070,.T.);
#25950=ORIENTED_EDGE('',*,*,#25130,.T.);
#25960=ORIENTED_EDGE('',*,*,#20200,.F.);
#25970=ORIENTED_EDGE('',*,*,#25740,.T.);
#25980=ORIENTED_EDGE('',*,*,#18530,.T.);
#25990=EDGE_LOOP('',(#25980,#25970,#25960,#25950,#25940));
#26000=FACE_OUTER_BOUND('',#25990,.T.);
#26010=ADVANCED_FACE('',(#26000),#25930,.T.);
#26020=COLOUR_RGB('',0.823529481887817,0.823529481887817,
0.784313797950745);
#26030=FILL_AREA_STYLE_COLOUR('',#26020);
#26040=FILL_AREA_STYLE('',(#26030));
#26050=SURFACE_STYLE_FILL_AREA(#26040);
#26060=SURFACE_SIDE_STYLE('',(#26050));
#26070=SURFACE_STYLE_USAGE(.BOTH.,#26060);
#26080=PRESENTATION_STYLE_ASSIGNMENT((#26070));
#26090=CARTESIAN_POINT('',(102.041957494884,107.431226001705,4.75));
#26100=DIRECTION('',(0.,1.,0.));
#26110=DIRECTION('',(0.,0.,-1.));
#26120=AXIS2_PLACEMENT_3D('',#26090,#26100,#26110);
#26130=CONICAL_SURFACE('',#26120,3.,0.785398163397451);
#26140=ORIENTED_EDGE('',*,*,#25350,.F.);
#26150=ORIENTED_EDGE('',*,*,#22220,.F.);
#26160=ORIENTED_EDGE('',*,*,#18950,.F.);
#26170=ORIENTED_EDGE('',*,*,#25550,.F.);
#26180=ORIENTED_EDGE('',*,*,#18780,.T.);
#26190=EDGE_LOOP('',(#26180,#26170,#26160,#26150,#26140));
#26200=FACE_OUTER_BOUND('',#26190,.T.);
#26210=ADVANCED_FACE('',(#26200),#26130,.F.);
#26220=COLOUR_RGB('',0.560784339904785,0.588235318660736,
0.600000023841858);
#26230=FILL_AREA_STYLE_COLOUR('',#26220);
#26240=FILL_AREA_STYLE('',(#26230));
#26250=SURFACE_STYLE_FILL_AREA(#26240);
#26260=SURFACE_SIDE_STYLE('',(#26250));
#26270=SURFACE_STYLE_USAGE(.BOTH.,#26260);
#26280=PRESENTATION_STYLE_ASSIGNMENT((#26270));
#26290=CARTESIAN_POINT('',(102.041957494884,113.456354871108,
4.74999999999998));
#26300=DIRECTION('',(0.,1.,0.));
#26310=DIRECTION('',(0.707106781186548,0.,0.707106781186547));
#26320=AXIS2_PLACEMENT_3D('',#26290,#26300,#26310);
#26330=CONICAL_SURFACE('',#26320,2.9,1.30899693899575);
#26340=EDGE_CURVE('',#19590,#19680,#19660,.T.);
#26350=ORIENTED_EDGE('',*,*,#26340,.T.);
#26360=ORIENTED_EDGE('',*,*,#19600,.T.);
#26370=ORIENTED_EDGE('',*,*,#25320,.F.);
#26380=ORIENTED_EDGE('',*,*,#19770,.F.);
#26390=EDGE_LOOP('',(#26380,#26370,#26360,#26350));
#26400=FACE_OUTER_BOUND('',#26390,.T.);
#26410=ADVANCED_FACE('',(#26400),#26330,.T.);
#26420=COLOUR_RGB('',0.823529481887817,0.823529481887817,
0.784313797950745);
#26430=FILL_AREA_STYLE_COLOUR('',#26420);
#26440=FILL_AREA_STYLE('',(#26430));
#26450=SURFACE_STYLE_FILL_AREA(#26440);
#26460=SURFACE_SIDE_STYLE('',(#26450));
#26470=SURFACE_STYLE_USAGE(.BOTH.,#26460);
#26480=PRESENTATION_STYLE_ASSIGNMENT((#26470));
#26490=CARTESIAN_POINT('',(64.8419574948837,107.581226001705,4.75));
#26500=DIRECTION('',(0.,-1.,0.));
#26510=DIRECTION('',(1.,0.,0.));
#26520=AXIS2_PLACEMENT_3D('',#26490,#26500,#26510);
#26530=CYLINDRICAL_SURFACE('',#26520,3.);
#26540=ORIENTED_EDGE('',*,*,#13790,.F.);
#26550=ORIENTED_EDGE('',*,*,#18080,.F.);
#26560=ORIENTED_EDGE('',*,*,#18340,.T.);
#26570=ORIENTED_EDGE('',*,*,#17930,.T.);
#26580=EDGE_LOOP('',(#26570,#26560,#26550,#26540));
#26590=FACE_OUTER_BOUND('',#26580,.T.);
#26600=ADVANCED_FACE('',(#26590),#26530,.F.);
#26610=COLOUR_RGB('',0.560784339904785,0.588235318660736,
0.600000023841858);
#26620=FILL_AREA_STYLE_COLOUR('',#26610);
#26630=FILL_AREA_STYLE('',(#26620));
#26640=SURFACE_STYLE_FILL_AREA(#26630);
#26650=SURFACE_SIDE_STYLE('',(#26640));
#26660=SURFACE_STYLE_USAGE(.BOTH.,#26650);
#26670=PRESENTATION_STYLE_ASSIGNMENT((#26660));
#26680=CARTESIAN_POINT('',(102.041957494884,114.618790436407,
4.74999999999998));
#26690=DIRECTION('',(0.,-1.,0.));
#26700=DIRECTION('',(-0.707106781186548,0.,-0.707106781186547));
#26710=AXIS2_PLACEMENT_3D('',#26680,#26690,#26700);
#26720=CYLINDRICAL_SURFACE('',#26710,2.9);
#26730=ORIENTED_EDGE('',*,*,#22500,.F.);
#26740=ORIENTED_EDGE('',*,*,#26340,.F.);
#26750=ORIENTED_EDGE('',*,*,#22860,.T.);
#26760=ORIENTED_EDGE('',*,*,#24040,.T.);
#26770=ORIENTED_EDGE('',*,*,#24920,.F.);
#26780=ORIENTED_EDGE('',*,*,#24630,.T.);
#26790=ORIENTED_EDGE('',*,*,#24340,.T.);
#26800=ORIENTED_EDGE('',*,*,#21960,.T.);
#26810=EDGE_LOOP('',(#26800,#26790,#26780,#26770,#26760,#26750,#26740,
#26730));
#26820=FACE_OUTER_BOUND('',#26810,.T.);
#26830=ADVANCED_FACE('',(#26820),#26720,.T.);
#26840=COLOUR_RGB('',0.823529481887817,0.823529481887817,
0.784313797950745);
#26850=FILL_AREA_STYLE_COLOUR('',#26840);
#26860=FILL_AREA_STYLE('',(#26850));
#26870=SURFACE_STYLE_FILL_AREA(#26860);
#26880=SURFACE_SIDE_STYLE('',(#26870));
#26890=SURFACE_STYLE_USAGE(.BOTH.,#26880);
#26900=PRESENTATION_STYLE_ASSIGNMENT((#26890));
#26910=CARTESIAN_POINT('',(64.8419574948837,110.918790436406,4.75));
#26920=DIRECTION('',(0.,-1.,0.));
#26930=DIRECTION('',(-0.707106781186548,0.,-0.707106781186547));
#26940=AXIS2_PLACEMENT_3D('',#26910,#26920,#26930);
#26950=CYLINDRICAL_SURFACE('',#26940,2.9);
#26960=ORIENTED_EDGE('',*,*,#20890,.F.);
#26970=ORIENTED_EDGE('',*,*,#25100,.F.);
#26980=ORIENTED_EDGE('',*,*,#21330,.T.);
#26990=ORIENTED_EDGE('',*,*,#23010,.T.);
#27000=ORIENTED_EDGE('',*,*,#23890,.F.);
#27010=ORIENTED_EDGE('',*,*,#23580,.T.);
#27020=ORIENTED_EDGE('',*,*,#23310,.T.);
#27030=ORIENTED_EDGE('',*,*,#21600,.T.);
#27040=EDGE_LOOP('',(#27030,#27020,#27010,#27000,#26990,#26980,#26970,
#26960));
#27050=FACE_OUTER_BOUND('',#27040,.T.);
#27060=ADVANCED_FACE('',(#27050),#26950,.T.);
#27070=COLOUR_RGB('',0.823529481887817,0.823529481887817,
0.784313797950745);
#27080=FILL_AREA_STYLE_COLOUR('',#27070);
#27090=FILL_AREA_STYLE('',(#27080));
#27100=SURFACE_STYLE_FILL_AREA(#27090);
#27110=SURFACE_SIDE_STYLE('',(#27100));
#27120=SURFACE_STYLE_USAGE(.BOTH.,#27110);
#27130=PRESENTATION_STYLE_ASSIGNMENT((#27120));
#27140=CARTESIAN_POINT('',(84.2419574948837,92.1812260017046,9.5));
#27150=DIRECTION('',(-0.,1.,0.));
#27160=DIRECTION('',(1.,0.,0.));
#27170=AXIS2_PLACEMENT_3D('',#27140,#27150,#27160);
#27180=PLANE('',#27170);
#27190=ORIENTED_EDGE('',*,*,#6810,.T.);
#27200=ORIENTED_EDGE('',*,*,#1780,.T.);
#27210=CARTESIAN_POINT('',(75.3419574948837,92.1812260017045,9.5));
#27220=DIRECTION('',(0.,0.,1.));
#27230=VECTOR('',#27220,1.);
#27240=LINE('',#27210,#27230);
#27250=EDGE_CURVE('',#1690,#8790,#27240,.T.);
#27260=ORIENTED_EDGE('',*,*,#27250,.F.);
#27270=ORIENTED_EDGE('',*,*,#8800,.F.);
#27280=CARTESIAN_POINT('',(84.7419574948837,92.1812260017045,8.5));
#27290=VERTEX_POINT('',#27280);
#27300=EDGE_CURVE('',#27290,#8710,#6780,.T.);
#27310=ORIENTED_EDGE('',*,*,#27300,.T.);
#27320=CARTESIAN_POINT('',(0.,92.1812260017046,8.5));
#27330=DIRECTION('',(1.,0.,0.));
#27340=VECTOR('',#27330,1.);
#27350=LINE('',#27320,#27340);
#27360=CARTESIAN_POINT('',(90.7419574948837,92.1812260017046,8.5));
#27370=VERTEX_POINT('',#27360);
#27380=EDGE_CURVE('',#27290,#27370,#27350,.T.);
#27390=ORIENTED_EDGE('',*,*,#27380,.F.);
#27400=CARTESIAN_POINT('',(90.7419574948837,92.1812260017049,9.5));
#27410=DIRECTION('',(0.,0.,1.));
#27420=VECTOR('',#27410,1.);
#27430=LINE('',#27400,#27420);
#27440=CARTESIAN_POINT('',(90.7419574948837,92.1812260017049,9.5));
#27450=VERTEX_POINT('',#27440);
#27460=EDGE_CURVE('',#27370,#27450,#27430,.T.);
#27470=ORIENTED_EDGE('',*,*,#27460,.F.);
#27480=CARTESIAN_POINT('',(0.,92.1812260017045,9.5));
#27490=DIRECTION('',(-1.,0.,0.));
#27500=VECTOR('',#27490,1.);
#27510=LINE('',#27480,#27500);
#27520=CARTESIAN_POINT('',(98.4419574948835,92.1812260017049,9.5));
#27530=VERTEX_POINT('',#27520);
#27540=EDGE_CURVE('',#27530,#27450,#27510,.T.);
#27550=ORIENTED_EDGE('',*,*,#27540,.T.);
#27560=CARTESIAN_POINT('',(98.4419574948835,92.1812260017049,9.5));
#27570=DIRECTION('',(0.,0.,-1.));
#27580=VECTOR('',#27570,1.);
#27590=LINE('',#27560,#27580);
#27600=CARTESIAN_POINT('',(98.4419574948835,92.1812260017049,0.));
#27610=VERTEX_POINT('',#27600);
#27620=EDGE_CURVE('',#27530,#27610,#27590,.T.);
#27630=ORIENTED_EDGE('',*,*,#27620,.F.);
#27640=CARTESIAN_POINT('',(0.,92.1812260017045,0.));
#27650=DIRECTION('',(-1.,0.,0.));
#27660=VECTOR('',#27650,1.);
#27670=LINE('',#27640,#27660);
#27680=CARTESIAN_POINT('',(90.7419574948837,92.1812260017049,0.));
#27690=VERTEX_POINT('',#27680);
#27700=EDGE_CURVE('',#27610,#27690,#27670,.T.);
#27710=ORIENTED_EDGE('',*,*,#27700,.F.);
#27720=CARTESIAN_POINT('',(90.7419574948837,92.1812260017049,1.));
#27730=VERTEX_POINT('',#27720);
#27740=EDGE_CURVE('',#27690,#27730,#27430,.T.);
#27750=ORIENTED_EDGE('',*,*,#27740,.F.);
#27760=CARTESIAN_POINT('',(0.,92.1812260017046,1.));
#27770=DIRECTION('',(-1.,0.,0.));
#27780=VECTOR('',#27770,1.);
#27790=LINE('',#27760,#27780);
#27800=EDGE_CURVE('',#27730,#6800,#27790,.T.);
#27810=ORIENTED_EDGE('',*,*,#27800,.F.);
#27820=EDGE_LOOP('',(#27810,#27750,#27710,#27630,#27550,#27470,#27390,
#27310,#27270,#27260,#27200,#27190));
#27830=FACE_OUTER_BOUND('',#27820,.T.);
#27840=ADVANCED_FACE('',(#27830),#27180,.F.);
#27850=COLOUR_RGB('',0.560784339904785,0.588235318660736,
0.600000023841858);
#27860=FILL_AREA_STYLE_COLOUR('',#27850);
#27870=FILL_AREA_STYLE('',(#27860));
#27880=SURFACE_STYLE_FILL_AREA(#27870);
#27890=SURFACE_SIDE_STYLE('',(#27880));
#27900=SURFACE_STYLE_USAGE(.BOTH.,#27890);
#27910=PRESENTATION_STYLE_ASSIGNMENT((#27900));
#27920=CARTESIAN_POINT('',(84.7419574948837,92.1812260017046,1.));
#27930=DIRECTION('',(0.,0.,-1.));
#27940=DIRECTION('',(-1.,0.,0.));
#27950=AXIS2_PLACEMENT_3D('',#27920,#27930,#27940);
#27960=PLANE('',#27950);
#27970=CARTESIAN_POINT('',(90.7419574948837,92.1812260017046,1.));
#27980=DIRECTION('',(0.,1.,0.));
#27990=VECTOR('',#27980,1.);
#28000=LINE('',#27970,#27990);
#28010=EDGE_CURVE('',#27730,#17010,#28000,.T.);
#28020=ORIENTED_EDGE('',*,*,#28010,.F.);
#28030=ORIENTED_EDGE('',*,*,#17020,.F.);
#28040=ORIENTED_EDGE('',*,*,#6890,.T.);
#28050=ORIENTED_EDGE('',*,*,#27800,.T.);
#28060=EDGE_LOOP('',(#28050,#28040,#28030,#28020));
#28070=FACE_OUTER_BOUND('',#28060,.T.);
#28080=ADVANCED_FACE('',(#28070),#27960,.T.);
#28090=COLOUR_RGB('',0.560784339904785,0.588235318660736,
0.600000023841858);
#28100=FILL_AREA_STYLE_COLOUR('',#28090);
#28110=FILL_AREA_STYLE('',(#28100));
#28120=SURFACE_STYLE_FILL_AREA(#28110);
#28130=SURFACE_SIDE_STYLE('',(#28120));
#28140=SURFACE_STYLE_USAGE(.BOTH.,#28130);
#28150=PRESENTATION_STYLE_ASSIGNMENT((#28140));
#28160=CARTESIAN_POINT('',(74.3419574948837,98.5812260017046,9.5));
#28170=DIRECTION('',(-0.,1.,0.));
#28180=DIRECTION('',(1.,0.,0.));
#28190=AXIS2_PLACEMENT_3D('',#28160,#28170,#28180);
#28200=PLANE('',#28190);
#28210=ORIENTED_EDGE('',*,*,#8960,.T.);
#28220=CARTESIAN_POINT('',(75.3419574948837,98.5812260017046,0.));
#28230=DIRECTION('',(0.,0.,-1.));
#28240=VECTOR('',#28230,1.);
#28250=LINE('',#28220,#28240);
#28260=EDGE_CURVE('',#8870,#1610,#28250,.T.);
#28270=ORIENTED_EDGE('',*,*,#28260,.F.);
#28280=ORIENTED_EDGE('',*,*,#1620,.F.);
#28290=CARTESIAN_POINT('',(70.2919574948837,98.5812260017046,9.5));
#28300=DIRECTION('',(0.,0.,-1.));
#28310=VECTOR('',#28300,1.);
#28320=LINE('',#28290,#28310);
#28330=EDGE_CURVE('',#8950,#1530,#28320,.T.);
#28340=ORIENTED_EDGE('',*,*,#28330,.T.);
#28350=EDGE_LOOP('',(#28340,#28280,#28270,#28210));
#28360=FACE_OUTER_BOUND('',#28350,.T.);
#28370=ADVANCED_FACE('',(#28360),#28200,.F.);
#28380=COLOUR_RGB('',0.560784339904785,0.588235318660736,
0.600000023841858);
#28390=FILL_AREA_STYLE_COLOUR('',#28380);
#28400=FILL_AREA_STYLE('',(#28390));
#28410=SURFACE_STYLE_FILL_AREA(#28400);
#28420=SURFACE_SIDE_STYLE('',(#28410));
#28430=SURFACE_STYLE_USAGE(.BOTH.,#28420);
#28440=PRESENTATION_STYLE_ASSIGNMENT((#28430));
#28450=CARTESIAN_POINT('',(70.2919574948837,96.5812260017046,9.5));
#28460=DIRECTION('',(0.,0.,1.));
#28470=DIRECTION('',(1.,0.,0.));
#28480=AXIS2_PLACEMENT_3D('',#28450,#28460,#28470);
#28490=CYLINDRICAL_SURFACE('',#28480,2.);
#28500=ORIENTED_EDGE('',*,*,#9050,.T.);
#28510=ORIENTED_EDGE('',*,*,#28330,.F.);
#28520=ORIENTED_EDGE('',*,*,#1540,.F.);
#28530=CARTESIAN_POINT('',(68.2919574948837,96.5812260017046,9.5));
#28540=DIRECTION('',(0.,0.,-1.));
#28550=VECTOR('',#28540,1.);
#28560=LINE('',#28530,#28550);
#28570=EDGE_CURVE('',#9040,#1440,#28560,.T.);
#28580=ORIENTED_EDGE('',*,*,#28570,.T.);
#28590=EDGE_LOOP('',(#28580,#28520,#28510,#28500));
#28600=FACE_OUTER_BOUND('',#28590,.T.);
#28610=ADVANCED_FACE('',(#28600),#28490,.F.);
#28620=COLOUR_RGB('',0.560784339904785,0.588235318660736,
0.600000023841858);
#28630=FILL_AREA_STYLE_COLOUR('',#28620);
#28640=FILL_AREA_STYLE('',(#28630));
#28650=SURFACE_STYLE_FILL_AREA(#28640);
#28660=SURFACE_SIDE_STYLE('',(#28650));
#28670=SURFACE_STYLE_USAGE(.BOTH.,#28660);
#28680=PRESENTATION_STYLE_ASSIGNMENT((#28670));
#28690=CARTESIAN_POINT('',(90.7419574948837,92.1812260017046,9.5));
#28700=DIRECTION('',(-1.,0.,0.));
#28710=DIRECTION('',(0.,0.,1.));
#28720=AXIS2_PLACEMENT_3D('',#28690,#28700,#28710);
#28730=PLANE('',#28720);
#28740=ORIENTED_EDGE('',*,*,#27460,.T.);
#28750=CARTESIAN_POINT('',(90.7419574948837,92.1812260017046,8.5));
#28760=DIRECTION('',(0.,1.,0.));
#28770=VECTOR('',#28760,1.);
#28780=LINE('',#28750,#28770);
#28790=EDGE_CURVE('',#27370,#16840,#28780,.T.);
#28800=ORIENTED_EDGE('',*,*,#28790,.F.);
#28810=ORIENTED_EDGE('',*,*,#16850,.F.);
#28820=CARTESIAN_POINT('',(90.7419574948837,0.,9.5));
#28830=DIRECTION('',(0.,-1.,0.));
#28840=VECTOR('',#28830,1.);
#28850=LINE('',#28820,#28840);
#28860=EDGE_CURVE('',#16760,#27450,#28850,.T.);
#28870=ORIENTED_EDGE('',*,*,#28860,.F.);
#28880=EDGE_LOOP('',(#28870,#28810,#28800,#28740));
#28890=FACE_OUTER_BOUND('',#28880,.T.);
#28900=ADVANCED_FACE('',(#28890),#28730,.T.);
#28910=COLOUR_RGB('',0.560784339904785,0.588235318660736,
0.600000023841858);
#28920=FILL_AREA_STYLE_COLOUR('',#28910);
#28930=FILL_AREA_STYLE('',(#28920));
#28940=SURFACE_STYLE_FILL_AREA(#28930);
#28950=SURFACE_SIDE_STYLE('',(#28940));
#28960=SURFACE_STYLE_USAGE(.BOTH.,#28950);
#28970=PRESENTATION_STYLE_ASSIGNMENT((#28960));
#28980=CARTESIAN_POINT('',(99.0419574948837,92.9812260017047,9.5));
#28990=DIRECTION('',(0.,0.,1.));
#29000=DIRECTION('',(1.,0.,0.));
#29010=AXIS2_PLACEMENT_3D('',#28980,#28990,#29000);
#29020=CYLINDRICAL_SURFACE('',#29010,1.);
#29030=CARTESIAN_POINT('',(99.0419574948837,92.9812260017047,9.5));
#29040=DIRECTION('',(0.,0.,1.));
#29050=DIRECTION('',(1.,0.,0.));
#29060=AXIS2_PLACEMENT_3D('',#29030,#29040,#29050);
#29070=CIRCLE('',#29060,1.);
#29080=CARTESIAN_POINT('',(99.0419574948837,91.9812260017047,9.5));
#29090=VERTEX_POINT('',#29080);
#29100=EDGE_CURVE('',#27530,#29090,#29070,.T.);
#29110=ORIENTED_EDGE('',*,*,#29100,.F.);
#29120=CARTESIAN_POINT('',(99.0419574948837,91.9812260017047,9.5));
#29130=DIRECTION('',(0.,0.,-1.));
#29140=VECTOR('',#29130,1.);
#29150=LINE('',#29120,#29140);
#29160=CARTESIAN_POINT('',(99.0419574948837,91.9812260017047,0.));
#29170=VERTEX_POINT('',#29160);
#29180=EDGE_CURVE('',#29090,#29170,#29150,.T.);
#29190=ORIENTED_EDGE('',*,*,#29180,.F.);
#29200=CARTESIAN_POINT('',(99.0419574948837,92.9812260017047,0.));
#29210=DIRECTION('',(0.,0.,1.));
#29220=DIRECTION('',(1.,0.,0.));
#29230=AXIS2_PLACEMENT_3D('',#29200,#29210,#29220);
#29240=CIRCLE('',#29230,1.);
#29250=EDGE_CURVE('',#27610,#29170,#29240,.T.);
#29260=ORIENTED_EDGE('',*,*,#29250,.T.);
#29270=ORIENTED_EDGE('',*,*,#27620,.T.);
#29280=EDGE_LOOP('',(#29270,#29260,#29190,#29110));
#29290=FACE_OUTER_BOUND('',#29280,.T.);
#29300=ADVANCED_FACE('',(#29290),#29020,.T.);
#29310=COLOUR_RGB('',0.560784339904785,0.588235318660736,
0.600000023841858);
#29320=FILL_AREA_STYLE_COLOUR('',#29310);
#29330=FILL_AREA_STYLE('',(#29320));
#29340=SURFACE_STYLE_FILL_AREA(#29330);
#29350=SURFACE_SIDE_STYLE('',(#29340));
#29360=SURFACE_STYLE_USAGE(.BOTH.,#29350);
#29370=PRESENTATION_STYLE_ASSIGNMENT((#29360));
#29380=CARTESIAN_POINT('',(58.2919574948837,100.681226001705,0.));
#29390=DIRECTION('',(0.,0.,1.));
#29400=DIRECTION('',(1.,0.,0.));
#29410=AXIS2_PLACEMENT_3D('',#29380,#29390,#29400);
#29420=PLANE('',#29410);
#29430=ORIENTED_EDGE('',*,*,#27700,.T.);
#29440=ORIENTED_EDGE('',*,*,#29250,.F.);
#29450=CARTESIAN_POINT('',(99.8419574948837,91.9812260017047,0.));
#29460=DIRECTION('',(-1.,0.,0.));
#29470=VECTOR('',#29460,1.);
#29480=LINE('',#29450,#29470);
#29490=CARTESIAN_POINT('',(100.341957494884,91.9812260017047,0.));
#29500=VERTEX_POINT('',#29490);
#29510=EDGE_CURVE('',#29500,#29170,#29480,.T.);
#29520=ORIENTED_EDGE('',*,*,#29510,.T.);
#29530=CARTESIAN_POINT('',(100.341957494884,92.7812260017049,0.));
#29540=DIRECTION('',(0.,-1.,0.));
#29550=VECTOR('',#29540,1.);
#29560=LINE('',#29530,#29550);
#29570=CARTESIAN_POINT('',(100.341957494884,92.7812260017049,0.));
#29580=VERTEX_POINT('',#29570);
#29590=EDGE_CURVE('',#29580,#29500,#29560,.T.);
#29600=ORIENTED_EDGE('',*,*,#29590,.T.);
#29610=CARTESIAN_POINT('',(103.366957494884,92.7812260017049,0.));
#29620=DIRECTION('',(-1.,0.,0.));
#29630=VECTOR('',#29620,1.);
#29640=LINE('',#29610,#29630);
#29650=CARTESIAN_POINT('',(103.641957494884,92.7812260017049,0.));
#29660=VERTEX_POINT('',#29650);
#29670=EDGE_CURVE('',#29660,#29580,#29640,.T.);
#29680=ORIENTED_EDGE('',*,*,#29670,.T.);
#29690=CARTESIAN_POINT('',(103.641957494884,100.681226001705,0.));
#29700=DIRECTION('',(0.,1.,0.));
#29710=VECTOR('',#29700,1.);
#29720=LINE('',#29690,#29710);
#29730=CARTESIAN_POINT('',(103.641957494884,90.5812260017046,0.));
#29740=VERTEX_POINT('',#29730);
#29750=EDGE_CURVE('',#29740,#29660,#29720,.T.);
#29760=ORIENTED_EDGE('',*,*,#29750,.T.);
#29770=CARTESIAN_POINT('',(102.141957494884,90.5812260017046,0.));
#29780=DIRECTION('',(1.,0.,0.));
#29790=VECTOR('',#29780,1.);
#29800=LINE('',#29770,#29790);
#29810=CARTESIAN_POINT('',(101.692467752101,90.5812260017046,0.));
#29820=VERTEX_POINT('',#29810);
#29830=EDGE_CURVE('',#29820,#29740,#29800,.T.);
#29840=ORIENTED_EDGE('',*,*,#29830,.T.);
#29850=CARTESIAN_POINT('',(104.141957494884,90.0812260017046,0.));
#29860=DIRECTION('',(0.,0.,1.));
#29870=DIRECTION('',(1.,0.,0.));
#29880=AXIS2_PLACEMENT_3D('',#29850,#29860,#29870);
#29890=CIRCLE('',#29880,2.5);
#29900=CARTESIAN_POINT('',(104.141957494884,87.5812260017046,0.));
#29910=VERTEX_POINT('',#29900);
#29920=EDGE_CURVE('',#29820,#29910,#29890,.T.);
#29930=ORIENTED_EDGE('',*,*,#29920,.F.);
#29940=CARTESIAN_POINT('',(106.241957494884,87.5812260017046,0.));
#29950=DIRECTION('',(-1.,0.,0.));
#29960=VECTOR('',#29950,1.);
#29970=LINE('',#29940,#29960);
#29980=EDGE_CURVE('',#15400,#29910,#29970,.T.);
#29990=ORIENTED_EDGE('',*,*,#29980,.T.);
#30000=ORIENTED_EDGE('',*,*,#15650,.T.);
#30010=ORIENTED_EDGE('',*,*,#17160,.T.);
#30020=CARTESIAN_POINT('',(90.7419574948837,0.,0.));
#30030=DIRECTION('',(0.,-1.,0.));
#30040=VECTOR('',#30030,1.);
#30050=LINE('',#30020,#30040);
#30060=EDGE_CURVE('',#17090,#27690,#30050,.T.);
#30070=ORIENTED_EDGE('',*,*,#30060,.F.);
#30080=EDGE_LOOP('',(#30070,#30010,#30000,#29990,#29930,#29840,#29760,
#29680,#29600,#29520,#29440,#29430));
#30090=FACE_OUTER_BOUND('',#30080,.T.);
#30100=ADVANCED_FACE('',(#30090),#29420,.F.);
#30110=COLOUR_RGB('',0.560784339904785,0.588235318660736,
0.600000023841858);
#30120=FILL_AREA_STYLE_COLOUR('',#30110);
#30130=FILL_AREA_STYLE('',(#30120));
#30140=SURFACE_STYLE_FILL_AREA(#30130);
#30150=SURFACE_SIDE_STYLE('',(#30140));
#30160=SURFACE_STYLE_USAGE(.BOTH.,#30150);
#30170=PRESENTATION_STYLE_ASSIGNMENT((#30160));
#30180=CARTESIAN_POINT('',(84.7419574948837,92.1812260017046,8.5));
#30190=DIRECTION('',(1.,-0.,0.));
#30200=DIRECTION('',(0.,0.,-1.));
#30210=AXIS2_PLACEMENT_3D('',#30180,#30190,#30200);
#30220=PLANE('',#30210);
#30230=ORIENTED_EDGE('',*,*,#27300,.F.);
#30240=ORIENTED_EDGE('',*,*,#8720,.F.);
#30250=ORIENTED_EDGE('',*,*,#15170,.F.);
#30260=CARTESIAN_POINT('',(84.7419574948837,92.1812260017046,8.5));
#30270=DIRECTION('',(0.,1.,0.));
#30280=VECTOR('',#30270,1.);
#30290=LINE('',#30260,#30280);
#30300=EDGE_CURVE('',#27290,#15100,#30290,.T.);
#30310=ORIENTED_EDGE('',*,*,#30300,.T.);
#30320=EDGE_LOOP('',(#30310,#30250,#30240,#30230));
#30330=FACE_OUTER_BOUND('',#30320,.T.);
#30340=ADVANCED_FACE('',(#30330),#30220,.T.);
#30350=COLOUR_RGB('',0.560784339904785,0.588235318660736,
0.600000023841858);
#30360=FILL_AREA_STYLE_COLOUR('',#30350);
#30370=FILL_AREA_STYLE('',(#30360));
#30380=SURFACE_STYLE_FILL_AREA(#30370);
#30390=SURFACE_SIDE_STYLE('',(#30380));
#30400=SURFACE_STYLE_USAGE(.BOTH.,#30390);
#30410=PRESENTATION_STYLE_ASSIGNMENT((#30400));
#30420=CARTESIAN_POINT('',(90.7419574948837,92.1812260017046,8.5));
#30430=DIRECTION('',(0.,0.,1.));
#30440=DIRECTION('',(1.,0.,0.));
#30450=AXIS2_PLACEMENT_3D('',#30420,#30430,#30440);
#30460=PLANE('',#30450);
#30470=ORIENTED_EDGE('',*,*,#30300,.F.);
#30480=ORIENTED_EDGE('',*,*,#15110,.F.);
#30490=ORIENTED_EDGE('',*,*,#10960,.F.);
#30500=ORIENTED_EDGE('',*,*,#16910,.F.);
#30510=ORIENTED_EDGE('',*,*,#28790,.T.);
#30520=ORIENTED_EDGE('',*,*,#27380,.T.);
#30530=EDGE_LOOP('',(#30520,#30510,#30500,#30490,#30480,#30470));
#30540=FACE_OUTER_BOUND('',#30530,.T.);
#30550=ADVANCED_FACE('',(#30540),#30460,.T.);
#30560=COLOUR_RGB('',0.560784339904785,0.588235318660736,
0.600000023841858);
#30570=FILL_AREA_STYLE_COLOUR('',#30560);
#30580=FILL_AREA_STYLE('',(#30570));
#30590=SURFACE_STYLE_FILL_AREA(#30580);
#30600=SURFACE_SIDE_STYLE('',(#30590));
#30610=SURFACE_STYLE_USAGE(.BOTH.,#30600);
#30620=PRESENTATION_STYLE_ASSIGNMENT((#30610));
#30630=CARTESIAN_POINT('',(90.7419574948837,92.1812260017046,1.));
#30640=DIRECTION('',(-1.,0.,0.));
#30650=DIRECTION('',(0.,0.,1.));
#30660=AXIS2_PLACEMENT_3D('',#30630,#30640,#30650);
#30670=PLANE('',#30660);
#30680=ORIENTED_EDGE('',*,*,#27740,.T.);
#30690=ORIENTED_EDGE('',*,*,#30060,.T.);
#30700=ORIENTED_EDGE('',*,*,#17100,.F.);
#30710=ORIENTED_EDGE('',*,*,#28010,.T.);
#30720=EDGE_LOOP('',(#30710,#30700,#30690,#30680));
#30730=FACE_OUTER_BOUND('',#30720,.T.);
#30740=ADVANCED_FACE('',(#30730),#30670,.T.);
#30750=COLOUR_RGB('',0.560784339904785,0.588235318660736,
0.600000023841858);
#30760=FILL_AREA_STYLE_COLOUR('',#30750);
#30770=FILL_AREA_STYLE('',(#30760));
#30780=SURFACE_STYLE_FILL_AREA(#30770);
#30790=SURFACE_SIDE_STYLE('',(#30780));
#30800=SURFACE_STYLE_USAGE(.BOTH.,#30790);
#30810=PRESENTATION_STYLE_ASSIGNMENT((#30800));
#30820=CARTESIAN_POINT('',(67.8588303217236,85.5812260017046,9.5));
#30830=DIRECTION('',(-0.,1.,0.));
#30840=DIRECTION('',(1.,0.,0.));
#30850=AXIS2_PLACEMENT_3D('',#30820,#30830,#30840);
#30860=PLANE('',#30850);
#30870=ORIENTED_EDGE('',*,*,#9780,.T.);
#30880=CARTESIAN_POINT('',(68.7481999966497,85.5812260017046,9.5));
#30890=DIRECTION('',(0.,0.,1.));
#30900=VECTOR('',#30890,1.);
#30910=LINE('',#30880,#30900);
#30920=EDGE_CURVE('',#790,#9690,#30910,.T.);
#30930=ORIENTED_EDGE('',*,*,#30920,.T.);
#30940=ORIENTED_EDGE('',*,*,#800,.F.);
#30950=CARTESIAN_POINT('',(57.7419574948837,85.5812260017046,9.5));
#30960=DIRECTION('',(0.,0.,1.));
#30970=VECTOR('',#30960,1.);
#30980=LINE('',#30950,#30970);
#30990=EDGE_CURVE('',#710,#9770,#30980,.T.);
#31000=ORIENTED_EDGE('',*,*,#30990,.F.);
#31010=EDGE_LOOP('',(#31000,#30940,#30930,#30870));
#31020=FACE_OUTER_BOUND('',#31010,.T.);
#31030=ADVANCED_FACE('',(#31020),#30860,.F.);
#31040=COLOUR_RGB('',0.560784339904785,0.588235318660736,
0.600000023841858);
#31050=FILL_AREA_STYLE_COLOUR('',#31040);
#31060=FILL_AREA_STYLE('',(#31050));
#31070=SURFACE_STYLE_FILL_AREA(#31060);
#31080=SURFACE_SIDE_STYLE('',(#31070));
#31090=SURFACE_STYLE_USAGE(.BOTH.,#31080);
#31100=PRESENTATION_STYLE_ASSIGNMENT((#31090));
#31110=CARTESIAN_POINT('',(75.3419574948837,93.6812260017045,9.5));
#31120=DIRECTION('',(1.,0.,0.));
#31130=DIRECTION('',(0.,-1.,0.));
#31140=AXIS2_PLACEMENT_3D('',#31110,#31120,#31130);
#31150=PLANE('',#31140);
#31160=ORIENTED_EDGE('',*,*,#8880,.F.);
#31170=ORIENTED_EDGE('',*,*,#27250,.T.);
#31180=ORIENTED_EDGE('',*,*,#1700,.T.);
#31190=ORIENTED_EDGE('',*,*,#28260,.T.);
#31200=EDGE_LOOP('',(#31190,#31180,#31170,#31160));
#31210=FACE_OUTER_BOUND('',#31200,.T.);
#31220=ADVANCED_FACE('',(#31210),#31150,.F.);
#31230=COLOUR_RGB('',0.560784339904785,0.588235318660736,
0.600000023841858);
#31240=FILL_AREA_STYLE_COLOUR('',#31230);
#31250=FILL_AREA_STYLE('',(#31240));
#31260=SURFACE_STYLE_FILL_AREA(#31250);
#31270=SURFACE_SIDE_STYLE('',(#31260));
#31280=SURFACE_STYLE_USAGE(.BOTH.,#31270);
#31290=PRESENTATION_STYLE_ASSIGNMENT((#31280));
#31300=CARTESIAN_POINT('',(58.2419574948837,89.0812260017046,9.5));
#31310=DIRECTION('',(0.,0.,1.));
#31320=DIRECTION('',(1.,0.,0.));
#31330=AXIS2_PLACEMENT_3D('',#31300,#31310,#31320);
#31340=CYLINDRICAL_SURFACE('',#31330,0.5);
#31350=CARTESIAN_POINT('',(58.2419574948837,89.0812260017046,1.2));
#31360=DIRECTION('',(0.,0.,1.));
#31370=DIRECTION('',(1.,0.,0.));
#31380=AXIS2_PLACEMENT_3D('',#31350,#31360,#31370);
#31390=CIRCLE('',#31380,0.5);
#31400=CARTESIAN_POINT('',(58.7419574948837,89.0812260017046,1.2));
#31410=VERTEX_POINT('',#31400);
#31420=CARTESIAN_POINT('',(58.595510885477,89.434779392298,1.2));
#31430=VERTEX_POINT('',#31420);
#31440=EDGE_CURVE('',#31410,#31430,#31390,.T.);
#31450=ORIENTED_EDGE('',*,*,#31440,.T.);
#31460=CARTESIAN_POINT('',(58.7419574948837,89.0812260017046,9.5));
#31470=DIRECTION('',(0.,0.,-1.));
#31480=VECTOR('',#31470,1.);
#31490=LINE('',#31460,#31480);
#31500=EDGE_CURVE('',#9940,#31410,#31490,.T.);
#31510=ORIENTED_EDGE('',*,*,#31500,.T.);
#31520=ORIENTED_EDGE('',*,*,#9950,.F.);
#31530=CARTESIAN_POINT('',(57.7419574948837,89.0812260017046,9.5));
#31540=DIRECTION('',(0.,0.,-1.));
#31550=VECTOR('',#31540,1.);
#31560=LINE('',#31530,#31550);
#31570=EDGE_CURVE('',#9850,#630,#31560,.T.);
#31580=ORIENTED_EDGE('',*,*,#31570,.F.);
#31590=ORIENTED_EDGE('',*,*,#640,.T.);
#31600=CARTESIAN_POINT('',(58.595510885477,89.434779392298,9.5));
#31610=DIRECTION('',(0.,0.,-1.));
#31620=VECTOR('',#31610,1.);
#31630=LINE('',#31600,#31620);
#31640=EDGE_CURVE('',#31430,#540,#31630,.T.);
#31650=ORIENTED_EDGE('',*,*,#31640,.T.);
#31660=EDGE_LOOP('',(#31650,#31590,#31580,#31520,#31510,#31450));
#31670=FACE_OUTER_BOUND('',#31660,.T.);
#31680=ADVANCED_FACE('',(#31670),#31340,.T.);
#31690=COLOUR_RGB('',0.560784339904785,0.588235318660736,
0.600000023841858);
#31700=FILL_AREA_STYLE_COLOUR('',#31690);
#31710=FILL_AREA_STYLE('',(#31700));
#31720=SURFACE_STYLE_FILL_AREA(#31710);
#31730=SURFACE_SIDE_STYLE('',(#31720));
#31740=SURFACE_STYLE_USAGE(.BOTH.,#31730);
#31750=PRESENTATION_STYLE_ASSIGNMENT((#31740));
#31760=CARTESIAN_POINT('',(58.595510885477,89.434779392298,9.5));
#31770=DIRECTION('',(-0.707106781186504,-0.707106781186591,-0.));
#31780=DIRECTION('',(-0.707106781186591,0.707106781186504,0.));
#31790=AXIS2_PLACEMENT_3D('',#31760,#31770,#31780);
#31800=PLANE('',#31790);
#31810=CARTESIAN_POINT('',(0.,148.030290277768,1.2));
#31820=DIRECTION('',(-0.707106781186591,0.707106781186504,0.));
#31830=VECTOR('',#31820,1.);
#31840=LINE('',#31810,#31830);
#31850=CARTESIAN_POINT('',(59.2884041042905,88.7418861734846,1.2));
#31860=VERTEX_POINT('',#31850);
#31870=EDGE_CURVE('',#31860,#31430,#31840,.T.);
#31880=ORIENTED_EDGE('',*,*,#31870,.F.);
#31890=ORIENTED_EDGE('',*,*,#31640,.F.);
#31900=ORIENTED_EDGE('',*,*,#550,.F.);
#31910=CARTESIAN_POINT('',(59.2884041042905,88.7418861734845,9.5));
#31920=DIRECTION('',(0.,0.,-1.));
#31930=VECTOR('',#31920,1.);
#31940=LINE('',#31910,#31930);
#31950=EDGE_CURVE('',#31860,#460,#31940,.T.);
#31960=ORIENTED_EDGE('',*,*,#31950,.T.);
#31970=EDGE_LOOP('',(#31960,#31900,#31890,#31880));
#31980=FACE_OUTER_BOUND('',#31970,.T.);
#31990=ADVANCED_FACE('',(#31980),#31800,.F.);
#32000=COLOUR_RGB('',0.560784339904785,0.588235318660736,
0.600000023841858);
#32010=FILL_AREA_STYLE_COLOUR('',#32000);
#32020=FILL_AREA_STYLE('',(#32010));
#32030=SURFACE_STYLE_FILL_AREA(#32020);
#32040=SURFACE_SIDE_STYLE('',(#32030));
#32050=SURFACE_STYLE_USAGE(.BOTH.,#32040);
#32060=PRESENTATION_STYLE_ASSIGNMENT((#32050));
#32070=CARTESIAN_POINT('',(59.6419574948837,89.0954395640779,9.5));
#32080=DIRECTION('',(0.,0.,1.));
#32090=DIRECTION('',(1.,0.,0.));
#32100=AXIS2_PLACEMENT_3D('',#32070,#32080,#32090);
#32110=CYLINDRICAL_SURFACE('',#32100,0.499999999999984);
#32120=CARTESIAN_POINT('',(59.6419574948837,89.0954395640779,1.2));
#32130=DIRECTION('',(0.,0.,1.));
#32140=DIRECTION('',(1.,0.,0.));
#32150=AXIS2_PLACEMENT_3D('',#32120,#32130,#32140);
#32160=CIRCLE('',#32150,0.499999999999984);
#32170=CARTESIAN_POINT('',(60.1419574948837,89.0954395640779,1.2));
#32180=VERTEX_POINT('',#32170);
#32190=EDGE_CURVE('',#31860,#32180,#32160,.T.);
#32200=ORIENTED_EDGE('',*,*,#32190,.T.);
#32210=ORIENTED_EDGE('',*,*,#31950,.F.);
#32220=ORIENTED_EDGE('',*,*,#470,.F.);
#32230=CARTESIAN_POINT('',(60.1419574948837,89.0954395640779,9.5));
#32240=DIRECTION('',(0.,0.,-1.));
#32250=VECTOR('',#32240,1.);
#32260=LINE('',#32230,#32250);
#32270=EDGE_CURVE('',#32180,#370,#32260,.T.);
#32280=ORIENTED_EDGE('',*,*,#32270,.T.);
#32290=EDGE_LOOP('',(#32280,#32220,#32210,#32200));
#32300=FACE_OUTER_BOUND('',#32290,.T.);
#32310=ADVANCED_FACE('',(#32300),#32110,.F.);
#32320=COLOUR_RGB('',0.560784339904785,0.588235318660736,
0.600000023841858);
#32330=FILL_AREA_STYLE_COLOUR('',#32320);
#32340=FILL_AREA_STYLE('',(#32330));
#32350=SURFACE_STYLE_FILL_AREA(#32340);
#32360=SURFACE_SIDE_STYLE('',(#32350));
#32370=SURFACE_STYLE_USAGE(.BOTH.,#32360);
#32380=PRESENTATION_STYLE_ASSIGNMENT((#32370));
#32390=CARTESIAN_POINT('',(60.1419574948837,89.0954395640779,9.5));
#32400=DIRECTION('',(1.,0.,0.));
#32410=DIRECTION('',(0.,-1.,0.));
#32420=AXIS2_PLACEMENT_3D('',#32390,#32400,#32410);
#32430=PLANE('',#32420);
#32440=ORIENTED_EDGE('',*,*,#10190,.T.);
#32450=CARTESIAN_POINT('',(60.1419574948837,87.0812260017046,0.));
#32460=DIRECTION('',(0.,0.,1.));
#32470=VECTOR('',#32460,1.);
#32480=LINE('',#32450,#32470);
#32490=CARTESIAN_POINT('',(60.1419574948837,87.0812260017046,1.2));
#32500=VERTEX_POINT('',#32490);
#32510=EDGE_CURVE('',#32500,#10100,#32480,.T.);
#32520=ORIENTED_EDGE('',*,*,#32510,.T.);
#32530=CARTESIAN_POINT('',(60.1419574948837,0.,1.2));
#32540=DIRECTION('',(0.,1.,0.));
#32550=VECTOR('',#32540,1.);
#32560=LINE('',#32530,#32550);
#32570=EDGE_CURVE('',#32500,#32180,#32560,.T.);
#32580=ORIENTED_EDGE('',*,*,#32570,.F.);
#32590=ORIENTED_EDGE('',*,*,#32270,.F.);
#32600=ORIENTED_EDGE('',*,*,#380,.F.);
#32610=CARTESIAN_POINT('',(60.1419574948837,90.9857074088953,9.5));
#32620=DIRECTION('',(0.,0.,-1.));
#32630=VECTOR('',#32620,1.);
#32640=LINE('',#32610,#32630);
#32650=EDGE_CURVE('',#10180,#290,#32640,.T.);
#32660=ORIENTED_EDGE('',*,*,#32650,.T.);
#32670=EDGE_LOOP('',(#32660,#32600,#32590,#32580,#32520,#32440));
#32680=FACE_OUTER_BOUND('',#32670,.T.);
#32690=ADVANCED_FACE('',(#32680),#32430,.F.);
#32700=COLOUR_RGB('',0.560784339904785,0.588235318660736,
0.600000023841858);
#32710=FILL_AREA_STYLE_COLOUR('',#32700);
#32720=FILL_AREA_STYLE('',(#32710));
#32730=SURFACE_STYLE_FILL_AREA(#32720);
#32740=SURFACE_SIDE_STYLE('',(#32730));
#32750=SURFACE_STYLE_USAGE(.BOTH.,#32740);
#32760=PRESENTATION_STYLE_ASSIGNMENT((#32750));
#32770=CARTESIAN_POINT('',(57.7419574948837,86.5812260017046,9.5));
#32780=DIRECTION('',(1.,0.,0.));
#32790=DIRECTION('',(0.,-1.,0.));
#32800=AXIS2_PLACEMENT_3D('',#32770,#32780,#32790);
#32810=PLANE('',#32800);
#32820=ORIENTED_EDGE('',*,*,#9860,.T.);
#32830=ORIENTED_EDGE('',*,*,#30990,.T.);
#32840=ORIENTED_EDGE('',*,*,#720,.F.);
#32850=ORIENTED_EDGE('',*,*,#31570,.T.);
#32860=EDGE_LOOP('',(#32850,#32840,#32830,#32820));
#32870=FACE_OUTER_BOUND('',#32860,.T.);
#32880=ADVANCED_FACE('',(#32870),#32810,.F.);
#32890=COLOUR_RGB('',0.560784339904785,0.588235318660736,
0.600000023841858);
#32900=FILL_AREA_STYLE_COLOUR('',#32890);
#32910=FILL_AREA_STYLE('',(#32900));
#32920=SURFACE_STYLE_FILL_AREA(#32910);
#32930=SURFACE_SIDE_STYLE('',(#32920));
#32940=SURFACE_STYLE_USAGE(.BOTH.,#32930);
#32950=PRESENTATION_STYLE_ASSIGNMENT((#32940));
#32960=CARTESIAN_POINT('',(59.6419574948837,87.0812260017046,9.5));
#32970=DIRECTION('',(-0.,1.,0.));
#32980=DIRECTION('',(1.,0.,0.));
#32990=AXIS2_PLACEMENT_3D('',#32960,#32970,#32980);
#33000=PLANE('',#32990);
#33010=CARTESIAN_POINT('',(58.7419574948837,87.0812260017046,0.));
#33020=DIRECTION('',(0.,0.,-1.));
#33030=VECTOR('',#33020,1.);
#33040=LINE('',#33010,#33030);
#33050=CARTESIAN_POINT('',(58.7419574948837,87.0812260017046,1.2));
#33060=VERTEX_POINT('',#33050);
#33070=EDGE_CURVE('',#10020,#33060,#33040,.T.);
#33080=ORIENTED_EDGE('',*,*,#33070,.F.);
#33090=CARTESIAN_POINT('',(0.,87.0812260017046,1.2));
#33100=DIRECTION('',(1.,0.,0.));
#33110=VECTOR('',#33100,1.);
#33120=LINE('',#33090,#33110);
#33130=EDGE_CURVE('',#33060,#32500,#33120,.T.);
#33140=ORIENTED_EDGE('',*,*,#33130,.F.);
#33150=ORIENTED_EDGE('',*,*,#32510,.F.);
#33160=ORIENTED_EDGE('',*,*,#10110,.F.);
#33170=EDGE_LOOP('',(#33160,#33150,#33140,#33080));
#33180=FACE_OUTER_BOUND('',#33170,.T.);
#33190=ADVANCED_FACE('',(#33180),#33000,.T.);
#33200=COLOUR_RGB('',0.560784339904785,0.588235318660736,
0.600000023841858);
#33210=FILL_AREA_STYLE_COLOUR('',#33200);
#33220=FILL_AREA_STYLE('',(#33210));
#33230=SURFACE_STYLE_FILL_AREA(#33220);
#33240=SURFACE_SIDE_STYLE('',(#33230));
#33250=SURFACE_STYLE_USAGE(.BOTH.,#33240);
#33260=PRESENTATION_STYLE_ASSIGNMENT((#33250));
#33270=CARTESIAN_POINT('',(59.8608808559937,91.5884782061885,9.5));
#33280=DIRECTION('',(0.906307787036661,0.422618261740677,0.));
#33290=DIRECTION('',(0.422618261740677,-0.906307787036661,0.));
#33300=AXIS2_PLACEMENT_3D('',#33270,#33280,#33290);
#33310=PLANE('',#33300);
#33320=ORIENTED_EDGE('',*,*,#10270,.T.);
#33330=ORIENTED_EDGE('',*,*,#32650,.F.);
#33340=ORIENTED_EDGE('',*,*,#300,.F.);
#33350=ORIENTED_EDGE('',*,*,#12340,.F.);
#33360=EDGE_LOOP('',(#33350,#33340,#33330,#33320));
#33370=FACE_OUTER_BOUND('',#33360,.T.);
#33380=ADVANCED_FACE('',(#33370),#33310,.F.);
#33390=COLOUR_RGB('',0.560784339904785,0.588235318660736,
0.600000023841858);
#33400=FILL_AREA_STYLE_COLOUR('',#33390);
#33410=FILL_AREA_STYLE('',(#33400));
#33420=SURFACE_STYLE_FILL_AREA(#33410);
#33430=SURFACE_SIDE_STYLE('',(#33420));
#33440=SURFACE_STYLE_USAGE(.BOTH.,#33430);
#33450=PRESENTATION_STYLE_ASSIGNMENT((#33440));
#33460=CARTESIAN_POINT('',(68.4384041042905,94.684779392298,9.5));
#33470=DIRECTION('',(-0.707106781186536,-0.707106781186559,-0.));
#33480=DIRECTION('',(-0.707106781186559,0.707106781186536,0.));
#33490=AXIS2_PLACEMENT_3D('',#33460,#33470,#33480);
#33500=PLANE('',#33490);
#33510=ORIENTED_EDGE('',*,*,#9210,.T.);
#33520=CARTESIAN_POINT('',(68.2919574948837,94.8312260017047,9.5));
#33530=DIRECTION('',(0.,0.,-1.));
#33540=VECTOR('',#33530,1.);
#33550=LINE('',#33520,#33540);
#33560=EDGE_CURVE('',#9120,#1360,#33550,.T.);
#33570=ORIENTED_EDGE('',*,*,#33560,.F.);
#33580=ORIENTED_EDGE('',*,*,#1370,.F.);
#33590=CARTESIAN_POINT('',(70.1419574948837,92.9812260017047,9.5));
#33600=DIRECTION('',(0.,0.,-1.));
#33610=VECTOR('',#33600,1.);
#33620=LINE('',#33590,#33610);
#33630=EDGE_CURVE('',#9200,#1280,#33620,.T.);
#33640=ORIENTED_EDGE('',*,*,#33630,.T.);
#33650=EDGE_LOOP('',(#33640,#33580,#33570,#33510));
#33660=FACE_OUTER_BOUND('',#33650,.T.);
#33670=ADVANCED_FACE('',(#33660),#33500,.F.);
#33680=COLOUR_RGB('',0.560784339904785,0.588235318660736,
0.600000023841858);
#33690=FILL_AREA_STYLE_COLOUR('',#33680);
#33700=FILL_AREA_STYLE('',(#33690));
#33710=SURFACE_STYLE_FILL_AREA(#33700);
#33720=SURFACE_SIDE_STYLE('',(#33710));
#33730=SURFACE_STYLE_USAGE(.BOTH.,#33720);
#33740=PRESENTATION_STYLE_ASSIGNMENT((#33730));
#33750=CARTESIAN_POINT('',(60.6455013738608,90.5406891811481,9.5));
#33760=DIRECTION('',(0.,0.,1.));
#33770=DIRECTION('',(1.,0.,0.));
#33780=AXIS2_PLACEMENT_3D('',#33750,#33760,#33770);
#33790=CYLINDRICAL_SURFACE('',#33780,9.50000000000006);
#33800=ORIENTED_EDGE('',*,*,#9700,.F.);
#33810=CARTESIAN_POINT('',(70.1419574948837,90.2812260017049,9.5));
#33820=DIRECTION('',(0.,0.,-1.));
#33830=VECTOR('',#33820,1.);
#33840=LINE('',#33810,#33830);
#33850=EDGE_CURVE('',#9600,#880,#33840,.T.);
#33860=ORIENTED_EDGE('',*,*,#33850,.F.);
#33870=ORIENTED_EDGE('',*,*,#890,.T.);
#33880=ORIENTED_EDGE('',*,*,#30920,.F.);
#33890=EDGE_LOOP('',(#33880,#33870,#33860,#33800));
#33900=FACE_OUTER_BOUND('',#33890,.T.);
#33910=ADVANCED_FACE('',(#33900),#33790,.T.);
#33920=COLOUR_RGB('',0.560784339904785,0.588235318660736,
0.600000023841858);
#33930=FILL_AREA_STYLE_COLOUR('',#33920);
#33940=FILL_AREA_STYLE('',(#33930));
#33950=SURFACE_STYLE_FILL_AREA(#33940);
#33960=SURFACE_SIDE_STYLE('',(#33950));
#33970=SURFACE_STYLE_USAGE(.BOTH.,#33960);
#33980=PRESENTATION_STYLE_ASSIGNMENT((#33970));
#33990=CARTESIAN_POINT('',(70.1419574948837,90.5812260017046,9.5));
#34000=DIRECTION('',(-1.,0.,0.));
#34010=DIRECTION('',(0.,1.,0.));
#34020=AXIS2_PLACEMENT_3D('',#33990,#34000,#34010);
#34030=PLANE('',#34020);
#34040=ORIENTED_EDGE('',*,*,#9610,.T.);
#34050=CARTESIAN_POINT('',(70.1419574948837,90.5812260017046,9.5));
#34060=DIRECTION('',(0.,0.,-1.));
#34070=VECTOR('',#34060,1.);
#34080=LINE('',#34050,#34070);
#34090=EDGE_CURVE('',#9520,#960,#34080,.T.);
#34100=ORIENTED_EDGE('',*,*,#34090,.F.);
#34110=ORIENTED_EDGE('',*,*,#970,.F.);
#34120=ORIENTED_EDGE('',*,*,#33850,.T.);
#34130=EDGE_LOOP('',(#34120,#34110,#34100,#34040));
#34140=FACE_OUTER_BOUND('',#34130,.T.);
#34150=ADVANCED_FACE('',(#34140),#34030,.F.);
#34160=COLOUR_RGB('',0.560784339904785,0.588235318660736,
0.600000023841858);
#34170=FILL_AREA_STYLE_COLOUR('',#34160);
#34180=FILL_AREA_STYLE('',(#34170));
#34190=SURFACE_STYLE_FILL_AREA(#34180);
#34200=SURFACE_SIDE_STYLE('',(#34190));
#34210=SURFACE_STYLE_USAGE(.BOTH.,#34200);
#34220=PRESENTATION_STYLE_ASSIGNMENT((#34210));
#34230=CARTESIAN_POINT('',(68.8419574948837,90.7812260017049,9.5));
#34240=DIRECTION('',(-0.152057184254142,-0.988371697650586,-0.));
#34250=DIRECTION('',(-0.988371697650586,0.152057184254142,0.));
#34260=AXIS2_PLACEMENT_3D('',#34230,#34240,#34250);
#34270=PLANE('',#34260);
#34280=ORIENTED_EDGE('',*,*,#9530,.T.);
#34290=CARTESIAN_POINT('',(68.8419574948837,90.7812260017049,9.5));
#34300=DIRECTION('',(0.,0.,-1.));
#34310=VECTOR('',#34300,1.);
#34320=LINE('',#34290,#34310);
#34330=EDGE_CURVE('',#9440,#1040,#34320,.T.);
#34340=ORIENTED_EDGE('',*,*,#34330,.F.);
#34350=ORIENTED_EDGE('',*,*,#1050,.F.);
#34360=ORIENTED_EDGE('',*,*,#34090,.T.);
#34370=EDGE_LOOP('',(#34360,#34350,#34340,#34280));
#34380=FACE_OUTER_BOUND('',#34370,.T.);
#34390=ADVANCED_FACE('',(#34380),#34270,.F.);
#34400=COLOUR_RGB('',0.560784339904785,0.588235318660736,
0.600000023841858);
#34410=FILL_AREA_STYLE_COLOUR('',#34400);
#34420=FILL_AREA_STYLE('',(#34410));
#34430=SURFACE_STYLE_FILL_AREA(#34420);
#34440=SURFACE_SIDE_STYLE('',(#34430));
#34450=SURFACE_STYLE_USAGE(.BOTH.,#34440);
#34460=PRESENTATION_STYLE_ASSIGNMENT((#34450));
#34470=CARTESIAN_POINT('',(68.6303651180336,91.9812260017047,9.5));
#34480=DIRECTION('',(-0.984807753012213,-0.173648177666903,-0.));
#34490=DIRECTION('',(-0.173648177666903,0.984807753012213,0.));
#34500=AXIS2_PLACEMENT_3D('',#34470,#34480,#34490);
#34510=PLANE('',#34500);
#34520=ORIENTED_EDGE('',*,*,#9450,.T.);
#34530=CARTESIAN_POINT('',(68.6303651180336,91.9812260017047,9.5));
#34540=DIRECTION('',(0.,0.,-1.));
#34550=VECTOR('',#34540,1.);
#34560=LINE('',#34530,#34550);
#34570=EDGE_CURVE('',#9360,#1120,#34560,.T.);
#34580=ORIENTED_EDGE('',*,*,#34570,.F.);
#34590=ORIENTED_EDGE('',*,*,#1130,.F.);
#34600=ORIENTED_EDGE('',*,*,#34330,.T.);
#34610=EDGE_LOOP('',(#34600,#34590,#34580,#34520));
#34620=FACE_OUTER_BOUND('',#34610,.T.);
#34630=ADVANCED_FACE('',(#34620),#34510,.F.);
#34640=COLOUR_RGB('',0.560784339904785,0.588235318660736,
0.600000023841858);
#34650=FILL_AREA_STYLE_COLOUR('',#34640);
#34660=FILL_AREA_STYLE('',(#34650));
#34670=SURFACE_STYLE_FILL_AREA(#34660);
#34680=SURFACE_SIDE_STYLE('',(#34670));
#34690=SURFACE_STYLE_USAGE(.BOTH.,#34680);
#34700=PRESENTATION_STYLE_ASSIGNMENT((#34690));
#34710=CARTESIAN_POINT('',(70.1419574948837,92.2477605215768,9.5));
#34720=DIRECTION('',(-0.173648177667011,0.984807753012194,0.));
#34730=DIRECTION('',(0.984807753012194,0.173648177667011,0.));
#34740=AXIS2_PLACEMENT_3D('',#34710,#34720,#34730);
#34750=PLANE('',#34740);
#34760=ORIENTED_EDGE('',*,*,#9370,.F.);
#34770=CARTESIAN_POINT('',(70.1419574948837,92.2477605215768,9.5));
#34780=DIRECTION('',(0.,0.,-1.));
#34790=VECTOR('',#34780,1.);
#34800=LINE('',#34770,#34790);
#34810=EDGE_CURVE('',#9280,#1200,#34800,.T.);
#34820=ORIENTED_EDGE('',*,*,#34810,.F.);
#34830=ORIENTED_EDGE('',*,*,#1210,.T.);
#34840=ORIENTED_EDGE('',*,*,#34570,.T.);
#34850=EDGE_LOOP('',(#34840,#34830,#34820,#34760));
#34860=FACE_OUTER_BOUND('',#34850,.T.);
#34870=ADVANCED_FACE('',(#34860),#34750,.F.);
#34880=COLOUR_RGB('',0.560784339904785,0.588235318660736,
0.600000023841858);
#34890=FILL_AREA_STYLE_COLOUR('',#34880);
#34900=FILL_AREA_STYLE('',(#34890));
#34910=SURFACE_STYLE_FILL_AREA(#34900);
#34920=SURFACE_SIDE_STYLE('',(#34910));
#34930=SURFACE_STYLE_USAGE(.BOTH.,#34920);
#34940=PRESENTATION_STYLE_ASSIGNMENT((#34930));
#34950=CARTESIAN_POINT('',(70.1419574948837,92.9812260017047,9.5));
#34960=DIRECTION('',(-1.,0.,0.));
#34970=DIRECTION('',(0.,1.,0.));
#34980=AXIS2_PLACEMENT_3D('',#34950,#34960,#34970);
#34990=PLANE('',#34980);
#35000=ORIENTED_EDGE('',*,*,#9290,.T.);
#35010=ORIENTED_EDGE('',*,*,#33630,.F.);
#35020=ORIENTED_EDGE('',*,*,#1290,.F.);
#35030=ORIENTED_EDGE('',*,*,#34810,.T.);
#35040=EDGE_LOOP('',(#35030,#35020,#35010,#35000));
#35050=FACE_OUTER_BOUND('',#35040,.T.);
#35060=ADVANCED_FACE('',(#35050),#34990,.F.);
#35070=COLOUR_RGB('',0.560784339904785,0.588235318660736,
0.600000023841858);
#35080=FILL_AREA_STYLE_COLOUR('',#35070);
#35090=FILL_AREA_STYLE('',(#35080));
#35100=SURFACE_STYLE_FILL_AREA(#35090);
#35110=SURFACE_SIDE_STYLE('',(#35100));
#35120=SURFACE_STYLE_USAGE(.BOTH.,#35110);
#35130=PRESENTATION_STYLE_ASSIGNMENT((#35120));
#35140=CARTESIAN_POINT('',(68.2919574948837,96.5812260017046,9.5));
#35150=DIRECTION('',(-1.,0.,0.));
#35160=DIRECTION('',(0.,1.,0.));
#35170=AXIS2_PLACEMENT_3D('',#35140,#35150,#35160);
#35180=PLANE('',#35170);
#35190=ORIENTED_EDGE('',*,*,#9130,.T.);
#35200=ORIENTED_EDGE('',*,*,#28570,.F.);
#35210=ORIENTED_EDGE('',*,*,#1450,.F.);
#35220=ORIENTED_EDGE('',*,*,#33560,.T.);
#35230=EDGE_LOOP('',(#35220,#35210,#35200,#35190));
#35240=FACE_OUTER_BOUND('',#35230,.T.);
#35250=ADVANCED_FACE('',(#35240),#35180,.F.);
#35260=COLOUR_RGB('',0.560784339904785,0.588235318660736,
0.600000023841858);
#35270=FILL_AREA_STYLE_COLOUR('',#35260);
#35280=FILL_AREA_STYLE('',(#35270));
#35290=SURFACE_STYLE_FILL_AREA(#35280);
#35300=SURFACE_SIDE_STYLE('',(#35290));
#35310=SURFACE_STYLE_USAGE(.BOTH.,#35300);
#35320=PRESENTATION_STYLE_ASSIGNMENT((#35310));
#35330=CARTESIAN_POINT('',(102.141957494884,90.5812260017046,9.5));
#35340=DIRECTION('',(-0.,-1.,-0.));
#35350=DIRECTION('',(-1.,0.,0.));
#35360=AXIS2_PLACEMENT_3D('',#35330,#35340,#35350);
#35370=PLANE('',#35360);
#35380=CARTESIAN_POINT('',(102.141957494884,90.5812260017046,9.5));
#35390=DIRECTION('',(1.,0.,0.));
#35400=VECTOR('',#35390,1.);
#35410=LINE('',#35380,#35400);
#35420=CARTESIAN_POINT('',(101.692467752101,90.5812260017046,9.5));
#35430=VERTEX_POINT('',#35420);
#35440=CARTESIAN_POINT('',(103.641957494884,90.5812260017046,9.5));
#35450=VERTEX_POINT('',#35440);
#35460=EDGE_CURVE('',#35430,#35450,#35410,.T.);
#35470=ORIENTED_EDGE('',*,*,#35460,.T.);
#35480=CARTESIAN_POINT('',(101.692467752101,90.5812260017046,9.5));
#35490=DIRECTION('',(0.,0.,1.));
#35500=VECTOR('',#35490,1.);
#35510=LINE('',#35480,#35500);
#35520=EDGE_CURVE('',#29820,#35430,#35510,.T.);
#35530=ORIENTED_EDGE('',*,*,#35520,.T.);
#35540=ORIENTED_EDGE('',*,*,#29830,.F.);
#35550=CARTESIAN_POINT('',(103.641957494884,90.5812260017046,9.5));
#35560=DIRECTION('',(0.,0.,-1.));
#35570=VECTOR('',#35560,1.);
#35580=LINE('',#35550,#35570);
#35590=EDGE_CURVE('',#35450,#29740,#35580,.T.);
#35600=ORIENTED_EDGE('',*,*,#35590,.T.);
#35610=EDGE_LOOP('',(#35600,#35540,#35530,#35470));
#35620=FACE_OUTER_BOUND('',#35610,.T.);
#35630=ADVANCED_FACE('',(#35620),#35370,.F.);
#35640=COLOUR_RGB('',0.560784339904785,0.588235318660736,
0.600000023841858);
#35650=FILL_AREA_STYLE_COLOUR('',#35640);
#35660=FILL_AREA_STYLE('',(#35650));
#35670=SURFACE_STYLE_FILL_AREA(#35660);
#35680=SURFACE_SIDE_STYLE('',(#35670));
#35690=SURFACE_STYLE_USAGE(.BOTH.,#35680);
#35700=PRESENTATION_STYLE_ASSIGNMENT((#35690));
#35710=CARTESIAN_POINT('',(58.2919574948837,100.681226001705,9.5));
#35720=DIRECTION('',(0.,0.,1.));
#35730=DIRECTION('',(1.,0.,0.));
#35740=AXIS2_PLACEMENT_3D('',#35710,#35720,#35730);
#35750=PLANE('',#35740);
#35760=CARTESIAN_POINT('',(103.366957494884,92.7812260017049,9.5));
#35770=DIRECTION('',(-1.,0.,0.));
#35780=VECTOR('',#35770,1.);
#35790=LINE('',#35760,#35780);
#35800=CARTESIAN_POINT('',(103.641957494884,92.7812260017049,9.5));
#35810=VERTEX_POINT('',#35800);
#35820=CARTESIAN_POINT('',(100.341957494884,92.7812260017049,9.5));
#35830=VERTEX_POINT('',#35820);
#35840=EDGE_CURVE('',#35810,#35830,#35790,.T.);
#35850=ORIENTED_EDGE('',*,*,#35840,.F.);
#35860=CARTESIAN_POINT('',(100.341957494884,92.7812260017049,9.5));
#35870=DIRECTION('',(0.,-1.,0.));
#35880=VECTOR('',#35870,1.);
#35890=LINE('',#35860,#35880);
#35900=CARTESIAN_POINT('',(100.341957494884,91.9812260017047,9.5));
#35910=VERTEX_POINT('',#35900);
#35920=EDGE_CURVE('',#35830,#35910,#35890,.T.);
#35930=ORIENTED_EDGE('',*,*,#35920,.F.);
#35940=CARTESIAN_POINT('',(99.8419574948837,91.9812260017047,9.5));
#35950=DIRECTION('',(-1.,0.,0.));
#35960=VECTOR('',#35950,1.);
#35970=LINE('',#35940,#35960);
#35980=EDGE_CURVE('',#35910,#29090,#35970,.T.);
#35990=ORIENTED_EDGE('',*,*,#35980,.F.);
#36000=ORIENTED_EDGE('',*,*,#29100,.T.);
#36010=ORIENTED_EDGE('',*,*,#27540,.F.);
#36020=ORIENTED_EDGE('',*,*,#28860,.T.);
#36030=ORIENTED_EDGE('',*,*,#16770,.F.);
#36040=ORIENTED_EDGE('',*,*,#15510,.F.);
#36050=CARTESIAN_POINT('',(106.241957494884,87.5812260017046,9.5));
#36060=DIRECTION('',(-1.,0.,0.));
#36070=VECTOR('',#36060,1.);
#36080=LINE('',#36050,#36070);
#36090=CARTESIAN_POINT('',(104.141957494884,87.5812260017046,9.5));
#36100=VERTEX_POINT('',#36090);
#36110=EDGE_CURVE('',#15420,#36100,#36080,.T.);
#36120=ORIENTED_EDGE('',*,*,#36110,.F.);
#36130=CARTESIAN_POINT('',(104.141957494884,90.0812260017046,9.5));
#36140=DIRECTION('',(0.,0.,1.));
#36150=DIRECTION('',(1.,0.,0.));
#36160=AXIS2_PLACEMENT_3D('',#36130,#36140,#36150);
#36170=CIRCLE('',#36160,2.5);
#36180=EDGE_CURVE('',#35430,#36100,#36170,.T.);
#36190=ORIENTED_EDGE('',*,*,#36180,.T.);
#36200=ORIENTED_EDGE('',*,*,#35460,.F.);
#36210=CARTESIAN_POINT('',(103.641957494884,100.681226001705,9.5));
#36220=DIRECTION('',(0.,1.,0.));
#36230=VECTOR('',#36220,1.);
#36240=LINE('',#36210,#36230);
#36250=EDGE_CURVE('',#35450,#35810,#36240,.T.);
#36260=ORIENTED_EDGE('',*,*,#36250,.F.);
#36270=EDGE_LOOP('',(#36260,#36200,#36190,#36120,#36040,#36030,#36020,
#36010,#36000,#35990,#35930,#35850));
#36280=FACE_OUTER_BOUND('',#36270,.T.);
#36290=ADVANCED_FACE('',(#36280),#35750,.T.);
#36300=COLOUR_RGB('',0.560784339904785,0.588235318660736,
0.600000023841858);
#36310=FILL_AREA_STYLE_COLOUR('',#36300);
#36320=FILL_AREA_STYLE('',(#36310));
#36330=SURFACE_STYLE_FILL_AREA(#36320);
#36340=SURFACE_SIDE_STYLE('',(#36330));
#36350=SURFACE_STYLE_USAGE(.BOTH.,#36340);
#36360=PRESENTATION_STYLE_ASSIGNMENT((#36350));
#36370=CARTESIAN_POINT('',(106.241957494884,87.5812260017046,9.5));
#36380=DIRECTION('',(-0.,1.,0.));
#36390=DIRECTION('',(1.,0.,0.));
#36400=AXIS2_PLACEMENT_3D('',#36370,#36380,#36390);
#36410=PLANE('',#36400);
#36420=ORIENTED_EDGE('',*,*,#36110,.T.);
#36430=ORIENTED_EDGE('',*,*,#15430,.T.);
#36440=ORIENTED_EDGE('',*,*,#29980,.F.);
#36450=CARTESIAN_POINT('',(104.141957494884,87.5812260017046,9.5));
#36460=DIRECTION('',(0.,0.,-1.));
#36470=VECTOR('',#36460,1.);
#36480=LINE('',#36450,#36470);
#36490=EDGE_CURVE('',#36100,#29910,#36480,.T.);
#36500=ORIENTED_EDGE('',*,*,#36490,.T.);
#36510=EDGE_LOOP('',(#36500,#36440,#36430,#36420));
#36520=FACE_OUTER_BOUND('',#36510,.T.);
#36530=ADVANCED_FACE('',(#36520),#36410,.F.);
#36540=COLOUR_RGB('',0.560784339904785,0.588235318660736,
0.600000023841858);
#36550=FILL_AREA_STYLE_COLOUR('',#36540);
#36560=FILL_AREA_STYLE('',(#36550));
#36570=SURFACE_STYLE_FILL_AREA(#36560);
#36580=SURFACE_SIDE_STYLE('',(#36570));
#36590=SURFACE_STYLE_USAGE(.BOTH.,#36580);
#36600=PRESENTATION_STYLE_ASSIGNMENT((#36590));
#36610=CARTESIAN_POINT('',(103.641957494884,91.0812260017046,9.5));
#36620=DIRECTION('',(1.,0.,0.));
#36630=DIRECTION('',(0.,-1.,0.));
#36640=AXIS2_PLACEMENT_3D('',#36610,#36620,#36630);
#36650=PLANE('',#36640);
#36660=ORIENTED_EDGE('',*,*,#36250,.T.);
#36670=ORIENTED_EDGE('',*,*,#35590,.F.);
#36680=ORIENTED_EDGE('',*,*,#29750,.F.);
#36690=CARTESIAN_POINT('',(103.641957494884,92.7812260017049,9.5));
#36700=DIRECTION('',(0.,0.,1.));
#36710=VECTOR('',#36700,1.);
#36720=LINE('',#36690,#36710);
#36730=EDGE_CURVE('',#29660,#35810,#36720,.T.);
#36740=ORIENTED_EDGE('',*,*,#36730,.F.);
#36750=EDGE_LOOP('',(#36740,#36680,#36670,#36660));
#36760=FACE_OUTER_BOUND('',#36750,.T.);
#36770=ADVANCED_FACE('',(#36760),#36650,.F.);
#36780=COLOUR_RGB('',0.560784339904785,0.588235318660736,
0.600000023841858);
#36790=FILL_AREA_STYLE_COLOUR('',#36780);
#36800=FILL_AREA_STYLE('',(#36790));
#36810=SURFACE_STYLE_FILL_AREA(#36800);
#36820=SURFACE_SIDE_STYLE('',(#36810));
#36830=SURFACE_STYLE_USAGE(.BOTH.,#36820);
#36840=PRESENTATION_STYLE_ASSIGNMENT((#36830));
#36850=CARTESIAN_POINT('',(100.341957494884,92.7812260017049,9.5));
#36860=DIRECTION('',(-1.,0.,0.));
#36870=DIRECTION('',(0.,1.,0.));
#36880=AXIS2_PLACEMENT_3D('',#36850,#36860,#36870);
#36890=PLANE('',#36880);
#36900=ORIENTED_EDGE('',*,*,#35920,.T.);
#36910=CARTESIAN_POINT('',(100.341957494884,92.7812260017049,9.5));
#36920=DIRECTION('',(0.,0.,-1.));
#36930=VECTOR('',#36920,1.);
#36940=LINE('',#36910,#36930);
#36950=EDGE_CURVE('',#35830,#29580,#36940,.T.);
#36960=ORIENTED_EDGE('',*,*,#36950,.F.);
#36970=ORIENTED_EDGE('',*,*,#29590,.F.);
#36980=CARTESIAN_POINT('',(100.341957494884,91.9812260017047,9.5));
#36990=DIRECTION('',(0.,0.,1.));
#37000=VECTOR('',#36990,1.);
#37010=LINE('',#36980,#37000);
#37020=EDGE_CURVE('',#29500,#35910,#37010,.T.);
#37030=ORIENTED_EDGE('',*,*,#37020,.F.);
#37040=EDGE_LOOP('',(#37030,#36970,#36960,#36900));
#37050=FACE_OUTER_BOUND('',#37040,.T.);
#37060=ADVANCED_FACE('',(#37050),#36890,.F.);
#37070=COLOUR_RGB('',0.560784339904785,0.588235318660736,
0.600000023841858);
#37080=FILL_AREA_STYLE_COLOUR('',#37070);
#37090=FILL_AREA_STYLE('',(#37080));
#37100=SURFACE_STYLE_FILL_AREA(#37090);
#37110=SURFACE_SIDE_STYLE('',(#37100));
#37120=SURFACE_STYLE_USAGE(.BOTH.,#37110);
#37130=PRESENTATION_STYLE_ASSIGNMENT((#37120));
#37140=CARTESIAN_POINT('',(103.366957494884,92.7812260017049,9.5));
#37150=DIRECTION('',(-0.,1.,0.));
#37160=DIRECTION('',(1.,0.,0.));
#37170=AXIS2_PLACEMENT_3D('',#37140,#37150,#37160);
#37180=PLANE('',#37170);
#37190=ORIENTED_EDGE('',*,*,#35840,.T.);
#37200=ORIENTED_EDGE('',*,*,#36730,.T.);
#37210=ORIENTED_EDGE('',*,*,#29670,.F.);
#37220=ORIENTED_EDGE('',*,*,#36950,.T.);
#37230=EDGE_LOOP('',(#37220,#37210,#37200,#37190));
#37240=FACE_OUTER_BOUND('',#37230,.T.);
#37250=ADVANCED_FACE('',(#37240),#37180,.F.);
#37260=COLOUR_RGB('',0.560784339904785,0.588235318660736,
0.600000023841858);
#37270=FILL_AREA_STYLE_COLOUR('',#37260);
#37280=FILL_AREA_STYLE('',(#37270));
#37290=SURFACE_STYLE_FILL_AREA(#37280);
#37300=SURFACE_SIDE_STYLE('',(#37290));
#37310=SURFACE_STYLE_USAGE(.BOTH.,#37300);
#37320=PRESENTATION_STYLE_ASSIGNMENT((#37310));
#37330=CARTESIAN_POINT('',(99.8419574948837,91.9812260017047,9.5));
#37340=DIRECTION('',(-0.,1.,0.));
#37350=DIRECTION('',(1.,0.,0.));
#37360=AXIS2_PLACEMENT_3D('',#37330,#37340,#37350);
#37370=PLANE('',#37360);
#37380=ORIENTED_EDGE('',*,*,#35980,.T.);
#37390=ORIENTED_EDGE('',*,*,#37020,.T.);
#37400=ORIENTED_EDGE('',*,*,#29510,.F.);
#37410=ORIENTED_EDGE('',*,*,#29180,.T.);
#37420=EDGE_LOOP('',(#37410,#37400,#37390,#37380));
#37430=FACE_OUTER_BOUND('',#37420,.T.);
#37440=ADVANCED_FACE('',(#37430),#37370,.F.);
#37450=COLOUR_RGB('',0.560784339904785,0.588235318660736,
0.600000023841858);
#37460=FILL_AREA_STYLE_COLOUR('',#37450);
#37470=FILL_AREA_STYLE('',(#37460));
#37480=SURFACE_STYLE_FILL_AREA(#37470);
#37490=SURFACE_SIDE_STYLE('',(#37480));
#37500=SURFACE_STYLE_USAGE(.BOTH.,#37490);
#37510=PRESENTATION_STYLE_ASSIGNMENT((#37500));
#37520=CARTESIAN_POINT('',(104.141957494884,90.0812260017046,9.5));
#37530=DIRECTION('',(0.,0.,1.));
#37540=DIRECTION('',(1.,0.,0.));
#37550=AXIS2_PLACEMENT_3D('',#37520,#37530,#37540);
#37560=CYLINDRICAL_SURFACE('',#37550,2.5);
#37570=ORIENTED_EDGE('',*,*,#36180,.F.);
#37580=ORIENTED_EDGE('',*,*,#36490,.F.);
#37590=ORIENTED_EDGE('',*,*,#29920,.T.);
#37600=ORIENTED_EDGE('',*,*,#35520,.F.);
#37610=EDGE_LOOP('',(#37600,#37590,#37580,#37570));
#37620=FACE_OUTER_BOUND('',#37610,.T.);
#37630=ADVANCED_FACE('',(#37620),#37560,.T.);
#37640=COLOUR_RGB('',0.560784339904785,0.588235318660736,
0.600000023841858);
#37650=FILL_AREA_STYLE_COLOUR('',#37640);
#37660=FILL_AREA_STYLE('',(#37650));
#37670=SURFACE_STYLE_FILL_AREA(#37660);
#37680=SURFACE_SIDE_STYLE('',(#37670));
#37690=SURFACE_STYLE_USAGE(.BOTH.,#37680);
#37700=PRESENTATION_STYLE_ASSIGNMENT((#37690));
#37710=CARTESIAN_POINT('',(58.7419574948837,87.5812260017046,9.5));
#37720=DIRECTION('',(1.,0.,0.));
#37730=DIRECTION('',(0.,-1.,0.));
#37740=AXIS2_PLACEMENT_3D('',#37710,#37720,#37730);
#37750=PLANE('',#37740);
#37760=ORIENTED_EDGE('',*,*,#31500,.F.);
#37770=CARTESIAN_POINT('',(58.7419574948837,0.,1.2));
#37780=DIRECTION('',(0.,-1.,0.));
#37790=VECTOR('',#37780,1.);
#37800=LINE('',#37770,#37790);
#37810=EDGE_CURVE('',#31410,#33060,#37800,.T.);
#37820=ORIENTED_EDGE('',*,*,#37810,.F.);
#37830=ORIENTED_EDGE('',*,*,#33070,.T.);
#37840=ORIENTED_EDGE('',*,*,#10030,.F.);
#37850=EDGE_LOOP('',(#37840,#37830,#37820,#37760));
#37860=FACE_OUTER_BOUND('',#37850,.T.);
#37870=ADVANCED_FACE('',(#37860),#37750,.T.);
#37880=COLOUR_RGB('',0.560784339904785,0.588235318660736,
0.600000023841858);
#37890=FILL_AREA_STYLE_COLOUR('',#37880);
#37900=FILL_AREA_STYLE('',(#37890));
#37910=SURFACE_STYLE_FILL_AREA(#37900);
#37920=SURFACE_SIDE_STYLE('',(#37910));
#37930=SURFACE_STYLE_USAGE(.BOTH.,#37920);
#37940=PRESENTATION_STYLE_ASSIGNMENT((#37930));
#37950=CARTESIAN_POINT('',(58.2919574948837,100.681226001705,1.2));
#37960=DIRECTION('',(0.,0.,1.));
#37970=DIRECTION('',(1.,0.,0.));
#37980=AXIS2_PLACEMENT_3D('',#37950,#37960,#37970);
#37990=PLANE('',#37980);
#38000=ORIENTED_EDGE('',*,*,#31870,.T.);
#38010=ORIENTED_EDGE('',*,*,#32190,.F.);
#38020=ORIENTED_EDGE('',*,*,#32570,.T.);
#38030=ORIENTED_EDGE('',*,*,#33130,.T.);
#38040=ORIENTED_EDGE('',*,*,#37810,.T.);
#38050=ORIENTED_EDGE('',*,*,#31440,.F.);
#38060=EDGE_LOOP('',(#38050,#38040,#38030,#38020,#38010,#38000));
#38070=FACE_OUTER_BOUND('',#38060,.T.);
#38080=ADVANCED_FACE('',(#38070),#37990,.T.);
#38090=COLOUR_RGB('',0.560784339904785,0.588235318660736,
0.600000023841858);
#38100=FILL_AREA_STYLE_COLOUR('',#38090);
#38110=FILL_AREA_STYLE('',(#38100));
#38120=SURFACE_STYLE_FILL_AREA(#38110);
#38130=SURFACE_SIDE_STYLE('',(#38120));
#38140=SURFACE_STYLE_USAGE(.BOTH.,#38130);
#38150=PRESENTATION_STYLE_ASSIGNMENT((#38140));
#38160=CLOSED_SHELL('',(#27840,#28080,#28370,#28610,#28900,#29300,#30100
,#30340,#30550,#30740,#31030,#31220,#31680,#31990,#32310,#32690,#32880,
#33190,#33380,#33670,#33910,#34150,#34390,#34630,#34870,#35060,#35250,
#35630,#36290,#36530,#36770,#37060,#37250,#37440,#37630,#37870,#38080,
#2920,#3390,#3860,#4330,#4800,#5340,#5860,#6240,#6620,#7230,#7770,#10530
,#11000,#11380,#11690,#11980,#12170,#12460,#12750,#13030,#13320,#13510,
#13850,#14040,#14290,#14480,#14770,#15220,#15690,#15930,#16120,#16380,
#16570,#17350,#17550,#17740,#18130,#18570,#19100,#19390,#19880,#20310,
#20700,#21380,#21640,#22000,#22330,#22910,#23120,#23430,#23700,#23940,
#24150,#24460,#24730,#24970,#25180,#25400,#25600,#25810,#26010,#26210,
#26410,#26600,#26830,#27060));
#38170=MANIFOLD_SOLID_BREP('',#38160);
#38180=CARTESIAN_POINT('',(0.,0.,0.));
#38190=DIRECTION('',(0.,0.,1.));
#38200=DIRECTION('',(1.,0.,0.));
#38210=AXIS2_PLACEMENT_3D('',#38180,#38190,#38200);
#38220=APPLICATION_CONTEXT(' ');
#38230=APPLICATION_PROTOCOL_DEFINITION(' ','automotive_design',1998,
#38220);
#38240=PRODUCT_CONTEXT('',#38220,'mechanical');
#38250=PRODUCT_DEFINITION_CONTEXT('part definition',#38220,'design');
#38260=PRODUCT('E_UK-SELECT','E_UK-SELECT','',(#38240));
#38270=PRODUCT_RELATED_PRODUCT_CATEGORY('part',' ',(#38260));
#38280=PRODUCT_DEFINITION_FORMATION_WITH_SPECIFIED_SOURCE('','',#38260,
.BOUGHT.);
#38290=PRODUCT_DEFINITION('',' ',#38280,#38250);
#38300=PRODUCT_DEFINITION_SHAPE('','',#38290);
#38310=DIMENSIONAL_EXPONENTS(1.,0.,0.,0.,0.,0.,0.);
#38320=DIMENSIONAL_EXPONENTS(0.,0.,0.,0.,0.,0.,0.);
#38330=DIMENSIONAL_EXPONENTS(0.,0.,0.,0.,0.,0.,0.);
#38340=(LENGTH_UNIT() NAMED_UNIT(*) SI_UNIT(.MILLI.,.METRE.));
#38350=(NAMED_UNIT(*) PLANE_ANGLE_UNIT() SI_UNIT($,.RADIAN.));
#38360=(NAMED_UNIT(*) SI_UNIT($,.STERADIAN.) SOLID_ANGLE_UNIT());
#38370=(GEOMETRIC_REPRESENTATION_CONTEXT(3) 
GLOBAL_UNCERTAINTY_ASSIGNED_CONTEXT((#38380)) 
GLOBAL_UNIT_ASSIGNED_CONTEXT((#38340,#38350,#38360)) 
REPRESENTATION_CONTEXT('',''));
#38380=UNCERTAINTY_MEASURE_WITH_UNIT(LENGTH_MEASURE(1.E-6),#38340,
'distance_accuracy_value','maximum gap value');
#38390=ADVANCED_BREP_SHAPE_REPRESENTATION('',(#38210,#38170),#38370);
#38400=SHAPE_DEFINITION_REPRESENTATION(#38300,#38390);
#38410=COLOUR_RGB('',0.560784339904785,0.588235318660736,
0.600000023841858);
#38420=FILL_AREA_STYLE_COLOUR('',#38410);
#38430=FILL_AREA_STYLE('',(#38420));
#38440=SURFACE_STYLE_FILL_AREA(#38430);
#38450=SURFACE_SIDE_STYLE('',(#38440));
#38460=SURFACE_STYLE_USAGE(.BOTH.,#38450);
#38470=PRESENTATION_STYLE_ASSIGNMENT((#38460));
#38480=STYLED_ITEM('',(#38470),#38170);
#38490=OVER_RIDING_STYLED_ITEM('',(#2990),#2920,#38480);
#38500=OVER_RIDING_STYLED_ITEM('',(#3460),#3390,#38480);
#38510=OVER_RIDING_STYLED_ITEM('',(#3930),#3860,#38480);
#38520=OVER_RIDING_STYLED_ITEM('',(#4400),#4330,#38480);
#38530=OVER_RIDING_STYLED_ITEM('',(#4870),#4800,#38480);
#38540=OVER_RIDING_STYLED_ITEM('',(#5410),#5340,#38480);
#38550=OVER_RIDING_STYLED_ITEM('',(#5930),#5860,#38480);
#38560=OVER_RIDING_STYLED_ITEM('',(#6310),#6240,#38480);
#38570=OVER_RIDING_STYLED_ITEM('',(#6690),#6620,#38480);
#38580=OVER_RIDING_STYLED_ITEM('',(#7300),#7230,#38480);
#38590=OVER_RIDING_STYLED_ITEM('',(#7840),#7770,#38480);
#38600=OVER_RIDING_STYLED_ITEM('',(#10600),#10530,#38480);
#38610=OVER_RIDING_STYLED_ITEM('',(#11070),#11000,#38480);
#38620=OVER_RIDING_STYLED_ITEM('',(#11450),#11380,#38480);
#38630=OVER_RIDING_STYLED_ITEM('',(#11760),#11690,#38480);
#38640=OVER_RIDING_STYLED_ITEM('',(#12050),#11980,#38480);
#38650=OVER_RIDING_STYLED_ITEM('',(#12240),#12170,#38480);
#38660=OVER_RIDING_STYLED_ITEM('',(#12530),#12460,#38480);
#38670=OVER_RIDING_STYLED_ITEM('',(#12820),#12750,#38480);
#38680=OVER_RIDING_STYLED_ITEM('',(#13100),#13030,#38480);
#38690=OVER_RIDING_STYLED_ITEM('',(#13390),#13320,#38480);
#38700=OVER_RIDING_STYLED_ITEM('',(#13580),#13510,#38480);
#38710=OVER_RIDING_STYLED_ITEM('',(#13920),#13850,#38480);
#38720=OVER_RIDING_STYLED_ITEM('',(#14110),#14040,#38480);
#38730=OVER_RIDING_STYLED_ITEM('',(#14360),#14290,#38480);
#38740=OVER_RIDING_STYLED_ITEM('',(#14550),#14480,#38480);
#38750=OVER_RIDING_STYLED_ITEM('',(#14840),#14770,#38480);
#38760=OVER_RIDING_STYLED_ITEM('',(#15290),#15220,#38480);
#38770=OVER_RIDING_STYLED_ITEM('',(#15760),#15690,#38480);
#38780=OVER_RIDING_STYLED_ITEM('',(#16000),#15930,#38480);
#38790=OVER_RIDING_STYLED_ITEM('',(#16190),#16120,#38480);
#38800=OVER_RIDING_STYLED_ITEM('',(#16450),#16380,#38480);
#38810=OVER_RIDING_STYLED_ITEM('',(#16640),#16570,#38480);
#38820=OVER_RIDING_STYLED_ITEM('',(#17420),#17350,#38480);
#38830=OVER_RIDING_STYLED_ITEM('',(#17620),#17550,#38480);
#38840=OVER_RIDING_STYLED_ITEM('',(#17810),#17740,#38480);
#38850=OVER_RIDING_STYLED_ITEM('',(#18200),#18130,#38480);
#38860=OVER_RIDING_STYLED_ITEM('',(#18640),#18570,#38480);
#38870=OVER_RIDING_STYLED_ITEM('',(#19170),#19100,#38480);
#38880=OVER_RIDING_STYLED_ITEM('',(#19460),#19390,#38480);
#38890=OVER_RIDING_STYLED_ITEM('',(#19950),#19880,#38480);
#38900=OVER_RIDING_STYLED_ITEM('',(#20380),#20310,#38480);
#38910=OVER_RIDING_STYLED_ITEM('',(#20770),#20700,#38480);
#38920=OVER_RIDING_STYLED_ITEM('',(#21450),#21380,#38480);
#38930=OVER_RIDING_STYLED_ITEM('',(#21710),#21640,#38480);
#38940=OVER_RIDING_STYLED_ITEM('',(#22070),#22000,#38480);
#38950=OVER_RIDING_STYLED_ITEM('',(#22400),#22330,#38480);
#38960=OVER_RIDING_STYLED_ITEM('',(#22980),#22910,#38480);
#38970=OVER_RIDING_STYLED_ITEM('',(#23190),#23120,#38480);
#38980=OVER_RIDING_STYLED_ITEM('',(#23500),#23430,#38480);
#38990=OVER_RIDING_STYLED_ITEM('',(#23770),#23700,#38480);
#39000=OVER_RIDING_STYLED_ITEM('',(#24010),#23940,#38480);
#39010=OVER_RIDING_STYLED_ITEM('',(#24220),#24150,#38480);
#39020=OVER_RIDING_STYLED_ITEM('',(#24530),#24460,#38480);
#39030=OVER_RIDING_STYLED_ITEM('',(#24800),#24730,#38480);
#39040=OVER_RIDING_STYLED_ITEM('',(#25040),#24970,#38480);
#39050=OVER_RIDING_STYLED_ITEM('',(#25250),#25180,#38480);
#39060=OVER_RIDING_STYLED_ITEM('',(#25470),#25400,#38480);
#39070=OVER_RIDING_STYLED_ITEM('',(#25670),#25600,#38480);
#39080=OVER_RIDING_STYLED_ITEM('',(#25880),#25810,#38480);
#39090=OVER_RIDING_STYLED_ITEM('',(#26080),#26010,#38480);
#39100=OVER_RIDING_STYLED_ITEM('',(#26280),#26210,#38480);
#39110=OVER_RIDING_STYLED_ITEM('',(#26480),#26410,#38480);
#39120=OVER_RIDING_STYLED_ITEM('',(#26670),#26600,#38480);
#39130=OVER_RIDING_STYLED_ITEM('',(#26900),#26830,#38480);
#39140=OVER_RIDING_STYLED_ITEM('',(#27130),#27060,#38480);
#39150=OVER_RIDING_STYLED_ITEM('',(#27910),#27840,#38480);
#39160=OVER_RIDING_STYLED_ITEM('',(#28150),#28080,#38480);
#39170=OVER_RIDING_STYLED_ITEM('',(#28440),#28370,#38480);
#39180=OVER_RIDING_STYLED_ITEM('',(#28680),#28610,#38480);
#39190=OVER_RIDING_STYLED_ITEM('',(#28970),#28900,#38480);
#39200=OVER_RIDING_STYLED_ITEM('',(#29370),#29300,#38480);
#39210=OVER_RIDING_STYLED_ITEM('',(#30170),#30100,#38480);
#39220=OVER_RIDING_STYLED_ITEM('',(#30410),#30340,#38480);
#39230=OVER_RIDING_STYLED_ITEM('',(#30620),#30550,#38480);
#39240=OVER_RIDING_STYLED_ITEM('',(#30810),#30740,#38480);
#39250=OVER_RIDING_STYLED_ITEM('',(#31100),#31030,#38480);
#39260=OVER_RIDING_STYLED_ITEM('',(#31290),#31220,#38480);
#39270=OVER_RIDING_STYLED_ITEM('',(#31750),#31680,#38480);
#39280=OVER_RIDING_STYLED_ITEM('',(#32060),#31990,#38480);
#39290=OVER_RIDING_STYLED_ITEM('',(#32380),#32310,#38480);
#39300=OVER_RIDING_STYLED_ITEM('',(#32760),#32690,#38480);
#39310=OVER_RIDING_STYLED_ITEM('',(#32950),#32880,#38480);
#39320=OVER_RIDING_STYLED_ITEM('',(#33260),#33190,#38480);
#39330=OVER_RIDING_STYLED_ITEM('',(#33450),#33380,#38480);
#39340=OVER_RIDING_STYLED_ITEM('',(#33740),#33670,#38480);
#39350=OVER_RIDING_STYLED_ITEM('',(#33980),#33910,#38480);
#39360=OVER_RIDING_STYLED_ITEM('',(#34220),#34150,#38480);
#39370=OVER_RIDING_STYLED_ITEM('',(#34460),#34390,#38480);
#39380=OVER_RIDING_STYLED_ITEM('',(#34700),#34630,#38480);
#39390=OVER_RIDING_STYLED_ITEM('',(#34940),#34870,#38480);
#39400=OVER_RIDING_STYLED_ITEM('',(#35130),#35060,#38480);
#39410=OVER_RIDING_STYLED_ITEM('',(#35320),#35250,#38480);
#39420=OVER_RIDING_STYLED_ITEM('',(#35700),#35630,#38480);
#39430=OVER_RIDING_STYLED_ITEM('',(#36360),#36290,#38480);
#39440=OVER_RIDING_STYLED_ITEM('',(#36600),#36530,#38480);
#39450=OVER_RIDING_STYLED_ITEM('',(#36840),#36770,#38480);
#39460=OVER_RIDING_STYLED_ITEM('',(#37130),#37060,#38480);
#39470=OVER_RIDING_STYLED_ITEM('',(#37320),#37250,#38480);
#39480=OVER_RIDING_STYLED_ITEM('',(#37510),#37440,#38480);
#39490=OVER_RIDING_STYLED_ITEM('',(#37700),#37630,#38480);
#39500=OVER_RIDING_STYLED_ITEM('',(#37940),#37870,#38480);
#39510=OVER_RIDING_STYLED_ITEM('',(#38150),#38080,#38480);
#39520=DRAUGHTING_MODEL('',(#38480,#38490,#38500,#38510,#38520,#38530,
#38540,#38550,#38560,#38570,#38580,#38590,#38600,#38610,#38620,#38630,
#38640,#38650,#38660,#38670,#38680,#38690,#38700,#38710,#38720,#38730,
#38740,#38750,#38760,#38770,#38780,#38790,#38800,#38810,#38820,#38830,
#38840,#38850,#38860,#38870,#38880,#38890,#38900,#38910,#38920,#38930,
#38940,#38950,#38960,#38970,#38980,#38990,#39000,#39010,#39020,#39030,
#39040,#39050,#39060,#39070,#39080,#39090,#39100,#39110,#39120,#39130,
#39140,#39150,#39160,#39170,#39180,#39190,#39200,#39210,#39220,#39230,
#39240,#39250,#39260,#39270,#39280,#39290,#39300,#39310,#39320,#39330,
#39340,#39350,#39360,#39370,#39380,#39390,#39400,#39410,#39420,#39430,
#39440,#39450,#39460,#39470,#39480,#39490,#39500,#39510),#38370);
#39530=CARTESIAN_POINT('',(0.,-57.7419574948837,-85.5812260017049));
#39540=DIRECTION('',(1.,0.,0.));
#39550=DIRECTION('',(0.,1.,0.));
#39560=AXIS2_PLACEMENT_3D('',#39530,#39540,#39550);
#39570=ITEM_DEFINED_TRANSFORMATION('E_UK-SELECT','',#38210,#39560);
#39580=APPLICATION_CONTEXT(' ');
#39590=APPLICATION_PROTOCOL_DEFINITION(' ','automotive_design',1998,
#39580);
#39600=PRODUCT_CONTEXT('',#39580,'mechanical');
#39610=PRODUCT_DEFINITION_CONTEXT('part definition',#39580,'design');
#39620=PRODUCT('E_UK-SELECT','E_UK-SELECT','',(#39600));
#39630=PRODUCT_RELATED_PRODUCT_CATEGORY('part',' ',(#39620));
#39640=PRODUCT_DEFINITION_FORMATION_WITH_SPECIFIED_SOURCE('','',#39620,
.BOUGHT.);
#39650=PRODUCT_DEFINITION('',' ',#39640,#39610);
#39660=PRODUCT_DEFINITION_SHAPE('','',#39650);
#39670=DIMENSIONAL_EXPONENTS(1.,0.,0.,0.,0.,0.,0.);
#39680=DIMENSIONAL_EXPONENTS(0.,0.,0.,0.,0.,0.,0.);
#39690=DIMENSIONAL_EXPONENTS(0.,0.,0.,0.,0.,0.,0.);
#39700=(LENGTH_UNIT() NAMED_UNIT(*) SI_UNIT(.MILLI.,.METRE.));
#39710=(NAMED_UNIT(*) PLANE_ANGLE_UNIT() SI_UNIT($,.RADIAN.));
#39720=(NAMED_UNIT(*) SI_UNIT($,.STERADIAN.) SOLID_ANGLE_UNIT());
#39730=(GEOMETRIC_REPRESENTATION_CONTEXT(3) 
GLOBAL_UNCERTAINTY_ASSIGNED_CONTEXT((#39740)) 
GLOBAL_UNIT_ASSIGNED_CONTEXT((#39700,#39710,#39720)) 
REPRESENTATION_CONTEXT('',''));
#39740=UNCERTAINTY_MEASURE_WITH_UNIT(LENGTH_MEASURE(1.E-6),#39700,
'distance_accuracy_value','maximum gap value');
#39750=SHAPE_REPRESENTATION('',(#38210,#39560),#39730);
#39760=SHAPE_DEFINITION_REPRESENTATION(#39660,#39750);
#39770=(REPRESENTATION_RELATIONSHIP('','',#38390,#39750) 
REPRESENTATION_RELATIONSHIP_WITH_TRANSFORMATION(#39570) 
SHAPE_REPRESENTATION_RELATIONSHIP());
#39780=NEXT_ASSEMBLY_USAGE_OCCURRENCE('1','','E_UK-SELECT',#39650,#38290
,'');
#39790=PRODUCT_DEFINITION_SHAPE('','',#39780);
#39800=CONTEXT_DEPENDENT_SHAPE_REPRESENTATION(#39770,#39790);
ENDSEC;
END-ISO-10303-21;
