ISO-10303-21;
HEADER;
FILE_DESCRIPTION (( 'STEP AP214' ),
    '1' );
FILE_NAME ('STP-MTRAC-23078 from HT23-554-CAA New r1.STEP',
    '2019-08-20T16:30:49',
    ( '' ),
    ( '' ),
    'SwSTEP 2.0',
    'SolidWorks 2017',
    '' );
FILE_SCHEMA (( 'AUTOMOTIVE_DESIGN' ));
ENDSEC;

DATA;
#1 = CARTESIAN_POINT ( 'NONE',  ( -0.1249900545562953200, 0.001576788512933071000, 0.7677165354330708300 ) ) ;
#2 = CARTESIAN_POINT ( 'NONE',  ( -0.7528510366733464100, -1.018785567477366500, -1.128608923884515600 ) ) ;
#3 = CARTESIAN_POINT ( 'NONE',  ( -1.107518755139228700, 0.7073156778342638600, -2.992125984251969400 ) ) ;
#4 = CARTESIAN_POINT ( 'NONE',  ( -0.1251868892878802200, -0.001579271644449370500, 0.7675196850393700700 ) ) ;
#5 = CARTESIAN_POINT ( 'NONE',  ( -0.7141138810663749700, 1.103922769201725300, -1.594488188976378700 ) ) ;
#6 = CARTESIAN_POINT ( 'NONE',  ( 0.7328273577879370600, -0.9609539274657166200, -2.060367454068240600 ) ) ;
#7 = DIRECTION ( 'NONE',  ( 0.0000000000000000000, 0.0000000000000000000, 1.000000000000000000 ) ) ;
#8 = EDGE_CURVE ( 'NONE', #4430, #5695, #6081, .T. ) ;
#9 = ORIENTED_EDGE ( 'NONE', *, *, #6613, .F. ) ;
#10 = CARTESIAN_POINT ( 'NONE',  ( 1.049803909796291500, -0.7651677351667045500, -0.1968503937007874100 ) ) ;
#11 = CARTESIAN_POINT ( 'NONE',  ( -0.03051586097098820200, -0.1226143411448661600, 0.7677165354330708300 ) ) ;
#12 = CARTESIAN_POINT ( 'NONE',  ( 0.04795887485176811300, 0.1154416237746374300, -2.952755905511811100 ) ) ;
#13 = CARTESIAN_POINT ( 'NONE',  ( -0.1771653543107209200, 1.153936964125595700, -2.681102362063381200 ) ) ;
#14 = CARTESIAN_POINT ( 'NONE',  ( 0.1159316578525227000, -0.06230940898528607200, 0.7676509186351706500 ) ) ;
#15 = CARTESIAN_POINT ( 'NONE',  ( -0.8324966087895316900, 0.7505357138161850000, -2.992125984251968500 ) ) ;
#16 = CARTESIAN_POINT ( 'NONE',  ( 0.0000000000000000000, 0.7517436483800196100, 0.05599300087488978000 ) ) ;
#17 = ORIENTED_EDGE ( 'NONE', *, *, #164, .F. ) ;
#18 = CARTESIAN_POINT ( 'NONE',  ( 0.3702728364785317600, 0.6629341840565985400, 0.06299212598425198200 ) ) ;
#19 = CARTESIAN_POINT ( 'NONE',  ( -0.03051586097098820200, -0.1226143411448661600, 0.6850393700787402700 ) ) ;
#20 = CARTESIAN_POINT ( 'NONE',  ( -0.8253816619105313100, -0.9129958530717085000, 0.0000000000000000000 ) ) ;
#21 = EDGE_CURVE ( 'NONE', #806, #8028, #350, .T. ) ;
#22 = CARTESIAN_POINT ( 'NONE',  ( -0.1156637036326063400, 0.06262578429423626400, -3.562992125984252300 ) ) ;
#23 = ORIENTED_EDGE ( 'NONE', *, *, #5418, .F. ) ;
#24 = CARTESIAN_POINT ( 'NONE',  ( -0.08502337039347912500, 0.09142667267700842200, 0.6850393700787410500 ) ) ;
#25 = CARTESIAN_POINT ( 'NONE',  ( -0.3702728364785316000, -0.6629341840565985400, 0.0000000000000000000 ) ) ;
#26 = CARTESIAN_POINT ( 'NONE',  ( 0.1249949962596299800, -0.001118440903629921800, 0.6850393700787402700 ) ) ;
#27 = CARTESIAN_POINT ( 'NONE',  ( 0.7589873301296449200, 1.028953050111380600, -0.1968503937007873800 ) ) ;
#28 = CARTESIAN_POINT ( 'NONE',  ( -1.109374590528771500, 0.7016296763940590400, -2.060367454068244600 ) ) ;
#29 = CARTESIAN_POINT ( 'NONE',  ( 1.083715119910519700, 0.7440480963253939300, -2.681539807524059500 ) ) ;
#30 = CARTESIAN_POINT ( 'NONE',  ( -1.076064190174775600, -0.7549431811966416100, -1.128608923884515600 ) ) ;
#31 = CARTESIAN_POINT ( 'NONE',  ( -1.108398963774295700, 0.7046512160692284300, -2.992125984251968500 ) ) ;
#32 = ORIENTED_EDGE ( 'NONE', *, *, #7733, .F. ) ;
#33 = CARTESIAN_POINT ( 'NONE',  ( -0.1337290113004449000, -0.07273870726820080800, 0.04986876640420077900 ) ) ;
#34 = VERTEX_POINT ( 'NONE', #1159 ) ;
#35 = CARTESIAN_POINT ( 'NONE',  ( -1.108626020972167000, 0.7038785125588510300, -0.1968503937007874400 ) ) ;
#36 = CARTESIAN_POINT ( 'NONE',  ( -0.9530213658428109400, 1.028348482669716500, 0.0000000000000000000 ) ) ;
#37 = VECTOR ( 'NONE', #2773, 39.37007874015748100 ) ;
#38 = CARTESIAN_POINT ( 'NONE',  ( -0.7016296763940590400, -1.109374590528771500, -1.128608923884515600 ) ) ;
#39 = ORIENTED_EDGE ( 'NONE', *, *, #3648, .T. ) ;
#40 = ORIENTED_EDGE ( 'NONE', *, *, #1114, .F. ) ;
#41 = CARTESIAN_POINT ( 'NONE',  ( 1.060986002430181200, 0.7627446526210116500, -0.5074365704286969400 ) ) ;
#42 = CARTESIAN_POINT ( 'NONE',  ( 0.1436294212754956600, 1.110236220472441000, -2.759773985469481600 ) ) ;
#43 = CARTESIAN_POINT ( 'NONE',  ( -0.1281816146920219100, 1.153936934959981700, -2.555421574641048900 ) ) ;
#44 = CARTESIAN_POINT ( 'NONE',  ( 1.066258947909218600, -0.7611279201994749500, -2.992125984251968500 ) ) ;
#45 = CARTESIAN_POINT ( 'NONE',  ( -0.7627446526210077700, -1.060986002430181200, -2.681539807524059500 ) ) ;
#46 = CARTESIAN_POINT ( 'NONE',  ( -0.08968624851009841800, 0.7465127032399607700, 0.05599300087488978000 ) ) ;
#47 = CARTESIAN_POINT ( 'NONE',  ( -0.1053190791075000900, -0.01542358200239220600, 0.7876003937007877200 ) ) ;
#48 = CARTESIAN_POINT ( 'NONE',  ( -0.07270040754172836500, -0.1062935698246890300, 0.2716535433070866900 ) ) ;
#49 = VERTEX_POINT ( 'NONE', #1780 ) ;
#50 = CARTESIAN_POINT ( 'NONE',  ( 0.7366106222217992900, 1.089068901887649600, -2.681539807524059500 ) ) ;
#51 = CARTESIAN_POINT ( 'NONE',  ( -0.1251725047065984900, 0.01871959219484252400, -3.495188101487315200 ) ) ;
#52 = CARTESIAN_POINT ( 'NONE',  ( -0.7651677351667085500, 1.049803909796291500, -2.681539807524059500 ) ) ;
#53 = CARTESIAN_POINT ( 'NONE',  ( 0.03526368610020472900, 0.1419330633355000400, 0.06299212598425198200 ) ) ;
#54 = CARTESIAN_POINT ( 'NONE',  ( -0.03051586097098820200, 0.1226143411448661600, 0.6850393700787402700 ) ) ;
#55 = VECTOR ( 'NONE', #8274, 39.37007874015748100 ) ;
#56 = CARTESIAN_POINT ( 'NONE',  ( 0.1054518809326260300, -0.01544303032891813900, 0.7874678477690290100 ) ) ;
#57 = CARTESIAN_POINT ( 'NONE',  ( 0.7526187090744568300, 1.018296648772847800, -0.1968503937007874700 ) ) ;
#58 = CARTESIAN_POINT ( 'NONE',  ( -1.107445675074389500, 0.7072881488253229800, -1.128608923884515600 ) ) ;
#59 = CARTESIAN_POINT ( 'NONE',  ( -0.7642728007677205300, -1.053941206384275700, -1.128608923884511800 ) ) ;
#60 = CARTESIAN_POINT ( 'NONE',  ( -0.6927299607301763400, 1.110236281231659100, -0.1968503937007874400 ) ) ;
#61 = CARTESIAN_POINT ( 'NONE',  ( -1.057805835868256100, -0.7637992319626182300, -0.5074365704286969400 ) ) ;
#62 = CARTESIAN_POINT ( 'NONE',  ( -0.9451014140148467100, 1.110318066288362500, -0.06561679790026378500 ) ) ;
#63 = CARTESIAN_POINT ( 'NONE',  ( 1.101663991491527600, -0.7176078221647755900, -0.5074365704286969400 ) ) ;
#64 = CARTESIAN_POINT ( 'NONE',  ( 0.7556667672796135700, -1.074917021823730900, -0.1968503937007874100 ) ) ;
#65 = DIRECTION ( 'NONE',  ( 0.0000000000000000000, 1.000000000000000000, 0.0000000000000000000 ) ) ;
#66 = SURFACE_STYLE_FILL_AREA ( #6450 ) ;
#67 = CARTESIAN_POINT ( 'NONE',  ( -0.7053811463581102200, -1.108204637752976400, -0.1968503937007874100 ) ) ;
#68 = EDGE_CURVE ( 'NONE', #4131, #4209, #3160, .T. ) ;
#69 = CARTESIAN_POINT ( 'NONE',  ( 1.057272500430996200, 0.7639149224034370600, -2.060367454068240600 ) ) ;
#71 = CARTESIAN_POINT ( 'NONE',  ( 0.7634200263010158000, -1.036985750691338700, -2.992125984251968500 ) ) ;
#70 = CARTESIAN_POINT ( 'NONE',  ( 0.7528510366733464100, 1.018785567477366500, -0.5074365704286969400 ) ) ;
#72 = ADVANCED_FACE ( 'NONE', ( #1865 ), #4899, .T. ) ;
#73 = CARTESIAN_POINT ( 'NONE',  ( -0.7328930827737223400, 0.9612049079576731000, -2.992125984251965900 ) ) ;
#74 = CARTESIAN_POINT ( 'NONE',  ( -0.7627446526210077700, -1.060986002430181200, -0.5074365704286969400 ) ) ;
#75 = CARTESIAN_POINT ( 'NONE',  ( 0.3702728364785316000, 0.6629341840565985400, 0.06299212598425198200 ) ) ;
#76 = CARTESIAN_POINT ( 'NONE',  ( 0.7611279201994747300, 1.066258947909218600, -2.992125984251968500 ) ) ;
#77 = CARTESIAN_POINT ( 'NONE',  ( -1.060085487004329900, 0.7631258898213025800, -2.992125984251969000 ) ) ;
#78 = LINE ( 'NONE', #6511, #6075 ) ;
#79 = CARTESIAN_POINT ( 'NONE',  ( -0.1952722676928394200, 1.144378037797165300, -2.681102361425779200 ) ) ;
#80 = CARTESIAN_POINT ( 'NONE',  ( -0.1249949962596299800, -0.001118440903629921800, -3.495188101487315200 ) ) ;
#81 = CARTESIAN_POINT ( 'NONE',  ( 0.9291338582640751300, -1.110236179564744600, -0.09842519685039372000 ) ) ;
#82 = CARTESIAN_POINT ( 'NONE',  ( 0.7475810392626728300, -1.081538896983673200, -2.060367454068240600 ) ) ;
#83 = CARTESIAN_POINT ( 'NONE',  ( 0.07270040754172836500, 0.1062935698246890300, 0.1062992125984252000 ) ) ;
#84 = ORIENTED_EDGE ( 'NONE', *, *, #4226, .F. ) ;
#85 = CARTESIAN_POINT ( 'NONE',  ( -0.02576183662339397500, -0.1032289798114646000, 0.7874678477690290100 ) ) ;
#86 = CARTESIAN_POINT ( 'NONE',  ( 1.030523849900492500, -0.9129958530717085000, -0.06561679790026378500 ) ) ;
#87 = CARTESIAN_POINT ( 'NONE',  ( 0.7310279753857676900, 0.9076672032026179600, -2.060367454068240600 ) ) ;
#88 = CARTESIAN_POINT ( 'NONE',  ( -1.060986002430181200, 0.7627446526210077700, -0.1968503937007874100 ) ) ;
#89 = CARTESIAN_POINT ( 'NONE',  ( 0.7133756011909799800, -1.104400432191188700, -2.992125984251968500 ) ) ;
#90 = CARTESIAN_POINT ( 'NONE',  ( -1.057805835868256100, -0.7637992319626182300, -2.992125984251968500 ) ) ;
#91 = CARTESIAN_POINT ( 'NONE',  ( -0.8255996794046417400, -0.9265857566923937400, 0.0000000000000000000 ) ) ;
#92 = DIRECTION ( 'NONE',  ( 1.000000000000000000, 0.0000000000000000000, 0.0000000000000000000 ) ) ;
#93 = CARTESIAN_POINT ( 'NONE',  ( -0.7310639536100825800, 0.9382553524242599500, -2.992125984251968500 ) ) ;
#94 = EDGE_LOOP ( 'NONE', ( #1220, #4897, #2884, #646 ) ) ;
#95 = CARTESIAN_POINT ( 'NONE',  ( 0.06179703873706646900, -0.1100013794100072500, -2.952755905511811600 ) ) ;
#96 = CARTESIAN_POINT ( 'NONE',  ( -1.096676596295539600, 0.7252355460546456900, -1.128608923884515600 ) ) ;
#97 = CARTESIAN_POINT ( 'NONE',  ( 0.7328273577879370600, 0.9609539274657166200, -0.1968503937007874100 ) ) ;
#98 = EDGE_LOOP ( 'NONE', ( #7412, #3918, #2726, #3091 ) ) ;
#99 = CARTESIAN_POINT ( 'NONE',  ( 1.110236200018593000, -0.9291338582658956700, -0.1968503937007874400 ) ) ;
#100 = CARTESIAN_POINT ( 'NONE',  ( -0.7310279753857676900, 0.9076672032026179600, -0.1968503937007874100 ) ) ;
#101 = CARTESIAN_POINT ( 'NONE',  ( -0.08968624851009841800, 0.7465127032399607700, 0.006999125109362205200 ) ) ;
#102 = CARTESIAN_POINT ( 'NONE',  ( 0.06129233608849896100, -0.08930326817359055000, 0.7876003937007877200 ) ) ;
#103 = CARTESIAN_POINT ( 'NONE',  ( -0.9006284698872087900, -0.7294072714244842500, -0.1968503937007874100 ) ) ;
#104 = VERTEX_POINT ( 'NONE', #1920 ) ;
#105 = CARTESIAN_POINT ( 'NONE',  ( 0.7176078221647755900, 1.101663991491527600, -0.5074365704286969400 ) ) ;
#106 = CARTESIAN_POINT ( 'NONE',  ( 0.03051586097098820200, 0.1226143411448661600, -3.020559930008748200 ) ) ;
#107 = CARTESIAN_POINT ( 'NONE',  ( -1.103009155936019800, 0.7155729551865434000, -2.060367454068240600 ) ) ;
#108 = CARTESIAN_POINT ( 'NONE',  ( 0.06523432588056694800, -0.09504676881338192100, 0.7808398950131221200 ) ) ;
#109 = CARTESIAN_POINT ( 'NONE',  ( 1.022873197870755900, -0.8770121648875594000, -0.02187226596675591000 ) ) ;
#110 = ADVANCED_FACE ( 'NONE', ( #4581 ), #2269, .T. ) ;
#111 = CARTESIAN_POINT ( 'NONE',  ( -1.029023522214547600, 0.7593146768515431900, -0.1968503937007874100 ) ) ;
#112 = CARTESIAN_POINT ( 'NONE',  ( 0.9876700203231734100, 1.014900208985472200, -0.1968503937007874100 ) ) ;
#113 = EDGE_LOOP ( 'NONE', ( #1198, #5025 ) ) ;
#114 = CARTESIAN_POINT ( 'NONE',  ( 1.081314661062031700, -0.7479053414235590200, -2.060367454068244600 ) ) ;
#115 = CARTESIAN_POINT ( 'NONE',  ( 0.7420151437815316600, -0.9960388349955512400, -2.060367454068244600 ) ) ;
#116 = EDGE_CURVE ( 'NONE', #3812, #230, #6479, .T. ) ;
#117 = CARTESIAN_POINT ( 'NONE',  ( -1.066889654611260100, 1.047580032597574800, -0.1968503937007874100 ) ) ;
#118 = ORIENTED_EDGE ( 'NONE', *, *, #1986, .F. ) ;
#119 = CARTESIAN_POINT ( 'NONE',  ( 0.1145822516983011600, -0.05000173515611632700, -2.952755905511811100 ) ) ;
#120 = CARTESIAN_POINT ( 'NONE',  ( -0.7475806083234701700, -1.081538273903763600, -2.992125984251968500 ) ) ;
#121 = CARTESIAN_POINT ( 'NONE',  ( 0.7310639536100825800, 0.9382553524242599500, -1.128608923884515600 ) ) ;
#122 = CARTESIAN_POINT ( 'NONE',  ( -0.7738167753536416800, 0.7980368589790947100, -2.060367454068244600 ) ) ;
#123 = CARTESIAN_POINT ( 'NONE',  ( 0.0000000000000000000, 0.7517436483800196100, 0.04199475065616930400 ) ) ;
#124 = DIRECTION ( 'NONE',  ( 0.0000000000000000000, 0.0000000000000000000, -1.000000000000000000 ) ) ;
#125 = CARTESIAN_POINT ( 'NONE',  ( 0.1568835465536693500, 1.152548769262433000, -2.748282263395063700 ) ) ;
#126 = CARTESIAN_POINT ( 'NONE',  ( -0.7376712701478820300, -0.8628714702481337100, -0.1968503937007874100 ) ) ;
#127 = EDGE_LOOP ( 'NONE', ( #1429, #3399 ) ) ;
#128 = CARTESIAN_POINT ( 'NONE',  ( 0.7176078221647755900, 1.101663991491527600, -2.992125984251968500 ) ) ;
#129 = EDGE_CURVE ( 'NONE', #4138, #8067, #7378, .T. ) ;
#130 = CARTESIAN_POINT ( 'NONE',  ( 0.0000000000000000000, 0.1261928294275669600, -3.020559930008748200 ) ) ;
#131 = CARTESIAN_POINT ( 'NONE',  ( 0.1468462652438054200, 1.134251968503936900, -2.745090208927191400 ) ) ;
#132 = VERTEX_POINT ( 'NONE', #6486 ) ;
#133 = ORIENTED_EDGE ( 'NONE', *, *, #3929, .F. ) ;
#134 = CARTESIAN_POINT ( 'NONE',  ( 0.1097883748288583000, -0.05900759875049213500, 0.7742782152230984800 ) ) ;
#135 = CARTESIAN_POINT ( 'NONE',  ( 0.8682354914878504000, -0.8410053028255472000, -0.1312335958005236600 ) ) ;
#136 = CARTESIAN_POINT ( 'NONE',  ( 0.7376712701478820300, -0.8628714702481337100, -2.060367454068244600 ) ) ;
#137 = CARTESIAN_POINT ( 'NONE',  ( 0.7119148290572637800, 1.105448062055279800, -2.681539807524059500 ) ) ;
#138 = LENGTH_MEASURE_WITH_UNIT ( LENGTH_MEASURE( 0.02539999999999999900 ), #4914 );
#139 = CARTESIAN_POINT ( 'NONE',  ( 0.8255986021055847800, 0.9439099249845455100, -0.1968503937007874100 ) ) ;
#140 = CARTESIAN_POINT ( 'NONE',  ( -0.7003911346322554400, 1.109563216913673300, -2.992125984251968500 ) ) ;
#141 = CARTESIAN_POINT ( 'NONE',  ( 0.03526368610020472900, -0.1419330633355000400, -2.979002624671917700 ) ) ;
#142 = ORIENTED_EDGE ( 'NONE', *, *, #4891, .F. ) ;
#143 = CARTESIAN_POINT ( 'NONE',  ( -1.089170987911136900, -0.7365395562689470700, -0.1968503937007874100 ) ) ;
#144 = CARTESIAN_POINT ( 'NONE',  ( 0.9451014140148467100, 1.110318066288362500, -0.1968503937007874100 ) ) ;
#145 = CARTESIAN_POINT ( 'NONE',  ( -0.7003745554811694500, -1.109486903909763700, -1.128608923884515600 ) ) ;
#146 = CARTESIAN_POINT ( 'NONE',  ( -0.1075022107546803500, -4.353928759802703400E-013, 0.7852143482064725100 ) ) ;
#147 = CARTESIAN_POINT ( 'NONE',  ( 0.7637992319626182300, -1.057805835868259800, -2.992125984251968500 ) ) ;
#148 = ADVANCED_FACE ( 'NONE', ( #873 ), #7942, .T. ) ;
#149 = CARTESIAN_POINT ( 'NONE',  ( -1.105682788051606500, -0.9788576969563110900, -0.02187226596675591000 ) ) ;
#150 = CARTESIAN_POINT ( 'NONE',  ( -0.7311036405941849800, 0.9286621932200747100, -0.1968503937007874100 ) ) ;
#151 = CARTESIAN_POINT ( 'NONE',  ( 0.0000000000000000000, 0.7517436483800196100, 0.006999125109362205200 ) ) ;
#152 = CARTESIAN_POINT ( 'NONE',  ( -0.0000000000000000000, 1.134251968503936900, -2.838329202522437400 ) ) ;
#153 = B_SPLINE_CURVE_WITH_KNOTS ( 'NONE', 3,
 ( #491, #6192, #2358, #6276, #2997, #4928 ),
 .UNSPECIFIED., .F., .F.,
 ( 4, 1, 1, 4 ),
 ( 1.100507930944614200E-010, 6.406102205063170200E-005, 0.0002228452370982341600, 0.0002868508449863920100 ),
 .UNSPECIFIED. ) ;
#154 = CARTESIAN_POINT ( 'NONE',  ( -0.1126849525755905800, 1.137382512314492300, -2.791588827992374200 ) ) ;
#155 = CARTESIAN_POINT ( 'NONE',  ( 0.8255996794046417400, -0.9265857566923937400, -0.02187226596675591000 ) ) ;
#156 = LINE ( 'NONE', #292, #1138 ) ;
#157 = CARTESIAN_POINT ( 'NONE',  ( -0.0000000000000000000, -0.7517436483800196100, 0.06299212598425198200 ) ) ;
#158 = CARTESIAN_POINT ( 'NONE',  ( 0.1251725047065984900, 0.01871959219484252400, -2.952755905511811100 ) ) ;
#159 = CARTESIAN_POINT ( 'NONE',  ( -0.07784670121729529700, 1.134251968503936900, -2.818315771843090500 ) ) ;
#160 = CARTESIAN_POINT ( 'NONE',  ( 0.7475810392626728300, -1.081538896983673200, -0.5074365704286969400 ) ) ;
#161 = CARTESIAN_POINT ( 'NONE',  ( -0.09762345795031499000, -0.05246936066179527800, 0.7874015748031496500 ) ) ;
#162 = CARTESIAN_POINT ( 'NONE',  ( 0.1337290113004449000, 0.07273870726820080800, -2.992125984251968500 ) ) ;
#163 = CARTESIAN_POINT ( 'NONE',  ( 1.029654069748488200, -0.7594092295902990000, -0.5074365704286969400 ) ) ;
#164 = EDGE_CURVE ( 'NONE', #4326, #8067, #8099, .T. ) ;
#165 = CARTESIAN_POINT ( 'NONE',  ( 1.048472305788080000, -0.7649861758560666500, -0.1968503937007874100 ) ) ;
#166 = CARTESIAN_POINT ( 'NONE',  ( 0.7440480963253898200, 1.083715119910515700, -0.1968503937007874100 ) ) ;
#167 = CARTESIAN_POINT ( 'NONE',  ( -0.7119148290572677700, 1.105448062055279800, -2.992125984251968500 ) ) ;
#168 = CARTESIAN_POINT ( 'NONE',  ( 0.1968503101154688000, 1.110236220472441000, -2.681102362196914300 ) ) ;
#169 = LINE ( 'NONE', #1472, #5662 ) ;
#170 = CARTESIAN_POINT ( 'NONE',  ( -0.1448347163264528100, -0.02193883921625590700, -2.957130358705161400 ) ) ;
#171 = CARTESIAN_POINT ( 'NONE',  ( 0.1557475975856417200, 1.110236220472441200, -2.681102362212613300 ) ) ;
#172 = CARTESIAN_POINT ( 'NONE',  ( 0.7141138414599870200, -1.103922707985718300, -0.1968503937007873800 ) ) ;
#173 = DIRECTION ( 'NONE',  ( -1.000000000000000000, -0.0000000000000000000, -0.0000000000000000000 ) ) ;
#174 = CARTESIAN_POINT ( 'NONE',  ( 0.9788576969563070900, 1.105682788051602500, -0.06561679790026378500 ) ) ;
#175 = CARTESIAN_POINT ( 'NONE',  ( -0.1184383461315527500, -4.799714196481722700E-013, 0.7742782152230984800 ) ) ;
#176 = FACE_OUTER_BOUND ( 'NONE', #6938, .T. ) ;
#177 = CARTESIAN_POINT ( 'NONE',  ( -1.104136452828496300, 0.7137832230396653500, -0.1968503937007874100 ) ) ;
#178 = CARTESIAN_POINT ( 'NONE',  ( -1.110233970439102400, -0.9282311026850591500, -0.1312335958005236600 ) ) ;
#179 = CARTESIAN_POINT ( 'NONE',  ( -0.2142136135413897600, 0.7237849185444172900, -0.0000000000000000000 ) ) ;
#180 = CARTESIAN_POINT ( 'NONE',  ( 1.108855069386813800, -0.7031063972595306100, -2.992125984251975600 ) ) ;
#181 = B_SPLINE_CURVE_WITH_KNOTS ( 'NONE', 3,
 ( #5305, #3466, #6113, #1570 ),
 .UNSPECIFIED., .F., .F.,
 ( 4, 4 ),
 ( 0.0000000000000000000, 1.000000000000000000 ),
 .UNSPECIFIED. ) ;
#182 = EDGE_CURVE ( 'NONE', #4371, #7115, #8204, .T. ) ;
#183 = CARTESIAN_POINT ( 'NONE',  ( 0.1249949962596299800, 0.001118440903629921800, 0.1062992125984252000 ) ) ;
#184 = CARTESIAN_POINT ( 'NONE',  ( 0.8682354914878504000, -1.014900208985476400, -0.02187226596675591000 ) ) ;
#185 = ORIENTED_EDGE ( 'NONE', *, *, #4442, .F. ) ;
#186 = CARTESIAN_POINT ( 'NONE',  ( -0.6631499799855394800, -0.3699185312724016000, 0.02099737532808268500 ) ) ;
#187 = CARTESIAN_POINT ( 'NONE',  ( -0.1156637036326063400, 0.06262578429423626400, -3.156167979002626500 ) ) ;
#188 = CARTESIAN_POINT ( 'NONE',  ( 0.0000000000000000000, 0.1460610273873661500, 0.03674540682414568400 ) ) ;
#189 = CARTESIAN_POINT ( 'NONE',  ( 1.030305832406381800, 0.9293197551186300800, -0.1312335958005236600 ) ) ;
#190 = CARTESIAN_POINT ( 'NONE',  ( 0.8255908954712978300, -0.9279527557392345200, -0.09842519685039521900 ) ) ;
#191 = CARTESIAN_POINT ( 'NONE',  ( 0.7310279753857676900, 0.9076672032026179600, -2.992125984251968500 ) ) ;
#192 = ADVANCED_FACE ( 'NONE', ( #1360 ), #2286, .T. ) ;
#193 = ORIENTED_EDGE ( 'NONE', *, *, #6008, .F. ) ;
#194 = CARTESIAN_POINT ( 'NONE',  ( 1.038329624928467500, -0.7636032586122494200, -0.1968503937007874100 ) ) ;
#195 = CARTESIAN_POINT ( 'NONE',  ( 0.7479077349249685400, 1.081609771494815000, -1.128608923884515600 ) ) ;
#196 = CARTESIAN_POINT ( 'NONE',  ( -0.08401568594263388000, -0.1231026060500197600, -2.965879265091863300 ) ) ;
#197 = DIRECTION ( 'NONE',  ( 0.0000000000000000000, 1.000000000000000000, 0.0000000000000000000 ) ) ;
#198 = CARTESIAN_POINT ( 'NONE',  ( -1.066889654611260100, 1.047580032597574800, 0.0000000000000000000 ) ) ;
#199 = CARTESIAN_POINT ( 'NONE',  ( -0.7119148290572677700, -1.105448062055279800, -2.681539807524059500 ) ) ;
#200 = ORIENTED_EDGE ( 'NONE', *, *, #7861, .T. ) ;
#201 = CARTESIAN_POINT ( 'NONE',  ( 0.1474643960790040000, 1.134251968503936900, -2.617955883333591000 ) ) ;
#202 = CARTESIAN_POINT ( 'NONE',  ( 1.103009155936019800, -0.7155729551865434000, -0.5074365704286969400 ) ) ;
#203 = CARTESIAN_POINT ( 'NONE',  ( 1.081538896983672800, 0.7475810392626737200, -2.060367454068240600 ) ) ;
#204 = CARTESIAN_POINT ( 'NONE',  ( -1.110318066288362500, -0.9451014140148467100, -0.1968503937007874100 ) ) ;
#205 = CARTESIAN_POINT ( 'NONE',  ( 1.110261735596846700, 0.6910086409841889000, -0.1968503937007874100 ) ) ;
#206 = CARTESIAN_POINT ( 'NONE',  ( -0.7500308502709094300, 0.05856650093301969700, -0.0000000000000000000 ) ) ;
#207 = CARTESIAN_POINT ( 'NONE',  ( -0.1558869637127283900, 1.134251968503936900, -2.704836293623901900 ) ) ;
#208 = EDGE_LOOP ( 'NONE', ( #4844, #2995, #1491, #4276 ) ) ;
#209 = CARTESIAN_POINT ( 'NONE',  ( -0.1474643960790040000, 1.137382512314492300, -2.744248841075859000 ) ) ;
#210 = CARTESIAN_POINT ( 'NONE',  ( 0.9876700203231734100, -1.014900208985472200, -0.02187226596675591000 ) ) ;
#211 = AXIS2_PLACEMENT_3D ( 'NONE', #6351, #65, #7 ) ;
#212 = CARTESIAN_POINT ( 'NONE',  ( 0.5373840014121733500, -0.5370372980905274700, 0.02099737532808268500 ) ) ;
#213 = B_SPLINE_CURVE_WITH_KNOTS ( 'NONE', 3,
 ( #8156, #7476, #552, #480, #4943, #1106, #5642, #2399, #5589, #5021, #7554 ),
 .UNSPECIFIED., .F., .F.,
 ( 4, 1, 1, 1, 1, 1, 1, 1, 4 ),
 ( 2.082287107656298500E-012, 0.001330758893003516400, 0.002699622019209996500, 0.003384053582313186500, 0.004068485145416476800, 0.004752916708519666800, 0.005437348271622955700, 0.006806211397829336700, 0.008136970290290387500 ),
 .UNSPECIFIED. ) ;
#214 = VERTEX_POINT ( 'NONE', #2894 ) ;
#215 = CARTESIAN_POINT ( 'NONE',  ( -1.076064190174771800, 0.7549431811966416100, -0.5074365704286969400 ) ) ;
#216 = CARTESIAN_POINT ( 'NONE',  ( 0.9028841459682126500, 0.8275570291413073500, -0.06561679790026378500 ) ) ;
#217 = CARTESIAN_POINT ( 'NONE',  ( 0.08401568594263388000, 0.1231026060500197600, -2.965879265091866800 ) ) ;
#218 = CARTESIAN_POINT ( 'NONE',  ( 0.9006284698872087900, 0.7294072714244842500, -1.128608923884515600 ) ) ;
#219 = CARTESIAN_POINT ( 'NONE',  ( 1.054918747226489600, -0.7642466524047193400, -0.1968503937007874100 ) ) ;
#220 = CARTESIAN_POINT ( 'NONE',  ( 1.083715119910519700, 0.7440480963253939300, -0.1968503937007874100 ) ) ;
#221 = ORIENTED_EDGE ( 'NONE', *, *, #665, .F. ) ;
#222 = CARTESIAN_POINT ( 'NONE',  ( 0.1446818157067244500, 0.0009658267581614175800, -2.965879265091863300 ) ) ;
#223 = EDGE_CURVE ( 'NONE', #3221, #7306, #1566, .T. ) ;
#224 = CARTESIAN_POINT ( 'NONE',  ( 0.1968491153113268200, 1.126246719160106400, -2.681811799519282900 ) ) ;
#225 = CARTESIAN_POINT ( 'NONE',  ( -0.7023879734236339000, -1.109088367905878100, -1.128608923884515600 ) ) ;
#226 = FACE_BOUND ( 'NONE', #5687, .T. ) ;
#227 = CARTESIAN_POINT ( 'NONE',  ( 1.047580032597574800, 1.066889654611260100, -0.02187226596675591000 ) ) ;
#228 = CARTESIAN_POINT ( 'NONE',  ( 1.109088367905878100, -0.7023879734236339000, -0.1968503937007874100 ) ) ;
#229 = VERTEX_POINT ( 'NONE', #3503 ) ;
#230 = VERTEX_POINT ( 'NONE', #7414 ) ;
#231 = CARTESIAN_POINT ( 'NONE',  ( 1.110236220472441000, 0.0000000000000000000, -2.992125984251968500 ) ) ;
#232 = ADVANCED_FACE ( 'NONE', ( #2276 ), #5051, .T. ) ;
#233 = CARTESIAN_POINT ( 'NONE',  ( -1.056646062823173100, -1.057736748147917400, -0.1749781277340315400 ) ) ;
#234 = CARTESIAN_POINT ( 'NONE',  ( 1.110322617515921300, 0.6954048260608425300, -2.681539807524059500 ) ) ;
#235 = CARTESIAN_POINT ( 'NONE',  ( -1.110236220472441000, -1.110236220472441000, 0.0000000000000000000 ) ) ;
#236 = VECTOR ( 'NONE', #6430, 39.37007874015748100 ) ;
#237 = CARTESIAN_POINT ( 'NONE',  ( 0.9291338582677165500, 1.110236220472441000, -1.496062992125984300 ) ) ;
#238 = CARTESIAN_POINT ( 'NONE',  ( -0.04239965498682285400, 1.153988124042724300, -2.850416250622755900 ) ) ;
#239 = CARTESIAN_POINT ( 'NONE',  ( -1.049803909796291500, -0.7651677351667085500, -0.5074365704286969400 ) ) ;
#240 = ORIENTED_EDGE ( 'NONE', *, *, #3529, .T. ) ;
#241 = ORIENTED_EDGE ( 'NONE', *, *, #2901, .F. ) ;
#242 = CARTESIAN_POINT ( 'NONE',  ( 0.2142136135413897600, -0.7237849185444172900, 0.06299212598425198200 ) ) ;
#243 = EDGE_CURVE ( 'NONE', #6646, #3758, #4137, .T. ) ;
#244 = CARTESIAN_POINT ( 'NONE',  ( 1.074917021823726100, -0.7556667672796141300, -0.1968503937007874100 ) ) ;
#245 = CARTESIAN_POINT ( 'NONE',  ( 0.1126849525755905800, 1.134251968503936900, -2.791588827992374200 ) ) ;
#246 = CARTESIAN_POINT ( 'NONE',  ( 0.1337290113004449000, 0.07273870726820080800, 0.02362204724409449500 ) ) ;
#247 = CARTESIAN_POINT ( 'NONE',  ( 0.8682354914878504000, 0.8410053028255510800, -0.02187226596675591000 ) ) ;
#248 = CARTESIAN_POINT ( 'NONE',  ( 0.1337290113004449000, 0.07273870726820080800, -2.957130358705161400 ) ) ;
#249 = CARTESIAN_POINT ( 'NONE',  ( 0.7141138414599831300, 1.103922707985718600, -2.992125984251969000 ) ) ;
#250 = CARTESIAN_POINT ( 'NONE',  ( -0.7107731193049654500, 1.105962098314002200, -0.1968503937007874100 ) ) ;
#251 = CARTESIAN_POINT ( 'NONE',  ( -0.7253838148664389900, -1.096632244641332400, -0.1968503937007874100 ) ) ;
#252 = CARTESIAN_POINT ( 'NONE',  ( -0.03526368610020472900, -0.1419330633355000400, -2.992125984251968500 ) ) ;
#253 = CARTESIAN_POINT ( 'NONE',  ( -0.1969610430417243800, 1.134251968503936900, -2.650754968625445200 ) ) ;
#254 = CARTESIAN_POINT ( 'NONE',  ( -0.7003745554811694500, -1.109486903909763700, -2.681539807524059500 ) ) ;
#255 = FACE_OUTER_BOUND ( 'NONE', #5094, .T. ) ;
#256 = CARTESIAN_POINT ( 'NONE',  ( 1.047580032597574800, 1.066889654611260100, 0.0000000000000000000 ) ) ;
#257 = CARTESIAN_POINT ( 'NONE',  ( 0.7566742686776338800, 1.025508191967476900, -0.1968503937007874100 ) ) ;
#258 = CARTESIAN_POINT ( 'NONE',  ( -0.9530213658428109400, 0.8275570291413073500, 0.0000000000000000000 ) ) ;
#259 = CARTESIAN_POINT ( 'NONE',  ( -0.8253816619105313100, 0.9129958530717085000, -0.1968503937007874100 ) ) ;
#260 = CARTESIAN_POINT ( 'NONE',  ( 1.108204637752976400, 0.7053811463581142200, -2.992125984251968500 ) ) ;
#261 = CARTESIAN_POINT ( 'NONE',  ( -0.04420806671798032500, 1.153988124042724300, -2.504566971108000300 ) ) ;
#262 = VECTOR ( 'NONE', #2422, 39.37007874015748100 ) ;
#263 = CARTESIAN_POINT ( 'NONE',  ( 0.1438889093088228900, 1.134251968503936900, -2.759511447624264100 ) ) ;
#264 = CARTESIAN_POINT ( 'NONE',  ( -0.1568835465536693500, 1.152548769262433000, -2.748282263395059200 ) ) ;
#265 = CARTESIAN_POINT ( 'NONE',  ( 1.030523849900492500, -0.9429096587393148700, -0.06561679790026378500 ) ) ;
#266 = B_SPLINE_CURVE_WITH_KNOTS ( 'NONE', 3,
 ( #7460, #4217, #6137, #6084, #7404, #6722 ),
 .UNSPECIFIED., .F., .F.,
 ( 4, 1, 1, 4 ),
 ( 0.0000000000000000000, 0.3333333333333328700, 0.6666666666666659600, 1.000000000000000000 ),
 .UNSPECIFIED. ) ;
#267 = CARTESIAN_POINT ( 'NONE',  ( -0.08968624851009841800, -0.7465127032399607700, 0.02099737532808268500 ) ) ;
#268 = CARTESIAN_POINT ( 'NONE',  ( 0.7173146837074369000, -1.101616661993956900, -1.128608923884511800 ) ) ;
#269 = CARTESIAN_POINT ( 'NONE',  ( 1.109486903909763700, 0.7003745554811732200, -2.060367454068244600 ) ) ;
#270 = CARTESIAN_POINT ( 'NONE',  ( -1.053941206384275700, 0.7642728007677205300, -0.5074365704286969400 ) ) ;
#271 = VECTOR ( 'NONE', #92, 39.37007874015748100 ) ;
#272 = CARTESIAN_POINT ( 'NONE',  ( 0.8253816619105313100, 0.9129958530717085000, -0.1968503937007874100 ) ) ;
#273 = CARTESIAN_POINT ( 'NONE',  ( 0.03526368610020472900, 0.1419330633355000400, -2.957130358705161400 ) ) ;
#274 = CARTESIAN_POINT ( 'NONE',  ( 0.04788271554519685900, 1.110236220472441400, -2.487949462238370200 ) ) ;
#275 = EDGE_CURVE ( 'NONE', #5001, #6819, #2218, .T. ) ;
#276 = CARTESIAN_POINT ( 'NONE',  ( 0.03526368610020472900, 0.1419330633355000400, -2.992125984251975200 ) ) ;
#277 = CARTESIAN_POINT ( 'NONE',  ( -0.7589879883973903500, -1.028952656870866900, -0.5074365704286969400 ) ) ;
#278 = CARTESIAN_POINT ( 'NONE',  ( 0.1149300838712087300, 0.03759181216598821200, 0.7742782152230984800 ) ) ;
#279 = ORIENTED_EDGE ( 'NONE', *, *, #6396, .F. ) ;
#280 = CARTESIAN_POINT ( 'NONE',  ( 0.09746816833348823100, 1.118241469816271700, -2.507213403735209000 ) ) ;
#281 = CARTESIAN_POINT ( 'NONE',  ( -1.103009155936019800, -0.7155729551865474000, -1.128608923884511800 ) ) ;
#282 = CARTESIAN_POINT ( 'NONE',  ( -0.9279527559055117400, 1.031298199610023700, 0.0000000000000000000 ) ) ;
#283 = CARTESIAN_POINT ( 'NONE',  ( 0.7651677351667045500, 1.049803909796291500, -0.1968503937007874100 ) ) ;
#284 = DIRECTION ( 'NONE',  ( -0.0000000000000000000, 1.000000000000000000, -0.0000000000000000000 ) ) ;
#285 = ORIENTED_EDGE ( 'NONE', *, *, #700, .T. ) ;
#286 = CARTESIAN_POINT ( 'NONE',  ( -0.7311022994477605100, -0.9387425559727561300, -2.992125984251971200 ) ) ;
#287 = CARTESIAN_POINT ( 'NONE',  ( 1.110322617515925500, 0.6954048260608425300, -2.060367454068240600 ) ) ;
#288 = CARTESIAN_POINT ( 'NONE',  ( 0.1446848777822630200, -2.121839655771912600E-011, 0.06299212598425198200 ) ) ;
#289 = CARTESIAN_POINT ( 'NONE',  ( 0.1558869637127283900, 1.134251968503936900, -2.704836293623901900 ) ) ;
#290 = EDGE_CURVE ( 'NONE', #3281, #1604, #4365, .T. ) ;
#291 = CARTESIAN_POINT ( 'NONE',  ( 0.08281908649956693000, 1.152548769262433000, -2.827080150139755800 ) ) ;
#292 = CARTESIAN_POINT ( 'NONE',  ( 1.907357968637899500E-017, 4.110236220472441600, -2.525354764622362900 ) ) ;
#293 = B_SPLINE_CURVE_WITH_KNOTS ( 'NONE', 3,
 ( #434, #5551, #3021, #6831, #3626, #1011, #7462, #8113, #4902, #4925, #1062 ),
 .UNSPECIFIED., .F., .F.,
 ( 4, 1, 1, 1, 1, 1, 1, 1, 4 ),
 ( 2.776184701340841100E-012, 0.001330758891658066900, 0.002699622017351761100, 0.003384053580198658400, 0.004068485143045455800, 0.004752916705892347400, 0.005437348268739149700, 0.006806211394432841800, 0.008136970283313850100 ),
 .UNSPECIFIED. ) ;
#294 = VERTEX_POINT ( 'NONE', #3105 ) ;
#295 = CARTESIAN_POINT ( 'NONE',  ( 0.3702728364785276000, -0.6629341840565985400, 0.06299212598425198200 ) ) ;
#296 = CARTESIAN_POINT ( 'NONE',  ( 0.7119148290572677700, -1.105448062055279800, -2.681539807524059500 ) ) ;
#297 = CARTESIAN_POINT ( 'NONE',  ( 1.108033091542948800, 0.7061733014393583000, -2.681539807524059500 ) ) ;
#298 = CARTESIAN_POINT ( 'NONE',  ( -0.1446818157067244500, -0.0009658267581614175800, 0.03674540682414568400 ) ) ;
#299 = CARTESIAN_POINT ( 'NONE',  ( -1.085992159574439500, 1.023622736685185600, -0.1968503937007874100 ) ) ;
#300 = CARTESIAN_POINT ( 'NONE',  ( 1.101663991491527600, 0.7176078221647795900, -0.5074365704286969400 ) ) ;
#301 = CARTESIAN_POINT ( 'NONE',  ( -0.7549431811966416100, 1.076064190174775600, -0.1968503937007874100 ) ) ;
#302 = CARTESIAN_POINT ( 'NONE',  ( 0.7003745554811694500, 1.109486903909763700, -0.1968503937007874100 ) ) ;
#303 = CARTESIAN_POINT ( 'NONE',  ( -0.7365395562689423000, -1.089170987911136600, -0.1968503937007874100 ) ) ;
#304 = ORIENTED_EDGE ( 'NONE', *, *, #7733, .T. ) ;
#305 = CARTESIAN_POINT ( 'NONE',  ( -0.7155729551865474000, 1.103009155936019800, -0.5074365704286969400 ) ) ;
#306 = AXIS2_PLACEMENT_3D ( 'NONE', #3135, #1258, #4456 ) ;
#307 = CARTESIAN_POINT ( 'NONE',  ( -0.09746816833348823100, 1.134251968503936900, -2.507213403735209000 ) ) ;
#308 = CARTESIAN_POINT ( 'NONE',  ( 1.025508191967476900, -0.7566742686776338800, -2.060367454068240600 ) ) ;
#309 = CARTESIAN_POINT ( 'NONE',  ( 0.1198825986024448900, 1.152548769262433000, -2.563558676679023500 ) ) ;
#310 = VERTEX_POINT ( 'NONE', #7068 ) ;
#311 = CARTESIAN_POINT ( 'NONE',  ( 0.9788576969563110900, -1.105682788051606500, -0.02187226596675591000 ) ) ;
#312 = CARTESIAN_POINT ( 'NONE',  ( 0.7634200263010119100, 1.036985750691334900, -1.128608923884511800 ) ) ;
#313 = CARTESIAN_POINT ( 'NONE',  ( -0.7611279201994741700, 1.066258947909223500, -0.1968503937007874100 ) ) ;
#314 = CARTESIAN_POINT ( 'NONE',  ( 0.1053148854377350000, 3.851622667779133400E-011, 0.7874014932057538100 ) ) ;
#315 = CARTESIAN_POINT ( 'NONE',  ( 0.1446774418205933600, -0.02265127238144948000, 0.06299212598425198200 ) ) ;
#316 = CARTESIAN_POINT ( 'NONE',  ( 0.1558869637127283900, 1.118241469816271700, -2.704836293623897900 ) ) ;
#317 = CARTESIAN_POINT ( 'NONE',  ( 0.1754327174310114400, 1.153936964634294500, -2.681102362204721000 ) ) ;
#318 = CARTESIAN_POINT ( 'NONE',  ( 0.1248906675384803700, 1.153988124042724300, -2.803556409092047300 ) ) ;
#319 = DIRECTION ( 'NONE',  ( -0.0000000000000000000, -1.000000000000000000, -0.0000000000000000000 ) ) ;
#320 = ORIENTED_EDGE ( 'NONE', *, *, #1221, .T. ) ;
#321 = B_SPLINE_CURVE_WITH_KNOTS ( 'NONE', 3,
 ( #8034, #8088, #8111, #4874, #1676, #2912, #3600, #2303, #4278, #4384, #6244 ),
 .UNSPECIFIED., .F., .F.,
 ( 4, 1, 1, 1, 1, 1, 1, 1, 4 ),
 ( 7.967340059105775300E-013, 0.001898108748227255000, 0.003823235685357345000, 0.004785799153922440200, 0.005748362622487434800, 0.006710926091052529100, 0.007673489559617625200, 0.009598616496747702800, 0.01149672524417813400 ),
 .UNSPECIFIED. ) ;
#322 = CARTESIAN_POINT ( 'NONE',  ( -0.1249998257359469900, 3.561179818401826700E-011, 0.7677165422678051700 ) ) ;
#323 = CARTESIAN_POINT ( 'NONE',  ( 1.105682788051606500, 0.9788576969563070900, -0.1312335958005236600 ) ) ;
#324 = CARTESIAN_POINT ( 'NONE',  ( 1.109088367905878100, 0.7023879734236379000, -2.060367454068244600 ) ) ;
#325 = CARTESIAN_POINT ( 'NONE',  ( -1.057805835868256100, 0.7637992319626142300, -2.681539807524059500 ) ) ;
#326 = CARTESIAN_POINT ( 'NONE',  ( 0.7549431811966416100, -1.076064190174775600, -0.1968503937007874100 ) ) ;
#327 = EDGE_LOOP ( 'NONE', ( #1430, #5088, #6112, #538, #626, #3525, #725, #4080 ) ) ;
#328 = CARTESIAN_POINT ( 'NONE',  ( -1.030314616339685500, 0.9279527559886499000, -0.1968503937007874100 ) ) ;
#329 = CARTESIAN_POINT ( 'NONE',  ( -0.1337290113004449000, 0.07273870726820080800, -2.952755905511811100 ) ) ;
#330 = CARTESIAN_POINT ( 'NONE',  ( -0.7618448995876850900, 1.065122253766173300, -0.5074365704286969400 ) ) ;
#331 = CARTESIAN_POINT ( 'NONE',  ( -0.03526368610020472900, 0.1419330633355000400, -2.992125984251975200 ) ) ;
#332 = LENGTH_MEASURE_WITH_UNIT ( LENGTH_MEASURE( 0.02539999999999999900 ), #6984 );
#333 = CARTESIAN_POINT ( 'NONE',  ( 0.1251573761151063300, 0.01168658231500787700, 0.7677165354330708300 ) ) ;
#334 = CARTESIAN_POINT ( 'NONE',  ( 0.7072881488253189900, 1.107445675074389500, -0.1968503937007874100 ) ) ;
#335 = ORIENTED_EDGE ( 'NONE', *, *, #1069, .T. ) ;
#336 = VERTEX_POINT ( 'NONE', #659 ) ;
#337 = CARTESIAN_POINT ( 'NONE',  ( 0.1968491153113268200, 1.131583552055992000, -2.681811799519282900 ) ) ;
#338 = CARTESIAN_POINT ( 'NONE',  ( 1.025508191967476900, -0.7566742686776338800, -2.992125984251968500 ) ) ;
#339 = CARTESIAN_POINT ( 'NONE',  ( 0.0000000000000000000, 1.110236220472441000, -2.523875521887012100 ) ) ;
#340 = CARTESIAN_POINT ( 'NONE',  ( 0.0000000000000000000, 1.153934119375358300, -2.503650298114110700 ) ) ;
#341 = CARTESIAN_POINT ( 'NONE',  ( 1.057736748147917400, -1.056646062823173100, -0.1312335958005236600 ) ) ;
#342 = B_SPLINE_CURVE_WITH_KNOTS ( 'NONE', 3,
 ( #5516, #1671, #1111, #4950 ),
 .UNSPECIFIED., .F., .F.,
 ( 4, 4 ),
 ( 0.0000000000000000000, 1.000000000000000000 ),
 .UNSPECIFIED. ) ;
#343 = CARTESIAN_POINT ( 'NONE',  ( 0.7593146768515431900, 1.029023522214547600, -0.5074365704286969400 ) ) ;
#344 = CARTESIAN_POINT ( 'NONE',  ( -0.9028841459682126500, 1.028348482669716500, -0.02187226596675591000 ) ) ;
#345 = VERTEX_POINT ( 'NONE', #5752 ) ;
#346 = CARTESIAN_POINT ( 'NONE',  ( -1.030305832406381800, 0.9293197551186300800, -0.02187226596675591000 ) ) ;
#347 = CARTESIAN_POINT ( 'NONE',  ( -0.08995876299005514700, 1.153988124042724300, -2.522540105825228400 ) ) ;
#348 = CARTESIAN_POINT ( 'NONE',  ( 0.1558869637127283900, 1.112904636920386100, -2.704836293623897900 ) ) ;
#349 = CARTESIAN_POINT ( 'NONE',  ( 0.1019504276383169200, 0.03388306044048435700, 0.7874015747567735300 ) ) ;
#350 = B_SPLINE_CURVE_WITH_KNOTS ( 'NONE', 3,
 ( #4969, #6263, #8214, #5644 ),
 .UNSPECIFIED., .F., .F.,
 ( 4, 4 ),
 ( 0.0000000000000000000, 1.000000000000000000 ),
 .UNSPECIFIED. ) ;
#351 = CARTESIAN_POINT ( 'NONE',  ( 0.05803375421590317700, -0.08786415216425871900, 0.7873844030627453700 ) ) ;
#352 = ORIENTED_EDGE ( 'NONE', *, *, #2068, .F. ) ;
#353 = CARTESIAN_POINT ( 'NONE',  ( 0.7046512158453366300, 1.108398963848258500, -0.1968503937007874100 ) ) ;
#354 = CARTESIAN_POINT ( 'NONE',  ( 0.7639149224034370600, -1.057272500430996200, -0.5074365704286969400 ) ) ;
#355 = CARTESIAN_POINT ( 'NONE',  ( 1.103009155936019800, 0.7155729551865474000, -2.992125984251968500 ) ) ;
#356 = CARTESIAN_POINT ( 'NONE',  ( -0.7642466524047228900, 1.054918747226493600, -2.992125984251968500 ) ) ;
#357 = CARTESIAN_POINT ( 'NONE',  ( -0.7594092295902990000, 1.029654069748492400, -2.060367454068244600 ) ) ;
#358 = EDGE_CURVE ( 'NONE', #7219, #2137, #5439, .T. ) ;
#359 = CARTESIAN_POINT ( 'NONE',  ( 0.07161109282881497600, -0.1043377530571141900, 0.7699037620297440900 ) ) ;
#360 = CARTESIAN_POINT ( 'NONE',  ( 0.7636744025022759200, 1.057499546894259400, -0.1968503937007873800 ) ) ;
#361 = CARTESIAN_POINT ( 'NONE',  ( 0.9028841459682126500, -1.028348482669716500, 0.0000000000000000000 ) ) ;
#362 = VECTOR ( 'NONE', #1793, 39.37007874015748100 ) ;
#363 = CARTESIAN_POINT ( 'NONE',  ( 0.1043178877612165500, 0.03412073071021655400, 0.7852143482064725100 ) ) ;
#364 = CARTESIAN_POINT ( 'NONE',  ( 0.7053811463581102200, 1.108204637752976400, -1.128608923884515600 ) ) ;
#365 = CARTESIAN_POINT ( 'NONE',  ( -0.1968491153113268200, 1.110236220472441000, -2.681811799519286900 ) ) ;
#366 = CARTESIAN_POINT ( 'NONE',  ( 1.025508191967476900, -0.7566742686776338800, -2.681539807524059500 ) ) ;
#367 = CARTESIAN_POINT ( 'NONE',  ( 1.110318066288362500, -0.9451014140148467100, -0.1749781277340315400 ) ) ;
#368 = CARTESIAN_POINT ( 'NONE',  ( -0.1138258976824527700, 1.144378037797165300, -2.569497211183302500 ) ) ;
#369 = CARTESIAN_POINT ( 'NONE',  ( 0.9451014140148467100, -1.110318066288362500, -0.02187226596675591000 ) ) ;
#370 = FACE_OUTER_BOUND ( 'NONE', #1222, .T. ) ;
#371 = CARTESIAN_POINT ( 'NONE',  ( -1.030305832406381800, 0.9265857566923937400, -0.02187226596675591000 ) ) ;
#372 = PRODUCT_DEFINITION_FORMATION_WITH_SPECIFIED_SOURCE ( 'ANY', '', #3922, .NOT_KNOWN. ) ;
#373 = CARTESIAN_POINT ( 'NONE',  ( -0.7419493262978759100, -0.9957875012869171800, -2.992125984251970300 ) ) ;
#374 = CARTESIAN_POINT ( 'NONE',  ( -1.030523849900492500, -0.9429096587393148700, -0.1968503937007874100 ) ) ;
#375 = CARTESIAN_POINT ( 'NONE',  ( 0.1352255191655276400, 1.152548769262433000, -2.813689627455397500 ) ) ;
#376 = B_SPLINE_CURVE_WITH_KNOTS ( 'NONE', 3,
 ( #6076, #3401, #4046, #4072, #6631, #7371, #258, #897, #8024, #508, #1784 ),
 .UNSPECIFIED., .F., .F.,
 ( 4, 1, 1, 1, 1, 1, 1, 1, 4 ),
 ( 0.0000000000000000000, 0.001330758891399329400, 0.002699622018097598600, 0.003384053581446683900, 0.004068485144795869000, 0.004752916708144952700, 0.005437348271494136900, 0.006806211398192307600, 0.008136970289590671200 ),
 .UNSPECIFIED. ) ;
#377 = VECTOR ( 'NONE', #6147, 39.37007874015748100 ) ;
#378 = CARTESIAN_POINT ( 'NONE',  ( -0.1448347163264528100, -0.02193883921625590700, 0.02362204724409449500 ) ) ;
#379 = CARTESIAN_POINT ( 'NONE',  ( -0.7360730235907874100, -0.1823967744873268300, -0.0000000000000000000 ) ) ;
#380 = CARTESIAN_POINT ( 'NONE',  ( 0.7639149224034370600, -1.057272500430996200, -0.1968503937007874100 ) ) ;
#381 = CARTESIAN_POINT ( 'NONE',  ( 0.1640763751032682000, 1.153937007874015400, -2.619058248706604100 ) ) ;
#382 = CARTESIAN_POINT ( 'NONE',  ( -1.083715119910515700, 0.7440480963253898200, -1.128608923884515600 ) ) ;
#383 = CARTESIAN_POINT ( 'NONE',  ( 0.7479077349249685400, -1.081609771494819000, -2.681539807524059500 ) ) ;
#384 = CARTESIAN_POINT ( 'NONE',  ( -0.07270040754172836500, -0.1062935698246890300, -3.495188101487315200 ) ) ;
#385 = CARTESIAN_POINT ( 'NONE',  ( -0.1446848777822665200, -4.243681762603731500E-011, 0.06299212598425198200 ) ) ;
#386 = VERTEX_POINT ( 'NONE', #1910 ) ;
#387 = EDGE_CURVE ( 'NONE', #6629, #4192, #4780, .T. ) ;
#388 = ADVANCED_FACE ( 'NONE', ( #3061 ), #7688, .T. ) ;
#389 = CARTESIAN_POINT ( 'NONE',  ( 0.9791254460543460400, -1.105565014269958200, 0.0000000000000000000 ) ) ;
#390 = CARTESIAN_POINT ( 'NONE',  ( 1.103922707984717400, 0.7141138414615357800, -2.992125984251969000 ) ) ;
#391 = CARTESIAN_POINT ( 'NONE',  ( -0.6936092895046375200, -1.110236408271177300, -0.1968503937007873800 ) ) ;
#392 = CARTESIAN_POINT ( 'NONE',  ( -1.109486903909763700, -0.7003745554811732200, -0.1968503937007874100 ) ) ;
#393 = CARTESIAN_POINT ( 'NONE',  ( -0.6910086409841889000, 1.110261735596846700, -2.060367454068240600 ) ) ;
#394 = B_SPLINE_CURVE_WITH_KNOTS ( 'NONE', 3,
 ( #4460, #3191, #3080, #8318, #6951, #2505 ),
 .UNSPECIFIED., .F., .F.,
 ( 4, 1, 1, 4 ),
 ( 0.0000000000000000000, 0.3333333333333328700, 0.6666666666666659600, 1.000000000000000000 ),
 .UNSPECIFIED. ) ;
#395 = ORIENTED_EDGE ( 'NONE', *, *, #5590, .F. ) ;
#396 = CARTESIAN_POINT ( 'NONE',  ( -1.096676596295535400, -0.7252355460546456900, -0.5074365704286969400 ) ) ;
#397 = CARTESIAN_POINT ( 'NONE',  ( -0.1730660624311260400, 1.153988124042724300, -2.656418615598913600 ) ) ;
#398 = CARTESIAN_POINT ( 'NONE',  ( 1.030314616339712100, 0.9279527560440757900, 0.0000000000000000000 ) ) ;
#399 = CARTESIAN_POINT ( 'NONE',  ( 0.8682354914878504000, 1.014900208985472200, -0.1968503937007874100 ) ) ;
#400 = CARTESIAN_POINT ( 'NONE',  ( -0.9530213658428109400, 0.8275570291413073500, -0.02187226596675591000 ) ) ;
#401 = CARTESIAN_POINT ( 'NONE',  ( -0.09839089722041734200, 1.134251968503936900, -2.507677537852731800 ) ) ;
#402 = CARTESIAN_POINT ( 'NONE',  ( 0.0000000000000000000, 1.144378037797169300, -2.878244581703594700 ) ) ;
#403 = ORIENTED_EDGE ( 'NONE', *, *, #3008, .T. ) ;
#404 = EDGE_CURVE ( 'NONE', #6835, #2299, #2910, .T. ) ;
#405 = CARTESIAN_POINT ( 'NONE',  ( 0.1053148854377350000, 3.851622667779133400E-011, 0.7874014932057538100 ) ) ;
#406 = CARTESIAN_POINT ( 'NONE',  ( 1.085874585383008100, 1.023890032031122200, -0.02187226596675591000 ) ) ;
#407 = VERTEX_POINT ( 'NONE', #4605 ) ;
#408 = CARTESIAN_POINT ( 'NONE',  ( -0.9006284698872087900, -0.7294072714244842500, -2.060367454068240600 ) ) ;
#409 = CARTESIAN_POINT ( 'NONE',  ( -1.076064190174775600, 0.7549431811966416100, -2.060367454068244600 ) ) ;
#410 = CARTESIAN_POINT ( 'NONE',  ( 0.7479077349249685400, -1.081609771494819000, -1.128608923884515600 ) ) ;
#411 = CARTESIAN_POINT ( 'NONE',  ( -0.1251725047065984900, -0.01871959219484252400, -3.495188101487315200 ) ) ;
#412 = CARTESIAN_POINT ( 'NONE',  ( -1.081538896983672800, -0.7475810392626732700, -0.5074365704286969400 ) ) ;
#413 = ORIENTED_EDGE ( 'NONE', *, *, #2050, .F. ) ;
#414 = CARTESIAN_POINT ( 'NONE',  ( -0.9876700203231734100, -0.8410053028255472000, -0.1749781277340315400 ) ) ;
#415 = CARTESIAN_POINT ( 'NONE',  ( 1.108398963774295900, 0.7046512160692316500, -2.992125984251966700 ) ) ;
#416 = AXIS2_PLACEMENT_3D ( 'NONE', #6292, #2460, #1187 ) ;
#417 = CARTESIAN_POINT ( 'NONE',  ( 0.7589873301296452500, 1.028953050111380800, -2.992125984251968100 ) ) ;
#418 = CARTESIAN_POINT ( 'NONE',  ( -1.101616661993956900, -0.7173146837074369000, -2.992125984251968500 ) ) ;
#419 = CARTESIAN_POINT ( 'NONE',  ( -0.6910086409841889000, 1.110261735596846700, -0.1968503937007874100 ) ) ;
#420 = CARTESIAN_POINT ( 'NONE',  ( -1.083913278540059400, -0.7441482841840275600, -0.1968503937007874100 ) ) ;
#421 = CARTESIAN_POINT ( 'NONE',  ( 0.08281908649956693000, 1.152548769262433000, -2.535124574269696800 ) ) ;
#422 = CARTESIAN_POINT ( 'NONE',  ( 0.9279527559055117400, 1.031298199610023700, -0.1749781277340315400 ) ) ;
#423 = ORIENTED_EDGE ( 'NONE', *, *, #4226, .T. ) ;
#424 = CARTESIAN_POINT ( 'NONE',  ( -0.9530213658428109400, 0.8275570291413073500, 0.0000000000000000000 ) ) ;
#425 = CARTESIAN_POINT ( 'NONE',  ( -0.1873874854177716700, 1.152548769262433000, -2.654376006140586300 ) ) ;
#426 = CARTESIAN_POINT ( 'NONE',  ( -0.7311023692017438700, 0.9279527559059844700, -2.992125984251968500 ) ) ;
#427 = ADVANCED_FACE ( 'NONE', ( #2965 ), #5065, .T. ) ;
#428 = ORIENTED_EDGE ( 'NONE', *, *, #3262, .F. ) ;
#429 = ORIENTED_EDGE ( 'NONE', *, *, #1009, .T. ) ;
#430 = CARTESIAN_POINT ( 'NONE',  ( 0.07594765652721503800, -0.07286308412589577500, 0.7873325823402643800 ) ) ;
#431 = EDGE_CURVE ( 'NONE', #4430, #7258, #7319, .T. ) ;
#432 = CARTESIAN_POINT ( 'NONE',  ( -0.2142136135413897600, -0.7237849185444172900, -0.0000000000000000000 ) ) ;
#434 = CARTESIAN_POINT ( 'NONE',  ( 0.8255908954713249100, 0.9279527559609370700, 0.0000000000000000000 ) ) ;
#433 = CARTESIAN_POINT ( 'NONE',  ( -1.028953034820992500, 0.7589873557274842100, -0.1968503937007874400 ) ) ;
#435 = VECTOR ( 'NONE', #4243, 39.37007874015748100 ) ;
#436 = CARTESIAN_POINT ( 'NONE',  ( -0.1590280531487723000, 1.153937007874015900, -2.606939772265766100 ) ) ;
#437 = CARTESIAN_POINT ( 'NONE',  ( -0.7589873301296458100, 1.028953050111383900, -2.992125984251968500 ) ) ;
#438 = CARTESIAN_POINT ( 'NONE',  ( -0.7311036405941849800, 0.9272433185909526600, -0.1968503937007874100 ) ) ;
#439 = ORIENTED_EDGE ( 'NONE', *, *, #4933, .T. ) ;
#440 = CARTESIAN_POINT ( 'NONE',  ( -0.1249949962596299800, 0.001118440903629921800, -3.562992125984252300 ) ) ;
#441 = CARTESIAN_POINT ( 'NONE',  ( -1.081538273903767600, -0.7475806083234700600, -0.1968503937007874400 ) ) ;
#442 = EDGE_LOOP ( 'NONE', ( #4002, #447, #601, #2630 ) ) ;
#443 = CARTESIAN_POINT ( 'NONE',  ( 0.06188917424073788600, 0.1088300577060520900, 0.7675196850393700700 ) ) ;
#444 = CARTESIAN_POINT ( 'NONE',  ( 1.030314616339725700, 0.9279527560717885100, -0.09842519685039526100 ) ) ;
#445 = CARTESIAN_POINT ( 'NONE',  ( 0.7605331936007364600, 1.031542260286322500, -0.1968503937007874100 ) ) ;
#446 = CARTESIAN_POINT ( 'NONE',  ( 1.110261735596846700, -0.6910086409841851300, -2.060367454068240600 ) ) ;
#447 = ORIENTED_EDGE ( 'NONE', *, *, #5064, .T. ) ;
#448 = DIRECTION ( 'NONE',  ( -0.0000000000000000000, -0.0000000000000000000, -1.000000000000000000 ) ) ;
#449 = CARTESIAN_POINT ( 'NONE',  ( -1.089068901887649600, -0.7366106222218031800, -2.992125984251972500 ) ) ;
#450 = B_SPLINE_CURVE_WITH_KNOTS ( 'NONE', 3,
 ( #5297, #4047, #7793, #4598, #1390, #2046 ),
 .UNSPECIFIED., .F., .F.,
 ( 4, 1, 1, 4 ),
 ( 0.0000000000000000000, 0.2231320908632570500, 0.7766750952853549400, 1.000000000000000000 ),
 .UNSPECIFIED. ) ;
#451 = CARTESIAN_POINT ( 'NONE',  ( 1.081538273903763100, -0.7475806083234697300, -2.992125984251968500 ) ) ;
#452 = EDGE_CURVE ( 'NONE', #1659, #8259, #8031, .T. ) ;
#453 = CARTESIAN_POINT ( 'NONE',  ( 1.030305832406381800, 0.9265857566923937400, -0.06561679790026378500 ) ) ;
#454 = CARTESIAN_POINT ( 'NONE',  ( 1.065122253766169300, -0.7618448995876850900, -2.060367454068240600 ) ) ;
#455 = B_SPLINE_CURVE_WITH_KNOTS ( 'NONE', 3,
 ( #6457, #3282, #7780, #3194, #2568, #7127 ),
 .UNSPECIFIED., .F., .F.,
 ( 4, 1, 1, 4 ),
 ( 0.0000000000000000000, 0.0008920148378015013500, 0.001803620774774905200, 0.002695663145308998000 ),
 .UNSPECIFIED. ) ;
#456 = CARTESIAN_POINT ( 'NONE',  ( -0.7003911346322482200, -1.109563216913672700, -2.992125984251973400 ) ) ;
#457 = CARTESIAN_POINT ( 'NONE',  ( 0.0000000000000000000, 1.137382512314492300, -2.482368092053223800 ) ) ;
#458 = FACE_OUTER_BOUND ( 'NONE', #5318, .T. ) ;
#459 = CARTESIAN_POINT ( 'NONE',  ( 0.04420806671798032500, 1.153988124042724300, -2.857637753301449200 ) ) ;
#460 = B_SPLINE_CURVE_WITH_KNOTS ( 'NONE', 3,
 ( #6855, #5767, #6405, #2520, #3236, #2578, #4502, #6993, #675, #5793, #6464, #1247, #1959, #6435, #2605, #7084, #7735, #3875, #3902, #4532, #1331, #7108, #3152, #5706, #8305, #3263, #95, #4566, #5203, #5910, #5319, #2126, #119, #3989, #4017, #7788, #5293, #3350 ),
 .UNSPECIFIED., .F., .F.,
 ( 4, 1, 1, 1, 2, 2, 2, 1, 1, 1, 2, 2, 2, 1, 1, 1, 2, 2, 2, 1, 1, 1, 2, 2, 4 ),
 ( 0.0000000000000000000, 0.06250000000000023600, 0.09375000000000036100, 0.1093750000000004000, 0.1171875000000004200, 0.1250000000000004200, 0.2500000000000004400, 0.3125000000000003900, 0.3437500000000003900, 0.3593750000000003900, 0.3671875000000004400, 0.3750000000000004400, 0.5000000000000010000, 0.5625000000000013300, 0.5937500000000014400, 0.6093750000000015500, 0.6171875000000015500, 0.6250000000000015500, 0.7500000000000011100, 0.8125000000000010000, 0.8437500000000008900, 0.8593750000000007800, 0.8671875000000006700, 0.8750000000000006700, 1.000000000000000000 ),
 .UNSPECIFIED. ) ;
#461 = CARTESIAN_POINT ( 'NONE',  ( 0.06137357093523188700, -0.08555409873288201400, 0.7873736300206064500 ) ) ;
#462 = CARTESIAN_POINT ( 'NONE',  ( 0.09746816833348823100, 1.126246719160106400, -2.854991320674240600 ) ) ;
#464 = CARTESIAN_POINT ( 'NONE',  ( 0.7634200263010158000, -1.036985750691334900, -1.128608923884515600 ) ) ;
#463 = CARTESIAN_POINT ( 'NONE',  ( -1.029023522214547600, 0.7593146768515431900, -2.681539807524059500 ) ) ;
#465 = VECTOR ( 'NONE', #7030, 39.37007874015748100 ) ;
#466 = CARTESIAN_POINT ( 'NONE',  ( -1.029654069748492400, -0.7594092295902990000, -2.060367454068244600 ) ) ;
#467 = CARTESIAN_POINT ( 'NONE',  ( -0.7141138810663703000, -1.103922769201725900, -1.594488188976377800 ) ) ;
#468 = CARTESIAN_POINT ( 'NONE',  ( -0.1664616492834456700, 1.153937007874015900, -2.736506601409916000 ) ) ;
#469 = CARTESIAN_POINT ( 'NONE',  ( -0.1156637036326063400, -0.06262578429423626400, -3.156167979002626500 ) ) ;
#470 = AXIS2_PLACEMENT_3D ( 'NONE', #724, #3312, #6487 ) ;
#471 = CARTESIAN_POINT ( 'NONE',  ( -0.7618448995876850900, 1.065122253766173300, -2.992125984251968500 ) ) ;
#472 = ADVANCED_FACE ( 'NONE', ( #4162 ), #7659, .T. ) ;
#473 = CARTESIAN_POINT ( 'NONE',  ( -0.7141138414599829100, -1.103922707985718800, -2.992125984251968500 ) ) ;
#474 = CARTESIAN_POINT ( 'NONE',  ( 0.1438889093088228900, 1.112904636920386100, -2.602693276785181800 ) ) ;
#475 = VECTOR ( 'NONE', #1500, 39.37007874015748100 ) ;
#476 = CARTESIAN_POINT ( 'NONE',  ( 0.9291338582658956700, 1.110236200018592800, -0.1968503937007874400 ) ) ;
#477 = CARTESIAN_POINT ( 'NONE',  ( 1.109374590528771500, -0.7016296763940590400, -2.992125984251972500 ) ) ;
#478 = CARTESIAN_POINT ( 'NONE',  ( -1.109374590528771500, -0.7016296763940630400, -2.681539807524059500 ) ) ;
#479 = CARTESIAN_POINT ( 'NONE',  ( -1.101663991491527600, -0.7176078221647795900, -2.060367454068244600 ) ) ;
#480 = CARTESIAN_POINT ( 'NONE',  ( -0.8682354914878504000, 0.8410053028255472000, -0.1968503937007874100 ) ) ;
#481 = CARTESIAN_POINT ( 'NONE',  ( 0.8255996794046417400, 0.9265857566923937400, -0.1749781277340315400 ) ) ;
#482 = CARTESIAN_POINT ( 'NONE',  ( 1.081609771494815000, -0.7479077349249685400, -2.992125984251968500 ) ) ;
#483 = ORIENTED_EDGE ( 'NONE', *, *, #495, .T. ) ;
#484 = CARTESIAN_POINT ( 'NONE',  ( 0.1670408598648020500, 1.153936934959982000, -2.753889946980821300 ) ) ;
#485 = CARTESIAN_POINT ( 'NONE',  ( 0.1804476012116417700, 1.153988124042724300, -2.655365815123421800 ) ) ;
#486 = CARTESIAN_POINT ( 'NONE',  ( -0.1848880155283897700, 1.144378037797165300, -2.760274199451696800 ) ) ;
#487 = CARTESIAN_POINT ( 'NONE',  ( 0.04838874916140870100, -0.09373267326972691000, 0.7873955261625004100 ) ) ;
#488 = ORIENTED_EDGE ( 'NONE', *, *, #6965, .F. ) ;
#489 = CARTESIAN_POINT ( 'NONE',  ( -0.1853889004854055700, 1.131583552055992000, -2.763028651652783600 ) ) ;
#490 = CARTESIAN_POINT ( 'NONE',  ( -0.7376712701478820300, -0.8628714702481337100, -2.681539807524059500 ) ) ;
#491 = CARTESIAN_POINT ( 'NONE',  ( -1.110236281231659100, 0.6927299607301724600, -2.992125984251968500 ) ) ;
#492 = CARTESIAN_POINT ( 'NONE',  ( -0.02222083510090837300, 1.153937007874016100, -2.856533574987865500 ) ) ;
#493 = CARTESIAN_POINT ( 'NONE',  ( 1.108627185260411300, -0.7038788562212291400, -0.1968503937007873800 ) ) ;
#494 = CARTESIAN_POINT ( 'NONE',  ( 0.1952722676923195100, 1.144378037797165300, -2.681102362204701900 ) ) ;
#495 = EDGE_CURVE ( 'NONE', #8210, #4326, #293, .T. ) ;
#496 = ORIENTED_EDGE ( 'NONE', *, *, #878, .T. ) ;
#497 = CARTESIAN_POINT ( 'NONE',  ( 0.07510842010565856000, 0.1013125737690780300, 0.7675196850393700700 ) ) ;
#498 = CARTESIAN_POINT ( 'NONE',  ( -0.09038153715239767600, 1.131583552055992000, -2.548557022372763800 ) ) ;
#499 = CARTESIAN_POINT ( 'NONE',  ( -0.7627446526210116500, 1.060986002430181200, -0.5074365704286969400 ) ) ;
#500 = CARTESIAN_POINT ( 'NONE',  ( 1.107445675074389500, -0.7072881488253229800, -2.681539807524059500 ) ) ;
#501 = CARTESIAN_POINT ( 'NONE',  ( -0.7016296763940630400, 1.109374590528771500, -1.128608923884515600 ) ) ;
#502 = ORIENTED_EDGE ( 'NONE', *, *, #4891, .T. ) ;
#503 = CARTESIAN_POINT ( 'NONE',  ( 0.9279527559055117400, 1.031298199610023700, 0.0000000000000000000 ) ) ;
#504 = CARTESIAN_POINT ( 'NONE',  ( -0.7419493262978760200, 0.9957875012869172900, -0.1968503937007874100 ) ) ;
#505 = CARTESIAN_POINT ( 'NONE',  ( 1.057805835868256100, -0.7637992319626142300, -2.992125984251968500 ) ) ;
#506 = CARTESIAN_POINT ( 'NONE',  ( -0.1120174941082716900, 0.01045964453915354700, 0.7808398950131221200 ) ) ;
#507 = CARTESIAN_POINT ( 'NONE',  ( 0.1249997708871651400, -3.047558762441770000E-011, 0.02362204724409449100 ) ) ;
#508 = CARTESIAN_POINT ( 'NONE',  ( -1.030306909723298900, 0.9119955869072315900, 0.0000000000000000000 ) ) ;
#509 = ADVANCED_FACE ( 'NONE', ( #5074 ), #7956, .T. ) ;
#510 = VERTEX_POINT ( 'NONE', #1702 ) ;
#511 = CARTESIAN_POINT ( 'NONE',  ( -0.1053022159106022000, -0.009928548652483165300, 0.7874092907134812000 ) ) ;
#512 = CARTESIAN_POINT ( 'NONE',  ( -0.1412742653159843000, 1.126246719160106400, -2.821824271759007600 ) ) ;
#514 = CARTESIAN_POINT ( 'NONE',  ( 0.7627446526210116500, -1.060986002430181200, -2.992125984251968500 ) ) ;
#513 = DIRECTION ( 'NONE',  ( -1.000000000000000000, -0.0000000000000000000, -0.0000000000000000000 ) ) ;
#515 = CARTESIAN_POINT ( 'NONE',  ( 0.7479053414235590200, -1.081314661062035700, -2.681539807524059500 ) ) ;
#516 = CARTESIAN_POINT ( 'NONE',  ( -0.9006284698872087900, -0.7294072714244842500, -2.992125984251968500 ) ) ;
#517 = CARTESIAN_POINT ( 'NONE',  ( -1.081538273903763300, 0.7475806083234700600, -2.992125984251969000 ) ) ;
#518 = CARTESIAN_POINT ( 'NONE',  ( -0.1713703393936467600, 1.153937007874015700, -2.718837571801911800 ) ) ;
#519 = VERTEX_POINT ( 'NONE', #4033 ) ;
#520 = CARTESIAN_POINT ( 'NONE',  ( -0.03051586097098820200, -0.1226143411448661600, -2.952755905511811100 ) ) ;
#521 = CARTESIAN_POINT ( 'NONE',  ( -1.057736748147917400, -1.056646062823173100, -0.1312335958005236600 ) ) ;
#522 = CARTESIAN_POINT ( 'NONE',  ( -0.8334242859902566400, -0.8766112441605298200, 0.0000000000000000000 ) ) ;
#523 = CARTESIAN_POINT ( 'NONE',  ( 0.03793485271320473600, 1.110236220472441000, -2.528313008702472300 ) ) ;
#524 = ORIENTED_EDGE ( 'NONE', *, *, #7428, .T. ) ;
#525 = CARTESIAN_POINT ( 'NONE',  ( -1.103922707985718300, -0.7141138414599871300, -0.1968503937007873800 ) ) ;
#526 = CARTESIAN_POINT ( 'NONE',  ( 1.107445675074389500, -0.7072881488253229800, -2.992125984251968500 ) ) ;
#527 = CARTESIAN_POINT ( 'NONE',  ( 0.1156637036326063400, 0.06262578429423626400, 0.7751574803149606800 ) ) ;
#528 = DIRECTION ( 'NONE',  ( 0.0000000000000000000, 0.0000000000000000000, 1.000000000000000000 ) ) ;
#529 = CARTESIAN_POINT ( 'NONE',  ( 0.6936092895046370700, 1.110236408271178900, -2.992125984251968500 ) ) ;
#530 = CARTESIAN_POINT ( 'NONE',  ( 1.065122253766169300, -0.7618448995876850900, -2.992125984251968500 ) ) ;
#531 = VERTEX_POINT ( 'NONE', #5709 ) ;
#532 = CARTESIAN_POINT ( 'NONE',  ( -0.09939008828192230600, 0.08091262673348781400, 0.7675196850393700700 ) ) ;
#533 = ORIENTED_EDGE ( 'NONE', *, *, #1951, .F. ) ;
#534 = CARTESIAN_POINT ( 'NONE',  ( -1.030305832406381800, -0.9265857566923937400, -0.02187226596675591000 ) ) ;
#535 = CARTESIAN_POINT ( 'NONE',  ( 1.030314616339685500, -0.9279527558777991300, -0.1968503937007875200 ) ) ;
#536 = CARTESIAN_POINT ( 'NONE',  ( -0.9530213658428109400, 1.028348482669716500, -0.06561679790026378500 ) ) ;
#537 = CARTESIAN_POINT ( 'NONE',  ( -0.03102945129585875700, -0.1006436165114580800, 0.7873998625546215800 ) ) ;
#538 = ORIENTED_EDGE ( 'NONE', *, *, #7746, .F. ) ;
#539 = EDGE_CURVE ( 'NONE', #132, #1798, #6579, .T. ) ;
#540 = CARTESIAN_POINT ( 'NONE',  ( 0.1412742653159843000, 1.118241469816271700, -2.821824271759007600 ) ) ;
#541 = CARTESIAN_POINT ( 'NONE',  ( 1.110236179564744600, 0.9291338582640751300, -0.09842519685039372000 ) ) ;
#542 = CARTESIAN_POINT ( 'NONE',  ( -0.7479053414235590200, -1.081314661062031700, -2.681539807524059500 ) ) ;
#543 = CARTESIAN_POINT ( 'NONE',  ( -0.1754291419438854800, 1.153937007874015700, -2.686459046424562100 ) ) ;
#544 = CARTESIAN_POINT ( 'NONE',  ( -0.9788576969563110900, -1.105682788051606500, -0.02187226596675591000 ) ) ;
#545 = ORIENTED_EDGE ( 'NONE', *, *, #3529, .F. ) ;
#546 = CARTESIAN_POINT ( 'NONE',  ( -0.9530213658428109400, -0.8275570291413073500, -0.06561679790026378500 ) ) ;
#547 = CARTESIAN_POINT ( 'NONE',  ( 0.09038153715239767600, 1.131583552055992000, -2.548557022372763800 ) ) ;
#548 = DIRECTION ( 'NONE',  ( 0.0000000000000000000, 0.0000000000000000000, 1.000000000000000000 ) ) ;
#549 = CARTESIAN_POINT ( 'NONE',  ( -1.110236408271177300, -0.6936092895046411800, -0.1968503937007873800 ) ) ;
#550 = CARTESIAN_POINT ( 'NONE',  ( -0.07270040754172836500, 0.1062935698246890300, 0.7677165354330708300 ) ) ;
#551 = LINE ( 'NONE', #467, #465 ) ;
#552 = CARTESIAN_POINT ( 'NONE',  ( -0.8334242859743975500, 0.8766112441767510700, -0.1968503937007874100 ) ) ;
#553 = EDGE_CURVE ( 'NONE', #7192, #789, #6372, .T. ) ;
#554 = CARTESIAN_POINT ( 'NONE',  ( 0.7378068781184751200, 0.8626282286608782900, -0.1968503937007874100 ) ) ;
#555 = CARTESIAN_POINT ( 'NONE',  ( -0.7328930827737217800, 0.9612049079576727700, -0.1968503937007874100 ) ) ;
#556 = CARTESIAN_POINT ( 'NONE',  ( -0.9788576969563070900, 1.105682788051606500, -0.1312335958005236600 ) ) ;
#557 = CARTESIAN_POINT ( 'NONE',  ( -0.07510842010564640300, 0.1013125737690859200, 0.7675196850393700700 ) ) ;
#558 = CARTESIAN_POINT ( 'NONE',  ( -0.9279527559055117400, -1.031298199610023700, -0.06561679790026378500 ) ) ;
#559 = CARTESIAN_POINT ( 'NONE',  ( 0.1968215087142204900, 1.134251968503936900, -2.677730240081747800 ) ) ;
#560 = CARTESIAN_POINT ( 'NONE',  ( -1.030523849900492500, 0.9429096587393148700, -0.1968503937007874100 ) ) ;
#561 = FACE_OUTER_BOUND ( 'NONE', #6517, .T. ) ;
#562 = CARTESIAN_POINT ( 'NONE',  ( 0.02985876450257202500, -0.1009923158519470100, 0.7874001097662924900 ) ) ;
#563 = CARTESIAN_POINT ( 'NONE',  ( 0.6954048260608425300, -1.110322617515921300, -0.5074365704286969400 ) ) ;
#564 = CARTESIAN_POINT ( 'NONE',  ( 1.049803909796291500, 0.7651677351667085500, -2.060367454068244600 ) ) ;
#565 = CARTESIAN_POINT ( 'NONE',  ( 0.7594092295902990000, 1.029654069748488200, -1.128608923884515600 ) ) ;
#566 = CARTESIAN_POINT ( 'NONE',  ( 0.7441482841840275600, -1.083913278540055400, -1.128608923884515600 ) ) ;
#567 = CARTESIAN_POINT ( 'NONE',  ( 1.081538896983668300, -0.7475810392626737200, -2.681539807524059100 ) ) ;
#568 = CARTESIAN_POINT ( 'NONE',  ( -0.7252355460546456900, -1.096676596295535400, -2.681539807524059500 ) ) ;
#569 = CARTESIAN_POINT ( 'NONE',  ( -0.1726754075288863500, 1.153937007874015400, -2.711859058083735200 ) ) ;
#570 = CARTESIAN_POINT ( 'NONE',  ( 0.1249949962596299800, 0.001118440903629921800, -3.020559930008748200 ) ) ;
#571 = AXIS2_PLACEMENT_3D ( 'NONE', #3887, #7691, #6418 ) ;
#572 = CARTESIAN_POINT ( 'NONE',  ( 0.1802255128315230200, 1.153935536844995700, -2.681102362204701900 ) ) ;
#573 = FACE_OUTER_BOUND ( 'NONE', #6512, .T. ) ;
#574 = CARTESIAN_POINT ( 'NONE',  ( -0.9530213658428109400, -0.8275570291413073500, -0.1312335958005236600 ) ) ;
#575 = CARTESIAN_POINT ( 'NONE',  ( 0.1438889093088228900, 1.131583552055992000, -2.602693276785181800 ) ) ;
#576 = CARTESIAN_POINT ( 'NONE',  ( -0.9457032319186176000, 1.110234704581635900, -0.1968503937007875200 ) ) ;
#577 = CARTESIAN_POINT ( 'NONE',  ( -0.03051586097098820200, 0.1226143411448661600, 0.7751574803149606800 ) ) ;
#578 = ORIENTED_EDGE ( 'NONE', *, *, #6545, .T. ) ;
#579 = CARTESIAN_POINT ( 'NONE',  ( 1.108626020972166800, 0.7038785125588548100, -0.1968503937007873800 ) ) ;
#580 = CARTESIAN_POINT ( 'NONE',  ( 1.028953034820992100, -0.7589873557274842100, -0.1968503937007874400 ) ) ;
#581 = CARTESIAN_POINT ( 'NONE',  ( 1.057805835868256100, 0.7637992319626182300, -2.681539807524059500 ) ) ;
#582 = CARTESIAN_POINT ( 'NONE',  ( -0.7310639536100825800, -0.9382553524242599500, -2.060367454068240600 ) ) ;
#583 = CARTESIAN_POINT ( 'NONE',  ( 1.057499546894264100, 0.7636744025022774700, -0.1968503937007873800 ) ) ;
#584 = CARTESIAN_POINT ( 'NONE',  ( -0.1251212777106852600, -0.001578443933943937300, 0.7675853018372703600 ) ) ;
#585 = CARTESIAN_POINT ( 'NONE',  ( -0.9279527559055117400, -1.031298199610023700, -0.1968503937007874100 ) ) ;
#586 = CARTESIAN_POINT ( 'NONE',  ( -0.1952447811012048000, 1.144378037797165300, -2.677757253989429700 ) ) ;
#587 = CARTESIAN_POINT ( 'NONE',  ( 0.1412742653159843000, 1.134251968503936900, -2.821824271759007600 ) ) ;
#588 = VERTEX_POINT ( 'NONE', #3761 ) ;
#589 = EDGE_CURVE ( 'NONE', #6618, #1129, #7972, .T. ) ;
#590 = CARTESIAN_POINT ( 'NONE',  ( -0.09510704557665268500, -0.04524858739580603400, 0.7874087613943394600 ) ) ;
#591 = CARTESIAN_POINT ( 'NONE',  ( 0.03051586097098820200, -0.1226143411448661600, 0.7677165354330708300 ) ) ;
#592 = CARTESIAN_POINT ( 'NONE',  ( 0.04991137142844057100, 0.1146122474137456100, -2.952755905511811100 ) ) ;
#593 = CARTESIAN_POINT ( 'NONE',  ( 0.7479053414235590200, -1.081314661062035700, -2.060367454068240600 ) ) ;
#594 = ORIENTED_EDGE ( 'NONE', *, *, #8278, .F. ) ;
#595 = CARTESIAN_POINT ( 'NONE',  ( -0.7310279753857676900, -0.9076672032026179600, -0.5074365704286969400 ) ) ;
#596 = DIRECTION ( 'NONE',  ( 0.0000000000000000000, 0.0000000000000000000, 1.000000000000000000 ) ) ;
#597 = CARTESIAN_POINT ( 'NONE',  ( 0.07582513742334770500, 1.153937007874015400, -2.839741288462015200 ) ) ;
#598 = CARTESIAN_POINT ( 'NONE',  ( -1.110261735596846700, -0.6910086409841889000, -0.5074365704286969400 ) ) ;
#599 = CARTESIAN_POINT ( 'NONE',  ( 0.7360189197542156300, 0.1825359026144764400, 0.06299212598425199500 ) ) ;
#600 = CARTESIAN_POINT ( 'NONE',  ( -0.1249949962596299800, 0.001118440903629921800, 0.7677165354330708300 ) ) ;
#601 = ORIENTED_EDGE ( 'NONE', *, *, #182, .T. ) ;
#602 = CARTESIAN_POINT ( 'NONE',  ( -0.8682354914878504000, -0.8410053028255472000, -0.1312335958005236600 ) ) ;
#603 = EDGE_CURVE ( 'NONE', #1475, #6802, #7890, .T. ) ;
#604 = CARTESIAN_POINT ( 'NONE',  ( -0.1249949962596299800, -0.001118440903629921800, -3.359580052493437400 ) ) ;
#605 = CARTESIAN_POINT ( 'NONE',  ( -1.023622736685190400, 1.085992159574437300, -0.1968503937007875200 ) ) ;
#606 = CARTESIAN_POINT ( 'NONE',  ( -1.110134101196096600, -0.6966426451231539900, -0.1968503937007873800 ) ) ;
#607 = CARTESIAN_POINT ( 'NONE',  ( 0.1156637036326063400, 0.06262578429423626400, 0.7677165354330708300 ) ) ;
#608 = CARTESIAN_POINT ( 'NONE',  ( 0.6927299607301727900, 1.110236281231659100, -0.1968503937007874400 ) ) ;
#609 = CARTESIAN_POINT ( 'NONE',  ( 0.9634718618594920700, -0.7306366061711417900, -2.992125984251968500 ) ) ;
#610 = APPLICATION_PROTOCOL_DEFINITION ( 'draft international standard', 'automotive_design', 1998, #4995 ) ;
#611 = CARTESIAN_POINT ( 'NONE',  ( 1.083715119910519700, 0.7440480963253939300, -2.060367454068244600 ) ) ;
#612 = CARTESIAN_POINT ( 'NONE',  ( -0.7528510366733464100, -1.018785567477366500, -0.1968503937007874100 ) ) ;
#613 = CARTESIAN_POINT ( 'NONE',  ( 0.1968497636963710300, 1.134251968503936700, -2.681102362201465400 ) ) ;
#614 = ORIENTED_EDGE ( 'NONE', *, *, #2273, .F. ) ;
#615 = CARTESIAN_POINT ( 'NONE',  ( 0.1446818157067244500, 0.0009658267581614175800, 0.05861767279090159700 ) ) ;
#616 = CARTESIAN_POINT ( 'NONE',  ( -1.022873197870755900, -0.9788933469234645200, -0.06561679790026378500 ) ) ;
#617 = CARTESIAN_POINT ( 'NONE',  ( 0.1446850393700787600, -0.1475787401574803500, -2.952755905511811100 ) ) ;
#618 = ORIENTED_EDGE ( 'NONE', *, *, #6118, .F. ) ;
#619 = CARTESIAN_POINT ( 'NONE',  ( -0.6887898905127244300, -1.110038567578169400, -2.681539807524059500 ) ) ;
#620 = CARTESIAN_POINT ( 'NONE',  ( -0.09746816833348823100, 1.112904636920386100, -2.854991320674237000 ) ) ;
#621 = CARTESIAN_POINT ( 'NONE',  ( 0.7420151437815316600, 0.9960388349955512400, -2.681539807524059500 ) ) ;
#622 = SURFACE_STYLE_FILL_AREA ( #2482 ) ;
#623 = CARTESIAN_POINT ( 'NONE',  ( -0.03059638698967323900, -0.1226012671780039400, 0.7677165354330708300 ) ) ;
#624 = CARTESIAN_POINT ( 'NONE',  ( 0.1721637620373510900, 1.153937007874015900, -2.714593124332728800 ) ) ;
#625 = ADVANCED_FACE ( 'NONE', ( #773 ), #8179, .T. ) ;
#626 = ORIENTED_EDGE ( 'NONE', *, *, #3958, .T. ) ;
#627 = CARTESIAN_POINT ( 'NONE',  ( -1.110236220472440700, 0.9291338582677164400, 0.0000000000000000000 ) ) ;
#628 = CARTESIAN_POINT ( 'NONE',  ( -0.1156637036326063400, -0.06262578429423626400, 0.2716535433070866900 ) ) ;
#629 = VERTEX_POINT ( 'NONE', #3708 ) ;
#630 = LINE ( 'NONE', #5, #7448 ) ;
#631 = CARTESIAN_POINT ( 'NONE',  ( -0.8330323139402675500, -0.8770121648875594000, -0.02187226596675591000 ) ) ;
#632 = CARTESIAN_POINT ( 'NONE',  ( -0.1468462652438054200, 1.134251968503936900, -2.617114515482259000 ) ) ;
#633 = EDGE_LOOP ( 'NONE', ( #1576, #7137, #842, #986 ) ) ;
#634 = PRESENTATION_LAYER_ASSIGNMENT (  '', '', ( #3772 ) ) ;
#635 = CARTESIAN_POINT ( 'NONE',  ( -0.07270040754172836500, 0.1062935698246890300, 0.7751574803149606800 ) ) ;
#636 = EDGE_LOOP ( 'NONE', ( #2732, #5455, #1776, #3572 ) ) ;
#637 = CARTESIAN_POINT ( 'NONE',  ( -0.7360189197542153000, -0.1825359026144757500, 0.06299212598425216200 ) ) ;
#638 = CARTESIAN_POINT ( 'NONE',  ( -1.108204637752976400, 0.7053811463581102200, -0.5074365704286969400 ) ) ;
#639 = CARTESIAN_POINT ( 'NONE',  ( -0.7618448995876850900, -1.065122253766169300, -0.5074365704286969400 ) ) ;
#640 = APPLICATION_CONTEXT ( 'automotive_design' ) ;
#641 = CARTESIAN_POINT ( 'NONE',  ( 1.065122253766169300, 0.7618448995876850900, -1.128608923884511800 ) ) ;
#642 = CARTESIAN_POINT ( 'NONE',  ( -0.7328273577879370600, -0.9609539274657166200, -1.128608923884515600 ) ) ;
#643 = CARTESIAN_POINT ( 'NONE',  ( 0.09746816833348823100, 1.134251968503936900, -2.507213403735209000 ) ) ;
#644 = CARTESIAN_POINT ( 'NONE',  ( -0.03526368610020472900, -0.1419330633355000400, 0.05861767279090159700 ) ) ;
#645 = DIRECTION ( 'NONE',  ( -0.0000000000000000000, -0.0000000000000000000, 1.000000000000000000 ) ) ;
#646 = ORIENTED_EDGE ( 'NONE', *, *, #7696, .T. ) ;
#647 = CARTESIAN_POINT ( 'NONE',  ( -0.7526187090744570500, -1.018296648772848200, -0.1968503937007874100 ) ) ;
#648 = CARTESIAN_POINT ( 'NONE',  ( 0.7589873301296449200, 1.028953050111380600, -0.1968503937007873800 ) ) ;
#649 = CARTESIAN_POINT ( 'NONE',  ( -0.7072881488253229800, -1.107445675074389500, -2.681539807524059500 ) ) ;
#650 = EDGE_CURVE ( 'NONE', #7626, #3290, #984, .T. ) ;
#651 = CARTESIAN_POINT ( 'NONE',  ( 0.1968491153113268200, 1.110236220472441000, -2.680392924890165700 ) ) ;
#652 = CARTESIAN_POINT ( 'NONE',  ( 0.7311036405941849800, 0.9272433185909526600, -2.681539807524059500 ) ) ;
#653 = LINE ( 'NONE', #4335, #3239 ) ;
#654 = CARTESIAN_POINT ( 'NONE',  ( 0.07296296742184355000, -0.1063074417167871000, 0.7675853018372705800 ) ) ;
#655 = CARTESIAN_POINT ( 'NONE',  ( -0.7738167753536416800, 0.7980368589790987100, -2.992125984251968500 ) ) ;
#656 = CARTESIAN_POINT ( 'NONE',  ( 0.1703563532143768700, 1.153937007874015700, -2.722971870145351100 ) ) ;
#657 = CARTESIAN_POINT ( 'NONE',  ( 0.1156637036326063400, -0.06262578429423626400, 0.6850393700787402700 ) ) ;
#658 = CARTESIAN_POINT ( 'NONE',  ( -0.8255996794046417400, -0.9293197551186300800, -0.02187226596675591000 ) ) ;
#659 = CARTESIAN_POINT ( 'NONE',  ( 0.6927299607301727900, 1.110236281231659100, -0.1968503937007874400 ) ) ;
#660 = CARTESIAN_POINT ( 'NONE',  ( -0.7566742686776338800, 1.025508191967480700, -2.060367454068240600 ) ) ;
#661 = CARTESIAN_POINT ( 'NONE',  ( 0.03051586097098819500, -0.1226143411448661500, -2.992125984251970300 ) ) ;
#662 = CARTESIAN_POINT ( 'NONE',  ( -0.03051586097098820200, 0.1226143411448661600, 0.5196850393700788200 ) ) ;
#663 = CARTESIAN_POINT ( 'NONE',  ( 0.8253816619105313100, -0.9129958530717085000, -0.1968503937007874100 ) ) ;
#664 = CARTESIAN_POINT ( 'NONE',  ( -0.7475810392626732700, -1.081538896983669000, -0.5074365704286969400 ) ) ;
#665 = EDGE_CURVE ( 'NONE', #7219, #7704, #3962, .T. ) ;
#666 = CARTESIAN_POINT ( 'NONE',  ( -0.7440480963253898200, -1.083715119910515700, -2.681539807524059500 ) ) ;
#667 = CARTESIAN_POINT ( 'NONE',  ( 1.108398963848258300, -0.7046512158453369600, -0.1968503937007874100 ) ) ;
#668 = CARTESIAN_POINT ( 'NONE',  ( -1.053941206384279700, -0.7642728007677244100, -1.128608923884515600 ) ) ;
#669 = CARTESIAN_POINT ( 'NONE',  ( 1.028953034820995600, 0.7589873557274848800, -0.1968503937007874400 ) ) ;
#670 = FACE_OUTER_BOUND ( 'NONE', #6436, .T. ) ;
#671 = CARTESIAN_POINT ( 'NONE',  ( -0.08401568594263388000, -0.1231026060500197600, 0.04986876640420077900 ) ) ;
#672 = CARTESIAN_POINT ( 'NONE',  ( 1.096676596295535400, -0.7252355460546456900, -0.1968503937007874100 ) ) ;
#673 = CARTESIAN_POINT ( 'NONE',  ( -0.7311023692017437600, -0.9279527559059855800, -0.1968503937007873800 ) ) ;
#674 = CARTESIAN_POINT ( 'NONE',  ( -0.04788271554519685900, 1.134251968503936900, -2.874255262171082800 ) ) ;
#675 = CARTESIAN_POINT ( 'NONE',  ( -0.1100119202808192100, -0.06176614949818110000, -2.952755905511811100 ) ) ;
#676 = ORIENTED_EDGE ( 'NONE', *, *, #8168, .T. ) ;
#677 = CARTESIAN_POINT ( 'NONE',  ( 1.036985750691334900, 0.7634200263010119100, -1.128608923884511800 ) ) ;
#678 = CARTESIAN_POINT ( 'NONE',  ( 0.7328273577879370600, 0.9609539274657166200, -2.992125984251968500 ) ) ;
#679 = CARTESIAN_POINT ( 'NONE',  ( 1.079822295072443600, -0.7500603502138080100, -2.992125984251969000 ) ) ;
#680 = CARTESIAN_POINT ( 'NONE',  ( -0.7311036405941849800, 0.9286621932200747100, -2.992125984251968500 ) ) ;
#681 = CARTESIAN_POINT ( 'NONE',  ( 0.1590280531487013000, 1.153937007874015700, -2.755264952143867700 ) ) ;
#682 = CARTESIAN_POINT ( 'NONE',  ( 0.08507418187083400100, 0.09148105287393731900, 0.1968503937007873800 ) ) ;
#683 = CARTESIAN_POINT ( 'NONE',  ( 0.0000000000000000000, -0.1261928294275669600, 0.5196850393700788200 ) ) ;
#684 = ORIENTED_EDGE ( 'NONE', *, *, #6160, .F. ) ;
#685 = CARTESIAN_POINT ( 'NONE',  ( 0.1557471456035848800, 1.134251968503936900, -2.681102362211296200 ) ) ;
#686 = CARTESIAN_POINT ( 'NONE',  ( -0.07270040754172836500, 0.1062935698246890300, -3.495188101487315200 ) ) ;
#687 = CARTESIAN_POINT ( 'NONE',  ( 1.103922769201725300, 0.7141138810663749700, -1.594488188976378700 ) ) ;
#688 = CARTESIAN_POINT ( 'NONE',  ( -1.103009155936019800, 0.7155729551865434000, -1.128608923884515600 ) ) ;
#689 = CARTESIAN_POINT ( 'NONE',  ( -0.1156637036326063400, 0.06262578429423626400, 0.6850393700787402700 ) ) ;
#690 = CARTESIAN_POINT ( 'NONE',  ( 0.06268361910126776800, -0.09133037511588978900, 0.7852143482064725100 ) ) ;
#691 = CARTESIAN_POINT ( 'NONE',  ( 1.030305832406381800, -0.9293197551186300800, -0.1968503937007874100 ) ) ;
#692 = CARTESIAN_POINT ( 'NONE',  ( -0.7475806083234705100, -1.081538273903763300, -0.1968503937007873800 ) ) ;
#693 = ADVANCED_FACE ( 'NONE', ( #573 ), #2582, .T. ) ;
#694 = ORIENTED_EDGE ( 'NONE', *, *, #7459, .F. ) ;
#695 = CARTESIAN_POINT ( 'NONE',  ( 1.083715119910519700, 0.7440480963253939300, -1.128608923884515600 ) ) ;
#696 = CARTESIAN_POINT ( 'NONE',  ( -0.7310639536100825800, -0.9382553524242599500, -0.5074365704286969400 ) ) ;
#697 = CARTESIAN_POINT ( 'NONE',  ( 1.101663991491527600, -0.7176078221647755900, -2.992125984251968500 ) ) ;
#698 = DIRECTION ( 'NONE',  ( 0.0000000000000000000, 1.000000000000000000, 0.0000000000000000000 ) ) ;
#699 = CARTESIAN_POINT ( 'NONE',  ( 1.057192564065718300, -1.057192564065766200, -0.09842519685039372000 ) ) ;
#700 = EDGE_CURVE ( 'NONE', #6031, #7219, #1620, .T. ) ;
#701 = ORIENTED_EDGE ( 'NONE', *, *, #2753, .T. ) ;
#702 = CARTESIAN_POINT ( 'NONE',  ( -0.6887898905127244300, -1.110038567578169400, -0.1968503937007874100 ) ) ;
#703 = CARTESIAN_POINT ( 'NONE',  ( -0.9457032319186168300, -1.110234704581635900, 0.0000000000000000000 ) ) ;
#704 = CARTESIAN_POINT ( 'NONE',  ( 0.9279527559055117400, 0.8246073122010001400, -0.1968503937007874100 ) ) ;
#705 = CARTESIAN_POINT ( 'NONE',  ( -0.7311023692017438700, 0.9279527559059844700, -2.992125984251968500 ) ) ;
#706 = CARTESIAN_POINT ( 'NONE',  ( 1.105962098314001900, -0.7107731193049613400, -2.992125984251968500 ) ) ;
#707 = CARTESIAN_POINT ( 'NONE',  ( 0.1718743760972575900, 1.153937007874015700, -2.716047522919666300 ) ) ;
#708 = ORIENTED_EDGE ( 'NONE', *, *, #2474, .T. ) ;
#709 = CARTESIAN_POINT ( 'NONE',  ( 0.07783692063773625700, 0.09814150913677559300, 0.1968503937007873800 ) ) ;
#710 = CARTESIAN_POINT ( 'NONE',  ( 0.1251725047065984900, -0.01871959219484252400, 0.2716535433070866900 ) ) ;
#711 = CARTESIAN_POINT ( 'NONE',  ( -0.6631499799855394800, -0.3699185312724016000, 0.06299212598425198200 ) ) ;
#712 = EDGE_CURVE ( 'NONE', #1058, #4199, #7789, .T. ) ;
#713 = CARTESIAN_POINT ( 'NONE',  ( 0.07270040754172836500, 0.1062935698246890300, -3.359580052493437400 ) ) ;
#714 = VERTEX_POINT ( 'NONE', #2853 ) ;
#715 = CARTESIAN_POINT ( 'NONE',  ( -0.7634200263010158000, 1.036985750691334900, -2.992125984251968500 ) ) ;
#716 = CARTESIAN_POINT ( 'NONE',  ( -1.101616661993956900, 0.7173146837074329000, -1.128608923884515600 ) ) ;
#717 = CARTESIAN_POINT ( 'NONE',  ( -0.1249949962596299800, -0.001118440903629921800, 0.6850393700787402700 ) ) ;
#718 = CARTESIAN_POINT ( 'NONE',  ( 0.02738416788314568300, -0.1097297430648268200, 0.7808398950131221200 ) ) ;
#719 = CARTESIAN_POINT ( 'NONE',  ( 0.9279527559055117400, -0.8246073122010001400, -0.06561679790026378500 ) ) ;
#720 = CARTESIAN_POINT ( 'NONE',  ( 1.029654069748488200, -0.7594092295902990000, -2.060367454068244600 ) ) ;
#721 = CARTESIAN_POINT ( 'NONE',  ( -1.029023522214547600, 0.7593146768515431900, -0.5074365704286969400 ) ) ;
#722 = CARTESIAN_POINT ( 'NONE',  ( -0.7366106222218031800, 1.089068901887649600, -2.681539807524063100 ) ) ;
#723 = CARTESIAN_POINT ( 'NONE',  ( -0.7155729551865474000, 1.103009155936019800, -2.060367454068240600 ) ) ;
#724 = CARTESIAN_POINT ( 'NONE',  ( 1.110236220472441000, 0.9291338582677165500, 0.0000000000000000000 ) ) ;
#725 = ORIENTED_EDGE ( 'NONE', *, *, #4357, .T. ) ;
#726 = CARTESIAN_POINT ( 'NONE',  ( 1.083913278540055400, -0.7441482841840275600, -1.128608923884515600 ) ) ;
#727 = CARTESIAN_POINT ( 'NONE',  ( -0.7311022994477605100, -0.9387425559727561300, -0.1968503937007874100 ) ) ;
#728 = CARTESIAN_POINT ( 'NONE',  ( 1.008420413410695100, -0.7467228160244971900, -2.992125984251965400 ) ) ;
#729 = CARTESIAN_POINT ( 'NONE',  ( -0.7003911346322526700, 1.109563216913673800, -0.1968503937007874100 ) ) ;
#730 = CARTESIAN_POINT ( 'NONE',  ( -0.6910086409841851300, -1.110261735596846700, -2.681539807524059500 ) ) ;
#731 = ORIENTED_EDGE ( 'NONE', *, *, #1836, .F. ) ;
#732 = ORIENTED_EDGE ( 'NONE', *, *, #5526, .T. ) ;
#733 = DIRECTION ( 'NONE',  ( 0.0000000000000000000, 0.0000000000000000000, -1.000000000000000000 ) ) ;
#734 = CARTESIAN_POINT ( 'NONE',  ( 0.7311036405941849800, 0.9272433185909526600, -0.1968503937007874100 ) ) ;
#735 = ADVANCED_FACE ( 'NONE', ( #6280 ), #2629, .T. ) ;
#736 = CARTESIAN_POINT ( 'NONE',  ( -0.1252413251807363000, -0.01834111981782283700, 0.7677165354330708300 ) ) ;
#737 = CARTESIAN_POINT ( 'NONE',  ( -0.8324966087895316900, 0.7505357138161850000, -0.5074365704286969400 ) ) ;
#738 = CARTESIAN_POINT ( 'NONE',  ( -0.5373840014121733500, 0.5370372980905274700, 0.04199475065616930400 ) ) ;
#739 = CARTESIAN_POINT ( 'NONE',  ( 0.08401568594263388000, -0.1231026060500197600, -2.992125984251963600 ) ) ;
#740 = CARTESIAN_POINT ( 'NONE',  ( 0.09743915945960528200, -0.05237030635475133800, 0.7876003937007877200 ) ) ;
#741 = CARTESIAN_POINT ( 'NONE',  ( 1.110234704581635600, 0.9457032319186168300, -0.1968503937007873000 ) ) ;
#742 = CARTESIAN_POINT ( 'NONE',  ( -0.9006284698872087900, -0.7294072714244842500, -1.128608923884515600 ) ) ;
#743 = ORIENTED_EDGE ( 'NONE', *, *, #3787, .T. ) ;
#744 = CARTESIAN_POINT ( 'NONE',  ( 0.7252355460546456900, 1.096676596295535400, -2.681539807524059500 ) ) ;
#745 = CARTESIAN_POINT ( 'NONE',  ( 0.0000000000000000000, 0.1261928294275669600, -3.156167979002622900 ) ) ;
#746 = CARTESIAN_POINT ( 'NONE',  ( -0.7634200263010119100, 1.036985750691334900, -1.128608923884511800 ) ) ;
#747 = CARTESIAN_POINT ( 'NONE',  ( 0.7475806083234700600, -1.081538273903767600, -0.1968503937007874100 ) ) ;
#748 = ORIENTED_EDGE ( 'NONE', *, *, #5231, .F. ) ;
#749 = CARTESIAN_POINT ( 'NONE',  ( 0.1120926296237047700, -0.01641554293406299200, 0.7808398950131221200 ) ) ;
#750 = CARTESIAN_POINT ( 'NONE',  ( 0.8682354914878504000, -0.8410053028255472000, -0.1968503937007874100 ) ) ;
#751 = CARTESIAN_POINT ( 'NONE',  ( 0.7311036405941849800, -0.9286621932200708200, -2.681539807524059500 ) ) ;
#752 = CARTESIAN_POINT ( 'NONE',  ( -1.025508191967476900, 0.7566742686776338800, -0.1968503937007874100 ) ) ;
#753 = CARTESIAN_POINT ( 'NONE',  ( -0.7441482841840315600, 1.083913278540059400, -2.060367454068240600 ) ) ;
#754 = CARTESIAN_POINT ( 'NONE',  ( 0.9279527559055117400, 1.031298199610023700, -0.1968503937007874100 ) ) ;
#755 = CARTESIAN_POINT ( 'NONE',  ( -0.7031063972595401600, 1.108855069386812700, -2.992125984251968500 ) ) ;
#756 = CARTESIAN_POINT ( 'NONE',  ( 1.104136452828496300, -0.7137832230396653500, -2.992125984251968500 ) ) ;
#757 = CARTESIAN_POINT ( 'NONE',  ( 0.0000000000000000000, -1.110236220472441000, 0.0000000000000000000 ) ) ;
#758 = CARTESIAN_POINT ( 'NONE',  ( -1.105682788051606500, 0.9788576969563110900, -0.02187226596675591000 ) ) ;
#759 = LINE ( 'NONE', #1912, #7374 ) ;
#760 = CARTESIAN_POINT ( 'NONE',  ( 1.108033091542948800, -0.7061733014393543100, -1.128608923884515600 ) ) ;
#761 = CARTESIAN_POINT ( 'NONE',  ( -1.081314661062031700, 0.7479053414235590200, -0.1968503937007874100 ) ) ;
#762 = CARTESIAN_POINT ( 'NONE',  ( -0.7366106222218031800, 1.089068901887649600, -0.1968503937007874100 ) ) ;
#763 = CARTESIAN_POINT ( 'NONE',  ( -1.048472305788080000, 0.7649861758560666500, -0.1968503937007874100 ) ) ;
#764 = CARTESIAN_POINT ( 'NONE',  ( -0.9006284698872049100, 0.7294072714244842500, -2.681539807524059500 ) ) ;
#765 = CARTESIAN_POINT ( 'NONE',  ( -0.7500308502709094300, 0.05856650093301969700, 0.04199475065616930400 ) ) ;
#766 = CARTESIAN_POINT ( 'NONE',  ( -0.8255908954713383500, 0.9279527559332242400, -0.1968503937007874100 ) ) ;
#767 = CARTESIAN_POINT ( 'NONE',  ( 0.1561521082549016400, 1.137382512314492300, -2.703373736603512400 ) ) ;
#768 = CARTESIAN_POINT ( 'NONE',  ( 1.022873197870755900, -0.9788933469234686300, -0.1968503937007874100 ) ) ;
#769 = FACE_OUTER_BOUND ( 'NONE', #5296, .T. ) ;
#770 = CARTESIAN_POINT ( 'NONE',  ( -0.1771653543107209200, 1.153936964125595700, -2.681102362063381200 ) ) ;
#771 = CARTESIAN_POINT ( 'NONE',  ( 1.101616661993956900, 0.7173146837074369000, -0.1968503937007874100 ) ) ;
#772 = CARTESIAN_POINT ( 'NONE',  ( -1.101616661993956900, 0.7173146837074329000, -0.1968503937007874100 ) ) ;
#773 = FACE_OUTER_BOUND ( 'NONE', #4787, .T. ) ;
#774 = CARTESIAN_POINT ( 'NONE',  ( 0.1184288968368032000, 0.001494017462385827600, 0.7742782152230984800 ) ) ;
#775 = CARTESIAN_POINT ( 'NONE',  ( 0.9876700203231734100, -0.8410053028255510800, -0.06561679790026378500 ) ) ;
#776 = ADVANCED_FACE ( 'NONE', ( #8002 ), #7973, .T. ) ;
#777 = CARTESIAN_POINT ( 'NONE',  ( 0.7173146837074329000, 1.101616661993956900, -2.681539807524059500 ) ) ;
#778 = CARTESIAN_POINT ( 'NONE',  ( 0.7618448995876850900, 1.065122253766169300, -0.1968503937007874100 ) ) ;
#779 = CARTESIAN_POINT ( 'NONE',  ( 0.9028841459682126500, 1.028348482669716500, -0.1968503937007874100 ) ) ;
#780 = CARTESIAN_POINT ( 'NONE',  ( -0.1968430982682192200, 1.110236220472443900, -2.711972795119484700 ) ) ;
#781 = CARTESIAN_POINT ( 'NONE',  ( -0.08401568594263388000, -0.1231026060500197600, -2.979002624671917700 ) ) ;
#782 = EDGE_CURVE ( 'NONE', #5818, #5184, #5478, .T. ) ;
#783 = CARTESIAN_POINT ( 'NONE',  ( -1.096632244641330800, -0.7253838148664455400, -0.1968503937007874100 ) ) ;
#784 = EDGE_LOOP ( 'NONE', ( #5916, #3861 ) ) ;
#785 = CARTESIAN_POINT ( 'NONE',  ( 1.057736748147917400, 1.056646062823173100, -0.1968503937007874100 ) ) ;
#786 = CARTESIAN_POINT ( 'NONE',  ( -0.7738167753536416800, -0.7980368589790987100, -0.1968503937007874100 ) ) ;
#787 = CARTESIAN_POINT ( 'NONE',  ( -1.030314616339725700, 0.9279527560717885100, -0.09842519685039538600 ) ) ;
#788 = CARTESIAN_POINT ( 'NONE',  ( -1.089068901887649600, 0.7366106222217992900, -2.681539807524059500 ) ) ;
#789 = VERTEX_POINT ( 'NONE', #5534 ) ;
#790 = CARTESIAN_POINT ( 'NONE',  ( 1.085992159574437700, -1.023622736685190700, -0.1968503937007880200 ) ) ;
#791 = CARTESIAN_POINT ( 'NONE',  ( 0.6631499799855394800, 0.3699185312724016000, 0.02099737532808268500 ) ) ;
#792 = CARTESIAN_POINT ( 'NONE',  ( -1.107518755139228500, -0.7073156778342670800, -0.1968503937007874100 ) ) ;
#793 = B_SPLINE_CURVE_WITH_KNOTS ( 'NONE', 3,
 ( #6496, #876, #899, #6660, #5405, #3457 ),
 .UNSPECIFIED., .F., .F.,
 ( 4, 1, 1, 4 ),
 ( 1.100507930944614200E-010, 6.406102205063191800E-005, 0.0002228452370982193100, 0.0002868508449863852800 ),
 .UNSPECIFIED. ) ;
#794 = CARTESIAN_POINT ( 'NONE',  ( -0.1126849525755905800, 1.134251968503936900, -2.791588827992374200 ) ) ;
#795 = CARTESIAN_POINT ( 'NONE',  ( 1.030523849900492500, -0.9429096587393148700, -0.1312335958005236600 ) ) ;
#796 = VERTEX_POINT ( 'NONE', #2926 ) ;
#797 = CARTESIAN_POINT ( 'NONE',  ( 0.7479053414235590200, 1.081314661062031700, -2.681539807524059500 ) ) ;
#798 = CARTESIAN_POINT ( 'NONE',  ( 0.07270040754172836500, 0.1062935698246890300, -3.020559930008748200 ) ) ;
#799 = CARTESIAN_POINT ( 'NONE',  ( -0.7141138414599829100, -1.103922707985718800, -2.992125984251968500 ) ) ;
#800 = CARTESIAN_POINT ( 'NONE',  ( -0.02738416788314568300, -0.1097297430648268200, 0.7808398950131221200 ) ) ;
#801 = CARTESIAN_POINT ( 'NONE',  ( 0.03526368610020472900, 0.1419330633355000400, -2.965879265091863300 ) ) ;
#802 = CARTESIAN_POINT ( 'NONE',  ( 0.9634718618594920700, -0.7306366061711417900, -1.128608923884515600 ) ) ;
#803 = CARTESIAN_POINT ( 'NONE',  ( -0.1249949962596299800, -0.001118440903629921800, 0.1062992125984252000 ) ) ;
#804 = CARTESIAN_POINT ( 'NONE',  ( -0.7366106222218031800, 1.089068901887649600, -1.128608923884515600 ) ) ;
#805 = CARTESIAN_POINT ( 'NONE',  ( -0.7173146837074369000, 1.101616661993956900, -2.992125984251968500 ) ) ;
#806 = VERTEX_POINT ( 'NONE', #1104 ) ;
#807 = CARTESIAN_POINT ( 'NONE',  ( 0.03526368610020472900, -0.1419330633355000400, -2.957130358705161400 ) ) ;
#808 = CARTESIAN_POINT ( 'NONE',  ( 1.085874585383008100, -1.023890032031122200, -0.1968503937007874100 ) ) ;
#809 = EDGE_CURVE ( 'NONE', #7351, #1521, #2857, .T. ) ;
#810 = CARTESIAN_POINT ( 'NONE',  ( -1.105682788051606500, 0.9788576969563070900, -0.1749781277340354800 ) ) ;
#811 = CARTESIAN_POINT ( 'NONE',  ( -0.7173146837074329000, -1.101616661993956900, -2.992125984251968500 ) ) ;
#812 = CARTESIAN_POINT ( 'NONE',  ( 1.023890032031122200, 1.085874585383008100, -0.02187226596675591000 ) ) ;
#813 = ORIENTED_EDGE ( 'NONE', *, *, #4577, .F. ) ;
#814 = CARTESIAN_POINT ( 'NONE',  ( 1.101616661993956900, -0.7173146837074329000, -2.681539807524059500 ) ) ;
#815 = CARTESIAN_POINT ( 'NONE',  ( -1.083913278540055400, 0.7441482841840275600, -2.060367454068244600 ) ) ;
#816 = ADVANCED_FACE ( 'NONE', ( #4469 ), #5374, .T. ) ;
#817 = CARTESIAN_POINT ( 'NONE',  ( -1.110318066288362500, -0.9451014140148467100, -0.1749781277340315400 ) ) ;
#818 = CARTESIAN_POINT ( 'NONE',  ( -1.008932729790676900, 0.7469057087232008300, -1.128608923884515600 ) ) ;
#819 = CARTESIAN_POINT ( 'NONE',  ( -0.3702728364785276000, 0.6629341840565985400, 0.04199475065616930400 ) ) ;
#820 = CARTESIAN_POINT ( 'NONE',  ( -1.057499546894264100, -0.7636744025022772500, -2.992125984251968500 ) ) ;
#821 = B_SPLINE_CURVE_WITH_KNOTS ( 'NONE', 3,
 ( #2252, #1540, #3522, #6028, #4193, #2193, #6667, #7945, #6724, #2221, #6695, #381, #4851, #5469, #4797, #1626, #6752, #2887, #2860, #958, #5496, #7354, #2914, #7323, #3493, #7406, #8065, #3548, #7977, #1012, #8005, #4141, #2386, #5521, #4956, #7432, #6861, #6245, #7463, #8114, #3627, #5630, #4252, #4876, #8142, #1792, #1736, #1703, #5575, #8171, #436, #4308, #1145, #1093, #3576, #1678, #5601, #7541, #3682, #8090, #2335, #6191, #4904 ),
 .UNSPECIFIED., .F., .F.,
 ( 4, 1, 1, 2, 2, 1, 1, 2, 2, 1, 2, 2, 2, 1, 1, 1, 1, 2, 2, 2, 1, 1, 1, 1, 2, 2, 2, 2, 1, 1, 2, 2, 1, 1, 2, 2, 1, 1, 2, 2, 4 ),
 ( 0.0000000000000000000, 0.03125000000002205900, 0.04687500000003151600, 0.05468750000003624900, 0.06250000000004098100, 0.09375000000005398500, 0.1093750000000590600, 0.1171875000000602200, 0.1250000000000613400, 0.1562500000000631200, 0.1718750000000640300, 0.1875000000000649500, 0.2500000000000662800, 0.3125000000000676100, 0.3437500000000682800, 0.3593750000000692800, 0.3671875000000691700, 0.3710937500000691700, 0.3750000000000691100, 0.5000000000000558400, 0.5625000000000491800, 0.5937500000000456300, 0.6093750000000437400, 0.6171875000000428500, 0.6210937500000424100, 0.6250000000000419700, 0.6875000000000373000, 0.7500000000000326400, 0.7812500000000314200, 0.7968750000000297500, 0.8046875000000276400, 0.8125000000000256500, 0.8437500000000224300, 0.8593750000000207600, 0.8671875000000199800, 0.8750000000000191000, 0.9062500000000188700, 0.9218750000000173200, 0.9296875000000165400, 0.9375000000000157700, 1.000000000000000000 ),
 .UNSPECIFIED. ) ;
#822 = CARTESIAN_POINT ( 'NONE',  ( 0.1249949962596299800, 0.001118440903629921800, 0.02362204724409449500 ) ) ;
#823 = CARTESIAN_POINT ( 'NONE',  ( 0.8682354914878504000, -1.014900208985476400, 0.0000000000000000000 ) ) ;
#824 = ORIENTED_EDGE ( 'NONE', *, *, #3370, .T. ) ;
#825 = SHAPE_DEFINITION_REPRESENTATION ( #1036, #7094 ) ;
#826 = CARTESIAN_POINT ( 'NONE',  ( -0.08968624851009841800, -0.7465127032399607700, 0.05599300087488978000 ) ) ;
#827 = EDGE_CURVE ( 'NONE', #2612, #1475, #3489, .T. ) ;
#828 = CARTESIAN_POINT ( 'NONE',  ( 0.1251725047065984900, 0.01871959219484252400, -3.156167979002626500 ) ) ;
#829 = CARTESIAN_POINT ( 'NONE',  ( 0.09695706626264676000, 0.07913749704354419700, 0.7678567690648103700 ) ) ;
#830 = CARTESIAN_POINT ( 'NONE',  ( 0.1337290113004449000, 0.07273870726820080800, 0.02799650043744489000 ) ) ;
#831 = ORIENTED_EDGE ( 'NONE', *, *, #8135, .F. ) ;
#832 = ORIENTED_EDGE ( 'NONE', *, *, #8012, .T. ) ;
#833 = CARTESIAN_POINT ( 'NONE',  ( 1.022873197870755900, 0.8770121648875594000, -0.06561679790026378500 ) ) ;
#834 = CARTESIAN_POINT ( 'NONE',  ( -0.1448347163264528100, 0.02193883921625590700, -2.979002624671917700 ) ) ;
#835 = CARTESIAN_POINT ( 'NONE',  ( 0.9006284698872087900, 0.7294072714244842500, -2.681539807524059500 ) ) ;
#836 = CARTESIAN_POINT ( 'NONE',  ( 1.028953034820992100, -0.7589873557274842100, -0.1968503937007874400 ) ) ;
#837 = FACE_OUTER_BOUND ( 'NONE', #3478, .T. ) ;
#838 = CARTESIAN_POINT ( 'NONE',  ( 0.7642728007677205300, 1.053941206384275700, -2.681539807524059500 ) ) ;
#839 = CARTESIAN_POINT ( 'NONE',  ( 0.1337290113004449000, -0.07273870726820080800, -2.992125984251968500 ) ) ;
#840 = ORIENTED_EDGE ( 'NONE', *, *, #2753, .F. ) ;
#841 = CARTESIAN_POINT ( 'NONE',  ( 0.03793485271320473600, 1.110236220472441000, -2.528313008702472300 ) ) ;
#842 = ORIENTED_EDGE ( 'NONE', *, *, #3787, .F. ) ;
#843 = CARTESIAN_POINT ( 'NONE',  ( -0.1053153823888160600, 0.01077841893030767400, 0.7874015748031488700 ) ) ;
#844 = CARTESIAN_POINT ( 'NONE',  ( -0.9279527559055117400, -1.031298199610023700, 0.0000000000000000000 ) ) ;
#845 = CARTESIAN_POINT ( 'NONE',  ( -1.079822295072442500, 0.7500603502138089000, -0.1968503937007874100 ) ) ;
#846 = CARTESIAN_POINT ( 'NONE',  ( 1.081538896983668800, 0.7475810392626737200, -1.128608923884515600 ) ) ;
#847 = ORIENTED_EDGE ( 'NONE', *, *, #1191, .F. ) ;
#848 = CARTESIAN_POINT ( 'NONE',  ( -1.110233970439106400, -0.9282311026850591500, -0.02187226596675591000 ) ) ;
#849 = CARTESIAN_POINT ( 'NONE',  ( -1.029654069748488200, 0.7594092295902990000, -1.128608923884515600 ) ) ;
#850 = CARTESIAN_POINT ( 'NONE',  ( 0.2142136135413897600, 0.7237849185444172900, 0.02099737532808268500 ) ) ;
#851 = CARTESIAN_POINT ( 'NONE',  ( 0.1334499306789621600, -0.07302144007819005900, -2.992125984251963600 ) ) ;
#852 = CARTESIAN_POINT ( 'NONE',  ( 0.1251725047065984900, -0.01871959219484252400, 0.02362204724409449500 ) ) ;
#853 = LINE ( 'NONE', #237, #3348 ) ;
#854 = CARTESIAN_POINT ( 'NONE',  ( 0.7500308502709094300, -0.05856650093302363100, 0.02099737532808268500 ) ) ;
#855 = CARTESIAN_POINT ( 'NONE',  ( 0.7023879734236379000, -1.109088367905878100, -2.681539807524059500 ) ) ;
#856 = B_SPLINE_CURVE_WITH_KNOTS ( 'NONE', 3,
 ( #1778, #6902, #4373, #8212, #3037, #4321 ),
 .UNSPECIFIED., .F., .F.,
 ( 4, 1, 1, 4 ),
 ( 0.0000000000000000000, 0.2887644307317086000, 0.7100258073629914800, 1.000000000000000000 ),
 .UNSPECIFIED. ) ;
#857 = CARTESIAN_POINT ( 'NONE',  ( -0.1557467472621555100, 1.137382512314492300, -2.681102362826003100 ) ) ;
#858 = CARTESIAN_POINT ( 'NONE',  ( -1.053941206384275700, 0.7642728007677205300, -1.128608923884515600 ) ) ;
#859 = CARTESIAN_POINT ( 'NONE',  ( 0.03006101713858661700, -0.1204560131591378400, 0.7699037620297480800 ) ) ;
#860 = CARTESIAN_POINT ( 'NONE',  ( -0.1446818157067244500, -0.0009658267581614175800, -2.992125984251968500 ) ) ;
#861 = CARTESIAN_POINT ( 'NONE',  ( 0.7311036405941849800, 0.9286621932200708200, -0.1968503937007874100 ) ) ;
#862 = ADVANCED_FACE ( 'NONE', ( #5671 ), #2530, .T. ) ;
#863 = EDGE_CURVE ( 'NONE', #8259, #5246, #2275, .T. ) ;
#864 = CARTESIAN_POINT ( 'NONE',  ( 0.7119148290572637800, 1.105448062055279800, -2.992125984251968500 ) ) ;
#865 = VECTOR ( 'NONE', #4253, 39.37007874015748100 ) ;
#866 = CARTESIAN_POINT ( 'NONE',  ( 1.081609771494819000, 0.7479077349249685400, -0.1968503937007874100 ) ) ;
#867 = LINE ( 'NONE', #2423, #4671 ) ;
#868 = CARTESIAN_POINT ( 'NONE',  ( -0.1446818157067244500, 0.0009658267581614175800, -2.965879265091866800 ) ) ;
#869 = CARTESIAN_POINT ( 'NONE',  ( 0.0000000000000000000, 1.131583552055992000, -2.482403221636720700 ) ) ;
#870 = CARTESIAN_POINT ( 'NONE',  ( -0.7173146837074329000, -1.101616661993956900, -1.128608923884515600 ) ) ;
#871 = CARTESIAN_POINT ( 'NONE',  ( 1.023890032031122200, 1.085874585383008100, 0.0000000000000000000 ) ) ;
#872 = DIRECTION ( 'NONE',  ( 0.0000000000000000000, 0.0000000000000000000, 1.000000000000000000 ) ) ;
#873 = FACE_OUTER_BOUND ( 'NONE', #5517, .T. ) ;
#874 = CARTESIAN_POINT ( 'NONE',  ( 1.081538896983672300, 0.7475810392626737200, -2.681539807524059500 ) ) ;
#875 = CARTESIAN_POINT ( 'NONE',  ( -1.066889654611260100, -1.047580032597574800, -0.02187226596675591000 ) ) ;
#876 = CARTESIAN_POINT ( 'NONE',  ( 0.6936092895046411800, -1.110236408271177300, -0.1968503937007874100 ) ) ;
#877 = CARTESIAN_POINT ( 'NONE',  ( -1.008420413410695100, 0.7467228160244970800, -2.992125984251966700 ) ) ;
#878 = EDGE_CURVE ( 'NONE', #336, #7913, #2074, .T. ) ;
#879 = CARTESIAN_POINT ( 'NONE',  ( 0.1725924962842008400, 1.153988124042724300, -2.678145353192944900 ) ) ;
#880 = CARTESIAN_POINT ( 'NONE',  ( 0.8255996794046417400, -0.9265857566923937400, 0.0000000000000000000 ) ) ;
#881 = ORIENTED_EDGE ( 'NONE', *, *, #5368, .F. ) ;
#882 = CARTESIAN_POINT ( 'NONE',  ( -0.7499998966439960200, 0.0003937435670787403000, 0.04199475065616930400 ) ) ;
#883 = CARTESIAN_POINT ( 'NONE',  ( 0.7061733014393583000, -1.108033091542948800, -2.992125984251968500 ) ) ;
#884 = CARTESIAN_POINT ( 'NONE',  ( 1.109486903909763700, 0.7003745554811732200, -0.1968503937007874100 ) ) ;
#885 = CARTESIAN_POINT ( 'NONE',  ( -0.1771653543107209200, 1.153936964125595700, -2.681102362063381200 ) ) ;
#886 = CARTESIAN_POINT ( 'NONE',  ( 0.9279527559055117400, 0.8246073122010001400, -0.02187226596675591000 ) ) ;
#887 = CARTESIAN_POINT ( 'NONE',  ( 1.081314661062031700, 0.7479053414235590200, -1.128608923884515600 ) ) ;
#888 = CARTESIAN_POINT ( 'NONE',  ( -0.7440480963253939300, 1.083715119910519700, -0.1968503937007874100 ) ) ;
#889 = ORIENTED_EDGE ( 'NONE', *, *, #6596, .T. ) ;
#890 = CARTESIAN_POINT ( 'NONE',  ( 1.103922769201725500, -0.7141138810663711900, -1.594488188976379300 ) ) ;
#891 = CARTESIAN_POINT ( 'NONE',  ( 1.038329624928467700, -0.7636032586122494200, -2.992125984251968500 ) ) ;
#892 = CARTESIAN_POINT ( 'NONE',  ( -0.1969610430417243800, 1.131583552055992000, -2.650754968625445200 ) ) ;
#893 = CARTESIAN_POINT ( 'NONE',  ( -0.7061733014393543100, -1.108033091542948800, -2.060367454068240600 ) ) ;
#894 = VERTEX_POINT ( 'NONE', #3421 ) ;
#895 = CARTESIAN_POINT ( 'NONE',  ( 1.057736748147917400, 1.056646062823173100, -0.06561679790026378500 ) ) ;
#896 = CARTESIAN_POINT ( 'NONE',  ( 0.0000000000000000000, 0.1460610273873661200, 0.06299212598425198200 ) ) ;
#897 = CARTESIAN_POINT ( 'NONE',  ( -0.9876700203231734100, 0.8410053028255510800, 0.0000000000000000000 ) ) ;
#898 = CARTESIAN_POINT ( 'NONE',  ( -1.022873197870755900, 0.8770121648875594000, -0.06561679790026378500 ) ) ;
#899 = CARTESIAN_POINT ( 'NONE',  ( 0.6966426451231539900, -1.110134101196096600, -0.1968503937007874100 ) ) ;
#900 = CARTESIAN_POINT ( 'NONE',  ( -0.1438889093088228900, 1.131583552055992000, -2.759511447624264100 ) ) ;
#901 = ORIENTED_EDGE ( 'NONE', *, *, #3150, .F. ) ;
#902 = CARTESIAN_POINT ( 'NONE',  ( -0.1757441378990236600, 1.153934119375358300, -2.678091356449996000 ) ) ;
#903 = CARTESIAN_POINT ( 'NONE',  ( -1.049803909796291500, -0.7651677351667085500, -0.1968503937007874100 ) ) ;
#904 = B_SPLINE_CURVE_WITH_KNOTS ( 'NONE', 3,
 ( #7935, #4735, #2243, #4763, #6021, #3404 ),
 .UNSPECIFIED., .F., .F.,
 ( 4, 1, 1, 4 ),
 ( 0.0000000000000000000, 0.001198132416101047300, 0.002418024191698388500, 0.003616193483199537000 ),
 .UNSPECIFIED. ) ;
#905 = CARTESIAN_POINT ( 'NONE',  ( -0.7499998966439960200, 0.0003937435670787403000, 0.006999125109362205200 ) ) ;
#906 = EDGE_LOOP ( 'NONE', ( #483, #6735 ) ) ;
#907 = CARTESIAN_POINT ( 'NONE',  ( 1.101616661993956900, 0.7173146837074369000, -2.060367454068240600 ) ) ;
#908 = CARTESIAN_POINT ( 'NONE',  ( -0.1337290113004449000, 0.07273870726820080800, 0.02362204724409449500 ) ) ;
#909 = CARTESIAN_POINT ( 'NONE',  ( 0.8330323139402675500, 0.8770121648875555100, -0.1968503937007874100 ) ) ;
#910 = CARTESIAN_POINT ( 'NONE',  ( 0.03526368610020472900, 0.1419330633355000400, -2.992125984251968500 ) ) ;
#911 = CARTESIAN_POINT ( 'NONE',  ( -0.1412742653159843000, 1.110236220472441400, -2.540380452650441400 ) ) ;
#912 = CARTESIAN_POINT ( 'NONE',  ( 0.7173146837074329000, 1.101616661993956900, -0.5074365704286969400 ) ) ;
#913 = CARTESIAN_POINT ( 'NONE',  ( 0.7038785125588545900, -1.108626020972166600, -2.992125984251968500 ) ) ;
#914 = ORIENTED_EDGE ( 'NONE', *, *, #7519, .T. ) ;
#915 = CARTESIAN_POINT ( 'NONE',  ( 1.023622736685185600, -1.085992159574439500, 0.0000000000000000000 ) ) ;
#916 = EDGE_CURVE ( 'NONE', #7840, #1714, #4676, .T. ) ;
#917 = CARTESIAN_POINT ( 'NONE',  ( 0.0000000000000000000, 1.126246719160106400, -2.482403221636720700 ) ) ;
#918 = CARTESIAN_POINT ( 'NONE',  ( 1.036985750691334900, -0.7634200263010119100, -2.992125984251968500 ) ) ;
#919 = CARTESIAN_POINT ( 'NONE',  ( 0.9282311026850591500, -1.110233970439102400, -0.06561679790026378500 ) ) ;
#920 = CARTESIAN_POINT ( 'NONE',  ( 0.7639149224034330600, 1.057272500430996200, -2.060367454068244600 ) ) ;
#921 = ORIENTED_EDGE ( 'NONE', *, *, #2050, .T. ) ;
#922 = CARTESIAN_POINT ( 'NONE',  ( -0.7500603502138086800, 1.079822295072447000, -2.992125984251968500 ) ) ;
#923 = CARTESIAN_POINT ( 'NONE',  ( -1.030523849900492500, 0.9129958530717085000, -0.1968503937007874100 ) ) ;
#924 = CARTESIAN_POINT ( 'NONE',  ( 1.109374590528771500, 0.7016296763940630400, -2.992125984251968500 ) ) ;
#925 = CARTESIAN_POINT ( 'NONE',  ( -0.1674237170943898000, 1.153934119375358300, -2.609409000992542800 ) ) ;
#926 = CARTESIAN_POINT ( 'NONE',  ( 0.09038153715239767600, 1.118241469816271700, -2.813647702036685700 ) ) ;
#927 = CARTESIAN_POINT ( 'NONE',  ( 0.0000000000000000000, 1.153988124042724300, -2.855372156226417200 ) ) ;
#928 = CARTESIAN_POINT ( 'NONE',  ( -0.7253838148714952800, 1.096632244637951300, -2.992125984251968500 ) ) ;
#929 = ORIENTED_EDGE ( 'NONE', *, *, #5499, .T. ) ;
#930 = ORIENTED_EDGE ( 'NONE', *, *, #6718, .T. ) ;
#931 = CARTESIAN_POINT ( 'NONE',  ( 0.7360730235907874100, -0.1823967744873268300, 0.006999125109362205200 ) ) ;
#932 = CARTESIAN_POINT ( 'NONE',  ( 1.056646062823173100, 1.057736748147917400, -0.1312335958005236600 ) ) ;
#933 = CARTESIAN_POINT ( 'NONE',  ( 1.105448062055279800, 0.7119148290572677700, -1.128608923884515600 ) ) ;
#934 = CARTESIAN_POINT ( 'NONE',  ( -0.7141138414599870200, 1.103922707985718600, -0.1968503937007874100 ) ) ;
#935 = CARTESIAN_POINT ( 'NONE',  ( 0.6910086409841889000, -1.110261735596846700, -2.060367454068240600 ) ) ;
#936 = EDGE_LOOP ( 'NONE', ( #1419, #3681, #7495, #3598 ) ) ;
#937 = CARTESIAN_POINT ( 'NONE',  ( 0.9530213658428109400, 0.8275570291413073500, -0.1968503937007874100 ) ) ;
#938 = CARTESIAN_POINT ( 'NONE',  ( 1.096676596295535400, 0.7252355460546456900, -1.128608923884515600 ) ) ;
#939 = CARTESIAN_POINT ( 'NONE',  ( 0.7141138414599829100, 1.103922707985719000, -0.1968503937007873800 ) ) ;
#940 = CARTESIAN_POINT ( 'NONE',  ( 0.7023879734236339000, 1.109088367905878100, -2.060367454068244600 ) ) ;
#941 = CARTESIAN_POINT ( 'NONE',  ( 0.1074936339709881800, -0.001356065711472441300, 0.7852143482064725100 ) ) ;
#942 = CARTESIAN_POINT ( 'NONE',  ( 1.030314616339685500, 0.9279527559332242400, -0.1968503937007874100 ) ) ;
#943 = CARTESIAN_POINT ( 'NONE',  ( 0.1412742653159843000, 1.131583552055992000, -2.540380452650441400 ) ) ;
#944 = CARTESIAN_POINT ( 'NONE',  ( -1.109088367905878100, -0.7023879734236379000, -2.060367454068244600 ) ) ;
#945 = FACE_OUTER_BOUND ( 'NONE', #6210, .T. ) ;
#946 = CARTESIAN_POINT ( 'NONE',  ( 0.1664217845600472800, 1.153934119375358300, -2.609838043617692400 ) ) ;
#947 = CARTESIAN_POINT ( 'NONE',  ( 0.7311023692017438700, -0.9279527559058763400, -0.1968503937007873800 ) ) ;
#948 = CARTESIAN_POINT ( 'NONE',  ( 0.7566742686776338800, 1.025508191967476900, -0.5074365704286969400 ) ) ;
#949 = CARTESIAN_POINT ( 'NONE',  ( -0.7475806083234709500, 1.081538273903767300, -2.992125984251968500 ) ) ;
#950 = CARTESIAN_POINT ( 'NONE',  ( -1.030305832406381800, 0.9293197551186300800, -0.1968503937007874100 ) ) ;
#951 = CARTESIAN_POINT ( 'NONE',  ( -0.1279368723736102900, 1.153934119375358300, -2.555661542029523700 ) ) ;
#952 = VECTOR ( 'NONE', #173, 39.37007874015748100 ) ;
#953 = CARTESIAN_POINT ( 'NONE',  ( 0.1558869637127283900, 1.126246719160106400, -2.704836293623897900 ) ) ;
#954 = CARTESIAN_POINT ( 'NONE',  ( -0.6936092895046412900, 1.110236408271179300, -0.1968503937007874400 ) ) ;
#955 = B_SPLINE_CURVE_WITH_KNOTS ( 'NONE', 3,
 ( #6366, #2453, #637, #5019, #5693, #2566, #2538, #1915, #3082, #1181, #1834, #6311, #2480, #6954, #3110, #6342, #6981 ),
 .UNSPECIFIED., .F., .F.,
 ( 4, 1, 1, 1, 1, 1, 1, 1, 1, 1, 1, 1, 1, 1, 4 ),
 ( 1.917487426185811400E-017, 0.005003486358824868000, 0.01001813427968135400, 0.01503278220053773500, 0.02004743012139412500, 0.02506207804225051700, 0.02756940200267881200, 0.03007672596310699900, 0.03258404992353519000, 0.03509137388396338400, 0.04010602180481976500, 0.04512066972567626400, 0.05013531764653263900, 0.05514996556738903400, 0.06015345192621388000 ),
 .UNSPECIFIED. ) ;
#956 = CARTESIAN_POINT ( 'NONE',  ( -0.7499998966439960200, 0.0003937435670787403000, -0.0000000000000000000 ) ) ;
#957 = CARTESIAN_POINT ( 'NONE',  ( -0.7589873301296459200, 1.028953050111384400, -0.1968503937007873800 ) ) ;
#958 = CARTESIAN_POINT ( 'NONE',  ( 0.1325953721598229500, 1.153937007874015700, -2.565606686954262600 ) ) ;
#959 = CARTESIAN_POINT ( 'NONE',  ( -1.081609771494815000, 0.7479077349249685400, -2.681539807524059500 ) ) ;
#960 = CARTESIAN_POINT ( 'NONE',  ( -0.7328273577879370600, 0.9609539274657166200, -2.060367454068244600 ) ) ;
#961 = LINE ( 'NONE', #5726, #7284 ) ;
#962 = CARTESIAN_POINT ( 'NONE',  ( 0.1251725047065984900, -0.01871959219484252400, -3.562992125984252300 ) ) ;
#963 = CARTESIAN_POINT ( 'NONE',  ( 0.0000000000000000000, 0.1460610273873661500, -2.957130358705161400 ) ) ;
#964 = CARTESIAN_POINT ( 'NONE',  ( 1.022481225836626000, -0.9792942676342765200, 0.0000000000000000000 ) ) ;
#965 = EDGE_CURVE ( 'NONE', #3987, #4615, #3362, .T. ) ;
#966 = CARTESIAN_POINT ( 'NONE',  ( -0.1446848777822630200, -2.121839655771912600E-011, -2.992125984251968500 ) ) ;
#967 = CARTESIAN_POINT ( 'NONE',  ( 0.1021954485392205200, 0.03342651441906299700, 0.7874015748031496500 ) ) ;
#968 = CARTESIAN_POINT ( 'NONE',  ( -0.03793485271320473600, 1.134251968503936900, -2.528313008702476300 ) ) ;
#969 = VECTOR ( 'NONE', #7782, 39.37007874015748100 ) ;
#970 = CARTESIAN_POINT ( 'NONE',  ( -0.1968491153113268200, 1.131583552055992000, -2.681811799519282900 ) ) ;
#971 = CARTESIAN_POINT ( 'NONE',  ( 1.060986002430181200, -0.7627446526210077700, -2.681539807524059500 ) ) ;
#972 = CARTESIAN_POINT ( 'NONE',  ( 1.110318066288362500, -0.9451014140148467100, -0.1312335958005236600 ) ) ;
#973 = CARTESIAN_POINT ( 'NONE',  ( 0.1762263516454016200, 1.153934119375358300, -2.655967875707622800 ) ) ;
#974 = CARTESIAN_POINT ( 'NONE',  ( -1.074917021823726100, 0.7556667672796141300, -0.1968503937007874100 ) ) ;
#975 = B_SPLINE_CURVE_WITH_KNOTS ( 'NONE', 3,
 ( #8147, #4284, #964, #5449, #8042, #4170, #361, #5475, #4855, #1016, #1149 ),
 .UNSPECIFIED., .F., .F.,
 ( 4, 1, 1, 1, 1, 1, 1, 1, 4 ),
 ( 0.0000000000000000000, 0.001330758891399344600, 0.002699622018097619400, 0.003384053581446706900, 0.004068485144795895000, 0.004752916708144981300, 0.005437348271494168100, 0.006806211398192344100, 0.008136970289590716300 ),
 .UNSPECIFIED. ) ;
#976 = CARTESIAN_POINT ( 'NONE',  ( 0.7639149224034330600, 1.057272500430996200, -2.992125984251968500 ) ) ;
#977 = CARTESIAN_POINT ( 'NONE',  ( -1.030523849900492500, 0.9429096587393148700, -0.02187226596675591000 ) ) ;
#978 = ORIENTED_EDGE ( 'NONE', *, *, #1932, .T. ) ;
#979 = CARTESIAN_POINT ( 'NONE',  ( -0.8253816619105313100, 0.9129958530717085000, -0.06561679790026378500 ) ) ;
#980 = DIRECTION ( 'NONE',  ( 0.0000000000000000000, 0.0000000000000000000, 1.000000000000000000 ) ) ;
#981 = CARTESIAN_POINT ( 'NONE',  ( 0.1558869637127283900, 1.110236220472441000, -2.704836293623897900 ) ) ;
#982 = EDGE_CURVE ( 'NONE', #4066, #336, #6774, .T. ) ;
#983 = CARTESIAN_POINT ( 'NONE',  ( -1.036985750691334900, -0.7634200263010158000, -2.060367454068240600 ) ) ;
#984 = B_SPLINE_CURVE_WITH_KNOTS ( 'NONE', 3,
 ( #6913, #1873, #3849, #6408, #4479, #1936, #1279, #3181, #7682, #43, #5770, #3822, #13 ),
 .UNSPECIFIED., .F., .F.,
 ( 4, 1, 1, 1, 1, 1, 1, 1, 1, 1, 4 ),
 ( 0.0000000000000000000, 0.1626697796505781100, 0.2470023347379226000, 0.3313348898252642700, 0.4156674449126087600, 0.4999999999999529800, 0.5843325550872972000, 0.6686651101746422500, 0.7529976652619833100, 0.8373302203493280200, 1.000000000000000000 ),
 .UNSPECIFIED. ) ;
#985 = CARTESIAN_POINT ( 'NONE',  ( 0.09960955673231625100, -0.03419934318925653400, 0.7874035288275087500 ) ) ;
#986 = ORIENTED_EDGE ( 'NONE', *, *, #1868, .T. ) ;
#987 = CARTESIAN_POINT ( 'NONE',  ( 1.105682788051606500, 0.9788576969563110900, 0.0000000000000000000 ) ) ;
#988 = CARTESIAN_POINT ( 'NONE',  ( 1.105448062055279800, 0.7119148290572716600, -2.060367454068244600 ) ) ;
#989 = CARTESIAN_POINT ( 'NONE',  ( -1.081609771494815000, 0.7479077349249685400, -2.060367454068240600 ) ) ;
#990 = CARTESIAN_POINT ( 'NONE',  ( -0.7310639536100825800, 0.9382553524242599500, -0.5074365704286969400 ) ) ;
#991 = CARTESIAN_POINT ( 'NONE',  ( 0.03051586097098820200, -0.1226143411448661600, -3.495188101487315200 ) ) ;
#992 = ORIENTED_EDGE ( 'NONE', *, *, #3370, .F. ) ;
#993 = CARTESIAN_POINT ( 'NONE',  ( 0.1054475531048543300, 0.009846175651228349400, 0.7874015748031496500 ) ) ;
#994 = CARTESIAN_POINT ( 'NONE',  ( 0.7053811463581102200, 1.108204637752976400, -0.5074365704286969400 ) ) ;
#995 = CARTESIAN_POINT ( 'NONE',  ( 1.025508191967476900, -0.7566742686776338800, -1.128608923884515600 ) ) ;
#996 = CARTESIAN_POINT ( 'NONE',  ( 0.1436294212754955200, 1.110236220472441000, -2.602430738939964800 ) ) ;
#997 = CARTESIAN_POINT ( 'NONE',  ( 0.04239965498682285400, 1.153988124042724300, -2.511788473786693600 ) ) ;
#998 = EDGE_LOOP ( 'NONE', ( #2531, #3590, #6923, #6294, #5343, #6641, #684, #1726, #6992, #3106, #2025, #6243, #6903, #3166, #5408, #8301 ) ) ;
#999 = CARTESIAN_POINT ( 'NONE',  ( 0.9028841459682126500, 0.8275570291413073500, 0.0000000000000000000 ) ) ;
#1000 = CARTESIAN_POINT ( 'NONE',  ( 0.7627446526210077700, 1.060986002430181200, -0.1968503937007874100 ) ) ;
#1001 = CARTESIAN_POINT ( 'NONE',  ( -0.8253816619105313100, 0.9429096587393148700, -0.1749781277340354800 ) ) ;
#1002 = CARTESIAN_POINT ( 'NONE',  ( -1.030523849900492500, 0.9129958530717085000, -0.1312335958005236600 ) ) ;
#1003 = CARTESIAN_POINT ( 'NONE',  ( 0.04590827698367324500, 1.152548769262433000, -2.497777547672779300 ) ) ;
#1004 = CARTESIAN_POINT ( 'NONE',  ( 0.0000000000000000000, 1.153934119375358300, -2.859622765976756100 ) ) ;
#1005 = ADVANCED_FACE ( 'NONE', ( #2572, #5281 ), #3951, .T. ) ;
#1006 = ORIENTED_EDGE ( 'NONE', *, *, #8168, .F. ) ;
#1007 = B_SPLINE_CURVE_WITH_KNOTS ( 'NONE', 3,
 ( #608, #5722, #1860, #8237, #5053, #5757 ),
 .UNSPECIFIED., .F., .F.,
 ( 4, 1, 1, 4 ),
 ( 1.100507965550947000E-010, 6.406102205058528400E-005, 0.0002228452370980719100, 0.0002868508449861972800 ),
 .UNSPECIFIED. ) ;
#1008 = CARTESIAN_POINT ( 'NONE',  ( -0.1337290113004449000, -0.07273870726820080800, 0.02799650043744489000 ) ) ;
#1009 = EDGE_CURVE ( 'NONE', #3303, #7743, #4793, .T. ) ;
#1010 = CARTESIAN_POINT ( 'NONE',  ( -0.3702728364785316000, -0.6629341840565985400, -0.0000000000000000000 ) ) ;
#1011 = CARTESIAN_POINT ( 'NONE',  ( 0.9279527559055117400, 1.031298199610023700, 0.0000000000000000000 ) ) ;
#1012 = CARTESIAN_POINT ( 'NONE',  ( 0.02222083509832359700, 1.153937007874015700, -2.505671149422441100 ) ) ;
#1013 = CARTESIAN_POINT ( 'NONE',  ( -0.03526368610020472900, -0.1419330633355000400, -2.952755905511811100 ) ) ;
#1014 = ORIENTED_EDGE ( 'NONE', *, *, #2964, .F. ) ;
#1015 = CARTESIAN_POINT ( 'NONE',  ( 0.1156637036326063400, -0.06262578429423626400, -3.562992125984252300 ) ) ;
#1016 = CARTESIAN_POINT ( 'NONE',  ( 0.8255986020877250600, -0.9439099249037916600, 0.0000000000000000000 ) ) ;
#1017 = FACE_OUTER_BOUND ( 'NONE', #2823, .T. ) ;
#1018 = CARTESIAN_POINT ( 'NONE',  ( 0.05314208445024803900, 0.09344859078009057400, 0.7852143482064725100 ) ) ;
#1019 = CARTESIAN_POINT ( 'NONE',  ( 0.0000000000000000000, 1.134251968503936900, -2.523875521887012100 ) ) ;
#1020 = ORIENTED_EDGE ( 'NONE', *, *, #404, .F. ) ;
#1021 = ORIENTED_EDGE ( 'NONE', *, *, #1288, .T. ) ;
#1022 = CARTESIAN_POINT ( 'NONE',  ( 0.1412742653159843000, 1.118241469816271700, -2.540380452650441400 ) ) ;
#1023 = CARTESIAN_POINT ( 'NONE',  ( 1.105962098314001900, 0.7107731193049654500, -0.1968503937007874100 ) ) ;
#1024 = B_SPLINE_CURVE_WITH_KNOTS ( 'NONE', 3,
 ( #3771, #2057, #82, #1344, #160, #747 ),
 .UNSPECIFIED., .F., .F.,
 ( 4, 1, 1, 4 ),
 ( 0.0000000000000000000, 0.3333333333333349200, 0.6666666666666650800, 1.000000000000000000 ),
 .UNSPECIFIED. ) ;
#1025 = CARTESIAN_POINT ( 'NONE',  ( -1.096676596295535400, -0.7252355460546456900, -1.128608923884511800 ) ) ;
#1026 = CARTESIAN_POINT ( 'NONE',  ( 0.08627883544765749300, 1.153988124042724300, -2.529026384593866500 ) ) ;
#1027 = CARTESIAN_POINT ( 'NONE',  ( 0.8255986020877250600, 0.9119955869072315900, 0.0000000000000000000 ) ) ;
#1028 = EDGE_CURVE ( 'NONE', #3221, #2579, #1161, .T. ) ;
#1029 = CARTESIAN_POINT ( 'NONE',  ( 1.022873197870755900, 0.9788933469234645200, -0.1749781277340315400 ) ) ;
#1030 = B_SPLINE_CURVE_WITH_KNOTS ( 'NONE', 3,
 ( #4981, #5550, #4924, #6213, #2968, #6858 ),
 .UNSPECIFIED., .F., .F.,
 ( 4, 1, 1, 4 ),
 ( 0.0000000000000000000, 0.3333333333333301500, 0.6666666666666651900, 1.000000000000000000 ),
 .UNSPECIFIED. ) ;
#1031 = VERTEX_POINT ( 'NONE', #4723 ) ;
#1032 = CARTESIAN_POINT ( 'NONE',  ( -0.7038785125588509200, -1.108626020972167000, -2.992125984251969400 ) ) ;
#1033 = ORIENTED_EDGE ( 'NONE', *, *, #827, .F. ) ;
#1034 = CARTESIAN_POINT ( 'NONE',  ( 0.1973615553878662100, 1.134251968503936900, -2.652953442916394300 ) ) ;
#1035 = CARTESIAN_POINT ( 'NONE',  ( -0.1279368723736102900, 1.153934119375358300, -2.806543182379924900 ) ) ;
#1036 = PRODUCT_DEFINITION_SHAPE ( 'NONE', 'NONE',  #4661 ) ;
#1037 = CARTESIAN_POINT ( 'NONE',  ( 0.09738331327455483600, -0.04028762669839424500, 0.7874079163998787300 ) ) ;
#1038 = CARTESIAN_POINT ( 'NONE',  ( 0.7107731193049319200, 1.105962098314015300, -0.1968503937007874100 ) ) ;
#1039 = CARTESIAN_POINT ( 'NONE',  ( 1.110318066288362500, 0.9451014140148467100, -0.06561679790026378500 ) ) ;
#1040 = DIRECTION ( 'NONE',  ( -0.0000000000000000000, -0.0000000000000000000, 1.000000000000000000 ) ) ;
#1041 = CARTESIAN_POINT ( 'NONE',  ( -0.7311036405941849800, 0.9272433185909526600, -2.681539807524059500 ) ) ;
#1042 = CARTESIAN_POINT ( 'NONE',  ( 0.08507316324146847700, 0.09147995529392859100, 0.7677149411578697600 ) ) ;
#1043 = CARTESIAN_POINT ( 'NONE',  ( -0.7479077349249685400, 1.081609771494819000, -1.128608923884515600 ) ) ;
#1044 = LINE ( 'NONE', #4907, #1537 ) ;
#1045 = ADVANCED_FACE ( 'NONE', ( #176 ), #5204, .T. ) ;
#1046 = CARTESIAN_POINT ( 'NONE',  ( -0.1446849424173934900, -1.060921562636110400E-011, -2.952755905511810700 ) ) ;
#1047 = CARTESIAN_POINT ( 'NONE',  ( 0.09038153715239767600, 1.134251968503936900, -2.548557022372763800 ) ) ;
#1048 = CARTESIAN_POINT ( 'NONE',  ( 0.1969610430417243800, 1.110236220472441000, -2.650754968625445200 ) ) ;
#1049 = CARTESIAN_POINT ( 'NONE',  ( -0.7016296763940630400, 1.109374590528771500, -0.1968503937007874100 ) ) ;
#1050 = LINE ( 'NONE', #2895, #7473 ) ;
#1051 = CARTESIAN_POINT ( 'NONE',  ( -1.104136452828496300, -0.7137832230396693500, -0.1968503937007874100 ) ) ;
#1052 = CARTESIAN_POINT ( 'NONE',  ( 0.0000000000000000000, 1.152548769262433000, -2.513820721574562700 ) ) ;
#1053 = CARTESIAN_POINT ( 'NONE',  ( 0.8253816619105313100, 0.9429096587393148700, -0.1312335958005236600 ) ) ;
#1054 = FACE_OUTER_BOUND ( 'NONE', #2909, .T. ) ;
#1055 = CARTESIAN_POINT ( 'NONE',  ( -0.1118677391173149800, -0.001411246411838583300, 0.7808398950131221200 ) ) ;
#1056 = CARTESIAN_POINT ( 'NONE',  ( 0.08995876299005514700, 1.153988124042724300, -2.522540105825228400 ) ) ;
#1057 = CARTESIAN_POINT ( 'NONE',  ( 0.08995876299005514700, 1.153988124042724300, -2.839664618584220700 ) ) ;
#1058 = VERTEX_POINT ( 'NONE', #1407 ) ;
#1059 = CARTESIAN_POINT ( 'NONE',  ( 0.07567446039012572200, -0.07314735099841400400, 0.7873325530140764500 ) ) ;
#1060 = CARTESIAN_POINT ( 'NONE',  ( -0.1969610430417243800, 1.134251968503936900, -2.711449755784003800 ) ) ;
#1062 = CARTESIAN_POINT ( 'NONE',  ( 1.030314616339712100, 0.9279527560440757900, 0.0000000000000000000 ) ) ;
#1061 = CARTESIAN_POINT ( 'NONE',  ( 0.7073156778342630800, 1.107518755139228300, -2.992125984251968500 ) ) ;
#1063 = CARTESIAN_POINT ( 'NONE',  ( -1.029654069748492400, -0.7594092295902990000, -2.992125984251968500 ) ) ;
#1064 = CARTESIAN_POINT ( 'NONE',  ( 0.1446774418275553800, -0.02265127235021589800, -2.952755905511811100 ) ) ;
#1065 = CARTESIAN_POINT ( 'NONE',  ( 0.7440480963253939300, -1.083715119910519700, -0.5074365704286969400 ) ) ;
#1066 = CARTESIAN_POINT ( 'NONE',  ( 1.030523849900492500, 0.9129958530717085000, 0.0000000000000000000 ) ) ;
#1067 = CARTESIAN_POINT ( 'NONE',  ( -0.1334499306789621300, -0.07302144007819007200, -2.992125984251963200 ) ) ;
#1068 = ORIENTED_EDGE ( 'NONE', *, *, #1009, .F. ) ;
#1069 = EDGE_CURVE ( 'NONE', #3812, #4591, #7479, .T. ) ;
#1070 = CARTESIAN_POINT ( 'NONE',  ( -0.9530213658428109400, -0.8275570291413073500, -0.1968503937007874100 ) ) ;
#1071 = CARTESIAN_POINT ( 'NONE',  ( 0.09038153715239767600, 1.126246719160106400, -2.548557022372763800 ) ) ;
#1072 = CARTESIAN_POINT ( 'NONE',  ( 0.0000000000000000000, 1.112904636920386100, -2.482403221636720700 ) ) ;
#1073 = CARTESIAN_POINT ( 'NONE',  ( -1.103009155936019800, -0.7155729551865474000, -2.681539807524059500 ) ) ;
#1074 = CARTESIAN_POINT ( 'NONE',  ( -0.7053811463581142200, 1.108204637752976400, -0.5074365704286969400 ) ) ;
#1075 = ORIENTED_EDGE ( 'NONE', *, *, #4503, .F. ) ;
#1076 = CARTESIAN_POINT ( 'NONE',  ( -1.081314661062035700, -0.7479053414235590200, -0.1968503937007874100 ) ) ;
#1077 = B_SPLINE_CURVE_WITH_KNOTS ( 'NONE', 3,
 ( #7398, #6103, #5489, #3456, #3541, #4762 ),
 .UNSPECIFIED., .F., .F.,
 ( 4, 1, 1, 4 ),
 ( 0.0000000000000000000, 6.400984714163582800E-005, 0.0002228045788693000700, 0.0002868697337853301100 ),
 .UNSPECIFIED. ) ;
#1078 = CARTESIAN_POINT ( 'NONE',  ( 1.081538273903767300, 0.7475806083234701700, -0.1968503937007873800 ) ) ;
#1079 = CARTESIAN_POINT ( 'NONE',  ( 0.8255996794046417400, 0.9265857566923937400, -0.1312335958005236600 ) ) ;
#1080 = CARTESIAN_POINT ( 'NONE',  ( 1.065122253766169300, -0.7618448995876850900, -2.681539807524059500 ) ) ;
#1081 = B_SPLINE_CURVE_WITH_KNOTS ( 'NONE', 3,
 ( #7707, #3096, #5149, #8251, #3848, #6380, #3128, #7651, #42, #2523, #6995 ),
 .UNSPECIFIED., .F., .F.,
 ( 4, 1, 1, 1, 1, 1, 1, 1, 4 ),
 ( 0.0000000000000000000, 0.1653140960924540700, 0.3326570480016796700, 0.4163285239562882800, 0.4999999999109054300, 0.5836714758655140400, 0.6673429518201308100, 0.8346859037293561400, 1.000000000000000000 ),
 .UNSPECIFIED. ) ;
#1082 = CARTESIAN_POINT ( 'NONE',  ( -0.8330323139402675500, 0.8770121648875594000, -0.02187226596675591000 ) ) ;
#1083 = CARTESIAN_POINT ( 'NONE',  ( 0.1868747311076299500, 1.152548769262433000, -2.684304067237421400 ) ) ;
#1084 = CARTESIAN_POINT ( 'NONE',  ( 0.1769619551007717300, 1.152548769262433000, -2.756880140813594300 ) ) ;
#1085 = ORIENTED_EDGE ( 'NONE', *, *, #6965, .T. ) ;
#1086 = EDGE_CURVE ( 'NONE', #2421, #4709, #2365, .T. ) ;
#1087 = ADVANCED_FACE ( 'NONE', ( #3258 ), #2446, .T. ) ;
#1088 = B_SPLINE_CURVE_WITH_KNOTS ( 'NONE', 3,
 ( #8242, #7612, #8216, #5646, #1269, #1185 ),
 .UNSPECIFIED., .F., .F.,
 ( 4, 1, 1, 4 ),
 ( 0.0000000000000000000, 0.2899741926369972500, 0.7112355692682724700, 1.000000000000000000 ),
 .UNSPECIFIED. ) ;
#1089 = CARTESIAN_POINT ( 'NONE',  ( -0.1448347163264528100, -0.02193883921625590700, 0.02799650043744489000 ) ) ;
#1091 = CARTESIAN_POINT ( 'NONE',  ( 0.7566742686776338800, -1.025508191967476900, -1.128608923884515600 ) ) ;
#1090 = CARTESIAN_POINT ( 'NONE',  ( 0.6927299607301760100, -1.110236281231658400, -2.992125984251968500 ) ) ;
#1092 = ORIENTED_EDGE ( 'NONE', *, *, #2839, .F. ) ;
#1093 = CARTESIAN_POINT ( 'NONE',  ( -0.1625365740479836900, 1.153937007874015400, -2.615112112665134400 ) ) ;
#1094 = CARTESIAN_POINT ( 'NONE',  ( -1.081538273903767600, -0.7475806083234708400, -2.992125984251968500 ) ) ;
#1095 = CARTESIAN_POINT ( 'NONE',  ( 1.081314661062035700, 0.7479053414235590200, -2.681539807524059500 ) ) ;
#1096 = CARTESIAN_POINT ( 'NONE',  ( -0.1156637036326063400, -0.06262578429423626400, -3.020559930008748200 ) ) ;
#1097 = CARTESIAN_POINT ( 'NONE',  ( -0.9282311026850591500, -1.110233970439102400, -0.1312335958005236600 ) ) ;
#1098 = ORIENTED_EDGE ( 'NONE', *, *, #1546, .T. ) ;
#1099 = CARTESIAN_POINT ( 'NONE',  ( -1.030314616339698800, -0.9279527558500861900, 0.0000000000000000000 ) ) ;
#1100 = CARTESIAN_POINT ( 'NONE',  ( 0.1558869637127283900, 1.118241469816271700, -2.657368430785547200 ) ) ;
#1101 = STYLED_ITEM ( 'NONE', ( #4458 ), #6217 ) ;
#1102 = CARTESIAN_POINT ( 'NONE',  ( 0.9291338582677165500, -1.110236220472441000, 0.0000000000000000000 ) ) ;
#1103 = CARTESIAN_POINT ( 'NONE',  ( 1.110038567578173200, -0.6887898905127244300, -1.128608923884515600 ) ) ;
#1104 = CARTESIAN_POINT ( 'NONE',  ( -1.103922707984717400, -0.7141138414615357800, -2.992125984251968500 ) ) ;
#1105 = CARTESIAN_POINT ( 'NONE',  ( -1.104136452828496300, -0.7137832230396693500, -0.5074365704286969400 ) ) ;
#1106 = CARTESIAN_POINT ( 'NONE',  ( -0.9279527559055117400, 0.8246073122010001400, -0.1968503937007874100 ) ) ;
#1107 = CARTESIAN_POINT ( 'NONE',  ( 0.9279527559055117400, 1.031298199610023700, -0.1968503937007874100 ) ) ;
#1108 = CARTESIAN_POINT ( 'NONE',  ( 1.083715119910515700, -0.7440480963253898200, -0.1968503937007874100 ) ) ;
#1109 = ORIENTED_EDGE ( 'NONE', *, *, #1722, .F. ) ;
#1110 = CARTESIAN_POINT ( 'NONE',  ( -0.09839089722041734200, 1.137382512314492300, -2.507677537852731800 ) ) ;
#1111 = CARTESIAN_POINT ( 'NONE',  ( -1.089170987909407800, 0.7365395562714427400, -0.1968503937007874100 ) ) ;
#1112 = EDGE_LOOP ( 'NONE', ( #2742, #6016 ) ) ;
#1113 = CARTESIAN_POINT ( 'NONE',  ( -0.07006745429458986800, -0.07853821741692983100, 0.7873446592709346700 ) ) ;
#1114 = EDGE_CURVE ( 'NONE', #3395, #3912, #455, .T. ) ;
#1115 = CARTESIAN_POINT ( 'NONE',  ( -0.09746816833348823100, 1.134251968503936900, -2.854991320674237000 ) ) ;
#1116 = DIRECTION ( 'NONE',  ( -0.0000000000000000000, -0.0000000000000000000, 1.000000000000000000 ) ) ;
#1117 = FACE_BOUND ( 'NONE', #1824, .T. ) ;
#1118 = CARTESIAN_POINT ( 'NONE',  ( -0.8324966087895316900, -0.7505357138161811200, -2.992125984251968500 ) ) ;
#1119 = CARTESIAN_POINT ( 'NONE',  ( -1.066258947909223300, -0.7611279201994743900, -2.992125984251968500 ) ) ;
#1120 = CARTESIAN_POINT ( 'NONE',  ( 0.05997130148413446600, 1.153937007874015700, -2.845948555324425000 ) ) ;
#1121 = VERTEX_POINT ( 'NONE', #3254 ) ;
#1122 = CARTESIAN_POINT ( 'NONE',  ( 0.1249949962596299800, 0.001118440903629921800, -2.952755905511811100 ) ) ;
#1123 = CARTESIAN_POINT ( 'NONE',  ( -0.9282311026850591500, -1.110233970439102400, 0.0000000000000000000 ) ) ;
#1124 = VERTEX_POINT ( 'NONE', #8323 ) ;
#1125 = ADVANCED_FACE ( 'NONE', ( #6269 ), #2418, .T. ) ;
#1126 = CARTESIAN_POINT ( 'NONE',  ( 0.1446774418275553800, 0.02265127235021587000, -2.952755905511811100 ) ) ;
#1127 = CARTESIAN_POINT ( 'NONE',  ( 0.1557450946406299700, 1.112904636920386100, -2.681999419654519800 ) ) ;
#1128 = CARTESIAN_POINT ( 'NONE',  ( 1.109374590528771500, -0.7016296763940590400, -0.5074365704286969400 ) ) ;
#1129 = VERTEX_POINT ( 'NONE', #433 ) ;
#1130 = CARTESIAN_POINT ( 'NONE',  ( 0.07270040754172836500, 0.1062935698246890300, -2.992125984251969000 ) ) ;
#1131 = CARTESIAN_POINT ( 'NONE',  ( 0.9291338582658959000, -1.110236200018592800, -0.1968503937007874400 ) ) ;
#1132 = CARTESIAN_POINT ( 'NONE',  ( 0.6927299607301760100, -1.110236281231658400, -2.992125984251968500 ) ) ;
#1133 = EDGE_CURVE ( 'NONE', #510, #7033, #2267, .T. ) ;
#1134 = CARTESIAN_POINT ( 'NONE',  ( 1.028953034820995600, 0.7589873557274848800, -0.1968503937007874400 ) ) ;
#1135 = UNCERTAINTY_MEASURE_WITH_UNIT (LENGTH_MEASURE( 1.000000000000000100E-005 ), #3113, 'distance_accuracy_value', 'NONE');
#1136 = CARTESIAN_POINT ( 'NONE',  ( -0.06318082508887010200, 0.08522362730575593100, 0.7874015748031496500 ) ) ;
#1137 = CARTESIAN_POINT ( 'NONE',  ( -0.9530213658428109400, -1.028348482669716500, 0.0000000000000000000 ) ) ;
#1138 = VECTOR ( 'NONE', #319, 39.37007874015748100 ) ;
#1139 = CARTESIAN_POINT ( 'NONE',  ( -0.8330323139402675500, 0.9788933469234645200, -0.1968503937007874100 ) ) ;
#1140 = CARTESIAN_POINT ( 'NONE',  ( -0.05322706630297331700, -0.09097593906899768800, 0.7874012442416025200 ) ) ;
#1141 = CARTESIAN_POINT ( 'NONE',  ( 0.1853889004854055700, 1.118241469816275500, -2.763028651652787500 ) ) ;
#1142 = CARTESIAN_POINT ( 'NONE',  ( 0.1249966011057287300, 0.007943374271187601500, -2.952755905511811600 ) ) ;
#1143 = DIRECTION ( 'NONE',  ( -0.0000000000000000000, -0.0000000000000000000, -1.000000000000000000 ) ) ;
#1144 = FACE_OUTER_BOUND ( 'NONE', #7546, .T. ) ;
#1145 = CARTESIAN_POINT ( 'NONE',  ( -0.1619540688917689200, 1.153937007874015900, -2.613688078221523700 ) ) ;
#1146 = CARTESIAN_POINT ( 'NONE',  ( 1.030314616339685500, -0.9279527558777991300, -0.1968503937007875200 ) ) ;
#1147 = CARTESIAN_POINT ( 'NONE',  ( -0.1650498317492746200, 1.153937007874016100, -2.740496591169429200 ) ) ;
#1148 = CARTESIAN_POINT ( 'NONE',  ( 0.1156637036326063400, -0.06262578429423626400, -3.359580052493437400 ) ) ;
#1149 = CARTESIAN_POINT ( 'NONE',  ( 0.8255908954713249100, -0.9279527558500859600, 0.0000000000000000000 ) ) ;
#1150 = CARTESIAN_POINT ( 'NONE',  ( 0.03526368610020472900, 0.1419330633355000400, -2.952755905511811100 ) ) ;
#1151 = CARTESIAN_POINT ( 'NONE',  ( -0.03793485271320473600, 1.126246719160106400, -2.528313008702472300 ) ) ;
#1152 = FACE_OUTER_BOUND ( 'NONE', #6734, .T. ) ;
#1153 = PLANE ( 'NONE',  #7442 ) ;
#1154 = CARTESIAN_POINT ( 'NONE',  ( 1.109374590528771500, -0.7016296763940590400, -2.681539807524063100 ) ) ;
#1155 = CARTESIAN_POINT ( 'NONE',  ( -0.07270040754172836500, 0.1062935698246890300, 0.7701968503937007800 ) ) ;
#1156 = CARTESIAN_POINT ( 'NONE',  ( 0.7311022994477606200, 0.9387425559727565800, -0.1968503937007874100 ) ) ;
#1157 = CARTESIAN_POINT ( 'NONE',  ( 1.079822295072447600, 0.7500603502138075700, -0.1968503937007874100 ) ) ;
#1158 = CARTESIAN_POINT ( 'NONE',  ( 0.9632357407194321900, 0.7306319871982826000, -0.1968503937007874100 ) ) ;
#1159 = CARTESIAN_POINT ( 'NONE',  ( -0.1249998257359469900, 3.561179818401826700E-011, 0.7677165422678051700 ) ) ;
#1160 = CARTESIAN_POINT ( 'NONE',  ( -0.9282311026850591500, 1.110233970439102400, -0.1749781277340354800 ) ) ;
#1161 = LINE ( 'NONE', #7895, #5776 ) ;
#1162 = CARTESIAN_POINT ( 'NONE',  ( -0.1252887749351746800, 0.01169885169276630100, 0.7675853018372703600 ) ) ;
#1163 = CARTESIAN_POINT ( 'NONE',  ( -0.8330323139402675500, -0.9788933469234686300, -0.1749781277340315400 ) ) ;
#1164 = CARTESIAN_POINT ( 'NONE',  ( -0.1973615553878662100, 1.137382512314492300, -2.709251281493056100 ) ) ;
#1165 = CARTESIAN_POINT ( 'NONE',  ( -1.030305832406381800, 0.9265857566923937400, -0.06561679790026378500 ) ) ;
#1166 = CARTESIAN_POINT ( 'NONE',  ( 0.02684097779330674500, -0.1018431186939472700, 0.7874007667803093500 ) ) ;
#1167 = EDGE_LOOP ( 'NONE', ( #8161, #2232, #1212, #1400 ) ) ;
#1168 = CARTESIAN_POINT ( 'NONE',  ( -0.7636744025022760300, -1.057499546894259400, -0.1968503937007874100 ) ) ;
#1169 = CARTESIAN_POINT ( 'NONE',  ( -1.057272500430996200, 0.7639149224034330600, -2.681539807524059500 ) ) ;
#1170 = CARTESIAN_POINT ( 'NONE',  ( 0.7441482841840275600, -1.083913278540059400, -0.1968503937007874100 ) ) ;
#1171 = CARTESIAN_POINT ( 'NONE',  ( 1.081538896983668300, -0.7475810392626737200, -1.128608923884515400 ) ) ;
#1172 = CARTESIAN_POINT ( 'NONE',  ( -0.7366106222217992900, -1.089068901887649600, -1.128608923884511800 ) ) ;
#1173 = CARTESIAN_POINT ( 'NONE',  ( 1.109563216913673100, -0.7003911346322485600, -0.1968503937007874100 ) ) ;
#1174 = CARTESIAN_POINT ( 'NONE',  ( -1.023890032031122200, -1.085874585383008100, 0.0000000000000000000 ) ) ;
#1175 = VERTEX_POINT ( 'NONE', #1090 ) ;
#1176 = DIRECTION ( 'NONE',  ( 0.0000000000000000000, 0.0000000000000000000, -1.000000000000000000 ) ) ;
#1177 = CARTESIAN_POINT ( 'NONE',  ( 0.09038153715239767600, 1.118241469816271700, -2.548557022372763800 ) ) ;
#1178 = CARTESIAN_POINT ( 'NONE',  ( -0.8255908954713383500, -0.9279527558777989100, -0.1968503937007874100 ) ) ;
#1179 = CARTESIAN_POINT ( 'NONE',  ( 0.7360189197542153000, -0.1825359026144757500, 0.0000000000000000000 ) ) ;
#1180 = CARTESIAN_POINT ( 'NONE',  ( 0.1075022107546803500, -4.340160139201823500E-013, 0.7852143482064725100 ) ) ;
#1181 = CARTESIAN_POINT ( 'NONE',  ( 0.08968624851009841800, -0.7465127032399607700, 0.06299212598425216200 ) ) ;
#1182 = CARTESIAN_POINT ( 'NONE',  ( -0.1754327174310114100, 1.153936964634294500, -2.681102362344685500 ) ) ;
#1183 = ORIENTED_EDGE ( 'NONE', *, *, #4008, .T. ) ;
#1184 = CARTESIAN_POINT ( 'NONE',  ( 0.7738167753536416800, 0.7980368589790987100, -0.1968503937007874100 ) ) ;
#1185 = CARTESIAN_POINT ( 'NONE',  ( -1.081538273903767600, -0.7475806083234700600, -0.1968503937007874400 ) ) ;
#1186 = CARTESIAN_POINT ( 'NONE',  ( -0.9876700203231734100, -1.014900208985476400, -0.06561679790026378500 ) ) ;
#1187 = DIRECTION ( 'NONE',  ( -1.000000000000000000, 0.0000000000000000000, 0.0000000000000000000 ) ) ;
#1188 = CARTESIAN_POINT ( 'NONE',  ( -0.9530213658428109400, 1.028348482669716500, -0.02187226596675591000 ) ) ;
#1189 = VERTEX_POINT ( 'NONE', #4901 ) ;
#1190 = CARTESIAN_POINT ( 'NONE',  ( 0.02806626152825288100, -0.1015124921787714700, 0.7874005103404871900 ) ) ;
#1191 = EDGE_CURVE ( 'NONE', #1189, #894, #4300, .T. ) ;
#1192 = CARTESIAN_POINT ( 'NONE',  ( 0.7016296763940630400, -1.109374590528771500, -0.5074365704286969400 ) ) ;
#1193 = CARTESIAN_POINT ( 'NONE',  ( 1.036985750691338700, 0.7634200263010158000, -2.060367454068244600 ) ) ;
#1194 = CARTESIAN_POINT ( 'NONE',  ( 0.7420151437815316600, 0.9960388349955512400, -1.128608923884511800 ) ) ;
#1195 = DIRECTION ( 'NONE',  ( 0.0000000000000000000, 0.0000000000000000000, 1.000000000000000000 ) ) ;
#1196 = CARTESIAN_POINT ( 'NONE',  ( -1.029654069748492400, -0.7594092295902990000, -0.1968503937007874100 ) ) ;
#1197 = CARTESIAN_POINT ( 'NONE',  ( 1.101663991491527600, 0.7176078221647795900, -2.681539807524059500 ) ) ;
#1198 = ORIENTED_EDGE ( 'NONE', *, *, #4196, .F. ) ;
#1199 = DIRECTION ( 'NONE',  ( 1.000000000000000000, 0.0000000000000000000, 0.0000000000000000000 ) ) ;
#1200 = CARTESIAN_POINT ( 'NONE',  ( 0.7360189197542151800, 0.1825359026144763300, 0.0000000000000000000 ) ) ;
#1201 = CARTESIAN_POINT ( 'NONE',  ( -1.022873197870755900, -0.8770121648875594000, -0.02187226596675591000 ) ) ;
#1202 = EDGE_LOOP ( 'NONE', ( #4177, #524, #6145, #6332 ) ) ;
#1203 = CARTESIAN_POINT ( 'NONE',  ( -1.110236281231658400, -0.6927299607301763400, -0.1968503937007874400 ) ) ;
#1204 = CARTESIAN_POINT ( 'NONE',  ( -0.03051586097098819500, -0.1226143411448661500, -2.992125984251970300 ) ) ;
#1205 = CARTESIAN_POINT ( 'NONE',  ( -0.1249949962596299800, -0.001118440903629921800, 0.7751574803149606800 ) ) ;
#1206 = CARTESIAN_POINT ( 'NONE',  ( 0.0000000000000000000, -1.110236220472441200, -0.1968503937007874700 ) ) ;
#1207 = CARTESIAN_POINT ( 'NONE',  ( 1.029654069748488200, -0.7594092295902990000, -2.992125984251968500 ) ) ;
#1208 = APPLICATION_PROTOCOL_DEFINITION ( 'draft international standard', 'automotive_design', 1998, #640 ) ;
#1209 = CARTESIAN_POINT ( 'NONE',  ( 1.104400432191222400, -0.7133756011909196900, -0.1968503937007874100 ) ) ;
#1210 = CARTESIAN_POINT ( 'NONE',  ( -1.065122253766173300, -0.7618448995876850900, -0.5074365704286969400 ) ) ;
#1211 = CARTESIAN_POINT ( 'NONE',  ( -1.105962098314002200, 0.7107731193049642300, -2.992125984251971600 ) ) ;
#1212 = ORIENTED_EDGE ( 'NONE', *, *, #3262, .T. ) ;
#1213 = CARTESIAN_POINT ( 'NONE',  ( 0.0000000000000000000, -0.1460610273873661500, 0.06299212598425198200 ) ) ;
#1214 = ORIENTED_EDGE ( 'NONE', *, *, #5146, .T. ) ;
#1215 = CARTESIAN_POINT ( 'NONE',  ( -1.030523849900492500, -0.9429096587393148700, -0.1312335958005236600 ) ) ;
#1216 = CARTESIAN_POINT ( 'NONE',  ( -0.7107731193049348100, -1.105962098314015500, -0.1968503937007874100 ) ) ;
#1217 = VECTOR ( 'NONE', #1176, 39.37007874015748100 ) ;
#1218 = B_SPLINE_SURFACE_WITH_KNOTS ( 'NONE', 3, 3, ( 
 ( #2834, #4281, #6275, #7513, #1118, #516, #4220, #1764, #1063 ),
 ( #3022, #2412, #490, #6803, #2357, #6890, #6833, #3048, #3655 ),
 ( #4982, #2441, #2970, #2996, #7489, #408, #6914, #6164, #466 ),
 ( #4927, #2697, #6942, #3762, #5245, #742, #5655, #6357, #1395 ),
 ( #8283, #595, #5069, #5006, #3098, #2673, #3271, #5890, #8253 ),
 ( #4388, #3735, #126, #5864, #3300, #103, #7595, #2024, #1196 ) ),
 .UNSPECIFIED., .F., .F., .F.,
 ( 4, 1, 1, 4 ),
 ( 4, 1, 1, 1, 1, 1, 4 ),
 ( 0.0000000000000000000, 4.733333333333361800, 9.466666666666713000, 14.20000000000006000 ),
 ( -0.002000000000000000500, 0.1754318896949600400, 0.3528637793899101500, 0.5302956690848701400, 0.7077275587798200800, 0.8851594484747802300, 1.062591338169729800 ),
 .UNSPECIFIED. ) ;
#1219 = CARTESIAN_POINT ( 'NONE',  ( -0.09576983077390478800, -0.04383853601836852600, 0.7874093834301376700 ) ) ;
#1220 = ORIENTED_EDGE ( 'NONE', *, *, #4181, .F. ) ;
#1221 = EDGE_CURVE ( 'NONE', #132, #2329, #5540, .T. ) ;
#1222 = EDGE_LOOP ( 'NONE', ( #5953, #2113, #5803, #1785 ) ) ;
#1223 = CARTESIAN_POINT ( 'NONE',  ( 0.1412742653159843000, 1.110236220472441000, -2.821824271759007600 ) ) ;
#1224 = CARTESIAN_POINT ( 'NONE',  ( 0.08212902792002094200, 0.09444219903129631700, -2.952755905511810700 ) ) ;
#1225 = CARTESIAN_POINT ( 'NONE',  ( 0.7366106222218031800, -1.089068901887649600, -0.1968503937007874100 ) ) ;
#1226 = CARTESIAN_POINT ( 'NONE',  ( 1.081538896983668300, -0.7475810392626737200, -2.060367454068244600 ) ) ;
#1227 = CARTESIAN_POINT ( 'NONE',  ( 1.104400432191188200, -0.7133756011909762100, -2.992125984251968500 ) ) ;
#1228 = CARTESIAN_POINT ( 'NONE',  ( 0.1408048411693208500, 1.153937007874015700, -2.785803229770948100 ) ) ;
#1229 = CARTESIAN_POINT ( 'NONE',  ( 0.07270040754172836500, -0.1062935698246890300, 0.1062992125984252000 ) ) ;
#1230 = CARTESIAN_POINT ( 'NONE',  ( -0.9279527559055117400, -0.8246073122010001400, 0.0000000000000000000 ) ) ;
#1231 = CARTESIAN_POINT ( 'NONE',  ( -0.1126849525755905800, 1.134251968503936900, -2.570615896417070900 ) ) ;
#1232 = DIRECTION ( 'NONE',  ( 0.0000000000000000000, 0.0000000000000000000, -1.000000000000000000 ) ) ;
#1233 = CARTESIAN_POINT ( 'NONE',  ( -0.7253838148663596100, 1.096632244641386500, -0.1968503937007874100 ) ) ;
#1234 = CARTESIAN_POINT ( 'NONE',  ( 0.1228128002823024000, -4.974450423949518700E-013, 0.7699037620297480800 ) ) ;
#1235 = FACE_OUTER_BOUND ( 'NONE', #8120, .T. ) ;
#1236 = CARTESIAN_POINT ( 'NONE',  ( -1.109563216913672700, -0.7003911346322554400, -2.992125984251976500 ) ) ;
#1237 = CARTESIAN_POINT ( 'NONE',  ( 0.8324966087895275800, -0.7505357138161850000, -2.992125984251968500 ) ) ;
#1238 = EDGE_CURVE ( 'NONE', #7149, #5398, #1760, .T. ) ;
#1239 = CARTESIAN_POINT ( 'NONE',  ( -0.7420151437815316600, -0.9960388349955512400, -2.681539807524059500 ) ) ;
#1240 = CARTESIAN_POINT ( 'NONE',  ( -0.8682354914878504000, -1.014900208985472200, -0.1968503937007874100 ) ) ;
#1241 = CARTESIAN_POINT ( 'NONE',  ( 0.1337290113004449000, -0.07273870726820080800, 0.05861767279090159700 ) ) ;
#1242 = CARTESIAN_POINT ( 'NONE',  ( -1.022873197870755900, -0.9788933469234645200, -0.02187226596675591000 ) ) ;
#1243 = CARTESIAN_POINT ( 'NONE',  ( 0.7420151437815316600, -0.9960388349955512400, -2.992125984251968500 ) ) ;
#1244 = CARTESIAN_POINT ( 'NONE',  ( -1.030523849900492500, 0.9429096587393148700, 0.0000000000000000000 ) ) ;
#1245 = B_SPLINE_SURFACE_WITH_KNOTS ( 'NONE', 3, 3, ( 
 ( #6679, #253, #2792, #4755, #307, #6705, #7334, #2869, #6095, #3504, #8016, #2204, #6736 ),
 ( #970, #892, #2842, #1494, #7280, #3449, #869, #4151, #5453, #943, #5396, #4781, #337 ),
 ( #1522, #7988, #7391, #4068, #6013, #5423, #917, #5988, #4806, #8046, #2177, #3532, #224 ),
 ( #5345, #4699, #2151, #7926, #4726, #6654, #7959, #4093, #280, #1022, #2395, #4859, #1637 ),
 ( #6871, #6813, #6786, #2343, #4911, #5506, #1072, #6226, #6173, #4175, #2290, #2366, #4289 ),
 ( #365, #7415, #2950, #1660, #1686, #7444, #4834, #3663, #3636, #8124, #4263, #1048, #7470 ) ),
 .UNSPECIFIED., .F., .F., .F.,
 ( 4, 1, 1, 4 ),
 ( 4, 1, 1, 1, 1, 1, 1, 1, 1, 1, 4 ),
 ( -0.1220000000000000100, -0.08133333333333001000, -0.04066666666667000800, 0.0000000000000000000 ),
 ( -0.002000000000000000500, 0.2604660544658200000, 0.3916990816987200300, 0.5229321089316297800, 0.6541651361645402000, 0.7853981633974499400, 0.9166311906303600300, 1.047864217863259600, 1.179097245096169900, 1.310330272329079700, 1.572796326794899900 ),
 .UNSPECIFIED. ) ;
#1246 = FACE_OUTER_BOUND ( 'NONE', #6895, .T. ) ;
#1247 = CARTESIAN_POINT ( 'NONE',  ( -0.07219060574405365700, -0.1025993682449388000, -2.952755905511811100 ) ) ;
#1248 = CARTESIAN_POINT ( 'NONE',  ( -0.1968491153113268200, 1.112904636920386100, -2.680392924890165700 ) ) ;
#1249 = CARTESIAN_POINT ( 'NONE',  ( 0.05281992814249393500, 0.1133320361559498600, -2.952755905511811100 ) ) ;
#1250 = CARTESIAN_POINT ( 'NONE',  ( 0.1159924824369154600, -0.06234210017572962300, 0.7675853018372703600 ) ) ;
#1251 = CARTESIAN_POINT ( 'NONE',  ( -0.7593146768515431900, -1.029023522214547600, -1.128608923884511800 ) ) ;
#1252 = CARTESIAN_POINT ( 'NONE',  ( 0.6631499799855394800, 0.3699185312724016000, 0.05599300087488978000 ) ) ;
#1253 = CARTESIAN_POINT ( 'NONE',  ( 0.7053811463581142200, -1.108204637752976400, -2.992125984251968500 ) ) ;
#1254 = CARTESIAN_POINT ( 'NONE',  ( -0.7499997401306211000, 0.05884212280249730800, 0.06299212598425198200 ) ) ;
#1255 = CARTESIAN_POINT ( 'NONE',  ( 0.1251725047065984900, -0.01871959219484252400, 0.5196850393700788200 ) ) ;
#1256 = ORIENTED_EDGE ( 'NONE', *, *, #1951, .T. ) ;
#1257 = CARTESIAN_POINT ( 'NONE',  ( -0.9530213658428109400, -0.8275570291413073500, -0.02187226596675591000 ) ) ;
#1258 = DIRECTION ( 'NONE',  ( 0.0000000000000000000, 1.000000000000000000, 0.0000000000000000000 ) ) ;
#1259 = CARTESIAN_POINT ( 'NONE',  ( -0.7634200263010158000, 1.036985750691338700, -2.060367454068244600 ) ) ;
#1260 = CARTESIAN_POINT ( 'NONE',  ( -0.7499999991309594900, 3.026091899573645800E-015, 0.0000000000000000000 ) ) ;
#1261 = CARTESIAN_POINT ( 'NONE',  ( 0.1251725047065984900, 0.01871959219484252400, 0.7751574803149606800 ) ) ;
#1262 = ORIENTED_EDGE ( 'NONE', *, *, #7385, .T. ) ;
#1263 = CARTESIAN_POINT ( 'NONE',  ( -1.031542260286323800, 0.7605331936007370100, -2.992125984251968500 ) ) ;
#1264 = CARTESIAN_POINT ( 'NONE',  ( -1.110261735596846700, 0.6910086409841851300, -1.128608923884515600 ) ) ;
#1265 = CARTESIAN_POINT ( 'NONE',  ( -0.7440480963253898200, -1.083715119910515700, -1.128608923884515600 ) ) ;
#1266 = CARTESIAN_POINT ( 'NONE',  ( -1.057192564065766200, 1.057192564065718700, -0.09842519685039387300 ) ) ;
#1267 = CARTESIAN_POINT ( 'NONE',  ( -0.7311036405941849800, -0.9272433185909526600, -1.128608923884515600 ) ) ;
#1268 = CARTESIAN_POINT ( 'NONE',  ( -1.103922707985719000, 0.7141138414599831300, -2.992125984251969400 ) ) ;
#1269 = CARTESIAN_POINT ( 'NONE',  ( -1.079822295072447600, -0.7500603502138075700, -0.1968503937007874100 ) ) ;
#1270 = CARTESIAN_POINT ( 'NONE',  ( 1.103922707984717400, 0.7141138414615357800, -2.992125984251969000 ) ) ;
#1271 = CARTESIAN_POINT ( 'NONE',  ( 0.7594092295902990000, -1.029654069748492400, -0.1968503937007874100 ) ) ;
#1272 = DIRECTION ( 'NONE',  ( 1.000000000000000000, -0.0000000000000000000, -0.0000000000000000000 ) ) ;
#1273 = ORIENTED_EDGE ( 'NONE', *, *, #2659, .F. ) ;
#1274 = EDGE_CURVE ( 'NONE', #3471, #104, #1354, .T. ) ;
#1275 = B_SPLINE_SURFACE_WITH_KNOTS ( 'NONE', 3, 3, ( 
 ( #5399, #1554, #2716, #7195, #3988, #7874, #1446, #4016, #3398, #6576, #201, #5317, #1471 ),
 ( #5963, #2125, #7901, #3479, #6791, #7990, #4127, #6043, #8049, #7367, #3507, #2956, #7449 ),
 ( #2898, #6124, #4206, #368, #6708, #3536, #8104, #1584, #2872, #7393, #2263, #7336, #2295 ),
 ( #8020, #4179, #6765, #3589, #2845, #4837, #1052, #3563, #421, #309, #8078, #6681, #5538 ),
 ( #2929, #397, #4239, #4783, #4863, #6071, #6099, #997, #1026, #7420, #5426, #4153, #5510 ),
 ( #1665, #5482, #1639, #6152, #2320, #2237, #340, #4809, #2206, #4890, #946, #973, #5457 ) ),
 .UNSPECIFIED., .F., .F., .F.,
 ( 4, 1, 1, 4 ),
 ( 4, 1, 1, 1, 1, 1, 1, 1, 1, 1, 4 ),
 ( -3.141592653589790000, -2.611673481665039500, -2.081754309740279800, -1.551835137815530000 ),
 ( 3.122631464610420100, 3.652550636535179400, 3.917510222497560400, 4.182469808459929400, 4.447429394422311300, 4.712388980384690600, 4.977348566347069800, 5.242308152309449900, 5.507267738271821100, 5.772227324234201300, 6.302146496158959700 ),
 .UNSPECIFIED. ) ;
#1276 = CARTESIAN_POINT ( 'NONE',  ( -0.7053811463581102200, -1.108204637752976400, -1.128608923884515600 ) ) ;
#1277 = CARTESIAN_POINT ( 'NONE',  ( -0.07270040754172836500, -0.1062935698246890300, 0.7677165354330708300 ) ) ;
#1278 = CARTESIAN_POINT ( 'NONE',  ( 0.1165778522374772300, 0.04513644635816432100, -2.952755905511811100 ) ) ;
#1279 = CARTESIAN_POINT ( 'NONE',  ( 0.0000000000000000000, 1.153936934959981700, -2.502240450181846900 ) ) ;
#1280 = ORIENTED_EDGE ( 'NONE', *, *, #4296, .F. ) ;
#1281 = CARTESIAN_POINT ( 'NONE',  ( 1.060085487004329900, -0.7631258898213025800, -2.992125984251969000 ) ) ;
#1282 = CARTESIAN_POINT ( 'NONE',  ( -0.7651677351667045500, -1.049803909796287500, -1.128608923884515600 ) ) ;
#1283 = CARTESIAN_POINT ( 'NONE',  ( 0.1434394039571870700, 1.153937007874015400, -2.782094888752705100 ) ) ;
#1284 = CARTESIAN_POINT ( 'NONE',  ( 0.08968624851009847400, 0.7465127032399611100, 0.06299212598425198200 ) ) ;
#1285 = CARTESIAN_POINT ( 'NONE',  ( 0.03051586097098820200, -0.1226143411448661600, 0.7677165354330708300 ) ) ;
#1286 = ORIENTED_EDGE ( 'NONE', *, *, #2805, .T. ) ;
#1287 = CARTESIAN_POINT ( 'NONE',  ( 0.7176078221647755900, 1.101663991491527600, -1.128608923884515600 ) ) ;
#1288 = EDGE_CURVE ( 'NONE', #5327, #1124, #1030, .T. ) ;
#1289 = CARTESIAN_POINT ( 'NONE',  ( -0.03051586097098820200, 0.1226143411448661600, -3.562992125984252300 ) ) ;
#1290 = CARTESIAN_POINT ( 'NONE',  ( 0.1153413783469085200, -0.06295339489974291500, -2.992125984251968500 ) ) ;
#1291 = CARTESIAN_POINT ( 'NONE',  ( -0.1249949962596299800, -0.001118440903629921800, 0.5196850393700788200 ) ) ;
#1292 = CARTESIAN_POINT ( 'NONE',  ( 0.9876700203231734100, -0.8410053028255510800, -0.1749781277340315400 ) ) ;
#1293 = CARTESIAN_POINT ( 'NONE',  ( -0.7475810392626732700, -1.081538896983669000, -2.060367454068245500 ) ) ;
#1294 = CARTESIAN_POINT ( 'NONE',  ( -0.7440480963253898200, -1.083715119910515700, -0.5074365704286969400 ) ) ;
#1295 = CARTESIAN_POINT ( 'NONE',  ( 1.057805835868259800, 0.7637992319626182300, -2.060367454068240600 ) ) ;
#1296 = CARTESIAN_POINT ( 'NONE',  ( -1.057805835868256100, -0.7637992319626182300, -2.060367454068240600 ) ) ;
#1297 = CARTESIAN_POINT ( 'NONE',  ( -0.8255908954713383500, -0.9279527558777989100, -0.1968503937007874100 ) ) ;
#1298 = ORIENTED_EDGE ( 'NONE', *, *, #863, .T. ) ;
#1299 = CARTESIAN_POINT ( 'NONE',  ( -0.1446818157067244500, 0.0009658267581614175800, 0.04986876640420077900 ) ) ;
#1300 = CARTESIAN_POINT ( 'NONE',  ( -1.105962098314002200, 0.7107731193049639000, -0.1968503937007874100 ) ) ;
#1301 = DIRECTION ( 'NONE',  ( 0.0000000000000000000, 0.0000000000000000000, -1.000000000000000000 ) ) ;
#1302 = CARTESIAN_POINT ( 'NONE',  ( 0.6927299607301724600, 1.110236281231659100, -2.992125984251968500 ) ) ;
#1303 = ORIENTED_EDGE ( 'NONE', *, *, #2991, .T. ) ;
#1304 = CARTESIAN_POINT ( 'NONE',  ( -0.6910086409841851300, -1.110261735596846700, -1.128608923884515600 ) ) ;
#1305 = CARTESIAN_POINT ( 'NONE',  ( 1.025508191967476900, 0.7566742686776338800, -1.128608923884515600 ) ) ;
#1306 = CARTESIAN_POINT ( 'NONE',  ( 0.05946524341859768500, 0.1100918495392213000, -2.952755905511811600 ) ) ;
#1307 = CARTESIAN_POINT ( 'NONE',  ( -0.1251212777106852600, 0.001578443933943937300, 0.7675853018372703600 ) ) ;
#1308 = CARTESIAN_POINT ( 'NONE',  ( -1.029654069748488200, 0.7594092295902990000, -2.681539807524059500 ) ) ;
#1309 = CARTESIAN_POINT ( 'NONE',  ( 0.1619540688917439600, 1.153937007874015400, -2.748516646187991500 ) ) ;
#1310 = DIRECTION ( 'NONE',  ( 0.0000000000000000000, 0.0000000000000000000, 1.000000000000000000 ) ) ;
#1311 = CARTESIAN_POINT ( 'NONE',  ( -0.8255908954713383500, -0.9279527558777989100, -0.1968503937007874100 ) ) ;
#1312 = ORIENTED_EDGE ( 'NONE', *, *, #2659, .T. ) ;
#1313 = VECTOR ( 'NONE', #5667, 39.37007874015748100 ) ;
#1314 = CARTESIAN_POINT ( 'NONE',  ( 0.7441482841840275600, 1.083913278540055400, -2.060367454068240600 ) ) ;
#1315 = CARTESIAN_POINT ( 'NONE',  ( 0.07270040754172836500, 0.1062935698246890300, -3.495188101487315200 ) ) ;
#1316 = SURFACE_SIDE_STYLE ('',( #66 ) ) ;
#1317 = CARTESIAN_POINT ( 'NONE',  ( 0.1337290113004449000, 0.07273870726820080800, 0.06299212598425198200 ) ) ;
#1318 = VERTEX_POINT ( 'NONE', #3020 ) ;
#1319 = CARTESIAN_POINT ( 'NONE',  ( -0.1156637036326063400, 0.06262578429423626400, 0.5196850393700788200 ) ) ;
#1320 = ORIENTED_EDGE ( 'NONE', *, *, #1438, .F. ) ;
#1321 = CARTESIAN_POINT ( 'NONE',  ( -0.1120926296237047700, -0.01641554293406299200, 0.7808398950131221200 ) ) ;
#1322 = CARTESIAN_POINT ( 'NONE',  ( 1.022873197870755900, -0.8770121648875594000, -0.1968503937007874100 ) ) ;
#1323 = CARTESIAN_POINT ( 'NONE',  ( 0.9634718618594959600, 0.7306366061711417900, -2.681539807524059500 ) ) ;
#1324 = CARTESIAN_POINT ( 'NONE',  ( -0.7637992319626142300, -1.057805835868256100, -0.5074365704286969400 ) ) ;
#1325 = CARTESIAN_POINT ( 'NONE',  ( 1.057500456850729800, -0.7636784982413055100, -1.594488188976379300 ) ) ;
#1326 = CARTESIAN_POINT ( 'NONE',  ( -0.7173146837074369000, 1.101616661993956900, -0.1968503937007874100 ) ) ;
#1327 = ORIENTED_EDGE ( 'NONE', *, *, #6433, .T. ) ;
#1328 = CARTESIAN_POINT ( 'NONE',  ( -1.057192564065747100, -1.057192564065737400, -0.1968503937007874100 ) ) ;
#1329 = CARTESIAN_POINT ( 'NONE',  ( 0.7328930827737218900, 0.9612049079576732200, -2.992125984251971600 ) ) ;
#1330 = B_SPLINE_SURFACE_WITH_KNOTS ( 'NONE', 3, 3, ( 
 ( #2013, #144, #3289, #7787, #3959, #785 ),
 ( #3559, #4395, #3136, #5160, #6563, #2136 ),
 ( #5908, #5316, #2957, #4651, #3349, #7282 ),
 ( #4702, #4728, #174, #5990, #4044, #895 ),
 ( #4095, #5371, #1496, #812, #227, #2099 ),
 ( #6603, #2153, #7928, #871, #256, #7961 ) ),
 .UNSPECIFIED., .F., .F., .F.,
 ( 4, 1, 1, 4 ),
 ( 4, 1, 1, 4 ),
 ( -1.086956521739130200, -0.7246376811594200700, -0.3623188405797100900, 0.0000000000000000000 ),
 ( 1.081675552444999900, 1.203552546194929900, 1.325429539944859900, 1.447306533694779900 ),
 .UNSPECIFIED. ) ;
#1331 = CARTESIAN_POINT ( 'NONE',  ( 0.01959934452102849900, -0.1239064740639877600, -2.952755905511811100 ) ) ;
#1332 = EDGE_CURVE ( 'NONE', #5035, #629, #2960, .T. ) ;
#1333 = CARTESIAN_POINT ( 'NONE',  ( 0.7311036405941849800, 0.9272433185909526600, -1.128608923884515600 ) ) ;
#1334 = VECTOR ( 'NONE', #4007, 39.37007874015748100 ) ;
#1335 = CARTESIAN_POINT ( 'NONE',  ( -0.07296296742184355000, -0.1063074417167871000, 0.7675853018372703600 ) ) ;
#1336 = CARTESIAN_POINT ( 'NONE',  ( -0.7311036405941849800, 0.9286621932200747100, -2.681539807524059500 ) ) ;
#1337 = CARTESIAN_POINT ( 'NONE',  ( -0.2142136135413897600, 0.7237849185444172900, 0.06299212598425198200 ) ) ;
#1338 = CARTESIAN_POINT ( 'NONE',  ( -0.1053854800200630500, -0.01543330616565517300, 0.7875341207349083600 ) ) ;
#1339 = CARTESIAN_POINT ( 'NONE',  ( 0.0000000000000000000, -0.1261928294275669600, 0.2716535433070866900 ) ) ;
#1340 = VECTOR ( 'NONE', #7194, 39.37007874015748100 ) ;
#1341 = CARTESIAN_POINT ( 'NONE',  ( -0.07270040754172836500, 0.1062935698246890300, -3.156167979002626500 ) ) ;
#1342 = B_SPLINE_SURFACE_WITH_KNOTS ( 'NONE', 3, 3, ( 
 ( #4051, #207, #4572, #5209, #1366, #152, #5271, #7854, #263, #289, #7344 ),
 ( #1589, #7936, #900, #2879, #1533, #2244, #3485, #2213, #6078, #4134, #4077 ),
 ( #5379, #4708, #7375, #8027, #6022, #5464, #1618, #6689, #1562, #953, #2272 ),
 ( #2800, #7997, #5996, #2852, #3459, #4765, #6747, #926, #8055, #316, #6636 ),
 ( #4737, #7289, #5407, #4790, #6716, #5435, #3514, #6105, #4160, #348, #4816 ),
 ( #2907, #2186, #2827, #6049, #1503, #3433, #7313, #6662, #7969, #981, #4103 ) ),
 .UNSPECIFIED., .F., .F., .F.,
 ( 4, 1, 1, 4 ),
 ( 4, 1, 1, 1, 1, 1, 1, 1, 4 ),
 ( 0.1263905800526800000, 0.1777894159407700200, 0.2291882518288600500, 0.2805870877169600600 ),
 ( -0.002527811601050000600, 0.2054499978248200700, 0.4134278072506901200, 0.5174167119636198200, 0.6214056166765602500, 0.7253945213894901200, 0.8293834261024299900, 1.037361235528299700, 1.245339044954169700 ),
 .UNSPECIFIED. ) ;
#1343 = CARTESIAN_POINT ( 'NONE',  ( -0.7566742686776338800, 1.025508191967476900, -2.681539807524059500 ) ) ;
#1344 = CARTESIAN_POINT ( 'NONE',  ( 0.7475810392626728300, -1.081538896983673000, -1.128608923884515600 ) ) ;
#1345 = CARTESIAN_POINT ( 'NONE',  ( -0.1156637036326063400, 0.06262578429423626400, 0.2716535433070866900 ) ) ;
#1346 = CARTESIAN_POINT ( 'NONE',  ( -0.1186669774022205100, -0.01737833137594489000, 0.7742782152230984800 ) ) ;
#1347 = CARTESIAN_POINT ( 'NONE',  ( 1.030305832406381800, -0.9293197551186300800, -0.02187226596675591000 ) ) ;
#1348 = CARTESIAN_POINT ( 'NONE',  ( 0.7738167753536416800, -0.7980368589790987100, -2.060367454068244600 ) ) ;
#1349 = DIMENSIONAL_EXPONENTS ( 1.000000000000000000, 0.0000000000000000000, 0.0000000000000000000, 0.0000000000000000000, 0.0000000000000000000, 0.0000000000000000000, 0.0000000000000000000 ) ;
#1350 = CARTESIAN_POINT ( 'NONE',  ( -0.7549431811966416100, -1.076064190174771800, -2.060367454068240600 ) ) ;
#1351 = CARTESIAN_POINT ( 'NONE',  ( -0.7636032586122494200, -1.038329624928467700, -2.992125984251968500 ) ) ;
#1352 = CARTESIAN_POINT ( 'NONE',  ( -0.7155729551865474000, 1.103009155936019800, -1.128608923884515600 ) ) ;
#1353 = DIRECTION ( 'NONE',  ( -0.0000000000000000000, -0.0000000000000000000, 1.000000000000000000 ) ) ;
#1354 = LINE ( 'NONE', #3625, #4963 ) ;
#1355 = CARTESIAN_POINT ( 'NONE',  ( 1.089068901887649600, -0.7366106222217992900, -1.128608923884515600 ) ) ;
#1356 = CARTESIAN_POINT ( 'NONE',  ( 0.7528510366733464100, -1.018785567477366500, -1.128608923884515600 ) ) ;
#1357 = CARTESIAN_POINT ( 'NONE',  ( 0.9006284698872049100, -0.7294072714244842500, -2.992125984251965400 ) ) ;
#1358 = CARTESIAN_POINT ( 'NONE',  ( -0.0000000000000000000, -0.1460610273873661500, -2.992125984251963600 ) ) ;
#1359 = CARTESIAN_POINT ( 'NONE',  ( 1.108033091542948800, -0.7061733014393543100, -2.992125984251968500 ) ) ;
#1360 = FACE_OUTER_BOUND ( 'NONE', #5837, .T. ) ;
#1361 = CARTESIAN_POINT ( 'NONE',  ( -1.096676596295535400, 0.7252355460546456900, -2.992125984251968500 ) ) ;
#1362 = CARTESIAN_POINT ( 'NONE',  ( -0.7479053414235590200, 1.081314661062035700, -0.1968503937007874100 ) ) ;
#1363 = CARTESIAN_POINT ( 'NONE',  ( -0.6927299607301727900, -1.110236281231658400, -0.1968503937007874400 ) ) ;
#1364 = CARTESIAN_POINT ( 'NONE',  ( -0.9006284698872049100, 0.7294072714244842500, -0.1968503937007874100 ) ) ;
#1365 = CARTESIAN_POINT ( 'NONE',  ( -0.08968624851009841800, 0.7465127032399607700, 0.02099737532808268500 ) ) ;
#1366 = CARTESIAN_POINT ( 'NONE',  ( -0.03793485271320473600, 1.134251968503936900, -2.833891715706975800 ) ) ;
#1367 = CARTESIAN_POINT ( 'NONE',  ( -0.06129233608849896100, -0.08930326817359055000, 0.7876003937007877200 ) ) ;
#1368 = CARTESIAN_POINT ( 'NONE',  ( -0.1577331621557756200, 1.144378037797165300, -2.703599236238223700 ) ) ;
#1369 = CARTESIAN_POINT ( 'NONE',  ( -0.9632357407194284100, 0.7306319871982826000, -0.1968503937007873800 ) ) ;
#1370 = ORIENTED_EDGE ( 'NONE', *, *, #5325, .F. ) ;
#1371 = CARTESIAN_POINT ( 'NONE',  ( -0.9291338582677165500, 1.110236220472441000, 0.0000000000000000000 ) ) ;
#1372 = CARTESIAN_POINT ( 'NONE',  ( 0.7023879734236379000, -1.109088367905878100, -0.5074365704286969400 ) ) ;
#1373 = CARTESIAN_POINT ( 'NONE',  ( 0.1446818157067244500, -0.0009658267581614175800, 0.06299212598425198200 ) ) ;
#1374 = CARTESIAN_POINT ( 'NONE',  ( -0.02899027743640945900, -0.1161655051214134100, 0.7742782152230984800 ) ) ;
#1375 = CARTESIAN_POINT ( 'NONE',  ( 0.8682354914878504000, -0.8410053028255510800, -0.06561679790026378500 ) ) ;
#1376 = CARTESIAN_POINT ( 'NONE',  ( 0.7376712701478820300, 0.8628714702481337100, -2.992125984251968500 ) ) ;
#1377 = ORIENTED_EDGE ( 'NONE', *, *, #7746, .T. ) ;
#1378 = CARTESIAN_POINT ( 'NONE',  ( -0.7549431811966416100, -1.076064190174771800, -2.992125984251968500 ) ) ;
#1379 = CARTESIAN_POINT ( 'NONE',  ( -0.7366106222218031800, 1.089068901887649600, -2.060367454068240600 ) ) ;
#1380 = CARTESIAN_POINT ( 'NONE',  ( -0.7061733014393583000, 1.108033091542948800, -0.1968503937007874100 ) ) ;
#1381 = CARTESIAN_POINT ( 'NONE',  ( 1.089068901887649600, -0.7366106222218031800, -2.681539807524059500 ) ) ;
#1382 = CARTESIAN_POINT ( 'NONE',  ( 0.7310639536100825800, -0.9382553524242599500, -2.681539807524059500 ) ) ;
#1383 = EDGE_CURVE ( 'NONE', #6980, #7704, #1081, .T. ) ;
#1384 = CARTESIAN_POINT ( 'NONE',  ( -0.6966426451231539900, 1.110134101196099700, -0.1968503937007873800 ) ) ;
#1385 = ORIENTED_EDGE ( 'NONE', *, *, #3344, .T. ) ;
#1386 = B_SPLINE_SURFACE_WITH_KNOTS ( 'NONE', 3, 3, ( 
 ( #2693, #205, #4680, #5207, #2721, #7113 ),
 ( #3352, #3267, #3907, #5859, #3295, #7794 ),
 ( #6608, #7934, #7906, #2772, #6633, #4734 ),
 ( #4075, #2185, #287, #1531, #2825, #3431 ),
 ( #4048, #7967, #234, #7287, #5966, #7260 ),
 ( #4706, #7312, #5378, #924, #260, #6020 ) ),
 .UNSPECIFIED., .F., .F., .F.,
 ( 4, 1, 1, 4 ),
 ( 4, 1, 1, 4 ),
 ( -71.00000000000000000, -47.33333333333332900, -23.66666666666667100, -1.000000000000000800E-014 ),
 ( 0.2738642900300700700, 0.2906292818063700400, 0.3073942735826801200, 0.3241592653589801000 ),
 .UNSPECIFIED. ) ;
#1387 = CARTESIAN_POINT ( 'NONE',  ( 1.036985750691334900, 0.7634200263010158000, -2.681539807524059500 ) ) ;
#1388 = CARTESIAN_POINT ( 'NONE',  ( -0.7441482841840315600, 1.083913278540055400, -0.5074365704286969400 ) ) ;
#1389 = ADVANCED_FACE ( 'NONE', ( #670 ), #2403, .T. ) ;
#1390 = CARTESIAN_POINT ( 'NONE',  ( -0.7133756011909799800, 1.104400432191188700, -2.992125984251968500 ) ) ;
#1391 = CARTESIAN_POINT ( 'NONE',  ( -1.029654069748488200, 0.7594092295902990000, -0.5074365704286969400 ) ) ;
#1392 = CARTESIAN_POINT ( 'NONE',  ( 0.08968624851009841800, 0.7465127032399607700, 0.006999125109362205200 ) ) ;
#1393 = ORIENTED_EDGE ( 'NONE', *, *, #665, .T. ) ;
#1394 = CARTESIAN_POINT ( 'NONE',  ( -0.03051586097098820200, -0.1226143411448661600, 0.02362204724409449500 ) ) ;
#1395 = CARTESIAN_POINT ( 'NONE',  ( -1.029654069748492400, -0.7594092295902990000, -1.128608923884515600 ) ) ;
#1396 = CARTESIAN_POINT ( 'NONE',  ( -0.5373840014121733500, -0.5370372980905274700, 0.06299212598425198200 ) ) ;
#1397 = EDGE_CURVE ( 'NONE', #8067, #4138, #2325, .T. ) ;
#1398 = CARTESIAN_POINT ( 'NONE',  ( -0.1249949962596299800, -0.001118440903629921800, -2.952755905511811100 ) ) ;
#1399 = B_SPLINE_SURFACE_WITH_KNOTS ( 'NONE', 3, 3, ( 
 ( #3033, #6285, #4264, #477, #7525, #526 ),
 ( #3637, #1802, #4318, #1154, #3585, #500 ),
 ( #6787, #446, #4989, #4912, #5533, #7499 ),
 ( #1103, #5559, #4938, #6200, #4290, #1716 ),
 ( #5584, #2951, #6174, #1128, #1746, #2344 ),
 ( #2367, #3003, #6227, #2396, #3664, #8180 ) ),
 .UNSPECIFIED., .F., .F., .F.,
 ( 4, 1, 1, 4 ),
 ( 4, 1, 1, 4 ),
 ( 0.0000000000000000000, 23.66666666666666100, 47.33333333333332100, 71.00000000000000000 ),
 ( 0.2738642900300700700, 0.2906292818063700400, 0.3073942735826801200, 0.3241592653589801000 ),
 .UNSPECIFIED. ) ;
#1400 = ORIENTED_EDGE ( 'NONE', *, *, #5046, .T. ) ;
#1401 = CARTESIAN_POINT ( 'NONE',  ( 1.109088367905878100, 0.7023879734236379000, -0.5074365704286969400 ) ) ;
#1402 = CARTESIAN_POINT ( 'NONE',  ( -0.1337290113004449000, 0.07273870726820080800, 0.05861767279090159700 ) ) ;
#1403 = CARTESIAN_POINT ( 'NONE',  ( -0.1230498759212323200, -0.01802019033719685200, 0.7699037620297480800 ) ) ;
#1404 = CARTESIAN_POINT ( 'NONE',  ( 0.7475806083234715100, 1.081538273903763600, -0.1968503937007873800 ) ) ;
#1405 = B_SPLINE_CURVE_WITH_KNOTS ( 'NONE', 3,
 ( #3084, #1837, #4374, #3697, #1889, #3169, #8239, #3724, #5643, #3748, #3777 ),
 .UNSPECIFIED., .F., .F.,
 ( 4, 1, 1, 1, 1, 1, 1, 1, 4 ),
 ( 2.776191543322610600E-012, 0.001330758891658057300, 0.002699622017351743800, 0.003384053580198636700, 0.004068485143045429800, 0.004752916705892318800, 0.005437348268739116700, 0.006806211394432801000, 0.008136970283313812000 ),
 .UNSPECIFIED. ) ;
#1406 = CARTESIAN_POINT ( 'NONE',  ( 0.7738167753536416800, -0.7980368589790987100, -0.5074365704286969400 ) ) ;
#1407 = CARTESIAN_POINT ( 'NONE',  ( 0.1446848777822630200, -2.121839655771912600E-011, 0.02362204724409449500 ) ) ;
#1408 = CARTESIAN_POINT ( 'NONE',  ( 0.7440480963253898200, 1.083715119910515700, -1.128608923884515600 ) ) ;
#1409 = CARTESIAN_POINT ( 'NONE',  ( -0.7023879734236379000, 1.109088367905878100, -0.5074365704286969400 ) ) ;
#1410 = CARTESIAN_POINT ( 'NONE',  ( -1.022481225852465600, -0.9792942676180713700, -0.1968503937007874100 ) ) ;
#1411 = ORIENTED_EDGE ( 'NONE', *, *, #116, .F. ) ;
#1412 = CARTESIAN_POINT ( 'NONE',  ( -0.0000000000000000000, -0.1460610273873661500, -2.965879265091866800 ) ) ;
#1413 = CARTESIAN_POINT ( 'NONE',  ( 0.7589879883973900100, 1.028952656870866500, -0.5074365704286969400 ) ) ;
#1414 = CARTESIAN_POINT ( 'NONE',  ( -1.110233970439102400, 0.9282311026850591500, -0.1749781277340354800 ) ) ;
#1415 = CARTESIAN_POINT ( 'NONE',  ( -0.7311023692017437600, -0.9279527559059855800, -0.1968503937007873800 ) ) ;
#1416 = LINE ( 'NONE', #231, #5328 ) ;
#1417 = B_SPLINE_SURFACE_WITH_KNOTS ( 'NONE', 3, 3, ( 
 ( #3441, #2782, #1461, #4085, #2087, #2760 ),
 ( #270, #7213, #4034, #215, #6668, #7978 ),
 ( #858, #7864, #4004, #6804, #4798, #382 ),
 ( #4142, #1651, #8066, #409, #989, #8115 ),
 ( #5497, #325, #4194, #6087, #959, #2281 ),
 ( #3577, #4852, #4221, #3604, #7433, #4877 ) ),
 .UNSPECIFIED., .F., .F., .F.,
 ( 4, 1, 1, 4 ),
 ( 4, 1, 1, 4 ),
 ( -71.00000000000000000, -47.33333333333332900, -23.66666666666667100, -1.000000000000000800E-014 ),
 ( 0.3041592653589800800, 0.3359622768347101400, 0.3677652883104400900, 0.3995682997861700900 ),
 .UNSPECIFIED. ) ;
#1418 = VERTEX_POINT ( 'NONE', #5796 ) ;
#1419 = ORIENTED_EDGE ( 'NONE', *, *, #1288, .F. ) ;
#1420 = CARTESIAN_POINT ( 'NONE',  ( -1.104136452828496300, 0.7137832230396653500, -1.128608923884515600 ) ) ;
#1421 = CARTESIAN_POINT ( 'NONE',  ( -1.105682788051606500, -0.9788576969563110900, -0.1312335958005236600 ) ) ;
#1422 = CARTESIAN_POINT ( 'NONE',  ( -0.9006284698872049100, 0.7294072714244842500, -1.128608923884515600 ) ) ;
#1423 = CARTESIAN_POINT ( 'NONE',  ( -0.2142136135413897600, 0.7237849185444172900, 0.04199475065616930400 ) ) ;
#1424 = LINE ( 'NONE', #6104, #37 ) ;
#1425 = CARTESIAN_POINT ( 'NONE',  ( -0.1334499306850841500, 0.07302144007198796400, 0.02362204724409452600 ) ) ;
#1426 = B_SPLINE_CURVE_WITH_KNOTS ( 'NONE', 3,
 ( #4101, #5351, #1501, #1477, #2158, #5994 ),
 .UNSPECIFIED., .F., .F.,
 ( 4, 1, 1, 4 ),
 ( 1.728467189804509800E-016, 0.001197975670863728500, 0.002417670315533871400, 0.003615609116956311500 ),
 .UNSPECIFIED. ) ;
#1427 = CARTESIAN_POINT ( 'NONE',  ( 1.085992159574439500, 1.023622736685185600, -0.1968503937007873000 ) ) ;
#1428 = CARTESIAN_POINT ( 'NONE',  ( 1.022873197870755900, -0.9788933469234686300, 0.0000000000000000000 ) ) ;
#1429 = ORIENTED_EDGE ( 'NONE', *, *, #6613, .T. ) ;
#1430 = ORIENTED_EDGE ( 'NONE', *, *, #2147, .T. ) ;
#1431 = CARTESIAN_POINT ( 'NONE',  ( 0.08968624851009841800, -0.7465127032399607700, 0.04199475065616930400 ) ) ;
#1432 = CARTESIAN_POINT ( 'NONE',  ( 0.1251725047065984900, 0.01871959219484252400, -3.359580052493437400 ) ) ;
#1433 = CARTESIAN_POINT ( 'NONE',  ( -0.08401568594263388000, 0.1231026060500197600, 0.05861767279090159700 ) ) ;
#1434 = CARTESIAN_POINT ( 'NONE',  ( 0.1055182818451890100, -0.01545275449218110700, 0.7874015748031496500 ) ) ;
#1435 = CARTESIAN_POINT ( 'NONE',  ( -0.1448347163264528100, 0.02193883921625590700, -2.992125984251968500 ) ) ;
#1436 = CARTESIAN_POINT ( 'NONE',  ( 0.8324966087895316900, 0.7505357138161811200, -2.681539807524059500 ) ) ;
#1437 = ADVANCED_FACE ( 'NONE', ( #1557 ), #8098, .T. ) ;
#1438 = EDGE_CURVE ( 'NONE', #1512, #5001, #3012, .T. ) ;
#1439 = DIRECTION ( 'NONE',  ( 0.0000000000000000000, 0.0000000000000000000, -1.000000000000000000 ) ) ;
#1440 = CARTESIAN_POINT ( 'NONE',  ( -0.7252355460546456900, 1.096676596295535400, -1.128608923884511800 ) ) ;
#1441 = CARTESIAN_POINT ( 'NONE',  ( 0.1446818157067244500, 0.0009658267581614175800, -2.957130358705161400 ) ) ;
#1442 = CARTESIAN_POINT ( 'NONE',  ( 1.056646062823173100, -1.057736748147917400, -0.1312335958005236600 ) ) ;
#1443 = CARTESIAN_POINT ( 'NONE',  ( 1.096632244641315900, -0.7253838148664639700, -0.1968503937007874100 ) ) ;
#1444 = CARTESIAN_POINT ( 'NONE',  ( -0.7119148290572677700, -1.105448062055279800, -1.128608923884511800 ) ) ;
#1445 = LINE ( 'NONE', #4560, #2947 ) ;
#1446 = CARTESIAN_POINT ( 'NONE',  ( 0.0000000000000000000, 1.134251968503936900, -2.523864164493578400 ) ) ;
#1447 = CARTESIAN_POINT ( 'NONE',  ( 1.108033091542948800, -0.7061733014393543100, -0.1968503937007874100 ) ) ;
#1448 = CARTESIAN_POINT ( 'NONE',  ( -1.023622736685190400, -1.085992159574437300, 0.0000000000000000000 ) ) ;
#1449 = CARTESIAN_POINT ( 'NONE',  ( -1.110233970439102400, -0.9282311026850591500, -0.1968503937007874100 ) ) ;
#1450 = CARTESIAN_POINT ( 'NONE',  ( -1.008932729790676900, 0.7469057087232008300, -2.060367454068244600 ) ) ;
#1451 = CARTESIAN_POINT ( 'NONE',  ( 0.7499998966439960200, -0.0003937435670787403000, 0.02099737532808268500 ) ) ;
#1452 = CARTESIAN_POINT ( 'NONE',  ( -1.048472305788082300, -0.7649861758560708700, -2.992125984251968100 ) ) ;
#1453 = B_SPLINE_CURVE_WITH_KNOTS ( 'NONE', 3,
 ( #3383, #6691, #3515, #349, #4105, #5465 ),
 .UNSPECIFIED., .F., .F.,
 ( 4, 1, 1, 4 ),
 ( 0.0000000000000000000, 0.3376457865975745500, 0.6755028131356086700, 1.000000000000000000 ),
 .UNSPECIFIED. ) ;
#1454 = EDGE_CURVE ( 'NONE', #345, #8264, #8131, .T. ) ;
#1455 = CARTESIAN_POINT ( 'NONE',  ( -0.1251725047065984900, -0.01871959219484252400, 0.02362204724409449500 ) ) ;
#1456 = CARTESIAN_POINT ( 'NONE',  ( 1.030305832406381800, -0.9265857566923937400, 0.0000000000000000000 ) ) ;
#1457 = FACE_OUTER_BOUND ( 'NONE', #2091, .T. ) ;
#1458 = CARTESIAN_POINT ( 'NONE',  ( 0.2142136135413897600, -0.7237849185444172900, 0.02099737532808268500 ) ) ;
#1459 = CARTESIAN_POINT ( 'NONE',  ( 0.1156637036326063400, 0.06262578429423626400, -3.156167979002626500 ) ) ;
#1460 = CARTESIAN_POINT ( 'NONE',  ( 0.08507316324146847700, 0.09147995529392859100, 0.7677149411578697600 ) ) ;
#1461 = CARTESIAN_POINT ( 'NONE',  ( -1.065122253766169300, 0.7618448995876850900, -0.1968503937007874100 ) ) ;
#1462 = ORIENTED_EDGE ( 'NONE', *, *, #7135, .T. ) ;
#1463 = CARTESIAN_POINT ( 'NONE',  ( -1.081538273903767600, -0.7475806083234700600, -0.1968503937007874400 ) ) ;
#1464 = CARTESIAN_POINT ( 'NONE',  ( 0.1448347163264528100, 0.02193883921625590700, -2.965879265091863300 ) ) ;
#1465 = CARTESIAN_POINT ( 'NONE',  ( -0.7141138414599870200, 1.103922707985718600, -0.1968503937007874100 ) ) ;
#1466 = CARTESIAN_POINT ( 'NONE',  ( -0.7176078221647795900, 1.101663991491527600, -2.060367454068240600 ) ) ;
#1467 = CARTESIAN_POINT ( 'NONE',  ( 0.1448347163264528100, -0.02193883921625590700, -2.987751531058617800 ) ) ;
#1468 = ORIENTED_EDGE ( 'NONE', *, *, #3648, .F. ) ;
#1469 = CARTESIAN_POINT ( 'NONE',  ( -0.05208171870798322000, 0.09153543304668136600, 0.7874015747938742900 ) ) ;
#1470 = CARTESIAN_POINT ( 'NONE',  ( 0.7589873301296458100, -1.028953050111384400, -2.992125984251969000 ) ) ;
#1471 = CARTESIAN_POINT ( 'NONE',  ( 0.1557248242963858700, 1.134251968503936900, -2.683770379173689300 ) ) ;
#1472 = CARTESIAN_POINT ( 'NONE',  ( -0.1968503101154706900, 1.122244094488189100, -2.681102362185195700 ) ) ;
#1473 = CARTESIAN_POINT ( 'NONE',  ( 0.08507316324146847700, 0.09147995529392859100, 0.7677149411578697600 ) ) ;
#1474 = ADVANCED_FACE ( 'NONE', ( #7576 ), #8192, .T. ) ;
#1475 = VERTEX_POINT ( 'NONE', #3283 ) ;
#1476 = CARTESIAN_POINT ( 'NONE',  ( -1.085874585383008100, -1.023890032031122200, -0.1749781277340315400 ) ) ;
#1477 = CARTESIAN_POINT ( 'NONE',  ( 1.105565014269958200, -0.9791254460543460400, 0.0000000000000000000 ) ) ;
#1478 = CARTESIAN_POINT ( 'NONE',  ( 0.08968624851009841800, 0.7465127032399607700, -0.0000000000000000000 ) ) ;
#1479 = CARTESIAN_POINT ( 'NONE',  ( -1.107518755139228500, -0.7073156778342670800, -2.992125984251968500 ) ) ;
#1480 = CARTESIAN_POINT ( 'NONE',  ( -0.1557248242963858700, 1.137382512314492300, -2.678434345235760200 ) ) ;
#1481 = CARTESIAN_POINT ( 'NONE',  ( 1.030523849900492500, -0.9429096587393148700, 0.0000000000000000000 ) ) ;
#1482 = VERTEX_POINT ( 'NONE', #7985 ) ;
#1483 = CARTESIAN_POINT ( 'NONE',  ( 0.2142136135413897600, -0.7237849185444172900, 0.05599300087488978000 ) ) ;
#1484 = CARTESIAN_POINT ( 'NONE',  ( 1.057499546894259600, -0.7636744025022760300, -0.1968503937007873800 ) ) ;
#1485 = B_SPLINE_SURFACE_WITH_KNOTS ( 'NONE', 3, 3, ( 
 ( #7755, #191, #1376, #5872, #2035, #5284, #3308, #7805, #4668 ),
 ( #3949, #7185, #3338, #4639, #1436, #835, #1323, #5811, #1977 ),
 ( #6456, #87, #4554, #5192, #6594, #3392, #7920, #1490, #7893 ),
 ( #4038, #5391, #2763, #6063, #7246, #218, #5309, #7301, #6623 ),
 ( #2228, #6699, #6034, #2172, #1545, #3470, #7950, #5982, #2812 ),
 ( #861, #2146, #6649, #1515, #4694, #2197, #4802, #2785, #3444 ) ),
 .UNSPECIFIED., .F., .F., .F.,
 ( 4, 1, 1, 4 ),
 ( 4, 1, 1, 1, 1, 1, 4 ),
 ( 0.0000000000000000000, 4.733333333333361800, 9.466666666666713000, 14.20000000000006000 ),
 ( 1.568796326794889900, 1.746228216489849900, 1.923660106184799800, 2.101091995879759800, 2.278523885574710300, 2.455955775269669700, 2.633387664964620200 ),
 .UNSPECIFIED. ) ;
#1486 = B_SPLINE_CURVE_WITH_KNOTS ( 'NONE', 3,
 ( #451, #6288, #6927, #8128 ),
 .UNSPECIFIED., .F., .F.,
 ( 4, 4 ),
 ( 0.0000000000000000000, 1.000000000000000000 ),
 .UNSPECIFIED. ) ;
#1487 = CARTESIAN_POINT ( 'NONE',  ( 0.07784670121729529700, 1.134251968503936900, -2.818315771843086500 ) ) ;
#1488 = CARTESIAN_POINT ( 'NONE',  ( -0.1337290113004449000, 0.07273870726820080800, 0.02799650043744489000 ) ) ;
#1489 = CARTESIAN_POINT ( 'NONE',  ( 0.8253816619105313100, 0.9129958530717085000, -0.1312335958005236600 ) ) ;
#1490 = CARTESIAN_POINT ( 'NONE',  ( 1.008932729790676900, 0.7469057087232008300, -2.060367454068244600 ) ) ;
#1491 = ORIENTED_EDGE ( 'NONE', *, *, #5418, .T. ) ;
#1492 = CARTESIAN_POINT ( 'NONE',  ( -0.08401568594263388000, -0.1231026060500197600, -2.957130358705161400 ) ) ;
#1493 = EDGE_CURVE ( 'NONE', #1121, #4392, #3645, .T. ) ;
#1494 = CARTESIAN_POINT ( 'NONE',  ( -0.1412742653159843000, 1.131583552055992000, -2.540380452650441400 ) ) ;
#1495 = CARTESIAN_POINT ( 'NONE',  ( -0.7173146837074329000, -1.101616661993956900, -2.681539807524059500 ) ) ;
#1496 = CARTESIAN_POINT ( 'NONE',  ( 0.9788576969563110900, 1.105682788051606500, -0.02187226596675591000 ) ) ;
#1497 = VERTEX_POINT ( 'NONE', #4064 ) ;
#1498 = CARTESIAN_POINT ( 'NONE',  ( 0.9451014140148467100, -1.110318066288362500, 0.0000000000000000000 ) ) ;
#1499 = CARTESIAN_POINT ( 'NONE',  ( 1.081538273903767300, 0.7475806083234701700, -0.1968503937007873800 ) ) ;
#1500 = DIRECTION ( 'NONE',  ( -0.0000000000000000000, 1.000000000000000000, -0.0000000000000000000 ) ) ;
#1501 = CARTESIAN_POINT ( 'NONE',  ( 1.085992159574437300, -1.023622736685190200, 0.0000000000000000000 ) ) ;
#1502 = CARTESIAN_POINT ( 'NONE',  ( 1.907357968637897100E-017, 4.110236220472441600, -2.525354764622362900 ) ) ;
#1503 = CARTESIAN_POINT ( 'NONE',  ( -0.03793485271320473600, 1.110236220472441000, -2.833891715706975800 ) ) ;
#1504 = CARTESIAN_POINT ( 'NONE',  ( 0.04239965498682285400, 1.153988124042724300, -2.850416250622755900 ) ) ;
#1505 = CARTESIAN_POINT ( 'NONE',  ( 0.8253816619105313100, -0.9429096587393148700, -0.06561679790026378500 ) ) ;
#1506 = ORIENTED_EDGE ( 'NONE', *, *, #223, .T. ) ;
#1507 = CARTESIAN_POINT ( 'NONE',  ( -0.7500308502709094300, -0.05856650093302363100, 0.04199475065616930400 ) ) ;
#1508 = EDGE_CURVE ( 'NONE', #345, #6203, #4946, .T. ) ;
#1509 = CARTESIAN_POINT ( 'NONE',  ( -0.7636032586122535300, 1.038329624928467900, -0.1968503937007874400 ) ) ;
#1510 = CARTESIAN_POINT ( 'NONE',  ( 0.7636744025022773600, -1.057499546894263800, -0.1968503937007874100 ) ) ;
#1511 = CARTESIAN_POINT ( 'NONE',  ( 0.03526368610020472900, 0.1419330633355000400, 0.02362204724409449500 ) ) ;
#1512 = VERTEX_POINT ( 'NONE', #913 ) ;
#1513 = CARTESIAN_POINT ( 'NONE',  ( -1.057192564065751800, 1.057192564065732900, -0.1968503937007874100 ) ) ;
#1514 = CARTESIAN_POINT ( 'NONE',  ( 0.1448347163264528100, 0.02193883921625590700, -2.987751531058617800 ) ) ;
#1515 = CARTESIAN_POINT ( 'NONE',  ( 0.7738167753536416800, 0.7980368589790987100, -0.1968503937007874100 ) ) ;
#1516 = ADVANCED_FACE ( 'NONE', ( #6870 ), #8165, .T. ) ;
#1517 = CARTESIAN_POINT ( 'NONE',  ( 0.7061733014393543100, 1.108033091542944800, -2.060367454068240600 ) ) ;
#1518 = CARTESIAN_POINT ( 'NONE',  ( -0.7589879883973903500, -1.028952656870866900, -2.681539807524059500 ) ) ;
#1519 = CARTESIAN_POINT ( 'NONE',  ( -0.1448347163264528100, -0.02193883921625590700, -2.979002624671917700 ) ) ;
#1520 = ORIENTED_EDGE ( 'NONE', *, *, #4577, .T. ) ;
#1521 = VERTEX_POINT ( 'NONE', #1890 ) ;
#1522 = CARTESIAN_POINT ( 'NONE',  ( -0.1968491153113268200, 1.126246719160106400, -2.681811799519282900 ) ) ;
#1523 = CARTESIAN_POINT ( 'NONE',  ( 1.028953034820995000, 0.7589873557274847700, -2.992125984251968500 ) ) ;
#1524 = CARTESIAN_POINT ( 'NONE',  ( -0.8255986020877195100, -0.9439099249037664600, 0.0000000000000000000 ) ) ;
#1525 = CARTESIAN_POINT ( 'NONE',  ( 0.9451014140148467100, -1.110318066288362500, -0.1749781277340315400 ) ) ;
#1526 = CARTESIAN_POINT ( 'NONE',  ( -0.7636744025022760300, -1.057499546894259400, -0.1968503937007874100 ) ) ;
#1527 = PRESENTATION_LAYER_ASSIGNMENT (  '', '', ( #7714 ) ) ;
#1528 = CARTESIAN_POINT ( 'NONE',  ( 1.081538896983672300, 0.7475810392626737200, -0.5074365704286969400 ) ) ;
#1529 = ORIENTED_EDGE ( 'NONE', *, *, #3420, .F. ) ;
#1530 = CARTESIAN_POINT ( 'NONE',  ( -1.030523849900492500, 0.9129958530717085000, -0.1749781277340354800 ) ) ;
#1531 = CARTESIAN_POINT ( 'NONE',  ( 1.109374590528771500, 0.7016296763940630400, -2.060367454068240600 ) ) ;
#1532 = CARTESIAN_POINT ( 'NONE',  ( 0.7311023602031940800, -0.9279527559055627000, -2.992125984251968500 ) ) ;
#1533 = CARTESIAN_POINT ( 'NONE',  ( -0.03793485271320473600, 1.131583552055992000, -2.833891715706975800 ) ) ;
#1534 = CARTESIAN_POINT ( 'NONE',  ( -0.1446848777822630200, -2.121839655771912600E-011, -2.992125984251968500 ) ) ;
#1535 = CARTESIAN_POINT ( 'NONE',  ( 0.9279527559055117400, -1.031298199610023700, -0.1312335958005236600 ) ) ;
#1536 = B_SPLINE_CURVE_WITH_KNOTS ( 'NONE', 3,
 ( #5764, #6461, #7082, #64, #6515, #3872 ),
 .UNSPECIFIED., .F., .F.,
 ( 4, 1, 1, 4 ),
 ( 0.0000000000000000000, 0.2899741926370734700, 0.7112355692683034500, 1.000000000000000000 ),
 .UNSPECIFIED. ) ;
#1537 = VECTOR ( 'NONE', #6195, 39.37007874015748100 ) ;
#1538 = CARTESIAN_POINT ( 'NONE',  ( 0.08968624851009841800, -0.7465127032399607700, 0.02099737532808268500 ) ) ;
#1539 = CARTESIAN_POINT ( 'NONE',  ( 1.085874585383008100, 1.023890032031122200, -0.1968503937007874100 ) ) ;
#1540 = CARTESIAN_POINT ( 'NONE',  ( 0.1754291419438857300, 1.153937007874015900, -2.675745677984883800 ) ) ;
#1541 = CARTESIAN_POINT ( 'NONE',  ( 0.03526368610020472900, 0.1419330633355000400, 0.04986876640420077900 ) ) ;
#1542 = CARTESIAN_POINT ( 'NONE',  ( 0.6954048260608425300, -1.110322617515921300, -2.681539807524059500 ) ) ;
#1543 = CARTESIAN_POINT ( 'NONE',  ( 1.022873197870755900, 0.8770121648875594000, -0.02187226596675591000 ) ) ;
#1544 = CARTESIAN_POINT ( 'NONE',  ( 0.9876700203231734100, -0.8410053028255510800, 0.0000000000000000000 ) ) ;
#1545 = CARTESIAN_POINT ( 'NONE',  ( 0.8324966087895316900, 0.7505357138161811200, -0.5074365704286969400 ) ) ;
#1546 = EDGE_CURVE ( 'NONE', #7840, #294, #2374, .T. ) ;
#1547 = CARTESIAN_POINT ( 'NONE',  ( 0.7119148290572637800, 1.105448062055279800, -0.5074365704286969400 ) ) ;
#1548 = FACE_OUTER_BOUND ( 'NONE', #8036, .T. ) ;
#1549 = CARTESIAN_POINT ( 'NONE',  ( 1.081609771494819000, 0.7479077349249685400, -0.5074365704286969400 ) ) ;
#1550 = CARTESIAN_POINT ( 'NONE',  ( 0.07502969010554762200, 0.1012063761026533200, 0.7676509186351706500 ) ) ;
#1551 = CARTESIAN_POINT ( 'NONE',  ( 0.7636784982413052900, 1.057500456850729800, -1.594488188976379300 ) ) ;
#1552 = CARTESIAN_POINT ( 'NONE',  ( -0.6927299607347716700, 0.6927299607347678900, -0.1968503937007874100 ) ) ;
#1553 = CARTESIAN_POINT ( 'NONE',  ( 1.060986002430181200, -0.7627446526210077700, -2.992125984251968500 ) ) ;
#1554 = CARTESIAN_POINT ( 'NONE',  ( -0.1561521082549016400, 1.134251968503936900, -2.658830987805936600 ) ) ;
#1555 = CARTESIAN_POINT ( 'NONE',  ( 0.1334499306850840900, 0.07302144007198793600, 0.06299212598425198200 ) ) ;
#1556 = CARTESIAN_POINT ( 'NONE',  ( 0.7634200263010119100, 1.036985750691334900, -2.681539807524059500 ) ) ;
#1557 = FACE_OUTER_BOUND ( 'NONE', #5580, .T. ) ;
#1558 = CARTESIAN_POINT ( 'NONE',  ( 0.07270040754172836500, 0.1062935698246890300, 0.02362204724409449500 ) ) ;
#1559 = CARTESIAN_POINT ( 'NONE',  ( -0.9279527559055117400, 0.8246073122010001400, -0.1968503937007874100 ) ) ;
#1560 = CARTESIAN_POINT ( 'NONE',  ( -1.028953034820995600, -0.7589873557274847700, -0.1968503937007874100 ) ) ;
#1561 = CARTESIAN_POINT ( 'NONE',  ( -0.03526368610020471500, -0.1419330633354999900, 0.06299212598425198200 ) ) ;
#1562 = CARTESIAN_POINT ( 'NONE',  ( 0.1438889093088228900, 1.126246719160102400, -2.759511447624268100 ) ) ;
#1563 = EDGE_CURVE ( 'NONE', #7823, #2249, #1725, .T. ) ;
#1564 = CARTESIAN_POINT ( 'NONE',  ( -0.08627883544765749300, 1.153988124042724300, -2.833178339815583000 ) ) ;
#1565 = CARTESIAN_POINT ( 'NONE',  ( -1.049803909796291500, -0.7651677351667085500, -1.128608923884515600 ) ) ;
#1566 = B_SPLINE_CURVE_WITH_KNOTS ( 'NONE', 3,
 ( #6121, #415, #2289, #8071, #4201, #390 ),
 .UNSPECIFIED., .F., .F.,
 ( 4, 1, 1, 4 ),
 ( 0.0000000000000000000, 0.2231320908632727400, 0.7766750952853595000, 1.000000000000000000 ),
 .UNSPECIFIED. ) ;
#1567 = ORIENTED_EDGE ( 'NONE', *, *, #2474, .F. ) ;
#1568 = CARTESIAN_POINT ( 'NONE',  ( 0.7500308502709094300, -0.05856650093302363100, 0.006999125109362205200 ) ) ;
#1569 = CARTESIAN_POINT ( 'NONE',  ( 1.105682788051606500, 0.9788576969563070900, -0.1968503937007874100 ) ) ;
#1570 = CARTESIAN_POINT ( 'NONE',  ( 1.103922707985718600, 0.7141138414599870200, -0.1968503937007873800 ) ) ;
#1571 = CARTESIAN_POINT ( 'NONE',  ( 0.0000000000000000000, 0.1460610273873661500, 0.04986876640420077900 ) ) ;
#1572 = CARTESIAN_POINT ( 'NONE',  ( 0.7016296763940630400, -1.109374590528771500, -2.060367454068244600 ) ) ;
#1573 = CARTESIAN_POINT ( 'NONE',  ( 0.08502337039347909700, 0.09142667267700842200, 0.3293963254593178500 ) ) ;
#1574 = CARTESIAN_POINT ( 'NONE',  ( 0.08401568594263388000, 0.1231026060500197600, -2.952755905511811100 ) ) ;
#1575 = CARTESIAN_POINT ( 'NONE',  ( -0.7642728007677244100, 1.053941206384279700, -0.1968503937007874100 ) ) ;
#1576 = ORIENTED_EDGE ( 'NONE', *, *, #2805, .F. ) ;
#1577 = CARTESIAN_POINT ( 'NONE',  ( 0.7003745554811694500, 1.109486903909763700, -2.060367454068244600 ) ) ;
#1578 = CARTESIAN_POINT ( 'NONE',  ( 0.1228030019831299800, -0.001549198162751968700, 0.7699037620297480800 ) ) ;
#1579 = CARTESIAN_POINT ( 'NONE',  ( 0.6954048260608386400, 1.110322617515921300, -2.060367454068240600 ) ) ;
#1580 = CARTESIAN_POINT ( 'NONE',  ( 0.0000000000000000000, 0.09153543307086616000, 0.7874015748031496500 ) ) ;
#1581 = CARTESIAN_POINT ( 'NONE',  ( -1.108033091542948800, -0.7061733014393583000, -2.060367454068240600 ) ) ;
#1582 = ORIENTED_EDGE ( 'NONE', *, *, #4553, .F. ) ;
#1583 = CARTESIAN_POINT ( 'NONE',  ( 0.09038153715239767600, 1.110236220472441000, -2.548557022372763800 ) ) ;
#1584 = CARTESIAN_POINT ( 'NONE',  ( 0.03864322999806693600, 1.144378037797165300, -2.526788947766846100 ) ) ;
#1585 = CARTESIAN_POINT ( 'NONE',  ( -0.7378068781184731200, -0.8626282286608810700, -2.992125984251973400 ) ) ;
#1586 = CARTESIAN_POINT ( 'NONE',  ( 1.028952602479409600, -0.7589880794554845200, -2.060367454068243700 ) ) ;
#1587 = CARTESIAN_POINT ( 'NONE',  ( 1.110236220472441000, -1.110236220472441000, -0.1968503937007874100 ) ) ;
#1588 = CARTESIAN_POINT ( 'NONE',  ( -0.9279527559055117400, 0.8246073122010001400, -0.1749781277340354800 ) ) ;
#1589 = CARTESIAN_POINT ( 'NONE',  ( -0.1557450946406299700, 1.131583552055992000, -2.680205304754929200 ) ) ;
#1590 = CARTESIAN_POINT ( 'NONE',  ( -1.109374590528771500, -0.7016296763940630400, -0.5074365704286969400 ) ) ;
#1591 = ORIENTED_EDGE ( 'NONE', *, *, #700, .F. ) ;
#1592 = CARTESIAN_POINT ( 'NONE',  ( -1.057272500430996200, -0.7639149224034330600, -1.128608923884515600 ) ) ;
#1593 = B_SPLINE_CURVE_WITH_KNOTS ( 'NONE', 3,
 ( #7169, #3375, #1448, #5938, #703, #7994 ),
 .UNSPECIFIED., .F., .F.,
 ( 4, 1, 1, 4 ),
 ( 1.679728361529714900E-016, 0.001197975670863728700, 0.002417670315533871800, 0.003615609116956308000 ),
 .UNSPECIFIED. ) ;
#1594 = CARTESIAN_POINT ( 'NONE',  ( 0.7360730235907874100, -0.1823967744873268300, -0.0000000000000000000 ) ) ;
#1595 = CARTESIAN_POINT ( 'NONE',  ( 0.7119148290572716600, -1.105448062055279800, -2.060367454068244600 ) ) ;
#1596 = ORIENTED_EDGE ( 'NONE', *, *, #3929, .T. ) ;
#1597 = CARTESIAN_POINT ( 'NONE',  ( 1.105448062055279800, 0.7119148290572677700, -2.992125984251968500 ) ) ;
#1598 = CARTESIAN_POINT ( 'NONE',  ( -0.7173146837074329000, -1.101616661993956900, -0.1968503937007874100 ) ) ;
#1599 = CARTESIAN_POINT ( 'NONE',  ( 0.7618448995876850900, -1.065122253766173300, -0.5074365704286969400 ) ) ;
#1600 = B_SPLINE_SURFACE_WITH_KNOTS ( 'NONE', 3, 3, ( 
 ( #691, #5164, #1322, #2679, #7754, #6455, #2059, #750, #7804, #663, #5897 ),
 ( #2594, #2704, #4552, #1292, #7156, #6481, #7723, #5810, #2622, #5783, #7125 ),
 ( #2002, #5871, #3948, #7098, #7073, #3278, #1949, #135, #6422, #3223, #3193 ),
 ( #3252, #86, #4609, #775, #3921, #719, #7778, #1375, #5841, #3863, #5191 ),
 ( #1347, #2652, #109, #4583, #4491, #2034, #6506, #3307, #5253, #6535, #7694 ),
 ( #3834, #2196, #4719, #1544, #3977, #7833, #6033, #5308, #6672, #5390, #7867 ) ),
 .UNSPECIFIED., .F., .F., .F.,
 ( 4, 1, 1, 4 ),
 ( 4, 1, 1, 1, 1, 1, 1, 1, 4 ),
 ( 46.08136074161154000, 46.72238638263720400, 47.36341202366283900, 48.00443766468846700 ),
 ( 0.8129679360871900900, 0.9503856690248000400, 1.087803401962409900, 1.156512268431210400, 1.225221134900019900, 1.293930001368820000, 1.362638867837630000, 1.500056600775240100, 1.637474333712839900 ),
 .UNSPECIFIED. ) ;
#1601 = CARTESIAN_POINT ( 'NONE',  ( 1.028953034820992100, -0.7589873557274842100, -0.1968503937007874400 ) ) ;
#1602 = CARTESIAN_POINT ( 'NONE',  ( 0.1337290113004449000, 0.07273870726820080800, -2.952755905511811100 ) ) ;
#1603 = CARTESIAN_POINT ( 'NONE',  ( 0.7023879734236339000, 1.109088367905878100, -0.5074365704286969400 ) ) ;
#1604 = VERTEX_POINT ( 'NONE', #8298 ) ;
#1605 = CARTESIAN_POINT ( 'NONE',  ( 0.09402469043442519800, 0.07654470191505907700, 0.7742782152230984800 ) ) ;
#1606 = CARTESIAN_POINT ( 'NONE',  ( 0.7016296763940590400, 1.109374590528771500, -1.128608923884515600 ) ) ;
#1607 = CARTESIAN_POINT ( 'NONE',  ( -0.08507316324146849100, 0.09147995529392860500, 0.7677149411578697600 ) ) ;
#1608 = CARTESIAN_POINT ( 'NONE',  ( -1.108033091542948800, -0.7061733014393583000, -0.1968503937007874100 ) ) ;
#1609 = CARTESIAN_POINT ( 'NONE',  ( 1.110233970439102400, -0.9282311026850591500, -0.1749781277340315400 ) ) ;
#1610 = CARTESIAN_POINT ( 'NONE',  ( 1.057499546894264100, 0.7636744025022774700, -0.1968503937007873800 ) ) ;
#1611 = CARTESIAN_POINT ( 'NONE',  ( 1.047580032597574800, -1.066889654611260100, -0.02187226596675591000 ) ) ;
#1612 = B_SPLINE_CURVE_WITH_KNOTS ( 'NONE', 3,
 ( #820, #5861, #1452, #4601, #7261, #5944 ),
 .UNSPECIFIED., .F., .F.,
 ( 4, 1, 1, 4 ),
 ( 0.0000000000000000000, 0.2899741926371326400, 0.7112355692683313100, 1.000000000000000000 ),
 .UNSPECIFIED. ) ;
#1613 = CARTESIAN_POINT ( 'NONE',  ( 1.022873197870755900, 0.9788933469234645200, -0.1968503937007874100 ) ) ;
#1614 = ORIENTED_EDGE ( 'NONE', *, *, #5437, .F. ) ;
#1615 = CARTESIAN_POINT ( 'NONE',  ( -1.030523849900492500, 0.9429096587393148700, -0.1749781277340354800 ) ) ;
#1616 = CARTESIAN_POINT ( 'NONE',  ( -1.022873197870755900, 0.8770121648875594000, -0.02187226596675591000 ) ) ;
#1617 = CARTESIAN_POINT ( 'NONE',  ( 0.08401568594263382500, -0.1231026060500197000, 0.06299212598425198200 ) ) ;
#1618 = CARTESIAN_POINT ( 'NONE',  ( 0.03793485271320473600, 1.126246719160106400, -2.833891715706975800 ) ) ;
#1619 = CARTESIAN_POINT ( 'NONE',  ( -0.7365395562714166500, 1.089170987909426000, -2.992125984251968500 ) ) ;
#1620 = B_SPLINE_CURVE_WITH_KNOTS ( 'NONE', 3,
 ( #317, #2245, #6717, #7376, #2880, #6079 ),
 .UNSPECIFIED., .F., .F.,
 ( 4, 1, 1, 4 ),
 ( -3.122818053498998200, -2.611673481665040000, -2.081754309740280600, -1.551835137815530000 ),
 .UNSPECIFIED. ) ;
#1621 = ORIENTED_EDGE ( 'NONE', *, *, #3591, .T. ) ;
#1622 = VERTEX_POINT ( 'NONE', #60 ) ;
#1623 = CARTESIAN_POINT ( 'NONE',  ( 0.05563086402209515400, -0.08941174478138613800, 0.7873921389668531200 ) ) ;
#1624 = CARTESIAN_POINT ( 'NONE',  ( 0.7549431811966416100, -1.076064190174775600, -2.992125984251968500 ) ) ;
#1625 = FACE_BOUND ( 'NONE', #7397, .T. ) ;
#1626 = CARTESIAN_POINT ( 'NONE',  ( 0.1529940511660010100, 1.153937007874015700, -2.595210423174122600 ) ) ;
#1627 = CARTESIAN_POINT ( 'NONE',  ( -0.7366106222217992900, -1.089068901887649600, -0.5074365704286969400 ) ) ;
#1628 = CARTESIAN_POINT ( 'NONE',  ( 0.7637992319626182300, -1.057805835868259800, -2.060367454068244600 ) ) ;
#1629 = B_SPLINE_SURFACE_WITH_KNOTS ( 'NONE', 3, 3, ( 
 ( #2875, #5487, #1139, #6743, #6268, #3703, #6240, #1758, #2434, #560, #2406 ),
 ( #4813, #1001, #6883, #3729, #4976, #7535, #3121, #1813, #5030, #1615, #6961 ),
 ( #3540, #3754, #5621, #6102, #8245, #4841, #6909, #7615, #2268, #2904, #8219 ),
 ( #3065, #3673, #8191, #4329, #4353, #7562, #536, #3043, #5000, #4157, #1165 ),
 ( #8053, #5648, #3090, #6293, #344, #4184, #1188, #2461, #7396, #977, #371 ),
 ( #6935, #7589, #5675, #6320, #5460, #1844, #36, #7762, #1896, #1244, #5174 ) ),
 .UNSPECIFIED., .F., .F., .F.,
 ( 4, 1, 1, 4 ),
 ( 4, 1, 1, 1, 1, 1, 1, 1, 4 ),
 ( 46.08136074161154000, 46.72238638263720400, 47.36341202366283900, 48.00443766468846700 ),
 ( 0.8129679360871900900, 0.9503856690248000400, 1.087803401962409900, 1.156512268431210400, 1.225221134900019900, 1.293930001368820000, 1.362638867837630000, 1.500056600775240100, 1.637474333712839900 ),
 .UNSPECIFIED. ) ;
#1630 = EDGE_CURVE ( 'NONE', #5235, #8259, #4575, .T. ) ;
#1631 = ORIENTED_EDGE ( 'NONE', *, *, #982, .F. ) ;
#1632 = CARTESIAN_POINT ( 'NONE',  ( 0.7378068781184704500, -0.8626282286608866200, -0.1968503937007874100 ) ) ;
#1633 = CARTESIAN_POINT ( 'NONE',  ( -0.1337290113004449000, 0.07273870726820080800, -2.957130358705161400 ) ) ;
#1634 = CARTESIAN_POINT ( 'NONE',  ( -0.7637992319626182300, 1.057805835868256100, -1.128608923884515600 ) ) ;
#1635 = VERTEX_POINT ( 'NONE', #7048 ) ;
#1636 = CARTESIAN_POINT ( 'NONE',  ( 0.06711732509441338500, 0.09053351062698032600, 0.7808398950131221200 ) ) ;
#1637 = CARTESIAN_POINT ( 'NONE',  ( 0.1968491153113268200, 1.118241469816271700, -2.681811799519282900 ) ) ;
#1638 = CARTESIAN_POINT ( 'NONE',  ( -0.03793485271320473600, 1.110236220472441000, -2.528313008702472300 ) ) ;
#1639 = CARTESIAN_POINT ( 'NONE',  ( -0.1664217845600472800, 1.153934119375358300, -2.609838043617696400 ) ) ;
#1640 = CARTESIAN_POINT ( 'NONE',  ( 1.029023522214547600, -0.7593146768515431900, -0.1968503937007874100 ) ) ;
#1641 = CARTESIAN_POINT ( 'NONE',  ( 1.028952602479409600, -0.7589880794554845200, -2.681539807524059500 ) ) ;
#1642 = CARTESIAN_POINT ( 'NONE',  ( -1.022873197870755900, 0.8770121648875594000, -0.1749781277340354800 ) ) ;
#1643 = CARTESIAN_POINT ( 'NONE',  ( 1.110236220472441200, 0.0000000000000000000, -0.1968503937007874700 ) ) ;
#1644 = FACE_OUTER_BOUND ( 'NONE', #4695, .T. ) ;
#1645 = CARTESIAN_POINT ( 'NONE',  ( -0.7738167753536416800, 0.7980368589790987100, -2.992125984251966700 ) ) ;
#1646 = B_SPLINE_CURVE_WITH_KNOTS ( 'NONE', 3,
 ( #4173, #4200, #389, #915, #8014, #4805 ),
 .UNSPECIFIED., .F., .F.,
 ( 4, 1, 1, 4 ),
 ( 0.0000000000000000000, 0.001198132416100853200, 0.002418024191697974300, 0.003616193483198519600 ),
 .UNSPECIFIED. ) ;
#1647 = CARTESIAN_POINT ( 'NONE',  ( 0.1053130548111442900, -0.007358174660463989400, 0.7873996689902934600 ) ) ;
#1648 = CARTESIAN_POINT ( 'NONE',  ( 0.3702728364785276000, -0.6629341840565985400, 0.006999125109362205200 ) ) ;
#1649 = CARTESIAN_POINT ( 'NONE',  ( 0.7593146768515431900, -1.029023522214547600, -1.128608923884515600 ) ) ;
#1650 = CARTESIAN_POINT ( 'NONE',  ( 1.105448062055279800, 0.7119148290572677700, -2.681539807524059500 ) ) ;
#1651 = CARTESIAN_POINT ( 'NONE',  ( -1.057805835868256100, 0.7637992319626142300, -2.060367454068244600 ) ) ;
#1652 = CARTESIAN_POINT ( 'NONE',  ( -0.7310639536100825800, 0.9382553524242599500, -0.1968503937007874100 ) ) ;
#1653 = FACE_OUTER_BOUND ( 'NONE', #6947, .T. ) ;
#1654 = CARTESIAN_POINT ( 'NONE',  ( -0.03051586097098820200, -0.1226143411448661600, -3.495188101487315200 ) ) ;
#1655 = CARTESIAN_POINT ( 'NONE',  ( -0.7631258898213025800, -1.060085487004329500, -2.992125984251968100 ) ) ;
#1656 = EDGE_CURVE ( 'NONE', #6339, #4880, #961, .T. ) ;
#1657 = CARTESIAN_POINT ( 'NONE',  ( -0.9876700203231734100, -0.8410053028255472000, -0.1968503937007874100 ) ) ;
#1658 = CARTESIAN_POINT ( 'NONE',  ( -1.110038567578169400, -0.6887898905127283200, -1.128608923884511800 ) ) ;
#1659 = VERTEX_POINT ( 'NONE', #1979 ) ;
#1660 = CARTESIAN_POINT ( 'NONE',  ( -0.1412742653159843000, 1.110236220472441000, -2.540380452650441400 ) ) ;
#1661 = DIRECTION ( 'NONE',  ( -0.0000000000000000000, -0.0000000000000000000, 1.000000000000000000 ) ) ;
#1662 = CARTESIAN_POINT ( 'NONE',  ( -0.6954048260608425300, 1.110322617515925500, -2.060367454068240600 ) ) ;
#1663 = B_SPLINE_CURVE_WITH_KNOTS ( 'NONE', 3,
 ( #7355, #2307, #5553, #3523, #1013, #6779, #7464, #2861, #2915, #1064, #8091 ),
 .UNSPECIFIED., .F., .F.,
 ( 4, 1, 1, 1, 1, 1, 1, 1, 4 ),
 ( 0.0000000000000000000, 0.1650999487282002500, 0.3325499743641002200, 0.4162749871820545200, 0.5000000000000002200, 0.5837250128179545200, 0.6674500256359088300, 0.8349000512718078900, 1.000000000000000000 ),
 .UNSPECIFIED. ) ;
#1664 = CARTESIAN_POINT ( 'NONE',  ( -1.104136452828496300, -0.7137832230396693500, -2.681539807524059500 ) ) ;
#1665 = CARTESIAN_POINT ( 'NONE',  ( -0.1757441378990236600, 1.153934119375358300, -2.684113367959452700 ) ) ;
#1666 = CARTESIAN_POINT ( 'NONE',  ( 1.022873197870755900, 0.9788933469234686300, -0.1312335958005236600 ) ) ;
#1667 = B_SPLINE_CURVE_WITH_KNOTS ( 'NONE', 3,
 ( #6928, #3644, #3669, #2402, #1724, #6205 ),
 .UNSPECIFIED., .F., .F.,
 ( 4, 1, 1, 4 ),
 ( 0.0000000000000000000, 0.3333333333333301500, 0.6666666666666651900, 1.000000000000000000 ),
 .UNSPECIFIED. ) ;
#1668 = EDGE_LOOP ( 'NONE', ( #5623, #5909 ) ) ;
#1669 = CARTESIAN_POINT ( 'NONE',  ( -0.1771469755377512200, 1.153936934959982000, -2.708636774239899100 ) ) ;
#1670 = CARTESIAN_POINT ( 'NONE',  ( 0.1302174502294921600, 1.153988124042724300, -2.553425458315677700 ) ) ;
#1671 = CARTESIAN_POINT ( 'NONE',  ( -1.096632244637934200, 0.7253838148715200400, -0.1968503937007874100 ) ) ;
#1672 = EDGE_CURVE ( 'NONE', #531, #6835, #5877, .T. ) ;
#1673 = ADVANCED_FACE ( 'NONE', ( #2862 ), #7726, .T. ) ;
#1674 = CARTESIAN_POINT ( 'NONE',  ( 0.1446818157067244500, 0.0009658267581614175800, 0.02362204724409449500 ) ) ;
#1675 = ORIENTED_EDGE ( 'NONE', *, *, #6352, .F. ) ;
#1676 = CARTESIAN_POINT ( 'NONE',  ( 0.03526368610020472900, -0.1419330633355000400, 0.02362204724409453300 ) ) ;
#1677 = CARTESIAN_POINT ( 'NONE',  ( 1.066889654611260100, 1.047580032597574800, -0.02187226596675591000 ) ) ;
#1678 = CARTESIAN_POINT ( 'NONE',  ( -0.1678503702032556300, 1.153937007874015900, -2.629669232959943100 ) ) ;
#1679 = CARTESIAN_POINT ( 'NONE',  ( -0.7479053414235590200, -1.081314661062031700, -0.5074365704286969400 ) ) ;
#1680 = CARTESIAN_POINT ( 'NONE',  ( -0.7310639536100825800, 0.9382553524242599500, -1.128608923884515600 ) ) ;
#1681 = CARTESIAN_POINT ( 'NONE',  ( -0.1249949962596299800, 0.001118440903629921800, -3.495188101487315200 ) ) ;
#1682 = CARTESIAN_POINT ( 'NONE',  ( -0.7549431811966416100, 1.076064190174775600, -2.681539807524059500 ) ) ;
#1683 = ORIENTED_EDGE ( 'NONE', *, *, #5678, .T. ) ;
#1684 = CARTESIAN_POINT ( 'NONE',  ( 0.1251868892878802200, -0.001579271644449370500, 0.7675196850393700700 ) ) ;
#1685 = CARTESIAN_POINT ( 'NONE',  ( 0.6887898905127244300, 1.110038567578169400, -0.5074365704286969400 ) ) ;
#1686 = CARTESIAN_POINT ( 'NONE',  ( -0.09746816833348823100, 1.110236220472441000, -2.507213403735209000 ) ) ;
#1687 = CARTESIAN_POINT ( 'NONE',  ( 1.023622736685190200, 1.085992159574437300, 0.0000000000000000000 ) ) ;
#1688 = CARTESIAN_POINT ( 'NONE',  ( -1.108204637752976400, -0.7053811463581142200, -1.128608923884511800 ) ) ;
#1689 = CARTESIAN_POINT ( 'NONE',  ( -1.081314661062035700, -0.7479053414235590200, -0.5074365704286969400 ) ) ;
#1690 = CARTESIAN_POINT ( 'NONE',  ( -1.110322617515925500, 0.6954048260608386400, -2.992125984251968500 ) ) ;
#1691 = VERTEX_POINT ( 'NONE', #3255 ) ;
#1692 = CARTESIAN_POINT ( 'NONE',  ( 0.8255996794046417400, 0.9265857566923937400, -0.1968503937007874100 ) ) ;
#1693 = CARTESIAN_POINT ( 'NONE',  ( -0.7594092295902990000, -1.029654069748488200, -2.992125984251968500 ) ) ;
#1694 = CARTESIAN_POINT ( 'NONE',  ( -0.05530452939226378200, 0.09725117840085434300, 0.7808398950131221200 ) ) ;
#1695 = CARTESIAN_POINT ( 'NONE',  ( 0.0000000000000000000, 1.153988124042724300, -2.499399688363771700 ) ) ;
#1696 = CARTESIAN_POINT ( 'NONE',  ( -0.1302174502294921600, 1.153988124042724300, -2.808779266093771800 ) ) ;
#1697 = ORIENTED_EDGE ( 'NONE', *, *, #21, .T. ) ;
#1698 = CARTESIAN_POINT ( 'NONE',  ( 0.08167505061360565100, -0.06644894228078493400, 0.7873626550470220800 ) ) ;
#1699 = EDGE_CURVE ( 'NONE', #4215, #7591, #1968, .T. ) ;
#1700 = CARTESIAN_POINT ( 'NONE',  ( -0.1968491153113268200, 1.134251968503936900, -2.680392924890161700 ) ) ;
#1702 = CARTESIAN_POINT ( 'NONE',  ( -1.108626020972166600, -0.7038785125588548100, -2.992125984251968500 ) ) ;
#1701 = CARTESIAN_POINT ( 'NONE',  ( -1.057272500430996200, 0.7639149224034330600, -2.992125984251968500 ) ) ;
#1703 = CARTESIAN_POINT ( 'NONE',  ( -0.1460437209219534700, 1.153937007874015700, -2.583912019638118500 ) ) ;
#1704 = CARTESIAN_POINT ( 'NONE',  ( -1.096632244641353700, 0.7253838148664076800, -2.992125984251968500 ) ) ;
#1705 = CARTESIAN_POINT ( 'NONE',  ( -0.7311036405941849800, 0.9272433185909526600, -2.060367454068240600 ) ) ;
#1706 = B_SPLINE_SURFACE_WITH_KNOTS ( 'NONE', 3, 3, ( 
 ( #7759, #1982, #1926, #672, #7701, #2546 ),
 ( #6488, #7053, #3286, #7785, #63, #6460 ),
 ( #5172, #726, #1355, #5763, #3841, #4529 ),
 ( #114, #4498, #5143, #7731, #7674, #4471 ),
 ( #5198, #7020, #1381, #2574, #2658, #7132 ),
 ( #4589, #3231, #2631, #3815, #697, #756 ) ),
 .UNSPECIFIED., .F., .F., .F.,
 ( 4, 1, 1, 4 ),
 ( 4, 1, 1, 4 ),
 ( -2.126066776463539900, -1.417377850975700000, -0.7086889254878500100, 0.0000000000000000000 ),
 ( 18.93221574889436100, 18.96548690496761900, 18.99875806104089900, 19.03202921711417900 ),
 .UNSPECIFIED. ) ;
#1707 = ORIENTED_EDGE ( 'NONE', *, *, #5311, .T. ) ;
#1708 = CARTESIAN_POINT ( 'NONE',  ( -0.1251725047065984900, -0.01871959219484252400, -3.020559930008748200 ) ) ;
#1709 = CARTESIAN_POINT ( 'NONE',  ( 0.9291338582658956700, 1.110236200018592800, -0.1968503937007874400 ) ) ;
#1710 = ADVANCED_FACE ( 'NONE', ( #3151 ), #8032, .T. ) ;
#1711 = CARTESIAN_POINT ( 'NONE',  ( -0.8255996794046417400, -0.9293197551186300800, -0.1749781277340315400 ) ) ;
#1712 = CARTESIAN_POINT ( 'NONE',  ( 0.1558869637127283900, 1.131583552055992000, -2.657368430785547200 ) ) ;
#1713 = ORIENTED_EDGE ( 'NONE', *, *, #6289, .F. ) ;
#1714 = VERTEX_POINT ( 'NONE', #4376 ) ;
#1715 = CARTESIAN_POINT ( 'NONE',  ( -0.6927299607301727900, -1.110236281231658400, -0.1968503937007874400 ) ) ;
#1716 = CARTESIAN_POINT ( 'NONE',  ( 1.107445675074389500, -0.7072881488253229800, -1.128608923884515600 ) ) ;
#1717 = CARTESIAN_POINT ( 'NONE',  ( -0.1249919725862551100, 0.01954230104899014300, -2.992125984251969000 ) ) ;
#1718 = CARTESIAN_POINT ( 'NONE',  ( -1.101663991491527600, -0.7176078221647795900, -0.1968503937007874100 ) ) ;
#1719 = B_SPLINE_CURVE_WITH_KNOTS ( 'NONE', 3,
 ( #2008, #755, #140, #4614, #5258, #6541 ),
 .UNSPECIFIED., .F., .F.,
 ( 4, 1, 1, 4 ),
 ( 0.0000000000000000000, 6.400984714164077500E-005, 0.0002228045788693068200, 0.0002868697337853365600 ),
 .UNSPECIFIED. ) ;
#1720 = FACE_OUTER_BOUND ( 'NONE', #4934, .T. ) ;
#1721 = CARTESIAN_POINT ( 'NONE',  ( 0.6966426451231498800, 1.110134101196099200, -2.992125984251968500 ) ) ;
#1722 = EDGE_CURVE ( 'NONE', #7512, #3492, #1667, .T. ) ;
#1723 = CARTESIAN_POINT ( 'NONE',  ( 0.9876700203231734100, 1.014900208985472200, -0.06561679790026378500 ) ) ;
#1724 = CARTESIAN_POINT ( 'NONE',  ( 0.7475810392626731600, 1.081538896983668800, -2.681539807524058200 ) ) ;
#1725 = B_SPLINE_CURVE_WITH_KNOTS ( 'NONE', 3,
 ( #2598, #2569, #5698, #3837, #3170, #7076 ),
 .UNSPECIFIED., .F., .F.,
 ( 4, 1, 1, 4 ),
 ( 3.429842684666497200E-016, 0.001197975670863838200, 0.002417670315533914800, 0.003615609116956294600 ),
 .UNSPECIFIED. ) ;
#1726 = ORIENTED_EDGE ( 'NONE', *, *, #2700, .F. ) ;
#1727 = CARTESIAN_POINT ( 'NONE',  ( -0.6936092895046368500, -1.110236408271176600, -2.992125984251970300 ) ) ;
#1728 = ORIENTED_EDGE ( 'NONE', *, *, #650, .T. ) ;
#1729 = CARTESIAN_POINT ( 'NONE',  ( -0.1957805014869921900, 1.144378037797165300, -2.653178942551107000 ) ) ;
#1730 = CARTESIAN_POINT ( 'NONE',  ( -0.1352255191655276400, 1.152548769262433000, -2.813689627455397500 ) ) ;
#1731 = B_SPLINE_CURVE_WITH_KNOTS ( 'NONE', 3,
 ( #405, #1647, #4163, #2966, #7486, #8033, #6775, #7430, #2248, #985, #5570, #2938, #3545, #1037, #5519, #6721, #6083, #1698, #6159, #2331, #2990, #4819, #6799, #430, #1059, #6187, #2353, #6828, #4275, #461, #2883, #351, #2277, #7379, #6750, #5467, #1623, #5032, #3044, #2408, #6963, #2489, #487, #4356, #4382, #8166, #5649, #3705, #562, #4977, #3755, #1190, #1166, #4305, #8221, #1761, #4953, #6270, #1815, #7590, #537, #1732, #6295, #6242, #1140, #1786, #3730, #6936, #1113, #7509, #2463, #6885, #5002, #8247, #6211, #3092, #3123, #7563, #5676, #7537, #8194, #3651, #1845, #6322, #5597, #7618, #8276, #4411, #5624, #590, #5063, #1219, #3676, #2381, #4330, #511, #2436 ),
 .UNSPECIFIED., .F., .F.,
 ( 4, 2, 2, 2, 2, 2, 1, 1, 2, 2, 1, 2, 2, 1, 2, 2, 2, 2, 1, 1, 2, 2, 2, 2, 2, 2, 1, 2, 2, 1, 2, 2, 2, 2, 2, 1, 2, 2, 1, 1, 2, 2, 2, 2, 2, 2, 2, 2, 2, 2, 2, 1, 1, 1, 1, 4 ),
 ( 0.0000000000000000000, 0.06250000000005515000, 0.1250000000001102700, 0.1406250000001239800, 0.1425781250001257900, 0.1445312500001275900, 0.1484375000001311500, 0.1562500000001382500, 0.1875000000001665600, 0.2500000000002232700, 0.2812500000002516300, 0.2851562500002552400, 0.2871093750002571300, 0.2890625000002590200, 0.2968750000002671200, 0.3125000000002834400, 0.3437500000003159700, 0.3515625000003240700, 0.3554687500003281800, 0.3564453125003291800, 0.3569335937503297400, 0.3574218750003302900, 0.3593750000003295100, 0.3750000000003213500, 0.4062500000003050900, 0.4218750000002969300, 0.4257812500002948800, 0.4277343750002938200, 0.4287109375002933200, 0.4296875000002927700, 0.4375000000002886000, 0.5000000000002552400, 0.5625000000002219300, 0.5703125000002177100, 0.5781250000002135000, 0.5937500000002051700, 0.6250000000001885200, 0.6562500000001719700, 0.6875000000001553200, 0.6914062500001533200, 0.6933593750001524300, 0.6953125000001514300, 0.7031250000001475500, 0.7187500000001398900, 0.7500000000001244600, 0.7578125000001205700, 0.7656250000001166800, 0.7812500000001089100, 0.8125000000000935900, 0.8144531250000925900, 0.8164062500000917000, 0.8203125000000898200, 0.8281250000000859300, 0.8437500000000781600, 0.8750000000000625100, 1.000000000000000000 ),
 .UNSPECIFIED. ) ;
#1732 = CARTESIAN_POINT ( 'NONE',  ( -0.03397340944794063900, -0.09970507584068927200, 0.7873993703396723300 ) ) ;
#1733 = CARTESIAN_POINT ( 'NONE',  ( -0.04788271554519685900, 1.126246719160106400, -2.874255262171078900 ) ) ;
#1735 = CARTESIAN_POINT ( 'NONE',  ( 0.7566742686776338800, -1.025508191967476900, -2.060367454068244600 ) ) ;
#1734 = CARTESIAN_POINT ( 'NONE',  ( 0.9006284698872092400, 0.7294072714244842500, -2.992125984251966700 ) ) ;
#1736 = CARTESIAN_POINT ( 'NONE',  ( -0.1451671680402160700, 1.153937007874015700, -2.582608385760300200 ) ) ;
#1737 = CARTESIAN_POINT ( 'NONE',  ( -0.7441482841840275600, -1.083913278540055400, -1.128608923884515600 ) ) ;
#1738 = CARTESIAN_POINT ( 'NONE',  ( 1.089068901887649600, 0.7366106222218031800, -2.681539807524063100 ) ) ;
#1739 = DIRECTION ( 'NONE',  ( -0.0000000000000000000, -0.0000000000000000000, -1.000000000000000000 ) ) ;
#1740 = AXIS2_PLACEMENT_3D ( 'NONE', #2525, #596, #7654 ) ;
#1741 = CARTESIAN_POINT ( 'NONE',  ( -0.9451014140148467100, -1.110318066288362500, 0.0000000000000000000 ) ) ;
#1742 = LENGTH_MEASURE_WITH_UNIT ( LENGTH_MEASURE( 0.02539999999999999900 ), #3800 );
#1743 = CARTESIAN_POINT ( 'NONE',  ( -0.8330323139402675500, -0.8770121648875594000, -0.1749781277340315400 ) ) ;
#1744 = CARTESIAN_POINT ( 'NONE',  ( -0.03793485271320473600, 1.112904636920386100, -2.528313008702472300 ) ) ;
#1745 = DIRECTION ( 'NONE',  ( 0.0000000000000000000, 0.0000000000000000000, 1.000000000000000000 ) ) ;
#1746 = CARTESIAN_POINT ( 'NONE',  ( 1.108204637752976400, -0.7053811463581102200, -0.5074365704286969400 ) ) ;
#1747 = CARTESIAN_POINT ( 'NONE',  ( 0.03051586097098820200, 0.1226143411448661600, -2.992125984251969000 ) ) ;
#1748 = VECTOR ( 'NONE', #3858, 39.37007874015748100 ) ;
#1749 = CARTESIAN_POINT ( 'NONE',  ( -1.083913278540059400, -0.7441482841840275600, -1.128608923884515600 ) ) ;
#1750 = CARTESIAN_POINT ( 'NONE',  ( 0.6936092895046409600, -1.110236408271177300, -2.992125984251975200 ) ) ;
#1751 = B_SPLINE_SURFACE_WITH_KNOTS ( 'NONE', 3, 3, ( 
 ( #4561, #93, #6490, #2336, #2282, #2308 ),
 ( #1041, #3495, #6780, #8007, #8116, #3605 ),
 ( #1705, #4168, #960, #4195, #5522, #357 ),
 ( #4823, #1680, #2943, #5498, #4878, #7434 ),
 ( #6115, #990, #4143, #6166, #2972, #5471 ),
 ( #438, #1652, #4853, #4222, #5554, #6805 ) ),
 .UNSPECIFIED., .F., .F., .F.,
 ( 4, 1, 1, 4 ),
 ( 4, 1, 1, 4 ),
 ( 0.0000000000000000000, 4.733333333333361800, 9.466666666666713000, 14.20000000000006000 ),
 ( -0.002000000000000000500, 0.09106439159076000500, 0.1841287831815200400, 0.2771931747722900000 ),
 .UNSPECIFIED. ) ;
#1752 = CARTESIAN_POINT ( 'NONE',  ( 0.8682354914878504000, 1.014900208985472200, -0.1749781277340315400 ) ) ;
#1753 = CARTESIAN_POINT ( 'NONE',  ( 1.076064190174771800, -0.7549431811966416100, -2.992125984251968500 ) ) ;
#1754 = UNCERTAINTY_MEASURE_WITH_UNIT (LENGTH_MEASURE( 1.000000000000000100E-005 ), #8213, 'distance_accuracy_value', 'NONE');
#1755 = CARTESIAN_POINT ( 'NONE',  ( -1.022873197870755900, 0.8770121648875594000, 0.0000000000000000000 ) ) ;
#1756 = CARTESIAN_POINT ( 'NONE',  ( 0.1424231651923819100, 1.134251968503936900, -2.541457877216004100 ) ) ;
#1757 = CARTESIAN_POINT ( 'NONE',  ( 0.1704081797803307700, 1.153988124042724300, -2.754073715359031600 ) ) ;
#1758 = CARTESIAN_POINT ( 'NONE',  ( -0.9876700203231734100, 1.014900208985472200, -0.1968503937007874100 ) ) ;
#1759 = ADVANCED_FACE ( 'NONE', ( #6770 ), #5294, .T. ) ;
#1760 = LINE ( 'NONE', #2384, #6962 ) ;
#1761 = CARTESIAN_POINT ( 'NONE',  ( -0.008541863335395315900, -0.1053123525518595400, 0.7874035557728849000 ) ) ;
#1762 = CARTESIAN_POINT ( 'NONE',  ( 0.09746816833348823100, 1.131583552055992000, -2.854991320674237000 ) ) ;
#1763 = CARTESIAN_POINT ( 'NONE',  ( 0.7046512160692284300, 1.108398963774295700, -2.992125984251968500 ) ) ;
#1764 = CARTESIAN_POINT ( 'NONE',  ( -1.008932729790676900, -0.7469057087232008300, -2.992125984251968500 ) ) ;
#1765 = CARTESIAN_POINT ( 'NONE',  ( -1.074917021823730500, -0.7556667672796139000, -2.992125984251968500 ) ) ;
#1766 = CARTESIAN_POINT ( 'NONE',  ( 0.06192752884851066700, 1.153937007874015700, -2.845213834381996200 ) ) ;
#1767 = CARTESIAN_POINT ( 'NONE',  ( 0.1156637036326063400, -0.06262578429423626400, -2.952755905511811100 ) ) ;
#1768 = CARTESIAN_POINT ( 'NONE',  ( -0.08968624851009841800, 0.7465127032399607700, 0.0000000000000000000 ) ) ;
#1769 = EDGE_LOOP ( 'NONE', ( #6041, #1468, #2547, #2207, #5137, #1006, #2519, #4810, #6106, #7585, #3463, #4381, #3776, #142, #1098, #6997 ) ) ;
#1770 = EDGE_CURVE ( 'NONE', #7617, #6587, #6181, .T. ) ;
#1771 = CARTESIAN_POINT ( 'NONE',  ( -0.8330323139402675500, -0.8770121648875594000, -0.1968503937007874100 ) ) ;
#1772 = CARTESIAN_POINT ( 'NONE',  ( 0.1558869637127283900, 1.112904636920386100, -2.657368430785547200 ) ) ;
#1773 = CARTESIAN_POINT ( 'NONE',  ( -1.047157685346673500, 1.067227259123860500, -0.1968503937007875200 ) ) ;
#1774 = CARTESIAN_POINT ( 'NONE',  ( 0.9457032319186164900, 1.110234704581635600, 0.0000000000000000000 ) ) ;
#1775 = CARTESIAN_POINT ( 'NONE',  ( -0.7016296763940630400, 1.109374590528771500, -0.5074365704286969400 ) ) ;
#1776 = ORIENTED_EDGE ( 'NONE', *, *, #3162, .T. ) ;
#1777 = CARTESIAN_POINT ( 'NONE',  ( -1.104136452828496300, -0.7137832230396693500, -1.128608923884515600 ) ) ;
#1778 = CARTESIAN_POINT ( 'NONE',  ( 0.7589873301296452500, 1.028953050111380800, -2.992125984251968100 ) ) ;
#1779 = CARTESIAN_POINT ( 'NONE',  ( 1.030305832406381800, 0.9265857566923937400, -0.1749781277340315400 ) ) ;
#1780 = CARTESIAN_POINT ( 'NONE',  ( 1.103922707985718600, 0.7141138414599870200, -0.1968503937007873800 ) ) ;
#1781 = CARTESIAN_POINT ( 'NONE',  ( 1.053941206384275700, -0.7642728007677205300, -2.681539807524059500 ) ) ;
#1782 = CARTESIAN_POINT ( 'NONE',  ( 0.1771653543107209200, 1.153936964125595400, -2.681102362204710800 ) ) ;
#1783 = CARTESIAN_POINT ( 'NONE',  ( -0.9530213658428109400, -1.028348482669716500, -0.1312335958005236600 ) ) ;
#1784 = CARTESIAN_POINT ( 'NONE',  ( -1.030314616339698800, 0.9279527559609371800, 0.0000000000000000000 ) ) ;
#1785 = ORIENTED_EDGE ( 'NONE', *, *, #1546, .F. ) ;
#1786 = CARTESIAN_POINT ( 'NONE',  ( -0.05649059789142742100, -0.08894317535414926500, 0.7874012563176316900 ) ) ;
#1787 = EDGE_CURVE ( 'NONE', #4324, #519, #3593, .T. ) ;
#1788 = CARTESIAN_POINT ( 'NONE',  ( -0.09746816833348823100, 1.131583552055992000, -2.854991320674237000 ) ) ;
#1790 = CARTESIAN_POINT ( 'NONE',  ( 0.7651677351667085500, -1.049803909796291500, -2.992125984251968500 ) ) ;
#1789 = CARTESIAN_POINT ( 'NONE',  ( 0.7311032995713802100, 0.9071630692873157200, -2.992125984251968100 ) ) ;
#1791 = ORIENTED_EDGE ( 'NONE', *, *, #8029, .F. ) ;
#1792 = CARTESIAN_POINT ( 'NONE',  ( -0.1434394039575991900, 1.153937007874016100, -2.580109835657326700 ) ) ;
#1793 = DIRECTION ( 'NONE',  ( -0.0000000000000000000, -0.0000000000000000000, -1.000000000000000000 ) ) ;
#1794 = CARTESIAN_POINT ( 'NONE',  ( 0.01111041755045446400, 1.153937007874015400, -2.856537404623860100 ) ) ;
#1795 = B_SPLINE_SURFACE_WITH_KNOTS ( 'NONE', 3, 3, ( 
 ( #7006, #8315, #4454, #4393, #7038, #3189 ),
 ( #7827, #3972, #4513, #6474, #105, #3914 ),
 ( #4631, #2027, #5777, #5804, #1287, #1942 ),
 ( #6447, #1314, #3215, #4576, #6415, #7717 ),
 ( #797, #3247, #50, #744, #3944, #3855 ),
 ( #2699, #1969, #2615, #3331, #128, #5214 ) ),
 .UNSPECIFIED., .F., .F., .F.,
 ( 4, 1, 1, 4 ),
 ( 4, 1, 1, 4 ),
 ( -2.126066776463539900, -1.417377850975700000, -0.7086889254878500100, 0.0000000000000000000 ),
 ( 3.195192748899700500, 3.228463904972980200, 3.261735061046250600, 3.295006217119520000 ),
 .UNSPECIFIED. ) ;
#1796 = CARTESIAN_POINT ( 'NONE',  ( 0.07270040754172836500, -0.1062935698246890300, -3.156167979002622900 ) ) ;
#1797 = CARTESIAN_POINT ( 'NONE',  ( -0.9451014140148467100, -1.110318066288362500, -0.06561679790026378500 ) ) ;
#1798 = VERTEX_POINT ( 'NONE', #4527 ) ;
#1799 = CARTESIAN_POINT ( 'NONE',  ( 0.7475806083234715100, 1.081538273903763600, -0.1968503937007873800 ) ) ;
#1800 = CARTESIAN_POINT ( 'NONE',  ( 0.0000000000000000000, 1.126246719160106400, -2.523875521887012100 ) ) ;
#1801 = CARTESIAN_POINT ( 'NONE',  ( -0.8682354914878504000, -0.8410053028255510800, -0.1968503937007874100 ) ) ;
#1802 = CARTESIAN_POINT ( 'NONE',  ( 1.110261735596846700, -0.6910086409841851300, -2.681539807524059500 ) ) ;
#1803 = CARTESIAN_POINT ( 'NONE',  ( -0.1156637036326063400, 0.06262578429423626400, 0.7751574803149606800 ) ) ;
#1804 = CARTESIAN_POINT ( 'NONE',  ( -1.110134101196151900, -0.6966426451227906200, -2.992125984251974700 ) ) ;
#1805 = CARTESIAN_POINT ( 'NONE',  ( 0.7031063972595306100, 1.108855069386813800, -2.992125984251968500 ) ) ;
#1806 =( NAMED_UNIT ( * ) SI_UNIT ( $, .STERADIAN. ) SOLID_ANGLE_UNIT ( ) );
#1807 = CARTESIAN_POINT ( 'NONE',  ( 1.110236220472441000, -0.6927299607347681100, -1.496062992125984500 ) ) ;
#1808 = CARTESIAN_POINT ( 'NONE',  ( -0.9282311026850591500, 1.110233970439102400, -0.1968503937007874100 ) ) ;
#1809 = ORIENTED_EDGE ( 'NONE', *, *, #431, .F. ) ;
#1810 = CARTESIAN_POINT ( 'NONE',  ( -0.1253544743452088600, 0.01170498638164551300, 0.7675196850393700700 ) ) ;
#1811 = CARTESIAN_POINT ( 'NONE',  ( -0.8682354914878504000, -1.014900208985476400, -0.1312335958005236600 ) ) ;
#1812 = CARTESIAN_POINT ( 'NONE',  ( -1.110236220472441200, 0.0000000000000000000, -0.1968503937007874700 ) ) ;
#1813 = CARTESIAN_POINT ( 'NONE',  ( -0.9876700203231734100, 1.014900208985472200, -0.1749781277340354800 ) ) ;
#1814 = EDGE_LOOP ( 'NONE', ( #2876, #352, #84, #7560, #7252, #1068, #8069, #1923, #1809, #6918, #5193, #4543, #5600, #5237, #5126, #6321 ) ) ;
#1815 = CARTESIAN_POINT ( 'NONE',  ( -0.02793180891633228700, -0.1015487488644705700, 0.7874005388338010100 ) ) ;
#1816 = EDGE_CURVE ( 'NONE', #4971, #3534, #4241, .T. ) ;
#1817 = CARTESIAN_POINT ( 'NONE',  ( -0.1412742653159843000, 1.118241469816271700, -2.821824271759007600 ) ) ;
#1818 = CARTESIAN_POINT ( 'NONE',  ( -0.03290237531492895600, 0.1207103183597065400, -2.952755905511810700 ) ) ;
#1819 = CARTESIAN_POINT ( 'NONE',  ( -1.028952602479410200, 0.7589880794554850800, -1.128608923884515400 ) ) ;
#1820 = COLOUR_RGB ( '',0.7921568627450980000, 0.8196078431372548800, 0.9333333333333333500 ) ;
#1821 = CARTESIAN_POINT ( 'NONE',  ( 1.081538273903763100, -0.7475806083234697300, -2.992125984251968500 ) ) ;
#1822 = CARTESIAN_POINT ( 'NONE',  ( -0.7176078221647755900, -1.101663991491527600, -2.060367454068240600 ) ) ;
#1823 = CARTESIAN_POINT ( 'NONE',  ( -0.1694173181525732400, 1.153937007874015700, -2.727090484589021800 ) ) ;
#1824 = EDGE_LOOP ( 'NONE', ( #8267, #3000 ) ) ;
#1825 = CARTESIAN_POINT ( 'NONE',  ( 0.7631258898213024700, 1.060085487004329700, -2.992125984251968500 ) ) ;
#1826 = CARTESIAN_POINT ( 'NONE',  ( 0.6631499799855394800, 0.3699185312724016000, 0.0000000000000000000 ) ) ;
#1827 = ORIENTED_EDGE ( 'NONE', *, *, #243, .F. ) ;
#1828 = CARTESIAN_POINT ( 'NONE',  ( -1.030523849900492500, -0.9129958530717085000, 0.0000000000000000000 ) ) ;
#1829 = CARTESIAN_POINT ( 'NONE',  ( 0.03793485271320473600, 1.118241469816271700, -2.528313008702476300 ) ) ;
#1830 = CARTESIAN_POINT ( 'NONE',  ( -0.7031063972595307200, -1.108855069386813800, -0.1968503937007874100 ) ) ;
#1831 = DIRECTION ( 'NONE',  ( -0.0000000000000000000, -1.000000000000000000, -0.0000000000000000000 ) ) ;
#1832 = ORIENTED_EDGE ( 'NONE', *, *, #4523, .T. ) ;
#1833 = CARTESIAN_POINT ( 'NONE',  ( -0.1251725047065984900, 0.01871959219484252400, 0.7701968503937007800 ) ) ;
#1834 = CARTESIAN_POINT ( 'NONE',  ( 0.2142136135413897600, -0.7237849185444172900, 0.06299212598425216200 ) ) ;
#1835 = CARTESIAN_POINT ( 'NONE',  ( 0.7738167753536416800, -0.7980368589790987100, -2.992125984251968500 ) ) ;
#1836 = EDGE_CURVE ( 'NONE', #7192, #6494, #4893, .T. ) ;
#1837 = CARTESIAN_POINT ( 'NONE',  ( 0.8255986020966521500, -0.9119955868668673200, 0.0000000000000000000 ) ) ;
#1838 = CARTESIAN_POINT ( 'NONE',  ( -0.7328273577879370600, -0.9609539274657166200, -2.992125984251972500 ) ) ;
#1839 = CARTESIAN_POINT ( 'NONE',  ( -0.9282311026850631500, 1.110233970439106400, -0.1312335958005236600 ) ) ;
#1840 = CARTESIAN_POINT ( 'NONE',  ( 0.03526368610020472900, -0.1419330633355000400, 0.06299212598425198200 ) ) ;
#1841 = CARTESIAN_POINT ( 'NONE',  ( -1.030523849900492500, -0.9429096587393148700, -0.02187226596675591000 ) ) ;
#1842 = VERTEX_POINT ( 'NONE', #6347 ) ;
#1843 = CARTESIAN_POINT ( 'NONE',  ( 0.1863811055754370500, 1.137382512314488100, -2.760913563132795500 ) ) ;
#1844 = CARTESIAN_POINT ( 'NONE',  ( -0.9279527559055117400, 1.031298199610023700, 0.0000000000000000000 ) ) ;
#1845 = CARTESIAN_POINT ( 'NONE',  ( -0.08911689094834485100, -0.05613218041957954800, 0.7873818008910934400 ) ) ;
#1846 = CARTESIAN_POINT ( 'NONE',  ( -0.1853889004854055700, 1.110236220472441000, -2.763028651652783600 ) ) ;
#1847 = CARTESIAN_POINT ( 'NONE',  ( -0.07594132684130772100, 0.1006356648809318000, -2.952755905511811100 ) ) ;
#1848 = CARTESIAN_POINT ( 'NONE',  ( 0.7479053414235590200, -1.081314661062035700, -0.1968503937007874100 ) ) ;
#1849 = VECTOR ( 'NONE', #1745, 39.37007874015748100 ) ;
#1850 = CARTESIAN_POINT ( 'NONE',  ( -1.110236220472441000, 0.6927299607347681100, -1.496062992125984500 ) ) ;
#1851 = CARTESIAN_POINT ( 'NONE',  ( -0.7566742686776338800, -1.025508191967476900, -2.060367454068244600 ) ) ;
#1852 = CARTESIAN_POINT ( 'NONE',  ( -0.1608931760787486500, 1.153937007874015700, -2.751257102431820600 ) ) ;
#1853 = CARTESIAN_POINT ( 'NONE',  ( -0.9530213658428109400, 1.028348482669716500, -0.1968503937007874100 ) ) ;
#1854 = CARTESIAN_POINT ( 'NONE',  ( -0.9876700203231734100, -0.8410053028255472000, -0.1312335958005236600 ) ) ;
#1855 = CARTESIAN_POINT ( 'NONE',  ( 0.1249949962596299800, -0.001118440903629921800, -3.562992125984252300 ) ) ;
#1856 = LINE ( 'NONE', #787, #3358 ) ;
#1857 = CARTESIAN_POINT ( 'NONE',  ( -1.030306909705439100, -0.9119955868264779700, -0.1968503937007874100 ) ) ;
#1858 = CARTESIAN_POINT ( 'NONE',  ( -0.0000000000000000000, -0.1261928294275669600, -2.992125984251968100 ) ) ;
#1859 = CARTESIAN_POINT ( 'NONE',  ( -0.7072881488253229800, 1.107445675074389500, -2.681539807524059500 ) ) ;
#1860 = CARTESIAN_POINT ( 'NONE',  ( 0.6966426451231501100, 1.110134101196099700, -0.1968503937007874400 ) ) ;
#1861 = CARTESIAN_POINT ( 'NONE',  ( 1.029654069748488200, -0.7594092295902990000, -2.681539807524059500 ) ) ;
#1862 = PRODUCT_CONTEXT ( 'NONE', #640, 'mechanical' ) ;
#1863 = CARTESIAN_POINT ( 'NONE',  ( 1.081609771494819000, 0.7479077349249685400, -1.128608923884515600 ) ) ;
#1864 = CARTESIAN_POINT ( 'NONE',  ( -1.081609771494819000, -0.7479077349249685400, -2.060367454068240600 ) ) ;
#1865 = FACE_OUTER_BOUND ( 'NONE', #3124, .T. ) ;
#1866 = CARTESIAN_POINT ( 'NONE',  ( -0.06182430089246502400, 0.1087159800774333700, 0.7676509186351706500 ) ) ;
#1867 = CARTESIAN_POINT ( 'NONE',  ( -0.9279527559055117400, -1.031298199610023700, -0.1749781277340315400 ) ) ;
#1868 = EDGE_CURVE ( 'NONE', #407, #7199, #6820, .T. ) ;
#1869 = CARTESIAN_POINT ( 'NONE',  ( -0.6910086409841851300, -1.110261735596846700, -2.060367454068240600 ) ) ;
#1870 = ORIENTED_EDGE ( 'NONE', *, *, #7957, .F. ) ;
#1871 = CARTESIAN_POINT ( 'NONE',  ( 0.1249919725862551100, -0.01954230104899013300, 0.7677165354330708300 ) ) ;
#1872 = CARTESIAN_POINT ( 'NONE',  ( -0.1133117855731961100, 0.05288347279117293400, -2.952755905511811600 ) ) ;
#1873 = CARTESIAN_POINT ( 'NONE',  ( 0.1771469755377423900, 1.153936934959981700, -2.653567950169516200 ) ) ;
#1874 = CARTESIAN_POINT ( 'NONE',  ( 0.9028841459682126500, -1.028348482669716500, -0.1749781277340315400 ) ) ;
#1875 = CARTESIAN_POINT ( 'NONE',  ( -0.7651677351667045500, -1.049803909796291500, -0.5074365704286969400 ) ) ;
#1876 = CARTESIAN_POINT ( 'NONE',  ( -0.5373840014121733500, 0.5370372980905274700, 0.06299212598425198200 ) ) ;
#1877 = CARTESIAN_POINT ( 'NONE',  ( -0.1446850393700787600, -0.1475787401574803500, 0.02362204724409449500 ) ) ;
#1878 = CARTESIAN_POINT ( 'NONE',  ( -0.07270040754172836500, -0.1062935698246890300, 0.1062992125984252000 ) ) ;
#1879 = ORIENTED_EDGE ( 'NONE', *, *, #2162, .F. ) ;
#1880 = CARTESIAN_POINT ( 'NONE',  ( 0.7440480963253939300, -1.083715119910519700, -2.992125984251968500 ) ) ;
#1881 = EDGE_CURVE ( 'NONE', #5541, #6429, #6875, .T. ) ;
#1882 = CARTESIAN_POINT ( 'NONE',  ( -0.1156637036326063400, 0.06262578429423626400, -3.359580052493437400 ) ) ;
#1883 = CARTESIAN_POINT ( 'NONE',  ( -0.7475806083234709500, 1.081538273903767300, -2.992125984251968500 ) ) ;
#1884 = CARTESIAN_POINT ( 'NONE',  ( -1.110236281231658400, -0.6927299607301763400, -0.1968503937007874400 ) ) ;
#1885 = CARTESIAN_POINT ( 'NONE',  ( 0.07270040754172836500, 0.1062935698246890300, 0.7677165354330708300 ) ) ;
#1886 = CARTESIAN_POINT ( 'NONE',  ( 0.7376712701478820300, -0.8628714702481337100, -2.992125984251968500 ) ) ;
#1887 = ORIENTED_EDGE ( 'NONE', *, *, #129, .T. ) ;
#1888 = CARTESIAN_POINT ( 'NONE',  ( -0.7642728007677205300, -1.053941206384275700, -0.5074365704286969400 ) ) ;
#1889 = CARTESIAN_POINT ( 'NONE',  ( 0.9028841459682126500, -0.8275570291413073500, 0.0000000000000000000 ) ) ;
#1890 = CARTESIAN_POINT ( 'NONE',  ( -0.1249997708871772600, -9.142683090267090500E-011, -2.992125984251969000 ) ) ;
#1891 = CARTESIAN_POINT ( 'NONE',  ( -0.7594092295902990000, -1.029654069748488200, -0.5074365704286969400 ) ) ;
#1892 = CARTESIAN_POINT ( 'NONE',  ( 1.054918747226493600, 0.7642466524047228900, -0.1968503937007874100 ) ) ;
#1893 = CARTESIAN_POINT ( 'NONE',  ( -0.09933799704068443900, 0.08087021969641576500, 0.7675853018372703600 ) ) ;
#1894 = CARTESIAN_POINT ( 'NONE',  ( -0.8682354914878504000, -1.014900208985472200, 0.0000000000000000000 ) ) ;
#1895 = CARTESIAN_POINT ( 'NONE',  ( 0.1973615553878662100, 1.137382512314492300, -2.709251281493056100 ) ) ;
#1896 = CARTESIAN_POINT ( 'NONE',  ( -1.022873197870755900, 0.9788933469234686300, 0.0000000000000000000 ) ) ;
#1897 = ORIENTED_EDGE ( 'NONE', *, *, #6023, .T. ) ;
#1898 = CARTESIAN_POINT ( 'NONE',  ( -0.7053811463581102200, -1.108204637752976400, -0.5074365704286969400 ) ) ;
#1899 = CARTESIAN_POINT ( 'NONE',  ( -0.09746816833348823100, 1.110236220472441000, -2.854991320674237000 ) ) ;
#1900 = CARTESIAN_POINT ( 'NONE',  ( -0.1249998854435633300, -1.523780043424912600E-011, -2.952755905511809800 ) ) ;
#1901 = CARTESIAN_POINT ( 'NONE',  ( 0.7176078221647795900, -1.101663991491527600, -1.128608923884515600 ) ) ;
#1902 = CARTESIAN_POINT ( 'NONE',  ( 1.057499546894260100, -0.7636744025022762500, -2.992125984251969000 ) ) ;
#1903 = CARTESIAN_POINT ( 'NONE',  ( -0.8255908954713114800, 0.9279527560440757900, 0.0000000000000000000 ) ) ;
#1904 = CARTESIAN_POINT ( 'NONE',  ( 0.7360730235907874100, 0.1823967744873268300, 0.05599300087488978000 ) ) ;
#1905 = CARTESIAN_POINT ( 'NONE',  ( 0.6910086409841889000, -1.110261735596846700, -2.992125984251968500 ) ) ;
#1906 = ORIENTED_EDGE ( 'NONE', *, *, #4067, .T. ) ;
#1907 = CARTESIAN_POINT ( 'NONE',  ( -0.7499999991309596000, 3.053378699144151200E-015, 0.06299212598425199500 ) ) ;
#1908 = CARTESIAN_POINT ( 'NONE',  ( -0.07270040754172836500, -0.1062935698246890300, 0.7677165354330708300 ) ) ;
#1909 = CARTESIAN_POINT ( 'NONE',  ( -0.9876700203231734100, -0.8410053028255472000, 0.0000000000000000000 ) ) ;
#1910 = CARTESIAN_POINT ( 'NONE',  ( -0.7499999991309594900, 3.026091899573645800E-015, 0.0000000000000000000 ) ) ;
#1911 = ORIENTED_EDGE ( 'NONE', *, *, #4828, .F. ) ;
#1912 = CARTESIAN_POINT ( 'NONE',  ( -1.030314616339725700, -0.9279527557392349700, -0.09842519685039526100 ) ) ;
#1913 = CARTESIAN_POINT ( 'NONE',  ( 1.108626020972166800, 0.7038785125588548100, -2.992125984251969000 ) ) ;
#1914 = CARTESIAN_POINT ( 'NONE',  ( 0.07270040754172836500, 0.1062935698246890300, 0.6850393700787402700 ) ) ;
#1915 = CARTESIAN_POINT ( 'NONE',  ( -0.08968624851009841800, -0.7465127032399607700, 0.06299212598425216200 ) ) ;
#1916 = LINE ( 'NONE', #5349, #6731 ) ;
#1917 = CARTESIAN_POINT ( 'NONE',  ( -1.110038567578169400, 0.6887898905127244300, -2.060367454068240600 ) ) ;
#1918 = CARTESIAN_POINT ( 'NONE',  ( -0.7618448995876850900, -1.065122253766169300, -0.1968503937007874100 ) ) ;
#1919 = CARTESIAN_POINT ( 'NONE',  ( 1.057805835868256100, -0.7637992319626142300, -0.1968503937007874100 ) ) ;
#1920 = CARTESIAN_POINT ( 'NONE',  ( 0.9291338582658959000, -1.110236200018592800, -0.1968503937007874400 ) ) ;
#1921 = CARTESIAN_POINT ( 'NONE',  ( 1.105565014269958200, 0.9791254460543460400, 0.0000000000000000000 ) ) ;
#1922 = ADVANCED_FACE ( 'NONE', ( #5171 ), #5197, .T. ) ;
#1923 = ORIENTED_EDGE ( 'NONE', *, *, #7696, .F. ) ;
#1924 = CARTESIAN_POINT ( 'NONE',  ( 0.1446818157067244500, 0.0009658267581614175800, 0.03674540682414568400 ) ) ;
#1925 = ORIENTED_EDGE ( 'NONE', *, *, #6396, .T. ) ;
#1926 = CARTESIAN_POINT ( 'NONE',  ( 1.089068901887649600, -0.7366106222218031800, -0.1968503937007874100 ) ) ;
#1927 = CARTESIAN_POINT ( 'NONE',  ( 0.7594092295902990000, -1.029654069748492400, -2.681539807524059500 ) ) ;
#1928 = CARTESIAN_POINT ( 'NONE',  ( 1.028952602479413300, 0.7589880794554845200, -0.5074365704286969400 ) ) ;
#1929 = VECTOR ( 'NONE', #3273, 39.37007874015748100 ) ;
#1930 = CARTESIAN_POINT ( 'NONE',  ( -1.110236200018593000, 0.9291338582658959000, -0.1968503937007874400 ) ) ;
#1931 = ORIENTED_EDGE ( 'NONE', *, *, #387, .F. ) ;
#1932 = EDGE_CURVE ( 'NONE', #310, #4106, #7993, .T. ) ;
#1933 = ORIENTED_EDGE ( 'NONE', *, *, #1836, .T. ) ;
#1934 = CARTESIAN_POINT ( 'NONE',  ( -0.1249998257359469900, 3.561179818401826700E-011, 0.7677165422678051700 ) ) ;
#1935 = CARTESIAN_POINT ( 'NONE',  ( 0.7420151437815316600, 0.9960388349955512400, -2.992125984251968500 ) ) ;
#1936 = CARTESIAN_POINT ( 'NONE',  ( 0.04351691239796481200, 1.153936934959981700, -2.507326946995891000 ) ) ;
#1937 = CARTESIAN_POINT ( 'NONE',  ( -0.1253728121363065200, -0.01836037558666039600, 0.7675853018372703600 ) ) ;
#1938 = CARTESIAN_POINT ( 'NONE',  ( -0.7634200263010119100, -1.036985750691334900, -2.681539807524059500 ) ) ;
#1939 = CARTESIAN_POINT ( 'NONE',  ( 0.1608036409278294800, 1.153937007874016100, -2.751226290435672800 ) ) ;
#1940 = CARTESIAN_POINT ( 'NONE',  ( 0.6631499799855394800, 0.3699185312724018200, 0.06299212598425198200 ) ) ;
#1941 = CARTESIAN_POINT ( 'NONE',  ( -1.081538273903763300, 0.7475806083234700600, -2.992125984251969000 ) ) ;
#1942 = CARTESIAN_POINT ( 'NONE',  ( 0.7137832230396653500, 1.104136452828496300, -1.128608923884515600 ) ) ;
#1943 = DIRECTION ( 'NONE',  ( 0.0000000000000000000, 1.000000000000000000, 0.0000000000000000000 ) ) ;
#1944 = CARTESIAN_POINT ( 'NONE',  ( -0.7651677351667085500, 1.049803909796291500, -2.060367454068244600 ) ) ;
#1945 = CARTESIAN_POINT ( 'NONE',  ( -1.109088367905878100, 0.7023879734236339000, -2.992125984251968500 ) ) ;
#1946 = CARTESIAN_POINT ( 'NONE',  ( 0.1251725047065984900, 0.01871959219484252400, 0.6850393700787402700 ) ) ;
#1947 = FACE_OUTER_BOUND ( 'NONE', #4701, .T. ) ;
#1948 = CARTESIAN_POINT ( 'NONE',  ( -0.1054518809326260300, -0.01544303032891813900, 0.7874678477690290100 ) ) ;
#1949 = CARTESIAN_POINT ( 'NONE',  ( 0.9028841459682126500, -0.8275570291413073500, -0.1312335958005236600 ) ) ;
#1950 = CARTESIAN_POINT ( 'NONE',  ( -1.107445675074389500, 0.7072881488253229800, -0.5074365704286969400 ) ) ;
#1951 = EDGE_CURVE ( 'NONE', #2330, #4501, #78, .T. ) ;
#1952 = CARTESIAN_POINT ( 'NONE',  ( -0.7642728007677205300, -1.053941206384275700, -2.681539807524059500 ) ) ;
#1953 = CARTESIAN_POINT ( 'NONE',  ( 1.065122253766173300, 0.7618448995876850900, -2.060367454068244600 ) ) ;
#1954 = CARTESIAN_POINT ( 'NONE',  ( -1.083715119910519700, -0.7440480963253939300, -2.681539807524059500 ) ) ;
#1955 = CARTESIAN_POINT ( 'NONE',  ( 0.04788271554519685900, 1.134251968503936900, -2.487949462238366200 ) ) ;
#1956 = CARTESIAN_POINT ( 'NONE',  ( -0.1448347163264528100, -0.02193883921625590700, 0.04986876640420077900 ) ) ;
#1957 = CARTESIAN_POINT ( 'NONE',  ( 1.028953034820992100, -0.7589873557274845500, -2.992125984251968500 ) ) ;
#1958 = LINE ( 'NONE', #8207, #3246 ) ;
#1959 = CARTESIAN_POINT ( 'NONE',  ( -0.05946524341859606200, -0.1100918495392182600, -2.952755905511811600 ) ) ;
#1960 = CARTESIAN_POINT ( 'NONE',  ( 1.036985750691334900, 0.7634200263010158000, -0.5074365704286969400 ) ) ;
#1961 = CARTESIAN_POINT ( 'NONE',  ( 0.9530213658428109400, 0.8275570291413073500, -0.1968503937007874100 ) ) ;
#1962 = CARTESIAN_POINT ( 'NONE',  ( 1.028953034820992100, -0.7589873557274845500, -2.992125984251968500 ) ) ;
#1963 = CARTESIAN_POINT ( 'NONE',  ( -0.7651677351667045500, -1.049803909796291500, -0.1968503937007874100 ) ) ;
#1964 = CARTESIAN_POINT ( 'NONE',  ( 0.7360730235907874100, 0.1823967744873268300, 0.06299212598425198200 ) ) ;
#1965 = CARTESIAN_POINT ( 'NONE',  ( -0.08512499334818901500, 0.09153543307086616000, 0.1968503937007874100 ) ) ;
#1966 = MECHANICAL_DESIGN_GEOMETRIC_PRESENTATION_REPRESENTATION (  '', ( #7714 ), #5128 ) ;
#1967 = CARTESIAN_POINT ( 'NONE',  ( 0.07270040754172836500, -0.1062935698246890300, 0.2716535433070866900 ) ) ;
#1968 = LINE ( 'NONE', #4525, #7784 ) ;
#1969 = CARTESIAN_POINT ( 'NONE',  ( 0.7441482841840275600, 1.083913278540055400, -2.992125984251968500 ) ) ;
#1970 = CARTESIAN_POINT ( 'NONE',  ( 0.1251725047065984900, 0.01871959219484252400, -3.495188101487315200 ) ) ;
#1971 =( CONVERSION_BASED_UNIT ( 'INCH', #1742 ) LENGTH_UNIT ( ) NAMED_UNIT ( #7877 ) );
#1972 = CARTESIAN_POINT ( 'NONE',  ( 0.1446818157067244500, -0.0009658267581614175800, 0.05861767279090159700 ) ) ;
#1973 = CARTESIAN_POINT ( 'NONE',  ( 0.1251725047065984900, 0.01871959219484252400, 0.5196850393700788200 ) ) ;
#1974 = ORIENTED_EDGE ( 'NONE', *, *, #2322, .T. ) ;
#1975 = CARTESIAN_POINT ( 'NONE',  ( -0.1118677391173149800, 0.001411246411838583300, 0.7808398950131221200 ) ) ;
#1976 = CARTESIAN_POINT ( 'NONE',  ( -1.030314616339685500, -0.9279527558223735800, -0.1968503937007874100 ) ) ;
#1977 = CARTESIAN_POINT ( 'NONE',  ( 1.029654069748492400, 0.7594092295902990000, -2.681539807524059500 ) ) ;
#1978 = CARTESIAN_POINT ( 'NONE',  ( -0.7440480963253898200, -1.083715119910515700, -2.992125984251968500 ) ) ;
#1979 = CARTESIAN_POINT ( 'NONE',  ( 1.081538273903762700, -0.7475806083234705100, -0.1968503937007873300 ) ) ;
#1980 = CARTESIAN_POINT ( 'NONE',  ( -0.7023879734236379000, 1.109088367905878100, -2.060367454068240600 ) ) ;
#1981 = CARTESIAN_POINT ( 'NONE',  ( -0.1968497636963957900, 1.134251968503936900, -2.681102362070596700 ) ) ;
#1982 = CARTESIAN_POINT ( 'NONE',  ( 1.083913278540055400, -0.7441482841840275600, -0.1968503937007874100 ) ) ;
#1983 = CARTESIAN_POINT ( 'NONE',  ( -0.7419493262978749100, -0.9957875012869134000, -0.1968503937007874100 ) ) ;
#1984 = CARTESIAN_POINT ( 'NONE',  ( 0.7311023782002935600, 0.9279527559062295000, -2.992125984251966700 ) ) ;
#1985 = EDGE_LOOP ( 'NONE', ( #6546, #7600 ) ) ;
#1986 = EDGE_CURVE ( 'NONE', #1497, #1842, #4238, .T. ) ;
#1987 = CARTESIAN_POINT ( 'NONE',  ( -0.7072881488253229800, -1.107445675074389500, -0.1968503937007874100 ) ) ;
#1988 = CARTESIAN_POINT ( 'NONE',  ( -1.101663991491527600, 0.7176078221647755900, -0.1968503937007874100 ) ) ;
#1989 = ORIENTED_EDGE ( 'NONE', *, *, #243, .T. ) ;
#1990 = CARTESIAN_POINT ( 'NONE',  ( -0.08401568594263388000, -0.1231026060500197600, 0.03674540682414568400 ) ) ;
#1991 = CARTESIAN_POINT ( 'NONE',  ( -0.7310279753857676900, 0.9076672032026179600, -0.5074365704286969400 ) ) ;
#1992 = CARTESIAN_POINT ( 'NONE',  ( 0.08643287460343594700, 1.153937007874015400, -2.834253850570294600 ) ) ;
#1993 = CARTESIAN_POINT ( 'NONE',  ( -0.09750059228984185600, -0.05240332445709931800, 0.7875341207349083600 ) ) ;
#1994 = CARTESIAN_POINT ( 'NONE',  ( -0.1249949962596299800, 0.001118440903629921800, 0.1062992125984252000 ) ) ;
#1995 = EDGE_LOOP ( 'NONE', ( #2127, #3971, #4476, #2233 ) ) ;
#1996 = EDGE_CURVE ( 'NONE', #2299, #2777, #3055, .T. ) ;
#1997 = CARTESIAN_POINT ( 'NONE',  ( -1.110234704581635600, 0.9457032319186173800, 0.0000000000000000000 ) ) ;
#1998 = CARTESIAN_POINT ( 'NONE',  ( -0.7566742686776338800, 1.025508191967476900, -2.992125984251968500 ) ) ;
#1999 = CARTESIAN_POINT ( 'NONE',  ( -0.1446818157067244500, -0.0009658267581614175800, 0.04986876640420077900 ) ) ;
#2000 = CARTESIAN_POINT ( 'NONE',  ( -0.07270040754172836500, 0.1062935698246890300, 0.5196850393700788200 ) ) ;
#2001 = CARTESIAN_POINT ( 'NONE',  ( -0.06906038604951578200, -0.1006213593596220600, 0.7742782152230944800 ) ) ;
#2002 = CARTESIAN_POINT ( 'NONE',  ( 1.030305832406381800, -0.9293197551186300800, -0.1312335958005236600 ) ) ;
#2003 = B_SPLINE_CURVE_WITH_KNOTS ( 'NONE', 3,
 ( #5765, #7055, #2576, #3843, #3261, #674, #4408, #4441, #8275, #587, #4500, #5087, #5145 ),
 .UNSPECIFIED., .F., .F.,
 ( 4, 1, 1, 1, 1, 1, 1, 1, 1, 1, 4 ),
 ( 0.0000000000000000000, 0.1658191589444222300, 0.2493643692083173700, 0.3329095794722136100, 0.4164547897361087800, 0.5000000000000047700, 0.5835452102638936100, 0.6670904205277896600, 0.7506356307916853800, 0.8341808410555808800, 1.000000000000000000 ),
 .UNSPECIFIED. ) ;
#2004 = CARTESIAN_POINT ( 'NONE',  ( 0.9006284698872049100, -0.7294072714244842500, -0.5074365704286969400 ) ) ;
#2005 = CARTESIAN_POINT ( 'NONE',  ( -1.036985750691334900, 0.7634200263010119100, -0.5074365704286969400 ) ) ;
#2006 = CARTESIAN_POINT ( 'NONE',  ( 0.7637992319626142300, 1.057805835868256100, -0.1968503937007874100 ) ) ;
#2007 = CARTESIAN_POINT ( 'NONE',  ( -0.7061733014393583000, 1.108033091542948800, -0.5074365704286969400 ) ) ;
#2008 = CARTESIAN_POINT ( 'NONE',  ( -0.7038785125588549200, 1.108626020972166800, -2.992125984251968500 ) ) ;
#2009 = ORIENTED_EDGE ( 'NONE', *, *, #4562, .T. ) ;
#2010 = CARTESIAN_POINT ( 'NONE',  ( 1.081538273903767300, 0.7475806083234708400, -2.992125984251968500 ) ) ;
#2011 = CARTESIAN_POINT ( 'NONE',  ( 0.7310639536100825800, -0.9382553524242599500, -1.128608923884515600 ) ) ;
#2012 = CARTESIAN_POINT ( 'NONE',  ( 0.9632357407194283000, -0.7306319871982826000, -2.992125984251965400 ) ) ;
#2013 = CARTESIAN_POINT ( 'NONE',  ( 0.9282311026850591500, 1.110233970439102400, -0.1968503937007874100 ) ) ;
#2014 = VERTEX_POINT ( 'NONE', #5228 ) ;
#2015 = CARTESIAN_POINT ( 'NONE',  ( 1.101616661993956900, -0.7173146837074329000, -0.1968503937007874100 ) ) ;
#2016 = AXIS2_PLACEMENT_3D ( 'NONE', #1965, #1310, #1199 ) ;
#2017 = CARTESIAN_POINT ( 'NONE',  ( 1.057272500430996200, 0.7639149224034370600, -2.992125984251968500 ) ) ;
#2018 = CARTESIAN_POINT ( 'NONE',  ( -0.7252355460546456900, 1.096676596295535400, -0.1968503937007874100 ) ) ;
#2019 = CARTESIAN_POINT ( 'NONE',  ( 1.081538273903763100, -0.7475806083234697300, -2.992125984251968500 ) ) ;
#2020 = CARTESIAN_POINT ( 'NONE',  ( 1.105565014269958700, -0.9791254460543424900, -0.1968503937007880200 ) ) ;
#2021 = CARTESIAN_POINT ( 'NONE',  ( -0.5373840014121733500, 0.5370372980905274700, 0.02099737532808268500 ) ) ;
#2022 = CARTESIAN_POINT ( 'NONE',  ( 0.02572939321041812400, -0.1030989774179213200, 0.7876003937007877200 ) ) ;
#2023 = CARTESIAN_POINT ( 'NONE',  ( -0.03825588577256693700, 1.137382512314492300, -2.833869000920110200 ) ) ;
#2024 = CARTESIAN_POINT ( 'NONE',  ( -1.008932729790676900, -0.7469057087232008300, -0.1968503937007874100 ) ) ;
#2025 = ORIENTED_EDGE ( 'NONE', *, *, #5960, .T. ) ;
#2026 = FACE_OUTER_BOUND ( 'NONE', #5216, .T. ) ;
#2027 = CARTESIAN_POINT ( 'NONE',  ( 0.7441482841840275600, 1.083913278540055400, -1.128608923884515600 ) ) ;
#2028 = CARTESIAN_POINT ( 'NONE',  ( -0.1251725047065984900, 0.01871959219484252400, -3.020559930008748200 ) ) ;
#2029 = CARTESIAN_POINT ( 'NONE',  ( -0.7639149224034370600, 1.057272500430996200, -2.992125984251968500 ) ) ;
#2030 = CARTESIAN_POINT ( 'NONE',  ( -1.103009155936019800, 0.7155729551865434000, -2.681539807524059500 ) ) ;
#2031 = ORIENTED_EDGE ( 'NONE', *, *, #5794, .T. ) ;
#2032 = ORIENTED_EDGE ( 'NONE', *, *, #1086, .F. ) ;
#2033 = CARTESIAN_POINT ( 'NONE',  ( 0.09750059228984185600, -0.05240332445709931800, 0.7875341207349083600 ) ) ;
#2034 = CARTESIAN_POINT ( 'NONE',  ( 0.9279527559055117400, -0.8246073122010001400, -0.02187226596675591000 ) ) ;
#2035 = CARTESIAN_POINT ( 'NONE',  ( 0.8324966087895316900, 0.7505357138161811200, -2.992125984251968500 ) ) ;
#2036 = CARTESIAN_POINT ( 'NONE',  ( -0.7252355460546456900, 1.096676596295535400, -2.992125984251968500 ) ) ;
#2037 = CARTESIAN_POINT ( 'NONE',  ( -1.065122253766173300, -0.7618448995876850900, -2.992125984251968500 ) ) ;
#2038 = CARTESIAN_POINT ( 'NONE',  ( 0.1230498759212323200, -0.01802019033719685200, 0.7699037620297480800 ) ) ;
#2039 = CARTESIAN_POINT ( 'NONE',  ( -0.08401568594263388000, -0.1231026060500197600, -2.987751531058617800 ) ) ;
#2040 = ORIENTED_EDGE ( 'NONE', *, *, #3844, .T. ) ;
#2041 = CARTESIAN_POINT ( 'NONE',  ( -1.110236200018592800, -0.9291338582658959000, -0.1968503937007874400 ) ) ;
#2042 = CARTESIAN_POINT ( 'NONE',  ( -1.056646062823173100, 1.057736748147917400, -0.1968503937007874100 ) ) ;
#2043 = CARTESIAN_POINT ( 'NONE',  ( 1.109486903909763700, -0.7003745554811694500, -0.5074365704286969400 ) ) ;
#2044 = CARTESIAN_POINT ( 'NONE',  ( 1.110236220472441000, -0.9291338582677165500, -1.496062992125984300 ) ) ;
#2045 = CARTESIAN_POINT ( 'NONE',  ( 0.7310639536100825800, 0.9382553524242599500, -0.5074365704286969400 ) ) ;
#2046 = CARTESIAN_POINT ( 'NONE',  ( -0.7141138414615357800, 1.103922707984717400, -2.992125984251968500 ) ) ;
#2047 = CARTESIAN_POINT ( 'NONE',  ( -0.8324966087895316900, 0.7505357138161850000, -0.1968503937007874100 ) ) ;
#2048 = CARTESIAN_POINT ( 'NONE',  ( 0.3702728364785316000, 0.6629341840565985400, 0.02099737532808268500 ) ) ;
#2049 = CARTESIAN_POINT ( 'NONE',  ( 0.08401568594263388000, 0.1231026060500197600, 0.02362204724409452300 ) ) ;
#2050 = EDGE_CURVE ( 'NONE', #1031, #7365, #1719, .T. ) ;
#2051 = CARTESIAN_POINT ( 'NONE',  ( 1.057192564065747100, 1.057192564065737600, -0.1968503937007875200 ) ) ;
#2052 = CARTESIAN_POINT ( 'NONE',  ( -0.9006284698872049100, 0.7294072714244842500, -0.1968503937007874100 ) ) ;
#2053 = VECTOR ( 'NONE', #5007, 39.37007874015748100 ) ;
#2054 = CARTESIAN_POINT ( 'NONE',  ( -0.3702728364785316000, -0.6629341840565985400, 0.06299212598425198200 ) ) ;
#2055 = CARTESIAN_POINT ( 'NONE',  ( -0.1251725047065984900, 0.01871959219484252400, -3.156167979002626500 ) ) ;
#2056 = CARTESIAN_POINT ( 'NONE',  ( 1.105448062055279800, 0.7119148290572677700, -0.5074365704286969400 ) ) ;
#2057 = CARTESIAN_POINT ( 'NONE',  ( 0.7475810392626728300, -1.081538896983673200, -2.681539807524059500 ) ) ;
#2058 = CARTESIAN_POINT ( 'NONE',  ( -0.07161109282881497600, -0.1043377530571141900, 0.7699037620297480800 ) ) ;
#2059 = CARTESIAN_POINT ( 'NONE',  ( 0.9028841459682126500, -0.8275570291413073500, -0.1968503937007874100 ) ) ;
#2060 = B_SPLINE_CURVE_WITH_KNOTS ( 'NONE', 3,
 ( #4812, #1641, #1586, #7931, #6018, #6101 ),
 .UNSPECIFIED., .F., .F.,
 ( 4, 1, 1, 4 ),
 ( 0.0000000000000000000, 0.3333333333333339300, 0.6666666666666670700, 1.000000000000000000 ),
 .UNSPECIFIED. ) ;
#2061 = CARTESIAN_POINT ( 'NONE',  ( 0.7310279753857676900, -0.9076672032026179600, -0.5074365704286969400 ) ) ;
#2062 = CARTESIAN_POINT ( 'NONE',  ( -0.1156637036326063400, 0.06262578429423626400, 0.02362204724409449500 ) ) ;
#2063 = CARTESIAN_POINT ( 'NONE',  ( 0.7618448995876850900, 1.065122253766169300, -2.060367454068240600 ) ) ;
#2064 = CARTESIAN_POINT ( 'NONE',  ( 0.8334242860060961900, 0.9792942676666992500, -0.1968503937007874100 ) ) ;
#2065 = CARTESIAN_POINT ( 'NONE',  ( 0.04788271554519685900, 1.110236220472443900, -2.874255262171082800 ) ) ;
#2066 = FACE_OUTER_BOUND ( 'NONE', #5430, .T. ) ;
#2067 = CARTESIAN_POINT ( 'NONE',  ( 0.08401568594263388000, -0.1231026060500197600, -2.987751531058617800 ) ) ;
#2068 = EDGE_CURVE ( 'NONE', #531, #2777, #3588, .T. ) ;
#2069 = CARTESIAN_POINT ( 'NONE',  ( -0.1436294212754956600, 1.110236220472441000, -2.602430738939967900 ) ) ;
#2070 = CARTESIAN_POINT ( 'NONE',  ( -1.105682788051606500, 0.9788576969563070900, -0.1968503937007874100 ) ) ;
#2071 = CARTESIAN_POINT ( 'NONE',  ( -0.7023879734236339000, -1.109088367905878100, -2.992125984251968500 ) ) ;
#2072 = CARTESIAN_POINT ( 'NONE',  ( 0.6927299607301724600, 1.110236281231659100, -2.992125984251968500 ) ) ;
#2073 = CARTESIAN_POINT ( 'NONE',  ( 1.101616661993956900, -0.7173146837074329000, -2.060367454068244600 ) ) ;
#2074 = LINE ( 'NONE', #3980, #6974 ) ;
#2075 = CARTESIAN_POINT ( 'NONE',  ( -1.101663991491527600, 0.7176078221647755900, -1.128608923884515600 ) ) ;
#2076 = ADVANCED_FACE ( 'NONE', ( #561 ), #5189, .T. ) ;
#2077 = CARTESIAN_POINT ( 'NONE',  ( -1.056646062823173100, -1.057736748147917400, -0.1312335958005236600 ) ) ;
#2078 = CARTESIAN_POINT ( 'NONE',  ( -0.7738167753536416800, 0.7980368589790987100, -0.5074365704286969400 ) ) ;
#2079 = CARTESIAN_POINT ( 'NONE',  ( 0.5373840014121733500, 0.5370372980905274700, -0.0000000000000000000 ) ) ;
#2080 = CARTESIAN_POINT ( 'NONE',  ( 0.0000000000000000000, 4.110236220472441600, -2.681102362212613300 ) ) ;
#2081 = B_SPLINE_CURVE_WITH_KNOTS ( 'NONE', 3,
 ( #5321, #5370, #7845, #4619, #7873, #1523 ),
 .UNSPECIFIED., .F., .F.,
 ( 4, 1, 1, 4 ),
 ( 0.0000000000000000000, 0.2899741926371471900, 0.7112355692683380900, 1.000000000000000000 ),
 .UNSPECIFIED. ) ;
#2082 = CARTESIAN_POINT ( 'NONE',  ( 0.1577331621557756200, 1.144378037797165300, -2.703599236238223700 ) ) ;
#2083 = CARTESIAN_POINT ( 'NONE',  ( -1.036985750691334900, -0.7634200263010158000, -0.1968503937007874100 ) ) ;
#2084 = VERTEX_POINT ( 'NONE', #1463 ) ;
#2085 = CARTESIAN_POINT ( 'NONE',  ( -0.3702728364785316000, -0.6629341840565985400, 0.04199475065616930400 ) ) ;
#2086 = CARTESIAN_POINT ( 'NONE',  ( 0.1205726982232308400, 0.03397889911394045400, 0.7677490381909783900 ) ) ;
#2087 = CARTESIAN_POINT ( 'NONE',  ( -1.081609771494815000, 0.7479077349249685400, -0.1968503937007874100 ) ) ;
#2088 = CARTESIAN_POINT ( 'NONE',  ( 0.9279527559055117400, 0.8246073122010001400, -0.1968503937007874100 ) ) ;
#2089 = CARTESIAN_POINT ( 'NONE',  ( 0.1448347163264528100, 0.02193883921625590700, -2.979002624671917700 ) ) ;
#2090 = CARTESIAN_POINT ( 'NONE',  ( 1.008932729790676900, -0.7469057087232008300, -2.060367454068244600 ) ) ;
#2091 = EDGE_LOOP ( 'NONE', ( #5936, #3408, #4817, #4842 ) ) ;
#2092 = CARTESIAN_POINT ( 'NONE',  ( -0.1251725047065984900, 0.01871959219484252400, 0.1062992125984252000 ) ) ;
#2093 = CARTESIAN_POINT ( 'NONE',  ( -0.7605331936007370100, -1.031542260286323800, -2.992125984251968500 ) ) ;
#2094 = CARTESIAN_POINT ( 'NONE',  ( -0.0000000000000000000, -0.1460610273873661500, -2.952755905511811100 ) ) ;
#2095 = EDGE_CURVE ( 'NONE', #3912, #5246, #3006, .T. ) ;
#2096 = CARTESIAN_POINT ( 'NONE',  ( -1.085874585383008100, 1.023890032031122200, -0.1312335958005236600 ) ) ;
#2097 = CARTESIAN_POINT ( 'NONE',  ( 0.0000000000000000000, 1.110236220472441000, -2.992125984251968500 ) ) ;
#2098 = ORIENTED_EDGE ( 'NONE', *, *, #4722, .F. ) ;
#2099 = CARTESIAN_POINT ( 'NONE',  ( 1.057736748147917400, 1.056646062823173100, -0.02187226596675591000 ) ) ;
#2100 = CARTESIAN_POINT ( 'NONE',  ( 1.105448062055279800, -0.7119148290572677700, -1.128608923884515600 ) ) ;
#2101 = CARTESIAN_POINT ( 'NONE',  ( -1.081314661062031700, 0.7479053414235590200, -0.5074365704286969400 ) ) ;
#2102 = CARTESIAN_POINT ( 'NONE',  ( -1.054918747226489600, 0.7642466524047193400, -0.1968503937007874100 ) ) ;
#2103 = CARTESIAN_POINT ( 'NONE',  ( -1.029654069748488200, 0.7594092295902990000, -0.1968503937007874100 ) ) ;
#2104 = CARTESIAN_POINT ( 'NONE',  ( 0.08968624851009841800, 0.7465127032399607700, 0.02099737532808268500 ) ) ;
#2105 = DIRECTION ( 'NONE',  ( -0.0000000000000000000, -0.0000000000000000000, -1.000000000000000000 ) ) ;
#2106 = B_SPLINE_CURVE_WITH_KNOTS ( 'NONE', 3,
 ( #8100, #2979, #5479, #4883, #445, #4937 ),
 .UNSPECIFIED., .F., .F.,
 ( 4, 1, 1, 4 ),
 ( 0.0000000000000000000, 0.2899741926369923700, 0.7112355692682519300, 1.000000000000000000 ),
 .UNSPECIFIED. ) ;
#2107 = ORIENTED_EDGE ( 'NONE', *, *, #965, .F. ) ;
#2108 = CARTESIAN_POINT ( 'NONE',  ( -0.1561521082549016400, 1.134251968503936900, -2.703373736603512400 ) ) ;
#2109 = DIRECTION ( 'NONE',  ( 0.0000000000000000000, 0.0000000000000000000, -1.000000000000000000 ) ) ;
#2110 = CARTESIAN_POINT ( 'NONE',  ( -0.0000000000000000000, -0.7517436483800196100, 0.05599300087488978000 ) ) ;
#2111 = EDGE_CURVE ( 'NONE', #3426, #7302, #4889, .T. ) ;
#2112 = CARTESIAN_POINT ( 'NONE',  ( -1.105565014269958200, 0.9791254460543462600, 0.0000000000000000000 ) ) ;
#2113 = ORIENTED_EDGE ( 'NONE', *, *, #3573, .T. ) ;
#2114 = DIRECTION ( 'NONE',  ( -1.000000000000000000, -0.0000000000000000000, -0.0000000000000000000 ) ) ;
#2115 = CARTESIAN_POINT ( 'NONE',  ( -0.03526368610020472900, 0.1419330633355000400, 0.02799650043744489000 ) ) ;
#2116 = CARTESIAN_POINT ( 'NONE',  ( 0.8255996794046417400, 0.9293197551186300800, -0.1312335958005236600 ) ) ;
#2117 = CARTESIAN_POINT ( 'NONE',  ( -0.03526368610020472900, 0.1419330633355000400, -2.987751531058617800 ) ) ;
#2118 = DIMENSIONAL_EXPONENTS ( 1.000000000000000000, 0.0000000000000000000, 0.0000000000000000000, 0.0000000000000000000, 0.0000000000000000000, 0.0000000000000000000, 0.0000000000000000000 ) ;
#2119 = CARTESIAN_POINT ( 'NONE',  ( 1.110236220472441000, 0.6927299607347716700, -0.1968503937007874100 ) ) ;
#2120 = CARTESIAN_POINT ( 'NONE',  ( -0.7176078221647795900, 1.101663991491527600, -2.681539807524059500 ) ) ;
#2121 = VERTEX_POINT ( 'NONE', #328 ) ;
#2122 = CARTESIAN_POINT ( 'NONE',  ( -0.1446818157067244500, 0.0009658267581614175800, -2.979002624671917700 ) ) ;
#2123 = CARTESIAN_POINT ( 'NONE',  ( -1.057499546894259600, 0.7636744025022760300, -0.1968503937007873800 ) ) ;
#2124 = CARTESIAN_POINT ( 'NONE',  ( -0.7155729551865434000, -1.103009155936019800, -2.992125984251968500 ) ) ;
#2125 = CARTESIAN_POINT ( 'NONE',  ( -0.1561521082549016400, 1.137382512314492300, -2.658830987805936600 ) ) ;
#2126 = CARTESIAN_POINT ( 'NONE',  ( 0.1133117855732214000, -0.05288347279114524700, -2.952755905511811100 ) ) ;
#2127 = ORIENTED_EDGE ( 'NONE', *, *, #6448, .T. ) ;
#2128 = ORIENTED_EDGE ( 'NONE', *, *, #7385, .F. ) ;
#2129 = CARTESIAN_POINT ( 'NONE',  ( -0.7631258898213046900, 1.060085487004333000, -0.1968503937007874100 ) ) ;
#2130 = CARTESIAN_POINT ( 'NONE',  ( -1.085874585383008100, -1.023890032031122200, -0.06561679790026378500 ) ) ;
#2131 = CARTESIAN_POINT ( 'NONE',  ( -0.9291338582677165500, -1.110236220472441000, 0.0000000000000000000 ) ) ;
#2132 = CARTESIAN_POINT ( 'NONE',  ( -0.7360730235907874100, 0.1823967744873268300, 0.006999125109362205200 ) ) ;
#2133 = FACE_OUTER_BOUND ( 'NONE', #3214, .T. ) ;
#2134 = CARTESIAN_POINT ( 'NONE',  ( 0.1334499306850841200, 0.07302144007198796400, 0.02362204724409452300 ) ) ;
#2135 = CARTESIAN_POINT ( 'NONE',  ( 0.03864322999806693600, 1.144378037797165300, -2.835415776642602500 ) ) ;
#2136 = CARTESIAN_POINT ( 'NONE',  ( 1.057736748147917400, 1.056646062823173100, -0.1749781277340315400 ) ) ;
#2137 = VERTEX_POINT ( 'NONE', #4224 ) ;
#2138 = ORIENTED_EDGE ( 'NONE', *, *, #6767, .T. ) ;
#2139 = CARTESIAN_POINT ( 'NONE',  ( -0.7499998966439960200, 0.0003937435670787403000, 0.05599300087488978000 ) ) ;
#2140 = CARTESIAN_POINT ( 'NONE',  ( 1.110318066288362500, 0.9451014140148467100, -0.1749781277340315400 ) ) ;
#2141 = B_SPLINE_CURVE_WITH_KNOTS ( 'NONE', 3,
 ( #3865, #4432, #5668, #7695, #4399, #7607 ),
 .UNSPECIFIED., .F., .F.,
 ( 4, 1, 1, 4 ),
 ( 0.0000000000000000000, 0.2899741926371543500, 0.7112355692683449700, 1.000000000000000000 ),
 .UNSPECIFIED. ) ;
#2142 = CARTESIAN_POINT ( 'NONE',  ( -0.1557471456036001200, 1.134251968503936900, -2.681102362314844400 ) ) ;
#2143 = CARTESIAN_POINT ( 'NONE',  ( -0.08401568594263388000, 0.1231026060500197600, 0.03674540682414568400 ) ) ;
#2144 = ORIENTED_EDGE ( 'NONE', *, *, #5590, .T. ) ;
#2145 = CARTESIAN_POINT ( 'NONE',  ( 0.0000000000000000000, 0.1460610273873661500, -2.979002624671913700 ) ) ;
#2146 = CARTESIAN_POINT ( 'NONE',  ( 0.7310279753857676900, 0.9076672032026179600, -0.1968503937007874100 ) ) ;
#2147 = EDGE_CURVE ( 'NONE', #3674, #7617, #6230, .T. ) ;
#2148 = CARTESIAN_POINT ( 'NONE',  ( 0.1251725047065984900, 0.01871959219484252400, 0.02362204724409449500 ) ) ;
#2149 = CARTESIAN_POINT ( 'NONE',  ( -0.7589873301296453700, -1.028953050111380800, -0.1968503937007874400 ) ) ;
#2150 = CARTESIAN_POINT ( 'NONE',  ( 0.03526368610020472900, -0.1419330633355000400, -2.952755905511811100 ) ) ;
#2151 = CARTESIAN_POINT ( 'NONE',  ( -0.1853889004854055700, 1.118241469816271700, -2.599176072756661500 ) ) ;
#2152 = CARTESIAN_POINT ( 'NONE',  ( -0.7119148290572677700, -1.105448062055279800, -0.5074365704286969400 ) ) ;
#2153 = CARTESIAN_POINT ( 'NONE',  ( 0.9451014140148467100, 1.110318066288362500, 0.0000000000000000000 ) ) ;
#2154 = CARTESIAN_POINT ( 'NONE',  ( -1.028953034820995400, -0.7589873557274847700, -2.992125984251968500 ) ) ;
#2155 = CARTESIAN_POINT ( 'NONE',  ( -0.7475806083234700600, 1.081538273903767300, -0.1968503937007873800 ) ) ;
#2156 = ADVANCED_FACE ( 'NONE', ( #1152 ), #5361, .T. ) ;
#2157 = CARTESIAN_POINT ( 'NONE',  ( -1.066889654611260100, -1.047580032597574800, -0.06561679790026378500 ) ) ;
#2158 = CARTESIAN_POINT ( 'NONE',  ( 1.110234704581635600, -0.9457032319186164900, 0.0000000000000000000 ) ) ;
#2159 = CARTESIAN_POINT ( 'NONE',  ( -1.048472305788082300, -0.7649861758560708700, -0.1968503937007874100 ) ) ;
#2160 = FACE_OUTER_BOUND ( 'NONE', #3264, .T. ) ;
#2161 = CARTESIAN_POINT ( 'NONE',  ( -0.9006284698872049100, 0.7294072714244842500, -2.992125984251966700 ) ) ;
#2162 = EDGE_CURVE ( 'NONE', #229, #894, #5569, .T. ) ;
#2163 = CARTESIAN_POINT ( 'NONE',  ( 0.04317389789997245300, 1.153934119375358300, -2.853508022908306500 ) ) ;
#2164 = CARTESIAN_POINT ( 'NONE',  ( -0.6927299607301724600, -1.110236281231658400, -2.992125984251968500 ) ) ;
#2165 = CARTESIAN_POINT ( 'NONE',  ( -0.7360730235907874100, -0.1823967744873268300, 0.02099737532808268500 ) ) ;
#2166 = CARTESIAN_POINT ( 'NONE',  ( 1.060085487004329900, -0.7631258898213025800, -0.1968503937007874100 ) ) ;
#2167 = CARTESIAN_POINT ( 'NONE',  ( 0.0000000000000000000, 1.134251968503936900, -2.838340559915870200 ) ) ;
#2168 = CARTESIAN_POINT ( 'NONE',  ( 0.1337290113004449000, 0.07273870726820080800, 0.04986876640420077900 ) ) ;
#2169 = LINE ( 'NONE', #3403, #475 ) ;
#2170 = CARTESIAN_POINT ( 'NONE',  ( 1.030305832406381800, 0.9293197551186300800, -0.06561679790026378500 ) ) ;
#2171 = CARTESIAN_POINT ( 'NONE',  ( -0.1337290113004449000, 0.07273870726820080800, -2.987751531058617800 ) ) ;
#2172 = CARTESIAN_POINT ( 'NONE',  ( 0.7738167753536416800, 0.7980368589790987100, -0.5074365704286969400 ) ) ;
#2173 = CARTESIAN_POINT ( 'NONE',  ( 0.7061733014393543100, 1.108033091542948800, -1.128608923884515600 ) ) ;
#2174 = CARTESIAN_POINT ( 'NONE',  ( -0.7589879883973903500, -1.028952656870866900, -2.060367454068244600 ) ) ;
#2175 = CARTESIAN_POINT ( 'NONE',  ( 0.1251212777106852600, -0.001578443933943937300, 0.7675853018372703600 ) ) ;
#2176 = EDGE_LOOP ( 'NONE', ( #2040, #3874, #3901, #4804 ) ) ;
#2177 = CARTESIAN_POINT ( 'NONE',  ( 0.1853889004854055700, 1.126246719160106400, -2.599176072756661500 ) ) ;
#2178 = CARTESIAN_POINT ( 'NONE',  ( -0.7061733014393543100, -1.108033091542948800, -0.5074365704286969400 ) ) ;
#2179 = CARTESIAN_POINT ( 'NONE',  ( -0.8255908954713114800, 0.9279527560440757900, 0.0000000000000000000 ) ) ;
#2180 = CARTESIAN_POINT ( 'NONE',  ( 0.03526368610020472900, 0.1419330633355000400, 0.06299212598425198200 ) ) ;
#2181 = CARTESIAN_POINT ( 'NONE',  ( 0.7639149224034330600, 1.057272500430996200, -0.5074365704286969400 ) ) ;
#2182 = CARTESIAN_POINT ( 'NONE',  ( 0.03051586097098820200, 0.1226143411448661600, 0.02362204724409449500 ) ) ;
#2183 = ORIENTED_EDGE ( 'NONE', *, *, #2540, .F. ) ;
#2184 = CARTESIAN_POINT ( 'NONE',  ( -0.1337290113004449000, -0.07273870726820080800, 0.03674540682414568400 ) ) ;
#2185 = CARTESIAN_POINT ( 'NONE',  ( 1.110261735596846700, 0.6910086409841889000, -2.060367454068240600 ) ) ;
#2186 = CARTESIAN_POINT ( 'NONE',  ( -0.1558869637127283900, 1.110236220472441000, -2.704836293623897900 ) ) ;
#2187 = CARTESIAN_POINT ( 'NONE',  ( -0.08281908649956693000, 1.152548769262433000, -2.827080150139755800 ) ) ;
#2188 = CARTESIAN_POINT ( 'NONE',  ( 1.022873197870755900, -0.9788933469234686300, -0.02187226596675591000 ) ) ;
#2189 = B_SPLINE_CURVE_WITH_KNOTS ( 'NONE', 3,
 ( #673, #727, #5879, #1983, #647, #6402 ),
 .UNSPECIFIED., .F., .F.,
 ( 4, 1, 1, 4 ),
 ( 1.662605494443068700E-011, 0.0008920350201576169000, 0.001803633428564704100, 0.002695640899594065900 ),
 .UNSPECIFIED. ) ;
#2190 = ORIENTED_EDGE ( 'NONE', *, *, #290, .T. ) ;
#2191 = CARTESIAN_POINT ( 'NONE',  ( -0.7360730235907874100, -0.1823967744873268300, 0.006999125109362205200 ) ) ;
#2192 = CARTESIAN_POINT ( 'NONE',  ( 0.7003745554811694500, -1.109486903909763700, -1.128608923884511800 ) ) ;
#2193 = CARTESIAN_POINT ( 'NONE',  ( 0.1729000513756489000, 1.153937007874015900, -2.651630290548313300 ) ) ;
#2194 = CARTESIAN_POINT ( 'NONE',  ( 0.03526368610020472900, 0.1419330633355000400, 0.02799650043744489000 ) ) ;
#2195 = CARTESIAN_POINT ( 'NONE',  ( 0.9279527559055117400, 0.8246073122010001400, -0.1749781277340315400 ) ) ;
#2196 = CARTESIAN_POINT ( 'NONE',  ( 1.030523849900492500, -0.9129958530717085000, 0.0000000000000000000 ) ) ;
#2197 = CARTESIAN_POINT ( 'NONE',  ( 0.9006284698872087900, 0.7294072714244842500, -0.1968503937007874100 ) ) ;
#2198 = CARTESIAN_POINT ( 'NONE',  ( -0.1446774418240743800, 0.02265127236583267000, -2.992125984251975200 ) ) ;
#2199 = CARTESIAN_POINT ( 'NONE',  ( 1.065122253766173300, 0.7618448995876850900, -0.5074365704286969400 ) ) ;
#2200 = ORIENTED_EDGE ( 'NONE', *, *, #4277, .T. ) ;
#2201 = CARTESIAN_POINT ( 'NONE',  ( 0.1252230755251405000, 0.01169271700388720800, 0.7676509186351706500 ) ) ;
#2202 = CARTESIAN_POINT ( 'NONE',  ( -1.053941206384279700, -0.7642728007677244100, -2.681539807524059500 ) ) ;
#2203 = EDGE_CURVE ( 'NONE', #4131, #294, #5588, .T. ) ;
#2204 = CARTESIAN_POINT ( 'NONE',  ( 0.1969610430417243800, 1.134251968503936900, -2.650754968625445200 ) ) ;
#2205 = CARTESIAN_POINT ( 'NONE',  ( 1.107518755139228700, 0.7073156778342667400, -0.1968503937007874100 ) ) ;
#2206 = CARTESIAN_POINT ( 'NONE',  ( 0.08785433828891336900, 1.153934119375358300, -2.526249386810228700 ) ) ;
#2207 = ORIENTED_EDGE ( 'NONE', *, *, #1274, .F. ) ;
#2208 = CARTESIAN_POINT ( 'NONE',  ( 0.08401568594263388000, 0.1231026060500197000, 0.06299212598425198200 ) ) ;
#2209 = CARTESIAN_POINT ( 'NONE',  ( 0.7566742686776338800, 1.025508191967476900, -2.992125984251968500 ) ) ;
#2210 = CARTESIAN_POINT ( 'NONE',  ( 0.1153413783907373700, 0.06295339485519538300, 0.02362204724409449500 ) ) ;
#2211 = CARTESIAN_POINT ( 'NONE',  ( -0.9876700203231734100, 0.8410053028255510800, -0.1749781277340354800 ) ) ;
#2212 = DIRECTION ( 'NONE',  ( -0.0000000000000000000, -0.0000000000000000000, -1.000000000000000000 ) ) ;
#2213 = CARTESIAN_POINT ( 'NONE',  ( 0.09038153715239767600, 1.131583552055992000, -2.813647702036685700 ) ) ;
#2214 = CARTESIAN_POINT ( 'NONE',  ( 0.6887898905127283200, -1.110038567578169400, -0.1968503937007874100 ) ) ;
#2215 = CARTESIAN_POINT ( 'NONE',  ( -0.1634373218741063100, 1.153988124042724300, -2.751088688849626000 ) ) ;
#2216 = CARTESIAN_POINT ( 'NONE',  ( -1.029023522214551600, -0.7593146768515431900, -2.681539807524059500 ) ) ;
#2217 = ORIENTED_EDGE ( 'NONE', *, *, #4828, .T. ) ;
#2218 = B_SPLINE_CURVE_WITH_KNOTS ( 'NONE', 3,
 ( #6976, #5076, #4514, #3798 ),
 .UNSPECIFIED., .F., .F.,
 ( 4, 4 ),
 ( 0.0000000000000000000, 1.000000000000000000 ),
 .UNSPECIFIED. ) ;
#2219 = CARTESIAN_POINT ( 'NONE',  ( -0.1174093026718760100, 0.05365128838356488000, 0.7677165354330708300 ) ) ;
#2220 = CARTESIAN_POINT ( 'NONE',  ( 0.7173146837074369000, -1.101616661993956900, -2.992125984251968500 ) ) ;
#2221 = CARTESIAN_POINT ( 'NONE',  ( 0.1664616492834625800, 1.153937007874015700, -2.625698122999625500 ) ) ;
#2222 = CARTESIAN_POINT ( 'NONE',  ( 0.7589873301296459200, -1.028953050111384200, -0.1968503937007873800 ) ) ;
#2223 = CARTESIAN_POINT ( 'NONE',  ( 0.7072881488253229800, -1.107445675074389500, -2.681539807524059500 ) ) ;
#2224 = ORIENTED_EDGE ( 'NONE', *, *, #2111, .F. ) ;
#2225 = EDGE_CURVE ( 'NONE', #2337, #4833, #8127, .T. ) ;
#2226 = CARTESIAN_POINT ( 'NONE',  ( 1.022873197870755900, 0.8770121648875594000, 0.0000000000000000000 ) ) ;
#2227 = CARTESIAN_POINT ( 'NONE',  ( -0.08401568594263388000, 0.1231026060500197600, -2.957130358705161400 ) ) ;
#2228 = CARTESIAN_POINT ( 'NONE',  ( 0.7311036405941849800, 0.9286621932200708200, -0.5074365704286969400 ) ) ;
#2229 = CARTESIAN_POINT ( 'NONE',  ( 0.1446774418240744400, 0.02265127236583266300, -2.992125984251975200 ) ) ;
#2230 = CARTESIAN_POINT ( 'NONE',  ( -1.108626020972167000, 0.7038785125588510300, -0.1968503937007874400 ) ) ;
#2231 = CARTESIAN_POINT ( 'NONE',  ( 0.6954048260608386400, 1.110322617515925500, -1.128608923884515600 ) ) ;
#2232 = ORIENTED_EDGE ( 'NONE', *, *, #7812, .F. ) ;
#2233 = ORIENTED_EDGE ( 'NONE', *, *, #5917, .T. ) ;
#2234 = CARTESIAN_POINT ( 'NONE',  ( 1.057192564065737600, -1.057192564065747100, -0.1968503937007875200 ) ) ;
#2235 = CARTESIAN_POINT ( 'NONE',  ( -1.109088367905878100, -0.7023879734236379000, -0.5074365704286969400 ) ) ;
#2236 = CARTESIAN_POINT ( 'NONE',  ( 0.7589873301296449200, 1.028953050111380600, -0.1968503937007873800 ) ) ;
#2237 = CARTESIAN_POINT ( 'NONE',  ( -0.04317389789997245300, 1.153934119375358300, -2.508696701501141700 ) ) ;
#2238 = CARTESIAN_POINT ( 'NONE',  ( -0.9632357407194280800, -0.7306319871982826000, -2.992125984251973400 ) ) ;
#2239 = CARTESIAN_POINT ( 'NONE',  ( 0.7566742686776338800, 1.025508191967476900, -1.128608923884515600 ) ) ;
#2240 = CARTESIAN_POINT ( 'NONE',  ( 0.7642728007677244100, -1.053941206384279700, -2.992125984251968500 ) ) ;
#2241 = ORIENTED_EDGE ( 'NONE', *, *, #5158, .T. ) ;
#2242 = CARTESIAN_POINT ( 'NONE',  ( -0.8255996794046417400, 0.9293197551186300800, -0.1749781277340354800 ) ) ;
#2243 = CARTESIAN_POINT ( 'NONE',  ( -0.9791254460543462600, 1.105565014269958000, 0.0000000000000000000 ) ) ;
#2244 = CARTESIAN_POINT ( 'NONE',  ( -0.0000000000000000000, 1.131583552055992000, -2.838329202522437400 ) ) ;
#2245 = CARTESIAN_POINT ( 'NONE',  ( 0.1723719786024900400, 1.153935871213454200, -2.681102362204709000 ) ) ;
#2246 = CARTESIAN_POINT ( 'NONE',  ( -1.049803909796291500, -0.7651677351667085500, -2.681539807524059500 ) ) ;
#2247 = B_SPLINE_CURVE_WITH_KNOTS ( 'NONE', 3,
 ( #2575, #5232, #6544, #7366, #1413, #2236 ),
 .UNSPECIFIED., .F., .F.,
 ( 4, 1, 1, 4 ),
 ( 0.0000000000000000000, 0.3333333333333339300, 0.6666666666666670700, 1.000000000000000000 ),
 .UNSPECIFIED. ) ;
#2248 = CARTESIAN_POINT ( 'NONE',  ( 0.09966029070844288600, -0.03405075619213977100, 0.7874033825953290500 ) ) ;
#2249 = VERTEX_POINT ( 'NONE', #6866 ) ;
#2250 = CARTESIAN_POINT ( 'NONE',  ( 0.7500308502709094300, -0.05856650093302363100, -0.0000000000000000000 ) ) ;
#2251 = CARTESIAN_POINT ( 'NONE',  ( 0.7003745554811732200, -1.109486903909763700, -2.060367454068244600 ) ) ;
#2252 = CARTESIAN_POINT ( 'NONE',  ( 0.1754327174310114400, 1.153936964634294500, -2.681102362204721000 ) ) ;
#2253 = CARTESIAN_POINT ( 'NONE',  ( -0.7176078221647755900, -1.101663991491527600, -0.1968503937007874100 ) ) ;
#2254 = CARTESIAN_POINT ( 'NONE',  ( 0.7637992319626182300, -1.057805835868256100, -1.128608923884515600 ) ) ;
#2255 = CARTESIAN_POINT ( 'NONE',  ( 1.057499546894264300, 0.7636744025022773600, -2.992125984251968500 ) ) ;
#2256 = CARTESIAN_POINT ( 'NONE',  ( -0.7637992319626182300, 1.057805835868259800, -2.060367454068240600 ) ) ;
#2257 = EDGE_CURVE ( 'NONE', #5398, #7093, #7384, .T. ) ;
#2258 = FACE_OUTER_BOUND ( 'NONE', #5632, .T. ) ;
#2259 = CARTESIAN_POINT ( 'NONE',  ( 0.1191749623152047600, 0.03898024474829528400, 0.7699037620297480800 ) ) ;
#2260 = CARTESIAN_POINT ( 'NONE',  ( 0.6887898905127244300, 1.110038567578169400, -0.1968503937007874100 ) ) ;
#2261 = DIRECTION ( 'NONE',  ( 0.0000000000000000000, 0.0000000000000000000, -1.000000000000000000 ) ) ;
#2262 = CARTESIAN_POINT ( 'NONE',  ( 1.066889654611260100, -1.047580032597574800, -0.1312335958005236600 ) ) ;
#2263 = CARTESIAN_POINT ( 'NONE',  ( 0.1489574861260472600, 1.144378037797165300, -2.617316519652487900 ) ) ;
#2264 = CARTESIAN_POINT ( 'NONE',  ( 0.9788576969563070900, -1.105682788051606500, -0.1312335958005236600 ) ) ;
#2265 = B_SPLINE_CURVE_WITH_KNOTS ( 'NONE', 3,
 ( #6867, #572, #3659, #494, #3159, #4512 ),
 .UNSPECIFIED., .F., .F.,
 ( 4, 1, 1, 4 ),
 ( -1.570865616985014400, -1.059838343849509800, -0.5299191719247600100, 0.0000000000000000000 ),
 .UNSPECIFIED. ) ;
#2266 = CARTESIAN_POINT ( 'NONE',  ( 0.7593146768515431900, 1.029023522214547600, -0.1968503937007874100 ) ) ;
#2267 = LINE ( 'NONE', #3679, #8290 ) ;
#2268 = CARTESIAN_POINT ( 'NONE',  ( -1.022873197870755900, 0.9788933469234686300, -0.1312335958005276000 ) ) ;
#2269 = B_SPLINE_SURFACE_WITH_KNOTS ( 'NONE', 3, 3, ( 
 ( #3779, #6400, #6370, #2570, #2543, #7049 ),
 ( #3868, #8271, #5669, #1210, #61, #7698 ),
 ( #5699, #3838, #30, #5082, #4495, #668 ),
 ( #4526, #1864, #6346, #6986, #1296, #7077 ),
 ( #1954, #6426, #2599, #4123, #6459, #2202 ),
 ( #6039, #3895, #5846, #2037, #90, #6677 ) ),
 .UNSPECIFIED., .F., .F., .F.,
 ( 4, 1, 1, 4 ),
 ( 4, 1, 1, 4 ),
 ( -71.00000000000000000, -47.33333333333332900, -23.66666666666666100, 1.000000000000000800E-014 ),
 ( 0.2287502309317900600, 0.2605532424075199200, 0.2923562538832500900, 0.3241592653589801000 ),
 .UNSPECIFIED. ) ;
#2270 = CARTESIAN_POINT ( 'NONE',  ( -0.7311023782002935600, -0.9279527559062295000, -2.992125984251968500 ) ) ;
#2271 = CARTESIAN_POINT ( 'NONE',  ( -0.1446774418205933600, -0.02265127238144943800, 0.06299212598425198200 ) ) ;
#2272 = CARTESIAN_POINT ( 'NONE',  ( 0.1557450946406299700, 1.126246719160106400, -2.680205304754929200 ) ) ;
#2273 = EDGE_CURVE ( 'NONE', #4371, #3492, #6177, .T. ) ;
#2274 = CARTESIAN_POINT ( 'NONE',  ( -1.029023522214551600, -0.7593146768515431900, -1.128608923884515600 ) ) ;
#2275 = B_SPLINE_CURVE_WITH_KNOTS ( 'NONE', 3,
 ( #2737, #219, #165, #194, #4669, #836 ),
 .UNSPECIFIED., .F., .F.,
 ( 4, 1, 1, 4 ),
 ( 0.0000000000000000000, 0.2899741926369943700, 0.7112355692682728000, 1.000000000000000000 ),
 .UNSPECIFIED. ) ;
#2276 = FACE_OUTER_BOUND ( 'NONE', #3101, .T. ) ;
#2277 = CARTESIAN_POINT ( 'NONE',  ( 0.05714622936979072600, -0.08845025713866139200, 0.7873872632500792400 ) ) ;
#2278 = CARTESIAN_POINT ( 'NONE',  ( 0.7499998966439960200, 0.0003937435670787403000, 0.006999125109362205200 ) ) ;
#2279 = CARTESIAN_POINT ( 'NONE',  ( 0.7627446526210116500, -1.060986002430181200, -0.5074365704286969400 ) ) ;
#2280 = CARTESIAN_POINT ( 'NONE',  ( -0.1446848777822630200, -2.121839655771912600E-011, -2.992125984251968500 ) ) ;
#2281 = CARTESIAN_POINT ( 'NONE',  ( -1.083715119910515700, 0.7440480963253898200, -2.681539807524059500 ) ) ;
#2282 = CARTESIAN_POINT ( 'NONE',  ( -0.7528510366733464100, 1.018785567477366500, -2.992125984251968500 ) ) ;
#2283 = CARTESIAN_POINT ( 'NONE',  ( 0.07270040754172836500, -0.1062935698246890300, -3.495188101487310700 ) ) ;
#2284 = CARTESIAN_POINT ( 'NONE',  ( 0.0000000000000000000, 0.1460610273873661500, -2.952755905511811100 ) ) ;
#2285 = CARTESIAN_POINT ( 'NONE',  ( -0.7479077349249685400, 1.081609771494819000, -2.060367454068244600 ) ) ;
#2286 = B_SPLINE_SURFACE_WITH_KNOTS ( 'NONE', 3, 3, ( 
 ( #7469, #2922, #7362, #5452, #4882, #4174 ),
 ( #6812, #2978, #6733, #6094, #2342, #8097 ),
 ( #3610, #5422, #1579, #6067, #4858, #3531 ),
 ( #5505, #4260, #2231, #1606, #364, #6704 ),
 ( #1685, #8015, #2867, #2314, #994, #4150 ),
 ( #2260, #4831, #5477, #2949, #6785, #334 ) ),
 .UNSPECIFIED., .F., .F., .F.,
 ( 4, 1, 1, 4 ),
 ( 4, 1, 1, 4 ),
 ( 0.0000000000000000000, 23.66666666666666100, 47.33333333333332100, 71.00000000000000000 ),
 ( 0.2738642900300700700, 0.2906292818063700400, 0.3073942735826801200, 0.3241592653589801000 ),
 .UNSPECIFIED. ) ;
#2287 = ORIENTED_EDGE ( 'NONE', *, *, #6133, .T. ) ;
#2288 = CARTESIAN_POINT ( 'NONE',  ( 0.08534281689477167500, 0.06947686240305119000, 0.7852143482064725100 ) ) ;
#2289 = CARTESIAN_POINT ( 'NONE',  ( 1.107518755139228700, 0.7073156778342667400, -2.992125984251966700 ) ) ;
#2290 = CARTESIAN_POINT ( 'NONE',  ( 0.1853889004854055700, 1.112904636920386100, -2.599176072756661500 ) ) ;
#2291 = CARTESIAN_POINT ( 'NONE',  ( -1.109486903909763700, -0.7003745554811732200, -0.5074365704286969400 ) ) ;
#2292 = CARTESIAN_POINT ( 'NONE',  ( -0.7053811463581142200, 1.108204637752976400, -1.128608923884511800 ) ) ;
#2293 = ORIENTED_EDGE ( 'NONE', *, *, #4974, .T. ) ;
#2294 = CARTESIAN_POINT ( 'NONE',  ( 1.056646062823173100, -1.057736748147917400, -0.02187226596675591000 ) ) ;
#2295 = CARTESIAN_POINT ( 'NONE',  ( 0.1573015519094055600, 1.144378037797165300, -2.683797393081369900 ) ) ;
#2296 = CARTESIAN_POINT ( 'NONE',  ( 0.7651677351667045500, 1.049803909796291500, -1.128608923884515600 ) ) ;
#2297 = CARTESIAN_POINT ( 'NONE',  ( -0.8255996794046417400, 0.9293197551186300800, -0.02187226596675591000 ) ) ;
#2298 = CARTESIAN_POINT ( 'NONE',  ( -0.1973615553878662100, 1.134251968503936900, -2.652953442916394300 ) ) ;
#2299 = VERTEX_POINT ( 'NONE', #627 ) ;
#2300 = B_SPLINE_CURVE_WITH_KNOTS ( 'NONE', 3,
 ( #5117, #4473, #1216, #3234, #3784, #3202 ),
 .UNSPECIFIED., .F., .F.,
 ( 4, 1, 1, 4 ),
 ( 1.320610009292245000E-010, 6.406103909985774600E-005, 0.0002228452418512438900, 0.0002868508494631092400 ),
 .UNSPECIFIED. ) ;
#2301 = CARTESIAN_POINT ( 'NONE',  ( -0.08401568594263388000, -0.1231026060500197600, 0.02799650043744489000 ) ) ;
#2302 = EDGE_CURVE ( 'NONE', #6720, #3674, #4942, .T. ) ;
#2303 = CARTESIAN_POINT ( 'NONE',  ( -0.08401568594263388000, -0.1231026060500197600, 0.02362204724409453300 ) ) ;
#2304 = CARTESIAN_POINT ( 'NONE',  ( 0.7593146768515431900, -1.029023522214551600, -0.1968503937007874100 ) ) ;
#2305 = EDGE_LOOP ( 'NONE', ( #6796, #3416 ) ) ;
#2306 = CARTESIAN_POINT ( 'NONE',  ( 1.109486903909763700, 0.7003745554811732200, -2.992125984251968500 ) ) ;
#2307 = CARTESIAN_POINT ( 'NONE',  ( -0.1446774418275553800, -0.02265127235021588100, -2.952755905511811100 ) ) ;
#2308 = CARTESIAN_POINT ( 'NONE',  ( -0.7594092295902990000, 1.029654069748492400, -2.992125984251968500 ) ) ;
#2309 = CARTESIAN_POINT ( 'NONE',  ( 1.060085487004333000, 0.7631258898213046900, -2.992125984251968500 ) ) ;
#2310 = CARTESIAN_POINT ( 'NONE',  ( -0.7549431811966416100, 1.076064190174775600, -2.060367454068240600 ) ) ;
#2311 = ADVANCED_FACE ( 'NONE', ( #2674 ), #5154, .T. ) ;
#2312 = ORIENTED_EDGE ( 'NONE', *, *, #3741, .T. ) ;
#2313 = CARTESIAN_POINT ( 'NONE',  ( 0.09939008828192623400, 0.08091262673347993100, 0.7675196850393700700 ) ) ;
#2314 = CARTESIAN_POINT ( 'NONE',  ( 0.7016296763940590400, 1.109374590528771500, -0.5074365704286969400 ) ) ;
#2315 = CARTESIAN_POINT ( 'NONE',  ( 1.022481225820766700, -0.8766112441605299300, -0.1968503937007874100 ) ) ;
#2316 = CARTESIAN_POINT ( 'NONE',  ( -0.7023879734236339000, -1.109088367905878100, -0.1968503937007874100 ) ) ;
#2317 = CARTESIAN_POINT ( 'NONE',  ( -0.7072881488253229800, 1.107445675074389500, -0.5074365704286969400 ) ) ;
#2318 = B_SPLINE_CURVE_WITH_KNOTS ( 'NONE', 3,
 ( #398, #2930, #6153, #7422, #3564, #8079, #999, #2321, #4207, #1027, #5483 ),
 .UNSPECIFIED., .F., .F.,
 ( 4, 1, 1, 1, 1, 1, 1, 1, 4 ),
 ( 0.0000000000000000000, 0.001330758891399354100, 0.002699622018097649300, 0.003384053581446747200, 0.004068485144795944500, 0.004752916708145041100, 0.005437348271494239300, 0.006806211398192434300, 0.008136970289590830800 ),
 .UNSPECIFIED. ) ;
#2319 = SURFACE_STYLE_USAGE ( .BOTH. , #3640 ) ;
#2320 = CARTESIAN_POINT ( 'NONE',  ( -0.08785433828891336900, 1.153934119375358300, -2.526249386810228700 ) ) ;
#2321 = CARTESIAN_POINT ( 'NONE',  ( 0.8682354914878504000, 0.8410053028255510800, 0.0000000000000000000 ) ) ;
#2322 = EDGE_CURVE ( 'NONE', #2121, #5729, #2955, .T. ) ;
#2323 = CARTESIAN_POINT ( 'NONE',  ( 1.022873197870755900, 0.9788933469234645200, -0.02187226596675591000 ) ) ;
#2324 = ORIENTED_EDGE ( 'NONE', *, *, #2991, .F. ) ;
#2325 = B_SPLINE_CURVE_WITH_KNOTS ( 'NONE', 3,
 ( #3266, #7765, #5239, #2608, #1961, #704, #7737, #3293, #3904, #5855, #3877 ),
 .UNSPECIFIED., .F., .F.,
 ( 4, 1, 1, 1, 1, 1, 1, 1, 4 ),
 ( 2.082280265674831500E-012, 0.001330758893003519000, 0.002699622019210019900, 0.003384053582313220800, 0.004068485145416521900, 0.004752916708519721500, 0.005437348271623021700, 0.006806211397829422600, 0.008136970290290455200 ),
 .UNSPECIFIED. ) ;
#2326 = CARTESIAN_POINT ( 'NONE',  ( -0.8682354914878504000, 0.8410053028255472000, -0.02187226596675591000 ) ) ;
#2327 = CARTESIAN_POINT ( 'NONE',  ( 0.1968215087142204900, 1.134251968503936900, -2.684474484327700900 ) ) ;
#2328 = CARTESIAN_POINT ( 'NONE',  ( -0.1772873119973661400, 1.153934119375358300, -2.706388169394740000 ) ) ;
#2329 = VERTEX_POINT ( 'NONE', #2499 ) ;
#2330 = VERTEX_POINT ( 'NONE', #4511 ) ;
#2331 = CARTESIAN_POINT ( 'NONE',  ( 0.07662812938478191800, -0.07214422842909903900, 0.7873358209215147700 ) ) ;
#2332 = CARTESIAN_POINT ( 'NONE',  ( 0.6631499799855356000, -0.3699185312724016000, -0.0000000000000000000 ) ) ;
#2333 = CARTESIAN_POINT ( 'NONE',  ( 0.7627446526210116500, -1.060986002430181200, -1.128608923884515600 ) ) ;
#2334 = FACE_OUTER_BOUND ( 'NONE', #5523, .T. ) ;
#2335 = CARTESIAN_POINT ( 'NONE',  ( -0.1744194488177452400, 1.153937007874015700, -2.659656871625372800 ) ) ;
#2336 = CARTESIAN_POINT ( 'NONE',  ( -0.7420151437815316600, 0.9960388349955512400, -2.992125984251968500 ) ) ;
#2337 = VERTEX_POINT ( 'NONE', #5715 ) ;
#2338 = CARTESIAN_POINT ( 'NONE',  ( 1.079822295072447000, 0.7500603502138086800, -2.992125984251968500 ) ) ;
#2339 = CARTESIAN_POINT ( 'NONE',  ( 1.057192564065747100, 1.057192564065737600, -0.1968503937007875200 ) ) ;
#2340 = EDGE_LOOP ( 'NONE', ( #4620, #7806, #7121, #731 ) ) ;
#2341 = CARTESIAN_POINT ( 'NONE',  ( -0.8682354914878504000, -0.8410053028255510800, 0.0000000000000000000 ) ) ;
#2342 = CARTESIAN_POINT ( 'NONE',  ( 0.7053811463581102200, 1.108204637752976400, -2.681539807524059500 ) ) ;
#2343 = CARTESIAN_POINT ( 'NONE',  ( -0.1412742653159843000, 1.112904636920386100, -2.540380452650441400 ) ) ;
#2344 = CARTESIAN_POINT ( 'NONE',  ( 1.107445675074389500, -0.7072881488253229800, -0.5074365704286969400 ) ) ;
#2345 = CARTESIAN_POINT ( 'NONE',  ( -0.07270040754172836500, 0.1062935698246890300, -2.992125984251969000 ) ) ;
#2346 = CARTESIAN_POINT ( 'NONE',  ( -1.096676596295535400, -0.7252355460546456900, -2.060367454068240600 ) ) ;
#2347 = CARTESIAN_POINT ( 'NONE',  ( 0.8330323139402675500, 0.9788933469234686300, -0.1312335958005236600 ) ) ;
#2348 = CARTESIAN_POINT ( 'NONE',  ( -0.8253816619105313100, 0.9129958530717085000, 0.0000000000000000000 ) ) ;
#2349 = CARTESIAN_POINT ( 'NONE',  ( -0.1424231651923819100, 1.137382512314488100, -2.541457877216000100 ) ) ;
#2350 = VECTOR ( 'NONE', #5977, 39.37007874015748100 ) ;
#2351 = CARTESIAN_POINT ( 'NONE',  ( 0.09341851193814962300, 1.152548769262433000, -2.845762808260047500 ) ) ;
#2352 = ADVANCED_FACE ( 'NONE', ( #2462, #3743 ), #7685, .T. ) ;
#2353 = CARTESIAN_POINT ( 'NONE',  ( 0.07399811238512731000, -0.07485433931604718000, 0.7873351065381101200 ) ) ;
#2354 = CARTESIAN_POINT ( 'NONE',  ( 0.04788271554519685900, 1.134251968503936900, -2.874255262171078900 ) ) ;
#2356 = CARTESIAN_POINT ( 'NONE',  ( 0.7651677351667085500, -1.049803909796291500, -0.5074365704286969400 ) ) ;
#2355 = CARTESIAN_POINT ( 'NONE',  ( 1.028953034820995000, 0.7589873557274847700, -2.992125984251968500 ) ) ;
#2357 = CARTESIAN_POINT ( 'NONE',  ( -0.8324966087895316900, -0.7505357138161811200, -2.681539807524059500 ) ) ;
#2358 = CARTESIAN_POINT ( 'NONE',  ( -1.110134101196099700, 0.6966426451231501100, -2.992125984251970300 ) ) ;
#2359 = CARTESIAN_POINT ( 'NONE',  ( 0.7642728007677244100, -1.053941206384279700, -0.5074365704286969400 ) ) ;
#2360 = CARTESIAN_POINT ( 'NONE',  ( 0.07270040754172836500, -0.1062935698246890300, -3.020559930008748200 ) ) ;
#2361 = CARTESIAN_POINT ( 'NONE',  ( -0.7618448995876850900, 1.065122253766173300, -2.681539807524059500 ) ) ;
#2362 = EDGE_CURVE ( 'NONE', #2741, #4501, #2370, .T. ) ;
#2363 = CARTESIAN_POINT ( 'NONE',  ( 0.1214884210671847800, 0.03973694050565265000, 0.7675196850393700700 ) ) ;
#2364 = CARTESIAN_POINT ( 'NONE',  ( -0.1557450946406299700, 1.110236220472441000, -2.681999419654519800 ) ) ;
#2365 = LINE ( 'NONE', #6701, #6669 ) ;
#2366 = CARTESIAN_POINT ( 'NONE',  ( 0.1969610430417243800, 1.112904636920386100, -2.650754968625445200 ) ) ;
#2367 = CARTESIAN_POINT ( 'NONE',  ( 1.110038567578169400, -0.6887898905127244300, -0.1968503937007874100 ) ) ;
#2368 = CARTESIAN_POINT ( 'NONE',  ( -1.110038567578173200, -0.6887898905127283200, -2.060367454068240600 ) ) ;
#2369 = CARTESIAN_POINT ( 'NONE',  ( 0.03051586097098820200, -0.1226143411448661600, 0.02362204724409449500 ) ) ;
#2370 = B_SPLINE_CURVE_WITH_KNOTS ( 'NONE', 3,
 ( #1907, #1254, #6386, #7741, #3132, #2558, #3882, #7627, #8286, #1284, #3826, #18, #4483, #1940, #599, #7064, #6413 ),
 .UNSPECIFIED., .F., .F.,
 ( 4, 1, 1, 1, 1, 1, 1, 1, 1, 1, 1, 1, 1, 1, 4 ),
 ( 9.747287052434413200E-017, 0.005003486358824898300, 0.01001813427968124000, 0.01503278220053768700, 0.02004743012139408000, 0.02506207804225056200, 0.02756940200267876000, 0.03007672596310693700, 0.03258404992353509900, 0.03509137388396330000, 0.04010602180481964700, 0.04512066972567611200, 0.05013531764653246500, 0.05514996556738886700, 0.06015345192621363000 ),
 .UNSPECIFIED. ) ;
#2371 = CARTESIAN_POINT ( 'NONE',  ( 0.1249998854435633400, -1.523780521053919900E-011, -2.952755905511809800 ) ) ;
#2372 = CARTESIAN_POINT ( 'NONE',  ( 0.8253816619105313100, 0.9429096587393148700, -0.06561679790026378500 ) ) ;
#2373 = CARTESIAN_POINT ( 'NONE',  ( 1.057805835868256100, -0.7637992319626142300, -0.5074365704286969400 ) ) ;
#2374 = B_SPLINE_CURVE_WITH_KNOTS ( 'NONE', 3,
 ( #7670, #1209, #3894, #3867, #667, #6399 ),
 .UNSPECIFIED., .F., .F.,
 ( 4, 1, 1, 4 ),
 ( 1.320610009292245000E-010, 6.406103909988342800E-005, 0.0002228452418512589300, 0.0002868508494631173700 ),
 .UNSPECIFIED. ) ;
#2375 = ORIENTED_EDGE ( 'NONE', *, *, #7910, .T. ) ;
#2376 = CARTESIAN_POINT ( 'NONE',  ( -0.8255996794046417400, 0.9293197551186300800, 0.0000000000000000000 ) ) ;
#2377 = CARTESIAN_POINT ( 'NONE',  ( 0.1863811055754370500, 1.137382512314492300, -2.601291161276653600 ) ) ;
#2378 = CARTESIAN_POINT ( 'NONE',  ( -0.0000000000000000000, 1.153988124042724300, -2.862805036045673800 ) ) ;
#2379 = EDGE_CURVE ( 'NONE', #3936, #1482, #5536, .T. ) ;
#2380 = B_SPLINE_CURVE_WITH_KNOTS ( 'NONE', 3,
 ( #4621, #845, #974, #6100, #4071, #7991 ),
 .UNSPECIFIED., .F., .F.,
 ( 4, 1, 1, 4 ),
 ( 0.0000000000000000000, 0.2887644307316398800, 0.7100258073629135400, 1.000000000000000000 ),
 .UNSPECIFIED. ) ;
#2381 = CARTESIAN_POINT ( 'NONE',  ( -0.09859734625865453100, -0.03718957246374836300, 0.7874116518982865500 ) ) ;
#2382 = EDGE_LOOP ( 'NONE', ( #5848, #5210, #3660, #6316 ) ) ;
#2383 = CARTESIAN_POINT ( 'NONE',  ( 0.1968491153113268200, 1.118241469816271700, -2.680392924890161700 ) ) ;
#2385 = CARTESIAN_POINT ( 'NONE',  ( 0.7639149224034370600, -1.057272500430996200, -2.060367454068244600 ) ) ;
#2384 = CARTESIAN_POINT ( 'NONE',  ( 0.0000000000000000000, 1.110236220472441000, 0.0000000000000000000 ) ) ;
#2386 = CARTESIAN_POINT ( 'NONE',  ( -0.04617571287622520400, 1.153937007874015700, -2.511703500429077500 ) ) ;
#2387 = CARTESIAN_POINT ( 'NONE',  ( -0.7441482841840275600, -1.083913278540055400, -2.060367454068244600 ) ) ;
#2388 = CARTESIAN_POINT ( 'NONE',  ( -0.04375797716118681700, 1.153937007874015900, -2.852423560288321900 ) ) ;
#2389 = CARTESIAN_POINT ( 'NONE',  ( -0.07270040754172836500, -0.1062935698246890300, -3.020559930008748200 ) ) ;
#2390 = CARTESIAN_POINT ( 'NONE',  ( 0.08968624851009841800, 0.7465127032399607700, 0.0000000000000000000 ) ) ;
#2391 = ORIENTED_EDGE ( 'NONE', *, *, #4135, .F. ) ;
#2392 = ADVANCED_FACE ( 'NONE', ( #7177 ), #2514, .T. ) ;
#2393 = CARTESIAN_POINT ( 'NONE',  ( -0.9530213658428109400, -0.8275570291413073500, -0.1749781277340315400 ) ) ;
#2394 = CARTESIAN_POINT ( 'NONE',  ( -0.1557450946406299700, 1.134251968503936900, -2.681999419654519800 ) ) ;
#2395 = CARTESIAN_POINT ( 'NONE',  ( 0.1853889004854055700, 1.118241469816271700, -2.599176072756665500 ) ) ;
#2396 = CARTESIAN_POINT ( 'NONE',  ( 1.109374590528771500, -0.7016296763940590400, -0.1968503937007874100 ) ) ;
#2397 = CARTESIAN_POINT ( 'NONE',  ( -0.6887898905127283200, 1.110038567578173200, -0.5074365704286969400 ) ) ;
#2398 = CARTESIAN_POINT ( 'NONE',  ( -1.104136452828496300, -0.7137832230396693500, -2.060367454068244600 ) ) ;
#2399 = CARTESIAN_POINT ( 'NONE',  ( -0.9876700203231734100, 0.8410053028255510800, -0.1968503937007874100 ) ) ;
#2400 = ORIENTED_EDGE ( 'NONE', *, *, #6700, .F. ) ;
#2401 = CARTESIAN_POINT ( 'NONE',  ( 0.9530213658428109400, 1.028348482669716500, -0.06561679790026378500 ) ) ;
#2402 = CARTESIAN_POINT ( 'NONE',  ( 0.7475810392626731600, 1.081538896983668800, -2.060367454068240600 ) ) ;
#2403 = B_SPLINE_SURFACE_WITH_KNOTS ( 'NONE', 3, 3, ( 
 ( #3046, #2581, #1935, #678, #3154, #7058 ),
 ( #3180, #4446, #621, #4505, #4478, #652 ),
 ( #5092, #2493, #4385, #6407, #3207, #6940 ),
 ( #565, #5037, #1194, #6439, #121, #1333 ),
 ( #3238, #70, #5884, #7087, #2045, #2639 ),
 ( #7110, #7140, #5825, #97, #4568, #734 ) ),
 .UNSPECIFIED., .F., .F., .F.,
 ( 4, 1, 1, 4 ),
 ( 4, 1, 1, 4 ),
 ( 0.0000000000000000000, 4.733333333333361800, 9.466666666666713000, 14.20000000000006000 ),
 ( 1.293603152022609700, 1.386667543613370200, 1.479731935204129600, 1.572796326794889900 ),
 .UNSPECIFIED. ) ;
#2404 = CARTESIAN_POINT ( 'NONE',  ( -0.8255996794046417400, -0.9265857566923937400, -0.1312335958005236600 ) ) ;
#2405 = CARTESIAN_POINT ( 'NONE',  ( -0.08838326014879925600, 1.153934119375358300, -2.836887620800586400 ) ) ;
#2406 = CARTESIAN_POINT ( 'NONE',  ( -1.030305832406381800, 0.9265857566923937400, -0.1968503937007874100 ) ) ;
#2407 = ORIENTED_EDGE ( 'NONE', *, *, #589, .T. ) ;
#2408 = CARTESIAN_POINT ( 'NONE',  ( 0.05535867416288856700, -0.08958234896238735600, 0.7873926156938454400 ) ) ;
#2409 = EDGE_CURVE ( 'NONE', #5235, #4073, #3641, .T. ) ;
#2410 = CARTESIAN_POINT ( 'NONE',  ( -0.1969610430417243800, 1.131583552055992000, -2.711449755784003800 ) ) ;
#2411 = CARTESIAN_POINT ( 'NONE',  ( 0.7378068781184735600, 0.8626282286608815100, -2.992125984251966700 ) ) ;
#2412 = CARTESIAN_POINT ( 'NONE',  ( -0.7310279753857676900, -0.9076672032026179600, -2.681539807524059500 ) ) ;
#2413 = CARTESIAN_POINT ( 'NONE',  ( 1.057499546894264100, 0.7636744025022774700, -0.1968503937007873800 ) ) ;
#2414 = CARTESIAN_POINT ( 'NONE',  ( 1.104136452828496300, 0.7137832230396693500, -2.992125984251968500 ) ) ;
#2415 = ORIENTED_EDGE ( 'NONE', *, *, #8248, .T. ) ;
#2416 = CARTESIAN_POINT ( 'NONE',  ( 0.1156637036326063400, -0.06262578429423626400, -3.156167979002626500 ) ) ;
#2417 = CARTESIAN_POINT ( 'NONE',  ( -1.023890032031122200, -1.085874585383008100, -0.1312335958005236600 ) ) ;
#2418 = B_SPLINE_SURFACE_WITH_KNOTS ( 'NONE', 3, 3, ( 
 ( #752, #111, #3893, #6397, #7013, #88 ),
 ( #4556, #721, #2005, #6484, #7697, #7668 ),
 ( #3836, #2654, #3924, #3807, #4493, #6537 ),
 ( #4461, #3693, #3601, #8112, #6162, #8170 ),
 ( #4279, #463, #3707, #7461, #1169, #4250 ),
 ( #5599, #6830, #3653, #8223, #1701, #2993 ) ),
 .UNSPECIFIED., .F., .F., .F.,
 ( 4, 1, 1, 4 ),
 ( 4, 1, 1, 4 ),
 ( -71.00000000000000000, -47.33333333333332900, -23.66666666666667100, -1.000000000000000800E-014 ),
 ( 0.2287502309317900600, 0.2605532424075199200, 0.2923562538832500900, 0.3241592653589801000 ),
 .UNSPECIFIED. ) ;
#2419 = CARTESIAN_POINT ( 'NONE',  ( -0.9279527559055117400, -0.8246073122010001400, -0.1968503937007874100 ) ) ;
#2420 = CARTESIAN_POINT ( 'NONE',  ( -0.1558869637127283900, 1.126246719160106400, -2.657368430785547200 ) ) ;
#2421 = VERTEX_POINT ( 'NONE', #1363 ) ;
#2422 = DIRECTION ( 'NONE',  ( 0.0000000000000000000, 0.0000000000000000000, -1.000000000000000000 ) ) ;
#2423 = CARTESIAN_POINT ( 'NONE',  ( -0.8255908954712981600, -0.9279527557392346400, -0.09842519685039526100 ) ) ;
#2424 = CARTESIAN_POINT ( 'NONE',  ( -0.1251725047065984900, 0.01871959219484252400, 0.7726771653543307300 ) ) ;
#2425 = CARTESIAN_POINT ( 'NONE',  ( -1.101663991491527600, -0.7176078221647795900, -0.5074365704286969400 ) ) ;
#2426 = EDGE_CURVE ( 'NONE', #2596, #6196, #6816, .T. ) ;
#2427 = CARTESIAN_POINT ( 'NONE',  ( 0.8253816619105313100, 0.9429096587393148700, -0.1968503937007874100 ) ) ;
#2428 = CARTESIAN_POINT ( 'NONE',  ( -0.9451014140148467100, 1.110318066288362500, -0.1749781277340354800 ) ) ;
#2429 = ORIENTED_EDGE ( 'NONE', *, *, #2736, .T. ) ;
#2430 = CARTESIAN_POINT ( 'NONE',  ( -0.06071064174732285200, 0.1067576474527441000, 0.7699037620297480800 ) ) ;
#2431 = VERTEX_POINT ( 'NONE', #99 ) ;
#2432 = CARTESIAN_POINT ( 'NONE',  ( -0.9279527559055117400, -1.031298199610023700, -0.02187226596675591000 ) ) ;
#2433 = CARTESIAN_POINT ( 'NONE',  ( 1.108626020972166800, 0.7038785125588548100, -2.992125984251969000 ) ) ;
#2434 = CARTESIAN_POINT ( 'NONE',  ( -1.022873197870755900, 0.9788933469234686300, -0.1968503937007874100 ) ) ;
#2435 = ADVANCED_FACE ( 'NONE', ( #3955 ), #5334, .T. ) ;
#2436 = CARTESIAN_POINT ( 'NONE',  ( -0.1053148854230678700, 3.851669571263057200E-011, 0.7874014932169904900 ) ) ;
#2437 = VERTEX_POINT ( 'NONE', #1962 ) ;
#2438 = CARTESIAN_POINT ( 'NONE',  ( 0.1853889004854055700, 1.134251968503936900, -2.763028651652787500 ) ) ;
#2439 = CARTESIAN_POINT ( 'NONE',  ( 0.7107731193049613400, 1.105962098314001900, -2.992125984251968500 ) ) ;
#2440 = CARTESIAN_POINT ( 'NONE',  ( 0.7441482841840275600, -1.083913278540059400, -2.992125984251968500 ) ) ;
#2441 = CARTESIAN_POINT ( 'NONE',  ( -0.7310279753857676900, -0.9076672032026179600, -2.060367454068240600 ) ) ;
#2442 = CARTESIAN_POINT ( 'NONE',  ( -0.7252355460546456900, -1.096676596295539600, -1.128608923884515600 ) ) ;
#2443 = CARTESIAN_POINT ( 'NONE',  ( 1.083913278540055400, 0.7441482841840315600, -2.681539807524059500 ) ) ;
#2444 = CARTESIAN_POINT ( 'NONE',  ( -0.07270040754172836500, -0.1062935698246890300, -3.359580052493437400 ) ) ;
#2445 = CARTESIAN_POINT ( 'NONE',  ( -1.047580032597574800, -1.066889654611260100, -0.1312335958005236600 ) ) ;
#2446 = B_SPLINE_SURFACE_WITH_KNOTS ( 'NONE', 3, 3, ( 
 ( #3168, #2625, #1918, #4585, #5167, #4464 ),
 ( #1888, #1324, #639, #7046, #6424, #1294 ),
 ( #59, #2597, #7075, #5110, #5814, #1265 ),
 ( #3226, #5139, #5785, #1350, #5194, #7102 ),
 ( #1952, #7725, #6368, #5759, #5225, #666 ),
 ( #3866, #4524, #2541, #1378, #5844, #1978 ) ),
 .UNSPECIFIED., .F., .F., .F.,
 ( 4, 1, 1, 4 ),
 ( 4, 1, 1, 4 ),
 ( -71.00000000000000000, -47.33333333333332900, -23.66666666666667100, -1.000000000000000800E-014 ),
 ( 0.3041592653589800800, 0.3359622768347101400, 0.3677652883104400900, 0.3995682997861700900 ),
 .UNSPECIFIED. ) ;
#2447 = ORIENTED_EDGE ( 'NONE', *, *, #2687, .T. ) ;
#2448 = CARTESIAN_POINT ( 'NONE',  ( 0.9291338582677164400, 1.110236220472440700, 0.0000000000000000000 ) ) ;
#2449 = CARTESIAN_POINT ( 'NONE',  ( 0.1438889093088228900, 1.110236220472441000, -2.602693276785181800 ) ) ;
#2450 = CARTESIAN_POINT ( 'NONE',  ( -0.7651677351667085500, 1.049803909796291500, -0.1968503937007874100 ) ) ;
#2451 = CARTESIAN_POINT ( 'NONE',  ( -0.1153413783469085200, -0.06295339489974291500, -2.992125984251970700 ) ) ;
#2452 = CARTESIAN_POINT ( 'NONE',  ( -0.0000000000000000000, 0.1261928294275669600, 0.7701968503937007800 ) ) ;
#2453 = CARTESIAN_POINT ( 'NONE',  ( -0.7499997401306208700, -0.05884212280250032700, 0.06299212598425216200 ) ) ;
#2454 = CARTESIAN_POINT ( 'NONE',  ( -1.110261735596846700, 0.6910086409841851300, -2.992125984251968500 ) ) ;
#2455 =( LENGTH_UNIT ( ) NAMED_UNIT ( * ) SI_UNIT ( $, .METRE. ) );
#2456 = DIRECTION ( 'NONE',  ( 0.0000000000000000000, 0.0000000000000000000, -1.000000000000000000 ) ) ;
#2457 = CARTESIAN_POINT ( 'NONE',  ( -1.047580032597574800, 1.066889654611260100, -0.1749781277340354800 ) ) ;
#2458 = CARTESIAN_POINT ( 'NONE',  ( -0.06185673756659538400, 0.1087730188917447000, 0.7675853018372703600 ) ) ;
#2459 = CARTESIAN_POINT ( 'NONE',  ( -0.8255996794046417400, -0.9265857566923937400, -0.02187226596675591000 ) ) ;
#2460 = DIRECTION ( 'NONE',  ( 0.0000000000000000000, 0.0000000000000000000, -1.000000000000000000 ) ) ;
#2461 = CARTESIAN_POINT ( 'NONE',  ( -0.9876700203231734100, 1.014900208985472200, -0.02187226596675591000 ) ) ;
#2462 = FACE_OUTER_BOUND ( 'NONE', #2305, .T. ) ;
#2463 = CARTESIAN_POINT ( 'NONE',  ( -0.07099277331976879000, -0.07770428163147057000, 0.7873377475130943800 ) ) ;
#2464 = CARTESIAN_POINT ( 'NONE',  ( 0.6887898905127283200, -1.110038567578173200, -2.060367454068240600 ) ) ;
#2465 = CARTESIAN_POINT ( 'NONE',  ( 0.09746816833348823100, 1.118241469816271700, -2.854991320674237000 ) ) ;
#2466 = CARTESIAN_POINT ( 'NONE',  ( -0.1158250113019861400, 0.04704223208775997600, -2.952755905511811100 ) ) ;
#2467 = CARTESIAN_POINT ( 'NONE',  ( 0.7137832230396693500, -1.104136452828496300, -0.1968503937007874100 ) ) ;
#2468 = CARTESIAN_POINT ( 'NONE',  ( 1.030305832406381800, -0.9265857566923937400, -0.1968503937007874100 ) ) ;
#2469 = CARTESIAN_POINT ( 'NONE',  ( -0.1500241047469495500, 1.153937007874015700, -2.772075625441158500 ) ) ;
#2470 = CARTESIAN_POINT ( 'NONE',  ( -0.1156637036326063400, -0.06262578429423626400, -3.359580052493437400 ) ) ;
#2471 = CARTESIAN_POINT ( 'NONE',  ( -0.7499999991309594900, 3.026091899573645800E-015, 0.0000000000000000000 ) ) ;
#2472 = VECTOR ( 'NONE', #1195, 39.37007874015748100 ) ;
#2473 = CARTESIAN_POINT ( 'NONE',  ( -0.9028841459682126500, -0.8275570291413073500, -0.02187226596675591000 ) ) ;
#2474 = EDGE_CURVE ( 'NONE', #3715, #3188, #7475, .T. ) ;
#2475 = CARTESIAN_POINT ( 'NONE',  ( -0.1558869637127283900, 1.110236220472441000, -2.657368430785547200 ) ) ;
#2476 = CARTESIAN_POINT ( 'NONE',  ( 0.7038785125588545900, -1.108626020972166600, -0.1968503937007874400 ) ) ;
#2477 = CARTESIAN_POINT ( 'NONE',  ( -1.109563216913673100, -0.7003911346322527800, -0.1968503937007874100 ) ) ;
#2478 = CARTESIAN_POINT ( 'NONE',  ( -0.7053811463581142200, 1.108204637752976400, -2.681539807524059500 ) ) ;
#2479 = ORIENTED_EDGE ( 'NONE', *, *, #7251, .F. ) ;
#2480 = CARTESIAN_POINT ( 'NONE',  ( 0.5373840014121733500, -0.5370372980905274700, 0.06299212598425216200 ) ) ;
#2481 = CARTESIAN_POINT ( 'NONE',  ( 0.7311036405941849800, -0.9286621932200708200, -2.992125984251968500 ) ) ;
#2482 = FILL_AREA_STYLE ('',( #4348 ) ) ;
#2483 = CARTESIAN_POINT ( 'NONE',  ( -0.7420151437815316600, -0.9960388349955512400, -0.5074365704286969400 ) ) ;
#2484 = CARTESIAN_POINT ( 'NONE',  ( -1.047580032597574800, 1.066889654611260100, -0.06561679790026378500 ) ) ;
#2485 = CARTESIAN_POINT ( 'NONE',  ( -0.1251573761151063300, 0.01168658231500787700, 0.7677165354330708300 ) ) ;
#2486 = CARTESIAN_POINT ( 'NONE',  ( -0.9028841459682126500, -1.028348482669716500, -0.06561679790026378500 ) ) ;
#2487 = CARTESIAN_POINT ( 'NONE',  ( 0.1424231651923819100, 1.134251968503936900, -2.820746847193444900 ) ) ;
#2488 = VERTEX_POINT ( 'NONE', #4679 ) ;
#2489 = CARTESIAN_POINT ( 'NONE',  ( 0.05187343904746692000, -0.09169179245717694300, 0.7873943834045010700 ) ) ;
#2490 = EDGE_CURVE ( 'NONE', #2431, #4131, #2169, .T. ) ;
#2491 = CARTESIAN_POINT ( 'NONE',  ( 0.7016296763940630400, -1.109374590528771500, -0.1968503937007874100 ) ) ;
#2492 = CARTESIAN_POINT ( 'NONE',  ( -0.1969610430417243800, 1.110236220472441000, -2.711449755784003800 ) ) ;
#2493 = CARTESIAN_POINT ( 'NONE',  ( 0.7528510366733464100, 1.018785567477366500, -2.060367454068240600 ) ) ;
#2494 = CARTESIAN_POINT ( 'NONE',  ( 0.7252355460546456900, -1.096676596295535400, -0.5074365704286969400 ) ) ;
#2495 = ORIENTED_EDGE ( 'NONE', *, *, #5090, .F. ) ;
#2496 = CARTESIAN_POINT ( 'NONE',  ( 0.9876700203231734100, -1.014900208985472200, -0.1968503937007874100 ) ) ;
#2497 = PLANE ( 'NONE',  #1740 ) ;
#2498 = CARTESIAN_POINT ( 'NONE',  ( -0.06594153262743841800, 1.153937007874015400, -2.843643049565788900 ) ) ;
#2499 = CARTESIAN_POINT ( 'NONE',  ( 1.028953034820995000, 0.7589873557274847700, -2.992125984251968500 ) ) ;
#2500 = CARTESIAN_POINT ( 'NONE',  ( 1.110236220472441000, -0.9291338582677165500, 0.0000000000000000000 ) ) ;
#2501 = ORIENTED_EDGE ( 'NONE', *, *, #1238, .T. ) ;
#2502 = CARTESIAN_POINT ( 'NONE',  ( -0.9279527559055117400, -0.8246073122010001400, -0.06561679790026378500 ) ) ;
#2503 = CARTESIAN_POINT ( 'NONE',  ( 0.0000000000000000000, 0.1261928294275669600, -3.562992125984252300 ) ) ;
#2504 = CARTESIAN_POINT ( 'NONE',  ( -0.7038788562212288100, -1.108627185260411300, -0.1968503937007873300 ) ) ;
#2505 = CARTESIAN_POINT ( 'NONE',  ( 0.7589873301296458100, -1.028953050111384400, -2.992125984251969000 ) ) ;
#2506 = CARTESIAN_POINT ( 'NONE',  ( 0.1251725047065984900, 0.01871959219484252400, 0.7726771653543307300 ) ) ;
#2507 = CARTESIAN_POINT ( 'NONE',  ( -1.110236408271202800, -0.6936092895038840100, -2.992125984251973800 ) ) ;
#2508 = CARTESIAN_POINT ( 'NONE',  ( -1.110038567578169400, 0.6887898905127244300, -2.681539807524059500 ) ) ;
#2509 = CARTESIAN_POINT ( 'NONE',  ( 1.053941206384279700, 0.7642728007677244100, -2.060367454068240600 ) ) ;
#2510 = CARTESIAN_POINT ( 'NONE',  ( -0.7420151437815316600, -0.9960388349955512400, -2.992125984251968500 ) ) ;
#2511 = CARTESIAN_POINT ( 'NONE',  ( 1.085992159574439500, 1.023622736685185600, 0.0000000000000000000 ) ) ;
#2512 = ORIENTED_EDGE ( 'NONE', *, *, #4688, .F. ) ;
#2513 = PRODUCT_DEFINITION_CONTEXT ( 'detailed design', #4995, 'design' ) ;
#2514 = B_SPLINE_SURFACE_WITH_KNOTS ( 'NONE', 3, 3, ( 
 ( #3852, #47, #4573, #1367, #6499, #5862, #2022, #102, #740, #2642, #6471 ),
 ( #3909, #1338, #1993, #7116, #5182, #3269, #2672, #7145, #2033, #7722, #2703 ),
 ( #3862, #1948, #3920, #3251, #85, #4551, #7832, #3222, #5282, #56, #3976 ),
 ( #2621, #7777, #161, #5809, #7097, #7124, #6480, #4519, #6505, #1434, #7753 ),
 ( #2678, #3336, #7072, #3277, #6421, #7803, #4637, #690, #3947, #2593, #5163 ),
 ( #1975, #1321, #6454, #3890, #800, #4582, #718, #108, #5190, #749, #5220 ),
 ( #7155, #1346, #5840, #2001, #1374, #2651, #5870, #3306, #134, #4608, #774 ),
 ( #5252, #1403, #5896, #2058, #6534, #7183, #859, #359, #3896, #2038, #2683 ),
 ( #1, #736, #6409, #4507, #623, #7029, #6468, #3183, #3156, #6998, #7653 ),
 ( #3823, #7738, #7683, #3209, #2640, #7767, #7112, #5858, #14, #3906, #4480 ),
 ( #1307, #1937, #5206, #1335, #6441, #5095, #5151, #654, #1250, #7710, #2609 ),
 ( #6382, #3791, #7088, #5123, #2583, #7061, #4537, #3879, #5743, #4449, #3241 ) ),
 .UNSPECIFIED., .F., .F., .F.,
 ( 4, 3, 1, 1, 3, 4 ),
 ( 4, 1, 1, 1, 1, 1, 1, 1, 4 ),
 ( -0.002669823734573514400, 0.0000000000000000000, 0.08811299454038001900, 0.1762259890807600400, 0.2643389836211400600, 0.2669823734573514300 ),
 ( 0.8366377170782600700, 0.9779464954698100500, 1.119255273861360100, 1.189909663057129800, 1.260564052252899600, 1.331218441448680100, 1.401872830644449700, 1.543181609036000000, 1.684490387427549900 ),
 .UNSPECIFIED. ) ;
#2515 = CARTESIAN_POINT ( 'NONE',  ( -0.1337290113004449000, -0.07273870726820080800, 0.06299212598425198200 ) ) ;
#2516 = CARTESIAN_POINT ( 'NONE',  ( -0.9530213658428109400, -1.028348482669716500, -0.02187226596675591000 ) ) ;
#2517 = CARTESIAN_POINT ( 'NONE',  ( 0.9530213658428109400, -1.028348482669716500, -0.1968503937007874100 ) ) ;
#2518 = CARTESIAN_POINT ( 'NONE',  ( 1.028953034820995600, 0.7589873557274848800, -0.1968503937007874400 ) ) ;
#2519 = ORIENTED_EDGE ( 'NONE', *, *, #2225, .F. ) ;
#2520 = CARTESIAN_POINT ( 'NONE',  ( -0.1206832871402790200, -0.03300264981387773100, -2.952755905511810700 ) ) ;
#2521 = EDGE_CURVE ( 'NONE', #4880, #1129, #4293, .T. ) ;
#2522 = CARTESIAN_POINT ( 'NONE',  ( 1.029023522214551600, 0.7593146768515431900, -0.1968503937007874100 ) ) ;
#2523 = CARTESIAN_POINT ( 'NONE',  ( 0.1557403679300479700, 1.110236220472441000, -2.705498754145063200 ) ) ;
#2524 = CARTESIAN_POINT ( 'NONE',  ( 0.7252355460546456900, -1.096676596295535400, -2.681539807524059500 ) ) ;
#2525 = CARTESIAN_POINT ( 'NONE',  ( -0.1053149606299212800, -0.1072834645669291500, 0.7874015748031496500 ) ) ;
#2526 = CARTESIAN_POINT ( 'NONE',  ( 0.7500308502709094300, 0.05856650093301969700, 0.05599300087488978000 ) ) ;
#2527 = EDGE_LOOP ( 'NONE', ( #8150, #7226, #3518, #3878 ) ) ;
#2528 = CARTESIAN_POINT ( 'NONE',  ( 0.7475806083234707300, 1.081538273903764000, -2.992125984251969000 ) ) ;
#2529 = CARTESIAN_POINT ( 'NONE',  ( -0.1249949962596299800, 0.001118440903629921800, 0.5196850393700788200 ) ) ;
#2530 = B_SPLINE_SURFACE_WITH_KNOTS ( 'NONE', 3, 3, ( 
 ( #7552, #1261, #527, #8319, #5692, #3081, #577, #635, #1803, #8236, #1205 ),
 ( #7579, #2506, #6258, #3721, #6340, #6979, #7664, #3057, #3109, #2424, #3773 ),
 ( #8209, #7010, #4370, #2536, #4990, #2452, #6900, #1155, #5641, #1833, #7605 ),
 ( #8293, #6310, #607, #1885, #6365, #3165, #5106, #550, #6478, #5162, #6420 ),
 ( #26, #1946, #5136, #1914, #7096, #5781, #54, #6393, #689, #7721, #717 ),
 ( #5838, #1973, #2592, #6452, #4518, #4490, #662, #2000, #1319, #3833, #1291 ),
 ( #7071, #3860, #2565, #7042, #3220, #5808, #3192, #5188, #1345, #7692, #2620 ),
 ( #3250, #7751, #3889, #83, #4549, #7417, #3615, #7516, #6248, #2092, #803 ),
 ( #3393, #2148, #3309, #4063, #6569, #5255, #5873, #5957, #2062, #5285, #5927 ) ),
 .UNSPECIFIED., .F., .F., .F.,
 ( 4, 3, 1, 1, 4 ),
 ( 4, 1, 1, 1, 1, 1, 1, 1, 4 ),
 ( -6.012283464566928100, -5.952755905511810200, -3.968503937007870100, -1.984251968503940100, 0.0000000000000000000 ),
 ( 0.9943060612155498700, 1.161598541234409900, 1.328891021253280100, 1.412537261262710100, 1.496183501272140100, 1.579829741281569800, 1.663475981291000300, 1.830768461309870000, 1.998060941328730200 ),
 .UNSPECIFIED. ) ;
#2531 = ORIENTED_EDGE ( 'NONE', *, *, #6433, .F. ) ;
#2532 = CARTESIAN_POINT ( 'NONE',  ( -1.030523849900492500, -0.9129958530717085000, -0.06561679790026378500 ) ) ;
#2533 = CARTESIAN_POINT ( 'NONE',  ( -0.7475806083234700600, 1.081538273903767300, -0.1968503937007873800 ) ) ;
#2534 = DIRECTION ( 'NONE',  ( 0.0000000000000000000, 0.0000000000000000000, -1.000000000000000000 ) ) ;
#2535 = VERTEX_POINT ( 'NONE', #6552 ) ;
#2536 = CARTESIAN_POINT ( 'NONE',  ( 0.07270040754172836500, 0.1062935698246890300, 0.7701968503937007800 ) ) ;
#2537 = ORIENTED_EDGE ( 'NONE', *, *, #1868, .F. ) ;
#2538 = CARTESIAN_POINT ( 'NONE',  ( -0.2142136135413897600, -0.7237849185444172900, 0.06299212598425216200 ) ) ;
#2539 = CARTESIAN_POINT ( 'NONE',  ( 0.9006284698872049100, -0.7294072714244842500, -2.681539807524059500 ) ) ;
#2540 = EDGE_CURVE ( 'NONE', #1031, #7501, #450, .T. ) ;
#2541 = CARTESIAN_POINT ( 'NONE',  ( -0.7618448995876850900, -1.065122253766169300, -2.992125984251968500 ) ) ;
#2542 = CARTESIAN_POINT ( 'NONE',  ( 1.053941206384275700, -0.7642728007677205300, -0.1968503937007874100 ) ) ;
#2543 = CARTESIAN_POINT ( 'NONE',  ( -1.057805835868256100, -0.7637992319626182300, -0.1968503937007874100 ) ) ;
#2544 = CARTESIAN_POINT ( 'NONE',  ( -0.9451014140148467100, 1.110318066288362500, -0.02187226596675591000 ) ) ;
#2545 = CARTESIAN_POINT ( 'NONE',  ( 0.08401568594263388000, -0.1231026060500197600, 0.05861767279090159700 ) ) ;
#2546 = CARTESIAN_POINT ( 'NONE',  ( 1.104136452828496300, -0.7137832230396653500, -0.1968503937007874100 ) ) ;
#2547 = ORIENTED_EDGE ( 'NONE', *, *, #6222, .F. ) ;
#2548 = CARTESIAN_POINT ( 'NONE',  ( -0.0000000000000000000, 1.134251968503936900, -2.879836632356223900 ) ) ;
#2549 = CARTESIAN_POINT ( 'NONE',  ( -0.7141138414599829100, -1.103922707985718800, -2.992125984251968500 ) ) ;
#2550 = CARTESIAN_POINT ( 'NONE',  ( -0.6954048260608386400, -1.110322617515925500, -1.128608923884515600 ) ) ;
#2551 = CARTESIAN_POINT ( 'NONE',  ( -0.1968491153113268200, 1.110236220472441000, -2.680392924890165700 ) ) ;
#2552 = CARTESIAN_POINT ( 'NONE',  ( -0.1249934252290612200, 0.01590202306423027200, -2.952755905511812000 ) ) ;
#2553 = CARTESIAN_POINT ( 'NONE',  ( -1.108204637752976400, -0.7053811463581142200, -0.5074365704286969400 ) ) ;
#2554 = CYLINDRICAL_SURFACE ( 'NONE', #3244, 0.1557475975902504200 ) ;
#2555 = CARTESIAN_POINT ( 'NONE',  ( 1.074917021823726700, -0.7556667672796136800, -2.992125984251968500 ) ) ;
#2556 = CARTESIAN_POINT ( 'NONE',  ( -0.7593146768515431900, -1.029023522214547600, -2.681539807524059500 ) ) ;
#2557 = CARTESIAN_POINT ( 'NONE',  ( 0.3702728364785316000, 0.6629341840565985400, 0.05599300087488978000 ) ) ;
#2558 = CARTESIAN_POINT ( 'NONE',  ( -0.3702728364785278200, 0.6629341840565985400, 0.06299212598425198200 ) ) ;
#2559 = CARTESIAN_POINT ( 'NONE',  ( -0.07270040754172836500, -0.1062935698246890300, 0.6850393700787402700 ) ) ;
#2560 = LINE ( 'NONE', #6215, #7984 ) ;
#2561 = CARTESIAN_POINT ( 'NONE',  ( 0.7365395562689605000, 1.089170987911124700, -0.1968503937007874100 ) ) ;
#2562 = CARTESIAN_POINT ( 'NONE',  ( 0.1251725047065984900, 0.01871959219484252400, -3.562992125984252300 ) ) ;
#2563 = CARTESIAN_POINT ( 'NONE',  ( -0.08502337039347912500, 0.09142667267700842200, 0.2217847769028880600 ) ) ;
#2564 = CARTESIAN_POINT ( 'NONE',  ( -0.6631499799855394800, -0.3699185312724016000, 0.0000000000000000000 ) ) ;
#2565 = CARTESIAN_POINT ( 'NONE',  ( 0.1156637036326063400, 0.06262578429423626400, 0.2716535433070866900 ) ) ;
#2566 = CARTESIAN_POINT ( 'NONE',  ( -0.3702728364785316000, -0.6629341840565985400, 0.06299212598425216200 ) ) ;
#2567 = CARTESIAN_POINT ( 'NONE',  ( -1.108204637752976400, 0.7053811463581102200, -1.128608923884515600 ) ) ;
#2568 = CARTESIAN_POINT ( 'NONE',  ( 0.7311022994477540700, -0.9387425559726717500, -0.1968503937007874100 ) ) ;
#2569 = CARTESIAN_POINT ( 'NONE',  ( -1.047157685346673500, -1.067227259123860500, -0.1968503937007875200 ) ) ;
#2570 = CARTESIAN_POINT ( 'NONE',  ( -1.065122253766173300, -0.7618448995876850900, -0.1968503937007874100 ) ) ;
#2571 = CARTESIAN_POINT ( 'NONE',  ( 1.110234704581635600, 0.9457032319186167200, 0.0000000000000000000 ) ) ;
#2572 = FACE_BOUND ( 'NONE', #1985, .T. ) ;
#2573 = CARTESIAN_POINT ( 'NONE',  ( 0.1337290113004449000, -0.07273870726820080800, 0.03674540682414568400 ) ) ;
#2574 = CARTESIAN_POINT ( 'NONE',  ( 1.096676596295535400, -0.7252355460546456900, -2.681539807524059500 ) ) ;
#2575 = CARTESIAN_POINT ( 'NONE',  ( 0.7589873301296452500, 1.028953050111380800, -2.992125984251968100 ) ) ;
#2576 = CARTESIAN_POINT ( 'NONE',  ( -0.1852210834412631700, 1.134251968503936900, -2.763252316818252600 ) ) ;
#2577 = EDGE_CURVE ( 'NONE', #7023, #6727, #1077, .T. ) ;
#2578 = CARTESIAN_POINT ( 'NONE',  ( -0.1176008401388019700, -0.04239051160887338100, -2.952755905511811100 ) ) ;
#2579 = VERTEX_POINT ( 'NONE', #6607 ) ;
#2580 = CARTESIAN_POINT ( 'NONE',  ( 1.060986002430181200, 0.7627446526210116500, -0.1968503937007874100 ) ) ;
#2581 = CARTESIAN_POINT ( 'NONE',  ( 0.7528510366733464100, 1.018785567477366500, -2.992125984251968500 ) ) ;
#2582 = PLANE ( 'NONE',  #3027 ) ;
#2583 = CARTESIAN_POINT ( 'NONE',  ( -0.03064457027627103000, -0.1227943400397019000, 0.7675196850393700700 ) ) ;
#2584 = CARTESIAN_POINT ( 'NONE',  ( -0.7593146768515431900, -1.029023522214547600, -2.060367454068244600 ) ) ;
#2585 = CARTESIAN_POINT ( 'NONE',  ( 0.1343571113519682600, 1.153937007874015400, -2.794179636523941300 ) ) ;
#2586 = CARTESIAN_POINT ( 'NONE',  ( 0.1251725047065984900, -0.01871959219484252400, 0.7677165354330708300 ) ) ;
#2587 = VERTEX_POINT ( 'NONE', #3323 ) ;
#2588 = CARTESIAN_POINT ( 'NONE',  ( -0.7360730235907874100, -0.1823967744873268300, 0.06299212598425198200 ) ) ;
#2589 = EDGE_CURVE ( 'NONE', #345, #4215, #6827, .T. ) ;
#2590 = CARTESIAN_POINT ( 'NONE',  ( 0.1557471456035848800, 1.134251968503936900, -2.681102362211296200 ) ) ;
#2591 = CARTESIAN_POINT ( 'NONE',  ( 0.1337290113004449000, 0.07273870726820080800, 0.05861767279090159700 ) ) ;
#2592 = CARTESIAN_POINT ( 'NONE',  ( 0.1156637036326063400, 0.06262578429423626400, 0.5196850393700788200 ) ) ;
#2593 = CARTESIAN_POINT ( 'NONE',  ( 0.1077097311046929500, -0.01577368397280709200, 0.7852143482064725100 ) ) ;
#2594 = CARTESIAN_POINT ( 'NONE',  ( 1.030305832406381800, -0.9293197551186300800, -0.1749781277340315400 ) ) ;
#2595 = CARTESIAN_POINT ( 'NONE',  ( -1.110038567578173200, 0.6887898905127244300, -1.128608923884515600 ) ) ;
#2596 = VERTEX_POINT ( 'NONE', #2771 ) ;
#2597 = CARTESIAN_POINT ( 'NONE',  ( -0.7637992319626142300, -1.057805835868256100, -1.128608923884511800 ) ) ;
#2598 = CARTESIAN_POINT ( 'NONE',  ( -1.057192564065747100, -1.057192564065737400, -0.1968503937007874100 ) ) ;
#2599 = CARTESIAN_POINT ( 'NONE',  ( -1.076064190174775600, -0.7549431811966416100, -2.681539807524059500 ) ) ;
#2600 = CARTESIAN_POINT ( 'NONE',  ( -1.108626020972166800, 0.7038785125588509200, -2.992125984251968500 ) ) ;
#2601 = B_SPLINE_SURFACE_WITH_KNOTS ( 'NONE', 3, 3, ( 
 ( #5427, #6710, #6657, #4128, #4759, #8050 ),
 ( #3480, #7283, #5372, #4811, #1525, #4729 ),
 ( #341, #7308, #3452, #2264, #8021, #5458 ),
 ( #7962, #4154, #4097, #3430, #4180, #919 ),
 ( #5400, #1611, #6682, #311, #369, #2873 ),
 ( #7930, #5348, #7368, #3508, #1498, #2900 ) ),
 .UNSPECIFIED., .F., .F., .F.,
 ( 4, 1, 1, 4 ),
 ( 4, 1, 1, 4 ),
 ( -1.086956521739130200, -0.7246376811594200700, -0.3623188405797100900, 0.0000000000000000000 ),
 ( 1.442958707607829800, 1.564835701357750100, 1.686712695107679800, 1.808589688857609800 ),
 .UNSPECIFIED. ) ;
#2602 = CARTESIAN_POINT ( 'NONE',  ( 0.03526368610020472900, -0.1419330633355000400, 0.03674540682414568400 ) ) ;
#2603 = CARTESIAN_POINT ( 'NONE',  ( -1.107518755139228700, 0.7073156778342638600, -0.1968503937007874100 ) ) ;
#2604 = ORIENTED_EDGE ( 'NONE', *, *, #4688, .T. ) ;
#2605 = CARTESIAN_POINT ( 'NONE',  ( -0.04991137142844000900, -0.1146122474137445700, -2.952755905511811100 ) ) ;
#2606 = CARTESIAN_POINT ( 'NONE',  ( -1.110322617515921300, -0.6954048260608425300, -1.128608923884511800 ) ) ;
#2607 = CARTESIAN_POINT ( 'NONE',  ( 0.04788271554519685900, 1.110236220472441000, -2.874255262171082800 ) ) ;
#2608 = CARTESIAN_POINT ( 'NONE',  ( 0.9876700203231734100, 0.8410053028255510800, -0.1968503937007874100 ) ) ;
#2609 = CARTESIAN_POINT ( 'NONE',  ( 0.1251212777106852600, 0.001578443933943937300, 0.7675853018372703600 ) ) ;
#2610 = CARTESIAN_POINT ( 'NONE',  ( -0.7634200263010158000, -1.036985750691334900, -2.060367454068244600 ) ) ;
#2611 = CARTESIAN_POINT ( 'NONE',  ( 0.1712863644722683600, 1.153937007874015900, -2.718823839867659400 ) ) ;
#2612 = VERTEX_POINT ( 'NONE', #314 ) ;
#2613 = CARTESIAN_POINT ( 'NONE',  ( -0.8255986020966575900, 0.9439099249441812400, -0.1968503937007874100 ) ) ;
#2614 = CARTESIAN_POINT ( 'NONE',  ( 0.1249949962596299800, 0.001118440903629921800, 0.6850393700787402700 ) ) ;
#2615 = CARTESIAN_POINT ( 'NONE',  ( 0.7366106222217992900, 1.089068901887649600, -2.992125984251968500 ) ) ;
#2616 = CARTESIAN_POINT ( 'NONE',  ( 0.1126849525755905800, 1.134251968503936900, -2.570615896417070900 ) ) ;
#2617 = ORIENTED_EDGE ( 'NONE', *, *, #2700, .T. ) ;
#2618 =( NAMED_UNIT ( * ) PLANE_ANGLE_UNIT ( ) SI_UNIT ( $, .RADIAN. ) );
#2619 = CARTESIAN_POINT ( 'NONE',  ( -0.1446818157067244500, -0.0009658267581614175800, 0.05861767279090159700 ) ) ;
#2620 = CARTESIAN_POINT ( 'NONE',  ( -0.1249949962596299800, -0.001118440903629921800, 0.2716535433070866900 ) ) ;
#2621 = CARTESIAN_POINT ( 'NONE',  ( -0.1053065813978228700, 0.001328475361291339000, 0.7874015748031496500 ) ) ;
#2622 = CARTESIAN_POINT ( 'NONE',  ( 0.8330323139402675500, -0.8770121648875594000, -0.1749781277340315400 ) ) ;
#2623 = CARTESIAN_POINT ( 'NONE',  ( 0.7311036405941849800, -0.9286621932200708200, -1.128608923884515600 ) ) ;
#2624 = ADVANCED_FACE ( 'NONE', ( #6473 ), #5265, .T. ) ;
#2625 = CARTESIAN_POINT ( 'NONE',  ( -0.7637992319626142300, -1.057805835868256100, -0.1968503937007874100 ) ) ;
#2626 = CARTESIAN_POINT ( 'NONE',  ( 1.076064190174775600, 0.7549431811966416100, -1.128608923884515600 ) ) ;
#2627 = CARTESIAN_POINT ( 'NONE',  ( 1.030306909714366200, 0.9439099249441812400, -0.1968503937007874100 ) ) ;
#2628 = CARTESIAN_POINT ( 'NONE',  ( -1.110236220472440700, -0.6927299607347716700, -1.496062992125984300 ) ) ;
#2629 = B_SPLINE_SURFACE_WITH_KNOTS ( 'NONE', 3, 3, ( 
 ( #2214, #3486, #7998, #2491, #3125, #6323 ),
 ( #8249, #3731, #563, #1192, #6939, #3093 ),
 ( #7619, #5034, #6964, #3757, #8277, #4412 ),
 ( #2464, #935, #4112, #1572, #7979, #7325 ),
 ( #5388, #6030, #1542, #6060, #6670, #2223 ),
 ( #3794, #1905, #5713, #5098, #1253, #5746 ) ),
 .UNSPECIFIED., .F., .F., .F.,
 ( 4, 1, 1, 4 ),
 ( 4, 1, 1, 4 ),
 ( -71.00000000000000000, -47.33333333333332900, -23.66666666666667100, -1.000000000000000800E-014 ),
 ( 0.2738642900300700700, 0.2906292818063700400, 0.3073942735826801200, 0.3241592653589801000 ),
 .UNSPECIFIED. ) ;
#2630 = ORIENTED_EDGE ( 'NONE', *, *, #4026, .T. ) ;
#2631 = CARTESIAN_POINT ( 'NONE',  ( 1.089068901887649600, -0.7366106222218031800, -2.992125984251968500 ) ) ;
#2632 = CARTESIAN_POINT ( 'NONE',  ( 0.7311036405941849800, -0.9272433185909526600, -0.5074365704286969400 ) ) ;
#2633 = CARTESIAN_POINT ( 'NONE',  ( -0.7016296763940590400, -1.109374590528771500, -0.1968503937007874100 ) ) ;
#2634 = EDGE_LOOP ( 'NONE', ( #1109, #7458, #8220, #2975 ) ) ;
#2635 = CARTESIAN_POINT ( 'NONE',  ( -1.109374590528771500, -0.7016296763940630400, -1.128608923884515600 ) ) ;
#2636 = EDGE_CURVE ( 'NONE', #3290, #7626, #7485, .T. ) ;
#2637 = EDGE_LOOP ( 'NONE', ( #496, #5440, #4528, #6686, #7242, #3581, #4515, #4030 ) ) ;
#2638 = CARTESIAN_POINT ( 'NONE',  ( -0.7141138414615357800, 1.103922707984717400, -2.992125984251968500 ) ) ;
#2639 = CARTESIAN_POINT ( 'NONE',  ( 0.7311036405941849800, 0.9272433185909526600, -0.5074365704286969400 ) ) ;
#2640 = CARTESIAN_POINT ( 'NONE',  ( -0.03061244808520583600, -0.1226656247985699300, 0.7676509186351706500 ) ) ;
#2641 = CARTESIAN_POINT ( 'NONE',  ( -0.5373840014121733500, 0.5370372980905274700, 0.05599300087488978000 ) ) ;
#2642 = CARTESIAN_POINT ( 'NONE',  ( 0.1053190791075000900, -0.01542358200239220600, 0.7876003937007877200 ) ) ;
#2643 = CARTESIAN_POINT ( 'NONE',  ( 0.0000000000000000000, -0.1261928294275669600, 0.1062992125984252000 ) ) ;
#2644 = CARTESIAN_POINT ( 'NONE',  ( 1.081538896983668300, -0.7475810392626737200, -0.5074365704286969400 ) ) ;
#2645 = ORIENTED_EDGE ( 'NONE', *, *, #7086, .T. ) ;
#2646 = CARTESIAN_POINT ( 'NONE',  ( -1.110236220472441200, 0.0000000000000000000, -0.1968503937007874700 ) ) ;
#2647 = CARTESIAN_POINT ( 'NONE',  ( 0.7155729551865474000, -1.103009155936019800, -0.1968503937007874100 ) ) ;
#2648 = CARTESIAN_POINT ( 'NONE',  ( -0.7639149224034370600, 1.057272500430996200, -2.060367454068240600 ) ) ;
#2649 = CARTESIAN_POINT ( 'NONE',  ( -1.105448062055279800, 0.7119148290572677700, -2.681539807524059500 ) ) ;
#2650 = VECTOR ( 'NONE', #3695, 39.37007874015748100 ) ;
#2651 = CARTESIAN_POINT ( 'NONE',  ( 0.0000000000000000000, -0.1195747277542519900, 0.7742782152230984800 ) ) ;
#2652 = CARTESIAN_POINT ( 'NONE',  ( 1.030523849900492500, -0.9129958530717085000, -0.02187226596675591000 ) ) ;
#2653 = CARTESIAN_POINT ( 'NONE',  ( 1.008932729790676900, -0.7469057087232008300, -0.5074365704286969400 ) ) ;
#2654 = CARTESIAN_POINT ( 'NONE',  ( -1.029023522214547600, 0.7593146768515431900, -1.128608923884515600 ) ) ;
#2655 = CARTESIAN_POINT ( 'NONE',  ( 0.7479077349249685400, 1.081609771494819000, -0.1968503937007874100 ) ) ;
#2656 = CARTESIAN_POINT ( 'NONE',  ( -0.7061733014393583000, 1.108033091542944800, -1.128608923884515600 ) ) ;
#2657 = CARTESIAN_POINT ( 'NONE',  ( -1.030314616339685500, -0.9279527558223735800, -0.1968503937007874100 ) ) ;
#2658 = CARTESIAN_POINT ( 'NONE',  ( 1.101663991491527600, -0.7176078221647755900, -2.681539807524059500 ) ) ;
#2659 = EDGE_CURVE ( 'NONE', #4709, #6845, #8137, .T. ) ;
#2660 = CARTESIAN_POINT ( 'NONE',  ( 0.7594092295902990000, -1.029654069748492400, -0.5074365704286969400 ) ) ;
#2661 = CARTESIAN_POINT ( 'NONE',  ( 0.8324966087895275800, -0.7505357138161850000, -2.992125984251965400 ) ) ;
#2662 = CARTESIAN_POINT ( 'NONE',  ( -1.105682788051606500, 0.9788576969563070900, -0.1312335958005236600 ) ) ;
#2663 = VECTOR ( 'NONE', #3427, 39.37007874015748100 ) ;
#2664 = CARTESIAN_POINT ( 'NONE',  ( 1.109088367905878100, -0.7023879734236339000, -2.681539807524059500 ) ) ;
#2665 = CARTESIAN_POINT ( 'NONE',  ( 1.029023522214551600, 0.7593146768515431900, -2.992125984251968500 ) ) ;
#2666 = CARTESIAN_POINT ( 'NONE',  ( -0.7176078221647795900, 1.101663991491527600, -0.5074365704286969400 ) ) ;
#2667 = ADVANCED_FACE ( 'NONE', ( #2066 ), #8123, .T. ) ;
#2668 = CARTESIAN_POINT ( 'NONE',  ( -1.110233970439106400, -0.9282311026850591500, 0.0000000000000000000 ) ) ;
#2669 = CARTESIAN_POINT ( 'NONE',  ( -0.7376712701478820300, 0.8628714702481337100, -2.060367454068244600 ) ) ;
#2670 = CARTESIAN_POINT ( 'NONE',  ( -0.2142136135413897600, 0.7237849185444172900, 0.006999125109362205200 ) ) ;
#2671 = CARTESIAN_POINT ( 'NONE',  ( -1.057192564065766200, -1.057192564065718300, -0.09842519685039372000 ) ) ;
#2672 = CARTESIAN_POINT ( 'NONE',  ( 0.02574561491690604800, -0.1031639786146929700, 0.7875341207349083600 ) ) ;
#2673 = CARTESIAN_POINT ( 'NONE',  ( -0.9006284698872087900, -0.7294072714244842500, -0.5074365704286969400 ) ) ;
#2674 = FACE_OUTER_BOUND ( 'NONE', #2830, .T. ) ;
#2675 = CARTESIAN_POINT ( 'NONE',  ( -0.7593146768515431900, 1.029023522214551600, -2.060367454068240600 ) ) ;
#2676 = CARTESIAN_POINT ( 'NONE',  ( -1.109088367905878100, 0.7023879734236339000, -0.1968503937007874100 ) ) ;
#2677 = VECTOR ( 'NONE', #1143, 39.37007874015748100 ) ;
#2678 = CARTESIAN_POINT ( 'NONE',  ( -0.1074936339709881800, 0.001356065711472441300, 0.7852143482064725100 ) ) ;
#2679 = CARTESIAN_POINT ( 'NONE',  ( 0.9876700203231734100, -0.8410053028255510800, -0.1968503937007874100 ) ) ;
#2680 = CARTESIAN_POINT ( 'NONE',  ( 0.9634718618594920700, -0.7306366061711417900, -0.1968503937007874100 ) ) ;
#2681 = DIRECTION ( 'NONE',  ( -0.0000000000000000000, -0.0000000000000000000, 1.000000000000000000 ) ) ;
#2682 = CARTESIAN_POINT ( 'NONE',  ( -0.7119148290572716600, 1.105448062055279800, -2.060367454068244600 ) ) ;
#2683 = CARTESIAN_POINT ( 'NONE',  ( 0.1228030019831299800, 0.001549198162751968700, 0.7699037620297480800 ) ) ;
#2684 = CARTESIAN_POINT ( 'NONE',  ( -0.03526368610020472900, -0.1419330633355000400, -2.987751531058617800 ) ) ;
#2685 = PLANE ( 'NONE',  #4541 ) ;
#2686 = ORIENTED_EDGE ( 'NONE', *, *, #7616, .T. ) ;
#2687 = EDGE_CURVE ( 'NONE', #294, #5488, #5062, .T. ) ;
#2688 = CARTESIAN_POINT ( 'NONE',  ( -1.110318066288362500, 0.9451014140148467100, -0.06561679790026378500 ) ) ;
#2689 = CARTESIAN_POINT ( 'NONE',  ( 1.103009155936019800, -0.7155729551865434000, -2.992125984251968500 ) ) ;
#2690 = CARTESIAN_POINT ( 'NONE',  ( 1.049803909796291500, 0.7651677351667085500, -2.992125984251968500 ) ) ;
#2691 = VERTEX_POINT ( 'NONE', #3117 ) ;
#2692 = CARTESIAN_POINT ( 'NONE',  ( -1.066889654611260100, -1.047580032597574800, 0.0000000000000000000 ) ) ;
#2693 = CARTESIAN_POINT ( 'NONE',  ( 1.110038567578173200, 0.6887898905127283200, -0.1968503937007874100 ) ) ;
#2694 = CARTESIAN_POINT ( 'NONE',  ( 0.2142136135413897600, 0.7237849185444172900, -0.0000000000000000000 ) ) ;
#2695 = CARTESIAN_POINT ( 'NONE',  ( -0.1446848777822595500, -1.060917056687613100E-011, 0.02362204724409448100 ) ) ;
#2696 = CARTESIAN_POINT ( 'NONE',  ( 0.03825588577256693700, 1.137382512314492300, -2.833869000920110200 ) ) ;
#2697 = CARTESIAN_POINT ( 'NONE',  ( -0.7310279753857676900, -0.9076672032026179600, -1.128608923884515600 ) ) ;
#2698 = ORIENTED_EDGE ( 'NONE', *, *, #4979, .T. ) ;
#2699 = CARTESIAN_POINT ( 'NONE',  ( 0.7479053414235590200, 1.081314661062031700, -2.992125984251968500 ) ) ;
#2700 = EDGE_CURVE ( 'NONE', #1318, #2084, #1088, .T. ) ;
#2701 = CARTESIAN_POINT ( 'NONE',  ( 0.1156637036326063400, 0.06262578429423626400, -2.952755905511811100 ) ) ;
#2702 = CARTESIAN_POINT ( 'NONE',  ( 1.101616661993956900, 0.7173146837074369000, -0.5074365704286969400 ) ) ;
#2703 = CARTESIAN_POINT ( 'NONE',  ( 0.1051740460118890700, 0.001326803386070364100, 0.7875341207349083600 ) ) ;
#2704 = CARTESIAN_POINT ( 'NONE',  ( 1.030523849900492500, -0.9129958530717085000, -0.1749781277340315400 ) ) ;
#2705 = CARTESIAN_POINT ( 'NONE',  ( 0.7310279753857676900, -0.9076672032026179600, -0.1968503937007874100 ) ) ;
#2706 = ADVANCED_FACE ( 'NONE', ( #769 ), #8058, .T. ) ;
#2707 = CARTESIAN_POINT ( 'NONE',  ( -0.7073156778342668500, 1.107518755139228700, -0.1968503937007874100 ) ) ;
#2708 = CARTESIAN_POINT ( 'NONE',  ( 0.7479077349249685400, 1.081609771494815000, -2.060367454068240600 ) ) ;
#2709 = CARTESIAN_POINT ( 'NONE',  ( -0.7173146837074369000, 1.101616661993956900, -2.681539807524059500 ) ) ;
#2710 = CARTESIAN_POINT ( 'NONE',  ( -0.9876700203231734100, -1.014900208985476400, -0.1968503937007874100 ) ) ;
#2711 = ORIENTED_EDGE ( 'NONE', *, *, #8296, .F. ) ;
#2712 = CARTESIAN_POINT ( 'NONE',  ( 0.1448347163264528100, -0.02193883921625590700, -2.979002624671917700 ) ) ;
#2713 = CARTESIAN_POINT ( 'NONE',  ( 1.066889654611260100, -1.047580032597574800, 0.0000000000000000000 ) ) ;
#2714 = CARTESIAN_POINT ( 'NONE',  ( 1.103922707985719000, -0.7141138414599832500, -0.1968503937007874100 ) ) ;
#2715 = CARTESIAN_POINT ( 'NONE',  ( -0.7119148290572637800, -1.105448062055279800, -2.060367454068240600 ) ) ;
#2716 = CARTESIAN_POINT ( 'NONE',  ( -0.1474643960790040000, 1.134251968503936900, -2.617955883333591000 ) ) ;
#2717 = EDGE_LOOP ( 'NONE', ( #5792, #5229, #7865, #3996 ) ) ;
#2718 = CARTESIAN_POINT ( 'NONE',  ( 1.109486903909763700, -0.7003745554811694500, -0.1968503937007874100 ) ) ;
#2719 = CARTESIAN_POINT ( 'NONE',  ( -1.101663991491527600, 0.7176078221647755900, -2.681539807524059500 ) ) ;
#2720 = CARTESIAN_POINT ( 'NONE',  ( -1.110318066288362500, -0.9451014140148467100, -0.02187226596675591000 ) ) ;
#2721 = CARTESIAN_POINT ( 'NONE',  ( 1.108204637752976400, 0.7053811463581142200, -0.1968503937007874100 ) ) ;
#2722 = CARTESIAN_POINT ( 'NONE',  ( 0.7360730235907874100, 0.1823967744873268300, 0.02099737532808268500 ) ) ;
#2723 = B_SPLINE_CURVE_WITH_KNOTS ( 'NONE', 3,
 ( #1560, #2793, #7224, #5346, #7254, #786, #7927, #5262, #1415 ),
 .UNSPECIFIED., .F., .F.,
 ( 4, 1, 1, 1, 1, 1, 4 ),
 ( 3.469446951953614200E-018, 0.001736987770778216400, 0.003493777875711851600, 0.005250567980645385500, 0.007007358085579019600, 0.008764148190512554800, 0.01050116531901119200 ),
 .UNSPECIFIED. ) ;
#2724 = CARTESIAN_POINT ( 'NONE',  ( -0.0000000000000000000, 1.134251968503936900, -2.838340559915870200 ) ) ;
#2725 = CARTESIAN_POINT ( 'NONE',  ( 0.9530213658428109400, -1.028348482669716500, -0.1312335958005236600 ) ) ;
#2726 = ORIENTED_EDGE ( 'NONE', *, *, #3476, .T. ) ;
#2727 = CARTESIAN_POINT ( 'NONE',  ( 0.7360730235907874100, -0.1823967744873268300, 0.06299212598425198200 ) ) ;
#2728 = CARTESIAN_POINT ( 'NONE',  ( 0.1156637036326063400, 0.06262578429423626400, -3.359580052493437400 ) ) ;
#2729 = CARTESIAN_POINT ( 'NONE',  ( 0.7636744025022762500, 1.057499546894259600, -2.992125984251968500 ) ) ;
#2730 = CARTESIAN_POINT ( 'NONE',  ( -0.03526368610020472900, 0.1419330633355000400, 0.04986876640420077900 ) ) ;
#2731 = VERTEX_POINT ( 'NONE', #3571 ) ;
#2732 = ORIENTED_EDGE ( 'NONE', *, *, #4296, .T. ) ;
#2733 = CARTESIAN_POINT ( 'NONE',  ( 0.8255996794046417400, 0.9293197551186300800, -0.06561679790026378500 ) ) ;
#2734 = CARTESIAN_POINT ( 'NONE',  ( -0.0000000000000000000, 0.1460610273873661500, -2.965879265091866800 ) ) ;
#2735 = CARTESIAN_POINT ( 'NONE',  ( 0.7738167753536416800, -0.7980368589790987100, -1.128608923884515600 ) ) ;
#2736 = EDGE_CURVE ( 'NONE', #2612, #714, #1731, .T. ) ;
#2737 = CARTESIAN_POINT ( 'NONE',  ( 1.057499546894259600, -0.7636744025022760300, -0.1968503937007873800 ) ) ;
#2738 = FACE_OUTER_BOUND ( 'NONE', #2637, .T. ) ;
#2739 = CARTESIAN_POINT ( 'NONE',  ( 0.7046512160692323100, -1.108398963774295700, -2.992125984251968500 ) ) ;
#2740 = CARTESIAN_POINT ( 'NONE',  ( 0.08401568594263388000, -0.1231026060500197600, -2.952755905511811100 ) ) ;
#2741 = VERTEX_POINT ( 'NONE', #8138 ) ;
#2742 = ORIENTED_EDGE ( 'NONE', *, *, #809, .F. ) ;
#2743 = CARTESIAN_POINT ( 'NONE',  ( -1.110318066288362500, 0.9451014140148467100, -0.02187226596675591000 ) ) ;
#2744 = CARTESIAN_POINT ( 'NONE',  ( -0.7155729551865434000, -1.103009155936019800, -0.5074365704286969400 ) ) ;
#2745 = CARTESIAN_POINT ( 'NONE',  ( -1.030314616339698800, -0.9279527558500861900, 0.0000000000000000000 ) ) ;
#2746 = CARTESIAN_POINT ( 'NONE',  ( 1.025508191967476900, 0.7566742686776338800, -2.992125984251968500 ) ) ;
#2747 = ADVANCED_FACE ( 'NONE', ( #7079 ), #5219, .T. ) ;
#2748 = CARTESIAN_POINT ( 'NONE',  ( -1.105682788051606500, -0.9788576969563110900, -0.06561679790026378500 ) ) ;
#2749 = CARTESIAN_POINT ( 'NONE',  ( -0.7376712701478820300, 0.8628714702481337100, -0.1968503937007874100 ) ) ;
#2750 = CARTESIAN_POINT ( 'NONE',  ( 0.5373840014121733500, 0.5370372980905274700, 0.006999125109362205200 ) ) ;
#2751 = CARTESIAN_POINT ( 'NONE',  ( 0.0000000000000000000, 0.1460610273873661500, 0.02362204724409452300 ) ) ;
#2752 = B_SPLINE_CURVE_WITH_KNOTS ( 'NONE', 3,
 ( #7971, #928, #1619, #8000 ),
 .UNSPECIFIED., .F., .F.,
 ( 4, 4 ),
 ( 0.0000000000000000000, 1.000000000000000000 ),
 .UNSPECIFIED. ) ;
#2753 = EDGE_CURVE ( 'NONE', #629, #5035, #460, .T. ) ;
#2754 = CARTESIAN_POINT ( 'NONE',  ( -0.07270040754172836500, -0.1062935698246890300, 0.02362204724409449500 ) ) ;
#2755 = CARTESIAN_POINT ( 'NONE',  ( 1.022873197870755900, -0.9788933469234645200, -0.1312335958005236600 ) ) ;
#2756 = LINE ( 'NONE', #6261, #6055 ) ;
#2757 = CARTESIAN_POINT ( 'NONE',  ( 0.7500308502709094300, -0.05856650093302363100, 0.04199475065616930400 ) ) ;
#2758 = CARTESIAN_POINT ( 'NONE',  ( -1.110236220472440700, 0.9291338582677164400, 0.0000000000000000000 ) ) ;
#2759 = CARTESIAN_POINT ( 'NONE',  ( -0.1557305905232619100, 1.134251968503936900, -2.705307969727869000 ) ) ;
#2760 = CARTESIAN_POINT ( 'NONE',  ( -1.083715119910515700, 0.7440480963253898200, -0.1968503937007874100 ) ) ;
#2761 = CARTESIAN_POINT ( 'NONE',  ( -1.110234704581635600, 0.9457032319186170500, -0.1968503937007874100 ) ) ;
#2762 = CARTESIAN_POINT ( 'NONE',  ( -0.1448347163264528100, 0.02193883921625590700, -2.965879265091866800 ) ) ;
#2763 = CARTESIAN_POINT ( 'NONE',  ( 0.7376712701478820300, 0.8628714702481337100, -1.128608923884511800 ) ) ;
#2764 = CARTESIAN_POINT ( 'NONE',  ( 0.7003745554811694500, 1.109486903909763700, -2.992125984251968500 ) ) ;
#2765 = CARTESIAN_POINT ( 'NONE',  ( 0.7038785125588545900, -1.108626020972166600, -2.992125984251968500 ) ) ;
#2766 = LINE ( 'NONE', #4580, #5973 ) ;
#2767 = CARTESIAN_POINT ( 'NONE',  ( -0.1446818157067244500, 0.0009658267581614175800, -2.987751531058617800 ) ) ;
#2768 = CARTESIAN_POINT ( 'NONE',  ( -0.7173146837074329000, -1.101616661993956900, -2.060367454068240600 ) ) ;
#2769 = DIRECTION ( 'NONE',  ( -0.0000000000000000000, 1.000000000000000000, -0.0000000000000000000 ) ) ;
#2770 = EDGE_LOOP ( 'NONE', ( #304, #676, #7859, #5900 ) ) ;
#2771 = CARTESIAN_POINT ( 'NONE',  ( -0.7311023692017438700, 0.9279527559059844700, -2.992125984251968500 ) ) ;
#2772 = CARTESIAN_POINT ( 'NONE',  ( 1.109374590528771500, 0.7016296763940630400, -1.128608923884515600 ) ) ;
#2773 = DIRECTION ( 'NONE',  ( -0.0000000000000000000, -0.0000000000000000000, 1.000000000000000000 ) ) ;
#2774 = CARTESIAN_POINT ( 'NONE',  ( -1.028953034820992300, 0.7589873557274845500, -2.992125984251969000 ) ) ;
#2775 = CARTESIAN_POINT ( 'NONE',  ( 0.1474643960790040000, 1.134251968503936900, -2.744248841075859000 ) ) ;
#2776 = CARTESIAN_POINT ( 'NONE',  ( 1.030305832406381800, -0.9265857566923937400, -0.1312335958005236600 ) ) ;
#2777 = VERTEX_POINT ( 'NONE', #1930 ) ;
#2778 = CARTESIAN_POINT ( 'NONE',  ( -0.3702728364785316000, -0.6629341840565985400, 0.05599300087488978000 ) ) ;
#2779 = CARTESIAN_POINT ( 'NONE',  ( 1.110233970439102400, 0.9282311026850591500, -0.1749781277340315400 ) ) ;
#2780 = B_SPLINE_CURVE_WITH_KNOTS ( 'NONE', 3,
 ( #1610, #6740, #6848, #3642, #1157, #6232 ),
 .UNSPECIFIED., .F., .F.,
 ( 4, 1, 1, 4 ),
 ( 0.0000000000000000000, 0.2899741926369685500, 0.7112355692682608100, 1.000000000000000000 ),
 .UNSPECIFIED. ) ;
#2781 = CARTESIAN_POINT ( 'NONE',  ( -0.1723719786026104700, 1.153935871213380300, -2.681102362892321600 ) ) ;
#2782 = CARTESIAN_POINT ( 'NONE',  ( -1.057805835868256100, 0.7637992319626142300, -0.1968503937007874100 ) ) ;
#2783 = CARTESIAN_POINT ( 'NONE',  ( 1.022873197870755900, 0.8770121648875594000, -0.1749781277340315400 ) ) ;
#2784 = CARTESIAN_POINT ( 'NONE',  ( 0.08401568594263388000, 0.1231026060500197600, -2.987751531058617800 ) ) ;
#2785 = CARTESIAN_POINT ( 'NONE',  ( 1.008932729790676900, 0.7469057087232008300, -0.1968503937007874100 ) ) ;
#2786 = ADVANCED_FACE ( 'NONE', ( #370 ), #5402, .T. ) ;
#2787 = ORIENTED_EDGE ( 'NONE', *, *, #5484, .T. ) ;
#2788 = CARTESIAN_POINT ( 'NONE',  ( 0.7155729551865434000, 1.103009155936019800, -2.992125984251968500 ) ) ;
#2789 = CARTESIAN_POINT ( 'NONE',  ( 0.7637992319626142300, 1.057805835868256100, -2.992125984251968500 ) ) ;
#2790 = CARTESIAN_POINT ( 'NONE',  ( 0.1448347163264528100, -0.02193883921625590700, -2.952755905511811100 ) ) ;
#2791 = EDGE_CURVE ( 'NONE', #34, #714, #3650, .T. ) ;
#2792 = CARTESIAN_POINT ( 'NONE',  ( -0.1853889004854055700, 1.134251968503936900, -2.599176072756661500 ) ) ;
#2793 = CARTESIAN_POINT ( 'NONE',  ( -1.008420413410695100, -0.7467228160244973000, -0.1968503937007874100 ) ) ;
#2794 = ORIENTED_EDGE ( 'NONE', *, *, #6352, .T. ) ;
#2795 = CARTESIAN_POINT ( 'NONE',  ( -0.9876700203231734100, 1.014900208985472200, 0.0000000000000000000 ) ) ;
#2796 = CARTESIAN_POINT ( 'NONE',  ( 0.1446774418240743500, 0.02265127236583267000, 0.06299212598425198200 ) ) ;
#2797 = DIRECTION ( 'NONE',  ( 0.0000000000000000000, 0.0000000000000000000, -1.000000000000000000 ) ) ;
#2798 = CARTESIAN_POINT ( 'NONE',  ( -1.030305832406381800, 0.9293197551186300800, -0.1749781277340354800 ) ) ;
#2799 = CARTESIAN_POINT ( 'NONE',  ( -0.04343382380483071200, 1.153934119375358300, -2.507658743393555300 ) ) ;
#2800 = CARTESIAN_POINT ( 'NONE',  ( -0.1557450946406299700, 1.118241469816271700, -2.680205304754929200 ) ) ;
#2801 = ORIENTED_EDGE ( 'NONE', *, *, #5975, .T. ) ;
#2802 = CARTESIAN_POINT ( 'NONE',  ( 0.1634373218741063100, 1.153988124042724300, -2.751088688849630000 ) ) ;
#2803 = CARTESIAN_POINT ( 'NONE',  ( -1.036985750691334900, -0.7634200263010158000, -0.5074365704286969400 ) ) ;
#2804 = CARTESIAN_POINT ( 'NONE',  ( 0.5373840014121733500, -0.5370372980905274700, 0.06299212598425198200 ) ) ;
#2805 = EDGE_CURVE ( 'NONE', #1497, #7199, #169, .T. ) ;
#2806 = CARTESIAN_POINT ( 'NONE',  ( 1.056646062823173100, 1.057736748147917400, -0.1968503937007874100 ) ) ;
#2807 = ORIENTED_EDGE ( 'NONE', *, *, #2589, .T. ) ;
#2808 = CARTESIAN_POINT ( 'NONE',  ( 0.1180186370200117400, 0.04208835232369941000, 0.7677026589166812100 ) ) ;
#2809 = CARTESIAN_POINT ( 'NONE',  ( 0.1337290113004449000, 0.07273870726820080800, 0.03674540682414568400 ) ) ;
#2810 = CARTESIAN_POINT ( 'NONE',  ( -1.067227259123866500, 1.047157685346665800, -0.1968503937007874100 ) ) ;
#2811 = CARTESIAN_POINT ( 'NONE',  ( -0.03526368610020472900, 0.1419330633355000400, -2.979002624671917700 ) ) ;
#2812 = CARTESIAN_POINT ( 'NONE',  ( 1.029654069748492400, 0.7594092295902990000, -0.5074365704286969400 ) ) ;
#2813 = CARTESIAN_POINT ( 'NONE',  ( 0.7003745554811694500, 1.109486903909763700, -1.128608923884515600 ) ) ;
#2814 = CARTESIAN_POINT ( 'NONE',  ( 1.057805835868256100, 0.7637992319626182300, -0.1968503937007874100 ) ) ;
#2815 = ORIENTED_EDGE ( 'NONE', *, *, #6179, .F. ) ;
#2816 = CARTESIAN_POINT ( 'NONE',  ( 0.09933799704068836700, 0.08087021969640788300, 0.7675853018372703600 ) ) ;
#2817 = DIRECTION ( 'NONE',  ( -1.000000000000000000, 0.0000000000000000000, 0.0000000000000000000 ) ) ;
#2818 = CARTESIAN_POINT ( 'NONE',  ( 1.057272500430996200, -0.7639149224034330600, -2.992125984251968500 ) ) ;
#2819 = CARTESIAN_POINT ( 'NONE',  ( -0.8682354914878504000, -1.014900208985472200, 0.0000000000000000000 ) ) ;
#2820 = CARTESIAN_POINT ( 'NONE',  ( -0.8324966087895313600, -0.7505357138161811200, -2.992125984251973400 ) ) ;
#2821 = CARTESIAN_POINT ( 'NONE',  ( -0.7642466524047193400, -1.054918747226489600, -0.1968503937007873800 ) ) ;
#2822 = AXIS2_PLACEMENT_3D ( 'NONE', #4459, #7775, #4516 ) ;
#2823 = EDGE_LOOP ( 'NONE', ( #5441, #5251, #2391, #1897 ) ) ;
#2824 = CARTESIAN_POINT ( 'NONE',  ( -0.7636744025022774700, 1.057499546894264100, -0.1968503937007873800 ) ) ;
#2825 = CARTESIAN_POINT ( 'NONE',  ( 1.108204637752976400, 0.7053811463581142200, -2.060367454068240600 ) ) ;
#2826 = CARTESIAN_POINT ( 'NONE',  ( -0.08507418187083402900, 0.09148105287393731900, 0.1968503937007874100 ) ) ;
#2827 = CARTESIAN_POINT ( 'NONE',  ( -0.1438889093088228900, 1.110236220472441000, -2.759511447624264100 ) ) ;
#2828 = CARTESIAN_POINT ( 'NONE',  ( 1.101663991491527600, 0.7176078221647795900, -2.060367454068240600 ) ) ;
#2829 = CARTESIAN_POINT ( 'NONE',  ( -1.036985750691334900, -0.7634200263010158000, -2.992125984251968500 ) ) ;
#2830 = EDGE_LOOP ( 'NONE', ( #4978, #1075 ) ) ;
#2831 = B_SPLINE_CURVE_WITH_KNOTS ( 'NONE', 3,
 ( #4707, #4049, #6688, #2159, #5352, #2850 ),
 .UNSPECIFIED., .F., .F.,
 ( 4, 1, 1, 4 ),
 ( 0.0000000000000000000, 0.2887644307316299400, 0.7100258073628515900, 1.000000000000000000 ),
 .UNSPECIFIED. ) ;
#2832 = ORIENTED_EDGE ( 'NONE', *, *, #7519, .F. ) ;
#2833 = CARTESIAN_POINT ( 'NONE',  ( 0.7500308502709094300, -0.05856650093302363100, 0.06299212598425198200 ) ) ;
#2834 = CARTESIAN_POINT ( 'NONE',  ( -0.7311036405941849800, -0.9286621932200708200, -2.992125984251968500 ) ) ;
#2835 = CARTESIAN_POINT ( 'NONE',  ( 0.08401568594263388000, 0.1231026060500197600, 0.02799650043744489000 ) ) ;
#2836 = ORIENTED_EDGE ( 'NONE', *, *, #603, .F. ) ;
#2837 = CARTESIAN_POINT ( 'NONE',  ( 0.8255996794046417400, 0.9293197551186300800, -0.1968503937007874100 ) ) ;
#2838 = CARTESIAN_POINT ( 'NONE',  ( 1.081314661062035700, 0.7479053414235590200, -0.5074365704286969400 ) ) ;
#2839 = EDGE_CURVE ( 'NONE', #2121, #8056, #1856, .T. ) ;
#2840 = CARTESIAN_POINT ( 'NONE',  ( 0.7003745554811694500, 1.109486903909763700, -0.5074365704286969400 ) ) ;
#2841 = CARTESIAN_POINT ( 'NONE',  ( 1.053941206384279700, 0.7642728007677244100, -0.5074365704286969400 ) ) ;
#2842 = CARTESIAN_POINT ( 'NONE',  ( -0.1853889004854055700, 1.131583552055992000, -2.599176072756661500 ) ) ;
#2843 = CARTESIAN_POINT ( 'NONE',  ( -1.101616661993956900, -0.7173146837074369000, -0.5074365704286969400 ) ) ;
#2844 = FACE_OUTER_BOUND ( 'NONE', #5948, .T. ) ;
#2845 = CARTESIAN_POINT ( 'NONE',  ( -0.08281908649956693000, 1.152548769262433000, -2.535124574269696800 ) ) ;
#2846 = CARTESIAN_POINT ( 'NONE',  ( -0.08401568594263388000, 0.1231026060500197000, 0.06299212598425198200 ) ) ;
#2847 = CARTESIAN_POINT ( 'NONE',  ( 0.7593146768515431900, 1.029023522214547600, -1.128608923884515600 ) ) ;
#2848 = CARTESIAN_POINT ( 'NONE',  ( -0.1249997708871712200, -7.618905016278156300E-011, 0.02362204724409449100 ) ) ;
#2849 = CARTESIAN_POINT ( 'NONE',  ( -0.9530213658428109400, 0.8275570291413073500, -0.1312335958005236600 ) ) ;
#2850 = CARTESIAN_POINT ( 'NONE',  ( -1.057499546894263600, -0.7636744025022772500, -0.1968503937007873800 ) ) ;
#2851 = LINE ( 'NONE', #7166, #7066 ) ;
#2852 = CARTESIAN_POINT ( 'NONE',  ( -0.09038153715239767600, 1.118241469816271700, -2.813647702036689200 ) ) ;
#2853 = CARTESIAN_POINT ( 'NONE',  ( -0.1053148854230678700, 3.851669571263057200E-011, 0.7874014932169904900 ) ) ;
#2854 = EDGE_CURVE ( 'NONE', #5327, #4880, #2380, .T. ) ;
#2855 = CARTESIAN_POINT ( 'NONE',  ( -0.1725924962842008400, 1.153988124042724300, -2.678145353192944900 ) ) ;
#2856 = CARTESIAN_POINT ( 'NONE',  ( -1.057272500430996200, -0.7639149224034330600, -2.060367454068240600 ) ) ;
#2857 = B_SPLINE_CURVE_WITH_KNOTS ( 'NONE', 3,
 ( #8075, #3638, #8153, #1130, #1747, #6228, #4235, #2345, #2981, #1717, #3035 ),
 .UNSPECIFIED., .F., .F.,
 ( 4, 1, 1, 1, 1, 1, 1, 1, 4 ),
 ( 0.0000000000000000000, 0.001635147623053038000, 0.003301550037732204000, 0.004134751245071742300, 0.004967952452411274500, 0.005801153659750808500, 0.006634354867090343400, 0.008300757281769514600, 0.009935904904822549100 ),
 .UNSPECIFIED. ) ;
#2858 = CARTESIAN_POINT ( 'NONE',  ( -0.7500308502709094300, -0.05856650093302363100, -0.0000000000000000000 ) ) ;
#2859 = CARTESIAN_POINT ( 'NONE',  ( 1.079822295072442500, -0.7500603502138089000, -0.1968503937007874100 ) ) ;
#2860 = CARTESIAN_POINT ( 'NONE',  ( 0.1401880037439977600, 1.153937007874015700, -2.574964043193100200 ) ) ;
#2861 = CARTESIAN_POINT ( 'NONE',  ( 0.08401568594263388000, -0.1231026060500197600, -2.952755905511811100 ) ) ;
#2862 = FACE_OUTER_BOUND ( 'NONE', #1112, .T. ) ;
#2863 = CARTESIAN_POINT ( 'NONE',  ( 0.9530213658428109400, 0.8275570291413073500, 0.0000000000000000000 ) ) ;
#2864 = CARTESIAN_POINT ( 'NONE',  ( 1.081314661062035700, 0.7479053414235590200, -0.1968503937007874100 ) ) ;
#2865 = CARTESIAN_POINT ( 'NONE',  ( 0.09746816833348823100, 1.110236220472441400, -2.507213403735209000 ) ) ;
#2866 = DIRECTION ( 'NONE',  ( -0.0000000000000000000, -1.000000000000000000, -0.0000000000000000000 ) ) ;
#2867 = CARTESIAN_POINT ( 'NONE',  ( 0.6954048260608386400, 1.110322617515925500, -0.5074365704286969400 ) ) ;
#2868 = SURFACE_STYLE_FILL_AREA ( #7502 ) ;
#2869 = CARTESIAN_POINT ( 'NONE',  ( 0.04788271554519685900, 1.134251968503936900, -2.487949462238366200 ) ) ;
#2870 = CARTESIAN_POINT ( 'NONE',  ( 1.108626020972166800, 0.7038785125588548100, -0.1968503937007873800 ) ) ;
#2871 = CARTESIAN_POINT ( 'NONE',  ( -0.1557403679300480000, 1.110236220472441000, -2.656705970264381800 ) ) ;
#2872 = CARTESIAN_POINT ( 'NONE',  ( 0.07863490594924017800, 1.144378037797165300, -2.542499654663275900 ) ) ;
#2873 = CARTESIAN_POINT ( 'NONE',  ( 0.9282311026850591500, -1.110233970439106400, -0.02187226596675591000 ) ) ;
#2874 = CARTESIAN_POINT ( 'NONE',  ( 0.7627446526210077700, 1.060986002430181200, -0.5074365704286969400 ) ) ;
#2875 = CARTESIAN_POINT ( 'NONE',  ( -0.8255996794046417400, 0.9265857566923937400, -0.1968503937007874100 ) ) ;
#2876 = ORIENTED_EDGE ( 'NONE', *, *, #7268, .F. ) ;
#2877 = CARTESIAN_POINT ( 'NONE',  ( -0.8682354914878504000, 0.8410053028255510800, -0.06561679790026378500 ) ) ;
#2878 = CARTESIAN_POINT ( 'NONE',  ( -0.1799538367264055500, 1.153988124042724300, -2.684185492284885600 ) ) ;
#2879 = CARTESIAN_POINT ( 'NONE',  ( -0.09038153715239767600, 1.131583552055992000, -2.813647702036685700 ) ) ;
#2880 = CARTESIAN_POINT ( 'NONE',  ( 0.1557467472617408100, 1.137382512314492300, -2.681102362204709900 ) ) ;
#2881 = CARTESIAN_POINT ( 'NONE',  ( -1.057272500430996200, -0.7639149224034370600, -2.992125984251968500 ) ) ;
#2882 = B_SPLINE_CURVE_WITH_KNOTS ( 'NONE', 3,
 ( #2824, #2129, #313, #3455, #5991, #2155 ),
 .UNSPECIFIED., .F., .F.,
 ( 4, 1, 1, 4 ),
 ( 0.0000000000000000000, 0.2899741926369685500, 0.7112355692682608100, 1.000000000000000000 ),
 .UNSPECIFIED. ) ;
#2883 = CARTESIAN_POINT ( 'NONE',  ( 0.06009372742538228500, -0.08646890596075364200, 0.7873777611822097000 ) ) ;
#2884 = ORIENTED_EDGE ( 'NONE', *, *, #4117, .F. ) ;
#2885 = CARTESIAN_POINT ( 'NONE',  ( -0.08968624851009841800, -0.7465127032399607700, -0.0000000000000000000 ) ) ;
#2886 = CARTESIAN_POINT ( 'NONE',  ( 0.7003745554811732200, -1.109486903909763700, -2.992125984251968500 ) ) ;
#2887 = CARTESIAN_POINT ( 'NONE',  ( 0.1485180183879013000, 1.153937007874015400, -2.587692014201497000 ) ) ;
#2888 = CARTESIAN_POINT ( 'NONE',  ( -0.1557475439454737400, 1.122244094488188600, -2.681102362244169400 ) ) ;
#2889 = CARTESIAN_POINT ( 'NONE',  ( 0.7642728007677244100, -1.053941206384279700, -1.128608923884515600 ) ) ;
#2890 = CARTESIAN_POINT ( 'NONE',  ( -0.0000000000000000000, -0.1261928294275669600, -3.562992125984248700 ) ) ;
#2891 = CARTESIAN_POINT ( 'NONE',  ( -0.1446818157067244500, -0.0009658267581614175800, -2.957130358705161400 ) ) ;
#2892 = EDGE_LOOP ( 'NONE', ( #1033, #2429, #5027, #694 ) ) ;
#2893 = CARTESIAN_POINT ( 'NONE',  ( -1.108626020972166600, -0.7038785125588545900, -0.1968503937007874400 ) ) ;
#2894 = CARTESIAN_POINT ( 'NONE',  ( 0.8255908954713380200, -0.9279527558223732400, -0.1968503937007873000 ) ) ;
#2895 = CARTESIAN_POINT ( 'NONE',  ( -0.1249997708871773000, -9.142683563805194600E-011, 0.3956692913385827500 ) ) ;
#2896 = CARTESIAN_POINT ( 'NONE',  ( 1.057272500430996200, -0.7639149224034330600, -0.5074365704286969400 ) ) ;
#2897 = CARTESIAN_POINT ( 'NONE',  ( 1.085874585383008100, -1.023890032031122200, -0.06561679790026378500 ) ) ;
#2898 = CARTESIAN_POINT ( 'NONE',  ( -0.1573015519094055600, 1.144378037797165300, -2.683797393081369900 ) ) ;
#2899 = ORIENTED_EDGE ( 'NONE', *, *, #2426, .T. ) ;
#2900 = CARTESIAN_POINT ( 'NONE',  ( 0.9282311026850591500, -1.110233970439106400, 0.0000000000000000000 ) ) ;
#2901 = EDGE_CURVE ( 'NONE', #4215, #3188, #6186, .T. ) ;
#2902 = B_SPLINE_CURVE_WITH_KNOTS ( 'NONE', 3,
 ( #8258, #77, #6472, #6387, #3187, #1941 ),
 .UNSPECIFIED., .F., .F.,
 ( 4, 1, 1, 4 ),
 ( 0.0000000000000000000, 0.2899741926370670900, 0.7112355692683125500, 1.000000000000000000 ),
 .UNSPECIFIED. ) ;
#2903 = CARTESIAN_POINT ( 'NONE',  ( 0.7133756011909805400, -1.104400432191188200, -0.1968503937007874100 ) ) ;
#2904 = CARTESIAN_POINT ( 'NONE',  ( -1.030523849900492500, 0.9429096587393148700, -0.1312335958005236600 ) ) ;
#2905 = CARTESIAN_POINT ( 'NONE',  ( -1.022873197870755900, 0.8770121648875594000, -0.1312335958005236600 ) ) ;
#2906 = CARTESIAN_POINT ( 'NONE',  ( -0.1968215087142204900, 1.137382512314492300, -2.684474484327700900 ) ) ;
#2907 = CARTESIAN_POINT ( 'NONE',  ( -0.1557450946406299700, 1.110236220472441000, -2.680205304754929200 ) ) ;
#2908 = CARTESIAN_POINT ( 'NONE',  ( -1.057272500430996200, -0.7639149224034370600, -2.681539807524059500 ) ) ;
#2909 = EDGE_LOOP ( 'NONE', ( #1911, #4630, #8225, #832 ) ) ;
#2910 = B_SPLINE_CURVE_WITH_KNOTS ( 'NONE', 3,
 ( #3387, #5304, #7120, #2112, #1997, #2758 ),
 .UNSPECIFIED., .F., .F.,
 ( 4, 1, 1, 4 ),
 ( 5.082473352521762600E-016, 0.001197975670863578700, 0.002417670315533621200, 0.003615609116955939800 ),
 .UNSPECIFIED. ) ;
#2911 = CARTESIAN_POINT ( 'NONE',  ( 0.08401568594263388000, -0.1231026060500197600, 0.02799650043744489000 ) ) ;
#2912 = CARTESIAN_POINT ( 'NONE',  ( 0.0000000000000000000, -0.1460610273873661500, 0.02362204724409453300 ) ) ;
#2913 = CARTESIAN_POINT ( 'NONE',  ( 1.085874585383008100, 1.023890032031122200, -0.06561679790026378500 ) ) ;
#2914 = CARTESIAN_POINT ( 'NONE',  ( 0.08371080301514692600, 1.153937007874015700, -2.526716959793470900 ) ) ;
#2915 = CARTESIAN_POINT ( 'NONE',  ( 0.1334499306912061400, -0.07302144006578585600, -2.952755905511811100 ) ) ;
#2916 = CARTESIAN_POINT ( 'NONE',  ( 0.7637992319626182300, -1.057805835868259800, -0.1968503937007874100 ) ) ;
#2917 = ORIENTED_EDGE ( 'NONE', *, *, #5813, .T. ) ;
#2918 = EDGE_CURVE ( 'NONE', #5420, #4199, #3018, .T. ) ;
#2919 = CARTESIAN_POINT ( 'NONE',  ( 1.083913278540055400, 0.7441482841840315600, -0.5074365704286969400 ) ) ;
#2920 = CARTESIAN_POINT ( 'NONE',  ( -0.7642728007677244100, 1.053941206384279700, -2.992125984251968500 ) ) ;
#2921 = CARTESIAN_POINT ( 'NONE',  ( 0.1213610747138647700, 0.03969528752818343700, 0.7676509186351706500 ) ) ;
#2922 = CARTESIAN_POINT ( 'NONE',  ( 0.6910086409841851300, 1.110261735596846700, -2.992125984251968500 ) ) ;
#2923 = ORIENTED_EDGE ( 'NONE', *, *, #4627, .T. ) ;
#2924 = ORIENTED_EDGE ( 'NONE', *, *, #7630, .F. ) ;
#2925 = CARTESIAN_POINT ( 'NONE',  ( -1.103009155936019800, -0.7155729551865474000, -0.5074365704286969400 ) ) ;
#2926 = CARTESIAN_POINT ( 'NONE',  ( -1.030314616339698800, -0.9279527558500861900, 0.0000000000000000000 ) ) ;
#2927 = CARTESIAN_POINT ( 'NONE',  ( 1.085874585383008100, -1.023890032031122200, 0.0000000000000000000 ) ) ;
#2928 = VECTOR ( 'NONE', #2866, 39.37007874015748100 ) ;
#2929 = CARTESIAN_POINT ( 'NONE',  ( -0.1725924962842008400, 1.153988124042724300, -2.684059371216503300 ) ) ;
#2930 = CARTESIAN_POINT ( 'NONE',  ( 1.030306909723304400, 0.9119955869072569100, 0.0000000000000000000 ) ) ;
#2931 = ORIENTED_EDGE ( 'NONE', *, *, #6118, .T. ) ;
#2932 = CARTESIAN_POINT ( 'NONE',  ( 0.1771469755377506900, 1.153936934959982000, -2.708636774239902200 ) ) ;
#2933 = ORIENTED_EDGE ( 'NONE', *, *, #1274, .T. ) ;
#2934 = CARTESIAN_POINT ( 'NONE',  ( -0.09760269248847246200, 1.144378037797169300, -2.509066835755819000 ) ) ;
#2935 = CARTESIAN_POINT ( 'NONE',  ( 0.1957805014869921900, 1.144378037797165300, -2.709025781858343000 ) ) ;
#2936 = ADVANCED_FACE ( 'NONE', ( #5275 ), #2601, .T. ) ;
#2937 = B_SPLINE_CURVE_WITH_KNOTS ( 'NONE', 3,
 ( #7011, #1156, #3891, #5221, #57, #27 ),
 .UNSPECIFIED., .F., .F.,
 ( 4, 1, 1, 4 ),
 ( 1.662605148416829700E-011, 0.0008920350201576185300, 0.001803633428564704400, 0.002695640899594065100 ),
 .UNSPECIFIED. ) ;
#2938 = CARTESIAN_POINT ( 'NONE',  ( 0.09932571484630917100, -0.03501986200995339800, 0.7874043045684594500 ) ) ;
#2939 = ORIENTED_EDGE ( 'NONE', *, *, #3632, .F. ) ;
#2940 = CARTESIAN_POINT ( 'NONE',  ( 1.110318066288362500, 0.9451014140148467100, -0.02187226596675591000 ) ) ;
#2941 = CARTESIAN_POINT ( 'NONE',  ( 1.108033091542944800, 0.7061733014393583000, -1.128608923884515600 ) ) ;
#2942 = CARTESIAN_POINT ( 'NONE',  ( -0.6927299607347716700, 1.110236220472440700, -1.496062992125984300 ) ) ;
#2943 = CARTESIAN_POINT ( 'NONE',  ( -0.7328273577879370600, 0.9609539274657166200, -1.128608923884515600 ) ) ;
#2944 = CARTESIAN_POINT ( 'NONE',  ( -0.1156637036326063400, -0.06262578429423626400, -3.495188101487315200 ) ) ;
#2945 = CARTESIAN_POINT ( 'NONE',  ( -0.7479077349249685400, 1.081609771494819000, -2.681539807524059500 ) ) ;
#2946 = EDGE_CURVE ( 'NONE', #4192, #6629, #3551, .T. ) ;
#2947 = VECTOR ( 'NONE', #698, 39.37007874015748100 ) ;
#2948 = CARTESIAN_POINT ( 'NONE',  ( -0.9530213658428109400, -0.8275570291413073500, 0.0000000000000000000 ) ) ;
#2949 = CARTESIAN_POINT ( 'NONE',  ( 0.7016296763940590400, 1.109374590528771500, -0.1968503937007874100 ) ) ;
#2950 = CARTESIAN_POINT ( 'NONE',  ( -0.1853889004854055700, 1.110236220472441000, -2.599176072756661500 ) ) ;
#2951 = CARTESIAN_POINT ( 'NONE',  ( 1.110261735596846700, -0.6910086409841851300, -0.5074365704286969400 ) ) ;
#2952 = CARTESIAN_POINT ( 'NONE',  ( -1.107445675074389500, -0.7072881488253229800, -2.681539807524059500 ) ) ;
#2953 = B_SPLINE_CURVE_WITH_KNOTS ( 'NONE', 3,
 ( #7335, #6706, #1023, #2205, #8073, #2870 ),
 .UNSPECIFIED., .F., .F.,
 ( 4, 1, 1, 4 ),
 ( 0.0000000000000000000, 0.2233249047147117200, 0.7768679091367477500, 1.000000000000000000 ),
 .UNSPECIFIED. ) ;
#2954 = CARTESIAN_POINT ( 'NONE',  ( 0.1249919725763169000, -0.01954230109369501500, 0.02362204724409449500 ) ) ;
#2955 = B_SPLINE_CURVE_WITH_KNOTS ( 'NONE', 3,
 ( #6220, #7656, #3186, #5099, #1853, #5685, #5801, #5127, #5774, #2613, #7091 ),
 .UNSPECIFIED., .F., .F.,
 ( 4, 1, 1, 1, 1, 1, 1, 1, 4 ),
 ( 2.082058387156770500E-012, 0.001330758890014082000, 0.002699622016315586900, 0.003384053579466389100, 0.004068485142617091900, 0.004752916705767889700, 0.005437348268918597300, 0.006806211395220099200, 0.008136970284692008100 ),
 .UNSPECIFIED. ) ;
#2956 = CARTESIAN_POINT ( 'NONE',  ( 0.1561521082549016400, 1.137382512314492300, -2.658830987805936600 ) ) ;
#2957 = CARTESIAN_POINT ( 'NONE',  ( 0.9788576969563070900, 1.105682788051606500, -0.1312335958005236600 ) ) ;
#2958 = CARTESIAN_POINT ( 'NONE',  ( 1.030523849900492500, 0.9429096587393148700, -0.06561679790026378500 ) ) ;
#2959 = FACE_OUTER_BOUND ( 'NONE', #2176, .T. ) ;
#2960 = B_SPLINE_CURVE_WITH_KNOTS ( 'NONE', 3,
 ( #7539, #1142, #5626, #6273, #3070, #4359, #6801, #1278, #5121, #7026, #1224, #5067, #1306, #1249, #592, #12, #5680, #4414, #6967, #6297, #7681, #1818, #5769, #5741, #3789, #8280, #5708, #1847, #7621, #6325, #3760, #1872, #6354, #7593, #2466, #3821, #2552, #1900 ),
 .UNSPECIFIED., .F., .F.,
 ( 4, 1, 1, 1, 2, 2, 2, 1, 1, 1, 2, 2, 2, 1, 1, 1, 2, 2, 2, 1, 1, 1, 2, 2, 4 ),
 ( 0.0000000000000000000, 0.06250000000000061100, 0.09375000000000088800, 0.1093750000000010400, 0.1171875000000010500, 0.1250000000000010800, 0.2500000000000016100, 0.3125000000000018300, 0.3437500000000020000, 0.3593750000000020500, 0.3671875000000020500, 0.3750000000000020000, 0.5000000000000018900, 0.5625000000000017800, 0.5937500000000017800, 0.6093750000000017800, 0.6171875000000016700, 0.6250000000000016700, 0.7500000000000014400, 0.8125000000000012200, 0.8437500000000012200, 0.8593750000000012200, 0.8671875000000011100, 0.8750000000000011100, 1.000000000000000000 ),
 .UNSPECIFIED. ) ;
#2961 = CARTESIAN_POINT ( 'NONE',  ( -0.05314208445024015700, 0.09344859078009450100, 0.7852143482064725100 ) ) ;
#2962 = CARTESIAN_POINT ( 'NONE',  ( 0.1704081797803307700, 1.153988124042724300, -2.608131009050417100 ) ) ;
#2963 = CARTESIAN_POINT ( 'NONE',  ( -0.08995876299005514700, 1.153988124042724300, -2.839664618584220700 ) ) ;
#2964 = EDGE_CURVE ( 'NONE', #4326, #8210, #2318, .T. ) ;
#2965 = FACE_OUTER_BOUND ( 'NONE', #2770, .T. ) ;
#2966 = CARTESIAN_POINT ( 'NONE',  ( 0.1025339922132172000, -0.02459433221765118500, 0.7873989156429748200 ) ) ;
#2967 = CARTESIAN_POINT ( 'NONE',  ( 0.7499998966439960200, 0.0003937435670787403000, -0.0000000000000000000 ) ) ;
#2969 = CARTESIAN_POINT ( 'NONE',  ( 1.110233970439106400, 0.9282311026850591500, -0.02187226596675591000 ) ) ;
#2968 = CARTESIAN_POINT ( 'NONE',  ( -1.081538896983668800, 0.7475810392626735000, -2.681539807524059500 ) ) ;
#2970 = CARTESIAN_POINT ( 'NONE',  ( -0.7376712701478820300, -0.8628714702481337100, -2.060367454068240600 ) ) ;
#2971 = CARTESIAN_POINT ( 'NONE',  ( -0.7636032586122533100, 1.038329624928467500, -2.992125984251968500 ) ) ;
#2972 = CARTESIAN_POINT ( 'NONE',  ( -0.7528510366733464100, 1.018785567477366500, -0.5074365704286969400 ) ) ;
#2973 = CARTESIAN_POINT ( 'NONE',  ( 0.8255996794046417400, 0.9293197551186300800, 0.0000000000000000000 ) ) ;
#2974 = CARTESIAN_POINT ( 'NONE',  ( 1.047157685346673500, 1.067227259123861000, -0.1968503937007880200 ) ) ;
#2975 = ORIENTED_EDGE ( 'NONE', *, *, #2273, .T. ) ;
#2976 = ADVANCED_FACE ( 'NONE', ( #6571 ), #5236, .T. ) ;
#2977 = CARTESIAN_POINT ( 'NONE',  ( -0.7046512160692287600, -1.108398963774295700, -2.992125984251968500 ) ) ;
#2978 = CARTESIAN_POINT ( 'NONE',  ( 0.6910086409841851300, 1.110261735596846700, -2.681539807524059500 ) ) ;
#2979 = CARTESIAN_POINT ( 'NONE',  ( 0.7642466524047193400, 1.054918747226490000, -0.1968503937007874100 ) ) ;
#2980 = CARTESIAN_POINT ( 'NONE',  ( 1.047157685346673500, 1.067227259123860500, 0.0000000000000000000 ) ) ;
#2981 = CARTESIAN_POINT ( 'NONE',  ( -0.1153413783995031300, 0.06295339484628587100, -2.992125984251969000 ) ) ;
#2982 = ORIENTED_EDGE ( 'NONE', *, *, #5930, .T. ) ;
#2983 = CARTESIAN_POINT ( 'NONE',  ( -1.096676596295535400, -0.7252355460546456900, -2.992125984251968500 ) ) ;
#2984 = CARTESIAN_POINT ( 'NONE',  ( -1.108204637752976400, 0.7053811463581102200, -2.992125984251968500 ) ) ;
#2985 = CARTESIAN_POINT ( 'NONE',  ( 0.8255996794046417400, 0.9265857566923937400, -0.02187226596675591000 ) ) ;
#2986 = CARTESIAN_POINT ( 'NONE',  ( -0.1771653543107209200, 1.153936964125595700, -2.681102362063381200 ) ) ;
#2987 = CARTESIAN_POINT ( 'NONE',  ( 0.1968215087142204900, 1.137382512314492300, -2.684474484327700900 ) ) ;
#2988 = CARTESIAN_POINT ( 'NONE',  ( 0.1768021951115827400, 1.153934119375358300, -2.678073228867512000 ) ) ;
#2989 = ORIENTED_EDGE ( 'NONE', *, *, #6824, .T. ) ;
#2990 = CARTESIAN_POINT ( 'NONE',  ( 0.07619257720156938400, -0.07260603479685844000, 0.7873333562565526500 ) ) ;
#2991 = EDGE_CURVE ( 'NONE', #49, #2579, #2953, .T. ) ;
#2992 = CARTESIAN_POINT ( 'NONE',  ( -0.7556667672796141300, -1.074917021823726300, -0.1968503937007874100 ) ) ;
#2994 = CARTESIAN_POINT ( 'NONE',  ( 1.105682788051606500, 0.9788576969563110900, -0.02187226596675591000 ) ) ;
#2993 = CARTESIAN_POINT ( 'NONE',  ( -1.060986002430181200, 0.7627446526210077700, -2.992125984251968500 ) ) ;
#2995 = ORIENTED_EDGE ( 'NONE', *, *, #7039, .T. ) ;
#2996 = CARTESIAN_POINT ( 'NONE',  ( -0.7738167753536416800, -0.7980368589790987100, -2.060367454068244600 ) ) ;
#2997 = CARTESIAN_POINT ( 'NONE',  ( -1.108855069386814200, 0.7031063972595306100, -2.992125984251970300 ) ) ;
#2998 = CARTESIAN_POINT ( 'NONE',  ( 0.7549431811966416100, -1.076064190174775600, -1.128608923884511800 ) ) ;
#2999 = CARTESIAN_POINT ( 'NONE',  ( 1.023622736685190700, 1.085992159574437700, -0.1968503937007880200 ) ) ;
#3000 = ORIENTED_EDGE ( 'NONE', *, *, #4951, .T. ) ;
#3001 = CARTESIAN_POINT ( 'NONE',  ( -0.1446774418275553800, 0.02265127235021584300, -2.952755905511811100 ) ) ;
#3002 = CARTESIAN_POINT ( 'NONE',  ( 0.7328930827737100100, -0.9612049079576293600, -2.992125984251971600 ) ) ;
#3003 = CARTESIAN_POINT ( 'NONE',  ( 1.110261735596846700, -0.6910086409841851300, -0.1968503937007874100 ) ) ;
#3004 = CARTESIAN_POINT ( 'NONE',  ( -1.107445675074389500, -0.7072881488253229800, -2.992125984251968500 ) ) ;
#3005 = CARTESIAN_POINT ( 'NONE',  ( -1.101663991491527600, -0.7176078221647795900, -2.992125984251968500 ) ) ;
#3006 = B_SPLINE_CURVE_WITH_KNOTS ( 'NONE', 3,
 ( #6090, #5473, #1632, #8094, #6781, #8008, #7357, #5500, #1601 ),
 .UNSPECIFIED., .F., .F.,
 ( 4, 1, 1, 1, 1, 1, 4 ),
 ( 0.0000000000000000000, 0.001735739376546908500, 0.003491237184502271000, 0.005246734992457532200, 0.007002232800412891100, 0.008757730608368152800, 0.01049344064878973700 ),
 .UNSPECIFIED. ) ;
#3007 = CARTESIAN_POINT ( 'NONE',  ( 0.7003911346322485600, 1.109563216913673500, -2.992125984251968500 ) ) ;
#3008 = EDGE_CURVE ( 'NONE', #1512, #4188, #4774, .T. ) ;
#3009 = CARTESIAN_POINT ( 'NONE',  ( 0.9876700203231734100, 1.014900208985472200, 0.0000000000000000000 ) ) ;
#3010 = CARTESIAN_POINT ( 'NONE',  ( -1.023890032031122200, 1.085874585383008100, -0.1968503937007874100 ) ) ;
#3011 = ORIENTED_EDGE ( 'NONE', *, *, #3434, .F. ) ;
#3012 = B_SPLINE_CURVE_WITH_KNOTS ( 'NONE', 3,
 ( #2765, #2739, #4010, #7247, #89, #5195 ),
 .UNSPECIFIED., .F., .F.,
 ( 4, 1, 1, 4 ),
 ( 0.0000000000000000000, 0.2231320908632033500, 0.7766750952853316300, 1.000000000000000000 ),
 .UNSPECIFIED. ) ;
#3013 = CARTESIAN_POINT ( 'NONE',  ( -0.1670408598648028800, 1.153936934959982000, -2.753889946980820500 ) ) ;
#3014 = CARTESIAN_POINT ( 'NONE',  ( -0.1973615553878662100, 1.137382512314492300, -2.652953442916394300 ) ) ;
#3015 = CARTESIAN_POINT ( 'NONE',  ( 0.04796449170674016400, 1.144378037797165300, -2.872638227281602700 ) ) ;
#3016 = ADVANCED_FACE ( 'NONE', ( #1653 ), #6818, .T. ) ;
#3017 = ORIENTED_EDGE ( 'NONE', *, *, #4277, .F. ) ;
#3018 = B_SPLINE_CURVE_WITH_KNOTS ( 'NONE', 3,
 ( #7394, #4784, #6017, #2846, #3537, #896, #2180, #2208, #1555, #2796, #6072 ),
 .UNSPECIFIED., .F., .F.,
 ( 4, 1, 1, 1, 1, 1, 1, 1, 4 ),
 ( 0.0000000000000000000, 0.001898108748182017100, 0.003823235685473283500, 0.004785799154118967000, 0.005748362622764549000, 0.006710926091410231700, 0.007673489560055912600, 0.009598616497347183300, 0.01149672524552919700 ),
 .UNSPECIFIED. ) ;
#3019 = CARTESIAN_POINT ( 'NONE',  ( 0.04788271554519685900, 1.118241469816275500, -2.874255262171082800 ) ) ;
#3021 = CARTESIAN_POINT ( 'NONE',  ( 0.8334242859902467600, 0.9792942676504878800, 0.0000000000000000000 ) ) ;
#3020 = CARTESIAN_POINT ( 'NONE',  ( -1.057499546894263600, -0.7636744025022772500, -0.1968503937007873800 ) ) ;
#3022 = CARTESIAN_POINT ( 'NONE',  ( -0.7311036405941849800, -0.9286621932200708200, -2.681539807524059500 ) ) ;
#3023 = CARTESIAN_POINT ( 'NONE',  ( -0.7479053414235590200, -1.081314661062031700, -2.060367454068244600 ) ) ;
#3024 = CARTESIAN_POINT ( 'NONE',  ( -0.1016789429446818800, 1.153937007874015400, -2.824986572221126900 ) ) ;
#3025 = ORIENTED_EDGE ( 'NONE', *, *, #6856, .F. ) ;
#3026 = CARTESIAN_POINT ( 'NONE',  ( -0.1249949962596299800, 0.001118440903629921800, -3.156167979002626500 ) ) ;
#3027 = AXIS2_PLACEMENT_3D ( 'NONE', #3208, #7708, #4506 ) ;
#3028 = CARTESIAN_POINT ( 'NONE',  ( -1.023890032031122200, -1.085874585383008100, -0.1749781277340315400 ) ) ;
#3029 = ORIENTED_EDGE ( 'NONE', *, *, #2322, .F. ) ;
#3030 = CARTESIAN_POINT ( 'NONE',  ( -0.7107731193049641200, -1.105962098314002200, -2.992125984251968500 ) ) ;
#3031 = CARTESIAN_POINT ( 'NONE',  ( 0.1557450946406299700, 1.126246719160106400, -2.681999419654519800 ) ) ;
#3032 = CARTESIAN_POINT ( 'NONE',  ( 0.9028841459682126500, -0.8275570291413073500, -0.1968503937007874100 ) ) ;
#3033 = CARTESIAN_POINT ( 'NONE',  ( 1.110038567578169400, -0.6887898905127244300, -2.992125984251968500 ) ) ;
#3034 = ORIENTED_EDGE ( 'NONE', *, *, #1672, .T. ) ;
#3035 = CARTESIAN_POINT ( 'NONE',  ( -0.1249997708871772600, -9.142683090267090500E-011, -2.992125984251969000 ) ) ;
#3036 = CARTESIAN_POINT ( 'NONE',  ( 0.1153413783819716000, -0.06295339486410488100, 0.02362204724409449500 ) ) ;
#3037 = CARTESIAN_POINT ( 'NONE',  ( 0.7642466524047193400, 1.054918747226490000, -2.992125984251968500 ) ) ;
#3038 = CARTESIAN_POINT ( 'NONE',  ( 0.8682354914878504000, 1.014900208985472200, 0.0000000000000000000 ) ) ;
#3039 = CARTESIAN_POINT ( 'NONE',  ( 1.083715119910515700, -0.7440480963253898200, -2.060367454068240600 ) ) ;
#3040 = CARTESIAN_POINT ( 'NONE',  ( -0.1054475531048543300, 0.009846175651228349400, 0.7874015748031496500 ) ) ;
#3041 = CARTESIAN_POINT ( 'NONE',  ( -1.022873197870755900, -0.9788933469234645200, -0.1312335958005236600 ) ) ;
#3042 = CARTESIAN_POINT ( 'NONE',  ( -0.04590827698367324500, 1.152548769262433000, -2.864427176736666200 ) ) ;
#3043 = CARTESIAN_POINT ( 'NONE',  ( -0.9876700203231734100, 1.014900208985472200, -0.06561679790026378500 ) ) ;
#3044 = CARTESIAN_POINT ( 'NONE',  ( 0.05559283392923335100, -0.08943557906552629400, 0.7873922317951425100 ) ) ;
#3045 = CARTESIAN_POINT ( 'NONE',  ( 0.0000000000000000000, 1.131583552055992000, -2.879801502772728400 ) ) ;
#3046 = CARTESIAN_POINT ( 'NONE',  ( 0.7594092295902990000, 1.029654069748488200, -2.992125984251968500 ) ) ;
#3047 = FACE_OUTER_BOUND ( 'NONE', #7453, .T. ) ;
#3048 = CARTESIAN_POINT ( 'NONE',  ( -1.008932729790676900, -0.7469057087232008300, -2.681539807524059500 ) ) ;
#3049 = CARTESIAN_POINT ( 'NONE',  ( -0.1754327174310114100, 1.153936964634294500, -2.681102362344685500 ) ) ;
#3050 = CARTESIAN_POINT ( 'NONE',  ( -0.1251725047065984900, -0.01871959219484252400, -3.359580052493437400 ) ) ;
#3051 = EDGE_CURVE ( 'NONE', #6494, #7149, #7418, .T. ) ;
#3052 = ADVANCED_FACE ( 'NONE', ( #7677 ), #1399, .T. ) ;
#3053 = CARTESIAN_POINT ( 'NONE',  ( -1.030306909714371800, -0.9119955868668673200, 0.0000000000000000000 ) ) ;
#3054 = CARTESIAN_POINT ( 'NONE',  ( 0.0000000000000000000, 1.131583552055992000, -2.523875521887012100 ) ) ;
#3055 = LINE ( 'NONE', #7189, #4355 ) ;
#3056 = DIRECTION ( 'NONE',  ( 0.0000000000000000000, 0.0000000000000000000, -1.000000000000000000 ) ) ;
#3057 = CARTESIAN_POINT ( 'NONE',  ( -0.07270040754172836500, 0.1062935698246890300, 0.7726771653543307300 ) ) ;
#3058 = CARTESIAN_POINT ( 'NONE',  ( -0.7636784982413052900, -1.057500456850729400, -1.594488188976376500 ) ) ;
#3059 = CARTESIAN_POINT ( 'NONE',  ( 0.9279527559055117400, 1.031298199610023700, -0.06561679790026378500 ) ) ;
#3060 = CARTESIAN_POINT ( 'NONE',  ( 1.065122253766169300, -0.7618448995876850900, -1.128608923884515600 ) ) ;
#3061 = FACE_OUTER_BOUND ( 'NONE', #2527, .T. ) ;
#3062 = CARTESIAN_POINT ( 'NONE',  ( -0.1213610747138647700, 0.03969528752818737200, 0.7676509186351706500 ) ) ;
#3063 = CARTESIAN_POINT ( 'NONE',  ( -0.8253816619105313100, -0.9429096587393148700, -0.06561679790026378500 ) ) ;
#3064 = CARTESIAN_POINT ( 'NONE',  ( -0.1424231651923819100, 1.137382512314488100, -2.820746847193444900 ) ) ;
#3065 = CARTESIAN_POINT ( 'NONE',  ( -0.8255996794046417400, 0.9265857566923937400, -0.06561679790026378500 ) ) ;
#3066 = CARTESIAN_POINT ( 'NONE',  ( -0.6954048260608386400, -1.110322617515921300, -2.992125984251968500 ) ) ;
#3067 = EDGE_CURVE ( 'NONE', #5420, #2587, #7884, .T. ) ;
#3068 = ORIENTED_EDGE ( 'NONE', *, *, #7151, .T. ) ;
#3069 = CARTESIAN_POINT ( 'NONE',  ( -0.7611279201994750600, -1.066258947909218800, -0.1968503937007874400 ) ) ;
#3070 = CARTESIAN_POINT ( 'NONE',  ( 0.1185976725815514200, 0.03958683167187455900, -2.952755905511811600 ) ) ;
#3071 = CARTESIAN_POINT ( 'NONE',  ( 0.8255996794046417400, -0.9265857566923937400, -0.1968503937007874100 ) ) ;
#3072 = CARTESIAN_POINT ( 'NONE',  ( -1.103922707985719000, 0.7141138414599831300, -2.992125984251969400 ) ) ;
#3073 = CARTESIAN_POINT ( 'NONE',  ( -1.057192564065761300, -1.057192564065722900, 0.0000000000000000000 ) ) ;
#3074 = CARTESIAN_POINT ( 'NONE',  ( -0.0000000000000000000, -0.1261928294275669600, -3.359580052493432900 ) ) ;
#3075 = CARTESIAN_POINT ( 'NONE',  ( -1.023890032031122200, -1.085874585383008100, -0.1968503937007874100 ) ) ;
#3076 = ORIENTED_EDGE ( 'NONE', *, *, #7477, .T. ) ;
#3077 = CARTESIAN_POINT ( 'NONE',  ( -0.9028841459682126500, -0.8275570291413073500, -0.1312335958005236600 ) ) ;
#3078 = CARTESIAN_POINT ( 'NONE',  ( 0.03793485271320473600, 1.126246719160106400, -2.528313008702472300 ) ) ;
#3079 = DIRECTION ( 'NONE',  ( 0.0000000000000000000, 1.000000000000000000, 0.0000000000000000000 ) ) ;
#3080 = CARTESIAN_POINT ( 'NONE',  ( 0.7589879883973900100, -1.028952656870870200, -1.128608923884515600 ) ) ;
#3081 = CARTESIAN_POINT ( 'NONE',  ( -0.0000000000000000000, 0.1261928294275669600, 0.7751574803149606800 ) ) ;
#3082 = CARTESIAN_POINT ( 'NONE',  ( 0.0000000000000000000, -0.7517436483800196100, 0.06299212598425216200 ) ) ;
#3083 = ORIENTED_EDGE ( 'NONE', *, *, #5735, .T. ) ;
#3084 = CARTESIAN_POINT ( 'NONE',  ( 0.8255908954713249100, -0.9279527558500859600, 0.0000000000000000000 ) ) ;
#3085 = CARTESIAN_POINT ( 'NONE',  ( -0.7311023782002935600, 0.9279527559062281700, -0.1968503937007873800 ) ) ;
#3086 = CARTESIAN_POINT ( 'NONE',  ( -1.047580032597574800, 1.066889654611260100, -0.1312335958005236600 ) ) ;
#3087 = CARTESIAN_POINT ( 'NONE',  ( -0.1250556661334902800, -0.001577616223438504000, 0.7676509186351706500 ) ) ;
#3088 = CARTESIAN_POINT ( 'NONE',  ( -0.9530213658428109400, -1.028348482669716500, -0.06561679790026378500 ) ) ;
#3089 = CARTESIAN_POINT ( 'NONE',  ( 0.9279527559055117400, -1.031298199610023700, -0.1968503937007874100 ) ) ;
#3090 = CARTESIAN_POINT ( 'NONE',  ( -0.8330323139402675500, 0.9788933469234645200, -0.02187226596675591000 ) ) ;
#3091 = ORIENTED_EDGE ( 'NONE', *, *, #5437, .T. ) ;
#3092 = CARTESIAN_POINT ( 'NONE',  ( -0.07413040150247343600, -0.07473651828769495300, 0.7873271657939878700 ) ) ;
#3093 = CARTESIAN_POINT ( 'NONE',  ( 0.7072881488253229800, -1.107445675074389500, -0.5074365704286969400 ) ) ;
#3094 = EDGE_CURVE ( 'NONE', #4106, #7033, #8076, .T. ) ;
#3095 = CARTESIAN_POINT ( 'NONE',  ( 0.1969610430417243800, 1.134251968503936900, -2.711449755784003800 ) ) ;
#3096 = CARTESIAN_POINT ( 'NONE',  ( -0.1557403679170733800, 1.110236220472440700, -2.705498754203209200 ) ) ;
#3097 = CARTESIAN_POINT ( 'NONE',  ( 0.7311023782002935600, 0.9279527559062223900, -1.594488188976379300 ) ) ;
#3098 = CARTESIAN_POINT ( 'NONE',  ( -0.8324966087895316900, -0.7505357138161811200, -0.5074365704286969400 ) ) ;
#3099 = CARTESIAN_POINT ( 'NONE',  ( 1.081538273903767300, 0.7475806083234708400, -2.992125984251968500 ) ) ;
#3100 = CARTESIAN_POINT ( 'NONE',  ( -0.1401880037434896100, 1.153937007874015700, -2.787240681217124600 ) ) ;
#3101 = EDGE_LOOP ( 'NONE', ( #824, #3319, #1393, #2931 ) ) ;
#3102 = CARTESIAN_POINT ( 'NONE',  ( -0.1251725047065984900, -0.01871959219484252400, -2.952755905511811100 ) ) ;
#3103 = CARTESIAN_POINT ( 'NONE',  ( -1.047580032597574800, -1.066889654611260100, -0.1749781277340315400 ) ) ;
#3104 = CARTESIAN_POINT ( 'NONE',  ( -0.8253816619105313100, -0.9129958530717085000, -0.02187226596675591000 ) ) ;
#3105 = CARTESIAN_POINT ( 'NONE',  ( 1.108627185260411300, -0.7038788562212291400, -0.1968503937007873800 ) ) ;
#3106 = ORIENTED_EDGE ( 'NONE', *, *, #3756, .T. ) ;
#3107 = CARTESIAN_POINT ( 'NONE',  ( -1.030314616339685500, -0.9279527558223735800, -0.1968503937007874100 ) ) ;
#3108 = CARTESIAN_POINT ( 'NONE',  ( 0.6631499799855356000, -0.3699185312724016000, 0.0000000000000000000 ) ) ;
#3109 = CARTESIAN_POINT ( 'NONE',  ( -0.1156637036326063400, 0.06262578429423626400, 0.7726771653543307300 ) ) ;
#3110 = CARTESIAN_POINT ( 'NONE',  ( 0.7360189197542153000, -0.1825359026144757500, 0.06299212598425216200 ) ) ;
#3111 = CARTESIAN_POINT ( 'NONE',  ( -1.110038567578169400, 0.6887898905127244300, -0.1968503937007874100 ) ) ;
#3112 = EDGE_CURVE ( 'NONE', #3395, #3758, #394, .T. ) ;
#3113 =( CONVERSION_BASED_UNIT ( 'INCH', #4829 ) LENGTH_UNIT ( ) NAMED_UNIT ( #1349 ) );
#3114 = CARTESIAN_POINT ( 'NONE',  ( -0.7420151437815316600, -0.9960388349955512400, -0.1968503937007874100 ) ) ;
#3115 = CARTESIAN_POINT ( 'NONE',  ( -0.9788576969563110900, 1.105682788051606500, -0.06561679790026378500 ) ) ;
#3116 = ORIENTED_EDGE ( 'NONE', *, *, #2791, .T. ) ;
#3117 = CARTESIAN_POINT ( 'NONE',  ( -0.7038788562212288100, -1.108627185260411300, -0.1968503937007873300 ) ) ;
#3118 = ORIENTED_EDGE ( 'NONE', *, *, #5046, .F. ) ;
#3119 = CARTESIAN_POINT ( 'NONE',  ( -0.9876700203231734100, -1.014900208985476400, 0.0000000000000000000 ) ) ;
#3120 = CARTESIAN_POINT ( 'NONE',  ( -0.1863811055754370500, 1.134251968503936900, -2.760913563132799000 ) ) ;
#3121 = CARTESIAN_POINT ( 'NONE',  ( -0.9530213658428109400, 1.028348482669716500, -0.1749781277340354800 ) ) ;
#3122 = FACE_OUTER_BOUND ( 'NONE', #7716, .T. ) ;
#3123 = CARTESIAN_POINT ( 'NONE',  ( -0.07758705778497429500, -0.07119558395524137900, 0.7873291060984162200 ) ) ;
#3124 = EDGE_LOOP ( 'NONE', ( #3618, #6678, #6417, #3799 ) ) ;
#3125 = CARTESIAN_POINT ( 'NONE',  ( 0.7053811463581142200, -1.108204637752976400, -0.1968503937007874100 ) ) ;
#3126 = ORIENTED_EDGE ( 'NONE', *, *, #7251, .T. ) ;
#3127 = CARTESIAN_POINT ( 'NONE',  ( -0.1249919725862551100, -0.01954230104899013300, 0.7677165354330708300 ) ) ;
#3128 = CARTESIAN_POINT ( 'NONE',  ( 0.03793485271320473600, 1.110236220472441000, -2.833891715706975800 ) ) ;
#3129 = CARTESIAN_POINT ( 'NONE',  ( 0.8255996794046417400, -0.9265857566923937400, -0.1749781277340315400 ) ) ;
#3130 = CARTESIAN_POINT ( 'NONE',  ( -0.7639149224034330600, -1.057272500430996200, -0.1968503937007874100 ) ) ;
#3131 = CARTESIAN_POINT ( 'NONE',  ( 0.7499998966439960200, -0.0003937435670787403000, 0.04199475065616930400 ) ) ;
#3132 = CARTESIAN_POINT ( 'NONE',  ( -0.5373840014121735700, 0.5370372980905276900, 0.06299212598425198200 ) ) ;
#3133 = CARTESIAN_POINT ( 'NONE',  ( -0.9282311026850591500, -1.110233970439102400, -0.1968503937007874100 ) ) ;
#3134 = CARTESIAN_POINT ( 'NONE',  ( -0.8330323139402675500, -0.8770121648875594000, 0.0000000000000000000 ) ) ;
#3135 = CARTESIAN_POINT ( 'NONE',  ( 0.0000000000000000000, 1.110236220472441000, -2.681102362212613300 ) ) ;
#3136 = CARTESIAN_POINT ( 'NONE',  ( 0.9788576969563070900, 1.105682788051606500, -0.1749781277340315400 ) ) ;
#3137 = CARTESIAN_POINT ( 'NONE',  ( -0.1249997708871772600, -9.142683090267090500E-011, -2.992125984251969000 ) ) ;
#3138 = CARTESIAN_POINT ( 'NONE',  ( 0.1249998417022941800, 3.163043386909183400E-011, 0.7677165058669639400 ) ) ;
#3139 = VECTOR ( 'NONE', #7528, 39.37007874015748100 ) ;
#3140 = CARTESIAN_POINT ( 'NONE',  ( 1.057192564065737600, -1.057192564065747100, -0.1968503937007875200 ) ) ;
#3141 = CARTESIAN_POINT ( 'NONE',  ( -1.109374590528771500, 0.7016296763940590400, -2.681539807524059500 ) ) ;
#3142 = CARTESIAN_POINT ( 'NONE',  ( -0.7636744025022759200, -1.057499546894259400, -2.992125984251968500 ) ) ;
#3143 = CARTESIAN_POINT ( 'NONE',  ( 1.057805835868256100, 0.7637992319626182300, -2.992125984251968500 ) ) ;
#3144 = CARTESIAN_POINT ( 'NONE',  ( -0.7311036405941849800, -0.9272433185909526600, -2.992125984251968500 ) ) ;
#3145 = CARTESIAN_POINT ( 'NONE',  ( 1.038329624928467900, 0.7636032586122535300, -0.1968503937007874400 ) ) ;
#3146 = CARTESIAN_POINT ( 'NONE',  ( 0.1446818157067244500, 0.0009658267581614175800, 0.06299212598425198200 ) ) ;
#3147 = CARTESIAN_POINT ( 'NONE',  ( -1.030523849900492500, -0.9429096587393148700, 0.0000000000000000000 ) ) ;
#3148 = CARTESIAN_POINT ( 'NONE',  ( 0.8682354914878504000, -1.014900208985476400, -0.1968503937007874100 ) ) ;
#3149 = CARTESIAN_POINT ( 'NONE',  ( -0.7365395562689409600, -1.089170987911137500, -2.992125984251968500 ) ) ;
#3150 = EDGE_CURVE ( 'NONE', #2330, #386, #3586, .T. ) ;
#3151 = FACE_OUTER_BOUND ( 'NONE', #2382, .T. ) ;
#3152 = CARTESIAN_POINT ( 'NONE',  ( 0.03947168471760675200, -0.1186324995439332600, -2.952755905511809800 ) ) ;
#3153 = CARTESIAN_POINT ( 'NONE',  ( 0.0000000000000000000, 1.112904636920386100, -2.879801502772728400 ) ) ;
#3154 = CARTESIAN_POINT ( 'NONE',  ( 0.7310639536100825800, 0.9382553524242599500, -2.992125984251968500 ) ) ;
#3155 = CARTESIAN_POINT ( 'NONE',  ( 0.7441482841840275600, -1.083913278540059400, -2.681539807524059500 ) ) ;
#3156 = CARTESIAN_POINT ( 'NONE',  ( 0.1158708332681299600, -0.06227671779484252700, 0.7677165354330708300 ) ) ;
#3157 = CARTESIAN_POINT ( 'NONE',  ( -0.7627446526210077700, -1.060986002430181200, -2.060367454068240600 ) ) ;
#3158 = CARTESIAN_POINT ( 'NONE',  ( 0.1451671680399867500, 1.153937007874015400, -2.779596338649472200 ) ) ;
#3159 = CARTESIAN_POINT ( 'NONE',  ( 0.1968492172772979600, 1.137382512314491800, -2.681102362204700100 ) ) ;
#3160 = LINE ( 'NONE', #1807, #6082 ) ;
#3161 = CARTESIAN_POINT ( 'NONE',  ( -0.8253816619105313100, -0.9129958530717085000, -0.1312335958005236600 ) ) ;
#3162 = EDGE_CURVE ( 'NONE', #7018, #5541, #867, .T. ) ;
#3163 = CARTESIAN_POINT ( 'NONE',  ( -0.7475810392626737200, 1.081538896983668800, -1.128608923884515600 ) ) ;
#3164 = CARTESIAN_POINT ( 'NONE',  ( -0.07270040754172836500, -0.1062935698246890300, -2.992125984251968500 ) ) ;
#3165 = CARTESIAN_POINT ( 'NONE',  ( -0.0000000000000000000, 0.1261928294275669600, 0.7677165354330708300 ) ) ;
#3166 = ORIENTED_EDGE ( 'NONE', *, *, #1493, .F. ) ;
#3167 = CARTESIAN_POINT ( 'NONE',  ( -1.110261735596846700, 0.6910086409841851300, -2.681539807524059500 ) ) ;
#3168 = CARTESIAN_POINT ( 'NONE',  ( -0.7642728007677205300, -1.053941206384275700, -0.1968503937007874100 ) ) ;
#3169 = CARTESIAN_POINT ( 'NONE',  ( 0.9279527559055117400, -0.8246073122010001400, 0.0000000000000000000 ) ) ;
#3170 = CARTESIAN_POINT ( 'NONE',  ( -0.9457032319186169400, -1.110234704581635900, -0.1968503937007875800 ) ) ;
#3171 = CARTESIAN_POINT ( 'NONE',  ( -0.7528510366733464100, -1.018785567477366500, -0.5074365704286969400 ) ) ;
#3172 = CARTESIAN_POINT ( 'NONE',  ( 1.048472305788082300, 0.7649861758560708700, -0.1968503937007874400 ) ) ;
#3173 = ADVANCED_FACE ( 'NONE', ( #1054 ), #4255, .T. ) ;
#3174 = CARTESIAN_POINT ( 'NONE',  ( 0.1448347163264528100, -0.02193883921625590700, 0.06299212598425198200 ) ) ;
#3175 = CARTESIAN_POINT ( 'NONE',  ( -0.1968215087142204900, 1.134251968503936900, -2.677730240081747800 ) ) ;
#3176 = CARTESIAN_POINT ( 'NONE',  ( -0.7253838148664375500, -1.096632244641333500, -2.992125984251968500 ) ) ;
#3177 = ORIENTED_EDGE ( 'NONE', *, *, #5571, .F. ) ;
#3178 = CARTESIAN_POINT ( 'NONE',  ( -0.6910086409841851300, -1.110261735596846700, -0.1968503937007874100 ) ) ;
#3179 = CARTESIAN_POINT ( 'NONE',  ( 0.1853889004854055700, 1.110236220472441000, -2.763028651652787500 ) ) ;
#3180 = CARTESIAN_POINT ( 'NONE',  ( 0.7594092295902990000, 1.029654069748488200, -2.681539807524059500 ) ) ;
#3181 = CARTESIAN_POINT ( 'NONE',  ( -0.04351691239796481200, 1.153936934959981700, -2.507326946995894100 ) ) ;
#3182 = ORIENTED_EDGE ( 'NONE', *, *, #3573, .F. ) ;
#3183 = CARTESIAN_POINT ( 'NONE',  ( 0.07288644621846457300, -0.1061959499058622000, 0.7677165354330708300 ) ) ;
#3184 = CARTESIAN_POINT ( 'NONE',  ( -0.7651677351667045500, -1.049803909796291500, -2.060367454068240600 ) ) ;
#3185 = CARTESIAN_POINT ( 'NONE',  ( 0.6631499799855394800, 0.3699185312724016000, 0.04199475065616930400 ) ) ;
#3186 = CARTESIAN_POINT ( 'NONE',  ( -1.022481225804927200, 0.9792942676666991400, -0.1968503937007874100 ) ) ;
#3187 = CARTESIAN_POINT ( 'NONE',  ( -1.079822295072443600, 0.7500603502138080100, -2.992125984251969000 ) ) ;
#3188 = VERTEX_POINT ( 'NONE', #7009 ) ;
#3189 = CARTESIAN_POINT ( 'NONE',  ( 0.7137832230396653500, 1.104136452828496300, -0.1968503937007874100 ) ) ;
#3190 = CARTESIAN_POINT ( 'NONE',  ( -0.7475806083234705100, -1.081538273903763300, -0.1968503937007873800 ) ) ;
#3191 = CARTESIAN_POINT ( 'NONE',  ( 0.7589879883973900100, -1.028952656870870200, -0.5074365704286969400 ) ) ;
#3192 = CARTESIAN_POINT ( 'NONE',  ( -0.03051586097098820200, 0.1226143411448661600, 0.2716535433070866900 ) ) ;
#3193 = CARTESIAN_POINT ( 'NONE',  ( 0.8255996794046417400, -0.9293197551186300800, -0.1312335958005236600 ) ) ;
#3194 = CARTESIAN_POINT ( 'NONE',  ( 0.7328930827737104600, -0.9612049079576294700, -0.1968503937007874100 ) ) ;
#3195 = CARTESIAN_POINT ( 'NONE',  ( 1.076064190174775600, 0.7549431811966416100, -2.681539807524059500 ) ) ;
#3196 = CARTESIAN_POINT ( 'NONE',  ( -0.7310639536100825800, -0.9382553524242599500, -2.992125984251968500 ) ) ;
#3197 = CARTESIAN_POINT ( 'NONE',  ( 0.1412742653159843000, 1.134251968503936900, -2.540380452650441400 ) ) ;
#3198 = ORIENTED_EDGE ( 'NONE', *, *, #7861, .F. ) ;
#3199 = CARTESIAN_POINT ( 'NONE',  ( -0.03526368610020472900, -0.1419330633355000400, 0.04986876640420077900 ) ) ;
#3200 = CARTESIAN_POINT ( 'NONE',  ( 1.096632244637964800, 0.7253838148714761800, -2.992125984251968500 ) ) ;
#3201 = CARTESIAN_POINT ( 'NONE',  ( 0.7420151437815316600, -0.9960388349955512400, -2.681539807524059500 ) ) ;
#3202 = CARTESIAN_POINT ( 'NONE',  ( -0.7038788562212288100, -1.108627185260411300, -0.1968503937007873300 ) ) ;
#3203 = ORIENTED_EDGE ( 'NONE', *, *, #4246, .T. ) ;
#3204 = CARTESIAN_POINT ( 'NONE',  ( -0.7053811463581102200, -1.108204637752976400, -2.681539807524059500 ) ) ;
#3205 = EDGE_CURVE ( 'NONE', #1521, #7351, #4236, .T. ) ;
#3206 = CARTESIAN_POINT ( 'NONE',  ( 1.057272500430996200, 0.7639149224034370600, -0.1968503937007874100 ) ) ;
#3207 = CARTESIAN_POINT ( 'NONE',  ( 0.7310639536100825800, 0.9382553524242599500, -2.060367454068240600 ) ) ;
#3208 = CARTESIAN_POINT ( 'NONE',  ( -1.110236220472441000, -0.9291338582677165500, 0.0000000000000000000 ) ) ;
#3209 = CARTESIAN_POINT ( 'NONE',  ( -0.07292470682015406200, -0.1062516958113246500, 0.7676509186351706500 ) ) ;
#3210 = CARTESIAN_POINT ( 'NONE',  ( 1.108626020972166800, -0.7038785125588510300, -2.992125984251969400 ) ) ;
#3211 = CARTESIAN_POINT ( 'NONE',  ( 0.1754255566641441700, 1.153937007874015700, -2.691830386576986400 ) ) ;
#3212 = CARTESIAN_POINT ( 'NONE',  ( -0.06209461458753848900, 0.09153543307086616000, 0.7824498259184412600 ) ) ;
#3213 = CARTESIAN_POINT ( 'NONE',  ( 0.07270040754172836500, -0.1062935698246890300, 0.5196850393700788200 ) ) ;
#3214 = EDGE_LOOP ( 'NONE', ( #2939, #7101, #533, #929 ) ) ;
#3215 = CARTESIAN_POINT ( 'NONE',  ( 0.7366106222217992900, 1.089068901887645600, -2.060367454068240600 ) ) ;
#3216 = CARTESIAN_POINT ( 'NONE',  ( 0.1468462652438053100, 1.134251968503936900, -2.617114515482258600 ) ) ;
#3217 = PLANE ( 'NONE',  #2822 ) ;
#3218 = CARTESIAN_POINT ( 'NONE',  ( 0.1448347163264528100, 0.02193883921625590700, 0.05861767279090159700 ) ) ;
#3219 = ORIENTED_EDGE ( 'NONE', *, *, #5109, .F. ) ;
#3220 = CARTESIAN_POINT ( 'NONE',  ( 0.03051586097098820200, 0.1226143411448661600, 0.2716535433070866900 ) ) ;
#3221 = VERTEX_POINT ( 'NONE', #1913 ) ;
#3222 = CARTESIAN_POINT ( 'NONE',  ( 0.06136962250391173700, -0.08941587490262469000, 0.7874678477690290100 ) ) ;
#3223 = CARTESIAN_POINT ( 'NONE',  ( 0.8253816619105313100, -0.9129958530717085000, -0.1312335958005236600 ) ) ;
#3224 = CARTESIAN_POINT ( 'NONE',  ( -1.107445675074389500, 0.7072881488253229800, -2.060367454068244600 ) ) ;
#3225 = EDGE_CURVE ( 'NONE', #4533, #3303, #4886, .T. ) ;
#3226 = CARTESIAN_POINT ( 'NONE',  ( -0.7642728007677205300, -1.053941206384275700, -2.060367454068240600 ) ) ;
#3227 = DIRECTION ( 'NONE',  ( 0.0000000000000000000, 0.0000000000000000000, 1.000000000000000000 ) ) ;
#3228 = CARTESIAN_POINT ( 'NONE',  ( -0.7311036405941849800, -0.9272433185909526600, -2.681539807524059500 ) ) ;
#3229 = CARTESIAN_POINT ( 'NONE',  ( 1.031542260286327100, 0.7605331936007384600, -0.1968503937007874400 ) ) ;
#3230 = CARTESIAN_POINT ( 'NONE',  ( -0.1446818157067244500, 0.0009658267581614175800, 0.05861767279090159700 ) ) ;
#3231 = CARTESIAN_POINT ( 'NONE',  ( 1.083913278540055400, -0.7441482841840275600, -2.992125984251968500 ) ) ;
#3232 = ORIENTED_EDGE ( 'NONE', *, *, #4974, .F. ) ;
#3233 = CARTESIAN_POINT ( 'NONE',  ( -1.085992159574440000, -1.023622736685186000, -0.1968503937007876100 ) ) ;
#3234 = CARTESIAN_POINT ( 'NONE',  ( -0.7073156777214422200, -1.107518755190024500, -0.1968503937007874400 ) ) ;
#3235 = UNCERTAINTY_MEASURE_WITH_UNIT (LENGTH_MEASURE( 1.000000000000000100E-005 ), #8154, 'distance_accuracy_value', 'NONE');
#3236 = CARTESIAN_POINT ( 'NONE',  ( -0.1185976725815514100, -0.03958683167185000900, -2.952755905511811100 ) ) ;
#3237 = CARTESIAN_POINT ( 'NONE',  ( 0.07270040754172836500, -0.1062935698246890300, 0.7677165354330708300 ) ) ;
#3238 = CARTESIAN_POINT ( 'NONE',  ( 0.7594092295902990000, 1.029654069748488200, -0.5074365704286969400 ) ) ;
#3239 = VECTOR ( 'NONE', #8198, 39.37007874015748100 ) ;
#3240 = ADVANCED_FACE ( 'NONE', ( #2959 ), #4229, .T. ) ;
#3241 = CARTESIAN_POINT ( 'NONE',  ( 0.1251868892878802200, 0.001579271644449370500, 0.7675196850393700700 ) ) ;
#3242 = CARTESIAN_POINT ( 'NONE',  ( -0.7566742686776338800, -1.025508191967476900, -2.992125984251968500 ) ) ;
#3243 = CARTESIAN_POINT ( 'NONE',  ( -0.2142136135413897600, 0.7237849185444172900, 0.05599300087488978000 ) ) ;
#3244 = AXIS2_PLACEMENT_3D ( 'NONE', #2080, #6610, #124 ) ;
#3245 = CARTESIAN_POINT ( 'NONE',  ( -0.03051586097098820200, -0.1226143411448661600, 0.2716535433070866900 ) ) ;
#3246 = VECTOR ( 'NONE', #1232, 39.37007874015748100 ) ;
#3247 = CARTESIAN_POINT ( 'NONE',  ( 0.7441482841840275600, 1.083913278540055400, -2.681539807524059500 ) ) ;
#3248 = CARTESIAN_POINT ( 'NONE',  ( -0.08502337039347912500, 0.09142667267700842200, 0.3293963254593181800 ) ) ;
#3249 = CARTESIAN_POINT ( 'NONE',  ( 0.0000000000000000000, 0.1460610273873661500, 0.06299212598425198200 ) ) ;
#3250 = CARTESIAN_POINT ( 'NONE',  ( 0.1249949962596299800, -0.001118440903629921800, 0.1062992125984252000 ) ) ;
#3251 = CARTESIAN_POINT ( 'NONE',  ( -0.06136962250391173700, -0.08941587490262469000, 0.7874678477690290100 ) ) ;
#3252 = CARTESIAN_POINT ( 'NONE',  ( 1.030305832406381800, -0.9293197551186300800, -0.06561679790026378500 ) ) ;
#3253 = CARTESIAN_POINT ( 'NONE',  ( 0.7311036405941849800, -0.9286621932200708200, -0.1968503937007874100 ) ) ;
#3254 = CARTESIAN_POINT ( 'NONE',  ( -0.7141138414599831300, -1.103922707985719000, -0.1968503937007874400 ) ) ;
#3255 = CARTESIAN_POINT ( 'NONE',  ( -1.103922707984717800, 0.7141138414615314500, -0.1968503937007874400 ) ) ;
#3256 = CARTESIAN_POINT ( 'NONE',  ( -0.7173146837074369000, 1.101616661993956900, -1.128608923884515600 ) ) ;
#3257 = CARTESIAN_POINT ( 'NONE',  ( -0.9028841459682126500, -1.028348482669716500, -0.1968503937007874100 ) ) ;
#3258 = FACE_OUTER_BOUND ( 'NONE', #1202, .T. ) ;
#3259 = CARTESIAN_POINT ( 'NONE',  ( -1.057192564065751800, 1.057192564065732900, 0.0000000000000000000 ) ) ;
#3260 = CARTESIAN_POINT ( 'NONE',  ( 0.7594092295902990000, -1.029654069748492400, -2.060367454068244600 ) ) ;
#3261 = CARTESIAN_POINT ( 'NONE',  ( -0.09746816833348823100, 1.134251968503936900, -2.854991320674237000 ) ) ;
#3262 = EDGE_CURVE ( 'NONE', #3699, #5729, #2766, .T. ) ;
#3263 = CARTESIAN_POINT ( 'NONE',  ( 0.04499801208583244200, -0.1166244455446379700, -2.952755905511811100 ) ) ;
#3264 = EDGE_LOOP ( 'NONE', ( #8052, #6789, #1214, #5921 ) ) ;
#3265 = CARTESIAN_POINT ( 'NONE',  ( 1.060986002430181200, 0.7627446526210116500, -2.681539807524059500 ) ) ;
#3266 = CARTESIAN_POINT ( 'NONE',  ( 1.030314616339685500, 0.9279527559332242400, -0.1968503937007874100 ) ) ;
#3267 = CARTESIAN_POINT ( 'NONE',  ( 1.110261735596846700, 0.6910086409841889000, -0.5074365704286969400 ) ) ;
#3268 = CARTESIAN_POINT ( 'NONE',  ( 0.3702728364785316000, 0.6629341840565985400, 0.04199475065616930400 ) ) ;
#3269 = CARTESIAN_POINT ( 'NONE',  ( 0.0000000000000000000, -0.1061916327398974800, 0.7875341207349083600 ) ) ;
#3270 = CARTESIAN_POINT ( 'NONE',  ( 0.03051586097098820200, -0.1226143411448661600, 0.1062992125984252000 ) ) ;
#3271 = CARTESIAN_POINT ( 'NONE',  ( -0.9634718618594920700, -0.7306366061711417900, -0.5074365704286969400 ) ) ;
#3272 = CLOSED_SHELL ( 'NONE', ( #2156, #388, #6568, #4313, #6606, #7286, #3280, #2706, #1759, #7198, #4908, #472, #1922, #6134, #2936, #4039, #5503, #2435, #693, #4870, #4678, #6440, #2076, #8205, #6797, #7111, #2624, #7835, #2352, #3950, #5899, #192, #1005, #816, #7439, #3991, #3675, #3052, #7792, #2747, #5983, #735, #776, #5224, #862, #5547, #3634, #8086, #4640, #72, #5939, #5267, #5310, #1389, #6483, #6884, #1045, #148, #5857, #6758, #4555, #2786, #3905, #427, #3016, #3240, #7000, #4274, #2311, #2667, #2392, #1125, #4228, #4721, #3554, #509, #2976, #7483, #8164, #7921, #7158, #1437, #4189, #6520, #6839, #3402, #625, #6209, #7520, #3597, #3322, #5350, #110, #1087, #8121, #1710, #1516, #1474, #4952, #5581, #232, #5812, #6252, #1673 ) ) ;
#3273 = DIRECTION ( 'NONE',  ( -0.0000000000000000000, -1.000000000000000000, -0.0000000000000000000 ) ) ;
#3274 = EDGE_CURVE ( 'NONE', #6819, #2337, #1024, .T. ) ;
#3275 = CARTESIAN_POINT ( 'NONE',  ( -0.7639149224034370600, 1.057272500430996200, -2.681539807524059500 ) ) ;
#3276 = CARTESIAN_POINT ( 'NONE',  ( -1.109486903909763700, 0.7003745554811694500, -0.1968503937007874100 ) ) ;
#3277 = CARTESIAN_POINT ( 'NONE',  ( -0.06268361910126776800, -0.09133037511588978900, 0.7852143482064725100 ) ) ;
#3278 = CARTESIAN_POINT ( 'NONE',  ( 0.9279527559055117400, -0.8246073122010001400, -0.1312335958005236600 ) ) ;
#3279 = CARTESIAN_POINT ( 'NONE',  ( 1.008932729790676900, -0.7469057087232008300, -0.1968503937007874100 ) ) ;
#3280 = ADVANCED_FACE ( 'NONE', ( #1457 ), #4054, .T. ) ;
#3281 = VERTEX_POINT ( 'NONE', #7123 ) ;
#3282 = CARTESIAN_POINT ( 'NONE',  ( 0.7526187090744602700, -1.018296648772855500, -0.1968503937007874100 ) ) ;
#3283 = CARTESIAN_POINT ( 'NONE',  ( 0.1249998417022941800, 3.163043386909183400E-011, 0.7677165058669639400 ) ) ;
#3284 = CARTESIAN_POINT ( 'NONE',  ( -0.7023879734236379000, 1.109088367905878100, -2.681539807524059500 ) ) ;
#3285 = CARTESIAN_POINT ( 'NONE',  ( -1.030306909732231300, -0.9439099248634021900, -0.1968503937007874100 ) ) ;
#3286 = CARTESIAN_POINT ( 'NONE',  ( 1.089068901887649600, -0.7366106222218031800, -0.5074365704286969400 ) ) ;
#3287 = CARTESIAN_POINT ( 'NONE',  ( 0.7420151437815316600, -0.9960388349955512400, -0.1968503937007874100 ) ) ;
#3288 = CARTESIAN_POINT ( 'NONE',  ( 0.7378068781184722300, -0.8626282286608838400, -2.992125984251965400 ) ) ;
#3289 = CARTESIAN_POINT ( 'NONE',  ( 0.9788576969563070900, 1.105682788051606500, -0.1968503937007874100 ) ) ;
#3290 = VERTEX_POINT ( 'NONE', #885 ) ;
#3291 = CARTESIAN_POINT ( 'NONE',  ( 1.109486903909763700, -0.7003745554811694500, -2.992125984251968500 ) ) ;
#3292 = CARTESIAN_POINT ( 'NONE',  ( -1.089068901887649600, 0.7366106222217992900, -0.5074365704286969400 ) ) ;
#3293 = CARTESIAN_POINT ( 'NONE',  ( 0.8682354914878504000, 0.8410053028255510800, -0.1968503937007874100 ) ) ;
#3294 = CARTESIAN_POINT ( 'NONE',  ( -1.056646062823173100, -1.057736748147917400, -0.06561679790026378500 ) ) ;
#3295 = CARTESIAN_POINT ( 'NONE',  ( 1.108204637752976400, 0.7053811463581142200, -0.5074365704286969400 ) ) ;
#3296 = CARTESIAN_POINT ( 'NONE',  ( -0.7500308502709094300, 0.05856650093301969700, 0.006999125109362205200 ) ) ;
#3297 = CARTESIAN_POINT ( 'NONE',  ( 1.110236281231658400, -0.6927299607301727900, -2.992125984251969000 ) ) ;
#3298 = ORIENTED_EDGE ( 'NONE', *, *, #2257, .T. ) ;
#3299 = CARTESIAN_POINT ( 'NONE',  ( -0.07784670121729529700, 1.134251968503936900, -2.818315771843090500 ) ) ;
#3300 = CARTESIAN_POINT ( 'NONE',  ( -0.8324966087895316900, -0.7505357138161811200, -0.1968503937007874100 ) ) ;
#3301 = DIRECTION ( 'NONE',  ( -0.0000000000000000000, -0.0000000000000000000, -1.000000000000000000 ) ) ;
#3302 = CARTESIAN_POINT ( 'NONE',  ( 0.1156637036326063400, 0.06262578429423626400, -3.020559930008748200 ) ) ;
#3303 = VERTEX_POINT ( 'NONE', #934 ) ;
#3304 = CARTESIAN_POINT ( 'NONE',  ( -0.08502337039347911100, 0.09142667267700840800, 0.5196850393700794800 ) ) ;
#3305 = CARTESIAN_POINT ( 'NONE',  ( -1.109486903909763700, 0.7003745554811694500, -0.5074365704286969400 ) ) ;
#3306 = CARTESIAN_POINT ( 'NONE',  ( 0.06906038604951578200, -0.1006213593596220600, 0.7742782152230984800 ) ) ;
#3307 = CARTESIAN_POINT ( 'NONE',  ( 0.8682354914878504000, -0.8410053028255472000, -0.02187226596675591000 ) ) ;
#3308 = CARTESIAN_POINT ( 'NONE',  ( 0.9634718618594959600, 0.7306366061711417900, -2.992125984251968500 ) ) ;
#3309 = CARTESIAN_POINT ( 'NONE',  ( 0.1156637036326063400, 0.06262578429423626400, 0.02362204724409449500 ) ) ;
#3310 = CARTESIAN_POINT ( 'NONE',  ( -0.7479053414235590200, 1.081314661062035700, -2.992125984251968500 ) ) ;
#3311 = CARTESIAN_POINT ( 'NONE',  ( -0.7061733014393583000, 1.108033091542948800, -2.681539807524059500 ) ) ;
#3312 = DIRECTION ( 'NONE',  ( 1.000000000000000000, 0.0000000000000000000, 0.0000000000000000000 ) ) ;
#3313 = VERTEX_POINT ( 'NONE', #3414 ) ;
#3314 = CARTESIAN_POINT ( 'NONE',  ( 0.1337290113004449000, -0.07273870726820080800, -2.957130358705161400 ) ) ;
#3315 = CARTESIAN_POINT ( 'NONE',  ( -1.110234704581636100, -0.9457032319186169400, -0.1968503937007876100 ) ) ;
#3316 = CARTESIAN_POINT ( 'NONE',  ( -1.085874585383008100, 1.023890032031122200, 0.0000000000000000000 ) ) ;
#3317 = FACE_OUTER_BOUND ( 'NONE', #4387, .T. ) ;
#3318 = CARTESIAN_POINT ( 'NONE',  ( -0.1228128002823024300, -4.985791328071654700E-013, 0.7699037620297480800 ) ) ;
#3319 = ORIENTED_EDGE ( 'NONE', *, *, #358, .F. ) ;
#3320 = ORIENTED_EDGE ( 'NONE', *, *, #6335, .F. ) ;
#3321 = CARTESIAN_POINT ( 'NONE',  ( -1.096676596295535400, 0.7252355460546456900, -0.5074365704286969400 ) ) ;
#3322 = ADVANCED_FACE ( 'NONE', ( #8093 ), #1417, .T. ) ;
#3323 = CARTESIAN_POINT ( 'NONE',  ( -0.1446848777822595500, -1.060917056687613100E-011, 0.02362204724409448100 ) ) ;
#3324 = CARTESIAN_POINT ( 'NONE',  ( -0.7310279753857676900, 0.9076672032026179600, -2.681539807524059500 ) ) ;
#3325 = CARTESIAN_POINT ( 'NONE',  ( -0.6631499799855394800, 0.3699185312724016000, 0.02099737532808268500 ) ) ;
#3326 = EDGE_CURVE ( 'NONE', #7365, #1622, #5654, .T. ) ;
#3327 = CARTESIAN_POINT ( 'NONE',  ( -0.0000000000000000000, 1.137382512314492300, -2.838340559915870200 ) ) ;
#3328 = CARTESIAN_POINT ( 'NONE',  ( 0.9028841459682126500, -1.028348482669716500, 0.0000000000000000000 ) ) ;
#3329 = ORIENTED_EDGE ( 'NONE', *, *, #4067, .F. ) ;
#3330 = ORIENTED_EDGE ( 'NONE', *, *, #4135, .T. ) ;
#3331 = CARTESIAN_POINT ( 'NONE',  ( 0.7252355460546456900, 1.096676596295535400, -2.992125984251968500 ) ) ;
#3332 = CARTESIAN_POINT ( 'NONE',  ( -0.07270040754172836500, 0.1062935698246890300, -3.020559930008748200 ) ) ;
#3333 = CARTESIAN_POINT ( 'NONE',  ( -0.1249997708871772600, -9.142683090267090500E-011, -3.257874015748031900 ) ) ;
#3334 = CARTESIAN_POINT ( 'NONE',  ( -1.109088367905878100, 0.7023879734236339000, -0.5074365704286969400 ) ) ;
#3335 = EDGE_LOOP ( 'NONE', ( #5313, #7939, #4510, #1582 ) ) ;
#3336 = CARTESIAN_POINT ( 'NONE',  ( -0.1077097311046929500, -0.01577368397280709200, 0.7852143482064725100 ) ) ;
#3337 = CARTESIAN_POINT ( 'NONE',  ( -0.03526368610020472900, 0.1419330633355000400, -2.992125984251968500 ) ) ;
#3338 = CARTESIAN_POINT ( 'NONE',  ( 0.7376712701478820300, 0.8628714702481337100, -2.681539807524059500 ) ) ;
#3339 = CARTESIAN_POINT ( 'NONE',  ( 0.7023879734236339000, 1.109088367905878100, -2.681539807524059500 ) ) ;
#3340 = CARTESIAN_POINT ( 'NONE',  ( -0.7649861758560667600, -1.048472305788080300, -2.992125984251968100 ) ) ;
#3341 = CARTESIAN_POINT ( 'NONE',  ( -0.7003745554811732200, 1.109486903909763700, -2.992125984251968500 ) ) ;
#3342 = CARTESIAN_POINT ( 'NONE',  ( -0.09746816833348823100, 1.110236220472443900, -2.854991320674237000 ) ) ;
#3343 = CARTESIAN_POINT ( 'NONE',  ( 0.1446818157067244500, 0.0009658267581614175800, -2.979002624671917700 ) ) ;
#3344 = EDGE_CURVE ( 'NONE', #2535, #230, #1663, .T. ) ;
#3345 = CARTESIAN_POINT ( 'NONE',  ( 1.105682788051606500, -0.9788576969563070900, -0.1968503937007874100 ) ) ;
#3346 = CARTESIAN_POINT ( 'NONE',  ( -1.066889654611260100, 1.047580032597574800, -0.02187226596675591000 ) ) ;
#3347 = CARTESIAN_POINT ( 'NONE',  ( -1.028953034820995600, -0.7589873557274847700, -0.1968503937007874100 ) ) ;
#3348 = VECTOR ( 'NONE', #6157, 39.37007874015748100 ) ;
#3349 = CARTESIAN_POINT ( 'NONE',  ( 1.047580032597574800, 1.066889654611260100, -0.1312335958005236600 ) ) ;
#3350 = CARTESIAN_POINT ( 'NONE',  ( 0.1249998854435633400, -1.523780521053919900E-011, -2.952755905511809800 ) ) ;
#3351 = CARTESIAN_POINT ( 'NONE',  ( -1.056646062823173100, -1.057736748147917400, 0.0000000000000000000 ) ) ;
#3352 = CARTESIAN_POINT ( 'NONE',  ( 1.110038567578173200, 0.6887898905127283200, -0.5074365704286969400 ) ) ;
#3353 = CARTESIAN_POINT ( 'NONE',  ( -0.7360730235907874100, 0.1823967744873268300, 0.02099737532808268500 ) ) ;
#3354 = CARTESIAN_POINT ( 'NONE',  ( -1.110236189791669900, -0.9291338582640751300, -4.268512490100411300E-018 ) ) ;
#3355 = B_SPLINE_CURVE_WITH_KNOTS ( 'NONE', 3,
 ( #517, #3711, #1704, #3072 ),
 .UNSPECIFIED., .F., .F.,
 ( 4, 4 ),
 ( 0.0000000000000000000, 1.000000000000000000 ),
 .UNSPECIFIED. ) ;
#3356 = CARTESIAN_POINT ( 'NONE',  ( 1.096676596295535400, 0.7252355460546456900, -2.060367454068240600 ) ) ;
#3357 = CARTESIAN_POINT ( 'NONE',  ( 0.8682354914878504000, -1.014900208985472200, -0.1312335958005236600 ) ) ;
#3358 = VECTOR ( 'NONE', #872, 39.37007874015748100 ) ;
#3359 = CARTESIAN_POINT ( 'NONE',  ( 0.7360730235907874100, -0.1823967744873268300, 0.05599300087488978000 ) ) ;
#3360 = CARTESIAN_POINT ( 'NONE',  ( -0.03051586097098820200, 0.1226143411448661600, -2.952755905511811100 ) ) ;
#3361 = CARTESIAN_POINT ( 'NONE',  ( 0.1249998417022941800, 3.163043386909183400E-011, 0.7677165058669639400 ) ) ;
#3362 = LINE ( 'NONE', #5901, #6172 ) ;
#3363 = CARTESIAN_POINT ( 'NONE',  ( 0.9530213658428109400, 0.8275570291413073500, -0.1749781277340315400 ) ) ;
#3364 = CARTESIAN_POINT ( 'NONE',  ( -0.1337290113004449000, 0.07273870726820080800, -2.965879265091863300 ) ) ;
#3365 = CARTESIAN_POINT ( 'NONE',  ( 0.8324966087895275800, -0.7505357138161850000, -0.5074365704286969400 ) ) ;
#3366 = ADVANCED_FACE ( 'NONE', ( #3845 ), #6059, .F. ) ;
#3367 = CARTESIAN_POINT ( 'NONE',  ( -0.7137832230396693500, 1.104136452828496300, -2.681539807524059500 ) ) ;
#3368 = CARTESIAN_POINT ( 'NONE',  ( -0.0000000000000000000, -0.1460610273873661500, -2.987751531058617800 ) ) ;
#3369 = ORIENTED_EDGE ( 'NONE', *, *, #6271, .F. ) ;
#3370 = EDGE_CURVE ( 'NONE', #6980, #2137, #5365, .T. ) ;
#3371 = CARTESIAN_POINT ( 'NONE',  ( -1.056646062823173100, 1.057736748147917400, -0.02187226596675591000 ) ) ;
#3372 = CARTESIAN_POINT ( 'NONE',  ( -0.7173146837074329000, -1.101616661993956900, -0.5074365704286969400 ) ) ;
#3373 = CARTESIAN_POINT ( 'NONE',  ( -0.9530213658428109400, 1.028348482669716500, 0.0000000000000000000 ) ) ;
#3374 = CARTESIAN_POINT ( 'NONE',  ( 1.105448062055279800, -0.7119148290572637800, -0.1968503937007874100 ) ) ;
#3375 = CARTESIAN_POINT ( 'NONE',  ( -1.047157685346673500, -1.067227259123860500, 0.0000000000000000000 ) ) ;
#3376 = ORIENTED_EDGE ( 'NONE', *, *, #5678, .F. ) ;
#3377 = CARTESIAN_POINT ( 'NONE',  ( -1.085874585383008100, -1.023890032031122200, 0.0000000000000000000 ) ) ;
#3378 = CARTESIAN_POINT ( 'NONE',  ( 1.110236200018593000, -0.9291338582658956700, -0.1968503937007874400 ) ) ;
#3379 = CARTESIAN_POINT ( 'NONE',  ( -0.5373840014121733500, 0.5370372980905274700, -0.0000000000000000000 ) ) ;
#3380 = CARTESIAN_POINT ( 'NONE',  ( -1.108626020972166600, -0.7038785125588548100, -2.992125984251968500 ) ) ;
#3381 = B_SPLINE_CURVE_WITH_KNOTS ( 'NONE', 3,
 ( #6107, #954, #1384, #729, #7223, #4014 ),
 .UNSPECIFIED., .F., .F.,
 ( 4, 1, 1, 4 ),
 ( 1.100507896338281600E-010, 6.406102205062565700E-005, 0.0002228452370982256300, 0.0002868508449863898400 ),
 .UNSPECIFIED. ) ;
#3382 = CARTESIAN_POINT ( 'NONE',  ( 0.1126849525755905800, 1.134251968503936900, -2.791588827992374200 ) ) ;
#3383 = CARTESIAN_POINT ( 'NONE',  ( 0.05208171871257025200, 0.09153543305474311200, 0.7874015747845992700 ) ) ;
#3384 = ORIENTED_EDGE ( 'NONE', *, *, #6241, .F. ) ;
#3385 = CARTESIAN_POINT ( 'NONE',  ( -0.0000000000000000000, -0.7517436483800196100, 0.04199475065616930400 ) ) ;
#3386 = EDGE_CURVE ( 'NONE', #588, #6196, #7824, .T. ) ;
#3387 = CARTESIAN_POINT ( 'NONE',  ( -1.057192564065751800, 1.057192564065732900, 0.0000000000000000000 ) ) ;
#3388 = CARTESIAN_POINT ( 'NONE',  ( 0.09132611539714338700, 0.08553758609472568400, 0.7678791135549065700 ) ) ;
#3389 = CARTESIAN_POINT ( 'NONE',  ( -0.1448347163264528100, 0.02193883921625590700, 0.04986876640420077900 ) ) ;
#3390 = CARTESIAN_POINT ( 'NONE',  ( 0.8330323139402675500, 0.8770121648875555100, -0.06561679790026378500 ) ) ;
#3391 = CARTESIAN_POINT ( 'NONE',  ( 0.1337290113004449000, 0.07273870726820080800, -2.979002624671917700 ) ) ;
#3392 = CARTESIAN_POINT ( 'NONE',  ( 0.9006284698872087900, 0.7294072714244842500, -2.060367454068240600 ) ) ;
#3393 = CARTESIAN_POINT ( 'NONE',  ( 0.1249949962596299800, -0.001118440903629921800, 0.02362204724409449500 ) ) ;
#3394 = CARTESIAN_POINT ( 'NONE',  ( -0.7441482841840315600, 1.083913278540055400, -2.681539807524059500 ) ) ;
#3395 = VERTEX_POINT ( 'NONE', #2222 ) ;
#3396 = CARTESIAN_POINT ( 'NONE',  ( 0.1448347163264528100, -0.02193883921625590700, -2.965879265091863300 ) ) ;
#3397 = CARTESIAN_POINT ( 'NONE',  ( -1.085874585383008100, 1.023890032031122200, -0.06561679790026378500 ) ) ;
#3398 = CARTESIAN_POINT ( 'NONE',  ( 0.07784670121729529700, 1.134251968503936900, -2.543888952566362600 ) ) ;
#3399 = ORIENTED_EDGE ( 'NONE', *, *, #2918, .T. ) ;
#3400 = CARTESIAN_POINT ( 'NONE',  ( 1.103009155936019800, -0.7155729551865434000, -2.681539807524059500 ) ) ;
#3401 = CARTESIAN_POINT ( 'NONE',  ( -0.8255986020877195100, 0.9119955869072569100, 0.0000000000000000000 ) ) ;
#3402 = ADVANCED_FACE ( 'NONE', ( #1548 ), #7051, .T. ) ;
#3403 = CARTESIAN_POINT ( 'NONE',  ( 1.110236220472441200, 0.0000000000000000000, -0.1968503937007874700 ) ) ;
#3404 = CARTESIAN_POINT ( 'NONE',  ( -1.057192564065751800, 1.057192564065732900, 0.0000000000000000000 ) ) ;
#3405 = CARTESIAN_POINT ( 'NONE',  ( -1.108626020972166600, -0.7038785125588545900, -0.1968503937007874400 ) ) ;
#3406 = CARTESIAN_POINT ( 'NONE',  ( -0.03864322999806693600, 1.144378037797165300, -2.835415776642602500 ) ) ;
#3407 = CARTESIAN_POINT ( 'NONE',  ( -1.060986002430181200, -0.7627446526210116500, -0.1968503937007874100 ) ) ;
#3408 = ORIENTED_EDGE ( 'NONE', *, *, #5751, .T. ) ;
#3409 = FACE_OUTER_BOUND ( 'NONE', #5333, .T. ) ;
#3410 = CARTESIAN_POINT ( 'NONE',  ( -0.5373840014121733500, -0.5370372980905274700, 0.02099737532808268500 ) ) ;
#3411 = CARTESIAN_POINT ( 'NONE',  ( 0.7155729551865474000, -1.103009155936019800, -0.5074365704286969400 ) ) ;
#3412 = B_SPLINE_CURVE_WITH_KNOTS ( 'NONE', 3,
 ( #4294, #4967, #3723, #5563, #1750, #1132 ),
 .UNSPECIFIED., .F., .F.,
 ( 4, 1, 1, 4 ),
 ( 0.0000000000000000000, 6.400984714163322600E-005, 0.0002228045788692936500, 0.0002868697337853284300 ),
 .UNSPECIFIED. ) ;
#3413 = CARTESIAN_POINT ( 'NONE',  ( 0.7499999991309596000, 3.135580912332413000E-015, 0.06299212598425198200 ) ) ;
#3414 = CARTESIAN_POINT ( 'NONE',  ( -0.7636744025022760300, -1.057499546894259400, -0.1968503937007874100 ) ) ;
#3415 = ORIENTED_EDGE ( 'NONE', *, *, #5277, .T. ) ;
#3416 = ORIENTED_EDGE ( 'NONE', *, *, #7411, .F. ) ;
#3417 = CARTESIAN_POINT ( 'NONE',  ( 0.8255996794046417400, 0.9293197551186300800, -0.02187226596675591000 ) ) ;
#3418 = CARTESIAN_POINT ( 'NONE',  ( 0.08401568594263388000, 0.1231026060500197600, -2.979002624671913700 ) ) ;
#3419 = CARTESIAN_POINT ( 'NONE',  ( 0.1412742653159843000, 1.110236220472441400, -2.540380452650441400 ) ) ;
#3420 = EDGE_CURVE ( 'NONE', #4192, #1604, #2560, .T. ) ;
#3421 = CARTESIAN_POINT ( 'NONE',  ( 0.7038785125588508100, 1.108626020972166800, -2.992125984251969000 ) ) ;
#3422 = FACE_OUTER_BOUND ( 'NONE', #5635, .T. ) ;
#3423 = CARTESIAN_POINT ( 'NONE',  ( -0.7475806083234705100, -1.081538273903763300, -0.1968503937007873800 ) ) ;
#3424 = CARTESIAN_POINT ( 'NONE',  ( 0.1337290113004449000, -0.07273870726820080800, -2.979002624671917700 ) ) ;
#3425 = ORIENTED_EDGE ( 'NONE', *, *, #1493, .T. ) ;
#3426 = VERTEX_POINT ( 'NONE', #3099 ) ;
#3427 = DIRECTION ( 'NONE',  ( 1.000000000000000000, 0.0000000000000000000, 0.0000000000000000000 ) ) ;
#3428 = CARTESIAN_POINT ( 'NONE',  ( 0.1968503101154706300, 1.122244094488188600, -2.681102362185197900 ) ) ;
#3429 = CARTESIAN_POINT ( 'NONE',  ( -0.8255986020966575900, 0.9439099249441812400, 0.0000000000000000000 ) ) ;
#3430 = CARTESIAN_POINT ( 'NONE',  ( 0.9788576969563110900, -1.105682788051602500, -0.06561679790026378500 ) ) ;
#3431 = CARTESIAN_POINT ( 'NONE',  ( 1.107445675074389500, 0.7072881488253229800, -2.060367454068240600 ) ) ;
#3432 = CARTESIAN_POINT ( 'NONE',  ( 0.1772873119973661400, 1.153934119375358300, -2.655816555014709000 ) ) ;
#3433 = CARTESIAN_POINT ( 'NONE',  ( -0.0000000000000000000, 1.110236220472441000, -2.838329202522437400 ) ) ;
#3434 = EDGE_CURVE ( 'NONE', #1124, #4324, #3355, .T. ) ;
#3435 = CARTESIAN_POINT ( 'NONE',  ( -0.04069944472112992800, 1.152548769262433000, -2.843626827187531300 ) ) ;
#3436 = CARTESIAN_POINT ( 'NONE',  ( -1.025508191967476900, -0.7566742686776338800, -0.5074365704286969400 ) ) ;
#3437 = VECTOR ( 'NONE', #2114, 39.37007874015748100 ) ;
#3438 = CARTESIAN_POINT ( 'NONE',  ( -0.7360730235907874100, -0.1823967744873268300, 0.05599300087488978000 ) ) ;
#3439 = CARTESIAN_POINT ( 'NONE',  ( 0.7155729551865474000, -1.103009155936019800, -1.128608923884511800 ) ) ;
#3440 = CARTESIAN_POINT ( 'NONE',  ( 1.109088367905878100, 0.7023879734236379000, -2.681539807524059500 ) ) ;
#3441 = CARTESIAN_POINT ( 'NONE',  ( -1.053941206384275700, 0.7642728007677205300, -0.1968503937007874100 ) ) ;
#3442 = CARTESIAN_POINT ( 'NONE',  ( 0.9028841459682126500, 0.8275570291413073500, -0.1749781277340315400 ) ) ;
#3443 = CARTESIAN_POINT ( 'NONE',  ( -0.08401568594263388000, 0.1231026060500197600, -2.965879265091870800 ) ) ;
#3444 = CARTESIAN_POINT ( 'NONE',  ( 1.029654069748492400, 0.7594092295902990000, -0.1968503937007874100 ) ) ;
#3445 = CARTESIAN_POINT ( 'NONE',  ( 0.08401568594263388000, 0.1231026060500197000, -2.992125984251975200 ) ) ;
#3446 = LINE ( 'NONE', #81, #1748 ) ;
#3447 = CARTESIAN_POINT ( 'NONE',  ( 0.7642728007677205300, 1.053941206384275700, -2.992125984251968500 ) ) ;
#3448 = CARTESIAN_POINT ( 'NONE',  ( 0.06449299175738977500, 0.08699358841282678300, 0.7852143482064725100 ) ) ;
#3449 = CARTESIAN_POINT ( 'NONE',  ( -0.04788271554519685900, 1.131583552055992000, -2.487949462238366200 ) ) ;
#3450 = CARTESIAN_POINT ( 'NONE',  ( 1.057272500430996200, -0.7639149224034330600, -2.681539807524059500 ) ) ;
#3451 = CARTESIAN_POINT ( 'NONE',  ( -1.030306909723298600, -0.9439099249037916600, 0.0000000000000000000 ) ) ;
#3452 = CARTESIAN_POINT ( 'NONE',  ( 1.023890032031122200, -1.085874585383008100, -0.1312335958005236600 ) ) ;
#3453 = CARTESIAN_POINT ( 'NONE',  ( -0.7636032586122494200, -1.038329624928467000, -0.1968503937007874100 ) ) ;
#3454 = VECTOR ( 'NONE', #5084, 39.37007874015748100 ) ;
#3455 = CARTESIAN_POINT ( 'NONE',  ( -0.7556667672796135700, 1.074917021823730900, -0.1968503937007874100 ) ) ;
#3456 = CARTESIAN_POINT ( 'NONE',  ( -1.110134101196099700, 0.6966426451231498800, -0.1968503937007874100 ) ) ;
#3457 = CARTESIAN_POINT ( 'NONE',  ( 0.7038785125588545900, -1.108626020972166600, -0.1968503937007874400 ) ) ;
#3458 = DIRECTION ( 'NONE',  ( 1.000000000000000000, 0.0000000000000000000, 0.0000000000000000000 ) ) ;
#3459 = CARTESIAN_POINT ( 'NONE',  ( -0.03793485271320473600, 1.118241469816271700, -2.833891715706971400 ) ) ;
#3460 = CARTESIAN_POINT ( 'NONE',  ( -0.1661261782249960900, 1.152548769262433000, -2.704796299827704900 ) ) ;
#3461 = CARTESIAN_POINT ( 'NONE',  ( -1.025508191967476900, -0.7566742686776338800, -2.060367454068240600 ) ) ;
#3462 = B_SPLINE_CURVE_WITH_KNOTS ( 'NONE', 3,
 ( #7222, #143, #783, #5906 ),
 .UNSPECIFIED., .F., .F.,
 ( 4, 4 ),
 ( 0.0000000000000000000, 1.000000000000000000 ),
 .UNSPECIFIED. ) ;
#3463 = ORIENTED_EDGE ( 'NONE', *, *, #2095, .T. ) ;
#3464 = CARTESIAN_POINT ( 'NONE',  ( 0.2142136135413897600, -0.7237849185444172900, 0.04199475065616930400 ) ) ;
#3465 = CARTESIAN_POINT ( 'NONE',  ( 1.066889654611260100, 1.047580032597574800, -0.1749781277340315400 ) ) ;
#3466 = CARTESIAN_POINT ( 'NONE',  ( 1.089170987911201500, 0.7365395562688485900, -0.1968503937007874100 ) ) ;
#3467 = CARTESIAN_POINT ( 'NONE',  ( 0.1446818157067244500, -0.0009658267581614175800, 0.04986876640420077900 ) ) ;
#3468 = CARTESIAN_POINT ( 'NONE',  ( 0.9279527559055117400, 0.8246073122010001400, -0.06561679790026378500 ) ) ;
#3469 = CARTESIAN_POINT ( 'NONE',  ( -0.1446818157067244500, -0.0009658267581614175800, -2.952755905511811100 ) ) ;
#3470 = CARTESIAN_POINT ( 'NONE',  ( 0.9006284698872087900, 0.7294072714244842500, -0.5074365704286969400 ) ) ;
#3471 = VERTEX_POINT ( 'NONE', #3736 ) ;
#3472 = CARTESIAN_POINT ( 'NONE',  ( 0.7155729551865434000, 1.103009155936019800, -0.1968503937007874100 ) ) ;
#3473 = CARTESIAN_POINT ( 'NONE',  ( 0.7549431811966416100, 1.076064190174771800, -2.992125984251968500 ) ) ;
#3474 = CARTESIAN_POINT ( 'NONE',  ( 0.1053065813978228700, -0.001328475361291339000, 0.7874015748031496500 ) ) ;
#3475 = CARTESIAN_POINT ( 'NONE',  ( -0.7119148290572677700, 1.105448062055279800, -0.1968503937007874100 ) ) ;
#3476 = EDGE_CURVE ( 'NONE', #6494, #4686, #4346, .T. ) ;
#3477 = CARTESIAN_POINT ( 'NONE',  ( -1.109486903909763700, -0.7003745554811694500, -1.128608923884511800 ) ) ;
#3478 = EDGE_LOOP ( 'NONE', ( #6702, #502, #7752, #2241 ) ) ;
#3479 = CARTESIAN_POINT ( 'NONE',  ( -0.1126849525755905800, 1.137382512314492300, -2.570615896417070900 ) ) ;
#3480 = CARTESIAN_POINT ( 'NONE',  ( 1.057736748147917400, -1.056646062823173100, -0.1749781277340315400 ) ) ;
#3481 = CARTESIAN_POINT ( 'NONE',  ( 0.8255908954713249100, 0.9279527559609370700, 0.0000000000000000000 ) ) ;
#3482 = CARTESIAN_POINT ( 'NONE',  ( 0.1249997708871651400, -3.047558762441770000E-011, 0.02362204724409449100 ) ) ;
#3483 = CARTESIAN_POINT ( 'NONE',  ( -0.9028841459682126500, 0.8275570291413073500, -0.1312335958005236600 ) ) ;
#3484 = CARTESIAN_POINT ( 'NONE',  ( -0.1446848777822665200, -4.243681762603731500E-011, 0.06299212598425198200 ) ) ;
#3485 = CARTESIAN_POINT ( 'NONE',  ( 0.03793485271320473600, 1.131583552055992000, -2.833891715706975800 ) ) ;
#3486 = CARTESIAN_POINT ( 'NONE',  ( 0.6910086409841889000, -1.110261735596846700, -0.1968503937007874100 ) ) ;
#3487 = ORIENTED_EDGE ( 'NONE', *, *, #1630, .T. ) ;
#3488 = CARTESIAN_POINT ( 'NONE',  ( 0.1762263516454016200, 1.153934119375358300, -2.706236848701827600 ) ) ;
#3489 = B_SPLINE_CURVE_WITH_KNOTS ( 'NONE', 3,
 ( #6952, #1180, #5666, #5721, #1234, #3138 ),
 .UNSPECIFIED., .F., .F.,
 ( 4, 1, 1, 4 ),
 ( 0.0000000000000000000, 0.3333335649618523500, 0.6666671299237046900, 1.000000000000000000 ),
 .UNSPECIFIED. ) ;
#3490 = CARTESIAN_POINT ( 'NONE',  ( 0.3702728364785276000, -0.6629341840565985400, -0.0000000000000000000 ) ) ;
#3491 = CARTESIAN_POINT ( 'NONE',  ( 1.056646062823173100, 1.057736748147917400, -0.1749781277340315400 ) ) ;
#3492 = VERTEX_POINT ( 'NONE', #8227 ) ;
#3493 = CARTESIAN_POINT ( 'NONE',  ( 0.06943952776069778300, 1.153937007874015900, -2.520011069857806400 ) ) ;
#3494 = CARTESIAN_POINT ( 'NONE',  ( -0.7479053414235590200, -1.081314661062031700, -0.1968503937007874100 ) ) ;
#3495 = CARTESIAN_POINT ( 'NONE',  ( -0.7310639536100825800, 0.9382553524242599500, -2.681539807524059500 ) ) ;
#3496 = EDGE_CURVE ( 'NONE', #7023, #519, #4955, .T. ) ;
#3497 = CARTESIAN_POINT ( 'NONE',  ( 1.066258947909223700, 0.7611279201994741700, -2.992125984251968500 ) ) ;
#3498 = CARTESIAN_POINT ( 'NONE',  ( 1.104136452828496300, 0.7137832230396693500, -0.5074365704286969400 ) ) ;
#3499 = CARTESIAN_POINT ( 'NONE',  ( -0.7440480963253939300, 1.083715119910519700, -0.5074365704286969400 ) ) ;
#3500 = DIRECTION ( 'NONE',  ( 0.0000000000000000000, 0.0000000000000000000, -1.000000000000000000 ) ) ;
#3501 = ORIENTED_EDGE ( 'NONE', *, *, #6653, .F. ) ;
#3502 = CARTESIAN_POINT ( 'NONE',  ( 1.054918747226489600, -0.7642466524047193400, -2.992125984251968500 ) ) ;
#3503 = CARTESIAN_POINT ( 'NONE',  ( 0.7038788562212291400, 1.108627185260411300, -0.1968503937007873800 ) ) ;
#3504 = CARTESIAN_POINT ( 'NONE',  ( 0.1412742653159843000, 1.134251968503936900, -2.540380452650441400 ) ) ;
#3505 = CARTESIAN_POINT ( 'NONE',  ( -1.105448062055279800, -0.7119148290572716600, -2.060367454068244600 ) ) ;
#3506 = PLANE ( 'NONE',  #6842 ) ;
#3507 = CARTESIAN_POINT ( 'NONE',  ( 0.1474643960790040000, 1.137382512314492300, -2.617955883333591000 ) ) ;
#3508 = CARTESIAN_POINT ( 'NONE',  ( 0.9788576969563110900, -1.105682788051606500, 0.0000000000000000000 ) ) ;
#3509 = CARTESIAN_POINT ( 'NONE',  ( 0.7593146768515431900, 1.029023522214547600, -2.060367454068240600 ) ) ;
#3510 = ORIENTED_EDGE ( 'NONE', *, *, #4800, .F. ) ;
#3511 = CARTESIAN_POINT ( 'NONE',  ( -1.057192564065747100, -1.057192564065737400, -0.1968503937007874100 ) ) ;
#3512 = CARTESIAN_POINT ( 'NONE',  ( -0.8682354914878504000, 0.8410053028255472000, -0.1968503937007874100 ) ) ;
#3513 = CARTESIAN_POINT ( 'NONE',  ( -0.1804476012116417700, 1.153988124042724300, -2.655365815123421800 ) ) ;
#3514 = CARTESIAN_POINT ( 'NONE',  ( 0.03793485271320473600, 1.112904636920386100, -2.833891715706975800 ) ) ;
#3515 = CARTESIAN_POINT ( 'NONE',  ( 0.08361031638766848500, 0.06805607582488543100, 0.7874015747567735300 ) ) ;
#3516 = VERTEX_POINT ( 'NONE', #1146 ) ;
#3517 = B_SPLINE_CURVE_WITH_KNOTS ( 'NONE', 3,
 ( #3746, #1263, #7606, #7044, #4347, #7635 ),
 .UNSPECIFIED., .F., .F.,
 ( 4, 1, 1, 4 ),
 ( 0.0000000000000000000, 0.2887644307317117600, 0.7100258073629993600, 1.000000000000000000 ),
 .UNSPECIFIED. ) ;
#3518 = ORIENTED_EDGE ( 'NONE', *, *, #4455, .T. ) ;
#3519 = CARTESIAN_POINT ( 'NONE',  ( 0.1448347163264528100, -0.02193883921625590700, 0.02799650043744489000 ) ) ;
#3520 = CARTESIAN_POINT ( 'NONE',  ( 0.7141138414599829100, 1.103922707985719000, -0.1968503937007873800 ) ) ;
#3521 = CARTESIAN_POINT ( 'NONE',  ( 0.7155729551865474000, -1.103009155936019800, -2.992125984251968500 ) ) ;
#3522 = CARTESIAN_POINT ( 'NONE',  ( 0.1750491698786224000, 1.153937007874015400, -2.667709114992186300 ) ) ;
#3523 = CARTESIAN_POINT ( 'NONE',  ( -0.08401568594263388000, -0.1231026060500197600, -2.952755905511811100 ) ) ;
#3524 = CARTESIAN_POINT ( 'NONE',  ( 0.7549431811966416100, -1.076064190174775600, -2.060367454068244600 ) ) ;
#3525 = ORIENTED_EDGE ( 'NONE', *, *, #7303, .T. ) ;
#3526 = CARTESIAN_POINT ( 'NONE',  ( 0.07270040754172836500, -0.1062935698246890300, -3.562992125984248700 ) ) ;
#3527 = CARTESIAN_POINT ( 'NONE',  ( 1.083913278540055400, 0.7441482841840315600, -0.1968503937007874100 ) ) ;
#3528 = CARTESIAN_POINT ( 'NONE',  ( 0.9457032319186167200, 1.110234704581635900, -0.1968503937007881100 ) ) ;
#3529 = EDGE_CURVE ( 'NONE', #5392, #519, #153, .T. ) ;
#3530 = CARTESIAN_POINT ( 'NONE',  ( -1.110236220472441000, 0.0000000000000000000, -2.992125984251968500 ) ) ;
#3531 = CARTESIAN_POINT ( 'NONE',  ( 0.7072881488253189900, 1.107445675074389500, -2.060367454068240600 ) ) ;
#3532 = CARTESIAN_POINT ( 'NONE',  ( 0.1969610430417243800, 1.126246719160106400, -2.650754968625445200 ) ) ;
#3533 = CARTESIAN_POINT ( 'NONE',  ( 1.036985750691334900, -0.7634200263010158000, -2.060367454068240600 ) ) ;
#3534 = VERTEX_POINT ( 'NONE', #2413 ) ;
#3535 = CARTESIAN_POINT ( 'NONE',  ( 1.110318066288362500, -0.9451014140148467100, -0.02187226596675591000 ) ) ;
#3536 = CARTESIAN_POINT ( 'NONE',  ( -0.03864322999806693600, 1.144378037797165300, -2.526788947766850600 ) ) ;
#3537 = CARTESIAN_POINT ( 'NONE',  ( -0.03526368610020472900, 0.1419330633355000400, 0.06299212598425198200 ) ) ;
#3538 = B_SPLINE_CURVE_WITH_KNOTS ( 'NONE', 3,
 ( #5748, #741, #5212, #1427, #5889, #2051 ),
 .UNSPECIFIED., .F., .F.,
 ( 4, 1, 1, 4 ),
 ( 0.0000000000000000000, 0.001198132416100989800, 0.002418024191698270100, 0.003616193483198972300 ),
 .UNSPECIFIED. ) ;
#3539 = CARTESIAN_POINT ( 'NONE',  ( 0.7038785125588545900, -1.108626020972166600, -0.1968503937007874400 ) ) ;
#3540 = CARTESIAN_POINT ( 'NONE',  ( -0.8255996794046417400, 0.9265857566923937400, -0.1312335958005236600 ) ) ;
#3541 = CARTESIAN_POINT ( 'NONE',  ( -1.110236408271179300, 0.6936092895046371800, -0.1968503937007874100 ) ) ;
#3542 = CARTESIAN_POINT ( 'NONE',  ( -0.1868747311076299500, 1.152548769262433000, -2.684304067237421400 ) ) ;
#3543 = FACE_OUTER_BOUND ( 'NONE', #6437, .T. ) ;
#3544 = EDGE_CURVE ( 'NONE', #8028, #2014, #6525, .T. ) ;
#3545 = CARTESIAN_POINT ( 'NONE',  ( 0.09892565452516145800, -0.03615133541912656700, 0.7874052743790519400 ) ) ;
#3546 = CARTESIAN_POINT ( 'NONE',  ( -0.0000000000000000000, -0.7517436483800196100, 0.006999125109362205200 ) ) ;
#3547 = CARTESIAN_POINT ( 'NONE',  ( 0.7634200263010158000, -1.036985750691338700, -2.060367454068244600 ) ) ;
#3548 = CARTESIAN_POINT ( 'NONE',  ( 0.06518013118072532600, 1.153937007874015700, -2.518255427031757400 ) ) ;
#3549 = DIRECTION ( 'NONE',  ( 0.0000000000000000000, -0.0000000000000000000, 1.000000000000000000 ) ) ;
#3550 = CARTESIAN_POINT ( 'NONE',  ( 0.7440480963253939300, -1.083715119910519700, -2.681539807524059500 ) ) ;
#3551 = CIRCLE ( 'NONE', #5011, 0.1557475975902504200 ) ;
#3552 = CARTESIAN_POINT ( 'NONE',  ( 0.08502337039347909700, 0.09142667267700842200, 0.6850393700787399400 ) ) ;
#3553 = CARTESIAN_POINT ( 'NONE',  ( -0.7637992319626182300, 1.057805835868256100, -2.992125984251968500 ) ) ;
#3554 = ADVANCED_FACE ( 'NONE', ( #2160 ), #6929, .T. ) ;
#3555 = CARTESIAN_POINT ( 'NONE',  ( 0.09928590579945050000, 0.08082781265933582100, 0.7676509186351706500 ) ) ;
#3556 = CARTESIAN_POINT ( 'NONE',  ( 0.1438889093088228900, 1.134251968503936900, -2.602693276785181800 ) ) ;
#3557 =( GEOMETRIC_REPRESENTATION_CONTEXT ( 3 ) GLOBAL_UNCERTAINTY_ASSIGNED_CONTEXT ( ( #3235 ) ) GLOBAL_UNIT_ASSIGNED_CONTEXT ( ( #8154, #8103, #7474 ) ) REPRESENTATION_CONTEXT ( 'NONE', 'WORKASPACE' ) );
#3558 = VECTOR ( 'NONE', #4641, 39.37007874015748100 ) ;
#3559 = CARTESIAN_POINT ( 'NONE',  ( 0.9282311026850591500, 1.110233970439102400, -0.1749781277340315400 ) ) ;
#3560 = CARTESIAN_POINT ( 'NONE',  ( 1.029023522214547600, -0.7593146768515431900, -0.5074365704286969400 ) ) ;
#3561 = CARTESIAN_POINT ( 'NONE',  ( -1.108204637752976400, -0.7053811463581142200, -2.992125984251968500 ) ) ;
#3562 = CARTESIAN_POINT ( 'NONE',  ( 0.07270040754172836500, -0.1062935698246890300, 0.02362204724409449500 ) ) ;
#3563 = CARTESIAN_POINT ( 'NONE',  ( 0.04069944472112992800, 1.152548769262433000, -2.518577897221913300 ) ) ;
#3564 = CARTESIAN_POINT ( 'NONE',  ( 0.9530213658428109400, 0.8275570291413073500, 0.0000000000000000000 ) ) ;
#3565 = CARTESIAN_POINT ( 'NONE',  ( 1.030523849900492500, 0.9429096587393148700, -0.1312335958005236600 ) ) ;
#3566 = ORIENTED_EDGE ( 'NONE', *, *, #3112, .F. ) ;
#3567 = CARTESIAN_POINT ( 'NONE',  ( -0.8330323139402675500, 0.8770121648875594000, 0.0000000000000000000 ) ) ;
#3568 = CARTESIAN_POINT ( 'NONE',  ( -0.1412822200855197200, 1.144378037797165300, -2.542576562449775600 ) ) ;
#3569 = CARTESIAN_POINT ( 'NONE',  ( 0.09760269248847246200, 1.144378037797165300, -2.853137888653633600 ) ) ;
#3570 = B_SPLINE_CURVE_WITH_KNOTS ( 'NONE', 3,
 ( #1404, #5448, #4169, #7358, #7981, #360 ),
 .UNSPECIFIED., .F., .F.,
 ( 4, 1, 1, 4 ),
 ( 0.0000000000000000000, 0.2887644307315668200, 0.7100258073628850100, 1.000000000000000000 ),
 .UNSPECIFIED. ) ;
#3571 = CARTESIAN_POINT ( 'NONE',  ( -0.1249997708871712200, -7.618905016278156300E-011, 0.02362204724409449100 ) ) ;
#3572 = ORIENTED_EDGE ( 'NONE', *, *, #1881, .T. ) ;
#3573 = EDGE_CURVE ( 'NONE', #1714, #5488, #3997, .T. ) ;
#3574 = CARTESIAN_POINT ( 'NONE',  ( 0.2142136135413897600, -0.7237849185444172900, -0.0000000000000000000 ) ) ;
#3575 = CARTESIAN_POINT ( 'NONE',  ( 0.7627446526210116500, -1.060986002430181200, -0.1968503937007874100 ) ) ;
#3576 = CARTESIAN_POINT ( 'NONE',  ( -0.1651264589200725500, 1.153937007874015700, -2.621669185001763900 ) ) ;
#3577 = CARTESIAN_POINT ( 'NONE',  ( -1.053941206384275700, 0.7642728007677205300, -2.992125984251968500 ) ) ;
#3578 = CARTESIAN_POINT ( 'NONE',  ( 0.7642728007677244100, -1.053941206384279700, -0.1968503937007874100 ) ) ;
#3579 = CARTESIAN_POINT ( 'NONE',  ( 0.9876700203231734100, 0.8410053028255472000, 0.0000000000000000000 ) ) ;
#3580 = CARTESIAN_POINT ( 'NONE',  ( -0.7618448995876850900, 1.065122253766169300, -1.128608923884511800 ) ) ;
#3581 = ORIENTED_EDGE ( 'NONE', *, *, #1238, .F. ) ;
#3582 = CARTESIAN_POINT ( 'NONE',  ( -0.8682354914878504000, -0.8410053028255510800, -0.1749781277340315400 ) ) ;
#3583 = CARTESIAN_POINT ( 'NONE',  ( -0.09038153715239767600, 1.134251968503936900, -2.548557022372763800 ) ) ;
#3584 = CARTESIAN_POINT ( 'NONE',  ( 0.9279527559055117400, -0.8246073122010001400, -0.1968503937007874100 ) ) ;
#3585 = CARTESIAN_POINT ( 'NONE',  ( 1.108204637752976400, -0.7053811463581102200, -2.681539807524059500 ) ) ;
#3586 = B_SPLINE_CURVE_WITH_KNOTS ( 'NONE', 3,
 ( #4369, #8292, #1179, #3108, #6392, #7604, #5664, #3832, #5754, #3745, #8263, #25, #5105, #2564, #7662, #4396, #1260 ),
 .UNSPECIFIED., .F., .F.,
 ( 4, 1, 1, 1, 1, 1, 1, 1, 1, 1, 1, 1, 1, 1, 4 ),
 ( 1.980103170618537600E-017, 0.005003486358824883600, 0.01001813427968128700, 0.01503278220053767300, 0.02004743012139418100, 0.02506207804225057300, 0.02756940200267877000, 0.03007672596310697100, 0.03258404992353516200, 0.03509137388396345300, 0.04010602180481986200, 0.04512066972567625700, 0.05013531764653265200, 0.05514996556738914500, 0.06015345192621400500 ),
 .UNSPECIFIED. ) ;
#3587 = CARTESIAN_POINT ( 'NONE',  ( -1.083913278540059400, -0.7441482841840275600, -2.992125984251968500 ) ) ;
#3588 = B_SPLINE_CURVE_WITH_KNOTS ( 'NONE', 3,
 ( #1513, #2810, #299, #4086, #2761, #7272 ),
 .UNSPECIFIED., .F., .F.,
 ( 4, 1, 1, 4 ),
 ( 5.082473352521762600E-016, 0.001197975670863576700, 0.002417670315533617300, 0.003615609116955949800 ),
 .UNSPECIFIED. ) ;
#3589 = CARTESIAN_POINT ( 'NONE',  ( -0.1198825986024448900, 1.152548769262433000, -2.563558676679023500 ) ) ;
#3590 = ORIENTED_EDGE ( 'NONE', *, *, #1563, .F. ) ;
#3591 = EDGE_CURVE ( 'NONE', #1121, #4404, #551, .T. ) ;
#3592 = CARTESIAN_POINT ( 'NONE',  ( 0.9530213658428109400, 1.028348482669716500, -0.02187226596675591000 ) ) ;
#3593 = B_SPLINE_CURVE_WITH_KNOTS ( 'NONE', 3,
 ( #1268, #4496, #1211, #3, #31, #2600 ),
 .UNSPECIFIED., .F., .F.,
 ( 4, 1, 1, 4 ),
 ( 0.0000000000000000000, 0.2233249047146211300, 0.7768679091367778300, 1.000000000000000000 ),
 .UNSPECIFIED. ) ;
#3594 = CARTESIAN_POINT ( 'NONE',  ( -0.05854819680529924800, 0.1029550598319882200, 0.7742782152230984800 ) ) ;
#3595 = CARTESIAN_POINT ( 'NONE',  ( 0.0000000000000000000, 1.152548769262433000, -2.492411534972240000 ) ) ;
#3596 = CARTESIAN_POINT ( 'NONE',  ( 0.1772873119973661400, 1.153934119375358300, -2.706388169394740000 ) ) ;
#3597 = ADVANCED_FACE ( 'NONE', ( #2258 ), #2497, .T. ) ;
#3598 = ORIENTED_EDGE ( 'NONE', *, *, #5546, .T. ) ;
#3599 = CARTESIAN_POINT ( 'NONE',  ( -0.1446818157067244500, 0.0009658267581614175800, 0.02799650043744489000 ) ) ;
#3600 = CARTESIAN_POINT ( 'NONE',  ( -0.03526368610020472900, -0.1419330633355000400, 0.02362204724409453300 ) ) ;
#3602 = CARTESIAN_POINT ( 'NONE',  ( 1.056646062823173100, 1.057736748147917400, 0.0000000000000000000 ) ) ;
#3601 = CARTESIAN_POINT ( 'NONE',  ( -1.036985750691334900, 0.7634200263010158000, -2.060367454068240600 ) ) ;
#3603 = CARTESIAN_POINT ( 'NONE',  ( 1.110236281231659100, 0.6927299607301763400, -0.1968503937007874400 ) ) ;
#3604 = CARTESIAN_POINT ( 'NONE',  ( -1.076064190174771800, 0.7549431811966416100, -2.992125984251968500 ) ) ;
#3605 = CARTESIAN_POINT ( 'NONE',  ( -0.7594092295902990000, 1.029654069748492400, -2.681539807524059500 ) ) ;
#3606 = VERTEX_POINT ( 'NONE', #4416 ) ;
#3607 = CARTESIAN_POINT ( 'NONE',  ( 0.03051586097098820200, -0.1226143411448661600, -3.562992125984252300 ) ) ;
#3608 = CARTESIAN_POINT ( 'NONE',  ( -0.7637992319626182300, 1.057805835868256100, -0.5074365704286969400 ) ) ;
#3609 = CARTESIAN_POINT ( 'NONE',  ( 0.1446849424173935200, -1.060919825885090900E-011, -2.952755905511811100 ) ) ;
#3610 = CARTESIAN_POINT ( 'NONE',  ( 0.6887898905127244300, 1.110038567578173200, -2.060367454068240600 ) ) ;
#3611 = ORIENTED_EDGE ( 'NONE', *, *, #8012, .F. ) ;
#3612 = ORIENTED_EDGE ( 'NONE', *, *, #782, .F. ) ;
#3613 = CARTESIAN_POINT ( 'NONE',  ( 0.8334242860060961900, -0.8766112441443287800, -0.1968503937007874100 ) ) ;
#3614 = CARTESIAN_POINT ( 'NONE',  ( -1.109486903909763700, -0.7003745554811732200, -2.681539807524059500 ) ) ;
#3615 = CARTESIAN_POINT ( 'NONE',  ( -0.03051586097098820200, 0.1226143411448661600, 0.1062992125984252000 ) ) ;
#3616 = CARTESIAN_POINT ( 'NONE',  ( 1.057499546894260100, -0.7636744025022762500, -2.992125984251969000 ) ) ;
#3617 = CARTESIAN_POINT ( 'NONE',  ( 1.022873197870755900, 0.9788933469234645200, 0.0000000000000000000 ) ) ;
#3618 = ORIENTED_EDGE ( 'NONE', *, *, #1508, .T. ) ;
#3619 = CARTESIAN_POINT ( 'NONE',  ( -0.04351691239796513100, 1.153936934959982000, -2.854877777413557600 ) ) ;
#3620 = ORIENTED_EDGE ( 'NONE', *, *, #2162, .T. ) ;
#3621 = CARTESIAN_POINT ( 'NONE',  ( 0.1769619551007717300, 1.152548769262433000, -2.605324583595854300 ) ) ;
#3622 = CARTESIAN_POINT ( 'NONE',  ( -0.04420806671798032500, 1.153988124042724300, -2.857637753301449200 ) ) ;
#3623 = CARTESIAN_POINT ( 'NONE',  ( 0.03526368610020472900, -0.1419330633355000400, 0.02362204724409449500 ) ) ;
#3624 = CARTESIAN_POINT ( 'NONE',  ( 0.1969610430417243800, 1.131583552055992000, -2.711449755784003800 ) ) ;
#3626 = CARTESIAN_POINT ( 'NONE',  ( 0.9028841459682126500, 1.028348482669716500, 0.0000000000000000000 ) ) ;
#3625 = CARTESIAN_POINT ( 'NONE',  ( 0.0000000000000000000, -1.110236220472441200, -0.1968503937007874700 ) ) ;
#3627 = CARTESIAN_POINT ( 'NONE',  ( -0.1062754984746051400, 1.153937007874015700, -2.540971015883357600 ) ) ;
#3628 = CARTESIAN_POINT ( 'NONE',  ( -0.7137832230396653500, -1.104136452828496300, -0.5074365704286969400 ) ) ;
#3629 = CARTESIAN_POINT ( 'NONE',  ( 0.7618448995876850900, -1.065122253766173300, -2.681539807524059500 ) ) ;
#3630 = CARTESIAN_POINT ( 'NONE',  ( -0.1249949962596299800, 0.001118440903629921800, -3.020559930008748200 ) ) ;
#3631 = CARTESIAN_POINT ( 'NONE',  ( -0.7479077349249685400, 1.081609771494819000, -2.992125984251968500 ) ) ;
#3632 = EDGE_CURVE ( 'NONE', #2741, #386, #5561, .T. ) ;
#3633 = LINE ( 'NONE', #2671, #4949 ) ;
#3634 = ADVANCED_FACE ( 'NONE', ( #6953 ), #4172, .T. ) ;
#3635 = CARTESIAN_POINT ( 'NONE',  ( 0.7419493262978749100, -0.9957875012869134000, -2.992125984251971600 ) ) ;
#3636 = CARTESIAN_POINT ( 'NONE',  ( 0.09746816833348823100, 1.110236220472441000, -2.507213403735209000 ) ) ;
#3637 = CARTESIAN_POINT ( 'NONE',  ( 1.110038567578169400, -0.6887898905127244300, -2.681539807524059500 ) ) ;
#3638 = CARTESIAN_POINT ( 'NONE',  ( 0.1249919725862551100, 0.01954230104899013600, -2.992125984251969000 ) ) ;
#3639 = VECTOR ( 'NONE', #3792, 39.37007874015748100 ) ;
#3640 = SURFACE_SIDE_STYLE ('',( #2868 ) ) ;
#3641 = B_SPLINE_CURVE_WITH_KNOTS ( 'NONE', 3,
 ( #1902, #1281, #44, #2555, #679, #2019 ),
 .UNSPECIFIED., .F., .F.,
 ( 4, 1, 1, 4 ),
 ( 0.0000000000000000000, 0.2899741926370670900, 0.7112355692683125500, 1.000000000000000000 ),
 .UNSPECIFIED. ) ;
#3642 = CARTESIAN_POINT ( 'NONE',  ( 1.074917021823730900, 0.7556667672796135700, -0.1968503937007874100 ) ) ;
#3643 = CARTESIAN_POINT ( 'NONE',  ( 0.8253816619105313100, 0.9429096587393148700, -0.02187226596675591000 ) ) ;
#3644 = CARTESIAN_POINT ( 'NONE',  ( 0.7475810392626731600, 1.081538896983668800, -0.5074365704286969400 ) ) ;
#3645 = B_SPLINE_CURVE_WITH_KNOTS ( 'NONE', 3,
 ( #7953, #251, #303, #3423 ),
 .UNSPECIFIED., .F., .F.,
 ( 4, 4 ),
 ( 0.0000000000000000000, 1.000000000000000000 ),
 .UNSPECIFIED. ) ;
#3646 = CARTESIAN_POINT ( 'NONE',  ( -0.08360644218683858900, 0.06806329450065354300, 0.7874015748031496500 ) ) ;
#3647 = CARTESIAN_POINT ( 'NONE',  ( 0.04835183593224016300, 1.137382512314492300, -2.488019721405358100 ) ) ;
#3648 = EDGE_CURVE ( 'NONE', #4011, #2431, #7174, .T. ) ;
#3649 = VECTOR ( 'NONE', #1661, 39.37007874015748100 ) ;
#3650 = B_SPLINE_CURVE_WITH_KNOTS ( 'NONE', 3,
 ( #6577, #3318, #175, #3961, #146, #7875 ),
 .UNSPECIFIED., .F., .F.,
 ( 4, 1, 1, 4 ),
 ( 0.0000000000000000000, 0.3333328700763126300, 0.6666664350381562600, 1.000000000000000000 ),
 .UNSPECIFIED. ) ;
#3651 = CARTESIAN_POINT ( 'NONE',  ( -0.08730931978442474400, -0.05885202063063020600, 0.7873719881556156000 ) ) ;
#3652 = CARTESIAN_POINT ( 'NONE',  ( 0.0000000000000000000, 1.118241469816271700, -2.879801502772728400 ) ) ;
#3654 = CARTESIAN_POINT ( 'NONE',  ( 0.7593146768515431900, -1.029023522214551600, -2.060367454068244600 ) ) ;
#3653 = CARTESIAN_POINT ( 'NONE',  ( -1.036985750691334900, 0.7634200263010119100, -2.992125984251968500 ) ) ;
#3655 = CARTESIAN_POINT ( 'NONE',  ( -1.029654069748492400, -0.7594092295902990000, -2.681539807524059500 ) ) ;
#3656 = CARTESIAN_POINT ( 'NONE',  ( -1.108627185360423900, 0.7038788558823494400, -1.594488188976380000 ) ) ;
#3657 = CARTESIAN_POINT ( 'NONE',  ( 0.05539219995931672600, 1.153937007874015700, -2.847578564484148700 ) ) ;
#3658 = CARTESIAN_POINT ( 'NONE',  ( 0.1249949962596299800, 0.001118440903629921800, -3.156167979002626500 ) ) ;
#3659 = CARTESIAN_POINT ( 'NONE',  ( 0.1870005189344822500, 1.152451672296169300, -2.681102362204696600 ) ) ;
#3660 = ORIENTED_EDGE ( 'NONE', *, *, #1630, .F. ) ;
#3661 = CARTESIAN_POINT ( 'NONE',  ( 0.0000000000000000000, 0.1460610273873661500, -2.952755905511811100 ) ) ;
#3662 = CARTESIAN_POINT ( 'NONE',  ( 0.1558869637127283900, 1.126246719160106400, -2.657368430785547200 ) ) ;
#3663 = CARTESIAN_POINT ( 'NONE',  ( 0.04788271554519685900, 1.110236220472441000, -2.487949462238370200 ) ) ;
#3664 = CARTESIAN_POINT ( 'NONE',  ( 1.108204637752976400, -0.7053811463581102200, -0.1968503937007874100 ) ) ;
#3665 = CARTESIAN_POINT ( 'NONE',  ( -0.6910086409841889000, 1.110261735596846700, -1.128608923884515600 ) ) ;
#3666 = ORIENTED_EDGE ( 'NONE', *, *, #539, .T. ) ;
#3667 = CARTESIAN_POINT ( 'NONE',  ( -1.096676596295535400, -0.7252355460546456900, -2.681539807524059500 ) ) ;
#3668 = CARTESIAN_POINT ( 'NONE',  ( 0.9530213658428109400, 1.028348482669716500, -0.1312335958005236600 ) ) ;
#3669 = CARTESIAN_POINT ( 'NONE',  ( 0.7475810392626731600, 1.081538896983668800, -1.128608923884515400 ) ) ;
#3670 = CARTESIAN_POINT ( 'NONE',  ( -0.9279527559055117400, 0.8246073122010001400, 0.0000000000000000000 ) ) ;
#3671 = CARTESIAN_POINT ( 'NONE',  ( -0.8255996794046417400, -0.9265857566923937400, -0.1749781277340315400 ) ) ;
#3672 = CARTESIAN_POINT ( 'NONE',  ( 0.04343382380483071200, 1.153934119375358300, -2.854545981015894200 ) ) ;
#3673 = CARTESIAN_POINT ( 'NONE',  ( -0.8253816619105313100, 0.9429096587393148700, -0.06561679790026378500 ) ) ;
#3674 = VERTEX_POINT ( 'NONE', #7230 ) ;
#3675 = ADVANCED_FACE ( 'NONE', ( #5263 ), #1386, .T. ) ;
#3676 = CARTESIAN_POINT ( 'NONE',  ( -0.09676041897504952800, -0.04163411753631669100, 0.7874102549253825200 ) ) ;
#3677 = EDGE_CURVE ( 'NONE', #3471, #4188, #793, .T. ) ;
#3678 = CARTESIAN_POINT ( 'NONE',  ( 0.04788271554519685900, 1.126246719160106400, -2.874255262171078900 ) ) ;
#3679 = CARTESIAN_POINT ( 'NONE',  ( -1.108627185360424100, -0.7038788558823532200, -1.594488188976378200 ) ) ;
#3680 = CARTESIAN_POINT ( 'NONE',  ( -1.028952602479410200, 0.7589880794554850800, -0.5074365704286969400 ) ) ;
#3681 = ORIENTED_EDGE ( 'NONE', *, *, #2854, .T. ) ;
#3682 = CARTESIAN_POINT ( 'NONE',  ( -0.1718743760972964700, 1.153937007874015900, -2.646157201489887500 ) ) ;
#3683 = CARTESIAN_POINT ( 'NONE',  ( -0.7566742686776338800, -1.025508191967476900, -0.1968503937007874100 ) ) ;
#3684 = CARTESIAN_POINT ( 'NONE',  ( 1.101663991491527600, 0.7176078221647795900, -2.992125984251968500 ) ) ;
#3685 = CARTESIAN_POINT ( 'NONE',  ( -1.110261735596846700, -0.6910086409841889000, -0.1968503937007874100 ) ) ;
#3686 = CARTESIAN_POINT ( 'NONE',  ( 0.7038788558823491100, 1.108627185360423900, -1.594488188976378200 ) ) ;
#3687 = CARTESIAN_POINT ( 'NONE',  ( -0.9788576969563070900, -1.105682788051606500, -0.1968503937007874100 ) ) ;
#3688 = ORIENTED_EDGE ( 'NONE', *, *, #4674, .F. ) ;
#3689 = CARTESIAN_POINT ( 'NONE',  ( 0.07506905510560309100, 0.1012594749358656800, 0.7675853018372703600 ) ) ;
#3690 = CARTESIAN_POINT ( 'NONE',  ( -0.1558869637127283900, 1.112904636920386100, -2.657368430785547200 ) ) ;
#3691 = CARTESIAN_POINT ( 'NONE',  ( -0.7634200263010158000, 1.036985750691334900, -0.5074365704286969400 ) ) ;
#3692 = DIRECTION ( 'NONE',  ( -0.0000000000000000000, -0.0000000000000000000, -1.000000000000000000 ) ) ;
#3693 = CARTESIAN_POINT ( 'NONE',  ( -1.029023522214547600, 0.7593146768515431900, -2.060367454068240600 ) ) ;
#3694 = CARTESIAN_POINT ( 'NONE',  ( 1.110236408271179300, 0.6936092895046412900, -0.1968503937007874400 ) ) ;
#3695 = DIRECTION ( 'NONE',  ( -0.0000000000000000000, -0.0000000000000000000, 1.000000000000000000 ) ) ;
#3696 = EDGE_CURVE ( 'NONE', #1418, #5531, #1426, .T. ) ;
#3697 = CARTESIAN_POINT ( 'NONE',  ( 0.8682354914878504000, -0.8410053028255472000, 0.0000000000000000000 ) ) ;
#3698 = CARTESIAN_POINT ( 'NONE',  ( 1.083715119910515700, -0.7440480963253898200, -1.128608923884515600 ) ) ;
#3699 = VERTEX_POINT ( 'NONE', #1903 ) ;
#3700 = CARTESIAN_POINT ( 'NONE',  ( -0.1448347163264528100, -0.02193883921625590700, 0.06299212598425198200 ) ) ;
#3701 = CARTESIAN_POINT ( 'NONE',  ( -0.9876700203231734100, -1.014900208985476400, -0.1749781277340315400 ) ) ;
#3702 = CARTESIAN_POINT ( 'NONE',  ( -0.04835183593224016300, 1.134251968503936900, -2.874185003004087000 ) ) ;
#3703 = CARTESIAN_POINT ( 'NONE',  ( -0.9279527559055117400, 1.031298199610023700, -0.1968503937007874100 ) ) ;
#3704 = ORIENTED_EDGE ( 'NONE', *, *, #5813, .F. ) ;
#3705 = CARTESIAN_POINT ( 'NONE',  ( 0.03056050893156480500, -0.1007829982735363400, 0.7873999513915763700 ) ) ;
#3706 = CARTESIAN_POINT ( 'NONE',  ( -0.1853889004854055700, 1.126246719160106400, -2.763028651652783600 ) ) ;
#3707 = CARTESIAN_POINT ( 'NONE',  ( -1.036985750691334900, 0.7634200263010119100, -2.681539807524059500 ) ) ;
#3708 = CARTESIAN_POINT ( 'NONE',  ( -0.1249998854435633300, -1.523780043424912600E-011, -2.952755905511809800 ) ) ;
#3709 = PRESENTATION_STYLE_ASSIGNMENT (( #7669 ) ) ;
#3710 = CARTESIAN_POINT ( 'NONE',  ( 0.9530213658428109400, -1.028348482669716500, -0.1749781277340315400 ) ) ;
#3711 = CARTESIAN_POINT ( 'NONE',  ( -1.089170987911157700, 0.7365395562689113200, -2.992125984251968500 ) ) ;
#3712 = VERTEX_POINT ( 'NONE', #2131 ) ;
#3713 = CARTESIAN_POINT ( 'NONE',  ( 0.03051586097098820200, -0.1226143411448661600, -3.020559930008752200 ) ) ;
#3714 = CARTESIAN_POINT ( 'NONE',  ( -0.9451014140148467100, -1.110318066288362500, -0.1749781277340315400 ) ) ;
#3715 = VERTEX_POINT ( 'NONE', #3347 ) ;
#3716 = CARTESIAN_POINT ( 'NONE',  ( -0.9530213658428109400, -0.8275570291413073500, 0.0000000000000000000 ) ) ;
#3717 = CARTESIAN_POINT ( 'NONE',  ( -0.09038153715239767600, 1.110236220472441000, -2.548557022372763800 ) ) ;
#3718 = CARTESIAN_POINT ( 'NONE',  ( -0.7593146768515431900, 1.029023522214551600, -0.5074365704286969400 ) ) ;
#3719 = CARTESIAN_POINT ( 'NONE',  ( -1.101616661993956900, 0.7173146837074329000, -2.992125984251968500 ) ) ;
#3720 = ORIENTED_EDGE ( 'NONE', *, *, #7812, .T. ) ;
#3721 = CARTESIAN_POINT ( 'NONE',  ( 0.07270040754172836500, 0.1062935698246890300, 0.7726771653543307300 ) ) ;
#3722 = CARTESIAN_POINT ( 'NONE',  ( 1.110134101196099700, 0.6966426451231539900, -0.1968503937007873800 ) ) ;
#3723 = CARTESIAN_POINT ( 'NONE',  ( 0.7003911346322554400, -1.109563216913672400, -2.992125984251977800 ) ) ;
#3724 = CARTESIAN_POINT ( 'NONE',  ( 0.9876700203231734100, -0.8410053028255510800, 0.0000000000000000000 ) ) ;
#3725 = CARTESIAN_POINT ( 'NONE',  ( 1.081609771494815000, -0.7479077349249685400, -2.681539807524059500 ) ) ;
#3726 = CARTESIAN_POINT ( 'NONE',  ( -0.1184288968368032000, -0.001494017462385827600, 0.7742782152230984800 ) ) ;
#3727 = CARTESIAN_POINT ( 'NONE',  ( -0.8682354914878504000, -1.014900208985472200, -0.1968503937007874100 ) ) ;
#3728 = CARTESIAN_POINT ( 'NONE',  ( 0.7311036405941849800, -0.9272433185909526600, -2.992125984251968500 ) ) ;
#3729 = CARTESIAN_POINT ( 'NONE',  ( -0.8682354914878504000, 1.014900208985472200, -0.1749781277340354800 ) ) ;
#3730 = CARTESIAN_POINT ( 'NONE',  ( -0.06298551272789987300, -0.08442378170930922600, 0.7873852113632932000 ) ) ;
#3731 = CARTESIAN_POINT ( 'NONE',  ( 0.6910086409841889000, -1.110261735596846700, -0.5074365704286969400 ) ) ;
#3732 = CARTESIAN_POINT ( 'NONE',  ( 0.1969610430417243800, 1.126246719160106400, -2.711449755784003800 ) ) ;
#3733 = CARTESIAN_POINT ( 'NONE',  ( 0.7441482841840275600, -1.083913278540059400, -0.5074365704286969400 ) ) ;
#3734 = COLOUR_RGB ( '',0.7921568627450980000, 0.8196078431372548800, 0.9333333333333333500 ) ;
#3735 = CARTESIAN_POINT ( 'NONE',  ( -0.7310279753857676900, -0.9076672032026179600, -0.1968503937007874100 ) ) ;
#3736 = CARTESIAN_POINT ( 'NONE',  ( 0.6927299607301763400, -1.110236281231658400, -0.1968503937007874400 ) ) ;
#3737 = CARTESIAN_POINT ( 'NONE',  ( -0.06734397627378875500, 1.153937007874015700, -2.843068067088130800 ) ) ;
#3738 = CARTESIAN_POINT ( 'NONE',  ( 0.7636744025022762500, 1.057499546894259600, -2.992125984251968500 ) ) ;
#3739 = CARTESIAN_POINT ( 'NONE',  ( -1.057736748147917400, -1.056646062823173100, 0.0000000000000000000 ) ) ;
#3740 = CARTESIAN_POINT ( 'NONE',  ( -1.030305832406381800, -0.9293197551186300800, 0.0000000000000000000 ) ) ;
#3741 = EDGE_CURVE ( 'NONE', #7302, #2329, #2081, .T. ) ;
#3742 = CARTESIAN_POINT ( 'NONE',  ( 0.7311022994477534000, -0.9387425559726714200, -2.992125984251971600 ) ) ;
#3743 = FACE_BOUND ( 'NONE', #6744, .T. ) ;
#3744 = CARTESIAN_POINT ( 'NONE',  ( -0.7003911346322485600, -1.109563216913673100, -0.1968503937007874100 ) ) ;
#3745 = CARTESIAN_POINT ( 'NONE',  ( -0.08968624851009841800, -0.7465127032399607700, 0.0000000000000000000 ) ) ;
#3746 = CARTESIAN_POINT ( 'NONE',  ( -1.028953034820992300, 0.7589873557274845500, -2.992125984251969000 ) ) ;
#3747 = CARTESIAN_POINT ( 'NONE',  ( -1.107445675074389500, 0.7072881488253229800, -0.1968503937007874100 ) ) ;
#3748 = CARTESIAN_POINT ( 'NONE',  ( 1.030306909714366200, -0.9119955868668424600, 0.0000000000000000000 ) ) ;
#3749 = CARTESIAN_POINT ( 'NONE',  ( 1.065122253766169300, -0.7618448995876850900, -0.5074365704286969400 ) ) ;
#3750 = VECTOR ( 'NONE', #448, 39.37007874015748100 ) ;
#3751 = CARTESIAN_POINT ( 'NONE',  ( 0.1337290113004449000, -0.07273870726820080800, 0.06299212598425198200 ) ) ;
#3752 = CARTESIAN_POINT ( 'NONE',  ( -0.9028841459682126500, -1.028348482669716500, -0.1312335958005236600 ) ) ;
#3753 = CARTESIAN_POINT ( 'NONE',  ( 1.108855069386812400, 0.7031063972595400500, -2.992125984251966700 ) ) ;
#3754 = CARTESIAN_POINT ( 'NONE',  ( -0.8253816619105313100, 0.9429096587393148700, -0.1312335958005236600 ) ) ;
#3755 = CARTESIAN_POINT ( 'NONE',  ( 0.02929304977158100200, -0.1011577825786085500, 0.7874002369303825200 ) ) ;
#3756 = EDGE_CURVE ( 'NONE', #3715, #7591, #2723, .T. ) ;
#3757 = CARTESIAN_POINT ( 'NONE',  ( 0.7016296763940630400, -1.109374590528771500, -1.128608923884515600 ) ) ;
#3758 = VERTEX_POINT ( 'NONE', #1470 ) ;
#3759 = CARTESIAN_POINT ( 'NONE',  ( 1.049803909796291500, 0.7651677351667085500, -1.128608923884515600 ) ) ;
#3760 = CARTESIAN_POINT ( 'NONE',  ( -0.1100936078571565800, 0.05947326491448886400, -2.952755905511811100 ) ) ;
#3761 = CARTESIAN_POINT ( 'NONE',  ( -0.7636744025022773600, 1.057499546894264300, -2.992125984251968500 ) ) ;
#3762 = CARTESIAN_POINT ( 'NONE',  ( -0.7738167753536416800, -0.7980368589790987100, -1.128608923884515600 ) ) ;
#3763 = CARTESIAN_POINT ( 'NONE',  ( 1.108398963774295700, -0.7046512160692284300, -2.992125984251968500 ) ) ;
#3764 = CARTESIAN_POINT ( 'NONE',  ( 0.7500308502709094300, 0.05856650093301969700, 0.06299212598425198200 ) ) ;
#3765 = DIRECTION ( 'NONE',  ( 0.0000000000000000000, 0.0000000000000000000, 1.000000000000000000 ) ) ;
#3766 = CARTESIAN_POINT ( 'NONE',  ( 0.0000000000000000000, 0.7517436483800196100, 0.0000000000000000000 ) ) ;
#3767 = ORIENTED_EDGE ( 'NONE', *, *, #5867, .T. ) ;
#3768 = CARTESIAN_POINT ( 'NONE',  ( -0.8255996794046417400, -0.9293197551186300800, -0.06561679790026378500 ) ) ;
#3769 = CARTESIAN_POINT ( 'NONE',  ( 0.0000000000000000000, 0.1261928294275669600, -3.495188101487315200 ) ) ;
#3770 = CARTESIAN_POINT ( 'NONE',  ( -0.7639149224034370600, 1.057272500430996200, -0.1968503937007874100 ) ) ;
#3771 = CARTESIAN_POINT ( 'NONE',  ( 0.7475806083234708400, -1.081538273903767600, -2.992125984251968500 ) ) ;
#3772 = STYLED_ITEM ( 'NONE', ( #3709 ), #7094 ) ;
#3773 = CARTESIAN_POINT ( 'NONE',  ( -0.1249949962596299800, -0.001118440903629921800, 0.7726771653543307300 ) ) ;
#3774 = CARTESIAN_POINT ( 'NONE',  ( -1.108626020972166600, -0.7038785125588548100, -2.992125984251968500 ) ) ;
#3775 = CARTESIAN_POINT ( 'NONE',  ( -1.108204637752976400, 0.7053811463581102200, -2.681539807524059500 ) ) ;
#3776 = ORIENTED_EDGE ( 'NONE', *, *, #452, .F. ) ;
#3777 = CARTESIAN_POINT ( 'NONE',  ( 1.030314616339711900, -0.9279527557669474700, 0.0000000000000000000 ) ) ;
#3778 = CARTESIAN_POINT ( 'NONE',  ( 1.057805835868256100, 0.7637992319626182300, -1.128608923884515600 ) ) ;
#3779 = CARTESIAN_POINT ( 'NONE',  ( -1.083715119910519700, -0.7440480963253939300, -0.1968503937007874100 ) ) ;
#3780 = CARTESIAN_POINT ( 'NONE',  ( -0.9788576969563110900, 1.105682788051606500, -0.02187226596675591000 ) ) ;
#3781 = CARTESIAN_POINT ( 'NONE',  ( -0.1185874351116890200, 0.01107311342708268100, 0.7742782152230984800 ) ) ;
#3782 = CARTESIAN_POINT ( 'NONE',  ( -0.9028841459682126500, -1.028348482669716500, 0.0000000000000000000 ) ) ;
#3783 = CARTESIAN_POINT ( 'NONE',  ( 1.110134101196096600, 0.6966426451231539900, -2.992125984251966700 ) ) ;
#3784 = CARTESIAN_POINT ( 'NONE',  ( -0.7046512158453370800, -1.108398963848258500, -0.1968503937007874400 ) ) ;
#3785 = ORIENTED_EDGE ( 'NONE', *, *, #6700, .T. ) ;
#3786 = CARTESIAN_POINT ( 'NONE',  ( -0.6910086409841851300, -1.110261735596846700, -0.5074365704286969400 ) ) ;
#3787 = EDGE_CURVE ( 'NONE', #407, #1842, #7772, .T. ) ;
#3788 = CARTESIAN_POINT ( 'NONE',  ( 1.036985750691334900, 0.7634200263010158000, -0.1968503937007874100 ) ) ;
#3789 = CARTESIAN_POINT ( 'NONE',  ( -0.04413077472186592600, 0.1169541623807200800, -2.952755905511811600 ) ) ;
#3790 = CARTESIAN_POINT ( 'NONE',  ( 0.7176078221647795900, -1.101663991491527600, -2.992125984251968500 ) ) ;
#3791 = CARTESIAN_POINT ( 'NONE',  ( -0.1254385556140916500, -0.01837000347107917500, 0.7675196850393700700 ) ) ;
#3792 = DIRECTION ( 'NONE',  ( 0.0000000000000000000, 0.0000000000000000000, -1.000000000000000000 ) ) ;
#3793 = CARTESIAN_POINT ( 'NONE',  ( 0.5373840014121733500, 0.5370372980905274700, 0.06299212598425198200 ) ) ;
#3794 = CARTESIAN_POINT ( 'NONE',  ( 0.6887898905127283200, -1.110038567578169400, -2.992125984251968500 ) ) ;
#3795 = ORIENTED_EDGE ( 'NONE', *, *, #4246, .F. ) ;
#3796 = CARTESIAN_POINT ( 'NONE',  ( -0.1251725047065984900, -0.01871959219484252400, 0.7677165354330708300 ) ) ;
#3797 = CARTESIAN_POINT ( 'NONE',  ( 0.7141138414599829100, 1.103922707985719000, -0.1968503937007873800 ) ) ;
#3798 = CARTESIAN_POINT ( 'NONE',  ( 0.7475806083234708400, -1.081538273903767600, -2.992125984251968500 ) ) ;
#3799 = ORIENTED_EDGE ( 'NONE', *, *, #2589, .F. ) ;
#3800 =( LENGTH_UNIT ( ) NAMED_UNIT ( * ) SI_UNIT ( $, .METRE. ) );
#3801 = CARTESIAN_POINT ( 'NONE',  ( -1.109486903909763700, 0.7003745554811694500, -2.992125984251968500 ) ) ;
#3802 = CARTESIAN_POINT ( 'NONE',  ( -0.6954048260608425300, 1.110322617515925500, -2.992125984251968500 ) ) ;
#3803 = CARTESIAN_POINT ( 'NONE',  ( -1.110236220472441000, 0.0000000000000000000, 0.0000000000000000000 ) ) ;
#3804 = VECTOR ( 'NONE', #733, 39.37007874015748100 ) ;
#3805 = CARTESIAN_POINT ( 'NONE',  ( 0.8324966087895275800, -0.7505357138161850000, -2.681539807524059500 ) ) ;
#3806 = EDGE_CURVE ( 'NONE', #4138, #8210, #5968, .T. ) ;
#3807 = CARTESIAN_POINT ( 'NONE',  ( -1.049803909796291500, 0.7651677351667045500, -1.128608923884515600 ) ) ;
#3808 = CARTESIAN_POINT ( 'NONE',  ( 1.057499546894259600, -0.7636744025022760300, -0.1968503937007873800 ) ) ;
#3809 = CARTESIAN_POINT ( 'NONE',  ( 1.081609771494819000, 0.7479077349249685400, -2.060367454068244600 ) ) ;
#3810 = CARTESIAN_POINT ( 'NONE',  ( -0.7594092295902990000, -1.029654069748488200, -0.1968503937007874100 ) ) ;
#3811 = CARTESIAN_POINT ( 'NONE',  ( -0.9451014140148467100, 1.110318066288362500, 0.0000000000000000000 ) ) ;
#3812 = VERTEX_POINT ( 'NONE', #5962 ) ;
#3813 = CARTESIAN_POINT ( 'NONE',  ( 0.03526368610020472900, -0.1419330633355000400, 0.05861767279090159700 ) ) ;
#3814 = ORIENTED_EDGE ( 'NONE', *, *, #4933, .F. ) ;
#3815 = CARTESIAN_POINT ( 'NONE',  ( 1.096676596295535400, -0.7252355460546456900, -2.992125984251968500 ) ) ;
#3816 = CARTESIAN_POINT ( 'NONE',  ( 0.7311036405941849800, -0.9272433185909526600, -2.060367454068240600 ) ) ;
#3817 = CARTESIAN_POINT ( 'NONE',  ( -0.6954048260608386400, -1.110322617515921300, -2.060367454068240600 ) ) ;
#3818 = VERTEX_POINT ( 'NONE', #5933 ) ;
#3819 = ORIENTED_EDGE ( 'NONE', *, *, #1086, .T. ) ;
#3820 = CARTESIAN_POINT ( 'NONE',  ( 0.1249998417022941800, 3.163043386909183400E-011, 0.7677165058669639400 ) ) ;
#3821 = CARTESIAN_POINT ( 'NONE',  ( -0.1220573752486377200, 0.03127357782468313100, -2.952755905511811100 ) ) ;
#3822 = CARTESIAN_POINT ( 'NONE',  ( -0.1771469755377501100, 1.153936934959981700, -2.653567950169550400 ) ) ;
#3823 = CARTESIAN_POINT ( 'NONE',  ( -0.1250556661334902800, 0.001577616223438504000, 0.7676509186351706500 ) ) ;
#3824 = CARTESIAN_POINT ( 'NONE',  ( -0.9006284698872049100, 0.7294072714244842500, -2.992125984251968500 ) ) ;
#3825 = CARTESIAN_POINT ( 'NONE',  ( 0.2142136135413897600, 0.7237849185444172900, 0.05599300087488978000 ) ) ;
#3826 = CARTESIAN_POINT ( 'NONE',  ( 0.2142136135413897600, 0.7237849185444176200, 0.06299212598425198200 ) ) ;
#3827 = CARTESIAN_POINT ( 'NONE',  ( 0.0000000000000000000, -0.1261928294275669600, 0.7677165354330708300 ) ) ;
#3828 = ORIENTED_EDGE ( 'NONE', *, *, #6335, .T. ) ;
#3829 = CARTESIAN_POINT ( 'NONE',  ( -1.022873197870755900, -0.8770121648875594000, -0.1312335958005236600 ) ) ;
#3830 = CARTESIAN_POINT ( 'NONE',  ( 0.1557305905232618200, 1.134251968503936900, -2.656896754681580000 ) ) ;
#3831 = CARTESIAN_POINT ( 'NONE',  ( -0.7627446526210116500, 1.060986002430181200, -2.060367454068240600 ) ) ;
#3832 = CARTESIAN_POINT ( 'NONE',  ( 0.08968624851009841800, -0.7465127032399607700, 0.0000000000000000000 ) ) ;
#3833 = CARTESIAN_POINT ( 'NONE',  ( -0.1251725047065984900, 0.01871959219484252400, 0.5196850393700788200 ) ) ;
#3834 = CARTESIAN_POINT ( 'NONE',  ( 1.030305832406381800, -0.9293197551186300800, 0.0000000000000000000 ) ) ;
#3835 = CARTESIAN_POINT ( 'NONE',  ( -1.110322617515921300, 0.6954048260608386400, -2.060367454068244600 ) ) ;
#3836 = CARTESIAN_POINT ( 'NONE',  ( -1.025508191967476900, 0.7566742686776338800, -1.128608923884515600 ) ) ;
#3837 = CARTESIAN_POINT ( 'NONE',  ( -0.9791254460543424900, -1.105565014269958200, -0.1968503937007875200 ) ) ;
#3838 = CARTESIAN_POINT ( 'NONE',  ( -1.081609771494819000, -0.7479077349249685400, -1.128608923884515600 ) ) ;
#3839 = CARTESIAN_POINT ( 'NONE',  ( 0.05208171871257025200, 0.09153543305474311200, 0.7874015747845992700 ) ) ;
#3840 = CARTESIAN_POINT ( 'NONE',  ( 0.1337290113004449000, -0.07273870726820080800, 0.04986876640420077900 ) ) ;
#3841 = CARTESIAN_POINT ( 'NONE',  ( 1.101663991491527600, -0.7176078221647755900, -1.128608923884515600 ) ) ;
#3842 = CARTESIAN_POINT ( 'NONE',  ( 0.7594092295902990000, -1.029654069748492400, -1.128608923884515600 ) ) ;
#3843 = CARTESIAN_POINT ( 'NONE',  ( -0.1412742653159843000, 1.134251968503936900, -2.821824271759007600 ) ) ;
#3844 = EDGE_CURVE ( 'NONE', #1691, #4324, #2851, .T. ) ;
#3845 = FACE_OUTER_BOUND ( 'NONE', #6886, .T. ) ;
#3846 = CARTESIAN_POINT ( 'NONE',  ( -0.6887898905127244300, -1.110038567578169400, -0.5074365704286969400 ) ) ;
#3847 = CARTESIAN_POINT ( 'NONE',  ( 1.025508191967476900, 0.7566742686776338800, -0.5074365704286969400 ) ) ;
#3848 = CARTESIAN_POINT ( 'NONE',  ( -0.03793485271320473600, 1.110236220472441000, -2.833891715706975800 ) ) ;
#3849 = CARTESIAN_POINT ( 'NONE',  ( 0.1670408598647909500, 1.153936934959981700, -2.608314777428614800 ) ) ;
#3850 = CARTESIAN_POINT ( 'NONE',  ( -0.7639149224034330600, -1.057272500430996200, -2.681539807524059500 ) ) ;
#3851 = CARTESIAN_POINT ( 'NONE',  ( -0.08968624851009841800, 0.7465127032399607700, 0.06299212598425198200 ) ) ;
#3852 = CARTESIAN_POINT ( 'NONE',  ( -0.1051077783189221700, 0.001325967398459876600, 0.7876003937007877200 ) ) ;
#3853 = CARTESIAN_POINT ( 'NONE',  ( 0.1156637036326063400, -0.06262578429423626400, 0.5196850393700788200 ) ) ;
#3854 = VECTOR ( 'NONE', #6278, 39.37007874015748100 ) ;
#3855 = CARTESIAN_POINT ( 'NONE',  ( 0.7137832230396653500, 1.104136452828496300, -2.681539807524059500 ) ) ;
#3856 = EDGE_CURVE ( 'NONE', #7913, #7365, #6259, .T. ) ;
#3857 = CARTESIAN_POINT ( 'NONE',  ( 0.03825588577256693700, 1.134251968503936900, -2.528335723489338900 ) ) ;
#3858 = DIRECTION ( 'NONE',  ( -0.0000000000000000000, -0.0000000000000000000, -1.000000000000000000 ) ) ;
#3859 = CARTESIAN_POINT ( 'NONE',  ( -1.108033091542948800, 0.7061733014393543100, -0.1968503937007874100 ) ) ;
#3860 = CARTESIAN_POINT ( 'NONE',  ( 0.1251725047065984900, 0.01871959219484252400, 0.2716535433070866900 ) ) ;
#3861 = ORIENTED_EDGE ( 'NONE', *, *, #387, .T. ) ;
#3862 = CARTESIAN_POINT ( 'NONE',  ( -0.1052403137048559700, 0.001327639373680851500, 0.7874678477690290100 ) ) ;
#3863 = CARTESIAN_POINT ( 'NONE',  ( 0.8253816619105313100, -0.9129958530717085000, -0.06561679790026378500 ) ) ;
#3864 = B_SPLINE_CURVE_WITH_KNOTS ( 'NONE', 3,
 ( #1526, #2821, #5486, #3453, #7963, #4760 ),
 .UNSPECIFIED., .F., .F.,
 ( 4, 1, 1, 4 ),
 ( 0.0000000000000000000, 0.2899741926369829900, 0.7112355692682480500, 1.000000000000000000 ),
 .UNSPECIFIED. ) ;
#3865 = CARTESIAN_POINT ( 'NONE',  ( 0.7636744025022773600, -1.057499546894264100, -2.992125984251968500 ) ) ;
#3866 = CARTESIAN_POINT ( 'NONE',  ( -0.7642728007677205300, -1.053941206384275700, -2.992125984251968500 ) ) ;
#3867 = CARTESIAN_POINT ( 'NONE',  ( 1.107518755190024500, -0.7073156777214415500, -0.1968503937007874100 ) ) ;
#3868 = CARTESIAN_POINT ( 'NONE',  ( -1.083715119910519700, -0.7440480963253939300, -0.5074365704286969400 ) ) ;
#3869 = CARTESIAN_POINT ( 'NONE',  ( 1.057192564065761300, 1.057192564065723200, 0.0000000000000000000 ) ) ;
#3870 = CARTESIAN_POINT ( 'NONE',  ( 0.0000000000000000000, -0.1460610273873661500, 0.03674540682414568400 ) ) ;
#3871 = CARTESIAN_POINT ( 'NONE',  ( 1.089170987909439600, 0.7365395562713975600, -2.992125984251968500 ) ) ;
#3872 = CARTESIAN_POINT ( 'NONE',  ( 0.7475806083234700600, -1.081538273903767600, -0.1968503937007874100 ) ) ;
#3873 = CARTESIAN_POINT ( 'NONE',  ( -1.081538273903767600, -0.7475806083234708400, -2.992125984251968500 ) ) ;
#3874 = ORIENTED_EDGE ( 'NONE', *, *, #1787, .T. ) ;
#3875 = CARTESIAN_POINT ( 'NONE',  ( -0.03118581022709106600, -0.1220758604316083500, -2.952755905511811100 ) ) ;
#3876 = CARTESIAN_POINT ( 'NONE',  ( 1.060986002430181200, 0.7627446526210116500, -2.060367454068240600 ) ) ;
#3877 = CARTESIAN_POINT ( 'NONE',  ( 0.8255908954713383500, 0.9279527559886499000, -0.1968503937007874100 ) ) ;
#3878 = ORIENTED_EDGE ( 'NONE', *, *, #1332, .F. ) ;
#3879 = CARTESIAN_POINT ( 'NONE',  ( 0.07300122802353303800, -0.1063631876222495600, 0.7675196850393704000 ) ) ;
#3880 = CARTESIAN_POINT ( 'NONE',  ( -0.7627446526210077700, -1.060986002430181200, -0.1968503937007874100 ) ) ;
#3881 = CARTESIAN_POINT ( 'NONE',  ( -0.7499998966439960200, -0.0003937435670787403000, 0.05599300087488978000 ) ) ;
#3882 = CARTESIAN_POINT ( 'NONE',  ( -0.2142136135413897600, 0.7237849185444176200, 0.06299212598425198200 ) ) ;
#3883 = CARTESIAN_POINT ( 'NONE',  ( -0.1251725047065984900, -0.01871959219484252400, 0.1062992125984252000 ) ) ;
#3884 = ORIENTED_EDGE ( 'NONE', *, *, #3806, .F. ) ;
#3885 = CARTESIAN_POINT ( 'NONE',  ( -0.1968492172778220900, 1.137382512314492300, -2.681102361419486400 ) ) ;
#3886 = DIRECTION ( 'NONE',  ( 0.0000000000000000000, 0.0000000000000000000, 1.000000000000000000 ) ) ;
#3887 = CARTESIAN_POINT ( 'NONE',  ( -0.08512499334818901500, 0.09153543307086616000, 0.7874015748031496500 ) ) ;
#3888 = CARTESIAN_POINT ( 'NONE',  ( -1.103009155936019800, 0.7155729551865434000, -0.5074365704286969400 ) ) ;
#3889 = CARTESIAN_POINT ( 'NONE',  ( 0.1156637036326063400, 0.06262578429423626400, 0.1062992125984252000 ) ) ;
#3890 = CARTESIAN_POINT ( 'NONE',  ( -0.06523432588056694800, -0.09504676881338192100, 0.7808398950131221200 ) ) ;
#3891 = CARTESIAN_POINT ( 'NONE',  ( 0.7328930827737221200, 0.9612049079576732200, -0.1968503937007874100 ) ) ;
#3892 = CARTESIAN_POINT ( 'NONE',  ( 0.7376712701478820300, -0.8628714702481337100, -0.5074365704286969400 ) ) ;
#3893 = CARTESIAN_POINT ( 'NONE',  ( -1.036985750691334900, 0.7634200263010119100, -0.1968503937007874100 ) ) ;
#3894 = CARTESIAN_POINT ( 'NONE',  ( 1.105962098314015300, -0.7107731193049321400, -0.1968503937007874100 ) ) ;
#3895 = CARTESIAN_POINT ( 'NONE',  ( -1.081609771494819000, -0.7479077349249685400, -2.992125984251968500 ) ) ;
#3896 = CARTESIAN_POINT ( 'NONE',  ( 0.1138433471217047400, -0.06118701144672442100, 0.7699037620297480800 ) ) ;
#3897 = ORIENTED_EDGE ( 'NONE', *, *, #5851, .T. ) ;
#3898 = CARTESIAN_POINT ( 'NONE',  ( -1.103922707984717800, 0.7141138414615314500, -0.1968503937007874400 ) ) ;
#3899 = CARTESIAN_POINT ( 'NONE',  ( 0.7311036405941849800, -0.9272433185909526600, -1.128608923884515600 ) ) ;
#3900 = CARTESIAN_POINT ( 'NONE',  ( 1.028953034820992100, -0.7589873557274845500, -2.992125984251968500 ) ) ;
#3901 = ORIENTED_EDGE ( 'NONE', *, *, #3496, .F. ) ;
#3902 = CARTESIAN_POINT ( 'NONE',  ( -0.01582979514915527600, -0.1249975801295956900, -2.952755905511811600 ) ) ;
#3903 = CARTESIAN_POINT ( 'NONE',  ( -1.083913278540055400, 0.7441482841840275600, -0.1968503937007874100 ) ) ;
#3904 = CARTESIAN_POINT ( 'NONE',  ( 0.8334242859585580000, 0.8766112441929485600, -0.1968503937007874100 ) ) ;
#3905 = ADVANCED_FACE ( 'NONE', ( #1144 ), #6917, .T. ) ;
#3906 = CARTESIAN_POINT ( 'NONE',  ( 0.1253070686585214300, -0.01835074770224161600, 0.7676509186351706500 ) ) ;
#3907 = CARTESIAN_POINT ( 'NONE',  ( 1.110322617515925500, 0.6954048260608425300, -0.5074365704286969400 ) ) ;
#3908 = CARTESIAN_POINT ( 'NONE',  ( 0.6631499799855394800, 0.3699185312724016000, -0.0000000000000000000 ) ) ;
#3909 = CARTESIAN_POINT ( 'NONE',  ( -0.1051740460118890700, 0.001326803386070364100, 0.7875341207349083600 ) ) ;
#3910 = CARTESIAN_POINT ( 'NONE',  ( 0.1251725047065984900, -0.01871959219484252400, 0.6850393700787402700 ) ) ;
#3911 = CARTESIAN_POINT ( 'NONE',  ( 0.9279527559055117400, -1.031298199610023700, -0.1749781277340315400 ) ) ;
#3912 = VERTEX_POINT ( 'NONE', #947 ) ;
#3913 = VECTOR ( 'NONE', #5850, 39.37007874015748100 ) ;
#3914 = CARTESIAN_POINT ( 'NONE',  ( 0.7137832230396653500, 1.104136452828496300, -0.5074365704286969400 ) ) ;
#3915 = CARTESIAN_POINT ( 'NONE',  ( 0.7173146837074369000, -1.101616661993956900, -0.1968503937007874100 ) ) ;
#3916 = CARTESIAN_POINT ( 'NONE',  ( -0.7566742686776338800, 1.025508191967476900, -1.128608923884515600 ) ) ;
#3917 = CARTESIAN_POINT ( 'NONE',  ( -1.108033091542948800, 0.7061733014393543100, -0.5074365704286969400 ) ) ;
#3918 = ORIENTED_EDGE ( 'NONE', *, *, #3051, .F. ) ;
#3919 = ORIENTED_EDGE ( 'NONE', *, *, #2147, .F. ) ;
#3920 = CARTESIAN_POINT ( 'NONE',  ( -0.09756202512007841600, -0.05243634255944729800, 0.7874678477690290100 ) ) ;
#3921 = CARTESIAN_POINT ( 'NONE',  ( 0.9530213658428109400, -0.8275570291413073500, -0.06561679790026378500 ) ) ;
#3922 = PRODUCT ( 'STP-MTRAC-23078 from HT23-554-CAA New r1', 'STP-MTRAC-23078 from HT23-554-CAA New r1', '', ( #1862 ) ) ;
#3923 = CARTESIAN_POINT ( 'NONE',  ( 0.8324966087895275800, -0.7505357138161850000, -0.1968503937007874100 ) ) ;
#3924 = CARTESIAN_POINT ( 'NONE',  ( -1.036985750691334900, 0.7634200263010119100, -1.128608923884511800 ) ) ;
#3925 = CARTESIAN_POINT ( 'NONE',  ( 0.7479077349249685400, 1.081609771494819000, -0.5074365704286969400 ) ) ;
#3926 = CARTESIAN_POINT ( 'NONE',  ( 0.9530213658428109400, 1.028348482669716500, -0.1968503937007874100 ) ) ;
#3927 = CARTESIAN_POINT ( 'NONE',  ( -0.04788271554519685900, 1.110236220472443900, -2.874255262171082800 ) ) ;
#3928 = CARTESIAN_POINT ( 'NONE',  ( -0.1337290113004449000, -0.07273870726820080800, -2.992125984251968500 ) ) ;
#3929 = EDGE_CURVE ( 'NONE', #1482, #6587, #5463, .T. ) ;
#3930 = ORIENTED_EDGE ( 'NONE', *, *, #2426, .F. ) ;
#3931 = CARTESIAN_POINT ( 'NONE',  ( 0.7528510366733464100, -1.018785567477366500, -2.060367454068244600 ) ) ;
#3932 = CARTESIAN_POINT ( 'NONE',  ( 0.7311023602031940800, -0.9279527559055627000, -2.992125984251968500 ) ) ;
#3933 = CARTESIAN_POINT ( 'NONE',  ( -1.110233970439102400, 0.9282311026850591500, 0.0000000000000000000 ) ) ;
#3934 = CARTESIAN_POINT ( 'NONE',  ( 1.109088367905878100, -0.7023879734236339000, -2.992125984251968500 ) ) ;
#3935 = CARTESIAN_POINT ( 'NONE',  ( -0.7366106222218031800, 1.089068901887649600, -0.5074365704286969400 ) ) ;
#3936 = VERTEX_POINT ( 'NONE', #1607 ) ;
#3937 = CARTESIAN_POINT ( 'NONE',  ( -1.028953034820995400, -0.7589873557274847700, -2.992125984251968500 ) ) ;
#3938 = CARTESIAN_POINT ( 'NONE',  ( -0.7311036405941849800, 0.9286621932200747100, -1.128608923884515600 ) ) ;
#3939 = CARTESIAN_POINT ( 'NONE',  ( 0.08968624851009841800, 0.7465127032399607700, 0.04199475065616930400 ) ) ;
#3940 = CARTESIAN_POINT ( 'NONE',  ( -1.104400432191188700, -0.7133756011909799800, -2.992125984251968500 ) ) ;
#3941 = CARTESIAN_POINT ( 'NONE',  ( 0.1661261782249960900, 1.152548769262433000, -2.704796299827704900 ) ) ;
#3942 = CARTESIAN_POINT ( 'NONE',  ( -0.7311023782002935600, 0.9279527559062281700, -0.1968503937007873800 ) ) ;
#3943 = FACE_OUTER_BOUND ( 'NONE', #1668, .T. ) ;
#3944 = CARTESIAN_POINT ( 'NONE',  ( 0.7176078221647755900, 1.101663991491527600, -2.681539807524059500 ) ) ;
#3945 = CARTESIAN_POINT ( 'NONE',  ( -0.03051586097098820200, 0.1226143411448661600, -3.020559930008748200 ) ) ;
#3946 = CARTESIAN_POINT ( 'NONE',  ( -1.101616661993956900, 0.7173146837074329000, -2.681539807524059500 ) ) ;
#3947 = CARTESIAN_POINT ( 'NONE',  ( 0.09965094409673622100, -0.05355906700991339100, 0.7852143482064725100 ) ) ;
#3948 = CARTESIAN_POINT ( 'NONE',  ( 1.022873197870755900, -0.8770121648875594000, -0.1312335958005236600 ) ) ;
#3949 = CARTESIAN_POINT ( 'NONE',  ( 0.7311036405941849800, 0.9286621932200708200, -2.681539807524059500 ) ) ;
#3950 = ADVANCED_FACE ( 'NONE', ( #8182, #4764 ), #5369, .T. ) ;
#3951 = PLANE ( 'NONE',  #6465 ) ;
#3952 = CARTESIAN_POINT ( 'NONE',  ( -0.7137832230396693500, 1.104136452828496300, -2.060367454068240600 ) ) ;
#3953 = CARTESIAN_POINT ( 'NONE',  ( -0.7155729551865474000, 1.103009155936019800, -2.681539807524059500 ) ) ;
#3954 = CARTESIAN_POINT ( 'NONE',  ( 0.1852210834394180700, 1.110236220472443900, -2.763252316820715000 ) ) ;
#3955 = FACE_OUTER_BOUND ( 'NONE', #4917, .T. ) ;
#3956 = CARTESIAN_POINT ( 'NONE',  ( 0.1337290113004449000, -0.07273870726820080800, -2.987751531058617800 ) ) ;
#3957 = CARTESIAN_POINT ( 'NONE',  ( 1.110233970439102400, -0.9282311026850591500, -0.02187226596675591000 ) ) ;
#3958 = EDGE_CURVE ( 'NONE', #2731, #34, #1050, .T. ) ;
#3959 = CARTESIAN_POINT ( 'NONE',  ( 1.047580032597574800, 1.066889654611260100, -0.1968503937007874100 ) ) ;
#3960 = CARTESIAN_POINT ( 'NONE',  ( -0.7061733014393543100, -1.108033091542944800, -1.128608923884515600 ) ) ;
#3961 = CARTESIAN_POINT ( 'NONE',  ( -0.1118766649054300100, -4.540096597283049800E-013, 0.7808398950131221200 ) ) ;
#3962 = LINE ( 'NONE', #5742, #4262 ) ;
#3963 = CARTESIAN_POINT ( 'NONE',  ( -1.081314661062031700, 0.7479053414235590200, -2.681539807524059500 ) ) ;
#3964 = CARTESIAN_POINT ( 'NONE',  ( -1.110318066288362500, -0.9451014140148467100, -0.1312335958005236600 ) ) ;
#3965 = CARTESIAN_POINT ( 'NONE',  ( -0.7310279753857676900, 0.9076672032026179600, -2.060367454068244600 ) ) ;
#3966 = CARTESIAN_POINT ( 'NONE',  ( 0.2142136135413897600, 0.7237849185444172900, 0.04199475065616930400 ) ) ;
#3967 = CARTESIAN_POINT ( 'NONE',  ( -1.105962098314002200, -0.7107731193049651200, -2.992125984251968500 ) ) ;
#3968 = B_SPLINE_CURVE_WITH_KNOTS ( 'NONE', 3,
 ( #1460, #3388, #829, #7240, #4058, #2808, #2086, #7212, #7863, #3361 ),
 .UNSPECIFIED., .F., .F.,
 ( 4, 2, 2, 2, 4 ),
 ( 0.0000000000000000000, 0.0006479145995836057200, 0.001295829199167211400, 0.001943743798750817200, 0.002591658398334422900 ),
 .UNSPECIFIED. ) ;
#3969 = CARTESIAN_POINT ( 'NONE',  ( 0.1474643960790040000, 1.137382512314492300, -2.744248841075859000 ) ) ;
#3970 = CARTESIAN_POINT ( 'NONE',  ( 0.9530213658428109400, -1.028348482669716500, -0.02187226596675591000 ) ) ;
#3971 = ORIENTED_EDGE ( 'NONE', *, *, #5484, .F. ) ;
#3972 = CARTESIAN_POINT ( 'NONE',  ( 0.7441482841840275600, 1.083913278540055400, -0.5074365704286969400 ) ) ;
#3973 = CARTESIAN_POINT ( 'NONE',  ( -0.07270040754172836500, 0.1062935698246890300, -2.952755905511811100 ) ) ;
#3974 = CARTESIAN_POINT ( 'NONE',  ( 0.1557471456035848800, 1.134251968503936900, -2.681102362211296200 ) ) ;
#3975 = CARTESIAN_POINT ( 'NONE',  ( -1.109088367905878100, 0.7023879734236339000, -2.060367454068244600 ) ) ;
#3976 = CARTESIAN_POINT ( 'NONE',  ( 0.1052403137048559700, 0.001327639373680851500, 0.7874678477690290100 ) ) ;
#3977 = CARTESIAN_POINT ( 'NONE',  ( 0.9530213658428109400, -0.8275570291413073500, 0.0000000000000000000 ) ) ;
#3978 = CARTESIAN_POINT ( 'NONE',  ( 0.7310279753857676900, -0.9076672032026179600, -2.060367454068240600 ) ) ;
#3979 = ORIENTED_EDGE ( 'NONE', *, *, #7135, .F. ) ;
#3980 = CARTESIAN_POINT ( 'NONE',  ( 0.6927299607347681100, 1.110236220472441000, -1.496062992125984500 ) ) ;
#3981 = CARTESIAN_POINT ( 'NONE',  ( -0.7441482841840315600, 1.083913278540055400, -1.128608923884515600 ) ) ;
#3982 = CARTESIAN_POINT ( 'NONE',  ( -0.7061733014393583000, 1.108033091542948800, -2.992125984251968500 ) ) ;
#3983 = CARTESIAN_POINT ( 'NONE',  ( -0.1337290113004449000, -0.07273870726820080800, -2.979002624671917700 ) ) ;
#3984 = CARTESIAN_POINT ( 'NONE',  ( 1.066889654611260100, -1.047580032597574800, -0.06561679790026378500 ) ) ;
#3985 = CARTESIAN_POINT ( 'NONE',  ( -1.056646062823173100, 1.057736748147917400, -0.1312335958005236600 ) ) ;
#3986 = CARTESIAN_POINT ( 'NONE',  ( -0.7003745554811694500, -1.109486903909763700, -2.060367454068240600 ) ) ;
#3987 = VERTEX_POINT ( 'NONE', #6068 ) ;
#3988 = CARTESIAN_POINT ( 'NONE',  ( -0.07784670121729529700, 1.134251968503936900, -2.543888952566362600 ) ) ;
#3989 = CARTESIAN_POINT ( 'NONE',  ( 0.1154050618047827000, -0.04806778984148395200, -2.952755905511811100 ) ) ;
#3990 = CARTESIAN_POINT ( 'NONE',  ( 1.057272500430996200, 0.7639149224034370600, -2.681539807524059500 ) ) ;
#3991 = ADVANCED_FACE ( 'NONE', ( #7276 ), #1245, .T. ) ;
#3992 = CARTESIAN_POINT ( 'NONE',  ( -1.028952602479414000, -0.7589880794554850800, -2.681539807524059500 ) ) ;
#3993 = CARTESIAN_POINT ( 'NONE',  ( -0.7376712701478860300, 0.8628714702481337100, -1.128608923884511800 ) ) ;
#3994 = CARTESIAN_POINT ( 'NONE',  ( 0.0000000000000000000, 0.7517436483800196100, -0.0000000000000000000 ) ) ;
#3995 = CARTESIAN_POINT ( 'NONE',  ( 0.1446848777822665200, -4.243681762603731500E-011, -2.992125984251968500 ) ) ;
#3996 = ORIENTED_EDGE ( 'NONE', *, *, #2521, .T. ) ;
#3997 = B_SPLINE_CURVE_WITH_KNOTS ( 'NONE', 3,
 ( #4538, #1227, #706, #5744, #3763, #3210 ),
 .UNSPECIFIED., .F., .F.,
 ( 4, 1, 1, 4 ),
 ( 0.0000000000000000000, 0.2233249047147198000, 0.7768679091368258000, 1.000000000000000000 ),
 .UNSPECIFIED. ) ;
#3998 = CARTESIAN_POINT ( 'NONE',  ( 0.07784670121729529700, 1.134251968503936900, -2.818315771843086500 ) ) ;
#3999 = CARTESIAN_POINT ( 'NONE',  ( 0.9028841459682126500, -1.028348482669716500, -0.06561679790026378500 ) ) ;
#4000 = CARTESIAN_POINT ( 'NONE',  ( 0.7499998966439960200, 0.0003937435670787403000, 0.04199475065616930400 ) ) ;
#4001 = CARTESIAN_POINT ( 'NONE',  ( 0.07270040754172836500, 0.1062935698246890300, -2.952755905511811100 ) ) ;
#4002 = ORIENTED_EDGE ( 'NONE', *, *, #6133, .F. ) ;
#4003 = CARTESIAN_POINT ( 'NONE',  ( -0.03825588577256693700, 1.134251968503936900, -2.833869000920110200 ) ) ;
#4004 = CARTESIAN_POINT ( 'NONE',  ( -1.065122253766169300, 0.7618448995876850900, -1.128608923884515600 ) ) ;
#4005 = CARTESIAN_POINT ( 'NONE',  ( 0.9279527559055117400, 0.8246073122010001400, -0.1312335958005236600 ) ) ;
#4006 = CARTESIAN_POINT ( 'NONE',  ( 0.0000000000000000000, 0.1460610273873661500, -2.992125984251968500 ) ) ;
#4007 = DIRECTION ( 'NONE',  ( 0.0000000000000000000, 0.0000000000000000000, -1.000000000000000000 ) ) ;
#4008 = EDGE_CURVE ( 'NONE', #214, #3516, #4683, .T. ) ;
#4009 = CARTESIAN_POINT ( 'NONE',  ( -0.7046512160692319800, 1.108398963774295900, -0.1968503937007874100 ) ) ;
#4010 = CARTESIAN_POINT ( 'NONE',  ( 0.7073156778342670800, -1.107518755139228500, -2.992125984251968500 ) ) ;
#4011 = VERTEX_POINT ( 'NONE', #2234 ) ;
#4012 = CARTESIAN_POINT ( 'NONE',  ( 0.08401568594263388000, -0.1231026060500197600, -2.957130358705161400 ) ) ;
#4013 = CARTESIAN_POINT ( 'NONE',  ( 1.056646062823173100, -1.057736748147917400, -0.1968503937007874100 ) ) ;
#4014 = CARTESIAN_POINT ( 'NONE',  ( -0.7038785125588548100, 1.108626020972166800, -0.1968503937007874100 ) ) ;
#4015 = FACE_OUTER_BOUND ( 'NONE', #7947, .T. ) ;
#4016 = CARTESIAN_POINT ( 'NONE',  ( 0.03825588577256693700, 1.134251968503936900, -2.528335723489338900 ) ) ;
#4017 = CARTESIAN_POINT ( 'NONE',  ( 0.1158250113019861200, -0.04704223208776551300, -2.952755905511810700 ) ) ;
#4018 = ORIENTED_EDGE ( 'NONE', *, *, #1028, .T. ) ;
#4019 = ORIENTED_EDGE ( 'NONE', *, *, #5064, .F. ) ;
#4020 = CARTESIAN_POINT ( 'NONE',  ( -1.066889654611260100, -1.047580032597574800, -0.1749781277340315400 ) ) ;
#4021 = CARTESIAN_POINT ( 'NONE',  ( -0.9634718618594920700, 0.7306366061711417900, -0.5074365704286969400 ) ) ;
#4022 = CARTESIAN_POINT ( 'NONE',  ( -0.6631499799855394800, 0.3699185312724016000, -0.0000000000000000000 ) ) ;
#4023 = LINE ( 'NONE', #1206, #6231 ) ;
#4024 = CARTESIAN_POINT ( 'NONE',  ( -1.105962098314001900, -0.7107731193049654500, -0.1968503937007874100 ) ) ;
#4025 = B_SPLINE_CURVE_WITH_KNOTS ( 'NONE', 3,
 ( #5932, #843, #5315, #5961, #7136, #1469 ),
 .UNSPECIFIED., .F., .F.,
 ( 4, 1, 1, 4 ),
 ( 0.0000000000000000000, 0.3244971868643983200, 0.6623542134025016700, 1.000000000000000000 ),
 .UNSPECIFIED. ) ;
#4026 = EDGE_CURVE ( 'NONE', #7115, #7898, #2106, .T. ) ;
#4027 = CARTESIAN_POINT ( 'NONE',  ( -0.07784670121729529700, 1.137382512314492300, -2.818315771843090500 ) ) ;
#4028 = CARTESIAN_POINT ( 'NONE',  ( 1.030305832406381800, -0.9265857566923937400, -0.06561679790026378500 ) ) ;
#4029 = B_SPLINE_SURFACE_WITH_KNOTS ( 'NONE', 3, 3, ( 
 ( #6977, #3770, #2450, #6363, #4343, #8291 ),
 ( #499, #7549, #7577, #3691, #3718, #8234 ),
 ( #4547, #5134, #4489, #746, #6476, #3916 ),
 ( #3831, #2648, #1944, #1259, #2675, #660 ),
 ( #5779, #3275, #52, #7069, #7152, #1343 ),
 ( #5753, #2029, #7748, #715, #6503, #1998 ) ),
 .UNSPECIFIED., .F., .F., .F.,
 ( 4, 1, 1, 4 ),
 ( 4, 1, 1, 4 ),
 ( -71.00000000000000000, -47.33333333333332900, -23.66666666666667100, -1.000000000000000800E-014 ),
 ( 0.3041592653589800800, 0.3359622768347101400, 0.3677652883104400900, 0.3995682997861700900 ),
 .UNSPECIFIED. ) ;
#4030 = ORIENTED_EDGE ( 'NONE', *, *, #982, .T. ) ;
#4031 = ORIENTED_EDGE ( 'NONE', *, *, #6222, .T. ) ;
#4032 = CARTESIAN_POINT ( 'NONE',  ( 0.7499998966439960200, 0.0003937435670787403000, 0.05599300087488978000 ) ) ;
#4033 = CARTESIAN_POINT ( 'NONE',  ( -1.108626020972166800, 0.7038785125588509200, -2.992125984251968500 ) ) ;
#4034 = CARTESIAN_POINT ( 'NONE',  ( -1.065122253766169300, 0.7618448995876850900, -0.5074365704286969400 ) ) ;
#4035 = ORIENTED_EDGE ( 'NONE', *, *, #7894, .T. ) ;
#4036 = CARTESIAN_POINT ( 'NONE',  ( 0.8682354914878504000, 0.8410053028255510800, -0.06561679790026378500 ) ) ;
#4037 = CARTESIAN_POINT ( 'NONE',  ( -0.1337290113004449000, 0.07273870726820080800, -2.992125984251968500 ) ) ;
#4038 = CARTESIAN_POINT ( 'NONE',  ( 0.7311036405941849800, 0.9286621932200708200, -1.128608923884515600 ) ) ;
#4039 = ADVANCED_FACE ( 'NONE', ( #3543 ), #4202, .T. ) ;
#4040 = CARTESIAN_POINT ( 'NONE',  ( 1.065122253766169300, -0.7618448995876850900, -0.1968503937007874100 ) ) ;
#4041 = CARTESIAN_POINT ( 'NONE',  ( 0.1337290113004449000, -0.07273870726820080800, -2.965879265091866800 ) ) ;
#4042 = CARTESIAN_POINT ( 'NONE',  ( -1.085874585383008100, 1.023890032031122200, -0.1749781277340354800 ) ) ;
#4043 = CARTESIAN_POINT ( 'NONE',  ( -0.7155729551865434000, -1.103009155936019800, -2.681539807524059500 ) ) ;
#4044 = CARTESIAN_POINT ( 'NONE',  ( 1.047580032597574800, 1.066889654611260100, -0.06561679790026378500 ) ) ;
#4045 = CARTESIAN_POINT ( 'NONE',  ( 1.101616661993956900, -0.7173146837074329000, -1.128608923884515600 ) ) ;
#4046 = CARTESIAN_POINT ( 'NONE',  ( -0.8334242859743975500, 0.8766112441767510700, 0.0000000000000000000 ) ) ;
#4047 = CARTESIAN_POINT ( 'NONE',  ( -0.7046512160692319800, 1.108398963774295900, -2.992125984251968500 ) ) ;
#4048 = CARTESIAN_POINT ( 'NONE',  ( 1.110038567578173200, 0.6887898905127283200, -2.681539807524059500 ) ) ;
#4049 = CARTESIAN_POINT ( 'NONE',  ( -1.031542260286327300, -0.7605331936007384600, -0.1968503937007874100 ) ) ;
#4050 = PRESENTATION_STYLE_ASSIGNMENT (( #5806 ) ) ;
#4051 = CARTESIAN_POINT ( 'NONE',  ( -0.1557450946406299700, 1.134251968503936900, -2.680205304754929200 ) ) ;
#4052 = CARTESIAN_POINT ( 'NONE',  ( -0.1489574861260472600, 1.144378037797165300, -2.744888204756960700 ) ) ;
#4053 = CARTESIAN_POINT ( 'NONE',  ( -1.057272500430996200, -0.7639149224034370600, -0.5074365704286969400 ) ) ;
#4054 = B_SPLINE_SURFACE_WITH_KNOTS ( 'NONE', 3, 3, ( 
 ( #6531, #5161, #5218, #5869, #7153, #3249, #53, #4634, #1317, #5807, #1373 ),
 ( #2619, #5280, #1402, #1433, #5923, #6419, #7749, #5836, #2591, #3218, #1972 ),
 ( #1999, #3389, #7917, #5332, #2730, #1571, #1541, #6004, #2168, #7324, #3467 ),
 ( #298, #4691, #7889, #2143, #4111, #188, #7241, #7271, #2809, #6645, #6564 ),
 ( #5952, #6029, #1488, #7946, #2115, #6620, #2194, #2835, #830, #4717, #4747 ),
 ( #7298, #4059, #908, #5978, #4773, #5387, #1511, #4665, #246, #6591, #5306 ) ),
 .UNSPECIFIED., .F., .F., .F.,
 ( 4, 1, 1, 4 ),
 ( 4, 1, 1, 1, 1, 1, 1, 1, 4 ),
 ( -0.0000000000000000000, 0.09070294784580003300, 0.1814058956916100300, 0.2721088435374100500 ),
 ( -0.002721088435370000900, 0.1906084910754600700, 0.3839380705862900400, 0.4806028603417100700, 0.5772676500971200000, 0.6739324398525400300, 0.7705972296079598400, 0.9639268091187901400, 1.157256388629619900 ),
 .UNSPECIFIED. ) ;
#4055 = CARTESIAN_POINT ( 'NONE',  ( 0.08968624851009841800, -0.7465127032399607700, 0.06299212598425198200 ) ) ;
#4056 = CARTESIAN_POINT ( 'NONE',  ( -0.7642466524047228900, 1.054918747226493600, -0.1968503937007874100 ) ) ;
#4057 = B_SPLINE_CURVE_WITH_KNOTS ( 'NONE', 3,
 ( #692, #664, #5054, #1293, #6312, #5784 ),
 .UNSPECIFIED., .F., .F.,
 ( 4, 1, 1, 4 ),
 ( 0.0000000000000000000, 0.3333333333333301500, 0.6666666666666651900, 1.000000000000000000 ),
 .UNSPECIFIED. ) ;
#4058 = CARTESIAN_POINT ( 'NONE',  ( 0.1111941870163263000, 0.05778585382945669600, 0.7676596675272494600 ) ) ;
#4059 = CARTESIAN_POINT ( 'NONE',  ( -0.1448347163264528100, 0.02193883921625590700, 0.02362204724409449500 ) ) ;
#4060 = VERTEX_POINT ( 'NONE', #417 ) ;
#4061 = CARTESIAN_POINT ( 'NONE',  ( 0.8330323139402675500, 0.8770121648875555100, -0.02187226596675591000 ) ) ;
#4062 = CARTESIAN_POINT ( 'NONE',  ( -1.081538273903767600, -0.7475806083234708400, -2.992125984251968500 ) ) ;
#4063 = CARTESIAN_POINT ( 'NONE',  ( 0.07270040754172836500, 0.1062935698246890300, 0.02362204724409449500 ) ) ;
#4064 = CARTESIAN_POINT ( 'NONE',  ( -0.1968503101154697500, 1.110236220472441400, -2.681102362189102400 ) ) ;
#4065 = CARTESIAN_POINT ( 'NONE',  ( -0.03526368610020472900, -0.1419330633355000400, -2.957130358705161400 ) ) ;
#4066 = VERTEX_POINT ( 'NONE', #476 ) ;
#4067 = EDGE_CURVE ( 'NONE', #6646, #3912, #4564, .T. ) ;
#4068 = CARTESIAN_POINT ( 'NONE',  ( -0.1412742653159843000, 1.126246719160106400, -2.540380452650441400 ) ) ;
#4069 = CARTESIAN_POINT ( 'NONE',  ( -0.7003745554811694500, -1.109486903909763700, -2.992125984251968500 ) ) ;
#4070 = CARTESIAN_POINT ( 'NONE',  ( -0.8255908954713114800, -0.9279527557669474700, 0.0000000000000000000 ) ) ;
#4071 = CARTESIAN_POINT ( 'NONE',  ( -1.060085487004329900, 0.7631258898213025800, -0.1968503937007874100 ) ) ;
#4072 = CARTESIAN_POINT ( 'NONE',  ( -0.8682354914878504000, 0.8410053028255472000, 0.0000000000000000000 ) ) ;
#4073 = VERTEX_POINT ( 'NONE', #8072 ) ;
#4074 = CARTESIAN_POINT ( 'NONE',  ( -1.030523849900492500, 0.9129958530717085000, -0.06561679790026378500 ) ) ;
#4075 = CARTESIAN_POINT ( 'NONE',  ( 1.110038567578173200, 0.6887898905127283200, -2.060367454068240600 ) ) ;
#4076 = CARTESIAN_POINT ( 'NONE',  ( 0.04343382380483071200, 1.153934119375358300, -2.507658743393551300 ) ) ;
#4077 = CARTESIAN_POINT ( 'NONE',  ( 0.1557450946406299700, 1.131583552055992000, -2.680205304754929200 ) ) ;
#4078 = CARTESIAN_POINT ( 'NONE',  ( -0.1664217845600472800, 1.153934119375358300, -2.752366680791752200 ) ) ;
#4079 = CARTESIAN_POINT ( 'NONE',  ( 0.8330323139402675500, -0.9788933469234645200, -0.06561679790026378500 ) ) ;
#4080 = ORIENTED_EDGE ( 'NONE', *, *, #2302, .T. ) ;
#4081 = CARTESIAN_POINT ( 'NONE',  ( 0.7360730235907874100, -0.1823967744873268300, 0.04199475065616930400 ) ) ;
#4082 = EDGE_CURVE ( 'NONE', #2421, #2691, #6556, .T. ) ;
#4083 = CARTESIAN_POINT ( 'NONE',  ( 1.081538273903762700, -0.7475806083234705100, -0.1968503937007873300 ) ) ;
#4084 = CARTESIAN_POINT ( 'NONE',  ( 1.109486903909763700, 0.7003745554811732200, -2.681539807524059500 ) ) ;
#4085 = CARTESIAN_POINT ( 'NONE',  ( -1.076064190174771800, 0.7549431811966416100, -0.1968503937007874100 ) ) ;
#4086 = CARTESIAN_POINT ( 'NONE',  ( -1.105565014269958200, 0.9791254460543421500, -0.1968503937007874400 ) ) ;
#4087 = CARTESIAN_POINT ( 'NONE',  ( 0.08401568594263388000, 0.1231026060500197600, -2.957130358705161400 ) ) ;
#4088 = CARTESIAN_POINT ( 'NONE',  ( 0.1968430982669151200, 1.110236220472441400, -2.650231929284210300 ) ) ;
#4089 = CARTESIAN_POINT ( 'NONE',  ( -0.08401568594263388000, 0.1231026060500197000, -2.992125984251978700 ) ) ;
#4090 = CARTESIAN_POINT ( 'NONE',  ( -0.7589873301296454800, -1.028953050111380800, -2.992125984251968500 ) ) ;
#4091 = ORIENTED_EDGE ( 'NONE', *, *, #4383, .T. ) ;
#4092 = B_SPLINE_SURFACE_WITH_KNOTS ( 'NONE', 3, 3, ( 
 ( #7234, #7825, #2775, #3382, #3998, #7147, #2724, #4602, #3299, #794, #5300, #2108, #5945 ),
 ( #6585, #767, #3969, #7882, #6526, #2696, #3327, #2023, #4027, #154, #209, #4684, #1480 ),
 ( #4628, #2082, #5971, #5273, #6557, #2135, #7207, #3406, #5863, #7911, #4052, #1368, #6500 ),
 ( #7796, #3941, #125, #7970, #291, #4136, #5409, #3435, #2187, #7999, #264, #3460, #6690 ),
 ( #879, #4766, #2802, #318, #4104, #1504, #927, #238, #1564, #6051, #2215, #5997, #2855 ),
 ( #7347, #3488, #4791, #5354, #4710, #2163, #5380, #6637, #7291, #7937, #4078, #4740, #902 ) ),
 .UNSPECIFIED., .F., .F., .F.,
 ( 4, 1, 1, 4 ),
 ( 4, 1, 1, 1, 1, 1, 1, 1, 1, 1, 4 ),
 ( -3.141592653589790000, -2.611673481665039500, -2.081754309740279800, -1.551835137815530000 ),
 ( -0.01896118897937000200, 0.5109579829453899700, 0.7759175689077597600, 1.040877154870140100, 1.305836740832519800, 1.570796326794899900, 1.835755912757270000, 2.100715498719650100, 2.365675084682029800, 2.630634670644410400, 3.160553842569160400 ),
 .UNSPECIFIED. ) ;
#4093 = CARTESIAN_POINT ( 'NONE',  ( 0.04788271554519685900, 1.118241469816271700, -2.487949462238366200 ) ) ;
#4094 = CARTESIAN_POINT ( 'NONE',  ( 1.036985750691334900, -0.7634200263010119100, -2.681539807524059500 ) ) ;
#4095 = CARTESIAN_POINT ( 'NONE',  ( 0.9282311026850591500, 1.110233970439102400, -0.02187226596675591000 ) ) ;
#4096 = ORIENTED_EDGE ( 'NONE', *, *, #6089, .T. ) ;
#4097 = CARTESIAN_POINT ( 'NONE',  ( 1.023890032031122200, -1.085874585383008100, -0.06561679790026378500 ) ) ;
#4098 = CARTESIAN_POINT ( 'NONE',  ( 1.030305832406381800, 0.9265857566923937400, -0.1968503937007874100 ) ) ;
#4099 = CARTESIAN_POINT ( 'NONE',  ( -0.1249919725812860000, 0.01954230107134256500, 0.02362204724409449500 ) ) ;
#4100 = CARTESIAN_POINT ( 'NONE',  ( -0.9530213658428109400, 0.8275570291413073500, -0.1749781277340354800 ) ) ;
#4101 = CARTESIAN_POINT ( 'NONE',  ( 1.057192564065723200, -1.057192564065761300, 0.0000000000000000000 ) ) ;
#4102 = CARTESIAN_POINT ( 'NONE',  ( -1.028953034820992300, 0.7589873557274845500, -2.992125984251969000 ) ) ;
#4103 = CARTESIAN_POINT ( 'NONE',  ( 0.1557450946406299700, 1.110236220472441000, -2.680205304754929200 ) ) ;
#4104 = CARTESIAN_POINT ( 'NONE',  ( 0.08627883544765749300, 1.153988124042724300, -2.833178339815583000 ) ) ;
#4105 = CARTESIAN_POINT ( 'NONE',  ( 0.1053153824351917800, 0.01077841893505445200, 0.7874015747567735300 ) ) ;
#4106 = VERTEX_POINT ( 'NONE', #1203 ) ;
#4107 = B_SPLINE_CURVE_WITH_KNOTS ( 'NONE', 3,
 ( #1957, #7081, #891, #7305, #3502, #4830 ),
 .UNSPECIFIED., .F., .F.,
 ( 4, 1, 1, 4 ),
 ( 0.0000000000000000000, 0.2887644307317117600, 0.7100258073629993600, 1.000000000000000000 ),
 .UNSPECIFIED. ) ;
#4108 = CARTESIAN_POINT ( 'NONE',  ( -0.5373840014121733500, -0.5370372980905274700, 0.04199475065616930400 ) ) ;
#4109 = CARTESIAN_POINT ( 'NONE',  ( 0.7061733014393583000, -1.108033091542948800, -0.5074365704286969400 ) ) ;
#4110 = CARTESIAN_POINT ( 'NONE',  ( 1.103009155936019800, 0.7155729551865474000, -2.681539807524059500 ) ) ;
#4111 = CARTESIAN_POINT ( 'NONE',  ( -0.03526368610020472900, 0.1419330633355000400, 0.03674540682414568400 ) ) ;
#4112 = CARTESIAN_POINT ( 'NONE',  ( 0.6954048260608425300, -1.110322617515925500, -2.060367454068240600 ) ) ;
#4113 = ORIENTED_EDGE ( 'NONE', *, *, #4627, .F. ) ;
#4114 = CARTESIAN_POINT ( 'NONE',  ( 1.030523849900492500, 0.9129958530717085000, -0.1968503937007874100 ) ) ;
#4115 = CARTESIAN_POINT ( 'NONE',  ( 1.096676596295535400, 0.7252355460546456900, -0.1968503937007874100 ) ) ;
#4116 = CARTESIAN_POINT ( 'NONE',  ( 0.0000000000000000000, 1.110236220472441400, -2.482403221636720700 ) ) ;
#4117 = EDGE_CURVE ( 'NONE', #7258, #588, #6463, .T. ) ;
#4118 = CARTESIAN_POINT ( 'NONE',  ( 0.7155729551865434000, 1.103009155936019800, -2.060367454068240600 ) ) ;
#4119 = VECTOR ( 'NONE', #6754, 39.37007874015748100 ) ;
#4120 = CARTESIAN_POINT ( 'NONE',  ( 0.7479077349249685400, 1.081609771494819000, -2.681539807524059500 ) ) ;
#4121 = B_SPLINE_SURFACE_WITH_KNOTS ( 'NONE', 3, 3, ( 
 ( #3071, #5682, #6327, #4603, #7148, #7797, #5213, #2496, #768, #6969, #2468 ),
 ( #3129, #7623, #5710, #7568, #1874, #3911, #3710, #8226, #4360, #4629, #5381 ),
 ( #6558, #7176, #7265, #3357, #6586, #1535, #2725, #7938, #2755, #795, #2776 ),
 ( #5972, #1505, #4079, #5946, #3999, #4685, #6638, #4660, #5301, #265, #4028 ),
 ( #155, #5355, #5998, #184, #4741, #7208, #3970, #210, #2188, #4711, #6024 ),
 ( #880, #7826, #6664, #823, #3328, #7857, #5274, #7883, #1428, #1481, #1456 ) ),
 .UNSPECIFIED., .F., .F., .F.,
 ( 4, 1, 1, 4 ),
 ( 4, 1, 1, 1, 1, 1, 1, 1, 4 ),
 ( 46.08136074161154000, 46.72238638263720400, 47.36341202366283900, 48.00443766468846700 ),
 ( -0.003846153846150000900, 0.1335715790914600000, 0.2709893120290600700, 0.3396981784978701000, 0.4084070449666700200, 0.4771159114354800400, 0.5458247779042800800, 0.6832425108418901400, 0.8206602437795000900 ),
 .UNSPECIFIED. ) ;
#4122 = CARTESIAN_POINT ( 'NONE',  ( 0.06318082508887797000, 0.08522362730574804800, 0.7874015748031496500 ) ) ;
#4123 = CARTESIAN_POINT ( 'NONE',  ( -1.065122253766173300, -0.7618448995876850900, -2.681539807524059500 ) ) ;
#4124 = EDGE_LOOP ( 'NONE', ( #7955, #2787 ) ) ;
#4125 = ORIENTED_EDGE ( 'NONE', *, *, #7582, .T. ) ;
#4126 = CARTESIAN_POINT ( 'NONE',  ( -1.109088367905878100, -0.7023879734236379000, -1.128608923884511800 ) ) ;
#4127 = CARTESIAN_POINT ( 'NONE',  ( 0.0000000000000000000, 1.137382512314492300, -2.523864164493578400 ) ) ;
#4128 = CARTESIAN_POINT ( 'NONE',  ( 0.9788576969563070900, -1.105682788051606500, -0.1968503937007874100 ) ) ;
#4129 = B_SPLINE_CURVE_WITH_KNOTS ( 'NONE', 3,
 ( #535, #5620, #4407, #7021, #2517, #3089, #6990, #3148, #4999, #7645, #7675 ),
 .UNSPECIFIED., .F., .F.,
 ( 4, 1, 1, 1, 1, 1, 1, 1, 4 ),
 ( 2.082280265674831500E-012, 0.001330758893003533600, 0.002699622019210033800, 0.003384053582313235100, 0.004068485145416535700, 0.004752916708519735300, 0.005437348271623035500, 0.006806211397829437300, 0.008136970290290488100 ),
 .UNSPECIFIED. ) ;
#4130 = CARTESIAN_POINT ( 'NONE',  ( -0.7611279201994741700, 1.066258947909223700, -2.992125984251968500 ) ) ;
#4131 = VERTEX_POINT ( 'NONE', #6308 ) ;
#4132 = CARTESIAN_POINT ( 'NONE',  ( -0.7526187090744604900, -1.018296648772855800, -2.992125984251970300 ) ) ;
#4133 = CARTESIAN_POINT ( 'NONE',  ( 0.7475806083234708400, -1.081538273903767600, -2.992125984251968500 ) ) ;
#4134 = CARTESIAN_POINT ( 'NONE',  ( 0.1558869637127283900, 1.131583552055992000, -2.704836293623901900 ) ) ;
#4135 = EDGE_CURVE ( 'NONE', #3818, #3606, #1958, .T. ) ;
#4136 = CARTESIAN_POINT ( 'NONE',  ( 0.04069944472112992800, 1.152548769262433000, -2.843626827187531300 ) ) ;
#4137 = B_SPLINE_CURVE_WITH_KNOTS ( 'NONE', 3,
 ( #7602, #3742, #3002, #3635, #8149, #4287 ),
 .UNSPECIFIED., .F., .F.,
 ( 4, 1, 1, 4 ),
 ( 1.575824180522683700E-015, 0.0008920350090378046900, 0.001803633423066797500, 0.002695640899597348500 ),
 .UNSPECIFIED. ) ;
#4138 = VERTEX_POINT ( 'NONE', #4368 ) ;
#4139 = CARTESIAN_POINT ( 'NONE',  ( -0.3702728364785316000, -0.6629341840565985400, 0.006999125109362205200 ) ) ;
#4140 = CARTESIAN_POINT ( 'NONE',  ( 0.7119148290572677700, -1.105448062055279800, -1.128608923884515600 ) ) ;
#4141 = CARTESIAN_POINT ( 'NONE',  ( -0.02750960258582936900, 1.153937007874015700, -2.507207616732720600 ) ) ;
#4142 = CARTESIAN_POINT ( 'NONE',  ( -1.053941206384279700, 0.7642728007677205300, -2.060367454068244600 ) ) ;
#4143 = CARTESIAN_POINT ( 'NONE',  ( -0.7328273577879370600, 0.9609539274657166200, -0.5074365704286969400 ) ) ;
#4144 = CARTESIAN_POINT ( 'NONE',  ( 0.08507418187083400100, 0.09148105287393731900, 0.1968503937007873800 ) ) ;
#4145 = CARTESIAN_POINT ( 'NONE',  ( -0.1448347163264528100, 0.02193883921625590700, -2.952755905511811100 ) ) ;
#4146 = CARTESIAN_POINT ( 'NONE',  ( -0.7549431811966416100, 1.076064190174775600, -0.5074365704286969400 ) ) ;
#4147 = CARTESIAN_POINT ( 'NONE',  ( 0.7173146837074329000, 1.101616661993956900, -2.060367454068240600 ) ) ;
#4148 = LINE ( 'NONE', #687, #7676 ) ;
#4149 = CARTESIAN_POINT ( 'NONE',  ( 0.07367815843697639300, 0.09938331616236222000, 0.7699037620297480800 ) ) ;
#4150 = CARTESIAN_POINT ( 'NONE',  ( 0.7072881488253189900, 1.107445675074389500, -0.5074365704286969400 ) ) ;
#4151 = CARTESIAN_POINT ( 'NONE',  ( 0.04788271554519685900, 1.131583552055992000, -2.487949462238366200 ) ) ;
#4152 = CARTESIAN_POINT ( 'NONE',  ( 1.036985750691334900, -0.7634200263010119100, -1.128608923884511800 ) ) ;
#4153 = CARTESIAN_POINT ( 'NONE',  ( 0.1730660624311260400, 1.153988124042724300, -2.656418615598913600 ) ) ;
#4154 = CARTESIAN_POINT ( 'NONE',  ( 1.047580032597574800, -1.066889654611260100, -0.06561679790026378500 ) ) ;
#4155 = CARTESIAN_POINT ( 'NONE',  ( 0.7634200263010119100, 1.036985750691334900, -2.992125984251968500 ) ) ;
#4156 = VECTOR ( 'NONE', #1739, 39.37007874015748100 ) ;
#4157 = CARTESIAN_POINT ( 'NONE',  ( -1.030523849900492500, 0.9429096587393148700, -0.06561679790026378500 ) ) ;
#4158 = CARTESIAN_POINT ( 'NONE',  ( -0.8255996794046417400, 0.9293197551186300800, -0.06561679790026378500 ) ) ;
#4159 = CARTESIAN_POINT ( 'NONE',  ( -0.1704081797803307700, 1.153988124042724300, -2.608131009050417100 ) ) ;
#4160 = CARTESIAN_POINT ( 'NONE',  ( 0.1438889093088228900, 1.112904636920386100, -2.759511447624264100 ) ) ;
#4161 = B_SPLINE_CURVE_WITH_KNOTS ( 'NONE', 3,
 ( #473, #7522, #3030, #5528, #2977, #4314 ),
 .UNSPECIFIED., .F., .F.,
 ( 4, 1, 1, 4 ),
 ( 0.0000000000000000000, 0.2233249047145996200, 0.7768679091367939300, 1.000000000000000000 ),
 .UNSPECIFIED. ) ;
#4162 = FACE_OUTER_BOUND ( 'NONE', #2340, .T. ) ;
#4163 = CARTESIAN_POINT ( 'NONE',  ( 0.1045221896216562600, -0.01387838772980644300, 0.7873988214242992900 ) ) ;
#4164 = CARTESIAN_POINT ( 'NONE',  ( 0.7133756011909192500, 1.104400432191222400, -0.1968503937007874100 ) ) ;
#4165 = CARTESIAN_POINT ( 'NONE',  ( 0.7003745554811732200, -1.109486903909763700, -2.681539807524059500 ) ) ;
#4166 = CARTESIAN_POINT ( 'NONE',  ( 1.101616661993956900, 0.7173146837074369000, -1.128608923884515600 ) ) ;
#4167 = CARTESIAN_POINT ( 'NONE',  ( -0.7441482841840275600, -1.083913278540055400, -0.1968503937007874100 ) ) ;
#4168 = CARTESIAN_POINT ( 'NONE',  ( -0.7310639536100825800, 0.9382553524242599500, -2.060367454068240600 ) ) ;
#4169 = CARTESIAN_POINT ( 'NONE',  ( 0.7556667672796144600, 1.074917021823725400, -0.1968503937007874100 ) ) ;
#4170 = CARTESIAN_POINT ( 'NONE',  ( 0.9279527559055117400, -1.031298199610023700, 0.0000000000000000000 ) ) ;
#4171 = ORIENTED_EDGE ( 'NONE', *, *, #5794, .F. ) ;
#4172 = B_SPLINE_SURFACE_WITH_KNOTS ( 'NONE', 3, 3, ( 
 ( #6383, #7711, #6328, #3824, #15, #655, #5124, #4508, #680 ),
 ( #1308, #5799, #7820, #764, #7171, #4599, #7768, #3324, #1336 ),
 ( #7852, #1450, #5941, #5827, #4570, #122, #2669, #3965, #5241 ),
 ( #849, #818, #5269, #1422, #6522, #4624, #3993, #7879, #3938 ),
 ( #1391, #7142, #4021, #5298, #737, #2078, #5913, #1991, #6469 ),
 ( #2103, #5886, #7201, #1364, #2047, #6582, #2749, #100, #150 ) ),
 .UNSPECIFIED., .F., .F., .F.,
 ( 4, 1, 1, 4 ),
 ( 4, 1, 1, 1, 1, 1, 4 ),
 ( 0.0000000000000000000, 4.733333333333361800, 9.466666666666713000, 14.20000000000006000 ),
 ( 2.079001315420050000, 2.256433205115010200, 2.433865094809959400, 2.611296984504919600, 2.788728874199870100, 2.966160763894819800, 3.143592653589780000 ),
 .UNSPECIFIED. ) ;
#4173 = CARTESIAN_POINT ( 'NONE',  ( 0.9291338582640751300, -1.110236189791668800, -4.268512490100411300E-018 ) ) ;
#4174 = CARTESIAN_POINT ( 'NONE',  ( 0.7072881488253189900, 1.107445675074389500, -2.992125984251968500 ) ) ;
#4175 = CARTESIAN_POINT ( 'NONE',  ( 0.1412742653159843000, 1.112904636920386100, -2.540380452650441400 ) ) ;
#4176 = CARTESIAN_POINT ( 'NONE',  ( -1.101616661993956900, -0.7173146837074369000, -0.1968503937007874100 ) ) ;
#4177 = ORIENTED_EDGE ( 'NONE', *, *, #5261, .F. ) ;
#4178 = CARTESIAN_POINT ( 'NONE',  ( 1.110318066288362500, -0.9451014140148467100, 0.0000000000000000000 ) ) ;
#4179 = CARTESIAN_POINT ( 'NONE',  ( -0.1661261782249960900, 1.152548769262433000, -2.657408424581744600 ) ) ;
#4180 = CARTESIAN_POINT ( 'NONE',  ( 0.9451014140148467100, -1.110318066288362500, -0.06561679790026378500 ) ) ;
#4181 = EDGE_CURVE ( 'NONE', #2488, #4533, #5970, .T. ) ;
#4182 = B_SPLINE_CURVE_WITH_KNOTS ( 'NONE', 3,
 ( #1534, #7317, #1067, #7004, #5244, #1358, #7814, #739, #851, #4682, #3995 ),
 .UNSPECIFIED., .F., .F.,
 ( 4, 1, 1, 1, 1, 1, 1, 1, 4 ),
 ( 7.967340059105775300E-013, 0.001898108748095454200, 0.003823235685091866400, 0.004785799153590122700, 0.005748362622088280100, 0.006710926090586535500, 0.007673489559084791000, 0.009598616496081192500, 0.01149672524337982300 ),
 .UNSPECIFIED. ) ;
#4183 = CARTESIAN_POINT ( 'NONE',  ( 0.7073156778342670800, -1.107518755139228500, -0.1968503937007874100 ) ) ;
#4184 = CARTESIAN_POINT ( 'NONE',  ( -0.9279527559055117400, 1.031298199610023700, -0.02187226596675591000 ) ) ;
#4185 = CARTESIAN_POINT ( 'NONE',  ( -0.8330323139402675500, 0.8770121648875594000, -0.1968503937007874100 ) ) ;
#4186 = CARTESIAN_POINT ( 'NONE',  ( 0.04420806671798032500, 1.153988124042724300, -2.504566971108000300 ) ) ;
#4187 = CARTESIAN_POINT ( 'NONE',  ( -0.1674237170943898000, 1.153934119375358300, -2.752795723416905400 ) ) ;
#4188 = VERTEX_POINT ( 'NONE', #2476 ) ;
#4189 = ADVANCED_FACE ( 'NONE', ( #6860, #7567 ), #1153, .T. ) ;
#4190 = CARTESIAN_POINT ( 'NONE',  ( 0.1446818157067244500, 0.0009658267581614175800, 0.02799650043744489000 ) ) ;
#4191 = CARTESIAN_POINT ( 'NONE',  ( 0.08968624851009841800, -0.7465127032399607700, 0.006999125109362205200 ) ) ;
#4192 = VERTEX_POINT ( 'NONE', #6950 ) ;
#4193 = CARTESIAN_POINT ( 'NONE',  ( 0.1733388827470168600, 1.153937007874015400, -2.654310425431680300 ) ) ;
#4194 = CARTESIAN_POINT ( 'NONE',  ( -1.065122253766169300, 0.7618448995876850900, -2.681539807524059500 ) ) ;
#4195 = CARTESIAN_POINT ( 'NONE',  ( -0.7420151437815316600, 0.9960388349955512400, -2.060367454068244600 ) ) ;
#4196 = EDGE_CURVE ( 'NONE', #6429, #5541, #6611, .T. ) ;
#4197 = CARTESIAN_POINT ( 'NONE',  ( -0.9291338582640768000, 1.110236189791671500, 0.0000000000000000000 ) ) ;
#4198 = B_SPLINE_SURFACE_WITH_KNOTS ( 'NONE', 3, 3, ( 
 ( #3407, #5919, #903, #2083, #7235, #6615 ),
 ( #7912, #4053, #239, #2803, #7292, #3436 ),
 ( #8030, #1592, #1565, #4792, #2274, #5410 ),
 ( #6748, #2856, #6080, #983, #6719, #3461 ),
 ( #6052, #2908, #2246, #5438, #2216, #7400 ),
 ( #4767, #2881, #7377, #2829, #7318, #7348 ) ),
 .UNSPECIFIED., .F., .F., .F.,
 ( 4, 1, 1, 4 ),
 ( 4, 1, 1, 4 ),
 ( -71.00000000000000000, -47.33333333333332900, -23.66666666666666100, 1.000000000000000800E-014 ),
 ( 0.3041592653589800800, 0.3359622768347101400, 0.3677652883104400900, 0.3995682997861700900 ),
 .UNSPECIFIED. ) ;
#4199 = VERTEX_POINT ( 'NONE', #7661 ) ;
#4200 = CARTESIAN_POINT ( 'NONE',  ( 0.9457032319186167200, -1.110234704581635600, 0.0000000000000000000 ) ) ;
#4201 = CARTESIAN_POINT ( 'NONE',  ( 1.104400432191188700, 0.7133756011909799800, -2.992125984251966700 ) ) ;
#4202 = PLANE ( 'NONE',  #4261 ) ;
#4203 = CARTESIAN_POINT ( 'NONE',  ( 1.049803909796291500, -0.7651677351667085500, -2.060367454068240600 ) ) ;
#4204 = CARTESIAN_POINT ( 'NONE',  ( -0.6887898905127283200, 1.110038567578173200, -2.060367454068240600 ) ) ;
#4205 = CARTESIAN_POINT ( 'NONE',  ( -1.089068901887649600, -0.7366106222218031800, -0.5074365704286969400 ) ) ;
#4206 = CARTESIAN_POINT ( 'NONE',  ( -0.1489574861260472600, 1.144378037797165300, -2.617316519652487900 ) ) ;
#4207 = CARTESIAN_POINT ( 'NONE',  ( 0.8334242859744073200, 0.8766112441767374100, 0.0000000000000000000 ) ) ;
#4208 = CARTESIAN_POINT ( 'NONE',  ( 0.8330323139402675500, 0.9788933469234686300, -0.1968503937007874100 ) ) ;
#4209 = VERTEX_POINT ( 'NONE', #5639 ) ;
#4210 = CARTESIAN_POINT ( 'NONE',  ( 0.1281816146920228500, 1.153936934959982000, -2.806783149768401500 ) ) ;
#4211 = CARTESIAN_POINT ( 'NONE',  ( -0.1952447811012048000, 1.144378037797165300, -2.684447470420023900 ) ) ;
#4212 = CARTESIAN_POINT ( 'NONE',  ( 0.9291338582640751300, -1.110236189791668800, -4.268512490100411300E-018 ) ) ;
#4213 = ORIENTED_EDGE ( 'NONE', *, *, #68, .T. ) ;
#4214 = B_SPLINE_CURVE_WITH_KNOTS ( 'NONE', 3,
 ( #1131, #8077, #5107, #7580, #8320, #3140 ),
 .UNSPECIFIED., .F., .F.,
 ( 4, 1, 1, 4 ),
 ( 0.0000000000000000000, 0.001198132416100989800, 0.002418024191698270100, 0.003616193483198972300 ),
 .UNSPECIFIED. ) ;
#4215 = VERTEX_POINT ( 'NONE', #6924 ) ;
#4216 = CARTESIAN_POINT ( 'NONE',  ( -0.1337290113004449000, -0.07273870726820080800, 0.02362204724409449500 ) ) ;
#4217 = CARTESIAN_POINT ( 'NONE',  ( -0.7589879883973899000, 1.028952656870870000, -0.5074365704286969400 ) ) ;
#4218 = CARTESIAN_POINT ( 'NONE',  ( 1.056646062823173100, 1.057736748147917400, -0.02187226596675591000 ) ) ;
#4219 = VECTOR ( 'NONE', #2212, 39.37007874015748100 ) ;
#4220 = CARTESIAN_POINT ( 'NONE',  ( -0.9634718618594920700, -0.7306366061711417900, -2.992125984251968500 ) ) ;
#4221 = CARTESIAN_POINT ( 'NONE',  ( -1.065122253766169300, 0.7618448995876850900, -2.992125984251968500 ) ) ;
#4222 = CARTESIAN_POINT ( 'NONE',  ( -0.7420151437815316600, 0.9960388349955512400, -0.1968503937007874100 ) ) ;
#4223 = ORIENTED_EDGE ( 'NONE', *, *, #4738, .T. ) ;
#4224 = CARTESIAN_POINT ( 'NONE',  ( -0.1557471456036001200, 1.134251968503936900, -2.681102362314844400 ) ) ;
#4225 = CARTESIAN_POINT ( 'NONE',  ( -0.7475806083234701700, -1.081538273903763600, -2.992125984251968500 ) ) ;
#4226 = EDGE_CURVE ( 'NONE', #7093, #531, #5272, .T. ) ;
#4227 = VERTEX_POINT ( 'NONE', #525 ) ;
#4228 = ADVANCED_FACE ( 'NONE', ( #3047 ), #4029, .T. ) ;
#4229 = B_SPLINE_SURFACE_WITH_KNOTS ( 'NONE', 3, 3, ( 
 ( #3801, #1945, #7633, #6925, #7578, #3719 ),
 ( #6309, #6451, #4517, #2649, #2030, #3946 ),
 ( #4607, #3975, #7802, #5250, #107, #7831 ),
 ( #7181, #7095, #7776, #7720, #688, #716 ),
 ( #3305, #3334, #3917, #5895, #3888, #4548 ),
 ( #3276, #2676, #3859, #6477, #6504, #772 ) ),
 .UNSPECIFIED., .F., .F., .F.,
 ( 4, 1, 1, 4 ),
 ( 4, 1, 1, 4 ),
 ( 0.0000000000000000000, 23.66666666666666100, 47.33333333333332100, 71.00000000000000000 ),
 ( 0.3041592653589800800, 0.3209242571352801100, 0.3376892489115900200, 0.3544542406878900500 ),
 .UNSPECIFIED. ) ;
#4230 = CARTESIAN_POINT ( 'NONE',  ( -0.9279527559055117400, -0.8246073122010001400, -0.1749781277340315400 ) ) ;
#4231 = CARTESIAN_POINT ( 'NONE',  ( 0.1558869637127283900, 1.134251968503936900, -2.657368430785547200 ) ) ;
#4232 = CARTESIAN_POINT ( 'NONE',  ( 0.9876700203231734100, -0.8410053028255510800, -0.1968503937007874100 ) ) ;
#4233 = CARTESIAN_POINT ( 'NONE',  ( -1.105448062055279800, -0.7119148290572677700, -2.992125984251968500 ) ) ;
#4234 = ORIENTED_EDGE ( 'NONE', *, *, #5696, .F. ) ;
#4235 = CARTESIAN_POINT ( 'NONE',  ( -0.03051586097098820200, 0.1226143411448661600, -2.992125984251969000 ) ) ;
#4236 = B_SPLINE_CURVE_WITH_KNOTS ( 'NONE', 3,
 ( #3137, #5049, #2451, #3164, #1204, #1858, #661, #5691, #1290, #6338, #8235 ),
 .UNSPECIFIED., .F., .F.,
 ( 4, 1, 1, 1, 1, 1, 1, 1, 4 ),
 ( 3.090547118264469400E-016, 0.001635147618113556600, 0.003301550032955919600, 0.004134751240377050600, 0.004967952447798183400, 0.005801153655219314400, 0.006634354862640448100, 0.008300757277482811700, 0.009935904895596059700 ),
 .UNSPECIFIED. ) ;
#4237 = CARTESIAN_POINT ( 'NONE',  ( -0.1153413783819716000, -0.06295339486410486700, 0.02362204724409449500 ) ) ;
#4238 = B_SPLINE_CURVE_WITH_KNOTS ( 'NONE', 3,
 ( #7839, #780, #7130, #5876, #3342, #3927, #7162, #2065, #7810, #4559, #3954, #7783, #168 ),
 .UNSPECIFIED., .F., .F.,
 ( 4, 1, 1, 1, 1, 1, 1, 1, 1, 1, 4 ),
 ( 0.0000000000000000000, 0.002608085043019241800, 0.003922125077419397500, 0.005236165111819571100, 0.006550205146219728100, 0.007864245180619896400, 0.009178285215019954500, 0.01049232524942012400, 0.01180636528382028900, 0.01312040531822045300, 0.01572849036123974100 ),
 .UNSPECIFIED. ) ;
#4239 = CARTESIAN_POINT ( 'NONE',  ( -0.1634373218741063100, 1.153988124042724300, -2.611116035559822600 ) ) ;
#4240 = CARTESIAN_POINT ( 'NONE',  ( 1.030523849900492500, 0.9429096587393148700, -0.1749781277340315400 ) ) ;
#4241 = B_SPLINE_CURVE_WITH_KNOTS ( 'NONE', 3,
 ( #669, #3229, #3145, #3172, #1892, #583 ),
 .UNSPECIFIED., .F., .F.,
 ( 4, 1, 1, 4 ),
 ( 0.0000000000000000000, 0.2887644307316257800, 0.7100258073628381600, 1.000000000000000000 ),
 .UNSPECIFIED. ) ;
#4242 = CARTESIAN_POINT ( 'NONE',  ( -0.1043178877612165500, 0.03412073071022048800, 0.7852143482064725100 ) ) ;
#4243 = DIRECTION ( 'NONE',  ( -0.0000000000000000000, 1.000000000000000000, -0.0000000000000000000 ) ) ;
#4244 = LINE ( 'NONE', #8184, #3139 ) ;
#4245 = CARTESIAN_POINT ( 'NONE',  ( 0.08838326014879925600, 1.153934119375358300, -2.836887620800586400 ) ) ;
#4246 = EDGE_CURVE ( 'NONE', #7306, #49, #4148, .T. ) ;
#4247 = B_SPLINE_SURFACE_WITH_KNOTS ( 'NONE', 3, 3, ( 
 ( #4267, #2454, #1690, #6178, #2984, #6423 ),
 ( #2508, #3167, #5138, #3141, #3775, #7074 ),
 ( #1917, #6955, #3835, #28, #6982, #3224 ),
 ( #2595, #1264, #8269, #5758, #2567, #58 ),
 ( #7637, #7012, #7724, #8295, #638, #1950 ),
 ( #3111, #6394, #5694, #4522, #5108, #3747 ) ),
 .UNSPECIFIED., .F., .F., .F.,
 ( 4, 1, 1, 4 ),
 ( 4, 1, 1, 4 ),
 ( 0.0000000000000000000, 23.66666666666666100, 47.33333333333332100, 71.00000000000000000 ),
 ( 0.2738642900300700700, 0.2906292818063700400, 0.3073942735826801200, 0.3241592653589801000 ),
 .UNSPECIFIED. ) ;
#4248 = CARTESIAN_POINT ( 'NONE',  ( 0.08401568594263388000, -0.1231026060500197600, 0.02362204724409449500 ) ) ;
#4249 = CARTESIAN_POINT ( 'NONE',  ( 0.2142136135413897600, -0.7237849185444172900, 0.006999125109362205200 ) ) ;
#4251 = CARTESIAN_POINT ( 'NONE',  ( 1.085874585383008100, 1.023890032031122200, 0.0000000000000000000 ) ) ;
#4250 = CARTESIAN_POINT ( 'NONE',  ( -1.060986002430181200, 0.7627446526210077700, -2.681539807524059500 ) ) ;
#4252 = CARTESIAN_POINT ( 'NONE',  ( -0.1283154858307290500, 1.153937007874015400, -2.561319120308612100 ) ) ;
#4253 = DIRECTION ( 'NONE',  ( -0.0000000000000000000, 1.000000000000000000, -0.0000000000000000000 ) ) ;
#4254 = CARTESIAN_POINT ( 'NONE',  ( 0.7479077349249685400, -1.081609771494819000, -0.1968503937007874100 ) ) ;
#4255 = CYLINDRICAL_SURFACE ( 'NONE', #4594, 0.1557475975902504200 ) ;
#4256 = CARTESIAN_POINT ( 'NONE',  ( 0.9279527559055117400, 0.8246073122010001400, 0.0000000000000000000 ) ) ;
#4257 = CARTESIAN_POINT ( 'NONE',  ( -1.081538896983672800, -0.7475810392626732700, -1.128608923884515600 ) ) ;
#4258 = B_SPLINE_SURFACE_WITH_KNOTS ( 'NONE', 3, 3, ( 
 ( #600, #3796, #7686, #1908, #6414, #3827, #1285, #8313, #5129, #2586, #6445 ),
 ( #7035, #6361, #7770, #2559, #19, #4484, #4542, #5775, #657, #3910, #2614 ),
 ( #2529, #7117, #7065, #4453, #5073, #683, #5100, #3213, #3853, #1255, #7715 ),
 ( #7657, #5155, #628, #48, #3245, #1339, #5802, #1967, #7092, #710, #7742 ),
 ( #1994, #3883, #5183, #1878, #5830, #2643, #3270, #1229, #5716, #5326, #183 ),
 ( #4659, #1455, #7264, #2754, #1394, #5918, #6614, #7175, #7856, #852, #822 ) ),
 .UNSPECIFIED., .F., .F., .F.,
 ( 4, 1, 1, 4 ),
 ( 4, 1, 1, 1, 1, 1, 1, 1, 4 ),
 ( -5.952755905511810200, -3.968503937007870100, -1.984251968503940100, 0.0000000000000000000 ),
 ( -0.003149606299210000600, 0.1641428737196500000, 0.3314353537385200100, 0.4150815937479501200, 0.4987278337573800600, 0.5823740737668100500, 0.6660203137762400500, 0.8333127937951099200, 1.000605273813969900 ),
 .UNSPECIFIED. ) ;
#4259 = CARTESIAN_POINT ( 'NONE',  ( 0.06185673756660741600, 0.1087730188917407600, 0.7675853018372703600 ) ) ;
#4260 = CARTESIAN_POINT ( 'NONE',  ( 0.6910086409841851300, 1.110261735596846700, -1.128608923884515600 ) ) ;
#4261 = AXIS2_PLACEMENT_3D ( 'NONE', #1102, #6199, #6761 ) ;
#4262 = VECTOR ( 'NONE', #7059, 39.37007874015748100 ) ;
#4263 = CARTESIAN_POINT ( 'NONE',  ( 0.1853889004854055700, 1.110236220472441000, -2.599176072756661500 ) ) ;
#4264 = CARTESIAN_POINT ( 'NONE',  ( 1.110322617515921300, -0.6954048260608386400, -2.992125984251968500 ) ) ;
#4265 = CARTESIAN_POINT ( 'NONE',  ( -0.7072881488253229800, 1.107445675074389500, -1.128608923884511800 ) ) ;
#4266 = CARTESIAN_POINT ( 'NONE',  ( -1.089068901887649600, -0.7366106222217992900, -1.128608923884511800 ) ) ;
#4267 = CARTESIAN_POINT ( 'NONE',  ( -1.110038567578169400, 0.6887898905127244300, -2.992125984251968500 ) ) ;
#4268 = CARTESIAN_POINT ( 'NONE',  ( 0.9876700203231734100, 1.014900208985472200, -0.1749781277340315400 ) ) ;
#4269 = CARTESIAN_POINT ( 'NONE',  ( 1.081609771494815000, -0.7479077349249685400, -1.128608923884515600 ) ) ;
#4270 = ORIENTED_EDGE ( 'NONE', *, *, #5384, .T. ) ;
#4271 = CARTESIAN_POINT ( 'NONE',  ( 1.025508191967476900, -0.7566742686776338800, -0.5074365704286969400 ) ) ;
#4272 = CARTESIAN_POINT ( 'NONE',  ( 0.1957805014869921900, 1.144378037797165300, -2.653178942551107000 ) ) ;
#4273 = CARTESIAN_POINT ( 'NONE',  ( -0.04343382380483071200, 1.153934119375358300, -2.854545981015894200 ) ) ;
#4274 = ADVANCED_FACE ( 'NONE', ( #5766 ), #5835, .T. ) ;
#4275 = CARTESIAN_POINT ( 'NONE',  ( 0.06732803062704077700, -0.08111819900536632000, 0.7873544580063597300 ) ) ;
#4276 = ORIENTED_EDGE ( 'NONE', *, *, #1069, .F. ) ;
#4277 = EDGE_CURVE ( 'NONE', #5891, #104, #3446, .T. ) ;
#4278 = CARTESIAN_POINT ( 'NONE',  ( -0.1334499306789621600, -0.07302144007819005900, 0.02362204724409453300 ) ) ;
#4280 = CARTESIAN_POINT ( 'NONE',  ( 0.7639149224034330600, -1.057272500430996200, -1.128608923884515600 ) ) ;
#4279 = CARTESIAN_POINT ( 'NONE',  ( -1.025508191967476900, 0.7566742686776338800, -2.681539807524059500 ) ) ;
#4281 = CARTESIAN_POINT ( 'NONE',  ( -0.7310279753857676900, -0.9076672032026179600, -2.992125984251968500 ) ) ;
#4282 = CARTESIAN_POINT ( 'NONE',  ( 1.081314661062035700, 0.7479053414235590200, -2.992125984251968500 ) ) ;
#4283 = CARTESIAN_POINT ( 'NONE',  ( 1.110236408271177300, -0.6936092895046375200, -0.1968503937007873800 ) ) ;
#4284 = CARTESIAN_POINT ( 'NONE',  ( 1.030306909723304400, -0.9439099249037664600, 0.0000000000000000000 ) ) ;
#4285 = ORIENTED_EDGE ( 'NONE', *, *, #1699, .T. ) ;
#4286 = CARTESIAN_POINT ( 'NONE',  ( -0.8253816619105313100, -0.9129958530717085000, -0.1749781277340315400 ) ) ;
#4287 = CARTESIAN_POINT ( 'NONE',  ( 0.7589873301296458100, -1.028953050111384400, -2.992125984251969000 ) ) ;
#4288 = B_SPLINE_SURFACE_WITH_KNOTS ( 'NONE', 3, 3, ( 
 ( #4098, #6683, #1613, #7338, #6904, #1107, #6262, #399, #4208, #2427, #1692 ),
 ( #1779, #4240, #1029, #4268, #5591, #422, #4865, #1752, #4297, #4892, #481 ),
 ( #5564, #3565, #1666, #6233, #3668, #8186, #8082, #6792, #2347, #1053, #1079 ),
 ( #453, #2958, #8130, #1723, #2401, #3059, #5513, #7450, #4915, #2372, #6204 ),
 ( #6154, #4944, #2323, #8105, #3592, #5539, #6849, #6180, #6817, #3643, #2985 ),
 ( #7478, #8157, #3617, #3009, #7503, #503, #6877, #3038, #7529, #4322, #4968 ) ),
 .UNSPECIFIED., .F., .F., .F.,
 ( 4, 1, 1, 4 ),
 ( 4, 1, 1, 1, 1, 1, 1, 1, 4 ),
 ( 46.08136074161154000, 46.72238638263720400, 47.36341202366283900, 48.00443766468846700 ),
 ( 0.8129679360871900900, 0.9503856690248000400, 1.087803401962409900, 1.156512268431210400, 1.225221134900019900, 1.293930001368820000, 1.362638867837630000, 1.500056600775240100, 1.637474333712839900 ),
 .UNSPECIFIED. ) ;
#4289 = CARTESIAN_POINT ( 'NONE',  ( 0.1968491153113268200, 1.112904636920386100, -2.681811799519286900 ) ) ;
#4290 = CARTESIAN_POINT ( 'NONE',  ( 1.108204637752976400, -0.7053811463581102200, -1.128608923884515600 ) ) ;
#4291 = CARTESIAN_POINT ( 'NONE',  ( -0.7053811463581142200, 1.108204637752976400, -0.1968503937007874100 ) ) ;
#4292 = CARTESIAN_POINT ( 'NONE',  ( 0.1249997708871651400, -3.047558762441770000E-011, 0.02362204724409449100 ) ) ;
#4293 = B_SPLINE_CURVE_WITH_KNOTS ( 'NONE', 3,
 ( #5320, #2102, #763, #5940, #7170, #5240 ),
 .UNSPECIFIED., .F., .F.,
 ( 4, 1, 1, 4 ),
 ( 0.0000000000000000000, 0.2899741926369943700, 0.7112355692682728000, 1.000000000000000000 ),
 .UNSPECIFIED. ) ;
#4294 = CARTESIAN_POINT ( 'NONE',  ( 0.7038785125588545900, -1.108626020972166600, -2.992125984251968500 ) ) ;
#4295 = ORIENTED_EDGE ( 'NONE', *, *, #3274, .T. ) ;
#4296 = EDGE_CURVE ( 'NONE', #6429, #796, #759, .T. ) ;
#4297 = CARTESIAN_POINT ( 'NONE',  ( 0.8330323139402675500, 0.9788933469234686300, -0.1749781277340315400 ) ) ;
#4298 = CARTESIAN_POINT ( 'NONE',  ( -0.7526187090744604900, 1.018296648772855800, -0.1968503937007874100 ) ) ;
#4299 = CARTESIAN_POINT ( 'NONE',  ( -1.057736748147917400, 1.056646062823173100, -0.1749781277340354800 ) ) ;
#4300 = B_SPLINE_CURVE_WITH_KNOTS ( 'NONE', 3,
 ( #5004, #8196, #2439, #1061, #1763, #4333 ),
 .UNSPECIFIED., .F., .F.,
 ( 4, 1, 1, 4 ),
 ( 0.0000000000000000000, 0.2233249047147198000, 0.7768679091368258000, 1.000000000000000000 ),
 .UNSPECIFIED. ) ;
#4301 = CARTESIAN_POINT ( 'NONE',  ( 0.04351691239796513100, 1.153936934959982000, -2.854877777413557600 ) ) ;
#4302 = CARTESIAN_POINT ( 'NONE',  ( 0.0000000000000000000, 1.134251968503936900, -2.482368092053223800 ) ) ;
#4303 = CARTESIAN_POINT ( 'NONE',  ( -0.1412822200855197200, 1.144378037797165300, -2.819628161959672600 ) ) ;
#4304 = ORIENTED_EDGE ( 'NONE', *, *, #6824, .F. ) ;
#4305 = CARTESIAN_POINT ( 'NONE',  ( 0.01706154315533529200, -0.1043185250793035600, 0.7874026976213229800 ) ) ;
#4306 = CARTESIAN_POINT ( 'NONE',  ( 0.1968491153113268200, 1.131583552055992000, -2.680392924890161700 ) ) ;
#4307 = CARTESIAN_POINT ( 'NONE',  ( 0.7738167753536416800, 0.7980368589790987100, -2.992125984251966700 ) ) ;
#4308 = CARTESIAN_POINT ( 'NONE',  ( -0.1608036409278748600, 1.153937007874015400, -2.610978433973896200 ) ) ;
#4309 = CARTESIAN_POINT ( 'NONE',  ( -0.06518013118077738100, 1.153937007874015700, -2.843949297377665000 ) ) ;
#4310 = EDGE_LOOP ( 'NONE', ( #708, #241, #4285, #7965 ) ) ;
#4311 = CARTESIAN_POINT ( 'NONE',  ( 0.03051586097098820200, -0.1226143411448661600, -2.952755905511811100 ) ) ;
#4312 = CARTESIAN_POINT ( 'NONE',  ( -0.9282311026850591500, -1.110233970439106400, -0.06561679790026378500 ) ) ;
#4313 = ADVANCED_FACE ( 'NONE', ( #3943, #5865 ), #3217, .T. ) ;
#4314 = CARTESIAN_POINT ( 'NONE',  ( -0.7038785125588509200, -1.108626020972167000, -2.992125984251969400 ) ) ;
#4315 = CARTESIAN_POINT ( 'NONE',  ( 0.1557450946406299700, 1.131583552055992000, -2.681999419654519800 ) ) ;
#4316 = ORIENTED_EDGE ( 'NONE', *, *, #3632, .T. ) ;
#4317 = CARTESIAN_POINT ( 'NONE',  ( -1.022481225804927200, -0.8766112441443288900, -0.1968503937007874100 ) ) ;
#4318 = CARTESIAN_POINT ( 'NONE',  ( 1.110322617515921300, -0.6954048260608386400, -2.681539807524059500 ) ) ;
#4319 = CARTESIAN_POINT ( 'NONE',  ( -0.6954048260608425300, 1.110322617515921300, -1.128608923884515600 ) ) ;
#4320 = CARTESIAN_POINT ( 'NONE',  ( -1.089068901887649600, -0.7366106222218031800, -0.1968503937007874100 ) ) ;
#4321 = CARTESIAN_POINT ( 'NONE',  ( 0.7636744025022762500, 1.057499546894259600, -2.992125984251968500 ) ) ;
#4322 = CARTESIAN_POINT ( 'NONE',  ( 0.8253816619105313100, 0.9429096587393148700, 0.0000000000000000000 ) ) ;
#4323 = CARTESIAN_POINT ( 'NONE',  ( 1.083715119910515700, -0.7440480963253898200, -0.5074365704286969400 ) ) ;
#4324 = VERTEX_POINT ( 'NONE', #5217 ) ;
#4325 = CARTESIAN_POINT ( 'NONE',  ( -0.06711732509440945800, 0.09053351062698428200, 0.7808398950131221200 ) ) ;
#4326 = VERTEX_POINT ( 'NONE', #7719 ) ;
#4327 = CARTESIAN_POINT ( 'NONE',  ( -1.030523849900492500, -0.9429096587393148700, -0.06561679790026378500 ) ) ;
#4328 = CARTESIAN_POINT ( 'NONE',  ( -0.09839089722041734200, 1.137382512314492300, -2.854527186556717200 ) ) ;
#4329 = CARTESIAN_POINT ( 'NONE',  ( -0.8682354914878504000, 1.014900208985472200, -0.06561679790026378500 ) ) ;
#4330 = CARTESIAN_POINT ( 'NONE',  ( -0.1034785172085673900, -0.02304337763436830100, 0.7874138674168654800 ) ) ;
#4331 = EDGE_LOOP ( 'NONE', ( #3203, #1303, #7551, #1506 ) ) ;
#4332 = CARTESIAN_POINT ( 'NONE',  ( 0.1412742653159843000, 1.126246719160106400, -2.821824271759007600 ) ) ;
#4333 = CARTESIAN_POINT ( 'NONE',  ( 0.7038785125588508100, 1.108626020972166800, -2.992125984251969000 ) ) ;
#4334 = CARTESIAN_POINT ( 'NONE',  ( 0.7366106222218031800, -1.089068901887649600, -0.5074365704286969400 ) ) ;
#4335 = CARTESIAN_POINT ( 'NONE',  ( 0.7141138810663711900, 1.103922769201725500, -1.594488188976378000 ) ) ;
#4336 = CARTESIAN_POINT ( 'NONE',  ( -0.7634200263010119100, -1.036985750691334900, -0.1968503937007874100 ) ) ;
#4337 = CARTESIAN_POINT ( 'NONE',  ( -1.105565014269958200, -0.9791254460543460400, 0.0000000000000000000 ) ) ;
#4338 = CARTESIAN_POINT ( 'NONE',  ( 0.03051586097098820200, -0.1226143411448661600, -3.359580052493437400 ) ) ;
#4339 = CARTESIAN_POINT ( 'NONE',  ( -0.9788576969563070900, -1.105682788051606500, -0.1312335958005236600 ) ) ;
#4340 = FACE_OUTER_BOUND ( 'NONE', #4310, .T. ) ;
#4341 = CARTESIAN_POINT ( 'NONE',  ( -0.8255908954713114800, -0.9279527557669474700, 0.0000000000000000000 ) ) ;
#4342 = CARTESIAN_POINT ( 'NONE',  ( 0.1557450946406299700, 1.110236220472441000, -2.681999419654519800 ) ) ;
#4343 = CARTESIAN_POINT ( 'NONE',  ( -0.7593146768515431900, 1.029023522214551600, -0.1968503937007874100 ) ) ;
#4344 = CARTESIAN_POINT ( 'NONE',  ( 0.9791254460543460400, 1.105565014269958200, 0.0000000000000000000 ) ) ;
#4345 = CARTESIAN_POINT ( 'NONE',  ( -0.7016296763940630400, 1.109374590528771500, -2.681539807524059500 ) ) ;
#4346 = LINE ( 'NONE', #7542, #2053 ) ;
#4347 = CARTESIAN_POINT ( 'NONE',  ( -1.054918747226489600, 0.7642466524047193400, -2.992125984251968500 ) ) ;
#4348 = FILL_AREA_STYLE_COLOUR ( '', #1820 ) ;
#4349 = CARTESIAN_POINT ( 'NONE',  ( 1.083715119910515700, -0.7440480963253898200, -2.681539807524059500 ) ) ;
#4350 = CARTESIAN_POINT ( 'NONE',  ( -0.06188917424072574300, 0.1088300577060560400, 0.7675196850393700700 ) ) ;
#4351 = CARTESIAN_POINT ( 'NONE',  ( -1.030305832406381800, -0.9265857566923937400, -0.06561679790026378500 ) ) ;
#4352 = CARTESIAN_POINT ( 'NONE',  ( 0.7594092295902990000, -1.029654069748492400, -2.992125984251968500 ) ) ;
#4353 = CARTESIAN_POINT ( 'NONE',  ( -0.9028841459682126500, 1.028348482669716500, -0.06561679790026378500 ) ) ;
#4354 = B_SPLINE_SURFACE_WITH_KNOTS ( 'NONE', 3, 3, ( 
 ( #5425, #6123, #3345, #808, #4673, #4013 ),
 ( #1609, #367, #4808, #7191, #7392, #7813 ),
 ( #6098, #972, #7842, #5288, #2262, #1442 ),
 ( #8019, #6070, #6738, #2897, #3984, #6573 ),
 ( #3957, #3535, #8048, #5931, #5481, #2294 ),
 ( #6707, #4178, #6764, #2927, #2713, #7419 ) ),
 .UNSPECIFIED., .F., .F., .F.,
 ( 4, 1, 1, 4 ),
 ( 4, 1, 1, 4 ),
 ( -1.086956521739130200, -0.7246376811594200700, -0.3623188405797100900, 0.0000000000000000000 ),
 ( 1.081675552444999900, 1.203552546194929900, 1.325429539944859900, 1.447306533694779900 ),
 .UNSPECIFIED. ) ;
#4355 = VECTOR ( 'NONE', #4588, 39.37007874015748100 ) ;
#4356 = CARTESIAN_POINT ( 'NONE',  ( 0.04059818254253221000, -0.09722535181466075700, 0.7873975855030611600 ) ) ;
#4357 = EDGE_CURVE ( 'NONE', #3936, #6720, #4626, .T. ) ;
#4358 = CARTESIAN_POINT ( 'NONE',  ( 0.1853889004854055700, 1.131583552055992000, -2.763028651652787500 ) ) ;
#4359 = CARTESIAN_POINT ( 'NONE',  ( 0.1176008401388020200, 0.04239051160888813300, -2.952755905511811600 ) ) ;
#4360 = CARTESIAN_POINT ( 'NONE',  ( 1.022873197870755900, -0.9788933469234686300, -0.1749781277340315400 ) ) ;
#4361 = CARTESIAN_POINT ( 'NONE',  ( -0.7252355460546456900, -1.096676596295539600, -2.060367454068244600 ) ) ;
#4362 = MANIFOLD_SOLID_BREP ( 'Boss-Extrude1', #7658 ) ;
#4363 = CARTESIAN_POINT ( 'NONE',  ( 0.07270040754172836500, -0.1062935698246890300, -2.952755905511807100 ) ) ;
#4364 = CARTESIAN_POINT ( 'NONE',  ( -0.9451014140148467100, -1.110318066288362500, -0.02187226596675591000 ) ) ;
#4365 = CIRCLE ( 'NONE', #306, 0.1557475975902504200 ) ;
#4366 = CARTESIAN_POINT ( 'NONE',  ( -0.8330323139402675500, -0.8770121648875594000, -0.06561679790026378500 ) ) ;
#4367 = CARTESIAN_POINT ( 'NONE',  ( -0.1438889093088228900, 1.110236220472441000, -2.602693276785185400 ) ) ;
#4368 = CARTESIAN_POINT ( 'NONE',  ( 0.8255908954713383500, 0.9279527559886499000, -0.1968503937007874100 ) ) ;
#4369 = CARTESIAN_POINT ( 'NONE',  ( 0.7499999991309596000, 3.135580912332413000E-015, 0.0000000000000000000 ) ) ;
#4370 = CARTESIAN_POINT ( 'NONE',  ( 0.1156637036326063400, 0.06262578429423626400, 0.7701968503937007800 ) ) ;
#4371 = VERTEX_POINT ( 'NONE', #2729 ) ;
#4372 = PLANE ( 'NONE',  #6684 ) ;
#4373 = CARTESIAN_POINT ( 'NONE',  ( 0.7636032586122494200, 1.038329624928467700, -2.992125984251968500 ) ) ;
#4374 = CARTESIAN_POINT ( 'NONE',  ( 0.8334242859902468700, -0.8766112441605400400, 0.0000000000000000000 ) ) ;
#4375 = CARTESIAN_POINT ( 'NONE',  ( -0.7589873301296459200, 1.028953050111384400, -0.1968503937007873800 ) ) ;
#4376 = CARTESIAN_POINT ( 'NONE',  ( 1.103922707985718600, -0.7141138414599829100, -2.992125984251969000 ) ) ;
#4377 = CARTESIAN_POINT ( 'NONE',  ( -0.07367815843696851100, 0.09938331616237008900, 0.7699037620297480800 ) ) ;
#4378 = CARTESIAN_POINT ( 'NONE',  ( -0.8253816619105313100, -0.9429096587393148700, -0.1749781277340315400 ) ) ;
#4379 = CARTESIAN_POINT ( 'NONE',  ( 0.1863811055754370500, 1.134251968503936900, -2.760913563132795500 ) ) ;
#4380 = CARTESIAN_POINT ( 'NONE',  ( 1.103922707985719000, -0.7141138414599832500, -0.1968503937007874100 ) ) ;
#4381 = ORIENTED_EDGE ( 'NONE', *, *, #863, .F. ) ;
#4382 = CARTESIAN_POINT ( 'NONE',  ( 0.03757396486592297400, -0.09845374109422958000, 0.7873983294838415900 ) ) ;
#4383 = EDGE_CURVE ( 'NONE', #2137, #7219, #7262, .T. ) ;
#4384 = CARTESIAN_POINT ( 'NONE',  ( -0.1446774418205934200, -0.02265127238144943800, 0.02362204724409453300 ) ) ;
#4385 = CARTESIAN_POINT ( 'NONE',  ( 0.7420151437815316600, 0.9960388349955512400, -2.060367454068244600 ) ) ;
#4386 = CARTESIAN_POINT ( 'NONE',  ( -1.028952602479410200, 0.7589880794554850800, -2.060367454068244600 ) ) ;
#4387 = EDGE_LOOP ( 'NONE', ( #7536, #3930, #4423, #7005 ) ) ;
#4388 = CARTESIAN_POINT ( 'NONE',  ( -0.7311036405941849800, -0.9286621932200708200, -0.1968503937007874100 ) ) ;
#4389 = CARTESIAN_POINT ( 'NONE',  ( -0.7176078221647755900, -1.101663991491527600, -1.128608923884515600 ) ) ;
#4390 = CARTESIAN_POINT ( 'NONE',  ( 0.04617571287792123600, 1.153937007874015700, -2.850501223979806700 ) ) ;
#4391 = CARTESIAN_POINT ( 'NONE',  ( -0.5373840014121733500, 0.5370372980905274700, 0.0000000000000000000 ) ) ;
#4392 = VERTEX_POINT ( 'NONE', #3190 ) ;
#4393 = CARTESIAN_POINT ( 'NONE',  ( 0.7252355460546456900, 1.096676596295535400, -0.1968503937007874100 ) ) ;
#4394 = CARTESIAN_POINT ( 'NONE',  ( -0.1557450946406299700, 1.112904636920386100, -2.681999419654519800 ) ) ;
#4395 = CARTESIAN_POINT ( 'NONE',  ( 0.9451014140148467100, 1.110318066288362500, -0.1749781277340315400 ) ) ;
#4396 = CARTESIAN_POINT ( 'NONE',  ( -0.7499997401306206500, -0.05884212280250038900, 0.0000000000000000000 ) ) ;
#4397 = CARTESIAN_POINT ( 'NONE',  ( -0.6910086409841889000, 1.110261735596846700, -2.681539807524059500 ) ) ;
#4398 = CARTESIAN_POINT ( 'NONE',  ( -0.1557476780458937100, 1.110236220472441000, -2.839964993811536300 ) ) ;
#4399 = CARTESIAN_POINT ( 'NONE',  ( 0.7605331936007380100, -1.031542260286327300, -2.992125984251968500 ) ) ;
#4400 =( NAMED_UNIT ( * ) PLANE_ANGLE_UNIT ( ) SI_UNIT ( $, .RADIAN. ) );
#4401 = CARTESIAN_POINT ( 'NONE',  ( 1.053941206384279700, 0.7642728007677244100, -1.128608923884515600 ) ) ;
#4402 = CARTESIAN_POINT ( 'NONE',  ( -0.7328273577879370600, -0.9609539274657166200, -2.060367454068244600 ) ) ;
#4403 = CARTESIAN_POINT ( 'NONE',  ( -0.9788576969563110900, 1.105682788051606500, 0.0000000000000000000 ) ) ;
#4404 = VERTEX_POINT ( 'NONE', #799 ) ;
#4405 = CARTESIAN_POINT ( 'NONE',  ( -0.1228030019831299800, -0.001549198162751968700, 0.7699037620297480800 ) ) ;
#4406 = CARTESIAN_POINT ( 'NONE',  ( -0.9279527559055117400, -1.031298199610023700, -0.1312335958005236600 ) ) ;
#4407 = CARTESIAN_POINT ( 'NONE',  ( 1.022481225836626000, -0.9792942676342765200, -0.1968503937007874100 ) ) ;
#4408 = CARTESIAN_POINT ( 'NONE',  ( 0.0000000000000000000, 1.134251968503936900, -2.879801502772728400 ) ) ;
#4409 = B_SPLINE_SURFACE_WITH_KNOTS ( 'NONE', 3, 3, ( 
 ( #3728, #5086, #4975, #1243, #8218, #4352 ),
 ( #5116, #1382, #6431, #3201, #5849, #1927 ),
 ( #3816, #7106, #6, #115, #3931, #3260 ),
 ( #3899, #2011, #4590, #4472, #1356, #3842 ),
 ( #2632, #6489, #5199, #7702, #4499, #2660 ),
 ( #7133, #7761, #5820, #3287, #5173, #1271 ) ),
 .UNSPECIFIED., .F., .F., .F.,
 ( 4, 1, 1, 4 ),
 ( 4, 1, 1, 4 ),
 ( 0.0000000000000000000, 4.733333333333361800, 9.466666666666713000, 14.20000000000006000 ),
 ( 1.568796326794889900, 1.661860718385649700, 1.754925109976410300, 1.847989501567179900 ),
 .UNSPECIFIED. ) ;
#4410 = ORIENTED_EDGE ( 'NONE', *, *, #1996, .F. ) ;
#4411 = CARTESIAN_POINT ( 'NONE',  ( -0.09498478607521650100, -0.04550427706671669000, 0.7874085819831224700 ) ) ;
#4412 = CARTESIAN_POINT ( 'NONE',  ( 0.7072881488253229800, -1.107445675074389500, -1.128608923884511800 ) ) ;
#4413 = CARTESIAN_POINT ( 'NONE',  ( 0.0000000000000000000, 1.110236220472441000, -2.879801502772728400 ) ) ;
#4414 = CARTESIAN_POINT ( 'NONE',  ( 0.03118581022707780200, 0.1220758604316082700, -2.952755905511811600 ) ) ;
#4415 = CARTESIAN_POINT ( 'NONE',  ( -1.028953034820992500, 0.7589873557274842100, -0.1968503937007874400 ) ) ;
#4416 = CARTESIAN_POINT ( 'NONE',  ( 0.7636744025022773600, -1.057499546894264100, -2.992125984251968500 ) ) ;
#4417 = CARTESIAN_POINT ( 'NONE',  ( 0.7360730235907874100, 0.1823967744873268300, 0.04199475065616930400 ) ) ;
#4418 = CARTESIAN_POINT ( 'NONE',  ( -1.110038567578169400, -0.6887898905127283200, -0.5074365704286969400 ) ) ;
#4419 = ORIENTED_EDGE ( 'NONE', *, *, #7151, .F. ) ;
#4420 = CARTESIAN_POINT ( 'NONE',  ( -0.08507418187083402900, 0.09148105287393731900, 0.1968503937007874100 ) ) ;
#4421 = AXIS2_PLACEMENT_3D ( 'NONE', #1371, #5866, #7119 ) ;
#4422 = CARTESIAN_POINT ( 'NONE',  ( -1.057736748147917400, -1.056646062823173100, -0.06561679790026378500 ) ) ;
#4423 = ORIENTED_EDGE ( 'NONE', *, *, #4994, .F. ) ;
#4424 = FACE_OUTER_BOUND ( 'NONE', #208, .T. ) ;
#4425 = CARTESIAN_POINT ( 'NONE',  ( -0.9876700203231734100, -0.8410053028255510800, -0.06561679790026378500 ) ) ;
#4426 = CARTESIAN_POINT ( 'NONE',  ( 0.0000000000000000000, 0.1261928294275669600, -3.359580052493440900 ) ) ;
#4427 = CARTESIAN_POINT ( 'NONE',  ( -0.7365395562688616900, 1.089170987911191900, -0.1968503937007874100 ) ) ;
#4428 = ORIENTED_EDGE ( 'NONE', *, *, #6160, .T. ) ;
#4429 = CARTESIAN_POINT ( 'NONE',  ( -0.6910086409841889000, 1.110261735596846700, -2.992125984251968500 ) ) ;
#4430 = VERTEX_POINT ( 'NONE', #4716 ) ;
#4431 = CARTESIAN_POINT ( 'NONE',  ( -1.108855069386812400, -0.7031063972595400500, -2.992125984251975200 ) ) ;
#4432 = CARTESIAN_POINT ( 'NONE',  ( 0.7642466524047228900, -1.054918747226493800, -2.992125984251968500 ) ) ;
#4433 =( NAMED_UNIT ( * ) PLANE_ANGLE_UNIT ( ) SI_UNIT ( $, .RADIAN. ) );
#4434 = CARTESIAN_POINT ( 'NONE',  ( 1.081609771494819000, 0.7479077349249685400, -2.681539807524059500 ) ) ;
#4435 = CARTESIAN_POINT ( 'NONE',  ( -0.7311036405941849800, -0.9272433185909526600, -0.5074365704286969400 ) ) ;
#4436 = CARTESIAN_POINT ( 'NONE',  ( -0.09746816833348823100, 1.134251968503936900, -2.507213403735209000 ) ) ;
#4437 = CARTESIAN_POINT ( 'NONE',  ( -0.09923381455820870500, 0.08078540562227166900, 0.7677165354330708300 ) ) ;
#4438 = CARTESIAN_POINT ( 'NONE',  ( -0.8330323139402675500, -0.9788933469234686300, -0.1968503937007874100 ) ) ;
#4439 = ORIENTED_EDGE ( 'NONE', *, *, #5526, .F. ) ;
#4440 = CARTESIAN_POINT ( 'NONE',  ( -0.04835183593224016300, 1.137382512314488100, -2.874185003004087000 ) ) ;
#4441 = CARTESIAN_POINT ( 'NONE',  ( 0.04788271554519685900, 1.134251968503936900, -2.874255262171078900 ) ) ;
#4442 = EDGE_CURVE ( 'NONE', #2137, #5113, #7909, .T. ) ;
#4443 = B_SPLINE_SURFACE_WITH_KNOTS ( 'NONE', 3, 3, ( 
 ( #7245, #7184, #162, #7273, #910, #4006, #3337, #4667, #4037, #1435, #860 ),
 ( #5981, #1514, #5283, #2784, #5337, #6006, #2117, #4638, #2171, #6622, #5925 ),
 ( #7215, #2089, #3391, #3418, #6648, #2145, #2811, #7300, #6566, #834, #4693 ),
 ( #4750, #1464, #5955, #217, #801, #2734, #6593, #3443, #3364, #2762, #7892 ),
 ( #7919, #7949, #248, #4087, #273, #963, #6062, #2227, #1633, #5474, #2891 ),
 ( #6729, #8041, #1602, #1574, #4801, #2284, #5416, #6698, #329, #4145, #3469 ) ),
 .UNSPECIFIED., .F., .F., .F.,
 ( 4, 1, 1, 4 ),
 ( 4, 1, 1, 1, 1, 1, 1, 1, 4 ),
 ( -0.0000000000000000000, 0.09070294784580003300, 0.1814058956916100300, 0.2721088435374100500 ),
 ( -0.002721088435370000900, 0.1906084910754600700, 0.3839380705862900400, 0.4806028603417100700, 0.5772676500971200000, 0.6739324398525400300, 0.7705972296079598400, 0.9639268091187901400, 1.157256388629619900 ),
 .UNSPECIFIED. ) ;
#4444 = CARTESIAN_POINT ( 'NONE',  ( -0.7072881488253229800, -1.107445675074389500, -2.060367454068240600 ) ) ;
#4445 = CARTESIAN_POINT ( 'NONE',  ( 1.025508191967480700, 0.7566742686776338800, -2.060367454068240600 ) ) ;
#4446 = CARTESIAN_POINT ( 'NONE',  ( 0.7528510366733464100, 1.018785567477366500, -2.681539807524059500 ) ) ;
#4447 = CARTESIAN_POINT ( 'NONE',  ( 0.7252355460546456900, -1.096676596295535400, -2.992125984251968500 ) ) ;
#4448 = VECTOR ( 'NONE', #2109, 39.37007874015748100 ) ;
#4449 = CARTESIAN_POINT ( 'NONE',  ( 0.1254385556140916500, -0.01837000347107917500, 0.7675196850393700700 ) ) ;
#4450 = CARTESIAN_POINT ( 'NONE',  ( -0.7499999991309594900, 3.825254146206546600E-015, 0.03149606299212599100 ) ) ;
#4451 = CARTESIAN_POINT ( 'NONE',  ( 0.1678503702031097500, 1.153937007874015200, -2.732535491449880700 ) ) ;
#4452 = CARTESIAN_POINT ( 'NONE',  ( 0.03051586097098819500, 0.1226143411448661600, 0.1968503937007874100 ) ) ;
#4453 = CARTESIAN_POINT ( 'NONE',  ( -0.07270040754172836500, -0.1062935698246890300, 0.5196850393700788200 ) ) ;
#4454 = CARTESIAN_POINT ( 'NONE',  ( 0.7366106222217992900, 1.089068901887649600, -0.1968503937007874100 ) ) ;
#4455 = EDGE_CURVE ( 'NONE', #1521, #629, #5156, .T. ) ;
#4456 = DIRECTION ( 'NONE',  ( 0.0000000000000000000, 0.0000000000000000000, 1.000000000000000000 ) ) ;
#4457 = B_SPLINE_SURFACE_WITH_KNOTS ( 'NONE', 3, 3, ( 
 ( #5115, #7105, #3928, #7897, #252, #4725, #5259, #7221, #839, #4672, #5314 ),
 ( #2767, #6513, #6542, #2039, #2684, #3368, #7190, #2067, #3956, #1467, #7163 ),
 ( #2122, #1519, #3983, #781, #5959, #4698, #141, #7925, #3424, #2712, #3343 ),
 ( #868, #6599, #4616, #196, #7841, #1412, #6572, #7249, #4041, #3396, #222 ),
 ( #5905, #170, #7870, #1492, #4065, #4645, #807, #4012, #3314, #5287, #1441 ),
 ( #7811, #5367, #5929, #5342, #5986, #2094, #2150, #2740, #6626, #2790, #7279 ) ),
 .UNSPECIFIED., .F., .F., .F.,
 ( 4, 1, 1, 4 ),
 ( 4, 1, 1, 1, 1, 1, 1, 1, 4 ),
 ( -0.0000000000000000000, 0.09070294784580003300, 0.1814058956916100300, 0.2721088435374100500 ),
 ( 1.151814211758869900, 1.345143791269710000, 1.538473370780540000, 1.635138160535960100, 1.731802950291370100, 1.828467740046790100, 1.925132529802210200, 2.118462109313039100, 2.311791688823869900 ),
 .UNSPECIFIED. ) ;
#4458 = PRESENTATION_STYLE_ASSIGNMENT (( #2319 ) ) ;
#4459 = CARTESIAN_POINT ( 'NONE',  ( -0.7499999999999998900, -0.7649999999999999000, 0.06299212598425198200 ) ) ;
#4460 = CARTESIAN_POINT ( 'NONE',  ( 0.7589873301296459200, -1.028953050111384200, -0.1968503937007873800 ) ) ;
#4461 = CARTESIAN_POINT ( 'NONE',  ( -1.025508191967476900, 0.7566742686776338800, -2.060367454068240600 ) ) ;
#4462 = CARTESIAN_POINT ( 'NONE',  ( -1.057499546894259600, 0.7636744025022760300, -2.992125984251969000 ) ) ;
#4463 = CARTESIAN_POINT ( 'NONE',  ( 0.7376712701478820300, -0.8628714702481337100, -2.681539807524059500 ) ) ;
#4464 = CARTESIAN_POINT ( 'NONE',  ( -0.7440480963253898200, -1.083715119910515700, -0.1968503937007874100 ) ) ;
#4465 = CARTESIAN_POINT ( 'NONE',  ( 0.7311032995713810900, 0.9071630692873092800, -0.1968503937007874100 ) ) ;
#4466 = CARTESIAN_POINT ( 'NONE',  ( 1.076064190174775600, 0.7549431811966416100, -2.060367454068240600 ) ) ;
#4467 = CARTESIAN_POINT ( 'NONE',  ( -0.7420151437815316600, -0.9960388349955512400, -1.128608923884515600 ) ) ;
#4468 = CARTESIAN_POINT ( 'NONE',  ( 0.1968430982695221500, 1.134251968503936900, -2.650231929295713500 ) ) ;
#4469 = FACE_OUTER_BOUND ( 'NONE', #7441, .T. ) ;
#4470 = CARTESIAN_POINT ( 'NONE',  ( 0.0000000000000000000, -0.1460610273873661500, 0.05861767279090159700 ) ) ;
#4471 = CARTESIAN_POINT ( 'NONE',  ( 1.104136452828496300, -0.7137832230396653500, -2.060367454068244600 ) ) ;
#4472 = CARTESIAN_POINT ( 'NONE',  ( 0.7420151437815316600, -0.9960388349955512400, -1.128608923884515600 ) ) ;
#4473 = CARTESIAN_POINT ( 'NONE',  ( -0.7133756011909206900, -1.104400432191222900, -0.1968503937007874100 ) ) ;
#4474 = B_SPLINE_SURFACE_WITH_KNOTS ( 'NONE', 3, 3, ( 
 ( #7773, #5247, #2588, #711, #1396, #2054, #6529, #7178, #157, #4055, #242, #295, #2804, #7975, #2727, #2833, #4712 ),
 ( #2139, #5357, #3438, #7914, #5949, #2778, #7320, #826, #2110, #6616, #1483, #6560, #7210, #7267, #3359, #7943, #4032 ),
 ( #882, #1507, #4770, #7295, #4108, #2085, #5920, #5276, #3385, #1431, #3464, #6588, #7860, #5974, #4081, #2757, #4000 ),
 ( #6001, #7238, #2165, #186, #3410, #4663, #5303, #267, #5383, #1538, #1458, #7885, #212, #4687, #6642, #854, #4744 ),
 ( #905, #6026, #2191, #5329, #6665, #4139, #6110, #8062, #3546, #4191, #4249, #1648, #5412, #5442, #931, #1568, #2278 ),
 ( #956, #2858, #379, #6056, #7352, #1010, #432, #2885, #8003, #4849, #3574, #3490, #6800, #2332, #1594, #2250, #2967 ) ),
 .UNSPECIFIED., .F., .F., .F.,
 ( 4, 1, 1, 4 ),
 ( 4, 1, 1, 1, 1, 1, 1, 1, 1, 1, 1, 1, 1, 1, 4 ),
 ( -0.08398950131233999500, -0.05599300087489000200, -0.02799650043745000700, 0.0000000000000000000 ),
 ( -0.001110720734540000400, 0.4978022331452601200, 0.9967151870250700000, 1.495628140904869700, 1.994541094784669800, 2.493454048664470500, 2.742910525604380200, 2.992367002544279700, 3.241823479484179600, 3.491279956424079500, 3.990192910303879300, 4.489105864183690300, 4.988018818063489200, 5.486931771943290000, 5.985844725823090700 ),
 .UNSPECIFIED. ) ;
#4475 = CARTESIAN_POINT ( 'NONE',  ( -0.6954048260608386400, -1.110322617515921300, -2.681539807524059500 ) ) ;
#4476 = ORIENTED_EDGE ( 'NONE', *, *, #7205, .T. ) ;
#4477 = CARTESIAN_POINT ( 'NONE',  ( -0.04788271554519685900, 1.112904636920386100, -2.874255262171082800 ) ) ;
#4478 = CARTESIAN_POINT ( 'NONE',  ( 0.7310639536100825800, 0.9382553524242599500, -2.681539807524059500 ) ) ;
#4479 = CARTESIAN_POINT ( 'NONE',  ( 0.08855233669097414800, 1.153936934959981700, -2.525019087527526500 ) ) ;
#4480 = CARTESIAN_POINT ( 'NONE',  ( 0.1250556661334902800, 0.001577616223438504000, 0.7676509186351706500 ) ) ;
#4481 = CARTESIAN_POINT ( 'NONE',  ( -0.7627446526210077700, -1.060986002430181200, -1.128608923884511800 ) ) ;
#4482 = CARTESIAN_POINT ( 'NONE',  ( 0.0000000000000000000, 0.7517436483800196100, 0.06299212598425198200 ) ) ;
#4483 = CARTESIAN_POINT ( 'NONE',  ( 0.5373840014121735700, 0.5370372980905276900, 0.06299212598425198200 ) ) ;
#4484 = CARTESIAN_POINT ( 'NONE',  ( 0.0000000000000000000, -0.1261928294275669600, 0.6850393700787402700 ) ) ;
#4485 = ORIENTED_EDGE ( 'NONE', *, *, #6561, .T. ) ;
#4486 = CARTESIAN_POINT ( 'NONE',  ( -1.030523849900492500, -0.9129958530717085000, -0.02187226596675591000 ) ) ;
#4487 = CARTESIAN_POINT ( 'NONE',  ( -0.07270040754172836500, 0.1062935698246890300, -3.562992125984252300 ) ) ;
#4488 = B_SPLINE_SURFACE_WITH_KNOTS ( 'NONE', 3, 3, ( 
 ( #761, #3903, #4535, #5883, #1988, #177 ),
 ( #2101, #7139, #3292, #3321, #5824, #7764 ),
 ( #7197, #5177, #7876, #96, #2075, #1420 ),
 ( #7818, #815, #7790, #4622, #4595, #6466 ),
 ( #3963, #5238, #788, #5266, #2719, #5911 ),
 ( #6551, #6580, #4567, #1361, #7850, #5295 ) ),
 .UNSPECIFIED., .F., .F., .F.,
 ( 4, 1, 1, 4 ),
 ( 4, 1, 1, 4 ),
 ( -2.126066776463539900, -1.417377850975700000, -0.7086889254878500100, 0.0000000000000000000 ),
 ( 8.440867082231259000, 8.474138238304531600, 8.507409394377800600, 8.540680550451069700 ),
 .UNSPECIFIED. ) ;
#4489 = CARTESIAN_POINT ( 'NONE',  ( -0.7651677351667085500, 1.049803909796291500, -1.128608923884515600 ) ) ;
#4490 = CARTESIAN_POINT ( 'NONE',  ( -0.0000000000000000000, 0.1261928294275669600, 0.5196850393700788200 ) ) ;
#4491 = CARTESIAN_POINT ( 'NONE',  ( 0.9530213658428109400, -0.8275570291413073500, -0.02187226596675591000 ) ) ;
#4492 = ORIENTED_EDGE ( 'NONE', *, *, #3386, .T. ) ;
#4493 = CARTESIAN_POINT ( 'NONE',  ( -1.057272500430996200, 0.7639149224034330600, -1.128608923884515600 ) ) ;
#4494 = CARTESIAN_POINT ( 'NONE',  ( 1.083715119910519700, 0.7440480963253939300, -2.992125984251968500 ) ) ;
#4495 = CARTESIAN_POINT ( 'NONE',  ( -1.057805835868256100, -0.7637992319626182300, -1.128608923884515600 ) ) ;
#4496 = CARTESIAN_POINT ( 'NONE',  ( -1.104400432191188900, 0.7133756011909773200, -2.992125984251970300 ) ) ;
#4497 = CARTESIAN_POINT ( 'NONE',  ( 0.03526368610020472900, -0.1419330633355000400, 0.04986876640420077900 ) ) ;
#4498 = CARTESIAN_POINT ( 'NONE',  ( 1.083913278540055400, -0.7441482841840275600, -2.060367454068244600 ) ) ;
#4499 = CARTESIAN_POINT ( 'NONE',  ( 0.7528510366733464100, -1.018785567477366500, -0.5074365704286969400 ) ) ;
#4500 = CARTESIAN_POINT ( 'NONE',  ( 0.1852210834412628100, 1.134251968503936900, -2.763252316818257000 ) ) ;
#4501 = VERTEX_POINT ( 'NONE', #3413 ) ;
#4502 = CARTESIAN_POINT ( 'NONE',  ( -0.1169133968143320800, -0.04425560661403963500, -2.952755905511811100 ) ) ;
#4503 = EDGE_CURVE ( 'NONE', #3674, #6720, #7974, .T. ) ;
#4504 = CARTESIAN_POINT ( 'NONE',  ( 1.057272500430996200, 0.7639149224034330600, -1.128608923884515600 ) ) ;
#4505 = CARTESIAN_POINT ( 'NONE',  ( 0.7328273577879370600, 0.9609539274657166200, -2.681539807524059500 ) ) ;
#4506 = DIRECTION ( 'NONE',  ( 0.0000000000000000000, 1.000000000000000000, 0.0000000000000000000 ) ) ;
#4507 = CARTESIAN_POINT ( 'NONE',  ( -0.07288644621846457300, -0.1061959499058622000, 0.7677165354330708300 ) ) ;
#4508 = CARTESIAN_POINT ( 'NONE',  ( -0.7310279753857676900, 0.9076672032026179600, -2.992125984251968500 ) ) ;
#4509 = CARTESIAN_POINT ( 'NONE',  ( -0.7360730235907874100, 0.1823967744873268300, 0.05599300087488978000 ) ) ;
#4510 = ORIENTED_EDGE ( 'NONE', *, *, #827, .T. ) ;
#4511 = CARTESIAN_POINT ( 'NONE',  ( 0.7499999991309596000, 3.135580912332413000E-015, 0.0000000000000000000 ) ) ;
#4512 = CARTESIAN_POINT ( 'NONE',  ( 0.1968497636963710300, 1.134251968503936700, -2.681102362201465400 ) ) ;
#4513 = CARTESIAN_POINT ( 'NONE',  ( 0.7366106222217992900, 1.089068901887649600, -0.5074365704286969400 ) ) ;
#4514 = CARTESIAN_POINT ( 'NONE',  ( 0.7365395562714698300, -1.089170987909393200, -2.992125984251968500 ) ) ;
#4515 = ORIENTED_EDGE ( 'NONE', *, *, #5842, .T. ) ;
#4516 = DIRECTION ( 'NONE',  ( 1.000000000000000000, 0.0000000000000000000, 0.0000000000000000000 ) ) ;
#4517 = CARTESIAN_POINT ( 'NONE',  ( -1.108033091542948800, 0.7061733014393543100, -2.681539807524059500 ) ) ;
#4518 = CARTESIAN_POINT ( 'NONE',  ( 0.03051586097098820200, 0.1226143411448661600, 0.5196850393700788200 ) ) ;
#4519 = CARTESIAN_POINT ( 'NONE',  ( 0.06140826571161812200, -0.08947217826714175300, 0.7874015748031496500 ) ) ;
#4520 = CARTESIAN_POINT ( 'NONE',  ( 1.057192564065761300, 1.057192564065723200, 0.0000000000000000000 ) ) ;
#4521 = B_SPLINE_CURVE_WITH_KNOTS ( 'NONE', 3,
 ( #5704, #3149, #3176, #2549 ),
 .UNSPECIFIED., .F., .F.,
 ( 4, 4 ),
 ( 0.0000000000000000000, 1.000000000000000000 ),
 .UNSPECIFIED. ) ;
#4522 = CARTESIAN_POINT ( 'NONE',  ( -1.109374590528771500, 0.7016296763940590400, -0.1968503937007874100 ) ) ;
#4523 = EDGE_CURVE ( 'NONE', #3395, #3818, #7204, .T. ) ;
#4524 = CARTESIAN_POINT ( 'NONE',  ( -0.7637992319626142300, -1.057805835868256100, -2.992125984251968500 ) ) ;
#4525 = CARTESIAN_POINT ( 'NONE',  ( -0.7311023782002935600, -0.9279527559062223900, -1.594488188976379300 ) ) ;
#4526 = CARTESIAN_POINT ( 'NONE',  ( -1.083715119910519700, -0.7440480963253939300, -2.060367454068240600 ) ) ;
#4527 = CARTESIAN_POINT ( 'NONE',  ( 0.7311023692017437600, 0.9279527559059855800, -0.1968503937007873800 ) ) ;
#4528 = ORIENTED_EDGE ( 'NONE', *, *, #3326, .T. ) ;
#4529 = CARTESIAN_POINT ( 'NONE',  ( 1.104136452828496300, -0.7137832230396653500, -1.128608923884515600 ) ) ;
#4530 = CARTESIAN_POINT ( 'NONE',  ( 0.7419493262978760200, 0.9957875012869172900, -2.992125984251971600 ) ) ;
#4531 = FACE_BOUND ( 'NONE', #4794, .T. ) ;
#4532 = CARTESIAN_POINT ( 'NONE',  ( 0.007914897574577728000, -0.1250012099352022200, -2.952755905511811600 ) ) ;
#4533 = VERTEX_POINT ( 'NONE', #6644 ) ;
#4534 = ORIENTED_EDGE ( 'NONE', *, *, #3544, .F. ) ;
#4535 = CARTESIAN_POINT ( 'NONE',  ( -1.089068901887649600, 0.7366106222217992900, -0.1968503937007874100 ) ) ;
#4536 = CARTESIAN_POINT ( 'NONE',  ( -0.7137832230396693500, 1.104136452828496300, -0.1968503937007874100 ) ) ;
#4537 = CARTESIAN_POINT ( 'NONE',  ( 0.03064457027627103000, -0.1227943400397019000, 0.7675196850393700700 ) ) ;
#4538 = CARTESIAN_POINT ( 'NONE',  ( 1.103922707985718600, -0.7141138414599829100, -2.992125984251969000 ) ) ;
#4539 = CARTESIAN_POINT ( 'NONE',  ( 0.2142136135413897600, 0.7237849185444172900, 0.06299212598425198200 ) ) ;
#4540 = CARTESIAN_POINT ( 'NONE',  ( -0.07783692063773629800, 0.09814150913677557900, 0.1968503937007874100 ) ) ;
#4541 = AXIS2_PLACEMENT_3D ( 'NONE', #5144, #1301, #5790 ) ;
#4542 = CARTESIAN_POINT ( 'NONE',  ( 0.03051586097098820200, -0.1226143411448661600, 0.6850393700787402700 ) ) ;
#4543 = ORIENTED_EDGE ( 'NONE', *, *, #2521, .F. ) ;
#4544 = CARTESIAN_POINT ( 'NONE',  ( -0.1870005189348419000, 1.152451672296304700, -2.681102361458768300 ) ) ;
#4545 = CARTESIAN_POINT ( 'NONE',  ( 0.03051586097098820200, 0.1226143411448661600, -3.495188101487310700 ) ) ;
#4546 = B_SPLINE_SURFACE_WITH_KNOTS ( 'NONE', 3, 3, ( 
 ( #257, #2266, #7395, #283, #4840, #1000 ),
 ( #948, #343, #6127, #5459, #2181, #2874 ),
 ( #2239, #2847, #312, #2296, #7992, #7424 ),
 ( #5429, #3509, #6769, #6658, #920, #4786 ),
 ( #6074, #7370, #1556, #5401, #6712, #6742 ),
 ( #2209, #8023, #4155, #6045, #976, #5373 ) ),
 .UNSPECIFIED., .F., .F., .F.,
 ( 4, 1, 1, 4 ),
 ( 4, 1, 1, 4 ),
 ( -71.00000000000000000, -47.33333333333332900, -23.66666666666667100, -1.000000000000000800E-014 ),
 ( 0.2287502309317900600, 0.2605532424075199200, 0.2923562538832500900, 0.3241592653589801000 ),
 .UNSPECIFIED. ) ;
#4547 = CARTESIAN_POINT ( 'NONE',  ( -0.7627446526210116500, 1.060986002430181200, -1.128608923884515600 ) ) ;
#4548 = CARTESIAN_POINT ( 'NONE',  ( -1.101616661993956900, 0.7173146837074329000, -0.5074365704286969400 ) ) ;
#4549 = CARTESIAN_POINT ( 'NONE',  ( 0.03051586097098820200, 0.1226143411448661600, 0.1062992125984252000 ) ) ;
#4550 = FACE_BOUND ( 'NONE', #5382, .T. ) ;
#4551 = CARTESIAN_POINT ( 'NONE',  ( 0.0000000000000000000, -0.1062585415903306400, 0.7874678477690290100 ) ) ;
#4552 = CARTESIAN_POINT ( 'NONE',  ( 1.022873197870755900, -0.8770121648875594000, -0.1749781277340315400 ) ) ;
#4553 = EDGE_CURVE ( 'NONE', #7617, #1475, #3968, .T. ) ;
#4554 = CARTESIAN_POINT ( 'NONE',  ( 0.7376712701478820300, 0.8628714702481337100, -2.060367454068244600 ) ) ;
#4555 = ADVANCED_FACE ( 'NONE', ( #5150 ), #6806, .T. ) ;
#4556 = CARTESIAN_POINT ( 'NONE',  ( -1.025508191967476900, 0.7566742686776338800, -0.5074365704286969400 ) ) ;
#4557 = CARTESIAN_POINT ( 'NONE',  ( -0.7479053414235590200, 1.081314661062031700, -1.128608923884515600 ) ) ;
#4558 = CARTESIAN_POINT ( 'NONE',  ( 0.1446848777822699900, -5.304601063595177500E-011, -2.972440944881889800 ) ) ;
#4559 = CARTESIAN_POINT ( 'NONE',  ( 0.1412742653159843000, 1.110236220472443900, -2.821824271759007600 ) ) ;
#4560 = CARTESIAN_POINT ( 'NONE',  ( 1.110236220472441000, 0.0000000000000000000, 0.0000000000000000000 ) ) ;
#4561 = CARTESIAN_POINT ( 'NONE',  ( -0.7311036405941849800, 0.9272433185909526600, -2.992125984251968500 ) ) ;
#4562 = EDGE_CURVE ( 'NONE', #5202, #49, #181, .T. ) ;
#4563 = CARTESIAN_POINT ( 'NONE',  ( -1.066889654611260100, 1.047580032597574800, -0.1312335958005236600 ) ) ;
#4564 = LINE ( 'NONE', #7498, #1849 ) ;
#4565 = B_SPLINE_SURFACE_WITH_KNOTS ( 'NONE', 3, 3, ( 
 ( #1051, #1718, #4862, #4320, #420, #1076 ),
 ( #1105, #2425, #396, #4205, #6901, #1689 ),
 ( #1777, #5535, #1025, #4266, #1749, #6176 ),
 ( #2398, #479, #2346, #6874, #5613, #6202 ),
 ( #1664, #7527, #3667, #8183, #5509, #6790 ),
 ( #6815, #3005, #2983, #449, #3587, #8126 ) ),
 .UNSPECIFIED., .F., .F., .F.,
 ( 4, 1, 1, 4 ),
 ( 4, 1, 1, 4 ),
 ( -2.126066776463539900, -1.417377850975689800, -0.7086889254878500100, 0.0000000000000000000 ),
 ( 12.44201678287515900, 12.47528793894843300, 12.50855909502170100, 12.54183025109497000 ),
 .UNSPECIFIED. ) ;
#4566 = CARTESIAN_POINT ( 'NONE',  ( 0.07594132684124162100, -0.1006356648810042700, -2.952755905511811100 ) ) ;
#4567 = CARTESIAN_POINT ( 'NONE',  ( -1.089068901887649600, 0.7366106222217992900, -2.992125984251968500 ) ) ;
#4568 = CARTESIAN_POINT ( 'NONE',  ( 0.7310639536100825800, 0.9382553524242599500, -0.1968503937007874100 ) ) ;
#4569 = CARTESIAN_POINT ( 'NONE',  ( -1.056646062823173100, -1.057736748147917400, -0.1968503937007874100 ) ) ;
#4570 = CARTESIAN_POINT ( 'NONE',  ( -0.8324966087895316900, 0.7505357138161850000, -2.060367454068240600 ) ) ;
#4571 = CARTESIAN_POINT ( 'NONE',  ( 0.7500308502709094300, 0.05856650093301969700, -0.0000000000000000000 ) ) ;
#4572 = CARTESIAN_POINT ( 'NONE',  ( -0.1438889093088228900, 1.134251968503936900, -2.759511447624264100 ) ) ;
#4573 = CARTESIAN_POINT ( 'NONE',  ( -0.09743915945960528200, -0.05237030635475133800, 0.7876003937007877200 ) ) ;
#4574 = CARTESIAN_POINT ( 'NONE',  ( -0.8324966087895316900, 0.7505357138161850000, -0.1968503937007874100 ) ) ;
#4575 = LINE ( 'NONE', #1325, #5472 ) ;
#4576 = CARTESIAN_POINT ( 'NONE',  ( 0.7252355460546456900, 1.096676596295535400, -2.060367454068244600 ) ) ;
#4577 = EDGE_CURVE ( 'NONE', #6031, #5113, #821, .T. ) ;
#4578 = CARTESIAN_POINT ( 'NONE',  ( 0.7003745554811732200, -1.109486903909763700, -0.5074365704286969400 ) ) ;
#4579 = FILL_AREA_STYLE_COLOUR ( '', #3734 ) ;
#4580 = CARTESIAN_POINT ( 'NONE',  ( -0.8255908954712981600, 0.9279527560717885100, -0.09842519685039538600 ) ) ;
#4581 = FACE_OUTER_BOUND ( 'NONE', #5530, .T. ) ;
#4582 = CARTESIAN_POINT ( 'NONE',  ( 0.0000000000000000000, -0.1129500890975078900, 0.7808398950131221200 ) ) ;
#4583 = CARTESIAN_POINT ( 'NONE',  ( 0.9876700203231734100, -0.8410053028255510800, -0.02187226596675591000 ) ) ;
#4584 = CARTESIAN_POINT ( 'NONE',  ( -0.9291338582677165500, -1.110236220472441000, -1.496062992125984300 ) ) ;
#4585 = CARTESIAN_POINT ( 'NONE',  ( -0.7549431811966416100, -1.076064190174771800, -0.1968503937007874100 ) ) ;
#4586 = CARTESIAN_POINT ( 'NONE',  ( 0.7440480963253898200, 1.083715119910515700, -0.5074365704286969400 ) ) ;
#4587 = CARTESIAN_POINT ( 'NONE',  ( -0.7023879734236379000, 1.109088367905878100, -0.1968503937007874100 ) ) ;
#4588 = DIRECTION ( 'NONE',  ( 0.0000000000000000000, 0.0000000000000000000, -1.000000000000000000 ) ) ;
#4589 = CARTESIAN_POINT ( 'NONE',  ( 1.081314661062031700, -0.7479053414235590200, -2.992125984251968500 ) ) ;
#4590 = CARTESIAN_POINT ( 'NONE',  ( 0.7328273577879370600, -0.9609539274657166200, -1.128608923884515600 ) ) ;
#4591 = VERTEX_POINT ( 'NONE', #2280 ) ;
#4592 = CARTESIAN_POINT ( 'NONE',  ( -1.110233970439106400, 0.9282311026850591500, -0.06561679790026378500 ) ) ;
#4593 = CARTESIAN_POINT ( 'NONE',  ( 1.105448062055279800, -0.7119148290572637800, -2.681539807524059500 ) ) ;
#4594 = AXIS2_PLACEMENT_3D ( 'NONE', #6364, #1831, #2534 ) ;
#4595 = CARTESIAN_POINT ( 'NONE',  ( -1.101663991491527600, 0.7176078221647755900, -2.060367454068240600 ) ) ;
#4596 = CARTESIAN_POINT ( 'NONE',  ( 1.076064190174771800, -0.7549431811966416100, -0.1968503937007874100 ) ) ;
#4597 = ORIENTED_EDGE ( 'NONE', *, *, #1816, .F. ) ;
#4598 = CARTESIAN_POINT ( 'NONE',  ( -0.7107731193049651200, 1.105962098314002200, -2.992125984251968500 ) ) ;
#4599 = CARTESIAN_POINT ( 'NONE',  ( -0.7738167753536416800, 0.7980368589790987100, -2.681539807524059500 ) ) ;
#4600 = CARTESIAN_POINT ( 'NONE',  ( 0.7360730235907874100, 0.1823967744873268300, 0.006999125109362205200 ) ) ;
#4601 = CARTESIAN_POINT ( 'NONE',  ( -1.038329624928467500, -0.7636032586122535300, -2.992125984251968500 ) ) ;
#4602 = CARTESIAN_POINT ( 'NONE',  ( -0.03825588577256693700, 1.134251968503936900, -2.833869000920110200 ) ) ;
#4603 = CARTESIAN_POINT ( 'NONE',  ( 0.8682354914878504000, -1.014900208985476400, -0.1968503937007874100 ) ) ;
#4604 = ORIENTED_EDGE ( 'NONE', *, *, #6514, .F. ) ;
#4605 = CARTESIAN_POINT ( 'NONE',  ( 0.1968497636963710300, 1.134251968503936700, -2.681102362201465400 ) ) ;
#4606 = CARTESIAN_POINT ( 'NONE',  ( 0.7649861758560708700, -1.048472305788082900, -0.1968503937007874100 ) ) ;
#4607 = CARTESIAN_POINT ( 'NONE',  ( -1.109486903909763700, 0.7003745554811694500, -2.060367454068244600 ) ) ;
#4608 = CARTESIAN_POINT ( 'NONE',  ( 0.1186669774022205100, -0.01737833137594489000, 0.7742782152230984800 ) ) ;
#4609 = CARTESIAN_POINT ( 'NONE',  ( 1.022873197870755900, -0.8770121648875594000, -0.06561679790026378500 ) ) ;
#4610 = CARTESIAN_POINT ( 'NONE',  ( 0.7738167753536416800, -0.7980368589790987100, -0.1968503937007874100 ) ) ;
#4611 = CARTESIAN_POINT ( 'NONE',  ( 0.7155729551865434000, 1.103009155936019800, -2.681539807524059500 ) ) ;
#4612 = CARTESIAN_POINT ( 'NONE',  ( -0.7441482841840315600, 1.083913278540055400, -2.992125984251968500 ) ) ;
#4613 = CARTESIAN_POINT ( 'NONE',  ( 0.7566742686776338800, -1.025508191967476900, -2.992125984251968500 ) ) ;
#4614 = CARTESIAN_POINT ( 'NONE',  ( -0.6966426451231538800, 1.110134101196099700, -2.992125984251968500 ) ) ;
#4615 = VERTEX_POINT ( 'NONE', #3603 ) ;
#4616 = CARTESIAN_POINT ( 'NONE',  ( -0.1337290113004449000, -0.07273870726820080800, -2.965879265091866800 ) ) ;
#4617 = CARTESIAN_POINT ( 'NONE',  ( 0.0000000000000000000, 4.110236220472441600, -2.681102362212613300 ) ) ;
#4618 = CARTESIAN_POINT ( 'NONE',  ( -1.085874585383008100, 1.023890032031122200, -0.02187226596675591000 ) ) ;
#4619 = CARTESIAN_POINT ( 'NONE',  ( 1.038329624928467500, 0.7636032586122533100, -2.992125984251968500 ) ) ;
#4620 = ORIENTED_EDGE ( 'NONE', *, *, #553, .T. ) ;
#4621 = CARTESIAN_POINT ( 'NONE',  ( -1.081538273903762900, 0.7475806083234701700, -0.1968503937007874100 ) ) ;
#4622 = CARTESIAN_POINT ( 'NONE',  ( -1.096676596295539600, 0.7252355460546456900, -2.060367454068244600 ) ) ;
#4623 = CARTESIAN_POINT ( 'NONE',  ( -1.110233970439102400, -0.9282311026850591500, -0.1749781277340315400 ) ) ;
#4624 = CARTESIAN_POINT ( 'NONE',  ( -0.7738167753536416800, 0.7980368589790947100, -1.128608923884511800 ) ) ;
#4625 = CARTESIAN_POINT ( 'NONE',  ( 0.6631499799855394800, 0.3699185312724016000, 0.006999125109362205200 ) ) ;
#4626 = B_SPLINE_CURVE_WITH_KNOTS ( 'NONE', 3,
 ( #5868, #24, #3304, #3248, #2563, #8317 ),
 .UNSPECIFIED., .F., .F.,
 ( 4, 1, 1, 4 ),
 ( 0.0000000000000000000, 0.4344827586206913000, 0.8689655172413803800, 1.000000000000000000 ),
 .UNSPECIFIED. ) ;
#4627 = EDGE_CURVE ( 'NONE', #5344, #1189, #653, .T. ) ;
#4628 = CARTESIAN_POINT ( 'NONE',  ( 0.1573015519094055600, 1.144378037797165300, -2.678407331328082700 ) ) ;
#4629 = CARTESIAN_POINT ( 'NONE',  ( 1.030523849900492500, -0.9429096587393148700, -0.1749781277340315400 ) ) ;
#4630 = ORIENTED_EDGE ( 'NONE', *, *, #2946, .F. ) ;
#4631 = CARTESIAN_POINT ( 'NONE',  ( 0.7479053414235590200, 1.081314661062031700, -1.128608923884515600 ) ) ;
#4632 = CARTESIAN_POINT ( 'NONE',  ( 0.1249949962596299800, -0.001118440903629921800, -3.359580052493437400 ) ) ;
#4633 = CARTESIAN_POINT ( 'NONE',  ( -0.1655960632677327400, 1.152452275165440200, -2.681102362865291700 ) ) ;
#4634 = CARTESIAN_POINT ( 'NONE',  ( 0.08401568594263388000, 0.1231026060500197600, 0.06299212598425198200 ) ) ;
#4635 = ORIENTED_EDGE ( 'NONE', *, *, #7582, .F. ) ;
#4636 = ORIENTED_EDGE ( 'NONE', *, *, #3496, .T. ) ;
#4637 = CARTESIAN_POINT ( 'NONE',  ( 0.02631342818096851400, -0.1054392350271024000, 0.7852143482064725100 ) ) ;
#4638 = CARTESIAN_POINT ( 'NONE',  ( -0.08401568594263388000, 0.1231026060500197600, -2.987751531058621800 ) ) ;
#4639 = CARTESIAN_POINT ( 'NONE',  ( 0.7738167753536416800, 0.7980368589790987100, -2.681539807524059500 ) ) ;
#4640 = ADVANCED_FACE ( 'NONE', ( #4340 ), #1218, .T. ) ;
#4641 = DIRECTION ( 'NONE',  ( -0.0000000000000000000, -0.0000000000000000000, -1.000000000000000000 ) ) ;
#4642 = FACE_OUTER_BOUND ( 'NONE', #7760, .T. ) ;
#4643 = CARTESIAN_POINT ( 'NONE',  ( 0.7440480963253939300, 1.083715119910515700, -2.060367454068240600 ) ) ;
#4644 = CARTESIAN_POINT ( 'NONE',  ( -0.7155729551865474000, 1.103009155936019800, -2.992125984251968500 ) ) ;
#4645 = CARTESIAN_POINT ( 'NONE',  ( -0.0000000000000000000, -0.1460610273873661500, -2.957130358705161400 ) ) ;
#4646 = EDGE_CURVE ( 'NONE', #1659, #4073, #7855, .T. ) ;
#4647 = ORIENTED_EDGE ( 'NONE', *, *, #6856, .T. ) ;
#4648 = ORIENTED_EDGE ( 'NONE', *, *, #3958, .F. ) ;
#4649 = CARTESIAN_POINT ( 'NONE',  ( -1.066889654611260100, 1.047580032597574800, -0.06561679790026378500 ) ) ;
#4650 = DIRECTION ( 'NONE',  ( 0.0000000000000000000, -1.000000000000000000, 0.0000000000000000000 ) ) ;
#4651 = CARTESIAN_POINT ( 'NONE',  ( 1.023890032031122200, 1.085874585383008100, -0.1312335958005236600 ) ) ;
#4652 = CARTESIAN_POINT ( 'NONE',  ( 1.105448062055279800, -0.7119148290572637800, -0.5074365704286969400 ) ) ;
#4653 = CARTESIAN_POINT ( 'NONE',  ( 1.036985750691334900, 0.7634200263010158000, -2.992125984251968500 ) ) ;
#4654 = ORIENTED_EDGE ( 'NONE', *, *, #5384, .F. ) ;
#4655 = CARTESIAN_POINT ( 'NONE',  ( -1.105682788051606500, -0.9788576969563070900, -0.1749781277340315400 ) ) ;
#4656 = CARTESIAN_POINT ( 'NONE',  ( 1.067227259123861000, -1.047157685346673500, -0.1968503937007880200 ) ) ;
#4657 = CARTESIAN_POINT ( 'NONE',  ( -0.7500308502709094300, 0.05856650093301969700, 0.02099737532808268500 ) ) ;
#4658 = CARTESIAN_POINT ( 'NONE',  ( -0.7311023782002935600, 0.9279527559062281700, -0.1968503937007873800 ) ) ;
#4659 = CARTESIAN_POINT ( 'NONE',  ( -0.1249949962596299800, 0.001118440903629921800, 0.02362204724409449500 ) ) ;
#4660 = CARTESIAN_POINT ( 'NONE',  ( 0.9876700203231734100, -1.014900208985472200, -0.06561679790026378500 ) ) ;
#4661 = PRODUCT_DEFINITION ( 'UNKNOWN', '', #372, #2513 ) ;
#4662 = LINE ( 'NONE', #1850, #4448 ) ;
#4663 = CARTESIAN_POINT ( 'NONE',  ( -0.3702728364785316000, -0.6629341840565985400, 0.02099737532808268500 ) ) ;
#4664 = CARTESIAN_POINT ( 'NONE',  ( 0.07270040754172836500, 0.1062935698246890300, -3.156167979002622900 ) ) ;
#4665 = CARTESIAN_POINT ( 'NONE',  ( 0.08401568594263388000, 0.1231026060500197600, 0.02362204724409449500 ) ) ;
#4666 = CARTESIAN_POINT ( 'NONE',  ( 0.9876700203231734100, 0.8410053028255510800, -0.06561679790026378500 ) ) ;
#4667 = CARTESIAN_POINT ( 'NONE',  ( -0.08401568594263388000, 0.1231026060500197600, -2.992125984251972500 ) ) ;
#4668 = CARTESIAN_POINT ( 'NONE',  ( 1.029654069748492400, 0.7594092295902990000, -2.992125984251968500 ) ) ;
#4669 = CARTESIAN_POINT ( 'NONE',  ( 1.031542260286323300, -0.7605331936007366800, -0.1968503937007874100 ) ) ;
#4670 = CARTESIAN_POINT ( 'NONE',  ( 0.7642728007677205300, 1.053941206384279700, -2.060367454068244600 ) ) ;
#4671 = VECTOR ( 'NONE', #3692, 39.37007874015748100 ) ;
#4672 = CARTESIAN_POINT ( 'NONE',  ( 0.1448347163264528100, -0.02193883921625590700, -2.992125984251968500 ) ) ;
#4673 = CARTESIAN_POINT ( 'NONE',  ( 1.066889654611260100, -1.047580032597574800, -0.1968503937007874100 ) ) ;
#4674 = EDGE_CURVE ( 'NONE', #5695, #1129, #5915, .T. ) ;
#4675 = CARTESIAN_POINT ( 'NONE',  ( -0.7023879734236339000, -1.109088367905878100, -2.060367454068240600 ) ) ;
#4676 = LINE ( 'NONE', #890, #3558 ) ;
#4677 = CARTESIAN_POINT ( 'NONE',  ( 1.081538273903767300, 0.7475806083234708400, -2.992125984251968500 ) ) ;
#4678 = ADVANCED_FACE ( 'NONE', ( #7266 ), #4121, .T. ) ;
#4679 = CARTESIAN_POINT ( 'NONE',  ( -0.7475806083234709500, 1.081538273903767300, -2.992125984251968500 ) ) ;
#4680 = CARTESIAN_POINT ( 'NONE',  ( 1.110322617515925500, 0.6954048260608425300, -0.1968503937007874100 ) ) ;
#4681 = CARTESIAN_POINT ( 'NONE',  ( -0.08968624851009841800, 0.7465127032399607700, 0.04199475065616930400 ) ) ;
#4682 = CARTESIAN_POINT ( 'NONE',  ( 0.1446774418205934200, -0.02265127238144943800, -2.992125984251963600 ) ) ;
#4683 = B_SPLINE_CURVE_WITH_KNOTS ( 'NONE', 3,
 ( #5558, #5532, #3613, #6843, #3032, #3584, #6148, #4232, #2315, #7524, #8151 ),
 .UNSPECIFIED., .F., .F.,
 ( 4, 1, 1, 1, 1, 1, 1, 1, 4 ),
 ( 2.082061808147764500E-012, 0.001330758890014088100, 0.002699622016315600400, 0.003384053579466406400, 0.004068485142617112700, 0.004752916705767914000, 0.005437348268918625000, 0.006806211395220134800, 0.008136970284692053200 ),
 .UNSPECIFIED. ) ;
#4684 = CARTESIAN_POINT ( 'NONE',  ( -0.1561521082549016400, 1.137382512314492300, -2.703373736603512400 ) ) ;
#4685 = CARTESIAN_POINT ( 'NONE',  ( 0.9279527559055117400, -1.031298199610023700, -0.06561679790026378500 ) ) ;
#4686 = VERTEX_POINT ( 'NONE', #6527 ) ;
#4687 = CARTESIAN_POINT ( 'NONE',  ( 0.6631499799855356000, -0.3699185312724016000, 0.02099737532808268500 ) ) ;
#4688 = EDGE_CURVE ( 'NONE', #6727, #5392, #4662, .T. ) ;
#4689 = CARTESIAN_POINT ( 'NONE',  ( 1.085874585383008100, 1.023890032031122200, -0.1312335958005236600 ) ) ;
#4690 = CARTESIAN_POINT ( 'NONE',  ( 0.7642466524047228900, -1.054918747226493800, -0.1968503937007874100 ) ) ;
#4691 = CARTESIAN_POINT ( 'NONE',  ( -0.1448347163264528100, 0.02193883921625590700, 0.03674540682414568400 ) ) ;
#4692 = CARTESIAN_POINT ( 'NONE',  ( 0.8253816619105313100, 0.9129958530717085000, -0.02187226596675591000 ) ) ;
#4693 = CARTESIAN_POINT ( 'NONE',  ( -0.1446818157067244500, -0.0009658267581614175800, -2.979002624671917700 ) ) ;
#4694 = CARTESIAN_POINT ( 'NONE',  ( 0.8324966087895316900, 0.7505357138161811200, -0.1968503937007874100 ) ) ;
#4695 = EDGE_LOOP ( 'NONE', ( #732, #7816, #3126, #6595 ) ) ;
#4696 = CARTESIAN_POINT ( 'NONE',  ( 0.7061733014393543100, 1.108033091542948800, -2.992125984251968500 ) ) ;
#4697 = CARTESIAN_POINT ( 'NONE',  ( 0.7549431811966416100, 1.076064190174771800, -2.681539807524059500 ) ) ;
#4698 = CARTESIAN_POINT ( 'NONE',  ( -0.0000000000000000000, -0.1460610273873661500, -2.979002624671917700 ) ) ;
#4699 = CARTESIAN_POINT ( 'NONE',  ( -0.1969610430417243800, 1.118241469816271700, -2.650754968625445200 ) ) ;
#4700 = CARTESIAN_POINT ( 'NONE',  ( -0.7155729551865434000, -1.103009155936019800, -1.128608923884515600 ) ) ;
#4701 = EDGE_LOOP ( 'NONE', ( #992, #4748, #221, #7608 ) ) ;
#4702 = CARTESIAN_POINT ( 'NONE',  ( 0.9282311026850591500, 1.110233970439102400, -0.06561679790026378500 ) ) ;
#4703 = CARTESIAN_POINT ( 'NONE',  ( 1.108033091542948800, -0.7061733014393543100, -2.681539807524059500 ) ) ;
#4704 = CARTESIAN_POINT ( 'NONE',  ( 0.1771653543107209200, 1.153936964125595400, -2.681102362204710800 ) ) ;
#4705 = CARTESIAN_POINT ( 'NONE',  ( -1.028953034820995600, -0.7589873557274847700, -0.1968503937007874100 ) ) ;
#4706 = CARTESIAN_POINT ( 'NONE',  ( 1.110038567578173200, 0.6887898905127283200, -2.992125984251968500 ) ) ;
#4707 = CARTESIAN_POINT ( 'NONE',  ( -1.028953034820995600, -0.7589873557274847700, -0.1968503937007874100 ) ) ;
#4708 = CARTESIAN_POINT ( 'NONE',  ( -0.1558869637127283900, 1.126246719160106400, -2.704836293623897900 ) ) ;
#4709 = VERTEX_POINT ( 'NONE', #2164 ) ;
#4710 = CARTESIAN_POINT ( 'NONE',  ( 0.08785433828891336900, 1.153934119375358300, -2.835955337599216800 ) ) ;
#4711 = CARTESIAN_POINT ( 'NONE',  ( 1.030523849900492500, -0.9429096587393148700, -0.02187226596675591000 ) ) ;
#4712 = CARTESIAN_POINT ( 'NONE',  ( 0.7499998966439960200, 0.0003937435670787403000, 0.06299212598425198200 ) ) ;
#4713 = CARTESIAN_POINT ( 'NONE',  ( 0.7061733014393583000, -1.108033091542944800, -1.128608923884515600 ) ) ;
#4714 = B_SPLINE_CURVE_WITH_KNOTS ( 'NONE', 3,
 ( #7255, #5347, #6627, #2795, #3373, #282, #6015, #5292, #7846, #3429, #2179 ),
 .UNSPECIFIED., .F., .F.,
 ( 4, 1, 1, 1, 1, 1, 1, 1, 4 ),
 ( 2.776188122331665400E-012, 0.001330758891658053600, 0.002699622017351730800, 0.003384053580198618500, 0.004068485143045407300, 0.004752916705892291100, 0.005437348268739083800, 0.006806211394432758500, 0.008136970283313758200 ),
 .UNSPECIFIED. ) ;
#4715 = ORIENTED_EDGE ( 'NONE', *, *, #3591, .F. ) ;
#4716 = CARTESIAN_POINT ( 'NONE',  ( -0.7589873301296459200, 1.028953050111384400, -0.1968503937007873800 ) ) ;
#4717 = CARTESIAN_POINT ( 'NONE',  ( 0.1448347163264528100, 0.02193883921625590700, 0.02799650043744489000 ) ) ;
#4718 = CARTESIAN_POINT ( 'NONE',  ( 0.9028841459682126500, 0.8275570291413073500, -0.02187226596675591000 ) ) ;
#4719 = CARTESIAN_POINT ( 'NONE',  ( 1.022873197870755900, -0.8770121648875594000, 0.0000000000000000000 ) ) ;
#4720 = CARTESIAN_POINT ( 'NONE',  ( -0.7636744025022759200, -1.057499546894259400, -2.992125984251968500 ) ) ;
#4721 = ADVANCED_FACE ( 'NONE', ( #5356 ), #4198, .T. ) ;
#4722 = EDGE_CURVE ( 'NONE', #6587, #2612, #1453, .T. ) ;
#4723 = CARTESIAN_POINT ( 'NONE',  ( -0.7038785125588549200, 1.108626020972166800, -2.992125984251968500 ) ) ;
#4724 = ORIENTED_EDGE ( 'NONE', *, *, #4196, .T. ) ;
#4725 = CARTESIAN_POINT ( 'NONE',  ( -0.0000000000000000000, -0.1460610273873661500, -2.992125984251968500 ) ) ;
#4726 = CARTESIAN_POINT ( 'NONE',  ( -0.09746816833348823100, 1.118241469816271700, -2.507213403735209000 ) ) ;
#4727 = CARTESIAN_POINT ( 'NONE',  ( -0.7023879734236339000, -1.109088367905878100, -2.681539807524059500 ) ) ;
#4728 = CARTESIAN_POINT ( 'NONE',  ( 0.9451014140148467100, 1.110318066288362500, -0.06561679790026378500 ) ) ;
#4729 = CARTESIAN_POINT ( 'NONE',  ( 0.9282311026850591500, -1.110233970439102400, -0.1749781277340315400 ) ) ;
#4730 = CARTESIAN_POINT ( 'NONE',  ( 0.7141138414599870200, -1.103922707985718300, -0.1968503937007873800 ) ) ;
#4731 = ORIENTED_EDGE ( 'NONE', *, *, #7459, .T. ) ;
#4732 = CARTESIAN_POINT ( 'NONE',  ( -0.7038785125588548100, 1.108626020972166800, -0.1968503937007874100 ) ) ;
#4733 = CARTESIAN_POINT ( 'NONE',  ( -0.9028841459682126500, 0.8275570291413073500, -0.1968503937007874100 ) ) ;
#4734 = CARTESIAN_POINT ( 'NONE',  ( 1.107445675074389500, 0.7072881488253229800, -1.128608923884515600 ) ) ;
#4735 = CARTESIAN_POINT ( 'NONE',  ( -0.9457032319186173800, 1.110234704581635600, 0.0000000000000000000 ) ) ;
#4736 = FACE_OUTER_BOUND ( 'NONE', #5937, .T. ) ;
#4737 = CARTESIAN_POINT ( 'NONE',  ( -0.1557450946406299700, 1.112904636920386100, -2.680205304754929200 ) ) ;
#4738 = EDGE_CURVE ( 'NONE', #7501, #2488, #2752, .T. ) ;
#4739 = UNCERTAINTY_MEASURE_WITH_UNIT (LENGTH_MEASURE( 1.000000000000000100E-005 ), #1971, 'distance_accuracy_value', 'NONE');
#4740 = CARTESIAN_POINT ( 'NONE',  ( -0.1762263516454016200, 1.153934119375358300, -2.706236848701827600 ) ) ;
#4741 = CARTESIAN_POINT ( 'NONE',  ( 0.9028841459682126500, -1.028348482669716500, -0.02187226596675591000 ) ) ;
#4742 = ORIENTED_EDGE ( 'NONE', *, *, #1191, .T. ) ;
#4743 = ORIENTED_EDGE ( 'NONE', *, *, #2577, .F. ) ;
#4744 = CARTESIAN_POINT ( 'NONE',  ( 0.7499998966439960200, 0.0003937435670787403000, 0.02099737532808268500 ) ) ;
#4745 = CARTESIAN_POINT ( 'NONE',  ( 1.110318066288362500, 0.9451014140148467100, -0.1968503937007874100 ) ) ;
#4746 = CARTESIAN_POINT ( 'NONE',  ( 1.109486903909763700, 0.7003745554811694500, -1.128608923884515600 ) ) ;
#4747 = CARTESIAN_POINT ( 'NONE',  ( 0.1446818157067244500, -0.0009658267581614175800, 0.02799650043744489000 ) ) ;
#4748 = ORIENTED_EDGE ( 'NONE', *, *, #1383, .T. ) ;
#4749 = CARTESIAN_POINT ( 'NONE',  ( 0.9876700203231734100, 0.8410053028255472000, -0.02187226596675591000 ) ) ;
#4750 = CARTESIAN_POINT ( 'NONE',  ( 0.1446818157067244500, -0.0009658267581614175800, -2.965879265091863300 ) ) ;
#4751 = CARTESIAN_POINT ( 'NONE',  ( -0.04788271554519685900, 1.110236220472441400, -2.487949462238370200 ) ) ;
#4752 = CARTESIAN_POINT ( 'NONE',  ( 0.7061733014393543100, 1.108033091542948800, -0.5074365704286969400 ) ) ;
#4753 = CARTESIAN_POINT ( 'NONE',  ( 1.053941206384279700, 0.7642728007677244100, -0.1968503937007874100 ) ) ;
#4754 = CARTESIAN_POINT ( 'NONE',  ( 0.09923381455821263200, 0.08078540562226377300, 0.7677165354330708300 ) ) ;
#4755 = CARTESIAN_POINT ( 'NONE',  ( -0.1412742653159843000, 1.134251968503936900, -2.540380452650441400 ) ) ;
#4756 = CARTESIAN_POINT ( 'NONE',  ( -1.101616661993956900, -0.7173146837074369000, -1.128608923884511800 ) ) ;
#4757 = FACE_OUTER_BOUND ( 'NONE', #6838, .T. ) ;
#4758 = CARTESIAN_POINT ( 'NONE',  ( 1.028953034820995600, 0.7589873557274848800, -0.1968503937007874400 ) ) ;
#4759 = CARTESIAN_POINT ( 'NONE',  ( 0.9451014140148467100, -1.110318066288362500, -0.1968503937007874100 ) ) ;
#4760 = CARTESIAN_POINT ( 'NONE',  ( -0.7589873301296453700, -1.028953050111380800, -0.1968503937007874400 ) ) ;
#4761 = CARTESIAN_POINT ( 'NONE',  ( -0.07270040754172836500, 0.1062935698246890300, 0.02362204724409449500 ) ) ;
#4762 = CARTESIAN_POINT ( 'NONE',  ( -1.110236281231659100, 0.6927299607301727900, -0.1968503937007874700 ) ) ;
#4763 = CARTESIAN_POINT ( 'NONE',  ( -1.023622736685190400, 1.085992159574437300, 0.0000000000000000000 ) ) ;
#4764 = FACE_OUTER_BOUND ( 'NONE', #1814, .T. ) ;
#4765 = CARTESIAN_POINT ( 'NONE',  ( -0.0000000000000000000, 1.118241469816271700, -2.838329202522437400 ) ) ;
#4766 = CARTESIAN_POINT ( 'NONE',  ( 0.1730660624311260400, 1.153988124042724300, -2.705786108810535900 ) ) ;
#4767 = CARTESIAN_POINT ( 'NONE',  ( -1.060986002430181200, -0.7627446526210116500, -2.992125984251968500 ) ) ;
#4768 = AXIS2_PLACEMENT_3D ( 'NONE', #617, #6462, #8304 ) ;
#4769 = B_SPLINE_CURVE_WITH_KNOTS ( 'NONE', 3,
 ( #3797, #6389, #2561, #1799 ),
 .UNSPECIFIED., .F., .F.,
 ( 4, 4 ),
 ( 0.0000000000000000000, 1.000000000000000000 ),
 .UNSPECIFIED. ) ;
#4770 = CARTESIAN_POINT ( 'NONE',  ( -0.7360730235907874100, -0.1823967744873268300, 0.04199475065616930400 ) ) ;
#4771 = CARTESIAN_POINT ( 'NONE',  ( 1.105682788051606500, 0.9788576969563070900, -0.1749781277340315400 ) ) ;
#4772 = CARTESIAN_POINT ( 'NONE',  ( 1.101616661993956900, 0.7173146837074369000, -2.992125984251968500 ) ) ;
#4773 = CARTESIAN_POINT ( 'NONE',  ( -0.03526368610020472900, 0.1419330633355000400, 0.02362204724409449500 ) ) ;
#4774 = LINE ( 'NONE', #5480, #3649 ) ;
#4775 = CARTESIAN_POINT ( 'NONE',  ( 0.8682354914878504000, 0.8410053028255510800, -0.1749781277340315400 ) ) ;
#4776 = CARTESIAN_POINT ( 'NONE',  ( 1.101663991491527600, 0.7176078221647795900, -1.128608923884515600 ) ) ;
#4777 = CARTESIAN_POINT ( 'NONE',  ( -0.7618448995876850900, 1.065122253766173300, -0.1968503937007874100 ) ) ;
#4778 = CARTESIAN_POINT ( 'NONE',  ( 0.7023879734236339000, 1.109088367905878100, -0.1968503937007874100 ) ) ;
#4779 = CARTESIAN_POINT ( 'NONE',  ( 0.1184288968368032000, -0.001494017462385827600, 0.7742782152230984800 ) ) ;
#4780 = CIRCLE ( 'NONE', #5606, 0.1557475975902504200 ) ;
#4781 = CARTESIAN_POINT ( 'NONE',  ( 0.1969610430417243800, 1.131583552055992000, -2.650754968625445200 ) ) ;
#4782 = CARTESIAN_POINT ( 'NONE',  ( -1.109486903909763700, -0.7003745554811732200, -2.060367454068244600 ) ) ;
#4783 = CARTESIAN_POINT ( 'NONE',  ( -0.1248906675384803700, 1.153988124042724300, -2.558648315317401800 ) ) ;
#4784 = CARTESIAN_POINT ( 'NONE',  ( -0.1446774418240743800, 0.02265127236583266300, 0.06299212598425198200 ) ) ;
#4785 = B_SPLINE_CURVE_WITH_KNOTS ( 'NONE', 3,
 ( #2433, #3753, #7588, #3783, #6908, #8244 ),
 .UNSPECIFIED., .F., .F.,
 ( 4, 1, 1, 4 ),
 ( 0.0000000000000000000, 6.400984714163277900E-005, 0.0002228045788692933200, 0.0002868697337853187300 ),
 .UNSPECIFIED. ) ;
#4786 = CARTESIAN_POINT ( 'NONE',  ( 0.7627446526210077700, 1.060986002430181200, -2.060367454068244600 ) ) ;
#4787 = EDGE_LOOP ( 'NONE', ( #32, #7750, #4295, #6932 ) ) ;
#4788 = CARTESIAN_POINT ( 'NONE',  ( -1.022873197870755900, 0.8770121648875594000, -0.1968503937007874100 ) ) ;
#4789 = CARTESIAN_POINT ( 'NONE',  ( -0.1768021951115827400, 1.153934119375358300, -2.684131495541937100 ) ) ;
#4790 = CARTESIAN_POINT ( 'NONE',  ( -0.09038153715239767600, 1.112904636920386100, -2.813647702036685700 ) ) ;
#4791 = CARTESIAN_POINT ( 'NONE',  ( 0.1664217845600511900, 1.153934119375358300, -2.752366680791756200 ) ) ;
#4792 = CARTESIAN_POINT ( 'NONE',  ( -1.036985750691334900, -0.7634200263010158000, -1.128608923884515600 ) ) ;
#4793 = B_SPLINE_CURVE_WITH_KNOTS ( 'NONE', 3,
 ( #1465, #7836, #250, #2707, #4009, #5984 ),
 .UNSPECIFIED., .F., .F.,
 ( 4, 1, 1, 4 ),
 ( 0.0000000000000000000, 0.2233249047147162200, 0.7768679091367634000, 1.000000000000000000 ),
 .UNSPECIFIED. ) ;
#4794 = EDGE_LOOP ( 'NONE', ( #1707, #6395 ) ) ;
#4795 = CARTESIAN_POINT ( 'NONE',  ( -0.08507316324146849100, 0.09147995529392860500, 0.7677149411578697600 ) ) ;
#4796 = CARTESIAN_POINT ( 'NONE',  ( 1.056646062823173100, 1.057736748147917400, -0.06561679790026378500 ) ) ;
#4797 = CARTESIAN_POINT ( 'NONE',  ( 0.1572468279256721800, 1.153937007874015700, -2.602931054720034600 ) ) ;
#4798 = CARTESIAN_POINT ( 'NONE',  ( -1.081609771494815000, 0.7479077349249685400, -1.128608923884515600 ) ) ;
#4799 = CARTESIAN_POINT ( 'NONE',  ( 0.7479077349249685400, -1.081609771494819000, -0.5074365704286969400 ) ) ;
#4800 = EDGE_CURVE ( 'NONE', #1622, #7743, #3381, .T. ) ;
#4801 = CARTESIAN_POINT ( 'NONE',  ( 0.03526368610020472900, 0.1419330633355000400, -2.952755905511811100 ) ) ;
#4802 = CARTESIAN_POINT ( 'NONE',  ( 0.9634718618594959600, 0.7306366061711417900, -0.1968503937007874100 ) ) ;
#4803 = CARTESIAN_POINT ( 'NONE',  ( 0.7119148290572637800, 1.105448062055279800, -0.1968503937007874100 ) ) ;
#4804 = ORIENTED_EDGE ( 'NONE', *, *, #6809, .T. ) ;
#4805 = CARTESIAN_POINT ( 'NONE',  ( 1.057192564065723200, -1.057192564065761300, 0.0000000000000000000 ) ) ;
#4806 = CARTESIAN_POINT ( 'NONE',  ( 0.09746816833348823100, 1.126246719160106400, -2.507213403735209000 ) ) ;
#4807 = CARTESIAN_POINT ( 'NONE',  ( 1.029023522214547600, -0.7593146768515431900, -2.060367454068240600 ) ) ;
#4808 = CARTESIAN_POINT ( 'NONE',  ( 1.105682788051606500, -0.9788576969563070900, -0.1749781277340315400 ) ) ;
#4809 = CARTESIAN_POINT ( 'NONE',  ( 0.04317389789997245300, 1.153934119375358300, -2.508696701501141700 ) ) ;
#4810 = ORIENTED_EDGE ( 'NONE', *, *, #6023, .F. ) ;
#4811 = CARTESIAN_POINT ( 'NONE',  ( 0.9788576969563070900, -1.105682788051606500, -0.1749781277340315400 ) ) ;
#4812 = CARTESIAN_POINT ( 'NONE',  ( 1.028953034820992100, -0.7589873557274845500, -2.992125984251968500 ) ) ;
#4813 = CARTESIAN_POINT ( 'NONE',  ( -0.8255996794046417400, 0.9265857566923937400, -0.1749781277340354800 ) ) ;
#4814 = CARTESIAN_POINT ( 'NONE',  ( -0.8682354914878504000, 0.8410053028255472000, -0.1312335958005236600 ) ) ;
#4815 = CARTESIAN_POINT ( 'NONE',  ( -0.1302174502294921600, 1.153988124042724300, -2.553425458315673200 ) ) ;
#4816 = CARTESIAN_POINT ( 'NONE',  ( 0.1557450946406299700, 1.112904636920386100, -2.680205304754929200 ) ) ;
#4817 = ORIENTED_EDGE ( 'NONE', *, *, #712, .T. ) ;
#4818 = B_SPLINE_CURVE_WITH_KNOTS ( 'NONE', 3,
 ( #2041, #3315, #7054, #3233, #7732, #1328 ),
 .UNSPECIFIED., .F., .F.,
 ( 4, 1, 1, 4 ),
 ( 0.0000000000000000000, 0.001198132416101008200, 0.002418024191698282600, 0.003616193483198974100 ),
 .UNSPECIFIED. ) ;
#4819 = CARTESIAN_POINT ( 'NONE',  ( 0.07618388604219888900, -0.07261493197145357800, 0.7873333096515450200 ) ) ;
#4820 = CARTESIAN_POINT ( 'NONE',  ( -0.6927299607301763400, 1.110236281231659100, -2.992125984251968500 ) ) ;
#4821 = CARTESIAN_POINT ( 'NONE',  ( 0.7566742686776338800, -1.025508191967476900, -0.5074365704286969400 ) ) ;
#4822 = CARTESIAN_POINT ( 'NONE',  ( 0.0000000000000000000, 1.110236220472441000, -2.681102362212613300 ) ) ;
#4823 = CARTESIAN_POINT ( 'NONE',  ( -0.7311036405941849800, 0.9272433185909526600, -1.128608923884515600 ) ) ;
#4824 = EDGE_LOOP ( 'NONE', ( #1092, #1974, #428, #3814 ) ) ;
#4825 = CARTESIAN_POINT ( 'NONE',  ( -0.1251725047065984900, -0.01871959219484252400, -3.562992125984252300 ) ) ;
#4826 = CARTESIAN_POINT ( 'NONE',  ( 1.089068901887649600, 0.7366106222218031800, -0.1968503937007874100 ) ) ;
#4827 = CARTESIAN_POINT ( 'NONE',  ( -0.7440480963253939300, 1.083715119910519700, -2.060367454068244600 ) ) ;
#4828 = EDGE_CURVE ( 'NONE', #6629, #3281, #156, .T. ) ;
#4829 = LENGTH_MEASURE_WITH_UNIT ( LENGTH_MEASURE( 0.02539999999999999900 ), #2455 );
#4830 = CARTESIAN_POINT ( 'NONE',  ( 1.057499546894260100, -0.7636744025022762500, -2.992125984251969000 ) ) ;
#4831 = CARTESIAN_POINT ( 'NONE',  ( 0.6910086409841851300, 1.110261735596846700, -0.1968503937007874100 ) ) ;
#4832 = ORIENTED_EDGE ( 'NONE', *, *, #1722, .T. ) ;
#4833 = VERTEX_POINT ( 'NONE', #172 ) ;
#4834 = CARTESIAN_POINT ( 'NONE',  ( 0.0000000000000000000, 1.110236220472441000, -2.482403221636720700 ) ) ;
#4835 = CARTESIAN_POINT ( 'NONE',  ( 1.049803909796291500, -0.7651677351667045500, -2.681539807524059500 ) ) ;
#4836 = CARTESIAN_POINT ( 'NONE',  ( 0.1557403679300479500, 1.110236220472441000, -2.656705970264381800 ) ) ;
#4837 = CARTESIAN_POINT ( 'NONE',  ( -0.04069944472112992800, 1.152548769262433000, -2.518577897221913300 ) ) ;
#4838 = CARTESIAN_POINT ( 'NONE',  ( -0.7738167753536412400, -0.7980368589790982600, -2.992125984251973400 ) ) ;
#4839 = B_SPLINE_CURVE_WITH_KNOTS ( 'NONE', 3,
 ( #7045, #7982, #7328, #249 ),
 .UNSPECIFIED., .F., .F.,
 ( 4, 4 ),
 ( 0.0000000000000000000, 1.000000000000000000 ),
 .UNSPECIFIED. ) ;
#4840 = CARTESIAN_POINT ( 'NONE',  ( 0.7639149224034330600, 1.057272500430996200, -0.1968503937007874100 ) ) ;
#4841 = CARTESIAN_POINT ( 'NONE',  ( -0.9279527559055117400, 1.031298199610023700, -0.1312335958005236600 ) ) ;
#4842 = ORIENTED_EDGE ( 'NONE', *, *, #2918, .F. ) ;
#4843 = CARTESIAN_POINT ( 'NONE',  ( -1.030305832406381800, 0.9293197551186300800, -0.1312335958005236600 ) ) ;
#4844 = ORIENTED_EDGE ( 'NONE', *, *, #116, .T. ) ;
#4845 = CARTESIAN_POINT ( 'NONE',  ( 0.1848880155283897700, 1.144378037797165300, -2.601930524957752200 ) ) ;
#4846 = CARTESIAN_POINT ( 'NONE',  ( -0.1868747311076299500, 1.152548769262433000, -2.677900657172023200 ) ) ;
#4847 = CARTESIAN_POINT ( 'NONE',  ( 1.036985750691334900, -0.7634200263010119100, -0.1968503937007874100 ) ) ;
#4848 = ORIENTED_EDGE ( 'NONE', *, *, #6008, .T. ) ;
#4849 = CARTESIAN_POINT ( 'NONE',  ( 0.08968624851009841800, -0.7465127032399607700, -0.0000000000000000000 ) ) ;
#4850 = CARTESIAN_POINT ( 'NONE',  ( 1.105682788051602500, 0.9788576969563110900, -0.06561679790026378500 ) ) ;
#4851 = CARTESIAN_POINT ( 'NONE',  ( 0.1635948947583040200, 1.153937007874015700, -2.617792503421152400 ) ) ;
#4852 = CARTESIAN_POINT ( 'NONE',  ( -1.057805835868256100, 0.7637992319626142300, -2.992125984251968500 ) ) ;
#4853 = CARTESIAN_POINT ( 'NONE',  ( -0.7328273577879370600, 0.9609539274657166200, -0.1968503937007874100 ) ) ;
#4854 = CARTESIAN_POINT ( 'NONE',  ( 1.081538273903767300, 0.7475806083234708400, -2.992125984251968500 ) ) ;
#4855 = CARTESIAN_POINT ( 'NONE',  ( 0.8334242859744074300, -0.9792942676342828400, 0.0000000000000000000 ) ) ;
#4856 = COLOUR_RGB ( '',0.7921568627450980000, 0.8196078431372548800, 0.9333333333333333500 ) ;
#4857 = CARTESIAN_POINT ( 'NONE',  ( 0.1076375334393267900, 0.01005066528053543500, 0.7852143482064725100 ) ) ;
#4858 = CARTESIAN_POINT ( 'NONE',  ( 0.7053811463581102200, 1.108204637752976400, -2.060367454068240600 ) ) ;
#4859 = CARTESIAN_POINT ( 'NONE',  ( 0.1969610430417243800, 1.118241469816271700, -2.650754968625445200 ) ) ;
#4860 = CARTESIAN_POINT ( 'NONE',  ( 1.049803909796291500, -0.7651677351667045500, -1.128608923884515600 ) ) ;
#4861 = CARTESIAN_POINT ( 'NONE',  ( -1.110236179564746400, -0.9291338582640751300, -0.09842519685039372000 ) ) ;
#4862 = CARTESIAN_POINT ( 'NONE',  ( -1.096676596295535400, -0.7252355460546456900, -0.1968503937007874100 ) ) ;
#4863 = CARTESIAN_POINT ( 'NONE',  ( -0.08627883544765749300, 1.153988124042724300, -2.529026384593866500 ) ) ;
#4864 = DIRECTION ( 'NONE',  ( 0.0000000000000000000, 1.000000000000000000, 0.0000000000000000000 ) ) ;
#4865 = CARTESIAN_POINT ( 'NONE',  ( 0.9028841459682126500, 1.028348482669716500, -0.1749781277340315400 ) ) ;
#4866 = VECTOR ( 'NONE', #3227, 39.37007874015748100 ) ;
#4867 = CARTESIAN_POINT ( 'NONE',  ( -0.6966426451231496600, -1.110134101196095900, -2.992125984251970700 ) ) ;
#4868 = CARTESIAN_POINT ( 'NONE',  ( 0.1863811055754370500, 1.134251968503936900, -2.601291161276653600 ) ) ;
#4869 = CARTESIAN_POINT ( 'NONE',  ( 1.089068901887649600, 0.7366106222218031800, -1.128608923884515600 ) ) ;
#4870 = ADVANCED_FACE ( 'NONE', ( #7766 ), #7001, .T. ) ;
#4871 = B_SPLINE_CURVE_WITH_KNOTS ( 'NONE', 3,
 ( #322, #6776, #2219, #5494, #4795 ),
 .UNSPECIFIED., .F., .F.,
 ( 4, 1, 4 ),
 ( 0.0000000000000000000, 0.6303343671595048600, 1.000000000000000000 ),
 .UNSPECIFIED. ) ;
#4872 = CARTESIAN_POINT ( 'NONE',  ( 0.1337290113004449000, -0.07273870726820080800, 0.02362204724409449500 ) ) ;
#4873 = EDGE_CURVE ( 'NONE', #714, #1482, #4025, .T. ) ;
#4874 = CARTESIAN_POINT ( 'NONE',  ( 0.08401568594263388000, -0.1231026060500197600, 0.02362204724409453300 ) ) ;
#4875 = CARTESIAN_POINT ( 'NONE',  ( 1.110318066288362500, 0.9451014140148467100, 0.0000000000000000000 ) ) ;
#4876 = CARTESIAN_POINT ( 'NONE',  ( -0.1343571113528224100, 1.153937007874015700, -2.568025087886710800 ) ) ;
#4877 = CARTESIAN_POINT ( 'NONE',  ( -1.083715119910515700, 0.7440480963253898200, -2.992125984251968500 ) ) ;
#4878 = CARTESIAN_POINT ( 'NONE',  ( -0.7528510366733464100, 1.018785567477366500, -1.128608923884515600 ) ) ;
#4879 = CARTESIAN_POINT ( 'NONE',  ( 0.08502337039347909700, 0.09142667267700842200, 0.2217847769028878900 ) ) ;
#4880 = VERTEX_POINT ( 'NONE', #2123 ) ;
#4881 = CARTESIAN_POINT ( 'NONE',  ( -1.022873197870755900, -0.8770121648875594000, -0.1749781277340315400 ) ) ;
#4882 = CARTESIAN_POINT ( 'NONE',  ( 0.7053811463581102200, 1.108204637752976400, -2.992125984251968500 ) ) ;
#4883 = CARTESIAN_POINT ( 'NONE',  ( 0.7636032586122494200, 1.038329624928467000, -0.1968503937007874100 ) ) ;
#4884 = CARTESIAN_POINT ( 'NONE',  ( -1.105448062055279800, -0.7119148290572677700, -2.681539807524059500 ) ) ;
#4885 = CARTESIAN_POINT ( 'NONE',  ( -1.109374590528771500, -0.7016296763940630400, -2.060367454068244600 ) ) ;
#4886 = B_SPLINE_CURVE_WITH_KNOTS ( 'NONE', 3,
 ( #5077, #4427, #1233, #5720 ),
 .UNSPECIFIED., .F., .F.,
 ( 4, 4 ),
 ( 0.0000000000000000000, 1.000000000000000000 ),
 .UNSPECIFIED. ) ;
#4887 = EDGE_LOOP ( 'NONE', ( #1567, #930, #3068, #7544 ) ) ;
#4888 = CARTESIAN_POINT ( 'NONE',  ( -0.1249997708871712200, -7.618905016278156300E-011, 0.02362204724409449100 ) ) ;
#4889 = B_SPLINE_CURVE_WITH_KNOTS ( 'NONE', 3,
 ( #4854, #2338, #6143, #3497, #2309, #2255 ),
 .UNSPECIFIED., .F., .F.,
 ( 4, 1, 1, 4 ),
 ( 0.0000000000000000000, 0.2887644307316947800, 0.7100258073630133500, 1.000000000000000000 ),
 .UNSPECIFIED. ) ;
#4890 = CARTESIAN_POINT ( 'NONE',  ( 0.1271712453943662200, 1.153934119375358300, -2.556412231603555400 ) ) ;
#4891 = EDGE_CURVE ( 'NONE', #7840, #1659, #5324, .T. ) ;
#4892 = CARTESIAN_POINT ( 'NONE',  ( 0.8253816619105313100, 0.9429096587393148700, -0.1749781277340315400 ) ) ;
#4893 = B_SPLINE_CURVE_WITH_KNOTS ( 'NONE', 3,
 ( #5141, #2571, #1921, #2511, #8300, #3869 ),
 .UNSPECIFIED., .F., .F.,
 ( 4, 1, 1, 4 ),
 ( 0.0000000000000000000, 0.001198132416100853200, 0.002418024191697974300, 0.003616193483198519600 ),
 .UNSPECIFIED. ) ;
#4894 = CARTESIAN_POINT ( 'NONE',  ( -0.07105382509994488700, 0.09584339394821656000, 0.7742782152230984800 ) ) ;
#4895 = CARTESIAN_POINT ( 'NONE',  ( 0.09341851193814962300, 1.152548769262433000, -2.516441916149401600 ) ) ;
#4896 = CARTESIAN_POINT ( 'NONE',  ( 0.1674237170943898000, 1.153934119375358300, -2.752795723416905400 ) ) ;
#4897 = ORIENTED_EDGE ( 'NONE', *, *, #7679, .T. ) ;
#4898 = CARTESIAN_POINT ( 'NONE',  ( -0.03526368610020472900, -0.1419330633355000400, 0.02362204724409449500 ) ) ;
#4899 = B_SPLINE_SURFACE_WITH_KNOTS ( 'NONE', 3, 3, ( 
 ( #1693, #8299, #2510, #1838, #3196, #3144 ),
 ( #6314, #7671, #1239, #5787, #5727, #3228 ),
 ( #7639, #5111, #7016, #4402, #582, #7727 ),
 ( #7610, #2, #4467, #642, #6956, #1267 ),
 ( #1891, #3171, #2483, #5056, #696, #4435 ),
 ( #3810, #612, #3114, #5169, #5140, #5760 ) ),
 .UNSPECIFIED., .F., .F., .F.,
 ( 4, 1, 1, 4 ),
 ( 4, 1, 1, 4 ),
 ( 0.0000000000000000000, 4.733333333333361800, 9.466666666666713000, 14.20000000000006000 ),
 ( 2.864399478817500500, 2.957463870408259400, 3.050528261999020200, 3.143592653589780000 ),
 .UNSPECIFIED. ) ;
#4900 = CARTESIAN_POINT ( 'NONE',  ( -0.7500603502138089000, -1.079822295072442500, -0.1968503937007874100 ) ) ;
#4902 = CARTESIAN_POINT ( 'NONE',  ( 1.022481225820766700, 0.9792942676504938800, 0.0000000000000000000 ) ) ;
#4901 = CARTESIAN_POINT ( 'NONE',  ( 0.7141138414599831300, 1.103922707985718600, -2.992125984251969000 ) ) ;
#4903 = ORIENTED_EDGE ( 'NONE', *, *, #7022, .F. ) ;
#4904 = CARTESIAN_POINT ( 'NONE',  ( -0.1754327174310114100, 1.153936964634294500, -2.681102362344685500 ) ) ;
#4905 = CARTESIAN_POINT ( 'NONE',  ( 0.7618448995876850900, -1.065122253766173300, -0.1968503937007874100 ) ) ;
#4906 = CARTESIAN_POINT ( 'NONE',  ( 0.8682354914878504000, 0.8410053028255510800, 0.0000000000000000000 ) ) ;
#4907 = CARTESIAN_POINT ( 'NONE',  ( -0.1446848777822700200, -5.304603337911988500E-011, -2.972440944881891600 ) ) ;
#4908 = ADVANCED_FACE ( 'NONE', ( #5052 ), #1330, .T. ) ;
#4909 = ORIENTED_EDGE ( 'NONE', *, *, #6289, .T. ) ;
#4910 = CARTESIAN_POINT ( 'NONE',  ( 0.08401568594263388000, 0.1231026060500197600, -2.952755905511811100 ) ) ;
#4911 = CARTESIAN_POINT ( 'NONE',  ( -0.09746816833348823100, 1.112904636920386100, -2.507213403735209000 ) ) ;
#4912 = CARTESIAN_POINT ( 'NONE',  ( 1.109374590528771500, -0.7016296763940590400, -2.060367454068244600 ) ) ;
#4913 = CARTESIAN_POINT ( 'NONE',  ( -0.7072881488253229800, 1.107445675074389500, -0.1968503937007874100 ) ) ;
#4914 =( LENGTH_UNIT ( ) NAMED_UNIT ( * ) SI_UNIT ( $, .METRE. ) );
#4915 = CARTESIAN_POINT ( 'NONE',  ( 0.8330323139402675500, 0.9788933469234686300, -0.06561679790026378500 ) ) ;
#4916 = CARTESIAN_POINT ( 'NONE',  ( 1.081609771494815000, -0.7479077349249685400, -2.060367454068240600 ) ) ;
#4917 = EDGE_LOOP ( 'NONE', ( #6533, #4096, #5617, #6412 ) ) ;
#4918 = CARTESIAN_POINT ( 'NONE',  ( -0.05206086197922836500, 0.09154729696971654300, 0.7874015748031496500 ) ) ;
#4919 = CARTESIAN_POINT ( 'NONE',  ( -0.04835183593224016300, 1.134251968503936900, -2.488019721405362500 ) ) ;
#4920 = CARTESIAN_POINT ( 'NONE',  ( 0.1302174502294921600, 1.153988124042724300, -2.808779266093771800 ) ) ;
#4921 = ORIENTED_EDGE ( 'NONE', *, *, #5277, .F. ) ;
#4922 = CARTESIAN_POINT ( 'NONE',  ( 0.1337290113004449000, -0.07273870726820080800, 0.02799650043744489000 ) ) ;
#4923 = CARTESIAN_POINT ( 'NONE',  ( -0.1412742653159843000, 1.131583552055992000, -2.821824271759007600 ) ) ;
#4925 = CARTESIAN_POINT ( 'NONE',  ( 1.030306909714366200, 0.9439099249441813600, 0.0000000000000000000 ) ) ;
#4924 = CARTESIAN_POINT ( 'NONE',  ( -1.081538896983668800, 0.7475810392626735000, -1.128608923884515600 ) ) ;
#4926 = FACE_BOUND ( 'NONE', #906, .T. ) ;
#4927 = CARTESIAN_POINT ( 'NONE',  ( -0.7311036405941849800, -0.9286621932200708200, -1.128608923884515600 ) ) ;
#4928 = CARTESIAN_POINT ( 'NONE',  ( -1.108626020972166800, 0.7038785125588509200, -2.992125984251968500 ) ) ;
#4929 = CARTESIAN_POINT ( 'NONE',  ( 1.089068901887649600, 0.7366106222218031800, -2.060367454068244600 ) ) ;
#4930 = ORIENTED_EDGE ( 'NONE', *, *, #7315, .F. ) ;
#4931 = CARTESIAN_POINT ( 'NONE',  ( 1.110134101196096300, -0.6966426451231501100, -0.1968503937007874100 ) ) ;
#4932 = CARTESIAN_POINT ( 'NONE',  ( -0.9788576969563070900, -1.105682788051606500, -0.1749781277340315400 ) ) ;
#4933 = EDGE_CURVE ( 'NONE', #8056, #3699, #4714, .T. ) ;
#4934 = EDGE_LOOP ( 'NONE', ( #3795, #2989, #7848, #2009 ) ) ;
#4935 = CARTESIAN_POINT ( 'NONE',  ( -0.8255996794046417400, -0.9293197551186300800, -0.1968503937007874100 ) ) ;
#4936 = CARTESIAN_POINT ( 'NONE',  ( -0.1438889093088228900, 1.131583552055992000, -2.602693276785185400 ) ) ;
#4937 = CARTESIAN_POINT ( 'NONE',  ( 0.7589873301296449200, 1.028953050111380600, -0.1968503937007873800 ) ) ;
#4938 = CARTESIAN_POINT ( 'NONE',  ( 1.110322617515925500, -0.6954048260608386400, -1.128608923884515600 ) ) ;
#4939 = ORIENTED_EDGE ( 'NONE', *, *, #5158, .F. ) ;
#4940 = CARTESIAN_POINT ( 'NONE',  ( -1.110261735596846700, -0.6910086409841889000, -2.060367454068240600 ) ) ;
#4941 = CARTESIAN_POINT ( 'NONE',  ( -0.03051586097098820200, -0.1226143411448661600, 0.02362204724409449500 ) ) ;
#4942 = B_SPLINE_CURVE_WITH_KNOTS ( 'NONE', 3,
 ( #4420, #4540, #8312, #7002, #7034, #4452, #6331, #709, #682 ),
 .UNSPECIFIED., .F., .F.,
 ( 4, 1, 1, 1, 1, 1, 4 ),
 ( 0.0000000000000000000, 0.1490094949637971500, 0.3245047474818992800, 0.5000000000000000000, 0.6754952525181011600, 0.8509905050362023300, 1.000000000000000000 ),
 .UNSPECIFIED. ) ;
#4943 = CARTESIAN_POINT ( 'NONE',  ( -0.9028841459682126500, 0.8275570291413073500, -0.1968503937007874100 ) ) ;
#4944 = CARTESIAN_POINT ( 'NONE',  ( 1.030523849900492500, 0.9429096587393148700, -0.02187226596675591000 ) ) ;
#4945 = CARTESIAN_POINT ( 'NONE',  ( -1.023890032031122200, 1.085874585383008100, -0.1749781277340354800 ) ) ;
#4946 = B_SPLINE_CURVE_WITH_KNOTS ( 'NONE', 3,
 ( #4090, #1518, #2174, #5985, #277, #2149 ),
 .UNSPECIFIED., .F., .F.,
 ( 4, 1, 1, 4 ),
 ( 0.0000000000000000000, 0.3333333333333339300, 0.6666666666666670700, 1.000000000000000000 ),
 .UNSPECIFIED. ) ;
#4947 = CARTESIAN_POINT ( 'NONE',  ( -0.6927299607301724600, -1.110236281231658400, -2.992125984251968500 ) ) ;
#4948 = CARTESIAN_POINT ( 'NONE',  ( 0.04835183593224016300, 1.134251968503936900, -2.488019721405358100 ) ) ;
#4949 = VECTOR ( 'NONE', #2105, 39.37007874015748100 ) ;
#4950 = CARTESIAN_POINT ( 'NONE',  ( -1.081538273903762900, 0.7475806083234701700, -0.1968503937007874100 ) ) ;
#4951 = EDGE_CURVE ( 'NONE', #7018, #796, #5359, .T. ) ;
#4952 = ADVANCED_FACE ( 'NONE', ( #4757 ), #1275, .T. ) ;
#4953 = CARTESIAN_POINT ( 'NONE',  ( -0.01707370559964813800, -0.1043157872756106400, 0.7874026976213232000 ) ) ;
#4954 = CARTESIAN_POINT ( 'NONE',  ( -0.1853889004854055700, 1.134251968503936900, -2.763028651652783600 ) ) ;
#4955 = LINE ( 'NONE', #3656, #362 ) ;
#4956 = CARTESIAN_POINT ( 'NONE',  ( -0.05997130148360462600, 1.153937007874015400, -2.516256169084845100 ) ) ;
#4957 = CARTESIAN_POINT ( 'NONE',  ( -0.7366106222217992900, -1.089068901887649600, -2.992125984251968500 ) ) ;
#4958 = CARTESIAN_POINT ( 'NONE',  ( -0.1733388827470165300, 1.153937007874015700, -2.707894298977765700 ) ) ;
#4959 = CARTESIAN_POINT ( 'NONE',  ( 0.7475806083234700600, -1.081538273903767600, -0.1968503937007874100 ) ) ;
#4960 = CARTESIAN_POINT ( 'NONE',  ( 0.5373840014121733500, 0.5370372980905274700, 0.0000000000000000000 ) ) ;
#4961 = CARTESIAN_POINT ( 'NONE',  ( -0.9028841459682126500, -0.8275570291413073500, 0.0000000000000000000 ) ) ;
#4962 = CARTESIAN_POINT ( 'NONE',  ( -0.1558869637127283900, 1.118241469816271700, -2.657368430785547200 ) ) ;
#4963 = VECTOR ( 'NONE', #6888, 39.37007874015748100 ) ;
#4964 = CARTESIAN_POINT ( 'NONE',  ( -0.7475810392626737200, 1.081538896983672600, -2.681539807524059500 ) ) ;
#4965 = CARTESIAN_POINT ( 'NONE',  ( -1.109088367905878100, -0.7023879734236379000, -2.992125984251968500 ) ) ;
#4966 = CARTESIAN_POINT ( 'NONE',  ( -1.110322617515921300, -0.6954048260608425300, -2.681539807524059500 ) ) ;
#4967 = CARTESIAN_POINT ( 'NONE',  ( 0.7031063972595400500, -1.108855069386812200, -2.992125984251976500 ) ) ;
#4968 = CARTESIAN_POINT ( 'NONE',  ( 0.8255996794046417400, 0.9265857566923937400, 0.0000000000000000000 ) ) ;
#4969 = CARTESIAN_POINT ( 'NONE',  ( -1.103922707984717400, -0.7141138414615357800, -2.992125984251968500 ) ) ;
#4970 = CARTESIAN_POINT ( 'NONE',  ( 1.081609771494815000, -0.7479077349249685400, -0.5074365704286969400 ) ) ;
#4971 = VERTEX_POINT ( 'NONE', #4758 ) ;
#4972 = CARTESIAN_POINT ( 'NONE',  ( 0.08855233669097474500, 1.153936934959982000, -2.837185636881923000 ) ) ;
#4973 = CARTESIAN_POINT ( 'NONE',  ( -1.030305832406381800, -0.9265857566923937400, 0.0000000000000000000 ) ) ;
#4974 = EDGE_CURVE ( 'NONE', #3534, #5202, #2780, .T. ) ;
#4975 = CARTESIAN_POINT ( 'NONE',  ( 0.7328273577879370600, -0.9609539274657166200, -2.992125984251968500 ) ) ;
#4976 = CARTESIAN_POINT ( 'NONE',  ( -0.9028841459682126500, 1.028348482669716500, -0.1749781277340354800 ) ) ;
#4977 = CARTESIAN_POINT ( 'NONE',  ( 0.02956570091510983200, -0.1010783629080756200, 0.7874001757535621400 ) ) ;
#4978 = ORIENTED_EDGE ( 'NONE', *, *, #2302, .F. ) ;
#4979 = EDGE_CURVE ( 'NONE', #7913, #894, #7887, .T. ) ;
#4980 = CARTESIAN_POINT ( 'NONE',  ( -0.1969610430417243800, 1.126246719160106400, -2.711449755784003800 ) ) ;
#4981 = CARTESIAN_POINT ( 'NONE',  ( -1.081538273903762900, 0.7475806083234701700, -0.1968503937007874100 ) ) ;
#4982 = CARTESIAN_POINT ( 'NONE',  ( -0.7311036405941849800, -0.9286621932200747100, -2.060367454068240600 ) ) ;
#4983 = CARTESIAN_POINT ( 'NONE',  ( -0.7137832230396653500, -1.104136452828496300, -1.128608923884515600 ) ) ;
#4984 = CARTESIAN_POINT ( 'NONE',  ( -0.1750491698786221500, 1.153937007874015700, -2.694495609417255200 ) ) ;
#4985 = CARTESIAN_POINT ( 'NONE',  ( -0.07270040754172836500, -0.1062935698246890300, -2.952755905511811100 ) ) ;
#4986 = CARTESIAN_POINT ( 'NONE',  ( -1.047580032597574800, -1.066889654611260100, 0.0000000000000000000 ) ) ;
#4987 = ORIENTED_EDGE ( 'NONE', *, *, #4979, .F. ) ;
#4988 = CARTESIAN_POINT ( 'NONE',  ( 0.03793485271320473600, 1.131583552055992000, -2.528313008702472300 ) ) ;
#4989 = CARTESIAN_POINT ( 'NONE',  ( 1.110322617515921300, -0.6954048260608386400, -2.060367454068240600 ) ) ;
#4990 = CARTESIAN_POINT ( 'NONE',  ( 0.03051586097098820200, 0.1226143411448661600, 0.7701968503937007800 ) ) ;
#4991 = CARTESIAN_POINT ( 'NONE',  ( -1.110236281231658200, -0.6927299607296036900, -2.992125984251968500 ) ) ;
#4992 = CARTESIAN_POINT ( 'NONE',  ( -1.110236200018592800, -0.9291338582658959000, -0.1968503937007874400 ) ) ;
#4993 = ORIENTED_EDGE ( 'NONE', *, *, #3051, .T. ) ;
#4994 = EDGE_CURVE ( 'NONE', #5695, #2596, #4244, .T. ) ;
#4995 = APPLICATION_CONTEXT ( 'automotive_design' ) ;
#4996 = CARTESIAN_POINT ( 'NONE',  ( -1.057736748147917400, 1.056646062823173100, -0.1968503937007874100 ) ) ;
#4997 = CARTESIAN_POINT ( 'NONE',  ( -0.1229673957806339100, 0.01148209268570079100, 0.7699037620297480800 ) ) ;
#4998 = CARTESIAN_POINT ( 'NONE',  ( -0.8253816619105313100, -0.9429096587393148700, -0.1968503937007874100 ) ) ;
#4999 = CARTESIAN_POINT ( 'NONE',  ( 0.8334242859585576600, -0.9792942676180713700, -0.1968503937007873800 ) ) ;
#5000 = CARTESIAN_POINT ( 'NONE',  ( -1.022873197870755900, 0.9788933469234686300, -0.06561679790026378500 ) ) ;
#5001 = VERTEX_POINT ( 'NONE', #7581 ) ;
#5002 = CARTESIAN_POINT ( 'NONE',  ( -0.07147506914380280500, -0.07726376562124767600, 0.7873344132760198300 ) ) ;
#5003 = CARTESIAN_POINT ( 'NONE',  ( -0.7631258898213025800, -1.060085487004329500, -0.1968503937007874100 ) ) ;
#5004 = CARTESIAN_POINT ( 'NONE',  ( 0.7141138414599831300, 1.103922707985718600, -2.992125984251969000 ) ) ;
#5005 = CARTESIAN_POINT ( 'NONE',  ( 0.7366106222218031800, -1.089068901887649600, -1.128608923884511800 ) ) ;
#5006 = CARTESIAN_POINT ( 'NONE',  ( -0.7738167753536416800, -0.7980368589790987100, -0.5074365704286969400 ) ) ;
#5007 = DIRECTION ( 'NONE',  ( -0.0000000000000000000, -0.0000000000000000000, -1.000000000000000000 ) ) ;
#5008 = CARTESIAN_POINT ( 'NONE',  ( 1.096676596295535400, 0.7252355460546456900, -2.681539807524059500 ) ) ;
#5009 = EDGE_LOOP ( 'NONE', ( #1596, #8231, #3919, #7443, #5493, #6040 ) ) ;
#5010 = CARTESIAN_POINT ( 'NONE',  ( -0.1249949962596299800, 0.001118440903629921800, -3.359580052493437400 ) ) ;
#5011 = AXIS2_PLACEMENT_3D ( 'NONE', #5512, #4864, #6125 ) ;
#5012 = CARTESIAN_POINT ( 'NONE',  ( -1.023890032031122200, -1.085874585383008100, -0.02187226596675591000 ) ) ;
#5013 = CARTESIAN_POINT ( 'NONE',  ( -0.8682354914878504000, -0.8410053028255510800, 0.0000000000000000000 ) ) ;
#5014 = CARTESIAN_POINT ( 'NONE',  ( -0.1557450946406299700, 1.126246719160106400, -2.681999419654519800 ) ) ;
#5015 = EDGE_LOOP ( 'NONE', ( #7649, #4234, #4534, #5731, #4171, #4909, #5586, #240, #7829, #3011, #6910, #3384, #2917, #2899, #7648, #6135, #7331, #2183, #921, #6182, #2698, #847, #1370, #614, #4019, #6330, #320, #6404, #2224, #4304, #7403, #2982, #5596, #1683, #3182, #4939, #7451, #488, #7924, #1989, #748, #2711, #5856, #1320, #6625, #5101, #1312, #5135, #1870, #881, #7729, #2807 ) ) ;
#5016 = CARTESIAN_POINT ( 'NONE',  ( -0.7475810392626737200, 1.081538896983672800, -2.060367454068240600 ) ) ;
#5017 = CARTESIAN_POINT ( 'NONE',  ( -1.108855069386813800, -0.7031063972595349400, -0.1968503937007874100 ) ) ;
#5018 = CARTESIAN_POINT ( 'NONE',  ( -0.7072881488253229800, 1.107445675074389500, -2.060367454068240600 ) ) ;
#5019 = CARTESIAN_POINT ( 'NONE',  ( -0.6631499799855394800, -0.3699185312724016000, 0.06299212598425216200 ) ) ;
#5020 = FACE_BOUND ( 'NONE', #6630, .T. ) ;
#5021 = CARTESIAN_POINT ( 'NONE',  ( -1.030306909732231500, 0.9119955869476222800, -0.1968503937007873300 ) ) ;
#5022 = CARTESIAN_POINT ( 'NONE',  ( 0.7556667672796139000, -1.074917021823730300, -2.992125984251969000 ) ) ;
#5023 = CARTESIAN_POINT ( 'NONE',  ( 0.7593146768515431900, -1.029023522214551600, -2.992125984251968500 ) ) ;
#5024 = CARTESIAN_POINT ( 'NONE',  ( -0.9451014140148467100, 1.110318066288366500, -0.1312335958005236600 ) ) ;
#5025 = ORIENTED_EDGE ( 'NONE', *, *, #1881, .F. ) ;
#5026 = CARTESIAN_POINT ( 'NONE',  ( -0.09749743985027953300, 0.07937183771987009500, 0.7699037620297480800 ) ) ;
#5027 = ORIENTED_EDGE ( 'NONE', *, *, #2791, .F. ) ;
#5028 = CARTESIAN_POINT ( 'NONE',  ( -0.8330323139402675500, -0.9788933469234686300, -0.06561679790026378500 ) ) ;
#5029 = CARTESIAN_POINT ( 'NONE',  ( -0.09839089722041734200, 1.134251968503936900, -2.854527186556717200 ) ) ;
#5030 = CARTESIAN_POINT ( 'NONE',  ( -1.022873197870755900, 0.9788933469234686300, -0.1749781277340354800 ) ) ;
#5031 = LINE ( 'NONE', #3803, #1313 ) ;
#5032 = CARTESIAN_POINT ( 'NONE',  ( 0.05561298942894051000, -0.08942294033394100600, 0.7873921900386983100 ) ) ;
#5033 = ORIENTED_EDGE ( 'NONE', *, *, #8080, .F. ) ;
#5034 = CARTESIAN_POINT ( 'NONE',  ( 0.6910086409841889000, -1.110261735596846700, -1.128608923884511800 ) ) ;
#5035 = VERTEX_POINT ( 'NONE', #2371 ) ;
#5036 = CARTESIAN_POINT ( 'NONE',  ( 1.025508191967476900, 0.7566742686776338800, -0.1968503937007874100 ) ) ;
#5037 = CARTESIAN_POINT ( 'NONE',  ( 0.7528510366733464100, 1.018785567477366500, -1.128608923884515600 ) ) ;
#5038 = CARTESIAN_POINT ( 'NONE',  ( 0.7479053414235590200, -1.081314661062035700, -1.128608923884515600 ) ) ;
#5039 = CARTESIAN_POINT ( 'NONE',  ( -1.008420413410695500, 0.7467228160244973000, -0.1968503937007874100 ) ) ;
#5040 = CARTESIAN_POINT ( 'NONE',  ( -0.7252355460546456900, -1.096676596295535400, -2.992125984251968500 ) ) ;
#5041 = CARTESIAN_POINT ( 'NONE',  ( 1.083913278540059400, 0.7441482841840315600, -2.060367454068240600 ) ) ;
#5042 = CARTESIAN_POINT ( 'NONE',  ( -0.03051586097098820200, -0.1226143411448661600, -3.020559930008752200 ) ) ;
#5043 = CARTESIAN_POINT ( 'NONE',  ( 1.108626020972166800, -0.7038785125588510300, -2.992125984251969400 ) ) ;
#5044 = ORIENTED_EDGE ( 'NONE', *, *, #3696, .T. ) ;
#5045 = CARTESIAN_POINT ( 'NONE',  ( -0.8253816619105313100, -0.9129958530717085000, -0.06561679790026378500 ) ) ;
#5046 = EDGE_CURVE ( 'NONE', #5729, #2121, #213, .T. ) ;
#5047 = CARTESIAN_POINT ( 'NONE',  ( -0.07270040754172836500, 0.1062935698246890300, -3.359580052493437400 ) ) ;
#5048 = CARTESIAN_POINT ( 'NONE',  ( -0.9876700203231734100, -0.8410053028255472000, -0.1968503937007874100 ) ) ;
#5049 = CARTESIAN_POINT ( 'NONE',  ( -0.1249919725564404400, -0.01954230118310486600, -2.992125984251969000 ) ) ;
#5050 = CARTESIAN_POINT ( 'NONE',  ( -0.6887898905127283200, 1.110038567578173200, -2.992125984251968500 ) ) ;
#5051 = B_SPLINE_SURFACE_WITH_KNOTS ( 'NONE', 3, 3, ( 
 ( #6760, #4231, #3556, #1047, #5529, #1019, #968, #3583, #6171, #8178, #2394 ),
 ( #4315, #1712, #575, #547, #4988, #3054, #7523, #498, #4936, #6869, #5583 ),
 ( #3031, #3662, #6841, #1071, #3078, #1800, #1151, #5557, #6198, #2420, #5014 ),
 ( #8206, #1100, #5610, #1177, #1829, #5661, #8261, #6224, #6307, #4962, #5637 ),
 ( #1127, #1772, #474, #6282, #6254, #7547, #1744, #7497, #6897, #3690, #4394 ),
 ( #4342, #6949, #2449, #8233, #523, #6922, #7574, #3717, #4367, #2475, #2364 ) ),
 .UNSPECIFIED., .F., .F., .F.,
 ( 4, 1, 1, 4 ),
 ( 4, 1, 1, 1, 1, 1, 1, 1, 4 ),
 ( 0.1263905800526800000, 0.1777894159407700200, 0.2291882518288600500, 0.2805870877169600600 ),
 ( 1.240283421752060200, 1.448261231177929700, 1.656239040603800100, 1.760227945316740400, 1.864216850029669900, 1.968205754742609900, 2.072194659455540000, 2.280172468881410900, 2.488150278307280400 ),
 .UNSPECIFIED. ) ;
#5052 = FACE_OUTER_BOUND ( 'NONE', #98, .T. ) ;
#5053 = CARTESIAN_POINT ( 'NONE',  ( 0.7031063972595308400, 1.108855069386813800, -0.1968503937007874400 ) ) ;
#5054 = CARTESIAN_POINT ( 'NONE',  ( -0.7475810392626732700, -1.081538896983669000, -1.128608923884515600 ) ) ;
#5055 = CARTESIAN_POINT ( 'NONE',  ( 1.053941206384279700, 0.7642728007677244100, -2.992125984251968500 ) ) ;
#5056 = CARTESIAN_POINT ( 'NONE',  ( -0.7328273577879370600, -0.9609539274657166200, -0.5074365704286969400 ) ) ;
#5057 = CARTESIAN_POINT ( 'NONE',  ( 0.08507316324146847700, 0.09147995529392859100, 0.7677149411578697600 ) ) ;
#5058 = CARTESIAN_POINT ( 'NONE',  ( -0.1214884210671847800, 0.03973694050565658400, 0.7675196850393700700 ) ) ;
#5059 = CARTESIAN_POINT ( 'NONE',  ( -1.030305832406381800, -0.9265857566923937400, -0.1749781277340315400 ) ) ;
#5060 = CARTESIAN_POINT ( 'NONE',  ( 0.1968215087142204900, 1.137382512314492300, -2.677730240081747800 ) ) ;
#5061 = CARTESIAN_POINT ( 'NONE',  ( 0.7589873301296452500, 1.028953050111380800, -2.992125984251968100 ) ) ;
#5062 = LINE ( 'NONE', #6348, #3454 ) ;
#5063 = CARTESIAN_POINT ( 'NONE',  ( -0.09532971215688455800, -0.04477906187646560300, 0.7874089728588624700 ) ) ;
#5064 = EDGE_CURVE ( 'NONE', #4060, #4371, #856, .T. ) ;
#5065 = B_SPLINE_SURFACE_WITH_KNOTS ( 'NONE', 3, 3, ( 
 ( #7774, #5893, #7239, #5834, #2647, #3915 ),
 ( #4578, #1372, #4109, #6027, #3411, #7915 ),
 ( #2192, #6617, #4713, #4140, #3439, #268 ),
 ( #2251, #6002, #5358, #1595, #7353, #8004 ),
 ( #4165, #855, #8035, #296, #6643, #6723 ),
 ( #2886, #5330, #883, #7944, #3521, #2220 ) ),
 .UNSPECIFIED., .F., .F., .F.,
 ( 4, 1, 1, 4 ),
 ( 4, 1, 1, 4 ),
 ( -71.00000000000000000, -47.33333333333332900, -23.66666666666667100, -1.000000000000000800E-014 ),
 ( 0.3041592653589800800, 0.3209242571352801100, 0.3376892489115900200, 0.3544542406878900500 ),
 .UNSPECIFIED. ) ;
#5066 = CARTESIAN_POINT ( 'NONE',  ( 1.049803909796291500, 0.7651677351667085500, -0.1968503937007874100 ) ) ;
#5067 = CARTESIAN_POINT ( 'NONE',  ( 0.07219060574405580800, 0.1025993682449429200, -2.952755905511811600 ) ) ;
#5068 = CARTESIAN_POINT ( 'NONE',  ( 0.7137832230396693500, -1.104136452828496300, -2.681539807524059500 ) ) ;
#5069 = CARTESIAN_POINT ( 'NONE',  ( -0.7376712701478820300, -0.8628714702481337100, -0.5074365704286969400 ) ) ;
#5070 = CARTESIAN_POINT ( 'NONE',  ( -0.7566742686776338800, -1.025508191967476900, -0.5074365704286969400 ) ) ;
#5071 = CARTESIAN_POINT ( 'NONE',  ( -0.7360730235907874100, 0.1823967744873268300, 0.06299212598425198200 ) ) ;
#5072 = CARTESIAN_POINT ( 'NONE',  ( -0.07310748867571453800, 0.09153543307086616000, 0.7758858671663508800 ) ) ;
#5073 = CARTESIAN_POINT ( 'NONE',  ( -0.03051586097098820200, -0.1226143411448661600, 0.5196850393700788200 ) ) ;
#5074 = FACE_OUTER_BOUND ( 'NONE', #6543, .T. ) ;
#5075 = CARTESIAN_POINT ( 'NONE',  ( -0.8682354914878504000, -0.8410053028255510800, -0.02187226596675591000 ) ) ;
#5076 = CARTESIAN_POINT ( 'NONE',  ( 0.7253838148715486800, -1.096632244637918000, -2.992125984251968500 ) ) ;
#5077 = CARTESIAN_POINT ( 'NONE',  ( -0.7475806083234700600, 1.081538273903767300, -0.1968503937007873800 ) ) ;
#5078 = CARTESIAN_POINT ( 'NONE',  ( -0.7053811463581142200, 1.108204637752976400, -2.992125984251968500 ) ) ;
#5079 = ORIENTED_EDGE ( 'NONE', *, *, #6596, .F. ) ;
#5080 = CARTESIAN_POINT ( 'NONE',  ( 0.9006284698872049100, -0.7294072714244842500, -2.992125984251968500 ) ) ;
#5081 = CARTESIAN_POINT ( 'NONE',  ( 4.320850192505811900E-015, 0.1446850394019033600, -2.992125984251969000 ) ) ;
#5082 = CARTESIAN_POINT ( 'NONE',  ( -1.065122253766173300, -0.7618448995876850900, -1.128608923884515600 ) ) ;
#5083 = CARTESIAN_POINT ( 'NONE',  ( -0.9282311026850591500, 1.110233970439106400, -0.02187226596675591000 ) ) ;
#5084 = DIRECTION ( 'NONE',  ( -0.0000000000000000000, -0.0000000000000000000, -1.000000000000000000 ) ) ;
#5085 = CARTESIAN_POINT ( 'NONE',  ( -0.9530213658428109400, -1.028348482669716500, -0.1968503937007874100 ) ) ;
#5086 = CARTESIAN_POINT ( 'NONE',  ( 0.7310639536100825800, -0.9382553524242599500, -2.992125984251968500 ) ) ;
#5087 = CARTESIAN_POINT ( 'NONE',  ( 0.1968430982695221200, 1.134251968503936900, -2.711972795113735600 ) ) ;
#5088 = ORIENTED_EDGE ( 'NONE', *, *, #4553, .T. ) ;
#5089 = CARTESIAN_POINT ( 'NONE',  ( -0.7072881488253229800, -1.107445675074389500, -0.5074365704286969400 ) ) ;
#5090 = EDGE_CURVE ( 'NONE', #2691, #6845, #2756, .T. ) ;
#5091 = CARTESIAN_POINT ( 'NONE',  ( -0.1412742653159843000, 1.110236220472441000, -2.821824271759007600 ) ) ;
#5092 = CARTESIAN_POINT ( 'NONE',  ( 0.7594092295902990000, 1.029654069748488200, -2.060367454068240600 ) ) ;
#5093 = CARTESIAN_POINT ( 'NONE',  ( 0.7479053414235590200, -1.081314661062035700, -2.992125984251968500 ) ) ;
#5094 = EDGE_LOOP ( 'NONE', ( #2512, #4743, #4636, #545 ) ) ;
#5095 = CARTESIAN_POINT ( 'NONE',  ( 0.0000000000000000000, -0.1263318591841350000, 0.7675853018372703600 ) ) ;
#5096 = CARTESIAN_POINT ( 'NONE',  ( -0.7639149224034330600, -1.057272500430996200, -0.5074365704286969400 ) ) ;
#5097 = CARTESIAN_POINT ( 'NONE',  ( 0.7499998966439960200, -0.0003937435670787403000, 0.06299212598425198200 ) ) ;
#5098 = CARTESIAN_POINT ( 'NONE',  ( 0.7016296763940630400, -1.109374590528771500, -2.992125984251972500 ) ) ;
#5099 = CARTESIAN_POINT ( 'NONE',  ( -0.9876700203231734100, 1.014900208985472200, -0.1968503937007874100 ) ) ;
#5100 = CARTESIAN_POINT ( 'NONE',  ( 0.03051586097098820200, -0.1226143411448661600, 0.5196850393700788200 ) ) ;
#5101 = ORIENTED_EDGE ( 'NONE', *, *, #7910, .F. ) ;
#5102 = CARTESIAN_POINT ( 'NONE',  ( -0.8682354914878504000, -0.8410053028255510800, -0.06561679790026378500 ) ) ;
#5103 = CARTESIAN_POINT ( 'NONE',  ( 0.1156637036326063400, 0.06262578429423626400, -3.562992125984252300 ) ) ;
#5104 =( NAMED_UNIT ( * ) SI_UNIT ( $, .STERADIAN. ) SOLID_ANGLE_UNIT ( ) );
#5105 = CARTESIAN_POINT ( 'NONE',  ( -0.5373840014121733500, -0.5370372980905274700, 0.0000000000000000000 ) ) ;
#5106 = CARTESIAN_POINT ( 'NONE',  ( -0.03051586097098820200, 0.1226143411448661600, 0.7677165354330708300 ) ) ;
#5107 = CARTESIAN_POINT ( 'NONE',  ( 0.9791254460543420400, -1.105565014269958200, -0.1968503937007873000 ) ) ;
#5108 = CARTESIAN_POINT ( 'NONE',  ( -1.108204637752976400, 0.7053811463581102200, -0.1968503937007874100 ) ) ;
#5109 = EDGE_CURVE ( 'NONE', #1512, #1175, #3412, .T. ) ;
#5110 = CARTESIAN_POINT ( 'NONE',  ( -0.7549431811966416100, -1.076064190174771800, -1.128608923884511800 ) ) ;
#5111 = CARTESIAN_POINT ( 'NONE',  ( -0.7528510366733464100, -1.018785567477366500, -2.060367454068244600 ) ) ;
#5112 = CARTESIAN_POINT ( 'NONE',  ( -0.9282311026850591500, 1.110233970439106400, 0.0000000000000000000 ) ) ;
#5113 = VERTEX_POINT ( 'NONE', #1182 ) ;
#5114 = CARTESIAN_POINT ( 'NONE',  ( -0.08401568594263388000, -0.1231026060500197600, 0.05861767279090159700 ) ) ;
#5115 = CARTESIAN_POINT ( 'NONE',  ( -0.1446818157067244500, 0.0009658267581614175800, -2.992125984251968500 ) ) ;
#5116 = CARTESIAN_POINT ( 'NONE',  ( 0.7311036405941849800, -0.9272433185909526600, -2.681539807524059500 ) ) ;
#5117 = CARTESIAN_POINT ( 'NONE',  ( -0.7141138414599831300, -1.103922707985719000, -0.1968503937007874400 ) ) ;
#5118 = EDGE_LOOP ( 'NONE', ( #4485, #1520 ) ) ;
#5119 = CARTESIAN_POINT ( 'NONE',  ( -0.7016296763940590400, -1.109374590528771500, -2.060367454068244600 ) ) ;
#5120 = CARTESIAN_POINT ( 'NONE',  ( 0.6927299607347716700, -1.110236220472440700, -1.496062992125984300 ) ) ;
#5121 = CARTESIAN_POINT ( 'NONE',  ( 0.1100119202807797200, 0.06176614949821359500, -2.952755905511810700 ) ) ;
#5122 = LINE ( 'NONE', #6991, #4119 ) ;
#5123 = CARTESIAN_POINT ( 'NONE',  ( -0.07300122802353303800, -0.1063631876222495600, 0.7675196850393700700 ) ) ;
#5124 = CARTESIAN_POINT ( 'NONE',  ( -0.7376712701478820300, 0.8628714702481337100, -2.992125984251968500 ) ) ;
#5125 = CARTESIAN_POINT ( 'NONE',  ( 0.08968624851009841800, 0.7465127032399607700, 0.06299212598425198200 ) ) ;
#5126 = ORIENTED_EDGE ( 'NONE', *, *, #6809, .F. ) ;
#5127 = CARTESIAN_POINT ( 'NONE',  ( -0.8682354914878504000, 1.014900208985472200, -0.1968503937007874100 ) ) ;
#5128 =( GEOMETRIC_REPRESENTATION_CONTEXT ( 3 ) GLOBAL_UNCERTAINTY_ASSIGNED_CONTEXT ( ( #4739 ) ) GLOBAL_UNIT_ASSIGNED_CONTEXT ( ( #1971, #2618, #5104 ) ) REPRESENTATION_CONTEXT ( 'NONE', 'WORKASPACE' ) );
#5129 = CARTESIAN_POINT ( 'NONE',  ( 0.1156637036326063400, -0.06262578429423626400, 0.7677165354330708300 ) ) ;
#5130 = ORIENTED_EDGE ( 'NONE', *, *, #4026, .F. ) ;
#5131 = FACE_BOUND ( 'NONE', #4124, .T. ) ;
#5132 = CARTESIAN_POINT ( 'NONE',  ( -1.030305832406381800, -0.9293197551186300800, -0.1312335958005236600 ) ) ;
#5133 = CARTESIAN_POINT ( 'NONE',  ( 0.0000000000000000000, 4.110236220472441600, -2.681102362212613300 ) ) ;
#5134 = CARTESIAN_POINT ( 'NONE',  ( -0.7639149224034330600, 1.057272500430996200, -1.128608923884515600 ) ) ;
#5135 = ORIENTED_EDGE ( 'NONE', *, *, #7086, .F. ) ;
#5136 = CARTESIAN_POINT ( 'NONE',  ( 0.1156637036326063400, 0.06262578429423626400, 0.6850393700787402700 ) ) ;
#5137 = ORIENTED_EDGE ( 'NONE', *, *, #3677, .T. ) ;
#5138 = CARTESIAN_POINT ( 'NONE',  ( -1.110322617515925500, 0.6954048260608386400, -2.681539807524059500 ) ) ;
#5139 = CARTESIAN_POINT ( 'NONE',  ( -0.7637992319626142300, -1.057805835868256100, -2.060367454068240600 ) ) ;
#5140 = CARTESIAN_POINT ( 'NONE',  ( -0.7310639536100825800, -0.9382553524242599500, -0.1968503937007874100 ) ) ;
#5141 = CARTESIAN_POINT ( 'NONE',  ( 1.110236189791668800, 0.9291338582640751300, -4.268512490100411300E-018 ) ) ;
#5142 = CARTESIAN_POINT ( 'NONE',  ( 0.08401568594263388000, -0.1231026060500197600, 0.03674540682414568400 ) ) ;
#5143 = CARTESIAN_POINT ( 'NONE',  ( 1.089068901887649600, -0.7366106222217992900, -2.060367454068240600 ) ) ;
#5144 = CARTESIAN_POINT ( 'NONE',  ( -0.6927299607347678900, -1.110236220472441000, -0.1968503937007874100 ) ) ;
#5145 = CARTESIAN_POINT ( 'NONE',  ( 0.1968497636963710300, 1.134251968503936700, -2.681102362201465400 ) ) ;
#5146 = EDGE_CURVE ( 'NONE', #8264, #3313, #6251, .T. ) ;
#5147 = CARTESIAN_POINT ( 'NONE',  ( -0.6887898905127244300, -1.110038567578169400, -1.128608923884515600 ) ) ;
#5148 = CARTESIAN_POINT ( 'NONE',  ( 0.04788271554519685900, 1.112904636920386100, -2.874255262171082800 ) ) ;
#5149 = CARTESIAN_POINT ( 'NONE',  ( -0.1436294212527053900, 1.110236220472441000, -2.759773985492539200 ) ) ;
#5150 = FACE_OUTER_BOUND ( 'NONE', #4331, .T. ) ;
#5151 = CARTESIAN_POINT ( 'NONE',  ( 0.03062850918073843300, -0.1227299824191359100, 0.7675853018372703600 ) ) ;
#5152 = CARTESIAN_POINT ( 'NONE',  ( -0.7639149224034330600, -1.057272500430996200, -2.060367454068240600 ) ) ;
#5153 = CARTESIAN_POINT ( 'NONE',  ( -0.3702728364785276000, 0.6629341840565985400, 0.06299212598425198200 ) ) ;
#5154 = PLANE ( 'NONE',  #2016 ) ;
#5155 = CARTESIAN_POINT ( 'NONE',  ( -0.1251725047065984900, -0.01871959219484252400, 0.2716535433070866900 ) ) ;
#5156 = LINE ( 'NONE', #3333, #2350 ) ;
#5157 = CARTESIAN_POINT ( 'NONE',  ( -0.7636744025022774700, 1.057499546894264100, -0.1968503937007873800 ) ) ;
#5158 = EDGE_CURVE ( 'NONE', #4073, #1714, #1486, .T. ) ;
#5159 = CARTESIAN_POINT ( 'NONE',  ( -0.03051586097098820200, 0.1226143411448661600, -3.495188101487310700 ) ) ;
#5160 = CARTESIAN_POINT ( 'NONE',  ( 1.023890032031122200, 1.085874585383008100, -0.1749781277340315400 ) ) ;
#5161 = CARTESIAN_POINT ( 'NONE',  ( -0.1448347163264528100, 0.02193883921625590700, 0.06299212598425198200 ) ) ;
#5162 = CARTESIAN_POINT ( 'NONE',  ( -0.1251725047065984900, 0.01871959219484252400, 0.7677165354330708300 ) ) ;
#5163 = CARTESIAN_POINT ( 'NONE',  ( 0.1074936339709881800, 0.001356065711472441300, 0.7852143482064725100 ) ) ;
#5164 = CARTESIAN_POINT ( 'NONE',  ( 1.030523849900492500, -0.9129958530717085000, -0.1968503937007874100 ) ) ;
#5165 = B_SPLINE_CURVE_WITH_KNOTS ( 'NONE', 3,
 ( #3900, #728, #2012, #1357, #2661, #7134, #3288, #5200, #3932 ),
 .UNSPECIFIED., .F., .F.,
 ( 4, 1, 1, 1, 1, 1, 4 ),
 ( 0.0000000000000000000, 0.001736987770778277700, 0.003493777875711775700, 0.005250567980645371600, 0.007007358085578870400, 0.008764148190512469800, 0.01050116531901140400 ),
 .UNSPECIFIED. ) ;
#5166 = CARTESIAN_POINT ( 'NONE',  ( 1.008932729790676900, -0.7469057087232008300, -2.992125984251968500 ) ) ;
#5167 = CARTESIAN_POINT ( 'NONE',  ( -0.7479077349249685400, -1.081609771494815000, -0.1968503937007874100 ) ) ;
#5168 = CARTESIAN_POINT ( 'NONE',  ( 1.076064190174775600, 0.7549431811966416100, -2.992125984251968500 ) ) ;
#5169 = CARTESIAN_POINT ( 'NONE',  ( -0.7328273577879370600, -0.9609539274657166200, -0.1968503937007874100 ) ) ;
#5170 = CARTESIAN_POINT ( 'NONE',  ( -0.1852210834412637000, 1.134251968503936900, -2.598952407591193800 ) ) ;
#5171 = FACE_OUTER_BOUND ( 'NONE', #7209, .T. ) ;
#5172 = CARTESIAN_POINT ( 'NONE',  ( 1.081314661062031700, -0.7479053414235590200, -1.128608923884515600 ) ) ;
#5173 = CARTESIAN_POINT ( 'NONE',  ( 0.7528510366733464100, -1.018785567477366500, -0.1968503937007874100 ) ) ;
#5174 = CARTESIAN_POINT ( 'NONE',  ( -1.030305832406381800, 0.9265857566923937400, 0.0000000000000000000 ) ) ;
#5175 = CARTESIAN_POINT ( 'NONE',  ( -0.7016296763940590400, -1.109374590528771500, -0.5074365704286969400 ) ) ;
#5176 = ORIENTED_EDGE ( 'NONE', *, *, #5231, .T. ) ;
#5177 = CARTESIAN_POINT ( 'NONE',  ( -1.083913278540055400, 0.7441482841840275600, -1.128608923884515600 ) ) ;
#5178 = CARTESIAN_POINT ( 'NONE',  ( -0.7176078221647795900, 1.101663991491527600, -0.1968503937007874100 ) ) ;
#5179 = DIMENSIONAL_EXPONENTS ( 1.000000000000000000, 0.0000000000000000000, 0.0000000000000000000, 0.0000000000000000000, 0.0000000000000000000, 0.0000000000000000000, 0.0000000000000000000 ) ;
#5180 = CARTESIAN_POINT ( 'NONE',  ( -0.7589873301296458100, 1.028953050111383900, -2.992125984251968500 ) ) ;
#5181 = CARTESIAN_POINT ( 'NONE',  ( 0.1155455681681184200, 1.153937007874015700, -2.813665793070997600 ) ) ;
#5182 = CARTESIAN_POINT ( 'NONE',  ( -0.02574561491690604800, -0.1031639786146929700, 0.7875341207349083600 ) ) ;
#5183 = CARTESIAN_POINT ( 'NONE',  ( -0.1156637036326063400, -0.06262578429423626400, 0.1062992125984252000 ) ) ;
#5184 = VERTEX_POINT ( 'NONE', #4992 ) ;
#5185 = PLANE ( 'NONE',  #4421 ) ;
#5186 = CARTESIAN_POINT ( 'NONE',  ( -0.1249949962596299800, -0.001118440903629921800, -3.156167979002626500 ) ) ;
#5187 = DIRECTION ( 'NONE',  ( -0.0000000000000000000, -0.0000000000000000000, -1.000000000000000000 ) ) ;
#5188 = CARTESIAN_POINT ( 'NONE',  ( -0.07270040754172836500, 0.1062935698246890300, 0.2716535433070866900 ) ) ;
#5189 = B_SPLINE_SURFACE_WITH_KNOTS ( 'NONE', 3, 3, ( 
 ( #2837, #272, #909, #7980, #5415, #2088, #937, #5362, #7891, #4114, #7244 ),
 ( #5389, #6621, #5336, #4775, #3442, #2195, #3363, #5924, #2783, #5307, #6565 ),
 ( #2116, #1489, #5980, #7948, #7299, #4005, #7866, #6005, #5954, #6671, #189 ),
 ( #2733, #7918, #3390, #4036, #216, #3468, #7214, #4666, #833, #6592, #2170 ),
 ( #3417, #4692, #4061, #247, #4718, #886, #6647, #4749, #1543, #6032, #7326 ),
 ( #2973, #6697, #6755, #4906, #7436, #4256, #2863, #3579, #2226, #1066, #6728 ) ),
 .UNSPECIFIED., .F., .F., .F.,
 ( 4, 1, 1, 4 ),
 ( 4, 1, 1, 1, 1, 1, 1, 1, 4 ),
 ( 46.08136074161154000, 46.72238638263720400, 47.36341202366283900, 48.00443766468846700 ),
 ( -0.003846153846150000900, 0.1335715790914600000, 0.2709893120290600700, 0.3396981784978701000, 0.4084070449666700200, 0.4771159114354800400, 0.5458247779042800800, 0.6832425108418901400, 0.8206602437795000900 ),
 .UNSPECIFIED. ) ;
#5190 = CARTESIAN_POINT ( 'NONE',  ( 0.1037059163895866400, -0.05573847970614567000, 0.7808398950131221200 ) ) ;
#5191 = CARTESIAN_POINT ( 'NONE',  ( 0.8255996794046417400, -0.9293197551186300800, -0.06561679790026378500 ) ) ;
#5192 = CARTESIAN_POINT ( 'NONE',  ( 0.7738167753536416800, 0.7980368589790987100, -2.060367454068244600 ) ) ;
#5193 = ORIENTED_EDGE ( 'NONE', *, *, #4674, .T. ) ;
#5194 = CARTESIAN_POINT ( 'NONE',  ( -0.7479077349249685400, -1.081609771494819000, -2.060367454068240600 ) ) ;
#5195 = CARTESIAN_POINT ( 'NONE',  ( 0.7141138414615357800, -1.103922707984717400, -2.992125984251968500 ) ) ;
#5196 = CARTESIAN_POINT ( 'NONE',  ( -0.7173146837074369000, 1.101616661993956900, -0.5074365704286969400 ) ) ;
#5197 = PLANE ( 'NONE',  #470 ) ;
#5198 = CARTESIAN_POINT ( 'NONE',  ( 1.081314661062031700, -0.7479053414235590200, -2.681539807524059500 ) ) ;
#5199 = CARTESIAN_POINT ( 'NONE',  ( 0.7328273577879370600, -0.9609539274657166200, -0.5074365704286969400 ) ) ;
#5200 = CARTESIAN_POINT ( 'NONE',  ( 0.7311032995713795400, -0.9071630692873204900, -2.992125984251965400 ) ) ;
#5201 = CARTESIAN_POINT ( 'NONE',  ( -1.110233970439102400, 0.9282311026850591500, -0.02187226596675591000 ) ) ;
#5202 = VERTEX_POINT ( 'NONE', #1078 ) ;
#5203 = CARTESIAN_POINT ( 'NONE',  ( 0.09451527980480498000, -0.08203160196614302200, -2.952755905511810700 ) ) ;
#5204 = B_SPLINE_SURFACE_WITH_KNOTS ( 'NONE', 3, 3, ( 
 ( #2764, #7159, #4696, #864, #2788, #7275 ),
 ( #7186, #3339, #7807, #137, #4611, #777 ),
 ( #1577, #940, #1517, #6009, #4118, #4147 ),
 ( #2813, #7983, #2173, #7360, #6650, #7951 ),
 ( #2840, #1603, #4752, #1547, #7304, #912 ),
 ( #302, #4778, #5419, #4803, #3472, #6064 ) ),
 .UNSPECIFIED., .F., .F., .F.,
 ( 4, 1, 1, 4 ),
 ( 4, 1, 1, 4 ),
 ( 0.0000000000000000000, 23.66666666666666100, 47.33333333333332100, 71.00000000000000000 ),
 ( 0.3041592653589800800, 0.3209242571352801100, 0.3376892489115900200, 0.3544542406878900500 ),
 .UNSPECIFIED. ) ;
#5205 = CARTESIAN_POINT ( 'NONE',  ( 1.081609771494815000, -0.7479077349249685400, -0.1968503937007874100 ) ) ;
#5206 = CARTESIAN_POINT ( 'NONE',  ( -0.1159924824369154600, -0.06234210017572962300, 0.7675853018372703600 ) ) ;
#5207 = CARTESIAN_POINT ( 'NONE',  ( 1.109374590528771500, 0.7016296763940630400, -0.1968503937007874100 ) ) ;
#5208 = CARTESIAN_POINT ( 'NONE',  ( 0.7500308502709094300, 0.05856650093301969700, 0.02099737532808268500 ) ) ;
#5209 = CARTESIAN_POINT ( 'NONE',  ( -0.09038153715239767600, 1.134251968503936900, -2.813647702036685700 ) ) ;
#5210 = ORIENTED_EDGE ( 'NONE', *, *, #452, .T. ) ;
#5211 = CARTESIAN_POINT ( 'NONE',  ( -0.1446818157067244500, 0.0009658267581614175800, 0.03674540682414568400 ) ) ;
#5212 = CARTESIAN_POINT ( 'NONE',  ( 1.105565014269958200, 0.9791254460543420400, -0.1968503937007873000 ) ) ;
#5213 = CARTESIAN_POINT ( 'NONE',  ( 0.9530213658428109400, -1.028348482669716500, -0.1968503937007874100 ) ) ;
#5214 = CARTESIAN_POINT ( 'NONE',  ( 0.7137832230396653500, 1.104136452828496300, -2.992125984251968500 ) ) ;
#5215 = CARTESIAN_POINT ( 'NONE',  ( 0.1249949962596299800, -0.001118440903629921800, -3.020559930008748200 ) ) ;
#5216 = EDGE_LOOP ( 'NONE', ( #5797, #5718 ) ) ;
#5217 = CARTESIAN_POINT ( 'NONE',  ( -1.103922707985719000, 0.7141138414599831300, -2.992125984251969400 ) ) ;
#5218 = CARTESIAN_POINT ( 'NONE',  ( -0.1337290113004449000, 0.07273870726820080800, 0.06299212598425198200 ) ) ;
#5219 = B_SPLINE_SURFACE_WITH_KNOTS ( 'NONE', 3, 3, ( 
 ( #5492, #6911, #3066, #7647, #7678, #7056 ),
 ( #619, #730, #4475, #7024, #3204, #649 ),
 ( #7705, #1869, #3817, #5119, #5823, #4444 ),
 ( #5147, #1304, #2550, #38, #1276, #7763 ),
 ( #3846, #3786, #5737, #5175, #1898, #5089 ),
 ( #702, #3178, #6376, #2633, #67, #1987 ) ),
 .UNSPECIFIED., .F., .F., .F.,
 ( 4, 1, 1, 4 ),
 ( 4, 1, 1, 4 ),
 ( 0.0000000000000000000, 23.66666666666667100, 47.33333333333334300, 71.00000000000000000 ),
 ( 0.2738642900300700700, 0.2906292818063700400, 0.3073942735826801200, 0.3241592653589801000 ),
 .UNSPECIFIED. ) ;
#5220 = CARTESIAN_POINT ( 'NONE',  ( 0.1118677391173149800, 0.001411246411838583300, 0.7808398950131221200 ) ) ;
#5221 = CARTESIAN_POINT ( 'NONE',  ( 0.7419493262978749100, 0.9957875012869131800, -0.1968503937007874100 ) ) ;
#5222 = B_SPLINE_CURVE_WITH_KNOTS ( 'NONE', 3,
 ( #2518, #1928, #7703, #6375, #5734, #6403 ),
 .UNSPECIFIED., .F., .F.,
 ( 4, 1, 1, 4 ),
 ( 0.0000000000000000000, 0.3333333333333328700, 0.6666666666666659600, 1.000000000000000000 ),
 .UNSPECIFIED. ) ;
#5223 = CARTESIAN_POINT ( 'NONE',  ( 0.9634718618594920700, -0.7306366061711417900, -2.060367454068244600 ) ) ;
#5224 = ADVANCED_FACE ( 'NONE', ( #255 ), #4247, .T. ) ;
#5225 = CARTESIAN_POINT ( 'NONE',  ( -0.7479077349249685400, -1.081609771494815000, -2.681539807524059500 ) ) ;
#5226 = CARTESIAN_POINT ( 'NONE',  ( -0.7176078221647795900, 1.101663991491527600, -2.992125984251968500 ) ) ;
#5227 = CARTESIAN_POINT ( 'NONE',  ( -0.7003745554811732200, 1.109486903909763700, -0.1968503937007874100 ) ) ;
#5228 = CARTESIAN_POINT ( 'NONE',  ( -1.057499546894264100, -0.7636744025022772500, -2.992125984251968500 ) ) ;
#5229 = ORIENTED_EDGE ( 'NONE', *, *, #6241, .T. ) ;
#5230 = CARTESIAN_POINT ( 'NONE',  ( -1.104400432191189100, 0.7133756011909770900, -0.1968503937007874100 ) ) ;
#5231 = EDGE_CURVE ( 'NONE', #3606, #3758, #2141, .T. ) ;
#5232 = CARTESIAN_POINT ( 'NONE',  ( 0.7589879883973900100, 1.028952656870866500, -2.681539807524059500 ) ) ;
#5233 = CARTESIAN_POINT ( 'NONE',  ( 1.089170987911120000, -0.7365395562689673900, -0.1968503937007874100 ) ) ;
#5234 = CARTESIAN_POINT ( 'NONE',  ( 1.108033091542948800, -0.7061733014393543100, -2.060367454068244600 ) ) ;
#5235 = VERTEX_POINT ( 'NONE', #3616 ) ;
#5236 = B_SPLINE_SURFACE_WITH_KNOTS ( 'NONE', 3, 3, ( 
 ( #6766, #1640, #4847, #10, #5264, #5672 ),
 ( #4271, #3560, #6737, #5397, #2896, #8047 ),
 ( #995, #7989, #4152, #4860, #5424, #6096 ),
 ( #308, #4807, #3533, #4203, #7960, #8017 ),
 ( #366, #5507, #4094, #4835, #3450, #971 ),
 ( #338, #6069, #918, #5454, #2818, #1553 ) ),
 .UNSPECIFIED., .F., .F., .F.,
 ( 4, 1, 1, 4 ),
 ( 4, 1, 1, 4 ),
 ( -71.00000000000000000, -47.33333333333332900, -23.66666666666667100, -1.000000000000000800E-014 ),
 ( 0.2287502309317900600, 0.2605532424075199200, 0.2923562538832500900, 0.3241592653589801000 ),
 .UNSPECIFIED. ) ;
#5237 = ORIENTED_EDGE ( 'NONE', *, *, #5851, .F. ) ;
#5238 = CARTESIAN_POINT ( 'NONE',  ( -1.083913278540055400, 0.7441482841840275600, -2.681539807524059500 ) ) ;
#5239 = CARTESIAN_POINT ( 'NONE',  ( 1.022481225836625800, 0.8766112441767510700, -0.1968503937007874100 ) ) ;
#5240 = CARTESIAN_POINT ( 'NONE',  ( -1.028953034820992500, 0.7589873557274842100, -0.1968503937007874400 ) ) ;
#5241 = CARTESIAN_POINT ( 'NONE',  ( -0.7311036405941849800, 0.9286621932200747100, -2.060367454068244600 ) ) ;
#5242 = CARTESIAN_POINT ( 'NONE',  ( 0.2142136135413897600, 0.7237849185444172900, 0.006999125109362205200 ) ) ;
#5243 = CARTESIAN_POINT ( 'NONE',  ( -1.108398963774295700, -0.7046512160692323100, -2.992125984251968500 ) ) ;
#5244 = CARTESIAN_POINT ( 'NONE',  ( -0.03526368610020472900, -0.1419330633355000400, -2.992125984251963600 ) ) ;
#5245 = CARTESIAN_POINT ( 'NONE',  ( -0.8324966087895316900, -0.7505357138161811200, -1.128608923884515600 ) ) ;
#5246 = VERTEX_POINT ( 'NONE', #580 ) ;
#5247 = CARTESIAN_POINT ( 'NONE',  ( -0.7500308502709094300, -0.05856650093302363100, 0.06299212598425198200 ) ) ;
#5248 = CARTESIAN_POINT ( 'NONE',  ( 0.03051586097098820200, 0.1226143411448661600, -3.156167979002626500 ) ) ;
#5249 = CARTESIAN_POINT ( 'NONE',  ( 1.109486903909763700, 0.7003745554811732200, -0.5074365704286969400 ) ) ;
#5250 = CARTESIAN_POINT ( 'NONE',  ( -1.105448062055279800, 0.7119148290572677700, -2.060367454068244600 ) ) ;
#5251 = ORIENTED_EDGE ( 'NONE', *, *, #8296, .T. ) ;
#5252 = CARTESIAN_POINT ( 'NONE',  ( -0.1228030019831299800, 0.001549198162751968700, 0.7699037620297480800 ) ) ;
#5253 = CARTESIAN_POINT ( 'NONE',  ( 0.8330323139402675500, -0.8770121648875594000, -0.02187226596675591000 ) ) ;
#5254 = CARTESIAN_POINT ( 'NONE',  ( 0.8324966087895275800, -0.7505357138161850000, -2.060367454068240600 ) ) ;
#5255 = CARTESIAN_POINT ( 'NONE',  ( -0.0000000000000000000, 0.1261928294275669600, 0.02362204724409449500 ) ) ;
#5256 = CARTESIAN_POINT ( 'NONE',  ( 0.7637992319626142300, 1.057805835868256100, -0.5074365704286969400 ) ) ;
#5257 = CARTESIAN_POINT ( 'NONE',  ( 0.8255908954713383500, 0.9279527559886499000, -0.1968503937007874100 ) ) ;
#5258 = CARTESIAN_POINT ( 'NONE',  ( -0.6936092895046411800, 1.110236408271179300, -2.992125984251968500 ) ) ;
#5259 = CARTESIAN_POINT ( 'NONE',  ( 0.03526368610020472900, -0.1419330633355000400, -2.992125984251968500 ) ) ;
#5260 = CARTESIAN_POINT ( 'NONE',  ( -0.1557475975856370500, 1.110236220472440700, -2.681102362228391800 ) ) ;
#5261 = EDGE_CURVE ( 'NONE', #4392, #7531, #4057, .T. ) ;
#5262 = CARTESIAN_POINT ( 'NONE',  ( -0.7311032995713809800, -0.9071630692873095000, -0.1968503937007874100 ) ) ;
#5263 = FACE_OUTER_BOUND ( 'NONE', #8059, .T. ) ;
#5264 = CARTESIAN_POINT ( 'NONE',  ( 1.057272500430996200, -0.7639149224034330600, -0.1968503937007874100 ) ) ;
#5265 = B_SPLINE_SURFACE_WITH_KNOTS ( 'NONE', 3, 3, ( 
 ( #950, #923, #4788, #6047, #5432, #1559, #4733, #3512, #4185, #259, #5404 ),
 ( #2798, #1530, #1642, #2211, #4100, #1588, #6687, #7933, #6129, #6745, #2242 ),
 ( #4843, #1002, #2905, #6632, #2849, #7341, #3483, #4814, #7311, #7995, #6659 ),
 ( #6714, #4074, #898, #5377, #6019, #6077, #7372, #2877, #8025, #979, #4158 ),
 ( #346, #5461, #1616, #7505, #400, #8083, #6206, #2326, #1082, #8160, #2297 ),
 ( #7532, #8132, #1755, #8107, #424, #3670, #7480, #6851, #3567, #2348, #2376 ) ),
 .UNSPECIFIED., .F., .F., .F.,
 ( 4, 1, 1, 4 ),
 ( 4, 1, 1, 1, 1, 1, 1, 1, 4 ),
 ( 46.08136074161154000, 46.72238638263720400, 47.36341202366283900, 48.00443766468846700 ),
 ( -0.003846153846150000900, 0.1335715790914600000, 0.2709893120290600700, 0.3396981784978701000, 0.4084070449666700200, 0.4771159114354800400, 0.5458247779042800800, 0.6832425108418901400, 0.8206602437795000900 ),
 .UNSPECIFIED. ) ;
#5266 = CARTESIAN_POINT ( 'NONE',  ( -1.096676596295535400, 0.7252355460546456900, -2.681539807524059500 ) ) ;
#5267 = ADVANCED_FACE ( 'NONE', ( #458 ), #7032, .T. ) ;
#5268 = CARTESIAN_POINT ( 'NONE',  ( -1.085874585383008100, -1.023890032031122200, -0.02187226596675591000 ) ) ;
#5269 = CARTESIAN_POINT ( 'NONE',  ( -0.9634718618594920700, 0.7306366061711417900, -1.128608923884515600 ) ) ;
#5270 = CARTESIAN_POINT ( 'NONE',  ( -0.2142136135413897600, 0.7237849185444172900, 0.02099737532808268500 ) ) ;
#5271 = CARTESIAN_POINT ( 'NONE',  ( 0.03793485271320473600, 1.134251968503936900, -2.833891715706975800 ) ) ;
#5272 = B_SPLINE_CURVE_WITH_KNOTS ( 'NONE', 3,
 ( #6337, #576, #5611, #605, #1773, #6898 ),
 .UNSPECIFIED., .F., .F.,
 ( 4, 1, 1, 4 ),
 ( 0.0000000000000000000, 0.001198132416101034000, 0.002418024191698355100, 0.003616193483199483200 ),
 .UNSPECIFIED. ) ;
#5273 = CARTESIAN_POINT ( 'NONE',  ( 0.1138258976824527700, 1.144378037797165300, -2.792707513226150100 ) ) ;
#5274 = CARTESIAN_POINT ( 'NONE',  ( 0.9530213658428109400, -1.028348482669716500, 0.0000000000000000000 ) ) ;
#5275 = FACE_OUTER_BOUND ( 'NONE', #5831, .T. ) ;
#5276 = CARTESIAN_POINT ( 'NONE',  ( -0.08968624851009841800, -0.7465127032399607700, 0.04199475065616930400 ) ) ;
#5277 = EDGE_CURVE ( 'NONE', #3712, #2249, #6559, .T. ) ;
#5278 = CARTESIAN_POINT ( 'NONE',  ( -0.1156637036326063400, 0.06262578429423626400, -3.020559930008748200 ) ) ;
#5279 = CARTESIAN_POINT ( 'NONE',  ( -0.1754327174310114100, 1.153936964634294500, -2.681102362344685500 ) ) ;
#5280 = CARTESIAN_POINT ( 'NONE',  ( -0.1448347163264528100, 0.02193883921625590700, 0.05861767279090159700 ) ) ;
#5281 = FACE_OUTER_BOUND ( 'NONE', #6930, .T. ) ;
#5282 = CARTESIAN_POINT ( 'NONE',  ( 0.09756202512007841600, -0.05243634255944729800, 0.7874678477690290100 ) ) ;
#5283 = CARTESIAN_POINT ( 'NONE',  ( 0.1337290113004449000, 0.07273870726820080800, -2.987751531058617800 ) ) ;
#5284 = CARTESIAN_POINT ( 'NONE',  ( 0.9006284698872087900, 0.7294072714244842500, -2.992125984251968500 ) ) ;
#5285 = CARTESIAN_POINT ( 'NONE',  ( -0.1251725047065984900, 0.01871959219484252400, 0.02362204724409449500 ) ) ;
#5286 = CARTESIAN_POINT ( 'NONE',  ( 0.7549431811966416100, 1.076064190174771800, -0.5074365704286969400 ) ) ;
#5287 = CARTESIAN_POINT ( 'NONE',  ( 0.1448347163264528100, -0.02193883921625590700, -2.957130358705161400 ) ) ;
#5288 = CARTESIAN_POINT ( 'NONE',  ( 1.085874585383008100, -1.023890032031122200, -0.1312335958005236600 ) ) ;
#5289 = ORIENTED_EDGE ( 'NONE', *, *, #404, .T. ) ;
#5290 = CARTESIAN_POINT ( 'NONE',  ( -1.056646062823173100, 1.057736748147917400, 0.0000000000000000000 ) ) ;
#5291 = CARTESIAN_POINT ( 'NONE',  ( -0.7155729551865434000, -1.103009155936019800, -2.060367454068240600 ) ) ;
#5292 = CARTESIAN_POINT ( 'NONE',  ( -0.8682354914878504000, 1.014900208985472200, 0.0000000000000000000 ) ) ;
#5293 = CARTESIAN_POINT ( 'NONE',  ( 0.1249934252290612300, -0.01590202306414061100, -2.952755905511811100 ) ) ;
#5294 = B_SPLINE_SURFACE_WITH_KNOTS ( 'NONE', 3, 3, ( 
 ( #4996, #5670, #3010, #6264, #8158, #1808 ),
 ( #4299, #2457, #4945, #5592, #2428, #1160 ),
 ( #5645, #3086, #7584, #556, #5024, #1839 ),
 ( #6315, #2484, #6957, #3115, #62, #5700 ),
 ( #7699, #7017, #6427, #3780, #2544, #5083 ),
 ( #5788, #5728, #5761, #4403, #3811, #5112 ) ),
 .UNSPECIFIED., .F., .F., .F.,
 ( 4, 1, 1, 4 ),
 ( 4, 1, 1, 4 ),
 ( -1.086956521739130200, -0.7246376811594200700, -0.3623188405797100900, 0.0000000000000000000 ),
 ( 1.442958707607829800, 1.564835701357750100, 1.686712695107679800, 1.808589688857609800 ),
 .UNSPECIFIED. ) ;
#5295 = CARTESIAN_POINT ( 'NONE',  ( -1.104136452828496300, 0.7137832230396653500, -2.992125984251968500 ) ) ;
#5296 = EDGE_LOOP ( 'NONE', ( #6225, #9, #8322, #7085 ) ) ;
#5297 = CARTESIAN_POINT ( 'NONE',  ( -0.7038785125588549200, 1.108626020972166800, -2.992125984251968500 ) ) ;
#5298 = CARTESIAN_POINT ( 'NONE',  ( -0.9006284698872049100, 0.7294072714244842500, -0.5074365704286969400 ) ) ;
#5299 = CARTESIAN_POINT ( 'NONE',  ( -0.3702728364785276000, 0.6629341840565985400, -0.0000000000000000000 ) ) ;
#5300 = CARTESIAN_POINT ( 'NONE',  ( -0.1474643960790040000, 1.134251968503936900, -2.744248841075859000 ) ) ;
#5301 = CARTESIAN_POINT ( 'NONE',  ( 1.022873197870755900, -0.9788933469234686300, -0.06561679790026378500 ) ) ;
#5302 = EDGE_LOOP ( 'NONE', ( #4316, #901, #1256, #7154 ) ) ;
#5303 = CARTESIAN_POINT ( 'NONE',  ( -0.2142136135413897600, -0.7237849185444172900, 0.02099737532808268500 ) ) ;
#5304 = CARTESIAN_POINT ( 'NONE',  ( -1.067227259123866500, 1.047157685346665800, 0.0000000000000000000 ) ) ;
#5305 = CARTESIAN_POINT ( 'NONE',  ( 1.081538273903767300, 0.7475806083234701700, -0.1968503937007873800 ) ) ;
#5306 = CARTESIAN_POINT ( 'NONE',  ( 0.1446818157067244500, -0.0009658267581614175800, 0.02362204724409449500 ) ) ;
#5307 = CARTESIAN_POINT ( 'NONE',  ( 1.030523849900492500, 0.9129958530717085000, -0.1749781277340315400 ) ) ;
#5308 = CARTESIAN_POINT ( 'NONE',  ( 0.8682354914878504000, -0.8410053028255472000, 0.0000000000000000000 ) ) ;
#5309 = CARTESIAN_POINT ( 'NONE',  ( 0.9634718618594959600, 0.7306366061711417900, -1.128608923884515600 ) ) ;
#5310 = ADVANCED_FACE ( 'NONE', ( #945 ), #1485, .T. ) ;
#5311 = EDGE_CURVE ( 'NONE', #1842, #1497, #8081, .T. ) ;
#5312 = CARTESIAN_POINT ( 'NONE',  ( -0.7479053414235590200, 1.081314661062035700, -2.060367454068240600 ) ) ;
#5313 = ORIENTED_EDGE ( 'NONE', *, *, #1770, .T. ) ;
#5314 = CARTESIAN_POINT ( 'NONE',  ( 0.1446818157067244500, 0.0009658267581614175800, -2.992125984251968500 ) ) ;
#5315 = CARTESIAN_POINT ( 'NONE',  ( -0.1019504275934230000, 0.03388306042556753200, 0.7874015748031488700 ) ) ;
#5316 = CARTESIAN_POINT ( 'NONE',  ( 0.9451014140148467100, 1.110318066288362500, -0.1312335958005236600 ) ) ;
#5317 = CARTESIAN_POINT ( 'NONE',  ( 0.1561521082549016400, 1.134251968503936900, -2.658830987805936600 ) ) ;
#5318 = EDGE_LOOP ( 'NONE', ( #6639, #8043, #3329, #7182 ) ) ;
#5319 = CARTESIAN_POINT ( 'NONE',  ( 0.1100936078571998500, -0.05947326491444137500, -2.952755905511812000 ) ) ;
#5320 = CARTESIAN_POINT ( 'NONE',  ( -1.057499546894259600, 0.7636744025022760300, -0.1968503937007873800 ) ) ;
#5321 = CARTESIAN_POINT ( 'NONE',  ( 1.057499546894264300, 0.7636744025022773600, -2.992125984251968500 ) ) ;
#5322 = CARTESIAN_POINT ( 'NONE',  ( 0.3702728364785316000, 0.6629341840565985400, 0.006999125109362205200 ) ) ;
#5323 = CARTESIAN_POINT ( 'NONE',  ( 0.1446848777822630200, -2.121839655771912600E-011, 0.02362204724409449500 ) ) ;
#5324 = B_SPLINE_CURVE_WITH_KNOTS ( 'NONE', 3,
 ( #2714, #1443, #5233, #7899 ),
 .UNSPECIFIED., .F., .F.,
 ( 4, 4 ),
 ( 0.0000000000000000000, 1.000000000000000000 ),
 .UNSPECIFIED. ) ;
#5325 = EDGE_CURVE ( 'NONE', #3492, #1189, #4839, .T. ) ;
#5326 = CARTESIAN_POINT ( 'NONE',  ( 0.1251725047065984900, -0.01871959219484252400, 0.1062992125984252000 ) ) ;
#5327 = VERTEX_POINT ( 'NONE', #6007 ) ;
#5328 = VECTOR ( 'NONE', #284, 39.37007874015748100 ) ;
#5329 = CARTESIAN_POINT ( 'NONE',  ( -0.6631499799855394800, -0.3699185312724016000, 0.006999125109362205200 ) ) ;
#5330 = CARTESIAN_POINT ( 'NONE',  ( 0.7023879734236379000, -1.109088367905878100, -2.992125984251968500 ) ) ;
#5331 = CARTESIAN_POINT ( 'NONE',  ( 0.1557305905232619100, 1.134251968503937200, -2.705307969727869000 ) ) ;
#5332 = CARTESIAN_POINT ( 'NONE',  ( -0.08401568594263388000, 0.1231026060500197600, 0.04986876640420077900 ) ) ;
#5333 = EDGE_LOOP ( 'NONE', ( #3884, #1887, #17, #7349 ) ) ;
#5334 = B_SPLINE_SURFACE_WITH_KNOTS ( 'NONE', 3, 3, ( 
 ( #4569, #6495, #7200, #6581, #204, #1449 ),
 ( #233, #4020, #1476, #4655, #817, #4623 ),
 ( #2077, #5885, #5993, #1421, #3964, #178 ),
 ( #3294, #2157, #2130, #2748, #7229, #7905 ),
 ( #7259, #875, #5268, #149, #2720, #848 ),
 ( #3351, #2692, #3377, #7878, #7141, #2668 ) ),
 .UNSPECIFIED., .F., .F., .F.,
 ( 4, 1, 1, 4 ),
 ( 4, 1, 1, 4 ),
 ( -1.086956521739130200, -0.7246376811594200700, -0.3623188405797100900, 0.0000000000000000000 ),
 ( 1.442958707607829800, 1.564835701357750100, 1.686712695107679800, 1.808589688857609800 ),
 .UNSPECIFIED. ) ;
#5335 = EDGE_LOOP ( 'NONE', ( #3029, #3118 ) ) ;
#5336 = CARTESIAN_POINT ( 'NONE',  ( 0.8330323139402675500, 0.8770121648875555100, -0.1749781277340315400 ) ) ;
#5337 = CARTESIAN_POINT ( 'NONE',  ( 0.03526368610020472900, 0.1419330633355000400, -2.987751531058617800 ) ) ;
#5338 = CARTESIAN_POINT ( 'NONE',  ( -0.1968430982669151500, 1.110236220472441400, -2.650231929284210700 ) ) ;
#5339 = DIRECTION ( 'NONE',  ( -1.000000000000000000, -0.0000000000000000000, -0.0000000000000000000 ) ) ;
#5340 = LINE ( 'NONE', #2646, #1929 ) ;
#5341 = CARTESIAN_POINT ( 'NONE',  ( 0.7440480963253898200, 1.083715119910515700, -2.681539807524059500 ) ) ;
#5342 = CARTESIAN_POINT ( 'NONE',  ( -0.08401568594263388000, -0.1231026060500197600, -2.952755905511811100 ) ) ;
#5343 = ORIENTED_EDGE ( 'NONE', *, *, #3094, .T. ) ;
#5344 = VERTEX_POINT ( 'NONE', #939 ) ;
#5345 = CARTESIAN_POINT ( 'NONE',  ( -0.1968491153113268200, 1.118241469816271700, -2.681811799519282900 ) ) ;
#5346 = CARTESIAN_POINT ( 'NONE',  ( -0.9006284698872087900, -0.7294072714244842500, -0.1968503937007874100 ) ) ;
#5347 = CARTESIAN_POINT ( 'NONE',  ( -1.030306909714371800, 0.9439099249441561500, 0.0000000000000000000 ) ) ;
#5348 = CARTESIAN_POINT ( 'NONE',  ( 1.047580032597574800, -1.066889654611260100, 0.0000000000000000000 ) ) ;
#5349 = CARTESIAN_POINT ( 'NONE',  ( 1.057500456850734900, 0.7636784982413071800, -1.594488188976378200 ) ) ;
#5350 = ADVANCED_FACE ( 'NONE', ( #6655 ), #6850, .T. ) ;
#5351 = CARTESIAN_POINT ( 'NONE',  ( 1.067227259123860500, -1.047157685346673500, 0.0000000000000000000 ) ) ;
#5352 = CARTESIAN_POINT ( 'NONE',  ( -1.054918747226493100, -0.7642466524047227800, -0.1968503937007874100 ) ) ;
#5353 = CARTESIAN_POINT ( 'NONE',  ( -0.9632357407194281900, 0.7306319871982826000, -2.992125984251966700 ) ) ;
#5354 = CARTESIAN_POINT ( 'NONE',  ( 0.1271712453943622800, 1.153934119375358300, -2.805792492805897300 ) ) ;
#5355 = CARTESIAN_POINT ( 'NONE',  ( 0.8253816619105313100, -0.9429096587393148700, -0.02187226596675591000 ) ) ;
#5356 = FACE_OUTER_BOUND ( 'NONE', #4887, .T. ) ;
#5357 = CARTESIAN_POINT ( 'NONE',  ( -0.7500308502709094300, -0.05856650093302363100, 0.05599300087488978000 ) ) ;
#5358 = CARTESIAN_POINT ( 'NONE',  ( 0.7061733014393583000, -1.108033091542948800, -2.060367454068240600 ) ) ;
#5359 = B_SPLINE_CURVE_WITH_KNOTS ( 'NONE', 3,
 ( #4070, #1524, #6656, #2819, #5934, #844, #7225, #6549, #7307, #3451, #2745 ),
 .UNSPECIFIED., .F., .F.,
 ( 4, 1, 1, 1, 1, 1, 1, 1, 4 ),
 ( 0.0000000000000000000, 0.001330758891399355600, 0.002699622018097641900, 0.003384053581446735100, 0.004068485144795928900, 0.004752916708145020300, 0.005437348271494214100, 0.006806211398192400400, 0.008136970289590784000 ),
 .UNSPECIFIED. ) ;
#5360 = CARTESIAN_POINT ( 'NONE',  ( 1.108033091542948800, 0.7061733014393583000, -0.1968503937007874100 ) ) ;
#5361 = B_SPLINE_SURFACE_WITH_KNOTS ( 'NONE', 3, 3, ( 
 ( #6061, #962, #1015, #3526, #3607, #2890, #8040, #5524, #6116, #4825, #440 ),
 ( #6168, #5447, #8117, #2283, #991, #7409, #1654, #384, #2944, #411, #1681 ),
 ( #6807, #7465, #1148, #5578, #4338, #3074, #5555, #2444, #2470, #3050, #5010 ),
 ( #3658, #6945, #2416, #1796, #6836, #5605, #5633, #8229, #469, #8174, #3026 ),
 ( #570, #7571, #8257, #2360, #3713, #6194, #5042, #2389, #1096, #1708, #3630 ),
 ( #1122, #6249, #1767, #4363, #4311, #8202, #520, #4985, #6919, #3102, #7492 ) ),
 .UNSPECIFIED., .F., .F., .F.,
 ( 4, 1, 1, 4 ),
 ( 4, 1, 1, 1, 1, 1, 1, 1, 4 ),
 ( -4.881889763779530400, -3.254593175853020000, -1.627296587926510000, -0.0000000000000000000 ),
 ( -0.003149606299210000600, 0.1641428737196500000, 0.3314353537385200100, 0.4150815937479501200, 0.4987278337573800600, 0.5823740737668100500, 0.6660203137762400500, 0.8333127937951099200, 1.000605273813969900 ),
 .UNSPECIFIED. ) ;
#5362 = CARTESIAN_POINT ( 'NONE',  ( 0.9876700203231734100, 0.8410053028255510800, -0.1968503937007874100 ) ) ;
#5363 = DIRECTION ( 'NONE',  ( 0.0000000000000000000, 0.0000000000000000000, 1.000000000000000000 ) ) ;
#5364 = CARTESIAN_POINT ( 'NONE',  ( -0.7479077349249685400, 1.081609771494819000, -0.1968503937007874100 ) ) ;
#5365 = LINE ( 'NONE', #2888, #865 ) ;
#5366 = CARTESIAN_POINT ( 'NONE',  ( 1.076064190174775600, 0.7549431811966416100, -0.1968503937007874100 ) ) ;
#5367 = CARTESIAN_POINT ( 'NONE',  ( -0.1448347163264528100, -0.02193883921625590700, -2.952755905511811100 ) ) ;
#5368 = EDGE_CURVE ( 'NONE', #8264, #7531, #5428, .T. ) ;
#5369 = PLANE ( 'NONE',  #7003 ) ;
#5370 = CARTESIAN_POINT ( 'NONE',  ( 1.054918747226493600, 0.7642466524047228900, -2.992125984251968500 ) ) ;
#5371 = CARTESIAN_POINT ( 'NONE',  ( 0.9451014140148467100, 1.110318066288362500, -0.02187226596675591000 ) ) ;
#5372 = CARTESIAN_POINT ( 'NONE',  ( 1.023890032031122200, -1.085874585383008100, -0.1749781277340315400 ) ) ;
#5373 = CARTESIAN_POINT ( 'NONE',  ( 0.7627446526210077700, 1.060986002430181200, -2.992125984251968500 ) ) ;
#5374 = B_SPLINE_SURFACE_WITH_KNOTS ( 'NONE', 3, 3, ( 
 ( #5612, #419, #7526, #1049, #4291, #4913 ),
 ( #2397, #6175, #8181, #1775, #1074, #2317 ),
 ( #7472, #3665, #4319, #501, #2292, #4265 ),
 ( #4204, #393, #1662, #6150, #6788, #5018 ),
 ( #5755, #4397, #6286, #4345, #2478, #1859 ),
 ( #5050, #4429, #3802, #7634, #5078, #8266 ) ),
 .UNSPECIFIED., .F., .F., .F.,
 ( 4, 1, 1, 4 ),
 ( 4, 1, 1, 4 ),
 ( -71.00000000000000000, -47.33333333333332900, -23.66666666666667100, -1.000000000000000800E-014 ),
 ( 0.2738642900300700700, 0.2906292818063700400, 0.3073942735826801200, 0.3241592653589801000 ),
 .UNSPECIFIED. ) ;
#5375 = LINE ( 'NONE', #757, #271 ) ;
#5376 = CARTESIAN_POINT ( 'NONE',  ( -0.7311023692017437600, -0.9279527559059855800, -0.1968503937007873800 ) ) ;
#5377 = CARTESIAN_POINT ( 'NONE',  ( -0.9876700203231734100, 0.8410053028255472000, -0.06561679790026378500 ) ) ;
#5378 = CARTESIAN_POINT ( 'NONE',  ( 1.110322617515921300, 0.6954048260608425300, -2.992125984251968500 ) ) ;
#5379 = CARTESIAN_POINT ( 'NONE',  ( -0.1557450946406299700, 1.126246719160106400, -2.680205304754929200 ) ) ;
#5380 = CARTESIAN_POINT ( 'NONE',  ( -0.0000000000000000000, 1.153934119375358300, -2.858554426295339300 ) ) ;
#5381 = CARTESIAN_POINT ( 'NONE',  ( 1.030305832406381800, -0.9265857566923937400, -0.1749781277340315400 ) ) ;
#5382 = EDGE_LOOP ( 'NONE', ( #2144, #335 ) ) ;
#5383 = CARTESIAN_POINT ( 'NONE',  ( -0.0000000000000000000, -0.7517436483800196100, 0.02099737532808268500 ) ) ;
#5384 = EDGE_CURVE ( 'NONE', #8028, #2084, #6126, .T. ) ;
#5385 = CARTESIAN_POINT ( 'NONE',  ( -0.7649861758560708700, 1.048472305788082300, -0.1968503937007874400 ) ) ;
#5386 = CARTESIAN_POINT ( 'NONE',  ( 1.101616661993956900, 0.7173146837074369000, -2.681539807524059500 ) ) ;
#5387 = CARTESIAN_POINT ( 'NONE',  ( 0.0000000000000000000, 0.1460610273873661500, 0.02362204724409449500 ) ) ;
#5388 = CARTESIAN_POINT ( 'NONE',  ( 0.6887898905127283200, -1.110038567578169400, -2.681539807524059500 ) ) ;
#5389 = CARTESIAN_POINT ( 'NONE',  ( 0.8255996794046417400, 0.9293197551186300800, -0.1749781277340315400 ) ) ;
#5390 = CARTESIAN_POINT ( 'NONE',  ( 0.8253816619105313100, -0.9129958530717085000, 0.0000000000000000000 ) ) ;
#5391 = CARTESIAN_POINT ( 'NONE',  ( 0.7310279753857676900, 0.9076672032026179600, -1.128608923884515600 ) ) ;
#5392 = VERTEX_POINT ( 'NONE', #7388 ) ;
#5393 = CARTESIAN_POINT ( 'NONE',  ( 0.1446848777822665200, -4.243681762603731500E-011, -2.992125984251968500 ) ) ;
#5394 = CARTESIAN_POINT ( 'NONE',  ( 1.083715119910519700, 0.7440480963253939300, -0.5074365704286969400 ) ) ;
#5395 = CARTESIAN_POINT ( 'NONE',  ( 0.1118677391173149800, -0.001411246411838583300, 0.7808398950131221200 ) ) ;
#5396 = CARTESIAN_POINT ( 'NONE',  ( 0.1853889004854055700, 1.131583552055992000, -2.599176072756665500 ) ) ;
#5397 = CARTESIAN_POINT ( 'NONE',  ( 1.049803909796291500, -0.7651677351667045500, -0.5074365704286969400 ) ) ;
#5398 = VERTEX_POINT ( 'NONE', #4197 ) ;
#5399 = CARTESIAN_POINT ( 'NONE',  ( -0.1557248242963858700, 1.134251968503936900, -2.683770379173689300 ) ) ;
#5400 = CARTESIAN_POINT ( 'NONE',  ( 1.057736748147917400, -1.056646062823173100, -0.02187226596675591000 ) ) ;
#5401 = CARTESIAN_POINT ( 'NONE',  ( 0.7651677351667045500, 1.049803909796291500, -2.681539807524059500 ) ) ;
#5402 = B_SPLINE_SURFACE_WITH_KNOTS ( 'NONE', 3, 3, ( 
 ( #3291, #3934, #1359, #7847, #2689, #7817 ),
 ( #7256, #2664, #4703, #4593, #3400, #814 ),
 ( #7196, #7902, #5234, #6518, #6550, #2073 ),
 ( #5964, #5935, #760, #2100, #5881, #4045 ),
 ( #2043, #7227, #5853, #4652, #202, #7168 ),
 ( #2718, #228, #1447, #3374, #6604, #2015 ) ),
 .UNSPECIFIED., .F., .F., .F.,
 ( 4, 1, 1, 4 ),
 ( 4, 1, 1, 4 ),
 ( 0.0000000000000000000, 23.66666666666666100, 47.33333333333332100, 71.00000000000000000 ),
 ( 0.3041592653589800800, 0.3209242571352801100, 0.3376892489115900200, 0.3544542406878900500 ),
 .UNSPECIFIED. ) ;
#5403 = CARTESIAN_POINT ( 'NONE',  ( 0.1557475975856417200, 1.110236220472441200, -2.681102362212613300 ) ) ;
#5404 = CARTESIAN_POINT ( 'NONE',  ( -0.8255996794046417400, 0.9293197551186300800, -0.1968503937007874100 ) ) ;
#5405 = CARTESIAN_POINT ( 'NONE',  ( 0.7031063972595349400, -1.108855069386813800, -0.1968503937007874100 ) ) ;
#5406 = CARTESIAN_POINT ( 'NONE',  ( -0.08401568594263382500, -0.1231026060500197000, 0.06299212598425198200 ) ) ;
#5407 = CARTESIAN_POINT ( 'NONE',  ( -0.1438889093088228900, 1.112904636920386100, -2.759511447624264100 ) ) ;
#5408 = ORIENTED_EDGE ( 'NONE', *, *, #7843, .T. ) ;
#5409 = CARTESIAN_POINT ( 'NONE',  ( -0.0000000000000000000, 1.152548769262433000, -2.848384002834885900 ) ) ;
#5410 = CARTESIAN_POINT ( 'NONE',  ( -1.025508191967476900, -0.7566742686776338800, -1.128608923884515600 ) ) ;
#5411 = B_SPLINE_CURVE_WITH_KNOTS ( 'NONE', 3,
 ( #6502, #3885, #79, #4544, #7067, #770 ),
 .UNSPECIFIED., .F., .F.,
 ( 4, 1, 1, 4 ),
 ( -1.589757515774270000, -1.059838343849510300, -0.5299191719247602400, -0.01889189876299401900 ),
 .UNSPECIFIED. ) ;
#5412 = CARTESIAN_POINT ( 'NONE',  ( 0.5373840014121733500, -0.5370372980905314700, 0.006999125109362205200 ) ) ;
#5413 = CARTESIAN_POINT ( 'NONE',  ( 1.066889654611260100, 1.047580032597574800, -0.1312335958005236600 ) ) ;
#5414 = ORIENTED_EDGE ( 'NONE', *, *, #6448, .F. ) ;
#5415 = CARTESIAN_POINT ( 'NONE',  ( 0.9028841459682126500, 0.8275570291413073500, -0.1968503937007874100 ) ) ;
#5416 = CARTESIAN_POINT ( 'NONE',  ( -0.03526368610020472900, 0.1419330633355000400, -2.952755905511811100 ) ) ;
#5417 = CARTESIAN_POINT ( 'NONE',  ( -0.7637992319626182300, 1.057805835868256100, -0.1968503937007874100 ) ) ;
#5418 = EDGE_CURVE ( 'NONE', #2535, #4591, #1044, .T. ) ;
#5419 = CARTESIAN_POINT ( 'NONE',  ( 0.7061733014393543100, 1.108033091542948800, -0.1968503937007874100 ) ) ;
#5420 = VERTEX_POINT ( 'NONE', #385 ) ;
#5421 = CARTESIAN_POINT ( 'NONE',  ( 0.1185874351116890200, 0.01107311342707874100, 0.7742782152230984800 ) ) ;
#5422 = CARTESIAN_POINT ( 'NONE',  ( 0.6910086409841851300, 1.110261735596846700, -2.060367454068240600 ) ) ;
#5423 = CARTESIAN_POINT ( 'NONE',  ( -0.04788271554519685900, 1.126246719160106400, -2.487949462238366200 ) ) ;
#5424 = CARTESIAN_POINT ( 'NONE',  ( 1.057272500430996200, -0.7639149224034330600, -1.128608923884515600 ) ) ;
#5425 = CARTESIAN_POINT ( 'NONE',  ( 1.110233970439102400, -0.9282311026850591500, -0.1968503937007874100 ) ) ;
#5426 = CARTESIAN_POINT ( 'NONE',  ( 0.1634373218741063100, 1.153988124042724300, -2.611116035559819100 ) ) ;
#5427 = CARTESIAN_POINT ( 'NONE',  ( 1.057736748147917400, -1.056646062823173100, -0.1968503937007874100 ) ) ;
#5428 = B_SPLINE_CURVE_WITH_KNOTS ( 'NONE', 3,
 ( #4720, #1655, #7494, #8095, #8068, #4225 ),
 .UNSPECIFIED., .F., .F.,
 ( 4, 1, 1, 4 ),
 ( 0.0000000000000000000, 0.2899741926370779700, 0.7112355692683199900, 1.000000000000000000 ),
 .UNSPECIFIED. ) ;
#5429 = CARTESIAN_POINT ( 'NONE',  ( 0.7566742686776338800, 1.025508191967476900, -2.060367454068240600 ) ) ;
#5430 = EDGE_LOOP ( 'NONE', ( #8167, #8106, #3116, #8074 ) ) ;
#5431 = PLANE ( 'NONE',  #7237 ) ;
#5432 = CARTESIAN_POINT ( 'NONE',  ( -0.9530213658428109400, 0.8275570291413073500, -0.1968503937007874100 ) ) ;
#5433 = CARTESIAN_POINT ( 'NONE',  ( 0.1279368723736102900, 1.153934119375358300, -2.555661542029523700 ) ) ;
#5434 = FACE_OUTER_BOUND ( 'NONE', #5640, .T. ) ;
#5435 = CARTESIAN_POINT ( 'NONE',  ( -0.0000000000000000000, 1.112904636920386100, -2.838329202522437400 ) ) ;
#5436 = CARTESIAN_POINT ( 'NONE',  ( -1.110322617515921300, -0.6954048260608425300, -0.5074365704286969400 ) ) ;
#5437 = EDGE_CURVE ( 'NONE', #4686, #4066, #6073, .T. ) ;
#5438 = CARTESIAN_POINT ( 'NONE',  ( -1.036985750691334900, -0.7634200263010158000, -2.681539807524059500 ) ) ;
#5439 = B_SPLINE_CURVE_WITH_KNOTS ( 'NONE', 3,
 ( #2590, #3830, #3216, #2616, #6416, #3857, #7040, #7690, #7007, #1231, #632, #6390, #6336 ),
 .UNSPECIFIED., .F., .F.,
 ( 4, 1, 1, 1, 1, 1, 1, 1, 1, 1, 4 ),
 ( 0.0000000000000000000, 0.1626697805895707900, 0.2470023354421786400, 0.3313348902947836900, 0.4156674451473915700, 0.4999999999999991700, 0.5843325548526067100, 0.6686651097052152000, 0.7529976645578194700, 0.8373302194104276200, 1.000000000000000000 ),
 .UNSPECIFIED. ) ;
#5440 = ORIENTED_EDGE ( 'NONE', *, *, #3856, .T. ) ;
#5441 = ORIENTED_EDGE ( 'NONE', *, *, #3274, .F. ) ;
#5442 = CARTESIAN_POINT ( 'NONE',  ( 0.6631499799855356000, -0.3699185312724016000, 0.006999125109362205200 ) ) ;
#5443 = CARTESIAN_POINT ( 'NONE',  ( 1.066889654611260100, 1.047580032597574800, -0.06561679790026378500 ) ) ;
#5444 = CARTESIAN_POINT ( 'NONE',  ( 1.103009155936019800, 0.7155729551865474000, -1.128608923884515600 ) ) ;
#5445 = CARTESIAN_POINT ( 'NONE',  ( 0.7440480963253939300, -1.083715119910519700, -0.1968503937007874100 ) ) ;
#5446 = ORIENTED_EDGE ( 'NONE', *, *, #7477, .F. ) ;
#5447 = CARTESIAN_POINT ( 'NONE',  ( 0.1251725047065984900, -0.01871959219484252400, -3.495188101487315200 ) ) ;
#5448 = CARTESIAN_POINT ( 'NONE',  ( 0.7500603502138105700, 1.079822295072443900, -0.1968503937007874100 ) ) ;
#5449 = CARTESIAN_POINT ( 'NONE',  ( 0.9876700203231734100, -1.014900208985472200, 0.0000000000000000000 ) ) ;
#5450 = CARTESIAN_POINT ( 'NONE',  ( -0.7137832230396693500, 1.104136452828496300, -1.128608923884511800 ) ) ;
#5451 = CARTESIAN_POINT ( 'NONE',  ( 0.05530452939227166500, 0.09725117840084647500, 0.7808398950131221200 ) ) ;
#5452 = CARTESIAN_POINT ( 'NONE',  ( 0.7016296763940590400, 1.109374590528771500, -2.992125984251968500 ) ) ;
#5453 = CARTESIAN_POINT ( 'NONE',  ( 0.09746816833348823100, 1.131583552055992000, -2.507213403735209000 ) ) ;
#5454 = CARTESIAN_POINT ( 'NONE',  ( 1.049803909796291500, -0.7651677351667045500, -2.992125984251968500 ) ) ;
#5455 = ORIENTED_EDGE ( 'NONE', *, *, #4951, .F. ) ;
#5456 = CARTESIAN_POINT ( 'NONE',  ( -0.09038153715239767600, 1.110236220472441000, -2.548557022372763800 ) ) ;
#5457 = CARTESIAN_POINT ( 'NONE',  ( 0.1757441378990236600, 1.153934119375358300, -2.684113367959452700 ) ) ;
#5458 = CARTESIAN_POINT ( 'NONE',  ( 0.9282311026850591500, -1.110233970439102400, -0.1312335958005236600 ) ) ;
#5459 = CARTESIAN_POINT ( 'NONE',  ( 0.7651677351667045500, 1.049803909796291500, -0.5074365704286969400 ) ) ;
#5460 = CARTESIAN_POINT ( 'NONE',  ( -0.9028841459682126500, 1.028348482669716500, 0.0000000000000000000 ) ) ;
#5461 = CARTESIAN_POINT ( 'NONE',  ( -1.030523849900492500, 0.9129958530717085000, -0.02187226596675591000 ) ) ;
#5462 = CARTESIAN_POINT ( 'NONE',  ( 0.1334499306789621300, -0.07302144007819005900, 0.06299212598425198200 ) ) ;
#5463 = LINE ( 'NONE', #1580, #2663 ) ;
#5464 = CARTESIAN_POINT ( 'NONE',  ( -0.0000000000000000000, 1.126246719160106400, -2.838329202522437400 ) ) ;
#5465 = CARTESIAN_POINT ( 'NONE',  ( 0.1053148854377350000, 3.851622667779133400E-011, 0.7874014932057538100 ) ) ;
#5466 = B_SPLINE_CURVE_WITH_KNOTS ( 'NONE', 3,
 ( #2848, #4099, #6605, #4761, #7285, #7257, #2182, #1558, #2210, #6685, #3482 ),
 .UNSPECIFIED., .F., .F.,
 ( 4, 1, 1, 1, 1, 1, 1, 1, 4 ),
 ( 0.0000000000000000000, 0.001635147622103907900, 0.003301550036682034500, 0.004134751243971053300, 0.004967952451260065200, 0.005801153658549080600, 0.006634354865838095100, 0.008300757280416225600, 0.009935904902520130400 ),
 .UNSPECIFIED. ) ;
#5467 = CARTESIAN_POINT ( 'NONE',  ( 0.05566011880501199600, -0.08939349706781681000, 0.7873920447306702600 ) ) ;
#5468 = CARTESIAN_POINT ( 'NONE',  ( 0.7651677351667085500, -1.049803909796291500, -1.128608923884515600 ) ) ;
#5469 = CARTESIAN_POINT ( 'NONE',  ( 0.1608931760787904500, 1.153937007874015700, -2.610947621977690100 ) ) ;
#5470 = CARTESIAN_POINT ( 'NONE',  ( -0.7366106222217992900, -1.089068901887649600, -0.1968503937007874100 ) ) ;
#5471 = CARTESIAN_POINT ( 'NONE',  ( -0.7594092295902990000, 1.029654069748492400, -0.5074365704286969400 ) ) ;
#5472 = VECTOR ( 'NONE', #5815, 39.37007874015748100 ) ;
#5473 = CARTESIAN_POINT ( 'NONE',  ( 0.7311032995713785400, -0.9071630692873267100, -0.1968503937007874100 ) ) ;
#5474 = CARTESIAN_POINT ( 'NONE',  ( -0.1448347163264528100, 0.02193883921625590700, -2.957130358705161400 ) ) ;
#5475 = CARTESIAN_POINT ( 'NONE',  ( 0.8682354914878504000, -1.014900208985476400, 0.0000000000000000000 ) ) ;
#5476 = CARTESIAN_POINT ( 'NONE',  ( 0.05206086197923624800, 0.09154729696971261600, 0.7874015748031496500 ) ) ;
#5477 = CARTESIAN_POINT ( 'NONE',  ( 0.6954048260608386400, 1.110322617515925500, -0.1968503937007874100 ) ) ;
#5478 = LINE ( 'NONE', #4861, #3750 ) ;
#5479 = CARTESIAN_POINT ( 'NONE',  ( 0.7649861758560666500, 1.048472305788080500, -0.1968503937007874100 ) ) ;
#5480 = CARTESIAN_POINT ( 'NONE',  ( 0.7038788558823532200, -1.108627185360424100, -1.594488188976378200 ) ) ;
#5481 = CARTESIAN_POINT ( 'NONE',  ( 1.066889654611260100, -1.047580032597574800, -0.02187226596675591000 ) ) ;
#5482 = CARTESIAN_POINT ( 'NONE',  ( -0.1762263516454016200, 1.153934119375358300, -2.655967875707622800 ) ) ;
#5483 = CARTESIAN_POINT ( 'NONE',  ( 0.8255908954713249100, 0.9279527559609370700, 0.0000000000000000000 ) ) ;
#5484 = EDGE_CURVE ( 'NONE', #7138, #8256, #975, .T. ) ;
#5485 = B_SPLINE_CURVE_WITH_KNOTS ( 'NONE', 3,
 ( #2695, #5969, #1425, #6584, #6498, #2751, #7881, #2049, #2134, #7173, #5323 ),
 .UNSPECIFIED., .F., .F.,
 ( 4, 1, 1, 1, 1, 1, 1, 1, 4 ),
 ( 5.311914072074822400E-013, 0.001898108748625507200, 0.003823235685827823700, 0.004785799154429032400, 0.005748362623030140400, 0.006710926091631349100, 0.007673489560232554300, 0.009598616497434875300, 0.01149672524552918800 ),
 .UNSPECIFIED. ) ;
#5486 = CARTESIAN_POINT ( 'NONE',  ( -0.7649861758560666500, -1.048472305788080000, -0.1968503937007873800 ) ) ;
#5487 = CARTESIAN_POINT ( 'NONE',  ( -0.8253816619105313100, 0.9429096587393148700, -0.1968503937007874100 ) ) ;
#5488 = VERTEX_POINT ( 'NONE', #5043 ) ;
#5489 = CARTESIAN_POINT ( 'NONE',  ( -1.109563216913673300, 0.7003911346322513300, -0.1968503937007874100 ) ) ;
#5490 = CARTESIAN_POINT ( 'NONE',  ( -0.1352255191655276400, 1.152548769262433000, -2.548515096954051500 ) ) ;
#5491 = CARTESIAN_POINT ( 'NONE',  ( 0.1873874854177716700, 1.152548769262433000, -2.707828718268861800 ) ) ;
#5492 = CARTESIAN_POINT ( 'NONE',  ( -0.6887898905127244300, -1.110038567578169400, -2.992125984251968500 ) ) ;
#5493 = ORIENTED_EDGE ( 'NONE', *, *, #4357, .F. ) ;
#5494 = CARTESIAN_POINT ( 'NONE',  ( -0.09476453743019903900, 0.08232477315748858200, 0.7677165354330708300 ) ) ;
#5495 = CARTESIAN_POINT ( 'NONE',  ( 0.7634200263010158000, -1.036985750691338700, -0.1968503937007874100 ) ) ;
#5496 = CARTESIAN_POINT ( 'NONE',  ( 0.1155223210592471500, 1.153937007874015700, -2.548511427681942700 ) ) ;
#5497 = CARTESIAN_POINT ( 'NONE',  ( -1.053941206384275700, 0.7642728007677205300, -2.681539807524059500 ) ) ;
#5498 = CARTESIAN_POINT ( 'NONE',  ( -0.7420151437815316600, 0.9960388349955512400, -1.128608923884515600 ) ) ;
#5499 = EDGE_CURVE ( 'NONE', #2330, #386, #7423, .T. ) ;
#5500 = CARTESIAN_POINT ( 'NONE',  ( 1.008420413410695100, -0.7467228160244971900, -0.1968503937007874100 ) ) ;
#5501 = CARTESIAN_POINT ( 'NONE',  ( -0.7618448995876850900, 1.065122253766173300, -2.060367454068244600 ) ) ;
#5502 = ORIENTED_EDGE ( 'NONE', *, *, #965, .T. ) ;
#5503 = ADVANCED_FACE ( 'NONE', ( #2844 ), #6864, .T. ) ;
#5504 = CARTESIAN_POINT ( 'NONE',  ( 0.1120174941082716900, 0.01045964453915354700, 0.7808398950131221200 ) ) ;
#5505 = CARTESIAN_POINT ( 'NONE',  ( 0.6887898905127244300, 1.110038567578173200, -1.128608923884515600 ) ) ;
#5506 = CARTESIAN_POINT ( 'NONE',  ( -0.04788271554519685900, 1.112904636920386100, -2.487949462238370200 ) ) ;
#5507 = CARTESIAN_POINT ( 'NONE',  ( 1.029023522214547600, -0.7593146768515431900, -2.681539807524059500 ) ) ;
#5508 = CARTESIAN_POINT ( 'NONE',  ( -1.110322617515925500, -0.6954048260608425300, -2.060367454068240600 ) ) ;
#5509 = CARTESIAN_POINT ( 'NONE',  ( -1.083913278540059400, -0.7441482841840275600, -2.681539807524059500 ) ) ;
#5510 = CARTESIAN_POINT ( 'NONE',  ( 0.1725924962842008400, 1.153988124042724300, -2.684059371216503300 ) ) ;
#5511 = ORIENTED_EDGE ( 'NONE', *, *, #4562, .F. ) ;
#5512 = CARTESIAN_POINT ( 'NONE',  ( 0.0000000000000000000, 4.110236220472441600, -2.681102362212613300 ) ) ;
#5513 = CARTESIAN_POINT ( 'NONE',  ( 0.9028841459682126500, 1.028348482669716500, -0.06561679790026378500 ) ) ;
#5514 = CARTESIAN_POINT ( 'NONE',  ( -0.1053065813978228700, -0.001328475361291339000, 0.7874015748031496500 ) ) ;
#5515 = CARTESIAN_POINT ( 'NONE',  ( 0.09760269248847246200, 1.144378037797169300, -2.509066835755815500 ) ) ;
#5516 = CARTESIAN_POINT ( 'NONE',  ( -1.103922707984717800, 0.7141138414615314500, -0.1968503937007874400 ) ) ;
#5517 = EDGE_LOOP ( 'NONE', ( #4647, #429, #7314, #7294 ) ) ;
#5518 = B_SPLINE_CURVE_WITH_KNOTS ( 'NONE', 3,
 ( #35, #5847, #2603, #1300, #5230, #3898 ),
 .UNSPECIFIED., .F., .F.,
 ( 4, 1, 1, 4 ),
 ( 0.0000000000000000000, 0.2231320908632323500, 0.7766750952854144500, 1.000000000000000000 ),
 .UNSPECIFIED. ) ;
#5519 = CARTESIAN_POINT ( 'NONE',  ( 0.09575026020517914100, -0.04400312234845214100, 0.7874075486874549900 ) ) ;
#5520 = CARTESIAN_POINT ( 'NONE',  ( 0.7073156777214414400, 1.107518755190024700, -0.1968503937007874100 ) ) ;
#5521 = CARTESIAN_POINT ( 'NONE',  ( -0.05539219995832740700, 1.153937007874015400, -2.514626159924970800 ) ) ;
#5522 = CARTESIAN_POINT ( 'NONE',  ( -0.7528510366733464100, 1.018785567477366500, -2.060367454068244600 ) ) ;
#5523 = EDGE_LOOP ( 'NONE', ( #5414, #1183, #6142, #594 ) ) ;
#5524 = CARTESIAN_POINT ( 'NONE',  ( -0.07270040754172836500, -0.1062935698246890300, -3.562992125984252300 ) ) ;
#5525 = CARTESIAN_POINT ( 'NONE',  ( -0.7642728007677244100, 1.053941206384279700, -2.060367454068240600 ) ) ;
#5526 = EDGE_CURVE ( 'NONE', #7626, #407, #2265, .T. ) ;
#5527 = LINE ( 'NONE', #2044, #3804 ) ;
#5528 = CARTESIAN_POINT ( 'NONE',  ( -0.7073156778342639700, -1.107518755139228500, -2.992125984251968500 ) ) ;
#5529 = CARTESIAN_POINT ( 'NONE',  ( 0.03793485271320473600, 1.134251968503936900, -2.528313008702472300 ) ) ;
#5530 = EDGE_LOOP ( 'NONE', ( #4654, #7339, #4419, #2617 ) ) ;
#5531 = VERTEX_POINT ( 'NONE', #2500 ) ;
#5532 = CARTESIAN_POINT ( 'NONE',  ( 0.8255986021055847800, -0.9119955868264779700, -0.1968503937007874100 ) ) ;
#5533 = CARTESIAN_POINT ( 'NONE',  ( 1.108204637752976400, -0.7053811463581102200, -2.060367454068240600 ) ) ;
#5534 = CARTESIAN_POINT ( 'NONE',  ( 1.110236200018592800, 0.9291338582658959000, -0.1968503937007874400 ) ) ;
#5535 = CARTESIAN_POINT ( 'NONE',  ( -1.101663991491527600, -0.7176078221647795900, -1.128608923884515600 ) ) ;
#5536 = B_SPLINE_CURVE_WITH_KNOTS ( 'NONE', 3,
 ( #6972, #5072, #3212, #5829 ),
 .UNSPECIFIED., .F., .F.,
 ( 4, 4 ),
 ( 0.0000000000000000000, 1.000000000000000000 ),
 .UNSPECIFIED. ) ;
#5537 = FACE_OUTER_BOUND ( 'NONE', #7631, .T. ) ;
#5538 = CARTESIAN_POINT ( 'NONE',  ( 0.1656716019029803600, 1.152548769262433000, -2.683940796263968300 ) ) ;
#5539 = CARTESIAN_POINT ( 'NONE',  ( 0.9279527559055117400, 1.031298199610023700, -0.02187226596675591000 ) ) ;
#5540 = B_SPLINE_CURVE_WITH_KNOTS ( 'NONE', 3,
 ( #5652, #1789, #2411, #4307, #5573, #1734, #6190, #8140, #2355 ),
 .UNSPECIFIED., .F., .F.,
 ( 4, 1, 1, 1, 1, 1, 4 ),
 ( 1.830934681917689900E-016, 0.001735739376546753200, 0.003491237184502012500, 0.005246734992457372700, 0.007002232800412638700, 0.008757730608367993200, 0.01049344064878945200 ),
 .UNSPECIFIED. ) ;
#5541 = VERTEX_POINT ( 'NONE', #1311 ) ;
#5542 = CARTESIAN_POINT ( 'NONE',  ( -0.09402469043441733000, 0.07654470191506694600, 0.7742782152230984800 ) ) ;
#5543 = ORIENTED_EDGE ( 'NONE', *, *, #5650, .T. ) ;
#5544 = CARTESIAN_POINT ( 'NONE',  ( 0.1412822200855197200, 1.144378037797165300, -2.542576562449779600 ) ) ;
#5545 = CARTESIAN_POINT ( 'NONE',  ( 0.1868747311076299500, 1.152548769262433000, -2.677900657172023200 ) ) ;
#5546 = EDGE_CURVE ( 'NONE', #6339, #1124, #2902, .T. ) ;
#5547 = ADVANCED_FACE ( 'NONE', ( #7665 ), #4258, .T. ) ;
#5548 = CARTESIAN_POINT ( 'NONE',  ( -0.03526368610020472900, -0.1419330633355000400, 0.02799650043744489000 ) ) ;
#5549 = CARTESIAN_POINT ( 'NONE',  ( -0.1968491153113268200, 1.118241469816271700, -2.680392924890161700 ) ) ;
#5551 = CARTESIAN_POINT ( 'NONE',  ( 0.8255986020966521500, 0.9439099249441561500, 0.0000000000000000000 ) ) ;
#5550 = CARTESIAN_POINT ( 'NONE',  ( -1.081538896983668800, 0.7475810392626735000, -0.5074365704286967200 ) ) ;
#5552 = CARTESIAN_POINT ( 'NONE',  ( 1.081538273903762700, -0.7475806083234705100, -0.1968503937007873300 ) ) ;
#5553 = CARTESIAN_POINT ( 'NONE',  ( -0.1334499306912061400, -0.07302144006578585600, -2.952755905511814700 ) ) ;
#5554 = CARTESIAN_POINT ( 'NONE',  ( -0.7528510366733464100, 1.018785567477366500, -0.1968503937007874100 ) ) ;
#5555 = CARTESIAN_POINT ( 'NONE',  ( -0.03051586097098820200, -0.1226143411448661600, -3.359580052493437400 ) ) ;
#5556 = CARTESIAN_POINT ( 'NONE',  ( 0.9791254460543423700, 1.105565014269958900, -0.1968503937007880200 ) ) ;
#5557 = CARTESIAN_POINT ( 'NONE',  ( -0.09038153715239767600, 1.126246719160106400, -2.548557022372763800 ) ) ;
#5558 = CARTESIAN_POINT ( 'NONE',  ( 0.8255908954713380200, -0.9279527558223732400, -0.1968503937007873000 ) ) ;
#5559 = CARTESIAN_POINT ( 'NONE',  ( 1.110261735596846700, -0.6910086409841851300, -1.128608923884515600 ) ) ;
#5560 = CARTESIAN_POINT ( 'NONE',  ( -1.110261735596846700, -0.6910086409841889000, -2.992125984251968500 ) ) ;
#5561 = LINE ( 'NONE', #4450, #3639 ) ;
#5562 = CARTESIAN_POINT ( 'NONE',  ( -0.7589873301296458100, 1.028953050111383900, -2.992125984251968500 ) ) ;
#5563 = CARTESIAN_POINT ( 'NONE',  ( 0.6966426451231538800, -1.110134101196096300, -2.992125984251975600 ) ) ;
#5564 = CARTESIAN_POINT ( 'NONE',  ( 1.030305832406381800, 0.9265857566923937400, -0.1312335958005236600 ) ) ;
#5565 = CARTESIAN_POINT ( 'NONE',  ( 1.076064190174771800, -0.7549431811966416100, -2.681539807524059500 ) ) ;
#5566 = CARTESIAN_POINT ( 'NONE',  ( -0.06449299175738189300, 0.08699358841283072500, 0.7852143482064725100 ) ) ;
#5567 = CARTESIAN_POINT ( 'NONE',  ( 0.04796449170674016400, 1.144378037797165300, -2.489566497127850400 ) ) ;
#5568 = CARTESIAN_POINT ( 'NONE',  ( -0.09341851193814962300, 1.152548769262433000, -2.845762808260047500 ) ) ;
#5569 = LINE ( 'NONE', #3686, #3854 ) ;
#5570 = CARTESIAN_POINT ( 'NONE',  ( 0.09952233253048142800, -0.03445361261563101300, 0.7874037781199203500 ) ) ;
#5571 = EDGE_CURVE ( 'NONE', #789, #4686, #3538, .T. ) ;
#5572 = CARTESIAN_POINT ( 'NONE',  ( 0.0000000000000000000, 1.126246719160106400, -2.879801502772728400 ) ) ;
#5574 = CARTESIAN_POINT ( 'NONE',  ( 0.7627446526210116500, -1.060986002430181200, -2.060367454068244600 ) ) ;
#5573 = CARTESIAN_POINT ( 'NONE',  ( 0.8324966087895316900, 0.7505357138161814500, -2.992125984251966700 ) ) ;
#5575 = CARTESIAN_POINT ( 'NONE',  ( -0.1500851936077902700, 1.153937007874015700, -2.590084021446616500 ) ) ;
#5576 = CARTESIAN_POINT ( 'NONE',  ( -1.079822295072447000, -0.7500603502138085700, -2.992125984251969000 ) ) ;
#5577 = CARTESIAN_POINT ( 'NONE',  ( -0.06943952776059181300, 1.153937007874015400, -2.842193654551638600 ) ) ;
#5578 = CARTESIAN_POINT ( 'NONE',  ( 0.07270040754172836500, -0.1062935698246890300, -3.359580052493437400 ) ) ;
#5579 = CARTESIAN_POINT ( 'NONE',  ( -1.047580032597574800, -1.066889654611260100, -0.02187226596675591000 ) ) ;
#5580 = EDGE_LOOP ( 'NONE', ( #3025, #4223, #6136, #5928 ) ) ;
#5581 = ADVANCED_FACE ( 'NONE', ( #8176 ), #4092, .T. ) ;
#5582 = CARTESIAN_POINT ( 'NONE',  ( -1.022873197870755900, -0.8770121648875594000, -0.1968503937007874100 ) ) ;
#5583 = CARTESIAN_POINT ( 'NONE',  ( -0.1557450946406299700, 1.131583552055992000, -2.681999419654519800 ) ) ;
#5584 = CARTESIAN_POINT ( 'NONE',  ( 1.110038567578169400, -0.6887898905127244300, -0.5074365704286969400 ) ) ;
#5585 = CARTESIAN_POINT ( 'NONE',  ( -1.108204637752976400, -0.7053811463581142200, -2.681539807524059500 ) ) ;
#5586 = ORIENTED_EDGE ( 'NONE', *, *, #6937, .F. ) ;
#5587 = CARTESIAN_POINT ( 'NONE',  ( 0.0000000000000000000, -0.1261928294275669600, 0.02362204724409449500 ) ) ;
#5588 = B_SPLINE_CURVE_WITH_KNOTS ( 'NONE', 3,
 ( #8146, #4283, #4931, #1173, #7517, #493 ),
 .UNSPECIFIED., .F., .F.,
 ( 4, 1, 1, 4 ),
 ( 1.100507896338281600E-010, 6.406102205057586500E-005, 0.0002228452370980680700, 0.0002868508449861820000 ),
 .UNSPECIFIED. ) ;
#5589 = CARTESIAN_POINT ( 'NONE',  ( -1.022481225852465800, 0.8766112441929527800, -0.1968503937007874100 ) ) ;
#5590 = EDGE_CURVE ( 'NONE', #4591, #3812, #4182, .T. ) ;
#5591 = CARTESIAN_POINT ( 'NONE',  ( 0.9530213658428109400, 1.028348482669716500, -0.1749781277340315400 ) ) ;
#5592 = CARTESIAN_POINT ( 'NONE',  ( -0.9788576969563070900, 1.105682788051606500, -0.1749781277340354800 ) ) ;
#5593 = CARTESIAN_POINT ( 'NONE',  ( -0.1021954485392205200, 0.03342651441906693800, 0.7874015748031496500 ) ) ;
#5594 = CARTESIAN_POINT ( 'NONE',  ( 0.09839089722041734200, 1.134251968503936900, -2.507677537852731800 ) ) ;
#5595 = CARTESIAN_POINT ( 'NONE',  ( 0.1804476012116417700, 1.153988124042724300, -2.706838909286027200 ) ) ;
#5596 = ORIENTED_EDGE ( 'NONE', *, *, #7616, .F. ) ;
#5597 = CARTESIAN_POINT ( 'NONE',  ( -0.09282562391596593800, -0.04988527702361787700, 0.7874012938563917900 ) ) ;
#5598 = CARTESIAN_POINT ( 'NONE',  ( -0.09746816833348823100, 1.126246719160106400, -2.854991320674240600 ) ) ;
#5599 = CARTESIAN_POINT ( 'NONE',  ( -1.025508191967476900, 0.7566742686776338800, -2.992125984251968500 ) ) ;
#5600 = ORIENTED_EDGE ( 'NONE', *, *, #2854, .F. ) ;
#5601 = CARTESIAN_POINT ( 'NONE',  ( -0.1703563532144860800, 1.153937007874015700, -2.639232854264379500 ) ) ;
#5602 = CARTESIAN_POINT ( 'NONE',  ( -1.060085487004332100, -0.7631258898213049100, -2.992125984251968500 ) ) ;
#5603 = CARTESIAN_POINT ( 'NONE',  ( -0.1729000513756484000, 1.153937007874015400, -2.710574433861132200 ) ) ;
#5604 = CARTESIAN_POINT ( 'NONE',  ( -1.110038567578169400, -0.6887898905127283200, -0.1968503937007874100 ) ) ;
#5605 = CARTESIAN_POINT ( 'NONE',  ( -0.0000000000000000000, -0.1261928294275669600, -3.156167979002622900 ) ) ;
#5606 = AXIS2_PLACEMENT_3D ( 'NONE', #5133, #1943, #3886 ) ;
#5607 = CARTESIAN_POINT ( 'NONE',  ( -1.057736748147917400, -1.056646062823173100, -0.1968503937007874100 ) ) ;
#5608 = EDGE_LOOP ( 'NONE', ( #6025, #1827, #1906, #40 ) ) ;
#5609 = CARTESIAN_POINT ( 'NONE',  ( -0.9291338582658962300, 1.110236200018592800, -0.1968503937007874400 ) ) ;
#5610 = CARTESIAN_POINT ( 'NONE',  ( 0.1438889093088228900, 1.118241469816271700, -2.602693276785185400 ) ) ;
#5611 = CARTESIAN_POINT ( 'NONE',  ( -0.9791254460543427100, 1.105565014269958200, -0.1968503937007875200 ) ) ;
#5612 = CARTESIAN_POINT ( 'NONE',  ( -0.6887898905127283200, 1.110038567578173200, -0.1968503937007874100 ) ) ;
#5613 = CARTESIAN_POINT ( 'NONE',  ( -1.083913278540059400, -0.7441482841840275600, -2.060367454068240600 ) ) ;
#5614 = CARTESIAN_POINT ( 'NONE',  ( 0.7038785125588508100, 1.108626020972166800, -2.992125984251969000 ) ) ;
#5615 = CARTESIAN_POINT ( 'NONE',  ( 1.008420413410695100, 0.7467228160244971900, -0.1968503937007874100 ) ) ;
#5616 = CARTESIAN_POINT ( 'NONE',  ( 1.057805835868256100, -0.7637992319626142300, -2.060367454068244600 ) ) ;
#5617 = ORIENTED_EDGE ( 'NONE', *, *, #5650, .F. ) ;
#5618 = CARTESIAN_POINT ( 'NONE',  ( 0.0000000000000000000, 1.153936934959982000, -2.859964274227603500 ) ) ;
#5619 = CARTESIAN_POINT ( 'NONE',  ( -1.022873197870755900, -0.9788933469234645200, -0.1749781277340315400 ) ) ;
#5620 = CARTESIAN_POINT ( 'NONE',  ( 1.030306909723304400, -0.9439099249037665700, -0.1968503937007874100 ) ) ;
#5621 = CARTESIAN_POINT ( 'NONE',  ( -0.8330323139402675500, 0.9788933469234686300, -0.1312335958005236600 ) ) ;
#5622 = ADVANCED_FACE ( 'NONE', ( #7060 ), #2554, .T. ) ;
#5623 = ORIENTED_EDGE ( 'NONE', *, *, #6378, .T. ) ;
#5624 = CARTESIAN_POINT ( 'NONE',  ( -0.09508354129926473200, -0.04529772846640024700, 0.7874087276333859900 ) ) ;
#5625 = CARTESIAN_POINT ( 'NONE',  ( 0.1968491153113268200, 1.134251968503936900, -2.680392924890161700 ) ) ;
#5627 = CARTESIAN_POINT ( 'NONE',  ( 0.7639149224034370600, -1.057272500430996200, -2.992125984251968500 ) ) ;
#5626 = CARTESIAN_POINT ( 'NONE',  ( 0.1238932050269834800, 0.01966523807831825300, -2.952755905511811100 ) ) ;
#5628 = CARTESIAN_POINT ( 'NONE',  ( 0.7366106222218031800, -1.089068901887649600, -2.992125984251968500 ) ) ;
#5629 = LINE ( 'NONE', #5791, #7438 ) ;
#5630 = CARTESIAN_POINT ( 'NONE',  ( -0.1155455681671477800, 1.153937007874015900, -2.548538931337077000 ) ) ;
#5631 = CARTESIAN_POINT ( 'NONE',  ( -0.08371080301480746100, 1.153937007874015700, -2.835487764615968900 ) ) ;
#5632 = EDGE_LOOP ( 'NONE', ( #8246, #2098, #133, #6237 ) ) ;
#5633 = CARTESIAN_POINT ( 'NONE',  ( -0.03051586097098820200, -0.1226143411448661600, -3.156167979002626500 ) ) ;
#5634 = CARTESIAN_POINT ( 'NONE',  ( -0.6631499799855394800, 0.3699185312724016000, 0.0000000000000000000 ) ) ;
#5635 = EDGE_LOOP ( 'NONE', ( #1286, #4035, #743, #118 ) ) ;
#5636 = CARTESIAN_POINT ( 'NONE',  ( -0.9028841459682126500, -0.8275570291413073500, 0.0000000000000000000 ) ) ;
#5637 = CARTESIAN_POINT ( 'NONE',  ( -0.1557450946406299700, 1.118241469816271700, -2.681999419654519800 ) ) ;
#5638 = B_SPLINE_CURVE_WITH_KNOTS ( 'NONE', 3,
 ( #4730, #2903, #7309, #4183, #8051, #3539 ),
 .UNSPECIFIED., .F., .F.,
 ( 4, 1, 1, 4 ),
 ( 0.0000000000000000000, 0.2233249047147309600, 0.7768679091368146900, 1.000000000000000000 ),
 .UNSPECIFIED. ) ;
#5639 = CARTESIAN_POINT ( 'NONE',  ( 1.110236281231658400, -0.6927299607301727900, -2.992125984251969000 ) ) ;
#5640 = EDGE_LOOP ( 'NONE', ( #6000, #3897, #1021, #7107 ) ) ;
#5641 = CARTESIAN_POINT ( 'NONE',  ( -0.1156637036326063400, 0.06262578429423626400, 0.7701968503937007800 ) ) ;
#5642 = CARTESIAN_POINT ( 'NONE',  ( -0.9530213658428109400, 0.8275570291413073500, -0.1968503937007874100 ) ) ;
#5643 = CARTESIAN_POINT ( 'NONE',  ( 1.022481225820766700, -0.8766112441605299300, 0.0000000000000000000 ) ) ;
#5644 = CARTESIAN_POINT ( 'NONE',  ( -1.081538273903767600, -0.7475806083234708400, -2.992125984251968500 ) ) ;
#5645 = CARTESIAN_POINT ( 'NONE',  ( -1.057736748147917400, 1.056646062823173100, -0.1312335958005236600 ) ) ;
#5646 = CARTESIAN_POINT ( 'NONE',  ( -1.074917021823730900, -0.7556667672796135700, -0.1968503937007874100 ) ) ;
#5647 = CARTESIAN_POINT ( 'NONE',  ( -1.030305832406381800, -0.9265857566923937400, -0.1312335958005236600 ) ) ;
#5648 = CARTESIAN_POINT ( 'NONE',  ( -0.8253816619105313100, 0.9429096587393148700, -0.02187226596675591000 ) ) ;
#5649 = CARTESIAN_POINT ( 'NONE',  ( 0.03194553363995290100, -0.1003594553108889300, 0.7873996373390468300 ) ) ;
#5650 = EDGE_CURVE ( 'NONE', #1635, #7823, #3633, .T. ) ;
#5651 = CARTESIAN_POINT ( 'NONE',  ( -0.04788271554519685900, 1.131583552055992000, -2.874255262171082800 ) ) ;
#5652 = CARTESIAN_POINT ( 'NONE',  ( 0.7311023782002935600, 0.9279527559062295000, -2.992125984251966700 ) ) ;
#5653 = CARTESIAN_POINT ( 'NONE',  ( -1.028953034820992300, 0.7589873557274845500, -2.992125984251969000 ) ) ;
#5654 = LINE ( 'NONE', #2942, #7167 ) ;
#5655 = CARTESIAN_POINT ( 'NONE',  ( -0.9634718618594920700, -0.7306366061711417900, -1.128608923884515600 ) ) ;
#5656 = CARTESIAN_POINT ( 'NONE',  ( -0.7479053414235590200, -1.081314661062031700, -2.992125984251968500 ) ) ;
#5657 = CARTESIAN_POINT ( 'NONE',  ( -1.067227259123866300, -1.047157685346665500, 0.0000000000000000000 ) ) ;
#5658 = CARTESIAN_POINT ( 'NONE',  ( 0.7141138414599870200, -1.103922707985718300, -0.1968503937007873800 ) ) ;
#5659 = CARTESIAN_POINT ( 'NONE',  ( -1.047580032597574800, -1.066889654611260100, -0.1968503937007874100 ) ) ;
#5660 = CARTESIAN_POINT ( 'NONE',  ( -1.030305832406381800, -0.9293197551186300800, -0.06561679790026378500 ) ) ;
#5661 = CARTESIAN_POINT ( 'NONE',  ( -0.0000000000000000000, 1.118241469816271700, -2.523875521887012100 ) ) ;
#5662 = VECTOR ( 'NONE', #2769, 39.37007874015748100 ) ;
#5663 = CARTESIAN_POINT ( 'NONE',  ( -0.1771653543307086800, 1.153937007874015700, -2.861811023622047300 ) ) ;
#5664 = CARTESIAN_POINT ( 'NONE',  ( 0.2142136135413897600, -0.7237849185444172900, 0.0000000000000000000 ) ) ;
#5665 =( GEOMETRIC_REPRESENTATION_CONTEXT ( 3 ) GLOBAL_UNCERTAINTY_ASSIGNED_CONTEXT ( ( #1754 ) ) GLOBAL_UNIT_ASSIGNED_CONTEXT ( ( #8213, #4433, #1806 ) ) REPRESENTATION_CONTEXT ( 'NONE', 'WORKASPACE' ) );
#5666 = CARTESIAN_POINT ( 'NONE',  ( 0.1118766649054300100, -4.525765733552614300E-013, 0.7808398950131221200 ) ) ;
#5667 = DIRECTION ( 'NONE',  ( -0.0000000000000000000, -1.000000000000000000, -0.0000000000000000000 ) ) ;
#5668 = CARTESIAN_POINT ( 'NONE',  ( 0.7649861758560708700, -1.048472305788082900, -2.992125984251968500 ) ) ;
#5669 = CARTESIAN_POINT ( 'NONE',  ( -1.076064190174775600, -0.7549431811966416100, -0.5074365704286969400 ) ) ;
#5670 = CARTESIAN_POINT ( 'NONE',  ( -1.047580032597574800, 1.066889654611260100, -0.1968503937007874100 ) ) ;
#5671 = FACE_OUTER_BOUND ( 'NONE', #327, .T. ) ;
#5672 = CARTESIAN_POINT ( 'NONE',  ( 1.060986002430181200, -0.7627446526210077700, -0.1968503937007874100 ) ) ;
#5673 = CARTESIAN_POINT ( 'NONE',  ( -0.8255996794046417400, -0.9265857566923937400, -0.06561679790026378500 ) ) ;
#5674 = CARTESIAN_POINT ( 'NONE',  ( -0.1968215087142204900, 1.137382512314492300, -2.677730240081747800 ) ) ;
#5675 = CARTESIAN_POINT ( 'NONE',  ( -0.8330323139402675500, 0.9788933469234645200, 0.0000000000000000000 ) ) ;
#5676 = CARTESIAN_POINT ( 'NONE',  ( -0.08445346777885794100, -0.06285737754550213600, 0.7873565173189565100 ) ) ;
#5677 = ORIENTED_EDGE ( 'NONE', *, *, #5975, .F. ) ;
#5678 = EDGE_CURVE ( 'NONE', #4209, #5488, #7369, .T. ) ;
#5679 = CARTESIAN_POINT ( 'NONE',  ( 1.029023522214551600, 0.7593146768515431900, -2.060367454068240600 ) ) ;
#5680 = CARTESIAN_POINT ( 'NONE',  ( 0.04691121386770676100, 0.1158697904807878700, -2.952755905511811100 ) ) ;
#5681 = DIRECTION ( 'NONE',  ( 0.0000000000000000000, 0.0000000000000000000, -1.000000000000000000 ) ) ;
#5682 = CARTESIAN_POINT ( 'NONE',  ( 0.8253816619105313100, -0.9429096587393148700, -0.1968503937007874100 ) ) ;
#5683 = CARTESIAN_POINT ( 'NONE',  ( -0.7593146768515431900, -1.029023522214547600, -0.5074365704286969400 ) ) ;
#5684 = CARTESIAN_POINT ( 'NONE',  ( 1.096676596295535400, 0.7252355460546456900, -2.992125984251968500 ) ) ;
#5685 = CARTESIAN_POINT ( 'NONE',  ( -0.9279527559055117400, 1.031298199610023700, -0.1968503937007874100 ) ) ;
#5686 = CARTESIAN_POINT ( 'NONE',  ( -1.057736748147917400, -1.056646062823173100, -0.1749781277340315400 ) ) ;
#5687 = EDGE_LOOP ( 'NONE', ( #7643, #6879 ) ) ;
#5688 = CARTESIAN_POINT ( 'NONE',  ( -1.030523849900492500, -0.9129958530717085000, -0.1312335958005236600 ) ) ;
#5689 = CARTESIAN_POINT ( 'NONE',  ( 0.07270040754172836500, 0.1062935698246890300, -3.562992125984252300 ) ) ;
#5690 = CARTESIAN_POINT ( 'NONE',  ( -0.7475810392626737200, 1.081538896983672600, -0.5074365704286969400 ) ) ;
#5691 = CARTESIAN_POINT ( 'NONE',  ( 0.07270040754172836500, -0.1062935698246890300, -2.992125984251966700 ) ) ;
#5692 = CARTESIAN_POINT ( 'NONE',  ( 0.03051586097098820200, 0.1226143411448661600, 0.7751574803149606800 ) ) ;
#5693 = CARTESIAN_POINT ( 'NONE',  ( -0.5373840014121733500, -0.5370372980905274700, 0.06299212598425216200 ) ) ;
#5694 = CARTESIAN_POINT ( 'NONE',  ( -1.110322617515925500, 0.6954048260608386400, -0.1968503937007874100 ) ) ;
#5695 = VERTEX_POINT ( 'NONE', #4658 ) ;
#5696 = EDGE_CURVE ( 'NONE', #2014, #3188, #1612, .T. ) ;
#5697 = DIRECTION ( 'NONE',  ( 1.000000000000000000, 0.0000000000000000000, 0.0000000000000000000 ) ) ;
#5698 = CARTESIAN_POINT ( 'NONE',  ( -1.023622736685190400, -1.085992159574437300, -0.1968503937007875200 ) ) ;
#5699 = CARTESIAN_POINT ( 'NONE',  ( -1.083715119910519700, -0.7440480963253939300, -1.128608923884515600 ) ) ;
#5700 = CARTESIAN_POINT ( 'NONE',  ( -0.9282311026850591500, 1.110233970439106400, -0.06561679790026378500 ) ) ;
#5701 = CARTESIAN_POINT ( 'NONE',  ( -0.08401568594263388000, -0.1231026060500197600, 0.06299212598425198200 ) ) ;
#5702 = CARTESIAN_POINT ( 'NONE',  ( -1.030523849900492500, -0.9429096587393148700, -0.1749781277340315400 ) ) ;
#5703 = CARTESIAN_POINT ( 'NONE',  ( 0.09839089722041734200, 1.134251968503936900, -2.854527186556717200 ) ) ;
#5704 = CARTESIAN_POINT ( 'NONE',  ( -0.7475806083234701700, -1.081538273903763600, -2.992125984251968500 ) ) ;
#5705 = EDGE_LOOP ( 'NONE', ( #2501, #3785, #5289, #2794, #578, #7429, #4848, #6693, #5044, #2801, #1933, #4993 ) ) ;
#5706 = CARTESIAN_POINT ( 'NONE',  ( 0.04226948746285288900, -0.1176392041306805300, -2.952755905511811600 ) ) ;
#5707 = CARTESIAN_POINT ( 'NONE',  ( -0.04788271554519685900, 1.110236220472441000, -2.874255262171082800 ) ) ;
#5708 = CARTESIAN_POINT ( 'NONE',  ( -0.06179703873707578100, 0.1100013794099915400, -2.952755905511810700 ) ) ;
#5709 = CARTESIAN_POINT ( 'NONE',  ( -1.057192564065751800, 1.057192564065732900, -0.1968503937007874100 ) ) ;
#5710 = CARTESIAN_POINT ( 'NONE',  ( 0.8330323139402675500, -0.9788933469234645200, -0.1749781277340315400 ) ) ;
#5711 = CARTESIAN_POINT ( 'NONE',  ( -0.7639149224034330600, -1.057272500430996200, -1.128608923884511800 ) ) ;
#5712 = CARTESIAN_POINT ( 'NONE',  ( 0.1460437209219662400, 1.153937007874015700, -2.778292704771298600 ) ) ;
#5713 = CARTESIAN_POINT ( 'NONE',  ( 0.6954048260608425300, -1.110322617515921300, -2.992125984251968500 ) ) ;
#5714 = ORIENTED_EDGE ( 'NONE', *, *, #5325, .T. ) ;
#5715 = CARTESIAN_POINT ( 'NONE',  ( 0.7475806083234700600, -1.081538273903767600, -0.1968503937007874100 ) ) ;
#5716 = CARTESIAN_POINT ( 'NONE',  ( 0.1156637036326063400, -0.06262578429423626400, 0.1062992125984252000 ) ) ;
#5717 = CARTESIAN_POINT ( 'NONE',  ( -1.022873197870755900, -0.8770121648875594000, 0.0000000000000000000 ) ) ;
#5718 = ORIENTED_EDGE ( 'NONE', *, *, #3344, .F. ) ;
#5719 = CARTESIAN_POINT ( 'NONE',  ( -0.9530213658428109400, -0.8275570291413073500, -0.1968503937007874100 ) ) ;
#5720 = CARTESIAN_POINT ( 'NONE',  ( -0.7141138414599870200, 1.103922707985718600, -0.1968503937007874100 ) ) ;
#5721 = CARTESIAN_POINT ( 'NONE',  ( 0.1184383461315527500, -4.788848164374110400E-013, 0.7742782152230980300 ) ) ;
#5722 = CARTESIAN_POINT ( 'NONE',  ( 0.6936092895046374100, 1.110236408271179100, -0.1968503937007874100 ) ) ;
#5723 = VECTOR ( 'NONE', #8279, 39.37007874015748100 ) ;
#5724 = CARTESIAN_POINT ( 'NONE',  ( 0.7310279753857676900, -0.9076672032026179600, -2.992125984251968500 ) ) ;
#5725 = CARTESIAN_POINT ( 'NONE',  ( 0.0000000000000000000, 0.0000000000000000000, 0.0000000000000000000 ) ) ;
#5726 = CARTESIAN_POINT ( 'NONE',  ( -1.057500456850729800, 0.7636784982413055100, -1.594488188976379300 ) ) ;
#5727 = CARTESIAN_POINT ( 'NONE',  ( -0.7310639536100825800, -0.9382553524242599500, -2.681539807524059500 ) ) ;
#5728 = CARTESIAN_POINT ( 'NONE',  ( -1.047580032597574800, 1.066889654611260100, 0.0000000000000000000 ) ) ;
#5729 = VERTEX_POINT ( 'NONE', #766 ) ;
#5730 = CARTESIAN_POINT ( 'NONE',  ( 0.08401568594263388000, -0.1231026060500197600, 0.06299212598425198200 ) ) ;
#5731 = ORIENTED_EDGE ( 'NONE', *, *, #21, .F. ) ;
#5732 = CARTESIAN_POINT ( 'NONE',  ( -0.9876700203231734100, -1.014900208985472200, -0.1312335958005236600 ) ) ;
#5733 = PLANE ( 'NONE',  #416 ) ;
#5734 = CARTESIAN_POINT ( 'NONE',  ( 1.028952602479413300, 0.7589880794554845200, -2.681539807524059500 ) ) ;
#5735 = EDGE_CURVE ( 'NONE', #4227, #7033, #6711, .T. ) ;
#5736 = LINE ( 'NONE', #6921, #1217 ) ;
#5737 = CARTESIAN_POINT ( 'NONE',  ( -0.6954048260608386400, -1.110322617515921300, -0.5074365704286969400 ) ) ;
#5738 = ORIENTED_EDGE ( 'NONE', *, *, #1397, .T. ) ;
#5739 = EDGE_LOOP ( 'NONE', ( #5446, #3219, #403, #7641 ) ) ;
#5740 = CARTESIAN_POINT ( 'NONE',  ( 0.09746816833348823100, 1.112904636920386100, -2.854991320674237000 ) ) ;
#5741 = CARTESIAN_POINT ( 'NONE',  ( -0.04226948746285944700, 0.1176392041306806000, -2.952755905511811100 ) ) ;
#5742 = CARTESIAN_POINT ( 'NONE',  ( 0.1557475439454737200, 1.122244094488188400, -2.681102362244169000 ) ) ;
#5743 = CARTESIAN_POINT ( 'NONE',  ( 0.1160533070213082000, -0.06237479136617316700, 0.7675196850393700700 ) ) ;
#5744 = CARTESIAN_POINT ( 'NONE',  ( 1.107518755139228300, -0.7073156778342630800, -2.992125984251968500 ) ) ;
#5745 = CARTESIAN_POINT ( 'NONE',  ( 0.1744194488177449600, 1.153937007874015700, -2.702547852784529700 ) ) ;
#5746 = CARTESIAN_POINT ( 'NONE',  ( 0.7072881488253229800, -1.107445675074389500, -2.992125984251968500 ) ) ;
#5747 = DIRECTION ( 'NONE',  ( 1.000000000000000000, 0.0000000000000000000, 0.0000000000000000000 ) ) ;
#5748 = CARTESIAN_POINT ( 'NONE',  ( 1.110236200018592800, 0.9291338582658959000, -0.1968503937007874400 ) ) ;
#5749 = ORIENTED_EDGE ( 'NONE', *, *, #6561, .F. ) ;
#5750 = CARTESIAN_POINT ( 'NONE',  ( -1.022873197870755900, -0.8770121648875594000, -0.06561679790026378500 ) ) ;
#5751 = EDGE_CURVE ( 'NONE', #2587, #1058, #5485, .T. ) ;
#5752 = CARTESIAN_POINT ( 'NONE',  ( -0.7589873301296454800, -1.028953050111380800, -2.992125984251968500 ) ) ;
#5753 = CARTESIAN_POINT ( 'NONE',  ( -0.7627446526210116500, 1.060986002430181200, -2.992125984251968500 ) ) ;
#5754 = CARTESIAN_POINT ( 'NONE',  ( -0.0000000000000000000, -0.7517436483800196100, 0.0000000000000000000 ) ) ;
#5755 = CARTESIAN_POINT ( 'NONE',  ( -0.6887898905127283200, 1.110038567578173200, -2.681539807524059500 ) ) ;
#5756 = FACE_OUTER_BOUND ( 'NONE', #998, .T. ) ;
#5757 = CARTESIAN_POINT ( 'NONE',  ( 0.7038788562212291400, 1.108627185260411300, -0.1968503937007873800 ) ) ;
#5758 = CARTESIAN_POINT ( 'NONE',  ( -1.109374590528771500, 0.7016296763940590400, -1.128608923884515600 ) ) ;
#5759 = CARTESIAN_POINT ( 'NONE',  ( -0.7549431811966416100, -1.076064190174771800, -2.681539807524059500 ) ) ;
#5760 = CARTESIAN_POINT ( 'NONE',  ( -0.7311036405941849800, -0.9272433185909526600, -0.1968503937007874100 ) ) ;
#5761 = CARTESIAN_POINT ( 'NONE',  ( -1.023890032031122200, 1.085874585383008100, 0.0000000000000000000 ) ) ;
#5762 = CARTESIAN_POINT ( 'NONE',  ( -0.1337290113004449000, -0.07273870726820080800, 0.05861767279090159700 ) ) ;
#5763 = CARTESIAN_POINT ( 'NONE',  ( 1.096676596295535400, -0.7252355460546456900, -1.128608923884515600 ) ) ;
#5764 = CARTESIAN_POINT ( 'NONE',  ( 0.7636744025022773600, -1.057499546894263800, -0.1968503937007874100 ) ) ;
#5765 = CARTESIAN_POINT ( 'NONE',  ( -0.1968497636963957900, 1.134251968503936900, -2.681102362070596700 ) ) ;
#5766 = FACE_OUTER_BOUND ( 'NONE', #5009, .T. ) ;
#5767 = CARTESIAN_POINT ( 'NONE',  ( -0.1249966011057287700, -0.007943374271155543800, -2.952755905511811600 ) ) ;
#5768 = CARTESIAN_POINT ( 'NONE',  ( 0.1853889004854055700, 1.112904636920386100, -2.763028651652787500 ) ) ;
#5769 = CARTESIAN_POINT ( 'NONE',  ( -0.03947168471761760400, 0.1186324995439333200, -2.952755905511811600 ) ) ;
#5770 = CARTESIAN_POINT ( 'NONE',  ( -0.1670408598648018800, 1.153936934959981700, -2.608314777428629500 ) ) ;
#5771 = CARTESIAN_POINT ( 'NONE',  ( -0.7311022994477606200, 0.9387425559727561300, -2.992125984251965400 ) ) ;
#5772 = CARTESIAN_POINT ( 'NONE',  ( -0.7634200263010119100, -1.036985750691334900, -0.5074365704286969400 ) ) ;
#5773 = CARTESIAN_POINT ( 'NONE',  ( -0.7500308502709094300, 0.05856650093301969700, 0.06299212598425198200 ) ) ;
#5774 = CARTESIAN_POINT ( 'NONE',  ( -0.8334242859902566400, 0.9792942676504938800, -0.1968503937007874100 ) ) ;
#5775 = CARTESIAN_POINT ( 'NONE',  ( 0.07270040754172836500, -0.1062935698246890300, 0.6850393700787402700 ) ) ;
#5776 = VECTOR ( 'NONE', #2681, 39.37007874015748100 ) ;
#5777 = CARTESIAN_POINT ( 'NONE',  ( 0.7366106222217992900, 1.089068901887649600, -1.128608923884511800 ) ) ;
#5778 = CARTESIAN_POINT ( 'NONE',  ( 0.03051586097098820200, 0.1226143411448661600, -3.562992125984252300 ) ) ;
#5779 = CARTESIAN_POINT ( 'NONE',  ( -0.7627446526210116500, 1.060986002430181200, -2.681539807524059500 ) ) ;
#5780 = CARTESIAN_POINT ( 'NONE',  ( -0.7061733014393543100, -1.108033091542948800, -0.1968503937007874100 ) ) ;
#5781 = CARTESIAN_POINT ( 'NONE',  ( -0.0000000000000000000, 0.1261928294275669600, 0.6850393700787402700 ) ) ;
#5782 = ORIENTED_EDGE ( 'NONE', *, *, #553, .F. ) ;
#5783 = CARTESIAN_POINT ( 'NONE',  ( 0.8253816619105313100, -0.9129958530717085000, -0.1749781277340315400 ) ) ;
#5784 = CARTESIAN_POINT ( 'NONE',  ( -0.7475806083234701700, -1.081538273903763600, -2.992125984251968500 ) ) ;
#5785 = CARTESIAN_POINT ( 'NONE',  ( -0.7618448995876850900, -1.065122253766169300, -2.060367454068240600 ) ) ;
#5786 = CARTESIAN_POINT ( 'NONE',  ( 1.053941206384279700, 0.7642728007677244100, -2.681539807524059500 ) ) ;
#5787 = CARTESIAN_POINT ( 'NONE',  ( -0.7328273577879370600, -0.9609539274657166200, -2.681539807524059500 ) ) ;
#5788 = CARTESIAN_POINT ( 'NONE',  ( -1.057736748147917400, 1.056646062823173100, 0.0000000000000000000 ) ) ;
#5789 = CARTESIAN_POINT ( 'NONE',  ( -0.1448347163264528100, -0.02193883921625590700, 0.05861767279090159700 ) ) ;
#5790 = DIRECTION ( 'NONE',  ( -1.000000000000000000, 0.0000000000000000000, 0.0000000000000000000 ) ) ;
#5791 = CARTESIAN_POINT ( 'NONE',  ( 0.0000000000000000000, -1.110236220472441000, -2.992125984251968500 ) ) ;
#5792 = ORIENTED_EDGE ( 'NONE', *, *, #589, .F. ) ;
#5793 = CARTESIAN_POINT ( 'NONE',  ( -0.1007138306108121400, -0.07581447075070231500, -2.952755905511811600 ) ) ;
#5794 = EDGE_CURVE ( 'NONE', #510, #806, #8022, .T. ) ;
#5795 = CARTESIAN_POINT ( 'NONE',  ( 1.049803909796291500, 0.7651677351667085500, -0.5074365704286969400 ) ) ;
#5796 = CARTESIAN_POINT ( 'NONE',  ( 1.057192564065723200, -1.057192564065761300, 0.0000000000000000000 ) ) ;
#5797 = ORIENTED_EDGE ( 'NONE', *, *, #7039, .F. ) ;
#5798 = CARTESIAN_POINT ( 'NONE',  ( -0.7526187090744566000, 1.018296648772848200, -2.992125984251965400 ) ) ;
#5799 = CARTESIAN_POINT ( 'NONE',  ( -1.008932729790676900, 0.7469057087232008300, -2.681539807524059500 ) ) ;
#5800 = CARTESIAN_POINT ( 'NONE',  ( 0.1283154858302395200, 1.153937007874015400, -2.800885604101524900 ) ) ;
#5801 = CARTESIAN_POINT ( 'NONE',  ( -0.9028841459682126500, 1.028348482669716500, -0.1968503937007874100 ) ) ;
#5802 = CARTESIAN_POINT ( 'NONE',  ( 0.03051586097098820200, -0.1226143411448661600, 0.2716535433070866900 ) ) ;
#5803 = ORIENTED_EDGE ( 'NONE', *, *, #2687, .F. ) ;
#5804 = CARTESIAN_POINT ( 'NONE',  ( 0.7252355460546456900, 1.096676596295535400, -1.128608923884515600 ) ) ;
#5805 = CARTESIAN_POINT ( 'NONE',  ( 0.1156637036326063400, 0.06262578429423626400, -3.495188101487315200 ) ) ;
#5806 = SURFACE_STYLE_USAGE ( .BOTH. , #1316 ) ;
#5807 = CARTESIAN_POINT ( 'NONE',  ( 0.1448347163264528100, 0.02193883921625590700, 0.06299212598425198200 ) ) ;
#5808 = CARTESIAN_POINT ( 'NONE',  ( -0.0000000000000000000, 0.1261928294275669600, 0.2716535433070866900 ) ) ;
#5809 = CARTESIAN_POINT ( 'NONE',  ( -0.06140826571161812200, -0.08947217826714175300, 0.7874015748031496500 ) ) ;
#5810 = CARTESIAN_POINT ( 'NONE',  ( 0.8682354914878504000, -0.8410053028255472000, -0.1749781277340315400 ) ) ;
#5811 = CARTESIAN_POINT ( 'NONE',  ( 1.008932729790676900, 0.7469057087232008300, -2.681539807524059500 ) ) ;
#5812 = ADVANCED_FACE ( 'NONE', ( #1947 ), #1342, .T. ) ;
#5813 = EDGE_CURVE ( 'NONE', #6618, #2596, #6768, .T. ) ;
#5814 = CARTESIAN_POINT ( 'NONE',  ( -0.7479077349249685400, -1.081609771494815000, -1.128608923884515600 ) ) ;
#5815 = DIRECTION ( 'NONE',  ( -0.0000000000000000000, -0.0000000000000000000, 1.000000000000000000 ) ) ;
#5816 = CARTESIAN_POINT ( 'NONE',  ( -0.7119148290572677700, 1.105448062055279800, -1.128608923884515600 ) ) ;
#5817 = CARTESIAN_POINT ( 'NONE',  ( -0.1968430982695227000, 1.134251968503936900, -2.650231929295716200 ) ) ;
#5818 = VERTEX_POINT ( 'NONE', #3354 ) ;
#5819 = CARTESIAN_POINT ( 'NONE',  ( -0.7038785125588509200, -1.108626020972167000, -2.992125984251969400 ) ) ;
#5820 = CARTESIAN_POINT ( 'NONE',  ( 0.7328273577879370600, -0.9609539274657166200, -0.1968503937007874100 ) ) ;
#5821 = CARTESIAN_POINT ( 'NONE',  ( 0.7311022994477606200, 0.9387425559727565800, -2.992125984251971600 ) ) ;
#5822 = ORIENTED_EDGE ( 'NONE', *, *, #3150, .T. ) ;
#5823 = CARTESIAN_POINT ( 'NONE',  ( -0.7053811463581102200, -1.108204637752976400, -2.060367454068240600 ) ) ;
#5824 = CARTESIAN_POINT ( 'NONE',  ( -1.101663991491527600, 0.7176078221647755900, -0.5074365704286969400 ) ) ;
#5825 = CARTESIAN_POINT ( 'NONE',  ( 0.7420151437815316600, 0.9960388349955512400, -0.1968503937007874100 ) ) ;
#5826 = CARTESIAN_POINT ( 'NONE',  ( -0.7419493262978749100, 0.9957875012869132900, -2.992125984251965400 ) ) ;
#5827 = CARTESIAN_POINT ( 'NONE',  ( -0.9006284698872049100, 0.7294072714244842500, -2.060367454068244600 ) ) ;
#5828 = CARTESIAN_POINT ( 'NONE',  ( 0.7499998966439960200, -0.0003937435670787403000, 0.05599300087488978000 ) ) ;
#5829 = CARTESIAN_POINT ( 'NONE',  ( -0.05208171870798322000, 0.09153543304668136600, 0.7874015747938742900 ) ) ;
#5830 = CARTESIAN_POINT ( 'NONE',  ( -0.03051586097098820200, -0.1226143411448661600, 0.1062992125984252000 ) ) ;
#5831 = EDGE_LOOP ( 'NONE', ( #2200, #4031, #5033, #6128 ) ) ;
#5832 = FACE_OUTER_BOUND ( 'NONE', #1769, .T. ) ;
#5833 = CARTESIAN_POINT ( 'NONE',  ( 1.110236189791668800, 0.9291338582640751300, -4.268512490100411300E-018 ) ) ;
#5834 = CARTESIAN_POINT ( 'NONE',  ( 0.7119148290572677700, -1.105448062055279800, -0.1968503937007874100 ) ) ;
#5835 = PLANE ( 'NONE',  #571 ) ;
#5836 = CARTESIAN_POINT ( 'NONE',  ( 0.08401568594263388000, 0.1231026060500197600, 0.05861767279090159700 ) ) ;
#5837 = EDGE_LOOP ( 'NONE', ( #6602, #3828, #3620, #4987 ) ) ;
#5838 = CARTESIAN_POINT ( 'NONE',  ( 0.1249949962596299800, -0.001118440903629921800, 0.5196850393700788200 ) ) ;
#5839 = ORIENTED_EDGE ( 'NONE', *, *, #3806, .T. ) ;
#5840 = CARTESIAN_POINT ( 'NONE',  ( -0.1097883748288583000, -0.05900759875049213500, 0.7742782152230984800 ) ) ;
#5841 = CARTESIAN_POINT ( 'NONE',  ( 0.8330323139402675500, -0.8770121648875594000, -0.06561679790026378500 ) ) ;
#5842 = EDGE_CURVE ( 'NONE', #7149, #4066, #853, .T. ) ;
#5843 = CARTESIAN_POINT ( 'NONE',  ( 0.7310279753857676900, -0.9076672032026179600, -2.681539807524059500 ) ) ;
#5844 = CARTESIAN_POINT ( 'NONE',  ( -0.7479077349249685400, -1.081609771494815000, -2.992125984251968500 ) ) ;
#5845 = CARTESIAN_POINT ( 'NONE',  ( 0.7642728007677205300, 1.053941206384275700, -0.1968503937007874100 ) ) ;
#5846 = CARTESIAN_POINT ( 'NONE',  ( -1.076064190174775600, -0.7549431811966416100, -2.992125984251968500 ) ) ;
#5847 = CARTESIAN_POINT ( 'NONE',  ( -1.108398963774295700, 0.7046512160692284300, -0.1968503937007873800 ) ) ;
#5848 = ORIENTED_EDGE ( 'NONE', *, *, #4646, .F. ) ;
#5849 = CARTESIAN_POINT ( 'NONE',  ( 0.7528510366733464100, -1.018785567477366500, -2.681539807524059500 ) ) ;
#5850 = DIRECTION ( 'NONE',  ( -0.0000000000000000000, -0.0000000000000000000, -1.000000000000000000 ) ) ;
#5851 = EDGE_CURVE ( 'NONE', #1691, #5327, #342, .T. ) ;
#5852 = CARTESIAN_POINT ( 'NONE',  ( -1.110318066288362500, 0.9451014140148467100, -0.1749781277340354800 ) ) ;
#5853 = CARTESIAN_POINT ( 'NONE',  ( 1.108033091542948800, -0.7061733014393543100, -0.5074365704286969400 ) ) ;
#5854 = CARTESIAN_POINT ( 'NONE',  ( 1.049803909796291500, 0.7651677351667085500, -2.681539807524059500 ) ) ;
#5855 = CARTESIAN_POINT ( 'NONE',  ( 0.8255986020787923200, 0.9119955869476211700, -0.1968503937007874100 ) ) ;
#5856 = ORIENTED_EDGE ( 'NONE', *, *, #275, .F. ) ;
#5857 = ADVANCED_FACE ( 'NONE', ( #1644 ), #7206, .T. ) ;
#5858 = CARTESIAN_POINT ( 'NONE',  ( 0.07292470682015406200, -0.1062516958113246500, 0.7676509186351707600 ) ) ;
#5859 = CARTESIAN_POINT ( 'NONE',  ( 1.109374590528771500, 0.7016296763940630400, -0.5074365704286969400 ) ) ;
#5860 = CARTESIAN_POINT ( 'NONE',  ( -0.7499998966439960200, -0.0003937435670787403000, 0.04199475065616930400 ) ) ;
#5861 = CARTESIAN_POINT ( 'NONE',  ( -1.054918747226493100, -0.7642466524047227800, -2.992125984251968500 ) ) ;
#5862 = CARTESIAN_POINT ( 'NONE',  ( 0.0000000000000000000, -0.1061247238894643300, 0.7876003937007877200 ) ) ;
#5863 = CARTESIAN_POINT ( 'NONE',  ( -0.07863490594924017800, 1.144378037797165300, -2.819705069746172300 ) ) ;
#5864 = CARTESIAN_POINT ( 'NONE',  ( -0.7738167753536416800, -0.7980368589790987100, -0.1968503937007874100 ) ) ;
#5865 = FACE_BOUND ( 'NONE', #127, .T. ) ;
#5866 = DIRECTION ( 'NONE',  ( -0.0000000000000000000, 1.000000000000000000, 0.0000000000000000000 ) ) ;
#5867 = EDGE_CURVE ( 'NONE', #4106, #5184, #6453, .T. ) ;
#5868 = CARTESIAN_POINT ( 'NONE',  ( -0.08507316324146849100, 0.09147995529392860500, 0.7677149411578697600 ) ) ;
#5869 = CARTESIAN_POINT ( 'NONE',  ( -0.08401568594263388000, 0.1231026060500197600, 0.06299212598425198200 ) ) ;
#5870 = CARTESIAN_POINT ( 'NONE',  ( 0.02899027743640945900, -0.1161655051214134100, 0.7742782152230984800 ) ) ;
#5871 = CARTESIAN_POINT ( 'NONE',  ( 1.030523849900492500, -0.9129958530717085000, -0.1312335958005236600 ) ) ;
#5872 = CARTESIAN_POINT ( 'NONE',  ( 0.7738167753536416800, 0.7980368589790987100, -2.992125984251968500 ) ) ;
#5873 = CARTESIAN_POINT ( 'NONE',  ( -0.03051586097098820200, 0.1226143411448661600, 0.02362204724409449500 ) ) ;
#5874 = CARTESIAN_POINT ( 'NONE',  ( -0.7636744025022759200, -1.057499546894259400, -2.992125984251968500 ) ) ;
#5875 = CARTESIAN_POINT ( 'NONE',  ( -0.7023879734236339000, 1.109088367905878100, -1.128608923884515600 ) ) ;
#5876 = CARTESIAN_POINT ( 'NONE',  ( -0.1412742653159843000, 1.110236220472443900, -2.821824271759007600 ) ) ;
#5877 = LINE ( 'NONE', #1266, #4866 ) ;
#5878 = CARTESIAN_POINT ( 'NONE',  ( 0.0000000000000000000, 1.110236220472441200, -0.1968503937007874700 ) ) ;
#5879 = CARTESIAN_POINT ( 'NONE',  ( -0.7328930827737218900, -0.9612049079576731000, -0.1968503937007874100 ) ) ;
#5880 = CARTESIAN_POINT ( 'NONE',  ( -1.110318066288362500, 0.9451014140148467100, -0.1968503937007874100 ) ) ;
#5881 = CARTESIAN_POINT ( 'NONE',  ( 1.103009155936019800, -0.7155729551865434000, -1.128608923884515600 ) ) ;
#5882 = VECTOR ( 'NONE', #7345, 39.37007874015748100 ) ;
#5883 = CARTESIAN_POINT ( 'NONE',  ( -1.096676596295535400, 0.7252355460546456900, -0.1968503937007874100 ) ) ;
#5884 = CARTESIAN_POINT ( 'NONE',  ( 0.7420151437815316600, 0.9960388349955512400, -0.5074365704286969400 ) ) ;
#5885 = CARTESIAN_POINT ( 'NONE',  ( -1.066889654611260100, -1.047580032597574800, -0.1312335958005236600 ) ) ;
#5886 = CARTESIAN_POINT ( 'NONE',  ( -1.008932729790676900, 0.7469057087232008300, -0.1968503937007874100 ) ) ;
#5887 = CARTESIAN_POINT ( 'NONE',  ( -0.3702728364785276000, 0.6629341840565985400, 0.006999125109362205200 ) ) ;
#5888 = CARTESIAN_POINT ( 'NONE',  ( -1.103922707985718300, -0.7141138414599871300, -0.1968503937007873800 ) ) ;
#5889 = CARTESIAN_POINT ( 'NONE',  ( 1.067227259123866500, 1.047157685346666000, -0.1968503937007873000 ) ) ;
#5890 = CARTESIAN_POINT ( 'NONE',  ( -1.008932729790676900, -0.7469057087232008300, -0.5074365704286969400 ) ) ;
#5891 = VERTEX_POINT ( 'NONE', #4212 ) ;
#5892 = CARTESIAN_POINT ( 'NONE',  ( 0.7479077349249685400, -1.081609771494819000, -2.992125984251968500 ) ) ;
#5893 = CARTESIAN_POINT ( 'NONE',  ( 0.7023879734236379000, -1.109088367905878100, -0.1968503937007874100 ) ) ;
#5894 = CARTESIAN_POINT ( 'NONE',  ( 1.108033091542948800, 0.7061733014393583000, -0.5074365704286969400 ) ) ;
#5895 = CARTESIAN_POINT ( 'NONE',  ( -1.105448062055279800, 0.7119148290572677700, -0.5074365704286969400 ) ) ;
#5896 = CARTESIAN_POINT ( 'NONE',  ( -0.1138433471217047400, -0.06118701144672442100, 0.7699037620297480800 ) ) ;
#5897 = CARTESIAN_POINT ( 'NONE',  ( 0.8255996794046417400, -0.9293197551186300800, -0.1968503937007874100 ) ) ;
#5898 = CARTESIAN_POINT ( 'NONE',  ( 0.7310279753857676900, -0.9076672032026179600, -1.128608923884515600 ) ) ;
#5899 = ADVANCED_FACE ( 'NONE', ( #6853, #4550 ), #5733, .T. ) ;
#5900 = ORIENTED_EDGE ( 'NONE', *, *, #1438, .T. ) ;
#5901 = CARTESIAN_POINT ( 'NONE',  ( 1.110236220472440700, 0.6927299607347716700, -1.496062992125984300 ) ) ;
#5902 = CARTESIAN_POINT ( 'NONE',  ( 0.7637992319626142300, 1.057805835868256100, -2.060367454068244600 ) ) ;
#5903 = CARTESIAN_POINT ( 'NONE',  ( -0.7003745554811694500, 1.109486903909763700, -1.128608923884515600 ) ) ;
#5904 = DIRECTION ( 'NONE',  ( -0.0000000000000000000, -0.0000000000000000000, 1.000000000000000000 ) ) ;
#5905 = CARTESIAN_POINT ( 'NONE',  ( -0.1446818157067244500, 0.0009658267581614175800, -2.957130358705161400 ) ) ;
#5906 = CARTESIAN_POINT ( 'NONE',  ( -1.103922707985718300, -0.7141138414599871300, -0.1968503937007873800 ) ) ;
#5907 = CARTESIAN_POINT ( 'NONE',  ( -1.105682788051606500, 0.9788576969563070900, -0.06561679790026378500 ) ) ;
#5908 = CARTESIAN_POINT ( 'NONE',  ( 0.9282311026850591500, 1.110233970439102400, -0.1312335958005236600 ) ) ;
#5909 = ORIENTED_EDGE ( 'NONE', *, *, #2362, .F. ) ;
#5910 = CARTESIAN_POINT ( 'NONE',  ( 0.1026422253951486000, -0.07211579972728220100, -2.952755905511811600 ) ) ;
#5911 = CARTESIAN_POINT ( 'NONE',  ( -1.104136452828496300, 0.7137832230396653500, -2.681539807524059500 ) ) ;
#5912 = CARTESIAN_POINT ( 'NONE',  ( -0.7589873301296454800, -1.028953050111380800, -2.992125984251968500 ) ) ;
#5913 = CARTESIAN_POINT ( 'NONE',  ( -0.7376712701478820300, 0.8628714702481337100, -0.5074365704286969400 ) ) ;
#5914 = CARTESIAN_POINT ( 'NONE',  ( -0.7499998966439960200, -0.0003937435670787403000, 0.02099737532808268500 ) ) ;
#5915 = B_SPLINE_CURVE_WITH_KNOTS ( 'NONE', 3,
 ( #3942, #7118, #6300, #7771, #4574, #2052, #1369, #5039, #4415 ),
 .UNSPECIFIED., .F., .F.,
 ( 4, 1, 1, 1, 1, 1, 4 ),
 ( 1.865130280181372500E-016, 0.001735739376546609700, 0.003491237184501853800, 0.005246734992457106400, 0.007002232800412455700, 0.008757730608367694800, 0.01049344064878928800 ),
 .UNSPECIFIED. ) ;
#5916 = ORIENTED_EDGE ( 'NONE', *, *, #2946, .T. ) ;
#5917 = EDGE_CURVE ( 'NONE', #3516, #214, #4129, .T. ) ;
#5918 = CARTESIAN_POINT ( 'NONE',  ( 0.0000000000000000000, -0.1261928294275669600, 0.02362204724409449500 ) ) ;
#5919 = CARTESIAN_POINT ( 'NONE',  ( -1.057272500430996200, -0.7639149224034370600, -0.1968503937007874100 ) ) ;
#5920 = CARTESIAN_POINT ( 'NONE',  ( -0.2142136135413897600, -0.7237849185444172900, 0.04199475065616930400 ) ) ;
#5921 = ORIENTED_EDGE ( 'NONE', *, *, #8185, .T. ) ;
#5922 = CARTESIAN_POINT ( 'NONE',  ( 0.7589873301296459200, -1.028953050111384200, -0.1968503937007873800 ) ) ;
#5923 = CARTESIAN_POINT ( 'NONE',  ( -0.03526368610020472900, 0.1419330633355000400, 0.05861767279090159700 ) ) ;
#5924 = CARTESIAN_POINT ( 'NONE',  ( 0.9876700203231734100, 0.8410053028255510800, -0.1749781277340315400 ) ) ;
#5925 = CARTESIAN_POINT ( 'NONE',  ( -0.1446818157067244500, -0.0009658267581614175800, -2.987751531058617800 ) ) ;
#5926 = CARTESIAN_POINT ( 'NONE',  ( 0.7376712701478820300, -0.8628714702481337100, -0.1968503937007874100 ) ) ;
#5927 = CARTESIAN_POINT ( 'NONE',  ( -0.1249949962596299800, -0.001118440903629921800, 0.02362204724409449500 ) ) ;
#5928 = ORIENTED_EDGE ( 'NONE', *, *, #3225, .T. ) ;
#5929 = CARTESIAN_POINT ( 'NONE',  ( -0.1337290113004449000, -0.07273870726820080800, -2.952755905511814700 ) ) ;
#5930 = EDGE_CURVE ( 'NONE', #3221, #3987, #4785, .T. ) ;
#5931 = CARTESIAN_POINT ( 'NONE',  ( 1.085874585383008100, -1.023890032031122200, -0.02187226596675591000 ) ) ;
#5932 = CARTESIAN_POINT ( 'NONE',  ( -0.1053148854230678700, 3.851669571263057200E-011, 0.7874014932169904900 ) ) ;
#5933 = CARTESIAN_POINT ( 'NONE',  ( 0.7636744025022773600, -1.057499546894263800, -0.1968503937007874100 ) ) ;
#5934 = CARTESIAN_POINT ( 'NONE',  ( -0.9028841459682126500, -1.028348482669716500, 0.0000000000000000000 ) ) ;
#5935 = CARTESIAN_POINT ( 'NONE',  ( 1.109088367905878100, -0.7023879734236339000, -1.128608923884515600 ) ) ;
#5936 = ORIENTED_EDGE ( 'NONE', *, *, #3067, .T. ) ;
#5937 = EDGE_LOOP ( 'NONE', ( #1411, #395, #23, #1385 ) ) ;
#5938 = CARTESIAN_POINT ( 'NONE',  ( -0.9791254460543461500, -1.105565014269958200, 0.0000000000000000000 ) ) ;
#5939 = ADVANCED_FACE ( 'NONE', ( #6356 ), #4409, .T. ) ;
#5940 = CARTESIAN_POINT ( 'NONE',  ( -1.038329624928467500, 0.7636032586122494200, -0.1968503937007874100 ) ) ;
#5941 = CARTESIAN_POINT ( 'NONE',  ( -0.9634718618594920700, 0.7306366061711417900, -2.060367454068244600 ) ) ;
#5942 = CARTESIAN_POINT ( 'NONE',  ( 0.5373840014121733500, 0.5370372980905274700, 0.02099737532808268500 ) ) ;
#5943 = FACE_OUTER_BOUND ( 'NONE', #5705, .T. ) ;
#5944 = CARTESIAN_POINT ( 'NONE',  ( -1.028953034820995400, -0.7589873557274847700, -2.992125984251968500 ) ) ;
#5945 = CARTESIAN_POINT ( 'NONE',  ( -0.1557248242963858700, 1.134251968503936900, -2.678434345235760200 ) ) ;
#5946 = CARTESIAN_POINT ( 'NONE',  ( 0.8682354914878504000, -1.014900208985476400, -0.06561679790026378500 ) ) ;
#5947 = ORIENTED_EDGE ( 'NONE', *, *, #1383, .F. ) ;
#5948 = EDGE_LOOP ( 'NONE', ( #4921, #6305, #5543, #6092 ) ) ;
#5949 = CARTESIAN_POINT ( 'NONE',  ( -0.5373840014121733500, -0.5370372980905274700, 0.05599300087488978000 ) ) ;
#5950 = CARTESIAN_POINT ( 'NONE',  ( -0.1249949962596299800, -0.001118440903629921800, -3.020559930008748200 ) ) ;
#5951 = CARTESIAN_POINT ( 'NONE',  ( 1.109088367905878100, 0.7023879734236379000, -0.1968503937007874100 ) ) ;
#5952 = CARTESIAN_POINT ( 'NONE',  ( -0.1446818157067244500, -0.0009658267581614175800, 0.02799650043744489000 ) ) ;
#5953 = ORIENTED_EDGE ( 'NONE', *, *, #916, .T. ) ;
#5954 = CARTESIAN_POINT ( 'NONE',  ( 1.022873197870755900, 0.8770121648875594000, -0.1312335958005236600 ) ) ;
#5955 = CARTESIAN_POINT ( 'NONE',  ( 0.1337290113004449000, 0.07273870726820080800, -2.965879265091866800 ) ) ;
#5956 = CARTESIAN_POINT ( 'NONE',  ( -0.1852210834375707400, 1.110236220472441400, -2.598952407586272000 ) ) ;
#5957 = CARTESIAN_POINT ( 'NONE',  ( -0.07270040754172836500, 0.1062935698246890300, 0.02362204724409449500 ) ) ;
#5958 = CARTESIAN_POINT ( 'NONE',  ( -0.7252355460546456900, 1.096676596295535400, -2.060367454068240600 ) ) ;
#5959 = CARTESIAN_POINT ( 'NONE',  ( -0.03526368610020472900, -0.1419330633355000400, -2.979002624671917700 ) ) ;
#5960 = EDGE_CURVE ( 'NONE', #7591, #6203, #2189, .T. ) ;
#5961 = CARTESIAN_POINT ( 'NONE',  ( -0.08361031635084798000, 0.06805607579491822200, 0.7874015748031488700 ) ) ;
#5962 = CARTESIAN_POINT ( 'NONE',  ( 0.1446848777822665200, -4.243681762603731500E-011, -2.992125984251968500 ) ) ;
#5963 = CARTESIAN_POINT ( 'NONE',  ( -0.1557248242963858700, 1.137382512314492300, -2.683770379173689300 ) ) ;
#5964 = CARTESIAN_POINT ( 'NONE',  ( 1.109486903909763700, -0.7003745554811694500, -1.128608923884515600 ) ) ;
#5965 = CARTESIAN_POINT ( 'NONE',  ( -0.7631258898213046900, 1.060085487004333000, -2.992125984251968500 ) ) ;
#5966 = CARTESIAN_POINT ( 'NONE',  ( 1.108204637752976400, 0.7053811463581142200, -2.681539807524059500 ) ) ;
#5967 = CARTESIAN_POINT ( 'NONE',  ( -0.7499998966439960200, -0.0003937435670787403000, -0.0000000000000000000 ) ) ;
#5968 = LINE ( 'NONE', #6014, #1340 ) ;
#5969 = CARTESIAN_POINT ( 'NONE',  ( -0.1446774418240743800, 0.02265127236583267000, 0.02362204724409452300 ) ) ;
#5970 = B_SPLINE_CURVE_WITH_KNOTS ( 'NONE', 3,
 ( #1883, #4964, #5016, #3163, #5690, #2533 ),
 .UNSPECIFIED., .F., .F.,
 ( 4, 1, 1, 4 ),
 ( 0.0000000000000000000, 0.3333333333333349200, 0.6666666666666650800, 1.000000000000000000 ),
 .UNSPECIFIED. ) ;
#5971 = CARTESIAN_POINT ( 'NONE',  ( 0.1489574861260472600, 1.144378037797165300, -2.744888204756964700 ) ) ;
#5972 = CARTESIAN_POINT ( 'NONE',  ( 0.8255996794046417400, -0.9265857566923937400, -0.06561679790026378500 ) ) ;
#5973 = VECTOR ( 'NONE', #5187, 39.37007874015748100 ) ;
#5974 = CARTESIAN_POINT ( 'NONE',  ( 0.6631499799855394800, -0.3699185312724054800, 0.04199475065616930400 ) ) ;
#5975 = EDGE_CURVE ( 'NONE', #5531, #7192, #1445, .T. ) ;
#5976 = CARTESIAN_POINT ( 'NONE',  ( -1.110261735596846700, -0.6910086409841889000, -1.128608923884511800 ) ) ;
#5977 = DIRECTION ( 'NONE',  ( 0.0000000000000000000, 0.0000000000000000000, 1.000000000000000000 ) ) ;
#5978 = CARTESIAN_POINT ( 'NONE',  ( -0.08401568594263388000, 0.1231026060500197600, 0.02362204724409449500 ) ) ;
#5979 = VECTOR ( 'NONE', #5681, 39.37007874015748100 ) ;
#5980 = CARTESIAN_POINT ( 'NONE',  ( 0.8330323139402675500, 0.8770121648875594000, -0.1312335958005236600 ) ) ;
#5981 = CARTESIAN_POINT ( 'NONE',  ( 0.1446818157067244500, -0.0009658267581614175800, -2.987751531058617800 ) ) ;
#5982 = CARTESIAN_POINT ( 'NONE',  ( 1.008932729790676900, 0.7469057087232008300, -0.5074365704286969400 ) ) ;
#5983 = ADVANCED_FACE ( 'NONE', ( #7467, #5756 ), #2685, .T. ) ;
#5984 = CARTESIAN_POINT ( 'NONE',  ( -0.7038785125588548100, 1.108626020972166800, -0.1968503937007874100 ) ) ;
#5985 = CARTESIAN_POINT ( 'NONE',  ( -0.7589879883973903500, -1.028952656870866900, -1.128608923884515600 ) ) ;
#5986 = CARTESIAN_POINT ( 'NONE',  ( -0.03526368610020472900, -0.1419330633355000400, -2.952755905511811100 ) ) ;
#5987 = EDGE_LOOP ( 'NONE', ( #4410, #1020, #7858, #8136 ) ) ;
#5988 = CARTESIAN_POINT ( 'NONE',  ( 0.04788271554519685900, 1.126246719160106400, -2.487949462238370200 ) ) ;
#5989 = CARTESIAN_POINT ( 'NONE',  ( -0.7023879734236339000, -1.109088367905878100, -0.5074365704286969400 ) ) ;
#5990 = CARTESIAN_POINT ( 'NONE',  ( 1.023890032031122200, 1.085874585383008100, -0.06561679790026378500 ) ) ;
#5991 = CARTESIAN_POINT ( 'NONE',  ( -0.7500603502138075700, 1.079822295072447600, -0.1968503937007874100 ) ) ;
#5992 = ORIENTED_EDGE ( 'NONE', *, *, #4455, .F. ) ;
#5993 = CARTESIAN_POINT ( 'NONE',  ( -1.085874585383008100, -1.023890032031122200, -0.1312335958005236600 ) ) ;
#5994 = CARTESIAN_POINT ( 'NONE',  ( 1.110236220472441000, -0.9291338582677165500, 0.0000000000000000000 ) ) ;
#5995 = CARTESIAN_POINT ( 'NONE',  ( 0.03526368610020471500, -0.1419330633354999900, 0.06299212598425198200 ) ) ;
#5996 = CARTESIAN_POINT ( 'NONE',  ( -0.1438889093088228900, 1.118241469816271700, -2.759511447624264100 ) ) ;
#5997 = CARTESIAN_POINT ( 'NONE',  ( -0.1730660624311260400, 1.153988124042724300, -2.705786108810535900 ) ) ;
#5998 = CARTESIAN_POINT ( 'NONE',  ( 0.8330323139402675500, -0.9788933469234645200, -0.02187226596675591000 ) ) ;
#5999 = B_SPLINE_CURVE_WITH_KNOTS ( 'NONE', 3,
 ( #288, #315, #5462, #1617, #5995, #7968, #1561, #5406, #6048, #2271, #3484 ),
 .UNSPECIFIED., .F., .F.,
 ( 4, 1, 1, 1, 1, 1, 1, 1, 4 ),
 ( 7.967340059105775300E-013, 0.001898108748095456400, 0.003823235685091871600, 0.004785799153590128800, 0.005748362622088286200, 0.006710926090586543300, 0.007673489559084800500, 0.009598616496081204700, 0.01149672524337983600 ),
 .UNSPECIFIED. ) ;
#6000 = ORIENTED_EDGE ( 'NONE', *, *, #3844, .F. ) ;
#6001 = CARTESIAN_POINT ( 'NONE',  ( -0.7499998966439960200, 0.0003937435670787403000, 0.02099737532808268500 ) ) ;
#6002 = CARTESIAN_POINT ( 'NONE',  ( 0.7023879734236379000, -1.109088367905878100, -2.060367454068244600 ) ) ;
#6003 = CARTESIAN_POINT ( 'NONE',  ( 1.105448062055279800, 0.7119148290572677700, -0.1968503937007874100 ) ) ;
#6004 = CARTESIAN_POINT ( 'NONE',  ( 0.08401568594263388000, 0.1231026060500197600, 0.04986876640420077900 ) ) ;
#6005 = CARTESIAN_POINT ( 'NONE',  ( 0.9876700203231734100, 0.8410053028255472000, -0.1312335958005236600 ) ) ;
#6006 = CARTESIAN_POINT ( 'NONE',  ( 0.0000000000000000000, 0.1460610273873661500, -2.987751531058617800 ) ) ;
#6007 = CARTESIAN_POINT ( 'NONE',  ( -1.081538273903762900, 0.7475806083234701700, -0.1968503937007874100 ) ) ;
#6008 = EDGE_CURVE ( 'NONE', #3712, #5891, #5375, .T. ) ;
#6009 = CARTESIAN_POINT ( 'NONE',  ( 0.7119148290572677700, 1.105448062055279800, -2.060367454068244600 ) ) ;
#6010 = CARTESIAN_POINT ( 'NONE',  ( 0.7618448995876850900, 1.065122253766169300, -2.992125984251968500 ) ) ;
#6011 = ORIENTED_EDGE ( 'NONE', *, *, #2203, .T. ) ;
#6012 = CARTESIAN_POINT ( 'NONE',  ( 0.1250556661334902800, -0.001577616223438504000, 0.7676509186351706500 ) ) ;
#6013 = CARTESIAN_POINT ( 'NONE',  ( -0.09746816833348823100, 1.126246719160106400, -2.507213403735212500 ) ) ;
#6014 = CARTESIAN_POINT ( 'NONE',  ( 0.8255908954712981600, 0.9279527560717884000, -0.09842519685039521900 ) ) ;
#6015 = CARTESIAN_POINT ( 'NONE',  ( -0.9028841459682126500, 1.028348482669716500, 0.0000000000000000000 ) ) ;
#6016 = ORIENTED_EDGE ( 'NONE', *, *, #3205, .F. ) ;
#6017 = CARTESIAN_POINT ( 'NONE',  ( -0.1334499306850840900, 0.07302144007198792300, 0.06299212598425198200 ) ) ;
#6018 = CARTESIAN_POINT ( 'NONE',  ( 1.028952602479409600, -0.7589880794554845200, -0.5074365704286969400 ) ) ;
#6019 = CARTESIAN_POINT ( 'NONE',  ( -0.9530213658428109400, 0.8275570291413073500, -0.06561679790026378500 ) ) ;
#6020 = CARTESIAN_POINT ( 'NONE',  ( 1.107445675074389500, 0.7072881488253229800, -2.992125984251968500 ) ) ;
#6021 = CARTESIAN_POINT ( 'NONE',  ( -1.047157685346673500, 1.067227259123860500, 0.0000000000000000000 ) ) ;
#6022 = CARTESIAN_POINT ( 'NONE',  ( -0.03793485271320473600, 1.126246719160106400, -2.833891715706975800 ) ) ;
#6023 = EDGE_CURVE ( 'NONE', #3818, #2337, #1536, .T. ) ;
#6024 = CARTESIAN_POINT ( 'NONE',  ( 1.030305832406381800, -0.9265857566923937400, -0.02187226596675591000 ) ) ;
#6025 = ORIENTED_EDGE ( 'NONE', *, *, #3112, .T. ) ;
#6026 = CARTESIAN_POINT ( 'NONE',  ( -0.7500308502709094300, -0.05856650093302363100, 0.006999125109362205200 ) ) ;
#6027 = CARTESIAN_POINT ( 'NONE',  ( 0.7119148290572677700, -1.105448062055279800, -0.5074365704286969400 ) ) ;
#6028 = CARTESIAN_POINT ( 'NONE',  ( 0.1739503037016268100, 1.153937007874015900, -2.658330435673858600 ) ) ;
#6029 = CARTESIAN_POINT ( 'NONE',  ( -0.1448347163264528100, 0.02193883921625590700, 0.02799650043744489000 ) ) ;
#6030 = CARTESIAN_POINT ( 'NONE',  ( 0.6910086409841889000, -1.110261735596846700, -2.681539807524059500 ) ) ;
#6031 = VERTEX_POINT ( 'NONE', #7164 ) ;
#6032 = CARTESIAN_POINT ( 'NONE',  ( 1.030523849900492500, 0.9129958530717085000, -0.02187226596675591000 ) ) ;
#6033 = CARTESIAN_POINT ( 'NONE',  ( 0.9028841459682126500, -0.8275570291413073500, 0.0000000000000000000 ) ) ;
#6034 = CARTESIAN_POINT ( 'NONE',  ( 0.7376712701478820300, 0.8628714702481337100, -0.5074365704286969400 ) ) ;
#6035 = CARTESIAN_POINT ( 'NONE',  ( -0.1334499306850841200, 0.07302144007198796400, -2.992125984251975200 ) ) ;
#6036 = LINE ( 'NONE', #5878, #236 ) ;
#6037 = CARTESIAN_POINT ( 'NONE',  ( 1.076064190174775600, 0.7549431811966416100, -0.5074365704286969400 ) ) ;
#6038 = CARTESIAN_POINT ( 'NONE',  ( 0.07105382509995275500, 0.09584339394820867700, 0.7742782152230984800 ) ) ;
#6039 = CARTESIAN_POINT ( 'NONE',  ( -1.083715119910519700, -0.7440480963253939300, -2.992125984251968500 ) ) ;
#6040 = ORIENTED_EDGE ( 'NONE', *, *, #2379, .T. ) ;
#6041 = ORIENTED_EDGE ( 'NONE', *, *, #2490, .F. ) ;
#6042 = CARTESIAN_POINT ( 'NONE',  ( -1.109088367905878100, -0.7023879734236379000, -0.1968503937007874100 ) ) ;
#6043 = CARTESIAN_POINT ( 'NONE',  ( 0.03825588577256693700, 1.137382512314492300, -2.528335723489338900 ) ) ;
#6044 = CARTESIAN_POINT ( 'NONE',  ( -0.7311023782002935600, -0.9279527559062295000, -2.992125984251968500 ) ) ;
#6045 = CARTESIAN_POINT ( 'NONE',  ( 0.7651677351667045500, 1.049803909796291500, -2.992125984251968500 ) ) ;
#6046 = ORIENTED_EDGE ( 'NONE', *, *, #1332, .T. ) ;
#6047 = CARTESIAN_POINT ( 'NONE',  ( -0.9876700203231734100, 0.8410053028255510800, -0.1968503937007874100 ) ) ;
#6048 = CARTESIAN_POINT ( 'NONE',  ( -0.1334499306789621600, -0.07302144007819003100, 0.06299212598425198200 ) ) ;
#6049 = CARTESIAN_POINT ( 'NONE',  ( -0.09038153715239767600, 1.110236220472441000, -2.813647702036685700 ) ) ;
#6050 = CARTESIAN_POINT ( 'NONE',  ( 0.1446848777822700200, -5.304603337911988500E-011, 0.04330708661417322100 ) ) ;
#6051 = CARTESIAN_POINT ( 'NONE',  ( -0.1248906675384803700, 1.153988124042724300, -2.803556409092047300 ) ) ;
#6052 = CARTESIAN_POINT ( 'NONE',  ( -1.060986002430181200, -0.7627446526210116500, -2.681539807524059500 ) ) ;
#6053 =( GEOMETRIC_REPRESENTATION_CONTEXT ( 3 ) GLOBAL_UNCERTAINTY_ASSIGNED_CONTEXT ( ( #1135 ) ) GLOBAL_UNIT_ASSIGNED_CONTEXT ( ( #3113, #4400, #6398 ) ) REPRESENTATION_CONTEXT ( 'NONE', 'WORKASPACE' ) );
#6054 = B_SPLINE_CURVE_WITH_KNOTS ( 'NONE', 3,
 ( #3520, #4164, #1038, #5520, #353, #6161 ),
 .UNSPECIFIED., .F., .F.,
 ( 4, 1, 1, 4 ),
 ( 1.320610009292245000E-010, 6.406103909987173200E-005, 0.0002228452418512468700, 0.0002868508494631125400 ),
 .UNSPECIFIED. ) ;
#6055 = VECTOR ( 'NONE', #8238, 39.37007874015748100 ) ;
#6056 = CARTESIAN_POINT ( 'NONE',  ( -0.6631499799855394800, -0.3699185312724016000, -0.0000000000000000000 ) ) ;
#6057 = CARTESIAN_POINT ( 'NONE',  ( 1.110233970439102400, 0.9282311026850591500, -0.1312335958005236600 ) ) ;
#6058 = CARTESIAN_POINT ( 'NONE',  ( 1.108033091542948800, 0.7061733014393583000, -2.992125984251968500 ) ) ;
#6059 = PLANE ( 'NONE',  #7493 ) ;
#6060 = CARTESIAN_POINT ( 'NONE',  ( 0.7016296763940630400, -1.109374590528771500, -2.681539807524059500 ) ) ;
#6061 = CARTESIAN_POINT ( 'NONE',  ( 0.1249949962596299800, 0.001118440903629921800, -3.562992125984252300 ) ) ;
#6062 = CARTESIAN_POINT ( 'NONE',  ( -0.03526368610020472900, 0.1419330633355000400, -2.957130358705161400 ) ) ;
#6063 = CARTESIAN_POINT ( 'NONE',  ( 0.7738167753536416800, 0.7980368589790987100, -1.128608923884515600 ) ) ;
#6064 = CARTESIAN_POINT ( 'NONE',  ( 0.7173146837074329000, 1.101616661993956900, -0.1968503937007874100 ) ) ;
#6065 = VECTOR ( 'NONE', #4650, 39.37007874015748100 ) ;
#6066 = CARTESIAN_POINT ( 'NONE',  ( 0.1229673957806339100, 0.01148209268569685300, 0.7699037620297480800 ) ) ;
#6067 = CARTESIAN_POINT ( 'NONE',  ( 0.7016296763940590400, 1.109374590528771500, -2.060367454068240600 ) ) ;
#6068 = CARTESIAN_POINT ( 'NONE',  ( 1.110236281231658400, 0.6927299607301763400, -2.992125984251968500 ) ) ;
#6069 = CARTESIAN_POINT ( 'NONE',  ( 1.029023522214547600, -0.7593146768515431900, -2.992125984251968500 ) ) ;
#6070 = CARTESIAN_POINT ( 'NONE',  ( 1.110318066288362500, -0.9451014140148467100, -0.06561679790026378500 ) ) ;
#6071 = CARTESIAN_POINT ( 'NONE',  ( -0.04239965498682285400, 1.153988124042724300, -2.511788473786693600 ) ) ;
#6072 = CARTESIAN_POINT ( 'NONE',  ( 0.1446848777822630200, -2.121839655771912600E-011, 0.06299212598425198200 ) ) ;
#6073 = B_SPLINE_CURVE_WITH_KNOTS ( 'NONE', 3,
 ( #2339, #2974, #2999, #5556, #3528, #1709 ),
 .UNSPECIFIED., .F., .F.,
 ( 4, 1, 1, 4 ),
 ( 3.381064614312108500E-016, 0.001197975670863836300, 0.002417670315533920800, 0.003615609116956318400 ),
 .UNSPECIFIED. ) ;
#6074 = CARTESIAN_POINT ( 'NONE',  ( 0.7566742686776338800, 1.025508191967476900, -2.681539807524059500 ) ) ;
#6075 = VECTOR ( 'NONE', #1353, 39.37007874015748100 ) ;
#6076 = CARTESIAN_POINT ( 'NONE',  ( -0.8255908954713114800, 0.9279527560440757900, 0.0000000000000000000 ) ) ;
#6077 = CARTESIAN_POINT ( 'NONE',  ( -0.9279527559055117400, 0.8246073122010001400, -0.06561679790026378500 ) ) ;
#6078 = CARTESIAN_POINT ( 'NONE',  ( 0.1438889093088228900, 1.131583552055992000, -2.759511447624264100 ) ) ;
#6079 = CARTESIAN_POINT ( 'NONE',  ( 0.1557471456035848800, 1.134251968503936900, -2.681102362211296200 ) ) ;
#6080 = CARTESIAN_POINT ( 'NONE',  ( -1.049803909796291500, -0.7651677351667045500, -2.060367454068240600 ) ) ;
#6081 = B_SPLINE_CURVE_WITH_KNOTS ( 'NONE', 3,
 ( #4375, #4298, #504, #555, #7556, #3085 ),
 .UNSPECIFIED., .F., .F.,
 ( 4, 1, 1, 4 ),
 ( 0.0000000000000000000, 0.0008920148284106535500, 0.001803620755786946600, 0.002695663116926516300 ),
 .UNSPECIFIED. ) ;
#6082 = VECTOR ( 'NONE', #2456, 39.37007874015748100 ) ;
#6083 = CARTESIAN_POINT ( 'NONE',  ( 0.08781200085186766100, -0.05844356759246500200, 0.7873901252324137000 ) ) ;
#6084 = CARTESIAN_POINT ( 'NONE',  ( -0.7589879883973899000, 1.028952656870870000, -2.060367454068244600 ) ) ;
#6085 = CARTESIAN_POINT ( 'NONE',  ( -0.7636744025022774700, 1.057499546894264100, -0.1968503937007873800 ) ) ;
#6086 = CARTESIAN_POINT ( 'NONE',  ( 1.109088367905878100, 0.7023879734236379000, -2.992125984251968500 ) ) ;
#6087 = CARTESIAN_POINT ( 'NONE',  ( -1.076064190174771800, 0.7549431811966416100, -2.681539807524059500 ) ) ;
#6088 = CARTESIAN_POINT ( 'NONE',  ( 0.7618448995876850900, -1.065122253766173300, -1.128608923884515600 ) ) ;
#6089 = EDGE_CURVE ( 'NONE', #5184, #7823, #4818, .T. ) ;
#6090 = CARTESIAN_POINT ( 'NONE',  ( 0.7311023692017438700, -0.9279527559058763400, -0.1968503937007873800 ) ) ;
#6091 = CARTESIAN_POINT ( 'NONE',  ( -0.7637992319626182300, 1.057805835868256100, -2.681539807524059500 ) ) ;
#6092 = ORIENTED_EDGE ( 'NONE', *, *, #1563, .T. ) ;
#6093 = CARTESIAN_POINT ( 'NONE',  ( 0.05854819680530711600, 0.1029550598319842900, 0.7742782152230984800 ) ) ;
#6094 = CARTESIAN_POINT ( 'NONE',  ( 0.7016296763940590400, 1.109374590528771500, -2.681539807524059500 ) ) ;
#6095 = CARTESIAN_POINT ( 'NONE',  ( 0.09746816833348823100, 1.134251968503936900, -2.507213403735209000 ) ) ;
#6096 = CARTESIAN_POINT ( 'NONE',  ( 1.060986002430181200, -0.7627446526210077700, -1.128608923884515600 ) ) ;
#6097 = EDGE_LOOP ( 'NONE', ( #2407, #3688, #6287, #3704 ) ) ;
#6098 = CARTESIAN_POINT ( 'NONE',  ( 1.110233970439102400, -0.9282311026850591500, -0.1312335958005236600 ) ) ;
#6099 = CARTESIAN_POINT ( 'NONE',  ( 0.0000000000000000000, 1.153988124042724300, -2.506832568183031500 ) ) ;
#6100 = CARTESIAN_POINT ( 'NONE',  ( -1.066258947909218600, 0.7611279201994749500, -0.1968503937007874100 ) ) ;
#6101 = CARTESIAN_POINT ( 'NONE',  ( 1.028953034820992100, -0.7589873557274842100, -0.1968503937007874400 ) ) ;
#6102 = CARTESIAN_POINT ( 'NONE',  ( -0.8682354914878504000, 1.014900208985472200, -0.1312335958005236600 ) ) ;
#6103 = CARTESIAN_POINT ( 'NONE',  ( -1.108855069386812400, 0.7031063972595360500, -0.1968503937007874100 ) ) ;
#6104 = CARTESIAN_POINT ( 'NONE',  ( -1.103922769201725300, -0.7141138810663749700, -1.594488188976377100 ) ) ;
#6105 = CARTESIAN_POINT ( 'NONE',  ( 0.09038153715239767600, 1.112904636920386100, -2.813647702036685700 ) ) ;
#6106 = ORIENTED_EDGE ( 'NONE', *, *, #4523, .F. ) ;
#6107 = CARTESIAN_POINT ( 'NONE',  ( -0.6927299607301763400, 1.110236281231659100, -0.1968503937007874400 ) ) ;
#6108 = B_SPLINE_CURVE_WITH_KNOTS ( 'NONE', 3,
 ( #3774, #4431, #1236, #1804, #2507, #4991 ),
 .UNSPECIFIED., .F., .F.,
 ( 4, 1, 1, 4 ),
 ( 0.0000000000000000000, 6.400984713866786600E-005, 0.0002228045788589731000, 0.0002868697337998443300 ),
 .UNSPECIFIED. ) ;
#6109 = CARTESIAN_POINT ( 'NONE',  ( -0.1446818157067244500, 0.0009658267581614175800, 0.02362204724409449500 ) ) ;
#6110 = CARTESIAN_POINT ( 'NONE',  ( -0.2142136135413897600, -0.7237849185444172900, 0.006999125109362205200 ) ) ;
#6111 = CARTESIAN_POINT ( 'NONE',  ( 1.066889654611260100, 1.047580032597574800, 0.0000000000000000000 ) ) ;
#6112 = ORIENTED_EDGE ( 'NONE', *, *, #603, .T. ) ;
#6113 = CARTESIAN_POINT ( 'NONE',  ( 1.096632244641395900, 0.7253838148663462900, -0.1968503937007874100 ) ) ;
#6114 = CARTESIAN_POINT ( 'NONE',  ( -0.7605331936007380100, 1.031542260286326200, -2.992125984251968500 ) ) ;
#6115 = CARTESIAN_POINT ( 'NONE',  ( -0.7311036405941849800, 0.9272433185909526600, -0.5074365704286969400 ) ) ;
#6116 = CARTESIAN_POINT ( 'NONE',  ( -0.1156637036326063400, -0.06262578429423626400, -3.562992125984252300 ) ) ;
#6117 = CARTESIAN_POINT ( 'NONE',  ( -0.7642728007677244100, 1.053941206384279700, -0.5074365704286969400 ) ) ;
#6118 = EDGE_CURVE ( 'NONE', #7704, #6980, #6692, .T. ) ;
#6119 = EDGE_LOOP ( 'NONE', ( #2924, #6612, #4635, #2293 ) ) ;
#6120 = CARTESIAN_POINT ( 'NONE',  ( 0.07499032510549213900, 0.1011532772694409600, 0.7677165354330708300 ) ) ;
#6121 = CARTESIAN_POINT ( 'NONE',  ( 1.108626020972166800, 0.7038785125588548100, -2.992125984251969000 ) ) ;
#6122 = CARTESIAN_POINT ( 'NONE',  ( -1.105448062055279800, -0.7119148290572677700, -0.1968503937007874100 ) ) ;
#6123 = CARTESIAN_POINT ( 'NONE',  ( 1.110318066288362500, -0.9451014140148467100, -0.1968503937007874100 ) ) ;
#6124 = CARTESIAN_POINT ( 'NONE',  ( -0.1577331621557756200, 1.144378037797165300, -2.658605488171228400 ) ) ;
#6125 = DIRECTION ( 'NONE',  ( 0.0000000000000000000, 0.0000000000000000000, 1.000000000000000000 ) ) ;
#6126 = B_SPLINE_CURVE_WITH_KNOTS ( 'NONE', 3,
 ( #4062, #6837, #8118, #4257, #412, #441 ),
 .UNSPECIFIED., .F., .F.,
 ( 4, 1, 1, 4 ),
 ( 0.0000000000000000000, 0.3333333333333349200, 0.6666666666666650800, 1.000000000000000000 ),
 .UNSPECIFIED. ) ;
#6127 = CARTESIAN_POINT ( 'NONE',  ( 0.7634200263010119100, 1.036985750691334900, -0.5074365704286969400 ) ) ;
#6128 = ORIENTED_EDGE ( 'NONE', *, *, #6983, .F. ) ;
#6129 = CARTESIAN_POINT ( 'NONE',  ( -0.8330323139402675500, 0.8770121648875594000, -0.1749781277340354800 ) ) ;
#6130 = CARTESIAN_POINT ( 'NONE',  ( 0.1424231651923819100, 1.137382512314488100, -2.541457877216004100 ) ) ;
#6131 = FACE_OUTER_BOUND ( 'NONE', #4824, .T. ) ;
#6132 = CARTESIAN_POINT ( 'NONE',  ( -0.0000000000000000000, 1.152548769262433000, -2.869793189437205100 ) ) ;
#6133 = EDGE_CURVE ( 'NONE', #4060, #7898, #2247, .T. ) ;
#6134 = ADVANCED_FACE ( 'NONE', ( #1246 ), #4354, .T. ) ;
#6135 = ORIENTED_EDGE ( 'NONE', *, *, #7679, .F. ) ;
#6136 = ORIENTED_EDGE ( 'NONE', *, *, #4181, .T. ) ;
#6137 = CARTESIAN_POINT ( 'NONE',  ( -0.7589879883973899000, 1.028952656870870000, -1.128608923884515600 ) ) ;
#6138 = CARTESIAN_POINT ( 'NONE',  ( 0.7651677351667085500, -1.049803909796291500, -0.1968503937007874100 ) ) ;
#6139 = CARTESIAN_POINT ( 'NONE',  ( 1.103009155936019800, 0.7155729551865474000, -2.060367454068240600 ) ) ;
#6140 = CARTESIAN_POINT ( 'NONE',  ( -0.7137832230396653500, -1.104136452828496300, -0.1968503937007874100 ) ) ;
#6141 = CARTESIAN_POINT ( 'NONE',  ( 0.7549431811966416100, -1.076064190174775600, -2.681539807524059500 ) ) ;
#6142 = ORIENTED_EDGE ( 'NONE', *, *, #7205, .F. ) ;
#6143 = CARTESIAN_POINT ( 'NONE',  ( 1.074917021823730500, 0.7556667672796139000, -2.992125984251968500 ) ) ;
#6144 = CARTESIAN_POINT ( 'NONE',  ( -0.7440480963253939300, 1.083715119910519700, -1.128608923884515600 ) ) ;
#6145 = ORIENTED_EDGE ( 'NONE', *, *, #5146, .F. ) ;
#6146 = CARTESIAN_POINT ( 'NONE',  ( -0.1334499306912061400, 0.07302144006578582800, -2.952755905511811100 ) ) ;
#6147 = DIRECTION ( 'NONE',  ( -0.0000000000000000000, -0.0000000000000000000, 1.000000000000000000 ) ) ;
#6148 = CARTESIAN_POINT ( 'NONE',  ( 0.9530213658428109400, -0.8275570291413073500, -0.1968503937007874100 ) ) ;
#6149 = CARTESIAN_POINT ( 'NONE',  ( -1.108033091542948800, -0.7061733014393583000, -0.5074365704286969400 ) ) ;
#6150 = CARTESIAN_POINT ( 'NONE',  ( -0.7016296763940630400, 1.109374590528771500, -2.060367454068240600 ) ) ;
#6151 = FILL_AREA_STYLE_COLOUR ( '', #4856 ) ;
#6152 = CARTESIAN_POINT ( 'NONE',  ( -0.1271712453943662200, 1.153934119375358300, -2.556412231603551800 ) ) ;
#6153 = CARTESIAN_POINT ( 'NONE',  ( 1.022481225836626000, 0.8766112441767510700, 0.0000000000000000000 ) ) ;
#6154 = CARTESIAN_POINT ( 'NONE',  ( 1.030305832406381800, 0.9265857566923937400, -0.02187226596675591000 ) ) ;
#6155 = CARTESIAN_POINT ( 'NONE',  ( -0.08881556631062993700, 0.07230399820786222200, 0.7808398950131221200 ) ) ;
#6156 = CARTESIAN_POINT ( 'NONE',  ( -0.1769619551007717300, 1.152548769262433000, -2.605324583595854300 ) ) ;
#6157 = DIRECTION ( 'NONE',  ( 0.0000000000000000000, 0.0000000000000000000, -1.000000000000000000 ) ) ;
#6158 = B_SPLINE_CURVE_WITH_KNOTS ( 'NONE', 3,
 ( #4292, #2954, #3036, #3562, #2369, #5587, #4941, #7447, #4237, #6229, #4888 ),
 .UNSPECIFIED., .F., .F.,
 ( 4, 1, 1, 1, 1, 1, 1, 1, 4 ),
 ( 1.526362113952373800E-012, 0.001635147622241131900, 0.003301550036269804800, 0.004134751243284093300, 0.004967952450298380500, 0.005801153657312667700, 0.006634354864326954900, 0.008300757278355629100, 0.009935904899070400300 ),
 .UNSPECIFIED. ) ;
#6159 = CARTESIAN_POINT ( 'NONE',  ( 0.07922532512885967200, -0.06935917464662465200, 0.7873503596518315300 ) ) ;
#6160 = EDGE_CURVE ( 'NONE', #2084, #4227, #3462, .T. ) ;
#6161 = CARTESIAN_POINT ( 'NONE',  ( 0.7038788562212291400, 1.108627185260411300, -0.1968503937007873800 ) ) ;
#6163 = CARTESIAN_POINT ( 'NONE',  ( 1.110233970439106400, 0.9282311026850591500, 0.0000000000000000000 ) ) ;
#6162 = CARTESIAN_POINT ( 'NONE',  ( -1.057272500430996200, 0.7639149224034330600, -2.060367454068244600 ) ) ;
#6164 = CARTESIAN_POINT ( 'NONE',  ( -1.008932729790676900, -0.7469057087232008300, -2.060367454068244600 ) ) ;
#6165 = CARTESIAN_POINT ( 'NONE',  ( -0.7636744025022773600, 1.057499546894264300, -2.992125984251968500 ) ) ;
#6166 = CARTESIAN_POINT ( 'NONE',  ( -0.7420151437815316600, 0.9960388349955512400, -0.5074365704286969400 ) ) ;
#6167 = VECTOR ( 'NONE', #3056, 39.37007874015748100 ) ;
#6168 = CARTESIAN_POINT ( 'NONE',  ( 0.1249949962596299800, 0.001118440903629921800, -3.495188101487315200 ) ) ;
#6169 = ADVANCED_FACE ( 'NONE', ( #8282 ), #3506, .T. ) ;
#6170 = CARTESIAN_POINT ( 'NONE',  ( 0.1253544743452088600, 0.01170498638164587000, 0.7675196850393700700 ) ) ;
#6171 = CARTESIAN_POINT ( 'NONE',  ( -0.1438889093088228900, 1.134251968503936900, -2.602693276785185400 ) ) ;
#6172 = VECTOR ( 'NONE', #6508, 39.37007874015748100 ) ;
#6173 = CARTESIAN_POINT ( 'NONE',  ( 0.09746816833348823100, 1.112904636920386100, -2.507213403735209000 ) ) ;
#6174 = CARTESIAN_POINT ( 'NONE',  ( 1.110322617515921300, -0.6954048260608386400, -0.5074365704286969400 ) ) ;
#6175 = CARTESIAN_POINT ( 'NONE',  ( -0.6910086409841889000, 1.110261735596846700, -0.5074365704286969400 ) ) ;
#6176 = CARTESIAN_POINT ( 'NONE',  ( -1.081314661062035700, -0.7479053414235590200, -1.128608923884515600 ) ) ;
#6177 = B_SPLINE_CURVE_WITH_KNOTS ( 'NONE', 3,
 ( #3738, #1825, #76, #6360, #6444, #2528 ),
 .UNSPECIFIED., .F., .F.,
 ( 4, 1, 1, 4 ),
 ( 0.0000000000000000000, 0.2899741926370793500, 0.7112355692683458600, 1.000000000000000000 ),
 .UNSPECIFIED. ) ;
#6178 = CARTESIAN_POINT ( 'NONE',  ( -1.109374590528771500, 0.7016296763940590400, -2.992125984251968500 ) ) ;
#6179 = EDGE_CURVE ( 'NONE', #6802, #2731, #6158, .T. ) ;
#6180 = CARTESIAN_POINT ( 'NONE',  ( 0.8682354914878504000, 1.014900208985472200, -0.02187226596675591000 ) ) ;
#6181 = B_SPLINE_CURVE_WITH_KNOTS ( 'NONE', 3,
 ( #5057, #7758, #7728, #3839 ),
 .UNSPECIFIED., .F., .F.,
 ( 4, 4 ),
 ( 0.0000000000000000000, 1.000000000000000000 ),
 .UNSPECIFIED. ) ;
#6182 = ORIENTED_EDGE ( 'NONE', *, *, #3856, .F. ) ;
#6183 = CARTESIAN_POINT ( 'NONE',  ( -0.1149300838712087300, 0.03759181216598821200, 0.7742782152230984800 ) ) ;
#6184 = CARTESIAN_POINT ( 'NONE',  ( -0.1848880155283897700, 1.144378037797169300, -2.601930524957756200 ) ) ;
#6185 = CARTESIAN_POINT ( 'NONE',  ( -0.1768021951115827400, 1.153934119375358300, -2.678073228867512000 ) ) ;
#6186 = B_SPLINE_CURVE_WITH_KNOTS ( 'NONE', 3,
 ( #6044, #6628, #1585, #4838, #2820, #7337, #2238, #6741, #2154 ),
 .UNSPECIFIED., .F., .F.,
 ( 4, 1, 1, 1, 1, 1, 4 ),
 ( 1.796758211134459900E-016, 0.001735739376546741300, 0.003491237184501994300, 0.005246734992457345800, 0.007002232800412597900, 0.008757730608367951500, 0.01049344064878942800 ),
 .UNSPECIFIED. ) ;
#6187 = CARTESIAN_POINT ( 'NONE',  ( 0.07482401085054946100, -0.07401919144194557500, 0.7873333729074872800 ) ) ;
#6188 = ORIENTED_EDGE ( 'NONE', *, *, #1133, .T. ) ;
#6189 = CARTESIAN_POINT ( 'NONE',  ( -0.09746816833348429000, 1.118241469816271700, -2.854991320674237000 ) ) ;
#6190 = CARTESIAN_POINT ( 'NONE',  ( 0.9632357407194323000, 0.7306319871982826000, -2.992125984251966700 ) ) ;
#6191 = CARTESIAN_POINT ( 'NONE',  ( -0.1754255566641446400, 1.153937007874015400, -2.670374337832915200 ) ) ;
#6192 = CARTESIAN_POINT ( 'NONE',  ( -1.110236408271179100, 0.6936092895046374100, -2.992125984251970300 ) ) ;
#6193 = CARTESIAN_POINT ( 'NONE',  ( 0.7637992319626182300, -1.057805835868259800, -0.5074365704286969400 ) ) ;
#6194 = CARTESIAN_POINT ( 'NONE',  ( -0.0000000000000000000, -0.1261928294275669600, -3.020559930008748200 ) ) ;
#6195 = DIRECTION ( 'NONE',  ( -0.0000000000000000000, -0.0000000000000000000, -1.000000000000000000 ) ) ;
#6196 = VERTEX_POINT ( 'NONE', #5562 ) ;
#6197 = CARTESIAN_POINT ( 'NONE',  ( 0.1334499306912061100, 0.07302144006578584200, -2.952755905511811100 ) ) ;
#6198 = CARTESIAN_POINT ( 'NONE',  ( -0.1438889093088228900, 1.126246719160106400, -2.602693276785185400 ) ) ;
#6199 = DIRECTION ( 'NONE',  ( -0.0000000000000000000, -1.000000000000000000, -0.0000000000000000000 ) ) ;
#6200 = CARTESIAN_POINT ( 'NONE',  ( 1.109374590528771500, -0.7016296763940590400, -1.128608923884515600 ) ) ;
#6201 = CARTESIAN_POINT ( 'NONE',  ( -1.110038567578169400, -0.6887898905127283200, -2.681539807524059500 ) ) ;
#6202 = CARTESIAN_POINT ( 'NONE',  ( -1.081314661062035700, -0.7479053414235590200, -2.060367454068240600 ) ) ;
#6203 = VERTEX_POINT ( 'NONE', #6260 ) ;
#6204 = CARTESIAN_POINT ( 'NONE',  ( 0.8255996794046417400, 0.9265857566923937400, -0.06561679790026378500 ) ) ;
#6205 = CARTESIAN_POINT ( 'NONE',  ( 0.7475806083234707300, 1.081538273903764000, -2.992125984251969000 ) ) ;
#6206 = CARTESIAN_POINT ( 'NONE',  ( -0.9028841459682126500, 0.8275570291413073500, -0.02187226596675591000 ) ) ;
#6207 = CARTESIAN_POINT ( 'NONE',  ( -0.09341851193814962300, 1.152548769262433000, -2.516441916149397600 ) ) ;
#6208 = CARTESIAN_POINT ( 'NONE',  ( -0.1873874854177716700, 1.152548769262433000, -2.707828718268861800 ) ) ;
#6209 = ADVANCED_FACE ( 'NONE', ( #1235 ), #4565, .T. ) ;
#6210 = EDGE_LOOP ( 'NONE', ( #200, #7734, #3666, #6532 ) ) ;
#6211 = CARTESIAN_POINT ( 'NONE',  ( -0.07312187475957773700, -0.07571592164387303000, 0.7873282690804084300 ) ) ;
#6212 = CARTESIAN_POINT ( 'NONE',  ( 0.1412742653159843000, 1.131583552055992000, -2.821824271759007600 ) ) ;
#6214 = CARTESIAN_POINT ( 'NONE',  ( 0.7639149224034370600, -1.057272500430996200, -2.681539807524059500 ) ) ;
#6213 = CARTESIAN_POINT ( 'NONE',  ( -1.081538896983668800, 0.7475810392626735000, -2.060367454068244600 ) ) ;
#6215 = CARTESIAN_POINT ( 'NONE',  ( 0.0000000000000000000, 4.110236220472441600, -2.836849959802863800 ) ) ;
#6216 = CARTESIAN_POINT ( 'NONE',  ( -0.1485180183880274700, 1.153937007874015700, -2.774512710207758000 ) ) ;
#6217 = MANIFOLD_SOLID_BREP ( 'Cut-Extrude1', #3272 ) ;
#6218 = CARTESIAN_POINT ( 'NONE',  ( -1.109374590528771500, -0.7016296763940630400, -0.1968503937007874100 ) ) ;
#6219 = ORIENTED_EDGE ( 'NONE', *, *, #6937, .T. ) ;
#6220 = CARTESIAN_POINT ( 'NONE',  ( -1.030314616339685500, 0.9279527559886499000, -0.1968503937007874100 ) ) ;
#6221 = CARTESIAN_POINT ( 'NONE',  ( -0.9788576969563110900, -1.105682788051606500, 0.0000000000000000000 ) ) ;
#6222 = EDGE_CURVE ( 'NONE', #104, #4011, #4214, .T. ) ;
#6223 = CARTESIAN_POINT ( 'NONE',  ( -0.9876700203231734100, -0.8410053028255472000, 0.0000000000000000000 ) ) ;
#6224 = CARTESIAN_POINT ( 'NONE',  ( -0.09038153715239767600, 1.118241469816271700, -2.548557022372763800 ) ) ;
#6225 = ORIENTED_EDGE ( 'NONE', *, *, #3067, .F. ) ;
#6226 = CARTESIAN_POINT ( 'NONE',  ( 0.04788271554519685900, 1.112904636920386100, -2.487949462238370200 ) ) ;
#6227 = CARTESIAN_POINT ( 'NONE',  ( 1.110322617515921300, -0.6954048260608386400, -0.1968503937007874100 ) ) ;
#6228 = CARTESIAN_POINT ( 'NONE',  ( 0.0000000000000000000, 0.1261928294275669600, -2.992125984251969000 ) ) ;
#6229 = CARTESIAN_POINT ( 'NONE',  ( -0.1249919725763168900, -0.01954230109369501200, 0.02362204724409449500 ) ) ;
#6230 = B_SPLINE_CURVE_WITH_KNOTS ( 'NONE', 3,
 ( #4144, #4879, #1573, #7386, #3552, #1042 ),
 .UNSPECIFIED., .F., .F.,
 ( 4, 1, 1, 4 ),
 ( 0.0000000000000000000, 0.1310344827586199500, 0.5655172413793088100, 1.000000000000000000 ),
 .UNSPECIFIED. ) ;
#6231 = VECTOR ( 'NONE', #7666, 39.37007874015748100 ) ;
#6232 = CARTESIAN_POINT ( 'NONE',  ( 1.081538273903767300, 0.7475806083234701700, -0.1968503937007873800 ) ) ;
#6233 = CARTESIAN_POINT ( 'NONE',  ( 0.9876700203231734100, 1.014900208985472200, -0.1312335958005236600 ) ) ;
#6234 = CARTESIAN_POINT ( 'NONE',  ( 1.083715119910515700, -0.7440480963253898200, -2.992125984251968500 ) ) ;
#6235 = ORIENTED_EDGE ( 'NONE', *, *, #6767, .F. ) ;
#6236 = CARTESIAN_POINT ( 'NONE',  ( -0.08534281689476772000, 0.06947686240305514500, 0.7852143482064725100 ) ) ;
#6237 = ORIENTED_EDGE ( 'NONE', *, *, #4873, .F. ) ;
#6238 = CARTESIAN_POINT ( 'NONE',  ( -1.030305832406381800, -0.9265857566923937400, -0.1968503937007874100 ) ) ;
#6239 = CARTESIAN_POINT ( 'NONE',  ( 0.1279368723736102900, 1.153934119375358300, -2.806543182379924900 ) ) ;
#6240 = CARTESIAN_POINT ( 'NONE',  ( -0.9530213658428109400, 1.028348482669716500, -0.1968503937007874100 ) ) ;
#6241 = EDGE_CURVE ( 'NONE', #6618, #6339, #3517, .T. ) ;
#6242 = CARTESIAN_POINT ( 'NONE',  ( -0.04567203739068972900, -0.09500856044289512900, 0.7873993843010004300 ) ) ;
#6243 = ORIENTED_EDGE ( 'NONE', *, *, #8185, .F. ) ;
#6244 = CARTESIAN_POINT ( 'NONE',  ( -0.1446848777822595500, -1.060917056687613100E-011, 0.02362204724409448100 ) ) ;
#6245 = CARTESIAN_POINT ( 'NONE',  ( -0.06382508984677202900, 1.153937007874015700, -2.517719580888410300 ) ) ;
#6246 = CARTESIAN_POINT ( 'NONE',  ( -0.7441482841840275600, -1.083913278540055400, -2.992125984251968500 ) ) ;
#6247 = CARTESIAN_POINT ( 'NONE',  ( 0.06323029270971958200, 1.153937007874015700, -2.844715988067429100 ) ) ;
#6248 = CARTESIAN_POINT ( 'NONE',  ( -0.1156637036326063400, 0.06262578429423626400, 0.1062992125984252000 ) ) ;
#6249 = CARTESIAN_POINT ( 'NONE',  ( 0.1251725047065984900, -0.01871959219484252400, -2.952755905511811100 ) ) ;
#6250 = CARTESIAN_POINT ( 'NONE',  ( -0.2142136135413897600, 0.7237849185444172900, 0.0000000000000000000 ) ) ;
#6251 = LINE ( 'NONE', #3058, #2650 ) ;
#6252 = ADVANCED_FACE ( 'NONE', ( #3122 ), #4372, .T. ) ;
#6253 = CARTESIAN_POINT ( 'NONE',  ( -0.03526368610020472900, 0.1419330633355000400, -2.952755905511811100 ) ) ;
#6254 = CARTESIAN_POINT ( 'NONE',  ( 0.03793485271320473600, 1.112904636920386100, -2.528313008702472300 ) ) ;
#6255 = PRESENTATION_LAYER_ASSIGNMENT (  '', '', ( #1101 ) ) ;
#6256 = CARTESIAN_POINT ( 'NONE',  ( -0.6966426451231501100, -1.110134101196096300, -0.1968503937007874100 ) ) ;
#6257 = CARTESIAN_POINT ( 'NONE',  ( 1.057192564065761300, 1.057192564065723200, 0.0000000000000000000 ) ) ;
#6258 = CARTESIAN_POINT ( 'NONE',  ( 0.1156637036326063400, 0.06262578429423626400, 0.7726771653543307300 ) ) ;
#6259 = LINE ( 'NONE', #2097, #952 ) ;
#6260 = CARTESIAN_POINT ( 'NONE',  ( -0.7589873301296453700, -1.028953050111380800, -0.1968503937007874400 ) ) ;
#6261 = CARTESIAN_POINT ( 'NONE',  ( -0.7038788558823488900, -1.108627185360423900, -1.594488188976378900 ) ) ;
#6262 = CARTESIAN_POINT ( 'NONE',  ( 0.9028841459682126500, 1.028348482669716500, -0.1968503937007874100 ) ) ;
#6263 = CARTESIAN_POINT ( 'NONE',  ( -1.096632244637910400, -0.7253838148715595600, -2.992125984251968500 ) ) ;
#6264 = CARTESIAN_POINT ( 'NONE',  ( -0.9788576969563070900, 1.105682788051606500, -0.1968503937007874100 ) ) ;
#6265 = CARTESIAN_POINT ( 'NONE',  ( -0.09928590579944657200, 0.08082781265934371700, 0.7676509186351706500 ) ) ;
#6266 = CARTESIAN_POINT ( 'NONE',  ( -0.8330323139402675500, -0.9788933469234686300, 0.0000000000000000000 ) ) ;
#6267 = CARTESIAN_POINT ( 'NONE',  ( 0.09839089722041734200, 1.137382512314488100, -2.854527186556717200 ) ) ;
#6268 = CARTESIAN_POINT ( 'NONE',  ( -0.9028841459682126500, 1.028348482669716500, -0.1968503937007874100 ) ) ;
#6269 = FACE_OUTER_BOUND ( 'NONE', #2717, .T. ) ;
#6270 = CARTESIAN_POINT ( 'NONE',  ( -0.02684377936534894700, -0.1018423659841928300, 0.7874007667803092400 ) ) ;
#6271 = EDGE_CURVE ( 'NONE', #4615, #2579, #8057, .T. ) ;
#6272 = CARTESIAN_POINT ( 'NONE',  ( -0.04788271554519685900, 1.118241469816271700, -2.874255262171082800 ) ) ;
#6273 = CARTESIAN_POINT ( 'NONE',  ( 0.1206832871402790500, 0.03300264981391982900, -2.952755905511812000 ) ) ;
#6274 = CARTESIAN_POINT ( 'NONE',  ( 0.7137832230396693500, -1.104136452828496300, -1.128608923884515600 ) ) ;
#6275 = CARTESIAN_POINT ( 'NONE',  ( -0.7376712701478820300, -0.8628714702481337100, -2.992125984251968500 ) ) ;
#6276 = CARTESIAN_POINT ( 'NONE',  ( -1.109563216913673800, 0.7003911346322485600, -2.992125984251970300 ) ) ;
#6277 = CARTESIAN_POINT ( 'NONE',  ( 1.081314661062035700, 0.7479053414235590200, -2.060367454068240600 ) ) ;
#6278 = DIRECTION ( 'NONE',  ( -0.0000000000000000000, -0.0000000000000000000, -1.000000000000000000 ) ) ;
#6279 = CARTESIAN_POINT ( 'NONE',  ( -0.9282311026850591500, -1.110233970439102400, -0.02187226596675591000 ) ) ;
#6280 = FACE_OUTER_BOUND ( 'NONE', #5739, .T. ) ;
#6281 = CARTESIAN_POINT ( 'NONE',  ( 1.030314616339711900, -0.9279527557669474700, 0.0000000000000000000 ) ) ;
#6282 = CARTESIAN_POINT ( 'NONE',  ( 0.09038153715239767600, 1.112904636920386100, -2.548557022372763800 ) ) ;
#6283 = B_SPLINE_CURVE_WITH_KNOTS ( 'NONE', 3,
 ( #1134, #5615, #1158, #7638, #7047, #1184, #554, #4465, #6313 ),
 .UNSPECIFIED., .F., .F.,
 ( 4, 1, 1, 1, 1, 1, 4 ),
 ( 0.0000000000000000000, 0.001736987770778212300, 0.003493777875711836400, 0.005250567980645373300, 0.007007358085579003900, 0.008764148190512534000, 0.01050116531901115800 ),
 .UNSPECIFIED. ) ;
#6284 = CARTESIAN_POINT ( 'NONE',  ( -0.8334242859902568600, -0.8766112441605298200, -0.1968503937007874400 ) ) ;
#6285 = CARTESIAN_POINT ( 'NONE',  ( 1.110261735596846700, -0.6910086409841851300, -2.992125984251968500 ) ) ;
#6286 = CARTESIAN_POINT ( 'NONE',  ( -0.6954048260608425300, 1.110322617515925500, -2.681539807524059500 ) ) ;
#6287 = ORIENTED_EDGE ( 'NONE', *, *, #4994, .T. ) ;
#6288 = CARTESIAN_POINT ( 'NONE',  ( 1.089170987911120000, -0.7365395562689676100, -2.992125984251968500 ) ) ;
#6289 = EDGE_CURVE ( 'NONE', #510, #310, #6108, .T. ) ;
#6290 = CARTESIAN_POINT ( 'NONE',  ( -0.1249900545562953200, -0.001576788512933071000, 0.7677165354330708300 ) ) ;
#6291 = CARTESIAN_POINT ( 'NONE',  ( -0.9876700203231734100, -1.014900208985476400, -0.02187226596675591000 ) ) ;
#6292 = CARTESIAN_POINT ( 'NONE',  ( 1.110236220472441000, -1.110236220472441000, -2.992125984251968500 ) ) ;
#6293 = CARTESIAN_POINT ( 'NONE',  ( -0.8682354914878504000, 1.014900208985472200, -0.02187226596675591000 ) ) ;
#6294 = ORIENTED_EDGE ( 'NONE', *, *, #5867, .F. ) ;
#6295 = CARTESIAN_POINT ( 'NONE',  ( -0.03986021956892626900, -0.09764137132067404700, 0.7873987824739979700 ) ) ;
#6296 = CARTESIAN_POINT ( 'NONE',  ( -0.1853889004854055700, 1.118241469816271700, -2.763028651652783600 ) ) ;
#6297 = CARTESIAN_POINT ( 'NONE',  ( -0.007914897574591900700, 0.1250012099352022200, -2.952755905511810700 ) ) ;
#6298 = CARTESIAN_POINT ( 'NONE',  ( 0.7252355460546456900, -1.096676596295535400, -1.128608923884515600 ) ) ;
#6299 = ORIENTED_EDGE ( 'NONE', *, *, #4082, .T. ) ;
#6300 = CARTESIAN_POINT ( 'NONE',  ( -0.7378068781184744500, 0.8626282286608798500, -0.1968503937007874100 ) ) ;
#6301 = CARTESIAN_POINT ( 'NONE',  ( -0.7137832230396653500, -1.104136452828496300, -2.992125984251968500 ) ) ;
#6302 = CARTESIAN_POINT ( 'NONE',  ( -0.1640763751032618100, 1.153937007874015400, -2.743146475702876100 ) ) ;
#6303 = CARTESIAN_POINT ( 'NONE',  ( -0.9291338582640768000, 1.110236179564748200, -0.09842519685039384500 ) ) ;
#6304 = CARTESIAN_POINT ( 'NONE',  ( -1.057736748147917400, -1.056646062823173100, -0.02187226596675591000 ) ) ;
#6305 = ORIENTED_EDGE ( 'NONE', *, *, #7564, .F. ) ;
#6306 = CARTESIAN_POINT ( 'NONE',  ( 0.7642728007677244100, -1.053941206384279700, -2.681539807524059500 ) ) ;
#6307 = CARTESIAN_POINT ( 'NONE',  ( -0.1438889093088228900, 1.118241469816271700, -2.602693276785185400 ) ) ;
#6308 = CARTESIAN_POINT ( 'NONE',  ( 1.110236281231658400, -0.6927299607301727900, -0.1968503937007874400 ) ) ;
#6309 = CARTESIAN_POINT ( 'NONE',  ( -1.109486903909763700, 0.7003745554811694500, -2.681539807524059500 ) ) ;
#6310 = CARTESIAN_POINT ( 'NONE',  ( 0.1251725047065984900, 0.01871959219484252400, 0.7677165354330708300 ) ) ;
#6311 = CARTESIAN_POINT ( 'NONE',  ( 0.3702728364785276000, -0.6629341840565985400, 0.06299212598425216200 ) ) ;
#6312 = CARTESIAN_POINT ( 'NONE',  ( -0.7475810392626732700, -1.081538896983669000, -2.681539807524059500 ) ) ;
#6313 = CARTESIAN_POINT ( 'NONE',  ( 0.7311023692017437600, 0.9279527559059855800, -0.1968503937007873800 ) ) ;
#6314 = CARTESIAN_POINT ( 'NONE',  ( -0.7594092295902990000, -1.029654069748488200, -2.681539807524059500 ) ) ;
#6315 = CARTESIAN_POINT ( 'NONE',  ( -1.057736748147917400, 1.056646062823173100, -0.06561679790026378500 ) ) ;
#6316 = ORIENTED_EDGE ( 'NONE', *, *, #2409, .T. ) ;
#6317 = CARTESIAN_POINT ( 'NONE',  ( -0.07499032510548034300, 0.1011532772694488500, 0.7677165354330708300 ) ) ;
#6318 = CARTESIAN_POINT ( 'NONE',  ( -1.022873197870755900, -0.9788933469234645200, -0.1968503937007874100 ) ) ;
#6319 = CARTESIAN_POINT ( 'NONE',  ( -0.1957805014869921900, 1.144378037797165300, -2.709025781858343000 ) ) ;
#6320 = CARTESIAN_POINT ( 'NONE',  ( -0.8682354914878504000, 1.014900208985472200, 0.0000000000000000000 ) ) ;
#6321 = ORIENTED_EDGE ( 'NONE', *, *, #2577, .T. ) ;
#6322 = CARTESIAN_POINT ( 'NONE',  ( -0.09015100737887281300, -0.05445524267597935700, 0.7873873892391294300 ) ) ;
#6323 = CARTESIAN_POINT ( 'NONE',  ( 0.7072881488253229800, -1.107445675074389500, -0.1968503937007874100 ) ) ;
#6324 = CARTESIAN_POINT ( 'NONE',  ( -0.1412742653159843000, 1.112904636920386100, -2.821824271759007600 ) ) ;
#6325 = CARTESIAN_POINT ( 'NONE',  ( -0.1026422253950909600, 0.07211579972734540000, -2.952755905511810700 ) ) ;
#6326 = CARTESIAN_POINT ( 'NONE',  ( 0.7137832230396693500, -1.104136452828496300, -0.5074365704286969400 ) ) ;
#6327 = CARTESIAN_POINT ( 'NONE',  ( 0.8330323139402675500, -0.9788933469234645200, -0.1968503937007874100 ) ) ;
#6328 = CARTESIAN_POINT ( 'NONE',  ( -0.9634718618594920700, 0.7306366061711417900, -2.992125984251968500 ) ) ;
#6329 = CARTESIAN_POINT ( 'NONE',  ( -0.1155223210589879000, 1.153937007874015400, -2.813693296727501000 ) ) ;
#6330 = ORIENTED_EDGE ( 'NONE', *, *, #8029, .T. ) ;
#6331 = CARTESIAN_POINT ( 'NONE',  ( 0.06056264711295791100, 0.1109895456831675200, 0.1968503937007874100 ) ) ;
#6332 = ORIENTED_EDGE ( 'NONE', *, *, #5368, .T. ) ;
#6333 = FACE_OUTER_BOUND ( 'NONE', #6528, .T. ) ;
#6334 = CARTESIAN_POINT ( 'NONE',  ( -0.9876700203231734100, -0.8410053028255472000, -0.02187226596675591000 ) ) ;
#6335 = EDGE_CURVE ( 'NONE', #336, #229, #1007, .T. ) ;
#6336 = CARTESIAN_POINT ( 'NONE',  ( -0.1557471456036001200, 1.134251968503936900, -2.681102362314844400 ) ) ;
#6337 = CARTESIAN_POINT ( 'NONE',  ( -0.9291338582658962300, 1.110236200018592800, -0.1968503937007874400 ) ) ;
#6338 = CARTESIAN_POINT ( 'NONE',  ( 0.1249919725564404400, -0.01954230118310485900, -2.992125984251968500 ) ) ;
#6339 = VERTEX_POINT ( 'NONE', #4462 ) ;
#6340 = CARTESIAN_POINT ( 'NONE',  ( 0.03051586097098820200, 0.1226143411448661600, 0.7726771653543307300 ) ) ;
#6341 = ORIENTED_EDGE ( 'NONE', *, *, #358, .T. ) ;
#6342 = CARTESIAN_POINT ( 'NONE',  ( 0.7499997401306206500, -0.05884212280250035500, 0.06299212598425216200 ) ) ;
#6343 = CARTESIAN_POINT ( 'NONE',  ( 1.008932729790676900, -0.7469057087232008300, -2.681539807524059500 ) ) ;
#6344 = CARTESIAN_POINT ( 'NONE',  ( 0.7636744025022773600, -1.057499546894264100, -2.992125984251968500 ) ) ;
#6345 = CARTESIAN_POINT ( 'NONE',  ( 1.081609771494819000, 0.7479077349249685400, -2.992125984251968500 ) ) ;
#6346 = CARTESIAN_POINT ( 'NONE',  ( -1.076064190174775600, -0.7549431811966416100, -2.060367454068244600 ) ) ;
#6347 = CARTESIAN_POINT ( 'NONE',  ( 0.1968503101154688000, 1.110236220472441000, -2.681102362196914300 ) ) ;
#6348 = CARTESIAN_POINT ( 'NONE',  ( 1.108627185360423900, -0.7038788558823491100, -1.594488188976378900 ) ) ;
#6349 = CARTESIAN_POINT ( 'NONE',  ( -0.8682354914878504000, -1.014900208985472200, -0.06561679790026378500 ) ) ;
#6350 = CARTESIAN_POINT ( 'NONE',  ( 0.04835183593224016300, 1.137382512314492300, -2.874185003004090500 ) ) ;
#6351 = CARTESIAN_POINT ( 'NONE',  ( 0.0000000000000000000, 1.110236220472441000, -2.681102362212613300 ) ) ;
#6352 = EDGE_CURVE ( 'NONE', #2299, #5818, #5031, .T. ) ;
#6353 = CARTESIAN_POINT ( 'NONE',  ( 0.0000000000000000000, -0.1261928294275669600, 0.7677165354330708300 ) ) ;
#6354 = CARTESIAN_POINT ( 'NONE',  ( -0.1145822516982859500, 0.05000173515613302900, -2.952755905511811100 ) ) ;
#6355 = CARTESIAN_POINT ( 'NONE',  ( 0.7176078221647795900, -1.101663991491527600, -2.060367454068240600 ) ) ;
#6356 = FACE_OUTER_BOUND ( 'NONE', #5608, .T. ) ;
#6357 = CARTESIAN_POINT ( 'NONE',  ( -1.008932729790676900, -0.7469057087232008300, -1.128608923884515600 ) ) ;
#6358 = CARTESIAN_POINT ( 'NONE',  ( -0.7593146768515431900, -1.029023522214547600, -2.992125984251968500 ) ) ;
#6359 = CARTESIAN_POINT ( 'NONE',  ( 0.1651264589199895300, 1.153937007874015400, -2.740535539407900500 ) ) ;
#6360 = CARTESIAN_POINT ( 'NONE',  ( 0.7556667672796139000, 1.074917021823726500, -2.992125984251968500 ) ) ;
#6361 = CARTESIAN_POINT ( 'NONE',  ( -0.1251725047065984900, -0.01871959219484252400, 0.6850393700787402700 ) ) ;
#6362 = CARTESIAN_POINT ( 'NONE',  ( -0.1156637036326063400, 0.06262578429423626400, -3.495188101487315200 ) ) ;
#6363 = CARTESIAN_POINT ( 'NONE',  ( -0.7634200263010158000, 1.036985750691334900, -0.1968503937007874100 ) ) ;
#6364 = CARTESIAN_POINT ( 'NONE',  ( 0.0000000000000000000, 4.110236220472441600, -2.681102362212613300 ) ) ;
#6365 = CARTESIAN_POINT ( 'NONE',  ( 0.03051586097098820200, 0.1226143411448661600, 0.7677165354330708300 ) ) ;
#6366 = CARTESIAN_POINT ( 'NONE',  ( -0.7499999991309596000, 3.053378699144151200E-015, 0.06299212598425199500 ) ) ;
#6367 = CARTESIAN_POINT ( 'NONE',  ( 0.9634718618594920700, -0.7306366061711417900, -2.681539807524059500 ) ) ;
#6368 = CARTESIAN_POINT ( 'NONE',  ( -0.7618448995876850900, -1.065122253766169300, -2.681539807524059500 ) ) ;
#6369 = DIRECTION ( 'NONE',  ( -1.000000000000000000, 0.0000000000000000000, -0.0000000000000000000 ) ) ;
#6370 = CARTESIAN_POINT ( 'NONE',  ( -1.076064190174775600, -0.7549431811966416100, -0.1968503937007874100 ) ) ;
#6371 = CARTESIAN_POINT ( 'NONE',  ( -0.9279527559055117400, -1.031298199610023700, -0.1968503937007874100 ) ) ;
#6372 = LINE ( 'NONE', #541, #2677 ) ;
#6373 = CARTESIAN_POINT ( 'NONE',  ( -0.1191749623152047600, 0.03898024474829923200, 0.7699037620297480800 ) ) ;
#6374 = CARTESIAN_POINT ( 'NONE',  ( 0.04835183593224016300, 1.134251968503936900, -2.874185003004090500 ) ) ;
#6375 = CARTESIAN_POINT ( 'NONE',  ( 1.028952602479413300, 0.7589880794554845200, -2.060367454068244600 ) ) ;
#6376 = CARTESIAN_POINT ( 'NONE',  ( -0.6954048260608386400, -1.110322617515921300, -0.1968503937007874100 ) ) ;
#6377 = ORIENTED_EDGE ( 'NONE', *, *, #5930, .F. ) ;
#6378 = EDGE_CURVE ( 'NONE', #2741, #4501, #955, .T. ) ;
#6379 = CARTESIAN_POINT ( 'NONE',  ( 0.09746816833348823100, 1.110236220472441000, -2.854991320674237000 ) ) ;
#6380 = CARTESIAN_POINT ( 'NONE',  ( -0.0000000000000000000, 1.110236220472441000, -2.838329202522437400 ) ) ;
#6381 = CARTESIAN_POINT ( 'NONE',  ( -1.028953034820992500, 0.7589873557274842100, -0.1968503937007874400 ) ) ;
#6382 = CARTESIAN_POINT ( 'NONE',  ( -0.1251868892878802200, 0.001579271644449370500, 0.7675196850393700700 ) ) ;
#6383 = CARTESIAN_POINT ( 'NONE',  ( -1.029654069748488200, 0.7594092295902990000, -2.992125984251968500 ) ) ;
#6384 = CARTESIAN_POINT ( 'NONE',  ( -0.7499998966439960200, -0.0003937435670787403000, 0.06299212598425198200 ) ) ;
#6385 = CARTESIAN_POINT ( 'NONE',  ( -1.107445675074389500, -0.7072881488253229800, -0.1968503937007874100 ) ) ;
#6386 = CARTESIAN_POINT ( 'NONE',  ( -0.7360189197542156300, 0.1825359026144763000, 0.06299212598425198200 ) ) ;
#6387 = CARTESIAN_POINT ( 'NONE',  ( -1.074917021823726700, 0.7556667672796136800, -2.992125984251968500 ) ) ;
#6388 = ORIENTED_EDGE ( 'NONE', *, *, #5499, .F. ) ;
#6389 = CARTESIAN_POINT ( 'NONE',  ( 0.7253838148664572000, 1.096632244641320600, -0.1968503937007874100 ) ) ;
#6390 = CARTESIAN_POINT ( 'NONE',  ( -0.1557305905232619100, 1.134251968503936900, -2.656896754681580000 ) ) ;
#6391 = DIRECTION ( 'NONE',  ( 0.0000000000000000000, 0.0000000000000000000, 1.000000000000000000 ) ) ;
#6392 = CARTESIAN_POINT ( 'NONE',  ( 0.5373840014121733500, -0.5370372980905314700, 0.0000000000000000000 ) ) ;
#6393 = CARTESIAN_POINT ( 'NONE',  ( -0.07270040754172836500, 0.1062935698246890300, 0.6850393700787402700 ) ) ;
#6394 = CARTESIAN_POINT ( 'NONE',  ( -1.110261735596846700, 0.6910086409841851300, -0.1968503937007874100 ) ) ;
#6395 = ORIENTED_EDGE ( 'NONE', *, *, #1986, .T. ) ;
#6396 = EDGE_CURVE ( 'NONE', #1798, #7898, #2937, .T. ) ;
#6397 = CARTESIAN_POINT ( 'NONE',  ( -1.049803909796291500, 0.7651677351667045500, -0.1968503937007874100 ) ) ;
#6398 =( NAMED_UNIT ( * ) SI_UNIT ( $, .STERADIAN. ) SOLID_ANGLE_UNIT ( ) );
#6399 = CARTESIAN_POINT ( 'NONE',  ( 1.108627185260411300, -0.7038788562212291400, -0.1968503937007873800 ) ) ;
#6400 = CARTESIAN_POINT ( 'NONE',  ( -1.081609771494819000, -0.7479077349249685400, -0.1968503937007874100 ) ) ;
#6401 = CARTESIAN_POINT ( 'NONE',  ( 0.1448347163264528100, -0.02193883921625590700, 0.03674540682414568400 ) ) ;
#6402 = CARTESIAN_POINT ( 'NONE',  ( -0.7589873301296453700, -1.028953050111380800, -0.1968503937007874400 ) ) ;
#6403 = CARTESIAN_POINT ( 'NONE',  ( 1.028953034820995000, 0.7589873557274847700, -2.992125984251968500 ) ) ;
#6404 = ORIENTED_EDGE ( 'NONE', *, *, #3741, .F. ) ;
#6405 = CARTESIAN_POINT ( 'NONE',  ( -0.1238932050269835300, -0.01966523807826216200, -2.952755905511810700 ) ) ;
#6406 = CARTESIAN_POINT ( 'NONE',  ( 0.1969610430417243800, 1.112904636920386100, -2.711449755784003800 ) ) ;
#6407 = CARTESIAN_POINT ( 'NONE',  ( 0.7328273577879370600, 0.9609539274657166200, -2.060367454068244600 ) ) ;
#6408 = CARTESIAN_POINT ( 'NONE',  ( 0.1281816146920219100, 1.153936934959981700, -2.555421574641048900 ) ) ;
#6409 = CARTESIAN_POINT ( 'NONE',  ( -0.1158708332681299600, -0.06227671779484252700, 0.7677165354330708300 ) ) ;
#6410 = CARTESIAN_POINT ( 'NONE',  ( -0.7651677351667045500, -1.049803909796291500, -2.992125984251968500 ) ) ;
#6411 = CARTESIAN_POINT ( 'NONE',  ( -0.6631499799855394800, 0.3699185312724016000, 0.06299212598425198200 ) ) ;
#6412 = ORIENTED_EDGE ( 'NONE', *, *, #6545, .F. ) ;
#6413 = CARTESIAN_POINT ( 'NONE',  ( 0.7499999991309596000, 3.135580912332413000E-015, 0.06299212598425198200 ) ) ;
#6414 = CARTESIAN_POINT ( 'NONE',  ( -0.03051586097098820200, -0.1226143411448661600, 0.7677165354330708300 ) ) ;
#6415 = CARTESIAN_POINT ( 'NONE',  ( 0.7176078221647755900, 1.101663991491527600, -2.060367454068244600 ) ) ;
#6416 = CARTESIAN_POINT ( 'NONE',  ( 0.07784670121729529700, 1.134251968503936900, -2.543888952566362600 ) ) ;
#6417 = ORIENTED_EDGE ( 'NONE', *, *, #1699, .F. ) ;
#6418 = DIRECTION ( 'NONE',  ( 1.000000000000000000, 0.0000000000000000000, 0.0000000000000000000 ) ) ;
#6419 = CARTESIAN_POINT ( 'NONE',  ( 0.0000000000000000000, 0.1460610273873661500, 0.05861767279090159700 ) ) ;
#6420 = CARTESIAN_POINT ( 'NONE',  ( -0.1249949962596299800, -0.001118440903629921800, 0.7677165354330708300 ) ) ;
#6421 = CARTESIAN_POINT ( 'NONE',  ( -0.02631342818096851400, -0.1054392350271024000, 0.7852143482064725100 ) ) ;
#6422 = CARTESIAN_POINT ( 'NONE',  ( 0.8330323139402675500, -0.8770121648875594000, -0.1312335958005236600 ) ) ;
#6423 = CARTESIAN_POINT ( 'NONE',  ( -1.107445675074389500, 0.7072881488253229800, -2.992125984251968500 ) ) ;
#6424 = CARTESIAN_POINT ( 'NONE',  ( -0.7479077349249685400, -1.081609771494815000, -0.5074365704286969400 ) ) ;
#6425 = CARTESIAN_POINT ( 'NONE',  ( 1.065122253766173300, 0.7618448995876850900, -2.681539807524059500 ) ) ;
#6426 = CARTESIAN_POINT ( 'NONE',  ( -1.081609771494819000, -0.7479077349249685400, -2.681539807524059500 ) ) ;
#6427 = CARTESIAN_POINT ( 'NONE',  ( -1.023890032031122200, 1.085874585383008100, -0.02187226596675591000 ) ) ;
#6428 = CARTESIAN_POINT ( 'NONE',  ( 0.0000000000000000000, -0.1460610273873661500, 0.04986876640420077900 ) ) ;
#6429 = VERTEX_POINT ( 'NONE', #1976 ) ;
#6430 = DIRECTION ( 'NONE',  ( -1.000000000000000000, -0.0000000000000000000, -0.0000000000000000000 ) ) ;
#6431 = CARTESIAN_POINT ( 'NONE',  ( 0.7328273577879370600, -0.9609539274657166200, -2.681539807524059500 ) ) ;
#6432 = CARTESIAN_POINT ( 'NONE',  ( 1.030314616339685500, 0.9279527559332242400, -0.1968503937007874100 ) ) ;
#6433 = EDGE_CURVE ( 'NONE', #2249, #2421, #4023, .T. ) ;
#6434 = LINE ( 'NONE', #1643, #435 ) ;
#6435 = CARTESIAN_POINT ( 'NONE',  ( -0.05281992814249297800, -0.1133320361559482000, -2.952755905511811100 ) ) ;
#6436 = EDGE_LOOP ( 'NONE', ( #2287, #279, #7508, #1791 ) ) ;
#6437 = EDGE_LOOP ( 'NONE', ( #3819, #2375, #3076, #2933, #3017, #193, #3415, #1327 ) ) ;
#6438 = CARTESIAN_POINT ( 'NONE',  ( -0.1853889004854055700, 1.112904636920386100, -2.763028651652783600 ) ) ;
#6439 = CARTESIAN_POINT ( 'NONE',  ( 0.7328273577879370600, 0.9609539274657166200, -1.128608923884511800 ) ) ;
#6440 = ADVANCED_FACE ( 'NONE', ( #2334 ), #1600, .T. ) ;
#6441 = CARTESIAN_POINT ( 'NONE',  ( -0.03062850918073843300, -0.1227299824191359100, 0.7675853018372703600 ) ) ;
#6442 = CARTESIAN_POINT ( 'NONE',  ( -0.7566742686776298800, -1.025508191967476900, -1.128608923884511800 ) ) ;
#6443 = CARTESIAN_POINT ( 'NONE',  ( 0.1625365740480053400, 1.153937007874015400, -2.747092611744262700 ) ) ;
#6444 = CARTESIAN_POINT ( 'NONE',  ( 0.7500603502138085700, 1.079822295072445600, -2.992125984251968500 ) ) ;
#6445 = CARTESIAN_POINT ( 'NONE',  ( 0.1249949962596299800, 0.001118440903629921800, 0.7677165354330708300 ) ) ;
#6446 = ORIENTED_EDGE ( 'NONE', *, *, #8119, .T. ) ;
#6447 = CARTESIAN_POINT ( 'NONE',  ( 0.7479053414235590200, 1.081314661062031700, -2.060367454068240600 ) ) ;
#6448 = EDGE_CURVE ( 'NONE', #214, #8256, #6739, .T. ) ;
#6449 = CARTESIAN_POINT ( 'NONE',  ( 0.1249949962596299800, -0.001118440903629921800, -3.495188101487315200 ) ) ;
#6450 = FILL_AREA_STYLE ('',( #4579 ) ) ;
#6451 = CARTESIAN_POINT ( 'NONE',  ( -1.109088367905878100, 0.7023879734236339000, -2.681539807524059500 ) ) ;
#6452 = CARTESIAN_POINT ( 'NONE',  ( 0.07270040754172836500, 0.1062935698246890300, 0.5196850393700788200 ) ) ;
#6453 = LINE ( 'NONE', #1812, #55 ) ;
#6454 = CARTESIAN_POINT ( 'NONE',  ( -0.1037059163895866400, -0.05573847970614567000, 0.7808398950131221200 ) ) ;
#6455 = CARTESIAN_POINT ( 'NONE',  ( 0.9279527559055117400, -0.8246073122010001400, -0.1968503937007874100 ) ) ;
#6456 = CARTESIAN_POINT ( 'NONE',  ( 0.7311036405941849800, 0.9286621932200747100, -2.060367454068240600 ) ) ;
#6457 = CARTESIAN_POINT ( 'NONE',  ( 0.7589873301296459200, -1.028953050111384200, -0.1968503937007873800 ) ) ;
#6458 = DIRECTION ( 'NONE',  ( -0.0000000000000000000, -0.0000000000000000000, 1.000000000000000000 ) ) ;
#6459 = CARTESIAN_POINT ( 'NONE',  ( -1.057805835868256100, -0.7637992319626182300, -2.681539807524059500 ) ) ;
#6460 = CARTESIAN_POINT ( 'NONE',  ( 1.104136452828496300, -0.7137832230396653500, -0.5074365704286969400 ) ) ;
#6461 = CARTESIAN_POINT ( 'NONE',  ( 0.7631258898213054700, -1.060085487004333200, -0.1968503937007874100 ) ) ;
#6462 = DIRECTION ( 'NONE',  ( 0.0000000000000000000, 0.0000000000000000000, -1.000000000000000000 ) ) ;
#6463 = LINE ( 'NONE', #8262, #262 ) ;
#6464 = CARTESIAN_POINT ( 'NONE',  ( -0.08212902792001976200, -0.09444219903129400000, -2.952755905511810700 ) ) ;
#6465 = AXIS2_PLACEMENT_3D ( 'NONE', #2119, #6597, #7217 ) ;
#6466 = CARTESIAN_POINT ( 'NONE',  ( -1.104136452828496300, 0.7137832230396653500, -2.060367454068240600 ) ) ;
#6467 = CARTESIAN_POINT ( 'NONE',  ( -0.7441482841840315600, 1.083913278540055400, -0.1968503937007874100 ) ) ;
#6468 = CARTESIAN_POINT ( 'NONE',  ( 0.03059638698967323900, -0.1226012671780039400, 0.7677165354330708300 ) ) ;
#6469 = CARTESIAN_POINT ( 'NONE',  ( -0.7311036405941849800, 0.9286621932200747100, -0.5074365704286969400 ) ) ;
#6470 = CARTESIAN_POINT ( 'NONE',  ( -0.3702728364785276000, 0.6629341840565985400, 0.05599300087488978000 ) ) ;
#6471 = CARTESIAN_POINT ( 'NONE',  ( 0.1051077783189221700, 0.001325967398459876600, 0.7876003937007877200 ) ) ;
#6472 = CARTESIAN_POINT ( 'NONE',  ( -1.066258947909218600, 0.7611279201994749500, -2.992125984251968500 ) ) ;
#6473 = FACE_OUTER_BOUND ( 'NONE', #1167, .T. ) ;
#6474 = CARTESIAN_POINT ( 'NONE',  ( 0.7252355460546456900, 1.096676596295535400, -0.5074365704286969400 ) ) ;
#6475 = CARTESIAN_POINT ( 'NONE',  ( 0.03051586097098820200, 0.1226143411448661600, -3.359580052493437400 ) ) ;
#6476 = CARTESIAN_POINT ( 'NONE',  ( -0.7593146768515431900, 1.029023522214547600, -1.128608923884515600 ) ) ;
#6477 = CARTESIAN_POINT ( 'NONE',  ( -1.105448062055279800, 0.7119148290572677700, -0.1968503937007874100 ) ) ;
#6478 = CARTESIAN_POINT ( 'NONE',  ( -0.1156637036326063400, 0.06262578429423626400, 0.7677165354330708300 ) ) ;
#6479 = LINE ( 'NONE', #4558, #969 ) ;
#6480 = CARTESIAN_POINT ( 'NONE',  ( 0.02577805832988189900, -0.1032939810082362500, 0.7874015748031496500 ) ) ;
#6481 = CARTESIAN_POINT ( 'NONE',  ( 0.9279527559055117400, -0.8246073122010001400, -0.1749781277340315400 ) ) ;
#6482 = CARTESIAN_POINT ( 'NONE',  ( 1.029654069748488200, -0.7594092295902990000, -1.128608923884515600 ) ) ;
#6483 = ADVANCED_FACE ( 'NONE', ( #4424 ), #4443, .T. ) ;
#6484 = CARTESIAN_POINT ( 'NONE',  ( -1.049803909796291500, 0.7651677351667045500, -0.5074365704286969400 ) ) ;
#6485 = CARTESIAN_POINT ( 'NONE',  ( -0.7589873301296454800, -1.028953050111380800, -2.992125984251968500 ) ) ;
#6486 = CARTESIAN_POINT ( 'NONE',  ( 0.7311023782002935600, 0.9279527559062295000, -2.992125984251966700 ) ) ;
#6487 = DIRECTION ( 'NONE',  ( 0.0000000000000000000, -1.000000000000000000, 0.0000000000000000000 ) ) ;
#6488 = CARTESIAN_POINT ( 'NONE',  ( 1.081314661062031700, -0.7479053414235590200, -0.5074365704286969400 ) ) ;
#6489 = CARTESIAN_POINT ( 'NONE',  ( 0.7310639536100825800, -0.9382553524242599500, -0.5074365704286969400 ) ) ;
#6490 = CARTESIAN_POINT ( 'NONE',  ( -0.7328273577879370600, 0.9609539274657166200, -2.992125984251968500 ) ) ;
#6491 = EDGE_LOOP ( 'NONE', ( #1931, #2217, #2190, #1529 ) ) ;
#6492 = CARTESIAN_POINT ( 'NONE',  ( 1.060986002430181200, 0.7627446526210116500, -2.992125984251968500 ) ) ;
#6493 = CARTESIAN_POINT ( 'NONE',  ( -0.7137832230396693500, 1.104136452828496300, -0.5074365704286969400 ) ) ;
#6494 = VERTEX_POINT ( 'NONE', #4520 ) ;
#6495 = CARTESIAN_POINT ( 'NONE',  ( -1.066889654611260100, -1.047580032597574800, -0.1968503937007874100 ) ) ;
#6496 = CARTESIAN_POINT ( 'NONE',  ( 0.6927299607301763400, -1.110236281231658400, -0.1968503937007874400 ) ) ;
#6497 = CARTESIAN_POINT ( 'NONE',  ( 0.7500308502709094300, 0.05856650093301969700, 0.006999125109362205200 ) ) ;
#6498 = CARTESIAN_POINT ( 'NONE',  ( -0.03526368610020472900, 0.1419330633355000400, 0.02362204724409452300 ) ) ;
#6499 = CARTESIAN_POINT ( 'NONE',  ( -0.02572939321041812400, -0.1030989774179213200, 0.7876003937007877200 ) ) ;
#6500 = CARTESIAN_POINT ( 'NONE',  ( -0.1573015519094055600, 1.144378037797165300, -2.678407331328082700 ) ) ;
#6501 = EDGE_LOOP ( 'NONE', ( #2032, #6299, #6810, #1273 ) ) ;
#6502 = CARTESIAN_POINT ( 'NONE',  ( -0.1968497636963957900, 1.134251968503936900, -2.681102362070596700 ) ) ;
#6503 = CARTESIAN_POINT ( 'NONE',  ( -0.7593146768515431900, 1.029023522214551600, -2.992125984251968500 ) ) ;
#6504 = CARTESIAN_POINT ( 'NONE',  ( -1.103009155936019800, 0.7155729551865434000, -0.1968503937007874100 ) ) ;
#6505 = CARTESIAN_POINT ( 'NONE',  ( 0.09762345795031499000, -0.05246936066179527800, 0.7874015748031496500 ) ) ;
#6506 = CARTESIAN_POINT ( 'NONE',  ( 0.9028841459682126500, -0.8275570291413073500, -0.02187226596675591000 ) ) ;
#6507 = CARTESIAN_POINT ( 'NONE',  ( 0.7376712701478860300, -0.8628714702481337100, -1.128608923884511800 ) ) ;
#6508 = DIRECTION ( 'NONE',  ( -0.0000000000000000000, -0.0000000000000000000, 1.000000000000000000 ) ) ;
#6509 = CARTESIAN_POINT ( 'NONE',  ( 0.7642728007677205300, 1.053941206384275700, -1.128608923884515600 ) ) ;
#6510 = CARTESIAN_POINT ( 'NONE',  ( 0.8682354914878504000, 1.014900208985472200, -0.1968503937007874100 ) ) ;
#6511 = CARTESIAN_POINT ( 'NONE',  ( 0.7499999991309596000, 3.920728765418714300E-015, 0.03149606299212599100 ) ) ;
#6512 = EDGE_LOOP ( 'NONE', ( #6219, #978, #3767, #3612, #1675, #7356, #8306, #2604 ) ) ;
#6513 = CARTESIAN_POINT ( 'NONE',  ( -0.1448347163264528100, -0.02193883921625590700, -2.987751531058617800 ) ) ;
#6514 = EDGE_CURVE ( 'NONE', #7512, #7115, #3570, .T. ) ;
#6515 = CARTESIAN_POINT ( 'NONE',  ( 0.7500603502138075700, -1.079822295072447600, -0.1968503937007874100 ) ) ;
#6516 = CARTESIAN_POINT ( 'NONE',  ( -1.066889654611260100, 1.047580032597574800, -0.1749781277340354800 ) ) ;
#6517 = EDGE_LOOP ( 'NONE', ( #5839, #1014, #7236, #5738 ) ) ;
#6518 = CARTESIAN_POINT ( 'NONE',  ( 1.105448062055279800, -0.7119148290572637800, -2.060367454068240600 ) ) ;
#6519 = CARTESIAN_POINT ( 'NONE',  ( 1.025508191967476900, 0.7566742686776338800, -2.681539807524059500 ) ) ;
#6520 = ADVANCED_FACE ( 'NONE', ( #1720 ), #7220, .T. ) ;
#6521 = CARTESIAN_POINT ( 'NONE',  ( -1.028952602479414000, -0.7589880794554850800, -0.5074365704286969400 ) ) ;
#6522 = CARTESIAN_POINT ( 'NONE',  ( -0.8324966087895316900, 0.7505357138161850000, -1.128608923884515600 ) ) ;
#6523 = CARTESIAN_POINT ( 'NONE',  ( 0.3702728364785316000, 0.6629341840565985400, -0.0000000000000000000 ) ) ;
#6524 = CARTESIAN_POINT ( 'NONE',  ( -1.104400432191188200, -0.7133756011909805400, -0.1968503937007874100 ) ) ;
#6525 = B_SPLINE_CURVE_WITH_KNOTS ( 'NONE', 3,
 ( #1094, #5576, #1765, #1119, #5602, #6891 ),
 .UNSPECIFIED., .F., .F.,
 ( 4, 1, 1, 4 ),
 ( 0.0000000000000000000, 0.2887644307316812900, 0.7100258073629838200, 1.000000000000000000 ),
 .UNSPECIFIED. ) ;
#6526 = CARTESIAN_POINT ( 'NONE',  ( 0.07784670121729529700, 1.137382512314492300, -2.818315771843086500 ) ) ;
#6527 = CARTESIAN_POINT ( 'NONE',  ( 1.057192564065747100, 1.057192564065737600, -0.1968503937007875200 ) ) ;
#6528 = EDGE_LOOP ( 'NONE', ( #4439, #1728, #2479, #2537 ) ) ;
#6529 = CARTESIAN_POINT ( 'NONE',  ( -0.2142136135413897600, -0.7237849185444172900, 0.06299212598425198200 ) ) ;
#6530 = CARTESIAN_POINT ( 'NONE',  ( 1.103009155936019800, 0.7155729551865474000, -0.5074365704286969400 ) ) ;
#6531 = CARTESIAN_POINT ( 'NONE',  ( -0.1446818157067244500, -0.0009658267581614175800, 0.06299212598425198200 ) ) ;
#6532 = ORIENTED_EDGE ( 'NONE', *, *, #8248, .F. ) ;
#6533 = ORIENTED_EDGE ( 'NONE', *, *, #782, .T. ) ;
#6534 = CARTESIAN_POINT ( 'NONE',  ( -0.03006101713858661700, -0.1204560131591378400, 0.7699037620297480800 ) ) ;
#6535 = CARTESIAN_POINT ( 'NONE',  ( 0.8253816619105313100, -0.9129958530717085000, -0.02187226596675591000 ) ) ;
#6536 = CARTESIAN_POINT ( 'NONE',  ( 0.7311036405941849800, -0.9286621932200708200, -0.5074365704286969400 ) ) ;
#6537 = CARTESIAN_POINT ( 'NONE',  ( -1.060986002430181200, 0.7627446526210077700, -1.128608923884515600 ) ) ;
#6538 = FACE_OUTER_BOUND ( 'NONE', #636, .T. ) ;
#6539 = CARTESIAN_POINT ( 'NONE',  ( 0.7549431811966416100, 1.076064190174775600, -2.060367454068244600 ) ) ;
#6540 = CARTESIAN_POINT ( 'NONE',  ( -0.7003745554811732200, 1.109486903909763700, -2.060367454068240600 ) ) ;
#6541 = CARTESIAN_POINT ( 'NONE',  ( -0.6927299607301763400, 1.110236281231659100, -2.992125984251968500 ) ) ;
#6542 = CARTESIAN_POINT ( 'NONE',  ( -0.1337290113004449000, -0.07273870726820080800, -2.987751531058617800 ) ) ;
#6543 = EDGE_LOOP ( 'NONE', ( #3566, #1832, #3330, #5176 ) ) ;
#6544 = CARTESIAN_POINT ( 'NONE',  ( 0.7589879883973900100, 1.028952656870866500, -2.060367454068240600 ) ) ;
#6545 = EDGE_CURVE ( 'NONE', #5818, #1635, #6749, .T. ) ;
#6546 = ORIENTED_EDGE ( 'NONE', *, *, #129, .F. ) ;
#6547 = CARTESIAN_POINT ( 'NONE',  ( -1.056646062823173100, 1.057736748147917400, -0.1749781277340354800 ) ) ;
#6548 = CARTESIAN_POINT ( 'NONE',  ( -0.7061733014393543100, -1.108033091542948800, -2.992125984251968500 ) ) ;
#6549 = CARTESIAN_POINT ( 'NONE',  ( -0.9876700203231734100, -1.014900208985476400, 0.0000000000000000000 ) ) ;
#6550 = CARTESIAN_POINT ( 'NONE',  ( 1.103009155936019800, -0.7155729551865434000, -2.060367454068244600 ) ) ;
#6551 = CARTESIAN_POINT ( 'NONE',  ( -1.081314661062031700, 0.7479053414235590200, -2.992125984251968500 ) ) ;
#6552 = CARTESIAN_POINT ( 'NONE',  ( -0.1446849424173934900, -1.060921562636110400E-011, -2.952755905511810700 ) ) ;
#6553 = CARTESIAN_POINT ( 'NONE',  ( 1.110234704581635900, -0.9457032319186169400, -0.1968503937007880200 ) ) ;
#6554 = CARTESIAN_POINT ( 'NONE',  ( 0.0000000000000000000, 0.7517436483800196100, 0.02099737532808268500 ) ) ;
#6555 = CARTESIAN_POINT ( 'NONE',  ( 1.108626020972166800, -0.7038785125588510300, -2.992125984251969400 ) ) ;
#6556 = B_SPLINE_CURVE_WITH_KNOTS ( 'NONE', 3,
 ( #1715, #391, #6256, #3744, #1830, #2504 ),
 .UNSPECIFIED., .F., .F.,
 ( 4, 1, 1, 4 ),
 ( 1.100507896338281500E-010, 6.406102205057532300E-005, 0.0002228452370980661400, 0.0002868508449861874200 ),
 .UNSPECIFIED. ) ;
#6557 = CARTESIAN_POINT ( 'NONE',  ( 0.07863490594924017800, 1.144378037797165300, -2.819705069746172300 ) ) ;
#6558 = CARTESIAN_POINT ( 'NONE',  ( 0.8255996794046417400, -0.9265857566923937400, -0.1312335958005236600 ) ) ;
#6559 = LINE ( 'NONE', #4584, #1334 ) ;
#6560 = CARTESIAN_POINT ( 'NONE',  ( 0.3702728364785276000, -0.6629341840565985400, 0.05599300087488978000 ) ) ;
#6561 = EDGE_CURVE ( 'NONE', #5113, #6031, #7293, .T. ) ;
#6562 = CARTESIAN_POINT ( 'NONE',  ( -0.1251725047065984900, 0.01871959219484252400, -2.952755905511811100 ) ) ;
#6563 = CARTESIAN_POINT ( 'NONE',  ( 1.047580032597574800, 1.066889654611260100, -0.1749781277340315400 ) ) ;
#6564 = CARTESIAN_POINT ( 'NONE',  ( 0.1446818157067244500, -0.0009658267581614175800, 0.03674540682414568400 ) ) ;
#6565 = CARTESIAN_POINT ( 'NONE',  ( 1.030305832406381800, 0.9293197551186300800, -0.1749781277340315400 ) ) ;
#6566 = CARTESIAN_POINT ( 'NONE',  ( -0.1337290113004449000, 0.07273870726820080800, -2.979002624671917700 ) ) ;
#6567 = CARTESIAN_POINT ( 'NONE',  ( 0.7311036405941849800, -0.9286621932200747100, -2.060367454068240600 ) ) ;
#6568 = ADVANCED_FACE ( 'NONE', ( #2133 ), #7146, .T. ) ;
#6569 = CARTESIAN_POINT ( 'NONE',  ( 0.03051586097098820200, 0.1226143411448661600, 0.02362204724409449500 ) ) ;
#6570 = CARTESIAN_POINT ( 'NONE',  ( 0.7618448995876850900, 1.065122253766169300, -0.5074365704286969400 ) ) ;
#6571 = FACE_OUTER_BOUND ( 'NONE', #8129, .T. ) ;
#6572 = CARTESIAN_POINT ( 'NONE',  ( 0.03526368610020472900, -0.1419330633355000400, -2.965879265091863300 ) ) ;
#6573 = CARTESIAN_POINT ( 'NONE',  ( 1.056646062823173100, -1.057736748147917400, -0.06561679790026378500 ) ) ;
#6574 = CARTESIAN_POINT ( 'NONE',  ( -1.056646062823173100, 1.057736748147917400, -0.06561679790026378500 ) ) ;
#6575 = CARTESIAN_POINT ( 'NONE',  ( -0.7003745554811694500, -1.109486903909763700, -0.5074365704286969400 ) ) ;
#6576 = CARTESIAN_POINT ( 'NONE',  ( 0.1126849525755905800, 1.134251968503936900, -2.570615896417070900 ) ) ;
#6577 = CARTESIAN_POINT ( 'NONE',  ( -0.1249998257359469900, 3.561179818401826700E-011, 0.7677165422678051700 ) ) ;
#6578 = MECHANICAL_DESIGN_GEOMETRIC_PRESENTATION_REPRESENTATION (  '', ( #1101 ), #3557 ) ;
#6579 = LINE ( 'NONE', #3097, #2472 ) ;
#6580 = CARTESIAN_POINT ( 'NONE',  ( -1.083913278540055400, 0.7441482841840275600, -2.992125984251968500 ) ) ;
#6581 = CARTESIAN_POINT ( 'NONE',  ( -1.105682788051606500, -0.9788576969563070900, -0.1968503937007874100 ) ) ;
#6582 = CARTESIAN_POINT ( 'NONE',  ( -0.7738167753536416800, 0.7980368589790987100, -0.1968503937007874100 ) ) ;
#6583 = CARTESIAN_POINT ( 'NONE',  ( 0.7499998966439960200, -0.0003937435670787403000, 0.006999125109362205200 ) ) ;
#6584 = CARTESIAN_POINT ( 'NONE',  ( -0.08401568594263388000, 0.1231026060500197600, 0.02362204724409452300 ) ) ;
#6585 = CARTESIAN_POINT ( 'NONE',  ( 0.1557248242963858700, 1.137382512314492300, -2.678434345235760200 ) ) ;
#6586 = CARTESIAN_POINT ( 'NONE',  ( 0.9028841459682126500, -1.028348482669716500, -0.1312335958005236600 ) ) ;
#6587 = VERTEX_POINT ( 'NONE', #7491 ) ;
#6588 = CARTESIAN_POINT ( 'NONE',  ( 0.3702728364785276000, -0.6629341840565985400, 0.04199475065616930400 ) ) ;
#6589 = CARTESIAN_POINT ( 'NONE',  ( 0.0000000000000000000, 0.1261928294275669600, -2.952755905511811100 ) ) ;
#6590 = CARTESIAN_POINT ( 'NONE',  ( 0.7605331936007381200, -1.031542260286327600, -0.1968503937007874100 ) ) ;
#6591 = CARTESIAN_POINT ( 'NONE',  ( 0.1448347163264528100, 0.02193883921625590700, 0.02362204724409449500 ) ) ;
#6592 = CARTESIAN_POINT ( 'NONE',  ( 1.030523849900492500, 0.9129958530717085000, -0.06561679790026378500 ) ) ;
#6593 = CARTESIAN_POINT ( 'NONE',  ( -0.03526368610020472900, 0.1419330633355000400, -2.965879265091863300 ) ) ;
#6594 = CARTESIAN_POINT ( 'NONE',  ( 0.8324966087895316900, 0.7505357138161811200, -2.060367454068240600 ) ) ;
#6595 = ORIENTED_EDGE ( 'NONE', *, *, #2636, .T. ) ;
#6596 = EDGE_CURVE ( 'NONE', #806, #4227, #1424, .T. ) ;
#6597 = DIRECTION ( 'NONE',  ( 0.0000000000000000000, 0.0000000000000000000, -1.000000000000000000 ) ) ;
#6598 = CARTESIAN_POINT ( 'NONE',  ( -0.7137832230396693500, 1.104136452828496300, -2.992125984251968500 ) ) ;
#6599 = CARTESIAN_POINT ( 'NONE',  ( -0.1448347163264528100, -0.02193883921625590700, -2.965879265091866800 ) ) ;
#6600 = CARTESIAN_POINT ( 'NONE',  ( -1.085874585383008100, 1.023890032031122200, -0.1968503937007874100 ) ) ;
#6601 = DIRECTION ( 'NONE',  ( -0.0000000000000000000, -0.0000000000000000000, -1.000000000000000000 ) ) ;
#6602 = ORIENTED_EDGE ( 'NONE', *, *, #878, .F. ) ;
#6603 = CARTESIAN_POINT ( 'NONE',  ( 0.9282311026850591500, 1.110233970439102400, 0.0000000000000000000 ) ) ;
#6604 = CARTESIAN_POINT ( 'NONE',  ( 1.103009155936019800, -0.7155729551865434000, -0.1968503937007874100 ) ) ;
#6605 = CARTESIAN_POINT ( 'NONE',  ( -0.1153413783907373700, 0.06295339485519536900, 0.02362204724409449500 ) ) ;
#6606 = ADVANCED_FACE ( 'NONE', ( #5943, #1625, #5131, #4926, #1117, #8155 ), #7373, .T. ) ;
#6607 = CARTESIAN_POINT ( 'NONE',  ( 1.108626020972166800, 0.7038785125588548100, -0.1968503937007873800 ) ) ;
#6608 = CARTESIAN_POINT ( 'NONE',  ( 1.110038567578169400, 0.6887898905127283200, -1.128608923884515600 ) ) ;
#6609 = CARTESIAN_POINT ( 'NONE',  ( -0.7360730235907874100, 0.1823967744873268300, 0.04199475065616930400 ) ) ;
#6610 = DIRECTION ( 'NONE',  ( -0.0000000000000000000, -1.000000000000000000, -0.0000000000000000000 ) ) ;
#6611 = B_SPLINE_CURVE_WITH_KNOTS ( 'NONE', 3,
 ( #3107, #1857, #4317, #5048, #5719, #7603, #7632, #1801, #6284, #7008, #1178 ),
 .UNSPECIFIED., .F., .F.,
 ( 4, 1, 1, 1, 1, 1, 1, 1, 4 ),
 ( 2.082061808147764500E-012, 0.001330758890014089800, 0.002699622016315597400, 0.003384053579466400800, 0.004068485142617104900, 0.004752916705767904400, 0.005437348268918612000, 0.006806211395220117400, 0.008136970284692018500 ),
 .UNSPECIFIED. ) ;
#6612 = ORIENTED_EDGE ( 'NONE', *, *, #2111, .T. ) ;
#6613 = EDGE_CURVE ( 'NONE', #4199, #5420, #5999, .T. ) ;
#6614 = CARTESIAN_POINT ( 'NONE',  ( 0.03051586097098820200, -0.1226143411448661600, 0.02362204724409449500 ) ) ;
#6615 = CARTESIAN_POINT ( 'NONE',  ( -1.025508191967476900, -0.7566742686776338800, -0.1968503937007874100 ) ) ;
#6616 = CARTESIAN_POINT ( 'NONE',  ( 0.08968624851009841800, -0.7465127032399607700, 0.05599300087488978000 ) ) ;
#6617 = CARTESIAN_POINT ( 'NONE',  ( 0.7023879734236379000, -1.109088367905878100, -1.128608923884511800 ) ) ;
#6618 = VERTEX_POINT ( 'NONE', #4102 ) ;
#6619 = CARTESIAN_POINT ( 'NONE',  ( -0.1468462652438054200, 1.134251968503936900, -2.745090208927190900 ) ) ;
#6620 = CARTESIAN_POINT ( 'NONE',  ( 0.0000000000000000000, 0.1460610273873661500, 0.02799650043744489000 ) ) ;
#6621 = CARTESIAN_POINT ( 'NONE',  ( 0.8253816619105313100, 0.9129958530717085000, -0.1749781277340315400 ) ) ;
#6622 = CARTESIAN_POINT ( 'NONE',  ( -0.1448347163264528100, 0.02193883921625590700, -2.987751531058617800 ) ) ;
#6623 = CARTESIAN_POINT ( 'NONE',  ( 1.029654069748492400, 0.7594092295902990000, -1.128608923884511800 ) ) ;
#6624 = CARTESIAN_POINT ( 'NONE',  ( 0.7479077349249685400, 1.081609771494819000, -2.992125984251968500 ) ) ;
#6625 = ORIENTED_EDGE ( 'NONE', *, *, #5109, .T. ) ;
#6626 = CARTESIAN_POINT ( 'NONE',  ( 0.1337290113004449000, -0.07273870726820080800, -2.952755905511811100 ) ) ;
#6627 = CARTESIAN_POINT ( 'NONE',  ( -1.022481225820776700, 0.9792942676504878800, 0.0000000000000000000 ) ) ;
#6628 = CARTESIAN_POINT ( 'NONE',  ( -0.7311032995713802100, -0.9071630692873152700, -2.992125984251973400 ) ) ;
#6629 = VERTEX_POINT ( 'NONE', #1502 ) ;
#6630 = EDGE_LOOP ( 'NONE', ( #701, #6046 ) ) ;
#6631 = CARTESIAN_POINT ( 'NONE',  ( -0.9028841459682126500, 0.8275570291413073500, 0.0000000000000000000 ) ) ;
#6632 = CARTESIAN_POINT ( 'NONE',  ( -0.9876700203231734100, 0.8410053028255472000, -0.1312335958005236600 ) ) ;
#6633 = CARTESIAN_POINT ( 'NONE',  ( 1.108204637752976400, 0.7053811463581142200, -1.128608923884515600 ) ) ;
#6634 = CARTESIAN_POINT ( 'NONE',  ( -1.110236281231659100, 0.6927299607301727900, -0.1968503937007874700 ) ) ;
#6635 = VECTOR ( 'NONE', #5363, 39.37007874015748100 ) ;
#6636 = CARTESIAN_POINT ( 'NONE',  ( 0.1557450946406299700, 1.118241469816271700, -2.680205304754929200 ) ) ;
#6637 = CARTESIAN_POINT ( 'NONE',  ( -0.04317389789997245300, 1.153934119375358300, -2.853508022908306500 ) ) ;
#6638 = CARTESIAN_POINT ( 'NONE',  ( 0.9530213658428109400, -1.028348482669716500, -0.06561679790026378500 ) ) ;
#6639 = ORIENTED_EDGE ( 'NONE', *, *, #8135, .T. ) ;
#6640 = B_SPLINE_CURVE_WITH_KNOTS ( 'NONE', 3,
 ( #1099, #3053, #6840, #6223, #2948, #7496, #4961, #2341, #522, #6811, #6896 ),
 .UNSPECIFIED., .F., .F.,
 ( 4, 1, 1, 1, 1, 1, 1, 1, 4 ),
 ( 2.776184701340841100E-012, 0.001330758891658046300, 0.002699622017351728600, 0.003384053580198619300, 0.004068485143045410700, 0.004752916705892297100, 0.005437348268739092400, 0.006806211394432773300, 0.008136970283313773800 ),
 .UNSPECIFIED. ) ;
#6641 = ORIENTED_EDGE ( 'NONE', *, *, #5735, .F. ) ;
#6642 = CARTESIAN_POINT ( 'NONE',  ( 0.7360730235907874100, -0.1823967744873268300, 0.02099737532808268500 ) ) ;
#6643 = CARTESIAN_POINT ( 'NONE',  ( 0.7155729551865474000, -1.103009155936019800, -2.681539807524059500 ) ) ;
#6644 = CARTESIAN_POINT ( 'NONE',  ( -0.7475806083234700600, 1.081538273903767300, -0.1968503937007873800 ) ) ;
#6645 = CARTESIAN_POINT ( 'NONE',  ( 0.1448347163264528100, 0.02193883921625590700, 0.03674540682414568400 ) ) ;
#6646 = VERTEX_POINT ( 'NONE', #1532 ) ;
#6647 = CARTESIAN_POINT ( 'NONE',  ( 0.9530213658428109400, 0.8275570291413073500, -0.02187226596675591000 ) ) ;
#6648 = CARTESIAN_POINT ( 'NONE',  ( 0.03526368610020472900, 0.1419330633355000400, -2.979002624671921200 ) ) ;
#6649 = CARTESIAN_POINT ( 'NONE',  ( 0.7376712701478820300, 0.8628714702481337100, -0.1968503937007874100 ) ) ;
#6650 = CARTESIAN_POINT ( 'NONE',  ( 0.7155729551865434000, 1.103009155936019800, -1.128608923884515600 ) ) ;
#6651 = CARTESIAN_POINT ( 'NONE',  ( 1.065122253766173300, 0.7618448995876850900, -0.1968503937007874100 ) ) ;
#6652 = CARTESIAN_POINT ( 'NONE',  ( 0.1252887749351746800, 0.01169885169276654000, 0.7675853018372703600 ) ) ;
#6653 = EDGE_CURVE ( 'NONE', #5035, #7351, #7952, .T. ) ;
#6654 = CARTESIAN_POINT ( 'NONE',  ( -0.04788271554519685900, 1.118241469816275500, -2.487949462238366200 ) ) ;
#6655 = FACE_OUTER_BOUND ( 'NONE', #94, .T. ) ;
#6656 = CARTESIAN_POINT ( 'NONE',  ( -0.8334242859743973300, -0.9792942676342765200, 0.0000000000000000000 ) ) ;
#6657 = CARTESIAN_POINT ( 'NONE',  ( 1.023890032031122200, -1.085874585383008100, -0.1968503937007874100 ) ) ;
#6658 = CARTESIAN_POINT ( 'NONE',  ( 0.7651677351667045500, 1.049803909796291500, -2.060367454068240600 ) ) ;
#6659 = CARTESIAN_POINT ( 'NONE',  ( -0.8255996794046417400, 0.9293197551186300800, -0.1312335958005236600 ) ) ;
#6660 = CARTESIAN_POINT ( 'NONE',  ( 0.7003911346322527800, -1.109563216913673100, -0.1968503937007874100 ) ) ;
#6661 = CARTESIAN_POINT ( 'NONE',  ( 0.0000000000000000000, 1.153934119375358300, -2.502581958432692900 ) ) ;
#6662 = CARTESIAN_POINT ( 'NONE',  ( 0.09038153715239767600, 1.110236220472441000, -2.813647702036685700 ) ) ;
#6663 = CARTESIAN_POINT ( 'NONE',  ( 1.104136452828496300, 0.7137832230396693500, -2.060367454068240600 ) ) ;
#6664 = CARTESIAN_POINT ( 'NONE',  ( 0.8330323139402675500, -0.9788933469234645200, 0.0000000000000000000 ) ) ;
#6665 = CARTESIAN_POINT ( 'NONE',  ( -0.5373840014121733500, -0.5370372980905274700, 0.006999125109362205200 ) ) ;
#6666 = CARTESIAN_POINT ( 'NONE',  ( 1.066889654611260100, 1.047580032597574800, -0.1968503937007874100 ) ) ;
#6667 = CARTESIAN_POINT ( 'NONE',  ( 0.1726754075288836300, 1.153937007874015400, -2.650345666325695200 ) ) ;
#6668 = CARTESIAN_POINT ( 'NONE',  ( -1.081609771494815000, 0.7479077349249685400, -0.5074365704286969400 ) ) ;
#6669 = VECTOR ( 'NONE', #3500, 39.37007874015748100 ) ;
#6670 = CARTESIAN_POINT ( 'NONE',  ( 0.7053811463581142200, -1.108204637752976400, -2.681539807524059500 ) ) ;
#6671 = CARTESIAN_POINT ( 'NONE',  ( 1.030523849900492500, 0.9129958530717085000, -0.1312335958005236600 ) ) ;
#6672 = CARTESIAN_POINT ( 'NONE',  ( 0.8330323139402675500, -0.8770121648875594000, 0.0000000000000000000 ) ) ;
#6673 = CARTESIAN_POINT ( 'NONE',  ( -0.1968503101154697500, 1.110236220472441400, -2.681102362189102400 ) ) ;
#6674 = CARTESIAN_POINT ( 'NONE',  ( -0.7176078221647795900, 1.101663991491527600, -1.128608923884511800 ) ) ;
#6675 = CARTESIAN_POINT ( 'NONE',  ( 1.057805835868256100, 0.7637992319626182300, -0.5074365704286969400 ) ) ;
#6676 = CARTESIAN_POINT ( 'NONE',  ( 0.06071064174733073500, 0.1067576474527401800, 0.7699037620297480800 ) ) ;
#6677 = CARTESIAN_POINT ( 'NONE',  ( -1.053941206384279700, -0.7642728007677244100, -2.992125984251968500 ) ) ;
#6678 = ORIENTED_EDGE ( 'NONE', *, *, #5960, .F. ) ;
#6679 = CARTESIAN_POINT ( 'NONE',  ( -0.1968491153113268200, 1.134251968503936900, -2.681811799519282900 ) ) ;
#6680 = CARTESIAN_POINT ( 'NONE',  ( -1.103009155936019800, -0.7155729551865474000, -0.1968503937007874100 ) ) ;
#6681 = CARTESIAN_POINT ( 'NONE',  ( 0.1661261782249960900, 1.152548769262433000, -2.657408424581744600 ) ) ;
#6682 = CARTESIAN_POINT ( 'NONE',  ( 1.023890032031122200, -1.085874585383008100, -0.02187226596675591000 ) ) ;
#6683 = CARTESIAN_POINT ( 'NONE',  ( 1.030523849900492500, 0.9429096587393148700, -0.1968503937007874100 ) ) ;
#6684 = AXIS2_PLACEMENT_3D ( 'NONE', #4398, #8268, #528 ) ;
#6685 = CARTESIAN_POINT ( 'NONE',  ( 0.1249919725812859800, 0.01954230107134259300, 0.02362204724409449500 ) ) ;
#6686 = ORIENTED_EDGE ( 'NONE', *, *, #6876, .T. ) ;
#6687 = CARTESIAN_POINT ( 'NONE',  ( -0.9028841459682126500, 0.8275570291413073500, -0.1749781277340354800 ) ) ;
#6688 = CARTESIAN_POINT ( 'NONE',  ( -1.038329624928468100, -0.7636032586122536400, -0.1968503937007874100 ) ) ;
#6689 = CARTESIAN_POINT ( 'NONE',  ( 0.09038153715239767600, 1.126246719160106400, -2.813647702036685700 ) ) ;
#6690 = CARTESIAN_POINT ( 'NONE',  ( -0.1656716019029803600, 1.152548769262433000, -2.678263928145484300 ) ) ;
#6691 = CARTESIAN_POINT ( 'NONE',  ( 0.06319359513646126400, 0.08521289752792253500, 0.7874015747567735300 ) ) ;
#6692 = B_SPLINE_CURVE_WITH_KNOTS ( 'NONE', 3,
 ( #171, #4836, #996, #1583, #841, #339, #1638, #5456, #2069, #2871, #5260 ),
 .UNSPECIFIED., .F., .F.,
 ( 4, 1, 1, 1, 1, 1, 1, 1, 4 ),
 ( 0.0000000000000000000, 0.1653140962411853700, 0.3326570481205924900, 0.4163285240603001900, 0.4999999999999991100, 0.5836714759397065900, 0.6673429518794060700, 0.8346859037588135700, 1.000000000000000000 ),
 .UNSPECIFIED. ) ;
#6693 = ORIENTED_EDGE ( 'NONE', *, *, #6983, .T. ) ;
#6694 = CARTESIAN_POINT ( 'NONE',  ( 1.057499546894264300, 0.7636744025022773600, -2.992125984251968500 ) ) ;
#6695 = CARTESIAN_POINT ( 'NONE',  ( 0.1650498317492855900, 1.153937007874015400, -2.621708133240080700 ) ) ;
#6696 = CARTESIAN_POINT ( 'NONE',  ( -0.7649861758560708700, 1.048472305788082300, -2.992125984251969000 ) ) ;
#6697 = CARTESIAN_POINT ( 'NONE',  ( 0.8253816619105313100, 0.9129958530717085000, 0.0000000000000000000 ) ) ;
#6698 = CARTESIAN_POINT ( 'NONE',  ( -0.08401568594263388000, 0.1231026060500197600, -2.952755905511811100 ) ) ;
#6699 = CARTESIAN_POINT ( 'NONE',  ( 0.7310279753857676900, 0.9076672032026179600, -0.5074365704286969400 ) ) ;
#6700 = EDGE_CURVE ( 'NONE', #5398, #6835, #904, .T. ) ;
#6701 = CARTESIAN_POINT ( 'NONE',  ( -0.6927299607347681100, -1.110236220472441000, -1.496062992125984500 ) ) ;
#6702 = ORIENTED_EDGE ( 'NONE', *, *, #916, .F. ) ;
#6703 = CARTESIAN_POINT ( 'NONE',  ( 0.1214247478905247800, 0.03971611401691804000, 0.7675853018372703600 ) ) ;
#6704 = CARTESIAN_POINT ( 'NONE',  ( 0.7072881488253189900, 1.107445675074389500, -1.128608923884515600 ) ) ;
#6705 = CARTESIAN_POINT ( 'NONE',  ( -0.04788271554519685900, 1.134251968503936900, -2.487949462238366200 ) ) ;
#6706 = CARTESIAN_POINT ( 'NONE',  ( 1.104400432191188200, 0.7133756011909805400, -0.1968503937007874100 ) ) ;
#6707 = CARTESIAN_POINT ( 'NONE',  ( 1.110233970439102400, -0.9282311026850591500, 0.0000000000000000000 ) ) ;
#6708 = CARTESIAN_POINT ( 'NONE',  ( -0.07863490594924017800, 1.144378037797165300, -2.542499654663275900 ) ) ;
#6709 = ORIENTED_EDGE ( 'NONE', *, *, #68, .F. ) ;
#6710 = CARTESIAN_POINT ( 'NONE',  ( 1.047580032597574800, -1.066889654611260100, -0.1968503937007874100 ) ) ;
#6711 = B_SPLINE_CURVE_WITH_KNOTS ( 'NONE', 3,
 ( #5888, #6524, #4024, #792, #7822, #3405 ),
 .UNSPECIFIED., .F., .F.,
 ( 4, 1, 1, 4 ),
 ( 0.0000000000000000000, 0.2233249047147309600, 0.7768679091368146900, 1.000000000000000000 ),
 .UNSPECIFIED. ) ;
#6712 = CARTESIAN_POINT ( 'NONE',  ( 0.7639149224034330600, 1.057272500430996200, -2.681539807524059500 ) ) ;
#6713 = DIRECTION ( 'NONE',  ( -1.000000000000000000, 0.0000000000000000000, 0.0000000000000000000 ) ) ;
#6714 = CARTESIAN_POINT ( 'NONE',  ( -1.030305832406381800, 0.9293197551186300800, -0.06561679790026378500 ) ) ;
#6715 = CARTESIAN_POINT ( 'NONE',  ( 0.1674237170943898000, 1.153934119375358300, -2.609409000992542800 ) ) ;
#6716 = CARTESIAN_POINT ( 'NONE',  ( -0.03793485271320473600, 1.112904636920386100, -2.833891715706975800 ) ) ;
#6717 = CARTESIAN_POINT ( 'NONE',  ( 0.1655960632674287300, 1.152452275165574100, -2.681102362204708500 ) ) ;
#6718 = EDGE_CURVE ( 'NONE', #3715, #1318, #2831, .T. ) ;
#6719 = CARTESIAN_POINT ( 'NONE',  ( -1.029023522214551600, -0.7593146768515431900, -2.060367454068240600 ) ) ;
#6720 = VERTEX_POINT ( 'NONE', #2826 ) ;
#6721 = CARTESIAN_POINT ( 'NONE',  ( 0.09136977478703695000, -0.05278009899181646700, 0.7874013486425219800 ) ) ;
#6722 = CARTESIAN_POINT ( 'NONE',  ( -0.7589873301296458100, 1.028953050111383900, -2.992125984251968500 ) ) ;
#6723 = CARTESIAN_POINT ( 'NONE',  ( 0.7173146837074369000, -1.101616661993956900, -2.681539807524059500 ) ) ;
#6724 = CARTESIAN_POINT ( 'NONE',  ( 0.1694173181525957800, 1.153937007874015700, -2.635114239820552500 ) ) ;
#6725 = CARTESIAN_POINT ( 'NONE',  ( -0.7155729551865434000, -1.103009155936019800, -0.1968503937007874100 ) ) ;
#6726 = CARTESIAN_POINT ( 'NONE',  ( 0.7440480963253939300, -1.083715119910519700, -2.060367454068240600 ) ) ;
#6727 = VERTEX_POINT ( 'NONE', #6634 ) ;
#6728 = CARTESIAN_POINT ( 'NONE',  ( 1.030305832406381800, 0.9293197551186300800, 0.0000000000000000000 ) ) ;
#6729 = CARTESIAN_POINT ( 'NONE',  ( 0.1446818157067244500, -0.0009658267581614175800, -2.952755905511811100 ) ) ;
#6730 = CARTESIAN_POINT ( 'NONE',  ( -0.7549431811966416100, 1.076064190174775600, -2.992125984251968500 ) ) ;
#6731 = VECTOR ( 'NONE', #2797, 39.37007874015748100 ) ;
#6732 = CARTESIAN_POINT ( 'NONE',  ( 0.09749743985028348800, 0.07937183771986221200, 0.7699037620297480800 ) ) ;
#6733 = CARTESIAN_POINT ( 'NONE',  ( 0.6954048260608386400, 1.110322617515925500, -2.681539807524059500 ) ) ;
#6734 = EDGE_LOOP ( 'NONE', ( #5992, #6825, #3501, #840 ) ) ;
#6735 = ORIENTED_EDGE ( 'NONE', *, *, #2964, .T. ) ;
#6736 = CARTESIAN_POINT ( 'NONE',  ( 0.1968491153113268200, 1.134251968503936900, -2.681811799519282900 ) ) ;
#6737 = CARTESIAN_POINT ( 'NONE',  ( 1.036985750691334900, -0.7634200263010119100, -0.5074365704286969400 ) ) ;
#6738 = CARTESIAN_POINT ( 'NONE',  ( 1.105682788051602500, -0.9788576969563070900, -0.06561679790026378500 ) ) ;
#6739 = LINE ( 'NONE', #190, #6635 ) ;
#6740 = CARTESIAN_POINT ( 'NONE',  ( 1.060085487004333000, 0.7631258898213046900, -0.1968503937007874100 ) ) ;
#6741 = CARTESIAN_POINT ( 'NONE',  ( -1.008420413410694900, -0.7467228160244968600, -2.992125984251973400 ) ) ;
#6742 = CARTESIAN_POINT ( 'NONE',  ( 0.7627446526210077700, 1.060986002430181200, -2.681539807524059500 ) ) ;
#6743 = CARTESIAN_POINT ( 'NONE',  ( -0.8682354914878504000, 1.014900208985472200, -0.1968503937007874100 ) ) ;
#6744 = EDGE_LOOP ( 'NONE', ( #8011, #1377 ) ) ;
#6745 = CARTESIAN_POINT ( 'NONE',  ( -0.8253816619105313100, 0.9129958530717085000, -0.1749781277340354800 ) ) ;
#6746 = CARTESIAN_POINT ( 'NONE',  ( 0.1952447811012048000, 1.144378037797165300, -2.684447470420023900 ) ) ;
#6747 = CARTESIAN_POINT ( 'NONE',  ( 0.03793485271320473600, 1.118241469816271700, -2.833891715706971400 ) ) ;
#6748 = CARTESIAN_POINT ( 'NONE',  ( -1.060986002430181200, -0.7627446526210116500, -2.060367454068240600 ) ) ;
#6749 = B_SPLINE_CURVE_WITH_KNOTS ( 'NONE', 3,
 ( #6916, #8200, #4337, #7570, #5657, #3073 ),
 .UNSPECIFIED., .F., .F.,
 ( 4, 1, 1, 4 ),
 ( 0.0000000000000000000, 0.001198132416100856900, 0.002418024191697981700, 0.003616193483198523900 ),
 .UNSPECIFIED. ) ;
#6750 = CARTESIAN_POINT ( 'NONE',  ( 0.05584808701197806900, -0.08927545719106735900, 0.7873914402352145700 ) ) ;
#6751 = CARTESIAN_POINT ( 'NONE',  ( 0.7651677351667085500, -1.049803909796291500, -2.060367454068240600 ) ) ;
#6752 = CARTESIAN_POINT ( 'NONE',  ( 0.1500241047469862700, 1.153937007874015700, -2.590129098968345600 ) ) ;
#6753 = CARTESIAN_POINT ( 'NONE',  ( -0.7252355460546456900, -1.096676596295535400, -0.5074365704286969400 ) ) ;
#6754 = DIRECTION ( 'NONE',  ( -0.0000000000000000000, -0.0000000000000000000, 1.000000000000000000 ) ) ;
#6755 = CARTESIAN_POINT ( 'NONE',  ( 0.8330323139402675500, 0.8770121648875555100, 0.0000000000000000000 ) ) ;
#6756 = CARTESIAN_POINT ( 'NONE',  ( 1.096676596295535400, 0.7252355460546456900, -0.5074365704286969400 ) ) ;
#6757 = CARTESIAN_POINT ( 'NONE',  ( -0.7440480963253939300, 1.083715119910519700, -2.681539807524059500 ) ) ;
#6758 = ADVANCED_FACE ( 'NONE', ( #6333 ), #7278, .T. ) ;
#6759 = CARTESIAN_POINT ( 'NONE',  ( 0.06179186421834648200, 0.1086589412631180900, 0.7677165354330708300 ) ) ;
#6760 = CARTESIAN_POINT ( 'NONE',  ( 0.1557450946406299700, 1.134251968503936900, -2.681999419654519800 ) ) ;
#6761 = DIRECTION ( 'NONE',  ( -1.000000000000000000, 0.0000000000000000000, 0.0000000000000000000 ) ) ;
#6762 = CARTESIAN_POINT ( 'NONE',  ( -1.105448062055279800, -0.7119148290572677700, -0.5074365704286969400 ) ) ;
#6763 = CARTESIAN_POINT ( 'NONE',  ( -1.107445675074389500, -0.7072881488253269800, -2.060367454068244600 ) ) ;
#6764 = CARTESIAN_POINT ( 'NONE',  ( 1.105682788051606500, -0.9788576969563110900, 0.0000000000000000000 ) ) ;
#6765 = CARTESIAN_POINT ( 'NONE',  ( -0.1568835465536693500, 1.152548769262433000, -2.613922461014389900 ) ) ;
#6766 = CARTESIAN_POINT ( 'NONE',  ( 1.025508191967476900, -0.7566742686776338800, -0.1968503937007874100 ) ) ;
#6767 = EDGE_CURVE ( 'NONE', #4615, #789, #6434, .T. ) ;
#6768 = B_SPLINE_CURVE_WITH_KNOTS ( 'NONE', 3,
 ( #2774, #877, #5353, #2161, #7482, #1645, #6823, #7455, #426 ),
 .UNSPECIFIED., .F., .F.,
 ( 4, 1, 1, 1, 1, 1, 4 ),
 ( 0.0000000000000000000, 0.001736987770778305300, 0.003493777875711820800, 0.005250567980645446200, 0.007007358085578974500, 0.008764148190512494100, 0.01050116531901099100 ),
 .UNSPECIFIED. ) ;
#6769 = CARTESIAN_POINT ( 'NONE',  ( 0.7634200263010158000, 1.036985750691334900, -2.060367454068240600 ) ) ;
#6770 = FACE_OUTER_BOUND ( 'NONE', #7243, .T. ) ;
#6771 = CARTESIAN_POINT ( 'NONE',  ( -0.1076375334393267900, 0.01005066528053543500, 0.7852143482064725100 ) ) ;
#6772 = CARTESIAN_POINT ( 'NONE',  ( 0.1873874854177716700, 1.152548769262433000, -2.654376006140586300 ) ) ;
#6773 = CARTESIAN_POINT ( 'NONE',  ( 0.1952447811012048000, 1.144378037797165300, -2.677757253989429700 ) ) ;
#6774 = LINE ( 'NONE', #7922, #7687 ) ;
#6775 = CARTESIAN_POINT ( 'NONE',  ( 0.09991944514022586800, -0.03328623590290279800, 0.7874026680348521500 ) ) ;
#6776 = CARTESIAN_POINT ( 'NONE',  ( -0.1249919725862550900, 0.01954230104899014300, 0.7677165354330708300 ) ) ;
#6777 = CARTESIAN_POINT ( 'NONE',  ( 0.7566742686776338800, -1.025508191967476900, -0.1968503937007874100 ) ) ;
#6778 = CARTESIAN_POINT ( 'NONE',  ( 1.108033091542948800, 0.7061733014393583000, -2.060367454068244600 ) ) ;
#6779 = CARTESIAN_POINT ( 'NONE',  ( -0.0000000000000000000, -0.1460610273873661500, -2.952755905511811100 ) ) ;
#6780 = CARTESIAN_POINT ( 'NONE',  ( -0.7328273577879370600, 0.9609539274657166200, -2.681539807524059500 ) ) ;
#6781 = CARTESIAN_POINT ( 'NONE',  ( 0.8324966087895275800, -0.7505357138161850000, -0.1968503937007874100 ) ) ;
#6782 = CARTESIAN_POINT ( 'NONE',  ( -0.7642728007677244100, 1.053941206384279700, -1.128608923884515600 ) ) ;
#6783 = ORIENTED_EDGE ( 'NONE', *, *, #431, .T. ) ;
#6784 = CARTESIAN_POINT ( 'NONE',  ( -1.030305832406381800, -0.9293197551186300800, -0.1968503937007874100 ) ) ;
#6785 = CARTESIAN_POINT ( 'NONE',  ( 0.7053811463581102200, 1.108204637752976400, -0.1968503937007874100 ) ) ;
#6786 = CARTESIAN_POINT ( 'NONE',  ( -0.1853889004854055700, 1.112904636920386100, -2.599176072756661500 ) ) ;
#6787 = CARTESIAN_POINT ( 'NONE',  ( 1.110038567578169400, -0.6887898905127244300, -2.060367454068240600 ) ) ;
#6788 = CARTESIAN_POINT ( 'NONE',  ( -0.7053811463581142200, 1.108204637752976400, -2.060367454068240600 ) ) ;
#6789 = ORIENTED_EDGE ( 'NONE', *, *, #1454, .T. ) ;
#6790 = CARTESIAN_POINT ( 'NONE',  ( -1.081314661062035700, -0.7479053414235590200, -2.681539807524059500 ) ) ;
#6791 = CARTESIAN_POINT ( 'NONE',  ( -0.07784670121729529700, 1.137382512314492300, -2.543888952566362600 ) ) ;
#6792 = CARTESIAN_POINT ( 'NONE',  ( 0.8682354914878504000, 1.014900208985472200, -0.1312335958005236600 ) ) ;
#6793 = CARTESIAN_POINT ( 'NONE',  ( -0.7031063972595303900, -1.108855069386813600, -2.992125984251971600 ) ) ;
#6794 = CARTESIAN_POINT ( 'NONE',  ( 0.1799538367264055500, 1.153988124042724300, -2.684185492284885600 ) ) ;
#6795 = CARTESIAN_POINT ( 'NONE',  ( 0.1799538367264055500, 1.153988124042724300, -2.678019232124562600 ) ) ;
#6796 = ORIENTED_EDGE ( 'NONE', *, *, #5751, .F. ) ;
#6797 = ADVANCED_FACE ( 'NONE', ( #6538 ), #7233, .T. ) ;
#6798 = B_SPLINE_CURVE_WITH_KNOTS ( 'NONE', 3,
 ( #1270, #3200, #3871, #2010 ),
 .UNSPECIFIED., .F., .F.,
 ( 4, 4 ),
 ( 0.0000000000000000000, 1.000000000000000000 ),
 .UNSPECIFIED. ) ;
#6799 = CARTESIAN_POINT ( 'NONE',  ( 0.07612202614315856400, -0.07268003788795901500, 0.7873330753520049200 ) ) ;
#6800 = CARTESIAN_POINT ( 'NONE',  ( 0.5373840014121733500, -0.5370372980905314700, -0.0000000000000000000 ) ) ;
#6801 = CARTESIAN_POINT ( 'NONE',  ( 0.1169133968143320800, 0.04425560661404737100, -2.952755905511811100 ) ) ;
#6802 = VERTEX_POINT ( 'NONE', #507 ) ;
#6803 = CARTESIAN_POINT ( 'NONE',  ( -0.7738167753536416800, -0.7980368589790987100, -2.681539807524063100 ) ) ;
#6804 = CARTESIAN_POINT ( 'NONE',  ( -1.076064190174771800, 0.7549431811966416100, -1.128608923884511800 ) ) ;
#6805 = CARTESIAN_POINT ( 'NONE',  ( -0.7594092295902990000, 1.029654069748492400, -0.1968503937007874100 ) ) ;
#6806 = B_SPLINE_SURFACE_WITH_KNOTS ( 'NONE', 3, 3, ( 
 ( #884, #5951, #5360, #6003, #7297, #771 ),
 ( #5249, #1401, #5894, #2056, #6530, #2702 ),
 ( #4746, #8037, #2941, #933, #5444, #4166 ),
 ( #269, #324, #6778, #988, #6139, #907 ),
 ( #4084, #3440, #297, #1650, #4110, #5386 ),
 ( #2306, #6086, #6058, #1597, #355, #4772 ) ),
 .UNSPECIFIED., .F., .F., .F.,
 ( 4, 1, 1, 4 ),
 ( 4, 1, 1, 4 ),
 ( -71.00000000000000000, -47.33333333333332900, -23.66666666666667100, -1.000000000000000800E-014 ),
 ( 0.3041592653589800800, 0.3209242571352801100, 0.3376892489115900200, 0.3544542406878900500 ),
 .UNSPECIFIED. ) ;
#6807 = CARTESIAN_POINT ( 'NONE',  ( 0.1249949962596299800, 0.001118440903629921800, -3.359580052493437400 ) ) ;
#6808 = CARTESIAN_POINT ( 'NONE',  ( -0.7440480963253939300, 1.083715119910519700, -2.992125984251968500 ) ) ;
#6809 = EDGE_CURVE ( 'NONE', #7023, #1691, #5518, .T. ) ;
#6810 = ORIENTED_EDGE ( 'NONE', *, *, #5090, .T. ) ;
#6811 = CARTESIAN_POINT ( 'NONE',  ( -0.8255986020966575900, -0.9119955868668422300, 0.0000000000000000000 ) ) ;
#6812 = CARTESIAN_POINT ( 'NONE',  ( 0.6887898905127244300, 1.110038567578169400, -2.681539807524059500 ) ) ;
#6813 = CARTESIAN_POINT ( 'NONE',  ( -0.1969610430417243800, 1.112904636920386100, -2.650754968625445200 ) ) ;
#6814 = CARTESIAN_POINT ( 'NONE',  ( -1.110038567578169400, -0.6887898905127283200, -2.992125984251968500 ) ) ;
#6815 = CARTESIAN_POINT ( 'NONE',  ( -1.104136452828496300, -0.7137832230396693500, -2.992125984251968500 ) ) ;
#6816 = B_SPLINE_CURVE_WITH_KNOTS ( 'NONE', 3,
 ( #705, #5771, #73, #5826, #5798, #5180 ),
 .UNSPECIFIED., .F., .F.,
 ( 4, 1, 1, 4 ),
 ( 1.662603393057419500E-011, 0.0008920350201576082300, 0.001803633428564696300, 0.002695640899594153500 ),
 .UNSPECIFIED. ) ;
#6817 = CARTESIAN_POINT ( 'NONE',  ( 0.8330323139402675500, 0.9788933469234686300, -0.02187226596675591000 ) ) ;
#6818 = B_SPLINE_SURFACE_WITH_KNOTS ( 'NONE', 3, 3, ( 
 ( #392, #6042, #1608, #6122, #6680, #4176 ),
 ( #2291, #2235, #6149, #6762, #2925, #2843 ),
 ( #3477, #4126, #7364, #7416, #281, #4756 ),
 ( #4782, #944, #1581, #3505, #8208, #7471 ),
 ( #3614, #8152, #8101, #4884, #1073, #7445 ),
 ( #6844, #4965, #6872, #4233, #7550, #418 ) ),
 .UNSPECIFIED., .F., .F., .F.,
 ( 4, 1, 1, 4 ),
 ( 4, 1, 1, 4 ),
 ( -71.00000000000000000, -47.33333333333332900, -23.66666666666667100, -1.000000000000000800E-014 ),
 ( 0.3041592653589800800, 0.3209242571352801100, 0.3376892489115900200, 0.3544542406878900500 ),
 .UNSPECIFIED. ) ;
#6819 = VERTEX_POINT ( 'NONE', #4133 ) ;
#6820 = B_SPLINE_CURVE_WITH_KNOTS ( 'NONE', 3,
 ( #613, #4468, #7050, #3197, #643, #1955, #7640, #7078, #4436, #7672, #5170, #5817, #1981 ),
 .UNSPECIFIED., .F., .F.,
 ( 4, 1, 1, 1, 1, 1, 1, 1, 1, 1, 4 ),
 ( 0.0000000000000000000, 0.1658191589444237300, 0.2493643692083185000, 0.3329095794722135000, 0.4164547897361017300, 0.4999999999999966100, 0.5835452102638912800, 0.6670904205277863300, 0.7506356307916810500, 0.8341808410555696700, 1.000000000000000000 ),
 .UNSPECIFIED. ) ;
#6821 = CARTESIAN_POINT ( 'NONE',  ( -0.04835183593224016300, 1.137382512314492300, -2.488019721405362500 ) ) ;
#6822 = FACE_OUTER_BOUND ( 'NONE', #442, .T. ) ;
#6823 = CARTESIAN_POINT ( 'NONE',  ( -0.7378068781184761200, 0.8626282286608774100, -2.992125984251966700 ) ) ;
#6824 = EDGE_CURVE ( 'NONE', #7306, #3426, #6798, .T. ) ;
#6825 = ORIENTED_EDGE ( 'NONE', *, *, #3205, .T. ) ;
#6826 = ORIENTED_EDGE ( 'NONE', *, *, #1133, .F. ) ;
#6827 = B_SPLINE_CURVE_WITH_KNOTS ( 'NONE', 3,
 ( #5912, #4132, #373, #7966, #286, #2270 ),
 .UNSPECIFIED., .F., .F.,
 ( 4, 1, 1, 4 ),
 ( 0.0000000000000000000, 0.0008920148284105458900, 0.001803620755786849300, 0.002695663116926399600 ),
 .UNSPECIFIED. ) ;
#6828 = CARTESIAN_POINT ( 'NONE',  ( 0.07067243276222574800, -0.07804652858325852900, 0.7873438685350232500 ) ) ;
#6829 = CARTESIAN_POINT ( 'NONE',  ( 0.1968491153113268200, 1.112904636920386100, -2.680392924890165700 ) ) ;
#6831 = CARTESIAN_POINT ( 'NONE',  ( 0.8682354914878504000, 1.014900208985472200, 0.0000000000000000000 ) ) ;
#6830 = CARTESIAN_POINT ( 'NONE',  ( -1.029023522214547600, 0.7593146768515431900, -2.992125984251968500 ) ) ;
#6832 = LINE ( 'NONE', #7150, #7037 ) ;
#6833 = CARTESIAN_POINT ( 'NONE',  ( -0.9634718618594920700, -0.7306366061711417900, -2.681539807524059500 ) ) ;
#6834 = CARTESIAN_POINT ( 'NONE',  ( 0.7440480963253939300, -1.083715119910515700, -1.128608923884515600 ) ) ;
#6835 = VERTEX_POINT ( 'NONE', #3259 ) ;
#6836 = CARTESIAN_POINT ( 'NONE',  ( 0.03051586097098820200, -0.1226143411448661600, -3.156167979002630500 ) ) ;
#6837 = CARTESIAN_POINT ( 'NONE',  ( -1.081538896983672800, -0.7475810392626732700, -2.681539807524059500 ) ) ;
#6838 = EDGE_LOOP ( 'NONE', ( #285, #6341, #7131, #813 ) ) ;
#6839 = ADVANCED_FACE ( 'NONE', ( #837 ), #1706, .T. ) ;
#6840 = CARTESIAN_POINT ( 'NONE',  ( -1.022481225820776500, -0.8766112441605400400, 0.0000000000000000000 ) ) ;
#6841 = CARTESIAN_POINT ( 'NONE',  ( 0.1438889093088228900, 1.126246719160106400, -2.602693276785185400 ) ) ;
#6842 = AXIS2_PLACEMENT_3D ( 'NONE', #4617, #197, #6847 ) ;
#6843 = CARTESIAN_POINT ( 'NONE',  ( 0.8682354914878504000, -0.8410053028255472000, -0.1968503937007874100 ) ) ;
#6844 = CARTESIAN_POINT ( 'NONE',  ( -1.109486903909763700, -0.7003745554811732200, -2.992125984251968500 ) ) ;
#6845 = VERTEX_POINT ( 'NONE', #5819 ) ;
#6846 = CARTESIAN_POINT ( 'NONE',  ( -1.109374590528771500, -0.7016296763940630400, -2.992125984251972500 ) ) ;
#6847 = DIRECTION ( 'NONE',  ( 0.0000000000000000000, -0.0000000000000000000, 1.000000000000000000 ) ) ;
#6848 = CARTESIAN_POINT ( 'NONE',  ( 1.066258947909223500, 0.7611279201994741700, -0.1968503937007874100 ) ) ;
#6849 = CARTESIAN_POINT ( 'NONE',  ( 0.9028841459682126500, 1.028348482669716500, -0.02187226596675591000 ) ) ;
#6850 = B_SPLINE_SURFACE_WITH_KNOTS ( 'NONE', 3, 3, ( 
 ( #888, #5364, #301, #4777, #5417, #1575 ),
 ( #3499, #8010, #4146, #330, #3608, #6117 ),
 ( #6144, #1043, #7466, #3580, #1634, #6782 ),
 ( #4827, #2285, #2310, #5501, #2256, #5525 ),
 ( #6757, #2945, #1682, #2361, #6091, #7437 ),
 ( #6808, #3631, #6730, #471, #3553, #2920 ) ),
 .UNSPECIFIED., .F., .F., .F.,
 ( 4, 1, 1, 4 ),
 ( 4, 1, 1, 4 ),
 ( -71.00000000000000000, -47.33333333333332900, -23.66666666666667100, -1.000000000000000800E-014 ),
 ( 0.2287502309317900600, 0.2605532424075199200, 0.2923562538832500900, 0.3241592653589801000 ),
 .UNSPECIFIED. ) ;
#6851 = CARTESIAN_POINT ( 'NONE',  ( -0.8682354914878504000, 0.8410053028255472000, 0.0000000000000000000 ) ) ;
#6852 = CARTESIAN_POINT ( 'NONE',  ( 0.1352255191655276400, 1.152548769262433000, -2.548515096954047500 ) ) ;
#6853 = FACE_OUTER_BOUND ( 'NONE', #5015, .T. ) ;
#6854 = CARTESIAN_POINT ( 'NONE',  ( 0.1848880155283897700, 1.144378037797165300, -2.760274199451696800 ) ) ;
#6855 = CARTESIAN_POINT ( 'NONE',  ( -0.1249998854435633300, -1.523780043424912600E-011, -2.952755905511809800 ) ) ;
#6856 = EDGE_CURVE ( 'NONE', #7501, #3303, #630, .T. ) ;
#6857 = CARTESIAN_POINT ( 'NONE',  ( 0.1969610430417243800, 1.118241469816271700, -2.711449755784003800 ) ) ;
#6859 = CARTESIAN_POINT ( 'NONE',  ( 0.7627446526210116500, -1.060986002430181200, -2.681539807524059500 ) ) ;
#6858 = CARTESIAN_POINT ( 'NONE',  ( -1.081538273903763300, 0.7475806083234700600, -2.992125984251969000 ) ) ;
#6860 = FACE_BOUND ( 'NONE', #5118, .T. ) ;
#6861 = CARTESIAN_POINT ( 'NONE',  ( -0.06323029270956079300, 1.153937007874015700, -2.517488736341964900 ) ) ;
#6862 = CARTESIAN_POINT ( 'NONE',  ( -0.7176078221647755900, -1.101663991491527600, -2.681539807524059500 ) ) ;
#6863 = CARTESIAN_POINT ( 'NONE',  ( 0.02750960258809091400, 1.153937007874015700, -2.854997107675973900 ) ) ;
#6864 = B_SPLINE_SURFACE_WITH_KNOTS ( 'NONE', 3, 3, ( 
 ( #3133, #7572, #3687, #3075, #5659, #5607 ),
 ( #6973, #3714, #4932, #3028, #3103, #5686 ),
 ( #1097, #8175, #4339, #2417, #2445, #521 ),
 ( #4312, #1797, #8230, #6946, #7628, #4422 ),
 ( #6279, #4364, #544, #5012, #5579, #6304 ),
 ( #1123, #1741, #6221, #1174, #4986, #3739 ) ),
 .UNSPECIFIED., .F., .F., .F.,
 ( 4, 1, 1, 4 ),
 ( 4, 1, 1, 4 ),
 ( -1.086956521739130200, -0.7246376811594200700, -0.3623188405797100900, 0.0000000000000000000 ),
 ( 1.081675552444999900, 1.203552546194929900, 1.325429539944859900, 1.447306533694779900 ),
 .UNSPECIFIED. ) ;
#6865 = CARTESIAN_POINT ( 'NONE',  ( -1.108204637752976400, -0.7053811463581142200, -0.1968503937007874100 ) ) ;
#6866 = CARTESIAN_POINT ( 'NONE',  ( -0.9291338582658956700, -1.110236200018592800, -0.1968503937007874400 ) ) ;
#6867 = CARTESIAN_POINT ( 'NONE',  ( 0.1771653543107209200, 1.153936964125595400, -2.681102362204710800 ) ) ;
#6868 = CARTESIAN_POINT ( 'NONE',  ( 0.7636744025022759200, 1.057499546894259400, -0.1968503937007873800 ) ) ;
#6869 = CARTESIAN_POINT ( 'NONE',  ( -0.1558869637127283900, 1.131583552055992000, -2.657368430785547200 ) ) ;
#6870 = FACE_OUTER_BOUND ( 'NONE', #6119, .T. ) ;
#6871 = CARTESIAN_POINT ( 'NONE',  ( -0.1968491153113268200, 1.112904636920386100, -2.681811799519286900 ) ) ;
#6872 = CARTESIAN_POINT ( 'NONE',  ( -1.108033091542948800, -0.7061733014393583000, -2.992125984251968500 ) ) ;
#6873 = CARTESIAN_POINT ( 'NONE',  ( -1.110322617515921300, -0.6954048260608425300, -2.992125984251968500 ) ) ;
#6874 = CARTESIAN_POINT ( 'NONE',  ( -1.089068901887649600, -0.7366106222218031800, -2.060367454068244600 ) ) ;
#6875 = B_SPLINE_CURVE_WITH_KNOTS ( 'NONE', 3,
 ( #1297, #7104, #6987, #1240, #3257, #6371, #8272, #2710, #1410, #3285, #2657 ),
 .UNSPECIFIED., .F., .F.,
 ( 4, 1, 1, 1, 1, 1, 1, 1, 4 ),
 ( 2.082293949638406400E-012, 0.001330758893003568500, 0.002699622019210071500, 0.003384053582313272400, 0.004068485145416573900, 0.004752916708519773500, 0.005437348271623075400, 0.006806211397829478900, 0.008136970290290515900 ),
 .UNSPECIFIED. ) ;
#6876 = EDGE_CURVE ( 'NONE', #1622, #7093, #6036, .T. ) ;
#6877 = CARTESIAN_POINT ( 'NONE',  ( 0.9028841459682126500, 1.028348482669716500, 0.0000000000000000000 ) ) ;
#6878 = CARTESIAN_POINT ( 'NONE',  ( 1.053941206384275700, -0.7642728007677205300, -1.128608923884515600 ) ) ;
#6879 = ORIENTED_EDGE ( 'NONE', *, *, #5917, .F. ) ;
#6880 = CARTESIAN_POINT ( 'NONE',  ( -0.1074936339709881800, -0.001356065711472441300, 0.7852143482064725100 ) ) ;
#6881 = CARTESIAN_POINT ( 'NONE',  ( -1.022873197870755900, -0.9788933469234645200, 0.0000000000000000000 ) ) ;
#6882 = CARTESIAN_POINT ( 'NONE',  ( -0.1704081797803307700, 1.153988124042724300, -2.754073715359031600 ) ) ;
#6883 = CARTESIAN_POINT ( 'NONE',  ( -0.8330323139402675500, 0.9788933469234645200, -0.1749781277340354800 ) ) ;
#6884 = ADVANCED_FACE ( 'NONE', ( #4736 ), #4457, .T. ) ;
#6885 = CARTESIAN_POINT ( 'NONE',  ( -0.07105240380276751900, -0.07764974861247035700, 0.7873372903982384100 ) ) ;
#6886 = EDGE_LOOP ( 'NONE', ( #3611, #7435 ) ) ;
#6887 = CARTESIAN_POINT ( 'NONE',  ( -0.7475806083234705100, -1.081538273903763300, -0.1968503937007873800 ) ) ;
#6888 = DIRECTION ( 'NONE',  ( 1.000000000000000000, -0.0000000000000000000, -0.0000000000000000000 ) ) ;
#6889 = CARTESIAN_POINT ( 'NONE',  ( 0.7137832230396693500, -1.104136452828496300, -2.060367454068240600 ) ) ;
#6890 = CARTESIAN_POINT ( 'NONE',  ( -0.9006284698872087900, -0.7294072714244842500, -2.681539807524059500 ) ) ;
#6891 = CARTESIAN_POINT ( 'NONE',  ( -1.057499546894264100, -0.7636744025022772500, -2.992125984251968500 ) ) ;
#6892 = CARTESIAN_POINT ( 'NONE',  ( 0.06382508984680425300, 1.153937007874015700, -2.844485143521029900 ) ) ;
#6893 = CARTESIAN_POINT ( 'NONE',  ( 0.7253838148664488700, -1.096632244641328600, -0.1968503937007874100 ) ) ;
#6894 = CARTESIAN_POINT ( 'NONE',  ( -0.3702728364785276000, 0.6629341840565985400, 0.0000000000000000000 ) ) ;
#6895 = EDGE_LOOP ( 'NONE', ( #2832, #8018, #7798, #39 ) ) ;
#6896 = CARTESIAN_POINT ( 'NONE',  ( -0.8255908954713114800, -0.9279527557669474700, 0.0000000000000000000 ) ) ;
#6897 = CARTESIAN_POINT ( 'NONE',  ( -0.1438889093088228900, 1.112904636920386100, -2.602693276785185400 ) ) ;
#6898 = CARTESIAN_POINT ( 'NONE',  ( -1.057192564065751800, 1.057192564065732900, -0.1968503937007874100 ) ) ;
#6899 = CARTESIAN_POINT ( 'NONE',  ( -0.1446848777822699900, -5.304601063595177500E-011, 0.04330708661417322100 ) ) ;
#6900 = CARTESIAN_POINT ( 'NONE',  ( -0.03051586097098820200, 0.1226143411448661600, 0.7701968503937007800 ) ) ;
#6901 = CARTESIAN_POINT ( 'NONE',  ( -1.083913278540059400, -0.7441482841840275600, -0.5074365704286969400 ) ) ;
#6902 = CARTESIAN_POINT ( 'NONE',  ( 0.7605331936007370100, 1.031542260286323800, -2.992125984251968500 ) ) ;
#6903 = ORIENTED_EDGE ( 'NONE', *, *, #7428, .F. ) ;
#6904 = CARTESIAN_POINT ( 'NONE',  ( 0.9530213658428109400, 1.028348482669716500, -0.1968503937007874100 ) ) ;
#6905 = CARTESIAN_POINT ( 'NONE',  ( 1.057805835868256100, -0.7637992319626142300, -1.128608923884515600 ) ) ;
#6906 = CARTESIAN_POINT ( 'NONE',  ( -0.07502969010553570100, 0.1012063761026612000, 0.7676509186351706500 ) ) ;
#6907 = CARTESIAN_POINT ( 'NONE',  ( -0.9028841459682126500, -1.028348482669716500, -0.02187226596675591000 ) ) ;
#6908 = CARTESIAN_POINT ( 'NONE',  ( 1.110236408271177300, 0.6936092895046411800, -2.992125984251966700 ) ) ;
#6909 = CARTESIAN_POINT ( 'NONE',  ( -0.9530213658428109400, 1.028348482669716500, -0.1312335958005236600 ) ) ;
#6910 = ORIENTED_EDGE ( 'NONE', *, *, #5546, .F. ) ;
#6911 = CARTESIAN_POINT ( 'NONE',  ( -0.6910086409841851300, -1.110261735596846700, -2.992125984251968500 ) ) ;
#6912 = CARTESIAN_POINT ( 'NONE',  ( -0.1968491153113268200, 1.131583552055992000, -2.680392924890161700 ) ) ;
#6913 = CARTESIAN_POINT ( 'NONE',  ( 0.1771653543107209200, 1.153936964125595400, -2.681102362204710800 ) ) ;
#6914 = CARTESIAN_POINT ( 'NONE',  ( -0.9634718618594920700, -0.7306366061711417900, -2.060367454068244600 ) ) ;
#6915 = CARTESIAN_POINT ( 'NONE',  ( -0.7137832230396653500, -1.104136452828496300, -2.060367454068240600 ) ) ;
#6916 = CARTESIAN_POINT ( 'NONE',  ( -1.110236189791669900, -0.9291338582640751300, -4.268512490100411300E-018 ) ) ;
#6917 = B_SPLINE_SURFACE_WITH_KNOTS ( 'NONE', 3, 3, ( 
 ( #4069, #2071, #6548, #7815, #2124, #811 ),
 ( #254, #4727, #7900, #199, #4043, #1495 ),
 ( #3986, #4675, #893, #2715, #5291, #2768 ),
 ( #145, #225, #3960, #1444, #4700, #870 ),
 ( #6575, #5989, #2178, #2152, #2744, #3372 ),
 ( #7281, #2316, #5780, #7070, #6725, #1598 ) ),
 .UNSPECIFIED., .F., .F., .F.,
 ( 4, 1, 1, 4 ),
 ( 4, 1, 1, 4 ),
 ( 0.0000000000000000000, 23.66666666666667100, 47.33333333333334300, 71.00000000000000000 ),
 ( 0.3041592653589800800, 0.3209242571352801100, 0.3376892489115900200, 0.3544542406878900500 ),
 .UNSPECIFIED. ) ;
#6918 = ORIENTED_EDGE ( 'NONE', *, *, #8, .T. ) ;
#6919 = CARTESIAN_POINT ( 'NONE',  ( -0.1156637036326063400, -0.06262578429423626400, -2.952755905511814700 ) ) ;
#6920 = CARTESIAN_POINT ( 'NONE',  ( 0.7499997401306206500, 0.05884212280249753000, 0.0000000000000000000 ) ) ;
#6921 = CARTESIAN_POINT ( 'NONE',  ( -1.057500456850734000, -0.7636784982413058500, -1.594488188976378200 ) ) ;
#6922 = CARTESIAN_POINT ( 'NONE',  ( 0.0000000000000000000, 1.110236220472441000, -2.523875521887012100 ) ) ;
#6923 = ORIENTED_EDGE ( 'NONE', *, *, #6089, .F. ) ;
#6924 = CARTESIAN_POINT ( 'NONE',  ( -0.7311023782002935600, -0.9279527559062295000, -2.992125984251968500 ) ) ;
#6925 = CARTESIAN_POINT ( 'NONE',  ( -1.105448062055279800, 0.7119148290572677700, -2.992125984251972500 ) ) ;
#6926 = VECTOR ( 'NONE', #7964, 39.37007874015748100 ) ;
#6927 = CARTESIAN_POINT ( 'NONE',  ( 1.096632244641315900, -0.7253838148664640800, -2.992125984251968500 ) ) ;
#6928 = CARTESIAN_POINT ( 'NONE',  ( 0.7475806083234715100, 1.081538273903763600, -0.1968503937007873800 ) ) ;
#6929 = B_SPLINE_SURFACE_WITH_KNOTS ( 'NONE', 3, 3, ( 
 ( #3683, #8199, #4336, #1963, #3130, #3880 ),
 ( #5070, #5683, #5772, #1875, #5096, #74 ),
 ( #6442, #1251, #7624, #1282, #5711, #4481 ),
 ( #1851, #2584, #2610, #3184, #5152, #3157 ),
 ( #7089, #2556, #1938, #6970, #3850, #45 ),
 ( #3242, #6358, #7739, #6410, #8284, #7062 ) ),
 .UNSPECIFIED., .F., .F., .F.,
 ( 4, 1, 1, 4 ),
 ( 4, 1, 1, 4 ),
 ( -71.00000000000000000, -47.33333333333332900, -23.66666666666667100, -1.000000000000000800E-014 ),
 ( 0.2287502309317900600, 0.2605532424075199200, 0.2923562538832500900, 0.3241592653589801000 ),
 .UNSPECIFIED. ) ;
#6930 = EDGE_LOOP ( 'NONE', ( #1631, #1614, #3177, #6235, #7041, #2324, #5511, #3232, #4597, #2415, #1925, #5130, #4604, #3979, #1262, #3320 ) ) ;
#6931 = CARTESIAN_POINT ( 'NONE',  ( -0.1212974015372047700, 0.03967446103945276900, 0.7677165354330708300 ) ) ;
#6932 = ORIENTED_EDGE ( 'NONE', *, *, #2225, .T. ) ;
#6933 = CARTESIAN_POINT ( 'NONE',  ( -0.8253816619105313100, -0.9429096587393148700, 0.0000000000000000000 ) ) ;
#6934 = CARTESIAN_POINT ( 'NONE',  ( -0.1863811055754370500, 1.137382512314492300, -2.760913563132799000 ) ) ;
#6935 = CARTESIAN_POINT ( 'NONE',  ( -0.8255996794046417400, 0.9265857566923937400, 0.0000000000000000000 ) ) ;
#6936 = CARTESIAN_POINT ( 'NONE',  ( -0.06651695956359389400, -0.08166680847640184200, 0.7873694023154456100 ) ) ;
#6937 = EDGE_CURVE ( 'NONE', #5392, #310, #8260, .T. ) ;
#6938 = EDGE_LOOP ( 'NONE', ( #2923, #4742, #1879, #2128 ) ) ;
#6939 = CARTESIAN_POINT ( 'NONE',  ( 0.7053811463581142200, -1.108204637752976400, -0.5074365704286969400 ) ) ;
#6940 = CARTESIAN_POINT ( 'NONE',  ( 0.7311036405941849800, 0.9272433185909526600, -2.060367454068240600 ) ) ;
#6941 = CARTESIAN_POINT ( 'NONE',  ( 0.7252355460546456900, -1.096676596295535400, -0.1968503937007874100 ) ) ;
#6942 = CARTESIAN_POINT ( 'NONE',  ( -0.7376712701478820300, -0.8628714702481337100, -1.128608923884515600 ) ) ;
#6943 = CARTESIAN_POINT ( 'NONE',  ( -0.7366106222217992900, -1.089068901887645600, -2.060367454068240600 ) ) ;
#6944 = CARTESIAN_POINT ( 'NONE',  ( -0.1739503037016264000, 1.153937007874015700, -2.703874288735584200 ) ) ;
#6945 = CARTESIAN_POINT ( 'NONE',  ( 0.1251725047065984900, -0.01871959219484252400, -3.156167979002626500 ) ) ;
#6946 = CARTESIAN_POINT ( 'NONE',  ( -1.023890032031122200, -1.085874585383008100, -0.06561679790026378500 ) ) ;
#6947 = EDGE_LOOP ( 'NONE', ( #889, #3083, #6826, #2031 ) ) ;
#6948 = CARTESIAN_POINT ( 'NONE',  ( -0.9028841459682126500, -0.8275570291413073500, -0.06561679790026378500 ) ) ;
#6949 = CARTESIAN_POINT ( 'NONE',  ( 0.1558869637127283900, 1.110236220472441000, -2.657368430785547200 ) ) ;
#6950 = CARTESIAN_POINT ( 'NONE',  ( 0.0000000000000000000, 4.110236220472441600, -2.836849959802863800 ) ) ;
#6951 = CARTESIAN_POINT ( 'NONE',  ( 0.7589879883973900100, -1.028952656870870200, -2.681539807524059500 ) ) ;
#6952 = CARTESIAN_POINT ( 'NONE',  ( 0.1053148854377350000, 3.851622667779133400E-011, 0.7874014932057538100 ) ) ;
#6953 = FACE_OUTER_BOUND ( 'NONE', #6097, .T. ) ;
#6954 = CARTESIAN_POINT ( 'NONE',  ( 0.6631499799855356000, -0.3699185312724016000, 0.06299212598425216200 ) ) ;
#6955 = CARTESIAN_POINT ( 'NONE',  ( -1.110261735596846700, 0.6910086409841851300, -2.060367454068240600 ) ) ;
#6956 = CARTESIAN_POINT ( 'NONE',  ( -0.7310639536100825800, -0.9382553524242599500, -1.128608923884515600 ) ) ;
#6957 = CARTESIAN_POINT ( 'NONE',  ( -1.023890032031122200, 1.085874585383008100, -0.06561679790026378500 ) ) ;
#6958 = CARTESIAN_POINT ( 'NONE',  ( -0.07506905510559105900, 0.1012594749358735600, 0.7675853018372703600 ) ) ;
#6959 = CARTESIAN_POINT ( 'NONE',  ( -0.8682354914878504000, -1.014900208985472200, -0.02187226596675591000 ) ) ;
#6960 = CARTESIAN_POINT ( 'NONE',  ( -0.1424231651923819100, 1.134251968503936900, -2.820746847193444900 ) ) ;
#6961 = CARTESIAN_POINT ( 'NONE',  ( -1.030305832406381800, 0.9265857566923937400, -0.1749781277340354800 ) ) ;
#6962 = VECTOR ( 'NONE', #513, 39.37007874015748100 ) ;
#6963 = CARTESIAN_POINT ( 'NONE',  ( 0.05477651926988390300, -0.08995031543531964400, 0.7873930144710643600 ) ) ;
#6964 = CARTESIAN_POINT ( 'NONE',  ( 0.6954048260608425300, -1.110322617515921300, -1.128608923884511800 ) ) ;
#6965 = EDGE_CURVE ( 'NONE', #2437, #5235, #4107, .T. ) ;
#6966 = CARTESIAN_POINT ( 'NONE',  ( -0.1153413783995031300, -0.06295339484628588400, 0.7677165354330708300 ) ) ;
#6967 = CARTESIAN_POINT ( 'NONE',  ( 0.01582979514918388100, 0.1249975801295956500, -2.952755905511811100 ) ) ;
#6968 = CARTESIAN_POINT ( 'NONE',  ( 0.7252355460546456900, -1.096676596295535400, -2.060367454068240600 ) ) ;
#6969 = CARTESIAN_POINT ( 'NONE',  ( 1.030523849900492500, -0.9429096587393148700, -0.1968503937007874100 ) ) ;
#6970 = CARTESIAN_POINT ( 'NONE',  ( -0.7651677351667045500, -1.049803909796291500, -2.681539807524059500 ) ) ;
#6971 = CARTESIAN_POINT ( 'NONE',  ( 1.083913278540055400, 0.7441482841840315600, -2.992125984251968500 ) ) ;
#6972 = CARTESIAN_POINT ( 'NONE',  ( -0.08507316324146849100, 0.09147995529392860500, 0.7677149411578697600 ) ) ;
#6973 = CARTESIAN_POINT ( 'NONE',  ( -0.9282311026850591500, -1.110233970439102400, -0.1749781277340315400 ) ) ;
#6974 = VECTOR ( 'NONE', #1439, 39.37007874015748100 ) ;
#6975 = CARTESIAN_POINT ( 'NONE',  ( -1.030305832406381800, -0.9293197551186300800, -0.1749781277340315400 ) ) ;
#6976 = CARTESIAN_POINT ( 'NONE',  ( 0.7141138414615357800, -1.103922707984717400, -2.992125984251968500 ) ) ;
#6977 = CARTESIAN_POINT ( 'NONE',  ( -0.7627446526210116500, 1.060986002430181200, -0.1968503937007874100 ) ) ;
#6978 = CARTESIAN_POINT ( 'NONE',  ( -1.108626020972166600, -0.7038785125588545900, -0.1968503937007874400 ) ) ;
#6979 = CARTESIAN_POINT ( 'NONE',  ( -0.0000000000000000000, 0.1261928294275669600, 0.7726771653543307300 ) ) ;
#6980 = VERTEX_POINT ( 'NONE', #7332 ) ;
#6981 = CARTESIAN_POINT ( 'NONE',  ( 0.7499999991309596000, 3.135580912332413000E-015, 0.06299212598425198200 ) ) ;
#6982 = CARTESIAN_POINT ( 'NONE',  ( -1.108204637752976400, 0.7053811463581102200, -2.060367454068244600 ) ) ;
#6983 = EDGE_CURVE ( 'NONE', #5891, #1418, #1646, .T. ) ;
#6984 =( LENGTH_UNIT ( ) NAMED_UNIT ( * ) SI_UNIT ( $, .METRE. ) );
#6985 = CARTESIAN_POINT ( 'NONE',  ( 1.065122253766173300, 0.7618448995876850900, -2.992125984251968500 ) ) ;
#6986 = CARTESIAN_POINT ( 'NONE',  ( -1.065122253766173300, -0.7618448995876850900, -2.060367454068240600 ) ) ;
#6987 = CARTESIAN_POINT ( 'NONE',  ( -0.8334242859743972200, -0.9792942676342764100, -0.1968503937007874100 ) ) ;
#6988 = CARTESIAN_POINT ( 'NONE',  ( -0.1446818157067244500, 0.0009658267581614175800, 0.06299212598425198200 ) ) ;
#6989 = CARTESIAN_POINT ( 'NONE',  ( -0.8253816619105313100, -0.9429096587393148700, -0.02187226596675591000 ) ) ;
#6990 = CARTESIAN_POINT ( 'NONE',  ( 0.9028841459682126500, -1.028348482669716500, -0.1968503937007874100 ) ) ;
#6991 = CARTESIAN_POINT ( 'NONE',  ( -0.7038788558823529900, 1.108627185360423700, -1.594488188976376900 ) ) ;
#6992 = ORIENTED_EDGE ( 'NONE', *, *, #6718, .F. ) ;
#6993 = CARTESIAN_POINT ( 'NONE',  ( -0.1165778522374747700, -0.04513644635816633400, -2.952755905511811100 ) ) ;
#6994 = CARTESIAN_POINT ( 'NONE',  ( 1.057272500430996200, 0.7639149224034370600, -0.5074365704286969400 ) ) ;
#6995 = CARTESIAN_POINT ( 'NONE',  ( 0.1557475975856417200, 1.110236220472441200, -2.681102362212613300 ) ) ;
#6996 = CARTESIAN_POINT ( 'NONE',  ( 0.7366106222218031800, -1.089068901887649600, -2.681539807524059500 ) ) ;
#6997 = ORIENTED_EDGE ( 'NONE', *, *, #2203, .F. ) ;
#6998 = CARTESIAN_POINT ( 'NONE',  ( 0.1252413251807363000, -0.01834111981782283700, 0.7677165354330708300 ) ) ;
#6999 = CARTESIAN_POINT ( 'NONE',  ( 0.08968624851009841800, 0.7465127032399607700, 0.05599300087488978000 ) ) ;
#7000 = ADVANCED_FACE ( 'NONE', ( #8064 ), #7248, .T. ) ;
#7001 = B_SPLINE_SURFACE_WITH_KNOTS ( 'NONE', 3, 3, ( 
 ( #7193, #5880, #2070, #6600, #117, #2042 ),
 ( #1414, #5852, #810, #4042, #6516, #6547 ),
 ( #7253, #7844, #2662, #2096, #4563, #3985 ),
 ( #4592, #2688, #5907, #3397, #4649, #6574 ),
 ( #5201, #2743, #758, #4618, #3346, #3371 ),
 ( #3933, #7165, #7872, #3316, #198, #5290 ) ),
 .UNSPECIFIED., .F., .F., .F.,
 ( 4, 1, 1, 4 ),
 ( 4, 1, 1, 4 ),
 ( -1.086956521739130200, -0.7246376811594200700, -0.3623188405797100900, 0.0000000000000000000 ),
 ( 1.081675552444999900, 1.203552546194929900, 1.325429539944859900, 1.447306533694779900 ),
 .UNSPECIFIED. ) ;
#7002 = CARTESIAN_POINT ( 'NONE',  ( -0.03051586097098819500, 0.1226143411448661600, 0.1968503937007874100 ) ) ;
#7003 = AXIS2_PLACEMENT_3D ( 'NONE', #1552, #2261, #2817 ) ;
#7004 = CARTESIAN_POINT ( 'NONE',  ( -0.08401568594263388000, -0.1231026060500197600, -2.992125984251963600 ) ) ;
#7005 = ORIENTED_EDGE ( 'NONE', *, *, #8, .F. ) ;
#7006 = CARTESIAN_POINT ( 'NONE',  ( 0.7479053414235590200, 1.081314661062031700, -0.1968503937007874100 ) ) ;
#7007 = CARTESIAN_POINT ( 'NONE',  ( -0.07784670121729529700, 1.134251968503936900, -2.543888952566362600 ) ) ;
#7008 = CARTESIAN_POINT ( 'NONE',  ( -0.8255986020966577000, -0.9119955868668420100, -0.1968503937007874100 ) ) ;
#7009 = CARTESIAN_POINT ( 'NONE',  ( -1.028953034820995400, -0.7589873557274847700, -2.992125984251968500 ) ) ;
#7010 = CARTESIAN_POINT ( 'NONE',  ( 0.1251725047065984900, 0.01871959219484252400, 0.7701968503937007800 ) ) ;
#7011 = CARTESIAN_POINT ( 'NONE',  ( 0.7311023692017437600, 0.9279527559059855800, -0.1968503937007873800 ) ) ;
#7012 = CARTESIAN_POINT ( 'NONE',  ( -1.110261735596846700, 0.6910086409841851300, -0.5074365704286969400 ) ) ;
#7013 = CARTESIAN_POINT ( 'NONE',  ( -1.057272500430996200, 0.7639149224034330600, -0.1968503937007874100 ) ) ;
#7014 = CARTESIAN_POINT ( 'NONE',  ( 0.7611279201994750600, -1.066258947909222400, -2.992125984251968500 ) ) ;
#7015 = DIRECTION ( 'NONE',  ( 0.0000000000000000000, 0.0000000000000000000, -1.000000000000000000 ) ) ;
#7016 = CARTESIAN_POINT ( 'NONE',  ( -0.7420151437815316600, -0.9960388349955512400, -2.060367454068240600 ) ) ;
#7017 = CARTESIAN_POINT ( 'NONE',  ( -1.047580032597574800, 1.066889654611260100, -0.02187226596675591000 ) ) ;
#7018 = VERTEX_POINT ( 'NONE', #4341 ) ;
#7019 = CARTESIAN_POINT ( 'NONE',  ( -0.1214247478905247800, 0.03971611401692198100, 0.7675853018372703600 ) ) ;
#7020 = CARTESIAN_POINT ( 'NONE',  ( 1.083913278540055400, -0.7441482841840275600, -2.681539807524059500 ) ) ;
#7021 = CARTESIAN_POINT ( 'NONE',  ( 0.9876700203231734100, -1.014900208985472200, -0.1968503937007874100 ) ) ;
#7022 = EDGE_CURVE ( 'NONE', #796, #7018, #6640, .T. ) ;
#7023 = VERTEX_POINT ( 'NONE', #2230 ) ;
#7024 = CARTESIAN_POINT ( 'NONE',  ( -0.7016296763940590400, -1.109374590528771500, -2.681539807524059500 ) ) ;
#7025 = CARTESIAN_POINT ( 'NONE',  ( 0.1153413783995031300, -0.06295339484628588400, 0.7677165354330708300 ) ) ;
#7026 = CARTESIAN_POINT ( 'NONE',  ( 0.1007138306108097400, 0.07581447075069758200, -2.952755905511811600 ) ) ;
#7027 = CARTESIAN_POINT ( 'NONE',  ( -1.107445675074389500, -0.7072881488253229800, -0.5074365704286969400 ) ) ;
#7028 = LINE ( 'NONE', #5120, #5723 ) ;
#7029 = CARTESIAN_POINT ( 'NONE',  ( 0.0000000000000000000, -0.1261993664110000500, 0.7677165354330708300 ) ) ;
#7030 = DIRECTION ( 'NONE',  ( -0.0000000000000000000, -0.0000000000000000000, -1.000000000000000000 ) ) ;
#7031 = CARTESIAN_POINT ( 'NONE',  ( -0.6631499799855394800, 0.3699185312724016000, 0.05599300087488978000 ) ) ;
#7032 = B_SPLINE_SURFACE_WITH_KNOTS ( 'NONE', 3, 3, ( 
 ( #1207, #5166, #609, #5080, #1237, #1835, #1886, #5724, #2481 ),
 ( #1861, #6343, #6367, #2539, #3805, #8321, #4463, #5843, #751 ),
 ( #720, #2090, #5223, #7100, #5254, #1348, #136, #3978, #6567 ),
 ( #6482, #7157, #802, #7126, #7779, #2735, #6507, #5898, #2623 ),
 ( #163, #2653, #7216, #2004, #3365, #1406, #3892, #2061, #6536 ),
 ( #7834, #3279, #2680, #7868, #3923, #4610, #5926, #2705, #3253 ) ),
 .UNSPECIFIED., .F., .F., .F.,
 ( 4, 1, 1, 4 ),
 ( 4, 1, 1, 1, 1, 1, 4 ),
 ( 0.0000000000000000000, 4.733333333333361800, 9.466666666666713000, 14.20000000000006000 ),
 ( 0.5082049886251599500, 0.6856368783201202100, 0.8630687680150700400, 1.040500657710029800, 1.217932547404979600, 1.395364437099939600, 1.572796326794889900 ),
 .UNSPECIFIED. ) ;
#7033 = VERTEX_POINT ( 'NONE', #2893 ) ;
#7034 = CARTESIAN_POINT ( 'NONE',  ( -0.0000000000000000000, 0.1261928294275669600, 0.1968503937007874100 ) ) ;
#7035 = CARTESIAN_POINT ( 'NONE',  ( -0.1249949962596299800, 0.001118440903629921800, 0.6850393700787402700 ) ) ;
#7036 = EDGE_LOOP ( 'NONE', ( #8145, #8110 ) ) ;
#7037 = VECTOR ( 'NONE', #3301, 39.37007874015748100 ) ;
#7038 = CARTESIAN_POINT ( 'NONE',  ( 0.7176078221647755900, 1.101663991491527600, -0.1968503937007874100 ) ) ;
#7039 = EDGE_CURVE ( 'NONE', #230, #2535, #7941, .T. ) ;
#7040 = CARTESIAN_POINT ( 'NONE',  ( 0.0000000000000000000, 1.134251968503936900, -2.523864164493578400 ) ) ;
#7041 = ORIENTED_EDGE ( 'NONE', *, *, #6271, .T. ) ;
#7042 = CARTESIAN_POINT ( 'NONE',  ( 0.07270040754172836500, 0.1062935698246890300, 0.2716535433070866900 ) ) ;
#7043 = ORIENTED_EDGE ( 'NONE', *, *, #7843, .F. ) ;
#7044 = CARTESIAN_POINT ( 'NONE',  ( -1.048472305788080000, 0.7649861758560666500, -2.992125984251968500 ) ) ;
#7045 = CARTESIAN_POINT ( 'NONE',  ( 0.7475806083234707300, 1.081538273903764000, -2.992125984251969000 ) ) ;
#7046 = CARTESIAN_POINT ( 'NONE',  ( -0.7549431811966416100, -1.076064190174771800, -0.5074365704286969400 ) ) ;
#7047 = CARTESIAN_POINT ( 'NONE',  ( 0.8324966087895316900, 0.7505357138161811200, -0.1968503937007874100 ) ) ;
#7048 = CARTESIAN_POINT ( 'NONE',  ( -1.057192564065761300, -1.057192564065722900, 0.0000000000000000000 ) ) ;
#7049 = CARTESIAN_POINT ( 'NONE',  ( -1.053941206384279700, -0.7642728007677244100, -0.1968503937007874100 ) ) ;
#7050 = CARTESIAN_POINT ( 'NONE',  ( 0.1852210834412627800, 1.134251968503936900, -2.598952407591196500 ) ) ;
#7051 = B_SPLINE_SURFACE_WITH_KNOTS ( 'NONE', 3, 3, ( 
 ( #3494, #4167, #5470, #8006, #2253, #6140 ),
 ( #1679, #8038, #1627, #6753, #7407, #3628 ),
 ( #8143, #1737, #1172, #2442, #4389, #4983 ),
 ( #3023, #2387, #6943, #4361, #1822, #6915 ),
 ( #542, #8172, #7490, #568, #6862, #7514 ),
 ( #5656, #6246, #4957, #5040, #7569, #6301 ) ),
 .UNSPECIFIED., .F., .F., .F.,
 ( 4, 1, 1, 4 ),
 ( 4, 1, 1, 4 ),
 ( -2.126066776463539900, -1.417377850975700000, -0.7086889254878500100, 0.0000000000000000000 ),
 ( 13.68654141556281100, 13.71981257163608000, 13.75308372770935100, 13.78635488378263000 ),
 .UNSPECIFIED. ) ;
#7052 = CARTESIAN_POINT ( 'NONE',  ( -0.03526368610020472900, -0.1419330633355000400, 0.03674540682414568400 ) ) ;
#7053 = CARTESIAN_POINT ( 'NONE',  ( 1.083913278540055400, -0.7441482841840275600, -0.5074365704286969400 ) ) ;
#7054 = CARTESIAN_POINT ( 'NONE',  ( -1.105565014269958700, -0.9791254460543424900, -0.1968503937007876100 ) ) ;
#7055 = CARTESIAN_POINT ( 'NONE',  ( -0.1968430982695223400, 1.134251968503936900, -2.711972795113734700 ) ) ;
#7056 = CARTESIAN_POINT ( 'NONE',  ( -0.7072881488253229800, -1.107445675074389500, -2.992125984251968500 ) ) ;
#7057 = CARTESIAN_POINT ( 'NONE',  ( 0.1969610430417243800, 1.110236220472441000, -2.711449755784003800 ) ) ;
#7058 = CARTESIAN_POINT ( 'NONE',  ( 0.7311036405941849800, 0.9272433185909526600, -2.992125984251968500 ) ) ;
#7059 = DIRECTION ( 'NONE',  ( 0.0000000000000000000, -1.000000000000000000, 0.0000000000000000000 ) ) ;
#7060 = FACE_OUTER_BOUND ( 'NONE', #6491, .T. ) ;
#7061 = CARTESIAN_POINT ( 'NONE',  ( 0.0000000000000000000, -0.1263981055707024700, 0.7675196850393700700 ) ) ;
#7062 = CARTESIAN_POINT ( 'NONE',  ( -0.7627446526210077700, -1.060986002430181200, -2.992125984251968500 ) ) ;
#7063 = CARTESIAN_POINT ( 'NONE',  ( 0.1545353941646070200, 1.153937007874015400, -2.764507863486395800 ) ) ;
#7064 = CARTESIAN_POINT ( 'NONE',  ( 0.7499997401306211000, 0.05884212280249753000, 0.06299212598425198200 ) ) ;
#7065 = CARTESIAN_POINT ( 'NONE',  ( -0.1156637036326063400, -0.06262578429423626400, 0.5196850393700788200 ) ) ;
#7066 = VECTOR ( 'NONE', #6601, 39.37007874015748100 ) ;
#7067 = CARTESIAN_POINT ( 'NONE',  ( -0.1802255128316609700, 1.153935536845071000, -2.681102361485798700 ) ) ;
#7068 = CARTESIAN_POINT ( 'NONE',  ( -1.110236281231658200, -0.6927299607296036900, -2.992125984251968500 ) ) ;
#7069 = CARTESIAN_POINT ( 'NONE',  ( -0.7634200263010158000, 1.036985750691334900, -2.681539807524059500 ) ) ;
#7070 = CARTESIAN_POINT ( 'NONE',  ( -0.7119148290572677700, -1.105448062055279800, -0.1968503937007874100 ) ) ;
#7071 = CARTESIAN_POINT ( 'NONE',  ( 0.1249949962596299800, -0.001118440903629921800, 0.2716535433070866900 ) ) ;
#7072 = CARTESIAN_POINT ( 'NONE',  ( -0.09965094409673622100, -0.05355906700991339100, 0.7852143482064725100 ) ) ;
#7073 = CARTESIAN_POINT ( 'NONE',  ( 0.9530213658428109400, -0.8275570291413073500, -0.1312335958005236600 ) ) ;
#7074 = CARTESIAN_POINT ( 'NONE',  ( -1.107445675074389500, 0.7072881488253229800, -2.681539807524059500 ) ) ;
#7075 = CARTESIAN_POINT ( 'NONE',  ( -0.7618448995876850900, -1.065122253766169300, -1.128608923884515600 ) ) ;
#7076 = CARTESIAN_POINT ( 'NONE',  ( -0.9291338582658956700, -1.110236200018592800, -0.1968503937007874400 ) ) ;
#7077 = CARTESIAN_POINT ( 'NONE',  ( -1.053941206384279700, -0.7642728007677205300, -2.060367454068240600 ) ) ;
#7078 = CARTESIAN_POINT ( 'NONE',  ( -0.04788271554519685900, 1.134251968503936900, -2.487949462238366200 ) ) ;
#7079 = FACE_OUTER_BOUND ( 'NONE', #6501, .T. ) ;
#7080 = CARTESIAN_POINT ( 'NONE',  ( 0.1446818157067244500, 0.0009658267581614175800, 0.04986876640420077900 ) ) ;
#7081 = CARTESIAN_POINT ( 'NONE',  ( 1.031542260286323800, -0.7605331936007370100, -2.992125984251968500 ) ) ;
#7082 = CARTESIAN_POINT ( 'NONE',  ( 0.7611279201994750600, -1.066258947909222400, -0.1968503937007874100 ) ) ;
#7083 = PLANE ( 'NONE',  #4768 ) ;
#7084 = CARTESIAN_POINT ( 'NONE',  ( -0.04795887485176782200, -0.1154416237746369200, -2.952755905511811100 ) ) ;
#7085 = ORIENTED_EDGE ( 'NONE', *, *, #7411, .T. ) ;
#7086 = EDGE_CURVE ( 'NONE', #4404, #6845, #4161, .T. ) ;
#7087 = CARTESIAN_POINT ( 'NONE',  ( 0.7328273577879370600, 0.9609539274657166200, -0.5074365704286969400 ) ) ;
#7088 = CARTESIAN_POINT ( 'NONE',  ( -0.1160533070213082000, -0.06237479136617316700, 0.7675196850393700700 ) ) ;
#7089 = CARTESIAN_POINT ( 'NONE',  ( -0.7566742686776338800, -1.025508191967476900, -2.681539807524059500 ) ) ;
#7090 = CARTESIAN_POINT ( 'NONE',  ( 0.6631499799855394800, 0.3699185312724016000, 0.06299212598425198200 ) ) ;
#7091 = CARTESIAN_POINT ( 'NONE',  ( -0.8255908954713383500, 0.9279527559332242400, -0.1968503937007874100 ) ) ;
#7092 = CARTESIAN_POINT ( 'NONE',  ( 0.1156637036326063400, -0.06262578429423626400, 0.2716535433070866900 ) ) ;
#7093 = VERTEX_POINT ( 'NONE', #5609 ) ;
#7094 = ADVANCED_BREP_SHAPE_REPRESENTATION ( 'STP-MTRAC-23078 from HT23-554-CAA New r1', ( #6217, #4362, #8265 ), #5665 ) ;
#7095 = CARTESIAN_POINT ( 'NONE',  ( -1.109088367905878100, 0.7023879734236339000, -1.128608923884515600 ) ) ;
#7096 = CARTESIAN_POINT ( 'NONE',  ( 0.03051586097098820200, 0.1226143411448661600, 0.6850393700787402700 ) ) ;
#7097 = CARTESIAN_POINT ( 'NONE',  ( -0.02577805832988189900, -0.1032939810082362500, 0.7874015748031496500 ) ) ;
#7098 = CARTESIAN_POINT ( 'NONE',  ( 0.9876700203231734100, -0.8410053028255472000, -0.1312335958005236600 ) ) ;
#7099 = B_SPLINE_CURVE_WITH_KNOTS ( 'NONE', 3,
 ( #8324, #8297, #5022, #7014, #7555, #6344 ),
 .UNSPECIFIED., .F., .F.,
 ( 4, 1, 1, 4 ),
 ( 0.0000000000000000000, 0.2887644307316445400, 0.7100258073629053300, 1.000000000000000000 ),
 .UNSPECIFIED. ) ;
#7100 = CARTESIAN_POINT ( 'NONE',  ( 0.9006284698872049100, -0.7294072714244842500, -2.060367454068244600 ) ) ;
#7101 = ORIENTED_EDGE ( 'NONE', *, *, #2362, .T. ) ;
#7102 = CARTESIAN_POINT ( 'NONE',  ( -0.7440480963253939300, -1.083715119910515700, -2.060367454068240600 ) ) ;
#7103 = CARTESIAN_POINT ( 'NONE',  ( -0.7155729551865474000, 1.103009155936019800, -0.1968503937007874100 ) ) ;
#7104 = CARTESIAN_POINT ( 'NONE',  ( -0.8255986020877192900, -0.9439099249037660200, -0.1968503937007874100 ) ) ;
#7105 = CARTESIAN_POINT ( 'NONE',  ( -0.1448347163264528100, -0.02193883921625590700, -2.992125984251968500 ) ) ;
#7106 = CARTESIAN_POINT ( 'NONE',  ( 0.7310639536100825800, -0.9382553524242599500, -2.060367454068240600 ) ) ;
#7107 = ORIENTED_EDGE ( 'NONE', *, *, #3434, .T. ) ;
#7108 = CARTESIAN_POINT ( 'NONE',  ( 0.03290237531491026200, -0.1207103183597065900, -2.952755905511811100 ) ) ;
#7109 = CARTESIAN_POINT ( 'NONE',  ( 1.029023522214551600, 0.7593146768515431900, -2.681539807524059500 ) ) ;
#7110 = CARTESIAN_POINT ( 'NONE',  ( 0.7594092295902990000, 1.029654069748488200, -0.1968503937007874100 ) ) ;
#7111 = ADVANCED_FACE ( 'NONE', ( #4642 ), #7346, .T. ) ;
#7112 = CARTESIAN_POINT ( 'NONE',  ( 0.03061244808520583600, -0.1226656247985699300, 0.7676509186351706500 ) ) ;
#7113 = CARTESIAN_POINT ( 'NONE',  ( 1.107445675074389500, 0.7072881488253229800, -0.1968503937007874100 ) ) ;
#7114 = CARTESIAN_POINT ( 'NONE',  ( 0.5373840014121733500, 0.5370372980905274700, 0.04199475065616930400 ) ) ;
#7115 = VERTEX_POINT ( 'NONE', #6868 ) ;
#7116 = CARTESIAN_POINT ( 'NONE',  ( -0.06133097929620535300, -0.08935957153810761300, 0.7875341207349083600 ) ) ;
#7117 = CARTESIAN_POINT ( 'NONE',  ( -0.1251725047065984900, -0.01871959219484252400, 0.5196850393700788200 ) ) ;
#7118 = CARTESIAN_POINT ( 'NONE',  ( -0.7311032995713807600, 0.9071630692873122700, -0.1968503937007874100 ) ) ;
#7119 = DIRECTION ( 'NONE',  ( 1.000000000000000000, 0.0000000000000000000, 0.0000000000000000000 ) ) ;
#7120 = CARTESIAN_POINT ( 'NONE',  ( -1.085992159574439500, 1.023622736685185600, 0.0000000000000000000 ) ) ;
#7121 = ORIENTED_EDGE ( 'NONE', *, *, #3476, .F. ) ;
#7122 = DIRECTION ( 'NONE',  ( -0.0000000000000000000, -0.0000000000000000000, 1.000000000000000000 ) ) ;
#7123 = CARTESIAN_POINT ( 'NONE',  ( 1.907357968637897100E-017, 1.110236220472441000, -2.525354764622362900 ) ) ;
#7124 = CARTESIAN_POINT ( 'NONE',  ( 0.0000000000000000000, -0.1063254504407638000, 0.7874015748031496500 ) ) ;
#7125 = CARTESIAN_POINT ( 'NONE',  ( 0.8255996794046417400, -0.9293197551186300800, -0.1749781277340315400 ) ) ;
#7126 = CARTESIAN_POINT ( 'NONE',  ( 0.9006284698872049100, -0.7294072714244842500, -1.128608923884515600 ) ) ;
#7127 = CARTESIAN_POINT ( 'NONE',  ( 0.7311023692017438700, -0.9279527559058763400, -0.1968503937007873800 ) ) ;
#7128 = CARTESIAN_POINT ( 'NONE',  ( -0.7642466524047193400, -1.054918747226489800, -2.992125984251968500 ) ) ;
#7129 = CARTESIAN_POINT ( 'NONE',  ( -0.7003745554811732200, 1.109486903909763700, -2.681539807524059500 ) ) ;
#7130 = CARTESIAN_POINT ( 'NONE',  ( -0.1852210834394176200, 1.110236220472443900, -2.763252316820711900 ) ) ;
#7131 = ORIENTED_EDGE ( 'NONE', *, *, #4442, .T. ) ;
#7132 = CARTESIAN_POINT ( 'NONE',  ( 1.104136452828496300, -0.7137832230396653500, -2.681539807524059500 ) ) ;
#7133 = CARTESIAN_POINT ( 'NONE',  ( 0.7311036405941849800, -0.9272433185909526600, -0.1968503937007874100 ) ) ;
#7134 = CARTESIAN_POINT ( 'NONE',  ( 0.7738167753536416800, -0.7980368589790987100, -2.992125984251965400 ) ) ;
#7135 = EDGE_CURVE ( 'NONE', #5344, #7512, #4769, .T. ) ;
#7136 = CARTESIAN_POINT ( 'NONE',  ( -0.06319359510863047100, 0.08521289749040296400, 0.7874015748031488700 ) ) ;
#7137 = ORIENTED_EDGE ( 'NONE', *, *, #5311, .F. ) ;
#7138 = VERTEX_POINT ( 'NONE', #6281 ) ;
#7139 = CARTESIAN_POINT ( 'NONE',  ( -1.083913278540055400, 0.7441482841840275600, -0.5074365704286969400 ) ) ;
#7140 = CARTESIAN_POINT ( 'NONE',  ( 0.7528510366733464100, 1.018785567477366500, -0.1968503937007874100 ) ) ;
#7141 = CARTESIAN_POINT ( 'NONE',  ( -1.110318066288362500, -0.9451014140148467100, 0.0000000000000000000 ) ) ;
#7142 = CARTESIAN_POINT ( 'NONE',  ( -1.008932729790676900, 0.7469057087232008300, -0.5074365704286969400 ) ) ;
#7143 = CARTESIAN_POINT ( 'NONE',  ( -0.3702728364785316000, 0.6629341840565985400, 0.02099737532808268500 ) ) ;
#7144 = CARTESIAN_POINT ( 'NONE',  ( 1.109563216913673100, -0.7003911346322485600, -2.992125984251976500 ) ) ;
#7145 = CARTESIAN_POINT ( 'NONE',  ( 0.06133097929620535300, -0.08935957153810761300, 0.7875341207349083600 ) ) ;
#7146 = B_SPLINE_SURFACE_WITH_KNOTS ( 'NONE', 3, 3, ( 
 ( #5097, #3764, #1964, #7090, #3793, #75, #4539, #5125, #4482, #3851, #1337, #5153, #1876, #6411, #5071, #5773, #6384 ),
 ( #5828, #2526, #1904, #1252, #7712, #2557, #3825, #6999, #16, #46, #3243, #6470, #2641, #7031, #4509, #7740, #3881 ),
 ( #3131, #8285, #4417, #3185, #7114, #3268, #3966, #3939, #123, #4681, #1423, #819, #738, #7202, #6609, #765, #5860 ),
 ( #1451, #5208, #2722, #791, #5942, #2048, #850, #2104, #6554, #1365, #5270, #7143, #2021, #3325, #3353, #4657, #5914 ),
 ( #6583, #6497, #4600, #4625, #2750, #5322, #5242, #1392, #151, #101, #2670, #5887, #7231, #7769, #2132, #3296, #7853 ),
 ( #7880, #4571, #7795, #3908, #2079, #6523, #2694, #1478, #3994, #7821, #179, #5299, #3379, #4022, #7172, #206, #5967 ) ),
 .UNSPECIFIED., .F., .F., .F.,
 ( 4, 1, 1, 4 ),
 ( 4, 1, 1, 1, 1, 1, 1, 1, 1, 1, 1, 1, 1, 1, 4 ),
 ( -0.08398950131233999500, -0.05599300087489000200, -0.02799650043745000700, 0.0000000000000000000 ),
 ( 5.983623284354022700, 6.482536238233819900, 6.981449192113623200, 7.480362145993422200, 7.979275099873231800, 8.478188053753029900, 8.727644530692931100, 8.977101007632828800, 9.226557484572728300, 9.476013961512629500, 9.974926915392440900, 10.47383986927224300, 10.97275282315205100, 11.47166577703184800, 11.97057873091164900 ),
 .UNSPECIFIED. ) ;
#7147 = CARTESIAN_POINT ( 'NONE',  ( 0.03825588577256693700, 1.134251968503936900, -2.833869000920110200 ) ) ;
#7148 = CARTESIAN_POINT ( 'NONE',  ( 0.9028841459682126500, -1.028348482669716500, -0.1968503937007874100 ) ) ;
#7149 = VERTEX_POINT ( 'NONE', #2448 ) ;
#7150 = CARTESIAN_POINT ( 'NONE',  ( 1.030314616339725200, -0.9279527557392346400, -0.09842519685039526100 ) ) ;
#7151 = EDGE_CURVE ( 'NONE', #1318, #2014, #5736, .T. ) ;
#7152 = CARTESIAN_POINT ( 'NONE',  ( -0.7593146768515431900, 1.029023522214551600, -2.681539807524059500 ) ) ;
#7153 = CARTESIAN_POINT ( 'NONE',  ( -0.03526368610020472900, 0.1419330633355000400, 0.06299212598425198200 ) ) ;
#7154 = ORIENTED_EDGE ( 'NONE', *, *, #6378, .F. ) ;
#7155 = CARTESIAN_POINT ( 'NONE',  ( -0.1184288968368032000, 0.001494017462385827600, 0.7742782152230984800 ) ) ;
#7156 = CARTESIAN_POINT ( 'NONE',  ( 0.9530213658428109400, -0.8275570291413073500, -0.1749781277340315400 ) ) ;
#7157 = CARTESIAN_POINT ( 'NONE',  ( 1.008932729790676900, -0.7469057087232008300, -1.128608923884515600 ) ) ;
#7158 = ADVANCED_FACE ( 'NONE', ( #5537 ), #1795, .T. ) ;
#7159 = CARTESIAN_POINT ( 'NONE',  ( 0.7023879734236339000, 1.109088367905878100, -2.992125984251968500 ) ) ;
#7160 = CARTESIAN_POINT ( 'NONE',  ( 0.7549431811966416100, 1.076064190174771800, -1.128608923884511800 ) ) ;
#7161 = CARTESIAN_POINT ( 'NONE',  ( -0.7119148290572677700, 1.105448062055279800, -0.5074365704286969400 ) ) ;
#7162 = CARTESIAN_POINT ( 'NONE',  ( 0.0000000000000000000, 1.110236220472443900, -2.879801502772728400 ) ) ;
#7163 = CARTESIAN_POINT ( 'NONE',  ( 0.1446818157067244500, 0.0009658267581614175800, -2.987751531058617800 ) ) ;
#7164 = CARTESIAN_POINT ( 'NONE',  ( 0.1754327174310114400, 1.153936964634294500, -2.681102362204721000 ) ) ;
#7165 = CARTESIAN_POINT ( 'NONE',  ( -1.110318066288362500, 0.9451014140148467100, 0.0000000000000000000 ) ) ;
#7166 = CARTESIAN_POINT ( 'NONE',  ( -1.103922769201725900, 0.7141138810663711900, -1.594488188976379300 ) ) ;
#7167 = VECTOR ( 'NONE', #1040, 39.37007874015748100 ) ;
#7168 = CARTESIAN_POINT ( 'NONE',  ( 1.101616661993956900, -0.7173146837074329000, -0.5074365704286969400 ) ) ;
#7169 = CARTESIAN_POINT ( 'NONE',  ( -1.057192564065761300, -1.057192564065722900, 0.0000000000000000000 ) ) ;
#7170 = CARTESIAN_POINT ( 'NONE',  ( -1.031542260286323300, 0.7605331936007366800, -0.1968503937007874100 ) ) ;
#7171 = CARTESIAN_POINT ( 'NONE',  ( -0.8324966087895316900, 0.7505357138161850000, -2.681539807524059500 ) ) ;
#7172 = CARTESIAN_POINT ( 'NONE',  ( -0.7360730235907874100, 0.1823967744873268300, -0.0000000000000000000 ) ) ;
#7173 = CARTESIAN_POINT ( 'NONE',  ( 0.1446774418240743800, 0.02265127236583267000, 0.02362204724409452300 ) ) ;
#7174 = B_SPLINE_CURVE_WITH_KNOTS ( 'NONE', 3,
 ( #8310, #4656, #790, #2020, #6553, #3378 ),
 .UNSPECIFIED., .F., .F.,
 ( 4, 1, 1, 4 ),
 ( 3.381064614312108500E-016, 0.001197975670863836500, 0.002417670315533920800, 0.003615609116956308000 ),
 .UNSPECIFIED. ) ;
#7175 = CARTESIAN_POINT ( 'NONE',  ( 0.07270040754172836500, -0.1062935698246890300, 0.02362204724409449500 ) ) ;
#7176 = CARTESIAN_POINT ( 'NONE',  ( 0.8253816619105313100, -0.9429096587393148700, -0.1312335958005236600 ) ) ;
#7177 = FACE_OUTER_BOUND ( 'NONE', #2892, .T. ) ;
#7178 = CARTESIAN_POINT ( 'NONE',  ( -0.08968624851009841800, -0.7465127032399607700, 0.06299212598425198200 ) ) ;
#7179 = CARTESIAN_POINT ( 'NONE',  ( 0.1251725047065984900, 0.01871959219484252400, -3.020559930008748200 ) ) ;
#7180 = CARTESIAN_POINT ( 'NONE',  ( -0.1573236968471417300, 1.144378037797165300, -2.681102362832294500 ) ) ;
#7181 = CARTESIAN_POINT ( 'NONE',  ( -1.109486903909763700, 0.7003745554811694500, -1.128608923884515600 ) ) ;
#7182 = ORIENTED_EDGE ( 'NONE', *, *, #8061, .F. ) ;
#7183 = CARTESIAN_POINT ( 'NONE',  ( 0.0000000000000000000, -0.1239911535254173600, 0.7699037620297480800 ) ) ;
#7184 = CARTESIAN_POINT ( 'NONE',  ( 0.1448347163264528100, 0.02193883921625590700, -2.992125984251968500 ) ) ;
#7185 = CARTESIAN_POINT ( 'NONE',  ( 0.7310279753857676900, 0.9076672032026179600, -2.681539807524059500 ) ) ;
#7186 = CARTESIAN_POINT ( 'NONE',  ( 0.7003745554811694500, 1.109486903909763700, -2.681539807524059500 ) ) ;
#7187 = CARTESIAN_POINT ( 'NONE',  ( 0.7637992319626142300, 1.057805835868256100, -1.128608923884515600 ) ) ;
#7188 = CARTESIAN_POINT ( 'NONE',  ( -0.7173146837074369000, 1.101616661993956900, -2.060367454068240600 ) ) ;
#7189 = CARTESIAN_POINT ( 'NONE',  ( -1.110236220472441000, 0.9291338582677165500, -1.496062992125984300 ) ) ;
#7190 = CARTESIAN_POINT ( 'NONE',  ( 0.03526368610020472900, -0.1419330633355000400, -2.987751531058617800 ) ) ;
#7191 = CARTESIAN_POINT ( 'NONE',  ( 1.085874585383008100, -1.023890032031122200, -0.1749781277340315400 ) ) ;
#7192 = VERTEX_POINT ( 'NONE', #5833 ) ;
#7193 = CARTESIAN_POINT ( 'NONE',  ( -1.110233970439102400, 0.9282311026850591500, -0.1968503937007874100 ) ) ;
#7194 = DIRECTION ( 'NONE',  ( 0.0000000000000000000, 0.0000000000000000000, 1.000000000000000000 ) ) ;
#7195 = CARTESIAN_POINT ( 'NONE',  ( -0.1126849525755905800, 1.134251968503936900, -2.570615896417070900 ) ) ;
#7196 = CARTESIAN_POINT ( 'NONE',  ( 1.109486903909763700, -0.7003745554811694500, -2.060367454068244600 ) ) ;
#7197 = CARTESIAN_POINT ( 'NONE',  ( -1.081314661062031700, 0.7479053414235590200, -1.128608923884515600 ) ) ;
#7198 = ADVANCED_FACE ( 'NONE', ( #2738, #4531 ), #5185, .T. ) ;
#7199 = VERTEX_POINT ( 'NONE', #7745 ) ;
#7200 = CARTESIAN_POINT ( 'NONE',  ( -1.085874585383008100, -1.023890032031122200, -0.1968503937007874100 ) ) ;
#7201 = CARTESIAN_POINT ( 'NONE',  ( -0.9634718618594920700, 0.7306366061711417900, -0.1968503937007874100 ) ) ;
#7202 = CARTESIAN_POINT ( 'NONE',  ( -0.6631499799855394800, 0.3699185312724016000, 0.04199475065616930400 ) ) ;
#7203 = CARTESIAN_POINT ( 'NONE',  ( 1.110236408271177500, -0.6936092895046371800, -2.992125984251973400 ) ) ;
#7204 = B_SPLINE_CURVE_WITH_KNOTS ( 'NONE', 3,
 ( #5922, #6590, #7270, #4606, #4690, #1510 ),
 .UNSPECIFIED., .F., .F.,
 ( 4, 1, 1, 4 ),
 ( 0.0000000000000000000, 0.2887644307316487600, 0.7100258073628431500, 1.000000000000000000 ),
 .UNSPECIFIED. ) ;
#7205 = EDGE_CURVE ( 'NONE', #7138, #3516, #6832, .T. ) ;
#7206 = B_SPLINE_SURFACE_WITH_KNOTS ( 'NONE', 3, 3, ( 
 ( #2988, #3596, #4896, #6239, #4245, #3672, #1004, #4273, #2405, #1035, #4187, #2328, #6185 ),
 ( #6795, #5595, #1757, #4920, #1057, #459, #2378, #3622, #2963, #1696, #6882, #8085, #8108 ),
 ( #5545, #5491, #1084, #375, #2351, #8134, #6132, #3042, #5568, #1730, #7534, #6208, #4846 ),
 ( #6773, #2935, #6854, #7427, #3569, #3015, #402, #7507, #8163, #4303, #486, #6319, #586 ),
 ( #5060, #1895, #1843, #8190, #6267, #6350, #8303, #4440, #4328, #3064, #6934, #1164, #5674 ),
 ( #559, #7561, #4379, #2487, #5703, #6374, #2548, #3702, #5029, #6960, #3120, #7614, #3175 ) ),
 .UNSPECIFIED., .F., .F., .F.,
 ( 4, 1, 1, 4 ),
 ( 4, 1, 1, 1, 1, 1, 1, 1, 1, 1, 4 ),
 ( -1.589757515774270000, -1.059838343849509800, -0.5299191719247599000, -0.0000000000000000000 ),
 ( -0.01896118897937000200, 0.5109579829453899700, 0.7759175689077597600, 1.040877154870140100, 1.305836740832519800, 1.570796326794899900, 1.835755912757270000, 2.100715498719650100, 2.365675084682029800, 2.630634670644410400, 3.160553842569160400 ),
 .UNSPECIFIED. ) ;
#7207 = CARTESIAN_POINT ( 'NONE',  ( 0.0000000000000000000, 1.144378037797165300, -2.839932610568503900 ) ) ;
#7208 = CARTESIAN_POINT ( 'NONE',  ( 0.9279527559055117400, -1.031298199610023700, -0.02187226596675591000 ) ) ;
#7209 = EDGE_LOOP ( 'NONE', ( #5677, #914, #7521, #4213, #2686, #5502, #2138, #5782 ) ) ;
#7210 = CARTESIAN_POINT ( 'NONE',  ( 0.5373840014121733500, -0.5370372980905274700, 0.05599300087488978000 ) ) ;
#7211 = CARTESIAN_POINT ( 'NONE',  ( -0.1156637036326063400, 0.06262578429423626400, -2.952755905511811100 ) ) ;
#7212 = CARTESIAN_POINT ( 'NONE',  ( 0.1240649308827023900, 0.01726888434024642600, 0.7677540696847877700 ) ) ;
#7213 = CARTESIAN_POINT ( 'NONE',  ( -1.057805835868256100, 0.7637992319626142300, -0.5074365704286969400 ) ) ;
#7214 = CARTESIAN_POINT ( 'NONE',  ( 0.9530213658428109400, 0.8275570291413073500, -0.06561679790026378500 ) ) ;
#7215 = CARTESIAN_POINT ( 'NONE',  ( 0.1446818157067244500, -0.0009658267581614175800, -2.979002624671917700 ) ) ;
#7216 = CARTESIAN_POINT ( 'NONE',  ( 0.9634718618594920700, -0.7306366061711417900, -0.5074365704286969400 ) ) ;
#7217 = DIRECTION ( 'NONE',  ( -1.000000000000000000, 0.0000000000000000000, 0.0000000000000000000 ) ) ;
#7218 = CARTESIAN_POINT ( 'NONE',  ( 0.7618448995876850900, 1.065122253766169300, -1.128608923884515600 ) ) ;
#7219 = VERTEX_POINT ( 'NONE', #685 ) ;
#7220 = B_SPLINE_SURFACE_WITH_KNOTS ( 'NONE', 3, 3, ( 
 ( #7410, #7387, #4115, #4826, #3527, #2864 ),
 ( #3498, #300, #6756, #8009, #2919, #2838 ),
 ( #7327, #4776, #938, #4869, #7871, #887 ),
 ( #6663, #2828, #3356, #4929, #5041, #6277 ),
 ( #8228, #1197, #5008, #1738, #2443, #1095 ),
 ( #2414, #3684, #5684, #7543, #6971, #4282 ) ),
 .UNSPECIFIED., .F., .F., .F.,
 ( 4, 1, 1, 4 ),
 ( 4, 1, 1, 4 ),
 ( -2.126066776463539900, -1.417377850975689800, -0.7086889254878500100, 0.0000000000000000000 ),
 ( 1.950668116212039800, 1.983939272285309500, 2.017210428358579700, 2.050481584431850000 ),
 .UNSPECIFIED. ) ;
#7221 = CARTESIAN_POINT ( 'NONE',  ( 0.08401568594263388000, -0.1231026060500197600, -2.992125984251968500 ) ) ;
#7222 = CARTESIAN_POINT ( 'NONE',  ( -1.081538273903767600, -0.7475806083234700600, -0.1968503937007874400 ) ) ;
#7223 = CARTESIAN_POINT ( 'NONE',  ( -0.7031063972595347200, 1.108855069386813800, -0.1968503937007874100 ) ) ;
#7224 = CARTESIAN_POINT ( 'NONE',  ( -0.9632357407194283000, -0.7306319871982826000, -0.1968503937007874100 ) ) ;
#7225 = CARTESIAN_POINT ( 'NONE',  ( -0.9530213658428109400, -1.028348482669716500, 0.0000000000000000000 ) ) ;
#7226 = ORIENTED_EDGE ( 'NONE', *, *, #809, .T. ) ;
#7227 = CARTESIAN_POINT ( 'NONE',  ( 1.109088367905878100, -0.7023879734236339000, -0.5074365704286969400 ) ) ;
#7228 = CARTESIAN_POINT ( 'NONE',  ( 0.7475806083234715100, 1.081538273903763600, -0.1968503937007873800 ) ) ;
#7229 = CARTESIAN_POINT ( 'NONE',  ( -1.110318066288362500, -0.9451014140148467100, -0.06561679790026378500 ) ) ;
#7230 = CARTESIAN_POINT ( 'NONE',  ( 0.08507418187083400100, 0.09148105287393731900, 0.1968503937007873800 ) ) ;
#7231 = CARTESIAN_POINT ( 'NONE',  ( -0.5373840014121733500, 0.5370372980905274700, 0.006999125109362205200 ) ) ;
#7232 = CARTESIAN_POINT ( 'NONE',  ( 1.110134101196096800, -0.6966426451231498800, -2.992125984251974700 ) ) ;
#7233 = B_SPLINE_SURFACE_WITH_KNOTS ( 'NONE', 3, 3, ( 
 ( #6238, #374, #6318, #7613, #5085, #585, #7559, #3727, #4438, #4998, #8273 ),
 ( #5059, #5702, #5619, #3701, #8243, #1867, #8302, #8217, #1163, #4378, #3671 ),
 ( #5647, #1215, #3041, #5732, #1783, #4406, #3752, #1811, #7587, #8189, #2404 ),
 ( #4351, #4327, #616, #1186, #3088, #558, #2486, #6349, #5028, #3063, #5673 ),
 ( #534, #1841, #1242, #6291, #2516, #2432, #6907, #6959, #7533, #6989, #2459 ),
 ( #4973, #3147, #6881, #3119, #1137, #7644, #3782, #1894, #6266, #6933, #91 ) ),
 .UNSPECIFIED., .F., .F., .F.,
 ( 4, 1, 1, 4 ),
 ( 4, 1, 1, 1, 1, 1, 1, 1, 4 ),
 ( 46.08136074161154000, 46.72238638263720400, 47.36341202366283900, 48.00443766468846700 ),
 ( -0.003846153846150000900, 0.1335715790914600000, 0.2709893120290600700, 0.3396981784978701000, 0.4084070449666700200, 0.4771159114354800400, 0.5458247779042800800, 0.6832425108418901400, 0.8206602437795000900 ),
 .UNSPECIFIED. ) ;
#7234 = CARTESIAN_POINT ( 'NONE',  ( 0.1557248242963858700, 1.134251968503936900, -2.678434345235760200 ) ) ;
#7235 = CARTESIAN_POINT ( 'NONE',  ( -1.029023522214551600, -0.7593146768515431900, -0.1968503937007874100 ) ) ;
#7236 = ORIENTED_EDGE ( 'NONE', *, *, #164, .T. ) ;
#7237 = AXIS2_PLACEMENT_3D ( 'NONE', #1587, #7932, #6713 ) ;
#7238 = CARTESIAN_POINT ( 'NONE',  ( -0.7500308502709094300, -0.05856650093302363100, 0.02099737532808268500 ) ) ;
#7239 = CARTESIAN_POINT ( 'NONE',  ( 0.7061733014393583000, -1.108033091542948800, -0.1968503937007874100 ) ) ;
#7240 = CARTESIAN_POINT ( 'NONE',  ( 0.1068816067250903700, 0.06532108400220541800, 0.7677178110554945300 ) ) ;
#7241 = CARTESIAN_POINT ( 'NONE',  ( 0.03526368610020472900, 0.1419330633355000400, 0.03674540682414568400 ) ) ;
#7242 = ORIENTED_EDGE ( 'NONE', *, *, #2257, .F. ) ;
#7243 = EDGE_LOOP ( 'NONE', ( #3298, #423, #3034, #2400 ) ) ;
#7244 = CARTESIAN_POINT ( 'NONE',  ( 1.030305832406381800, 0.9293197551186300800, -0.1968503937007874100 ) ) ;
#7245 = CARTESIAN_POINT ( 'NONE',  ( 0.1446818157067244500, -0.0009658267581614175800, -2.992125984251968500 ) ) ;
#7246 = CARTESIAN_POINT ( 'NONE',  ( 0.8324966087895316900, 0.7505357138161811200, -1.128608923884515600 ) ) ;
#7247 = CARTESIAN_POINT ( 'NONE',  ( 0.7107731193049651200, -1.105962098314002200, -2.992125984251968500 ) ) ;
#7248 = B_SPLINE_SURFACE_WITH_KNOTS ( 'NONE', 3, 3, ( 
 ( #3474, #993, #967, #7986, #4122, #5476 ),
 ( #941, #4857, #363, #2288, #3448, #1018 ),
 ( #5395, #5504, #7361, #7954, #1636, #5451 ),
 ( #4779, #5421, #278, #1605, #6038, #6093 ),
 ( #1578, #6066, #2259, #6732, #4149, #6676 ),
 ( #7413, #333, #7389, #4754, #6120, #6759 ),
 ( #6012, #2201, #2921, #3555, #1550, #8070 ),
 ( #2175, #6652, #6703, #2816, #3689, #4259 ),
 ( #1684, #6170, #2363, #2313, #497, #443 ) ),
 .UNSPECIFIED., .F., .F., .F.,
 ( 4, 1, 1, 3, 4 ),
 ( 4, 1, 1, 4 ),
 ( 0.0000000000000000000, 0.08811299454038001900, 0.1762259890807600400, 0.2643389836211400600, 0.2669823734573514300 ),
 ( -0.003738317757010000400, 0.09035945084032000200, 0.1844572194376400400, 0.2785549880349700900 ),
 .UNSPECIFIED. ) ;
#7249 = CARTESIAN_POINT ( 'NONE',  ( 0.08401568594263388000, -0.1231026060500197600, -2.965879265091866800 ) ) ;
#7250 = ORIENTED_EDGE ( 'NONE', *, *, #1816, .T. ) ;
#7251 = EDGE_CURVE ( 'NONE', #7199, #3290, #5411, .T. ) ;
#7252 = ORIENTED_EDGE ( 'NONE', *, *, #4800, .T. ) ;
#7253 = CARTESIAN_POINT ( 'NONE',  ( -1.110233970439106400, 0.9282311026850631500, -0.1312335958005236600 ) ) ;
#7254 = CARTESIAN_POINT ( 'NONE',  ( -0.8324966087895316900, -0.7505357138161811200, -0.1968503937007874100 ) ) ;
#7255 = CARTESIAN_POINT ( 'NONE',  ( -1.030314616339698800, 0.9279527559609371800, 0.0000000000000000000 ) ) ;
#7256 = CARTESIAN_POINT ( 'NONE',  ( 1.109486903909763700, -0.7003745554811694500, -2.681539807524059500 ) ) ;
#7257 = CARTESIAN_POINT ( 'NONE',  ( -0.0000000000000000000, 0.1261928294275669600, 0.02362204724409449500 ) ) ;
#7258 = VERTEX_POINT ( 'NONE', #5157 ) ;
#7259 = CARTESIAN_POINT ( 'NONE',  ( -1.056646062823173100, -1.057736748147917400, -0.02187226596675591000 ) ) ;
#7260 = CARTESIAN_POINT ( 'NONE',  ( 1.107445675074389500, 0.7072881488253229800, -2.681539807524059500 ) ) ;
#7261 = CARTESIAN_POINT ( 'NONE',  ( -1.031542260286326200, -0.7605331936007380100, -2.992125984251968500 ) ) ;
#7262 = B_SPLINE_CURVE_WITH_KNOTS ( 'NONE', 3,
 ( #7801, #2759, #6619, #7830, #159, #4003, #2167, #7888, #1487, #245, #131, #5331, #3974 ),
 .UNSPECIFIED., .F., .F.,
 ( 4, 1, 1, 1, 1, 1, 1, 1, 1, 1, 4 ),
 ( 0.0000000000000000000, 0.1626697805895695500, 0.2470023354421777300, 0.3313348902947856300, 0.4156674451473936800, 0.4999999999999985000, 0.5843325548526066000, 0.6686651097052145300, 0.7529976645578225800, 0.8373302194104272900, 1.000000000000000000 ),
 .UNSPECIFIED. ) ;
#7263 = B_SPLINE_SURFACE_WITH_KNOTS ( 'NONE', 3, 3, ( 
 ( #2580, #3206, #5066, #3788, #2522, #5036 ),
 ( #41, #6994, #5795, #1960, #7706, #3847 ),
 ( #7736, #4504, #3759, #677, #8307, #1305 ),
 ( #3876, #69, #564, #1193, #5679, #4445 ),
 ( #3265, #3990, #5854, #1387, #7109, #6519 ),
 ( #6492, #2017, #2690, #4653, #2665, #2746 ) ),
 .UNSPECIFIED., .F., .F., .F.,
 ( 4, 1, 1, 4 ),
 ( 4, 1, 1, 4 ),
 ( -71.00000000000000000, -47.33333333333332900, -23.66666666666667100, -1.000000000000000800E-014 ),
 ( 0.3041592653589800800, 0.3359622768347101400, 0.3677652883104400900, 0.3995682997861700900 ),
 .UNSPECIFIED. ) ;
#7264 = CARTESIAN_POINT ( 'NONE',  ( -0.1156637036326063400, -0.06262578429423626400, 0.02362204724409449500 ) ) ;
#7265 = CARTESIAN_POINT ( 'NONE',  ( 0.8330323139402675500, -0.9788933469234645200, -0.1312335958005236600 ) ) ;
#7266 = FACE_OUTER_BOUND ( 'NONE', #1995, .T. ) ;
#7267 = CARTESIAN_POINT ( 'NONE',  ( 0.6631499799855356000, -0.3699185312724016000, 0.05599300087488978000 ) ) ;
#7268 = EDGE_CURVE ( 'NONE', #2777, #6727, #5340, .T. ) ;
#7269 = CARTESIAN_POINT ( 'NONE',  ( -0.7605331936007384600, 1.031542260286327100, -0.1968503937007874400 ) ) ;
#7270 = CARTESIAN_POINT ( 'NONE',  ( 0.7636032586122535300, -1.038329624928471000, -0.1968503937007874100 ) ) ;
#7271 = CARTESIAN_POINT ( 'NONE',  ( 0.08401568594263388000, 0.1231026060500197600, 0.03674540682414568400 ) ) ;
#7272 = CARTESIAN_POINT ( 'NONE',  ( -1.110236200018593000, 0.9291338582658959000, -0.1968503937007874400 ) ) ;
#7273 = CARTESIAN_POINT ( 'NONE',  ( 0.08401568594263388000, 0.1231026060500197600, -2.992125984251968500 ) ) ;
#7274 = CARTESIAN_POINT ( 'NONE',  ( 0.1852210834375707400, 1.110236220472441400, -2.598952407586272000 ) ) ;
#7275 = CARTESIAN_POINT ( 'NONE',  ( 0.7173146837074329000, 1.101616661993956900, -2.992125984251968500 ) ) ;
#7276 = FACE_OUTER_BOUND ( 'NONE', #633, .T. ) ;
#7277 = CARTESIAN_POINT ( 'NONE',  ( 0.7440480963253898200, 1.083715119910515700, -2.992125984251968500 ) ) ;
#7278 = B_SPLINE_SURFACE_WITH_KNOTS ( 'NONE', 3, 3, ( 
 ( #4789, #7342, #925, #951, #7996, #2799, #6661, #4076, #7288, #5433, #6715, #3432, #8026 ),
 ( #2878, #3513, #4159, #4815, #347, #261, #1695, #4186, #1056, #1670, #2962, #485, #6794 ),
 ( #3542, #425, #6156, #5490, #6207, #8084, #3595, #1003, #4895, #6852, #3621, #6772, #1083 ),
 ( #4211, #1729, #6184, #3568, #2934, #7454, #7399, #5567, #5515, #5544, #4845, #4272, #6746 ),
 ( #2906, #3014, #7506, #2349, #1110, #6821, #457, #3647, #7481, #6130, #2377, #8054, #2987 ),
 ( #8133, #2298, #7426, #8162, #401, #4919, #4302, #4948, #5594, #1756, #4868, #1034, #2327 ) ),
 .UNSPECIFIED., .F., .F., .F.,
 ( 4, 1, 1, 4 ),
 ( 4, 1, 1, 1, 1, 1, 1, 1, 1, 1, 4 ),
 ( -1.589757515774270000, -1.059838343849509800, -0.5299191719247599000, -0.0000000000000000000 ),
 ( 3.122631464610420100, 3.652550636535179400, 3.917510222497560400, 4.182469808459929400, 4.447429394422311300, 4.712388980384690600, 4.977348566347069800, 5.242308152309449900, 5.507267738271821100, 5.772227324234201300, 6.302146496158959700 ),
 .UNSPECIFIED. ) ;
#7279 = CARTESIAN_POINT ( 'NONE',  ( 0.1446818157067244500, 0.0009658267581614175800, -2.952755905511811100 ) ) ;
#7280 = CARTESIAN_POINT ( 'NONE',  ( -0.09746816833348823100, 1.131583552055992000, -2.507213403735209000 ) ) ;
#7281 = CARTESIAN_POINT ( 'NONE',  ( -0.7003745554811694500, -1.109486903909763700, -0.1968503937007874100 ) ) ;
#7282 = CARTESIAN_POINT ( 'NONE',  ( 1.057736748147917400, 1.056646062823173100, -0.1312335958005236600 ) ) ;
#7283 = CARTESIAN_POINT ( 'NONE',  ( 1.047580032597574800, -1.066889654611260100, -0.1749781277340315400 ) ) ;
#7284 = VECTOR ( 'NONE', #6458, 39.37007874015748100 ) ;
#7285 = CARTESIAN_POINT ( 'NONE',  ( -0.03051586097098820200, 0.1226143411448661600, 0.02362204724409449500 ) ) ;
#7286 = ADVANCED_FACE ( 'NONE', ( #7744 ), #4474, .T. ) ;
#7287 = CARTESIAN_POINT ( 'NONE',  ( 1.109374590528771500, 0.7016296763940630400, -2.681539807524059500 ) ) ;
#7288 = CARTESIAN_POINT ( 'NONE',  ( 0.08838326014879925600, 1.153934119375358300, -2.525317103608862200 ) ) ;
#7289 = CARTESIAN_POINT ( 'NONE',  ( -0.1558869637127283900, 1.112904636920386100, -2.704836293623897900 ) ) ;
#7290 = B_SPLINE_SURFACE_WITH_KNOTS ( 'NONE', 3, 3, ( 
 ( #5625, #3095, #2438, #7487, #8195, #2354, #7538, #8169, #1115, #7592, #4954, #1060, #1700 ),
 ( #4306, #3624, #4358, #6212, #1762, #8139, #3045, #5651, #1788, #4923, #489, #2410, #6912 ),
 ( #7510, #3732, #7565, #4332, #462, #3678, #5572, #1733, #5598, #512, #3706, #4980, #8222 ),
 ( #2383, #6857, #1141, #540, #2465, #3019, #3652, #6272, #6189, #1817, #6296, #8250, #5549 ),
 ( #6829, #6406, #5768, #7650, #5740, #5148, #3153, #4477, #620, #6324, #6438, #7680, #1248 ),
 ( #651, #7057, #3179, #1223, #6379, #2607, #4413, #5707, #1899, #5091, #1846, #2492, #2551 ) ),
 .UNSPECIFIED., .F., .F., .F.,
 ( 4, 1, 1, 4 ),
 ( 4, 1, 1, 1, 1, 1, 1, 1, 1, 1, 4 ),
 ( -0.1220000000000000100, -0.08133333333333001000, -0.04066666666667000800, 0.0000000000000000000 ),
 ( 1.568796326794899900, 1.831262381260710100, 1.962495408493619900, 2.093728435726530000, 2.224961462959440500, 2.356194490192340000, 2.487427517425250500, 2.618660544658159700, 2.749893571891070600, 2.881126599123979800, 3.143592653589790200 ),
 .UNSPECIFIED. ) ;
#7291 = CARTESIAN_POINT ( 'NONE',  ( -0.08785433828891336900, 1.153934119375358300, -2.835955337599220400 ) ) ;
#7292 = CARTESIAN_POINT ( 'NONE',  ( -1.029023522214551600, -0.7593146768515431900, -0.5074365704286969400 ) ) ;
#7293 = B_SPLINE_CURVE_WITH_KNOTS ( 'NONE', 3,
 ( #3049, #543, #4984, #6944, #4958, #5603, #569, #518, #1823, #468, #1147, #6302, #8173, #1852, #7515, #8255, #2469, #6216, #3100, #7596, #6329, #3024, #5631, #8144, #5577, #3737, #2498, #4309, #2388, #492, #1794, #6863, #4390, #3657, #1120, #1766, #6247, #6892, #597, #1992, #8311, #5181, #5800, #2585, #1228, #1283, #3158, #5712, #7684, #7063, #681, #1939, #1309, #6443, #6359, #4451, #656, #2611, #707, #624, #5745, #3211, #7655 ),
 .UNSPECIFIED., .F., .F.,
 ( 4, 1, 1, 2, 2, 1, 1, 2, 2, 1, 2, 2, 2, 1, 1, 1, 1, 2, 2, 2, 1, 1, 1, 1, 2, 2, 2, 2, 1, 1, 2, 2, 1, 1, 2, 2, 1, 1, 2, 2, 4 ),
 ( 0.0000000000000000000, 0.03125000000000434400, 0.04687500000000492700, 0.05468750000000676500, 0.06250000000000860400, 0.09375000000001597300, 0.1093750000000196400, 0.1171875000000200300, 0.1250000000000204300, 0.1562500000000165400, 0.1718750000000146300, 0.1875000000000126800, 0.2500000000000025500, 0.3124999999999923900, 0.3437499999999881800, 0.3593749999999860100, 0.3671874999999855100, 0.3710937499999847300, 0.3749999999999839600, 0.4999999999999888400, 0.5624999999999912300, 0.5937499999999921200, 0.6093749999999926700, 0.6171874999999934500, 0.6210937499999938900, 0.6249999999999942300, 0.6874999999999964500, 0.7499999999999985600, 0.7812499999999986700, 0.7968749999999987800, 0.8046874999999975600, 0.8124999999999964500, 0.8437499999999945600, 0.8593749999999936700, 0.8671874999999945600, 0.8749999999999953400, 0.9062499999999961100, 0.9218749999999963400, 0.9296874999999980000, 0.9374999999999996700, 1.000000000000000000 ),
 .UNSPECIFIED. ) ;
#7294 = ORIENTED_EDGE ( 'NONE', *, *, #2540, .T. ) ;
#7295 = CARTESIAN_POINT ( 'NONE',  ( -0.6631499799855394800, -0.3699185312724016000, 0.04199475065616930400 ) ) ;
#7296 = CARTESIAN_POINT ( 'NONE',  ( 1.066258947909218600, -0.7611279201994749500, -0.1968503937007874100 ) ) ;
#7297 = CARTESIAN_POINT ( 'NONE',  ( 1.103009155936019800, 0.7155729551865474000, -0.1968503937007874100 ) ) ;
#7298 = CARTESIAN_POINT ( 'NONE',  ( -0.1446818157067244500, -0.0009658267581614175800, 0.02362204724409449500 ) ) ;
#7299 = CARTESIAN_POINT ( 'NONE',  ( 0.9028841459682126500, 0.8275570291413073500, -0.1312335958005236600 ) ) ;
#7300 = CARTESIAN_POINT ( 'NONE',  ( -0.08401568594263388000, 0.1231026060500197600, -2.979002624671917700 ) ) ;
#7301 = CARTESIAN_POINT ( 'NONE',  ( 1.008932729790676900, 0.7469057087232008300, -1.128608923884511800 ) ) ;
#7302 = VERTEX_POINT ( 'NONE', #6694 ) ;
#7303 = EDGE_CURVE ( 'NONE', #34, #3936, #4871, .T. ) ;
#7304 = CARTESIAN_POINT ( 'NONE',  ( 0.7155729551865434000, 1.103009155936019800, -0.5074365704286969400 ) ) ;
#7305 = CARTESIAN_POINT ( 'NONE',  ( 1.048472305788080000, -0.7649861758560666500, -2.992125984251968500 ) ) ;
#7306 = VERTEX_POINT ( 'NONE', #7799 ) ;
#7307 = CARTESIAN_POINT ( 'NONE',  ( -1.022481225836616000, -0.9792942676342828400, 0.0000000000000000000 ) ) ;
#7308 = CARTESIAN_POINT ( 'NONE',  ( 1.047580032597574800, -1.066889654611260100, -0.1312335958005236600 ) ) ;
#7309 = CARTESIAN_POINT ( 'NONE',  ( 0.7107731193049654500, -1.105962098314001900, -0.1968503937007874100 ) ) ;
#7310 = CARTESIAN_POINT ( 'NONE',  ( -0.7636744025022773600, 1.057499546894264300, -2.992125984251968500 ) ) ;
#7311 = CARTESIAN_POINT ( 'NONE',  ( -0.8330323139402675500, 0.8770121648875594000, -0.1312335958005236600 ) ) ;
#7312 = CARTESIAN_POINT ( 'NONE',  ( 1.110261735596846700, 0.6910086409841889000, -2.992125984251968500 ) ) ;
#7313 = CARTESIAN_POINT ( 'NONE',  ( 0.03793485271320473600, 1.110236220472441000, -2.833891715706975800 ) ) ;
#7314 = ORIENTED_EDGE ( 'NONE', *, *, #8119, .F. ) ;
#7315 = EDGE_CURVE ( 'NONE', #4430, #6196, #266, .T. ) ;
#7316 = B_SPLINE_SURFACE_WITH_KNOTS ( 'NONE', 3, 3, ( 
 ( #5445, #4254, #326, #4905, #2916, #3578 ),
 ( #1065, #4799, #8092, #1599, #6193, #2359 ),
 ( #6834, #410, #2998, #6088, #2254, #2889 ),
 ( #6726, #7383, #3524, #8039, #1628, #7408 ),
 ( #3550, #383, #6141, #3629, #7625, #6306 ),
 ( #1880, #5892, #1624, #7620, #147, #2240 ) ),
 .UNSPECIFIED., .F., .F., .F.,
 ( 4, 1, 1, 4 ),
 ( 4, 1, 1, 4 ),
 ( -71.00000000000000000, -47.33333333333332900, -23.66666666666667100, -1.000000000000000800E-014 ),
 ( 0.2287502309317900600, 0.2605532424075199200, 0.2923562538832500900, 0.3241592653589801000 ),
 .UNSPECIFIED. ) ;
#7317 = CARTESIAN_POINT ( 'NONE',  ( -0.1446774418205934200, -0.02265127238144948000, -2.992125984251963600 ) ) ;
#7318 = CARTESIAN_POINT ( 'NONE',  ( -1.029023522214551600, -0.7593146768515431900, -2.992125984251968500 ) ) ;
#7319 = B_SPLINE_CURVE_WITH_KNOTS ( 'NONE', 3,
 ( #957, #7269, #1509, #5385, #4056, #6085 ),
 .UNSPECIFIED., .F., .F.,
 ( 4, 1, 1, 4 ),
 ( 0.0000000000000000000, 0.2887644307316257800, 0.7100258073628381600, 1.000000000000000000 ),
 .UNSPECIFIED. ) ;
#7320 = CARTESIAN_POINT ( 'NONE',  ( -0.2142136135413897600, -0.7237849185444172900, 0.05599300087488978000 ) ) ;
#7321 = CARTESIAN_POINT ( 'NONE',  ( 1.110233970439102400, 0.9282311026850591500, -0.1968503937007874100 ) ) ;
#7322 = ORIENTED_EDGE ( 'NONE', *, *, #4117, .T. ) ;
#7323 = CARTESIAN_POINT ( 'NONE',  ( 0.07427235001760554300, 1.153937007874015700, -2.522134937516316900 ) ) ;
#7324 = CARTESIAN_POINT ( 'NONE',  ( 0.1448347163264528100, 0.02193883921625590700, 0.04986876640420077900 ) ) ;
#7325 = CARTESIAN_POINT ( 'NONE',  ( 0.7072881488253269800, -1.107445675074389500, -2.060367454068244600 ) ) ;
#7326 = CARTESIAN_POINT ( 'NONE',  ( 1.030305832406381800, 0.9293197551186300800, -0.02187226596675591000 ) ) ;
#7327 = CARTESIAN_POINT ( 'NONE',  ( 1.104136452828496300, 0.7137832230396693500, -1.128608923884515600 ) ) ;
#7328 = CARTESIAN_POINT ( 'NONE',  ( 0.7253838148664593100, 1.096632244641319300, -2.992125984251968500 ) ) ;
#7329 = CARTESIAN_POINT ( 'NONE',  ( 0.1334499306850841200, 0.07302144007198795000, -2.992125984251975200 ) ) ;
#7330 = CARTESIAN_POINT ( 'NONE',  ( 0.7618448995876850900, 1.065122253766169300, -2.681539807524059500 ) ) ;
#7331 = ORIENTED_EDGE ( 'NONE', *, *, #4738, .F. ) ;
#7332 = CARTESIAN_POINT ( 'NONE',  ( -0.1557475975856370500, 1.110236220472440700, -2.681102362228391800 ) ) ;
#7333 = CARTESIAN_POINT ( 'NONE',  ( 1.022481225820766700, 0.9792942676504938800, -0.1968503937007874100 ) ) ;
#7334 = CARTESIAN_POINT ( 'NONE',  ( 0.0000000000000000000, 1.134251968503936900, -2.482403221636720700 ) ) ;
#7335 = CARTESIAN_POINT ( 'NONE',  ( 1.103922707985718600, 0.7141138414599870200, -0.1968503937007873800 ) ) ;
#7336 = CARTESIAN_POINT ( 'NONE',  ( 0.1577331621557756200, 1.144378037797165300, -2.658605488171228400 ) ) ;
#7337 = CARTESIAN_POINT ( 'NONE',  ( -0.9006284698872087900, -0.7294072714244842500, -2.992125984251973400 ) ) ;
#7338 = CARTESIAN_POINT ( 'NONE',  ( 0.9876700203231734100, 1.014900208985472200, -0.1968503937007874100 ) ) ;
#7339 = ORIENTED_EDGE ( 'NONE', *, *, #3544, .T. ) ;
#7340 = CARTESIAN_POINT ( 'NONE',  ( 0.7141138810663749700, -1.103922769201725300, -1.594488188976377100 ) ) ;
#7341 = CARTESIAN_POINT ( 'NONE',  ( -0.9279527559055117400, 0.8246073122010001400, -0.1312335958005236600 ) ) ;
#7342 = CARTESIAN_POINT ( 'NONE',  ( -0.1772873119973661400, 1.153934119375358300, -2.655816555014709000 ) ) ;
#7343 = LINE ( 'NONE', #7340, #6926 ) ;
#7344 = CARTESIAN_POINT ( 'NONE',  ( 0.1557450946406299700, 1.134251968503936900, -2.680205304754929200 ) ) ;
#7345 = DIRECTION ( 'NONE',  ( -0.0000000000000000000, -0.0000000000000000000, 1.000000000000000000 ) ) ;
#7346 = B_SPLINE_SURFACE_WITH_KNOTS ( 'NONE', 3, 3, ( 
 ( #4935, #8177, #1771, #7468, #8122, #2419, #1070, #1657, #5582, #8148, #6784 ),
 ( #1711, #4286, #1743, #3582, #8096, #4230, #2393, #414, #4881, #7629, #6975 ),
 ( #7689, #3161, #8232, #602, #3077, #8288, #574, #1854, #3829, #5688, #5132 ),
 ( #3768, #5045, #4366, #5102, #6948, #2502, #546, #4425, #5750, #2532, #5660 ),
 ( #658, #3104, #631, #5075, #2473, #7601, #1257, #6334, #1201, #4486, #7660 ),
 ( #7573, #20, #3134, #5013, #5636, #1230, #3716, #1909, #5717, #1828, #3740 ) ),
 .UNSPECIFIED., .F., .F., .F.,
 ( 4, 1, 1, 4 ),
 ( 4, 1, 1, 1, 1, 1, 1, 1, 4 ),
 ( 46.08136074161154000, 46.72238638263720400, 47.36341202366283900, 48.00443766468846700 ),
 ( 0.8129679360871900900, 0.9503856690248000400, 1.087803401962409900, 1.156512268431210400, 1.225221134900019900, 1.293930001368820000, 1.362638867837630000, 1.500056600775240100, 1.637474333712839900 ),
 .UNSPECIFIED. ) ;
#7347 = CARTESIAN_POINT ( 'NONE',  ( 0.1757441378990236600, 1.153934119375358300, -2.678091356449996000 ) ) ;
#7348 = CARTESIAN_POINT ( 'NONE',  ( -1.025508191967476900, -0.7566742686776338800, -2.992125984251968500 ) ) ;
#7349 = ORIENTED_EDGE ( 'NONE', *, *, #495, .F. ) ;
#7350 = B_SPLINE_CURVE_WITH_KNOTS ( 'NONE', 3,
 ( #6887, #4900, #2992, #3069, #5003, #1168 ),
 .UNSPECIFIED., .F., .F.,
 ( 4, 1, 1, 4 ),
 ( 0.0000000000000000000, 0.2887644307316361000, 0.7100258073629041000, 1.000000000000000000 ),
 .UNSPECIFIED. ) ;
#7351 = VERTEX_POINT ( 'NONE', #7380 ) ;
#7352 = CARTESIAN_POINT ( 'NONE',  ( -0.5373840014121733500, -0.5370372980905274700, -0.0000000000000000000 ) ) ;
#7353 = CARTESIAN_POINT ( 'NONE',  ( 0.7155729551865474000, -1.103009155936019800, -2.060367454068240600 ) ) ;
#7354 = CARTESIAN_POINT ( 'NONE',  ( 0.1016789429451349200, 1.153937007874015700, -2.537218152188309700 ) ) ;
#7355 = CARTESIAN_POINT ( 'NONE',  ( -0.1446849424173934900, -1.060921562636110400E-011, -2.952755905511810700 ) ) ;
#7356 = ORIENTED_EDGE ( 'NONE', *, *, #1996, .T. ) ;
#7357 = CARTESIAN_POINT ( 'NONE',  ( 0.9632357407194283000, -0.7306319871982826000, -0.1968503937007874100 ) ) ;
#7358 = CARTESIAN_POINT ( 'NONE',  ( 0.7611279201994747300, 1.066258947909218600, -0.1968503937007873800 ) ) ;
#7359 = CARTESIAN_POINT ( 'NONE',  ( -0.09746816833348823100, 1.110236220472441400, -2.507213403735209000 ) ) ;
#7360 = CARTESIAN_POINT ( 'NONE',  ( 0.7119148290572637800, 1.105448062055279800, -1.128608923884511800 ) ) ;
#7361 = CARTESIAN_POINT ( 'NONE',  ( 0.1085627662052165400, 0.03550916329252364800, 0.7808398950131259000 ) ) ;
#7362 = CARTESIAN_POINT ( 'NONE',  ( 0.6954048260608386400, 1.110322617515925500, -2.992125984251968500 ) ) ;
#7363 = DIRECTION ( 'NONE',  ( -0.0000000000000000000, -0.0000000000000000000, 1.000000000000000000 ) ) ;
#7364 = CARTESIAN_POINT ( 'NONE',  ( -1.108033091542944800, -0.7061733014393583000, -1.128608923884515600 ) ) ;
#7365 = VERTEX_POINT ( 'NONE', #4820 ) ;
#7366 = CARTESIAN_POINT ( 'NONE',  ( 0.7589879883973900100, 1.028952656870866500, -1.128608923884515600 ) ) ;
#7367 = CARTESIAN_POINT ( 'NONE',  ( 0.1126849525755905800, 1.137382512314492300, -2.570615896417070900 ) ) ;
#7368 = CARTESIAN_POINT ( 'NONE',  ( 1.023890032031122200, -1.085874585383008100, 0.0000000000000000000 ) ) ;
#7369 = B_SPLINE_CURVE_WITH_KNOTS ( 'NONE', 3,
 ( #3297, #7203, #7232, #7144, #180, #6555 ),
 .UNSPECIFIED., .F., .F.,
 ( 4, 1, 1, 4 ),
 ( 1.100507896338281600E-010, 6.406102205063134900E-005, 0.0002228452370982298000, 0.0002868508449863865300 ),
 .UNSPECIFIED. ) ;
#7370 = CARTESIAN_POINT ( 'NONE',  ( 0.7593146768515431900, 1.029023522214547600, -2.681539807524059500 ) ) ;
#7371 = CARTESIAN_POINT ( 'NONE',  ( -0.9279527559055117400, 0.8246073122010001400, 0.0000000000000000000 ) ) ;
#7372 = CARTESIAN_POINT ( 'NONE',  ( -0.9028841459682126500, 0.8275570291413073500, -0.06561679790026378500 ) ) ;
#7373 = PLANE ( 'NONE',  #7548 ) ;
#7374 = VECTOR ( 'NONE', #6391, 39.37007874015748100 ) ;
#7375 = CARTESIAN_POINT ( 'NONE',  ( -0.1438889093088228900, 1.126246719160102400, -2.759511447624264100 ) ) ;
#7376 = CARTESIAN_POINT ( 'NONE',  ( 0.1573236968467228700, 1.144378037797165300, -2.681102362204711200 ) ) ;
#7377 = CARTESIAN_POINT ( 'NONE',  ( -1.049803909796291500, -0.7651677351667085500, -2.992125984251968500 ) ) ;
#7378 = B_SPLINE_CURVE_WITH_KNOTS ( 'NONE', 3,
 ( #5257, #139, #2064, #6510, #779, #754, #3926, #112, #7333, #2627, #942 ),
 .UNSPECIFIED., .F., .F.,
 ( 4, 1, 1, 1, 1, 1, 1, 1, 4 ),
 ( 2.082054966165936900E-012, 0.001330758890014070100, 0.002699622016315570900, 0.003384053579466370900, 0.004068485142617071100, 0.004752916705767867200, 0.005437348268918572100, 0.006806211395220070600, 0.008136970284691975200 ),
 .UNSPECIFIED. ) ;
#7379 = CARTESIAN_POINT ( 'NONE',  ( 0.05612891166337511500, -0.08909845855669147600, 0.7873905369696737600 ) ) ;
#7380 = CARTESIAN_POINT ( 'NONE',  ( 0.1249997708871773000, -9.142683563805194600E-011, -2.992125984251969000 ) ) ;
#7381 = CARTESIAN_POINT ( 'NONE',  ( 1.110318066288362500, 0.9451014140148467100, -0.1312335958005236600 ) ) ;
#7382 = DIRECTION ( 'NONE',  ( 0.0000000000000000000, 1.000000000000000000, 0.0000000000000000000 ) ) ;
#7383 = CARTESIAN_POINT ( 'NONE',  ( 0.7479077349249685400, -1.081609771494819000, -2.060367454068240600 ) ) ;
#7384 = LINE ( 'NONE', #6303, #4156 ) ;
#7385 = EDGE_CURVE ( 'NONE', #5344, #229, #6054, .T. ) ;
#7386 = CARTESIAN_POINT ( 'NONE',  ( 0.08502337039347909700, 0.09142667267700843600, 0.5196850393700784800 ) ) ;
#7387 = CARTESIAN_POINT ( 'NONE',  ( 1.101663991491527600, 0.7176078221647795900, -0.1968503937007874100 ) ) ;
#7388 = CARTESIAN_POINT ( 'NONE',  ( -1.110236281231659100, 0.6927299607301724600, -2.992125984251968500 ) ) ;
#7389 = CARTESIAN_POINT ( 'NONE',  ( 0.1212974015372047700, 0.03967446103944883400, 0.7677165354330708300 ) ) ;
#7390 = VECTOR ( 'NONE', #8044, 39.37007874015748100 ) ;
#7391 = CARTESIAN_POINT ( 'NONE',  ( -0.1853889004854055700, 1.126246719160106400, -2.599176072756661500 ) ) ;
#7392 = CARTESIAN_POINT ( 'NONE',  ( 1.066889654611260100, -1.047580032597574800, -0.1749781277340315400 ) ) ;
#7393 = CARTESIAN_POINT ( 'NONE',  ( 0.1138258976824527700, 1.144378037797165300, -2.569497211183302500 ) ) ;
#7394 = CARTESIAN_POINT ( 'NONE',  ( -0.1446848777822665200, -4.243681762603731500E-011, 0.06299212598425198200 ) ) ;
#7395 = CARTESIAN_POINT ( 'NONE',  ( 0.7634200263010119100, 1.036985750691334900, -0.1968503937007874100 ) ) ;
#7396 = CARTESIAN_POINT ( 'NONE',  ( -1.022873197870755900, 0.9788933469234686300, -0.02187226596675591000 ) ) ;
#7397 = EDGE_LOOP ( 'NONE', ( #5822, #6388 ) ) ;
#7398 = CARTESIAN_POINT ( 'NONE',  ( -1.108626020972167000, 0.7038785125588510300, -0.1968503937007874400 ) ) ;
#7399 = CARTESIAN_POINT ( 'NONE',  ( 0.0000000000000000000, 1.144378037797169300, -2.483960142705862900 ) ) ;
#7400 = CARTESIAN_POINT ( 'NONE',  ( -1.025508191967476900, -0.7566742686776338800, -2.681539807524059500 ) ) ;
#7401 = B_SPLINE_CURVE_WITH_KNOTS ( 'NONE', 3,
 ( #4677, #874, #203, #846, #1528, #1499 ),
 .UNSPECIFIED., .F., .F.,
 ( 4, 1, 1, 4 ),
 ( 0.0000000000000000000, 0.3333333333333349200, 0.6666666666666650800, 1.000000000000000000 ),
 .UNSPECIFIED. ) ;
#7402 = CARTESIAN_POINT ( 'NONE',  ( 0.03526368610020472900, -0.1419330633355000400, 0.02799650043744489000 ) ) ;
#7403 = ORIENTED_EDGE ( 'NONE', *, *, #223, .F. ) ;
#7404 = CARTESIAN_POINT ( 'NONE',  ( -0.7589879883973899000, 1.028952656870870000, -2.681539807524059500 ) ) ;
#7405 = CARTESIAN_POINT ( 'NONE',  ( 1.110233970439102400, 0.9282311026850591500, -0.06561679790026378500 ) ) ;
#7406 = CARTESIAN_POINT ( 'NONE',  ( 0.06734397627385084500, 1.153937007874015200, -2.519136657321316500 ) ) ;
#7407 = CARTESIAN_POINT ( 'NONE',  ( -0.7176078221647755900, -1.101663991491527600, -0.5074365704286969400 ) ) ;
#7408 = CARTESIAN_POINT ( 'NONE',  ( 0.7642728007677244100, -1.053941206384279700, -2.060367454068244600 ) ) ;
#7409 = CARTESIAN_POINT ( 'NONE',  ( -0.0000000000000000000, -0.1261928294275669600, -3.495188101487310700 ) ) ;
#7410 = CARTESIAN_POINT ( 'NONE',  ( 1.104136452828496300, 0.7137832230396693500, -0.1968503937007874100 ) ) ;
#7411 = EDGE_CURVE ( 'NONE', #1058, #2587, #321, .T. ) ;
#7412 = ORIENTED_EDGE ( 'NONE', *, *, #5842, .F. ) ;
#7413 = CARTESIAN_POINT ( 'NONE',  ( 0.1249900545562953200, -0.001576788512933071000, 0.7677165354330708300 ) ) ;
#7414 = CARTESIAN_POINT ( 'NONE',  ( 0.1446849424173935200, -1.060919825885090900E-011, -2.952755905511811100 ) ) ;
#7415 = CARTESIAN_POINT ( 'NONE',  ( -0.1969610430417243800, 1.110236220472441000, -2.650754968625445200 ) ) ;
#7416 = CARTESIAN_POINT ( 'NONE',  ( -1.105448062055279800, -0.7119148290572677700, -1.128608923884515600 ) ) ;
#7417 = CARTESIAN_POINT ( 'NONE',  ( -0.0000000000000000000, 0.1261928294275669600, 0.1062992125984252000 ) ) ;
#7418 = B_SPLINE_CURVE_WITH_KNOTS ( 'NONE', 3,
 ( #6257, #2980, #1687, #4344, #1774, #8125 ),
 .UNSPECIFIED., .F., .F.,
 ( 4, 1, 1, 4 ),
 ( 1.728467189804509800E-016, 0.001197975670863728500, 0.002417670315533871400, 0.003615609116956311500 ),
 .UNSPECIFIED. ) ;
#7419 = CARTESIAN_POINT ( 'NONE',  ( 1.056646062823173100, -1.057736748147917400, 0.0000000000000000000 ) ) ;
#7420 = CARTESIAN_POINT ( 'NONE',  ( 0.1248906675384803700, 1.153988124042724300, -2.558648315317401800 ) ) ;
#7421 = ORIENTED_EDGE ( 'NONE', *, *, #3094, .F. ) ;
#7422 = CARTESIAN_POINT ( 'NONE',  ( 0.9876700203231734100, 0.8410053028255472000, 0.0000000000000000000 ) ) ;
#7423 = B_SPLINE_CURVE_WITH_KNOTS ( 'NONE', 3,
 ( #7518, #6920, #1200, #1826, #4960, #7599, #7545, #2390, #3766, #1768, #6250, #6894, #4391, #5634, #8203, #8287, #2471 ),
 .UNSPECIFIED., .F., .F.,
 ( 4, 1, 1, 1, 1, 1, 1, 1, 1, 1, 1, 1, 1, 1, 4 ),
 ( 9.947328176446226400E-017, 0.005003486358824861900, 0.01001813427968126900, 0.01503278220053763300, 0.02004743012139410800, 0.02506207804225046200, 0.02756940200267866300, 0.03007672596310682600, 0.03258404992353500200, 0.03509137388396320300, 0.04010602180481968900, 0.04512066972567609100, 0.05013531764653254100, 0.05514996556738888800, 0.06015345192621370700 ),
 .UNSPECIFIED. ) ;
#7424 = CARTESIAN_POINT ( 'NONE',  ( 0.7627446526210077700, 1.060986002430181200, -1.128608923884515600 ) ) ;
#7425 = CARTESIAN_POINT ( 'NONE',  ( -0.08855233669097474500, 1.153936934959982000, -2.837185636881923000 ) ) ;
#7426 = CARTESIAN_POINT ( 'NONE',  ( -0.1863811055754370500, 1.134251968503936900, -2.601291161276653600 ) ) ;
#7427 = CARTESIAN_POINT ( 'NONE',  ( 0.1412822200855197200, 1.144378037797165300, -2.819628161959672600 ) ) ;
#7428 = EDGE_CURVE ( 'NONE', #4392, #3313, #7350, .T. ) ;
#7429 = ORIENTED_EDGE ( 'NONE', *, *, #7564, .T. ) ;
#7430 = CARTESIAN_POINT ( 'NONE',  ( 0.09968595018468812100, -0.03397532703818606500, 0.7874033103529454200 ) ) ;
#7431 = CARTESIAN_POINT ( 'NONE',  ( 0.7593146768515431900, -1.029023522214551600, -2.681539807524059500 ) ) ;
#7432 = CARTESIAN_POINT ( 'NONE',  ( -0.06192752884820042200, 1.153937007874015700, -2.516990890027348500 ) ) ;
#7433 = CARTESIAN_POINT ( 'NONE',  ( -1.081609771494815000, 0.7479077349249685400, -2.992125984251968500 ) ) ;
#7434 = CARTESIAN_POINT ( 'NONE',  ( -0.7594092295902990000, 1.029654069748492400, -1.128608923884515600 ) ) ;
#7435 = ORIENTED_EDGE ( 'NONE', *, *, #290, .F. ) ;
#7436 = CARTESIAN_POINT ( 'NONE',  ( 0.9028841459682126500, 0.8275570291413073500, 0.0000000000000000000 ) ) ;
#7437 = CARTESIAN_POINT ( 'NONE',  ( -0.7642728007677244100, 1.053941206384279700, -2.681539807524059500 ) ) ;
#7438 = VECTOR ( 'NONE', #1272, 39.37007874015748100 ) ;
#7439 = ADVANCED_FACE ( 'NONE', ( #3422 ), #7290, .T. ) ;
#7440 = CARTESIAN_POINT ( 'NONE',  ( -0.08401568594263388000, 0.1231026060500197600, -2.952755905511811100 ) ) ;
#7441 = EDGE_LOOP ( 'NONE', ( #8241, #413, #6446, #3510 ) ) ;
#7442 = AXIS2_PLACEMENT_3D ( 'NONE', #5663, #3079, #548 ) ;
#7443 = ORIENTED_EDGE ( 'NONE', *, *, #4503, .T. ) ;
#7444 = CARTESIAN_POINT ( 'NONE',  ( -0.04788271554519685900, 1.110236220472441000, -2.487949462238370200 ) ) ;
#7445 = CARTESIAN_POINT ( 'NONE',  ( -1.101616661993956900, -0.7173146837074369000, -2.681539807524059500 ) ) ;
#7446 = CARTESIAN_POINT ( 'NONE',  ( -1.107445675074389500, -0.7072881488253229800, -1.128608923884511800 ) ) ;
#7447 = CARTESIAN_POINT ( 'NONE',  ( -0.07270040754172836500, -0.1062935698246890300, 0.02362204724409449500 ) ) ;
#7448 = VECTOR ( 'NONE', #645, 39.37007874015748100 ) ;
#7449 = CARTESIAN_POINT ( 'NONE',  ( 0.1557248242963858700, 1.137382512314492300, -2.683770379173689300 ) ) ;
#7450 = CARTESIAN_POINT ( 'NONE',  ( 0.8682354914878504000, 1.014900208985472200, -0.06561679790026378500 ) ) ;
#7451 = ORIENTED_EDGE ( 'NONE', *, *, #2409, .F. ) ;
#7452 = CARTESIAN_POINT ( 'NONE',  ( -0.1085627662052125900, 0.03550916329252758200, 0.7808398950131221200 ) ) ;
#7453 = EDGE_LOOP ( 'NONE', ( #4930, #6783, #7322, #4492 ) ) ;
#7454 = CARTESIAN_POINT ( 'NONE',  ( -0.04796449170674016400, 1.144378037797165300, -2.489566497127850400 ) ) ;
#7455 = CARTESIAN_POINT ( 'NONE',  ( -0.7311032995713815400, 0.9071630692873062800, -2.992125984251966700 ) ) ;
#7456 = B_SPLINE_CURVE_WITH_KNOTS ( 'NONE', 3,
 ( #949, #922, #7903, #4130, #5965, #7310 ),
 .UNSPECIFIED., .F., .F.,
 ( 4, 1, 1, 4 ),
 ( 0.0000000000000000000, 0.2887644307316947800, 0.7100258073630133500, 1.000000000000000000 ),
 .UNSPECIFIED. ) ;
#7457 = CARTESIAN_POINT ( 'NONE',  ( 0.0000000000000000000, -0.1460610273873661500, 0.02362204724409449500 ) ) ;
#7458 = ORIENTED_EDGE ( 'NONE', *, *, #6514, .T. ) ;
#7459 = EDGE_CURVE ( 'NONE', #1475, #34, #8001, .T. ) ;
#7460 = CARTESIAN_POINT ( 'NONE',  ( -0.7589873301296459200, 1.028953050111384400, -0.1968503937007873800 ) ) ;
#7462 = CARTESIAN_POINT ( 'NONE',  ( 0.9530213658428109400, 1.028348482669716500, 0.0000000000000000000 ) ) ;
#7461 = CARTESIAN_POINT ( 'NONE',  ( -1.049803909796291500, 0.7651677351667045500, -2.681539807524059500 ) ) ;
#7463 = CARTESIAN_POINT ( 'NONE',  ( -0.07582513742386715000, 1.153937007874016100, -2.522463435947548800 ) ) ;
#7464 = CARTESIAN_POINT ( 'NONE',  ( 0.03526368610020472900, -0.1419330633355000400, -2.952755905511811100 ) ) ;
#7465 = CARTESIAN_POINT ( 'NONE',  ( 0.1251725047065984900, -0.01871959219484252400, -3.359580052493437400 ) ) ;
#7466 = CARTESIAN_POINT ( 'NONE',  ( -0.7549431811966416100, 1.076064190174775600, -1.128608923884515600 ) ) ;
#7467 = FACE_BOUND ( 'NONE', #113, .T. ) ;
#7468 = CARTESIAN_POINT ( 'NONE',  ( -0.8682354914878504000, -0.8410053028255510800, -0.1968503937007874100 ) ) ;
#7469 = CARTESIAN_POINT ( 'NONE',  ( 0.6887898905127244300, 1.110038567578169400, -2.992125984251968500 ) ) ;
#7470 = CARTESIAN_POINT ( 'NONE',  ( 0.1968491153113268200, 1.110236220472441000, -2.681811799519286900 ) ) ;
#7471 = CARTESIAN_POINT ( 'NONE',  ( -1.101616661993956900, -0.7173146837074369000, -2.060367454068240600 ) ) ;
#7472 = CARTESIAN_POINT ( 'NONE',  ( -0.6887898905127283200, 1.110038567578169400, -1.128608923884515600 ) ) ;
#7473 = VECTOR ( 'NONE', #7363, 39.37007874015748100 ) ;
#7474 =( NAMED_UNIT ( * ) SI_UNIT ( $, .STERADIAN. ) SOLID_ANGLE_UNIT ( ) );
#7475 = B_SPLINE_CURVE_WITH_KNOTS ( 'NONE', 3,
 ( #4705, #6521, #7819, #7851, #3992, #3937 ),
 .UNSPECIFIED., .F., .F.,
 ( 4, 1, 1, 4 ),
 ( 0.0000000000000000000, 0.3333333333333328700, 0.6666666666666659600, 1.000000000000000000 ),
 .UNSPECIFIED. ) ;
#7476 = CARTESIAN_POINT ( 'NONE',  ( -0.8255986020877195100, 0.9119955869072569100, -0.1968503937007874100 ) ) ;
#7477 = EDGE_CURVE ( 'NONE', #1175, #3471, #7028, .T. ) ;
#7478 = CARTESIAN_POINT ( 'NONE',  ( 1.030305832406381800, 0.9265857566923937400, 0.0000000000000000000 ) ) ;
#7479 = B_SPLINE_CURVE_WITH_KNOTS ( 'NONE', 3,
 ( #5393, #2229, #7329, #3445, #276, #8013, #331, #4089, #6035, #2198, #966 ),
 .UNSPECIFIED., .F., .F.,
 ( 4, 1, 1, 1, 1, 1, 1, 1, 4 ),
 ( 0.0000000000000000000, 0.001898108748182014100, 0.003823235685473277900, 0.004785799154118959200, 0.005748362622764539500, 0.006710926091410222100, 0.007673489560055901300, 0.009598616497347167700, 0.01149672524552918000 ),
 .UNSPECIFIED. ) ;
#7480 = CARTESIAN_POINT ( 'NONE',  ( -0.9028841459682126500, 0.8275570291413073500, 0.0000000000000000000 ) ) ;
#7481 = CARTESIAN_POINT ( 'NONE',  ( 0.09839089722041734200, 1.137382512314492300, -2.507677537852731800 ) ) ;
#7482 = CARTESIAN_POINT ( 'NONE',  ( -0.8324966087895316900, 0.7505357138161854500, -2.992125984251966700 ) ) ;
#7483 = ADVANCED_FACE ( 'NONE', ( #4015 ), #7263, .T. ) ;
#7484 = ORIENTED_EDGE ( 'NONE', *, *, #5261, .T. ) ;
#7485 = B_SPLINE_CURVE_WITH_KNOTS ( 'NONE', 3,
 ( #2986, #1669, #3013, #8188, #7425, #3619, #5618, #4301, #4972, #4210, #484, #2932, #1782 ),
 .UNSPECIFIED., .F., .F.,
 ( 4, 1, 1, 1, 1, 1, 1, 1, 1, 1, 4 ),
 ( 0.0000000000000000000, 0.1626697796506541000, 0.2470023347379919900, 0.3313348898253296000, 0.4156674449126673300, 0.5000000000000018900, 0.5843325550873396100, 0.6686651101746772200, 0.7529976652620150600, 0.8373302203493495600, 1.000000000000000000 ),
 .UNSPECIFIED. ) ;
#7486 = CARTESIAN_POINT ( 'NONE',  ( 0.1013425300396548900, -0.02880893409598234500, 0.7873998574276437300 ) ) ;
#7487 = CARTESIAN_POINT ( 'NONE',  ( 0.1412742653159843000, 1.134251968503936900, -2.821824271759007600 ) ) ;
#7488 = CARTESIAN_POINT ( 'NONE',  ( 0.7634200263010158000, -1.036985750691338700, -0.5074365704286969400 ) ) ;
#7489 = CARTESIAN_POINT ( 'NONE',  ( -0.8324966087895316900, -0.7505357138161811200, -2.060367454068240600 ) ) ;
#7490 = CARTESIAN_POINT ( 'NONE',  ( -0.7366106222217992900, -1.089068901887649600, -2.681539807524059500 ) ) ;
#7491 = CARTESIAN_POINT ( 'NONE',  ( 0.05208171871257025200, 0.09153543305474311200, 0.7874015747845992700 ) ) ;
#7492 = CARTESIAN_POINT ( 'NONE',  ( -0.1249949962596299800, 0.001118440903629921800, -2.952755905511811100 ) ) ;
#7493 = AXIS2_PLACEMENT_3D ( 'NONE', #4822, #7382, #3549 ) ;
#7494 = CARTESIAN_POINT ( 'NONE',  ( -0.7611279201994750600, -1.066258947909218800, -2.992125984251968500 ) ) ;
#7495 = ORIENTED_EDGE ( 'NONE', *, *, #1656, .F. ) ;
#7496 = CARTESIAN_POINT ( 'NONE',  ( -0.9279527559055117400, -0.8246073122010001400, 0.0000000000000000000 ) ) ;
#7497 = CARTESIAN_POINT ( 'NONE',  ( -0.09038153715239767600, 1.112904636920386100, -2.548557022372763800 ) ) ;
#7498 = CARTESIAN_POINT ( 'NONE',  ( 0.7311023602031941900, -0.9279527559055006400, -1.594488188976379300 ) ) ;
#7499 = CARTESIAN_POINT ( 'NONE',  ( 1.107445675074389500, -0.7072881488253229800, -2.060367454068240600 ) ) ;
#7500 = CARTESIAN_POINT ( 'NONE',  ( -1.110261735596846700, -0.6910086409841889000, -2.681539807524059500 ) ) ;
#7501 = VERTEX_POINT ( 'NONE', #2638 ) ;
#7502 = FILL_AREA_STYLE ('',( #6151 ) ) ;
#7503 = CARTESIAN_POINT ( 'NONE',  ( 0.9530213658428109400, 1.028348482669716500, 0.0000000000000000000 ) ) ;
#7504 = CARTESIAN_POINT ( 'NONE',  ( 1.076064190174775600, -0.7549431811966416100, -2.060367454068244600 ) ) ;
#7505 = CARTESIAN_POINT ( 'NONE',  ( -0.9876700203231734100, 0.8410053028255510800, -0.02187226596675591000 ) ) ;
#7506 = CARTESIAN_POINT ( 'NONE',  ( -0.1863811055754370500, 1.137382512314492300, -2.601291161276653600 ) ) ;
#7507 = CARTESIAN_POINT ( 'NONE',  ( -0.04796449170674016400, 1.144378037797165300, -2.872638227281602700 ) ) ;
#7508 = ORIENTED_EDGE ( 'NONE', *, *, #539, .F. ) ;
#7509 = CARTESIAN_POINT ( 'NONE',  ( -0.07062328879138911300, -0.07803859865985553200, 0.7873405404819017200 ) ) ;
#7510 = CARTESIAN_POINT ( 'NONE',  ( 0.1968491153113268200, 1.126246719160106400, -2.680392924890165700 ) ) ;
#7511 = CARTESIAN_POINT ( 'NONE',  ( 0.7651677351667085500, -1.049803909796291500, -2.681539807524059500 ) ) ;
#7512 = VERTEX_POINT ( 'NONE', #7228 ) ;
#7513 = CARTESIAN_POINT ( 'NONE',  ( -0.7738167753536416800, -0.7980368589790987100, -2.992125984251968500 ) ) ;
#7514 = CARTESIAN_POINT ( 'NONE',  ( -0.7137832230396653500, -1.104136452828496300, -2.681539807524059500 ) ) ;
#7515 = CARTESIAN_POINT ( 'NONE',  ( -0.1572468279255994400, 1.153937007874016100, -2.759273669689525000 ) ) ;
#7516 = CARTESIAN_POINT ( 'NONE',  ( -0.07270040754172836500, 0.1062935698246890300, 0.1062992125984252000 ) ) ;
#7517 = CARTESIAN_POINT ( 'NONE',  ( 1.108855069386813800, -0.7031063972595306100, -0.1968503937007874100 ) ) ;
#7518 = CARTESIAN_POINT ( 'NONE',  ( 0.7499999991309596000, 3.135580912332413000E-015, 0.0000000000000000000 ) ) ;
#7519 = EDGE_CURVE ( 'NONE', #5531, #2431, #5527, .T. ) ;
#7520 = ADVANCED_FACE ( 'NONE', ( #5434 ), #4488, .T. ) ;
#7521 = ORIENTED_EDGE ( 'NONE', *, *, #2490, .T. ) ;
#7522 = CARTESIAN_POINT ( 'NONE',  ( -0.7133756011909770900, -1.104400432191188900, -2.992125984251968500 ) ) ;
#7523 = CARTESIAN_POINT ( 'NONE',  ( -0.03793485271320473600, 1.131583552055992000, -2.528313008702476300 ) ) ;
#7524 = CARTESIAN_POINT ( 'NONE',  ( 1.030306909714366200, -0.9119955868668424600, -0.1968503937007874100 ) ) ;
#7525 = CARTESIAN_POINT ( 'NONE',  ( 1.108204637752976400, -0.7053811463581102200, -2.992125984251968500 ) ) ;
#7526 = CARTESIAN_POINT ( 'NONE',  ( -0.6954048260608425300, 1.110322617515925500, -0.1968503937007874100 ) ) ;
#7527 = CARTESIAN_POINT ( 'NONE',  ( -1.101663991491527600, -0.7176078221647795900, -2.681539807524059500 ) ) ;
#7528 = DIRECTION ( 'NONE',  ( -0.0000000000000000000, -0.0000000000000000000, -1.000000000000000000 ) ) ;
#7529 = CARTESIAN_POINT ( 'NONE',  ( 0.8330323139402675500, 0.9788933469234686300, 0.0000000000000000000 ) ) ;
#7530 = CARTESIAN_POINT ( 'NONE',  ( 1.057805835868256100, -0.7637992319626142300, -2.681539807524059500 ) ) ;
#7531 = VERTEX_POINT ( 'NONE', #120 ) ;
#7532 = CARTESIAN_POINT ( 'NONE',  ( -1.030305832406381800, 0.9293197551186300800, 0.0000000000000000000 ) ) ;
#7533 = CARTESIAN_POINT ( 'NONE',  ( -0.8330323139402675500, -0.9788933469234686300, -0.02187226596675591000 ) ) ;
#7534 = CARTESIAN_POINT ( 'NONE',  ( -0.1769619551007717300, 1.152548769262433000, -2.756880140813594300 ) ) ;
#7535 = CARTESIAN_POINT ( 'NONE',  ( -0.9279527559055117400, 1.031298199610023700, -0.1749781277340354800 ) ) ;
#7536 = ORIENTED_EDGE ( 'NONE', *, *, #7315, .T. ) ;
#7537 = CARTESIAN_POINT ( 'NONE',  ( -0.08528047104584110500, -0.06173585305294683500, 0.7873609835756184600 ) ) ;
#7538 = CARTESIAN_POINT ( 'NONE',  ( 0.0000000000000000000, 1.134251968503936900, -2.879801502772728400 ) ) ;
#7539 = CARTESIAN_POINT ( 'NONE',  ( 0.1249998854435633400, -1.523780521053919900E-011, -2.952755905511809800 ) ) ;
#7540 = CIRCLE ( 'NONE', #211, 0.1557475975902504200 ) ;
#7541 = CARTESIAN_POINT ( 'NONE',  ( -0.1712863644723385300, 1.153937007874015900, -2.643380884541974000 ) ) ;
#7542 = CARTESIAN_POINT ( 'NONE',  ( 1.057192564065766200, 1.057192564065718300, -0.09842519685039372000 ) ) ;
#7543 = CARTESIAN_POINT ( 'NONE',  ( 1.089068901887649600, 0.7366106222218031800, -2.992125984251972500 ) ) ;
#7544 = ORIENTED_EDGE ( 'NONE', *, *, #5696, .T. ) ;
#7545 = CARTESIAN_POINT ( 'NONE',  ( 0.2142136135413897600, 0.7237849185444172900, 0.0000000000000000000 ) ) ;
#7546 = EDGE_LOOP ( 'NONE', ( #1621, #2645, #2495, #7043 ) ) ;
#7547 = CARTESIAN_POINT ( 'NONE',  ( 0.0000000000000000000, 1.112904636920386100, -2.523875521887012100 ) ) ;
#7548 = AXIS2_PLACEMENT_3D ( 'NONE', #235, #980, #3458 ) ;
#7549 = CARTESIAN_POINT ( 'NONE',  ( -0.7639149224034370600, 1.057272500430996200, -0.5074365704286969400 ) ) ;
#7550 = CARTESIAN_POINT ( 'NONE',  ( -1.103009155936019800, -0.7155729551865474000, -2.992125984251968500 ) ) ;
#7551 = ORIENTED_EDGE ( 'NONE', *, *, #1028, .F. ) ;
#7552 = CARTESIAN_POINT ( 'NONE',  ( 0.1249949962596299800, -0.001118440903629921800, 0.7751574803149606800 ) ) ;
#7553 = CARTESIAN_POINT ( 'NONE',  ( 1.109563216913673800, 0.7003911346322526700, -0.1968503937007874100 ) ) ;
#7554 = CARTESIAN_POINT ( 'NONE',  ( -1.030314616339685500, 0.9279527559886499000, -0.1968503937007874100 ) ) ;
#7555 = CARTESIAN_POINT ( 'NONE',  ( 0.7631258898213054700, -1.060085487004333200, -2.992125984251968500 ) ) ;
#7556 = CARTESIAN_POINT ( 'NONE',  ( -0.7311022994477606200, 0.9387425559727559100, -0.1968503937007874100 ) ) ;
#7557 = CARTESIAN_POINT ( 'NONE',  ( 1.076064190174771800, -0.7549431811966416100, -1.128608923884511800 ) ) ;
#7558 = CARTESIAN_POINT ( 'NONE',  ( -0.1252230755251405000, 0.01169271700388708900, 0.7676509186351706500 ) ) ;
#7559 = CARTESIAN_POINT ( 'NONE',  ( -0.9028841459682126500, -1.028348482669716500, -0.1968503937007874100 ) ) ;
#7560 = ORIENTED_EDGE ( 'NONE', *, *, #6876, .F. ) ;
#7561 = CARTESIAN_POINT ( 'NONE',  ( 0.1973615553878662100, 1.134251968503936900, -2.709251281493056100 ) ) ;
#7562 = CARTESIAN_POINT ( 'NONE',  ( -0.9279527559055117400, 1.031298199610023700, -0.06561679790026378500 ) ) ;
#7563 = CARTESIAN_POINT ( 'NONE',  ( -0.08047984929451641700, -0.06803055358049822600, 0.7873373998529590300 ) ) ;
#7564 = EDGE_CURVE ( 'NONE', #1635, #3712, #1593, .T. ) ;
#7565 = CARTESIAN_POINT ( 'NONE',  ( 0.1853889004854055700, 1.126246719160106400, -2.763028651652787500 ) ) ;
#7566 = CARTESIAN_POINT ( 'NONE',  ( 0.7176078221647795900, -1.101663991491527600, -2.681539807524059500 ) ) ;
#7567 = FACE_OUTER_BOUND ( 'NONE', #7036, .T. ) ;
#7568 = CARTESIAN_POINT ( 'NONE',  ( 0.8682354914878504000, -1.014900208985476400, -0.1749781277340315400 ) ) ;
#7569 = CARTESIAN_POINT ( 'NONE',  ( -0.7176078221647755900, -1.101663991491527600, -2.992125984251968500 ) ) ;
#7570 = CARTESIAN_POINT ( 'NONE',  ( -1.085992159574439500, -1.023622736685185600, 0.0000000000000000000 ) ) ;
#7571 = CARTESIAN_POINT ( 'NONE',  ( 0.1251725047065984900, -0.01871959219484252400, -3.020559930008748200 ) ) ;
#7572 = CARTESIAN_POINT ( 'NONE',  ( -0.9451014140148467100, -1.110318066288362500, -0.1968503937007874100 ) ) ;
#7573 = CARTESIAN_POINT ( 'NONE',  ( -0.8255996794046417400, -0.9293197551186300800, 0.0000000000000000000 ) ) ;
#7574 = CARTESIAN_POINT ( 'NONE',  ( -0.03793485271320473600, 1.110236220472441000, -2.528313008702472300 ) ) ;
#7575 = B_SPLINE_CURVE_WITH_KNOTS ( 'NONE', 3,
 ( #5061, #7646, #4530, #1329, #5821, #1984 ),
 .UNSPECIFIED., .F., .F.,
 ( 4, 1, 1, 4 ),
 ( 0.0000000000000000000, 0.0008920148284105616100, 0.001803620755786850800, 0.002695663116926392700 ),
 .UNSPECIFIED. ) ;
#7576 = FACE_OUTER_BOUND ( 'NONE', #2634, .T. ) ;
#7577 = CARTESIAN_POINT ( 'NONE',  ( -0.7651677351667085500, 1.049803909796291500, -0.5074365704286969400 ) ) ;
#7578 = CARTESIAN_POINT ( 'NONE',  ( -1.103009155936019800, 0.7155729551865434000, -2.992125984251968500 ) ) ;
#7579 = CARTESIAN_POINT ( 'NONE',  ( 0.1249949962596299800, -0.001118440903629921800, 0.7726771653543307300 ) ) ;
#7580 = CARTESIAN_POINT ( 'NONE',  ( 1.023622736685185600, -1.085992159574439500, -0.1968503937007873000 ) ) ;
#7581 = CARTESIAN_POINT ( 'NONE',  ( 0.7141138414615357800, -1.103922707984717400, -2.992125984251968500 ) ) ;
#7582 = EDGE_CURVE ( 'NONE', #3534, #7302, #1916, .T. ) ;
#7583 = CARTESIAN_POINT ( 'NONE',  ( 0.8255908954713249100, -0.9279527558500859600, 0.0000000000000000000 ) ) ;
#7584 = CARTESIAN_POINT ( 'NONE',  ( -1.023890032031122200, 1.085874585383008100, -0.1312335958005236600 ) ) ;
#7585 = ORIENTED_EDGE ( 'NONE', *, *, #1114, .T. ) ;
#7586 = CARTESIAN_POINT ( 'NONE',  ( -0.06179186421833466500, 0.1086589412631220500, 0.7677165354330708300 ) ) ;
#7587 = CARTESIAN_POINT ( 'NONE',  ( -0.8330323139402675500, -0.9788933469234645200, -0.1312335958005236600 ) ) ;
#7588 = CARTESIAN_POINT ( 'NONE',  ( 1.109563216913672700, 0.7003911346322553300, -2.992125984251966700 ) ) ;
#7589 = CARTESIAN_POINT ( 'NONE',  ( -0.8253816619105313100, 0.9429096587393148700, 0.0000000000000000000 ) ) ;
#7590 = CARTESIAN_POINT ( 'NONE',  ( -0.03011010852734140700, -0.1009235774145089700, 0.7874000561235474600 ) ) ;
#7591 = VERTEX_POINT ( 'NONE', #5376 ) ;
#7592 = CARTESIAN_POINT ( 'NONE',  ( -0.1412742653159843000, 1.134251968503936900, -2.821824271759007600 ) ) ;
#7593 = CARTESIAN_POINT ( 'NONE',  ( -0.1154050618047747100, 0.04806778984149274300, -2.952755905511811600 ) ) ;
#7594 = CARTESIAN_POINT ( 'NONE',  ( 0.7176078221647795900, -1.101663991491527600, -0.1968503937007874100 ) ) ;
#7595 = CARTESIAN_POINT ( 'NONE',  ( -0.9634718618594920700, -0.7306366061711417900, -0.1968503937007874100 ) ) ;
#7596 = CARTESIAN_POINT ( 'NONE',  ( -0.1325953721600807200, 1.153937007874015700, -2.796598037455197100 ) ) ;
#7597 = CARTESIAN_POINT ( 'NONE',  ( 0.7365395562689507300, -1.089170987911134400, -0.1968503937007874100 ) ) ;
#7598 = AXIS2_PLACEMENT_3D ( 'NONE', #1877, #3765, #5747 ) ;
#7599 = CARTESIAN_POINT ( 'NONE',  ( 0.3702728364785316000, 0.6629341840565985400, 0.0000000000000000000 ) ) ;
#7600 = ORIENTED_EDGE ( 'NONE', *, *, #1397, .F. ) ;
#7601 = CARTESIAN_POINT ( 'NONE',  ( -0.9279527559055117400, -0.8246073122010001400, -0.02187226596675591000 ) ) ;
#7602 = CARTESIAN_POINT ( 'NONE',  ( 0.7311023602031940800, -0.9279527559055627000, -2.992125984251968500 ) ) ;
#7603 = CARTESIAN_POINT ( 'NONE',  ( -0.9279527559055117400, -0.8246073122010001400, -0.1968503937007874100 ) ) ;
#7604 = CARTESIAN_POINT ( 'NONE',  ( 0.3702728364785276000, -0.6629341840565985400, 0.0000000000000000000 ) ) ;
#7605 = CARTESIAN_POINT ( 'NONE',  ( -0.1249949962596299800, -0.001118440903629921800, 0.7701968503937007800 ) ) ;
#7606 = CARTESIAN_POINT ( 'NONE',  ( -1.038329624928467700, 0.7636032586122494200, -2.992125984251968500 ) ) ;
#7607 = CARTESIAN_POINT ( 'NONE',  ( 0.7589873301296458100, -1.028953050111384400, -2.992125984251969000 ) ) ;
#7608 = ORIENTED_EDGE ( 'NONE', *, *, #4383, .F. ) ;
#7609 = DIRECTION ( 'NONE',  ( 0.0000000000000000000, 0.0000000000000000000, 1.000000000000000000 ) ) ;
#7610 = CARTESIAN_POINT ( 'NONE',  ( -0.7594092295902990000, -1.029654069748488200, -1.128608923884515600 ) ) ;
#7611 = CARTESIAN_POINT ( 'NONE',  ( 1.053941206384275700, -0.7642728007677205300, -0.5074365704286969400 ) ) ;
#7612 = CARTESIAN_POINT ( 'NONE',  ( -1.060085487004332100, -0.7631258898213049100, -0.1968503937007874100 ) ) ;
#7613 = CARTESIAN_POINT ( 'NONE',  ( -0.9876700203231734100, -1.014900208985476400, -0.1968503937007874100 ) ) ;
#7614 = CARTESIAN_POINT ( 'NONE',  ( -0.1973615553878662100, 1.134251968503936900, -2.709251281493056100 ) ) ;
#7615 = CARTESIAN_POINT ( 'NONE',  ( -0.9876700203231734100, 1.014900208985472200, -0.1312335958005236600 ) ) ;
#7616 = EDGE_CURVE ( 'NONE', #4209, #3987, #1416, .T. ) ;
#7617 = VERTEX_POINT ( 'NONE', #1473 ) ;
#7618 = CARTESIAN_POINT ( 'NONE',  ( -0.09404347390232852000, -0.04745700013983672500, 0.7874067496987715600 ) ) ;
#7619 = CARTESIAN_POINT ( 'NONE',  ( 0.6887898905127283200, -1.110038567578169400, -1.128608923884511800 ) ) ;
#7620 = CARTESIAN_POINT ( 'NONE',  ( 0.7618448995876850900, -1.065122253766173300, -2.992125984251968500 ) ) ;
#7621 = CARTESIAN_POINT ( 'NONE',  ( -0.09451527980477199300, 0.08203160196617923000, -2.952755905511810700 ) ) ;
#7622 = CARTESIAN_POINT ( 'NONE',  ( 0.7366106222218031800, -1.089068901887649600, -2.060367454068244600 ) ) ;
#7623 = CARTESIAN_POINT ( 'NONE',  ( 0.8253816619105313100, -0.9429096587393148700, -0.1749781277340315400 ) ) ;
#7624 = CARTESIAN_POINT ( 'NONE',  ( -0.7634200263010119100, -1.036985750691334900, -1.128608923884511800 ) ) ;
#7625 = CARTESIAN_POINT ( 'NONE',  ( 0.7637992319626182300, -1.057805835868259800, -2.681539807524059500 ) ) ;
#7626 = VERTEX_POINT ( 'NONE', #4704 ) ;
#7627 = CARTESIAN_POINT ( 'NONE',  ( -0.08968624851009847400, 0.7465127032399611100, 0.06299212598425198200 ) ) ;
#7628 = CARTESIAN_POINT ( 'NONE',  ( -1.047580032597574800, -1.066889654611260100, -0.06561679790026378500 ) ) ;
#7629 = CARTESIAN_POINT ( 'NONE',  ( -1.030523849900492500, -0.9129958530717085000, -0.1749781277340315400 ) ) ;
#7630 = EDGE_CURVE ( 'NONE', #3426, #5202, #7401, .T. ) ;
#7631 = EDGE_LOOP ( 'NONE', ( #4113, #1462, #4832, #5714 ) ) ;
#7632 = CARTESIAN_POINT ( 'NONE',  ( -0.9028841459682126500, -0.8275570291413073500, -0.1968503937007874100 ) ) ;
#7633 = CARTESIAN_POINT ( 'NONE',  ( -1.108033091542948800, 0.7061733014393543100, -2.992125984251968500 ) ) ;
#7634 = CARTESIAN_POINT ( 'NONE',  ( -0.7016296763940630400, 1.109374590528771500, -2.992125984251968500 ) ) ;
#7635 = CARTESIAN_POINT ( 'NONE',  ( -1.057499546894259600, 0.7636744025022760300, -2.992125984251969000 ) ) ;
#7636 = LINE ( 'NONE', #699, #3913 ) ;
#7637 = CARTESIAN_POINT ( 'NONE',  ( -1.110038567578169400, 0.6887898905127244300, -0.5074365704286969400 ) ) ;
#7638 = CARTESIAN_POINT ( 'NONE',  ( 0.9006284698872087900, 0.7294072714244842500, -0.1968503937007874100 ) ) ;
#7639 = CARTESIAN_POINT ( 'NONE',  ( -0.7594092295902990000, -1.029654069748488200, -2.060367454068244600 ) ) ;
#7640 = CARTESIAN_POINT ( 'NONE',  ( 0.0000000000000000000, 1.134251968503936900, -2.482403221636720700 ) ) ;
#7641 = ORIENTED_EDGE ( 'NONE', *, *, #3677, .F. ) ;
#7642 = CARTESIAN_POINT ( 'NONE',  ( 0.1448347163264528100, -0.02193883921625590700, 0.05861767279090159700 ) ) ;
#7643 = ORIENTED_EDGE ( 'NONE', *, *, #4008, .F. ) ;
#7644 = CARTESIAN_POINT ( 'NONE',  ( -0.9279527559055117400, -1.031298199610023700, 0.0000000000000000000 ) ) ;
#7645 = CARTESIAN_POINT ( 'NONE',  ( 0.8255986020787923200, -0.9439099248634016400, -0.1968503937007874100 ) ) ;
#7646 = CARTESIAN_POINT ( 'NONE',  ( 0.7526187090744602700, 1.018296648772855500, -2.992125984251970700 ) ) ;
#7647 = CARTESIAN_POINT ( 'NONE',  ( -0.7016296763940590400, -1.109374590528771500, -2.992125984251972500 ) ) ;
#7648 = ORIENTED_EDGE ( 'NONE', *, *, #3386, .F. ) ;
#7649 = ORIENTED_EDGE ( 'NONE', *, *, #2901, .T. ) ;
#7650 = CARTESIAN_POINT ( 'NONE',  ( 0.1412742653159843000, 1.112904636920386100, -2.821824271759007600 ) ) ;
#7651 = CARTESIAN_POINT ( 'NONE',  ( 0.09038153715239767600, 1.110236220472441000, -2.813647702036685700 ) ) ;
#7652 = CARTESIAN_POINT ( 'NONE',  ( 0.7137832230396693500, -1.104136452828496300, -2.992125984251968500 ) ) ;
#7653 = CARTESIAN_POINT ( 'NONE',  ( 0.1249900545562953200, 0.001576788512933071000, 0.7677165354330708300 ) ) ;
#7654 = DIRECTION ( 'NONE',  ( 1.000000000000000000, 0.0000000000000000000, 0.0000000000000000000 ) ) ;
#7655 = CARTESIAN_POINT ( 'NONE',  ( 0.1754327174310114400, 1.153936964634294500, -2.681102362204721000 ) ) ;
#7656 = CARTESIAN_POINT ( 'NONE',  ( -1.030306909705438900, 0.9439099249845456200, -0.1968503937007874100 ) ) ;
#7657 = CARTESIAN_POINT ( 'NONE',  ( -0.1249949962596299800, 0.001118440903629921800, 0.2716535433070866900 ) ) ;
#7658 = CLOSED_SHELL ( 'NONE', ( #5622, #3173, #6169, #3366 ) ) ;
#7659 = B_SPLINE_SURFACE_WITH_KNOTS ( 'NONE', 3, 3, ( 
 ( #2806, #6666, #1539, #1569, #4745, #7321 ),
 ( #3491, #3465, #7976, #4771, #2140, #2779 ),
 ( #932, #5413, #4689, #323, #7381, #6057 ),
 ( #4796, #5443, #2913, #4850, #1039, #7405 ),
 ( #4218, #1677, #406, #2994, #2940, #2969 ),
 ( #3602, #6111, #4251, #987, #4875, #6163 ) ),
 .UNSPECIFIED., .F., .F., .F.,
 ( 4, 1, 1, 4 ),
 ( 4, 1, 1, 4 ),
 ( -1.086956521739130200, -0.7246376811594200700, -0.3623188405797100900, 0.0000000000000000000 ),
 ( 1.442958707607829800, 1.564835701357750100, 1.686712695107679800, 1.808589688857609800 ),
 .UNSPECIFIED. ) ;
#7660 = CARTESIAN_POINT ( 'NONE',  ( -1.030305832406381800, -0.9293197551186300800, -0.02187226596675591000 ) ) ;
#7661 = CARTESIAN_POINT ( 'NONE',  ( 0.1446848777822630200, -2.121839655771912600E-011, 0.06299212598425198200 ) ) ;
#7662 = CARTESIAN_POINT ( 'NONE',  ( -0.7360189197542153000, -0.1825359026144758000, 0.0000000000000000000 ) ) ;
#7663 = PRODUCT_RELATED_PRODUCT_CATEGORY ( 'part', '', ( #3922 ) ) ;
#7664 = CARTESIAN_POINT ( 'NONE',  ( -0.03051586097098820200, 0.1226143411448661600, 0.7726771653543307300 ) ) ;
#7665 = FACE_OUTER_BOUND ( 'NONE', #7958, .T. ) ;
#7666 = DIRECTION ( 'NONE',  ( 1.000000000000000000, -0.0000000000000000000, -0.0000000000000000000 ) ) ;
#7667 = CARTESIAN_POINT ( 'NONE',  ( 0.1968503101154688000, 1.110236220472441000, -2.681102362196914300 ) ) ;
#7668 = CARTESIAN_POINT ( 'NONE',  ( -1.060986002430181200, 0.7627446526210077700, -0.5074365704286969400 ) ) ;
#7669 = SURFACE_STYLE_USAGE ( .BOTH. , #8270 ) ;
#7670 = CARTESIAN_POINT ( 'NONE',  ( 1.103922707985719000, -0.7141138414599832500, -0.1968503937007874100 ) ) ;
#7671 = CARTESIAN_POINT ( 'NONE',  ( -0.7528510366733464100, -1.018785567477366500, -2.681539807524059500 ) ) ;
#7672 = CARTESIAN_POINT ( 'NONE',  ( -0.1412742653159843000, 1.134251968503936900, -2.540380452650441400 ) ) ;
#7673 = CARTESIAN_POINT ( 'NONE',  ( -0.03526368610020472900, -0.1419330633355000400, 0.06299212598425198200 ) ) ;
#7674 = CARTESIAN_POINT ( 'NONE',  ( 1.101663991491527600, -0.7176078221647755900, -2.060367454068244600 ) ) ;
#7675 = CARTESIAN_POINT ( 'NONE',  ( 0.8255908954713380200, -0.9279527558223732400, -0.1968503937007873000 ) ) ;
#7676 = VECTOR ( 'NONE', #7122, 39.37007874015748100 ) ;
#7677 = FACE_OUTER_BOUND ( 'NONE', #7904, .T. ) ;
#7678 = CARTESIAN_POINT ( 'NONE',  ( -0.7053811463581102200, -1.108204637752976400, -2.992125984251968500 ) ) ;
#7679 = EDGE_CURVE ( 'NONE', #2488, #588, #7456, .T. ) ;
#7680 = CARTESIAN_POINT ( 'NONE',  ( -0.1969610430417243800, 1.112904636920386100, -2.711449755784003800 ) ) ;
#7681 = CARTESIAN_POINT ( 'NONE',  ( -0.01959934452105341700, 0.1239064740639877900, -2.952755905511812000 ) ) ;
#7682 = CARTESIAN_POINT ( 'NONE',  ( -0.08855233669097414800, 1.153936934959981700, -2.525019087527526500 ) ) ;
#7683 = CARTESIAN_POINT ( 'NONE',  ( -0.1159316578525227000, -0.06230940898528607200, 0.7676509186351706500 ) ) ;
#7684 = CARTESIAN_POINT ( 'NONE',  ( 0.1500851936077352800, 1.153937007874015400, -2.772120702962971100 ) ) ;
#7685 = PLANE ( 'NONE',  #7598 ) ;
#7686 = CARTESIAN_POINT ( 'NONE',  ( -0.1156637036326063400, -0.06262578429423626400, 0.7677165354330708300 ) ) ;
#7687 = VECTOR ( 'NONE', #5339, 39.37007874015748100 ) ;
#7688 = B_SPLINE_SURFACE_WITH_KNOTS ( 'NONE', 3, 3, ( 
 ( #7718, #8316, #22, #4487, #1289, #2503, #5778, #5689, #5103, #2562, #1855 ),
 ( #80, #51, #6362, #686, #5159, #3769, #4545, #1315, #5805, #1970, #6449 ),
 ( #604, #7747, #1882, #5047, #8289, #4426, #6475, #713, #2728, #1432, #4632 ),
 ( #5186, #2055, #187, #1341, #7828, #745, #5248, #4664, #1459, #828, #7886 ),
 ( #5950, #2028, #5278, #3332, #3945, #130, #106, #798, #3302, #7179, #5215 ),
 ( #1398, #6562, #7211, #3973, #3360, #6589, #7862, #4001, #2701, #158, #7800 ) ),
 .UNSPECIFIED., .F., .F., .F.,
 ( 4, 1, 1, 4 ),
 ( 4, 1, 1, 1, 1, 1, 1, 1, 4 ),
 ( -4.881889763779530400, -3.254593175853020000, -1.627296587926510000, -0.0000000000000000000 ),
 ( 0.9943060612155498700, 1.161598541234409900, 1.328891021253280100, 1.412537261262710100, 1.496183501272140100, 1.579829741281569800, 1.663475981291000300, 1.830768461309870000, 1.998060941328730200 ),
 .UNSPECIFIED. ) ;
#7689 = CARTESIAN_POINT ( 'NONE',  ( -0.8255996794046417400, -0.9293197551186300800, -0.1312335958005236600 ) ) ;
#7690 = CARTESIAN_POINT ( 'NONE',  ( -0.03825588577256693700, 1.134251968503936900, -2.528335723489338900 ) ) ;
#7691 = DIRECTION ( 'NONE',  ( -0.0000000000000000000, 1.000000000000000000, 0.0000000000000000000 ) ) ;
#7692 = CARTESIAN_POINT ( 'NONE',  ( -0.1251725047065984900, 0.01871959219484252400, 0.2716535433070866900 ) ) ;
#7693 = ORIENTED_EDGE ( 'NONE', *, *, #7957, .T. ) ;
#7694 = CARTESIAN_POINT ( 'NONE',  ( 0.8255996794046417400, -0.9293197551186300800, -0.02187226596675591000 ) ) ;
#7695 = CARTESIAN_POINT ( 'NONE',  ( 0.7636032586122533100, -1.038329624928471000, -2.992125984251968500 ) ) ;
#7696 = EDGE_CURVE ( 'NONE', #7258, #4533, #2882, .T. ) ;
#7697 = CARTESIAN_POINT ( 'NONE',  ( -1.057272500430996200, 0.7639149224034330600, -0.5074365704286969400 ) ) ;
#7698 = CARTESIAN_POINT ( 'NONE',  ( -1.053941206384279700, -0.7642728007677244100, -0.5074365704286969400 ) ) ;
#7699 = CARTESIAN_POINT ( 'NONE',  ( -1.057736748147917400, 1.056646062823173100, -0.02187226596675591000 ) ) ;
#7700 = CARTESIAN_POINT ( 'NONE',  ( 0.08401568594263388000, -0.1231026060500197600, 0.04986876640420077900 ) ) ;
#7701 = CARTESIAN_POINT ( 'NONE',  ( 1.101663991491527600, -0.7176078221647755900, -0.1968503937007874100 ) ) ;
#7702 = CARTESIAN_POINT ( 'NONE',  ( 0.7420151437815316600, -0.9960388349955512400, -0.5074365704286969400 ) ) ;
#7703 = CARTESIAN_POINT ( 'NONE',  ( 1.028952602479413300, 0.7589880794554845200, -1.128608923884511800 ) ) ;
#7704 = VERTEX_POINT ( 'NONE', #5403 ) ;
#7705 = CARTESIAN_POINT ( 'NONE',  ( -0.6887898905127244300, -1.110038567578173200, -2.060367454068240600 ) ) ;
#7706 = CARTESIAN_POINT ( 'NONE',  ( 1.029023522214551600, 0.7593146768515431900, -0.5074365704286969400 ) ) ;
#7707 = CARTESIAN_POINT ( 'NONE',  ( -0.1557475975856370500, 1.110236220472440700, -2.681102362228391800 ) ) ;
#7708 = DIRECTION ( 'NONE',  ( -1.000000000000000000, 0.0000000000000000000, 0.0000000000000000000 ) ) ;
#7709 = EDGE_LOOP ( 'NONE', ( #1591, #5749, #185, #4091 ) ) ;
#7710 = CARTESIAN_POINT ( 'NONE',  ( 0.1253728121363065200, -0.01836037558666039600, 0.7675853018372703600 ) ) ;
#7711 = CARTESIAN_POINT ( 'NONE',  ( -1.008932729790676900, 0.7469057087232008300, -2.992125984251968500 ) ) ;
#7712 = CARTESIAN_POINT ( 'NONE',  ( 0.5373840014121733500, 0.5370372980905274700, 0.05599300087488978000 ) ) ;
#7713 = CARTESIAN_POINT ( 'NONE',  ( -0.1448347163264528100, -0.02193883921625590700, 0.03674540682414568400 ) ) ;
#7714 = STYLED_ITEM ( 'NONE', ( #4050 ), #4362 ) ;
#7715 = CARTESIAN_POINT ( 'NONE',  ( 0.1249949962596299800, 0.001118440903629921800, 0.5196850393700788200 ) ) ;
#7716 = EDGE_LOOP ( 'NONE', ( #5947, #618 ) ) ;
#7717 = CARTESIAN_POINT ( 'NONE',  ( 0.7137832230396653500, 1.104136452828496300, -2.060367454068244600 ) ) ;
#7718 = CARTESIAN_POINT ( 'NONE',  ( -0.1249949962596299800, -0.001118440903629921800, -3.562992125984252300 ) ) ;
#7719 = CARTESIAN_POINT ( 'NONE',  ( 1.030314616339712100, 0.9279527560440757900, 0.0000000000000000000 ) ) ;
#7720 = CARTESIAN_POINT ( 'NONE',  ( -1.105448062055279800, 0.7119148290572677700, -1.128608923884515600 ) ) ;
#7721 = CARTESIAN_POINT ( 'NONE',  ( -0.1251725047065984900, 0.01871959219484252400, 0.6850393700787402700 ) ) ;
#7722 = CARTESIAN_POINT ( 'NONE',  ( 0.1053854800200630500, -0.01543330616565517300, 0.7875341207349083600 ) ) ;
#7723 = CARTESIAN_POINT ( 'NONE',  ( 0.9028841459682126500, -0.8275570291413073500, -0.1749781277340315400 ) ) ;
#7724 = CARTESIAN_POINT ( 'NONE',  ( -1.110322617515925500, 0.6954048260608386400, -0.5074365704286969400 ) ) ;
#7725 = CARTESIAN_POINT ( 'NONE',  ( -0.7637992319626142300, -1.057805835868256100, -2.681539807524059500 ) ) ;
#7726 = PLANE ( 'NONE',  #8045 ) ;
#7727 = CARTESIAN_POINT ( 'NONE',  ( -0.7311036405941849800, -0.9272433185909526600, -2.060367454068240600 ) ) ;
#7728 = CARTESIAN_POINT ( 'NONE',  ( 0.06235084492565232100, 0.09153540306132425300, 0.7823231105013229700 ) ) ;
#7729 = ORIENTED_EDGE ( 'NONE', *, *, #1454, .F. ) ;
#7730 = CARTESIAN_POINT ( 'NONE',  ( 0.1448347163264528100, -0.02193883921625590700, 0.04986876640420077900 ) ) ;
#7731 = CARTESIAN_POINT ( 'NONE',  ( 1.096676596295535400, -0.7252355460546456900, -2.060367454068244600 ) ) ;
#7732 = CARTESIAN_POINT ( 'NONE',  ( -1.067227259123866500, -1.047157685346666400, -0.1968503937007876600 ) ) ;
#7733 = EDGE_CURVE ( 'NONE', #5001, #4833, #7343, .T. ) ;
#7734 = ORIENTED_EDGE ( 'NONE', *, *, #1221, .F. ) ;
#7735 = CARTESIAN_POINT ( 'NONE',  ( -0.04691121386770585200, -0.1158697904807879000, -2.952755905511811100 ) ) ;
#7736 = CARTESIAN_POINT ( 'NONE',  ( 1.060986002430181200, 0.7627446526210116500, -1.128608923884515600 ) ) ;
#7737 = CARTESIAN_POINT ( 'NONE',  ( 0.9028841459682126500, 0.8275570291413073500, -0.1968503937007874100 ) ) ;
#7738 = CARTESIAN_POINT ( 'NONE',  ( -0.1253070686585214300, -0.01835074770224161600, 0.7676509186351706500 ) ) ;
#7739 = CARTESIAN_POINT ( 'NONE',  ( -0.7634200263010119100, -1.036985750691334900, -2.992125984251968500 ) ) ;
#7740 = CARTESIAN_POINT ( 'NONE',  ( -0.7500308502709094300, 0.05856650093301969700, 0.05599300087488978000 ) ) ;
#7741 = CARTESIAN_POINT ( 'NONE',  ( -0.6631499799855394800, 0.3699185312724018200, 0.06299212598425198200 ) ) ;
#7742 = CARTESIAN_POINT ( 'NONE',  ( 0.1249949962596299800, 0.001118440903629921800, 0.2716535433070866900 ) ) ;
#7743 = VERTEX_POINT ( 'NONE', #4732 ) ;
#7744 = FACE_OUTER_BOUND ( 'NONE', #5302, .T. ) ;
#7745 = CARTESIAN_POINT ( 'NONE',  ( -0.1968497636963957900, 1.134251968503936900, -2.681102362070596700 ) ) ;
#7746 = EDGE_CURVE ( 'NONE', #2731, #6802, #5466, .T. ) ;
#7747 = CARTESIAN_POINT ( 'NONE',  ( -0.1251725047065984900, 0.01871959219484252400, -3.359580052493437400 ) ) ;
#7748 = CARTESIAN_POINT ( 'NONE',  ( -0.7651677351667085500, 1.049803909796291500, -2.992125984251968500 ) ) ;
#7749 = CARTESIAN_POINT ( 'NONE',  ( 0.03526368610020472900, 0.1419330633355000400, 0.05861767279090159700 ) ) ;
#7750 = ORIENTED_EDGE ( 'NONE', *, *, #275, .T. ) ;
#7751 = CARTESIAN_POINT ( 'NONE',  ( 0.1251725047065984900, 0.01871959219484252400, 0.1062992125984252000 ) ) ;
#7752 = ORIENTED_EDGE ( 'NONE', *, *, #4646, .T. ) ;
#7753 = CARTESIAN_POINT ( 'NONE',  ( 0.1053065813978228700, 0.001328475361291339000, 0.7874015748031496500 ) ) ;
#7754 = CARTESIAN_POINT ( 'NONE',  ( 0.9530213658428109400, -0.8275570291413073500, -0.1968503937007874100 ) ) ;
#7755 = CARTESIAN_POINT ( 'NONE',  ( 0.7311036405941849800, 0.9286621932200708200, -2.992125984251968500 ) ) ;
#7756 = DIRECTION ( 'NONE',  ( 0.0000000000000000000, 0.0000000000000000000, 1.000000000000000000 ) ) ;
#7757 = CARTESIAN_POINT ( 'NONE',  ( -0.7061733014393583000, 1.108033091542948800, -2.060367454068240600 ) ) ;
#7758 = CARTESIAN_POINT ( 'NONE',  ( 0.07329366555764017800, 0.09152816237778480000, 0.7757591517492155000 ) ) ;
#7759 = CARTESIAN_POINT ( 'NONE',  ( 1.081314661062031700, -0.7479053414235590200, -0.1968503937007874100 ) ) ;
#7760 = EDGE_LOOP ( 'NONE', ( #1280, #4724, #7849, #4903 ) ) ;
#7761 = CARTESIAN_POINT ( 'NONE',  ( 0.7310639536100825800, -0.9382553524242599500, -0.1968503937007874100 ) ) ;
#7762 = CARTESIAN_POINT ( 'NONE',  ( -0.9876700203231734100, 1.014900208985472200, 0.0000000000000000000 ) ) ;
#7763 = CARTESIAN_POINT ( 'NONE',  ( -0.7072881488253189900, -1.107445675074389500, -1.128608923884515600 ) ) ;
#7764 = CARTESIAN_POINT ( 'NONE',  ( -1.104136452828496300, 0.7137832230396653500, -0.5074365704286969400 ) ) ;
#7765 = CARTESIAN_POINT ( 'NONE',  ( 1.030306909723304400, 0.9119955869072567900, -0.1968503937007874100 ) ) ;
#7766 = FACE_OUTER_BOUND ( 'NONE', #5987, .T. ) ;
#7767 = CARTESIAN_POINT ( 'NONE',  ( 0.0000000000000000000, -0.1262656127975675100, 0.7676509186351706500 ) ) ;
#7768 = CARTESIAN_POINT ( 'NONE',  ( -0.7376712701478820300, 0.8628714702481337100, -2.681539807524059500 ) ) ;
#7769 = CARTESIAN_POINT ( 'NONE',  ( -0.6631499799855394800, 0.3699185312724016000, 0.006999125109362205200 ) ) ;
#7770 = CARTESIAN_POINT ( 'NONE',  ( -0.1156637036326063400, -0.06262578429423626400, 0.6850393700787402700 ) ) ;
#7771 = CARTESIAN_POINT ( 'NONE',  ( -0.7738167753536416800, 0.7980368589790987100, -0.1968503937007874100 ) ) ;
#7772 = LINE ( 'NONE', #3428, #6065 ) ;
#7773 = CARTESIAN_POINT ( 'NONE',  ( -0.7499998966439960200, 0.0003937435670787403000, 0.06299212598425198200 ) ) ;
#7774 = CARTESIAN_POINT ( 'NONE',  ( 0.7003745554811732200, -1.109486903909763700, -0.1968503937007874100 ) ) ;
#7775 = DIRECTION ( 'NONE',  ( 0.0000000000000000000, 0.0000000000000000000, 1.000000000000000000 ) ) ;
#7776 = CARTESIAN_POINT ( 'NONE',  ( -1.108033091542948800, 0.7061733014393543100, -1.128608923884515600 ) ) ;
#7777 = CARTESIAN_POINT ( 'NONE',  ( -0.1055182818451890100, -0.01545275449218110700, 0.7874015748031496500 ) ) ;
#7778 = CARTESIAN_POINT ( 'NONE',  ( 0.9028841459682126500, -0.8275570291413073500, -0.06561679790026378500 ) ) ;
#7779 = CARTESIAN_POINT ( 'NONE',  ( 0.8324966087895316900, -0.7505357138161850000, -1.128608923884515600 ) ) ;
#7780 = CARTESIAN_POINT ( 'NONE',  ( 0.7419493262978759100, -0.9957875012869171800, -0.1968503937007874100 ) ) ;
#7781 = CARTESIAN_POINT ( 'NONE',  ( 0.7549431811966416100, 1.076064190174771800, -0.1968503937007874100 ) ) ;
#7782 = DIRECTION ( 'NONE',  ( 0.0000000000000000000, 0.0000000000000000000, 1.000000000000000000 ) ) ;
#7783 = CARTESIAN_POINT ( 'NONE',  ( 0.1968430982682195000, 1.110236220472444100, -2.711972795119483400 ) ) ;
#7784 = VECTOR ( 'NONE', #7756, 39.37007874015748100 ) ;
#7785 = CARTESIAN_POINT ( 'NONE',  ( 1.096676596295535400, -0.7252355460546456900, -0.5074365704286969400 ) ) ;
#7786 = CARTESIAN_POINT ( 'NONE',  ( -1.030314616339698800, 0.9279527559609371800, 0.0000000000000000000 ) ) ;
#7787 = CARTESIAN_POINT ( 'NONE',  ( 1.023890032031122200, 1.085874585383008100, -0.1968503937007874100 ) ) ;
#7788 = CARTESIAN_POINT ( 'NONE',  ( 0.1220573752486377500, -0.03127357782459347400, -2.952755905511811600 ) ) ;
#7789 = LINE ( 'NONE', #6050, #5882 ) ;
#7790 = CARTESIAN_POINT ( 'NONE',  ( -1.089068901887645600, 0.7366106222217992900, -2.060367454068240600 ) ) ;
#7791 = CARTESIAN_POINT ( 'NONE',  ( -0.7252355460546456900, 1.096676596295535400, -0.5074365704286969400 ) ) ;
#7792 = ADVANCED_FACE ( 'NONE', ( #226, #5832 ), #5431, .T. ) ;
#7793 = CARTESIAN_POINT ( 'NONE',  ( -0.7073156778342668500, 1.107518755139228700, -2.992125984251968500 ) ) ;
#7794 = CARTESIAN_POINT ( 'NONE',  ( 1.107445675074389500, 0.7072881488253229800, -0.5074365704286969400 ) ) ;
#7795 = CARTESIAN_POINT ( 'NONE',  ( 0.7360730235907874100, 0.1823967744873268300, -0.0000000000000000000 ) ) ;
#7796 = CARTESIAN_POINT ( 'NONE',  ( 0.1656716019029803600, 1.152548769262433000, -2.678263928145484300 ) ) ;
#7797 = CARTESIAN_POINT ( 'NONE',  ( 0.9279527559055117400, -1.031298199610023700, -0.1968503937007874100 ) ) ;
#7798 = ORIENTED_EDGE ( 'NONE', *, *, #8080, .T. ) ;
#7799 = CARTESIAN_POINT ( 'NONE',  ( 1.103922707984717400, 0.7141138414615357800, -2.992125984251969000 ) ) ;
#7800 = CARTESIAN_POINT ( 'NONE',  ( 0.1249949962596299800, -0.001118440903629921800, -2.952755905511811100 ) ) ;
#7801 = CARTESIAN_POINT ( 'NONE',  ( -0.1557471456036001200, 1.134251968503936900, -2.681102362314844400 ) ) ;
#7802 = CARTESIAN_POINT ( 'NONE',  ( -1.108033091542948800, 0.7061733014393543100, -2.060367454068244600 ) ) ;
#7803 = CARTESIAN_POINT ( 'NONE',  ( 0.0000000000000000000, -0.1085336633263464700, 0.7852143482064725100 ) ) ;
#7804 = CARTESIAN_POINT ( 'NONE',  ( 0.8330323139402675500, -0.8770121648875594000, -0.1968503937007874100 ) ) ;
#7805 = CARTESIAN_POINT ( 'NONE',  ( 1.008932729790676900, 0.7469057087232008300, -2.992125984251968500 ) ) ;
#7806 = ORIENTED_EDGE ( 'NONE', *, *, #5571, .T. ) ;
#7807 = CARTESIAN_POINT ( 'NONE',  ( 0.7061733014393543100, 1.108033091542948800, -2.681539807524059500 ) ) ;
#7808 = CARTESIAN_POINT ( 'NONE',  ( 0.7642728007677205300, 1.053941206384275700, -0.5074365704286969400 ) ) ;
#7809 = CARTESIAN_POINT ( 'NONE',  ( -0.7119148290572677700, 1.105448062055279800, -2.681539807524059500 ) ) ;
#7810 = CARTESIAN_POINT ( 'NONE',  ( 0.09746816833348823100, 1.110236220472443900, -2.854991320674237000 ) ) ;
#7811 = CARTESIAN_POINT ( 'NONE',  ( -0.1446818157067244500, 0.0009658267581614175800, -2.952755905511811100 ) ) ;
#7812 = EDGE_CURVE ( 'NONE', #3699, #8056, #376, .T. ) ;
#7813 = CARTESIAN_POINT ( 'NONE',  ( 1.056646062823173100, -1.057736748147917400, -0.1749781277340315400 ) ) ;
#7814 = CARTESIAN_POINT ( 'NONE',  ( 0.03526368610020472900, -0.1419330633355000400, -2.992125984251963600 ) ) ;
#7815 = CARTESIAN_POINT ( 'NONE',  ( -0.7119148290572677700, -1.105448062055279800, -2.992125984251968500 ) ) ;
#7816 = ORIENTED_EDGE ( 'NONE', *, *, #7894, .F. ) ;
#7817 = CARTESIAN_POINT ( 'NONE',  ( 1.101616661993956900, -0.7173146837074329000, -2.992125984251968500 ) ) ;
#7818 = CARTESIAN_POINT ( 'NONE',  ( -1.081314661062031700, 0.7479053414235590200, -2.060367454068244600 ) ) ;
#7819 = CARTESIAN_POINT ( 'NONE',  ( -1.028952602479414000, -0.7589880794554850800, -1.128608923884515600 ) ) ;
#7820 = CARTESIAN_POINT ( 'NONE',  ( -0.9634718618594920700, 0.7306366061711417900, -2.681539807524059500 ) ) ;
#7821 = CARTESIAN_POINT ( 'NONE',  ( -0.08968624851009841800, 0.7465127032399607700, -0.0000000000000000000 ) ) ;
#7822 = CARTESIAN_POINT ( 'NONE',  ( -1.108398963774295700, -0.7046512160692323100, -0.1968503937007874100 ) ) ;
#7823 = VERTEX_POINT ( 'NONE', #3511 ) ;
#7824 = B_SPLINE_CURVE_WITH_KNOTS ( 'NONE', 3,
 ( #6165, #356, #6696, #2971, #6114, #437 ),
 .UNSPECIFIED., .F., .F.,
 ( 4, 1, 1, 4 ),
 ( 0.0000000000000000000, 0.2899741926371471900, 0.7112355692683380900, 1.000000000000000000 ),
 .UNSPECIFIED. ) ;
#7825 = CARTESIAN_POINT ( 'NONE',  ( 0.1561521082549016400, 1.134251968503936900, -2.703373736603512400 ) ) ;
#7826 = CARTESIAN_POINT ( 'NONE',  ( 0.8253816619105313100, -0.9429096587393148700, 0.0000000000000000000 ) ) ;
#7827 = CARTESIAN_POINT ( 'NONE',  ( 0.7479053414235590200, 1.081314661062031700, -0.5074365704286969400 ) ) ;
#7828 = CARTESIAN_POINT ( 'NONE',  ( -0.03051586097098820200, 0.1226143411448661600, -3.156167979002626500 ) ) ;
#7829 = ORIENTED_EDGE ( 'NONE', *, *, #1787, .F. ) ;
#7830 = CARTESIAN_POINT ( 'NONE',  ( -0.1126849525755905800, 1.134251968503936900, -2.791588827992374200 ) ) ;
#7831 = CARTESIAN_POINT ( 'NONE',  ( -1.101616661993956900, 0.7173146837074329000, -2.060367454068240600 ) ) ;
#7832 = CARTESIAN_POINT ( 'NONE',  ( 0.02576183662339397500, -0.1032289798114646000, 0.7874678477690290100 ) ) ;
#7833 = CARTESIAN_POINT ( 'NONE',  ( 0.9279527559055117400, -0.8246073122010001400, 0.0000000000000000000 ) ) ;
#7834 = CARTESIAN_POINT ( 'NONE',  ( 1.029654069748488200, -0.7594092295902990000, -0.1968503937007874100 ) ) ;
#7835 = ADVANCED_FACE ( 'NONE', ( #6131 ), #1629, .T. ) ;
#7836 = CARTESIAN_POINT ( 'NONE',  ( -0.7133756011909805400, 1.104400432191188200, -0.1968503937007874100 ) ) ;
#7837 = CARTESIAN_POINT ( 'NONE',  ( -0.7479053414235590200, 1.081314661062035700, -2.681539807524059500 ) ) ;
#7838 = CARTESIAN_POINT ( 'NONE',  ( -0.7023879734236379000, 1.109088367905878100, -2.992125984251968500 ) ) ;
#7839 = CARTESIAN_POINT ( 'NONE',  ( -0.1968503101154697500, 1.110236220472441400, -2.681102362189102400 ) ) ;
#7840 = VERTEX_POINT ( 'NONE', #4380 ) ;
#7841 = CARTESIAN_POINT ( 'NONE',  ( -0.03526368610020472900, -0.1419330633355000400, -2.965879265091866800 ) ) ;
#7842 = CARTESIAN_POINT ( 'NONE',  ( 1.105682788051606500, -0.9788576969563070900, -0.1312335958005236600 ) ) ;
#7843 = EDGE_CURVE ( 'NONE', #1121, #2691, #2300, .T. ) ;
#7844 = CARTESIAN_POINT ( 'NONE',  ( -1.110318066288366500, 0.9451014140148467100, -0.1312335958005236600 ) ) ;
#7845 = CARTESIAN_POINT ( 'NONE',  ( 1.048472305788082300, 0.7649861758560708700, -2.992125984251969000 ) ) ;
#7846 = CARTESIAN_POINT ( 'NONE',  ( -0.8334242859902566400, 0.9792942676504938800, 0.0000000000000000000 ) ) ;
#7847 = CARTESIAN_POINT ( 'NONE',  ( 1.105448062055279800, -0.7119148290572637800, -2.992125984251968500 ) ) ;
#7848 = ORIENTED_EDGE ( 'NONE', *, *, #7630, .T. ) ;
#7849 = ORIENTED_EDGE ( 'NONE', *, *, #3162, .F. ) ;
#7850 = CARTESIAN_POINT ( 'NONE',  ( -1.101663991491527600, 0.7176078221647755900, -2.992125984251968500 ) ) ;
#7851 = CARTESIAN_POINT ( 'NONE',  ( -1.028952602479414000, -0.7589880794554850800, -2.060367454068244600 ) ) ;
#7852 = CARTESIAN_POINT ( 'NONE',  ( -1.029654069748488200, 0.7594092295902990000, -2.060367454068244600 ) ) ;
#7853 = CARTESIAN_POINT ( 'NONE',  ( -0.7499998966439960200, -0.0003937435670787403000, 0.006999125109362205200 ) ) ;
#7854 = CARTESIAN_POINT ( 'NONE',  ( 0.09038153715239767600, 1.134251968503936900, -2.813647702036685700 ) ) ;
#7855 = B_SPLINE_CURVE_WITH_KNOTS ( 'NONE', 3,
 ( #5552, #2644, #1171, #1226, #567, #1821 ),
 .UNSPECIFIED., .F., .F.,
 ( 4, 1, 1, 4 ),
 ( 0.0000000000000000000, 0.3333333333333301500, 0.6666666666666651900, 1.000000000000000000 ),
 .UNSPECIFIED. ) ;
#7856 = CARTESIAN_POINT ( 'NONE',  ( 0.1156637036326063400, -0.06262578429423626400, 0.02362204724409449500 ) ) ;
#7857 = CARTESIAN_POINT ( 'NONE',  ( 0.9279527559055117400, -1.031298199610023700, 0.0000000000000000000 ) ) ;
#7858 = ORIENTED_EDGE ( 'NONE', *, *, #1672, .F. ) ;
#7859 = ORIENTED_EDGE ( 'NONE', *, *, #3008, .F. ) ;
#7860 = CARTESIAN_POINT ( 'NONE',  ( 0.5373840014121733500, -0.5370372980905274700, 0.04199475065616930400 ) ) ;
#7861 = EDGE_CURVE ( 'NONE', #4971, #2329, #5222, .T. ) ;
#7862 = CARTESIAN_POINT ( 'NONE',  ( 0.03051586097098820200, 0.1226143411448661600, -2.952755905511811100 ) ) ;
#7863 = CARTESIAN_POINT ( 'NONE',  ( 0.1249963263589118800, 0.008631886695595895200, 0.7677205557454109800 ) ) ;
#7864 = CARTESIAN_POINT ( 'NONE',  ( -1.057805835868256100, 0.7637992319626142300, -1.128608923884515600 ) ) ;
#7865 = ORIENTED_EDGE ( 'NONE', *, *, #1656, .T. ) ;
#7866 = CARTESIAN_POINT ( 'NONE',  ( 0.9530213658428109400, 0.8275570291413073500, -0.1312335958005236600 ) ) ;
#7867 = CARTESIAN_POINT ( 'NONE',  ( 0.8255996794046417400, -0.9293197551186300800, 0.0000000000000000000 ) ) ;
#7868 = CARTESIAN_POINT ( 'NONE',  ( 0.9006284698872049100, -0.7294072714244842500, -0.1968503937007874100 ) ) ;
#7869 = CARTESIAN_POINT ( 'NONE',  ( -0.7366106222218031800, 1.089068901887649600, -2.992125984251972500 ) ) ;
#7870 = CARTESIAN_POINT ( 'NONE',  ( -0.1337290113004449000, -0.07273870726820080800, -2.957130358705161400 ) ) ;
#7871 = CARTESIAN_POINT ( 'NONE',  ( 1.083913278540055400, 0.7441482841840315600, -1.128608923884515600 ) ) ;
#7872 = CARTESIAN_POINT ( 'NONE',  ( -1.105682788051606500, 0.9788576969563110900, 0.0000000000000000000 ) ) ;
#7873 = CARTESIAN_POINT ( 'NONE',  ( 1.031542260286326200, 0.7605331936007380100, -2.992125984251968500 ) ) ;
#7874 = CARTESIAN_POINT ( 'NONE',  ( -0.03825588577256693700, 1.134251968503936900, -2.528335723489338900 ) ) ;
#7875 = CARTESIAN_POINT ( 'NONE',  ( -0.1053148854230678700, 3.851669571263057200E-011, 0.7874014932169904900 ) ) ;
#7876 = CARTESIAN_POINT ( 'NONE',  ( -1.089068901887649600, 0.7366106222217992900, -1.128608923884511800 ) ) ;
#7877 = DIMENSIONAL_EXPONENTS ( 1.000000000000000000, 0.0000000000000000000, 0.0000000000000000000, 0.0000000000000000000, 0.0000000000000000000, 0.0000000000000000000, 0.0000000000000000000 ) ;
#7878 = CARTESIAN_POINT ( 'NONE',  ( -1.105682788051606500, -0.9788576969563110900, 0.0000000000000000000 ) ) ;
#7879 = CARTESIAN_POINT ( 'NONE',  ( -0.7310279753857676900, 0.9076672032026179600, -1.128608923884515600 ) ) ;
#7880 = CARTESIAN_POINT ( 'NONE',  ( 0.7499998966439960200, -0.0003937435670787403000, -0.0000000000000000000 ) ) ;
#7881 = CARTESIAN_POINT ( 'NONE',  ( 0.03526368610020472900, 0.1419330633355000400, 0.02362204724409452300 ) ) ;
#7882 = CARTESIAN_POINT ( 'NONE',  ( 0.1126849525755905800, 1.137382512314492300, -2.791588827992374200 ) ) ;
#7883 = CARTESIAN_POINT ( 'NONE',  ( 0.9876700203231734100, -1.014900208985472200, 0.0000000000000000000 ) ) ;
#7884 = LINE ( 'NONE', #6899, #6167 ) ;
#7885 = CARTESIAN_POINT ( 'NONE',  ( 0.3702728364785276000, -0.6629341840565985400, 0.02099737532808268500 ) ) ;
#7886 = CARTESIAN_POINT ( 'NONE',  ( 0.1249949962596299800, -0.001118440903629921800, -3.156167979002626500 ) ) ;
#7887 = B_SPLINE_CURVE_WITH_KNOTS ( 'NONE', 3,
 ( #2072, #529, #1721, #3007, #1805, #5614 ),
 .UNSPECIFIED., .F., .F.,
 ( 4, 1, 1, 4 ),
 ( 1.100508037235039600E-010, 6.406102205065207100E-005, 0.0002228452370982486900, 0.0002868508449864052300 ),
 .UNSPECIFIED. ) ;
#7888 = CARTESIAN_POINT ( 'NONE',  ( 0.03825588577256693700, 1.134251968503936900, -2.833869000920110200 ) ) ;
#7889 = CARTESIAN_POINT ( 'NONE',  ( -0.1337290113004449000, 0.07273870726820080800, 0.03674540682414568400 ) ) ;
#7890 = LINE ( 'NONE', #8309, #5979 ) ;
#7891 = CARTESIAN_POINT ( 'NONE',  ( 1.022873197870755900, 0.8770121648875594000, -0.1968503937007874100 ) ) ;
#7892 = CARTESIAN_POINT ( 'NONE',  ( -0.1446818157067244500, -0.0009658267581614175800, -2.965879265091866800 ) ) ;
#7893 = CARTESIAN_POINT ( 'NONE',  ( 1.029654069748492400, 0.7594092295902990000, -2.060367454068244600 ) ) ;
#7894 = EDGE_CURVE ( 'NONE', #7199, #407, #2003, .T. ) ;
#7895 = CARTESIAN_POINT ( 'NONE',  ( 1.108627185360424100, 0.7038788558823529900, -1.594488188976378000 ) ) ;
#7896 = CARTESIAN_POINT ( 'NONE',  ( -0.7252355460546456900, 1.096676596295535400, -2.681539807524059500 ) ) ;
#7897 = CARTESIAN_POINT ( 'NONE',  ( -0.08401568594263388000, -0.1231026060500197600, -2.992125984251968500 ) ) ;
#7898 = VERTEX_POINT ( 'NONE', #648 ) ;
#7899 = CARTESIAN_POINT ( 'NONE',  ( 1.081538273903762700, -0.7475806083234705100, -0.1968503937007873300 ) ) ;
#7900 = CARTESIAN_POINT ( 'NONE',  ( -0.7061733014393543100, -1.108033091542948800, -2.681539807524059500 ) ) ;
#7901 = CARTESIAN_POINT ( 'NONE',  ( -0.1474643960790040000, 1.137382512314492300, -2.617955883333591000 ) ) ;
#7902 = CARTESIAN_POINT ( 'NONE',  ( 1.109088367905878100, -0.7023879734236339000, -2.060367454068244600 ) ) ;
#7903 = CARTESIAN_POINT ( 'NONE',  ( -0.7556667672796139000, 1.074917021823730500, -2.992125984251968500 ) ) ;
#7904 = EDGE_LOOP ( 'NONE', ( #6709, #6011, #2447, #3376 ) ) ;
#7905 = CARTESIAN_POINT ( 'NONE',  ( -1.110233970439106400, -0.9282311026850591500, -0.06561679790026378500 ) ) ;
#7906 = CARTESIAN_POINT ( 'NONE',  ( 1.110322617515921300, 0.6954048260608425300, -1.128608923884515600 ) ) ;
#7907 = CARTESIAN_POINT ( 'NONE',  ( 0.1249997708871773000, -9.142683563805194600E-011, -3.257874015748031900 ) ) ;
#7908 = CARTESIAN_POINT ( 'NONE',  ( -1.103922707984717400, -0.7141138414615357800, -2.992125984251968500 ) ) ;
#7909 = B_SPLINE_CURVE_WITH_KNOTS ( 'NONE', 3,
 ( #2142, #857, #7180, #4633, #2781, #5279 ),
 .UNSPECIFIED., .F., .F.,
 ( 4, 1, 1, 4 ),
 ( -3.141592653589790000, -2.611673481665039500, -2.081754309740279800, -1.570609737932330900 ),
 .UNSPECIFIED. ) ;
#7910 = EDGE_CURVE ( 'NONE', #4709, #1175, #5629, .T. ) ;
#7911 = CARTESIAN_POINT ( 'NONE',  ( -0.1138258976824527700, 1.144378037797165300, -2.792707513226150100 ) ) ;
#7912 = CARTESIAN_POINT ( 'NONE',  ( -1.060986002430181200, -0.7627446526210116500, -0.5074365704286969400 ) ) ;
#7913 = VERTEX_POINT ( 'NONE', #1302 ) ;
#7914 = CARTESIAN_POINT ( 'NONE',  ( -0.6631499799855394800, -0.3699185312724016000, 0.05599300087488978000 ) ) ;
#7915 = CARTESIAN_POINT ( 'NONE',  ( 0.7173146837074369000, -1.101616661993956900, -0.5074365704286969400 ) ) ;
#7916 = CARTESIAN_POINT ( 'NONE',  ( 0.0000000000000000000, 0.09153543307086616000, 0.1968503937007874100 ) ) ;
#7917 = CARTESIAN_POINT ( 'NONE',  ( -0.1337290113004449000, 0.07273870726820080800, 0.04986876640420077900 ) ) ;
#7918 = CARTESIAN_POINT ( 'NONE',  ( 0.8253816619105313100, 0.9129958530717085000, -0.06561679790026378500 ) ) ;
#7919 = CARTESIAN_POINT ( 'NONE',  ( 0.1446818157067244500, -0.0009658267581614175800, -2.957130358705161400 ) ) ;
#7920 = CARTESIAN_POINT ( 'NONE',  ( 0.9634718618594959600, 0.7306366061711417900, -2.060367454068244600 ) ) ;
#7921 = ADVANCED_FACE ( 'NONE', ( #2026, #5020 ), #7083, .T. ) ;
#7922 = CARTESIAN_POINT ( 'NONE',  ( 0.0000000000000000000, 1.110236220472441200, -0.1968503937007874700 ) ) ;
#7923 = CARTESIAN_POINT ( 'NONE',  ( 0.7637992319626142300, 1.057805835868256100, -2.681539807524059500 ) ) ;
#7924 = ORIENTED_EDGE ( 'NONE', *, *, #8061, .T. ) ;
#7925 = CARTESIAN_POINT ( 'NONE',  ( 0.08401568594263388000, -0.1231026060500197600, -2.979002624671913700 ) ) ;
#7926 = CARTESIAN_POINT ( 'NONE',  ( -0.1412742653159843000, 1.118241469816271700, -2.540380452650441400 ) ) ;
#7927 = CARTESIAN_POINT ( 'NONE',  ( -0.7378068781184751200, -0.8626282286608785200, -0.1968503937007874100 ) ) ;
#7928 = CARTESIAN_POINT ( 'NONE',  ( 0.9788576969563110900, 1.105682788051606500, 0.0000000000000000000 ) ) ;
#7929 = ORIENTED_EDGE ( 'NONE', *, *, #1932, .F. ) ;
#7930 = CARTESIAN_POINT ( 'NONE',  ( 1.057736748147917400, -1.056646062823173100, 0.0000000000000000000 ) ) ;
#7931 = CARTESIAN_POINT ( 'NONE',  ( 1.028952602479409600, -0.7589880794554845200, -1.128608923884515600 ) ) ;
#7932 = DIRECTION ( 'NONE',  ( 0.0000000000000000000, 0.0000000000000000000, -1.000000000000000000 ) ) ;
#7933 = CARTESIAN_POINT ( 'NONE',  ( -0.8682354914878504000, 0.8410053028255472000, -0.1749781277340354800 ) ) ;
#7934 = CARTESIAN_POINT ( 'NONE',  ( 1.110261735596846700, 0.6910086409841889000, -1.128608923884515600 ) ) ;
#7935 = CARTESIAN_POINT ( 'NONE',  ( -0.9291338582640768000, 1.110236189791671500, 0.0000000000000000000 ) ) ;
#7936 = CARTESIAN_POINT ( 'NONE',  ( -0.1558869637127283900, 1.131583552055992000, -2.704836293623901900 ) ) ;
#7937 = CARTESIAN_POINT ( 'NONE',  ( -0.1271712453943662200, 1.153934119375358300, -2.805792492805897300 ) ) ;
#7938 = CARTESIAN_POINT ( 'NONE',  ( 0.9876700203231734100, -1.014900208985476400, -0.1312335958005236600 ) ) ;
#7939 = ORIENTED_EDGE ( 'NONE', *, *, #4722, .T. ) ;
#7940 = MECHANICAL_DESIGN_GEOMETRIC_PRESENTATION_REPRESENTATION (  '', ( #3772 ), #6053 ) ;
#7941 = B_SPLINE_CURVE_WITH_KNOTS ( 'NONE', 3,
 ( #3609, #1126, #6197, #4910, #1150, #3661, #6253, #7440, #6146, #3001, #1046 ),
 .UNSPECIFIED., .F., .F.,
 ( 4, 1, 1, 1, 1, 1, 1, 1, 4 ),
 ( 0.0000000000000000000, 0.1650999487281930900, 0.3325499743640944500, 0.4162749871820494700, 0.4999999999999956700, 0.5837250128179507500, 0.6674500256359055000, 0.8349000512718071100, 1.000000000000000000 ),
 .UNSPECIFIED. ) ;
#7942 = B_SPLINE_SURFACE_WITH_KNOTS ( 'NONE', 3, 3, ( 
 ( #5227, #4587, #1380, #3475, #7103, #1326 ),
 ( #7987, #1409, #2007, #7161, #305, #5196 ),
 ( #5903, #5875, #2656, #5816, #1352, #3256 ),
 ( #6540, #1980, #7757, #2682, #723, #7188 ),
 ( #7129, #3284, #3311, #7809, #3953, #2709 ),
 ( #3341, #7838, #3982, #167, #4644, #805 ) ),
 .UNSPECIFIED., .F., .F., .F.,
 ( 4, 1, 1, 4 ),
 ( 4, 1, 1, 4 ),
 ( -71.00000000000000000, -47.33333333333332900, -23.66666666666667100, -1.000000000000000800E-014 ),
 ( 0.3041592653589800800, 0.3209242571352801100, 0.3376892489115900200, 0.3544542406878900500 ),
 .UNSPECIFIED. ) ;
#7943 = CARTESIAN_POINT ( 'NONE',  ( 0.7500308502709094300, -0.05856650093302363100, 0.05599300087488978000 ) ) ;
#7944 = CARTESIAN_POINT ( 'NONE',  ( 0.7119148290572677700, -1.105448062055279800, -2.992125984251968500 ) ) ;
#7945 = CARTESIAN_POINT ( 'NONE',  ( 0.1713703393936598700, 1.153937007874016100, -2.643367152607607500 ) ) ;
#7946 = CARTESIAN_POINT ( 'NONE',  ( -0.08401568594263388000, 0.1231026060500197600, 0.02799650043744489000 ) ) ;
#7947 = EDGE_LOOP ( 'NONE', ( #3198, #7250, #4125, #2312 ) ) ;
#7948 = CARTESIAN_POINT ( 'NONE',  ( 0.8682354914878504000, 0.8410053028255472000, -0.1312335958005236600 ) ) ;
#7949 = CARTESIAN_POINT ( 'NONE',  ( 0.1448347163264528100, 0.02193883921625590700, -2.957130358705161400 ) ) ;
#7950 = CARTESIAN_POINT ( 'NONE',  ( 0.9634718618594959600, 0.7306366061711417900, -0.5074365704286969400 ) ) ;
#7951 = CARTESIAN_POINT ( 'NONE',  ( 0.7173146837074329000, 1.101616661993956900, -1.128608923884515600 ) ) ;
#7952 = LINE ( 'NONE', #7907, #4219 ) ;
#7953 = CARTESIAN_POINT ( 'NONE',  ( -0.7141138414599831300, -1.103922707985719000, -0.1968503937007874400 ) ) ;
#7954 = CARTESIAN_POINT ( 'NONE',  ( 0.08881556631063387800, 0.07230399820785433900, 0.7808398950131221200 ) ) ;
#7955 = ORIENTED_EDGE ( 'NONE', *, *, #8278, .T. ) ;
#7956 = B_SPLINE_SURFACE_WITH_KNOTS ( 'NONE', 3, 3, ( 
 ( #3575, #380, #6138, #5495, #2304, #6777 ),
 ( #2279, #354, #2356, #7488, #8141, #4821 ),
 ( #2333, #4280, #5468, #464, #1649, #1091 ),
 ( #5574, #2385, #6751, #3547, #3654, #1735 ),
 ( #6859, #6214, #7511, #8063, #7431, #8089 ),
 ( #514, #5627, #1790, #71, #5023, #4613 ) ),
 .UNSPECIFIED., .F., .F., .F.,
 ( 4, 1, 1, 4 ),
 ( 4, 1, 1, 4 ),
 ( -71.00000000000000000, -47.33333333333332900, -23.66666666666667100, -1.000000000000000800E-014 ),
 ( 0.3041592653589800800, 0.3359622768347101400, 0.3677652883104400900, 0.3995682997861700900 ),
 .UNSPECIFIED. ) ;
#7957 = EDGE_CURVE ( 'NONE', #7531, #4404, #4521, .T. ) ;
#7958 = EDGE_LOOP ( 'NONE', ( #4648, #2815, #2836, #4731 ) ) ;
#7959 = CARTESIAN_POINT ( 'NONE',  ( 0.0000000000000000000, 1.118241469816271700, -2.482403221636720700 ) ) ;
#7960 = CARTESIAN_POINT ( 'NONE',  ( 1.057272500430996200, -0.7639149224034330600, -2.060367454068244600 ) ) ;
#7961 = CARTESIAN_POINT ( 'NONE',  ( 1.057736748147917400, 1.056646062823173100, 0.0000000000000000000 ) ) ;
#7962 = CARTESIAN_POINT ( 'NONE',  ( 1.057736748147917400, -1.056646062823173100, -0.06561679790026378500 ) ) ;
#7963 = CARTESIAN_POINT ( 'NONE',  ( -0.7605331936007364600, -1.031542260286322500, -0.1968503937007874100 ) ) ;
#7964 = DIRECTION ( 'NONE',  ( -0.0000000000000000000, -0.0000000000000000000, 1.000000000000000000 ) ) ;
#7965 = ORIENTED_EDGE ( 'NONE', *, *, #3756, .F. ) ;
#7966 = CARTESIAN_POINT ( 'NONE',  ( -0.7328930827737218900, -0.9612049079576731000, -2.992125984251973800 ) ) ;
#7967 = CARTESIAN_POINT ( 'NONE',  ( 1.110261735596846700, 0.6910086409841889000, -2.681539807524059500 ) ) ;
#7968 = CARTESIAN_POINT ( 'NONE',  ( 0.0000000000000000000, -0.1460610273873661200, 0.06299212598425198200 ) ) ;
#7969 = CARTESIAN_POINT ( 'NONE',  ( 0.1438889093088228900, 1.110236220472441000, -2.759511447624264100 ) ) ;
#7970 = CARTESIAN_POINT ( 'NONE',  ( 0.1198825986024448900, 1.152548769262433000, -2.798646047730421100 ) ) ;
#7971 = CARTESIAN_POINT ( 'NONE',  ( -0.7141138414615357800, 1.103922707984717400, -2.992125984251968500 ) ) ;
#7972 = B_SPLINE_CURVE_WITH_KNOTS ( 'NONE', 3,
 ( #5653, #8224, #4386, #1819, #3680, #6381 ),
 .UNSPECIFIED., .F., .F.,
 ( 4, 1, 1, 4 ),
 ( 0.0000000000000000000, 0.3333333333333339300, 0.6666666666666670700, 1.000000000000000000 ),
 .UNSPECIFIED. ) ;
#7973 = B_SPLINE_SURFACE_WITH_KNOTS ( 'NONE', 3, 3, ( 
 ( #5604, #3685, #8201, #6218, #6865, #6385 ),
 ( #4418, #598, #5436, #1590, #2553, #7027 ),
 ( #1658, #5976, #2606, #2635, #1688, #7446 ),
 ( #2368, #4940, #5508, #4885, #8102, #6763 ),
 ( #6201, #7500, #4966, #478, #5585, #2952 ),
 ( #6814, #5560, #6873, #6846, #3561, #3004 ) ),
 .UNSPECIFIED., .F., .F., .F.,
 ( 4, 1, 1, 4 ),
 ( 4, 1, 1, 4 ),
 ( -71.00000000000000000, -47.33333333333332900, -23.66666666666667100, -1.000000000000000800E-014 ),
 ( 0.2738642900300700700, 0.2906292818063700400, 0.3073942735826801200, 0.3241592653589801000 ),
 .UNSPECIFIED. ) ;
#7974 = LINE ( 'NONE', #7916, #3437 ) ;
#7975 = CARTESIAN_POINT ( 'NONE',  ( 0.6631499799855356000, -0.3699185312724016000, 0.06299212598425198200 ) ) ;
#7976 = CARTESIAN_POINT ( 'NONE',  ( 1.085874585383008100, 1.023890032031122200, -0.1749781277340315400 ) ) ;
#7977 = CARTESIAN_POINT ( 'NONE',  ( 0.04375797716285138200, 1.153937007874015700, -2.509781164121985200 ) ) ;
#7978 = CARTESIAN_POINT ( 'NONE',  ( -1.083715119910515700, 0.7440480963253898200, -0.5074365704286969400 ) ) ;
#7979 = CARTESIAN_POINT ( 'NONE',  ( 0.7053811463581142200, -1.108204637752976400, -2.060367454068244600 ) ) ;
#7980 = CARTESIAN_POINT ( 'NONE',  ( 0.8682354914878504000, 0.8410053028255510800, -0.1968503937007874100 ) ) ;
#7981 = CARTESIAN_POINT ( 'NONE',  ( 0.7631258898213024700, 1.060085487004329700, -0.1968503937007874100 ) ) ;
#7982 = CARTESIAN_POINT ( 'NONE',  ( 0.7365395562689626100, 1.089170987911123300, -2.992125984251968500 ) ) ;
#7983 = CARTESIAN_POINT ( 'NONE',  ( 0.7023879734236339000, 1.109088367905878100, -1.128608923884515600 ) ) ;
#7984 = VECTOR ( 'NONE', #8254, 39.37007874015748100 ) ;
#7985 = CARTESIAN_POINT ( 'NONE',  ( -0.05208171870798322000, 0.09153543304668136600, 0.7874015747938742900 ) ) ;
#7986 = CARTESIAN_POINT ( 'NONE',  ( 0.08360644218684251700, 0.06806329450064960200, 0.7874015748031496500 ) ) ;
#7987 = CARTESIAN_POINT ( 'NONE',  ( -0.7003745554811732200, 1.109486903909763700, -0.5074365704286969400 ) ) ;
#7988 = CARTESIAN_POINT ( 'NONE',  ( -0.1969610430417243800, 1.126246719160106400, -2.650754968625445200 ) ) ;
#7989 = CARTESIAN_POINT ( 'NONE',  ( 1.029023522214547600, -0.7593146768515431900, -1.128608923884515600 ) ) ;
#7990 = CARTESIAN_POINT ( 'NONE',  ( -0.03825588577256693700, 1.137382512314492300, -2.528335723489338900 ) ) ;
#7991 = CARTESIAN_POINT ( 'NONE',  ( -1.057499546894259600, 0.7636744025022760300, -0.1968503937007873800 ) ) ;
#7992 = CARTESIAN_POINT ( 'NONE',  ( 0.7639149224034330600, 1.057272500430996200, -1.128608923884515600 ) ) ;
#7993 = LINE ( 'NONE', #2628, #8193 ) ;
#7994 = CARTESIAN_POINT ( 'NONE',  ( -0.9291338582677165500, -1.110236220472441000, 0.0000000000000000000 ) ) ;
#7995 = CARTESIAN_POINT ( 'NONE',  ( -0.8253816619105313100, 0.9129958530717085000, -0.1312335958005236600 ) ) ;
#7996 = CARTESIAN_POINT ( 'NONE',  ( -0.08838326014879925600, 1.153934119375358300, -2.525317103608862200 ) ) ;
#7997 = CARTESIAN_POINT ( 'NONE',  ( -0.1558869637127283900, 1.118241469816271700, -2.704836293623897900 ) ) ;
#7998 = CARTESIAN_POINT ( 'NONE',  ( 0.6954048260608425300, -1.110322617515921300, -0.1968503937007874100 ) ) ;
#7999 = CARTESIAN_POINT ( 'NONE',  ( -0.1198825986024448900, 1.152548769262433000, -2.798646047730424700 ) ) ;
#8000 = CARTESIAN_POINT ( 'NONE',  ( -0.7475806083234709500, 1.081538273903767300, -2.992125984251968500 ) ) ;
#8001 = B_SPLINE_CURVE_WITH_KNOTS ( 'NONE', 3,
 ( #3820, #1871, #7025, #3237, #591, #6353, #11, #1277, #6966, #3127, #1934 ),
 .UNSPECIFIED., .F., .F.,
 ( 4, 1, 1, 1, 1, 1, 1, 1, 4 ),
 ( 0.0000000000000000000, 0.1645695725468741000, 0.3322847862734419300, 0.4161423931367209100, 0.4999999999999998900, 0.5838576068632787000, 0.6677152137265579500, 0.8354304274531259000, 1.000000000000000000 ),
 .UNSPECIFIED. ) ;
#8002 = FACE_OUTER_BOUND ( 'NONE', #8159, .T. ) ;
#8003 = CARTESIAN_POINT ( 'NONE',  ( -0.0000000000000000000, -0.7517436483800196100, -0.0000000000000000000 ) ) ;
#8004 = CARTESIAN_POINT ( 'NONE',  ( 0.7173146837074369000, -1.101616661993956900, -2.060367454068240600 ) ) ;
#8005 = CARTESIAN_POINT ( 'NONE',  ( -0.01111041754916226700, 1.153937007874015400, -2.505667319785157300 ) ) ;
#8006 = CARTESIAN_POINT ( 'NONE',  ( -0.7252355460546456900, -1.096676596295535400, -0.1968503937007874100 ) ) ;
#8007 = CARTESIAN_POINT ( 'NONE',  ( -0.7420151437815316600, 0.9960388349955512400, -2.681539807524059500 ) ) ;
#8008 = CARTESIAN_POINT ( 'NONE',  ( 0.9006284698872049100, -0.7294072714244842500, -0.1968503937007874100 ) ) ;
#8009 = CARTESIAN_POINT ( 'NONE',  ( 1.089068901887649600, 0.7366106222218031800, -0.5074365704286969400 ) ) ;
#8010 = CARTESIAN_POINT ( 'NONE',  ( -0.7479077349249685400, 1.081609771494819000, -0.5074365704286969400 ) ) ;
#8011 = ORIENTED_EDGE ( 'NONE', *, *, #6179, .T. ) ;
#8012 = EDGE_CURVE ( 'NONE', #1604, #3281, #7540, .T. ) ;
#8013 = CARTESIAN_POINT ( 'NONE',  ( 0.0000000000000000000, 0.1460610273873661200, -2.992125984251975200 ) ) ;
#8014 = CARTESIAN_POINT ( 'NONE',  ( 1.047157685346666000, -1.067227259123866500, 0.0000000000000000000 ) ) ;
#8015 = CARTESIAN_POINT ( 'NONE',  ( 0.6910086409841851300, 1.110261735596846700, -0.5074365704286969400 ) ) ;
#8016 = CARTESIAN_POINT ( 'NONE',  ( 0.1853889004854055700, 1.134251968503936900, -2.599176072756665500 ) ) ;
#8017 = CARTESIAN_POINT ( 'NONE',  ( 1.060986002430181200, -0.7627446526210077700, -2.060367454068244600 ) ) ;
#8018 = ORIENTED_EDGE ( 'NONE', *, *, #3696, .F. ) ;
#8019 = CARTESIAN_POINT ( 'NONE',  ( 1.110233970439102400, -0.9282311026850591500, -0.06561679790026378500 ) ) ;
#8020 = CARTESIAN_POINT ( 'NONE',  ( -0.1656716019029803600, 1.152548769262433000, -2.683940796263968300 ) ) ;
#8021 = CARTESIAN_POINT ( 'NONE',  ( 0.9451014140148467100, -1.110318066288362500, -0.1312335958005236600 ) ) ;
#8022 = B_SPLINE_CURVE_WITH_KNOTS ( 'NONE', 3,
 ( #3380, #5243, #1479, #3967, #3940, #7908 ),
 .UNSPECIFIED., .F., .F.,
 ( 4, 1, 1, 4 ),
 ( 0.0000000000000000000, 0.2231320908632033500, 0.7766750952853316300, 1.000000000000000000 ),
 .UNSPECIFIED. ) ;
#8023 = CARTESIAN_POINT ( 'NONE',  ( 0.7593146768515431900, 1.029023522214547600, -2.992125984251968500 ) ) ;
#8024 = CARTESIAN_POINT ( 'NONE',  ( -1.022481225836616000, 0.8766112441767409700, 0.0000000000000000000 ) ) ;
#8025 = CARTESIAN_POINT ( 'NONE',  ( -0.8330323139402675500, 0.8770121648875594000, -0.06561679790026378500 ) ) ;
#8026 = CARTESIAN_POINT ( 'NONE',  ( 0.1768021951115827400, 1.153934119375358300, -2.684131495541937100 ) ) ;
#8027 = CARTESIAN_POINT ( 'NONE',  ( -0.09038153715239767600, 1.126246719160106400, -2.813647702036685700 ) ) ;
#8028 = VERTEX_POINT ( 'NONE', #3873 ) ;
#8029 = EDGE_CURVE ( 'NONE', #4060, #132, #7575, .T. ) ;
#8030 = CARTESIAN_POINT ( 'NONE',  ( -1.060986002430181200, -0.7627446526210116500, -1.128608923884515600 ) ) ;
#8031 = B_SPLINE_CURVE_WITH_KNOTS ( 'NONE', 3,
 ( #4083, #2859, #244, #7296, #2166, #1484 ),
 .UNSPECIFIED., .F., .F.,
 ( 4, 1, 1, 4 ),
 ( 0.0000000000000000000, 0.2887644307316398800, 0.7100258073629135400, 1.000000000000000000 ),
 .UNSPECIFIED. ) ;
#8032 = B_SPLINE_SURFACE_WITH_KNOTS ( 'NONE', 3, 3, ( 
 ( #2542, #1919, #4040, #4596, #5205, #1108 ),
 ( #7611, #2373, #3749, #8187, #4970, #4323 ),
 ( #6878, #6905, #3060, #7557, #4269, #3698 ),
 ( #8215, #5616, #454, #7504, #4916, #3039 ),
 ( #1781, #7530, #1080, #5565, #3725, #4349 ),
 ( #8240, #505, #530, #1753, #482, #6234 ) ),
 .UNSPECIFIED., .F., .F., .F.,
 ( 4, 1, 1, 4 ),
 ( 4, 1, 1, 4 ),
 ( -71.00000000000000000, -47.33333333333332900, -23.66666666666667100, -1.000000000000000800E-014 ),
 ( 0.3041592653589800800, 0.3359622768347101400, 0.3677652883104400900, 0.3995682997861700900 ),
 .UNSPECIFIED. ) ;
#8033 = CARTESIAN_POINT ( 'NONE',  ( 0.1001452730867563700, -0.03260096172373194000, 0.7874021530026436000 ) ) ;
#8034 = CARTESIAN_POINT ( 'NONE',  ( 0.1446848777822630200, -2.121839655771912600E-011, 0.02362204724409449500 ) ) ;
#8035 = CARTESIAN_POINT ( 'NONE',  ( 0.7061733014393583000, -1.108033091542948800, -2.681539807524059500 ) ) ;
#8036 = EDGE_LOOP ( 'NONE', ( #4715, #3425, #7484, #7693 ) ) ;
#8037 = CARTESIAN_POINT ( 'NONE',  ( 1.109088367905878100, 0.7023879734236339000, -1.128608923884515600 ) ) ;
#8038 = CARTESIAN_POINT ( 'NONE',  ( -0.7441482841840275600, -1.083913278540055400, -0.5074365704286969400 ) ) ;
#8039 = CARTESIAN_POINT ( 'NONE',  ( 0.7618448995876850900, -1.065122253766173300, -2.060367454068240600 ) ) ;
#8040 = CARTESIAN_POINT ( 'NONE',  ( -0.03051586097098820200, -0.1226143411448661600, -3.562992125984252300 ) ) ;
#8041 = CARTESIAN_POINT ( 'NONE',  ( 0.1448347163264528100, 0.02193883921625590700, -2.952755905511811100 ) ) ;
#8042 = CARTESIAN_POINT ( 'NONE',  ( 0.9530213658428109400, -1.028348482669716500, 0.0000000000000000000 ) ) ;
#8043 = ORIENTED_EDGE ( 'NONE', *, *, #2095, .F. ) ;
#8044 = DIRECTION ( 'NONE',  ( -0.0000000000000000000, -0.0000000000000000000, -1.000000000000000000 ) ) ;
#8045 = AXIS2_PLACEMENT_3D ( 'NONE', #5081, #7015, #6369 ) ;
#8046 = CARTESIAN_POINT ( 'NONE',  ( 0.1412742653159843000, 1.126246719160106400, -2.540380452650441400 ) ) ;
#8047 = CARTESIAN_POINT ( 'NONE',  ( 1.060986002430181200, -0.7627446526210077700, -0.5074365704286969400 ) ) ;
#8048 = CARTESIAN_POINT ( 'NONE',  ( 1.105682788051606500, -0.9788576969563110900, -0.02187226596675591000 ) ) ;
#8049 = CARTESIAN_POINT ( 'NONE',  ( 0.07784670121729529700, 1.137382512314492300, -2.543888952566362600 ) ) ;
#8050 = CARTESIAN_POINT ( 'NONE',  ( 0.9282311026850591500, -1.110233970439102400, -0.1968503937007874100 ) ) ;
#8051 = CARTESIAN_POINT ( 'NONE',  ( 0.7046512160692323100, -1.108398963774295700, -0.1968503937007874100 ) ) ;
#8052 = ORIENTED_EDGE ( 'NONE', *, *, #1508, .F. ) ;
#8053 = CARTESIAN_POINT ( 'NONE',  ( -0.8255996794046417400, 0.9265857566923937400, -0.02187226596675591000 ) ) ;
#8054 = CARTESIAN_POINT ( 'NONE',  ( 0.1973615553878662100, 1.137382512314492300, -2.652953442916394300 ) ) ;
#8055 = CARTESIAN_POINT ( 'NONE',  ( 0.1438889093088228900, 1.118241469816271700, -2.759511447624264100 ) ) ;
#8056 = VERTEX_POINT ( 'NONE', #7786 ) ;
#8057 = B_SPLINE_CURVE_WITH_KNOTS ( 'NONE', 3,
 ( #8294, #3694, #3722, #7553, #8211, #579 ),
 .UNSPECIFIED., .F., .F.,
 ( 4, 1, 1, 4 ),
 ( 1.100507896338281600E-010, 6.406102205062565700E-005, 0.0002228452370982256300, 0.0002868508449863898400 ),
 .UNSPECIFIED. ) ;
#8058 = B_SPLINE_SURFACE_WITH_KNOTS ( 'NONE', 3, 3, ( 
 ( #3146, #3174, #3751, #5730, #1840, #1213, #7673, #5701, #2515, #3700, #6988 ),
 ( #615, #7642, #1241, #2545, #3813, #4470, #644, #5114, #5762, #5789, #3230 ),
 ( #7080, #7730, #3840, #7700, #4497, #6428, #3199, #671, #33, #1956, #1299 ),
 ( #1924, #6401, #2573, #5142, #2602, #3870, #7052, #1990, #2184, #7713, #5211 ),
 ( #4190, #3519, #4922, #2911, #7402, #8060, #5548, #2301, #1008, #1089, #3599 ),
 ( #1674, #8109, #4872, #4248, #3623, #7457, #4898, #8087, #4216, #378, #6109 ) ),
 .UNSPECIFIED., .F., .F., .F.,
 ( 4, 1, 1, 4 ),
 ( 4, 1, 1, 1, 1, 1, 1, 1, 4 ),
 ( -0.0000000000000000000, 0.09070294784580003300, 0.1814058956916100300, 0.2721088435374100500 ),
 ( 1.151814211758869900, 1.345143791269710000, 1.538473370780540000, 1.635138160535960100, 1.731802950291370100, 1.828467740046790100, 1.925132529802210200, 2.118462109313039100, 2.311791688823869900 ),
 .UNSPECIFIED. ) ;
#8059 = EDGE_LOOP ( 'NONE', ( #2107, #6377, #4018, #3369 ) ) ;
#8060 = CARTESIAN_POINT ( 'NONE',  ( 0.0000000000000000000, -0.1460610273873661500, 0.02799650043744489000 ) ) ;
#8061 = EDGE_CURVE ( 'NONE', #2437, #6646, #5165, .T. ) ;
#8062 = CARTESIAN_POINT ( 'NONE',  ( -0.08968624851009841800, -0.7465127032399607700, 0.006999125109362205200 ) ) ;
#8063 = CARTESIAN_POINT ( 'NONE',  ( 0.7634200263010158000, -1.036985750691338700, -2.681539807524059500 ) ) ;
#8064 = FACE_OUTER_BOUND ( 'NONE', #3335, .T. ) ;
#8065 = CARTESIAN_POINT ( 'NONE',  ( 0.06594153262747022600, 1.153937007874015900, -2.518561674843659700 ) ) ;
#8066 = CARTESIAN_POINT ( 'NONE',  ( -1.065122253766169300, 0.7618448995876850900, -2.060367454068240600 ) ) ;
#8067 = VERTEX_POINT ( 'NONE', #6432 ) ;
#8068 = CARTESIAN_POINT ( 'NONE',  ( -0.7500603502138081200, -1.079822295072443400, -2.992125984251968500 ) ) ;
#8069 = ORIENTED_EDGE ( 'NONE', *, *, #3225, .F. ) ;
#8070 = CARTESIAN_POINT ( 'NONE',  ( 0.06182430089247695200, 0.1087159800774294300, 0.7676509186351706500 ) ) ;
#8071 = CARTESIAN_POINT ( 'NONE',  ( 1.105962098314002200, 0.7107731193049651200, -2.992125984251966700 ) ) ;
#8072 = CARTESIAN_POINT ( 'NONE',  ( 1.081538273903763100, -0.7475806083234697300, -2.992125984251968500 ) ) ;
#8073 = CARTESIAN_POINT ( 'NONE',  ( 1.108398963774295900, 0.7046512160692316500, -0.1968503937007874400 ) ) ;
#8074 = ORIENTED_EDGE ( 'NONE', *, *, #4873, .T. ) ;
#8075 = CARTESIAN_POINT ( 'NONE',  ( 0.1249997708871773000, -9.142683563805194600E-011, -2.992125984251969000 ) ) ;
#8076 = B_SPLINE_CURVE_WITH_KNOTS ( 'NONE', 3,
 ( #1884, #549, #606, #2477, #5017, #6978 ),
 .UNSPECIFIED., .F., .F.,
 ( 4, 1, 1, 4 ),
 ( 1.100507896338281600E-010, 6.406102205062401700E-005, 0.0002228452370982160600, 0.0002868508449863838800 ),
 .UNSPECIFIED. ) ;
#8077 = CARTESIAN_POINT ( 'NONE',  ( 0.9457032319186168300, -1.110234704581635600, -0.1968503937007873000 ) ) ;
#8078 = CARTESIAN_POINT ( 'NONE',  ( 0.1568835465536693500, 1.152548769262433000, -2.613922461014389900 ) ) ;
#8079 = CARTESIAN_POINT ( 'NONE',  ( 0.9279527559055117400, 0.8246073122010001400, 0.0000000000000000000 ) ) ;
#8080 = EDGE_CURVE ( 'NONE', #1418, #4011, #7636, .T. ) ;
#8081 = B_SPLINE_CURVE_WITH_KNOTS ( 'NONE', 3,
 ( #7667, #4088, #7274, #3419, #2865, #274, #4116, #4751, #7359, #911, #5956, #5338, #6673 ),
 .UNSPECIFIED., .F., .F.,
 ( 4, 1, 1, 1, 1, 1, 1, 1, 1, 1, 4 ),
 ( 2.952416887626005600E-013, 0.002608085042988972600, 0.003922125077335952100, 0.005236165111682937300, 0.006550205146029813200, 0.007864245180376795700, 0.009178285214723774800, 0.01049232524907075900, 0.01180636528341774000, 0.01312040531776462200, 0.01572849036045835200 ),
 .UNSPECIFIED. ) ;
#8082 = CARTESIAN_POINT ( 'NONE',  ( 0.9028841459682126500, 1.028348482669716500, -0.1312335958005236600 ) ) ;
#8083 = CARTESIAN_POINT ( 'NONE',  ( -0.9279527559055117400, 0.8246073122010001400, -0.02187226596675591000 ) ) ;
#8084 = CARTESIAN_POINT ( 'NONE',  ( -0.04590827698367324500, 1.152548769262433000, -2.497777547672779300 ) ) ;
#8085 = CARTESIAN_POINT ( 'NONE',  ( -0.1804476012116417700, 1.153988124042724300, -2.706838909286027200 ) ) ;
#8086 = ADVANCED_FACE ( 'NONE', ( #3317 ), #1751, .T. ) ;
#8087 = CARTESIAN_POINT ( 'NONE',  ( -0.08401568594263388000, -0.1231026060500197600, 0.02362204724409449500 ) ) ;
#8088 = CARTESIAN_POINT ( 'NONE',  ( 0.1446774418205934200, -0.02265127238144948000, 0.02362204724409453300 ) ) ;
#8089 = CARTESIAN_POINT ( 'NONE',  ( 0.7566742686776338800, -1.025508191967476900, -2.681539807524059500 ) ) ;
#8090 = CARTESIAN_POINT ( 'NONE',  ( -0.1721637620373507000, 1.153937007874015700, -2.647611600076667800 ) ) ;
#8091 = CARTESIAN_POINT ( 'NONE',  ( 0.1446849424173935200, -1.060919825885090900E-011, -2.952755905511811100 ) ) ;
#8092 = CARTESIAN_POINT ( 'NONE',  ( 0.7549431811966416100, -1.076064190174775600, -0.5074365704286969400 ) ) ;
#8093 = FACE_OUTER_BOUND ( 'NONE', #936, .T. ) ;
#8094 = CARTESIAN_POINT ( 'NONE',  ( 0.7738167753536416800, -0.7980368589790987100, -0.1968503937007874100 ) ) ;
#8095 = CARTESIAN_POINT ( 'NONE',  ( -0.7556667672796136800, -1.074917021823726700, -2.992125984251968500 ) ) ;
#8096 = CARTESIAN_POINT ( 'NONE',  ( -0.9028841459682126500, -0.8275570291413073500, -0.1749781277340315400 ) ) ;
#8097 = CARTESIAN_POINT ( 'NONE',  ( 0.7072881488253189900, 1.107445675074389500, -2.681539807524059500 ) ) ;
#8098 = B_SPLINE_SURFACE_WITH_KNOTS ( 'NONE', 3, 3, ( 
 ( #4536, #5178, #2018, #762, #6467, #1362 ),
 ( #6493, #2666, #7791, #3935, #1388, #8308 ),
 ( #5450, #6674, #1440, #804, #3981, #4557 ),
 ( #3952, #1466, #5958, #1379, #753, #5312 ),
 ( #3367, #2120, #7896, #722, #3394, #7837 ),
 ( #6598, #5226, #2036, #7869, #4612, #3310 ) ),
 .UNSPECIFIED., .F., .F., .F.,
 ( 4, 1, 1, 4 ),
 ( 4, 1, 1, 4 ),
 ( -2.126066776463539900, -1.417377850975689800, -0.7086889254878500100, 0.0000000000000000000 ),
 ( 7.196342449543601000, 7.229613605616870900, 7.262884761690139100, 7.296155917763409000 ),
 .UNSPECIFIED. ) ;
#8099 = LINE ( 'NONE', #444, #7390 ) ;
#8100 = CARTESIAN_POINT ( 'NONE',  ( 0.7636744025022759200, 1.057499546894259400, -0.1968503937007873800 ) ) ;
#8101 = CARTESIAN_POINT ( 'NONE',  ( -1.108033091542948800, -0.7061733014393583000, -2.681539807524059500 ) ) ;
#8102 = CARTESIAN_POINT ( 'NONE',  ( -1.108204637752976400, -0.7053811463581142200, -2.060367454068244600 ) ) ;
#8103 =( NAMED_UNIT ( * ) PLANE_ANGLE_UNIT ( ) SI_UNIT ( $, .RADIAN. ) );
#8104 = CARTESIAN_POINT ( 'NONE',  ( 0.0000000000000000000, 1.144378037797165300, -2.522272113840948700 ) ) ;
#8105 = CARTESIAN_POINT ( 'NONE',  ( 0.9876700203231734100, 1.014900208985472200, -0.02187226596675591000 ) ) ;
#8106 = ORIENTED_EDGE ( 'NONE', *, *, #7303, .F. ) ;
#8107 = CARTESIAN_POINT ( 'NONE',  ( -0.9876700203231734100, 0.8410053028255510800, 0.0000000000000000000 ) ) ;
#8108 = CARTESIAN_POINT ( 'NONE',  ( -0.1799538367264055500, 1.153988124042724300, -2.678019232124562600 ) ) ;
#8109 = CARTESIAN_POINT ( 'NONE',  ( 0.1448347163264528100, -0.02193883921625590700, 0.02362204724409449500 ) ) ;
#8110 = ORIENTED_EDGE ( 'NONE', *, *, #2636, .F. ) ;
#8111 = CARTESIAN_POINT ( 'NONE',  ( 0.1334499306789621300, -0.07302144007819007200, 0.02362204724409453300 ) ) ;
#8113 = CARTESIAN_POINT ( 'NONE',  ( 0.9876700203231734100, 1.014900208985472200, 0.0000000000000000000 ) ) ;
#8112 = CARTESIAN_POINT ( 'NONE',  ( -1.049803909796291500, 0.7651677351667085500, -2.060367454068240600 ) ) ;
#8114 = CARTESIAN_POINT ( 'NONE',  ( -0.08643287460421535100, 1.153937007874015700, -2.527950873839326400 ) ) ;
#8115 = CARTESIAN_POINT ( 'NONE',  ( -1.083715119910515700, 0.7440480963253898200, -2.060367454068240600 ) ) ;
#8116 = CARTESIAN_POINT ( 'NONE',  ( -0.7528510366733464100, 1.018785567477366500, -2.681539807524059500 ) ) ;
#8117 = CARTESIAN_POINT ( 'NONE',  ( 0.1156637036326063400, -0.06262578429423626400, -3.495188101487315200 ) ) ;
#8118 = CARTESIAN_POINT ( 'NONE',  ( -1.081538896983672800, -0.7475810392626732700, -2.060367454068240600 ) ) ;
#8119 = EDGE_CURVE ( 'NONE', #1031, #7743, #5122, .T. ) ;
#8120 = EDGE_LOOP ( 'NONE', ( #5079, #1697, #4270, #4428 ) ) ;
#8121 = ADVANCED_FACE ( 'NONE', ( #1017 ), #7316, .T. ) ;
#8122 = CARTESIAN_POINT ( 'NONE',  ( -0.9028841459682126500, -0.8275570291413073500, -0.1968503937007874100 ) ) ;
#8123 = B_SPLINE_SURFACE_WITH_KNOTS ( 'NONE', 3, 3, ( 
 ( #4918, #1136, #3646, #5593, #3040, #5514 ),
 ( #2961, #5566, #6236, #4242, #6771, #6880 ),
 ( #1694, #4325, #6155, #7452, #506, #1055 ),
 ( #3594, #4894, #5542, #6183, #3781, #3726 ),
 ( #2430, #4377, #5026, #6373, #4997, #4405 ),
 ( #7586, #6317, #4437, #6931, #2485, #6290 ),
 ( #1866, #6906, #6265, #3062, #7558, #3087 ),
 ( #2458, #6958, #1893, #7019, #1162, #584 ),
 ( #4350, #557, #532, #5058, #1810, #4 ) ),
 .UNSPECIFIED., .F., .F., .F.,
 ( 4, 1, 1, 3, 4 ),
 ( 4, 1, 1, 4 ),
 ( 0.0000000000000000000, 0.08811299454038001900, 0.1762259890807600400, 0.2643389836211400600, 0.2669823734573514300 ),
 ( 0.5618210468002801100, 0.6559188153976101000, 0.7500165839949498600, 0.8441143525922800700 ),
 .UNSPECIFIED. ) ;
#8124 = CARTESIAN_POINT ( 'NONE',  ( 0.1412742653159843000, 1.110236220472441000, -2.540380452650441400 ) ) ;
#8125 = CARTESIAN_POINT ( 'NONE',  ( 0.9291338582677164400, 1.110236220472440700, 0.0000000000000000000 ) ) ;
#8126 = CARTESIAN_POINT ( 'NONE',  ( -1.081314661062035700, -0.7479053414235590200, -2.992125984251968500 ) ) ;
#8127 = B_SPLINE_CURVE_WITH_KNOTS ( 'NONE', 3,
 ( #4959, #7597, #6893, #5658 ),
 .UNSPECIFIED., .F., .F.,
 ( 4, 4 ),
 ( 0.0000000000000000000, 1.000000000000000000 ),
 .UNSPECIFIED. ) ;
#8128 = CARTESIAN_POINT ( 'NONE',  ( 1.103922707985718600, -0.7141138414599829100, -2.992125984251969000 ) ) ;
#8129 = EDGE_LOOP ( 'NONE', ( #831, #1085, #3487, #1298 ) ) ;
#8130 = CARTESIAN_POINT ( 'NONE',  ( 1.022873197870755900, 0.9788933469234686300, -0.06561679790026378500 ) ) ;
#8131 = B_SPLINE_CURVE_WITH_KNOTS ( 'NONE', 3,
 ( #6485, #2093, #1351, #3340, #7128, #5874 ),
 .UNSPECIFIED., .F., .F.,
 ( 4, 1, 1, 4 ),
 ( 0.0000000000000000000, 0.2887644307317124300, 0.7100258073630009200, 1.000000000000000000 ),
 .UNSPECIFIED. ) ;
#8132 = CARTESIAN_POINT ( 'NONE',  ( -1.030523849900492500, 0.9129958530717085000, 0.0000000000000000000 ) ) ;
#8133 = CARTESIAN_POINT ( 'NONE',  ( -0.1968215087142204900, 1.134251968503936900, -2.684474484327700900 ) ) ;
#8134 = CARTESIAN_POINT ( 'NONE',  ( 0.04590827698367324500, 1.152548769262433000, -2.864427176736666200 ) ) ;
#8135 = EDGE_CURVE ( 'NONE', #2437, #5246, #2060, .T. ) ;
#8136 = ORIENTED_EDGE ( 'NONE', *, *, #2068, .T. ) ;
#8137 = B_SPLINE_CURVE_WITH_KNOTS ( 'NONE', 3,
 ( #4947, #1727, #4867, #456, #6793, #1032 ),
 .UNSPECIFIED., .F., .F.,
 ( 4, 1, 1, 4 ),
 ( 1.100507930944614200E-010, 6.406102205062992600E-005, 0.0002228452370982306700, 0.0002868508449863920100 ),
 .UNSPECIFIED. ) ;
#8138 = CARTESIAN_POINT ( 'NONE',  ( -0.7499999991309596000, 3.053378699144151200E-015, 0.06299212598425199500 ) ) ;
#8139 = CARTESIAN_POINT ( 'NONE',  ( 0.04788271554519685900, 1.131583552055992000, -2.874255262171078900 ) ) ;
#8141 = CARTESIAN_POINT ( 'NONE',  ( 0.7593146768515431900, -1.029023522214551600, -0.5074365704286969400 ) ) ;
#8140 = CARTESIAN_POINT ( 'NONE',  ( 1.008420413410694400, 0.7467228160244971900, -2.992125984251966700 ) ) ;
#8142 = CARTESIAN_POINT ( 'NONE',  ( -0.1408048411699614800, 1.153937007874015400, -2.576401494639404300 ) ) ;
#8143 = CARTESIAN_POINT ( 'NONE',  ( -0.7479053414235590200, -1.081314661062031700, -1.128608923884515600 ) ) ;
#8144 = CARTESIAN_POINT ( 'NONE',  ( -0.07427235001740731300, 1.153937007874015700, -2.840069786893126800 ) ) ;
#8145 = ORIENTED_EDGE ( 'NONE', *, *, #650, .F. ) ;
#8146 = CARTESIAN_POINT ( 'NONE',  ( 1.110236281231658400, -0.6927299607301727900, -0.1968503937007874400 ) ) ;
#8147 = CARTESIAN_POINT ( 'NONE',  ( 1.030314616339711900, -0.9279527557669474700, 0.0000000000000000000 ) ) ;
#8148 = CARTESIAN_POINT ( 'NONE',  ( -1.030523849900492500, -0.9129958530717085000, -0.1968503937007874100 ) ) ;
#8149 = CARTESIAN_POINT ( 'NONE',  ( 0.7526187090744569400, -1.018296648772848000, -2.992125984251971600 ) ) ;
#8150 = ORIENTED_EDGE ( 'NONE', *, *, #6653, .T. ) ;
#8151 = CARTESIAN_POINT ( 'NONE',  ( 1.030314616339685500, -0.9279527558777991300, -0.1968503937007875200 ) ) ;
#8152 = CARTESIAN_POINT ( 'NONE',  ( -1.109088367905878100, -0.7023879734236379000, -2.681539807524059500 ) ) ;
#8153 = CARTESIAN_POINT ( 'NONE',  ( 0.1153413783995031300, 0.06295339484628588400, -2.992125984251969000 ) ) ;
#8154 =( CONVERSION_BASED_UNIT ( 'INCH', #138 ) LENGTH_UNIT ( ) NAMED_UNIT ( #5179 ) );
#8155 = FACE_BOUND ( 'NONE', #8314, .T. ) ;
#8156 = CARTESIAN_POINT ( 'NONE',  ( -0.8255908954713383500, 0.9279527559332242400, -0.1968503937007874100 ) ) ;
#8157 = CARTESIAN_POINT ( 'NONE',  ( 1.030523849900492500, 0.9429096587393148700, 0.0000000000000000000 ) ) ;
#8158 = CARTESIAN_POINT ( 'NONE',  ( -0.9451014140148467100, 1.110318066288362500, -0.1968503937007874100 ) ) ;
#8159 = EDGE_LOOP ( 'NONE', ( #7929, #1713, #6188, #7421 ) ) ;
#8160 = CARTESIAN_POINT ( 'NONE',  ( -0.8253816619105313100, 0.9129958530717085000, -0.02187226596675591000 ) ) ;
#8161 = ORIENTED_EDGE ( 'NONE', *, *, #2839, .T. ) ;
#8162 = CARTESIAN_POINT ( 'NONE',  ( -0.1424231651923819100, 1.134251968503936900, -2.541457877216000100 ) ) ;
#8163 = CARTESIAN_POINT ( 'NONE',  ( -0.09760269248847246200, 1.144378037797169300, -2.853137888653633600 ) ) ;
#8164 = ADVANCED_FACE ( 'NONE', ( #6822 ), #4546, .T. ) ;
#8165 = B_SPLINE_SURFACE_WITH_KNOTS ( 'NONE', 3, 3, ( 
 ( #220, #866, #5366, #6651, #2814, #4753 ),
 ( #5394, #1549, #6037, #2199, #6675, #2841 ),
 ( #695, #1863, #2626, #641, #3778, #4401 ),
 ( #611, #3809, #4466, #1953, #1295, #2509 ),
 ( #29, #4434, #3195, #6425, #581, #5786 ),
 ( #4494, #6345, #5168, #6985, #3143, #5055 ) ),
 .UNSPECIFIED., .F., .F., .F.,
 ( 4, 1, 1, 4 ),
 ( 4, 1, 1, 4 ),
 ( -71.00000000000000000, -47.33333333333332900, -23.66666666666667100, -1.000000000000000800E-014 ),
 ( 0.2287502309317900600, 0.2605532424075199200, 0.2923562538832500900, 0.3241592653589801000 ),
 .UNSPECIFIED. ) ;
#8166 = CARTESIAN_POINT ( 'NONE',  ( 0.03327412862113899400, -0.09992360492780003000, 0.7873993313772260600 ) ) ;
#8167 = ORIENTED_EDGE ( 'NONE', *, *, #2379, .F. ) ;
#8168 = EDGE_CURVE ( 'NONE', #4833, #4188, #5638, .T. ) ;
#8169 = CARTESIAN_POINT ( 'NONE',  ( -0.04788271554519685900, 1.134251968503936900, -2.874255262171082800 ) ) ;
#8170 = CARTESIAN_POINT ( 'NONE',  ( -1.060986002430181200, 0.7627446526210077700, -2.060367454068244600 ) ) ;
#8171 = CARTESIAN_POINT ( 'NONE',  ( -0.1545353941647024400, 1.153937007874015700, -2.597696860923297100 ) ) ;
#8172 = CARTESIAN_POINT ( 'NONE',  ( -0.7441482841840275600, -1.083913278540055400, -2.681539807524059500 ) ) ;
#8173 = CARTESIAN_POINT ( 'NONE',  ( -0.1635948947583137600, 1.153937007874015400, -2.744412220988280200 ) ) ;
#8174 = CARTESIAN_POINT ( 'NONE',  ( -0.1251725047065984900, -0.01871959219484252400, -3.156167979002626500 ) ) ;
#8175 = CARTESIAN_POINT ( 'NONE',  ( -0.9451014140148467100, -1.110318066288362500, -0.1312335958005236600 ) ) ;
#8176 = FACE_OUTER_BOUND ( 'NONE', #7709, .T. ) ;
#8177 = CARTESIAN_POINT ( 'NONE',  ( -0.8253816619105313100, -0.9129958530717085000, -0.1968503937007874100 ) ) ;
#8178 = CARTESIAN_POINT ( 'NONE',  ( -0.1558869637127283900, 1.134251968503936900, -2.657368430785547200 ) ) ;
#8179 = B_SPLINE_SURFACE_WITH_KNOTS ( 'NONE', 3, 3, ( 
 ( #2467, #7594, #6941, #1225, #1170, #1848 ),
 ( #6326, #8197, #2494, #4334, #3733, #8252 ),
 ( #6274, #1901, #6298, #5005, #566, #5038 ),
 ( #6889, #6355, #6968, #7622, #8281, #593 ),
 ( #5068, #7566, #2524, #6996, #3155, #515 ),
 ( #7652, #3790, #4447, #5628, #2440, #5093 ) ),
 .UNSPECIFIED., .F., .F., .F.,
 ( 4, 1, 1, 4 ),
 ( 4, 1, 1, 4 ),
 ( -2.126066776463539900, -1.417377850975689800, -0.7086889254878500100, 0.0000000000000000000 ),
 ( 17.68769111620672500, 17.72096227227998400, 17.75423342835326000, 17.78750458442652500 ),
 .UNSPECIFIED. ) ;
#8180 = CARTESIAN_POINT ( 'NONE',  ( 1.107445675074389500, -0.7072881488253229800, -0.1968503937007874100 ) ) ;
#8181 = CARTESIAN_POINT ( 'NONE',  ( -0.6954048260608425300, 1.110322617515925500, -0.5074365704286969400 ) ) ;
#8182 = FACE_BOUND ( 'NONE', #5335, .T. ) ;
#8183 = CARTESIAN_POINT ( 'NONE',  ( -1.089068901887649600, -0.7366106222218031800, -2.681539807524059500 ) ) ;
#8184 = CARTESIAN_POINT ( 'NONE',  ( -0.7311023782002935600, 0.9279527559062205100, -1.594488188976381100 ) ) ;
#8185 = EDGE_CURVE ( 'NONE', #3313, #6203, #3864, .T. ) ;
#8186 = CARTESIAN_POINT ( 'NONE',  ( 0.9279527559055117400, 1.031298199610023700, -0.1312335958005236600 ) ) ;
#8187 = CARTESIAN_POINT ( 'NONE',  ( 1.076064190174771800, -0.7549431811966416100, -0.5074365704286969400 ) ) ;
#8188 = CARTESIAN_POINT ( 'NONE',  ( -0.1281816146920228500, 1.153936934959982000, -2.806783149768401500 ) ) ;
#8189 = CARTESIAN_POINT ( 'NONE',  ( -0.8253816619105313100, -0.9429096587393148700, -0.1312335958005236600 ) ) ;
#8190 = CARTESIAN_POINT ( 'NONE',  ( 0.1424231651923819100, 1.137382512314492300, -2.820746847193444900 ) ) ;
#8191 = CARTESIAN_POINT ( 'NONE',  ( -0.8330323139402675500, 0.9788933469234686300, -0.06561679790026378500 ) ) ;
#8192 = B_SPLINE_SURFACE_WITH_KNOTS ( 'NONE', 3, 3, ( 
 ( #5845, #2006, #778, #7781, #2655, #166 ),
 ( #7808, #5256, #6570, #5286, #3925, #4586 ),
 ( #6509, #7187, #7218, #7160, #195, #1408 ),
 ( #4670, #5902, #2063, #6539, #2708, #4643 ),
 ( #838, #7923, #7330, #4697, #4120, #5341 ),
 ( #3447, #2789, #6010, #3473, #6624, #7277 ) ),
 .UNSPECIFIED., .F., .F., .F.,
 ( 4, 1, 1, 4 ),
 ( 4, 1, 1, 4 ),
 ( -71.00000000000000000, -47.33333333333332900, -23.66666666666667100, -1.000000000000000800E-014 ),
 ( 0.3041592653589800800, 0.3359622768347101400, 0.3677652883104400900, 0.3995682997861700900 ),
 .UNSPECIFIED. ) ;
#8193 = VECTOR ( 'NONE', #5904, 39.37007874015748100 ) ;
#8194 = CARTESIAN_POINT ( 'NONE',  ( -0.08666402196161654400, -0.05979259829627205800, 0.7873684788748860400 ) ) ;
#8195 = CARTESIAN_POINT ( 'NONE',  ( 0.09746816833348823100, 1.134251968503936900, -2.854991320674237000 ) ) ;
#8196 = CARTESIAN_POINT ( 'NONE',  ( 0.7133756011909762100, 1.104400432191188200, -2.992125984251968500 ) ) ;
#8197 = CARTESIAN_POINT ( 'NONE',  ( 0.7176078221647795900, -1.101663991491527600, -0.5074365704286969400 ) ) ;
#8198 = DIRECTION ( 'NONE',  ( -0.0000000000000000000, -0.0000000000000000000, -1.000000000000000000 ) ) ;
#8199 = CARTESIAN_POINT ( 'NONE',  ( -0.7593146768515431900, -1.029023522214547600, -0.1968503937007874100 ) ) ;
#8200 = CARTESIAN_POINT ( 'NONE',  ( -1.110234704581635600, -0.9457032319186167200, 0.0000000000000000000 ) ) ;
#8201 = CARTESIAN_POINT ( 'NONE',  ( -1.110322617515921300, -0.6954048260608425300, -0.1968503937007874100 ) ) ;
#8202 = CARTESIAN_POINT ( 'NONE',  ( -0.0000000000000000000, -0.1261928294275669600, -2.952755905511811100 ) ) ;
#8203 = CARTESIAN_POINT ( 'NONE',  ( -0.7360189197542151800, 0.1825359026144761900, 0.0000000000000000000 ) ) ;
#8204 = LINE ( 'NONE', #1551, #377 ) ;
#8205 = ADVANCED_FACE ( 'NONE', ( #3409 ), #4288, .T. ) ;
#8206 = CARTESIAN_POINT ( 'NONE',  ( 0.1557450946406299700, 1.118241469816271700, -2.681999419654519800 ) ) ;
#8207 = CARTESIAN_POINT ( 'NONE',  ( 0.7636784982413071800, -1.057500456850734900, -1.594488188976380000 ) ) ;
#8208 = CARTESIAN_POINT ( 'NONE',  ( -1.103009155936019800, -0.7155729551865474000, -2.060367454068240600 ) ) ;
#8209 = CARTESIAN_POINT ( 'NONE',  ( 0.1249949962596299800, -0.001118440903629921800, 0.7701968503937007800 ) ) ;
#8210 = VERTEX_POINT ( 'NONE', #3481 ) ;
#8211 = CARTESIAN_POINT ( 'NONE',  ( 1.108855069386813800, 0.7031063972595347200, -0.1968503937007874100 ) ) ;
#8212 = CARTESIAN_POINT ( 'NONE',  ( 0.7649861758560666500, 1.048472305788080300, -2.992125984251968500 ) ) ;
#8213 =( CONVERSION_BASED_UNIT ( 'INCH', #332 ) LENGTH_UNIT ( ) NAMED_UNIT ( #2118 ) );
#8214 = CARTESIAN_POINT ( 'NONE',  ( -1.089170987909385600, -0.7365395562714807100, -2.992125984251968500 ) ) ;
#8215 = CARTESIAN_POINT ( 'NONE',  ( 1.053941206384279700, -0.7642728007677205300, -2.060367454068244600 ) ) ;
#8216 = CARTESIAN_POINT ( 'NONE',  ( -1.066258947909223300, -0.7611279201994745100, -0.1968503937007874100 ) ) ;
#8217 = CARTESIAN_POINT ( 'NONE',  ( -0.8682354914878504000, -1.014900208985472200, -0.1749781277340315400 ) ) ;
#8218 = CARTESIAN_POINT ( 'NONE',  ( 0.7528510366733464100, -1.018785567477366500, -2.992125984251968500 ) ) ;
#8219 = CARTESIAN_POINT ( 'NONE',  ( -1.030305832406381800, 0.9265857566923937400, -0.1312335958005236600 ) ) ;
#8220 = ORIENTED_EDGE ( 'NONE', *, *, #182, .F. ) ;
#8221 = CARTESIAN_POINT ( 'NONE',  ( 0.008525763573399921700, -0.1053136061772510700, 0.7874035557728849000 ) ) ;
#8222 = CARTESIAN_POINT ( 'NONE',  ( -0.1968491153113268200, 1.126246719160106400, -2.680392924890165700 ) ) ;
#8223 = CARTESIAN_POINT ( 'NONE',  ( -1.049803909796291500, 0.7651677351667045500, -2.992125984251968500 ) ) ;
#8224 = CARTESIAN_POINT ( 'NONE',  ( -1.028952602479410200, 0.7589880794554850800, -2.681539807524059500 ) ) ;
#8225 = ORIENTED_EDGE ( 'NONE', *, *, #3420, .T. ) ;
#8226 = CARTESIAN_POINT ( 'NONE',  ( 0.9876700203231734100, -1.014900208985472200, -0.1749781277340315400 ) ) ;
#8227 = CARTESIAN_POINT ( 'NONE',  ( 0.7475806083234707300, 1.081538273903764000, -2.992125984251969000 ) ) ;
#8228 = CARTESIAN_POINT ( 'NONE',  ( 1.104136452828496300, 0.7137832230396693500, -2.681539807524059500 ) ) ;
#8229 = CARTESIAN_POINT ( 'NONE',  ( -0.07270040754172836500, -0.1062935698246890300, -3.156167979002622900 ) ) ;
#8230 = CARTESIAN_POINT ( 'NONE',  ( -0.9788576969563070900, -1.105682788051606500, -0.06561679790026378500 ) ) ;
#8231 = ORIENTED_EDGE ( 'NONE', *, *, #1770, .F. ) ;
#8232 = CARTESIAN_POINT ( 'NONE',  ( -0.8330323139402675500, -0.8770121648875594000, -0.1312335958005236600 ) ) ;
#8233 = CARTESIAN_POINT ( 'NONE',  ( 0.09038153715239767600, 1.110236220472441000, -2.548557022372763800 ) ) ;
#8234 = CARTESIAN_POINT ( 'NONE',  ( -0.7566742686776338800, 1.025508191967476900, -0.5074365704286969400 ) ) ;
#8235 = CARTESIAN_POINT ( 'NONE',  ( 0.1249997708871773000, -9.142683563805194600E-011, -2.992125984251969000 ) ) ;
#8236 = CARTESIAN_POINT ( 'NONE',  ( -0.1251725047065984900, 0.01871959219484252400, 0.7751574803149606800 ) ) ;
#8237 = CARTESIAN_POINT ( 'NONE',  ( 0.7003911346322487800, 1.109563216913673800, -0.1968503937007874400 ) ) ;
#8238 = DIRECTION ( 'NONE',  ( -0.0000000000000000000, -0.0000000000000000000, -1.000000000000000000 ) ) ;
#8239 = CARTESIAN_POINT ( 'NONE',  ( 0.9530213658428109400, -0.8275570291413073500, 0.0000000000000000000 ) ) ;
#8240 = CARTESIAN_POINT ( 'NONE',  ( 1.053941206384275700, -0.7642728007677205300, -2.992125984251968500 ) ) ;
#8241 = ORIENTED_EDGE ( 'NONE', *, *, #3326, .F. ) ;
#8242 = CARTESIAN_POINT ( 'NONE',  ( -1.057499546894263600, -0.7636744025022772500, -0.1968503937007873800 ) ) ;
#8243 = CARTESIAN_POINT ( 'NONE',  ( -0.9530213658428109400, -1.028348482669716500, -0.1749781277340315400 ) ) ;
#8244 = CARTESIAN_POINT ( 'NONE',  ( 1.110236281231658400, 0.6927299607301763400, -2.992125984251968500 ) ) ;
#8245 = CARTESIAN_POINT ( 'NONE',  ( -0.9028841459682126500, 1.028348482669716500, -0.1312335958005236600 ) ) ;
#8246 = ORIENTED_EDGE ( 'NONE', *, *, #2736, .F. ) ;
#8247 = CARTESIAN_POINT ( 'NONE',  ( -0.07185601497023957900, -0.07691109253663380700, 0.7873325490918862100 ) ) ;
#8248 = EDGE_CURVE ( 'NONE', #4971, #1798, #6283, .T. ) ;
#8249 = CARTESIAN_POINT ( 'NONE',  ( 0.6887898905127283200, -1.110038567578169400, -0.5074365704286969400 ) ) ;
#8250 = CARTESIAN_POINT ( 'NONE',  ( -0.1969610430417243800, 1.118241469816271700, -2.711449755784003800 ) ) ;
#8251 = CARTESIAN_POINT ( 'NONE',  ( -0.09038153715239767600, 1.110236220472441000, -2.813647702036685700 ) ) ;
#8252 = CARTESIAN_POINT ( 'NONE',  ( 0.7479053414235590200, -1.081314661062035700, -0.5074365704286969400 ) ) ;
#8253 = CARTESIAN_POINT ( 'NONE',  ( -1.029654069748492400, -0.7594092295902990000, -0.5074365704286969400 ) ) ;
#8254 = DIRECTION ( 'NONE',  ( -0.0000000000000000000, -1.000000000000000000, -0.0000000000000000000 ) ) ;
#8255 = CARTESIAN_POINT ( 'NONE',  ( -0.1529940511659437200, 1.153937007874015700, -2.766994301235413900 ) ) ;
#8256 = VERTEX_POINT ( 'NONE', #7583 ) ;
#8257 = CARTESIAN_POINT ( 'NONE',  ( 0.1156637036326063400, -0.06262578429423626400, -3.020559930008748200 ) ) ;
#8258 = CARTESIAN_POINT ( 'NONE',  ( -1.057499546894259600, 0.7636744025022760300, -2.992125984251969000 ) ) ;
#8259 = VERTEX_POINT ( 'NONE', #3808 ) ;
#8260 = LINE ( 'NONE', #3530, #2928 ) ;
#8261 = CARTESIAN_POINT ( 'NONE',  ( -0.03793485271320473600, 1.118241469816271700, -2.528313008702476300 ) ) ;
#8262 = CARTESIAN_POINT ( 'NONE',  ( -0.7636784982413071800, 1.057500456850734900, -1.594488188976378200 ) ) ;
#8263 = CARTESIAN_POINT ( 'NONE',  ( -0.2142136135413897600, -0.7237849185444172900, 0.0000000000000000000 ) ) ;
#8264 = VERTEX_POINT ( 'NONE', #3142 ) ;
#8265 = AXIS2_PLACEMENT_3D ( 'NONE', #5725, #7609, #5697 ) ;
#8266 = CARTESIAN_POINT ( 'NONE',  ( -0.7072881488253229800, 1.107445675074389500, -2.992125984251968500 ) ) ;
#8267 = ORIENTED_EDGE ( 'NONE', *, *, #7022, .T. ) ;
#8268 = DIRECTION ( 'NONE',  ( 0.0000000000000000000, 1.000000000000000000, 0.0000000000000000000 ) ) ;
#8269 = CARTESIAN_POINT ( 'NONE',  ( -1.110322617515925500, 0.6954048260608386400, -1.128608923884515600 ) ) ;
#8270 = SURFACE_SIDE_STYLE ('',( #622 ) ) ;
#8271 = CARTESIAN_POINT ( 'NONE',  ( -1.081609771494819000, -0.7479077349249685400, -0.5074365704286969400 ) ) ;
#8272 = CARTESIAN_POINT ( 'NONE',  ( -0.9530213658428109400, -1.028348482669716500, -0.1968503937007874100 ) ) ;
#8273 = CARTESIAN_POINT ( 'NONE',  ( -0.8255996794046417400, -0.9265857566923937400, -0.1968503937007874100 ) ) ;
#8274 = DIRECTION ( 'NONE',  ( -0.0000000000000000000, -1.000000000000000000, -0.0000000000000000000 ) ) ;
#8275 = CARTESIAN_POINT ( 'NONE',  ( 0.09746816833348823100, 1.134251968503936900, -2.854991320674237000 ) ) ;
#8276 = CARTESIAN_POINT ( 'NONE',  ( -0.09493392326208188700, -0.04561023567033982400, 0.7874084942599342000 ) ) ;
#8277 = CARTESIAN_POINT ( 'NONE',  ( 0.7053811463581142200, -1.108204637752976400, -1.128608923884511800 ) ) ;
#8278 = EDGE_CURVE ( 'NONE', #8256, #7138, #1405, .T. ) ;
#8279 = DIRECTION ( 'NONE',  ( -0.0000000000000000000, -0.0000000000000000000, 1.000000000000000000 ) ) ;
#8280 = CARTESIAN_POINT ( 'NONE',  ( -0.04499801208583186600, 0.1166244455446389400, -2.952755905511811100 ) ) ;
#8281 = CARTESIAN_POINT ( 'NONE',  ( 0.7441482841840275600, -1.083913278540059400, -2.060367454068240600 ) ) ;
#8282 = FACE_OUTER_BOUND ( 'NONE', #784, .T. ) ;
#8283 = CARTESIAN_POINT ( 'NONE',  ( -0.7311036405941849800, -0.9286621932200708200, -0.5074365704286969400 ) ) ;
#8284 = CARTESIAN_POINT ( 'NONE',  ( -0.7639149224034330600, -1.057272500430996200, -2.992125984251968500 ) ) ;
#8285 = CARTESIAN_POINT ( 'NONE',  ( 0.7500308502709094300, 0.05856650093301969700, 0.04199475065616930400 ) ) ;
#8286 = CARTESIAN_POINT ( 'NONE',  ( 0.0000000000000000000, 0.7517436483800200600, 0.06299212598425198200 ) ) ;
#8287 = CARTESIAN_POINT ( 'NONE',  ( -0.7499997401306206500, 0.05884212280249730800, 0.0000000000000000000 ) ) ;
#8288 = CARTESIAN_POINT ( 'NONE',  ( -0.9279527559055117400, -0.8246073122010001400, -0.1312335958005236600 ) ) ;
#8289 = CARTESIAN_POINT ( 'NONE',  ( -0.03051586097098820200, 0.1226143411448661600, -3.359580052493437400 ) ) ;
#8290 = VECTOR ( 'NONE', #1116, 39.37007874015748100 ) ;
#8291 = CARTESIAN_POINT ( 'NONE',  ( -0.7566742686776338800, 1.025508191967476900, -0.1968503937007874100 ) ) ;
#8292 = CARTESIAN_POINT ( 'NONE',  ( 0.7499997401306206500, -0.05884212280250035500, 0.0000000000000000000 ) ) ;
#8293 = CARTESIAN_POINT ( 'NONE',  ( 0.1249949962596299800, -0.001118440903629921800, 0.7677165354330708300 ) ) ;
#8294 = CARTESIAN_POINT ( 'NONE',  ( 1.110236281231659100, 0.6927299607301763400, -0.1968503937007874400 ) ) ;
#8295 = CARTESIAN_POINT ( 'NONE',  ( -1.109374590528771500, 0.7016296763940590400, -0.5074365704286969400 ) ) ;
#8296 = EDGE_CURVE ( 'NONE', #6819, #3606, #7099, .T. ) ;
#8297 = CARTESIAN_POINT ( 'NONE',  ( 0.7500603502138086800, -1.079822295072447000, -2.992125984251968500 ) ) ;
#8298 = CARTESIAN_POINT ( 'NONE',  ( 0.0000000000000000000, 1.110236220472441000, -2.836849959802863800 ) ) ;
#8299 = CARTESIAN_POINT ( 'NONE',  ( -0.7528510366733464100, -1.018785567477366500, -2.992125984251968500 ) ) ;
#8300 = CARTESIAN_POINT ( 'NONE',  ( 1.067227259123866500, 1.047157685346666000, 0.0000000000000000000 ) ) ;
#8301 = ORIENTED_EDGE ( 'NONE', *, *, #4082, .F. ) ;
#8302 = CARTESIAN_POINT ( 'NONE',  ( -0.9028841459682126500, -1.028348482669716500, -0.1749781277340315400 ) ) ;
#8303 = CARTESIAN_POINT ( 'NONE',  ( -0.0000000000000000000, 1.137382512314492300, -2.879836632356223900 ) ) ;
#8304 = DIRECTION ( 'NONE',  ( -1.000000000000000000, 0.0000000000000000000, 0.0000000000000000000 ) ) ;
#8305 = CARTESIAN_POINT ( 'NONE',  ( 0.04413077472186249100, -0.1169541623807200100, -2.952755905511812000 ) ) ;
#8306 = ORIENTED_EDGE ( 'NONE', *, *, #7268, .T. ) ;
#8307 = CARTESIAN_POINT ( 'NONE',  ( 1.029023522214547600, 0.7593146768515431900, -1.128608923884515600 ) ) ;
#8308 = CARTESIAN_POINT ( 'NONE',  ( -0.7479053414235590200, 1.081314661062035700, -0.5074365704286969400 ) ) ;
#8309 = CARTESIAN_POINT ( 'NONE',  ( 0.1249997708871772700, -9.142683090267090500E-011, 0.3956692913385827000 ) ) ;
#8310 = CARTESIAN_POINT ( 'NONE',  ( 1.057192564065737600, -1.057192564065747100, -0.1968503937007875200 ) ) ;
#8311 = CARTESIAN_POINT ( 'NONE',  ( 0.1062754984738248600, 1.153937007874015700, -2.821233708526265100 ) ) ;
#8312 = CARTESIAN_POINT ( 'NONE',  ( -0.06056264711295793900, 0.1109895456831675200, 0.1968503937007874100 ) ) ;
#8313 = CARTESIAN_POINT ( 'NONE',  ( 0.07270040754172836500, -0.1062935698246890300, 0.7677165354330708300 ) ) ;
#8314 = EDGE_LOOP ( 'NONE', ( #439, #3720 ) ) ;
#8315 = CARTESIAN_POINT ( 'NONE',  ( 0.7441482841840275600, 1.083913278540055400, -0.1968503937007874100 ) ) ;
#8316 = CARTESIAN_POINT ( 'NONE',  ( -0.1251725047065984900, 0.01871959219484252400, -3.562992125984252300 ) ) ;
#8317 = CARTESIAN_POINT ( 'NONE',  ( -0.08507418187083402900, 0.09148105287393731900, 0.1968503937007874100 ) ) ;
#8318 = CARTESIAN_POINT ( 'NONE',  ( 0.7589879883973900100, -1.028952656870870200, -2.060367454068244600 ) ) ;
#8319 = CARTESIAN_POINT ( 'NONE',  ( 0.07270040754172836500, 0.1062935698246890300, 0.7751574803149606800 ) ) ;
#8320 = CARTESIAN_POINT ( 'NONE',  ( 1.047157685346666000, -1.067227259123866500, -0.1968503937007873000 ) ) ;
#8321 = CARTESIAN_POINT ( 'NONE',  ( 0.7738167753536416800, -0.7980368589790987100, -2.681539807524059500 ) ) ;
#8322 = ORIENTED_EDGE ( 'NONE', *, *, #712, .F. ) ;
#8323 = CARTESIAN_POINT ( 'NONE',  ( -1.081538273903763300, 0.7475806083234700600, -2.992125984251969000 ) ) ;
#8324 = CARTESIAN_POINT ( 'NONE',  ( 0.7475806083234708400, -1.081538273903767600, -2.992125984251968500 ) ) ;
ENDSEC;
END-ISO-10303-21;
