ISO-10303-21;
HEADER;
FILE_DESCRIPTION(('Open CASCADE Model'),'2;1');
FILE_NAME('Open CASCADE Shape Model','2026-09-23T10:59:28',('Author'),(
    'Open CASCADE'),'Open CASCADE STEP processor 7.9','Open CASCADE 7.9'
  ,'Unknown');
FILE_SCHEMA(('AUTOMOTIVE_DESIGN { 1 0 10303 214 1 1 1 1 }'));
ENDSEC;
DATA;
#1 = APPLICATION_PROTOCOL_DEFINITION('international standard',
  'automotive_design',2000,#2);
#2 = APPLICATION_CONTEXT(
  'core data for automotive mechanical design processes');
#3 = SHAPE_DEFINITION_REPRESENTATION(#4,#10);
#4 = PRODUCT_DEFINITION_SHAPE('','',#5);
#5 = PRODUCT_DEFINITION('design','',#6,#9);
#6 = PRODUCT_DEFINITION_FORMATION('','',#7);
#7 = PRODUCT('Open CASCADE STEP translator 7.9 1',
  'Open CASCADE STEP translator 7.9 1','',(#8));
#8 = PRODUCT_CONTEXT('',#2,'mechanical');
#9 = PRODUCT_DEFINITION_CONTEXT('part definition',#2,'design');
#10 = ADVANCED_BREP_SHAPE_REPRESENTATION('',(#11,#15),#3828);
#11 = AXIS2_PLACEMENT_3D('',#12,#13,#14);
#12 = CARTESIAN_POINT('',(0.,0.,0.));
#13 = DIRECTION('',(0.,0.,1.));
#14 = DIRECTION('',(1.,0.,-0.));
#15 = MANIFOLD_SOLID_BREP('',#16);
#16 = CLOSED_SHELL('',(#17,#752,#1018,#2245,#2480,#3096,#3102,#3127,
    #3182,#3207,#3232,#3257,#3317,#3404,#3430,#3458,#3465,#3575,#3630,
    #3699,#3746,#3793,#3818));
#17 = ADVANCED_FACE('',(#18),#33,.T.);
#18 = FACE_BOUND('',#19,.F.);
#19 = EDGE_LOOP('',(#20,#56,#84,#459,#487));
#20 = ORIENTED_EDGE('',*,*,#21,.F.);
#21 = EDGE_CURVE('',#22,#24,#26,.T.);
#22 = VERTEX_POINT('',#23);
#23 = CARTESIAN_POINT('',(2.338973637782,47.650438047704,-33.53291115449
    ));
#24 = VERTEX_POINT('',#25);
#25 = CARTESIAN_POINT('',(2.943039722124,32.561013698493,-33.53291115449
    ));
#26 = SURFACE_CURVE('',#27,(#32,#44),.PCURVE_S1.);
#27 = CIRCLE('',#28,8.);
#28 = AXIS2_PLACEMENT_3D('',#29,#30,#31);
#29 = CARTESIAN_POINT('',(0.,40.,-33.53291115449));
#30 = DIRECTION('',(0.,-0.,1.));
#31 = DIRECTION('',(0.292371704723,0.956304755963,0.));
#32 = PCURVE('',#33,#38);
#33 = CYLINDRICAL_SURFACE('',#34,8.);
#34 = AXIS2_PLACEMENT_3D('',#35,#36,#37);
#35 = CARTESIAN_POINT('',(0.,40.,-33.53291115449));
#36 = DIRECTION('',(0.,-0.,-1.));
#37 = DIRECTION('',(0.292371704723,0.956304755963,0.));
#38 = DEFINITIONAL_REPRESENTATION('',(#39),#43);
#39 = LINE('',#40,#41);
#40 = CARTESIAN_POINT('',(-0.,0.));
#41 = VECTOR('',#42,1.);
#42 = DIRECTION('',(-1.,0.));
#43 = ( GEOMETRIC_REPRESENTATION_CONTEXT(2) 
PARAMETRIC_REPRESENTATION_CONTEXT() REPRESENTATION_CONTEXT('2D SPACE',''
  ) );
#44 = PCURVE('',#45,#50);
#45 = PLANE('',#46);
#46 = AXIS2_PLACEMENT_3D('',#47,#48,#49);
#47 = CARTESIAN_POINT('',(7.105427357601E-15,40.,-33.53291115449));
#48 = DIRECTION('',(0.,0.,1.));
#49 = DIRECTION('',(0.292371704723,0.956304755963,0.));
#50 = DEFINITIONAL_REPRESENTATION('',(#51),#55);
#51 = CIRCLE('',#52,8.);
#52 = AXIS2_PLACEMENT_2D('',#53,#54);
#53 = CARTESIAN_POINT('',(-2.077425909325E-15,6.794953975224E-15));
#54 = DIRECTION('',(1.,0.));
#55 = ( GEOMETRIC_REPRESENTATION_CONTEXT(2) 
PARAMETRIC_REPRESENTATION_CONTEXT() REPRESENTATION_CONTEXT('2D SPACE',''
  ) );
#56 = ORIENTED_EDGE('',*,*,#57,.T.);
#57 = EDGE_CURVE('',#22,#58,#60,.T.);
#58 = VERTEX_POINT('',#59);
#59 = CARTESIAN_POINT('',(2.338973637782,47.650438047704,-26.64551770878
    ));
#60 = SURFACE_CURVE('',#61,(#65,#72),.PCURVE_S1.);
#61 = LINE('',#62,#63);
#62 = CARTESIAN_POINT('',(2.338973637782,47.650438047704,-33.53291115449
    ));
#63 = VECTOR('',#64,1.);
#64 = DIRECTION('',(0.,0.,1.));
#65 = PCURVE('',#33,#66);
#66 = DEFINITIONAL_REPRESENTATION('',(#67),#71);
#67 = LINE('',#68,#69);
#68 = CARTESIAN_POINT('',(-0.,0.));
#69 = VECTOR('',#70,1.);
#70 = DIRECTION('',(-0.,-1.));
#71 = ( GEOMETRIC_REPRESENTATION_CONTEXT(2) 
PARAMETRIC_REPRESENTATION_CONTEXT() REPRESENTATION_CONTEXT('2D SPACE',''
  ) );
#72 = PCURVE('',#73,#78);
#73 = CYLINDRICAL_SURFACE('',#74,8.);
#74 = AXIS2_PLACEMENT_3D('',#75,#76,#77);
#75 = CARTESIAN_POINT('',(0.,40.,-33.53291115449));
#76 = DIRECTION('',(0.,-0.,-1.));
#77 = DIRECTION('',(0.292371704723,0.956304755963,0.));
#78 = DEFINITIONAL_REPRESENTATION('',(#79),#83);
#79 = LINE('',#80,#81);
#80 = CARTESIAN_POINT('',(-6.28318530718,0.));
#81 = VECTOR('',#82,1.);
#82 = DIRECTION('',(-0.,-1.));
#83 = ( GEOMETRIC_REPRESENTATION_CONTEXT(2) 
PARAMETRIC_REPRESENTATION_CONTEXT() REPRESENTATION_CONTEXT('2D SPACE',''
  ) );
#84 = ORIENTED_EDGE('',*,*,#85,.F.);
#85 = EDGE_CURVE('',#86,#58,#88,.T.);
#86 = VERTEX_POINT('',#87);
#87 = CARTESIAN_POINT('',(2.338973637782,47.650438047704,-0.998747063096
    ));
#88 = SURFACE_CURVE('',#89,(#152,#218),.PCURVE_S1.);
#89 = B_SPLINE_CURVE_WITH_KNOTS('',7,(#90,#91,#92,#93,#94,#95,#96,#97,
    #98,#99,#100,#101,#102,#103,#104,#105,#106,#107,#108,#109,#110,#111,
    #112,#113,#114,#115,#116,#117,#118,#119,#120,#121,#122,#123,#124,
    #125,#126,#127,#128,#129,#130,#131,#132,#133,#134,#135,#136,#137,
    #138,#139,#140,#141,#142,#143,#144,#145,#146,#147,#148,#149,#150,
    #151),.UNSPECIFIED.,.F.,.F.,(8,6,6,6,6,6,6,6,6,6,8),(0.,
    0.125353971088,0.24732684373,0.310917658462,0.372791642767,
    0.496031420369,0.623712959849,0.746664712531,0.807830599446,
    0.872835356012,1.),.UNSPECIFIED.);
#90 = CARTESIAN_POINT('',(2.338973637782,47.650438047704,-0.998747063096
    ));
#91 = CARTESIAN_POINT('',(3.1946320683,47.388837012646,-1.461443343215)
  );
#92 = CARTESIAN_POINT('',(4.016733151595,47.015407948039,-1.92419055746)
  );
#93 = CARTESIAN_POINT('',(4.787055904146,46.535430216802,-2.386631280253
    ));
#94 = CARTESIAN_POINT('',(5.489309881355,45.957870720679,-2.848864925306
    ));
#95 = CARTESIAN_POINT('',(6.109244064925,45.294307721932,-3.311016629884
    ));
#96 = CARTESIAN_POINT('',(6.634719869255,44.558887464389,-3.773186326307
    ));
#97 = CARTESIAN_POINT('',(7.467544776698,42.999334285435,-4.68438941709)
  );
#98 = CARTESIAN_POINT('',(7.780726932219,42.177508161022,-5.133803915492
    ));
#99 = CARTESIAN_POINT('',(7.987896664513,41.318315212575,-5.582943045871
    ));
#100 = CARTESIAN_POINT('',(8.084140740376,40.438231768353,-6.03188746978
    ));
#101 = CARTESIAN_POINT('',(8.067509537785,39.55412292734,-6.480738895642
    ));
#102 = CARTESIAN_POINT('',(7.939046381014,38.683197300975,
    -6.929599456386));
#103 = CARTESIAN_POINT('',(7.58077414416,37.404022901817,-7.612008448352
    ));
#104 = CARTESIAN_POINT('',(7.428878262548,36.973749694162,
    -7.845832507302));
#105 = CARTESIAN_POINT('',(7.248501984401,36.55390371286,-8.079613357586
    ));
#106 = CARTESIAN_POINT('',(7.040515608705,36.146737281069,
    -8.313352278161));
#107 = CARTESIAN_POINT('',(6.806004624601,35.754408128491,
    -8.547056446341));
#108 = CARTESIAN_POINT('',(6.54626408577,35.378964246454,-8.780728984964
    ));
#109 = CARTESIAN_POINT('',(5.986995385087,34.675305095872,
    -9.241677479611));
#110 = CARTESIAN_POINT('',(5.688716544247,34.346070610122,
    -9.468967599838));
#111 = CARTESIAN_POINT('',(5.369349924954,34.036380203628,
    -9.696218925313));
#112 = CARTESIAN_POINT('',(5.030439613751,33.74784242417,-9.923433669456
    ));
#113 = CARTESIAN_POINT('',(4.673673769622,33.481911624988,
    -10.15061705504));
#114 = CARTESIAN_POINT('',(4.300875826995,33.239878907118,
    -10.37776964473));
#115 = CARTESIAN_POINT('',(3.143437113082,32.590584899997,
    -11.05723426826));
#116 = CARTESIAN_POINT('',(2.316658298307,32.257314682555,-11.5096406787
    ));
#117 = CARTESIAN_POINT('',(1.449470275503,32.032214928796,
    -11.96175403251));
#118 = CARTESIAN_POINT('',(0.55893074737,31.920700841309,-12.41365737094
    ));
#119 = CARTESIAN_POINT('',(-0.337428707331,31.925068871604,
    -12.8654753144));
#120 = CARTESIAN_POINT('',(-1.221701946066,32.044475357361,
    -13.31730325029));
#121 = CARTESIAN_POINT('',(-2.961528335543,32.512027582922,
    -14.23660818787));
#122 = CARTESIAN_POINT('',(-3.815667268873,32.868469283194,
    -14.7044688287));
#123 = CARTESIAN_POINT('',(-4.618807968686,33.338431021479,
    -15.17200085554));
#124 = CARTESIAN_POINT('',(-5.353160225599,33.912749658593,
    -15.63931704279));
#125 = CARTESIAN_POINT('',(-6.003112555702,34.579363334164,
    -16.10654332166));
#126 = CARTESIAN_POINT('',(-6.555277870937,35.323331666575,
    -16.57379573133));
#127 = CARTESIAN_POINT('',(-7.427837845539,36.900188956161,
    -17.49025948712));
#128 = CARTESIAN_POINT('',(-7.756433935763,37.729437805131,
    -17.93989025648));
#129 = CARTESIAN_POINT('',(-7.976488098344,38.598505896314,
    -18.38923238805));
#130 = CARTESIAN_POINT('',(-8.082671824317,39.490262011654,
    -18.8383771197));
#131 = CARTESIAN_POINT('',(-8.072800502446,40.387132501408,
    -19.28743814132));
#132 = CARTESIAN_POINT('',(-7.947825691831,41.271186807361,
    -19.73650699526));
#133 = CARTESIAN_POINT('',(-7.595703685408,42.549367867785,
    -20.4084953025));
#134 = CARTESIAN_POINT('',(-7.451433507454,42.966541829123,
    -20.63170790828));
#135 = CARTESIAN_POINT('',(-7.280442157309,43.374138527992,
    -20.85488103884));
#136 = CARTESIAN_POINT('',(-7.083503772969,43.770110878462,
    -21.07801591697));
#137 = CARTESIAN_POINT('',(-6.86158086298,44.152495722506,
    -21.30111794953));
#138 = CARTESIAN_POINT('',(-6.615819367766,44.519425064819,
    -21.52418912731));
#139 = CARTESIAN_POINT('',(-6.062452510816,45.240809942676,
    -21.98424886384));
#140 = CARTESIAN_POINT('',(-5.751916501255,45.593060021478,
    -22.22124719761));
#141 = CARTESIAN_POINT('',(-5.417543292209,45.923779944322,
    -22.45819910092));
#142 = CARTESIAN_POINT('',(-5.061144080678,46.231042641341,
    -22.69511387578));
#143 = CARTESIAN_POINT('',(-4.684690723969,46.513130493234,
    -22.93198779221));
#144 = CARTESIAN_POINT('',(-4.290335619402,46.768513313875,
    -23.16882688094));
#145 = CARTESIAN_POINT('',(-3.078457548298,47.440702916095,
    -23.86883928695));
#146 = CARTESIAN_POINT('',(-2.216444601525,47.778590224951,
    -24.33212875919));
#147 = CARTESIAN_POINT('',(-1.312122221928,47.999339265946,
    -24.79509053769));
#148 = CARTESIAN_POINT('',(-0.384674172869,48.09716957931,
    -25.25784426541));
#149 = CARTESIAN_POINT('',(0.546281176124,48.069895534214,-25.7205101791
    ));
#150 = CARTESIAN_POINT('',(1.460709667778,47.918950289754,
    -26.18320171148));
#151 = CARTESIAN_POINT('',(2.338973637782,47.650438047704,
    -26.64551770878));
#152 = PCURVE('',#33,#153);
#153 = DEFINITIONAL_REPRESENTATION('',(#154),#217);
#154 = B_SPLINE_CURVE_WITH_KNOTS('',7,(#155,#156,#157,#158,#159,#160,
    #161,#162,#163,#164,#165,#166,#167,#168,#169,#170,#171,#172,#173,
    #174,#175,#176,#177,#178,#179,#180,#181,#182,#183,#184,#185,#186,
    #187,#188,#189,#190,#191,#192,#193,#194,#195,#196,#197,#198,#199,
    #200,#201,#202,#203,#204,#205,#206,#207,#208,#209,#210,#211,#212,
    #213,#214,#215,#216),.UNSPECIFIED.,.F.,.F.,(8,6,6,6,6,6,6,6,6,6,8),(
    0.,0.125353971088,0.24732684373,0.310917658462,0.372791642767,
    0.496031420369,0.623712959849,0.746664712531,0.807830599446,
    0.872835356012,1.),.UNSPECIFIED.);
#155 = CARTESIAN_POINT('',(-6.28318530718,-32.5341640914));
#156 = CARTESIAN_POINT('',(-6.171340936284,-32.07146781128));
#157 = CARTESIAN_POINT('',(-6.059421017091,-31.60872059703));
#158 = CARTESIAN_POINT('',(-5.94751145171,-31.14627987424));
#159 = CARTESIAN_POINT('',(-5.835588523348,-30.68404622919));
#160 = CARTESIAN_POINT('',(-5.723623784217,-30.22189452461));
#161 = CARTESIAN_POINT('',(-5.61159312624,-29.75972482819));
#162 = CARTESIAN_POINT('',(-5.390593852894,-28.8485217374));
#163 = CARTESIAN_POINT('',(-5.281536124138,-28.399107239));
#164 = CARTESIAN_POINT('',(-5.172485833341,-27.94996810862));
#165 = CARTESIAN_POINT('',(-5.063422853602,-27.50102368471));
#166 = CARTESIAN_POINT('',(-4.954320015149,-27.05217225885));
#167 = CARTESIAN_POINT('',(-4.845157608467,-26.60331169811));
#168 = CARTESIAN_POINT('',(-4.679107628267,-25.92090270614));
#169 = CARTESIAN_POINT('',(-4.622195697148,-25.68707864719));
#170 = CARTESIAN_POINT('',(-4.565277704409,-25.45329779691));
#171 = CARTESIAN_POINT('',(-4.508352933988,-25.21955887633));
#172 = CARTESIAN_POINT('',(-4.451419991207,-24.98585470815));
#173 = CARTESIAN_POINT('',(-4.394478812387,-24.75218216953));
#174 = CARTESIAN_POINT('',(-4.282123511015,-24.29123367488));
#175 = CARTESIAN_POINT('',(-4.226706846296,-24.06394355466));
#176 = CARTESIAN_POINT('',(-4.171284655213,-23.83669222918));
#177 = CARTESIAN_POINT('',(-4.115856401962,-23.60947748504));
#178 = CARTESIAN_POINT('',(-4.060420694688,-23.38229409945));
#179 = CARTESIAN_POINT('',(-4.004977225237,-23.15514150976));
#180 = CARTESIAN_POINT('',(-3.839087244557,-22.47567688623));
#181 = CARTESIAN_POINT('',(-3.728571953465,-22.02327047579));
#182 = CARTESIAN_POINT('',(-3.618066407455,-21.57115712198));
#183 = CARTESIAN_POINT('',(-3.507548187986,-21.11925378355));
#184 = CARTESIAN_POINT('',(-3.39699070311,-20.66743584009));
#185 = CARTESIAN_POINT('',(-3.286370246974,-20.2156079042));
#186 = CARTESIAN_POINT('',(-3.061175853548,-19.29630296662));
#187 = CARTESIAN_POINT('',(-2.946503486082,-18.82844232579));
#188 = CARTESIAN_POINT('',(-2.831847148251,-18.36091029895));
#189 = CARTESIAN_POINT('',(-2.717178590475,-17.89359411169));
#190 = CARTESIAN_POINT('',(-2.602465233028,-17.42636783283));
#191 = CARTESIAN_POINT('',(-2.48767837743,-16.95911542316));
#192 = CARTESIAN_POINT('',(-2.262406325894,-16.04265166737));
#193 = CARTESIAN_POINT('',(-2.151822872275,-15.59302089801));
#194 = CARTESIAN_POINT('',(-2.041249098466,-15.14367876644));
#195 = CARTESIAN_POINT('',(-1.930663773332,-14.69453403479));
#196 = CARTESIAN_POINT('',(-1.820039662955,-14.24547301317));
#197 = CARTESIAN_POINT('',(-1.709352641692,-13.79640415923));
#198 = CARTESIAN_POINT('',(-1.543628061692,-13.12441585199));
#199 = CARTESIAN_POINT('',(-1.48856452346,-12.90120324621));
#200 = CARTESIAN_POINT('',(-1.433495404227,-12.67803011565));
#201 = CARTESIAN_POINT('',(-1.378420332609,-12.45489523752));
#202 = CARTESIAN_POINT('',(-1.323338025933,-12.23179320496));
#203 = CARTESIAN_POINT('',(-1.268248165878,-12.00872202718));
#204 = CARTESIAN_POINT('',(-1.154600476974,-11.54866229065));
#205 = CARTESIAN_POINT('',(-1.096038435057,-11.31166395687));
#206 = CARTESIAN_POINT('',(-1.037470335894,-11.07471205357));
#207 = CARTESIAN_POINT('',(-0.978896761263,-10.8377972787));
#208 = CARTESIAN_POINT('',(-0.920314370779,-10.60092336228));
#209 = CARTESIAN_POINT('',(-0.86172292233,-10.36408427355));
#210 = CARTESIAN_POINT('',(-0.688495862135,-9.664071867548));
#211 = CARTESIAN_POINT('',(-0.573781987925,-9.200782395304));
#212 = CARTESIAN_POINT('',(-0.45908525572,-8.737820616803));
#213 = CARTESIAN_POINT('',(-0.344377265178,-8.275066889079));
#214 = CARTESIAN_POINT('',(-0.229624736069,-7.812400975395));
#215 = CARTESIAN_POINT('',(-0.114799174182,-7.349709443015));
#216 = CARTESIAN_POINT('',(0.,-6.887393445718));
#217 = ( GEOMETRIC_REPRESENTATION_CONTEXT(2) 
PARAMETRIC_REPRESENTATION_CONTEXT() REPRESENTATION_CONTEXT('2D SPACE',''
  ) );
#218 = PCURVE('',#219,#394);
#219 = B_SPLINE_SURFACE_WITH_KNOTS('',8,1,(
    (#220,#221)
    ,(#222,#223)
    ,(#224,#225)
    ,(#226,#227)
    ,(#228,#229)
    ,(#230,#231)
    ,(#232,#233)
    ,(#234,#235)
    ,(#236,#237)
    ,(#238,#239)
    ,(#240,#241)
    ,(#242,#243)
    ,(#244,#245)
    ,(#246,#247)
    ,(#248,#249)
    ,(#250,#251)
    ,(#252,#253)
    ,(#254,#255)
    ,(#256,#257)
    ,(#258,#259)
    ,(#260,#261)
    ,(#262,#263)
    ,(#264,#265)
    ,(#266,#267)
    ,(#268,#269)
    ,(#270,#271)
    ,(#272,#273)
    ,(#274,#275)
    ,(#276,#277)
    ,(#278,#279)
    ,(#280,#281)
    ,(#282,#283)
    ,(#284,#285)
    ,(#286,#287)
    ,(#288,#289)
    ,(#290,#291)
    ,(#292,#293)
    ,(#294,#295)
    ,(#296,#297)
    ,(#298,#299)
    ,(#300,#301)
    ,(#302,#303)
    ,(#304,#305)
    ,(#306,#307)
    ,(#308,#309)
    ,(#310,#311)
    ,(#312,#313)
    ,(#314,#315)
    ,(#316,#317)
    ,(#318,#319)
    ,(#320,#321)
    ,(#322,#323)
    ,(#324,#325)
    ,(#326,#327)
    ,(#328,#329)
    ,(#330,#331)
    ,(#332,#333)
    ,(#334,#335)
    ,(#336,#337)
    ,(#338,#339)
    ,(#340,#341)
    ,(#342,#343)
    ,(#344,#345)
    ,(#346,#347)
    ,(#348,#349)
    ,(#350,#351)
    ,(#352,#353)
    ,(#354,#355)
    ,(#356,#357)
    ,(#358,#359)
    ,(#360,#361)
    ,(#362,#363)
    ,(#364,#365)
    ,(#366,#367)
    ,(#368,#369)
    ,(#370,#371)
    ,(#372,#373)
    ,(#374,#375)
    ,(#376,#377)
    ,(#378,#379)
    ,(#380,#381)
    ,(#382,#383)
    ,(#384,#385)
    ,(#386,#387)
    ,(#388,#389)
    ,(#390,#391)
    ,(#392,#393
    )),.UNSPECIFIED.,.F.,.F.,.F.,(9,6,6,6,6,6,6,6,6,6,6,6,6,6,9),(2,2),(
    -36.33291115449,-23.1873346099,-21.30939510353,-10.0417580653,
    -6.285879052565,3.103818479289,8.737636998401,16.249395023884,
    23.761153049367,29.39497156848,38.784669100334,42.540548113075,
    53.8081851513,55.686124657671,68.831701202267),(0.,1.),
  .UNSPECIFIED.);
#220 = CARTESIAN_POINT('',(0.361759267711,32.809093921332,
    -37.83291115449));
#221 = CARTESIAN_POINT('',(1.004886854752,20.025260892589,
    -37.83291115449));
#222 = CARTESIAN_POINT('',(3.331290211353,32.958109419636,
    -36.18971408642));
#223 = CARTESIAN_POINT('',(9.253265166782,20.439843791289,
    -36.18971408643));
#224 = CARTESIAN_POINT('',(6.223352269975,34.510780734491,
    -34.54651701833));
#225 = CARTESIAN_POINT('',(17.288554502297,24.749207940648,
    -34.54651701831));
#226 = CARTESIAN_POINT('',(8.270897933188,37.406657643784,
    -32.90331995029));
#227 = CARTESIAN_POINT('',(22.971554478976,32.802587182161,
    -32.90331995034));
#228 = CARTESIAN_POINT('',(8.73339429622,41.11788238342,-31.26012288218)
  );
#229 = CARTESIAN_POINT('',(24.263282839575,43.097631475183,
    -31.26012288212));
#230 = CARTESIAN_POINT('',(7.346192413461,44.559194891353,
    -29.61692581412));
#231 = CARTESIAN_POINT('',(20.403438242195,52.669588021841,
    -29.61692581416));
#232 = CARTESIAN_POINT('',(4.667970567904,46.8348290283,-27.97372874605)
  );
#233 = CARTESIAN_POINT('',(12.967428527981,58.983998523906,
    -27.97372874604));
#234 = CARTESIAN_POINT('',(1.077770424512,47.735193849531,
    -26.09578923968));
#235 = CARTESIAN_POINT('',(2.993714780859,61.486869148102,
    -26.09578923968));
#236 = CARTESIAN_POINT('',(-2.170254482944,46.887002528493,
    -24.21784973331));
#237 = CARTESIAN_POINT('',(-6.028549344319,59.130646652654,
    -24.21784973331));
#238 = CARTESIAN_POINT('',(-2.568796877425,46.754092049361,
    -23.98310729501));
#239 = CARTESIAN_POINT('',(-7.135596801921,58.761423922862,
    -23.98310729501));
#240 = CARTESIAN_POINT('',(-2.957807069042,46.594925888992,
    -23.74836485671));
#241 = CARTESIAN_POINT('',(-8.21615439983,58.319262633427,
    -23.74836485671));
#242 = CARTESIAN_POINT('',(-3.335278441039,46.410325093524,
    -23.51362241842));
#243 = CARTESIAN_POINT('',(-9.26464751838,57.806441944781,
    -23.51362241842));
#244 = CARTESIAN_POINT('',(-3.699289813494,46.201290643162,
    -23.27887998012));
#245 = CARTESIAN_POINT('',(-10.27574318289,57.225743989047,
    -23.27887998012));
#246 = CARTESIAN_POINT('',(-6.140423142313,44.575178699614,
    -21.63568291205));
#247 = CARTESIAN_POINT('',(-17.05638783907,52.708493164799,
    -21.63568291205));
#248 = CARTESIAN_POINT('',(-7.749548850816,41.873310815404,
    -19.99248584397));
#249 = CARTESIAN_POINT('',(-21.52821160702,45.205249249787,
    -19.99248584397));
#250 = CARTESIAN_POINT('',(-8.156458071569,39.05686369355,
    -18.58403121419));
#251 = CARTESIAN_POINT('',(-22.65261012733,37.376056994053,
    -18.58403121419));
#252 = CARTESIAN_POINT('',(-7.380955687933,36.219680122244,
    -17.17557658442));
#253 = CARTESIAN_POINT('',(-20.50715426411,29.503913258471,
    -17.17557658441));
#254 = CARTESIAN_POINT('',(-5.533399414142,33.949244181537,
    -15.76712195464));
#255 = CARTESIAN_POINT('',(-15.36849627959,23.18954613355,
    -15.76712195464));
#256 = CARTESIAN_POINT('',(-3.029902066433,32.639231443495,
    -14.35866732486));
#257 = CARTESIAN_POINT('',(-8.416539408424,19.554101813433,
    -14.35866732486));
#258 = CARTESIAN_POINT('',(0.511360031408,32.313032567951,
    -12.48072781849));
#259 = CARTESIAN_POINT('',(1.420432921575,18.647068712755,
    -12.48072781849));
#260 = CARTESIAN_POINT('',(3.562381731945,33.649423493002,
    -10.60278831212));
#261 = CARTESIAN_POINT('',(9.895433588086,22.359590707718,
    -10.60278831212));
#262 = CARTESIAN_POINT('',(4.278637523019,34.082612463893,
    -10.13330343552));
#263 = CARTESIAN_POINT('',(11.885087564298,23.562863120707,
    -10.13330343552));
#264 = CARTESIAN_POINT('',(4.933463483141,34.607169616967,
    -9.663818558936));
#265 = CARTESIAN_POINT('',(13.704154597594,25.019894164058,
    -9.663818558936));
#266 = CARTESIAN_POINT('',(5.513528216357,35.212690192743,
    -9.194333682344));
#267 = CARTESIAN_POINT('',(15.315533288725,26.701839057041,
    -9.194333682344));
#268 = CARTESIAN_POINT('',(6.007692090141,35.886512254621,
    -8.724848805751));
#269 = CARTESIAN_POINT('',(16.688174782174,28.573571793262,
    -8.724848805751));
#270 = CARTESIAN_POINT('',(7.406687812344,38.433834100385,
    -7.081651737676));
#271 = CARTESIAN_POINT('',(20.573430785431,35.649707982433,
    -7.081651737676));
#272 = CARTESIAN_POINT('',(7.576158986914,41.455113015262,
    -5.438454669602));
#273 = CARTESIAN_POINT('',(21.046191367531,44.041778868902,
    -5.438454669602));
#274 = CARTESIAN_POINT('',(6.982199215617,43.614895041529,-4.26474247812
    ));
#275 = CARTESIAN_POINT('',(19.392766137562,50.041928906219,
    -4.26474247812));
#276 = CARTESIAN_POINT('',(5.688887870303,45.498211184054,
    -3.091030286638));
#277 = CARTESIAN_POINT('',(15.80398598511,55.271770540787,
    -3.091030286639));
#278 = CARTESIAN_POINT('',(3.852540344114,46.847388961272,
    -1.917318095157));
#279 = CARTESIAN_POINT('',(10.701048954877,59.021549220141,
    -1.917318095157));
#280 = CARTESIAN_POINT('',(1.726075302049,47.512174200241,
    -0.743605903675));
#281 = CARTESIAN_POINT('',(4.794882013486,60.866702289585,
    -0.743605903674));
#282 = CARTESIAN_POINT('',(-1.703367905315,47.44634471791,1.134333602696
    ));
#283 = CARTESIAN_POINT('',(-4.731877022663,60.684596242226,
    1.134333602695));
#284 = CARTESIAN_POINT('',(-4.577108644366,45.788172051792,
    3.012273109067));
#285 = CARTESIAN_POINT('',(-12.71407597953,56.078114521994,
    3.012273109067));
#286 = CARTESIAN_POINT('',(-5.526069982232,44.960560677377,
    3.716500423956));
#287 = CARTESIAN_POINT('',(-15.35005416243,53.779398692318,
    3.716500423956));
#288 = CARTESIAN_POINT('',(-6.300870833057,43.958946377384,
    4.420727738845));
#289 = CARTESIAN_POINT('',(-17.50230752917,50.997143104908,
    4.420727738845));
#290 = CARTESIAN_POINT('',(-6.865740484571,42.826981037124,
    5.124955053734));
#291 = CARTESIAN_POINT('',(-19.07155851833,47.852759807301,
    5.124955053734));
#292 = CARTESIAN_POINT('',(-7.19843934214,41.616286764162,5.829182368623
    ));
#293 = CARTESIAN_POINT('',(-19.99603800551,44.489587437837,
    5.829182368623));
#294 = CARTESIAN_POINT('',(-7.416574249225,38.734132402052,
    7.472379436697));
#295 = CARTESIAN_POINT('',(-20.60087139616,36.483861246277,
    7.472379436697));
#296 = CARTESIAN_POINT('',(-6.366508377359,36.004108189486,
    9.115576504772));
#297 = CARTESIAN_POINT('',(-17.68543600906,28.90011962264,9.115576504772
    ));
#298 = CARTESIAN_POINT('',(-5.369327999746,34.617540957187,
    10.054546257957));
#299 = CARTESIAN_POINT('',(-14.91428824954,25.048902107761,
    10.054546257957));
#300 = CARTESIAN_POINT('',(-4.03418766553,33.52245047077,10.993516011142
    ));
#301 = CARTESIAN_POINT('',(-11.20607123076,22.006970888003,
    10.993516011142));
#302 = CARTESIAN_POINT('',(-2.463869066602,32.810243834546,
    11.932485764328));
#303 = CARTESIAN_POINT('',(-6.843889999299,20.0281323508,11.932485764328
    ));
#304 = CARTESIAN_POINT('',(-0.786171351428,32.527789137891,
    12.871455517513));
#305 = CARTESIAN_POINT('',(-2.184058775431,19.244050863068,
    12.871455517514));
#306 = CARTESIAN_POINT('',(2.523423510158,32.820105876202,
    14.749395023884));
#307 = CARTESIAN_POINT('',(7.009666809013,20.055545572063,
    14.749395023883));
#308 = CARTESIAN_POINT('',(5.282400221768,34.659041935085,
    16.627334530255));
#309 = CARTESIAN_POINT('',(14.673318499111,25.164312277675,
    16.627334530256));
#310 = CARTESIAN_POINT('',(6.409479786966,35.923206559002,17.56630428344
    ));
#311 = CARTESIAN_POINT('',(17.804267368714,28.675273251893,
    17.56630428344));
#312 = CARTESIAN_POINT('',(7.184921455961,37.449290179819,
    18.505274036625));
#313 = CARTESIAN_POINT('',(19.957991733958,32.914770716348,
    18.505274036626));
#314 = CARTESIAN_POINT('',(7.543026670344,39.120883439289,
    19.444243789811));
#315 = CARTESIAN_POINT('',(20.952425967984,37.557679393988,
    19.444243789811));
#316 = CARTESIAN_POINT('',(7.465101013839,40.805788369156,
    20.383213542997));
#317 = CARTESIAN_POINT('',(20.736886795435,42.238734890768,
    20.383213542997));
#318 = CARTESIAN_POINT('',(6.616014024888,43.561926794313,22.02641061107
    ));
#319 = CARTESIAN_POINT('',(18.377344221811,49.893805746045,
    22.026410611071));
#320 = CARTESIAN_POINT('',(4.711652871953,45.669337749691,
    23.669607679145));
#321 = CARTESIAN_POINT('',(13.088164982766,55.748356725775,
    23.669607679145));
#322 = CARTESIAN_POINT('',(3.728729001125,46.410896862133,
    24.373834994035));
#323 = CARTESIAN_POINT('',(10.357592662728,57.808112892183,
    24.373834994034));
#324 = CARTESIAN_POINT('',(2.616824619688,46.955228224747,
    25.078062308924));
#325 = CARTESIAN_POINT('',(7.268863557245,59.320051493414,
    25.078062308924));
#326 = CARTESIAN_POINT('',(1.422775947097,47.277821277214,
    25.782289623813));
#327 = CARTESIAN_POINT('',(3.952045154586,60.216114456902,
    25.782289623813));
#328 = CARTESIAN_POINT('',(0.198077137274,47.367767487704,
    26.486516938702));
#329 = CARTESIAN_POINT('',(0.550254697321,60.465872067413,
    26.486516938702));
#330 = CARTESIAN_POINT('',(-3.012599189187,46.995125398914,
    28.364456445072));
#331 = CARTESIAN_POINT('',(-8.36839181076,59.431233644541,28.36445644507
    ));
#332 = CARTESIAN_POINT('',(-5.74107329025,45.098335561621,
    30.242395951443));
#333 = CARTESIAN_POINT('',(-15.94725367478,54.161708176261,
    30.242395951448));
#334 = CARTESIAN_POINT('',(-7.039886671403,43.388553720598,
    31.416108142925));
#335 = CARTESIAN_POINT('',(-19.5556253231,49.41337158141,31.416108142919
    ));
#336 = CARTESIAN_POINT('',(-7.746739680399,41.321197409519,
    32.589820334408));
#337 = CARTESIAN_POINT('',(-21.51882851004,43.668625365574,
    32.589820334408));
#338 = CARTESIAN_POINT('',(-7.761294913671,39.13964971223,
    33.763532525889));
#339 = CARTESIAN_POINT('',(-21.55845680351,37.611662355417,
    33.76353252589));
#340 = CARTESIAN_POINT('',(-7.105315478998,37.107687996386,
    34.937244717368));
#341 = CARTESIAN_POINT('',(-19.7374585604,31.965019002241,34.93724471737
    ));
#342 = CARTESIAN_POINT('',(-5.42249696809,34.763916777299,
    36.580441785446));
#343 = CARTESIAN_POINT('',(-15.06227017372,25.455734213743,
    36.580441785444));
#344 = CARTESIAN_POINT('',(-3.020355919475,33.383025362909,
    38.223638853519));
#345 = CARTESIAN_POINT('',(-8.389902440671,21.619430240195,
    38.223638853519));
#346 = CARTESIAN_POINT('',(-2.286865595813,33.075443387763,
    38.693123730111));
#347 = CARTESIAN_POINT('',(-6.352441601758,20.765009042332,
    38.693123730112));
#348 = CARTESIAN_POINT('',(-1.519155052996,32.861247957948,
    39.162608606704));
#349 = CARTESIAN_POINT('',(-4.219901256414,20.170078922119,
    39.162608606705));
#350 = CARTESIAN_POINT('',(-0.731171436489,32.744538237972,
    39.632093483297));
#351 = CARTESIAN_POINT('',(-2.031048158665,19.845962098428,
    39.632093483298));
#352 = CARTESIAN_POINT('',(6.266864725019E-02,32.726890221408,
    40.10157835989));
#353 = CARTESIAN_POINT('',(0.174069480992,19.796978778035,40.10157835989
    ));
#354 = CARTESIAN_POINT('',(3.204156040988,33.048732576352,
    41.979517866261));
#355 = CARTESIAN_POINT('',(8.9005506379,20.690823181486,41.979517866257)
  );
#356 = CARTESIAN_POINT('',(5.990705874552,34.886929984784,
    43.857457372631));
#357 = CARTESIAN_POINT('',(16.640618805276,25.797394268156,
    43.857457372639));
#358 = CARTESIAN_POINT('',(7.510651092568,37.028444568332,
    45.265912002408));
#359 = CARTESIAN_POINT('',(20.863184780567,31.743653026396,
    45.265912002399));
#360 = CARTESIAN_POINT('',(8.139670940748,39.649693864646,
    46.674366632187));
#361 = CARTESIAN_POINT('',(22.610230379183,39.030670912756,
    46.674366632193));
#362 = CARTESIAN_POINT('',(7.731900821654,42.309920842051,
    48.082821261976));
#363 = CARTESIAN_POINT('',(21.477237622306,46.4132058373,48.082821261967
    ));
#364 = CARTESIAN_POINT('',(6.410282927227,44.556753104808,
    49.491275891733));
#365 = CARTESIAN_POINT('',(17.806521076798,52.658861830682,
    49.491275891743));
#366 = CARTESIAN_POINT('',(4.148309576558,46.360416245611,
    51.134472959823));
#367 = CARTESIAN_POINT('',(11.523021487142,57.66760160374,
    51.134472959818));
#368 = CARTESIAN_POINT('',(1.523924913101,47.055158535677,
    52.777670027893));
#369 = CARTESIAN_POINT('',(4.233124571412,59.59761019744,52.777670027893
    ));
#370 = CARTESIAN_POINT('',(1.143245321092,47.13126994283,53.012412466189
    ));
#371 = CARTESIAN_POINT('',(3.175689349311,59.809061710071,
    53.012412466189));
#372 = CARTESIAN_POINT('',(0.758467982255,47.183872255467,
    53.247154904485));
#373 = CARTESIAN_POINT('',(2.10686827529,59.955206976747,53.247154904486
    ));
#374 = CARTESIAN_POINT('',(0.371289448849,47.212735727696,
    53.481897342781));
#375 = CARTESIAN_POINT('',(1.031372989428,60.0354057398,53.481897342782)
  );
#376 = CARTESIAN_POINT('',(-1.658229197168E-02,47.217776146356,
    53.716639781077));
#377 = CARTESIAN_POINT('',(-4.605211695955E-02,60.049424464395,
    53.716639781078));
#378 = CARTESIAN_POINT('',(-3.111471876887,47.068011188107,
    55.594579287448));
#379 = CARTESIAN_POINT('',(-8.643018413377,59.633496628828,
    55.594579287449));
#380 = CARTESIAN_POINT('',(-6.033903050086,45.410744710469,
    57.472518793826));
#381 = CARTESIAN_POINT('',(-16.76076826847,55.028984834756,
    57.472518793818));
#382 = CARTESIAN_POINT('',(-7.881338703055,42.877225921703,
    59.115715861901));
#383 = CARTESIAN_POINT('',(-21.89270338127,47.994859226753,
    59.115715861906));
#384 = CARTESIAN_POINT('',(-8.488561554336,39.677560031782,
    60.758912929922));
#385 = CARTESIAN_POINT('',(-23.57926760611,39.100671416748,
    60.758912929947));
#386 = CARTESIAN_POINT('',(-7.630894374591,36.543298051688,
    62.402109998113));
#387 = CARTESIAN_POINT('',(-21.19695657121,30.401029122661,
    62.402109998062));
#388 = CARTESIAN_POINT('',(-5.615412682282,34.180800687597,
    64.04530706607));
#389 = CARTESIAN_POINT('',(-15.59836418522,23.834183783914,
    64.045307066109));
#390 = CARTESIAN_POINT('',(-2.993272742786,32.927727165568,
    65.688504134206));
#391 = CARTESIAN_POINT('',(-8.314646213173,20.355095773988,
    65.688504134194));
#392 = CARTESIAN_POINT('',(-0.324961386896,32.807337064965,
    67.331701202267));
#393 = CARTESIAN_POINT('',(-0.902670519156,20.020380736014,
    67.331701202267));
#394 = DEFINITIONAL_REPRESENTATION('',(#395),#458);
#395 = B_SPLINE_CURVE_WITH_KNOTS('',7,(#396,#397,#398,#399,#400,#401,
    #402,#403,#404,#405,#406,#407,#408,#409,#410,#411,#412,#413,#414,
    #415,#416,#417,#418,#419,#420,#421,#422,#423,#424,#425,#426,#427,
    #428,#429,#430,#431,#432,#433,#434,#435,#436,#437,#438,#439,#440,
    #441,#442,#443,#444,#445,#446,#447,#448,#449,#450,#451,#452,#453,
    #454,#455,#456,#457),.UNSPECIFIED.,.F.,.F.,(8,6,6,6,6,6,6,6,6,6,8),(
    0.,0.125353971088,0.24732684373,0.310917658462,0.372791642767,
    0.496031420369,0.623712959849,0.746664712531,0.807830599446,
    0.872835356012,1.),.UNSPECIFIED.);
#396 = CARTESIAN_POINT('',(0.501252936904,6.250035966561E-02));
#397 = CARTESIAN_POINT('',(3.855665678452E-02,6.250062210567E-02));
#398 = CARTESIAN_POINT('',(-0.424190557459,6.250090590044E-02));
#399 = CARTESIAN_POINT('',(-0.886631280255,6.250098458072E-02));
#400 = CARTESIAN_POINT('',(-1.348864925305,6.250032989401E-02));
#401 = CARTESIAN_POINT('',(-1.811016629884,6.249914297603E-02));
#402 = CARTESIAN_POINT('',(-2.273186326307,6.249848023357E-02));
#403 = CARTESIAN_POINT('',(-3.18438941709,6.249859778895E-02));
#404 = CARTESIAN_POINT('',(-3.633803915492,6.24993524049E-02));
#405 = CARTESIAN_POINT('',(-4.082943045871,6.250096889493E-02));
#406 = CARTESIAN_POINT('',(-4.531887469781,6.250325072726E-02));
#407 = CARTESIAN_POINT('',(-4.980738895642,6.250398164879E-02));
#408 = CARTESIAN_POINT('',(-5.429599456386,6.250046720686E-02));
#409 = CARTESIAN_POINT('',(-6.112008448352,6.249686798135E-02));
#410 = CARTESIAN_POINT('',(-6.345832507302,6.249542051346E-02));
#411 = CARTESIAN_POINT('',(-6.579613357586,6.249728328162E-02));
#412 = CARTESIAN_POINT('',(-6.813352278161,6.249961928103E-02));
#413 = CARTESIAN_POINT('',(-7.047056446341,6.25007310844E-02));
#414 = CARTESIAN_POINT('',(-7.280728984964,6.250168821906E-02));
#415 = CARTESIAN_POINT('',(-7.741677479611,6.250246328229E-02));
#416 = CARTESIAN_POINT('',(-7.968967599838,6.250237833782E-02));
#417 = CARTESIAN_POINT('',(-8.196218925312,6.250188036522E-02));
#418 = CARTESIAN_POINT('',(-8.423433669456,6.250118331632E-02));
#419 = CARTESIAN_POINT('',(-8.650617055048,6.250047253651E-02));
#420 = CARTESIAN_POINT('',(-8.877769644732,6.24998398509E-02));
#421 = CARTESIAN_POINT('',(-9.557234268261,6.249835083549E-02));
#422 = CARTESIAN_POINT('',(-10.0096406787,6.249776342379E-02));
#423 = CARTESIAN_POINT('',(-10.46175403251,6.249842456859E-02));
#424 = CARTESIAN_POINT('',(-10.91365737094,6.250077137675E-02));
#425 = CARTESIAN_POINT('',(-11.3654753144,6.250050808327E-02));
#426 = CARTESIAN_POINT('',(-11.81730325029,6.250058774338E-02));
#427 = CARTESIAN_POINT('',(-12.73660818787,6.250014105789E-02));
#428 = CARTESIAN_POINT('',(-13.2044688287,6.249975203563E-02));
#429 = CARTESIAN_POINT('',(-13.67200085554,6.249952805604E-02));
#430 = CARTESIAN_POINT('',(-14.13931704279,6.249996442482E-02));
#431 = CARTESIAN_POINT('',(-14.60654332166,6.250066150895E-02));
#432 = CARTESIAN_POINT('',(-15.07379573133,6.25010032444E-02));
#433 = CARTESIAN_POINT('',(-15.99025948712,6.250080276688E-02));
#434 = CARTESIAN_POINT('',(-16.43989025648,6.250028501384E-02));
#435 = CARTESIAN_POINT('',(-16.88923238805,6.249928567403E-02));
#436 = CARTESIAN_POINT('',(-17.3383771197,6.249794064362E-02));
#437 = CARTESIAN_POINT('',(-17.78743814132,6.24975505517E-02));
#438 = CARTESIAN_POINT('',(-18.23650699526,6.249841888463E-02));
#439 = CARTESIAN_POINT('',(-18.9084953025,6.250034262435E-02));
#440 = CARTESIAN_POINT('',(-19.13170790828,6.250108637064E-02));
#441 = CARTESIAN_POINT('',(-19.35488103884,6.250183484902E-02));
#442 = CARTESIAN_POINT('',(-19.57801591697,6.25024326415E-02));
#443 = CARTESIAN_POINT('',(-19.80111794953,6.250267182032E-02));
#444 = CARTESIAN_POINT('',(-20.02418912731,6.25023885511E-02));
#445 = CARTESIAN_POINT('',(-20.48424886384,6.250087194004E-02));
#446 = CARTESIAN_POINT('',(-20.72124719761,6.249926501168E-02));
#447 = CARTESIAN_POINT('',(-20.95819910092,6.249911123119E-02));
#448 = CARTESIAN_POINT('',(-21.19511387578,6.249389300438E-02));
#449 = CARTESIAN_POINT('',(-21.43198779221,6.249697917009E-02));
#450 = CARTESIAN_POINT('',(-21.66882688094,6.249822609036E-02));
#451 = CARTESIAN_POINT('',(-22.36883928695,6.250219204648E-02));
#452 = CARTESIAN_POINT('',(-22.83212875919,6.250433134338E-02));
#453 = CARTESIAN_POINT('',(-23.29509053769,6.250015128664E-02));
#454 = CARTESIAN_POINT('',(-23.75784426541,6.250014751137E-02));
#455 = CARTESIAN_POINT('',(-24.2205101791,6.24985866041E-02));
#456 = CARTESIAN_POINT('',(-24.68320171148,6.249865395319E-02));
#457 = CARTESIAN_POINT('',(-25.14551770878,6.249898068924E-02));
#458 = ( GEOMETRIC_REPRESENTATION_CONTEXT(2) 
PARAMETRIC_REPRESENTATION_CONTEXT() REPRESENTATION_CONTEXT('2D SPACE',''
  ) );
#459 = ORIENTED_EDGE('',*,*,#460,.F.);
#460 = EDGE_CURVE('',#461,#86,#463,.T.);
#461 = VERTEX_POINT('',#462);
#462 = CARTESIAN_POINT('',(2.338973637782,47.650438047704,
    -23.64551770878));
#463 = SURFACE_CURVE('',#464,(#468,#475),.PCURVE_S1.);
#464 = LINE('',#465,#466);
#465 = CARTESIAN_POINT('',(2.338973637782,47.650438047704,
    -33.53291115449));
#466 = VECTOR('',#467,1.);
#467 = DIRECTION('',(0.,0.,1.));
#468 = PCURVE('',#33,#469);
#469 = DEFINITIONAL_REPRESENTATION('',(#470),#474);
#470 = LINE('',#471,#472);
#471 = CARTESIAN_POINT('',(-6.28318530718,0.));
#472 = VECTOR('',#473,1.);
#473 = DIRECTION('',(-0.,-1.));
#474 = ( GEOMETRIC_REPRESENTATION_CONTEXT(2) 
PARAMETRIC_REPRESENTATION_CONTEXT() REPRESENTATION_CONTEXT('2D SPACE',''
  ) );
#475 = PCURVE('',#476,#481);
#476 = CYLINDRICAL_SURFACE('',#477,8.);
#477 = AXIS2_PLACEMENT_3D('',#478,#479,#480);
#478 = CARTESIAN_POINT('',(0.,40.,-33.53291115449));
#479 = DIRECTION('',(0.,-0.,-1.));
#480 = DIRECTION('',(0.292371704723,0.956304755963,0.));
#481 = DEFINITIONAL_REPRESENTATION('',(#482),#486);
#482 = LINE('',#483,#484);
#483 = CARTESIAN_POINT('',(-0.,0.));
#484 = VECTOR('',#485,1.);
#485 = DIRECTION('',(-0.,-1.));
#486 = ( GEOMETRIC_REPRESENTATION_CONTEXT(2) 
PARAMETRIC_REPRESENTATION_CONTEXT() REPRESENTATION_CONTEXT('2D SPACE',''
  ) );
#487 = ORIENTED_EDGE('',*,*,#488,.T.);
#488 = EDGE_CURVE('',#461,#24,#489,.T.);
#489 = SURFACE_CURVE('',#490,(#517,#547),.PCURVE_S1.);
#490 = B_SPLINE_CURVE_WITH_KNOTS('',7,(#491,#492,#493,#494,#495,#496,
    #497,#498,#499,#500,#501,#502,#503,#504,#505,#506,#507,#508,#509,
    #510,#511,#512,#513,#514,#515,#516),.UNSPECIFIED.,.F.,.F.,(8,6,6,6,8
    ),(0.,0.241807093057,0.488711523159,0.741486597091,1.),
  .UNSPECIFIED.);
#491 = CARTESIAN_POINT('',(2.338973637782,47.650438047704,
    -23.64551770878));
#492 = CARTESIAN_POINT('',(3.075575154872,47.425236363921,-24.0332629387
    ));
#493 = CARTESIAN_POINT('',(3.787213355297,47.117190545286,
    -24.42099451446));
#494 = CARTESIAN_POINT('',(4.462375442106,46.729674819291,
    -24.80854445661));
#495 = CARTESIAN_POINT('',(5.090534973924,46.268042793311,
    -25.19595475676));
#496 = CARTESIAN_POINT('',(5.662218017871,45.739177295563,
    -25.58329086587));
#497 = CARTESIAN_POINT('',(6.169066757957,45.151444462139,
    -25.97059542968));
#498 = CARTESIAN_POINT('',(7.048702646083,43.864698631201,
    -26.75297259953));
#499 = CARTESIAN_POINT('',(7.418659932489,43.163277069772,-27.148233807)
  );
#500 = CARTESIAN_POINT('',(7.706806658276,42.421022240719,
    -27.54330297767));
#501 = CARTESIAN_POINT('',(7.907983417666,41.649448330324,
    -27.93822610399));
#502 = CARTESIAN_POINT('',(8.018963023267,40.860639257433,
    -28.33307047656));
#503 = CARTESIAN_POINT('',(8.038480034065,40.067180147226,
    -28.72788334199));
#504 = CARTESIAN_POINT('',(7.895248287991,38.477947617983,
    -29.52645893553));
#505 = CARTESIAN_POINT('',(7.728114108846,37.682117335255,
    -29.93043764589));
#506 = CARTESIAN_POINT('',(7.46737565109,36.908214150527,-30.33420589913
    ));
#507 = CARTESIAN_POINT('',(7.116709247699,36.169339942419,
    -30.73781965506));
#508 = CARTESIAN_POINT('',(6.681826731202,35.477698232404,
    -31.14135689787));
#509 = CARTESIAN_POINT('',(6.170438938637,34.844523004688,
    -31.54487077042));
#510 = CARTESIAN_POINT('',(5.001429660439,33.701670262943,-32.3605876643
    ));
#511 = CARTESIAN_POINT('',(4.340391476101,33.194769994324,-32.7730315793
    ));
#512 = CARTESIAN_POINT('',(3.619891263011,32.769352069446,-33.1852454376
    ));
#513 = CARTESIAN_POINT('',(2.852113281368,32.433486459627,
    -33.59729168965));
#514 = CARTESIAN_POINT('',(2.050277617672,32.193060743685,
    -34.00925850759));
#515 = CARTESIAN_POINT('',(1.228599510669,32.05169110604,-34.42122304022
    ));
#516 = CARTESIAN_POINT('',(0.401954741901,32.010104357035,
    -34.83291115449));
#517 = PCURVE('',#33,#518);
#518 = DEFINITIONAL_REPRESENTATION('',(#519),#546);
#519 = B_SPLINE_CURVE_WITH_KNOTS('',7,(#520,#521,#522,#523,#524,#525,
    #526,#527,#528,#529,#530,#531,#532,#533,#534,#535,#536,#537,#538,
    #539,#540,#541,#542,#543,#544,#545),.UNSPECIFIED.,.F.,.F.,(8,6,6,6,8
    ),(0.,0.241807093057,0.488711523159,0.741486597091,1.),
  .UNSPECIFIED.);
#520 = CARTESIAN_POINT('',(-6.28318530718,-9.887393445719));
#521 = CARTESIAN_POINT('',(-6.1869030404,-9.499648215794));
#522 = CARTESIAN_POINT('',(-6.090577176531,-9.111916640037));
#523 = CARTESIAN_POINT('',(-5.994249412042,-8.724366697885));
#524 = CARTESIAN_POINT('',(-5.89790996926,-8.336956397735));
#525 = CARTESIAN_POINT('',(-5.801543425084,-7.949620288625));
#526 = CARTESIAN_POINT('',(-5.705139143121,-7.562315724815));
#527 = CARTESIAN_POINT('',(-5.510304512556,-6.779938554966));
#528 = CARTESIAN_POINT('',(-5.411825242506,-6.384677347498));
#529 = CARTESIAN_POINT('',(-5.313345737729,-5.989608176827));
#530 = CARTESIAN_POINT('',(-5.214853940368,-5.594685050504));
#531 = CARTESIAN_POINT('',(-5.116332374999,-5.199840677931));
#532 = CARTESIAN_POINT('',(-5.017769350699,-4.8050278125));
#533 = CARTESIAN_POINT('',(-4.818310106543,-4.006452218965));
#534 = CARTESIAN_POINT('',(-4.717357591878,-3.602473508606));
#535 = CARTESIAN_POINT('',(-4.616406754393,-3.198705255363));
#536 = CARTESIAN_POINT('',(-4.515444466793,-2.795091499437));
#537 = CARTESIAN_POINT('',(-4.414451600805,-2.391554256621));
#538 = CARTESIAN_POINT('',(-4.313413823309,-1.988040384072));
#539 = CARTESIAN_POINT('',(-4.109059081124,-1.172323490198));
#540 = CARTESIAN_POINT('',(-4.005679422451,-0.759879575198));
#541 = CARTESIAN_POINT('',(-3.90230321278,-0.347665716892));
#542 = CARTESIAN_POINT('',(-3.798915005256,6.438053515521E-02));
#543 = CARTESIAN_POINT('',(-3.69549333794,0.4763473531));
#544 = CARTESIAN_POINT('',(-3.592025405775,0.888311885731));
#545 = CARTESIAN_POINT('',(-3.488564133475,1.3));
#546 = ( GEOMETRIC_REPRESENTATION_CONTEXT(2) 
PARAMETRIC_REPRESENTATION_CONTEXT() REPRESENTATION_CONTEXT('2D SPACE',''
  ) );
#547 = PCURVE('',#548,#723);
#548 = B_SPLINE_SURFACE_WITH_KNOTS('',8,1,(
    (#549,#550)
    ,(#551,#552)
    ,(#553,#554)
    ,(#555,#556)
    ,(#557,#558)
    ,(#559,#560)
    ,(#561,#562)
    ,(#563,#564)
    ,(#565,#566)
    ,(#567,#568)
    ,(#569,#570)
    ,(#571,#572)
    ,(#573,#574)
    ,(#575,#576)
    ,(#577,#578)
    ,(#579,#580)
    ,(#581,#582)
    ,(#583,#584)
    ,(#585,#586)
    ,(#587,#588)
    ,(#589,#590)
    ,(#591,#592)
    ,(#593,#594)
    ,(#595,#596)
    ,(#597,#598)
    ,(#599,#600)
    ,(#601,#602)
    ,(#603,#604)
    ,(#605,#606)
    ,(#607,#608)
    ,(#609,#610)
    ,(#611,#612)
    ,(#613,#614)
    ,(#615,#616)
    ,(#617,#618)
    ,(#619,#620)
    ,(#621,#622)
    ,(#623,#624)
    ,(#625,#626)
    ,(#627,#628)
    ,(#629,#630)
    ,(#631,#632)
    ,(#633,#634)
    ,(#635,#636)
    ,(#637,#638)
    ,(#639,#640)
    ,(#641,#642)
    ,(#643,#644)
    ,(#645,#646)
    ,(#647,#648)
    ,(#649,#650)
    ,(#651,#652)
    ,(#653,#654)
    ,(#655,#656)
    ,(#657,#658)
    ,(#659,#660)
    ,(#661,#662)
    ,(#663,#664)
    ,(#665,#666)
    ,(#667,#668)
    ,(#669,#670)
    ,(#671,#672)
    ,(#673,#674)
    ,(#675,#676)
    ,(#677,#678)
    ,(#679,#680)
    ,(#681,#682)
    ,(#683,#684)
    ,(#685,#686)
    ,(#687,#688)
    ,(#689,#690)
    ,(#691,#692)
    ,(#693,#694)
    ,(#695,#696)
    ,(#697,#698)
    ,(#699,#700)
    ,(#701,#702)
    ,(#703,#704)
    ,(#705,#706)
    ,(#707,#708)
    ,(#709,#710)
    ,(#711,#712)
    ,(#713,#714)
    ,(#715,#716)
    ,(#717,#718)
    ,(#719,#720)
    ,(#721,#722
    )),.UNSPECIFIED.,.F.,.F.,.F.,(9,6,6,6,6,6,6,6,6,6,6,6,6,6,9),(2,2),(
    -36.33291115449,-23.1873346099,-21.30939510353,-10.0417580653,
    -6.285879052565,3.103818479289,8.737636998401,16.249395023884,
    23.761153049367,29.39497156848,38.784669100334,42.540548113075,
    53.8081851513,55.686124657671,68.831701202267),(0.,1.),
  .UNSPECIFIED.);
#549 = CARTESIAN_POINT('',(0.361759267711,32.809093921332,
    -34.83291115449));
#550 = CARTESIAN_POINT('',(1.004886854752,20.025260892589,
    -34.83291115449));
#551 = CARTESIAN_POINT('',(3.331290211353,32.958109419636,
    -33.18971408642));
#552 = CARTESIAN_POINT('',(9.253265166782,20.439843791289,
    -33.18971408642));
#553 = CARTESIAN_POINT('',(6.223352269975,34.510780734491,
    -31.54651701834));
#554 = CARTESIAN_POINT('',(17.288554502297,24.749207940648,
    -31.54651701835));
#555 = CARTESIAN_POINT('',(8.270897933188,37.406657643784,
    -29.90331995028));
#556 = CARTESIAN_POINT('',(22.971554478976,32.802587182161,
    -29.90331995025));
#557 = CARTESIAN_POINT('',(8.73339429622,41.11788238342,-28.26012288219)
  );
#558 = CARTESIAN_POINT('',(24.263282839575,43.097631475183,
    -28.26012288222));
#559 = CARTESIAN_POINT('',(7.346192413461,44.559194891353,
    -26.61692581412));
#560 = CARTESIAN_POINT('',(20.403438242195,52.669588021841,
    -26.6169258141));
#561 = CARTESIAN_POINT('',(4.667970567904,46.8348290283,-24.97372874605)
  );
#562 = CARTESIAN_POINT('',(12.967428527981,58.983998523906,
    -24.97372874605));
#563 = CARTESIAN_POINT('',(1.077770424512,47.735193849531,
    -23.09578923968));
#564 = CARTESIAN_POINT('',(2.993714780859,61.486869148102,
    -23.09578923967));
#565 = CARTESIAN_POINT('',(-2.170254482944,46.887002528493,
    -21.21784973331));
#566 = CARTESIAN_POINT('',(-6.028549344319,59.130646652654,
    -21.21784973331));
#567 = CARTESIAN_POINT('',(-2.568796877425,46.754092049361,
    -20.98310729501));
#568 = CARTESIAN_POINT('',(-7.135596801921,58.761423922862,
    -20.98310729501));
#569 = CARTESIAN_POINT('',(-2.957807069042,46.594925888992,
    -20.74836485671));
#570 = CARTESIAN_POINT('',(-8.21615439983,58.319262633427,
    -20.74836485671));
#571 = CARTESIAN_POINT('',(-3.335278441039,46.410325093524,
    -20.51362241842));
#572 = CARTESIAN_POINT('',(-9.26464751838,57.806441944781,
    -20.51362241842));
#573 = CARTESIAN_POINT('',(-3.699289813494,46.201290643162,
    -20.27887998012));
#574 = CARTESIAN_POINT('',(-10.27574318289,57.225743989047,
    -20.27887998012));
#575 = CARTESIAN_POINT('',(-6.140423142313,44.575178699614,
    -18.63568291205));
#576 = CARTESIAN_POINT('',(-17.05638783907,52.708493164799,
    -18.63568291205));
#577 = CARTESIAN_POINT('',(-7.749548850816,41.873310815404,
    -16.99248584397));
#578 = CARTESIAN_POINT('',(-21.52821160702,45.205249249787,
    -16.99248584397));
#579 = CARTESIAN_POINT('',(-8.156458071569,39.05686369355,
    -15.58403121419));
#580 = CARTESIAN_POINT('',(-22.65261012733,37.376056994053,
    -15.58403121419));
#581 = CARTESIAN_POINT('',(-7.380955687933,36.219680122244,
    -14.17557658442));
#582 = CARTESIAN_POINT('',(-20.50715426411,29.503913258471,
    -14.17557658442));
#583 = CARTESIAN_POINT('',(-5.533399414142,33.949244181537,
    -12.76712195464));
#584 = CARTESIAN_POINT('',(-15.36849627959,23.18954613355,
    -12.76712195463));
#585 = CARTESIAN_POINT('',(-3.029902066433,32.639231443495,
    -11.35866732486));
#586 = CARTESIAN_POINT('',(-8.416539408424,19.554101813433,
    -11.35866732486));
#587 = CARTESIAN_POINT('',(0.511360031408,32.313032567951,
    -9.480727818492));
#588 = CARTESIAN_POINT('',(1.420432921575,18.647068712755,
    -9.480727818491));
#589 = CARTESIAN_POINT('',(3.562381731945,33.649423493002,
    -7.602788312122));
#590 = CARTESIAN_POINT('',(9.895433588086,22.359590707718,
    -7.602788312122));
#591 = CARTESIAN_POINT('',(4.278637523019,34.082612463893,
    -7.133303435529));
#592 = CARTESIAN_POINT('',(11.885087564298,23.562863120707,
    -7.133303435529));
#593 = CARTESIAN_POINT('',(4.933463483141,34.607169616967,
    -6.663818558936));
#594 = CARTESIAN_POINT('',(13.704154597594,25.019894164058,
    -6.663818558936));
#595 = CARTESIAN_POINT('',(5.513528216357,35.212690192743,
    -6.194333682344));
#596 = CARTESIAN_POINT('',(15.315533288725,26.701839057041,
    -6.194333682344));
#597 = CARTESIAN_POINT('',(6.007692090141,35.886512254621,
    -5.724848805751));
#598 = CARTESIAN_POINT('',(16.688174782174,28.573571793262,
    -5.724848805751));
#599 = CARTESIAN_POINT('',(7.406687812344,38.433834100385,
    -4.081651737677));
#600 = CARTESIAN_POINT('',(20.573430785431,35.649707982433,
    -4.081651737676));
#601 = CARTESIAN_POINT('',(7.576158986914,41.455113015262,
    -2.438454669602));
#602 = CARTESIAN_POINT('',(21.046191367531,44.041778868902,
    -2.438454669602));
#603 = CARTESIAN_POINT('',(6.982199215617,43.614895041529,
    -1.264742478121));
#604 = CARTESIAN_POINT('',(19.392766137562,50.041928906219,
    -1.264742478121));
#605 = CARTESIAN_POINT('',(5.688887870303,45.498211184054,
    -9.103028663851E-02));
#606 = CARTESIAN_POINT('',(15.80398598511,55.271770540787,
    -9.103028663892E-02));
#607 = CARTESIAN_POINT('',(3.852540344114,46.847388961272,1.082681904843
    ));
#608 = CARTESIAN_POINT('',(10.701048954877,59.021549220141,
    1.082681904845));
#609 = CARTESIAN_POINT('',(1.726075302049,47.512174200241,2.256394096325
    ));
#610 = CARTESIAN_POINT('',(4.794882013486,60.866702289585,2.256394096324
    ));
#611 = CARTESIAN_POINT('',(-1.703367905315,47.44634471791,4.134333602696
    ));
#612 = CARTESIAN_POINT('',(-4.731877022663,60.684596242226,
    4.134333602696));
#613 = CARTESIAN_POINT('',(-4.577108644366,45.788172051792,
    6.012273109067));
#614 = CARTESIAN_POINT('',(-12.71407597953,56.078114521994,
    6.012273109066));
#615 = CARTESIAN_POINT('',(-5.526069982232,44.960560677377,
    6.716500423956));
#616 = CARTESIAN_POINT('',(-15.35005416243,53.779398692318,
    6.716500423956));
#617 = CARTESIAN_POINT('',(-6.300870833057,43.958946377384,
    7.420727738845));
#618 = CARTESIAN_POINT('',(-17.50230752917,50.997143104908,
    7.420727738845));
#619 = CARTESIAN_POINT('',(-6.865740484571,42.826981037124,
    8.124955053734));
#620 = CARTESIAN_POINT('',(-19.07155851833,47.852759807301,
    8.124955053734));
#621 = CARTESIAN_POINT('',(-7.19843934214,41.616286764162,8.829182368623
    ));
#622 = CARTESIAN_POINT('',(-19.99603800551,44.489587437837,
    8.829182368623));
#623 = CARTESIAN_POINT('',(-7.416574249225,38.734132402052,
    10.472379436697));
#624 = CARTESIAN_POINT('',(-20.60087139616,36.483861246277,
    10.472379436697));
#625 = CARTESIAN_POINT('',(-6.366508377359,36.004108189486,
    12.115576504772));
#626 = CARTESIAN_POINT('',(-17.68543600906,28.90011962264,
    12.115576504772));
#627 = CARTESIAN_POINT('',(-5.369327999746,34.617540957187,
    13.054546257957));
#628 = CARTESIAN_POINT('',(-14.91428824954,25.048902107761,
    13.054546257957));
#629 = CARTESIAN_POINT('',(-4.03418766553,33.52245047077,13.993516011142
    ));
#630 = CARTESIAN_POINT('',(-11.20607123076,22.006970888003,
    13.993516011143));
#631 = CARTESIAN_POINT('',(-2.463869066602,32.810243834546,
    14.932485764328));
#632 = CARTESIAN_POINT('',(-6.843889999299,20.0281323508,14.932485764328
    ));
#633 = CARTESIAN_POINT('',(-0.786171351428,32.527789137891,
    15.871455517513));
#634 = CARTESIAN_POINT('',(-2.184058775431,19.244050863068,
    15.871455517512));
#635 = CARTESIAN_POINT('',(2.523423510158,32.820105876202,
    17.749395023884));
#636 = CARTESIAN_POINT('',(7.009666809013,20.055545572063,
    17.749395023886));
#637 = CARTESIAN_POINT('',(5.282400221768,34.659041935085,
    19.627334530255));
#638 = CARTESIAN_POINT('',(14.673318499111,25.164312277675,
    19.627334530253));
#639 = CARTESIAN_POINT('',(6.409479786966,35.923206559002,20.56630428344
    ));
#640 = CARTESIAN_POINT('',(17.804267368714,28.675273251893,
    20.566304283441));
#641 = CARTESIAN_POINT('',(7.184921455961,37.449290179819,
    21.505274036625));
#642 = CARTESIAN_POINT('',(19.957991733958,32.914770716348,
    21.505274036627));
#643 = CARTESIAN_POINT('',(7.543026670344,39.120883439289,
    22.444243789811));
#644 = CARTESIAN_POINT('',(20.952425967984,37.557679393988,
    22.444243789811));
#645 = CARTESIAN_POINT('',(7.465101013839,40.805788369156,
    23.383213542997));
#646 = CARTESIAN_POINT('',(20.736886795435,42.238734890768,
    23.383213542996));
#647 = CARTESIAN_POINT('',(6.616014024888,43.561926794313,
    25.026410611071));
#648 = CARTESIAN_POINT('',(18.377344221811,49.893805746045,
    25.026410611071));
#649 = CARTESIAN_POINT('',(4.711652871953,45.669337749691,
    26.669607679145));
#650 = CARTESIAN_POINT('',(13.088164982766,55.748356725775,
    26.669607679146));
#651 = CARTESIAN_POINT('',(3.728729001125,46.410896862133,
    27.373834994034));
#652 = CARTESIAN_POINT('',(10.357592662728,57.808112892183,
    27.373834994035));
#653 = CARTESIAN_POINT('',(2.616824619688,46.955228224747,
    28.078062308924));
#654 = CARTESIAN_POINT('',(7.268863557245,59.320051493414,
    28.078062308924));
#655 = CARTESIAN_POINT('',(1.422775947097,47.277821277214,
    28.782289623813));
#656 = CARTESIAN_POINT('',(3.952045154586,60.216114456902,
    28.782289623812));
#657 = CARTESIAN_POINT('',(0.198077137274,47.367767487704,
    29.486516938702));
#658 = CARTESIAN_POINT('',(0.550254697321,60.465872067413,
    29.486516938701));
#659 = CARTESIAN_POINT('',(-3.012599189187,46.995125398914,
    31.364456445072));
#660 = CARTESIAN_POINT('',(-8.36839181076,59.431233644541,
    31.364456445074));
#661 = CARTESIAN_POINT('',(-5.74107329025,45.098335561621,
    33.242395951443));
#662 = CARTESIAN_POINT('',(-15.94725367478,54.161708176261,
    33.242395951441));
#663 = CARTESIAN_POINT('',(-7.039886671403,43.388553720598,
    34.416108142925));
#664 = CARTESIAN_POINT('',(-19.5556253231,49.41337158141,34.41610814293)
  );
#665 = CARTESIAN_POINT('',(-7.746739680399,41.321197409519,
    35.589820334408));
#666 = CARTESIAN_POINT('',(-21.51882851004,43.668625365574,
    35.589820334405));
#667 = CARTESIAN_POINT('',(-7.761294913671,39.13964971223,36.76353252589
    ));
#668 = CARTESIAN_POINT('',(-21.55845680351,37.611662355417,
    36.763532525887));
#669 = CARTESIAN_POINT('',(-7.105315478998,37.107687996386,
    37.937244717368));
#670 = CARTESIAN_POINT('',(-19.7374585604,31.965019002241,
    37.937244717371));
#671 = CARTESIAN_POINT('',(-5.42249696809,34.763916777299,
    39.580441785445));
#672 = CARTESIAN_POINT('',(-15.06227017372,25.455734213743,
    39.580441785445));
#673 = CARTESIAN_POINT('',(-3.020355919475,33.383025362909,
    41.22363885352));
#674 = CARTESIAN_POINT('',(-8.389902440671,21.619430240195,
    41.223638853519));
#675 = CARTESIAN_POINT('',(-2.286865595813,33.075443387763,
    41.693123730112));
#676 = CARTESIAN_POINT('',(-6.352441601758,20.765009042332,
    41.693123730111));
#677 = CARTESIAN_POINT('',(-1.519155052996,32.861247957948,
    42.162608606705));
#678 = CARTESIAN_POINT('',(-4.219901256414,20.170078922119,
    42.162608606704));
#679 = CARTESIAN_POINT('',(-0.731171436489,32.744538237972,
    42.632093483297));
#680 = CARTESIAN_POINT('',(-2.031048158665,19.845962098428,
    42.632093483297));
#681 = CARTESIAN_POINT('',(6.266864725019E-02,32.726890221408,
    43.10157835989));
#682 = CARTESIAN_POINT('',(0.174069480992,19.796978778035,43.10157835989
    ));
#683 = CARTESIAN_POINT('',(3.204156040988,33.048732576352,44.97951786626
    ));
#684 = CARTESIAN_POINT('',(8.9005506379,20.690823181486,44.979517866266)
  );
#685 = CARTESIAN_POINT('',(5.990705874552,34.886929984784,
    46.857457372632));
#686 = CARTESIAN_POINT('',(16.640618805276,25.797394268156,
    46.857457372614));
#687 = CARTESIAN_POINT('',(7.510651092568,37.028444568332,
    48.265912002411));
#688 = CARTESIAN_POINT('',(20.863184780567,31.743653026396,
    48.265912002454));
#689 = CARTESIAN_POINT('',(8.139670940748,39.649693864646,
    49.674366632188));
#690 = CARTESIAN_POINT('',(22.610230379183,39.030670912756,
    49.674366632147));
#691 = CARTESIAN_POINT('',(7.731900821654,42.309920842051,
    51.082821261961));
#692 = CARTESIAN_POINT('',(21.477237622306,46.4132058373,51.082821261976
    ));
#693 = CARTESIAN_POINT('',(6.410282927227,44.556753104808,
    52.491275891747));
#694 = CARTESIAN_POINT('',(17.806521076798,52.658861830682,
    52.49127589175));
#695 = CARTESIAN_POINT('',(4.148309576558,46.360416245611,
    54.134472959819));
#696 = CARTESIAN_POINT('',(11.523021487142,57.66760160374,
    54.134472959816));
#697 = CARTESIAN_POINT('',(1.523924913101,47.055158535677,
    55.777670027892));
#698 = CARTESIAN_POINT('',(4.233124571412,59.59761019744,55.777670027891
    ));
#699 = CARTESIAN_POINT('',(1.143245321092,47.13126994283,56.012412466189
    ));
#700 = CARTESIAN_POINT('',(3.175689349311,59.809061710071,
    56.012412466188));
#701 = CARTESIAN_POINT('',(0.758467982255,47.183872255467,
    56.247154904485));
#702 = CARTESIAN_POINT('',(2.10686827529,59.955206976747,56.247154904485
    ));
#703 = CARTESIAN_POINT('',(0.371289448849,47.212735727696,
    56.481897342781));
#704 = CARTESIAN_POINT('',(1.031372989428,60.0354057398,56.481897342783)
  );
#705 = CARTESIAN_POINT('',(-1.658229197168E-02,47.217776146356,
    56.716639781078));
#706 = CARTESIAN_POINT('',(-4.605211695955E-02,60.049424464395,
    56.71663978108));
#707 = CARTESIAN_POINT('',(-3.111471876887,47.068011188107,
    58.59457928745));
#708 = CARTESIAN_POINT('',(-8.643018413377,59.633496628828,
    58.594579287458));
#709 = CARTESIAN_POINT('',(-6.033903050086,45.410744710469,
    60.472518793822));
#710 = CARTESIAN_POINT('',(-16.76076826847,55.028984834756,
    60.472518793775));
#711 = CARTESIAN_POINT('',(-7.881338703055,42.877225921703,
    62.115715861893));
#712 = CARTESIAN_POINT('',(-21.89270338127,47.994859226753,
    62.115715862015));
#713 = CARTESIAN_POINT('',(-8.488561554336,39.677560031782,
    63.75891292996));
#714 = CARTESIAN_POINT('',(-23.57926760611,39.100671416748,
    63.758912929802));
#715 = CARTESIAN_POINT('',(-7.630894374591,36.543298051688,
    65.402109998061));
#716 = CARTESIAN_POINT('',(-21.19695657121,30.401029122661,
    65.402109998178));
#717 = CARTESIAN_POINT('',(-5.615412682282,34.180800687597,
    67.045307066103));
#718 = CARTESIAN_POINT('',(-15.59836418522,23.834183783914,
    67.045307066055));
#719 = CARTESIAN_POINT('',(-2.993272742786,32.927727165568,
    68.688504134197));
#720 = CARTESIAN_POINT('',(-8.314646213173,20.355095773988,
    68.688504134206));
#721 = CARTESIAN_POINT('',(-0.324961386896,32.807337064965,
    70.331701202267));
#722 = CARTESIAN_POINT('',(-0.902670519156,20.020380736014,
    70.331701202267));
#723 = DEFINITIONAL_REPRESENTATION('',(#724),#751);
#724 = B_SPLINE_CURVE_WITH_KNOTS('',7,(#725,#726,#727,#728,#729,#730,
    #731,#732,#733,#734,#735,#736,#737,#738,#739,#740,#741,#742,#743,
    #744,#745,#746,#747,#748,#749,#750),.UNSPECIFIED.,.F.,.F.,(8,6,6,6,8
    ),(0.,0.241807093057,0.488711523159,0.741486597091,1.),
  .UNSPECIFIED.);
#725 = CARTESIAN_POINT('',(-25.14551770878,6.249898068924E-02));
#726 = CARTESIAN_POINT('',(-25.5332629387,6.249925472333E-02));
#727 = CARTESIAN_POINT('',(-25.92099451446,6.249979586776E-02));
#728 = CARTESIAN_POINT('',(-26.30854445661,6.250036889219E-02));
#729 = CARTESIAN_POINT('',(-26.69595475676,6.250057370986E-02));
#730 = CARTESIAN_POINT('',(-27.08329086587,6.250046084494E-02));
#731 = CARTESIAN_POINT('',(-27.47059542968,6.250026987896E-02));
#732 = CARTESIAN_POINT('',(-28.25297259953,6.249999086498E-02));
#733 = CARTESIAN_POINT('',(-28.648233807,6.249990710609E-02));
#734 = CARTESIAN_POINT('',(-29.04330297767,6.250001904086E-02));
#735 = CARTESIAN_POINT('',(-29.43822610399,6.250041839286E-02));
#736 = CARTESIAN_POINT('',(-29.83307047656,6.250077325704E-02));
#737 = CARTESIAN_POINT('',(-30.22788334199,6.250082261481E-02));
#738 = CARTESIAN_POINT('',(-31.02645893553,6.25003382017E-02));
#739 = CARTESIAN_POINT('',(-31.43043764589,6.249978673187E-02));
#740 = CARTESIAN_POINT('',(-31.83420589913,6.2498959897E-02));
#741 = CARTESIAN_POINT('',(-32.23781965506,6.249806858159E-02));
#742 = CARTESIAN_POINT('',(-32.64135689787,6.249799004669E-02));
#743 = CARTESIAN_POINT('',(-33.04487077042,6.249882065852E-02));
#744 = CARTESIAN_POINT('',(-33.8605876643,6.250103475579E-02));
#745 = CARTESIAN_POINT('',(-34.2730315793,6.250244739649E-02));
#746 = CARTESIAN_POINT('',(-34.6852454376,6.250338736564E-02));
#747 = CARTESIAN_POINT('',(-35.09729168965,6.250281116755E-02));
#748 = CARTESIAN_POINT('',(-35.50925850759,6.249824021909E-02));
#749 = CARTESIAN_POINT('',(-35.92122304022,6.249266266642E-02));
#750 = CARTESIAN_POINT('',(-36.33291115449,6.25E-02));
#751 = ( GEOMETRIC_REPRESENTATION_CONTEXT(2) 
PARAMETRIC_REPRESENTATION_CONTEXT() REPRESENTATION_CONTEXT('2D SPACE',''
  ) );
#752 = ADVANCED_FACE('',(#753,#983),#45,.F.);
#753 = FACE_BOUND('',#754,.F.);
#754 = EDGE_LOOP('',(#755,#779,#780,#809,#956));
#755 = ORIENTED_EDGE('',*,*,#756,.T.);
#756 = EDGE_CURVE('',#757,#22,#759,.T.);
#757 = VERTEX_POINT('',#758);
#758 = CARTESIAN_POINT('',(7.229708009688,36.57489823587,-33.53291115449
    ));
#759 = SURFACE_CURVE('',#760,(#765,#772),.PCURVE_S1.);
#760 = CIRCLE('',#761,8.);
#761 = AXIS2_PLACEMENT_3D('',#762,#763,#764);
#762 = CARTESIAN_POINT('',(0.,40.,-33.53291115449));
#763 = DIRECTION('',(0.,-0.,1.));
#764 = DIRECTION('',(0.292371704723,0.956304755963,0.));
#765 = PCURVE('',#45,#766);
#766 = DEFINITIONAL_REPRESENTATION('',(#767),#771);
#767 = CIRCLE('',#768,8.);
#768 = AXIS2_PLACEMENT_2D('',#769,#770);
#769 = CARTESIAN_POINT('',(-2.077425909325E-15,6.794953975224E-15));
#770 = DIRECTION('',(1.,0.));
#771 = ( GEOMETRIC_REPRESENTATION_CONTEXT(2) 
PARAMETRIC_REPRESENTATION_CONTEXT() REPRESENTATION_CONTEXT('2D SPACE',''
  ) );
#772 = PCURVE('',#73,#773);
#773 = DEFINITIONAL_REPRESENTATION('',(#774),#778);
#774 = LINE('',#775,#776);
#775 = CARTESIAN_POINT('',(-0.,0.));
#776 = VECTOR('',#777,1.);
#777 = DIRECTION('',(-1.,0.));
#778 = ( GEOMETRIC_REPRESENTATION_CONTEXT(2) 
PARAMETRIC_REPRESENTATION_CONTEXT() REPRESENTATION_CONTEXT('2D SPACE',''
  ) );
#779 = ORIENTED_EDGE('',*,*,#21,.T.);
#780 = ORIENTED_EDGE('',*,*,#781,.F.);
#781 = EDGE_CURVE('',#782,#24,#784,.T.);
#782 = VERTEX_POINT('',#783);
#783 = CARTESIAN_POINT('',(2.648731341726,33.304923210089,
    -33.53291115449));
#784 = SURFACE_CURVE('',#785,(#791,#800),.PCURVE_S1.);
#785 = B_SPLINE_CURVE_WITH_KNOTS('',4,(#786,#787,#788,#789,#790),
  .UNSPECIFIED.,.F.,.F.,(5,5),(0.,1.),.PIECEWISE_BEZIER_KNOTS.);
#786 = CARTESIAN_POINT('',(2.648731341726,33.304923210089,
    -33.53291115449));
#787 = CARTESIAN_POINT('',(2.927797748112,32.59954012247,-33.53291115449
    ));
#788 = CARTESIAN_POINT('',(3.206864154497,31.89415703485,-33.53291115449
    ));
#789 = CARTESIAN_POINT('',(3.485930560883,31.18877394723,-33.53291115449
    ));
#790 = CARTESIAN_POINT('',(3.764996967269,30.48339085961,-33.53291115449
    ));
#791 = PCURVE('',#45,#792);
#792 = DEFINITIONAL_REPRESENTATION('',(#793),#799);
#793 = B_SPLINE_CURVE_WITH_KNOTS('',4,(#794,#795,#796,#797,#798),
  .UNSPECIFIED.,.F.,.F.,(5,5),(0.,1.),.PIECEWISE_BEZIER_KNOTS.);
#794 = CARTESIAN_POINT('',(-5.628119677996,-4.490445393677));
#795 = CARTESIAN_POINT('',(-6.221089758497,-4.963551981143));
#796 = CARTESIAN_POINT('',(-6.814059838998,-5.436658568609));
#797 = CARTESIAN_POINT('',(-7.407029919499,-5.909765156075));
#798 = CARTESIAN_POINT('',(-8.,-6.382871743541));
#799 = ( GEOMETRIC_REPRESENTATION_CONTEXT(2) 
PARAMETRIC_REPRESENTATION_CONTEXT() REPRESENTATION_CONTEXT('2D SPACE',''
  ) );
#800 = PCURVE('',#548,#801);
#801 = DEFINITIONAL_REPRESENTATION('',(#802),#808);
#802 = B_SPLINE_CURVE_WITH_KNOTS('',4,(#803,#804,#805,#806,#807),
  .UNSPECIFIED.,.F.,.F.,(5,5),(0.,1.),.PIECEWISE_BEZIER_KNOTS.);
#803 = CARTESIAN_POINT('',(-35.03291115449,0.));
#804 = CARTESIAN_POINT('',(-35.03291115449,5.926407335048E-02));
#805 = CARTESIAN_POINT('',(-35.03291115449,0.118528146701));
#806 = CARTESIAN_POINT('',(-35.03291115449,0.177792220051));
#807 = CARTESIAN_POINT('',(-35.03291115449,0.237056293402));
#808 = ( GEOMETRIC_REPRESENTATION_CONTEXT(2) 
PARAMETRIC_REPRESENTATION_CONTEXT() REPRESENTATION_CONTEXT('2D SPACE',''
  ) );
#809 = ORIENTED_EDGE('',*,*,#810,.T.);
#810 = EDGE_CURVE('',#782,#811,#813,.T.);
#811 = VERTEX_POINT('',#812);
#812 = CARTESIAN_POINT('',(6.506751144931,36.917399793949,
    -33.53291115449));
#813 = SURFACE_CURVE('',#814,(#829,#847),.PCURVE_S1.);
#814 = B_SPLINE_CURVE_WITH_KNOTS('',5,(#815,#816,#817,#818,#819,#820,
    #821,#822,#823,#824,#825,#826,#827,#828),.UNSPECIFIED.,.F.,.F.,(6,4,
    4,6),(0.,0.288246848455,0.57529366904,1.),.UNSPECIFIED.);
#815 = CARTESIAN_POINT('',(2.648731341726,33.304923210089,
    -33.53291115449));
#816 = CARTESIAN_POINT('',(2.938953224348,33.419752044501,
    -33.53291115449));
#817 = CARTESIAN_POINT('',(3.222938556857,33.550297826168,
    -33.53291115449));
#818 = CARTESIAN_POINT('',(3.499549396444,33.696104610086,
    -33.53291115449));
#819 = CARTESIAN_POINT('',(3.767705858898,33.856599844614,
    -33.53291115449));
#820 = CARTESIAN_POINT('',(4.284004759319,34.204866085025,
    -33.53291115449));
#821 = CARTESIAN_POINT('',(4.532228394122,34.392522458903,
    -33.53291115449));
#822 = CARTESIAN_POINT('',(4.770063195122,34.593386240546,
    -33.53291115449));
#823 = CARTESIAN_POINT('',(4.996589183926,34.806676854621,
    -33.53291115449));
#824 = CARTESIAN_POINT('',(5.528171661184,35.364183487838,
    -33.53291115449));
#825 = CARTESIAN_POINT('',(5.81879993541,35.722143738327,-33.53291115449
    ));
#826 = CARTESIAN_POINT('',(6.080152878508,36.102541860983,
    -33.53291115449));
#827 = CARTESIAN_POINT('',(6.310027073168,36.502146314762,
    -33.53291115449));
#828 = CARTESIAN_POINT('',(6.506751144931,36.917399793949,
    -33.53291115449));
#829 = PCURVE('',#45,#830);
#830 = DEFINITIONAL_REPRESENTATION('',(#831),#846);
#831 = B_SPLINE_CURVE_WITH_KNOTS('',5,(#832,#833,#834,#835,#836,#837,
    #838,#839,#840,#841,#842,#843,#844,#845),.UNSPECIFIED.,.F.,.F.,(6,4,
    4,6),(0.,0.288246848455,0.57529366904,1.),.UNSPECIFIED.);
#832 = CARTESIAN_POINT('',(-5.628119677996,-4.490445393677));
#833 = CARTESIAN_POINT('',(-5.433455650957,-4.734413258244));
#834 = CARTESIAN_POINT('',(-5.225584823296,-4.967821889616));
#835 = CARTESIAN_POINT('',(-5.005275919668,-5.189716373089));
#836 = CARTESIAN_POINT('',(-4.77339220152,-5.399231408158));
#837 = CARTESIAN_POINT('',(-4.289392349811,-5.791147307722));
#838 = CARTESIAN_POINT('',(-4.037362099725,-5.973659336295));
#839 = CARTESIAN_POINT('',(-3.775738943828,-6.142375001368));
#840 = CARTESIAN_POINT('',(-3.505538325675,-6.296642741373));
#841 = CARTESIAN_POINT('',(-2.816972405772,-6.641998427813));
#842 = CARTESIAN_POINT('',(-2.389681831808,-6.815270180015));
#843 = CARTESIAN_POINT('',(-1.949493092444,-6.953985594889));
#844 = CARTESIAN_POINT('',(-1.500140742627,-7.05698234515));
#845 = CARTESIAN_POINT('',(-1.045515313329,-7.123702142987));
#846 = ( GEOMETRIC_REPRESENTATION_CONTEXT(2) 
PARAMETRIC_REPRESENTATION_CONTEXT() REPRESENTATION_CONTEXT('2D SPACE',''
  ) );
#847 = PCURVE('',#848,#939);
#848 = B_SPLINE_SURFACE_WITH_KNOTS('',8,1,(
    (#849,#850)
    ,(#851,#852)
    ,(#853,#854)
    ,(#855,#856)
    ,(#857,#858)
    ,(#859,#860)
    ,(#861,#862)
    ,(#863,#864)
    ,(#865,#866)
    ,(#867,#868)
    ,(#869,#870)
    ,(#871,#872)
    ,(#873,#874)
    ,(#875,#876)
    ,(#877,#878)
    ,(#879,#880)
    ,(#881,#882)
    ,(#883,#884)
    ,(#885,#886)
    ,(#887,#888)
    ,(#889,#890)
    ,(#891,#892)
    ,(#893,#894)
    ,(#895,#896)
    ,(#897,#898)
    ,(#899,#900)
    ,(#901,#902)
    ,(#903,#904)
    ,(#905,#906)
    ,(#907,#908)
    ,(#909,#910)
    ,(#911,#912)
    ,(#913,#914)
    ,(#915,#916)
    ,(#917,#918)
    ,(#919,#920)
    ,(#921,#922)
    ,(#923,#924)
    ,(#925,#926)
    ,(#927,#928)
    ,(#929,#930)
    ,(#931,#932)
    ,(#933,#934)
    ,(#935,#936)
    ,(#937,#938
    )),.UNSPECIFIED.,.F.,.F.,.F.,(9,6,6,6,6,6,6,9),(2,2),(
    -36.33291115449,-21.30939510353,-6.285879052565,8.737636998401,
    23.761153049367,38.784669100334,53.8081851513,68.831701202267),(0.,
    1.),.UNSPECIFIED.);
#849 = CARTESIAN_POINT('',(0.361759267711,32.809093921332,
    -34.83291115449));
#850 = CARTESIAN_POINT('',(0.361759267711,32.809093921332,
    -37.83291115449));
#851 = CARTESIAN_POINT('',(3.755508917588,32.979397347965,
    -32.95497164813));
#852 = CARTESIAN_POINT('',(3.755508917588,32.979397347965,
    -35.95497164813));
#853 = CARTESIAN_POINT('',(7.048074717642,34.983047147236,
    -31.07703214174));
#854 = CARTESIAN_POINT('',(7.048074717642,34.983047147236,
    -34.07703214173));
#855 = CARTESIAN_POINT('',(9.094476127585,38.729808585263,-29.1990926354
    ));
#856 = CARTESIAN_POINT('',(9.094476127585,38.729808585263,
    -32.19909263543));
#857 = CARTESIAN_POINT('',(8.794965353738,43.332070296775,
    -27.32115312898));
#858 = CARTESIAN_POINT('',(8.794965353738,43.332070296775,
    -30.32115312897));
#859 = CARTESIAN_POINT('',(5.971146524188,46.929384764466,
    -25.44321362266));
#860 = CARTESIAN_POINT('',(5.971146524188,46.929384764466,
    -28.44321362267));
#861 = CARTESIAN_POINT('',(2.014984464458,48.377758589597,
    -23.56527411626));
#862 = CARTESIAN_POINT('',(2.014984464458,48.377758589597,
    -26.56527411626));
#863 = CARTESIAN_POINT('',(-5.466480562133,47.119802011571,
    -19.80939510353));
#864 = CARTESIAN_POINT('',(-5.466480562133,47.119802011571,
    -22.80939510353));
#865 = CARTESIAN_POINT('',(-8.601130266262,40.241569498658,
    -16.05351609078));
#866 = CARTESIAN_POINT('',(-8.601130266262,40.241569498658,
    -19.05351609078));
#867 = CARTESIAN_POINT('',(-8.225880516001,36.084296114797,
    -14.17557658442));
#868 = CARTESIAN_POINT('',(-8.225880516001,36.084296114797,
    -17.17557658442));
#869 = CARTESIAN_POINT('',(-5.52942079386,32.496375504687,
    -12.29763707804));
#870 = CARTESIAN_POINT('',(-5.52942079386,32.496375504687,
    -15.29763707804));
#871 = CARTESIAN_POINT('',(-1.324317931441,31.0187972727,-10.41969757168
    ));
#872 = CARTESIAN_POINT('',(-1.324317931441,31.0187972727,-13.41969757167
    ));
#873 = CARTESIAN_POINT('',(2.706089551776,31.867888161638,
    -8.541758065306));
#874 = CARTESIAN_POINT('',(2.706089551776,31.867888161638,-11.5417580653
    ));
#875 = CARTESIAN_POINT('',(8.312658479523,36.761769143084,
    -4.785879052566));
#876 = CARTESIAN_POINT('',(8.312658479523,36.761769143084,
    -7.785879052564));
#877 = CARTESIAN_POINT('',(7.495588954327,44.13183399581,-1.030000039823
    ));
#878 = CARTESIAN_POINT('',(7.495588954327,44.13183399581,-4.030000039825
    ));
#879 = CARTESIAN_POINT('',(5.121916499983,47.452507138689,0.847939466544
    ));
#880 = CARTESIAN_POINT('',(5.121916499983,47.452507138689,
    -2.152060533452));
#881 = CARTESIAN_POINT('',(1.101266261023,49.175708057642,2.725878972923
    ));
#882 = CARTESIAN_POINT('',(1.101266261023,49.175708057642,
    -0.274121027081));
#883 = CARTESIAN_POINT('',(-3.179745846066,48.433306371366,
    4.603818479284));
#884 = CARTESIAN_POINT('',(-3.179745846066,48.433306371366,
    1.603818479286));
#885 = CARTESIAN_POINT('',(-6.239776832556,45.811267561839,
    6.481757985662));
#886 = CARTESIAN_POINT('',(-6.239776832556,45.811267561839,
    3.481757985661));
#887 = CARTESIAN_POINT('',(-8.80890278989,38.975110408377,
    10.237636998398));
#888 = CARTESIAN_POINT('',(-8.80890278989,38.975110408377,7.237636998399
    ));
#889 = CARTESIAN_POINT('',(-4.752326718428,32.933755668852,
    13.993516011145));
#890 = CARTESIAN_POINT('',(-4.752326718428,32.933755668852,
    10.993516011145));
#891 = CARTESIAN_POINT('',(-1.203322297513,31.101950523237,
    15.871455517506));
#892 = CARTESIAN_POINT('',(-1.203322297513,31.101950523237,
    12.871455517505));
#893 = CARTESIAN_POINT('',(3.055183151475,31.357328259949,
    17.749395023895));
#894 = CARTESIAN_POINT('',(3.055183151475,31.357328259949,
    14.749395023897));
#895 = CARTESIAN_POINT('',(6.492315324266,33.838123279893,
    19.627334530248));
#896 = CARTESIAN_POINT('',(6.492315324266,33.838123279893,
    16.627334530244));
#897 = CARTESIAN_POINT('',(8.090906825219,37.444086505376,
    21.505274036627));
#898 = CARTESIAN_POINT('',(8.090906825219,37.444086505376,18.50527403663
    ));
#899 = CARTESIAN_POINT('',(7.528453840163,44.591148988711,
    25.261153049367));
#900 = CARTESIAN_POINT('',(7.528453840163,44.591148988711,
    22.261153049363));
#901 = CARTESIAN_POINT('',(1.452731753483,48.348941425855,
    29.017032062107));
#902 = CARTESIAN_POINT('',(1.452731753483,48.348941425855,
    26.017032062112));
#903 = CARTESIAN_POINT('',(-2.450369926812,48.5752960977,30.894971568492
    ));
#904 = CARTESIAN_POINT('',(-2.450369926812,48.5752960977,27.894971568479
    ));
#905 = CARTESIAN_POINT('',(-6.162950773928,46.690388972249,
    32.772911074831));
#906 = CARTESIAN_POINT('',(-6.162950773928,46.690388972249,
    29.772911074844));
#907 = CARTESIAN_POINT('',(-8.313670387271,43.154827399927,
    34.650850581236));
#908 = CARTESIAN_POINT('',(-8.313670387271,43.154827399927,
    31.650850581232));
#909 = CARTESIAN_POINT('',(-8.415610879381,39.293490229936,
    36.528790087589));
#910 = CARTESIAN_POINT('',(-8.415610879381,39.293490229936,
    33.528790087586));
#911 = CARTESIAN_POINT('',(-5.273811054652,32.993069675584,
    40.284669100336));
#912 = CARTESIAN_POINT('',(-5.273811054652,32.993069675584,
    37.284669100342));
#913 = CARTESIAN_POINT('',(1.626082028305,31.723204835569,
    44.040548113076));
#914 = CARTESIAN_POINT('',(1.626082028305,31.723204835569,
    41.040548113068));
#915 = CARTESIAN_POINT('',(5.275974451495,32.880695083623,
    45.918487619436));
#916 = CARTESIAN_POINT('',(5.275974451495,32.880695083623,
    42.918487619473));
#917 = CARTESIAN_POINT('',(8.030857857146,35.871854570672,
    47.796427125838));
#918 = CARTESIAN_POINT('',(8.030857857146,35.871854570672,
    44.796427125771));
#919 = CARTESIAN_POINT('',(8.834781579459,39.833694672273,49.67436663217
    ));
#920 = CARTESIAN_POINT('',(8.834781579459,39.833694672273,
    46.674366632231));
#921 = CARTESIAN_POINT('',(7.673254530647,43.43556430184,51.552306138564
    ));
#922 = CARTESIAN_POINT('',(7.673254530647,43.43556430184,48.552306138537
    ));
#923 = CARTESIAN_POINT('',(2.739706504817,48.282416118034,
    55.308185151297));
#924 = CARTESIAN_POINT('',(2.739706504817,48.282416118034,
    52.308185151327));
#925 = CARTESIAN_POINT('',(-4.087255726601,47.335722265073,
    59.064064164042));
#926 = CARTESIAN_POINT('',(-4.087255726601,47.335722265073,
    56.064064164014));
#927 = CARTESIAN_POINT('',(-7.14022056396,45.154684648397,
    60.942003670427));
#928 = CARTESIAN_POINT('',(-7.14022056396,45.154684648397,
    57.942003670506));
#929 = CARTESIAN_POINT('',(-8.830460287801,41.559000005051,
    62.81994317675));
#930 = CARTESIAN_POINT('',(-8.830460287801,41.559000005051,
    59.819943176635));
#931 = CARTESIAN_POINT('',(-8.455895828666,37.623653018525,
    64.697882683189));
#932 = CARTESIAN_POINT('',(-8.455895828666,37.623653018525,
    61.697882683287));
#933 = CARTESIAN_POINT('',(-6.363653248334,34.561937682084,
    66.575822189505));
#934 = CARTESIAN_POINT('',(-6.363653248334,34.561937682084,
    63.575822189458));
#935 = CARTESIAN_POINT('',(-3.374460079342,32.944925751369,
    68.453761695901));
#936 = CARTESIAN_POINT('',(-3.374460079342,32.944925751369,
    65.453761695912));
#937 = CARTESIAN_POINT('',(-0.324961386896,32.807337064965,
    70.331701202267));
#938 = CARTESIAN_POINT('',(-0.324961386896,32.807337064965,
    67.331701202267));
#939 = DEFINITIONAL_REPRESENTATION('',(#940),#955);
#940 = B_SPLINE_CURVE_WITH_KNOTS('',5,(#941,#942,#943,#944,#945,#946,
    #947,#948,#949,#950,#951,#952,#953,#954),.UNSPECIFIED.,.F.,.F.,(6,4,
    4,6),(0.,0.288246848455,0.57529366904,1.),.UNSPECIFIED.);
#941 = CARTESIAN_POINT('',(-35.03291115449,0.));
#942 = CARTESIAN_POINT('',(-34.86017108418,5.758002343648E-02));
#943 = CARTESIAN_POINT('',(-34.68740045696,0.115170232511));
#944 = CARTESIAN_POINT('',(-34.51460156079,0.172769864566));
#945 = CARTESIAN_POINT('',(-34.34177099041,0.230380054695));
#946 = CARTESIAN_POINT('',(-33.9967709678,0.345380062231));
#947 = CARTESIAN_POINT('',(-33.82460006864,0.402770361952));
#948 = CARTESIAN_POINT('',(-33.65240092361,0.460170076962));
#949 = CARTESIAN_POINT('',(-33.4801704076,0.517580248963));
#950 = CARTESIAN_POINT('',(-33.05304125134,0.659956634384));
#951 = CARTESIAN_POINT('',(-32.79810060307,0.744936850476));
#952 = CARTESIAN_POINT('',(-32.54310696997,0.829934728174));
#953 = CARTESIAN_POINT('',(-32.28803809975,0.914957684915));
#954 = CARTESIAN_POINT('',(-32.03291115449,1.));
#955 = ( GEOMETRIC_REPRESENTATION_CONTEXT(2) 
PARAMETRIC_REPRESENTATION_CONTEXT() REPRESENTATION_CONTEXT('2D SPACE',''
  ) );
#956 = ORIENTED_EDGE('',*,*,#957,.T.);
#957 = EDGE_CURVE('',#811,#757,#958,.T.);
#958 = SURFACE_CURVE('',#959,(#965,#974),.PCURVE_S1.);
#959 = B_SPLINE_CURVE_WITH_KNOTS('',4,(#960,#961,#962,#963,#964),
  .UNSPECIFIED.,.F.,.F.,(5,5),(0.,1.),.PIECEWISE_BEZIER_KNOTS.);
#960 = CARTESIAN_POINT('',(6.506751144931,36.917399793949,
    -33.53291115449));
#961 = CARTESIAN_POINT('',(6.71219293094,36.820071536576,-33.53291115449
    ));
#962 = CARTESIAN_POINT('',(6.902908730015,36.729719730656,
    -33.53291115449));
#963 = CARTESIAN_POINT('',(7.125989332684,36.624035065752,
    -33.53291115449));
#964 = CARTESIAN_POINT('',(7.307157547084,36.538206437889,
    -33.53291115449));
#965 = PCURVE('',#45,#966);
#966 = DEFINITIONAL_REPRESENTATION('',(#967),#973);
#967 = B_SPLINE_CURVE_WITH_KNOTS('',4,(#968,#969,#970,#971,#972),
  .UNSPECIFIED.,.F.,.F.,(5,5),(0.,1.),.PIECEWISE_BEZIER_KNOTS.);
#968 = CARTESIAN_POINT('',(-1.045515313329,-7.123702142987));
#969 = CARTESIAN_POINT('',(-1.078525423548,-7.348623128547));
#970 = CARTESIAN_POINT('',(-1.109169381966,-7.557421865761));
#971 = CARTESIAN_POINT('',(-1.145013673553,-7.801654112698));
#972 = CARTESIAN_POINT('',(-1.174123538891,-8.));
#973 = ( GEOMETRIC_REPRESENTATION_CONTEXT(2) 
PARAMETRIC_REPRESENTATION_CONTEXT() REPRESENTATION_CONTEXT('2D SPACE',''
  ) );
#974 = PCURVE('',#219,#975);
#975 = DEFINITIONAL_REPRESENTATION('',(#976),#982);
#976 = B_SPLINE_CURVE_WITH_KNOTS('',4,(#977,#978,#979,#980,#981),
  .UNSPECIFIED.,.F.,.F.,(5,5),(0.,1.),.PIECEWISE_BEZIER_KNOTS.);
#977 = CARTESIAN_POINT('',(-32.03291115449,0.));
#978 = CARTESIAN_POINT('',(-32.03291115449,1.776020458905E-02));
#979 = CARTESIAN_POINT('',(-32.03291115449,3.424736465384E-02));
#980 = CARTESIAN_POINT('',(-32.03291115449,5.353242452518E-02));
#981 = CARTESIAN_POINT('',(-32.03291115449,6.919420694676E-02));
#982 = ( GEOMETRIC_REPRESENTATION_CONTEXT(2) 
PARAMETRIC_REPRESENTATION_CONTEXT() REPRESENTATION_CONTEXT('2D SPACE',''
  ) );
#983 = FACE_BOUND('',#984,.F.);
#984 = EDGE_LOOP('',(#985));
#985 = ORIENTED_EDGE('',*,*,#986,.T.);
#986 = EDGE_CURVE('',#987,#987,#989,.T.);
#987 = VERTEX_POINT('',#988);
#988 = CARTESIAN_POINT('',(2.046601933059,46.694133291741,
    -33.53291115449));
#989 = SURFACE_CURVE('',#990,(#995,#1006),.PCURVE_S1.);
#990 = CIRCLE('',#991,7.);
#991 = AXIS2_PLACEMENT_3D('',#992,#993,#994);
#992 = CARTESIAN_POINT('',(0.,40.,-33.53291115449));
#993 = DIRECTION('',(0.,0.,-1.));
#994 = DIRECTION('',(0.292371704723,0.956304755963,0.));
#995 = PCURVE('',#45,#996);
#996 = DEFINITIONAL_REPRESENTATION('',(#997),#1005);
#997 = ( BOUNDED_CURVE() B_SPLINE_CURVE(2,(#998,#999,#1000,#1001,#1002,
#1003,#1004),.UNSPECIFIED.,.T.,.F.) B_SPLINE_CURVE_WITH_KNOTS((1,2,2,2,2
    ,1),(-2.094395102393,0.,2.094395102393,4.188790204786,6.28318530718,
8.377580409573),.UNSPECIFIED.) CURVE() GEOMETRIC_REPRESENTATION_ITEM() 
RATIONAL_B_SPLINE_CURVE((1.,0.5,1.,0.5,1.,0.5,1.)) REPRESENTATION_ITEM(
  '') );
#998 = CARTESIAN_POINT('',(7.,6.794953975224E-15));
#999 = CARTESIAN_POINT('',(7.,-12.12435565298));
#1000 = CARTESIAN_POINT('',(-3.5,-6.062177826491));
#1001 = CARTESIAN_POINT('',(-14.,5.080448456417E-15));
#1002 = CARTESIAN_POINT('',(-3.5,6.062177826491));
#1003 = CARTESIAN_POINT('',(7.,12.124355652982));
#1004 = CARTESIAN_POINT('',(7.,6.794953975224E-15));
#1005 = ( GEOMETRIC_REPRESENTATION_CONTEXT(2) 
PARAMETRIC_REPRESENTATION_CONTEXT() REPRESENTATION_CONTEXT('2D SPACE',''
  ) );
#1006 = PCURVE('',#1007,#1012);
#1007 = CYLINDRICAL_SURFACE('',#1008,7.);
#1008 = AXIS2_PLACEMENT_3D('',#1009,#1010,#1011);
#1009 = CARTESIAN_POINT('',(0.,40.,-36.53291115449));
#1010 = DIRECTION('',(0.,-0.,-1.));
#1011 = DIRECTION('',(0.292371704723,0.956304755963,0.));
#1012 = DEFINITIONAL_REPRESENTATION('',(#1013),#1017);
#1013 = LINE('',#1014,#1015);
#1014 = CARTESIAN_POINT('',(-6.28318530718,-3.));
#1015 = VECTOR('',#1016,1.);
#1016 = DIRECTION('',(1.,-0.));
#1017 = ( GEOMETRIC_REPRESENTATION_CONTEXT(2) 
PARAMETRIC_REPRESENTATION_CONTEXT() REPRESENTATION_CONTEXT('2D SPACE',''
  ) );
#1018 = ADVANCED_FACE('',(#1019),#548,.F.);
#1019 = FACE_BOUND('',#1020,.F.);
#1020 = EDGE_LOOP('',(#1021,#1049,#1112,#1113,#1114,#1386,#1573,#1760,
    #1857,#1891,#2047,#2073));
#1021 = ORIENTED_EDGE('',*,*,#1022,.F.);
#1022 = EDGE_CURVE('',#1023,#1025,#1027,.T.);
#1023 = VERTEX_POINT('',#1024);
#1024 = CARTESIAN_POINT('',(0.361759267711,32.809093921332,
    -34.83291115449));
#1025 = VERTEX_POINT('',#1026);
#1026 = CARTESIAN_POINT('',(1.004886854752,20.025260892589,
    -34.83291115449));
#1027 = SURFACE_CURVE('',#1028,(#1031,#1038),.PCURVE_S1.);
#1028 = B_SPLINE_CURVE_WITH_KNOTS('',1,(#1029,#1030),.UNSPECIFIED.,.F.,
  .F.,(2,2),(0.,1.),.PIECEWISE_BEZIER_KNOTS.);
#1029 = CARTESIAN_POINT('',(0.361759267711,32.809093921332,
    -34.83291115449));
#1030 = CARTESIAN_POINT('',(1.004886854752,20.025260892589,
    -34.83291115449));
#1031 = PCURVE('',#548,#1032);
#1032 = DEFINITIONAL_REPRESENTATION('',(#1033),#1037);
#1033 = LINE('',#1034,#1035);
#1034 = CARTESIAN_POINT('',(-36.33291115449,0.));
#1035 = VECTOR('',#1036,1.);
#1036 = DIRECTION('',(0.,1.));
#1037 = ( GEOMETRIC_REPRESENTATION_CONTEXT(2) 
PARAMETRIC_REPRESENTATION_CONTEXT() REPRESENTATION_CONTEXT('2D SPACE',''
  ) );
#1038 = PCURVE('',#1039,#1044);
#1039 = PLANE('',#1040);
#1040 = AXIS2_PLACEMENT_3D('',#1041,#1042,#1043);
#1041 = CARTESIAN_POINT('',(0.683323061231,26.41717740696,
    -36.33291115449));
#1042 = DIRECTION('',(-0.998736955371,-5.024434273758E-02,-0.));
#1043 = DIRECTION('',(5.024434273758E-02,-0.998736955371,0.));
#1044 = DEFINITIONAL_REPRESENTATION('',(#1045),#1048);
#1045 = B_SPLINE_CURVE_WITH_KNOTS('',1,(#1046,#1047),.UNSPECIFIED.,.F.,
  .F.,(2,2),(0.,1.),.PIECEWISE_BEZIER_KNOTS.);
#1046 = CARTESIAN_POINT('',(-6.4,1.5));
#1047 = CARTESIAN_POINT('',(6.4,1.5));
#1048 = ( GEOMETRIC_REPRESENTATION_CONTEXT(2) 
PARAMETRIC_REPRESENTATION_CONTEXT() REPRESENTATION_CONTEXT('2D SPACE',''
  ) );
#1049 = ORIENTED_EDGE('',*,*,#1050,.T.);
#1050 = EDGE_CURVE('',#1023,#782,#1051,.T.);
#1051 = SURFACE_CURVE('',#1052,(#1098,#1105),.PCURVE_S1.);
#1052 = B_SPLINE_CURVE_WITH_KNOTS('',8,(#1053,#1054,#1055,#1056,#1057,
    #1058,#1059,#1060,#1061,#1062,#1063,#1064,#1065,#1066,#1067,#1068,
    #1069,#1070,#1071,#1072,#1073,#1074,#1075,#1076,#1077,#1078,#1079,
    #1080,#1081,#1082,#1083,#1084,#1085,#1086,#1087,#1088,#1089,#1090,
    #1091,#1092,#1093,#1094,#1095,#1096,#1097),.UNSPECIFIED.,.F.,.F.,(9,
    6,6,6,6,6,6,9),(-36.33291115449,-21.30939510353,-6.285879052565,
    8.737636998401,23.761153049367,38.784669100334,53.8081851513,
    68.831701202267),.UNSPECIFIED.);
#1053 = CARTESIAN_POINT('',(0.361759267711,32.809093921332,
    -34.83291115449));
#1054 = CARTESIAN_POINT('',(3.755508917588,32.979397347965,
    -32.95497164813));
#1055 = CARTESIAN_POINT('',(7.048074717642,34.983047147236,
    -31.07703214174));
#1056 = CARTESIAN_POINT('',(9.094476127585,38.729808585263,
    -29.1990926354));
#1057 = CARTESIAN_POINT('',(8.794965353738,43.332070296775,
    -27.32115312898));
#1058 = CARTESIAN_POINT('',(5.971146524188,46.929384764466,
    -25.44321362266));
#1059 = CARTESIAN_POINT('',(2.014984464458,48.377758589597,
    -23.56527411626));
#1060 = CARTESIAN_POINT('',(-5.466480562133,47.119802011571,
    -19.80939510353));
#1061 = CARTESIAN_POINT('',(-8.601130266262,40.241569498658,
    -16.05351609078));
#1062 = CARTESIAN_POINT('',(-8.225880516001,36.084296114797,
    -14.17557658442));
#1063 = CARTESIAN_POINT('',(-5.52942079386,32.496375504687,
    -12.29763707804));
#1064 = CARTESIAN_POINT('',(-1.324317931441,31.0187972727,
    -10.41969757168));
#1065 = CARTESIAN_POINT('',(2.706089551776,31.867888161638,
    -8.541758065306));
#1066 = CARTESIAN_POINT('',(8.312658479523,36.761769143084,
    -4.785879052566));
#1067 = CARTESIAN_POINT('',(7.495588954327,44.13183399581,
    -1.030000039823));
#1068 = CARTESIAN_POINT('',(5.121916499983,47.452507138689,
    0.847939466544));
#1069 = CARTESIAN_POINT('',(1.101266261023,49.175708057642,
    2.725878972923));
#1070 = CARTESIAN_POINT('',(-3.179745846066,48.433306371366,
    4.603818479284));
#1071 = CARTESIAN_POINT('',(-6.239776832556,45.811267561839,
    6.481757985662));
#1072 = CARTESIAN_POINT('',(-8.80890278989,38.975110408377,
    10.237636998398));
#1073 = CARTESIAN_POINT('',(-4.752326718428,32.933755668852,
    13.993516011145));
#1074 = CARTESIAN_POINT('',(-1.203322297513,31.101950523237,
    15.871455517506));
#1075 = CARTESIAN_POINT('',(3.055183151475,31.357328259949,
    17.749395023895));
#1076 = CARTESIAN_POINT('',(6.492315324266,33.838123279893,
    19.627334530248));
#1077 = CARTESIAN_POINT('',(8.090906825219,37.444086505376,
    21.505274036627));
#1078 = CARTESIAN_POINT('',(7.528453840163,44.591148988711,
    25.261153049367));
#1079 = CARTESIAN_POINT('',(1.452731753483,48.348941425855,
    29.017032062107));
#1080 = CARTESIAN_POINT('',(-2.450369926812,48.5752960977,
    30.894971568492));
#1081 = CARTESIAN_POINT('',(-6.162950773928,46.690388972249,
    32.772911074831));
#1082 = CARTESIAN_POINT('',(-8.313670387271,43.154827399927,
    34.650850581236));
#1083 = CARTESIAN_POINT('',(-8.415610879381,39.293490229936,
    36.528790087589));
#1084 = CARTESIAN_POINT('',(-5.273811054652,32.993069675584,
    40.284669100336));
#1085 = CARTESIAN_POINT('',(1.626082028305,31.723204835569,
    44.040548113076));
#1086 = CARTESIAN_POINT('',(5.275974451495,32.880695083623,
    45.918487619436));
#1087 = CARTESIAN_POINT('',(8.030857857146,35.871854570672,
    47.796427125838));
#1088 = CARTESIAN_POINT('',(8.834781579459,39.833694672273,
    49.67436663217));
#1089 = CARTESIAN_POINT('',(7.673254530647,43.43556430184,
    51.552306138564));
#1090 = CARTESIAN_POINT('',(2.739706504817,48.282416118034,
    55.308185151297));
#1091 = CARTESIAN_POINT('',(-4.087255726601,47.335722265073,
    59.064064164042));
#1092 = CARTESIAN_POINT('',(-7.14022056396,45.154684648397,
    60.942003670427));
#1093 = CARTESIAN_POINT('',(-8.830460287801,41.559000005051,
    62.81994317675));
#1094 = CARTESIAN_POINT('',(-8.455895828666,37.623653018525,
    64.697882683189));
#1095 = CARTESIAN_POINT('',(-6.363653248334,34.561937682084,
    66.575822189505));
#1096 = CARTESIAN_POINT('',(-3.374460079342,32.944925751369,
    68.453761695901));
#1097 = CARTESIAN_POINT('',(-0.324961386896,32.807337064965,
    70.331701202267));
#1098 = PCURVE('',#548,#1099);
#1099 = DEFINITIONAL_REPRESENTATION('',(#1100),#1104);
#1100 = LINE('',#1101,#1102);
#1101 = CARTESIAN_POINT('',(0.,0.));
#1102 = VECTOR('',#1103,1.);
#1103 = DIRECTION('',(1.,0.));
#1104 = ( GEOMETRIC_REPRESENTATION_CONTEXT(2) 
PARAMETRIC_REPRESENTATION_CONTEXT() REPRESENTATION_CONTEXT('2D SPACE',''
  ) );
#1105 = PCURVE('',#848,#1106);
#1106 = DEFINITIONAL_REPRESENTATION('',(#1107),#1111);
#1107 = LINE('',#1108,#1109);
#1108 = CARTESIAN_POINT('',(0.,0.));
#1109 = VECTOR('',#1110,1.);
#1110 = DIRECTION('',(1.,0.));
#1111 = ( GEOMETRIC_REPRESENTATION_CONTEXT(2) 
PARAMETRIC_REPRESENTATION_CONTEXT() REPRESENTATION_CONTEXT('2D SPACE',''
  ) );
#1112 = ORIENTED_EDGE('',*,*,#781,.T.);
#1113 = ORIENTED_EDGE('',*,*,#488,.F.);
#1114 = ORIENTED_EDGE('',*,*,#1115,.F.);
#1115 = EDGE_CURVE('',#1116,#461,#1118,.T.);
#1116 = VERTEX_POINT('',#1117);
#1117 = CARTESIAN_POINT('',(2.338973637782,47.650438047704,
    2.001252936904));
#1118 = SURFACE_CURVE('',#1119,(#1206,#1296),.PCURVE_S1.);
#1119 = B_SPLINE_CURVE_WITH_KNOTS('',8,(#1120,#1121,#1122,#1123,#1124,
    #1125,#1126,#1127,#1128,#1129,#1130,#1131,#1132,#1133,#1134,#1135,
    #1136,#1137,#1138,#1139,#1140,#1141,#1142,#1143,#1144,#1145,#1146,
    #1147,#1148,#1149,#1150,#1151,#1152,#1153,#1154,#1155,#1156,#1157,
    #1158,#1159,#1160,#1161,#1162,#1163,#1164,#1165,#1166,#1167,#1168,
    #1169,#1170,#1171,#1172,#1173,#1174,#1175,#1176,#1177,#1178,#1179,
    #1180,#1181,#1182,#1183,#1184,#1185,#1186,#1187,#1188,#1189,#1190,
    #1191,#1192,#1193,#1194,#1195,#1196,#1197,#1198,#1199,#1200,#1201,
    #1202,#1203,#1204,#1205),.UNSPECIFIED.,.F.,.F.,(9,7,7,7,7,7,7,7,7,7,
    7,7,9),(0.,7.413650280968E-02,0.156738919774,0.236772755344,
    0.322114811193,0.4028388022,0.488125518309,0.57510533609,
    0.658109570463,0.744057223549,0.828416495176,0.912629384751,1.),
  .UNSPECIFIED.);
#1120 = CARTESIAN_POINT('',(2.338973637782,47.650438047704,
    2.001252936904));
#1121 = CARTESIAN_POINT('',(2.781800740093,47.515052215946,
    1.761794707232));
#1122 = CARTESIAN_POINT('',(3.215749486164,47.350348927897,
    1.522363261201));
#1123 = CARTESIAN_POINT('',(3.638522880434,47.15701100942,1.282974877417
    ));
#1124 = CARTESIAN_POINT('',(4.047917633664,46.935933262841,
    1.043631177563));
#1125 = CARTESIAN_POINT('',(4.441827952109,46.688205397156,0.8043262497)
  );
#1126 = CARTESIAN_POINT('',(4.818253757623,46.41510247239,0.565053805636
    ));
#1127 = CARTESIAN_POINT('',(5.175313338695,46.11808285811,0.325814372356
    ));
#1128 = CARTESIAN_POINT('',(5.88557053423,45.443043776365,
    -0.179883516347));
#1129 = CARTESIAN_POINT('',(6.233715937012,45.059605100148,
    -0.446362040618));
#1130 = CARTESIAN_POINT('',(6.553260042848,44.650755040838,
    -0.712785757992));
#1131 = CARTESIAN_POINT('',(6.842050322896,44.218998025794,
    -0.979152359593));
#1132 = CARTESIAN_POINT('',(7.098207897632,43.76703445838,
    -1.245471969447));
#1133 = CARTESIAN_POINT('',(7.320131327661,43.297738773313,
    -1.511754799959));
#1134 = CARTESIAN_POINT('',(7.506514615099,42.814146635331,
    -1.777999018374));
#1135 = CARTESIAN_POINT('',(7.801584062481,41.840138833817,
    -2.302081578166));
#1136 = CARTESIAN_POINT('',(7.912525731322,41.350337975186,
    -2.559958297751));
#1137 = CARTESIAN_POINT('',(7.988298045135,40.852952602629,
    -2.817783332545));
#1138 = CARTESIAN_POINT('',(8.028311907135,40.350937028844,
    -3.075553182681));
#1139 = CARTESIAN_POINT('',(8.032274919486,39.847278048957,
    -3.33327632734));
#1140 = CARTESIAN_POINT('',(8.000184838957,39.344977218359,
    -3.590962715326));
#1141 = CARTESIAN_POINT('',(7.932337069395,38.847033341297,
    -3.848612917763));
#1142 = CARTESIAN_POINT('',(7.719524473348,37.833277558444,
    -4.380885814967));
#1143 = CARTESIAN_POINT('',(7.569728873132,37.318403058138,
    -4.655535364697));
#1144 = CARTESIAN_POINT('',(7.380691293391,36.815431249081,
    -4.930127997042));
#1145 = CARTESIAN_POINT('',(7.153531044529,36.327837062575,
    -5.204653682349));
#1146 = CARTESIAN_POINT('',(6.889724781121,35.858958945428,
    -5.479126244091));
#1147 = CARTESIAN_POINT('',(6.591087819653,35.411972821669,
    -5.753562728879));
#1148 = CARTESIAN_POINT('',(6.25977087887,34.989851751636,
    -6.027958774112));
#1149 = CARTESIAN_POINT('',(5.556343035914,34.222178544439,
    -6.56176266239));
#1150 = CARTESIAN_POINT('',(5.187357714057,33.873662081614,
    -6.821217029081));
#1151 = CARTESIAN_POINT('',(4.793421717916,33.55212371526,
    -7.080620868454));
#1152 = CARTESIAN_POINT('',(4.37685048206,33.259637503641,
    -7.339971065311));
#1153 = CARTESIAN_POINT('',(3.940145681009,32.998028893742,
    -7.599275845068));
#1154 = CARTESIAN_POINT('',(3.48597590804,32.768871091986,
    -7.858543923147));
#1155 = CARTESIAN_POINT('',(3.017165828374,32.573468559611,
    -8.117773468154));
#1156 = CARTESIAN_POINT('',(2.029064285454,32.243106872412,
    -8.650757090124));
#1157 = CARTESIAN_POINT('',(1.508341526895,32.112163104837,
    -8.924544090024));
#1158 = CARTESIAN_POINT('',(0.978039839719,32.021205057055,
    -9.198269719463));
#1159 = CARTESIAN_POINT('',(0.441750333571,31.971027980466,
    -9.471931838757));
#1160 = CARTESIAN_POINT('',(-9.688529188337E-02,31.962042423458,
    -9.745543146986));
#1161 = CARTESIAN_POINT('',(-0.634199919151,31.994282139765,
    -10.01911616389));
#1162 = CARTESIAN_POINT('',(-1.166525146332,32.067391132525,
    -10.2926483743));
#1163 = CARTESIAN_POINT('',(-2.224299833227,32.29603574261,
    -10.84499537438));
#1164 = CARTESIAN_POINT('',(-2.749499936556,32.453199819557,
    -11.12385705017));
#1165 = CARTESIAN_POINT('',(-3.261937088,32.651279286683,-11.40265636988
    ));
#1166 = CARTESIAN_POINT('',(-3.757895661803,32.889041185916,
    -11.68138985872));
#1167 = CARTESIAN_POINT('',(-4.233829442519,33.164866743103,
    -11.96007050345));
#1168 = CARTESIAN_POINT('',(-4.686380089256,33.476774355183,
    -12.2387116031));
#1169 = CARTESIAN_POINT('',(-5.112406631859,33.822421200744,
    -12.51731072672));
#1170 = CARTESIAN_POINT('',(-5.887517099034,34.558529658198,
    -13.0616263866));
#1171 = CARTESIAN_POINT('',(-6.23928763135,34.946277582281,
    -13.32739100679));
#1172 = CARTESIAN_POINT('',(-6.5618186448,35.359975242022,
    -13.59309801646));
#1173 = CARTESIAN_POINT('',(-6.85288903954,35.797034221495,
    -13.85874447127));
#1174 = CARTESIAN_POINT('',(-7.110563664607,36.254662045122,
    -14.12434114272));
#1175 = CARTESIAN_POINT('',(-7.333196954274,36.729885124938,
    -14.38989955917));
#1176 = CARTESIAN_POINT('',(-7.519452103181,37.219562303022,
    -14.65541905025));
#1177 = CARTESIAN_POINT('',(-7.822499031412,38.238975523857,
    -15.19574184718));
#1178 = CARTESIAN_POINT('',(-7.936616958298,38.769595783323,
    -15.47058188253));
#1179 = CARTESIAN_POINT('',(-8.009563673351,39.308577756227,
    -15.74536051948));
#1180 = CARTESIAN_POINT('',(-8.040649227737,39.852185834823,
    -16.02007532884));
#1181 = CARTESIAN_POINT('',(-8.029586768049,40.396647460188,
    -16.29473915246));
#1182 = CARTESIAN_POINT('',(-7.976482346812,40.938179096561,
    -16.56936462724));
#1183 = CARTESIAN_POINT('',(-7.881847386783,41.473011534749,
    -16.84394891403));
#1184 = CARTESIAN_POINT('',(-7.613919066754,42.512126127203,
    -17.38789518933));
#1185 = CARTESIAN_POINT('',(-7.442088744673,43.016879125607,
    -17.65730568199));
#1186 = CARTESIAN_POINT('',(-7.232021995497,43.50813640408,
    -17.92665642916));
#1187 = CARTESIAN_POINT('',(-6.984976519968,43.982520702894,
    -18.19594318041));
#1188 = CARTESIAN_POINT('',(-6.702550863662,44.436818951968,
    -18.46517756475));
#1189 = CARTESIAN_POINT('',(-6.386663874583,44.867997313631,
    -18.73437296735));
#1190 = CARTESIAN_POINT('',(-6.039551311598,45.273226934518,
    -19.00352983328));
#1191 = CARTESIAN_POINT('',(-5.288659943089,46.025960231893,
    -19.54124403138));
#1192 = CARTESIAN_POINT('',(-4.88492577419,46.373617626775,
    -19.80983967403));
#1193 = CARTESIAN_POINT('',(-4.455122656245,46.690299182333,
    -20.07837972502));
#1194 = CARTESIAN_POINT('',(-4.002024243467,46.973751504607,
    -20.34684811648));
#1195 = CARTESIAN_POINT('',(-3.528643380603,47.222002055814,
    -20.61527233762));
#1196 = CARTESIAN_POINT('',(-3.038157050958,47.433421388462,
    -20.88365464139));
#1197 = CARTESIAN_POINT('',(-2.533928433317,47.606699502834,
    -21.15199867209));
#1198 = CARTESIAN_POINT('',(-1.48573991585,47.880155045569,
    -21.69860255499));
#1199 = CARTESIAN_POINT('',(-0.940901200493,47.977373070662,
    -21.97690775838));
#1200 = CARTESIAN_POINT('',(-0.388895859164,48.031502609385,
    -22.25514933349));
#1201 = CARTESIAN_POINT('',(0.166292803366,48.041955839847,
    -22.53332375139));
#1202 = CARTESIAN_POINT('',(0.720657912068,48.008581218612,
    -22.81144435827));
#1203 = CARTESIAN_POINT('',(1.270196639216,47.931650995194,
    -23.08952459908));
#1204 = CARTESIAN_POINT('',(1.810938401655,47.811874620279,
    -23.36756125703));
#1205 = CARTESIAN_POINT('',(2.338973637782,47.650438047704,
    -23.64551770878));
#1206 = PCURVE('',#548,#1207);
#1207 = DEFINITIONAL_REPRESENTATION('',(#1208),#1295);
#1208 = B_SPLINE_CURVE_WITH_KNOTS('',8,(#1209,#1210,#1211,#1212,#1213,
    #1214,#1215,#1216,#1217,#1218,#1219,#1220,#1221,#1222,#1223,#1224,
    #1225,#1226,#1227,#1228,#1229,#1230,#1231,#1232,#1233,#1234,#1235,
    #1236,#1237,#1238,#1239,#1240,#1241,#1242,#1243,#1244,#1245,#1246,
    #1247,#1248,#1249,#1250,#1251,#1252,#1253,#1254,#1255,#1256,#1257,
    #1258,#1259,#1260,#1261,#1262,#1263,#1264,#1265,#1266,#1267,#1268,
    #1269,#1270,#1271,#1272,#1273,#1274,#1275,#1276,#1277,#1278,#1279,
    #1280,#1281,#1282,#1283,#1284,#1285,#1286,#1287,#1288,#1289,#1290,
    #1291,#1292,#1293,#1294),.UNSPECIFIED.,.F.,.F.,(9,7,7,7,7,7,7,7,7,7,
    7,7,9),(0.,7.413650280968E-02,0.156738919774,0.236772755344,
    0.322114811193,0.4028388022,0.488125518309,0.57510533609,
    0.658109570463,0.744057223549,0.828416495176,0.912629384751,1.),
  .UNSPECIFIED.);
#1209 = CARTESIAN_POINT('',(0.501252936904,6.250035966561E-02));
#1210 = CARTESIAN_POINT('',(0.261794707232,6.250049548566E-02));
#1211 = CARTESIAN_POINT('',(2.236326120109E-02,6.250063758336E-02));
#1212 = CARTESIAN_POINT('',(-0.217025122583,6.250075468248E-02));
#1213 = CARTESIAN_POINT('',(-0.456368822437,6.250080011013E-02));
#1214 = CARTESIAN_POINT('',(-0.6956737503,6.250073720547E-02));
#1215 = CARTESIAN_POINT('',(-0.934946194364,6.25005549995E-02));
#1216 = CARTESIAN_POINT('',(-1.174185627644,6.250027416571E-02));
#1217 = CARTESIAN_POINT('',(-1.679883516347,6.249957452872E-02));
#1218 = CARTESIAN_POINT('',(-1.946362040618,6.249914472527E-02));
#1219 = CARTESIAN_POINT('',(-2.212785757992,6.249871167879E-02));
#1220 = CARTESIAN_POINT('',(-2.479152359593,6.249838785983E-02));
#1221 = CARTESIAN_POINT('',(-2.745471969447,6.24982893948E-02));
#1222 = CARTESIAN_POINT('',(-3.011754799959,6.249848978888E-02));
#1223 = CARTESIAN_POINT('',(-3.277999018374,6.249897833926E-02));
#1224 = CARTESIAN_POINT('',(-3.802081578166,6.250024808432E-02));
#1225 = CARTESIAN_POINT('',(-4.059958297751,6.25010219777E-02));
#1226 = CARTESIAN_POINT('',(-4.317783332545,6.250183076646E-02));
#1227 = CARTESIAN_POINT('',(-4.575553182681,6.250248287358E-02));
#1228 = CARTESIAN_POINT('',(-4.83327632734,6.250270054062E-02));
#1229 = CARTESIAN_POINT('',(-5.090962715326,6.250222234501E-02));
#1230 = CARTESIAN_POINT('',(-5.348612917763,6.250101699134E-02));
#1231 = CARTESIAN_POINT('',(-5.880885814967,6.249810633582E-02));
#1232 = CARTESIAN_POINT('',(-6.155535364697,6.24962370766E-02));
#1233 = CARTESIAN_POINT('',(-6.430127997042,6.249428402592E-02));
#1234 = CARTESIAN_POINT('',(-6.704653682349,6.249812040614E-02));
#1235 = CARTESIAN_POINT('',(-6.979126244091,6.250211555675E-02));
#1236 = CARTESIAN_POINT('',(-7.253562728879,6.25013275488E-02));
#1237 = CARTESIAN_POINT('',(-7.527958774112,6.250235993615E-02));
#1238 = CARTESIAN_POINT('',(-8.06176266239,6.2502166421E-02));
#1239 = CARTESIAN_POINT('',(-8.321217029081,6.250158909055E-02));
#1240 = CARTESIAN_POINT('',(-8.580620868454,6.250072916738E-02));
#1241 = CARTESIAN_POINT('',(-8.839971065311,6.249985782758E-02));
#1242 = CARTESIAN_POINT('',(-9.099275845068,6.24991628316E-02));
#1243 = CARTESIAN_POINT('',(-9.358543923147,6.24986996149E-02));
#1244 = CARTESIAN_POINT('',(-9.617773468154,6.249844739013E-02));
#1245 = CARTESIAN_POINT('',(-10.15075709012,6.249849442451E-02));
#1246 = CARTESIAN_POINT('',(-10.42454409002,6.249888967319E-02));
#1247 = CARTESIAN_POINT('',(-10.69826971946,6.249949763884E-02));
#1248 = CARTESIAN_POINT('',(-10.97193183875,6.250005323187E-02));
#1249 = CARTESIAN_POINT('',(-11.24554314698,6.250039154698E-02));
#1250 = CARTESIAN_POINT('',(-11.51911616389,6.250051723976E-02));
#1251 = CARTESIAN_POINT('',(-11.7926483743,6.250053637406E-02));
#1252 = CARTESIAN_POINT('',(-12.34499537438,6.250036340612E-02));
#1253 = CARTESIAN_POINT('',(-12.62385705017,6.250018287825E-02));
#1254 = CARTESIAN_POINT('',(-12.90265636988,6.249997019673E-02));
#1255 = CARTESIAN_POINT('',(-13.18138985872,6.249981226648E-02));
#1256 = CARTESIAN_POINT('',(-13.46007050345,6.249977140566E-02));
#1257 = CARTESIAN_POINT('',(-13.7387116031,6.249986037366E-02));
#1258 = CARTESIAN_POINT('',(-14.01731072672,6.250004287828E-02));
#1259 = CARTESIAN_POINT('',(-14.5616263866,6.250046634243E-02));
#1260 = CARTESIAN_POINT('',(-14.82739100679,6.250070363624E-02));
#1261 = CARTESIAN_POINT('',(-15.09309801646,6.25009243814E-02));
#1262 = CARTESIAN_POINT('',(-15.35874447127,6.250105333844E-02));
#1263 = CARTESIAN_POINT('',(-15.62434114272,6.2501027921E-02));
#1264 = CARTESIAN_POINT('',(-15.88989955917,6.250082446284E-02));
#1265 = CARTESIAN_POINT('',(-16.15541905025,6.250046992134E-02));
#1266 = CARTESIAN_POINT('',(-16.69574184718,6.249959283399E-02));
#1267 = CARTESIAN_POINT('',(-16.97058188253,6.249906592739E-02));
#1268 = CARTESIAN_POINT('',(-17.24536051948,6.2498528489E-02));
#1269 = CARTESIAN_POINT('',(-17.52007532884,6.249811831856E-02));
#1270 = CARTESIAN_POINT('',(-17.79473915246,6.249797830834E-02));
#1271 = CARTESIAN_POINT('',(-18.06936462724,6.249819910141E-02));
#1272 = CARTESIAN_POINT('',(-18.34394891403,6.249876692429E-02));
#1273 = CARTESIAN_POINT('',(-18.88789518933,6.25002524093E-02));
#1274 = CARTESIAN_POINT('',(-19.15730568199,6.250116628458E-02));
#1275 = CARTESIAN_POINT('',(-19.42665642916,6.250211053538E-02));
#1276 = CARTESIAN_POINT('',(-19.69594318041,6.250283635568E-02));
#1277 = CARTESIAN_POINT('',(-19.96517756475,6.250298530109E-02));
#1278 = CARTESIAN_POINT('',(-20.23437296735,6.250224152443E-02));
#1279 = CARTESIAN_POINT('',(-20.50352983328,6.250064476348E-02));
#1280 = CARTESIAN_POINT('',(-21.04124403138,6.249748614145E-02));
#1281 = CARTESIAN_POINT('',(-21.30983967403,6.249590590042E-02));
#1282 = CARTESIAN_POINT('',(-21.57837972502,6.249400614144E-02));
#1283 = CARTESIAN_POINT('',(-21.84684811648,6.25027959785E-02));
#1284 = CARTESIAN_POINT('',(-22.11527233762,6.249981580977E-02));
#1285 = CARTESIAN_POINT('',(-22.38365464139,6.250250904734E-02));
#1286 = CARTESIAN_POINT('',(-22.65199867209,6.25021984314E-02));
#1287 = CARTESIAN_POINT('',(-23.19860255499,6.250147381234E-02));
#1288 = CARTESIAN_POINT('',(-23.47690775838,6.250072257994E-02));
#1289 = CARTESIAN_POINT('',(-23.75514933349,6.24999781004E-02));
#1290 = CARTESIAN_POINT('',(-24.03332375139,6.24993532465E-02));
#1291 = CARTESIAN_POINT('',(-24.31144435827,6.249890141855E-02));
#1292 = CARTESIAN_POINT('',(-24.58952459908,6.249869766298E-02));
#1293 = CARTESIAN_POINT('',(-24.86756125703,6.2498784247E-02));
#1294 = CARTESIAN_POINT('',(-25.14551770877,6.249898068924E-02));
#1295 = ( GEOMETRIC_REPRESENTATION_CONTEXT(2) 
PARAMETRIC_REPRESENTATION_CONTEXT() REPRESENTATION_CONTEXT('2D SPACE',''
  ) );
#1296 = PCURVE('',#476,#1297);
#1297 = DEFINITIONAL_REPRESENTATION('',(#1298),#1385);
#1298 = B_SPLINE_CURVE_WITH_KNOTS('',8,(#1299,#1300,#1301,#1302,#1303,
    #1304,#1305,#1306,#1307,#1308,#1309,#1310,#1311,#1312,#1313,#1314,
    #1315,#1316,#1317,#1318,#1319,#1320,#1321,#1322,#1323,#1324,#1325,
    #1326,#1327,#1328,#1329,#1330,#1331,#1332,#1333,#1334,#1335,#1336,
    #1337,#1338,#1339,#1340,#1341,#1342,#1343,#1344,#1345,#1346,#1347,
    #1348,#1349,#1350,#1351,#1352,#1353,#1354,#1355,#1356,#1357,#1358,
    #1359,#1360,#1361,#1362,#1363,#1364,#1365,#1366,#1367,#1368,#1369,
    #1370,#1371,#1372,#1373,#1374,#1375,#1376,#1377,#1378,#1379,#1380,
    #1381,#1382,#1383,#1384),.UNSPECIFIED.,.F.,.F.,(9,7,7,7,7,7,7,7,7,7,
    7,7,9),(0.,7.413650280968E-02,0.156738919774,0.236772755344,
    0.322114811193,0.4028388022,0.488125518309,0.57510533609,
    0.658109570463,0.744057223549,0.828416495176,0.912629384751,1.),
  .UNSPECIFIED.);
#1299 = CARTESIAN_POINT('',(-6.28318530718,-35.5341640914));
#1300 = CARTESIAN_POINT('',(-6.225302725875,-35.29470586173));
#1301 = CARTESIAN_POINT('',(-6.167410029033,-35.05527441569));
#1302 = CARTESIAN_POINT('',(-6.109511091272,-34.81588603191));
#1303 = CARTESIAN_POINT('',(-6.051606296245,-34.57654233206));
#1304 = CARTESIAN_POINT('',(-5.993694260022,-34.33723740419));
#1305 = CARTESIAN_POINT('',(-5.935773550978,-34.09796496013));
#1306 = CARTESIAN_POINT('',(-5.877844406174,-33.85872552685));
#1307 = CARTESIAN_POINT('',(-5.755360794663,-33.35302763815));
#1308 = CARTESIAN_POINT('',(-5.690797523328,-33.08654911388));
#1309 = CARTESIAN_POINT('',(-5.626227357759,-32.8201253965));
#1310 = CARTESIAN_POINT('',(-5.561650968361,-32.5537587949));
#1311 = CARTESIAN_POINT('',(-5.497065912852,-32.28743918505));
#1312 = CARTESIAN_POINT('',(-5.432469603984,-32.02115635453));
#1313 = CARTESIAN_POINT('',(-5.3678623006,-31.75491213612));
#1314 = CARTESIAN_POINT('',(-5.240647105446,-31.23082957633));
#1315 = CARTESIAN_POINT('',(-5.178031146456,-30.97295285674));
#1316 = CARTESIAN_POINT('',(-5.115408364432,-30.71512782195));
#1317 = CARTESIAN_POINT('',(-5.052779456218,-30.45735797181));
#1318 = CARTESIAN_POINT('',(-4.990142382359,-30.19963482715));
#1319 = CARTESIAN_POINT('',(-4.927494965319,-29.94194843917));
#1320 = CARTESIAN_POINT('',(-4.864837399657,-29.68429823673));
#1321 = CARTESIAN_POINT('',(-4.735355862103,-29.15202533953));
#1322 = CARTESIAN_POINT('',(-4.668522564338,-28.8773757898));
#1323 = CARTESIAN_POINT('',(-4.601682999866,-28.60278315745));
#1324 = CARTESIAN_POINT('',(-4.53483561805,-28.32825747214));
#1325 = CARTESIAN_POINT('',(-4.467977987848,-28.0537849104));
#1326 = CARTESIAN_POINT('',(-4.401108325434,-27.77934842561));
#1327 = CARTESIAN_POINT('',(-4.334226414893,-27.50495238038));
#1328 = CARTESIAN_POINT('',(-4.20407428736,-26.9711484921));
#1329 = CARTESIAN_POINT('',(-4.14079487514,-26.71169412541));
#1330 = CARTESIAN_POINT('',(-4.077508656296,-26.45229028604));
#1331 = CARTESIAN_POINT('',(-4.014216239715,-26.19294008918));
#1332 = CARTESIAN_POINT('',(-3.95091538285,-25.93363530943));
#1333 = CARTESIAN_POINT('',(-3.887603743826,-25.67436723135));
#1334 = CARTESIAN_POINT('',(-3.824281629687,-25.41513768634));
#1335 = CARTESIAN_POINT('',(-3.69404845518,-24.88215406437));
#1336 = CARTESIAN_POINT('',(-3.62712702016,-24.60836706447));
#1337 = CARTESIAN_POINT('',(-3.560198168688,-24.33464143503));
#1338 = CARTESIAN_POINT('',(-3.493262587079,-24.06097931574));
#1339 = CARTESIAN_POINT('',(-3.426317421674,-23.78736800751));
#1340 = CARTESIAN_POINT('',(-3.359359826178,-23.5137949906));
#1341 = CARTESIAN_POINT('',(-3.292390549663,-23.24026278019));
#1342 = CARTESIAN_POINT('',(-3.157115041095,-22.68791578011));
#1343 = CARTESIAN_POINT('',(-3.088796456393,-22.40905410432));
#1344 = CARTESIAN_POINT('',(-3.02047073939,-22.13025478461));
#1345 = CARTESIAN_POINT('',(-2.952138710436,-21.85152129577));
#1346 = CARTESIAN_POINT('',(-2.883797056315,-21.57284065104));
#1347 = CARTESIAN_POINT('',(-2.815442318132,-21.29419955139));
#1348 = CARTESIAN_POINT('',(-2.747074892699,-21.01560042776));
#1349 = CARTESIAN_POINT('',(-2.613456271625,-20.47128476789));
#1350 = CARTESIAN_POINT('',(-2.548195334143,-20.2055201477));
#1351 = CARTESIAN_POINT('',(-2.482927398403,-19.93981313803));
#1352 = CARTESIAN_POINT('',(-2.417653146029,-19.67416668321));
#1353 = CARTESIAN_POINT('',(-2.352369970872,-19.40857001177));
#1354 = CARTESIAN_POINT('',(-2.287075151447,-19.14301159532));
#1355 = CARTESIAN_POINT('',(-2.221769001794,-18.87749210424));
#1356 = CARTESIAN_POINT('',(-2.088831001941,-18.33716930731));
#1357 = CARTESIAN_POINT('',(-2.021188616808,-18.06232927196));
#1358 = CARTESIAN_POINT('',(-1.953539184451,-17.78755063501));
#1359 = CARTESIAN_POINT('',(-1.885883431585,-17.51283582565));
#1360 = CARTESIAN_POINT('',(-1.818218210064,-17.23817200203));
#1361 = CARTESIAN_POINT('',(-1.750540277129,-16.96354652725));
#1362 = CARTESIAN_POINT('',(-1.682850118392,-16.68896224045));
#1363 = CARTESIAN_POINT('',(-1.548712553689,-16.14501596516));
#1364 = CARTESIAN_POINT('',(-1.482254000211,-15.8756054725));
#1365 = CARTESIAN_POINT('',(-1.415788355294,-15.60625472533));
#1366 = CARTESIAN_POINT('',(-1.349316486949,-15.33696797408));
#1367 = CARTESIAN_POINT('',(-1.282835600715,-15.06773358974));
#1368 = CARTESIAN_POINT('',(-1.21634277097,-14.79853818714));
#1369 = CARTESIAN_POINT('',(-1.149838331898,-14.52938132121));
#1370 = CARTESIAN_POINT('',(-1.016935332479,-13.99166712311));
#1371 = CARTESIAN_POINT('',(-0.950527196027,-13.72307148046));
#1372 = CARTESIAN_POINT('',(-0.884112962002,-13.45453142947));
#1373 = CARTESIAN_POINT('',(-0.817690173006,-13.18606303801));
#1374 = CARTESIAN_POINT('',(-0.751258977164,-12.91763881687));
#1375 = CARTESIAN_POINT('',(-0.684815289978,-12.6492565131));
#1376 = CARTESIAN_POINT('',(-0.618360288411,-12.3809124824));
#1377 = CARTESIAN_POINT('',(-0.48295135326,-11.8343085995));
#1378 = CARTESIAN_POINT('',(-0.41398462468,-11.55600339611));
#1379 = CARTESIAN_POINT('',(-0.345010798758,-11.277761821));
#1380 = CARTESIAN_POINT('',(-0.276030589682,-10.9995874031));
#1381 = CARTESIAN_POINT('',(-0.207040449725,-10.72146679622));
#1382 = CARTESIAN_POINT('',(-0.138036794657,-10.44338655541));
#1383 = CARTESIAN_POINT('',(-6.902026169406E-02,-10.16534989746));
#1384 = CARTESIAN_POINT('',(0.,-9.887393445719));
#1385 = ( GEOMETRIC_REPRESENTATION_CONTEXT(2) 
PARAMETRIC_REPRESENTATION_CONTEXT() REPRESENTATION_CONTEXT('2D SPACE',''
  ) );
#1386 = ORIENTED_EDGE('',*,*,#1387,.F.);
#1387 = EDGE_CURVE('',#1388,#1116,#1390,.T.);
#1388 = VERTEX_POINT('',#1389);
#1389 = CARTESIAN_POINT('',(2.338973637782,47.650438047704,
    28.34701923197));
#1390 = SURFACE_CURVE('',#1391,(#1448,#1508),.PCURVE_S1.);
#1391 = B_SPLINE_CURVE_WITH_KNOTS('',7,(#1392,#1393,#1394,#1395,#1396,
    #1397,#1398,#1399,#1400,#1401,#1402,#1403,#1404,#1405,#1406,#1407,
    #1408,#1409,#1410,#1411,#1412,#1413,#1414,#1415,#1416,#1417,#1418,
    #1419,#1420,#1421,#1422,#1423,#1424,#1425,#1426,#1427,#1428,#1429,
    #1430,#1431,#1432,#1433,#1434,#1435,#1436,#1437,#1438,#1439,#1440,
    #1441,#1442,#1443,#1444,#1445,#1446,#1447),.UNSPECIFIED.,.F.,.F.,(8,
    6,6,6,6,6,6,6,6,8),(0.,0.119336842123,0.241668458951,0.367600245149,
    0.493122732424,0.620529701732,0.684089572166,0.744548379541,
    0.867683833059,1.),.UNSPECIFIED.);
#1392 = CARTESIAN_POINT('',(2.338973637782,47.650438047704,
    28.34701923197));
#1393 = CARTESIAN_POINT('',(3.153404772295,47.401441461949,
    27.894614316611));
#1394 = CARTESIAN_POINT('',(3.937389331804,47.05114750292,
    27.442183673914));
#1395 = CARTESIAN_POINT('',(4.675283956397,46.604107620418,
    26.990008979278));
#1396 = CARTESIAN_POINT('',(5.352974270989,46.067873795013,
    26.538020176076));
#1397 = CARTESIAN_POINT('',(5.957974159831,45.452191349863,
    26.086117502358));
#1398 = CARTESIAN_POINT('',(6.479523466458,44.76898227763,
    25.634213356517));
#1399 = CARTESIAN_POINT('',(7.350099301249,43.27725859653,
    24.719639568626));
#1400 = CARTESIAN_POINT('',(7.694779752345,42.465495209577,
    24.256654873364));
#1401 = CARTESIAN_POINT('',(7.934351474493,41.612186238872,
    23.793952474858));
#1402 = CARTESIAN_POINT('',(8.063222191625,40.733761570855,
    23.331434610066));
#1403 = CARTESIAN_POINT('',(8.078816215927,39.847151249548,
    22.868999578192));
#1404 = CARTESIAN_POINT('',(7.981552267172,38.969720048261,
    22.406561534838));
#1405 = CARTESIAN_POINT('',(7.563679192028,37.242610103539,
    21.46871220153));
#1406 = CARTESIAN_POINT('',(7.236408048796,36.393792924271,
    20.992931160629));
#1407 = CARTESIAN_POINT('',(6.798111602051,35.591148597107,
    20.517465442228));
#1408 = CARTESIAN_POINT('',(6.256980829082,34.851844853856,
    20.042211688467));
#1409 = CARTESIAN_POINT('',(5.624016456029,34.191099354598,
    19.567040864742));
#1410 = CARTESIAN_POINT('',(4.912978177638,33.622103053976,
    19.091848918108));
#1411 = CARTESIAN_POINT('',(3.370661472338,32.689167174499,
    18.143703240043));
#1412 = CARTESIAN_POINT('',(2.539123658667,32.324169306862,
    17.670342904496));
#1413 = CARTESIAN_POINT('',(1.662308650386,32.070108481187,
    17.197291288129));
#1414 = CARTESIAN_POINT('',(0.758069922503,31.933228025629,
    16.724452912076));
#1415 = CARTESIAN_POINT('',(-0.155143664877,31.916435968399,
    16.251702182092));
#1416 = CARTESIAN_POINT('',(-1.058378605332,32.019276675637,
    15.778935932001));
#1417 = CARTESIAN_POINT('',(-2.820454474989,32.458003299214,
    14.827000857945));
#1418 = CARTESIAN_POINT('',(-3.67921099634,32.79756033397,
    14.347418063643));
#1419 = CARTESIAN_POINT('',(-4.489355960256,33.251073087488,
    13.868163937708));
#1420 = CARTESIAN_POINT('',(-5.233029803127,33.809784756367,
    13.389124359895));
#1421 = CARTESIAN_POINT('',(-5.894487884669,34.462005652166,
    12.910170841554));
#1422 = CARTESIAN_POINT('',(-6.460148546469,35.193157892112,
    12.431192687164));
#1423 = CARTESIAN_POINT('',(-7.149188046416,36.380887138205,
    11.713817488236));
#1424 = CARTESIAN_POINT('',(-7.352211102668,36.791548220371,
    11.475083334871));
#1425 = CARTESIAN_POINT('',(-7.527673946922,37.215437200437,
    11.236392001521));
#1426 = CARTESIAN_POINT('',(-7.674558163649,37.650329956499,
    10.997741295728));
#1427 = CARTESIAN_POINT('',(-7.792068443034,38.093915351205,
    10.759124158837));
#1428 = CARTESIAN_POINT('',(-7.879638150032,38.543810538917,
    10.520538564039));
#1429 = CARTESIAN_POINT('',(-7.991461395075,39.429197310241,
    10.055096557537));
#1430 = CARTESIAN_POINT('',(-8.018598703234,39.864344815461,
    9.828223466408));
#1431 = CARTESIAN_POINT('',(-8.018079313068,40.300915005544,
    9.601389440614));
#1432 = CARTESIAN_POINT('',(-7.98983020579,40.736798273948,
    9.374592450753));
#1433 = CARTESIAN_POINT('',(-7.933975408204,41.169889681967,
    9.147826860107));
#1434 = CARTESIAN_POINT('',(-7.850835656462,41.598101579756,
    8.921091134989));
#1435 = CARTESIAN_POINT('',(-7.517111571015,42.877377041693,
    8.232685352181));
#1436 = CARTESIAN_POINT('',(-7.182187740797,43.706995164435,
    7.770925679259));
#1437 = CARTESIAN_POINT('',(-6.740567466393,44.490310338924,
    7.309456215307));
#1438 = CARTESIAN_POINT('',(-6.200276318171,45.211112315051,
    6.848189213826));
#1439 = CARTESIAN_POINT('',(-5.571939915854,45.855042879455,
    6.387012861118));
#1440 = CARTESIAN_POINT('',(-4.868756686784,46.409665668333,
    5.925828526603));
#1441 = CARTESIAN_POINT('',(-3.28773046757,47.355366153582,4.96975264709
    ));
#1442 = CARTESIAN_POINT('',(-2.399973528413,47.731645617622,
    4.474427289512));
#1443 = CARTESIAN_POINT('',(-1.463032140624,47.982163993089,
    3.979483556765));
#1444 = CARTESIAN_POINT('',(-0.498410936419,48.099884676562,
    3.484779795428));
#1445 = CARTESIAN_POINT('',(0.471800680246,48.081989718276,
    2.990161662418));
#1446 = CARTESIAN_POINT('',(1.424986306665,47.929872017291,
    2.495490500751));
#1447 = CARTESIAN_POINT('',(2.338973637782,47.650438047704,
    2.001252936904));
#1448 = PCURVE('',#548,#1449);
#1449 = DEFINITIONAL_REPRESENTATION('',(#1450),#1507);
#1450 = B_SPLINE_CURVE_WITH_KNOTS('',7,(#1451,#1452,#1453,#1454,#1455,
    #1456,#1457,#1458,#1459,#1460,#1461,#1462,#1463,#1464,#1465,#1466,
    #1467,#1468,#1469,#1470,#1471,#1472,#1473,#1474,#1475,#1476,#1477,
    #1478,#1479,#1480,#1481,#1482,#1483,#1484,#1485,#1486,#1487,#1488,
    #1489,#1490,#1491,#1492,#1493,#1494,#1495,#1496,#1497,#1498,#1499,
    #1500,#1501,#1502,#1503,#1504,#1505,#1506),.UNSPECIFIED.,.F.,.F.,(8,
    6,6,6,6,6,6,6,6,8),(0.,0.119336842123,0.241668458951,0.367600245149,
    0.493122732424,0.620529701732,0.684089572166,0.744548379541,
    0.867683833059,1.),.UNSPECIFIED.);
#1451 = CARTESIAN_POINT('',(26.84701923197,6.249918670081E-02));
#1452 = CARTESIAN_POINT('',(26.394614316611,6.249967446581E-02));
#1453 = CARTESIAN_POINT('',(25.942183673915,6.250079449011E-02));
#1454 = CARTESIAN_POINT('',(25.490008979277,6.250179293767E-02));
#1455 = CARTESIAN_POINT('',(25.038020176078,6.250354691153E-02));
#1456 = CARTESIAN_POINT('',(24.586117502357,6.250117642683E-02));
#1457 = CARTESIAN_POINT('',(24.134213356517,6.249702677546E-02));
#1458 = CARTESIAN_POINT('',(23.219639568625,6.249855212821E-02));
#1459 = CARTESIAN_POINT('',(22.756654873363,6.250303395549E-02));
#1460 = CARTESIAN_POINT('',(22.293952474858,6.250295291832E-02));
#1461 = CARTESIAN_POINT('',(21.831434610065,6.250129294038E-02));
#1462 = CARTESIAN_POINT('',(21.368999578192,6.249996447851E-02));
#1463 = CARTESIAN_POINT('',(20.906561534838,6.249924294925E-02));
#1464 = CARTESIAN_POINT('',(19.96871220153,6.249885684637E-02));
#1465 = CARTESIAN_POINT('',(19.49293116063,6.249921236937E-02));
#1466 = CARTESIAN_POINT('',(19.017465442227,6.250003240531E-02));
#1467 = CARTESIAN_POINT('',(18.542211688467,6.250045123778E-02));
#1468 = CARTESIAN_POINT('',(18.067040864741,6.250050171775E-02));
#1469 = CARTESIAN_POINT('',(17.591848918108,6.25003079769E-02));
#1470 = CARTESIAN_POINT('',(16.643703240043,6.249988555769E-02));
#1471 = CARTESIAN_POINT('',(16.170342904496,6.249947672155E-02));
#1472 = CARTESIAN_POINT('',(15.69729128813,6.250001175043E-02));
#1473 = CARTESIAN_POINT('',(15.224452912075,6.250116248653E-02));
#1474 = CARTESIAN_POINT('',(14.751702182093,6.25009242458E-02));
#1475 = CARTESIAN_POINT('',(14.278935932001,6.250068442908E-02));
#1476 = CARTESIAN_POINT('',(13.327000857945,6.249957957359E-02));
#1477 = CARTESIAN_POINT('',(12.847418063642,6.249880180249E-02));
#1478 = CARTESIAN_POINT('',(12.368163937708,6.249813557258E-02));
#1479 = CARTESIAN_POINT('',(11.889124359895,6.249802819014E-02));
#1480 = CARTESIAN_POINT('',(11.410170841554,6.249970078515E-02));
#1481 = CARTESIAN_POINT('',(10.931192687164,6.250131945672E-02));
#1482 = CARTESIAN_POINT('',(10.213817488236,6.250197338002E-02));
#1483 = CARTESIAN_POINT('',(9.975083334871,6.250189701267E-02));
#1484 = CARTESIAN_POINT('',(9.736392001521,6.250139300104E-02));
#1485 = CARTESIAN_POINT('',(9.497741295728,6.250036527441E-02));
#1486 = CARTESIAN_POINT('',(9.259124158837,6.24989028003E-02));
#1487 = CARTESIAN_POINT('',(9.02053856404,6.249750576915E-02));
#1488 = CARTESIAN_POINT('',(8.555096557537,6.249728082589E-02));
#1489 = CARTESIAN_POINT('',(8.328223466408,6.249857088855E-02));
#1490 = CARTESIAN_POINT('',(8.101389440614,6.250011097551E-02));
#1491 = CARTESIAN_POINT('',(7.874592450753,6.250122708357E-02));
#1492 = CARTESIAN_POINT('',(7.647826860107,6.250177849751E-02));
#1493 = CARTESIAN_POINT('',(7.421091134989,6.250195453109E-02));
#1494 = CARTESIAN_POINT('',(6.732685352181,6.250151689813E-02));
#1495 = CARTESIAN_POINT('',(6.270925679259,6.249995745037E-02));
#1496 = CARTESIAN_POINT('',(5.809456215307,6.249824985073E-02));
#1497 = CARTESIAN_POINT('',(5.348189213826,6.249833536405E-02));
#1498 = CARTESIAN_POINT('',(4.887012861118,6.249906056531E-02));
#1499 = CARTESIAN_POINT('',(4.425828526603,6.249967963392E-02));
#1500 = CARTESIAN_POINT('',(3.46975264709,6.250032268061E-02));
#1501 = CARTESIAN_POINT('',(2.974427289512,6.250003286353E-02));
#1502 = CARTESIAN_POINT('',(2.479483556765,6.250036591867E-02));
#1503 = CARTESIAN_POINT('',(1.984779795428,6.250015770251E-02));
#1504 = CARTESIAN_POINT('',(1.490161662418,6.249973149385E-02));
#1505 = CARTESIAN_POINT('',(0.995490500751,6.250007933542E-02));
#1506 = CARTESIAN_POINT('',(0.501252936904,6.250035966561E-02));
#1507 = ( GEOMETRIC_REPRESENTATION_CONTEXT(2) 
PARAMETRIC_REPRESENTATION_CONTEXT() REPRESENTATION_CONTEXT('2D SPACE',''
  ) );
#1508 = PCURVE('',#1509,#1514);
#1509 = CYLINDRICAL_SURFACE('',#1510,8.);
#1510 = AXIS2_PLACEMENT_3D('',#1511,#1512,#1513);
#1511 = CARTESIAN_POINT('',(0.,40.,-33.53291115449));
#1512 = DIRECTION('',(0.,-0.,-1.));
#1513 = DIRECTION('',(0.292371704723,0.956304755963,0.));
#1514 = DEFINITIONAL_REPRESENTATION('',(#1515),#1572);
#1515 = B_SPLINE_CURVE_WITH_KNOTS('',7,(#1516,#1517,#1518,#1519,#1520,
    #1521,#1522,#1523,#1524,#1525,#1526,#1527,#1528,#1529,#1530,#1531,
    #1532,#1533,#1534,#1535,#1536,#1537,#1538,#1539,#1540,#1541,#1542,
    #1543,#1544,#1545,#1546,#1547,#1548,#1549,#1550,#1551,#1552,#1553,
    #1554,#1555,#1556,#1557,#1558,#1559,#1560,#1561,#1562,#1563,#1564,
    #1565,#1566,#1567,#1568,#1569,#1570,#1571),.UNSPECIFIED.,.F.,.F.,(8,
    6,6,6,6,6,6,6,6,8),(0.,0.119336842123,0.241668458951,0.367600245149,
    0.493122732424,0.620529701732,0.684089572166,0.744548379541,
    0.867683833059,1.),.UNSPECIFIED.);
#1516 = CARTESIAN_POINT('',(-6.28318530718,-61.87993038646));
#1517 = CARTESIAN_POINT('',(-6.176729816731,-61.4275254711));
#1518 = CARTESIAN_POINT('',(-6.070211801134,-60.97509482841));
#1519 = CARTESIAN_POINT('',(-5.963696960219,-60.52292013377));
#1520 = CARTESIAN_POINT('',(-5.857168161449,-60.07093133057));
#1521 = CARTESIAN_POINT('',(-5.750601757413,-59.61902865685));
#1522 = CARTESIAN_POINT('',(-5.643982170852,-59.16712451101));
#1523 = CARTESIAN_POINT('',(-5.428084993905,-58.25255072312));
#1524 = CARTESIAN_POINT('',(-5.318730467325,-57.78956602786));
#1525 = CARTESIAN_POINT('',(-5.209381274069,-57.32686362935));
#1526 = CARTESIAN_POINT('',(-5.100019601893,-56.86434576456));
#1527 = CARTESIAN_POINT('',(-4.990618206755,-56.40191073269));
#1528 = CARTESIAN_POINT('',(-4.881156066627,-55.93947268933));
#1529 = CARTESIAN_POINT('',(-4.659038183086,-55.00162335602));
#1530 = CARTESIAN_POINT('',(-4.546291284729,-54.52584231512));
#1531 = CARTESIAN_POINT('',(-4.433554395353,-54.05037659672));
#1532 = CARTESIAN_POINT('',(-4.320803787997,-53.57512284296));
#1533 = CARTESIAN_POINT('',(-4.208010367096,-53.09995201923));
#1534 = CARTESIAN_POINT('',(-4.095149251969,-52.6247600726));
#1535 = CARTESIAN_POINT('',(-3.869833148507,-51.67661439454));
#1536 = CARTESIAN_POINT('',(-3.757281938166,-51.20325405899));
#1537 = CARTESIAN_POINT('',(-3.644741310632,-50.73020244262));
#1538 = CARTESIAN_POINT('',(-3.532186792809,-50.25736406657));
#1539 = CARTESIAN_POINT('',(-3.419589348644,-49.78461333659));
#1540 = CARTESIAN_POINT('',(-3.306923971773,-49.31184708649));
#1541 = CARTESIAN_POINT('',(-3.07993992702,-48.35991201244));
#1542 = CARTESIAN_POINT('',(-2.965520604676,-47.88032921814));
#1543 = CARTESIAN_POINT('',(-2.851114767355,-47.4010750922));
#1544 = CARTESIAN_POINT('',(-2.736696323186,-46.92203551439));
#1545 = CARTESIAN_POINT('',(-2.622233431127,-46.44308199605));
#1546 = CARTESIAN_POINT('',(-2.507697963343,-45.96410384166));
#1547 = CARTESIAN_POINT('',(-2.336057159513,-45.24672864273));
#1548 = CARTESIAN_POINT('',(-2.278920675536,-45.00799448936));
#1549 = CARTESIAN_POINT('',(-2.221778101044,-44.76930315601));
#1550 = CARTESIAN_POINT('',(-2.164629034265,-44.53065245022));
#1551 = CARTESIAN_POINT('',(-2.107472059867,-44.29203531333));
#1552 = CARTESIAN_POINT('',(-2.050306811251,-44.05344971853));
#1553 = CARTESIAN_POINT('',(-1.938754261067,-43.58800771203));
#1554 = CARTESIAN_POINT('',(-1.884364486478,-43.3611346209));
#1555 = CARTESIAN_POINT('',(-1.829968734496,-43.13430059511));
#1556 = CARTESIAN_POINT('',(-1.775566866467,-42.90750360525));
#1557 = CARTESIAN_POINT('',(-1.721157856306,-42.6807380146));
#1558 = CARTESIAN_POINT('',(-1.666741426385,-42.45400228948));
#1559 = CARTESIAN_POINT('',(-1.501480388898,-41.76559650667));
#1560 = CARTESIAN_POINT('',(-1.390568516113,-41.30383683375));
#1561 = CARTESIAN_POINT('',(-1.279666383476,-40.8423673698));
#1562 = CARTESIAN_POINT('',(-1.168751070002,-40.38110036832));
#1563 = CARTESIAN_POINT('',(-1.05779422051,-39.91992401561));
#1564 = CARTESIAN_POINT('',(-0.946772904367,-39.4587396811));
#1565 = CARTESIAN_POINT('',(-0.716487981878,-38.50266380158));
#1566 = CARTESIAN_POINT('',(-0.597110387531,-38.00733844401));
#1567 = CARTESIAN_POINT('',(-0.477754357261,-37.51239471126));
#1568 = CARTESIAN_POINT('',(-0.358386396483,-37.01769094992));
#1569 = CARTESIAN_POINT('',(-0.238969987197,-36.52307281691));
#1570 = CARTESIAN_POINT('',(-0.11946862721,-36.02840165524));
#1571 = CARTESIAN_POINT('',(0.,-35.5341640914));
#1572 = ( GEOMETRIC_REPRESENTATION_CONTEXT(2) 
PARAMETRIC_REPRESENTATION_CONTEXT() REPRESENTATION_CONTEXT('2D SPACE',''
  ) );
#1573 = ORIENTED_EDGE('',*,*,#1574,.F.);
#1574 = EDGE_CURVE('',#1575,#1388,#1577,.T.);
#1575 = VERTEX_POINT('',#1576);
#1576 = CARTESIAN_POINT('',(2.338973637782,47.650438047704,
    55.410807776568));
#1577 = SURFACE_CURVE('',#1578,(#1635,#1695),.PCURVE_S1.);
#1578 = B_SPLINE_CURVE_WITH_KNOTS('',7,(#1579,#1580,#1581,#1582,#1583,
    #1584,#1585,#1586,#1587,#1588,#1589,#1590,#1591,#1592,#1593,#1594,
    #1595,#1596,#1597,#1598,#1599,#1600,#1601,#1602,#1603,#1604,#1605,
    #1606,#1607,#1608,#1609,#1610,#1611,#1612,#1613,#1614,#1615,#1616,
    #1617,#1618,#1619,#1620,#1621,#1622,#1623,#1624,#1625,#1626,#1627,
    #1628,#1629,#1630,#1631,#1632,#1633,#1634),.UNSPECIFIED.,.F.,.F.,(8,
    6,6,6,6,6,6,6,6,8),(0.,0.118741907188,0.244276218074,0.367406715773,
    0.49477496068,0.555807647923,0.619160007764,0.743464156628,
    0.868343905661,1.),.UNSPECIFIED.);
#1579 = CARTESIAN_POINT('',(2.338973637782,47.650438047704,
    55.410807776568));
#1580 = CARTESIAN_POINT('',(3.1492114468,47.40272349021,54.948467039123)
  );
#1581 = CARTESIAN_POINT('',(3.929307310608,47.054754606222,
    54.486107383125));
#1582 = CARTESIAN_POINT('',(4.663887017512,46.611006936558,
    54.024003318014));
#1583 = CARTESIAN_POINT('',(5.339017698781,46.07889553129,
    53.562072320279));
#1584 = CARTESIAN_POINT('',(5.942399836771,45.46800524332,
    53.100222841619));
#1585 = CARTESIAN_POINT('',(6.463409492528,44.790023428592,
    52.638382663053));
#1586 = CARTESIAN_POINT('',(7.349033324622,43.285791041702,
    51.688855860019));
#1587 = CARTESIAN_POINT('',(7.703331401276,42.452707825265,
    51.200842298837));
#1588 = CARTESIAN_POINT('',(7.946886600907,41.575869066096,
    50.713137507899));
#1589 = CARTESIAN_POINT('',(8.073689071513,40.673032015749,
    50.225642346692));
#1590 = CARTESIAN_POINT('',(8.081046867307,39.762523935704,
    49.738229416181));
#1591 = CARTESIAN_POINT('',(7.969614542166,38.863128157929,
    49.250799822911));
#1592 = CARTESIAN_POINT('',(7.523213887191,37.140302907645,
    48.285952607347));
#1593 = CARTESIAN_POINT('',(7.192393809198,36.315080396212,
    47.808147803005));
#1594 = CARTESIAN_POINT('',(6.756081934255,35.535283747049,
    47.330630329151));
#1595 = CARTESIAN_POINT('',(6.222091395775,34.81686302635,
    46.853313519124));
#1596 = CARTESIAN_POINT('',(5.600803483576,34.173969241951,
    46.376083634277));
#1597 = CARTESIAN_POINT('',(4.90511998214,33.618870650198,
    45.898848128101));
#1598 = CARTESIAN_POINT('',(3.370084527323,32.687265283133,
    44.92860540296));
#1599 = CARTESIAN_POINT('',(2.525961362317,32.317167895715,
    44.435209639841));
#1600 = CARTESIAN_POINT('',(1.635291152312,32.061374066473,
    43.942140237485));
#1601 = CARTESIAN_POINT('',(0.716755082968,31.926382915574,
    43.449287785337));
#1602 = CARTESIAN_POINT('',(-0.210357108753,31.915146693382,
    42.956519969605));
#1603 = CARTESIAN_POINT('',(-1.126236780481,32.027058680509,
    42.463727959484));
#1604 = CARTESIAN_POINT('',(-2.435415916472,32.367126685983,
    41.735341199057));
#1605 = CARTESIAN_POINT('',(-2.852549010956,32.504409879654,
    41.499409486979));
#1606 = CARTESIAN_POINT('',(-3.260606843893,32.668281116397,
    41.263516444288));
#1607 = CARTESIAN_POINT('',(-3.657562032562,32.858010235056,
    41.027660024876));
#1608 = CARTESIAN_POINT('',(-4.041465369988,33.072680161708,
    40.791834649971));
#1609 = CARTESIAN_POINT('',(-4.41045835652,33.311191978881,
    40.55603917818));
#1610 = CARTESIAN_POINT('',(-5.128514877138,33.843253637381,
    40.075571794961));
#1611 = CARTESIAN_POINT('',(-5.47630981878,34.138566990369,
    39.830888798642));
#1612 = CARTESIAN_POINT('',(-5.80421355438,34.45676972427,39.58624903162
    ));
#1613 = CARTESIAN_POINT('',(-6.110429289767,34.796243360812,
    39.341650036949));
#1614 = CARTESIAN_POINT('',(-6.393328301638,35.155203972796,
    39.097084975466));
#1615 = CARTESIAN_POINT('',(-6.651461105514,35.531713680445,
    38.852552117324));
#1616 = CARTESIAN_POINT('',(-7.339014109616,36.69276755676,
    38.128350117814));
#1617 = CARTESIAN_POINT('',(-7.694505917025,37.521733210046,
    37.648579488948));
#1618 = CARTESIAN_POINT('',(-7.94018841612,38.394463766456,
    37.169110643461));
#1619 = CARTESIAN_POINT('',(-8.070075249942,39.29341592592,
    36.68985230381));
#1620 = CARTESIAN_POINT('',(-8.081433617197,40.20048708935,
    36.210684086033));
#1621 = CARTESIAN_POINT('',(-7.974820772854,41.097100864375,
    35.731503029794));
#1622 = CARTESIAN_POINT('',(-7.534057201738,42.836691345814,
    34.771593552549));
#1623 = CARTESIAN_POINT('',(-7.198677053273,43.680103300578,
    34.290480284628));
#1624 = CARTESIAN_POINT('',(-6.753262922291,44.476409340067,
    33.809673171932));
#1625 = CARTESIAN_POINT('',(-6.206116739977,45.208642329487,
    33.329068861864));
#1626 = CARTESIAN_POINT('',(-5.568312607997,45.861790631059,
    32.848548006224));
#1627 = CARTESIAN_POINT('',(-4.853647018426,46.422883362053,
    32.36801366801));
#1628 = CARTESIAN_POINT('',(-3.261862140129,47.366275423181,
    31.381583560232));
#1629 = CARTESIAN_POINT('',(-2.377265847126,47.737674516735,
    30.875251921442));
#1630 = CARTESIAN_POINT('',(-1.444364956414,47.984416533796,
    30.369302185403));
#1631 = CARTESIAN_POINT('',(-0.484342112163,48.099616136315,
    29.863593752463));
#1632 = CARTESIAN_POINT('',(0.4810140921,48.080514888806,29.357961864096
    ));
#1633 = CARTESIAN_POINT('',(1.429399240687,47.928522847965,
    28.852274876914));
#1634 = CARTESIAN_POINT('',(2.338973637782,47.650438047704,
    28.34701923197));
#1635 = PCURVE('',#548,#1636);
#1636 = DEFINITIONAL_REPRESENTATION('',(#1637),#1694);
#1637 = B_SPLINE_CURVE_WITH_KNOTS('',7,(#1638,#1639,#1640,#1641,#1642,
    #1643,#1644,#1645,#1646,#1647,#1648,#1649,#1650,#1651,#1652,#1653,
    #1654,#1655,#1656,#1657,#1658,#1659,#1660,#1661,#1662,#1663,#1664,
    #1665,#1666,#1667,#1668,#1669,#1670,#1671,#1672,#1673,#1674,#1675,
    #1676,#1677,#1678,#1679,#1680,#1681,#1682,#1683,#1684,#1685,#1686,
    #1687,#1688,#1689,#1690,#1691,#1692,#1693),.UNSPECIFIED.,.F.,.F.,(8,
    6,6,6,6,6,6,6,6,8),(0.,0.118741907188,0.244276218074,0.367406715773,
    0.49477496068,0.555807647923,0.619160007764,0.743464156628,
    0.868343905661,1.),.UNSPECIFIED.);
#1638 = CARTESIAN_POINT('',(53.910807776568,6.249844449904E-02));
#1639 = CARTESIAN_POINT('',(53.448467039123,6.249805947342E-02));
#1640 = CARTESIAN_POINT('',(52.986107383125,6.250137123305E-02));
#1641 = CARTESIAN_POINT('',(52.524003318011,6.250287927654E-02));
#1642 = CARTESIAN_POINT('',(52.06207232028,6.250092369209E-02));
#1643 = CARTESIAN_POINT('',(51.600222841618,6.250038052964E-02));
#1644 = CARTESIAN_POINT('',(51.138382663053,6.249962164768E-02));
#1645 = CARTESIAN_POINT('',(50.188855860019,6.249911456224E-02));
#1646 = CARTESIAN_POINT('',(49.700842298837,6.24992925799E-02));
#1647 = CARTESIAN_POINT('',(49.213137507899,6.249993262349E-02));
#1648 = CARTESIAN_POINT('',(48.725642346693,6.250032399643E-02));
#1649 = CARTESIAN_POINT('',(48.238229416181,6.250029839411E-02));
#1650 = CARTESIAN_POINT('',(47.750799822912,6.250016952588E-02));
#1651 = CARTESIAN_POINT('',(46.785952607346,6.249997518716E-02));
#1652 = CARTESIAN_POINT('',(46.308147803005,6.249991275625E-02));
#1653 = CARTESIAN_POINT('',(45.83063032915,6.250002323749E-02));
#1654 = CARTESIAN_POINT('',(45.353313519125,6.250041754497E-02));
#1655 = CARTESIAN_POINT('',(44.876083634276,6.250069471203E-02));
#1656 = CARTESIAN_POINT('',(44.398848128101,6.25005845663E-02));
#1657 = CARTESIAN_POINT('',(43.42860540296,6.249982618369E-02));
#1658 = CARTESIAN_POINT('',(42.935209639841,6.249933182061E-02));
#1659 = CARTESIAN_POINT('',(42.442140237486,6.249763800623E-02));
#1660 = CARTESIAN_POINT('',(41.949287785335,6.249893406351E-02));
#1661 = CARTESIAN_POINT('',(41.456519969605,6.249982222138E-02));
#1662 = CARTESIAN_POINT('',(40.963727959484,6.250116089095E-02));
#1663 = CARTESIAN_POINT('',(40.235341199057,6.250152844508E-02));
#1664 = CARTESIAN_POINT('',(39.999409486979,6.250141753301E-02));
#1665 = CARTESIAN_POINT('',(39.763516444288,6.25009855672E-02));
#1666 = CARTESIAN_POINT('',(39.527660024876,6.250017093455E-02));
#1667 = CARTESIAN_POINT('',(39.291834649971,6.249904747658E-02));
#1668 = CARTESIAN_POINT('',(39.05603917818,6.249799417289E-02));
#1669 = CARTESIAN_POINT('',(38.57557179496,6.249786035636E-02));
#1670 = CARTESIAN_POINT('',(38.330888798642,6.24990447262E-02));
#1671 = CARTESIAN_POINT('',(38.08624903162,6.250031103149E-02));
#1672 = CARTESIAN_POINT('',(37.841650036949,6.250114498876E-02));
#1673 = CARTESIAN_POINT('',(37.597084975466,6.250149327133E-02));
#1674 = CARTESIAN_POINT('',(37.352552117325,6.250152035932E-02));
#1675 = CARTESIAN_POINT('',(36.628350117814,6.250091973448E-02));
#1676 = CARTESIAN_POINT('',(36.148579488948,6.249966465571E-02));
#1677 = CARTESIAN_POINT('',(35.66911064346,6.249857305759E-02));
#1678 = CARTESIAN_POINT('',(35.189852303811,6.249891200384E-02));
#1679 = CARTESIAN_POINT('',(34.710684086032,6.249942280982E-02));
#1680 = CARTESIAN_POINT('',(34.231503029794,6.249984582691E-02));
#1681 = CARTESIAN_POINT('',(33.271593552548,6.250027034967E-02));
#1682 = CARTESIAN_POINT('',(32.790480284628,6.250027778722E-02));
#1683 = CARTESIAN_POINT('',(32.309673171933,6.249998886401E-02));
#1684 = CARTESIAN_POINT('',(31.829068861864,6.249971452481E-02));
#1685 = CARTESIAN_POINT('',(31.348548006224,6.249999601891E-02));
#1686 = CARTESIAN_POINT('',(30.86801366801,6.250030016444E-02));
#1687 = CARTESIAN_POINT('',(29.881583560232,6.250058775014E-02));
#1688 = CARTESIAN_POINT('',(29.375251921442,6.250043675159E-02));
#1689 = CARTESIAN_POINT('',(28.869302185402,6.250019808795E-02));
#1690 = CARTESIAN_POINT('',(28.363593752463,6.250028776698E-02));
#1691 = CARTESIAN_POINT('',(27.857961864096,6.249861082898E-02));
#1692 = CARTESIAN_POINT('',(27.352274876914,6.249864195424E-02));
#1693 = CARTESIAN_POINT('',(26.84701923197,6.249918670081E-02));
#1694 = ( GEOMETRIC_REPRESENTATION_CONTEXT(2) 
PARAMETRIC_REPRESENTATION_CONTEXT() REPRESENTATION_CONTEXT('2D SPACE',''
  ) );
#1695 = PCURVE('',#1696,#1701);
#1696 = CYLINDRICAL_SURFACE('',#1697,8.);
#1697 = AXIS2_PLACEMENT_3D('',#1698,#1699,#1700);
#1698 = CARTESIAN_POINT('',(0.,40.,-33.53291115449));
#1699 = DIRECTION('',(0.,-0.,-1.));
#1700 = DIRECTION('',(0.292371704723,0.956304755963,0.));
#1701 = DEFINITIONAL_REPRESENTATION('',(#1702),#1759);
#1702 = B_SPLINE_CURVE_WITH_KNOTS('',7,(#1703,#1704,#1705,#1706,#1707,
    #1708,#1709,#1710,#1711,#1712,#1713,#1714,#1715,#1716,#1717,#1718,
    #1719,#1720,#1721,#1722,#1723,#1724,#1725,#1726,#1727,#1728,#1729,
    #1730,#1731,#1732,#1733,#1734,#1735,#1736,#1737,#1738,#1739,#1740,
    #1741,#1742,#1743,#1744,#1745,#1746,#1747,#1748,#1749,#1750,#1751,
    #1752,#1753,#1754,#1755,#1756,#1757,#1758),.UNSPECIFIED.,.F.,.F.,(8,
    6,6,6,6,6,6,6,6,8),(0.,0.118741907188,0.244276218074,0.367406715773,
    0.49477496068,0.555807647923,0.619160007764,0.743464156628,
    0.868343905661,1.),.UNSPECIFIED.);
#1703 = CARTESIAN_POINT('',(-6.28318530718,-88.94371893106));
#1704 = CARTESIAN_POINT('',(-6.177277932469,-88.48137819362));
#1705 = CARTESIAN_POINT('',(-6.071309717552,-88.01901853762));
#1706 = CARTESIAN_POINT('',(-5.965341847845,-87.55691447251));
#1707 = CARTESIAN_POINT('',(-5.85936055711,-87.09498347477));
#1708 = CARTESIAN_POINT('',(-5.753342146471,-86.63313399611));
#1709 = CARTESIAN_POINT('',(-5.647269826581,-86.17129381755));
#1710 = CARTESIAN_POINT('',(-5.42907250169,-85.22176701451));
#1711 = CARTESIAN_POINT('',(-5.316865747025,-84.73375345333));
#1712 = CARTESIAN_POINT('',(-5.204666117431,-84.24604866239));
#1713 = CARTESIAN_POINT('',(-5.09245119592,-83.75855350119));
#1714 = CARTESIAN_POINT('',(-4.980193032625,-83.27114057067));
#1715 = CARTESIAN_POINT('',(-4.867868764869,-82.78371097741));
#1716 = CARTESIAN_POINT('',(-4.645403866382,-81.81886376184));
#1717 = CARTESIAN_POINT('',(-4.535176324878,-81.3410589575));
#1718 = CARTESIAN_POINT('',(-4.424954673798,-80.86354148364));
#1719 = CARTESIAN_POINT('',(-4.314718343689,-80.38622467362));
#1720 = CARTESIAN_POINT('',(-4.204440403806,-79.90899478877));
#1721 = CARTESIAN_POINT('',(-4.0940997724,-79.43175928259));
#1722 = CARTESIAN_POINT('',(-3.869648274037,-78.46151655745));
#1723 = CARTESIAN_POINT('',(-3.75544320751,-77.96812079433));
#1724 = CARTESIAN_POINT('',(-3.64124927745,-77.47505139198));
#1725 = CARTESIAN_POINT('',(-3.527041290673,-76.98219893983));
#1726 = CARTESIAN_POINT('',(-3.412788351489,-76.4894311241));
#1727 = CARTESIAN_POINT('',(-3.298463649597,-75.99663911398));
#1728 = CARTESIAN_POINT('',(-3.129385438291,-75.26825235355));
#1729 = CARTESIAN_POINT('',(-3.074604257047,-75.03232064147));
#1730 = CARTESIAN_POINT('',(-3.019817032657,-74.79642759878));
#1731 = CARTESIAN_POINT('',(-2.965023372649,-74.56057117937));
#1732 = CARTESIAN_POINT('',(-2.910222170512,-74.32474580447));
#1733 = CARTESIAN_POINT('',(-2.8554132385,-74.08895033267));
#1734 = CARTESIAN_POINT('',(-2.743701082209,-73.60848294945));
#1735 = CARTESIAN_POINT('',(-2.686794053561,-73.36379995314));
#1736 = CARTESIAN_POINT('',(-2.629880451375,-73.11916018611));
#1737 = CARTESIAN_POINT('',(-2.572960060869,-72.87456119144));
#1738 = CARTESIAN_POINT('',(-2.516031579168,-72.62999612996));
#1739 = CARTESIAN_POINT('',(-2.459094641067,-72.38546327182));
#1740 = CARTESIAN_POINT('',(-2.290424510099,-71.66126127231));
#1741 = CARTESIAN_POINT('',(-2.178622216467,-71.18149064344));
#1742 = CARTESIAN_POINT('',(-2.066828735046,-70.70202179795));
#1743 = CARTESIAN_POINT('',(-1.955020958013,-70.2227634583));
#1744 = CARTESIAN_POINT('',(-1.843170249904,-69.74359524053));
#1745 = CARTESIAN_POINT('',(-1.731253439492,-69.26441418429));
#1746 = CARTESIAN_POINT('',(-1.506933370703,-68.30450470704));
#1747 = CARTESIAN_POINT('',(-1.394439613625,-67.82339143912));
#1748 = CARTESIAN_POINT('',(-1.281954963064,-67.34258432643));
#1749 = CARTESIAN_POINT('',(-1.169456106727,-66.86198001636));
#1750 = CARTESIAN_POINT('',(-1.056913983493,-66.38145916072));
#1751 = CARTESIAN_POINT('',(-0.944304815103,-65.9009248225));
#1752 = CARTESIAN_POINT('',(-0.713011992048,-64.91449471473));
#1753 = CARTESIAN_POINT('',(-0.594218981055,-64.40816307594));
#1754 = CARTESIAN_POINT('',(-0.475444389871,-63.9022133399));
#1755 = CARTESIAN_POINT('',(-0.356654631794,-63.39650490696));
#1756 = CARTESIAN_POINT('',(-0.237814742011,-62.89087301859));
#1757 = CARTESIAN_POINT('',(-0.118891806119,-62.38518603141));
#1758 = CARTESIAN_POINT('',(0.,-61.87993038646));
#1759 = ( GEOMETRIC_REPRESENTATION_CONTEXT(2) 
PARAMETRIC_REPRESENTATION_CONTEXT() REPRESENTATION_CONTEXT('2D SPACE',''
  ) );
#1760 = ORIENTED_EDGE('',*,*,#1761,.F.);
#1761 = EDGE_CURVE('',#1762,#1575,#1764,.T.);
#1762 = VERTEX_POINT('',#1763);
#1763 = CARTESIAN_POINT('',(-6.808328117535,35.799206236438,
    66.031701202267));
#1764 = SURFACE_CURVE('',#1765,(#1792,#1822),.PCURVE_S1.);
#1765 = B_SPLINE_CURVE_WITH_KNOTS('',7,(#1766,#1767,#1768,#1769,#1770,
    #1771,#1772,#1773,#1774,#1775,#1776,#1777,#1778,#1779,#1780,#1781,
    #1782,#1783,#1784,#1785,#1786,#1787,#1788,#1789,#1790,#1791),
  .UNSPECIFIED.,.F.,.F.,(8,6,6,6,8),(0.,0.223957448828,0.477856651136,
    0.73360184325,1.),.UNSPECIFIED.);
#1766 = CARTESIAN_POINT('',(-6.808327546121,35.799205310333,
    66.031701802267));
#1767 = CARTESIAN_POINT('',(-7.132810802596,36.325103016963,
    65.690985695603));
#1768 = CARTESIAN_POINT('',(-7.409992101941,36.880389124071,
    65.350307334225));
#1769 = CARTESIAN_POINT('',(-7.636607480235,37.459878372175,
    65.009721313331));
#1770 = CARTESIAN_POINT('',(-7.810190623622,38.058028752707,
    64.669219303669));
#1771 = CARTESIAN_POINT('',(-7.929018189893,38.6690350262,
    64.328771952598));
#1772 = CARTESIAN_POINT('',(-7.99213249919,39.286899372171,
    63.988370518927));
#1773 = CARTESIAN_POINT('',(-8.007727870086,40.60675933904,
    63.262269612281));
#1774 = CARTESIAN_POINT('',(-7.944292075045,41.309137401979,
    62.876500957686));
#1775 = CARTESIAN_POINT('',(-7.808936385616,42.003622706123,
    62.490866666265));
#1776 = CARTESIAN_POINT('',(-7.602928785177,42.6814123171,
    62.105343372535));
#1777 = CARTESIAN_POINT('',(-7.328787391079,43.334028631115,
    61.719888458365));
#1778 = CARTESIAN_POINT('',(-6.99026546609,43.953387667998,
    61.334477946788));
#1779 = CARTESIAN_POINT('',(-6.191772928653,45.114902679391,
    60.561153470576));
#1780 = CARTESIAN_POINT('',(-5.730811543658,45.656647385071,
    60.173119968586));
#1781 = CARTESIAN_POINT('',(-5.214731348733,46.149614588156,
    59.785225165412));
#1782 = CARTESIAN_POINT('',(-4.64981188692,46.587179696637,
    59.397443687783));
#1783 = CARTESIAN_POINT('',(-4.043192508084,46.963743129625,
    59.009729910273));
#1784 = CARTESIAN_POINT('',(-3.402814921967,47.274776857181,
    58.62205864002));
#1785 = CARTESIAN_POINT('',(-2.044219989577,47.769513783331,
    57.830876365743));
#1786 = CARTESIAN_POINT('',(-1.323626661097,47.947462505137,
    57.427235831291));
#1787 = CARTESIAN_POINT('',(-0.585418491406,48.047245230965,
    57.023753812825));
#1788 = CARTESIAN_POINT('',(0.160219589982,48.06695681187,
    56.620400896673));
#1789 = CARTESIAN_POINT('',(0.902997927851,48.006258088955,
    56.217121738624));
#1790 = CARTESIAN_POINT('',(1.63260383208,47.866396969763,
    55.813878990033));
#1791 = CARTESIAN_POINT('',(2.338973637782,47.650438047704,
    55.410807776568));
#1792 = PCURVE('',#548,#1793);
#1793 = DEFINITIONAL_REPRESENTATION('',(#1794),#1821);
#1794 = B_SPLINE_CURVE_WITH_KNOTS('',7,(#1795,#1796,#1797,#1798,#1799,
    #1800,#1801,#1802,#1803,#1804,#1805,#1806,#1807,#1808,#1809,#1810,
    #1811,#1812,#1813,#1814,#1815,#1816,#1817,#1818,#1819,#1820),
  .UNSPECIFIED.,.F.,.F.,(8,6,6,6,8),(0.,0.223957448828,0.477856651136,
    0.73360184325,1.),.UNSPECIFIED.);
#1795 = CARTESIAN_POINT('',(64.531701802266,6.24996463888E-02));
#1796 = CARTESIAN_POINT('',(64.190985695602,6.249976576798E-02));
#1797 = CARTESIAN_POINT('',(63.850307334225,6.24999401603E-02));
#1798 = CARTESIAN_POINT('',(63.509721313331,6.250009215977E-02));
#1799 = CARTESIAN_POINT('',(63.169219303669,6.250015301816E-02));
#1800 = CARTESIAN_POINT('',(62.828771952598,6.250012973887E-02));
#1801 = CARTESIAN_POINT('',(62.488370518927,6.250008896781E-02));
#1802 = CARTESIAN_POINT('',(61.762269612281,6.250002221189E-02));
#1803 = CARTESIAN_POINT('',(61.376500957686,6.250000098716E-02));
#1804 = CARTESIAN_POINT('',(60.990866666264,6.250004129596E-02));
#1805 = CARTESIAN_POINT('',(60.605343372536,6.250017570353E-02));
#1806 = CARTESIAN_POINT('',(60.219888458365,6.250029960378E-02));
#1807 = CARTESIAN_POINT('',(59.834477946789,6.250032393224E-02));
#1808 = CARTESIAN_POINT('',(59.061153470576,6.250016869834E-02));
#1809 = CARTESIAN_POINT('',(58.673119968585,6.24999865894E-02));
#1810 = CARTESIAN_POINT('',(58.285225165412,6.249970181721E-02));
#1811 = CARTESIAN_POINT('',(57.897443687783,6.249937038068E-02));
#1812 = CARTESIAN_POINT('',(57.509729910273,6.249924735919E-02));
#1813 = CARTESIAN_POINT('',(57.12205864002,6.249940605466E-02));
#1814 = CARTESIAN_POINT('',(56.330876365743,6.250005699449E-02));
#1815 = CARTESIAN_POINT('',(55.927235831291,6.250062630939E-02));
#1816 = CARTESIAN_POINT('',(55.523753812825,6.250079728009E-02));
#1817 = CARTESIAN_POINT('',(55.120400896674,6.250199179933E-02));
#1818 = CARTESIAN_POINT('',(54.717121738624,6.250093987859E-02));
#1819 = CARTESIAN_POINT('',(54.313878990034,6.249878016651E-02));
#1820 = CARTESIAN_POINT('',(53.910807776568,6.249844449904E-02));
#1821 = ( GEOMETRIC_REPRESENTATION_CONTEXT(2) 
PARAMETRIC_REPRESENTATION_CONTEXT() REPRESENTATION_CONTEXT('2D SPACE',''
  ) );
#1822 = PCURVE('',#1823,#1828);
#1823 = CYLINDRICAL_SURFACE('',#1824,8.);
#1824 = AXIS2_PLACEMENT_3D('',#1825,#1826,#1827);
#1825 = CARTESIAN_POINT('',(0.,40.,-33.53291115449));
#1826 = DIRECTION('',(0.,-0.,-1.));
#1827 = DIRECTION('',(0.292371704723,0.956304755963,0.));
#1828 = DEFINITIONAL_REPRESENTATION('',(#1829),#1856);
#1829 = B_SPLINE_CURVE_WITH_KNOTS('',7,(#1830,#1831,#1832,#1833,#1834,
    #1835,#1836,#1837,#1838,#1839,#1840,#1841,#1842,#1843,#1844,#1845,
    #1846,#1847,#1848,#1849,#1850,#1851,#1852,#1853,#1854,#1855),
  .UNSPECIFIED.,.F.,.F.,(8,6,6,6,8),(0.,0.223957448828,0.477856651136,
    0.73360184325,1.),.UNSPECIFIED.);
#1830 = CARTESIAN_POINT('',(-2.420334131712,-99.56461295676));
#1831 = CARTESIAN_POINT('',(-2.34309082885,-99.2238968501));
#1832 = CARTESIAN_POINT('',(-2.265826080182,-98.88321848872));
#1833 = CARTESIAN_POINT('',(-2.188552322029,-98.54263246782));
#1834 = CARTESIAN_POINT('',(-2.111267896211,-98.20213045816));
#1835 = CARTESIAN_POINT('',(-2.03396629932,-97.86168310709));
#1836 = CARTESIAN_POINT('',(-1.956645550567,-97.52128167342));
#1837 = CARTESIAN_POINT('',(-1.791651537998,-96.79518076677));
#1838 = CARTESIAN_POINT('',(-1.703954095134,-96.40941211218));
#1839 = CARTESIAN_POINT('',(-1.616248945321,-96.02377782076));
#1840 = CARTESIAN_POINT('',(-1.52853055454,-95.63825452703));
#1841 = CARTESIAN_POINT('',(-1.440788952031,-95.25279961286));
#1842 = CARTESIAN_POINT('',(-1.353018664176,-94.86738910128));
#1843 = CARTESIAN_POINT('',(-1.176830401317,-94.09406462507));
#1844 = CARTESIAN_POINT('',(-1.088384628585,-93.70603112308));
#1845 = CARTESIAN_POINT('',(-0.999931335937,-93.31813631991));
#1846 = CARTESIAN_POINT('',(-0.91146503592,-92.93035484228));
#1847 = CARTESIAN_POINT('',(-0.822975521338,-92.54264106477));
#1848 = CARTESIAN_POINT('',(-0.734456805486,-92.15496979451));
#1849 = CARTESIAN_POINT('',(-0.553722849748,-91.36378752024));
#1850 = CARTESIAN_POINT('',(-0.461474670609,-90.96014698578));
#1851 = CARTESIAN_POINT('',(-0.369220181209,-90.55666496732));
#1852 = CARTESIAN_POINT('',(-0.276952004844,-90.15331205117));
#1853 = CARTESIAN_POINT('',(-0.184657768064,-89.75003289312));
#1854 = CARTESIAN_POINT('',(-9.233063535667E-02,-89.34679014453));
#1855 = CARTESIAN_POINT('',(0.,-88.94371893106));
#1856 = ( GEOMETRIC_REPRESENTATION_CONTEXT(2) 
PARAMETRIC_REPRESENTATION_CONTEXT() REPRESENTATION_CONTEXT('2D SPACE',''
  ) );
#1857 = ORIENTED_EDGE('',*,*,#1858,.F.);
#1858 = EDGE_CURVE('',#1859,#1762,#1861,.T.);
#1859 = VERTEX_POINT('',#1860);
#1860 = CARTESIAN_POINT('',(-6.127498788211,36.219282288675,
    66.031701202267));
#1861 = SURFACE_CURVE('',#1862,(#1868,#1877),.PCURVE_S1.);
#1862 = B_SPLINE_CURVE_WITH_KNOTS('',4,(#1863,#1864,#1865,#1866,#1867),
  .UNSPECIFIED.,.F.,.F.,(5,5),(0.,1.),.PIECEWISE_BEZIER_KNOTS.);
#1863 = CARTESIAN_POINT('',(-6.127498788211,36.219282288675,
    66.031701202267));
#1864 = CARTESIAN_POINT('',(-6.862120822036,35.766015793587,
    66.031701202267));
#1865 = CARTESIAN_POINT('',(-7.59674285586,35.312749298499,
    66.031701202267));
#1866 = CARTESIAN_POINT('',(-8.331364889685,34.859482803411,
    66.031701202267));
#1867 = CARTESIAN_POINT('',(-9.06598692351,34.406216308323,
    66.031701202267));
#1868 = PCURVE('',#548,#1869);
#1869 = DEFINITIONAL_REPRESENTATION('',(#1870),#1876);
#1870 = B_SPLINE_CURVE_WITH_KNOTS('',4,(#1871,#1872,#1873,#1874,#1875),
  .UNSPECIFIED.,.F.,.F.,(5,5),(0.,1.),.PIECEWISE_BEZIER_KNOTS.);
#1871 = CARTESIAN_POINT('',(64.531701202266,0.));
#1872 = CARTESIAN_POINT('',(64.531701202266,6.743777795334E-02));
#1873 = CARTESIAN_POINT('',(64.531701202266,0.134875555907));
#1874 = CARTESIAN_POINT('',(64.531701202266,0.20231333386));
#1875 = CARTESIAN_POINT('',(64.531701202266,0.269751111813));
#1876 = ( GEOMETRIC_REPRESENTATION_CONTEXT(2) 
PARAMETRIC_REPRESENTATION_CONTEXT() REPRESENTATION_CONTEXT('2D SPACE',''
  ) );
#1877 = PCURVE('',#1878,#1883);
#1878 = PLANE('',#1879);
#1879 = AXIS2_PLACEMENT_3D('',#1880,#1881,#1882);
#1880 = CARTESIAN_POINT('',(7.105427357601E-15,40.,66.031701202267));
#1881 = DIRECTION('',(0.,0.,1.));
#1882 = DIRECTION('',(0.292371704723,0.956304755963,0.));
#1883 = DEFINITIONAL_REPRESENTATION('',(#1884),#1890);
#1884 = B_SPLINE_CURVE_WITH_KNOTS('',4,(#1885,#1886,#1887,#1888,#1889),
  .UNSPECIFIED.,.F.,.F.,(5,5),(0.,1.),.PIECEWISE_BEZIER_KNOTS.);
#1885 = CARTESIAN_POINT('',(-5.40702559469,4.754381350989));
#1886 = CARTESIAN_POINT('',(-6.055269196017,5.324381597908));
#1887 = CARTESIAN_POINT('',(-6.703512797345,5.894381844827));
#1888 = CARTESIAN_POINT('',(-7.351756398672,6.464382091746));
#1889 = CARTESIAN_POINT('',(-8.,7.034382338665));
#1890 = ( GEOMETRIC_REPRESENTATION_CONTEXT(2) 
PARAMETRIC_REPRESENTATION_CONTEXT() REPRESENTATION_CONTEXT('2D SPACE',''
  ) );
#1891 = ORIENTED_EDGE('',*,*,#1892,.T.);
#1892 = EDGE_CURVE('',#1859,#1893,#1895,.T.);
#1893 = VERTEX_POINT('',#1894);
#1894 = CARTESIAN_POINT('',(-0.324961386896,32.807337064965,
    70.331701202267));
#1895 = SURFACE_CURVE('',#1896,(#1942,#1949),.PCURVE_S1.);
#1896 = B_SPLINE_CURVE_WITH_KNOTS('',8,(#1897,#1898,#1899,#1900,#1901,
    #1902,#1903,#1904,#1905,#1906,#1907,#1908,#1909,#1910,#1911,#1912,
    #1913,#1914,#1915,#1916,#1917,#1918,#1919,#1920,#1921,#1922,#1923,
    #1924,#1925,#1926,#1927,#1928,#1929,#1930,#1931,#1932,#1933,#1934,
    #1935,#1936,#1937,#1938,#1939,#1940,#1941),.UNSPECIFIED.,.F.,.F.,(9,
    6,6,6,6,6,6,9),(-36.33291115449,-21.30939510353,-6.285879052565,
    8.737636998401,23.761153049367,38.784669100334,53.8081851513,
    68.831701202267),.UNSPECIFIED.);
#1897 = CARTESIAN_POINT('',(0.361759267711,32.809093921332,
    -34.83291115449));
#1898 = CARTESIAN_POINT('',(3.755508917588,32.979397347965,
    -32.95497164813));
#1899 = CARTESIAN_POINT('',(7.048074717642,34.983047147236,
    -31.07703214174));
#1900 = CARTESIAN_POINT('',(9.094476127585,38.729808585263,
    -29.1990926354));
#1901 = CARTESIAN_POINT('',(8.794965353738,43.332070296775,
    -27.32115312898));
#1902 = CARTESIAN_POINT('',(5.971146524188,46.929384764466,
    -25.44321362266));
#1903 = CARTESIAN_POINT('',(2.014984464458,48.377758589597,
    -23.56527411626));
#1904 = CARTESIAN_POINT('',(-5.466480562133,47.119802011571,
    -19.80939510353));
#1905 = CARTESIAN_POINT('',(-8.601130266262,40.241569498658,
    -16.05351609078));
#1906 = CARTESIAN_POINT('',(-8.225880516001,36.084296114797,
    -14.17557658442));
#1907 = CARTESIAN_POINT('',(-5.52942079386,32.496375504687,
    -12.29763707804));
#1908 = CARTESIAN_POINT('',(-1.324317931441,31.0187972727,
    -10.41969757168));
#1909 = CARTESIAN_POINT('',(2.706089551776,31.867888161638,
    -8.541758065306));
#1910 = CARTESIAN_POINT('',(8.312658479523,36.761769143084,
    -4.785879052566));
#1911 = CARTESIAN_POINT('',(7.495588954327,44.13183399581,
    -1.030000039823));
#1912 = CARTESIAN_POINT('',(5.121916499983,47.452507138689,
    0.847939466544));
#1913 = CARTESIAN_POINT('',(1.101266261023,49.175708057642,
    2.725878972923));
#1914 = CARTESIAN_POINT('',(-3.179745846066,48.433306371366,
    4.603818479284));
#1915 = CARTESIAN_POINT('',(-6.239776832556,45.811267561839,
    6.481757985662));
#1916 = CARTESIAN_POINT('',(-8.80890278989,38.975110408377,
    10.237636998398));
#1917 = CARTESIAN_POINT('',(-4.752326718428,32.933755668852,
    13.993516011145));
#1918 = CARTESIAN_POINT('',(-1.203322297513,31.101950523237,
    15.871455517506));
#1919 = CARTESIAN_POINT('',(3.055183151475,31.357328259949,
    17.749395023895));
#1920 = CARTESIAN_POINT('',(6.492315324266,33.838123279893,
    19.627334530248));
#1921 = CARTESIAN_POINT('',(8.090906825219,37.444086505376,
    21.505274036627));
#1922 = CARTESIAN_POINT('',(7.528453840163,44.591148988711,
    25.261153049367));
#1923 = CARTESIAN_POINT('',(1.452731753483,48.348941425855,
    29.017032062107));
#1924 = CARTESIAN_POINT('',(-2.450369926812,48.5752960977,
    30.894971568492));
#1925 = CARTESIAN_POINT('',(-6.162950773928,46.690388972249,
    32.772911074831));
#1926 = CARTESIAN_POINT('',(-8.313670387271,43.154827399927,
    34.650850581236));
#1927 = CARTESIAN_POINT('',(-8.415610879381,39.293490229936,
    36.528790087589));
#1928 = CARTESIAN_POINT('',(-5.273811054652,32.993069675584,
    40.284669100336));
#1929 = CARTESIAN_POINT('',(1.626082028305,31.723204835569,
    44.040548113076));
#1930 = CARTESIAN_POINT('',(5.275974451495,32.880695083623,
    45.918487619436));
#1931 = CARTESIAN_POINT('',(8.030857857146,35.871854570672,
    47.796427125838));
#1932 = CARTESIAN_POINT('',(8.834781579459,39.833694672273,
    49.67436663217));
#1933 = CARTESIAN_POINT('',(7.673254530647,43.43556430184,
    51.552306138564));
#1934 = CARTESIAN_POINT('',(2.739706504817,48.282416118034,
    55.308185151297));
#1935 = CARTESIAN_POINT('',(-4.087255726601,47.335722265073,
    59.064064164042));
#1936 = CARTESIAN_POINT('',(-7.14022056396,45.154684648397,
    60.942003670427));
#1937 = CARTESIAN_POINT('',(-8.830460287801,41.559000005051,
    62.81994317675));
#1938 = CARTESIAN_POINT('',(-8.455895828666,37.623653018525,
    64.697882683189));
#1939 = CARTESIAN_POINT('',(-6.363653248334,34.561937682084,
    66.575822189505));
#1940 = CARTESIAN_POINT('',(-3.374460079342,32.944925751369,
    68.453761695901));
#1941 = CARTESIAN_POINT('',(-0.324961386896,32.807337064965,
    70.331701202267));
#1942 = PCURVE('',#548,#1943);
#1943 = DEFINITIONAL_REPRESENTATION('',(#1944),#1948);
#1944 = LINE('',#1945,#1946);
#1945 = CARTESIAN_POINT('',(0.,0.));
#1946 = VECTOR('',#1947,1.);
#1947 = DIRECTION('',(1.,0.));
#1948 = ( GEOMETRIC_REPRESENTATION_CONTEXT(2) 
PARAMETRIC_REPRESENTATION_CONTEXT() REPRESENTATION_CONTEXT('2D SPACE',''
  ) );
#1949 = PCURVE('',#1950,#2041);
#1950 = B_SPLINE_SURFACE_WITH_KNOTS('',8,1,(
    (#1951,#1952)
    ,(#1953,#1954)
    ,(#1955,#1956)
    ,(#1957,#1958)
    ,(#1959,#1960)
    ,(#1961,#1962)
    ,(#1963,#1964)
    ,(#1965,#1966)
    ,(#1967,#1968)
    ,(#1969,#1970)
    ,(#1971,#1972)
    ,(#1973,#1974)
    ,(#1975,#1976)
    ,(#1977,#1978)
    ,(#1979,#1980)
    ,(#1981,#1982)
    ,(#1983,#1984)
    ,(#1985,#1986)
    ,(#1987,#1988)
    ,(#1989,#1990)
    ,(#1991,#1992)
    ,(#1993,#1994)
    ,(#1995,#1996)
    ,(#1997,#1998)
    ,(#1999,#2000)
    ,(#2001,#2002)
    ,(#2003,#2004)
    ,(#2005,#2006)
    ,(#2007,#2008)
    ,(#2009,#2010)
    ,(#2011,#2012)
    ,(#2013,#2014)
    ,(#2015,#2016)
    ,(#2017,#2018)
    ,(#2019,#2020)
    ,(#2021,#2022)
    ,(#2023,#2024)
    ,(#2025,#2026)
    ,(#2027,#2028)
    ,(#2029,#2030)
    ,(#2031,#2032)
    ,(#2033,#2034)
    ,(#2035,#2036)
    ,(#2037,#2038)
    ,(#2039,#2040
    )),.UNSPECIFIED.,.F.,.F.,.F.,(9,6,6,6,6,6,6,9),(2,2),(
    -36.33291115449,-21.30939510353,-6.285879052565,8.737636998401,
    23.761153049367,38.784669100334,53.8081851513,68.831701202267),(0.,
    1.),.UNSPECIFIED.);
#1951 = CARTESIAN_POINT('',(0.361759267711,32.809093921332,
    -34.83291115449));
#1952 = CARTESIAN_POINT('',(0.361759267711,32.809093921332,
    -37.83291115449));
#1953 = CARTESIAN_POINT('',(3.755508917588,32.979397347965,
    -32.95497164813));
#1954 = CARTESIAN_POINT('',(3.755508917588,32.979397347965,
    -35.95497164813));
#1955 = CARTESIAN_POINT('',(7.048074717642,34.983047147236,
    -31.07703214174));
#1956 = CARTESIAN_POINT('',(7.048074717642,34.983047147236,
    -34.07703214173));
#1957 = CARTESIAN_POINT('',(9.094476127585,38.729808585263,
    -29.1990926354));
#1958 = CARTESIAN_POINT('',(9.094476127585,38.729808585263,
    -32.19909263543));
#1959 = CARTESIAN_POINT('',(8.794965353738,43.332070296775,
    -27.32115312898));
#1960 = CARTESIAN_POINT('',(8.794965353738,43.332070296775,
    -30.32115312897));
#1961 = CARTESIAN_POINT('',(5.971146524188,46.929384764466,
    -25.44321362266));
#1962 = CARTESIAN_POINT('',(5.971146524188,46.929384764466,
    -28.44321362267));
#1963 = CARTESIAN_POINT('',(2.014984464458,48.377758589597,
    -23.56527411626));
#1964 = CARTESIAN_POINT('',(2.014984464458,48.377758589597,
    -26.56527411626));
#1965 = CARTESIAN_POINT('',(-5.466480562133,47.119802011571,
    -19.80939510353));
#1966 = CARTESIAN_POINT('',(-5.466480562133,47.119802011571,
    -22.80939510353));
#1967 = CARTESIAN_POINT('',(-8.601130266262,40.241569498658,
    -16.05351609078));
#1968 = CARTESIAN_POINT('',(-8.601130266262,40.241569498658,
    -19.05351609078));
#1969 = CARTESIAN_POINT('',(-8.225880516001,36.084296114797,
    -14.17557658442));
#1970 = CARTESIAN_POINT('',(-8.225880516001,36.084296114797,
    -17.17557658442));
#1971 = CARTESIAN_POINT('',(-5.52942079386,32.496375504687,
    -12.29763707804));
#1972 = CARTESIAN_POINT('',(-5.52942079386,32.496375504687,
    -15.29763707804));
#1973 = CARTESIAN_POINT('',(-1.324317931441,31.0187972727,
    -10.41969757168));
#1974 = CARTESIAN_POINT('',(-1.324317931441,31.0187972727,
    -13.41969757167));
#1975 = CARTESIAN_POINT('',(2.706089551776,31.867888161638,
    -8.541758065306));
#1976 = CARTESIAN_POINT('',(2.706089551776,31.867888161638,
    -11.5417580653));
#1977 = CARTESIAN_POINT('',(8.312658479523,36.761769143084,
    -4.785879052566));
#1978 = CARTESIAN_POINT('',(8.312658479523,36.761769143084,
    -7.785879052564));
#1979 = CARTESIAN_POINT('',(7.495588954327,44.13183399581,
    -1.030000039823));
#1980 = CARTESIAN_POINT('',(7.495588954327,44.13183399581,
    -4.030000039825));
#1981 = CARTESIAN_POINT('',(5.121916499983,47.452507138689,
    0.847939466544));
#1982 = CARTESIAN_POINT('',(5.121916499983,47.452507138689,
    -2.152060533452));
#1983 = CARTESIAN_POINT('',(1.101266261023,49.175708057642,
    2.725878972923));
#1984 = CARTESIAN_POINT('',(1.101266261023,49.175708057642,
    -0.274121027081));
#1985 = CARTESIAN_POINT('',(-3.179745846066,48.433306371366,
    4.603818479284));
#1986 = CARTESIAN_POINT('',(-3.179745846066,48.433306371366,
    1.603818479286));
#1987 = CARTESIAN_POINT('',(-6.239776832556,45.811267561839,
    6.481757985662));
#1988 = CARTESIAN_POINT('',(-6.239776832556,45.811267561839,
    3.481757985661));
#1989 = CARTESIAN_POINT('',(-8.80890278989,38.975110408377,
    10.237636998398));
#1990 = CARTESIAN_POINT('',(-8.80890278989,38.975110408377,
    7.237636998399));
#1991 = CARTESIAN_POINT('',(-4.752326718428,32.933755668852,
    13.993516011145));
#1992 = CARTESIAN_POINT('',(-4.752326718428,32.933755668852,
    10.993516011145));
#1993 = CARTESIAN_POINT('',(-1.203322297513,31.101950523237,
    15.871455517506));
#1994 = CARTESIAN_POINT('',(-1.203322297513,31.101950523237,
    12.871455517505));
#1995 = CARTESIAN_POINT('',(3.055183151475,31.357328259949,
    17.749395023895));
#1996 = CARTESIAN_POINT('',(3.055183151475,31.357328259949,
    14.749395023897));
#1997 = CARTESIAN_POINT('',(6.492315324266,33.838123279893,
    19.627334530248));
#1998 = CARTESIAN_POINT('',(6.492315324266,33.838123279893,
    16.627334530244));
#1999 = CARTESIAN_POINT('',(8.090906825219,37.444086505376,
    21.505274036627));
#2000 = CARTESIAN_POINT('',(8.090906825219,37.444086505376,
    18.50527403663));
#2001 = CARTESIAN_POINT('',(7.528453840163,44.591148988711,
    25.261153049367));
#2002 = CARTESIAN_POINT('',(7.528453840163,44.591148988711,
    22.261153049363));
#2003 = CARTESIAN_POINT('',(1.452731753483,48.348941425855,
    29.017032062107));
#2004 = CARTESIAN_POINT('',(1.452731753483,48.348941425855,
    26.017032062112));
#2005 = CARTESIAN_POINT('',(-2.450369926812,48.5752960977,
    30.894971568492));
#2006 = CARTESIAN_POINT('',(-2.450369926812,48.5752960977,
    27.894971568479));
#2007 = CARTESIAN_POINT('',(-6.162950773928,46.690388972249,
    32.772911074831));
#2008 = CARTESIAN_POINT('',(-6.162950773928,46.690388972249,
    29.772911074844));
#2009 = CARTESIAN_POINT('',(-8.313670387271,43.154827399927,
    34.650850581236));
#2010 = CARTESIAN_POINT('',(-8.313670387271,43.154827399927,
    31.650850581232));
#2011 = CARTESIAN_POINT('',(-8.415610879381,39.293490229936,
    36.528790087589));
#2012 = CARTESIAN_POINT('',(-8.415610879381,39.293490229936,
    33.528790087586));
#2013 = CARTESIAN_POINT('',(-5.273811054652,32.993069675584,
    40.284669100336));
#2014 = CARTESIAN_POINT('',(-5.273811054652,32.993069675584,
    37.284669100342));
#2015 = CARTESIAN_POINT('',(1.626082028305,31.723204835569,
    44.040548113076));
#2016 = CARTESIAN_POINT('',(1.626082028305,31.723204835569,
    41.040548113068));
#2017 = CARTESIAN_POINT('',(5.275974451495,32.880695083623,
    45.918487619436));
#2018 = CARTESIAN_POINT('',(5.275974451495,32.880695083623,
    42.918487619473));
#2019 = CARTESIAN_POINT('',(8.030857857146,35.871854570672,
    47.796427125838));
#2020 = CARTESIAN_POINT('',(8.030857857146,35.871854570672,
    44.796427125771));
#2021 = CARTESIAN_POINT('',(8.834781579459,39.833694672273,
    49.67436663217));
#2022 = CARTESIAN_POINT('',(8.834781579459,39.833694672273,
    46.674366632231));
#2023 = CARTESIAN_POINT('',(7.673254530647,43.43556430184,
    51.552306138564));
#2024 = CARTESIAN_POINT('',(7.673254530647,43.43556430184,
    48.552306138537));
#2025 = CARTESIAN_POINT('',(2.739706504817,48.282416118034,
    55.308185151297));
#2026 = CARTESIAN_POINT('',(2.739706504817,48.282416118034,
    52.308185151327));
#2027 = CARTESIAN_POINT('',(-4.087255726601,47.335722265073,
    59.064064164042));
#2028 = CARTESIAN_POINT('',(-4.087255726601,47.335722265073,
    56.064064164014));
#2029 = CARTESIAN_POINT('',(-7.14022056396,45.154684648397,
    60.942003670427));
#2030 = CARTESIAN_POINT('',(-7.14022056396,45.154684648397,
    57.942003670506));
#2031 = CARTESIAN_POINT('',(-8.830460287801,41.559000005051,
    62.81994317675));
#2032 = CARTESIAN_POINT('',(-8.830460287801,41.559000005051,
    59.819943176635));
#2033 = CARTESIAN_POINT('',(-8.455895828666,37.623653018525,
    64.697882683189));
#2034 = CARTESIAN_POINT('',(-8.455895828666,37.623653018525,
    61.697882683287));
#2035 = CARTESIAN_POINT('',(-6.363653248334,34.561937682084,
    66.575822189505));
#2036 = CARTESIAN_POINT('',(-6.363653248334,34.561937682084,
    63.575822189458));
#2037 = CARTESIAN_POINT('',(-3.374460079342,32.944925751369,
    68.453761695901));
#2038 = CARTESIAN_POINT('',(-3.374460079342,32.944925751369,
    65.453761695912));
#2039 = CARTESIAN_POINT('',(-0.324961386896,32.807337064965,
    70.331701202267));
#2040 = CARTESIAN_POINT('',(-0.324961386896,32.807337064965,
    67.331701202267));
#2041 = DEFINITIONAL_REPRESENTATION('',(#2042),#2046);
#2042 = LINE('',#2043,#2044);
#2043 = CARTESIAN_POINT('',(0.,0.));
#2044 = VECTOR('',#2045,1.);
#2045 = DIRECTION('',(1.,0.));
#2046 = ( GEOMETRIC_REPRESENTATION_CONTEXT(2) 
PARAMETRIC_REPRESENTATION_CONTEXT() REPRESENTATION_CONTEXT('2D SPACE',''
  ) );
#2047 = ORIENTED_EDGE('',*,*,#2048,.T.);
#2048 = EDGE_CURVE('',#1893,#2049,#2051,.T.);
#2049 = VERTEX_POINT('',#2050);
#2050 = CARTESIAN_POINT('',(-0.902670519156,20.020380736014,
    70.331701202267));
#2051 = SURFACE_CURVE('',#2052,(#2055,#2062),.PCURVE_S1.);
#2052 = B_SPLINE_CURVE_WITH_KNOTS('',1,(#2053,#2054),.UNSPECIFIED.,.F.,
  .F.,(2,2),(0.,1.),.PIECEWISE_BEZIER_KNOTS.);
#2053 = CARTESIAN_POINT('',(-0.324961386896,32.807337064965,
    70.331701202267));
#2054 = CARTESIAN_POINT('',(-0.902670519156,20.020380736014,
    70.331701202267));
#2055 = PCURVE('',#548,#2056);
#2056 = DEFINITIONAL_REPRESENTATION('',(#2057),#2061);
#2057 = LINE('',#2058,#2059);
#2058 = CARTESIAN_POINT('',(68.831701202267,0.));
#2059 = VECTOR('',#2060,1.);
#2060 = DIRECTION('',(0.,1.));
#2061 = ( GEOMETRIC_REPRESENTATION_CONTEXT(2) 
PARAMETRIC_REPRESENTATION_CONTEXT() REPRESENTATION_CONTEXT('2D SPACE',''
  ) );
#2062 = PCURVE('',#2063,#2068);
#2063 = PLANE('',#2064);
#2064 = AXIS2_PLACEMENT_3D('',#2065,#2066,#2067);
#2065 = CARTESIAN_POINT('',(-0.613815953026,26.413858900489,
    68.831701202267));
#2066 = DIRECTION('',(-0.998980963199,4.513352595779E-02,-0.));
#2067 = DIRECTION('',(-4.513352595779E-02,-0.998980963199,0.));
#2068 = DEFINITIONAL_REPRESENTATION('',(#2069),#2072);
#2069 = B_SPLINE_CURVE_WITH_KNOTS('',1,(#2070,#2071),.UNSPECIFIED.,.F.,
  .F.,(2,2),(0.,1.),.PIECEWISE_BEZIER_KNOTS.);
#2070 = CARTESIAN_POINT('',(-6.4,1.5));
#2071 = CARTESIAN_POINT('',(6.4,1.5));
#2072 = ( GEOMETRIC_REPRESENTATION_CONTEXT(2) 
PARAMETRIC_REPRESENTATION_CONTEXT() REPRESENTATION_CONTEXT('2D SPACE',''
  ) );
#2073 = ORIENTED_EDGE('',*,*,#2074,.F.);
#2074 = EDGE_CURVE('',#1025,#2049,#2075,.T.);
#2075 = SURFACE_CURVE('',#2076,(#2128,#2135),.PCURVE_S1.);
#2076 = B_SPLINE_CURVE_WITH_KNOTS('',8,(#2077,#2078,#2079,#2080,#2081,
    #2082,#2083,#2084,#2085,#2086,#2087,#2088,#2089,#2090,#2091,#2092,
    #2093,#2094,#2095,#2096,#2097,#2098,#2099,#2100,#2101,#2102,#2103,
    #2104,#2105,#2106,#2107,#2108,#2109,#2110,#2111,#2112,#2113,#2114,
    #2115,#2116,#2117,#2118,#2119,#2120,#2121,#2122,#2123,#2124,#2125,
    #2126,#2127),.UNSPECIFIED.,.F.,.F.,(9,6,6,6,6,6,6,6,9),(
    -36.33291115449,-23.1873346099,-10.0417580653,3.103818479289,
    16.249395023884,29.39497156848,42.540548113075,55.686124657671,
    68.831701202267),.UNSPECIFIED.);
#2077 = CARTESIAN_POINT('',(1.004886854752,20.025260892589,
    -34.83291115449));
#2078 = CARTESIAN_POINT('',(9.253265166782,20.439843791289,
    -33.18971408642));
#2079 = CARTESIAN_POINT('',(17.288554502297,24.749207940648,
    -31.54651701835));
#2080 = CARTESIAN_POINT('',(22.971554478976,32.802587182161,
    -29.90331995025));
#2081 = CARTESIAN_POINT('',(24.263282839575,43.097631475183,
    -28.26012288222));
#2082 = CARTESIAN_POINT('',(20.403438242195,52.669588021841,
    -26.6169258141));
#2083 = CARTESIAN_POINT('',(12.967428527981,58.983998523906,
    -24.97372874605));
#2084 = CARTESIAN_POINT('',(-4.486570529482,63.36402211625,
    -21.68733460989));
#2085 = CARTESIAN_POINT('',(-19.02675511974,52.863073029683,
    -18.40094047376));
#2086 = CARTESIAN_POINT('',(-23.55527270626,44.313700678148,
    -16.75774340566));
#2087 = CARTESIAN_POINT('',(-23.6048638766,34.154374434991,
    -15.11454633762));
#2088 = CARTESIAN_POINT('',(-18.8034757142,25.255183667017,
    -13.47134926951));
#2089 = CARTESIAN_POINT('',(-10.89706329816,19.853040636972,
    -11.82815220146));
#2090 = CARTESIAN_POINT('',(6.61556958072,17.255205033614,
    -8.541758065302));
#2091 = CARTESIAN_POINT('',(19.957164240176,28.804756910657,
    -5.255363929162));
#2092 = CARTESIAN_POINT('',(23.699861292952,37.534125247306,
    -3.612166861075));
#2093 = CARTESIAN_POINT('',(23.00160382713,47.46489312385,
    -1.968969793018));
#2094 = CARTESIAN_POINT('',(17.723692026388,55.852295602752,
    -0.325772724929));
#2095 = CARTESIAN_POINT('',(9.654796536516,60.68123183371,1.317424343138
    ));
#2096 = CARTESIAN_POINT('',(-7.692776811429,62.298210607714,
    4.60381847929));
#2097 = CARTESIAN_POINT('',(-20.31013491659,50.365538883544,
    7.890212615436));
#2098 = CARTESIAN_POINT('',(-23.65592926885,41.658315472174,
    9.533409683519));
#2099 = CARTESIAN_POINT('',(-22.66650831745,31.949118854177,
    11.176606751576));
#2100 = CARTESIAN_POINT('',(-17.29995930746,23.848883006382,
    12.81980381967));
#2101 = CARTESIAN_POINT('',(-9.294519605157,19.239733705846,
    14.463000887731));
#2102 = CARTESIAN_POINT('',(7.798611160786,17.839764698807,
    17.749395023889));
#2103 = CARTESIAN_POINT('',(20.205890625291,29.600191181408,
    21.035789160028));
#2104 = CARTESIAN_POINT('',(23.531864936283,38.139488458156,
    22.678986228123));
#2105 = CARTESIAN_POINT('',(22.667988206847,47.67235450764,
    24.32218329616));
#2106 = CARTESIAN_POINT('',(17.554019046026,55.715698957013,
    25.965380364272));
#2107 = CARTESIAN_POINT('',(9.803847366416,60.441788728934,
    27.608577432326));
#2108 = CARTESIAN_POINT('',(-6.976095586273,62.33669765364,
    30.894971568485));
#2109 = CARTESIAN_POINT('',(-19.65294806654,51.262265001783,
    34.181365704623));
#2110 = CARTESIAN_POINT('',(-23.30530706009,43.029783395339,
    35.824562772722));
#2111 = CARTESIAN_POINT('',(-22.95056430861,33.644480476397,
    37.467759840744));
#2112 = CARTESIAN_POINT('',(-18.413857942,25.464623080434,
    39.110956908885));
#2113 = CARTESIAN_POINT('',(-11.11934953918,20.325269634355,
    40.754153976909));
#2114 = CARTESIAN_POINT('',(5.230881692711,17.281827530622,
    44.040548113098));
#2115 = CARTESIAN_POINT('',(18.560223144159,27.139860894248,
    47.3269422492));
#2116 = CARTESIAN_POINT('',(22.837836469379,34.891970459508,
    48.97013931738));
#2117 = CARTESIAN_POINT('',(23.345906878431,44.097377294644,
    50.613336385247));
#2118 = CARTESIAN_POINT('',(19.71626887967,52.532395447657,
    52.256533453552));
#2119 = CARTESIAN_POINT('',(13.118956575912,58.317237741086,
    53.899730521479));
#2120 = CARTESIAN_POINT('',(-2.554706022057,63.086880474383,
    57.18612465772));
#2121 = CARTESIAN_POINT('',(-16.76076826847,55.028984834756,
    60.472518793775));
#2122 = CARTESIAN_POINT('',(-21.89270338127,47.994859226753,
    62.115715862015));
#2123 = CARTESIAN_POINT('',(-23.57926760611,39.100671416748,
    63.758912929802));
#2124 = CARTESIAN_POINT('',(-21.19695657121,30.401029122661,
    65.402109998178));
#2125 = CARTESIAN_POINT('',(-15.59836418522,23.834183783914,
    67.045307066055));
#2126 = CARTESIAN_POINT('',(-8.314646213173,20.355095773988,
    68.688504134206));
#2127 = CARTESIAN_POINT('',(-0.902670519156,20.020380736014,
    70.331701202267));
#2128 = PCURVE('',#548,#2129);
#2129 = DEFINITIONAL_REPRESENTATION('',(#2130),#2134);
#2130 = LINE('',#2131,#2132);
#2131 = CARTESIAN_POINT('',(0.,1.));
#2132 = VECTOR('',#2133,1.);
#2133 = DIRECTION('',(1.,0.));
#2134 = ( GEOMETRIC_REPRESENTATION_CONTEXT(2) 
PARAMETRIC_REPRESENTATION_CONTEXT() REPRESENTATION_CONTEXT('2D SPACE',''
  ) );
#2135 = PCURVE('',#2136,#2239);
#2136 = B_SPLINE_SURFACE_WITH_KNOTS('',8,1,(
    (#2137,#2138)
    ,(#2139,#2140)
    ,(#2141,#2142)
    ,(#2143,#2144)
    ,(#2145,#2146)
    ,(#2147,#2148)
    ,(#2149,#2150)
    ,(#2151,#2152)
    ,(#2153,#2154)
    ,(#2155,#2156)
    ,(#2157,#2158)
    ,(#2159,#2160)
    ,(#2161,#2162)
    ,(#2163,#2164)
    ,(#2165,#2166)
    ,(#2167,#2168)
    ,(#2169,#2170)
    ,(#2171,#2172)
    ,(#2173,#2174)
    ,(#2175,#2176)
    ,(#2177,#2178)
    ,(#2179,#2180)
    ,(#2181,#2182)
    ,(#2183,#2184)
    ,(#2185,#2186)
    ,(#2187,#2188)
    ,(#2189,#2190)
    ,(#2191,#2192)
    ,(#2193,#2194)
    ,(#2195,#2196)
    ,(#2197,#2198)
    ,(#2199,#2200)
    ,(#2201,#2202)
    ,(#2203,#2204)
    ,(#2205,#2206)
    ,(#2207,#2208)
    ,(#2209,#2210)
    ,(#2211,#2212)
    ,(#2213,#2214)
    ,(#2215,#2216)
    ,(#2217,#2218)
    ,(#2219,#2220)
    ,(#2221,#2222)
    ,(#2223,#2224)
    ,(#2225,#2226)
    ,(#2227,#2228)
    ,(#2229,#2230)
    ,(#2231,#2232)
    ,(#2233,#2234)
    ,(#2235,#2236)
    ,(#2237,#2238
  )),.UNSPECIFIED.,.F.,.F.,.F.,(9,6,6,6,6,6,6,6,9),(2,2),(
    -36.33291115449,-23.1873346099,-10.0417580653,3.103818479289,
    16.249395023884,29.39497156848,42.540548113075,55.686124657671,
    68.831701202267),(0.,1.),.UNSPECIFIED.);
#2137 = CARTESIAN_POINT('',(1.004886854752,20.025260892589,
    -34.83291115449));
#2138 = CARTESIAN_POINT('',(1.004886854752,20.025260892589,
    -37.83291115449));
#2139 = CARTESIAN_POINT('',(9.253265166782,20.439843791289,
    -33.18971408642));
#2140 = CARTESIAN_POINT('',(9.253265166782,20.439843791289,
    -36.18971408643));
#2141 = CARTESIAN_POINT('',(17.288554502297,24.749207940648,
    -31.54651701835));
#2142 = CARTESIAN_POINT('',(17.288554502297,24.749207940648,
    -34.54651701831));
#2143 = CARTESIAN_POINT('',(22.971554478976,32.802587182161,
    -29.90331995025));
#2144 = CARTESIAN_POINT('',(22.971554478976,32.802587182161,
    -32.90331995034));
#2145 = CARTESIAN_POINT('',(24.263282839575,43.097631475183,
    -28.26012288222));
#2146 = CARTESIAN_POINT('',(24.263282839575,43.097631475183,
    -31.26012288212));
#2147 = CARTESIAN_POINT('',(20.403438242195,52.669588021841,
    -26.6169258141));
#2148 = CARTESIAN_POINT('',(20.403438242195,52.669588021841,
    -29.61692581416));
#2149 = CARTESIAN_POINT('',(12.967428527981,58.983998523906,
    -24.97372874605));
#2150 = CARTESIAN_POINT('',(12.967428527981,58.983998523906,
    -27.97372874604));
#2151 = CARTESIAN_POINT('',(-4.486570529482,63.36402211625,
    -21.68733460989));
#2152 = CARTESIAN_POINT('',(-4.486570529482,63.36402211625,
    -24.68733460991));
#2153 = CARTESIAN_POINT('',(-19.02675511974,52.863073029683,
    -18.40094047376));
#2154 = CARTESIAN_POINT('',(-19.02675511974,52.863073029683,
    -21.40094047375));
#2155 = CARTESIAN_POINT('',(-23.55527270626,44.313700678148,
    -16.75774340566));
#2156 = CARTESIAN_POINT('',(-23.55527270626,44.313700678148,
    -19.75774340568));
#2157 = CARTESIAN_POINT('',(-23.6048638766,34.154374434991,
    -15.11454633762));
#2158 = CARTESIAN_POINT('',(-23.6048638766,34.154374434991,
    -18.1145463376));
#2159 = CARTESIAN_POINT('',(-18.8034757142,25.255183667017,
    -13.47134926951));
#2160 = CARTESIAN_POINT('',(-18.8034757142,25.255183667017,
    -16.47134926953));
#2161 = CARTESIAN_POINT('',(-10.89706329816,19.853040636972,
    -11.82815220146));
#2162 = CARTESIAN_POINT('',(-10.89706329816,19.853040636972,
    -14.82815220145));
#2163 = CARTESIAN_POINT('',(6.61556958072,17.255205033614,
    -8.541758065302));
#2164 = CARTESIAN_POINT('',(6.61556958072,17.255205033614,-11.5417580653
    ));
#2165 = CARTESIAN_POINT('',(19.957164240176,28.804756910657,
    -5.255363929162));
#2166 = CARTESIAN_POINT('',(19.957164240176,28.804756910657,
    -8.255363929157));
#2167 = CARTESIAN_POINT('',(23.699861292952,37.534125247306,
    -3.612166861075));
#2168 = CARTESIAN_POINT('',(23.699861292952,37.534125247306,
    -6.612166861086));
#2169 = CARTESIAN_POINT('',(23.00160382713,47.46489312385,
    -1.968969793018));
#2170 = CARTESIAN_POINT('',(23.00160382713,47.46489312385,
    -4.968969793004));
#2171 = CARTESIAN_POINT('',(17.723692026388,55.852295602752,
    -0.325772724929));
#2172 = CARTESIAN_POINT('',(17.723692026388,55.852295602752,
    -3.325772724939));
#2173 = CARTESIAN_POINT('',(9.654796536516,60.68123183371,1.317424343138
    ));
#2174 = CARTESIAN_POINT('',(9.654796536516,60.68123183371,
    -1.682575656858));
#2175 = CARTESIAN_POINT('',(-7.692776811429,62.298210607714,
    4.60381847929));
#2176 = CARTESIAN_POINT('',(-7.692776811429,62.298210607714,
    1.603818479286));
#2177 = CARTESIAN_POINT('',(-20.31013491659,50.365538883544,
    7.890212615436));
#2178 = CARTESIAN_POINT('',(-20.31013491659,50.365538883544,
    4.89021261544));
#2179 = CARTESIAN_POINT('',(-23.65592926885,41.658315472174,
    9.533409683519));
#2180 = CARTESIAN_POINT('',(-23.65592926885,41.658315472174,
    6.533409683503));
#2181 = CARTESIAN_POINT('',(-22.66650831745,31.949118854177,
    11.176606751576));
#2182 = CARTESIAN_POINT('',(-22.66650831745,31.949118854177,
    8.176606751599));
#2183 = CARTESIAN_POINT('',(-17.29995930746,23.848883006382,
    12.81980381967));
#2184 = CARTESIAN_POINT('',(-17.29995930746,23.848883006382,
    9.819803819651));
#2185 = CARTESIAN_POINT('',(-9.294519605157,19.239733705846,
    14.463000887731));
#2186 = CARTESIAN_POINT('',(-9.294519605157,19.239733705846,
    11.463000887738));
#2187 = CARTESIAN_POINT('',(7.798611160786,17.839764698807,
    17.749395023889));
#2188 = CARTESIAN_POINT('',(7.798611160786,17.839764698807,
    14.749395023881));
#2189 = CARTESIAN_POINT('',(20.205890625291,29.600191181408,
    21.035789160028));
#2190 = CARTESIAN_POINT('',(20.205890625291,29.600191181408,
    18.035789160036));
#2191 = CARTESIAN_POINT('',(23.531864936283,38.139488458156,
    22.678986228123));
#2192 = CARTESIAN_POINT('',(23.531864936283,38.139488458156,
    19.6789862281));
#2193 = CARTESIAN_POINT('',(22.667988206847,47.67235450764,
    24.32218329616));
#2194 = CARTESIAN_POINT('',(22.667988206847,47.67235450764,
    21.322183296193));
#2195 = CARTESIAN_POINT('',(17.554019046026,55.715698957013,
    25.965380364272));
#2196 = CARTESIAN_POINT('',(17.554019046026,55.715698957013,
    22.965380364246));
#2197 = CARTESIAN_POINT('',(9.803847366416,60.441788728934,
    27.608577432326));
#2198 = CARTESIAN_POINT('',(9.803847366416,60.441788728934,
    24.608577432336));
#2199 = CARTESIAN_POINT('',(-6.976095586273,62.33669765364,
    30.894971568485));
#2200 = CARTESIAN_POINT('',(-6.976095586273,62.33669765364,
    27.894971568472));
#2201 = CARTESIAN_POINT('',(-19.65294806654,51.262265001783,
    34.181365704623));
#2202 = CARTESIAN_POINT('',(-19.65294806654,51.262265001783,
    31.181365704637));
#2203 = CARTESIAN_POINT('',(-23.30530706009,43.029783395339,
    35.824562772722));
#2204 = CARTESIAN_POINT('',(-23.30530706009,43.029783395339,
    32.824562772676));
#2205 = CARTESIAN_POINT('',(-22.95056430861,33.644480476397,
    37.467759840744));
#2206 = CARTESIAN_POINT('',(-22.95056430861,33.644480476397,
    34.467759840817));
#2207 = CARTESIAN_POINT('',(-18.413857942,25.464623080434,
    39.110956908885));
#2208 = CARTESIAN_POINT('',(-18.413857942,25.464623080434,
    36.110956908821));
#2209 = CARTESIAN_POINT('',(-11.11934953918,20.325269634355,
    40.754153976909));
#2210 = CARTESIAN_POINT('',(-11.11934953918,20.325269634355,
    37.754153976938));
#2211 = CARTESIAN_POINT('',(5.230881692711,17.281827530622,
    44.040548113098));
#2212 = CARTESIAN_POINT('',(5.230881692711,17.281827530622,
    41.040548113063));
#2213 = CARTESIAN_POINT('',(18.560223144159,27.139860894248,
    47.3269422492));
#2214 = CARTESIAN_POINT('',(18.560223144159,27.139860894248,
    44.326942249234));
#2215 = CARTESIAN_POINT('',(22.837836469379,34.891970459508,
    48.97013931738));
#2216 = CARTESIAN_POINT('',(22.837836469379,34.891970459508,
    45.970139317277));
#2217 = CARTESIAN_POINT('',(23.345906878431,44.097377294644,
    50.613336385247));
#2218 = CARTESIAN_POINT('',(23.345906878431,44.097377294644,
    47.613336385395));
#2219 = CARTESIAN_POINT('',(19.71626887967,52.532395447657,
    52.256533453552));
#2220 = CARTESIAN_POINT('',(19.71626887967,52.532395447657,
    49.256533453437));
#2221 = CARTESIAN_POINT('',(13.118956575912,58.317237741086,
    53.899730521479));
#2222 = CARTESIAN_POINT('',(13.118956575912,58.317237741086,
    50.899730521523));
#2223 = CARTESIAN_POINT('',(-2.554706022057,63.086880474383,
    57.18612465772));
#2224 = CARTESIAN_POINT('',(-2.554706022057,63.086880474383,
    54.186124657672));
#2225 = CARTESIAN_POINT('',(-16.76076826847,55.028984834756,
    60.472518793775));
#2226 = CARTESIAN_POINT('',(-16.76076826847,55.028984834756,
    57.472518793818));
#2227 = CARTESIAN_POINT('',(-21.89270338127,47.994859226753,
    62.115715862015));
#2228 = CARTESIAN_POINT('',(-21.89270338127,47.994859226753,
    59.115715861906));
#2229 = CARTESIAN_POINT('',(-23.57926760611,39.100671416748,
    63.758912929802));
#2230 = CARTESIAN_POINT('',(-23.57926760611,39.100671416748,
    60.758912929947));
#2231 = CARTESIAN_POINT('',(-21.19695657121,30.401029122661,
    65.402109998178));
#2232 = CARTESIAN_POINT('',(-21.19695657121,30.401029122661,
    62.402109998062));
#2233 = CARTESIAN_POINT('',(-15.59836418522,23.834183783914,
    67.045307066055));
#2234 = CARTESIAN_POINT('',(-15.59836418522,23.834183783914,
    64.045307066109));
#2235 = CARTESIAN_POINT('',(-8.314646213173,20.355095773988,
    68.688504134206));
#2236 = CARTESIAN_POINT('',(-8.314646213173,20.355095773988,
    65.688504134194));
#2237 = CARTESIAN_POINT('',(-0.902670519156,20.020380736014,
    70.331701202267));
#2238 = CARTESIAN_POINT('',(-0.902670519156,20.020380736014,
    67.331701202267));
#2239 = DEFINITIONAL_REPRESENTATION('',(#2240),#2244);
#2240 = LINE('',#2241,#2242);
#2241 = CARTESIAN_POINT('',(0.,0.));
#2242 = VECTOR('',#2243,1.);
#2243 = DIRECTION('',(1.,0.));
#2244 = ( GEOMETRIC_REPRESENTATION_CONTEXT(2) 
PARAMETRIC_REPRESENTATION_CONTEXT() REPRESENTATION_CONTEXT('2D SPACE',''
  ) );
#2245 = ADVANCED_FACE('',(#2246),#476,.T.);
#2246 = FACE_BOUND('',#2247,.F.);
#2247 = EDGE_LOOP('',(#2248,#2249,#2250,#2459));
#2248 = ORIENTED_EDGE('',*,*,#1115,.T.);
#2249 = ORIENTED_EDGE('',*,*,#460,.T.);
#2250 = ORIENTED_EDGE('',*,*,#2251,.F.);
#2251 = EDGE_CURVE('',#2252,#86,#2254,.T.);
#2252 = VERTEX_POINT('',#2253);
#2253 = CARTESIAN_POINT('',(2.338973637782,47.650438047704,
    25.34701923197));
#2254 = SURFACE_CURVE('',#2255,(#2321,#2390),.PCURVE_S1.);
#2255 = B_SPLINE_CURVE_WITH_KNOTS('',8,(#2256,#2257,#2258,#2259,#2260,
    #2261,#2262,#2263,#2264,#2265,#2266,#2267,#2268,#2269,#2270,#2271,
    #2272,#2273,#2274,#2275,#2276,#2277,#2278,#2279,#2280,#2281,#2282,
    #2283,#2284,#2285,#2286,#2287,#2288,#2289,#2290,#2291,#2292,#2293,
    #2294,#2295,#2296,#2297,#2298,#2299,#2300,#2301,#2302,#2303,#2304,
    #2305,#2306,#2307,#2308,#2309,#2310,#2311,#2312,#2313,#2314,#2315,
    #2316,#2317,#2318,#2319,#2320),.UNSPECIFIED.,.F.,.F.,(9,7,7,7,7,7,7,
    7,7,9),(0.,0.124079822565,0.250428466082,0.374545270979,
    0.498557019235,0.624143420504,0.68997659161,0.748018738977,
    0.86924068513,1.),.UNSPECIFIED.);
#2256 = CARTESIAN_POINT('',(2.338973637782,47.650438047704,
    25.34701923197));
#2257 = CARTESIAN_POINT('',(3.079930819246,47.423904703684,
    24.935428052852));
#2258 = CARTESIAN_POINT('',(3.796227845879,47.115230208728,
    24.523800998292));
#2259 = CARTESIAN_POINT('',(4.476842718827,46.727607184684,
    24.112354248039));
#2260 = CARTESIAN_POINT('',(5.111668457825,46.266008885346,
    23.701078153318));
#2261 = CARTESIAN_POINT('',(5.691552624861,45.736758552758,
    23.289919589954));
#2262 = CARTESIAN_POINT('',(6.208328426125,45.147484647974,
    22.878791551955));
#2263 = CARTESIAN_POINT('',(6.65498845356,44.507025733422,
    22.467697293736));
#2264 = CARTESIAN_POINT('',(7.403908144694,43.131536157911,
    21.638493730606));
#2265 = CARTESIAN_POINT('',(7.703647239093,42.394495564796,
    21.220093728149));
#2266 = CARTESIAN_POINT('',(7.919283379853,41.625007917,20.801884910474)
  );
#2267 = CARTESIAN_POINT('',(8.046880072855,40.834369165465,
    20.383856152564));
#2268 = CARTESIAN_POINT('',(8.084299364386,40.03419809693,19.96593535036
    ));
#2269 = CARTESIAN_POINT('',(8.03111306677,39.23630704342,19.548053024249
    ));
#2270 = CARTESIAN_POINT('',(7.888715795394,38.4525973278,19.130203177084
    ));
#2271 = CARTESIAN_POINT('',(7.436663833167,36.950345498641,
    18.302409930039));
#2272 = CARTESIAN_POINT('',(7.12984771603,36.230364322154,
    17.892163703855));
#2273 = CARTESIAN_POINT('',(6.743405944335,35.545989183826,
    17.482097351697));
#2274 = CARTESIAN_POINT('',(6.282313344063,34.907458808008,
    17.072207947598));
#2275 = CARTESIAN_POINT('',(5.752956690783,34.324040063584,
    16.662427045525));
#2276 = CARTESIAN_POINT('',(5.16299017817,33.803992751,16.252685271975)
  );
#2277 = CARTESIAN_POINT('',(4.521334041457,33.354421170066,
    15.842976962419));
#2278 = CARTESIAN_POINT('',(3.155683552662,32.607651586431,
    15.024400241163));
#2279 = CARTESIAN_POINT('',(2.431284217804,32.310065096704,
    14.615246431114));
#2280 = CARTESIAN_POINT('',(1.675134535367,32.093840471201,
    14.206271371364));
#2281 = CARTESIAN_POINT('',(0.897981144827,31.962780620453,
    13.797473592218));
#2282 = CARTESIAN_POINT('',(0.110895214098,31.91900554087,
    13.388786275355));
#2283 = CARTESIAN_POINT('',(-0.674852846394,31.963026609492,
    12.980140686802));
#2284 = CARTESIAN_POINT('',(-1.447898669039,32.093637293151,
    12.571530418723));
#2285 = CARTESIAN_POINT('',(-2.955679929918,32.524275937295,
    11.749619202059));
#2286 = CARTESIAN_POINT('',(-3.690343313254,32.826587974653,
    11.336030714589));
#2287 = CARTESIAN_POINT('',(-4.389311968729,33.211373519912,
    10.922629430877));
#2288 = CARTESIAN_POINT('',(-5.041826931117,33.673551133484,
    10.509408333195));
#2289 = CARTESIAN_POINT('',(-5.638145542278,34.206537739658,
    10.096296022667));
#2290 = CARTESIAN_POINT('',(-6.169575010599,34.8024014842,9.683221850357
    ));
#2291 = CARTESIAN_POINT('',(-6.62863084882,35.451854561009,9.27018092334
    ));
#2292 = CARTESIAN_POINT('',(-7.209116493565,36.507119753357,
    8.641023518089));
#2293 = CARTESIAN_POINT('',(-7.387309899246,36.881911722045,
    8.424667976986));
#2294 = CARTESIAN_POINT('',(-7.543221610389,37.267076687566,
    8.208345585376));
#2295 = CARTESIAN_POINT('',(-7.676151788552,37.661065531749,
    7.992056384827));
#2296 = CARTESIAN_POINT('',(-7.785531295772,38.062279963596,
    7.775796538938));
#2297 = CARTESIAN_POINT('',(-7.870922149303,38.469079975276,
    7.559562768746));
#2298 = CARTESIAN_POINT('',(-7.932021909179,38.879790138951,
    7.343356766144));
#2299 = CARTESIAN_POINT('',(-8.000984734823,39.656752989097,
    6.936604699974));
#2300 = CARTESIAN_POINT('',(-8.014294030352,40.022533481725,
    6.746039908459));
#2301 = CARTESIAN_POINT('',(-8.008488011457,40.38887955403,
    6.555500194713));
#2302 = CARTESIAN_POINT('',(-7.983542852792,40.754623882326,
    6.364985849938));
#2303 = CARTESIAN_POINT('',(-7.93951960121,41.118602246379,
    6.174494989961));
#2304 = CARTESIAN_POINT('',(-7.876563029977,41.479657315865,
    5.984025949767));
#2305 = CARTESIAN_POINT('',(-7.794902523375,41.836642464425,
    5.793579555183));
#2306 = CARTESIAN_POINT('',(-7.485904133683,42.923130297978,
    5.20546966397));
#2307 = CARTESIAN_POINT('',(-7.196668705326,43.635432172409,
    4.807744983729));
#2308 = CARTESIAN_POINT('',(-6.830006990255,44.314712925437,
    4.410186894891));
#2309 = CARTESIAN_POINT('',(-6.390458504842,44.951189739815,
    4.012795775715));
#2310 = CARTESIAN_POINT('',(-5.883890955918,45.535956554149,
    3.615512230803));
#2311 = CARTESIAN_POINT('',(-5.317374425226,46.061015792862,
    3.218273818126));
#2312 = CARTESIAN_POINT('',(-4.699188934774,46.519416505943,
    2.821073223872));
#2313 = CARTESIAN_POINT('',(-3.326602424909,47.322198113581,
    1.995898549984));
#2314 = CARTESIAN_POINT('',(-2.564753929532,47.655096233159,
    1.567626934927));
#2315 = CARTESIAN_POINT('',(-1.765238749252,47.897085564637,
    1.139572673135));
#2316 = CARTESIAN_POINT('',(-0.940829854203,48.043398589925,
    0.711724998834));
#2317 = CARTESIAN_POINT('',(-0.10472149787,48.09139138707,0.283994682041
    ));
#2318 = CARTESIAN_POINT('',(0.729633319613,48.040433950983,
    -0.143705650205));
#2319 = CARTESIAN_POINT('',(1.548653557085,47.892063144546,
    -0.571382418046));
#2320 = CARTESIAN_POINT('',(2.338973637782,47.650438047704,
    -0.998747063096));
#2321 = PCURVE('',#476,#2322);
#2322 = DEFINITIONAL_REPRESENTATION('',(#2323),#2389);
#2323 = B_SPLINE_CURVE_WITH_KNOTS('',8,(#2324,#2325,#2326,#2327,#2328,
    #2329,#2330,#2331,#2332,#2333,#2334,#2335,#2336,#2337,#2338,#2339,
    #2340,#2341,#2342,#2343,#2344,#2345,#2346,#2347,#2348,#2349,#2350,
    #2351,#2352,#2353,#2354,#2355,#2356,#2357,#2358,#2359,#2360,#2361,
    #2362,#2363,#2364,#2365,#2366,#2367,#2368,#2369,#2370,#2371,#2372,
    #2373,#2374,#2375,#2376,#2377,#2378,#2379,#2380,#2381,#2382,#2383,
    #2384,#2385,#2386,#2387,#2388),.UNSPECIFIED.,.F.,.F.,(9,7,7,7,7,7,7,
    7,7,9),(0.,0.124079822565,0.250428466082,0.374545270979,
    0.498557019235,0.624143420504,0.68997659161,0.748018738977,
    0.86924068513,1.),.UNSPECIFIED.);
#2324 = CARTESIAN_POINT('',(-6.28318530718,-58.87993038646));
#2325 = CARTESIAN_POINT('',(-6.186333705109,-58.46833920735));
#2326 = CARTESIAN_POINT('',(-6.089427990374,-58.05671215279));
#2327 = CARTESIAN_POINT('',(-5.992517812614,-57.64526540253));
#2328 = CARTESIAN_POINT('',(-5.895603000159,-57.23398930781));
#2329 = CARTESIAN_POINT('',(-5.798665983437,-56.82283074444));
#2330 = CARTESIAN_POINT('',(-5.701693929899,-56.41170270645));
#2331 = CARTESIAN_POINT('',(-5.604684519713,-56.00060844823));
#2332 = CARTESIAN_POINT('',(-5.408914714038,-55.1714048851));
#2333 = CARTESIAN_POINT('',(-5.310084333797,-54.75300488264));
#2334 = CARTESIAN_POINT('',(-5.211250654299,-54.33479606497));
#2335 = CARTESIAN_POINT('',(-5.112413498993,-53.91676730706));
#2336 = CARTESIAN_POINT('',(-5.013555506293,-53.49884650485));
#2337 = CARTESIAN_POINT('',(-4.914658593169,-53.08096417874));
#2338 = CARTESIAN_POINT('',(-4.815721049876,-52.66311433158));
#2339 = CARTESIAN_POINT('',(-4.619621922569,-51.83532108453));
#2340 = CARTESIAN_POINT('',(-4.522390326149,-51.42507485835));
#2341 = CARTESIAN_POINT('',(-4.42515436263,-51.01500850619));
#2342 = CARTESIAN_POINT('',(-4.327913809483,-50.60511910209));
#2343 = CARTESIAN_POINT('',(-4.23065313296,-50.19533820002));
#2344 = CARTESIAN_POINT('',(-4.133356237114,-49.78559642647));
#2345 = CARTESIAN_POINT('',(-4.03602159694,-49.37588811691));
#2346 = CARTESIAN_POINT('',(-3.841460148236,-48.55731139566));
#2347 = CARTESIAN_POINT('',(-3.7441656186,-48.14815758561));
#2348 = CARTESIAN_POINT('',(-3.64686729495,-47.73918252586));
#2349 = CARTESIAN_POINT('',(-3.549564281351,-47.33038474671));
#2350 = CARTESIAN_POINT('',(-3.452240566735,-46.92169742985));
#2351 = CARTESIAN_POINT('',(-3.354879910499,-46.5130518413));
#2352 = CARTESIAN_POINT('',(-3.257480922414,-46.10444157322));
#2353 = CARTESIAN_POINT('',(-3.061471755995,-45.28253035655));
#2354 = CARTESIAN_POINT('',(-2.962791813484,-44.86894186908));
#2355 = CARTESIAN_POINT('',(-2.864109264086,-44.45554058537));
#2356 = CARTESIAN_POINT('',(-2.765422957326,-44.04231948769));
#2357 = CARTESIAN_POINT('',(-2.666715557713,-43.62920717716));
#2358 = CARTESIAN_POINT('',(-2.567969314358,-43.21613300485));
#2359 = CARTESIAN_POINT('',(-2.469182497929,-42.80309207783));
#2360 = CARTESIAN_POINT('',(-2.31863411441,-42.17393467258));
#2361 = CARTESIAN_POINT('',(-2.266850149419,-41.95757913148));
#2362 = CARTESIAN_POINT('',(-2.215060946607,-41.74125673987));
#2363 = CARTESIAN_POINT('',(-2.163266679826,-41.52496753932));
#2364 = CARTESIAN_POINT('',(-2.111466607343,-41.30870769343));
#2365 = CARTESIAN_POINT('',(-2.059659993927,-41.09247392324));
#2366 = CARTESIAN_POINT('',(-2.007847036686,-40.87626792064));
#2367 = CARTESIAN_POINT('',(-1.910344861884,-40.46951585447));
#2368 = CARTESIAN_POINT('',(-1.864654268645,-40.27895106295));
#2369 = CARTESIAN_POINT('',(-1.818959190489,-40.08841134921));
#2370 = CARTESIAN_POINT('',(-1.773259836293,-39.89789700443));
#2371 = CARTESIAN_POINT('',(-1.727555917375,-39.70740614445));
#2372 = CARTESIAN_POINT('',(-1.681847145838,-39.51693710426));
#2373 = CARTESIAN_POINT('',(-1.636133762175,-39.32649070968));
#2374 = CARTESIAN_POINT('',(-1.494937100936,-38.73838081846));
#2375 = CARTESIAN_POINT('',(-1.399405381675,-38.34065613822));
#2376 = CARTESIAN_POINT('',(-1.303869942444,-37.94309804938));
#2377 = CARTESIAN_POINT('',(-1.208329980574,-37.54570693021));
#2378 = CARTESIAN_POINT('',(-1.112770322812,-37.1484233853));
#2379 = CARTESIAN_POINT('',(-1.017175706016,-36.75118497262));
#2380 = CARTESIAN_POINT('',(-0.921544880662,-36.35398437837));
#2381 = CARTESIAN_POINT('',(-0.722781043226,-35.52880970448));
#2382 = CARTESIAN_POINT('',(-0.61956907406,-35.10053808942));
#2383 = CARTESIAN_POINT('',(-0.516357825587,-34.67248382763));
#2384 = CARTESIAN_POINT('',(-0.413145146303,-34.24463615333));
#2385 = CARTESIAN_POINT('',(-0.309909885993,-33.81690583653));
#2386 = CARTESIAN_POINT('',(-0.206630448333,-33.38920550429));
#2387 = CARTESIAN_POINT('',(-0.103303899171,-32.96152873645));
#2388 = CARTESIAN_POINT('',(0.,-32.5341640914));
#2389 = ( GEOMETRIC_REPRESENTATION_CONTEXT(2) 
PARAMETRIC_REPRESENTATION_CONTEXT() REPRESENTATION_CONTEXT('2D SPACE',''
  ) );
#2390 = PCURVE('',#219,#2391);
#2391 = DEFINITIONAL_REPRESENTATION('',(#2392),#2458);
#2392 = B_SPLINE_CURVE_WITH_KNOTS('',8,(#2393,#2394,#2395,#2396,#2397,
    #2398,#2399,#2400,#2401,#2402,#2403,#2404,#2405,#2406,#2407,#2408,
    #2409,#2410,#2411,#2412,#2413,#2414,#2415,#2416,#2417,#2418,#2419,
    #2420,#2421,#2422,#2423,#2424,#2425,#2426,#2427,#2428,#2429,#2430,
    #2431,#2432,#2433,#2434,#2435,#2436,#2437,#2438,#2439,#2440,#2441,
    #2442,#2443,#2444,#2445,#2446,#2447,#2448,#2449,#2450,#2451,#2452,
    #2453,#2454,#2455,#2456,#2457),.UNSPECIFIED.,.F.,.F.,(9,7,7,7,7,7,7,
    7,7,9),(0.,0.124079822565,0.250428466082,0.374545270979,
    0.498557019235,0.624143420504,0.68997659161,0.748018738977,
    0.86924068513,1.),.UNSPECIFIED.);
#2393 = CARTESIAN_POINT('',(26.84701923197,6.249918670081E-02));
#2394 = CARTESIAN_POINT('',(26.435428052852,6.249963046206E-02));
#2395 = CARTESIAN_POINT('',(26.023800998294,6.250021256549E-02));
#2396 = CARTESIAN_POINT('',(25.612354248031,6.250294641918E-02));
#2397 = CARTESIAN_POINT('',(25.201078153328,6.250035506618E-02));
#2398 = CARTESIAN_POINT('',(24.789919589946,6.250521192219E-02));
#2399 = CARTESIAN_POINT('',(24.378791551958,6.249791031831E-02));
#2400 = CARTESIAN_POINT('',(23.967697293736,6.24967945064E-02));
#2401 = CARTESIAN_POINT('',(23.138493730606,6.249941071849E-02));
#2402 = CARTESIAN_POINT('',(22.720093728149,6.250255229773E-02));
#2403 = CARTESIAN_POINT('',(22.301884910474,6.2502919605E-02));
#2404 = CARTESIAN_POINT('',(21.883856152564,6.250160464191E-02));
#2405 = CARTESIAN_POINT('',(21.46593535036,6.250020979498E-02));
#2406 = CARTESIAN_POINT('',(21.048053024248,6.249934174678E-02));
#2407 = CARTESIAN_POINT('',(20.630203177084,6.249899109253E-02));
#2408 = CARTESIAN_POINT('',(19.80240993004,6.249903243051E-02));
#2409 = CARTESIAN_POINT('',(19.392163703855,6.249940506556E-02));
#2410 = CARTESIAN_POINT('',(18.982097351696,6.249999061227E-02));
#2411 = CARTESIAN_POINT('',(18.572207947598,6.250039179735E-02));
#2412 = CARTESIAN_POINT('',(18.162427045525,6.250050064308E-02));
#2413 = CARTESIAN_POINT('',(17.752685271974,6.25004108945E-02));
#2414 = CARTESIAN_POINT('',(17.342976962419,6.250019127582E-02));
#2415 = CARTESIAN_POINT('',(16.524400241163,6.249983948874E-02));
#2416 = CARTESIAN_POINT('',(16.115246431115,6.249953277239E-02));
#2417 = CARTESIAN_POINT('',(15.706271371363,6.25002158753E-02));
#2418 = CARTESIAN_POINT('',(15.297473592218,6.250081562368E-02));
#2419 = CARTESIAN_POINT('',(14.888786275356,6.250096542114E-02));
#2420 = CARTESIAN_POINT('',(14.480140686801,6.250088174378E-02));
#2421 = CARTESIAN_POINT('',(14.071530418723,6.250047615246E-02));
#2422 = CARTESIAN_POINT('',(13.249619202059,6.249944194664E-02));
#2423 = CARTESIAN_POINT('',(12.836030714589,6.249881039372E-02));
#2424 = CARTESIAN_POINT('',(12.422629430877,6.249829404014E-02));
#2425 = CARTESIAN_POINT('',(12.009408333195,6.24981736823E-02));
#2426 = CARTESIAN_POINT('',(11.596296022667,6.249894111372E-02));
#2427 = CARTESIAN_POINT('',(11.183221850356,6.250046821955E-02));
#2428 = CARTESIAN_POINT('',(10.77018092334,6.250162983839E-02));
#2429 = CARTESIAN_POINT('',(10.141023518089,6.250192220195E-02));
#2430 = CARTESIAN_POINT('',(9.924667976986,6.25017000451E-02));
#2431 = CARTESIAN_POINT('',(9.708345585376,6.250128912913E-02));
#2432 = CARTESIAN_POINT('',(9.492056384827,6.250039656426E-02));
#2433 = CARTESIAN_POINT('',(9.275796538938,6.249900850598E-02));
#2434 = CARTESIAN_POINT('',(9.059562768746,6.249762506028E-02));
#2435 = CARTESIAN_POINT('',(8.843356766144,6.249702421153E-02));
#2436 = CARTESIAN_POINT('',(8.436604699974,6.249802254509E-02));
#2437 = CARTESIAN_POINT('',(8.246039908459,6.249911764074E-02));
#2438 = CARTESIAN_POINT('',(8.055500194713,6.250025628316E-02));
#2439 = CARTESIAN_POINT('',(7.864985849938,6.250115369842E-02));
#2440 = CARTESIAN_POINT('',(7.674494989961,6.250171583966E-02));
#2441 = CARTESIAN_POINT('',(7.484025949767,6.250195593E-02));
#2442 = CARTESIAN_POINT('',(7.293579555183,6.250193582394E-02));
#2443 = CARTESIAN_POINT('',(6.70546966397,6.250130688892E-02));
#2444 = CARTESIAN_POINT('',(6.307744983729,6.2500077721E-02));
#2445 = CARTESIAN_POINT('',(5.91018689489,6.249876402937E-02));
#2446 = CARTESIAN_POINT('',(5.512795775715,6.249830520572E-02));
#2447 = CARTESIAN_POINT('',(5.115512230803,6.24986795547E-02));
#2448 = CARTESIAN_POINT('',(4.718273818126,6.249929145521E-02));
#2449 = CARTESIAN_POINT('',(4.321073223872,6.249976921995E-02));
#2450 = CARTESIAN_POINT('',(3.495898549984,6.250028231468E-02));
#2451 = CARTESIAN_POINT('',(3.067626934927,6.250007197001E-02));
#2452 = CARTESIAN_POINT('',(2.639572673135,6.250027809313E-02));
#2453 = CARTESIAN_POINT('',(2.211724998834,6.250026118885E-02));
#2454 = CARTESIAN_POINT('',(1.783994682041,6.249995611164E-02));
#2455 = CARTESIAN_POINT('',(1.356294349795,6.24998442145E-02));
#2456 = CARTESIAN_POINT('',(0.928617581954,6.250011726555E-02));
#2457 = CARTESIAN_POINT('',(0.501252936904,6.250035966561E-02));
#2458 = ( GEOMETRIC_REPRESENTATION_CONTEXT(2) 
PARAMETRIC_REPRESENTATION_CONTEXT() REPRESENTATION_CONTEXT('2D SPACE',''
  ) );
#2459 = ORIENTED_EDGE('',*,*,#2460,.F.);
#2460 = EDGE_CURVE('',#1116,#2252,#2461,.T.);
#2461 = SURFACE_CURVE('',#2462,(#2466,#2473),.PCURVE_S1.);
#2462 = LINE('',#2463,#2464);
#2463 = CARTESIAN_POINT('',(2.338973637782,47.650438047704,
    -33.53291115449));
#2464 = VECTOR('',#2465,1.);
#2465 = DIRECTION('',(0.,0.,1.));
#2466 = PCURVE('',#476,#2467);
#2467 = DEFINITIONAL_REPRESENTATION('',(#2468),#2472);
#2468 = LINE('',#2469,#2470);
#2469 = CARTESIAN_POINT('',(-6.28318530718,0.));
#2470 = VECTOR('',#2471,1.);
#2471 = DIRECTION('',(-0.,-1.));
#2472 = ( GEOMETRIC_REPRESENTATION_CONTEXT(2) 
PARAMETRIC_REPRESENTATION_CONTEXT() REPRESENTATION_CONTEXT('2D SPACE',''
  ) );
#2473 = PCURVE('',#1509,#2474);
#2474 = DEFINITIONAL_REPRESENTATION('',(#2475),#2479);
#2475 = LINE('',#2476,#2477);
#2476 = CARTESIAN_POINT('',(-0.,0.));
#2477 = VECTOR('',#2478,1.);
#2478 = DIRECTION('',(-0.,-1.));
#2479 = ( GEOMETRIC_REPRESENTATION_CONTEXT(2) 
PARAMETRIC_REPRESENTATION_CONTEXT() REPRESENTATION_CONTEXT('2D SPACE',''
  ) );
#2480 = ADVANCED_FACE('',(#2481),#219,.T.);
#2481 = FACE_BOUND('',#2482,.T.);
#2482 = EDGE_LOOP('',(#2483,#2506,#2569,#2570,#2636,#2637,#2638,#2820,
    #2912,#2941,#3006,#3027));
#2483 = ORIENTED_EDGE('',*,*,#2484,.F.);
#2484 = EDGE_CURVE('',#2485,#2487,#2489,.T.);
#2485 = VERTEX_POINT('',#2486);
#2486 = CARTESIAN_POINT('',(0.361759267711,32.809093921332,
    -37.83291115449));
#2487 = VERTEX_POINT('',#2488);
#2488 = CARTESIAN_POINT('',(1.004886854752,20.025260892589,
    -37.83291115449));
#2489 = SURFACE_CURVE('',#2490,(#2493,#2500),.PCURVE_S1.);
#2490 = B_SPLINE_CURVE_WITH_KNOTS('',1,(#2491,#2492),.UNSPECIFIED.,.F.,
  .F.,(2,2),(0.,1.),.PIECEWISE_BEZIER_KNOTS.);
#2491 = CARTESIAN_POINT('',(0.361759267711,32.809093921332,
    -37.83291115449));
#2492 = CARTESIAN_POINT('',(1.004886854752,20.025260892589,
    -37.83291115449));
#2493 = PCURVE('',#219,#2494);
#2494 = DEFINITIONAL_REPRESENTATION('',(#2495),#2499);
#2495 = LINE('',#2496,#2497);
#2496 = CARTESIAN_POINT('',(-36.33291115449,0.));
#2497 = VECTOR('',#2498,1.);
#2498 = DIRECTION('',(0.,1.));
#2499 = ( GEOMETRIC_REPRESENTATION_CONTEXT(2) 
PARAMETRIC_REPRESENTATION_CONTEXT() REPRESENTATION_CONTEXT('2D SPACE',''
  ) );
#2500 = PCURVE('',#1039,#2501);
#2501 = DEFINITIONAL_REPRESENTATION('',(#2502),#2505);
#2502 = B_SPLINE_CURVE_WITH_KNOTS('',1,(#2503,#2504),.UNSPECIFIED.,.F.,
  .F.,(2,2),(0.,1.),.PIECEWISE_BEZIER_KNOTS.);
#2503 = CARTESIAN_POINT('',(-6.4,-1.5));
#2504 = CARTESIAN_POINT('',(6.4,-1.5));
#2505 = ( GEOMETRIC_REPRESENTATION_CONTEXT(2) 
PARAMETRIC_REPRESENTATION_CONTEXT() REPRESENTATION_CONTEXT('2D SPACE',''
  ) );
#2506 = ORIENTED_EDGE('',*,*,#2507,.T.);
#2507 = EDGE_CURVE('',#2485,#811,#2508,.T.);
#2508 = SURFACE_CURVE('',#2509,(#2555,#2562),.PCURVE_S1.);
#2509 = B_SPLINE_CURVE_WITH_KNOTS('',8,(#2510,#2511,#2512,#2513,#2514,
    #2515,#2516,#2517,#2518,#2519,#2520,#2521,#2522,#2523,#2524,#2525,
    #2526,#2527,#2528,#2529,#2530,#2531,#2532,#2533,#2534,#2535,#2536,
    #2537,#2538,#2539,#2540,#2541,#2542,#2543,#2544,#2545,#2546,#2547,
    #2548,#2549,#2550,#2551,#2552,#2553,#2554),.UNSPECIFIED.,.F.,.F.,(9,
    6,6,6,6,6,6,9),(-36.33291115449,-21.30939510353,-6.285879052565,
    8.737636998401,23.761153049367,38.784669100334,53.8081851513,
    68.831701202267),.UNSPECIFIED.);
#2510 = CARTESIAN_POINT('',(0.361759267711,32.809093921332,
    -37.83291115449));
#2511 = CARTESIAN_POINT('',(3.755508917588,32.979397347965,
    -35.95497164813));
#2512 = CARTESIAN_POINT('',(7.048074717642,34.983047147236,
    -34.07703214173));
#2513 = CARTESIAN_POINT('',(9.094476127585,38.729808585263,
    -32.19909263543));
#2514 = CARTESIAN_POINT('',(8.794965353738,43.332070296775,
    -30.32115312897));
#2515 = CARTESIAN_POINT('',(5.971146524188,46.929384764466,
    -28.44321362267));
#2516 = CARTESIAN_POINT('',(2.014984464458,48.377758589597,
    -26.56527411626));
#2517 = CARTESIAN_POINT('',(-5.466480562133,47.119802011571,
    -22.80939510353));
#2518 = CARTESIAN_POINT('',(-8.601130266262,40.241569498658,
    -19.05351609078));
#2519 = CARTESIAN_POINT('',(-8.225880516001,36.084296114797,
    -17.17557658442));
#2520 = CARTESIAN_POINT('',(-5.52942079386,32.496375504687,
    -15.29763707804));
#2521 = CARTESIAN_POINT('',(-1.324317931441,31.0187972727,
    -13.41969757167));
#2522 = CARTESIAN_POINT('',(2.706089551776,31.867888161638,
    -11.5417580653));
#2523 = CARTESIAN_POINT('',(8.312658479523,36.761769143084,
    -7.785879052564));
#2524 = CARTESIAN_POINT('',(7.495588954327,44.13183399581,
    -4.030000039825));
#2525 = CARTESIAN_POINT('',(5.121916499983,47.452507138689,
    -2.152060533452));
#2526 = CARTESIAN_POINT('',(1.101266261023,49.175708057642,
    -0.274121027081));
#2527 = CARTESIAN_POINT('',(-3.179745846066,48.433306371366,
    1.603818479286));
#2528 = CARTESIAN_POINT('',(-6.239776832556,45.811267561839,
    3.481757985661));
#2529 = CARTESIAN_POINT('',(-8.80890278989,38.975110408377,
    7.237636998399));
#2530 = CARTESIAN_POINT('',(-4.752326718428,32.933755668852,
    10.993516011145));
#2531 = CARTESIAN_POINT('',(-1.203322297513,31.101950523237,
    12.871455517505));
#2532 = CARTESIAN_POINT('',(3.055183151475,31.357328259949,
    14.749395023897));
#2533 = CARTESIAN_POINT('',(6.492315324266,33.838123279893,
    16.627334530244));
#2534 = CARTESIAN_POINT('',(8.090906825219,37.444086505376,
    18.50527403663));
#2535 = CARTESIAN_POINT('',(7.528453840163,44.591148988711,
    22.261153049363));
#2536 = CARTESIAN_POINT('',(1.452731753483,48.348941425855,
    26.017032062112));
#2537 = CARTESIAN_POINT('',(-2.450369926812,48.5752960977,
    27.894971568479));
#2538 = CARTESIAN_POINT('',(-6.162950773928,46.690388972249,
    29.772911074844));
#2539 = CARTESIAN_POINT('',(-8.313670387271,43.154827399927,
    31.650850581232));
#2540 = CARTESIAN_POINT('',(-8.415610879381,39.293490229936,
    33.528790087586));
#2541 = CARTESIAN_POINT('',(-5.273811054652,32.993069675584,
    37.284669100342));
#2542 = CARTESIAN_POINT('',(1.626082028305,31.723204835569,
    41.040548113068));
#2543 = CARTESIAN_POINT('',(5.275974451495,32.880695083623,
    42.918487619473));
#2544 = CARTESIAN_POINT('',(8.030857857146,35.871854570672,
    44.796427125771));
#2545 = CARTESIAN_POINT('',(8.834781579459,39.833694672273,
    46.674366632231));
#2546 = CARTESIAN_POINT('',(7.673254530647,43.43556430184,
    48.552306138537));
#2547 = CARTESIAN_POINT('',(2.739706504817,48.282416118034,
    52.308185151327));
#2548 = CARTESIAN_POINT('',(-4.087255726601,47.335722265073,
    56.064064164014));
#2549 = CARTESIAN_POINT('',(-7.14022056396,45.154684648397,
    57.942003670506));
#2550 = CARTESIAN_POINT('',(-8.830460287801,41.559000005051,
    59.819943176635));
#2551 = CARTESIAN_POINT('',(-8.455895828666,37.623653018525,
    61.697882683287));
#2552 = CARTESIAN_POINT('',(-6.363653248334,34.561937682084,
    63.575822189458));
#2553 = CARTESIAN_POINT('',(-3.374460079342,32.944925751369,
    65.453761695912));
#2554 = CARTESIAN_POINT('',(-0.324961386896,32.807337064965,
    67.331701202267));
#2555 = PCURVE('',#219,#2556);
#2556 = DEFINITIONAL_REPRESENTATION('',(#2557),#2561);
#2557 = LINE('',#2558,#2559);
#2558 = CARTESIAN_POINT('',(0.,0.));
#2559 = VECTOR('',#2560,1.);
#2560 = DIRECTION('',(1.,0.));
#2561 = ( GEOMETRIC_REPRESENTATION_CONTEXT(2) 
PARAMETRIC_REPRESENTATION_CONTEXT() REPRESENTATION_CONTEXT('2D SPACE',''
  ) );
#2562 = PCURVE('',#848,#2563);
#2563 = DEFINITIONAL_REPRESENTATION('',(#2564),#2568);
#2564 = LINE('',#2565,#2566);
#2565 = CARTESIAN_POINT('',(0.,1.));
#2566 = VECTOR('',#2567,1.);
#2567 = DIRECTION('',(1.,0.));
#2568 = ( GEOMETRIC_REPRESENTATION_CONTEXT(2) 
PARAMETRIC_REPRESENTATION_CONTEXT() REPRESENTATION_CONTEXT('2D SPACE',''
  ) );
#2569 = ORIENTED_EDGE('',*,*,#957,.T.);
#2570 = ORIENTED_EDGE('',*,*,#2571,.F.);
#2571 = EDGE_CURVE('',#58,#757,#2572,.T.);
#2572 = SURFACE_CURVE('',#2573,(#2592,#2614),.PCURVE_S1.);
#2573 = B_SPLINE_CURVE_WITH_KNOTS('',5,(#2574,#2575,#2576,#2577,#2578,
    #2579,#2580,#2581,#2582,#2583,#2584,#2585,#2586,#2587,#2588,#2589,
    #2590,#2591),.UNSPECIFIED.,.F.,.F.,(6,4,4,4,6),(0.,0.234576032468,
    0.486661082384,0.736835346083,1.),.UNSPECIFIED.);
#2574 = CARTESIAN_POINT('',(2.338973637782,47.650438047704,
    -26.64551770878));
#2575 = CARTESIAN_POINT('',(3.339386630033,47.344593221793,
    -27.17212985212));
#2576 = CARTESIAN_POINT('',(4.290396448364,46.874966004126,
    -27.69869520388));
#2577 = CARTESIAN_POINT('',(5.155441307574,46.252639502551,
    -28.22473481071));
#2578 = CARTESIAN_POINT('',(5.903428927077,45.499700211397,
    -28.7508779752));
#2579 = CARTESIAN_POINT('',(7.165672841637,43.73098995651,
    -29.84166565372));
#2580 = CARTESIAN_POINT('',(7.658761447278,42.699115693664,-30.406675539
    ));
#2581 = CARTESIAN_POINT('',(7.963324489089,41.590350058706,
    -30.97099880682));
#2582 = CARTESIAN_POINT('',(8.06643747298,40.450552631775,
    -31.53551616043));
#2583 = CARTESIAN_POINT('',(7.877690273978,38.213041102029,
    -32.65930954084));
#2584 = CARTESIAN_POINT('',(7.588744544338,37.11417873845,
    -33.21905498692));
#2585 = CARTESIAN_POINT('',(7.108718568363,36.077646912559,
    -33.77813009411));
#2586 = CARTESIAN_POINT('',(6.45700280489,35.145980037261,
    -34.33740010395));
#2587 = CARTESIAN_POINT('',(4.834912191153,33.518354910656,
    -35.48401504846));
#2588 = CARTESIAN_POINT('',(3.84900717392,32.836435929377,
    -36.07185678308));
#2589 = CARTESIAN_POINT('',(2.74739859078,32.345888649673,
    -36.65884864127));
#2590 = CARTESIAN_POINT('',(1.580071984956,32.06935147054,
    -37.24618133502));
#2591 = CARTESIAN_POINT('',(0.401954741901,32.010104357035,
    -37.83291115449));
#2592 = PCURVE('',#219,#2593);
#2593 = DEFINITIONAL_REPRESENTATION('',(#2594),#2613);
#2594 = B_SPLINE_CURVE_WITH_KNOTS('',5,(#2595,#2596,#2597,#2598,#2599,
    #2600,#2601,#2602,#2603,#2604,#2605,#2606,#2607,#2608,#2609,#2610,
    #2611,#2612),.UNSPECIFIED.,.F.,.F.,(6,4,4,4,6),(0.,0.234576032468,
    0.486661082384,0.736835346083,1.),.UNSPECIFIED.);
#2595 = CARTESIAN_POINT('',(-25.14551770878,6.249898068924E-02));
#2596 = CARTESIAN_POINT('',(-25.67212985212,6.249933482866E-02));
#2597 = CARTESIAN_POINT('',(-26.19869520388,6.250033742498E-02));
#2598 = CARTESIAN_POINT('',(-26.72473481071,6.250068631872E-02));
#2599 = CARTESIAN_POINT('',(-27.2508779752,6.250034429612E-02));
#2600 = CARTESIAN_POINT('',(-28.34166565372,6.249996639975E-02));
#2601 = CARTESIAN_POINT('',(-28.906675539,6.249972811128E-02));
#2602 = CARTESIAN_POINT('',(-29.47099880682,6.250055851468E-02));
#2603 = CARTESIAN_POINT('',(-30.03551616043,6.250093015943E-02));
#2604 = CARTESIAN_POINT('',(-31.15930954084,6.250026054989E-02));
#2605 = CARTESIAN_POINT('',(-31.71905498692,6.249942035087E-02));
#2606 = CARTESIAN_POINT('',(-32.27813009411,6.249749487224E-02));
#2607 = CARTESIAN_POINT('',(-32.83740010395,6.249830044131E-02));
#2608 = CARTESIAN_POINT('',(-33.98401504846,6.250150985623E-02));
#2609 = CARTESIAN_POINT('',(-34.57185678308,6.250276092042E-02));
#2610 = CARTESIAN_POINT('',(-35.15884864127,6.250663713106E-02));
#2611 = CARTESIAN_POINT('',(-35.74618133502,6.248967507455E-02));
#2612 = CARTESIAN_POINT('',(-36.33291115449,6.25E-02));
#2613 = ( GEOMETRIC_REPRESENTATION_CONTEXT(2) 
PARAMETRIC_REPRESENTATION_CONTEXT() REPRESENTATION_CONTEXT('2D SPACE',''
  ) );
#2614 = PCURVE('',#73,#2615);
#2615 = DEFINITIONAL_REPRESENTATION('',(#2616),#2635);
#2616 = B_SPLINE_CURVE_WITH_KNOTS('',5,(#2617,#2618,#2619,#2620,#2621,
    #2622,#2623,#2624,#2625,#2626,#2627,#2628,#2629,#2630,#2631,#2632,
    #2633,#2634),.UNSPECIFIED.,.F.,.F.,(6,4,4,4,6),(0.,0.234576032468,
    0.486661082384,0.736835346083,1.),.UNSPECIFIED.);
#2617 = CARTESIAN_POINT('',(-6.28318530718,-6.887393445718));
#2618 = CARTESIAN_POINT('',(-6.152420567916,-6.360781302369));
#2619 = CARTESIAN_POINT('',(-6.021574479221,-5.834215950617));
#2620 = CARTESIAN_POINT('',(-5.890766338701,-5.308176343787));
#2621 = CARTESIAN_POINT('',(-5.759843175486,-4.782033179295));
#2622 = CARTESIAN_POINT('',(-5.488228493899,-3.691245500778));
#2623 = CARTESIAN_POINT('',(-5.347432184326,-3.126235615498));
#2624 = CARTESIAN_POINT('',(-5.206701436065,-2.561912347672));
#2625 = CARTESIAN_POINT('',(-5.065813097899,-1.997394994065));
#2626 = CARTESIAN_POINT('',(-4.785131615419,-0.873601613649));
#2627 = CARTESIAN_POINT('',(-4.645222389548,-0.313856167571));
#2628 = CARTESIAN_POINT('',(-4.505377431843,0.245218939612));
#2629 = CARTESIAN_POINT('',(-4.365381593735,0.804488949452));
#2630 = CARTESIAN_POINT('',(-4.078145154046,1.951103893963));
#2631 = CARTESIAN_POINT('',(-3.930772786835,2.538945628585));
#2632 = CARTESIAN_POINT('',(-3.78348439102,3.125937486774));
#2633 = CARTESIAN_POINT('',(-3.636014393645,3.713270180529));
#2634 = CARTESIAN_POINT('',(-3.488564133475,4.3));
#2635 = ( GEOMETRIC_REPRESENTATION_CONTEXT(2) 
PARAMETRIC_REPRESENTATION_CONTEXT() REPRESENTATION_CONTEXT('2D SPACE',''
  ) );
#2636 = ORIENTED_EDGE('',*,*,#85,.F.);
#2637 = ORIENTED_EDGE('',*,*,#2251,.F.);
#2638 = ORIENTED_EDGE('',*,*,#2639,.F.);
#2639 = EDGE_CURVE('',#2640,#2252,#2642,.T.);
#2640 = VERTEX_POINT('',#2641);
#2641 = CARTESIAN_POINT('',(2.338973637782,47.650438047704,
    52.410807776569));
#2642 = SURFACE_CURVE('',#2643,(#2700,#2760),.PCURVE_S1.);
#2643 = B_SPLINE_CURVE_WITH_KNOTS('',7,(#2644,#2645,#2646,#2647,#2648,
    #2649,#2650,#2651,#2652,#2653,#2654,#2655,#2656,#2657,#2658,#2659,
    #2660,#2661,#2662,#2663,#2664,#2665,#2666,#2667,#2668,#2669,#2670,
    #2671,#2672,#2673,#2674,#2675,#2676,#2677,#2678,#2679,#2680,#2681,
    #2682,#2683,#2684,#2685,#2686,#2687,#2688,#2689,#2690,#2691,#2692,
    #2693,#2694,#2695,#2696,#2697,#2698,#2699),.UNSPECIFIED.,.F.,.F.,(8,
    6,6,6,6,6,6,6,6,8),(0.,0.118361679009,0.245145284022,0.371460473191,
    0.495116654418,0.557854646135,0.618948717733,0.745538797393,
    0.869451669644,1.),.UNSPECIFIED.);
#2644 = CARTESIAN_POINT('',(2.338973637782,47.650438047704,
    52.410807776569));
#2645 = CARTESIAN_POINT('',(3.146618800209,47.403516141819,
    51.949946464207));
#2646 = CARTESIAN_POINT('',(3.924311738708,47.056981364629,
    51.48906799221));
#2647 = CARTESIAN_POINT('',(4.65682986894,46.615266405888,51.02844188807
    ));
#2648 = CARTESIAN_POINT('',(5.330369073156,46.085704237551,
    50.567987494728));
#2649 = CARTESIAN_POINT('',(5.932735427149,45.477774440349,
    50.107614752793));
#2650 = CARTESIAN_POINT('',(6.453389825202,44.803034493132,
    49.647252935752));
#2651 = CARTESIAN_POINT('',(7.345748767687,43.295570078339,
    48.694339896116));
#2652 = CARTESIAN_POINT('',(7.704558830549,42.454445600954,
    48.201465566996));
#2653 = CARTESIAN_POINT('',(7.950417071418,41.568587503381,
    47.708909786873));
#2654 = CARTESIAN_POINT('',(8.077127479996,40.656290496012,
    47.216567224379));
#2655 = CARTESIAN_POINT('',(8.081942499146,39.736442007886,
    46.724306346166));
#2656 = CARTESIAN_POINT('',(7.965597458176,38.828400839863,
    46.232024637596));
#2657 = CARTESIAN_POINT('',(7.501694395683,37.077347830909,
    45.24999151012));
#2658 = CARTESIAN_POINT('',(7.154798205314,36.233375530269,
    44.759826614246));
#2659 = CARTESIAN_POINT('',(6.697255079005,35.438293935995,
    44.269973676498));
#2660 = CARTESIAN_POINT('',(6.137700707716,34.709243591186,
    43.780333384603));
#2661 = CARTESIAN_POINT('',(5.487582169703,34.061336731885,
    43.290782488212));
#2662 = CARTESIAN_POINT('',(4.761102640623,33.507558046781,
    42.80121611315));
#2663 = CARTESIAN_POINT('',(3.206088118953,32.617131696483,
    41.833080979916));
#2664 = CARTESIAN_POINT('',(2.379410258481,32.275807598556,
    41.354116106831));
#2665 = CARTESIAN_POINT('',(1.511135099376,32.043013324329,
    40.875443707413));
#2666 = CARTESIAN_POINT('',(0.618444195862,31.924377692351,
    40.396972473204));
#2667 = CARTESIAN_POINT('',(-0.280971350476,31.922359470169,39.918584409
    ));
#2668 = CARTESIAN_POINT('',(-1.169011037988,32.036233494818,
    39.440188539489));
#2669 = CARTESIAN_POINT('',(-2.463518912273,32.375437209923,
    38.719570452687));
#2670 = CARTESIAN_POINT('',(-2.891802712016,32.51824771482,
    38.477050053384));
#2671 = CARTESIAN_POINT('',(-3.310374915161,32.689116510523,
    38.234570936228));
#2672 = CARTESIAN_POINT('',(-3.71703663059,32.887239207022,
    37.992130969193));
#2673 = CARTESIAN_POINT('',(-4.109678017508,33.111603561178,
    37.749723747989));
#2674 = CARTESIAN_POINT('',(-4.486292526431,33.360995709849,
    37.507347772552));
#2675 = CARTESIAN_POINT('',(-5.194303086631,33.89984387467,
    37.02903495223));
#2676 = CARTESIAN_POINT('',(-5.526646806887,34.188095149961,
    36.793081341335));
#2677 = CARTESIAN_POINT('',(-5.840284164991,34.497443256176,
    36.557166997318));
#2678 = CARTESIAN_POINT('',(-6.133616507257,34.82642148383,
    36.321290522719));
#2679 = CARTESIAN_POINT('',(-6.405192649102,35.173421295581,
    36.085446387447));
#2680 = CARTESIAN_POINT('',(-6.653717653563,35.536702321962,
    35.849632829581));
#2681 = CARTESIAN_POINT('',(-7.342935467671,36.696992388852,
    35.125323502066));
#2682 = CARTESIAN_POINT('',(-7.704243610392,37.541851707587,
    34.636716654247));
#2683 = CARTESIAN_POINT('',(-7.951528850601,38.431946834518,
    34.148432643009));
#2684 = CARTESIAN_POINT('',(-8.078522589939,39.348715831431,
    33.660369760907));
#2685 = CARTESIAN_POINT('',(-8.082449963342,40.273022896703,
    33.172398333669));
#2686 = CARTESIAN_POINT('',(-7.96406884246,41.185238967294,
    32.684403937297));
#2687 = CARTESIAN_POINT('',(-7.498157585599,42.92814475499,
    31.719443105043));
#2688 = CARTESIAN_POINT('',(-7.155335369149,43.760866334017,
    31.242065341423));
#2689 = CARTESIAN_POINT('',(-6.704747514995,44.545932218416,
    30.764988183382));
#2690 = CARTESIAN_POINT('',(-6.154698207151,45.266859442535,
    30.288114114421));
#2691 = CARTESIAN_POINT('',(-5.516153521555,45.909099808429,
    29.811325402375));
#2692 = CARTESIAN_POINT('',(-4.802692448534,46.460107299342,
    29.334525094496));
#2693 = CARTESIAN_POINT('',(-3.217252381051,47.384847580919,
    28.356080102861));
#2694 = CARTESIAN_POINT('',(-2.33807814891,47.747945986866,
    27.854007915174));
#2695 = CARTESIAN_POINT('',(-1.4120994975,47.98823539436,27.352307112933
    ));
#2696 = CARTESIAN_POINT('',(-0.460008012487,48.099105145787,
    26.850846566156));
#2697 = CARTESIAN_POINT('',(0.4969427641,48.077949242865,26.349466602176
    ));
#2698 = CARTESIAN_POINT('',(1.437026869466,47.926190847821,
    25.848037837579));
#2699 = CARTESIAN_POINT('',(2.338973637782,47.650438047704,
    25.34701923197));
#2700 = PCURVE('',#219,#2701);
#2701 = DEFINITIONAL_REPRESENTATION('',(#2702),#2759);
#2702 = B_SPLINE_CURVE_WITH_KNOTS('',7,(#2703,#2704,#2705,#2706,#2707,
    #2708,#2709,#2710,#2711,#2712,#2713,#2714,#2715,#2716,#2717,#2718,
    #2719,#2720,#2721,#2722,#2723,#2724,#2725,#2726,#2727,#2728,#2729,
    #2730,#2731,#2732,#2733,#2734,#2735,#2736,#2737,#2738,#2739,#2740,
    #2741,#2742,#2743,#2744,#2745,#2746,#2747,#2748,#2749,#2750,#2751,
    #2752,#2753,#2754,#2755,#2756,#2757,#2758),.UNSPECIFIED.,.F.,.F.,(8,
    6,6,6,6,6,6,6,6,8),(0.,0.118361679009,0.245145284022,0.371460473191,
    0.495116654418,0.557854646135,0.618948717733,0.745538797393,
    0.869451669644,1.),.UNSPECIFIED.);
#2703 = CARTESIAN_POINT('',(53.910807776568,6.249844449904E-02));
#2704 = CARTESIAN_POINT('',(53.449946464205,6.249806070545E-02));
#2705 = CARTESIAN_POINT('',(52.98906799221,6.25013497065E-02));
#2706 = CARTESIAN_POINT('',(52.52844188807,6.250286913543E-02));
#2707 = CARTESIAN_POINT('',(52.067987494729,6.250093701054E-02));
#2708 = CARTESIAN_POINT('',(51.607614752794,6.250039794411E-02));
#2709 = CARTESIAN_POINT('',(51.147252935753,6.249963405252E-02));
#2710 = CARTESIAN_POINT('',(50.194339896116,6.249910945413E-02));
#2711 = CARTESIAN_POINT('',(49.701465566995,6.249928559677E-02));
#2712 = CARTESIAN_POINT('',(49.208909786874,6.249994095353E-02));
#2713 = CARTESIAN_POINT('',(48.716567224377,6.250033508595E-02));
#2714 = CARTESIAN_POINT('',(48.224306346166,6.250029833245E-02));
#2715 = CARTESIAN_POINT('',(47.732024637596,6.250016424252E-02));
#2716 = CARTESIAN_POINT('',(46.74999151012,6.24999695119E-02));
#2717 = CARTESIAN_POINT('',(46.259826614247,6.24999134346E-02));
#2718 = CARTESIAN_POINT('',(45.769973676498,6.250004590784E-02));
#2719 = CARTESIAN_POINT('',(45.280333384604,6.250047763119E-02));
#2720 = CARTESIAN_POINT('',(44.790782488212,6.250073581459E-02));
#2721 = CARTESIAN_POINT('',(44.30121611315,6.250055355687E-02));
#2722 = CARTESIAN_POINT('',(43.333080979916,6.249969561751E-02));
#2723 = CARTESIAN_POINT('',(42.85411610683,6.249915861925E-02));
#2724 = CARTESIAN_POINT('',(42.375443707415,6.249768886447E-02));
#2725 = CARTESIAN_POINT('',(41.896972473203,6.24991050795E-02));
#2726 = CARTESIAN_POINT('',(41.418584409,6.249989824674E-02));
#2727 = CARTESIAN_POINT('',(40.940188539489,6.25011882171E-02));
#2728 = CARTESIAN_POINT('',(40.219570452687,6.250152834029E-02));
#2729 = CARTESIAN_POINT('',(39.977050053384,6.250139472698E-02));
#2730 = CARTESIAN_POINT('',(39.734570936228,6.250092600864E-02));
#2731 = CARTESIAN_POINT('',(39.492130969193,6.250004058767E-02));
#2732 = CARTESIAN_POINT('',(39.249723747988,6.249883823313E-02));
#2733 = CARTESIAN_POINT('',(39.007347772552,6.249778933681E-02));
#2734 = CARTESIAN_POINT('',(38.52903495223,6.2498081725E-02));
#2735 = CARTESIAN_POINT('',(38.293081341335,6.2499252942E-02));
#2736 = CARTESIAN_POINT('',(38.057166997318,6.250039924799E-02));
#2737 = CARTESIAN_POINT('',(37.821290522718,6.250115594383E-02));
#2738 = CARTESIAN_POINT('',(37.585446387447,6.250149685141E-02));
#2739 = CARTESIAN_POINT('',(37.349632829581,6.250151352709E-02));
#2740 = CARTESIAN_POINT('',(36.625323502066,6.250092620007E-02));
#2741 = CARTESIAN_POINT('',(36.136716654247,6.249963152963E-02));
#2742 = CARTESIAN_POINT('',(35.64843264301,6.249851752766E-02));
#2743 = CARTESIAN_POINT('',(35.160369760907,6.249893161611E-02));
#2744 = CARTESIAN_POINT('',(34.67239833367,6.249946651863E-02));
#2745 = CARTESIAN_POINT('',(34.184403937297,6.24998866391E-02));
#2746 = CARTESIAN_POINT('',(33.219443105042,6.250027146108E-02));
#2747 = CARTESIAN_POINT('',(32.742065341423,6.250025419456E-02));
#2748 = CARTESIAN_POINT('',(32.264988183381,6.249996271674E-02));
#2749 = CARTESIAN_POINT('',(31.788114114421,6.249972095564E-02));
#2750 = CARTESIAN_POINT('',(31.311325402375,6.25000183801E-02));
#2751 = CARTESIAN_POINT('',(30.834525094496,6.25003186612E-02));
#2752 = CARTESIAN_POINT('',(29.856080102861,6.250058541126E-02));
#2753 = CARTESIAN_POINT('',(29.354007915175,6.250037908141E-02));
#2754 = CARTESIAN_POINT('',(28.852307112933,6.250028735317E-02));
#2755 = CARTESIAN_POINT('',(28.350846566156,6.250017352227E-02));
#2756 = CARTESIAN_POINT('',(27.849466602176,6.249863735579E-02));
#2757 = CARTESIAN_POINT('',(27.348037837579,6.249864652245E-02));
#2758 = CARTESIAN_POINT('',(26.84701923197,6.249918670081E-02));
#2759 = ( GEOMETRIC_REPRESENTATION_CONTEXT(2) 
PARAMETRIC_REPRESENTATION_CONTEXT() REPRESENTATION_CONTEXT('2D SPACE',''
  ) );
#2760 = PCURVE('',#1509,#2761);
#2761 = DEFINITIONAL_REPRESENTATION('',(#2762),#2819);
#2762 = B_SPLINE_CURVE_WITH_KNOTS('',7,(#2763,#2764,#2765,#2766,#2767,
    #2768,#2769,#2770,#2771,#2772,#2773,#2774,#2775,#2776,#2777,#2778,
    #2779,#2780,#2781,#2782,#2783,#2784,#2785,#2786,#2787,#2788,#2789,
    #2790,#2791,#2792,#2793,#2794,#2795,#2796,#2797,#2798,#2799,#2800,
    #2801,#2802,#2803,#2804,#2805,#2806,#2807,#2808,#2809,#2810,#2811,
    #2812,#2813,#2814,#2815,#2816,#2817,#2818),.UNSPECIFIED.,.F.,.F.,(8,
    6,6,6,6,6,6,6,6,8),(0.,0.118361679009,0.245145284022,0.371460473191,
    0.495116654418,0.557854646135,0.618948717733,0.745538797393,
    0.869451669644,1.),.UNSPECIFIED.);
#2763 = CARTESIAN_POINT('',(-6.28318530718,-85.94371893106));
#2764 = CARTESIAN_POINT('',(-6.177616821115,-85.4828576187));
#2765 = CARTESIAN_POINT('',(-6.071988259037,-85.0219791467));
#2766 = CARTESIAN_POINT('',(-5.966359679792,-84.56135304257));
#2767 = CARTESIAN_POINT('',(-5.860717682115,-84.10089864922));
#2768 = CARTESIAN_POINT('',(-5.755038965083,-83.64052590729));
#2769 = CARTESIAN_POINT('',(-5.649307082549,-83.18016409025));
#2770 = CARTESIAN_POINT('',(-5.430333859153,-82.22725105061));
#2771 = CARTESIAN_POINT('',(-5.317010023027,-81.73437672149));
#2772 = CARTESIAN_POINT('',(-5.203694275457,-81.24182094137));
#2773 = CARTESIAN_POINT('',(-5.090362783619,-80.74947837887));
#2774 = CARTESIAN_POINT('',(-4.976986709839,-80.25721750066));
#2775 = CARTESIAN_POINT('',(-4.863542325573,-79.76493579209));
#2776 = CARTESIAN_POINT('',(-4.637109640641,-78.78290266461));
#2777 = CARTESIAN_POINT('',(-4.524026465267,-78.29273776874));
#2778 = CARTESIAN_POINT('',(-4.410951665266,-77.80288483099));
#2779 = CARTESIAN_POINT('',(-4.297861688499,-77.3132445391));
#2780 = CARTESIAN_POINT('',(-4.184727393255,-76.82369364271));
#2781 = CARTESIAN_POINT('',(-4.071524968434,-76.33412726764));
#2782 = CARTESIAN_POINT('',(-3.847536643965,-75.36599213441));
#2783 = CARTESIAN_POINT('',(-3.736661709936,-74.88702726132));
#2784 = CARTESIAN_POINT('',(-3.625793889953,-74.40835486191));
#2785 = CARTESIAN_POINT('',(-3.514911867637,-73.9298836277));
#2786 = CARTESIAN_POINT('',(-3.403988298254,-73.45149556349));
#2787 = CARTESIAN_POINT('',(-3.293000523601,-72.97309969398));
#2788 = CARTESIAN_POINT('',(-3.12572409646,-72.25248160718));
#2789 = CARTESIAN_POINT('',(-3.069412134677,-72.00996120788));
#2790 = CARTESIAN_POINT('',(-3.013093888454,-71.76748209072));
#2791 = CARTESIAN_POINT('',(-2.956768957314,-71.52504212369));
#2792 = CARTESIAN_POINT('',(-2.900436065107,-71.28263490248));
#2793 = CARTESIAN_POINT('',(-2.844094928466,-71.04025892705));
#2794 = CARTESIAN_POINT('',(-2.73287749657,-70.56194610672));
#2795 = CARTESIAN_POINT('',(-2.677998164311,-70.32599249583));
#2796 = CARTESIAN_POINT('',(-2.623112556708,-70.09007815181));
#2797 = CARTESIAN_POINT('',(-2.568220644066,-69.85420167721));
#2798 = CARTESIAN_POINT('',(-2.513321381382,-69.61835754194));
#2799 = CARTESIAN_POINT('',(-2.458414408605,-69.38254398407));
#2800 = CARTESIAN_POINT('',(-2.289720240313,-68.65823465656));
#2801 = CARTESIAN_POINT('',(-2.175858316894,-68.16962780874));
#2802 = CARTESIAN_POINT('',(-2.062007839458,-67.6813437975));
#2803 = CARTESIAN_POINT('',(-1.948143117866,-67.1932809154));
#2804 = CARTESIAN_POINT('',(-1.834233389127,-66.70530948816));
#2805 = CARTESIAN_POINT('',(-1.720252902108,-66.21731509179));
#2806 = CARTESIAN_POINT('',(-1.494739810607,-65.25235425954));
#2807 = CARTESIAN_POINT('',(-1.383113800697,-64.77497649592));
#2808 = CARTESIAN_POINT('',(-1.27149660442,-64.29789933787));
#2809 = CARTESIAN_POINT('',(-1.159866185288,-63.82102526892));
#2810 = CARTESIAN_POINT('',(-1.0481938442,-63.34423655687));
#2811 = CARTESIAN_POINT('',(-0.936455860718,-62.86743624899));
#2812 = CARTESIAN_POINT('',(-0.707028421346,-61.88899125735));
#2813 = CARTESIAN_POINT('',(-0.589231783786,-61.38691906967));
#2814 = CARTESIAN_POINT('',(-0.471452251002,-60.88521826743));
#2815 = CARTESIAN_POINT('',(-0.353658622903,-60.38375772065));
#2816 = CARTESIAN_POINT('',(-0.235816891854,-59.88237775667));
#2817 = CARTESIAN_POINT('',(-0.117894787552,-59.38094899207));
#2818 = CARTESIAN_POINT('',(0.,-58.87993038646));
#2819 = ( GEOMETRIC_REPRESENTATION_CONTEXT(2) 
PARAMETRIC_REPRESENTATION_CONTEXT() REPRESENTATION_CONTEXT('2D SPACE',''
  ) );
#2820 = ORIENTED_EDGE('',*,*,#2821,.F.);
#2821 = EDGE_CURVE('',#2822,#2640,#2824,.T.);
#2822 = VERTEX_POINT('',#2823);
#2823 = CARTESIAN_POINT('',(-2.659067662222,32.454845318503,
    66.031701202267));
#2824 = SURFACE_CURVE('',#2825,(#2852,#2882),.PCURVE_S1.);
#2825 = B_SPLINE_CURVE_WITH_KNOTS('',7,(#2826,#2827,#2828,#2829,#2830,
    #2831,#2832,#2833,#2834,#2835,#2836,#2837,#2838,#2839,#2840,#2841,
    #2842,#2843,#2844,#2845,#2846,#2847,#2848,#2849,#2850,#2851),
  .UNSPECIFIED.,.F.,.F.,(8,6,6,6,8),(0.,0.233829832531,0.488294981628,
    0.739416101398,1.),.UNSPECIFIED.);
#2826 = CARTESIAN_POINT('',(-2.659066638868,32.454844957851,
    66.031701802267));
#2827 = CARTESIAN_POINT('',(-3.437708630662,32.7292542884,
    65.575178464123));
#2828 = CARTESIAN_POINT('',(-4.183726645932,33.097556187123,
    65.118646603464));
#2829 = CARTESIAN_POINT('',(-4.883114228278,33.55501419858,
    64.662337409369));
#2830 = CARTESIAN_POINT('',(-5.523258352901,34.094318754733,
    64.206195838233));
#2831 = CARTESIAN_POINT('',(-6.093058303009,34.706232595406,
    63.750139801597));
#2832 = CARTESIAN_POINT('',(-6.58301643699,35.379665337331,
    63.294106614368));
#2833 = CARTESIAN_POINT('',(-7.424358346029,36.887367864297,
    62.342313652328));
#2834 = CARTESIAN_POINT('',(-7.760007077537,37.731142448239,
    61.846248770268));
#2835 = CARTESIAN_POINT('',(-7.983222432434,38.616303367421,
    61.350494966407));
#2836 = CARTESIAN_POINT('',(-8.088365719323,39.524781048629,
    60.854951312164));
#2837 = CARTESIAN_POINT('',(-8.073177270965,40.438023936804,
    60.359491409684));
#2838 = CARTESIAN_POINT('',(-7.938785313716,41.337104392631,
    59.864014375338));
#2839 = CARTESIAN_POINT('',(-7.445611121833,43.058403151572,
    58.880259063108));
#2840 = CARTESIAN_POINT('',(-7.089607641538,43.882150853647,
    58.391586226301));
#2841 = CARTESIAN_POINT('',(-6.627416938657,44.656751277782,
    57.903213042428));
#2842 = CARTESIAN_POINT('',(-6.067517768534,45.366027631272,
    57.41504654714));
#2843 = CARTESIAN_POINT('',(-5.421003053934,45.995743095019,
    56.92696308302));
#2844 = CARTESIAN_POINT('',(-4.701520900801,46.533693395555,
    56.438866422989));
#2845 = CARTESIAN_POINT('',(-3.119959847227,47.424299495952,
    55.444960004509));
#2846 = CARTESIAN_POINT('',(-2.252819193376,47.769609050429,
    54.938729584149));
#2847 = CARTESIAN_POINT('',(-1.342027029658,47.996126956543,
    54.432844390583));
#2848 = CARTESIAN_POINT('',(-0.407214323691,48.097804160964,
    53.92718823279));
#2849 = CARTESIAN_POINT('',(0.531509561299,48.072319578676,
    53.421628027593));
#2850 = CARTESIAN_POINT('',(1.453594800171,47.921125523076,
    52.916025751024));
#2851 = CARTESIAN_POINT('',(2.338973637782,47.650438047704,
    52.410807776569));
#2852 = PCURVE('',#219,#2853);
#2853 = DEFINITIONAL_REPRESENTATION('',(#2854),#2881);
#2854 = B_SPLINE_CURVE_WITH_KNOTS('',7,(#2855,#2856,#2857,#2858,#2859,
    #2860,#2861,#2862,#2863,#2864,#2865,#2866,#2867,#2868,#2869,#2870,
    #2871,#2872,#2873,#2874,#2875,#2876,#2877,#2878,#2879,#2880),
  .UNSPECIFIED.,.F.,.F.,(8,6,6,6,8),(0.,0.233829832531,0.488294981628,
    0.739416101398,1.),.UNSPECIFIED.);
#2855 = CARTESIAN_POINT('',(67.531701802266,6.25003606254E-02));
#2856 = CARTESIAN_POINT('',(67.075178464124,6.250107760529E-02));
#2857 = CARTESIAN_POINT('',(66.618646603465,6.250110161452E-02));
#2858 = CARTESIAN_POINT('',(66.162337409371,6.249994421293E-02));
#2859 = CARTESIAN_POINT('',(65.706195838233,6.249950091887E-02));
#2860 = CARTESIAN_POINT('',(65.250139801597,6.24993852249E-02));
#2861 = CARTESIAN_POINT('',(64.794106614367,6.249953438514E-02));
#2862 = CARTESIAN_POINT('',(63.842313652327,6.249992214808E-02));
#2863 = CARTESIAN_POINT('',(63.346248770267,6.25001772769E-02));
#2864 = CARTESIAN_POINT('',(62.850494966407,6.250026106639E-02));
#2865 = CARTESIAN_POINT('',(62.354951312164,6.250003402882E-02));
#2866 = CARTESIAN_POINT('',(61.859491409685,6.2499961651E-02));
#2867 = CARTESIAN_POINT('',(61.364014375339,6.250001844865E-02));
#2868 = CARTESIAN_POINT('',(60.380259063109,6.250021175234E-02));
#2869 = CARTESIAN_POINT('',(59.891586226301,6.250034371985E-02));
#2870 = CARTESIAN_POINT('',(59.403213042428,6.250043402148E-02));
#2871 = CARTESIAN_POINT('',(58.915046547139,6.250022412075E-02));
#2872 = CARTESIAN_POINT('',(58.426963083019,6.249970624455E-02));
#2873 = CARTESIAN_POINT('',(57.938866422988,6.249940851395E-02));
#2874 = CARTESIAN_POINT('',(56.944960004508,6.249942446762E-02));
#2875 = CARTESIAN_POINT('',(56.438729584149,6.249990859139E-02));
#2876 = CARTESIAN_POINT('',(55.932844390584,6.25001848352E-02));
#2877 = CARTESIAN_POINT('',(55.427188232792,6.250172095994E-02));
#2878 = CARTESIAN_POINT('',(54.921628027594,6.250236151954E-02));
#2879 = CARTESIAN_POINT('',(54.416025751023,6.249886523174E-02));
#2880 = CARTESIAN_POINT('',(53.910807776568,6.249844449904E-02));
#2881 = ( GEOMETRIC_REPRESENTATION_CONTEXT(2) 
PARAMETRIC_REPRESENTATION_CONTEXT() REPRESENTATION_CONTEXT('2D SPACE',''
  ) );
#2882 = PCURVE('',#1696,#2883);
#2883 = DEFINITIONAL_REPRESENTATION('',(#2884),#2911);
#2884 = B_SPLINE_CURVE_WITH_KNOTS('',7,(#2885,#2886,#2887,#2888,#2889,
    #2890,#2891,#2892,#2893,#2894,#2895,#2896,#2897,#2898,#2899,#2900,
    #2901,#2902,#2903,#2904,#2905,#2906,#2907,#2908,#2909,#2910),
  .UNSPECIFIED.,.F.,.F.,(8,6,6,6,8),(0.,0.233829832531,0.488294981628,
    0.739416101398,1.),.UNSPECIFIED.);
#2885 = CARTESIAN_POINT('',(-3.099469168573,-99.56461295676));
#2886 = CARTESIAN_POINT('',(-2.996271555344,-99.10808961862));
#2887 = CARTESIAN_POINT('',(-2.893019038176,-98.65155775796));
#2888 = CARTESIAN_POINT('',(-2.789764593857,-98.19524856386));
#2889 = CARTESIAN_POINT('',(-2.686495371934,-97.73910699273));
#2890 = CARTESIAN_POINT('',(-2.583191526355,-97.28305095609));
#2891 = CARTESIAN_POINT('',(-2.479838960012,-96.82701776886));
#2892 = CARTESIAN_POINT('',(-2.264018464659,-95.87522480682));
#2893 = CARTESIAN_POINT('',(-2.151471479273,-95.37915992476));
#2894 = CARTESIAN_POINT('',(-2.038931723249,-94.8834061209));
#2895 = CARTESIAN_POINT('',(-1.926377322183,-94.38786246666));
#2896 = CARTESIAN_POINT('',(-1.813779503476,-93.89240256418));
#2897 = CARTESIAN_POINT('',(-1.701114441438,-93.39692552983));
#2898 = CARTESIAN_POINT('',(-1.477294961965,-92.4131702176));
#2899 = CARTESIAN_POINT('',(-1.366052429204,-91.92449738079));
#2900 = CARTESIAN_POINT('',(-1.254815731169,-91.43612419692));
#2901 = CARTESIAN_POINT('',(-1.14356365046,-90.94795770163));
#2902 = CARTESIAN_POINT('',(-1.032268902003,-90.45987423751));
#2903 = CARTESIAN_POINT('',(-0.920909693062,-89.97177757748));
#2904 = CARTESIAN_POINT('',(-0.694024721097,-88.977871159));
#2905 = CARTESIAN_POINT('',(-0.578398223098,-88.47164073864));
#2906 = CARTESIAN_POINT('',(-0.462783833023,-87.96575554507));
#2907 = CARTESIAN_POINT('',(-0.347155408559,-87.46009938729));
#2908 = CARTESIAN_POINT('',(-0.231479093889,-86.95453918209));
#2909 = CARTESIAN_POINT('',(-0.115729168982,-86.44893690552));
#2910 = CARTESIAN_POINT('',(0.,-85.94371893106));
#2911 = ( GEOMETRIC_REPRESENTATION_CONTEXT(2) 
PARAMETRIC_REPRESENTATION_CONTEXT() REPRESENTATION_CONTEXT('2D SPACE',''
  ) );
#2912 = ORIENTED_EDGE('',*,*,#2913,.F.);
#2913 = EDGE_CURVE('',#2914,#2822,#2916,.T.);
#2914 = VERTEX_POINT('',#2915);
#2915 = CARTESIAN_POINT('',(-2.393159507777,33.209365137888,
    66.031701202267));
#2916 = SURFACE_CURVE('',#2917,(#2923,#2932),.PCURVE_S1.);
#2917 = B_SPLINE_CURVE_WITH_KNOTS('',4,(#2918,#2919,#2920,#2921,#2922),
  .UNSPECIFIED.,.F.,.F.,(5,5),(0.,1.),.PIECEWISE_BEZIER_KNOTS.);
#2918 = CARTESIAN_POINT('',(-2.393159507777,33.209365137888,
    66.031701202267));
#2919 = CARTESIAN_POINT('',(-2.460226763471,33.019060430016,
    66.031701202267));
#2920 = CARTESIAN_POINT('',(-2.527294019164,32.828755722145,
    66.031701202267));
#2921 = CARTESIAN_POINT('',(-2.594361274857,32.638451014273,
    66.031701202267));
#2922 = CARTESIAN_POINT('',(-2.66142853055,32.448146306401,
    66.031701202267));
#2923 = PCURVE('',#219,#2924);
#2924 = DEFINITIONAL_REPRESENTATION('',(#2925),#2931);
#2925 = B_SPLINE_CURVE_WITH_KNOTS('',4,(#2926,#2927,#2928,#2929,#2930),
  .UNSPECIFIED.,.F.,.F.,(5,5),(0.,1.),.PIECEWISE_BEZIER_KNOTS.);
#2926 = CARTESIAN_POINT('',(67.531701202266,0.));
#2927 = CARTESIAN_POINT('',(67.531701202266,1.576381866669E-02));
#2928 = CARTESIAN_POINT('',(67.531701202266,3.152763733338E-02));
#2929 = CARTESIAN_POINT('',(67.531701202266,4.729145600007E-02));
#2930 = CARTESIAN_POINT('',(67.531701202266,6.305527466676E-02));
#2931 = ( GEOMETRIC_REPRESENTATION_CONTEXT(2) 
PARAMETRIC_REPRESENTATION_CONTEXT() REPRESENTATION_CONTEXT('2D SPACE',''
  ) );
#2932 = PCURVE('',#1878,#2933);
#2933 = DEFINITIONAL_REPRESENTATION('',(#2934),#2940);
#2934 = B_SPLINE_CURVE_WITH_KNOTS('',4,(#2935,#2936,#2937,#2938,#2939),
  .UNSPECIFIED.,.F.,.F.,(5,5),(0.,1.),.PIECEWISE_BEZIER_KNOTS.);
#2935 = CARTESIAN_POINT('',(-7.193608539608,0.30320032828));
#2936 = CARTESIAN_POINT('',(-7.395206404706,0.311697352012));
#2937 = CARTESIAN_POINT('',(-7.596804269804,0.320194375744));
#2938 = CARTESIAN_POINT('',(-7.798402134902,0.328691399475));
#2939 = CARTESIAN_POINT('',(-8.,0.337188423207));
#2940 = ( GEOMETRIC_REPRESENTATION_CONTEXT(2) 
PARAMETRIC_REPRESENTATION_CONTEXT() REPRESENTATION_CONTEXT('2D SPACE',''
  ) );
#2941 = ORIENTED_EDGE('',*,*,#2942,.T.);
#2942 = EDGE_CURVE('',#2914,#2943,#2945,.T.);
#2943 = VERTEX_POINT('',#2944);
#2944 = CARTESIAN_POINT('',(-0.324961386896,32.807337064965,
    67.331701202267));
#2945 = SURFACE_CURVE('',#2946,(#2992,#2999),.PCURVE_S1.);
#2946 = B_SPLINE_CURVE_WITH_KNOTS('',8,(#2947,#2948,#2949,#2950,#2951,
    #2952,#2953,#2954,#2955,#2956,#2957,#2958,#2959,#2960,#2961,#2962,
    #2963,#2964,#2965,#2966,#2967,#2968,#2969,#2970,#2971,#2972,#2973,
    #2974,#2975,#2976,#2977,#2978,#2979,#2980,#2981,#2982,#2983,#2984,
    #2985,#2986,#2987,#2988,#2989,#2990,#2991),.UNSPECIFIED.,.F.,.F.,(9,
    6,6,6,6,6,6,9),(-36.33291115449,-21.30939510353,-6.285879052565,
    8.737636998401,23.761153049367,38.784669100334,53.8081851513,
    68.831701202267),.UNSPECIFIED.);
#2947 = CARTESIAN_POINT('',(0.361759267711,32.809093921332,
    -37.83291115449));
#2948 = CARTESIAN_POINT('',(3.755508917588,32.979397347965,
    -35.95497164813));
#2949 = CARTESIAN_POINT('',(7.048074717642,34.983047147236,
    -34.07703214173));
#2950 = CARTESIAN_POINT('',(9.094476127585,38.729808585263,
    -32.19909263543));
#2951 = CARTESIAN_POINT('',(8.794965353738,43.332070296775,
    -30.32115312897));
#2952 = CARTESIAN_POINT('',(5.971146524188,46.929384764466,
    -28.44321362267));
#2953 = CARTESIAN_POINT('',(2.014984464458,48.377758589597,
    -26.56527411626));
#2954 = CARTESIAN_POINT('',(-5.466480562133,47.119802011571,
    -22.80939510353));
#2955 = CARTESIAN_POINT('',(-8.601130266262,40.241569498658,
    -19.05351609078));
#2956 = CARTESIAN_POINT('',(-8.225880516001,36.084296114797,
    -17.17557658442));
#2957 = CARTESIAN_POINT('',(-5.52942079386,32.496375504687,
    -15.29763707804));
#2958 = CARTESIAN_POINT('',(-1.324317931441,31.0187972727,
    -13.41969757167));
#2959 = CARTESIAN_POINT('',(2.706089551776,31.867888161638,
    -11.5417580653));
#2960 = CARTESIAN_POINT('',(8.312658479523,36.761769143084,
    -7.785879052564));
#2961 = CARTESIAN_POINT('',(7.495588954327,44.13183399581,
    -4.030000039825));
#2962 = CARTESIAN_POINT('',(5.121916499983,47.452507138689,
    -2.152060533452));
#2963 = CARTESIAN_POINT('',(1.101266261023,49.175708057642,
    -0.274121027081));
#2964 = CARTESIAN_POINT('',(-3.179745846066,48.433306371366,
    1.603818479286));
#2965 = CARTESIAN_POINT('',(-6.239776832556,45.811267561839,
    3.481757985661));
#2966 = CARTESIAN_POINT('',(-8.80890278989,38.975110408377,
    7.237636998399));
#2967 = CARTESIAN_POINT('',(-4.752326718428,32.933755668852,
    10.993516011145));
#2968 = CARTESIAN_POINT('',(-1.203322297513,31.101950523237,
    12.871455517505));
#2969 = CARTESIAN_POINT('',(3.055183151475,31.357328259949,
    14.749395023897));
#2970 = CARTESIAN_POINT('',(6.492315324266,33.838123279893,
    16.627334530244));
#2971 = CARTESIAN_POINT('',(8.090906825219,37.444086505376,
    18.50527403663));
#2972 = CARTESIAN_POINT('',(7.528453840163,44.591148988711,
    22.261153049363));
#2973 = CARTESIAN_POINT('',(1.452731753483,48.348941425855,
    26.017032062112));
#2974 = CARTESIAN_POINT('',(-2.450369926812,48.5752960977,
    27.894971568479));
#2975 = CARTESIAN_POINT('',(-6.162950773928,46.690388972249,
    29.772911074844));
#2976 = CARTESIAN_POINT('',(-8.313670387271,43.154827399927,
    31.650850581232));
#2977 = CARTESIAN_POINT('',(-8.415610879381,39.293490229936,
    33.528790087586));
#2978 = CARTESIAN_POINT('',(-5.273811054652,32.993069675584,
    37.284669100342));
#2979 = CARTESIAN_POINT('',(1.626082028305,31.723204835569,
    41.040548113068));
#2980 = CARTESIAN_POINT('',(5.275974451495,32.880695083623,
    42.918487619473));
#2981 = CARTESIAN_POINT('',(8.030857857146,35.871854570672,
    44.796427125771));
#2982 = CARTESIAN_POINT('',(8.834781579459,39.833694672273,
    46.674366632231));
#2983 = CARTESIAN_POINT('',(7.673254530647,43.43556430184,
    48.552306138537));
#2984 = CARTESIAN_POINT('',(2.739706504817,48.282416118034,
    52.308185151327));
#2985 = CARTESIAN_POINT('',(-4.087255726601,47.335722265073,
    56.064064164014));
#2986 = CARTESIAN_POINT('',(-7.14022056396,45.154684648397,
    57.942003670506));
#2987 = CARTESIAN_POINT('',(-8.830460287801,41.559000005051,
    59.819943176635));
#2988 = CARTESIAN_POINT('',(-8.455895828666,37.623653018525,
    61.697882683287));
#2989 = CARTESIAN_POINT('',(-6.363653248334,34.561937682084,
    63.575822189458));
#2990 = CARTESIAN_POINT('',(-3.374460079342,32.944925751369,
    65.453761695912));
#2991 = CARTESIAN_POINT('',(-0.324961386896,32.807337064965,
    67.331701202267));
#2992 = PCURVE('',#219,#2993);
#2993 = DEFINITIONAL_REPRESENTATION('',(#2994),#2998);
#2994 = LINE('',#2995,#2996);
#2995 = CARTESIAN_POINT('',(0.,0.));
#2996 = VECTOR('',#2997,1.);
#2997 = DIRECTION('',(1.,0.));
#2998 = ( GEOMETRIC_REPRESENTATION_CONTEXT(2) 
PARAMETRIC_REPRESENTATION_CONTEXT() REPRESENTATION_CONTEXT('2D SPACE',''
  ) );
#2999 = PCURVE('',#1950,#3000);
#3000 = DEFINITIONAL_REPRESENTATION('',(#3001),#3005);
#3001 = LINE('',#3002,#3003);
#3002 = CARTESIAN_POINT('',(0.,1.));
#3003 = VECTOR('',#3004,1.);
#3004 = DIRECTION('',(1.,0.));
#3005 = ( GEOMETRIC_REPRESENTATION_CONTEXT(2) 
PARAMETRIC_REPRESENTATION_CONTEXT() REPRESENTATION_CONTEXT('2D SPACE',''
  ) );
#3006 = ORIENTED_EDGE('',*,*,#3007,.T.);
#3007 = EDGE_CURVE('',#2943,#3008,#3010,.T.);
#3008 = VERTEX_POINT('',#3009);
#3009 = CARTESIAN_POINT('',(-0.902670519156,20.020380736014,
    67.331701202267));
#3010 = SURFACE_CURVE('',#3011,(#3014,#3021),.PCURVE_S1.);
#3011 = B_SPLINE_CURVE_WITH_KNOTS('',1,(#3012,#3013),.UNSPECIFIED.,.F.,
  .F.,(2,2),(0.,1.),.PIECEWISE_BEZIER_KNOTS.);
#3012 = CARTESIAN_POINT('',(-0.324961386896,32.807337064965,
    67.331701202267));
#3013 = CARTESIAN_POINT('',(-0.902670519156,20.020380736014,
    67.331701202267));
#3014 = PCURVE('',#219,#3015);
#3015 = DEFINITIONAL_REPRESENTATION('',(#3016),#3020);
#3016 = LINE('',#3017,#3018);
#3017 = CARTESIAN_POINT('',(68.831701202267,0.));
#3018 = VECTOR('',#3019,1.);
#3019 = DIRECTION('',(0.,1.));
#3020 = ( GEOMETRIC_REPRESENTATION_CONTEXT(2) 
PARAMETRIC_REPRESENTATION_CONTEXT() REPRESENTATION_CONTEXT('2D SPACE',''
  ) );
#3021 = PCURVE('',#2063,#3022);
#3022 = DEFINITIONAL_REPRESENTATION('',(#3023),#3026);
#3023 = B_SPLINE_CURVE_WITH_KNOTS('',1,(#3024,#3025),.UNSPECIFIED.,.F.,
  .F.,(2,2),(0.,1.),.PIECEWISE_BEZIER_KNOTS.);
#3024 = CARTESIAN_POINT('',(-6.4,-1.5));
#3025 = CARTESIAN_POINT('',(6.4,-1.5));
#3026 = ( GEOMETRIC_REPRESENTATION_CONTEXT(2) 
PARAMETRIC_REPRESENTATION_CONTEXT() REPRESENTATION_CONTEXT('2D SPACE',''
  ) );
#3027 = ORIENTED_EDGE('',*,*,#3028,.F.);
#3028 = EDGE_CURVE('',#2487,#3008,#3029,.T.);
#3029 = SURFACE_CURVE('',#3030,(#3082,#3089),.PCURVE_S1.);
#3030 = B_SPLINE_CURVE_WITH_KNOTS('',8,(#3031,#3032,#3033,#3034,#3035,
    #3036,#3037,#3038,#3039,#3040,#3041,#3042,#3043,#3044,#3045,#3046,
    #3047,#3048,#3049,#3050,#3051,#3052,#3053,#3054,#3055,#3056,#3057,
    #3058,#3059,#3060,#3061,#3062,#3063,#3064,#3065,#3066,#3067,#3068,
    #3069,#3070,#3071,#3072,#3073,#3074,#3075,#3076,#3077,#3078,#3079,
    #3080,#3081),.UNSPECIFIED.,.F.,.F.,(9,6,6,6,6,6,6,6,9),(
    -36.33291115449,-23.1873346099,-10.0417580653,3.103818479289,
    16.249395023884,29.39497156848,42.540548113075,55.686124657671,
    68.831701202267),.UNSPECIFIED.);
#3031 = CARTESIAN_POINT('',(1.004886854752,20.025260892589,
    -37.83291115449));
#3032 = CARTESIAN_POINT('',(9.253265166782,20.439843791289,
    -36.18971408643));
#3033 = CARTESIAN_POINT('',(17.288554502297,24.749207940648,
    -34.54651701831));
#3034 = CARTESIAN_POINT('',(22.971554478976,32.802587182161,
    -32.90331995034));
#3035 = CARTESIAN_POINT('',(24.263282839575,43.097631475183,
    -31.26012288212));
#3036 = CARTESIAN_POINT('',(20.403438242195,52.669588021841,
    -29.61692581416));
#3037 = CARTESIAN_POINT('',(12.967428527981,58.983998523906,
    -27.97372874604));
#3038 = CARTESIAN_POINT('',(-4.486570529482,63.36402211625,
    -24.68733460991));
#3039 = CARTESIAN_POINT('',(-19.02675511974,52.863073029683,
    -21.40094047375));
#3040 = CARTESIAN_POINT('',(-23.55527270626,44.313700678148,
    -19.75774340568));
#3041 = CARTESIAN_POINT('',(-23.6048638766,34.154374434991,
    -18.1145463376));
#3042 = CARTESIAN_POINT('',(-18.8034757142,25.255183667017,
    -16.47134926953));
#3043 = CARTESIAN_POINT('',(-10.89706329816,19.853040636972,
    -14.82815220145));
#3044 = CARTESIAN_POINT('',(6.61556958072,17.255205033614,-11.5417580653
    ));
#3045 = CARTESIAN_POINT('',(19.957164240176,28.804756910657,
    -8.255363929157));
#3046 = CARTESIAN_POINT('',(23.699861292952,37.534125247306,
    -6.612166861086));
#3047 = CARTESIAN_POINT('',(23.00160382713,47.46489312385,
    -4.968969793004));
#3048 = CARTESIAN_POINT('',(17.723692026388,55.852295602752,
    -3.325772724939));
#3049 = CARTESIAN_POINT('',(9.654796536516,60.68123183371,
    -1.682575656858));
#3050 = CARTESIAN_POINT('',(-7.692776811429,62.298210607714,
    1.603818479286));
#3051 = CARTESIAN_POINT('',(-20.31013491659,50.365538883544,
    4.89021261544));
#3052 = CARTESIAN_POINT('',(-23.65592926885,41.658315472174,
    6.533409683503));
#3053 = CARTESIAN_POINT('',(-22.66650831745,31.949118854177,
    8.176606751599));
#3054 = CARTESIAN_POINT('',(-17.29995930746,23.848883006382,
    9.819803819651));
#3055 = CARTESIAN_POINT('',(-9.294519605157,19.239733705846,
    11.463000887738));
#3056 = CARTESIAN_POINT('',(7.798611160786,17.839764698807,
    14.749395023881));
#3057 = CARTESIAN_POINT('',(20.205890625291,29.600191181408,
    18.035789160036));
#3058 = CARTESIAN_POINT('',(23.531864936283,38.139488458156,
    19.6789862281));
#3059 = CARTESIAN_POINT('',(22.667988206847,47.67235450764,
    21.322183296193));
#3060 = CARTESIAN_POINT('',(17.554019046026,55.715698957013,
    22.965380364246));
#3061 = CARTESIAN_POINT('',(9.803847366416,60.441788728934,
    24.608577432336));
#3062 = CARTESIAN_POINT('',(-6.976095586273,62.33669765364,
    27.894971568472));
#3063 = CARTESIAN_POINT('',(-19.65294806654,51.262265001783,
    31.181365704637));
#3064 = CARTESIAN_POINT('',(-23.30530706009,43.029783395339,
    32.824562772676));
#3065 = CARTESIAN_POINT('',(-22.95056430861,33.644480476397,
    34.467759840817));
#3066 = CARTESIAN_POINT('',(-18.413857942,25.464623080434,
    36.110956908821));
#3067 = CARTESIAN_POINT('',(-11.11934953918,20.325269634355,
    37.754153976938));
#3068 = CARTESIAN_POINT('',(5.230881692711,17.281827530622,
    41.040548113063));
#3069 = CARTESIAN_POINT('',(18.560223144159,27.139860894248,
    44.326942249234));
#3070 = CARTESIAN_POINT('',(22.837836469379,34.891970459508,
    45.970139317277));
#3071 = CARTESIAN_POINT('',(23.345906878431,44.097377294644,
    47.613336385395));
#3072 = CARTESIAN_POINT('',(19.71626887967,52.532395447657,
    49.256533453437));
#3073 = CARTESIAN_POINT('',(13.118956575912,58.317237741086,
    50.899730521523));
#3074 = CARTESIAN_POINT('',(-2.554706022057,63.086880474383,
    54.186124657672));
#3075 = CARTESIAN_POINT('',(-16.76076826847,55.028984834756,
    57.472518793818));
#3076 = CARTESIAN_POINT('',(-21.89270338127,47.994859226753,
    59.115715861906));
#3077 = CARTESIAN_POINT('',(-23.57926760611,39.100671416748,
    60.758912929947));
#3078 = CARTESIAN_POINT('',(-21.19695657121,30.401029122661,
    62.402109998062));
#3079 = CARTESIAN_POINT('',(-15.59836418522,23.834183783914,
    64.045307066109));
#3080 = CARTESIAN_POINT('',(-8.314646213173,20.355095773988,
    65.688504134194));
#3081 = CARTESIAN_POINT('',(-0.902670519156,20.020380736014,
    67.331701202267));
#3082 = PCURVE('',#219,#3083);
#3083 = DEFINITIONAL_REPRESENTATION('',(#3084),#3088);
#3084 = LINE('',#3085,#3086);
#3085 = CARTESIAN_POINT('',(0.,1.));
#3086 = VECTOR('',#3087,1.);
#3087 = DIRECTION('',(1.,0.));
#3088 = ( GEOMETRIC_REPRESENTATION_CONTEXT(2) 
PARAMETRIC_REPRESENTATION_CONTEXT() REPRESENTATION_CONTEXT('2D SPACE',''
  ) );
#3089 = PCURVE('',#2136,#3090);
#3090 = DEFINITIONAL_REPRESENTATION('',(#3091),#3095);
#3091 = LINE('',#3092,#3093);
#3092 = CARTESIAN_POINT('',(0.,1.));
#3093 = VECTOR('',#3094,1.);
#3094 = DIRECTION('',(1.,0.));
#3095 = ( GEOMETRIC_REPRESENTATION_CONTEXT(2) 
PARAMETRIC_REPRESENTATION_CONTEXT() REPRESENTATION_CONTEXT('2D SPACE',''
  ) );
#3096 = ADVANCED_FACE('',(#3097),#73,.T.);
#3097 = FACE_BOUND('',#3098,.F.);
#3098 = EDGE_LOOP('',(#3099,#3100,#3101));
#3099 = ORIENTED_EDGE('',*,*,#57,.F.);
#3100 = ORIENTED_EDGE('',*,*,#756,.F.);
#3101 = ORIENTED_EDGE('',*,*,#2571,.F.);
#3102 = ADVANCED_FACE('',(#3103),#848,.T.);
#3103 = FACE_BOUND('',#3104,.T.);
#3104 = EDGE_LOOP('',(#3105,#3124,#3125,#3126));
#3105 = ORIENTED_EDGE('',*,*,#3106,.F.);
#3106 = EDGE_CURVE('',#1023,#2485,#3107,.T.);
#3107 = SURFACE_CURVE('',#3108,(#3111,#3118),.PCURVE_S1.);
#3108 = B_SPLINE_CURVE_WITH_KNOTS('',1,(#3109,#3110),.UNSPECIFIED.,.F.,
  .F.,(2,2),(0.,1.),.PIECEWISE_BEZIER_KNOTS.);
#3109 = CARTESIAN_POINT('',(0.361759267711,32.809093921332,
    -34.83291115449));
#3110 = CARTESIAN_POINT('',(0.361759267711,32.809093921332,
    -37.83291115449));
#3111 = PCURVE('',#848,#3112);
#3112 = DEFINITIONAL_REPRESENTATION('',(#3113),#3117);
#3113 = LINE('',#3114,#3115);
#3114 = CARTESIAN_POINT('',(-36.33291115449,0.));
#3115 = VECTOR('',#3116,1.);
#3116 = DIRECTION('',(0.,1.));
#3117 = ( GEOMETRIC_REPRESENTATION_CONTEXT(2) 
PARAMETRIC_REPRESENTATION_CONTEXT() REPRESENTATION_CONTEXT('2D SPACE',''
  ) );
#3118 = PCURVE('',#1039,#3119);
#3119 = DEFINITIONAL_REPRESENTATION('',(#3120),#3123);
#3120 = B_SPLINE_CURVE_WITH_KNOTS('',1,(#3121,#3122),.UNSPECIFIED.,.F.,
  .F.,(2,2),(0.,1.),.PIECEWISE_BEZIER_KNOTS.);
#3121 = CARTESIAN_POINT('',(-6.4,1.5));
#3122 = CARTESIAN_POINT('',(-6.4,-1.5));
#3123 = ( GEOMETRIC_REPRESENTATION_CONTEXT(2) 
PARAMETRIC_REPRESENTATION_CONTEXT() REPRESENTATION_CONTEXT('2D SPACE',''
  ) );
#3124 = ORIENTED_EDGE('',*,*,#1050,.T.);
#3125 = ORIENTED_EDGE('',*,*,#810,.T.);
#3126 = ORIENTED_EDGE('',*,*,#2507,.F.);
#3127 = ADVANCED_FACE('',(#3128),#1007,.T.);
#3128 = FACE_BOUND('',#3129,.F.);
#3129 = EDGE_LOOP('',(#3130,#3159,#3180,#3181));
#3130 = ORIENTED_EDGE('',*,*,#3131,.F.);
#3131 = EDGE_CURVE('',#3132,#3132,#3134,.T.);
#3132 = VERTEX_POINT('',#3133);
#3133 = CARTESIAN_POINT('',(2.046601933059,46.694133291741,
    -36.53291115449));
#3134 = SURFACE_CURVE('',#3135,(#3140,#3147),.PCURVE_S1.);
#3135 = CIRCLE('',#3136,7.);
#3136 = AXIS2_PLACEMENT_3D('',#3137,#3138,#3139);
#3137 = CARTESIAN_POINT('',(0.,40.,-36.53291115449));
#3138 = DIRECTION('',(0.,-0.,1.));
#3139 = DIRECTION('',(0.292371704723,0.956304755963,0.));
#3140 = PCURVE('',#1007,#3141);
#3141 = DEFINITIONAL_REPRESENTATION('',(#3142),#3146);
#3142 = LINE('',#3143,#3144);
#3143 = CARTESIAN_POINT('',(-0.,0.));
#3144 = VECTOR('',#3145,1.);
#3145 = DIRECTION('',(-1.,0.));
#3146 = ( GEOMETRIC_REPRESENTATION_CONTEXT(2) 
PARAMETRIC_REPRESENTATION_CONTEXT() REPRESENTATION_CONTEXT('2D SPACE',''
  ) );
#3147 = PCURVE('',#3148,#3153);
#3148 = PLANE('',#3149);
#3149 = AXIS2_PLACEMENT_3D('',#3150,#3151,#3152);
#3150 = CARTESIAN_POINT('',(0.,40.,-36.53291115449));
#3151 = DIRECTION('',(0.,0.,1.));
#3152 = DIRECTION('',(0.292371704723,0.956304755963,0.));
#3153 = DEFINITIONAL_REPRESENTATION('',(#3154),#3158);
#3154 = CIRCLE('',#3155,7.);
#3155 = AXIS2_PLACEMENT_2D('',#3156,#3157);
#3156 = CARTESIAN_POINT('',(0.,0.));
#3157 = DIRECTION('',(1.,0.));
#3158 = ( GEOMETRIC_REPRESENTATION_CONTEXT(2) 
PARAMETRIC_REPRESENTATION_CONTEXT() REPRESENTATION_CONTEXT('2D SPACE',''
  ) );
#3159 = ORIENTED_EDGE('',*,*,#3160,.T.);
#3160 = EDGE_CURVE('',#3132,#987,#3161,.T.);
#3161 = SEAM_CURVE('',#3162,(#3166,#3173),.PCURVE_S1.);
#3162 = LINE('',#3163,#3164);
#3163 = CARTESIAN_POINT('',(2.046601933059,46.694133291741,
    -36.53291115449));
#3164 = VECTOR('',#3165,1.);
#3165 = DIRECTION('',(0.,0.,1.));
#3166 = PCURVE('',#1007,#3167);
#3167 = DEFINITIONAL_REPRESENTATION('',(#3168),#3172);
#3168 = LINE('',#3169,#3170);
#3169 = CARTESIAN_POINT('',(-6.28318530718,0.));
#3170 = VECTOR('',#3171,1.);
#3171 = DIRECTION('',(-0.,-1.));
#3172 = ( GEOMETRIC_REPRESENTATION_CONTEXT(2) 
PARAMETRIC_REPRESENTATION_CONTEXT() REPRESENTATION_CONTEXT('2D SPACE',''
  ) );
#3173 = PCURVE('',#1007,#3174);
#3174 = DEFINITIONAL_REPRESENTATION('',(#3175),#3179);
#3175 = LINE('',#3176,#3177);
#3176 = CARTESIAN_POINT('',(-0.,0.));
#3177 = VECTOR('',#3178,1.);
#3178 = DIRECTION('',(-0.,-1.));
#3179 = ( GEOMETRIC_REPRESENTATION_CONTEXT(2) 
PARAMETRIC_REPRESENTATION_CONTEXT() REPRESENTATION_CONTEXT('2D SPACE',''
  ) );
#3180 = ORIENTED_EDGE('',*,*,#986,.F.);
#3181 = ORIENTED_EDGE('',*,*,#3160,.F.);
#3182 = ADVANCED_FACE('',(#3183),#1039,.T.);
#3183 = FACE_BOUND('',#3184,.T.);
#3184 = EDGE_LOOP('',(#3185,#3186,#3205,#3206));
#3185 = ORIENTED_EDGE('',*,*,#2484,.T.);
#3186 = ORIENTED_EDGE('',*,*,#3187,.F.);
#3187 = EDGE_CURVE('',#1025,#2487,#3188,.T.);
#3188 = SURFACE_CURVE('',#3189,(#3192,#3198),.PCURVE_S1.);
#3189 = B_SPLINE_CURVE_WITH_KNOTS('',1,(#3190,#3191),.UNSPECIFIED.,.F.,
  .F.,(2,2),(0.,1.),.PIECEWISE_BEZIER_KNOTS.);
#3190 = CARTESIAN_POINT('',(1.004886854752,20.025260892589,
    -34.83291115449));
#3191 = CARTESIAN_POINT('',(1.004886854752,20.025260892589,
    -37.83291115449));
#3192 = PCURVE('',#1039,#3193);
#3193 = DEFINITIONAL_REPRESENTATION('',(#3194),#3197);
#3194 = B_SPLINE_CURVE_WITH_KNOTS('',1,(#3195,#3196),.UNSPECIFIED.,.F.,
  .F.,(2,2),(0.,1.),.PIECEWISE_BEZIER_KNOTS.);
#3195 = CARTESIAN_POINT('',(6.4,1.5));
#3196 = CARTESIAN_POINT('',(6.4,-1.5));
#3197 = ( GEOMETRIC_REPRESENTATION_CONTEXT(2) 
PARAMETRIC_REPRESENTATION_CONTEXT() REPRESENTATION_CONTEXT('2D SPACE',''
  ) );
#3198 = PCURVE('',#2136,#3199);
#3199 = DEFINITIONAL_REPRESENTATION('',(#3200),#3204);
#3200 = LINE('',#3201,#3202);
#3201 = CARTESIAN_POINT('',(-36.33291115449,0.));
#3202 = VECTOR('',#3203,1.);
#3203 = DIRECTION('',(0.,1.));
#3204 = ( GEOMETRIC_REPRESENTATION_CONTEXT(2) 
PARAMETRIC_REPRESENTATION_CONTEXT() REPRESENTATION_CONTEXT('2D SPACE',''
  ) );
#3205 = ORIENTED_EDGE('',*,*,#1022,.F.);
#3206 = ORIENTED_EDGE('',*,*,#3106,.T.);
#3207 = ADVANCED_FACE('',(#3208),#2136,.F.);
#3208 = FACE_BOUND('',#3209,.F.);
#3209 = EDGE_LOOP('',(#3210,#3211,#3230,#3231));
#3210 = ORIENTED_EDGE('',*,*,#2074,.T.);
#3211 = ORIENTED_EDGE('',*,*,#3212,.T.);
#3212 = EDGE_CURVE('',#2049,#3008,#3213,.T.);
#3213 = SURFACE_CURVE('',#3214,(#3217,#3224),.PCURVE_S1.);
#3214 = B_SPLINE_CURVE_WITH_KNOTS('',1,(#3215,#3216),.UNSPECIFIED.,.F.,
  .F.,(2,2),(0.,1.),.PIECEWISE_BEZIER_KNOTS.);
#3215 = CARTESIAN_POINT('',(-0.902670519156,20.020380736014,
    70.331701202267));
#3216 = CARTESIAN_POINT('',(-0.902670519156,20.020380736014,
    67.331701202267));
#3217 = PCURVE('',#2136,#3218);
#3218 = DEFINITIONAL_REPRESENTATION('',(#3219),#3223);
#3219 = LINE('',#3220,#3221);
#3220 = CARTESIAN_POINT('',(68.831701202267,0.));
#3221 = VECTOR('',#3222,1.);
#3222 = DIRECTION('',(0.,1.));
#3223 = ( GEOMETRIC_REPRESENTATION_CONTEXT(2) 
PARAMETRIC_REPRESENTATION_CONTEXT() REPRESENTATION_CONTEXT('2D SPACE',''
  ) );
#3224 = PCURVE('',#2063,#3225);
#3225 = DEFINITIONAL_REPRESENTATION('',(#3226),#3229);
#3226 = B_SPLINE_CURVE_WITH_KNOTS('',1,(#3227,#3228),.UNSPECIFIED.,.F.,
  .F.,(2,2),(0.,1.),.PIECEWISE_BEZIER_KNOTS.);
#3227 = CARTESIAN_POINT('',(6.4,1.5));
#3228 = CARTESIAN_POINT('',(6.4,-1.5));
#3229 = ( GEOMETRIC_REPRESENTATION_CONTEXT(2) 
PARAMETRIC_REPRESENTATION_CONTEXT() REPRESENTATION_CONTEXT('2D SPACE',''
  ) );
#3230 = ORIENTED_EDGE('',*,*,#3028,.F.);
#3231 = ORIENTED_EDGE('',*,*,#3187,.F.);
#3232 = ADVANCED_FACE('',(#3233),#2063,.F.);
#3233 = FACE_BOUND('',#3234,.F.);
#3234 = EDGE_LOOP('',(#3235,#3236,#3237,#3238));
#3235 = ORIENTED_EDGE('',*,*,#3007,.T.);
#3236 = ORIENTED_EDGE('',*,*,#3212,.F.);
#3237 = ORIENTED_EDGE('',*,*,#2048,.F.);
#3238 = ORIENTED_EDGE('',*,*,#3239,.T.);
#3239 = EDGE_CURVE('',#1893,#2943,#3240,.T.);
#3240 = SURFACE_CURVE('',#3241,(#3244,#3250),.PCURVE_S1.);
#3241 = B_SPLINE_CURVE_WITH_KNOTS('',1,(#3242,#3243),.UNSPECIFIED.,.F.,
  .F.,(2,2),(0.,1.),.PIECEWISE_BEZIER_KNOTS.);
#3242 = CARTESIAN_POINT('',(-0.324961386896,32.807337064965,
    70.331701202267));
#3243 = CARTESIAN_POINT('',(-0.324961386896,32.807337064965,
    67.331701202267));
#3244 = PCURVE('',#2063,#3245);
#3245 = DEFINITIONAL_REPRESENTATION('',(#3246),#3249);
#3246 = B_SPLINE_CURVE_WITH_KNOTS('',1,(#3247,#3248),.UNSPECIFIED.,.F.,
  .F.,(2,2),(0.,1.),.PIECEWISE_BEZIER_KNOTS.);
#3247 = CARTESIAN_POINT('',(-6.4,1.5));
#3248 = CARTESIAN_POINT('',(-6.4,-1.5));
#3249 = ( GEOMETRIC_REPRESENTATION_CONTEXT(2) 
PARAMETRIC_REPRESENTATION_CONTEXT() REPRESENTATION_CONTEXT('2D SPACE',''
  ) );
#3250 = PCURVE('',#1950,#3251);
#3251 = DEFINITIONAL_REPRESENTATION('',(#3252),#3256);
#3252 = LINE('',#3253,#3254);
#3253 = CARTESIAN_POINT('',(68.831701202267,0.));
#3254 = VECTOR('',#3255,1.);
#3255 = DIRECTION('',(0.,1.));
#3256 = ( GEOMETRIC_REPRESENTATION_CONTEXT(2) 
PARAMETRIC_REPRESENTATION_CONTEXT() REPRESENTATION_CONTEXT('2D SPACE',''
  ) );
#3257 = ADVANCED_FACE('',(#3258),#1950,.T.);
#3258 = FACE_BOUND('',#3259,.T.);
#3259 = EDGE_LOOP('',(#3260,#3314,#3315,#3316));
#3260 = ORIENTED_EDGE('',*,*,#3261,.F.);
#3261 = EDGE_CURVE('',#1859,#2914,#3262,.T.);
#3262 = SURFACE_CURVE('',#3263,(#3278,#3296),.PCURVE_S1.);
#3263 = B_SPLINE_CURVE_WITH_KNOTS('',4,(#3264,#3265,#3266,#3267,#3268,
    #3269,#3270,#3271,#3272,#3273,#3274,#3275,#3276,#3277),
  .UNSPECIFIED.,.F.,.F.,(5,3,3,3,5),(0.,0.251193205221,0.501256099334,
    0.751190914283,1.),.UNSPECIFIED.);
#3264 = CARTESIAN_POINT('',(-6.127498788211,36.219282288675,
    66.031701202267));
#3265 = CARTESIAN_POINT('',(-5.966188349051,35.957841038734,
    66.031701202267));
#3266 = CARTESIAN_POINT('',(-5.790015620474,35.705594800077,
    66.031701202267));
#3267 = CARTESIAN_POINT('',(-5.599770963135,35.463813809309,
    66.031701202267));
#3268 = CARTESIAN_POINT('',(-5.194040283885,35.004452054038,
    66.031701202267));
#3269 = CARTESIAN_POINT('',(-4.978670408075,34.786765846534,
    66.031701202267));
#3270 = CARTESIAN_POINT('',(-4.751319265373,34.581658009062,
    66.031701202267));
#3271 = CARTESIAN_POINT('',(-4.275080545306,34.198535672691,
    66.031701202267));
#3272 = CARTESIAN_POINT('',(-4.026202554246,34.020506177273,
    66.031701202267));
#3273 = CARTESIAN_POINT('',(-3.767655459571,33.856876696952,
    66.031701202267));
#3274 = CARTESIAN_POINT('',(-3.235001237225,33.560505686977,
    66.031701202267));
#3275 = CARTESIAN_POINT('',(-2.960967796032,33.427627519354,
    66.031701202267));
#3276 = CARTESIAN_POINT('',(-2.679897574373,33.310421613073,
    66.031701202267));
#3277 = CARTESIAN_POINT('',(-2.393159507777,33.209365137888,
    66.031701202267));
#3278 = PCURVE('',#1950,#3279);
#3279 = DEFINITIONAL_REPRESENTATION('',(#3280),#3295);
#3280 = B_SPLINE_CURVE_WITH_KNOTS('',4,(#3281,#3282,#3283,#3284,#3285,
    #3286,#3287,#3288,#3289,#3290,#3291,#3292,#3293,#3294),
  .UNSPECIFIED.,.F.,.F.,(5,3,3,3,5),(0.,0.251193205221,0.501256099334,
    0.751190914283,1.),.UNSPECIFIED.);
#3281 = CARTESIAN_POINT('',(64.531701202266,0.));
#3282 = CARTESIAN_POINT('',(64.719902197155,6.273366496291E-02));
#3283 = CARTESIAN_POINT('',(64.908135933042,0.125478243592));
#3284 = CARTESIAN_POINT('',(65.096402342916,0.18823371355));
#3285 = CARTESIAN_POINT('',(65.472152760464,0.313483852733));
#3286 = CARTESIAN_POINT('',(65.6596367864,0.375978528044));
#3287 = CARTESIAN_POINT('',(65.847153051956,0.438483949896));
#3288 = CARTESIAN_POINT('',(66.222153292701,0.563484030145));
#3289 = CARTESIAN_POINT('',(66.409637545011,0.625978780914));
#3290 = CARTESIAN_POINT('',(66.597153611502,0.688484136411));
#3291 = CARTESIAN_POINT('',(66.971404061555,0.813234286429));
#3292 = CARTESIAN_POINT('',(67.158138459859,0.875479085864));
#3293 = CARTESIAN_POINT('',(67.344904165316,0.937734321016));
#3294 = CARTESIAN_POINT('',(67.531701202266,1.));
#3295 = ( GEOMETRIC_REPRESENTATION_CONTEXT(2) 
PARAMETRIC_REPRESENTATION_CONTEXT() REPRESENTATION_CONTEXT('2D SPACE',''
  ) );
#3296 = PCURVE('',#1878,#3297);
#3297 = DEFINITIONAL_REPRESENTATION('',(#3298),#3313);
#3298 = B_SPLINE_CURVE_WITH_KNOTS('',4,(#3299,#3300,#3301,#3302,#3303,
    #3304,#3305,#3306,#3307,#3308,#3309,#3310,#3311,#3312),
  .UNSPECIFIED.,.F.,.F.,(5,3,3,3,5),(0.,0.251193205221,0.501256099334,
    0.751190914283,1.),.UNSPECIFIED.);
#3299 = CARTESIAN_POINT('',(-5.407025594689,4.754381350989));
#3300 = CARTESIAN_POINT('',(-5.609880497326,4.523681386903));
#3301 = CARTESIAN_POINT('',(-5.799596854048,4.281456905888));
#3302 = CARTESIAN_POINT('',(-5.97519101064,4.028835114837));
#3303 = CARTESIAN_POINT('',(-6.295856671563,3.506528557158));
#3304 = CARTESIAN_POINT('',(-6.44106296937,3.236924033047));
#3305 = CARTESIAN_POINT('',(-6.570737528667,2.959539325914));
#3306 = CARTESIAN_POINT('',(-6.797880514614,2.392095842337));
#3307 = CARTESIAN_POINT('',(-6.895366085269,2.102041848766));
#3308 = CARTESIAN_POINT('',(-6.976253880695,1.806951402384));
#3309 = CARTESIAN_POINT('',(-7.103941864049,1.210921138854));
#3310 = CARTESIAN_POINT('',(-7.150894263358,0.910011839359));
#3311 = CARTESIAN_POINT('',(-7.180801849107,0.606955359005));
#3312 = CARTESIAN_POINT('',(-7.193608539608,0.30320032828));
#3313 = ( GEOMETRIC_REPRESENTATION_CONTEXT(2) 
PARAMETRIC_REPRESENTATION_CONTEXT() REPRESENTATION_CONTEXT('2D SPACE',''
  ) );
#3314 = ORIENTED_EDGE('',*,*,#1892,.T.);
#3315 = ORIENTED_EDGE('',*,*,#3239,.T.);
#3316 = ORIENTED_EDGE('',*,*,#2942,.F.);
#3317 = ADVANCED_FACE('',(#3318,#3369),#1878,.T.);
#3318 = FACE_BOUND('',#3319,.T.);
#3319 = EDGE_LOOP('',(#3320,#3344,#3366,#3367,#3368));
#3320 = ORIENTED_EDGE('',*,*,#3321,.T.);
#3321 = EDGE_CURVE('',#2822,#3322,#3324,.T.);
#3322 = VERTEX_POINT('',#3323);
#3323 = CARTESIAN_POINT('',(2.338973637782,47.650438047704,
    66.031701202267));
#3324 = SURFACE_CURVE('',#3325,(#3330,#3337),.PCURVE_S1.);
#3325 = CIRCLE('',#3326,8.);
#3326 = AXIS2_PLACEMENT_3D('',#3327,#3328,#3329);
#3327 = CARTESIAN_POINT('',(0.,40.,66.031701202267));
#3328 = DIRECTION('',(0.,-0.,1.));
#3329 = DIRECTION('',(0.292371704723,0.956304755963,0.));
#3330 = PCURVE('',#1878,#3331);
#3331 = DEFINITIONAL_REPRESENTATION('',(#3332),#3336);
#3332 = CIRCLE('',#3333,8.);
#3333 = AXIS2_PLACEMENT_2D('',#3334,#3335);
#3334 = CARTESIAN_POINT('',(-2.077425909325E-15,6.794953975224E-15));
#3335 = DIRECTION('',(1.,0.));
#3336 = ( GEOMETRIC_REPRESENTATION_CONTEXT(2) 
PARAMETRIC_REPRESENTATION_CONTEXT() REPRESENTATION_CONTEXT('2D SPACE',''
  ) );
#3337 = PCURVE('',#1696,#3338);
#3338 = DEFINITIONAL_REPRESENTATION('',(#3339),#3343);
#3339 = LINE('',#3340,#3341);
#3340 = CARTESIAN_POINT('',(-0.,-99.56461235676));
#3341 = VECTOR('',#3342,1.);
#3342 = DIRECTION('',(-1.,0.));
#3343 = ( GEOMETRIC_REPRESENTATION_CONTEXT(2) 
PARAMETRIC_REPRESENTATION_CONTEXT() REPRESENTATION_CONTEXT('2D SPACE',''
  ) );
#3344 = ORIENTED_EDGE('',*,*,#3345,.T.);
#3345 = EDGE_CURVE('',#3322,#1762,#3346,.T.);
#3346 = SURFACE_CURVE('',#3347,(#3352,#3359),.PCURVE_S1.);
#3347 = CIRCLE('',#3348,8.);
#3348 = AXIS2_PLACEMENT_3D('',#3349,#3350,#3351);
#3349 = CARTESIAN_POINT('',(0.,40.,66.031701202267));
#3350 = DIRECTION('',(0.,-0.,1.));
#3351 = DIRECTION('',(0.292371704723,0.956304755963,0.));
#3352 = PCURVE('',#1878,#3353);
#3353 = DEFINITIONAL_REPRESENTATION('',(#3354),#3358);
#3354 = CIRCLE('',#3355,8.);
#3355 = AXIS2_PLACEMENT_2D('',#3356,#3357);
#3356 = CARTESIAN_POINT('',(-2.077425909325E-15,6.794953975224E-15));
#3357 = DIRECTION('',(1.,0.));
#3358 = ( GEOMETRIC_REPRESENTATION_CONTEXT(2) 
PARAMETRIC_REPRESENTATION_CONTEXT() REPRESENTATION_CONTEXT('2D SPACE',''
  ) );
#3359 = PCURVE('',#1823,#3360);
#3360 = DEFINITIONAL_REPRESENTATION('',(#3361),#3365);
#3361 = LINE('',#3362,#3363);
#3362 = CARTESIAN_POINT('',(-0.,-99.56461235676));
#3363 = VECTOR('',#3364,1.);
#3364 = DIRECTION('',(-1.,0.));
#3365 = ( GEOMETRIC_REPRESENTATION_CONTEXT(2) 
PARAMETRIC_REPRESENTATION_CONTEXT() REPRESENTATION_CONTEXT('2D SPACE',''
  ) );
#3366 = ORIENTED_EDGE('',*,*,#1858,.F.);
#3367 = ORIENTED_EDGE('',*,*,#3261,.T.);
#3368 = ORIENTED_EDGE('',*,*,#2913,.T.);
#3369 = FACE_BOUND('',#3370,.T.);
#3370 = EDGE_LOOP('',(#3371));
#3371 = ORIENTED_EDGE('',*,*,#3372,.T.);
#3372 = EDGE_CURVE('',#3373,#3373,#3375,.T.);
#3373 = VERTEX_POINT('',#3374);
#3374 = CARTESIAN_POINT('',(2.046601933059,46.694133291741,
    66.031701202267));
#3375 = SURFACE_CURVE('',#3376,(#3381,#3392),.PCURVE_S1.);
#3376 = CIRCLE('',#3377,7.);
#3377 = AXIS2_PLACEMENT_3D('',#3378,#3379,#3380);
#3378 = CARTESIAN_POINT('',(0.,40.,66.031701202267));
#3379 = DIRECTION('',(0.,0.,-1.));
#3380 = DIRECTION('',(0.292371704723,0.956304755963,0.));
#3381 = PCURVE('',#1878,#3382);
#3382 = DEFINITIONAL_REPRESENTATION('',(#3383),#3391);
#3383 = ( BOUNDED_CURVE() B_SPLINE_CURVE(2,(#3384,#3385,#3386,#3387,
#3388,#3389,#3390),.UNSPECIFIED.,.T.,.F.) B_SPLINE_CURVE_WITH_KNOTS((1,2
    ,2,2,2,1),(-2.094395102393,0.,2.094395102393,4.188790204786,
6.28318530718,8.377580409573),.UNSPECIFIED.) CURVE() 
GEOMETRIC_REPRESENTATION_ITEM() RATIONAL_B_SPLINE_CURVE((1.,0.5,1.,0.5,
1.,0.5,1.)) REPRESENTATION_ITEM('') );
#3384 = CARTESIAN_POINT('',(7.,6.794953975224E-15));
#3385 = CARTESIAN_POINT('',(7.,-12.12435565298));
#3386 = CARTESIAN_POINT('',(-3.5,-6.062177826491));
#3387 = CARTESIAN_POINT('',(-14.,5.080448456417E-15));
#3388 = CARTESIAN_POINT('',(-3.5,6.062177826491));
#3389 = CARTESIAN_POINT('',(7.,12.124355652982));
#3390 = CARTESIAN_POINT('',(7.,6.794953975224E-15));
#3391 = ( GEOMETRIC_REPRESENTATION_CONTEXT(2) 
PARAMETRIC_REPRESENTATION_CONTEXT() REPRESENTATION_CONTEXT('2D SPACE',''
  ) );
#3392 = PCURVE('',#3393,#3398);
#3393 = CYLINDRICAL_SURFACE('',#3394,7.);
#3394 = AXIS2_PLACEMENT_3D('',#3395,#3396,#3397);
#3395 = CARTESIAN_POINT('',(0.,40.,65.531701202267));
#3396 = DIRECTION('',(0.,-0.,-1.));
#3397 = DIRECTION('',(0.292371704723,0.956304755963,0.));
#3398 = DEFINITIONAL_REPRESENTATION('',(#3399),#3403);
#3399 = LINE('',#3400,#3401);
#3400 = CARTESIAN_POINT('',(-6.28318530718,-0.5));
#3401 = VECTOR('',#3402,1.);
#3402 = DIRECTION('',(1.,-0.));
#3403 = ( GEOMETRIC_REPRESENTATION_CONTEXT(2) 
PARAMETRIC_REPRESENTATION_CONTEXT() REPRESENTATION_CONTEXT('2D SPACE',''
  ) );
#3404 = ADVANCED_FACE('',(#3405),#1823,.T.);
#3405 = FACE_BOUND('',#3406,.F.);
#3406 = EDGE_LOOP('',(#3407,#3408,#3429));
#3407 = ORIENTED_EDGE('',*,*,#1761,.T.);
#3408 = ORIENTED_EDGE('',*,*,#3409,.T.);
#3409 = EDGE_CURVE('',#1575,#3322,#3410,.T.);
#3410 = SURFACE_CURVE('',#3411,(#3415,#3422),.PCURVE_S1.);
#3411 = LINE('',#3412,#3413);
#3412 = CARTESIAN_POINT('',(2.338973637782,47.650438047704,
    -33.53291115449));
#3413 = VECTOR('',#3414,1.);
#3414 = DIRECTION('',(0.,0.,1.));
#3415 = PCURVE('',#1823,#3416);
#3416 = DEFINITIONAL_REPRESENTATION('',(#3417),#3421);
#3417 = LINE('',#3418,#3419);
#3418 = CARTESIAN_POINT('',(-0.,0.));
#3419 = VECTOR('',#3420,1.);
#3420 = DIRECTION('',(-0.,-1.));
#3421 = ( GEOMETRIC_REPRESENTATION_CONTEXT(2) 
PARAMETRIC_REPRESENTATION_CONTEXT() REPRESENTATION_CONTEXT('2D SPACE',''
  ) );
#3422 = PCURVE('',#1696,#3423);
#3423 = DEFINITIONAL_REPRESENTATION('',(#3424),#3428);
#3424 = LINE('',#3425,#3426);
#3425 = CARTESIAN_POINT('',(-6.28318530718,0.));
#3426 = VECTOR('',#3427,1.);
#3427 = DIRECTION('',(-0.,-1.));
#3428 = ( GEOMETRIC_REPRESENTATION_CONTEXT(2) 
PARAMETRIC_REPRESENTATION_CONTEXT() REPRESENTATION_CONTEXT('2D SPACE',''
  ) );
#3429 = ORIENTED_EDGE('',*,*,#3345,.T.);
#3430 = ADVANCED_FACE('',(#3431),#1696,.T.);
#3431 = FACE_BOUND('',#3432,.F.);
#3432 = EDGE_LOOP('',(#3433,#3434,#3455,#3456,#3457));
#3433 = ORIENTED_EDGE('',*,*,#1574,.T.);
#3434 = ORIENTED_EDGE('',*,*,#3435,.T.);
#3435 = EDGE_CURVE('',#1388,#2640,#3436,.T.);
#3436 = SURFACE_CURVE('',#3437,(#3441,#3448),.PCURVE_S1.);
#3437 = LINE('',#3438,#3439);
#3438 = CARTESIAN_POINT('',(2.338973637782,47.650438047704,
    -33.53291115449));
#3439 = VECTOR('',#3440,1.);
#3440 = DIRECTION('',(0.,0.,1.));
#3441 = PCURVE('',#1696,#3442);
#3442 = DEFINITIONAL_REPRESENTATION('',(#3443),#3447);
#3443 = LINE('',#3444,#3445);
#3444 = CARTESIAN_POINT('',(-0.,0.));
#3445 = VECTOR('',#3446,1.);
#3446 = DIRECTION('',(-0.,-1.));
#3447 = ( GEOMETRIC_REPRESENTATION_CONTEXT(2) 
PARAMETRIC_REPRESENTATION_CONTEXT() REPRESENTATION_CONTEXT('2D SPACE',''
  ) );
#3448 = PCURVE('',#1509,#3449);
#3449 = DEFINITIONAL_REPRESENTATION('',(#3450),#3454);
#3450 = LINE('',#3451,#3452);
#3451 = CARTESIAN_POINT('',(-6.28318530718,0.));
#3452 = VECTOR('',#3453,1.);
#3453 = DIRECTION('',(-0.,-1.));
#3454 = ( GEOMETRIC_REPRESENTATION_CONTEXT(2) 
PARAMETRIC_REPRESENTATION_CONTEXT() REPRESENTATION_CONTEXT('2D SPACE',''
  ) );
#3455 = ORIENTED_EDGE('',*,*,#2821,.F.);
#3456 = ORIENTED_EDGE('',*,*,#3321,.T.);
#3457 = ORIENTED_EDGE('',*,*,#3409,.F.);
#3458 = ADVANCED_FACE('',(#3459),#1509,.T.);
#3459 = FACE_BOUND('',#3460,.F.);
#3460 = EDGE_LOOP('',(#3461,#3462,#3463,#3464));
#3461 = ORIENTED_EDGE('',*,*,#1387,.T.);
#3462 = ORIENTED_EDGE('',*,*,#2460,.T.);
#3463 = ORIENTED_EDGE('',*,*,#2639,.F.);
#3464 = ORIENTED_EDGE('',*,*,#3435,.F.);
#3465 = ADVANCED_FACE('',(#3466,#3469),#3148,.F.);
#3466 = FACE_BOUND('',#3467,.F.);
#3467 = EDGE_LOOP('',(#3468));
#3468 = ORIENTED_EDGE('',*,*,#3131,.T.);
#3469 = FACE_BOUND('',#3470,.F.);
#3470 = EDGE_LOOP('',(#3471,#3499,#3525,#3551));
#3471 = ORIENTED_EDGE('',*,*,#3472,.T.);
#3472 = EDGE_CURVE('',#3473,#3475,#3477,.T.);
#3473 = VERTEX_POINT('',#3474);
#3474 = CARTESIAN_POINT('',(4.15,44.15,-36.53291115449));
#3475 = VERTEX_POINT('',#3476);
#3476 = CARTESIAN_POINT('',(4.15,35.85,-36.53291115449));
#3477 = SURFACE_CURVE('',#3478,(#3482,#3488),.PCURVE_S1.);
#3478 = LINE('',#3479,#3480);
#3479 = CARTESIAN_POINT('',(4.15,37.925,-36.53291115449));
#3480 = VECTOR('',#3481,1.);
#3481 = DIRECTION('',(0.,-1.,0.));
#3482 = PCURVE('',#3148,#3483);
#3483 = DEFINITIONAL_REPRESENTATION('',(#3484),#3487);
#3484 = B_SPLINE_CURVE_WITH_KNOTS('',1,(#3485,#3486),.UNSPECIFIED.,.F.,
  .F.,(2,2),(-6.225,2.075),.PIECEWISE_BEZIER_KNOTS.);
#3485 = CARTESIAN_POINT('',(5.182007311846,-2.755322162647));
#3486 = CARTESIAN_POINT('',(-2.755322162647,-5.182007311846));
#3487 = ( GEOMETRIC_REPRESENTATION_CONTEXT(2) 
PARAMETRIC_REPRESENTATION_CONTEXT() REPRESENTATION_CONTEXT('2D SPACE',''
  ) );
#3488 = PCURVE('',#3489,#3494);
#3489 = PLANE('',#3490);
#3490 = AXIS2_PLACEMENT_3D('',#3491,#3492,#3493);
#3491 = CARTESIAN_POINT('',(4.15,35.85,-38.53291115449));
#3492 = DIRECTION('',(-1.,0.,0.));
#3493 = DIRECTION('',(0.,1.,0.));
#3494 = DEFINITIONAL_REPRESENTATION('',(#3495),#3498);
#3495 = B_SPLINE_CURVE_WITH_KNOTS('',1,(#3496,#3497),.UNSPECIFIED.,.F.,
  .F.,(2,2),(-6.225,2.075),.PIECEWISE_BEZIER_KNOTS.);
#3496 = CARTESIAN_POINT('',(8.3,-2.));
#3497 = CARTESIAN_POINT('',(0.,-2.));
#3498 = ( GEOMETRIC_REPRESENTATION_CONTEXT(2) 
PARAMETRIC_REPRESENTATION_CONTEXT() REPRESENTATION_CONTEXT('2D SPACE',''
  ) );
#3499 = ORIENTED_EDGE('',*,*,#3500,.T.);
#3500 = EDGE_CURVE('',#3475,#3501,#3503,.T.);
#3501 = VERTEX_POINT('',#3502);
#3502 = CARTESIAN_POINT('',(-4.15,35.85,-36.53291115449));
#3503 = SURFACE_CURVE('',#3504,(#3508,#3514),.PCURVE_S1.);
#3504 = LINE('',#3505,#3506);
#3505 = CARTESIAN_POINT('',(-2.075,35.85,-36.53291115449));
#3506 = VECTOR('',#3507,1.);
#3507 = DIRECTION('',(-1.,0.,0.));
#3508 = PCURVE('',#3148,#3509);
#3509 = DEFINITIONAL_REPRESENTATION('',(#3510),#3513);
#3510 = B_SPLINE_CURVE_WITH_KNOTS('',1,(#3511,#3512),.UNSPECIFIED.,.F.,
  .F.,(2,2),(-6.225,2.075),.PIECEWISE_BEZIER_KNOTS.);
#3511 = CARTESIAN_POINT('',(-2.755322162647,-5.182007311846));
#3512 = CARTESIAN_POINT('',(-5.182007311846,2.755322162647));
#3513 = ( GEOMETRIC_REPRESENTATION_CONTEXT(2) 
PARAMETRIC_REPRESENTATION_CONTEXT() REPRESENTATION_CONTEXT('2D SPACE',''
  ) );
#3514 = PCURVE('',#3515,#3520);
#3515 = PLANE('',#3516);
#3516 = AXIS2_PLACEMENT_3D('',#3517,#3518,#3519);
#3517 = CARTESIAN_POINT('',(-4.15,35.85,-38.53291115449));
#3518 = DIRECTION('',(0.,1.,0.));
#3519 = DIRECTION('',(1.,0.,0.));
#3520 = DEFINITIONAL_REPRESENTATION('',(#3521),#3524);
#3521 = B_SPLINE_CURVE_WITH_KNOTS('',1,(#3522,#3523),.UNSPECIFIED.,.F.,
  .F.,(2,2),(-6.225,2.075),.PIECEWISE_BEZIER_KNOTS.);
#3522 = CARTESIAN_POINT('',(8.3,-2.));
#3523 = CARTESIAN_POINT('',(0.,-2.));
#3524 = ( GEOMETRIC_REPRESENTATION_CONTEXT(2) 
PARAMETRIC_REPRESENTATION_CONTEXT() REPRESENTATION_CONTEXT('2D SPACE',''
  ) );
#3525 = ORIENTED_EDGE('',*,*,#3526,.T.);
#3526 = EDGE_CURVE('',#3501,#3527,#3529,.T.);
#3527 = VERTEX_POINT('',#3528);
#3528 = CARTESIAN_POINT('',(-4.15,44.15,-36.53291115449));
#3529 = SURFACE_CURVE('',#3530,(#3534,#3540),.PCURVE_S1.);
#3530 = LINE('',#3531,#3532);
#3531 = CARTESIAN_POINT('',(-4.15,42.075,-36.53291115449));
#3532 = VECTOR('',#3533,1.);
#3533 = DIRECTION('',(-0.,1.,0.));
#3534 = PCURVE('',#3148,#3535);
#3535 = DEFINITIONAL_REPRESENTATION('',(#3536),#3539);
#3536 = B_SPLINE_CURVE_WITH_KNOTS('',1,(#3537,#3538),.UNSPECIFIED.,.F.,
  .F.,(2,2),(-6.225,2.075),.PIECEWISE_BEZIER_KNOTS.);
#3537 = CARTESIAN_POINT('',(-5.182007311846,2.755322162647));
#3538 = CARTESIAN_POINT('',(2.755322162647,5.182007311846));
#3539 = ( GEOMETRIC_REPRESENTATION_CONTEXT(2) 
PARAMETRIC_REPRESENTATION_CONTEXT() REPRESENTATION_CONTEXT('2D SPACE',''
  ) );
#3540 = PCURVE('',#3541,#3546);
#3541 = PLANE('',#3542);
#3542 = AXIS2_PLACEMENT_3D('',#3543,#3544,#3545);
#3543 = CARTESIAN_POINT('',(-4.15,44.15,-38.53291115449));
#3544 = DIRECTION('',(1.,0.,-0.));
#3545 = DIRECTION('',(0.,-1.,0.));
#3546 = DEFINITIONAL_REPRESENTATION('',(#3547),#3550);
#3547 = B_SPLINE_CURVE_WITH_KNOTS('',1,(#3548,#3549),.UNSPECIFIED.,.F.,
  .F.,(2,2),(-6.225,2.075),.PIECEWISE_BEZIER_KNOTS.);
#3548 = CARTESIAN_POINT('',(8.3,-2.));
#3549 = CARTESIAN_POINT('',(0.,-2.));
#3550 = ( GEOMETRIC_REPRESENTATION_CONTEXT(2) 
PARAMETRIC_REPRESENTATION_CONTEXT() REPRESENTATION_CONTEXT('2D SPACE',''
  ) );
#3551 = ORIENTED_EDGE('',*,*,#3552,.T.);
#3552 = EDGE_CURVE('',#3527,#3473,#3553,.T.);
#3553 = SURFACE_CURVE('',#3554,(#3558,#3564),.PCURVE_S1.);
#3554 = LINE('',#3555,#3556);
#3555 = CARTESIAN_POINT('',(2.075,44.15,-36.53291115449));
#3556 = VECTOR('',#3557,1.);
#3557 = DIRECTION('',(1.,0.,-0.));
#3558 = PCURVE('',#3148,#3559);
#3559 = DEFINITIONAL_REPRESENTATION('',(#3560),#3563);
#3560 = B_SPLINE_CURVE_WITH_KNOTS('',1,(#3561,#3562),.UNSPECIFIED.,.F.,
  .F.,(2,2),(-6.225,2.075),.PIECEWISE_BEZIER_KNOTS.);
#3561 = CARTESIAN_POINT('',(2.755322162647,5.182007311846));
#3562 = CARTESIAN_POINT('',(5.182007311846,-2.755322162647));
#3563 = ( GEOMETRIC_REPRESENTATION_CONTEXT(2) 
PARAMETRIC_REPRESENTATION_CONTEXT() REPRESENTATION_CONTEXT('2D SPACE',''
  ) );
#3564 = PCURVE('',#3565,#3570);
#3565 = PLANE('',#3566);
#3566 = AXIS2_PLACEMENT_3D('',#3567,#3568,#3569);
#3567 = CARTESIAN_POINT('',(4.15,44.15,-38.53291115449));
#3568 = DIRECTION('',(0.,-1.,0.));
#3569 = DIRECTION('',(-1.,0.,0.));
#3570 = DEFINITIONAL_REPRESENTATION('',(#3571),#3574);
#3571 = B_SPLINE_CURVE_WITH_KNOTS('',1,(#3572,#3573),.UNSPECIFIED.,.F.,
  .F.,(2,2),(-6.225,2.075),.PIECEWISE_BEZIER_KNOTS.);
#3572 = CARTESIAN_POINT('',(8.3,-2.));
#3573 = CARTESIAN_POINT('',(0.,-2.));
#3574 = ( GEOMETRIC_REPRESENTATION_CONTEXT(2) 
PARAMETRIC_REPRESENTATION_CONTEXT() REPRESENTATION_CONTEXT('2D SPACE',''
  ) );
#3575 = ADVANCED_FACE('',(#3576),#3393,.T.);
#3576 = FACE_BOUND('',#3577,.F.);
#3577 = EDGE_LOOP('',(#3578,#3579,#3602,#3629));
#3578 = ORIENTED_EDGE('',*,*,#3372,.T.);
#3579 = ORIENTED_EDGE('',*,*,#3580,.T.);
#3580 = EDGE_CURVE('',#3373,#3581,#3583,.T.);
#3581 = VERTEX_POINT('',#3582);
#3582 = CARTESIAN_POINT('',(2.046601933059,46.694133291741,
    69.031701202267));
#3583 = SEAM_CURVE('',#3584,(#3588,#3595),.PCURVE_S1.);
#3584 = LINE('',#3585,#3586);
#3585 = CARTESIAN_POINT('',(2.046601933059,46.694133291741,
    65.531701202267));
#3586 = VECTOR('',#3587,1.);
#3587 = DIRECTION('',(0.,0.,1.));
#3588 = PCURVE('',#3393,#3589);
#3589 = DEFINITIONAL_REPRESENTATION('',(#3590),#3594);
#3590 = LINE('',#3591,#3592);
#3591 = CARTESIAN_POINT('',(-6.28318530718,0.));
#3592 = VECTOR('',#3593,1.);
#3593 = DIRECTION('',(-0.,-1.));
#3594 = ( GEOMETRIC_REPRESENTATION_CONTEXT(2) 
PARAMETRIC_REPRESENTATION_CONTEXT() REPRESENTATION_CONTEXT('2D SPACE',''
  ) );
#3595 = PCURVE('',#3393,#3596);
#3596 = DEFINITIONAL_REPRESENTATION('',(#3597),#3601);
#3597 = LINE('',#3598,#3599);
#3598 = CARTESIAN_POINT('',(-0.,0.));
#3599 = VECTOR('',#3600,1.);
#3600 = DIRECTION('',(-0.,-1.));
#3601 = ( GEOMETRIC_REPRESENTATION_CONTEXT(2) 
PARAMETRIC_REPRESENTATION_CONTEXT() REPRESENTATION_CONTEXT('2D SPACE',''
  ) );
#3602 = ORIENTED_EDGE('',*,*,#3603,.T.);
#3603 = EDGE_CURVE('',#3581,#3581,#3604,.T.);
#3604 = SURFACE_CURVE('',#3605,(#3610,#3617),.PCURVE_S1.);
#3605 = CIRCLE('',#3606,7.);
#3606 = AXIS2_PLACEMENT_3D('',#3607,#3608,#3609);
#3607 = CARTESIAN_POINT('',(0.,40.,69.031701202267));
#3608 = DIRECTION('',(0.,-0.,1.));
#3609 = DIRECTION('',(0.292371704723,0.956304755963,0.));
#3610 = PCURVE('',#3393,#3611);
#3611 = DEFINITIONAL_REPRESENTATION('',(#3612),#3616);
#3612 = LINE('',#3613,#3614);
#3613 = CARTESIAN_POINT('',(-0.,-3.5));
#3614 = VECTOR('',#3615,1.);
#3615 = DIRECTION('',(-1.,0.));
#3616 = ( GEOMETRIC_REPRESENTATION_CONTEXT(2) 
PARAMETRIC_REPRESENTATION_CONTEXT() REPRESENTATION_CONTEXT('2D SPACE',''
  ) );
#3617 = PCURVE('',#3618,#3623);
#3618 = PLANE('',#3619);
#3619 = AXIS2_PLACEMENT_3D('',#3620,#3621,#3622);
#3620 = CARTESIAN_POINT('',(0.,40.,69.031701202267));
#3621 = DIRECTION('',(0.,0.,1.));
#3622 = DIRECTION('',(0.292371704723,0.956304755963,0.));
#3623 = DEFINITIONAL_REPRESENTATION('',(#3624),#3628);
#3624 = CIRCLE('',#3625,7.);
#3625 = AXIS2_PLACEMENT_2D('',#3626,#3627);
#3626 = CARTESIAN_POINT('',(0.,0.));
#3627 = DIRECTION('',(1.,0.));
#3628 = ( GEOMETRIC_REPRESENTATION_CONTEXT(2) 
PARAMETRIC_REPRESENTATION_CONTEXT() REPRESENTATION_CONTEXT('2D SPACE',''
  ) );
#3629 = ORIENTED_EDGE('',*,*,#3580,.F.);
#3630 = ADVANCED_FACE('',(#3631),#3489,.T.);
#3631 = FACE_BOUND('',#3632,.T.);
#3632 = EDGE_LOOP('',(#3633,#3634,#3657,#3678));
#3633 = ORIENTED_EDGE('',*,*,#3472,.T.);
#3634 = ORIENTED_EDGE('',*,*,#3635,.T.);
#3635 = EDGE_CURVE('',#3475,#3636,#3638,.T.);
#3636 = VERTEX_POINT('',#3637);
#3637 = CARTESIAN_POINT('',(4.15,35.85,69.031701202267));
#3638 = SURFACE_CURVE('',#3639,(#3643,#3650),.PCURVE_S1.);
#3639 = LINE('',#3640,#3641);
#3640 = CARTESIAN_POINT('',(4.15,35.85,-38.53291115449));
#3641 = VECTOR('',#3642,1.);
#3642 = DIRECTION('',(0.,0.,1.));
#3643 = PCURVE('',#3489,#3644);
#3644 = DEFINITIONAL_REPRESENTATION('',(#3645),#3649);
#3645 = LINE('',#3646,#3647);
#3646 = CARTESIAN_POINT('',(0.,0.));
#3647 = VECTOR('',#3648,1.);
#3648 = DIRECTION('',(0.,-1.));
#3649 = ( GEOMETRIC_REPRESENTATION_CONTEXT(2) 
PARAMETRIC_REPRESENTATION_CONTEXT() REPRESENTATION_CONTEXT('2D SPACE',''
  ) );
#3650 = PCURVE('',#3515,#3651);
#3651 = DEFINITIONAL_REPRESENTATION('',(#3652),#3656);
#3652 = LINE('',#3653,#3654);
#3653 = CARTESIAN_POINT('',(8.3,0.));
#3654 = VECTOR('',#3655,1.);
#3655 = DIRECTION('',(0.,-1.));
#3656 = ( GEOMETRIC_REPRESENTATION_CONTEXT(2) 
PARAMETRIC_REPRESENTATION_CONTEXT() REPRESENTATION_CONTEXT('2D SPACE',''
  ) );
#3657 = ORIENTED_EDGE('',*,*,#3658,.F.);
#3658 = EDGE_CURVE('',#3659,#3636,#3661,.T.);
#3659 = VERTEX_POINT('',#3660);
#3660 = CARTESIAN_POINT('',(4.15,44.15,69.031701202267));
#3661 = SURFACE_CURVE('',#3662,(#3666,#3672),.PCURVE_S1.);
#3662 = LINE('',#3663,#3664);
#3663 = CARTESIAN_POINT('',(4.15,37.925,69.031701202267));
#3664 = VECTOR('',#3665,1.);
#3665 = DIRECTION('',(0.,-1.,0.));
#3666 = PCURVE('',#3489,#3667);
#3667 = DEFINITIONAL_REPRESENTATION('',(#3668),#3671);
#3668 = B_SPLINE_CURVE_WITH_KNOTS('',1,(#3669,#3670),.UNSPECIFIED.,.F.,
  .F.,(2,2),(-6.225,2.075),.PIECEWISE_BEZIER_KNOTS.);
#3669 = CARTESIAN_POINT('',(8.3,-107.5646123567));
#3670 = CARTESIAN_POINT('',(0.,-107.5646123567));
#3671 = ( GEOMETRIC_REPRESENTATION_CONTEXT(2) 
PARAMETRIC_REPRESENTATION_CONTEXT() REPRESENTATION_CONTEXT('2D SPACE',''
  ) );
#3672 = PCURVE('',#3618,#3673);
#3673 = DEFINITIONAL_REPRESENTATION('',(#3674),#3677);
#3674 = B_SPLINE_CURVE_WITH_KNOTS('',1,(#3675,#3676),.UNSPECIFIED.,.F.,
  .F.,(2,2),(-6.225,2.075),.PIECEWISE_BEZIER_KNOTS.);
#3675 = CARTESIAN_POINT('',(5.182007311846,-2.755322162647));
#3676 = CARTESIAN_POINT('',(-2.755322162647,-5.182007311846));
#3677 = ( GEOMETRIC_REPRESENTATION_CONTEXT(2) 
PARAMETRIC_REPRESENTATION_CONTEXT() REPRESENTATION_CONTEXT('2D SPACE',''
  ) );
#3678 = ORIENTED_EDGE('',*,*,#3679,.F.);
#3679 = EDGE_CURVE('',#3473,#3659,#3680,.T.);
#3680 = SURFACE_CURVE('',#3681,(#3685,#3692),.PCURVE_S1.);
#3681 = LINE('',#3682,#3683);
#3682 = CARTESIAN_POINT('',(4.15,44.15,-38.53291115449));
#3683 = VECTOR('',#3684,1.);
#3684 = DIRECTION('',(0.,0.,1.));
#3685 = PCURVE('',#3489,#3686);
#3686 = DEFINITIONAL_REPRESENTATION('',(#3687),#3691);
#3687 = LINE('',#3688,#3689);
#3688 = CARTESIAN_POINT('',(8.3,0.));
#3689 = VECTOR('',#3690,1.);
#3690 = DIRECTION('',(0.,-1.));
#3691 = ( GEOMETRIC_REPRESENTATION_CONTEXT(2) 
PARAMETRIC_REPRESENTATION_CONTEXT() REPRESENTATION_CONTEXT('2D SPACE',''
  ) );
#3692 = PCURVE('',#3565,#3693);
#3693 = DEFINITIONAL_REPRESENTATION('',(#3694),#3698);
#3694 = LINE('',#3695,#3696);
#3695 = CARTESIAN_POINT('',(0.,-0.));
#3696 = VECTOR('',#3697,1.);
#3697 = DIRECTION('',(0.,-1.));
#3698 = ( GEOMETRIC_REPRESENTATION_CONTEXT(2) 
PARAMETRIC_REPRESENTATION_CONTEXT() REPRESENTATION_CONTEXT('2D SPACE',''
  ) );
#3699 = ADVANCED_FACE('',(#3700),#3565,.T.);
#3700 = FACE_BOUND('',#3701,.T.);
#3701 = EDGE_LOOP('',(#3702,#3703,#3704,#3725));
#3702 = ORIENTED_EDGE('',*,*,#3552,.T.);
#3703 = ORIENTED_EDGE('',*,*,#3679,.T.);
#3704 = ORIENTED_EDGE('',*,*,#3705,.F.);
#3705 = EDGE_CURVE('',#3706,#3659,#3708,.T.);
#3706 = VERTEX_POINT('',#3707);
#3707 = CARTESIAN_POINT('',(-4.15,44.15,69.031701202267));
#3708 = SURFACE_CURVE('',#3709,(#3713,#3719),.PCURVE_S1.);
#3709 = LINE('',#3710,#3711);
#3710 = CARTESIAN_POINT('',(2.075,44.15,69.031701202267));
#3711 = VECTOR('',#3712,1.);
#3712 = DIRECTION('',(1.,0.,-0.));
#3713 = PCURVE('',#3565,#3714);
#3714 = DEFINITIONAL_REPRESENTATION('',(#3715),#3718);
#3715 = B_SPLINE_CURVE_WITH_KNOTS('',1,(#3716,#3717),.UNSPECIFIED.,.F.,
  .F.,(2,2),(-6.225,2.075),.PIECEWISE_BEZIER_KNOTS.);
#3716 = CARTESIAN_POINT('',(8.3,-107.5646123567));
#3717 = CARTESIAN_POINT('',(0.,-107.5646123567));
#3718 = ( GEOMETRIC_REPRESENTATION_CONTEXT(2) 
PARAMETRIC_REPRESENTATION_CONTEXT() REPRESENTATION_CONTEXT('2D SPACE',''
  ) );
#3719 = PCURVE('',#3618,#3720);
#3720 = DEFINITIONAL_REPRESENTATION('',(#3721),#3724);
#3721 = B_SPLINE_CURVE_WITH_KNOTS('',1,(#3722,#3723),.UNSPECIFIED.,.F.,
  .F.,(2,2),(-6.225,2.075),.PIECEWISE_BEZIER_KNOTS.);
#3722 = CARTESIAN_POINT('',(2.755322162647,5.182007311846));
#3723 = CARTESIAN_POINT('',(5.182007311846,-2.755322162647));
#3724 = ( GEOMETRIC_REPRESENTATION_CONTEXT(2) 
PARAMETRIC_REPRESENTATION_CONTEXT() REPRESENTATION_CONTEXT('2D SPACE',''
  ) );
#3725 = ORIENTED_EDGE('',*,*,#3726,.F.);
#3726 = EDGE_CURVE('',#3527,#3706,#3727,.T.);
#3727 = SURFACE_CURVE('',#3728,(#3732,#3739),.PCURVE_S1.);
#3728 = LINE('',#3729,#3730);
#3729 = CARTESIAN_POINT('',(-4.15,44.15,-38.53291115449));
#3730 = VECTOR('',#3731,1.);
#3731 = DIRECTION('',(0.,0.,1.));
#3732 = PCURVE('',#3565,#3733);
#3733 = DEFINITIONAL_REPRESENTATION('',(#3734),#3738);
#3734 = LINE('',#3735,#3736);
#3735 = CARTESIAN_POINT('',(8.3,0.));
#3736 = VECTOR('',#3737,1.);
#3737 = DIRECTION('',(0.,-1.));
#3738 = ( GEOMETRIC_REPRESENTATION_CONTEXT(2) 
PARAMETRIC_REPRESENTATION_CONTEXT() REPRESENTATION_CONTEXT('2D SPACE',''
  ) );
#3739 = PCURVE('',#3541,#3740);
#3740 = DEFINITIONAL_REPRESENTATION('',(#3741),#3745);
#3741 = LINE('',#3742,#3743);
#3742 = CARTESIAN_POINT('',(0.,0.));
#3743 = VECTOR('',#3744,1.);
#3744 = DIRECTION('',(0.,-1.));
#3745 = ( GEOMETRIC_REPRESENTATION_CONTEXT(2) 
PARAMETRIC_REPRESENTATION_CONTEXT() REPRESENTATION_CONTEXT('2D SPACE',''
  ) );
#3746 = ADVANCED_FACE('',(#3747),#3541,.T.);
#3747 = FACE_BOUND('',#3748,.T.);
#3748 = EDGE_LOOP('',(#3749,#3750,#3751,#3772));
#3749 = ORIENTED_EDGE('',*,*,#3526,.T.);
#3750 = ORIENTED_EDGE('',*,*,#3726,.T.);
#3751 = ORIENTED_EDGE('',*,*,#3752,.F.);
#3752 = EDGE_CURVE('',#3753,#3706,#3755,.T.);
#3753 = VERTEX_POINT('',#3754);
#3754 = CARTESIAN_POINT('',(-4.15,35.85,69.031701202267));
#3755 = SURFACE_CURVE('',#3756,(#3760,#3766),.PCURVE_S1.);
#3756 = LINE('',#3757,#3758);
#3757 = CARTESIAN_POINT('',(-4.15,42.075,69.031701202267));
#3758 = VECTOR('',#3759,1.);
#3759 = DIRECTION('',(-0.,1.,0.));
#3760 = PCURVE('',#3541,#3761);
#3761 = DEFINITIONAL_REPRESENTATION('',(#3762),#3765);
#3762 = B_SPLINE_CURVE_WITH_KNOTS('',1,(#3763,#3764),.UNSPECIFIED.,.F.,
  .F.,(2,2),(-6.225,2.075),.PIECEWISE_BEZIER_KNOTS.);
#3763 = CARTESIAN_POINT('',(8.3,-107.5646123567));
#3764 = CARTESIAN_POINT('',(0.,-107.5646123567));
#3765 = ( GEOMETRIC_REPRESENTATION_CONTEXT(2) 
PARAMETRIC_REPRESENTATION_CONTEXT() REPRESENTATION_CONTEXT('2D SPACE',''
  ) );
#3766 = PCURVE('',#3618,#3767);
#3767 = DEFINITIONAL_REPRESENTATION('',(#3768),#3771);
#3768 = B_SPLINE_CURVE_WITH_KNOTS('',1,(#3769,#3770),.UNSPECIFIED.,.F.,
  .F.,(2,2),(-6.225,2.075),.PIECEWISE_BEZIER_KNOTS.);
#3769 = CARTESIAN_POINT('',(-5.182007311846,2.755322162647));
#3770 = CARTESIAN_POINT('',(2.755322162647,5.182007311846));
#3771 = ( GEOMETRIC_REPRESENTATION_CONTEXT(2) 
PARAMETRIC_REPRESENTATION_CONTEXT() REPRESENTATION_CONTEXT('2D SPACE',''
  ) );
#3772 = ORIENTED_EDGE('',*,*,#3773,.F.);
#3773 = EDGE_CURVE('',#3501,#3753,#3774,.T.);
#3774 = SURFACE_CURVE('',#3775,(#3779,#3786),.PCURVE_S1.);
#3775 = LINE('',#3776,#3777);
#3776 = CARTESIAN_POINT('',(-4.15,35.85,-38.53291115449));
#3777 = VECTOR('',#3778,1.);
#3778 = DIRECTION('',(0.,0.,1.));
#3779 = PCURVE('',#3541,#3780);
#3780 = DEFINITIONAL_REPRESENTATION('',(#3781),#3785);
#3781 = LINE('',#3782,#3783);
#3782 = CARTESIAN_POINT('',(8.3,0.));
#3783 = VECTOR('',#3784,1.);
#3784 = DIRECTION('',(0.,-1.));
#3785 = ( GEOMETRIC_REPRESENTATION_CONTEXT(2) 
PARAMETRIC_REPRESENTATION_CONTEXT() REPRESENTATION_CONTEXT('2D SPACE',''
  ) );
#3786 = PCURVE('',#3515,#3787);
#3787 = DEFINITIONAL_REPRESENTATION('',(#3788),#3792);
#3788 = LINE('',#3789,#3790);
#3789 = CARTESIAN_POINT('',(0.,0.));
#3790 = VECTOR('',#3791,1.);
#3791 = DIRECTION('',(0.,-1.));
#3792 = ( GEOMETRIC_REPRESENTATION_CONTEXT(2) 
PARAMETRIC_REPRESENTATION_CONTEXT() REPRESENTATION_CONTEXT('2D SPACE',''
  ) );
#3793 = ADVANCED_FACE('',(#3794),#3515,.T.);
#3794 = FACE_BOUND('',#3795,.T.);
#3795 = EDGE_LOOP('',(#3796,#3797,#3798,#3817));
#3796 = ORIENTED_EDGE('',*,*,#3500,.T.);
#3797 = ORIENTED_EDGE('',*,*,#3773,.T.);
#3798 = ORIENTED_EDGE('',*,*,#3799,.F.);
#3799 = EDGE_CURVE('',#3636,#3753,#3800,.T.);
#3800 = SURFACE_CURVE('',#3801,(#3805,#3811),.PCURVE_S1.);
#3801 = LINE('',#3802,#3803);
#3802 = CARTESIAN_POINT('',(-2.075,35.85,69.031701202267));
#3803 = VECTOR('',#3804,1.);
#3804 = DIRECTION('',(-1.,0.,0.));
#3805 = PCURVE('',#3515,#3806);
#3806 = DEFINITIONAL_REPRESENTATION('',(#3807),#3810);
#3807 = B_SPLINE_CURVE_WITH_KNOTS('',1,(#3808,#3809),.UNSPECIFIED.,.F.,
  .F.,(2,2),(-6.225,2.075),.PIECEWISE_BEZIER_KNOTS.);
#3808 = CARTESIAN_POINT('',(8.3,-107.5646123567));
#3809 = CARTESIAN_POINT('',(0.,-107.5646123567));
#3810 = ( GEOMETRIC_REPRESENTATION_CONTEXT(2) 
PARAMETRIC_REPRESENTATION_CONTEXT() REPRESENTATION_CONTEXT('2D SPACE',''
  ) );
#3811 = PCURVE('',#3618,#3812);
#3812 = DEFINITIONAL_REPRESENTATION('',(#3813),#3816);
#3813 = B_SPLINE_CURVE_WITH_KNOTS('',1,(#3814,#3815),.UNSPECIFIED.,.F.,
  .F.,(2,2),(-6.225,2.075),.PIECEWISE_BEZIER_KNOTS.);
#3814 = CARTESIAN_POINT('',(-2.755322162647,-5.182007311846));
#3815 = CARTESIAN_POINT('',(-5.182007311846,2.755322162647));
#3816 = ( GEOMETRIC_REPRESENTATION_CONTEXT(2) 
PARAMETRIC_REPRESENTATION_CONTEXT() REPRESENTATION_CONTEXT('2D SPACE',''
  ) );
#3817 = ORIENTED_EDGE('',*,*,#3635,.F.);
#3818 = ADVANCED_FACE('',(#3819,#3822),#3618,.T.);
#3819 = FACE_BOUND('',#3820,.T.);
#3820 = EDGE_LOOP('',(#3821));
#3821 = ORIENTED_EDGE('',*,*,#3603,.T.);
#3822 = FACE_BOUND('',#3823,.T.);
#3823 = EDGE_LOOP('',(#3824,#3825,#3826,#3827));
#3824 = ORIENTED_EDGE('',*,*,#3658,.T.);
#3825 = ORIENTED_EDGE('',*,*,#3799,.T.);
#3826 = ORIENTED_EDGE('',*,*,#3752,.T.);
#3827 = ORIENTED_EDGE('',*,*,#3705,.T.);
#3828 = ( GEOMETRIC_REPRESENTATION_CONTEXT(3) 
GLOBAL_UNCERTAINTY_ASSIGNED_CONTEXT((#3832)) 
GLOBAL_UNIT_ASSIGNED_CONTEXT((#3829,#3830,#3831)) REPRESENTATION_CONTEXT
('Context #1','3D Context with UNIT and UNCERTAINTY') );
#3829 = ( LENGTH_UNIT() NAMED_UNIT(*) SI_UNIT(.MILLI.,.METRE.) );
#3830 = ( NAMED_UNIT(*) PLANE_ANGLE_UNIT() SI_UNIT($,.RADIAN.) );
#3831 = ( NAMED_UNIT(*) SI_UNIT($,.STERADIAN.) SOLID_ANGLE_UNIT() );
#3832 = UNCERTAINTY_MEASURE_WITH_UNIT(LENGTH_MEASURE(2.E-06),#3829,
  'distance_accuracy_value','confusion accuracy');
#3833 = PRODUCT_RELATED_PRODUCT_CATEGORY('part',$,(#7));
ENDSEC;
END-ISO-10303-21;
