ISO-10303-21;
HEADER;
FILE_DESCRIPTION(('Open CASCADE Model'),'2;1');
FILE_NAME('Open CASCADE Shape Model','2026-09-21T16:09:31',('Author'),(
    'Open CASCADE'),'Open CASCADE STEP processor 7.9','Open CASCADE 7.9'
  ,'Unknown');
FILE_SCHEMA(('AUTOMOTIVE_DESIGN { 1 0 10303 214 1 1 1 1 }'));
ENDSEC;
DATA;
#1 = APPLICATION_PROTOCOL_DEFINITION('international standard',
  'automotive_design',2000,#2);
#2 = APPLICATION_CONTEXT(
  'core data for automotive mechanical design processes');
#3 = SHAPE_DEFINITION_REPRESENTATION(#4,#10);
#4 = PRODUCT_DEFINITION_SHAPE('','',#5);
#5 = PRODUCT_DEFINITION('design','',#6,#9);
#6 = PRODUCT_DEFINITION_FORMATION('','',#7);
#7 = PRODUCT('Open CASCADE STEP translator 7.9 17',
  'Open CASCADE STEP translator 7.9 17','',(#8));
#8 = PRODUCT_CONTEXT('',#2,'mechanical');
#9 = PRODUCT_DEFINITION_CONTEXT('part definition',#2,'design');
#10 = ADVANCED_BREP_SHAPE_REPRESENTATION('',(#11,#15),#2670);
#11 = AXIS2_PLACEMENT_3D('',#12,#13,#14);
#12 = CARTESIAN_POINT('',(0.,0.,0.));
#13 = DIRECTION('',(0.,0.,1.));
#14 = DIRECTION('',(1.,0.,-0.));
#15 = MANIFOLD_SOLID_BREP('',#16);
#16 = CLOSED_SHELL('',(#17,#728,#952,#1071,#1477,#1762,#2022,#2047,#2102
    ,#2127,#2152,#2177,#2237,#2301,#2307,#2417,#2472,#2541,#2588,#2635,
    #2660));
#17 = ADVANCED_FACE('',(#18),#33,.T.);
#18 = FACE_BOUND('',#19,.F.);
#19 = EDGE_LOOP('',(#20,#56,#84,#417,#445));
#20 = ORIENTED_EDGE('',*,*,#21,.F.);
#21 = EDGE_CURVE('',#22,#24,#26,.T.);
#22 = VERTEX_POINT('',#23);
#23 = CARTESIAN_POINT('',(9.,60.,54.805727153097));
#24 = VERTEX_POINT('',#25);
#25 = CARTESIAN_POINT('',(8.909312545434,61.274421424717,54.805727153097
    ));
#26 = SURFACE_CURVE('',#27,(#32,#44),.PCURVE_S1.);
#27 = CIRCLE('',#28,9.);
#28 = AXIS2_PLACEMENT_3D('',#29,#30,#31);
#29 = CARTESIAN_POINT('',(0.,60.,54.805727153097));
#30 = DIRECTION('',(0.,0.,1.));
#31 = DIRECTION('',(1.,0.,0.));
#32 = PCURVE('',#33,#38);
#33 = CYLINDRICAL_SURFACE('',#34,9.);
#34 = AXIS2_PLACEMENT_3D('',#35,#36,#37);
#35 = CARTESIAN_POINT('',(0.,60.,54.805727153097));
#36 = DIRECTION('',(-0.,-0.,-1.));
#37 = DIRECTION('',(1.,0.,0.));
#38 = DEFINITIONAL_REPRESENTATION('',(#39),#43);
#39 = LINE('',#40,#41);
#40 = CARTESIAN_POINT('',(-0.,0.));
#41 = VECTOR('',#42,1.);
#42 = DIRECTION('',(-1.,0.));
#43 = ( GEOMETRIC_REPRESENTATION_CONTEXT(2) 
PARAMETRIC_REPRESENTATION_CONTEXT() REPRESENTATION_CONTEXT('2D SPACE',''
  ) );
#44 = PCURVE('',#45,#50);
#45 = PLANE('',#46);
#46 = AXIS2_PLACEMENT_3D('',#47,#48,#49);
#47 = CARTESIAN_POINT('',(-6.077511700175E-16,60.,54.805727153097));
#48 = DIRECTION('',(0.,0.,1.));
#49 = DIRECTION('',(1.,0.,-0.));
#50 = DEFINITIONAL_REPRESENTATION('',(#51),#55);
#51 = CIRCLE('',#52,9.);
#52 = AXIS2_PLACEMENT_2D('',#53,#54);
#53 = CARTESIAN_POINT('',(6.077511700175E-16,-7.105427357601E-15));
#54 = DIRECTION('',(1.,0.));
#55 = ( GEOMETRIC_REPRESENTATION_CONTEXT(2) 
PARAMETRIC_REPRESENTATION_CONTEXT() REPRESENTATION_CONTEXT('2D SPACE',''
  ) );
#56 = ORIENTED_EDGE('',*,*,#57,.T.);
#57 = EDGE_CURVE('',#22,#58,#60,.T.);
#58 = VERTEX_POINT('',#59);
#59 = CARTESIAN_POINT('',(9.,60.,94.928315655167));
#60 = SURFACE_CURVE('',#61,(#65,#72),.PCURVE_S1.);
#61 = LINE('',#62,#63);
#62 = CARTESIAN_POINT('',(9.,60.,54.805727153097));
#63 = VECTOR('',#64,1.);
#64 = DIRECTION('',(0.,0.,1.));
#65 = PCURVE('',#33,#66);
#66 = DEFINITIONAL_REPRESENTATION('',(#67),#71);
#67 = LINE('',#68,#69);
#68 = CARTESIAN_POINT('',(-0.,0.));
#69 = VECTOR('',#70,1.);
#70 = DIRECTION('',(-0.,-1.));
#71 = ( GEOMETRIC_REPRESENTATION_CONTEXT(2) 
PARAMETRIC_REPRESENTATION_CONTEXT() REPRESENTATION_CONTEXT('2D SPACE',''
  ) );
#72 = PCURVE('',#73,#78);
#73 = CYLINDRICAL_SURFACE('',#74,9.);
#74 = AXIS2_PLACEMENT_3D('',#75,#76,#77);
#75 = CARTESIAN_POINT('',(0.,60.,54.805727153097));
#76 = DIRECTION('',(-0.,-0.,-1.));
#77 = DIRECTION('',(1.,0.,0.));
#78 = DEFINITIONAL_REPRESENTATION('',(#79),#83);
#79 = LINE('',#80,#81);
#80 = CARTESIAN_POINT('',(-6.28318530718,0.));
#81 = VECTOR('',#82,1.);
#82 = DIRECTION('',(-0.,-1.));
#83 = ( GEOMETRIC_REPRESENTATION_CONTEXT(2) 
PARAMETRIC_REPRESENTATION_CONTEXT() REPRESENTATION_CONTEXT('2D SPACE',''
  ) );
#84 = ORIENTED_EDGE('',*,*,#85,.F.);
#85 = EDGE_CURVE('',#86,#58,#88,.T.);
#86 = VERTEX_POINT('',#87);
#87 = CARTESIAN_POINT('',(9.,60.,141.94192650115));
#88 = SURFACE_CURVE('',#89,(#162,#238),.PCURVE_S1.);
#89 = B_SPLINE_CURVE_WITH_KNOTS('',8,(#90,#91,#92,#93,#94,#95,#96,#97,
    #98,#99,#100,#101,#102,#103,#104,#105,#106,#107,#108,#109,#110,#111,
    #112,#113,#114,#115,#116,#117,#118,#119,#120,#121,#122,#123,#124,
    #125,#126,#127,#128,#129,#130,#131,#132,#133,#134,#135,#136,#137,
    #138,#139,#140,#141,#142,#143,#144,#145,#146,#147,#148,#149,#150,
    #151,#152,#153,#154,#155,#156,#157,#158,#159,#160,#161),
  .UNSPECIFIED.,.F.,.F.,(9,7,7,7,7,7,7,7,7,7,9),(0.,0.127512720114,
    0.254166836801,0.316143883372,0.380111080276,0.505526721104,
    0.630667289867,0.754415695368,0.80612404752,0.876840952796,1.),
  .UNSPECIFIED.);
#90 = CARTESIAN_POINT('',(9.,60.,141.94192650115));
#91 = CARTESIAN_POINT('',(9.,59.111127854725,141.18765779073));
#92 = CARTESIAN_POINT('',(8.899670745989,58.221609479146,140.43339504138
    ));
#93 = CARTESIAN_POINT('',(8.698756326639,57.344951593726,139.67939021292
    ));
#94 = CARTESIAN_POINT('',(8.399276841382,56.494451372816,138.92565149652
    ));
#95 = CARTESIAN_POINT('',(8.005263737444,55.682881023419,138.17209543575
    ));
#96 = CARTESIAN_POINT('',(7.522642114651,54.922284585231,137.41863506355
    ));
#97 = CARTESIAN_POINT('',(6.959197969489,54.223733641743,136.66527017252
    ));
#98 = CARTESIAN_POINT('',(5.69421199147,52.974264466514,135.16429196867)
  );
#99 = CARTESIAN_POINT('',(4.993343293924,52.422104914268,134.41633922297
    ));
#100 = CARTESIAN_POINT('',(4.231306442822,51.950000013932,
    133.66864214011));
#101 = CARTESIAN_POINT('',(3.418879916482,51.565787326707,
    132.92120990343));
#102 = CARTESIAN_POINT('',(2.567862796007,51.275521049922,
    132.17396153262));
#103 = CARTESIAN_POINT('',(1.690851586709,51.083421272198,
    131.42681153312));
#104 = CARTESIAN_POINT('',(0.801051782447,50.991733744545,
    130.67975569321));
#105 = CARTESIAN_POINT('',(-0.523096505925,51.004686240453,
    129.56762165157));
#106 = CARTESIAN_POINT('',(-0.958037966396,51.032979866638,
    129.20225411411));
#107 = CARTESIAN_POINT('',(-1.391299206148,51.085318102281,
    128.83693170247));
#108 = CARTESIAN_POINT('',(-1.821324969986,51.161584529733,
    128.47165376227));
#109 = CARTESIAN_POINT('',(-2.246577733911,51.261543725623,
    128.10641830055));
#110 = CARTESIAN_POINT('',(-2.665542985624,51.384843951483,
    127.74122410975));
#111 = CARTESIAN_POINT('',(-3.076732138948,51.531017237407,
    127.37607169796));
#112 = CARTESIAN_POINT('',(-3.893558520033,51.873343456119,
    126.63413761737));
#113 = CARTESIAN_POINT('',(-4.298605375956,52.070955549784,
    126.25734886908));
#114 = CARTESIAN_POINT('',(-4.692233604412,52.291668169552,
    125.88060820811));
#115 = CARTESIAN_POINT('',(-5.072904271813,52.534710356471,
    125.50391605294));
#116 = CARTESIAN_POINT('',(-5.439144882897,52.799191173325,
    125.12726921764));
#117 = CARTESIAN_POINT('',(-5.789556936961,53.084105396169,
    124.75066463277));
#118 = CARTESIAN_POINT('',(-6.122824282847,53.388337683458,
    124.37410297506));
#119 = CARTESIAN_POINT('',(-7.055118924411,54.342628429823,
    123.25939604206));
#120 = CARTESIAN_POINT('',(-7.602058790149,55.044310080466,
    122.52120948417));
#121 = CARTESIAN_POINT('',(-8.069095933581,55.806397591629,
    121.78327836711));
#122 = CARTESIAN_POINT('',(-8.448517954787,56.618176880288,
    121.04561156029));
#123 = CARTESIAN_POINT('',(-8.734370655859,57.46792390824,
    120.30812673043));
#124 = CARTESIAN_POINT('',(-8.922516026131,58.34312553916,
    119.57073768616));
#125 = CARTESIAN_POINT('',(-9.010778861718,59.230672096279,
    118.83344428448));
#126 = CARTESIAN_POINT('',(-8.987721120273,61.001711593607,
    117.36114383279));
#127 = CARTESIAN_POINT('',(-8.876832876838,61.885599560109,
    116.62581085296));
#128 = CARTESIAN_POINT('',(-8.666495961216,62.755505679892,
    115.89073280128));
#129 = CARTESIAN_POINT('',(-8.358868072626,63.598349850237,
    115.15591593427));
#130 = CARTESIAN_POINT('',(-7.958070186908,64.401598090565,
    114.42127950958));
#131 = CARTESIAN_POINT('',(-7.470067389494,65.153451653905,
    113.68674041415));
#132 = CARTESIAN_POINT('',(-6.902638792774,65.843078477383,
    112.95229917627));
#133 = CARTESIAN_POINT('',(-5.635198099329,67.07213517123,
    111.49226101049));
#134 = CARTESIAN_POINT('',(-4.936456518246,67.613416890297,
    110.76634024764));
#135 = CARTESIAN_POINT('',(-4.17832052119,68.075655325383,
    110.04067145091));
#136 = CARTESIAN_POINT('',(-3.37132462044,68.451312395969,
    109.31525947256));
#137 = CARTESIAN_POINT('',(-2.526979321666,68.734574287884,
    108.59002344473));
#138 = CARTESIAN_POINT('',(-1.657554138742,68.921399248363,
    107.86488190211));
#139 = CARTESIAN_POINT('',(-0.775894858316,69.009651648304,
    107.13983770395));
#140 = CARTESIAN_POINT('',(0.472884971128,68.995100892411,
    106.11230172886));
#141 = CARTESIAN_POINT('',(0.840786781272,68.973611507027,
    105.80950819353));
#142 = CARTESIAN_POINT('',(1.207624576466,68.934919567904,
    105.50674643666));
#143 = CARTESIAN_POINT('',(1.572459104927,68.879085279222,
    105.20401684036));
#144 = CARTESIAN_POINT('',(1.934356821952,68.806230077945,
    104.90131834837));
#145 = CARTESIAN_POINT('',(2.292393305234,68.716536282992,104.5986498123
    ));
#146 = CARTESIAN_POINT('',(2.645656670192,68.610246744422,104.296011338)
  );
#147 = CARTESIAN_POINT('',(3.468624754374,68.32001967065,103.57955877399
    ));
#148 = CARTESIAN_POINT('',(3.933411455425,68.121896027937,
    103.16575922173));
#149 = CARTESIAN_POINT('',(4.385310045131,67.89406977433,102.75202117219
    ));
#150 = CARTESIAN_POINT('',(4.822105321726,67.637518043395,
    102.33834726727));
#151 = CARTESIAN_POINT('',(5.241668359729,67.353428225212,
    101.92472568115));
#152 = CARTESIAN_POINT('',(5.642013807319,67.043135049859,
    101.51116537488));
#153 = CARTESIAN_POINT('',(6.021236198107,66.708188743926,
    101.09765634284));
#154 = CARTESIAN_POINT('',(6.998229604382,65.726994787915,
    99.964175158403));
#155 = CARTESIAN_POINT('',(7.549684980514,65.033928922098,
    99.244148607628));
#156 = CARTESIAN_POINT('',(8.022543244814,64.280209455569,
    98.524373037911));
#157 = CARTESIAN_POINT('',(8.409091974207,63.476342569373,
    97.804852724242));
#158 = CARTESIAN_POINT('',(8.703344542124,62.633825564014,
    97.085510798084));
#159 = CARTESIAN_POINT('',(8.901083479572,61.764941866207,
    96.366268403733));
#160 = CARTESIAN_POINT('',(9.,60.882592184926,95.647125232309));
#161 = CARTESIAN_POINT('',(9.,60.,94.928315655167));
#162 = PCURVE('',#33,#163);
#163 = DEFINITIONAL_REPRESENTATION('',(#164),#237);
#164 = B_SPLINE_CURVE_WITH_KNOTS('',8,(#165,#166,#167,#168,#169,#170,
    #171,#172,#173,#174,#175,#176,#177,#178,#179,#180,#181,#182,#183,
    #184,#185,#186,#187,#188,#189,#190,#191,#192,#193,#194,#195,#196,
    #197,#198,#199,#200,#201,#202,#203,#204,#205,#206,#207,#208,#209,
    #210,#211,#212,#213,#214,#215,#216,#217,#218,#219,#220,#221,#222,
    #223,#224,#225,#226,#227,#228,#229,#230,#231,#232,#233,#234,#235,
    #236),.UNSPECIFIED.,.F.,.F.,(9,7,7,7,7,7,7,7,7,7,9),(0.,
    0.127512720114,0.254166836801,0.316143883372,0.380111080276,
    0.505526721104,0.630667289867,0.754415695368,0.80612404752,
    0.876840952796,1.),.UNSPECIFIED.);
#165 = CARTESIAN_POINT('',(-6.28318530718,-87.13619934805));
#166 = CARTESIAN_POINT('',(-6.184421735482,-86.38193063764));
#167 = CARTESIAN_POINT('',(-6.085586367054,-85.62766788828));
#168 = CARTESIAN_POINT('',(-5.986711916398,-84.87366305983));
#169 = CARTESIAN_POINT('',(-5.887799077865,-84.11992434342));
#170 = CARTESIAN_POINT('',(-5.788836639071,-83.36636828265));
#171 = CARTESIAN_POINT('',(-5.689813170917,-82.61290791045));
#172 = CARTESIAN_POINT('',(-5.590728876641,-81.85954301942));
#173 = CARTESIAN_POINT('',(-5.393170860645,-80.35856481557));
#174 = CARTESIAN_POINT('',(-5.29465344517,-79.61061206987));
#175 = CARTESIAN_POINT('',(-5.196097518738,-78.86291498701));
#176 = CARTESIAN_POINT('',(-5.097504472192,-78.11548275033));
#177 = CARTESIAN_POINT('',(-4.998863116744,-77.36823437952));
#178 = CARTESIAN_POINT('',(-4.90016155956,-76.62108438003));
#179 = CARTESIAN_POINT('',(-4.80139930401,-75.87402854011));
#180 = CARTESIAN_POINT('',(-4.654264677795,-74.76189449847));
#181 = CARTESIAN_POINT('',(-4.60590941098,-74.39652696101));
#182 = CARTESIAN_POINT('',(-4.557542537289,-74.03120454937));
#183 = CARTESIAN_POINT('',(-4.509164444292,-73.66592660917));
#184 = CARTESIAN_POINT('',(-4.460774687108,-73.30069114746));
#185 = CARTESIAN_POINT('',(-4.41237256669,-72.93549695665));
#186 = CARTESIAN_POINT('',(-4.363958032148,-72.57034454486));
#187 = CARTESIAN_POINT('',(-4.265551431894,-71.82841046427));
#188 = CARTESIAN_POINT('',(-4.215557206064,-71.45162171598));
#189 = CARTESIAN_POINT('',(-4.165550736613,-71.07488105502));
#190 = CARTESIAN_POINT('',(-4.115532201468,-70.69818889984));
#191 = CARTESIAN_POINT('',(-4.065501232052,-70.32154206455));
#192 = CARTESIAN_POINT('',(-4.015457394767,-69.94493747967));
#193 = CARTESIAN_POINT('',(-3.965400698787,-69.56837582196));
#194 = CARTESIAN_POINT('',(-3.817166477746,-68.45366888896));
#195 = CARTESIAN_POINT('',(-3.718930440424,-67.71548233107));
#196 = CARTESIAN_POINT('',(-3.62065607512,-66.97755121401));
#197 = CARTESIAN_POINT('',(-3.522343769939,-66.23988440719));
#198 = CARTESIAN_POINT('',(-3.423982635946,-65.50239957733));
#199 = CARTESIAN_POINT('',(-3.325561761225,-64.76501053306));
#200 = CARTESIAN_POINT('',(-3.22708151163,-64.02771713138));
#201 = CARTESIAN_POINT('',(-3.030282668397,-62.55541667969));
#202 = CARTESIAN_POINT('',(-2.931920826405,-61.82008369987));
#203 = CARTESIAN_POINT('',(-2.833521473966,-61.08500564818));
#204 = CARTESIAN_POINT('',(-2.735085375973,-60.35018878117));
#205 = CARTESIAN_POINT('',(-2.636601078146,-59.61555235648));
#206 = CARTESIAN_POINT('',(-2.538056781178,-58.88101326105));
#207 = CARTESIAN_POINT('',(-2.439452461005,-58.14657202318));
#208 = CARTESIAN_POINT('',(-2.243285919639,-56.6865338574));
#209 = CARTESIAN_POINT('',(-2.145681815265,-55.96061309454));
#210 = CARTESIAN_POINT('',(-2.048040204009,-55.23494429782));
#211 = CARTESIAN_POINT('',(-1.9503622115,-54.50953231947));
#212 = CARTESIAN_POINT('',(-1.852637350616,-53.78429629163));
#213 = CARTESIAN_POINT('',(-1.754854475575,-53.05915474901));
#214 = CARTESIAN_POINT('',(-1.657013246033,-52.33411055085));
#215 = CARTESIAN_POINT('',(-1.518250512798,-51.30657457576));
#216 = CARTESIAN_POINT('',(-1.477347486915,-51.00378104043));
#217 = CARTESIAN_POINT('',(-1.436436195817,-50.70101928356));
#218 = CARTESIAN_POINT('',(-1.395516678001,-50.39828968726));
#219 = CARTESIAN_POINT('',(-1.354588793838,-50.09559119527));
#220 = CARTESIAN_POINT('',(-1.313652406982,-49.79292265921));
#221 = CARTESIAN_POINT('',(-1.272707565771,-49.49028418491));
#222 = CARTESIAN_POINT('',(-1.175747078596,-48.77383162089));
#223 = CARTESIAN_POINT('',(-1.119722539785,-48.36003206863));
#224 = CARTESIAN_POINT('',(-1.063683181279,-47.9462940191));
#225 = CARTESIAN_POINT('',(-1.007628743896,-47.53262011415));
#226 = CARTESIAN_POINT('',(-0.951560209387,-47.11899852807));
#227 = CARTESIAN_POINT('',(-0.895473180254,-46.70543822178));
#228 = CARTESIAN_POINT('',(-0.839370380143,-46.29192918975));
#229 = CARTESIAN_POINT('',(-0.685520296981,-45.1584480053));
#230 = CARTESIAN_POINT('',(-0.587717840346,-44.43842145453));
#231 = CARTESIAN_POINT('',(-0.489879142647,-43.71864588481));
#232 = CARTESIAN_POINT('',(-0.392005228708,-42.99912557114));
#233 = CARTESIAN_POINT('',(-0.29408442311,-42.27978364498));
#234 = CARTESIAN_POINT('',(-0.19610463787,-41.56054125063));
#235 = CARTESIAN_POINT('',(-9.806579832515E-02,-40.84139807921));
#236 = CARTESIAN_POINT('',(0.,-40.12258850207));
#237 = ( GEOMETRIC_REPRESENTATION_CONTEXT(2) 
PARAMETRIC_REPRESENTATION_CONTEXT() REPRESENTATION_CONTEXT('2D SPACE',''
  ) );
#238 = PCURVE('',#239,#342);
#239 = B_SPLINE_SURFACE_WITH_KNOTS('',8,1,(
    (#240,#241)
    ,(#242,#243)
    ,(#244,#245)
    ,(#246,#247)
    ,(#248,#249)
    ,(#250,#251)
    ,(#252,#253)
    ,(#254,#255)
    ,(#256,#257)
    ,(#258,#259)
    ,(#260,#261)
    ,(#262,#263)
    ,(#264,#265)
    ,(#266,#267)
    ,(#268,#269)
    ,(#270,#271)
    ,(#272,#273)
    ,(#274,#275)
    ,(#276,#277)
    ,(#278,#279)
    ,(#280,#281)
    ,(#282,#283)
    ,(#284,#285)
    ,(#286,#287)
    ,(#288,#289)
    ,(#290,#291)
    ,(#292,#293)
    ,(#294,#295)
    ,(#296,#297)
    ,(#298,#299)
    ,(#300,#301)
    ,(#302,#303)
    ,(#304,#305)
    ,(#306,#307)
    ,(#308,#309)
    ,(#310,#311)
    ,(#312,#313)
    ,(#314,#315)
    ,(#316,#317)
    ,(#318,#319)
    ,(#320,#321)
    ,(#322,#323)
    ,(#324,#325)
    ,(#326,#327)
    ,(#328,#329)
    ,(#330,#331)
    ,(#332,#333)
    ,(#334,#335)
    ,(#336,#337)
    ,(#338,#339)
    ,(#340,#341
    )),.UNSPECIFIED.,.F.,.F.,.F.,(9,6,6,6,6,6,6,6,9),(2,2),(
    52.005727153097,72.764581722478,77.954295364823,93.523436291858,
    103.90286357654,114.28229086123,129.85143178827,135.04114543061,
    155.8),(0.,1.),.UNSPECIFIED.);
#240 = CARTESIAN_POINT('',(8.196687196281,60.233064382369,
    50.005727153097));
#241 = CARTESIAN_POINT('',(33.986263984578,60.96636451226,
    50.005727153097));
#242 = CARTESIAN_POINT('',(8.11103712384,63.255941524516,52.600583974269
    ));
#243 = CARTESIAN_POINT('',(33.630123495103,73.499750363735,
    52.600583974258));
#244 = CARTESIAN_POINT('',(6.749708063256,66.233480889358,
    55.195440795447));
#245 = CARTESIAN_POINT('',(27.990781785529,85.848167853579,
    55.195440795489));
#246 = CARTESIAN_POINT('',(4.150778151528,68.542627755906,
    57.790297616607));
#247 = CARTESIAN_POINT('',(17.202596970445,95.416909100158,
    57.790297616529));
#248 = CARTESIAN_POINT('',(0.695387912828,69.576962308948,
    60.385154437795));
#249 = CARTESIAN_POINT('',(2.891416894068,99.71296491127,60.385154437874
    ));
#250 = CARTESIAN_POINT('',(-2.843851884009,69.037235803841,
    62.980011258958));
#251 = CARTESIAN_POINT('',(-11.7957856022,97.469854270785,
    62.980011258913));
#252 = CARTESIAN_POINT('',(-5.718312684473,67.157499308541,
    65.574868080131));
#253 = CARTESIAN_POINT('',(-23.70938592187,89.677483912842,
    65.574868080143));
#254 = CARTESIAN_POINT('',(-7.929909029661,63.797740399438,
    68.818439106599));
#255 = CARTESIAN_POINT('',(-32.88010235375,75.746888426372,
    68.818439106597));
#256 = CARTESIAN_POINT('',(-8.257110094707,60.086437345421,
    72.062010133065));
#257 = CARTESIAN_POINT('',(-34.23679916558,60.358367784819,
    72.062010133064));
#258 = CARTESIAN_POINT('',(-8.245599039402,59.339225630996,
    72.710724338357));
#259 = CARTESIAN_POINT('',(-34.18912048088,57.26013424444,
    72.710724338357));
#260 = CARTESIAN_POINT('',(-8.156887725364,58.596373252552,
    73.35943854365));
#261 = CARTESIAN_POINT('',(-33.82135530084,54.179982640123,
    73.35943854365));
#262 = CARTESIAN_POINT('',(-7.99208424571,57.867149464939,
    74.008152748943));
#263 = CARTESIAN_POINT('',(-33.13804227093,51.156374473232,
    74.008152748943));
#264 = CARTESIAN_POINT('',(-7.753622653216,57.160538609051,
    74.656866954235));
#265 = CARTESIAN_POINT('',(-32.14922565582,48.226597237466,
    74.656866954237));
#266 = CARTESIAN_POINT('',(-6.519782716473,54.45846854892,
    77.251723775406));
#267 = CARTESIAN_POINT('',(-27.03269727274,37.023455280721,
    77.251723775409));
#268 = CARTESIAN_POINT('',(-4.241420152585,52.379053202525,
    79.846580596597));
#269 = CARTESIAN_POINT('',(-17.5875552646,28.399721199099,
    79.846580596582));
#270 = CARTESIAN_POINT('',(-2.075302224087,51.378193202764,
    81.792723212447));
#271 = CARTESIAN_POINT('',(-8.602836079837,24.252811199253,
    81.792723212462));
#272 = CARTESIAN_POINT('',(0.332505469632,51.090746281141,
    83.738865828333));
#273 = CARTESIAN_POINT('',(1.377052310576,23.058660235381,83.73886582834
    ));
#274 = CARTESIAN_POINT('',(2.703285164259,51.562165481372,
    85.685008444224));
#275 = CARTESIAN_POINT('',(11.20952557951,25.013498967151,
    85.685008444215));
#276 = CARTESIAN_POINT('',(4.77313422291,52.712196146821,87.631151060105
    ));
#277 = CARTESIAN_POINT('',(19.790651992045,29.782286457778,
    87.631151060108));
#278 = CARTESIAN_POINT('',(7.399218322636,55.474460406952,
    90.874722086565));
#279 = CARTESIAN_POINT('',(30.68006992369,41.235679953222,
    90.874722086556));
#280 = CARTESIAN_POINT('',(8.369902080352,59.054331835792,
    94.118293113027));
#281 = CARTESIAN_POINT('',(34.704319125903,56.078972876512,
    94.118293113037));
#282 = CARTESIAN_POINT('',(8.4631647067,60.553989610649,95.415721523614)
  );
#283 = CARTESIAN_POINT('',(35.091164823669,62.29680133755,
    95.415721523616));
#284 = CARTESIAN_POINT('',(8.249348140669,62.050010475217,
    96.713149934204));
#285 = CARTESIAN_POINT('',(34.204505131036,68.499814284247,96.7131499342
    ));
#286 = CARTESIAN_POINT('',(7.737213225107,63.469305379877,
    98.010578344796));
#287 = CARTESIAN_POINT('',(32.081135277954,74.384859695802,
    98.010578344788));
#288 = CARTESIAN_POINT('',(6.956033900088,64.744823226725,
    99.308006755385));
#289 = CARTESIAN_POINT('',(28.84233053193,79.674262336127,
    99.308006755377));
#290 = CARTESIAN_POINT('',(4.946887906849,66.900141000623,
    101.90286357653));
#291 = CARTESIAN_POINT('',(20.511136219993,88.609500998431,
    101.90286357655));
#292 = CARTESIAN_POINT('',(2.267529214544,68.107780122709,
    104.49772039772));
#293 = CARTESIAN_POINT('',(9.402184165898,93.618154635065,
    104.49772039772));
#294 = CARTESIAN_POINT('',(0.816539392013,68.436587324934,
    105.79514880831));
#295 = CARTESIAN_POINT('',(3.385621677716,94.980972249721,105.7951488083
    ));
#296 = CARTESIAN_POINT('',(-0.679369657656,68.467435854902,
    107.09257721889));
#297 = CARTESIAN_POINT('',(-2.816963805785,95.10869530417,
    107.09257721889));
#298 = CARTESIAN_POINT('',(-2.148715024296,68.197323454465,
    108.39000562947));
#299 = CARTESIAN_POINT('',(-8.909455051455,93.988758925123,
    108.39000562948));
#300 = CARTESIAN_POINT('',(-3.522623394994,67.643638244087,
    109.68743404006));
#301 = CARTESIAN_POINT('',(-14.60588168489,91.693046594226,
    109.68743404007));
#302 = CARTESIAN_POINT('',(-6.569627016601,65.637492132988,
    112.93100506653));
#303 = CARTESIAN_POINT('',(-27.24008346795,83.375260268687,
    112.93100506651));
#304 = CARTESIAN_POINT('',(-8.358505119353,62.372756580616,116.174576093
    ));
#305 = CARTESIAN_POINT('',(-34.65698788895,69.838055352352,
    116.17457609302));
#306 = CARTESIAN_POINT('',(-8.823004875971,60.120794417005,
    118.12071870887));
#307 = CARTESIAN_POINT('',(-36.58379258074,60.501095809961,
    118.12071870885));
#308 = CARTESIAN_POINT('',(-8.591001732888,57.799466984991,
    120.06686132474));
#309 = CARTESIAN_POINT('',(-35.62068002488,50.874594505276,
    120.06686132475));
#310 = CARTESIAN_POINT('',(-7.675496985847,55.659772101592,
    122.01300394062));
#311 = CARTESIAN_POINT('',(-31.82532707841,42.006021530828,
    122.01300394064));
#312 = CARTESIAN_POINT('',(-6.19618905395,53.922526774396,
    123.95914655653));
#313 = CARTESIAN_POINT('',(-25.69161463781,34.79951365356,
    123.95914655651));
#314 = CARTESIAN_POINT('',(-3.719054738644,52.328844261846,
    126.55400337767));
#315 = CARTESIAN_POINT('',(-15.42041887633,28.193252528315,
    126.55400337768));
#316 = CARTESIAN_POINT('',(-0.936736425835,51.801334754072,
    129.14886019885));
#317 = CARTESIAN_POINT('',(-3.884026930182,26.005518876141,
    129.14886019886));
#318 = CARTESIAN_POINT('',(-0.22975155316,51.738133749222,
    129.79757440415));
#319 = CARTESIAN_POINT('',(-0.952632386791,25.743395640174,
    129.79757440415));
#320 = CARTESIAN_POINT('',(0.48070996341,51.744632153167,130.44628860944
    ));
#321 = CARTESIAN_POINT('',(1.993177590082,25.770338034925,
    130.44628860944));
#322 = CARTESIAN_POINT('',(1.186636107495,51.820762220783,
    131.09500281474));
#323 = CARTESIAN_POINT('',(4.920182159229,26.086032957521,
    131.09500281474));
#324 = CARTESIAN_POINT('',(1.880122955387,51.965356655936,
    131.74371702003));
#325 = CARTESIAN_POINT('',(7.795616950072,26.68560432713,131.74371702003
    ));
#326 = CARTESIAN_POINT('',(5.247304303279,53.019532664475,134.9872880465
    ));
#327 = CARTESIAN_POINT('',(21.75720703609,31.056642136589,
    134.98728804649));
#328 = CARTESIAN_POINT('',(7.934367114826,55.649799626418,
    138.23085907295));
#329 = CARTESIAN_POINT('',(32.898351262168,41.962957114898,
    138.23085907295));
#330 = CARTESIAN_POINT('',(9.190875059772,58.558095187378,
    140.82571589413));
#331 = CARTESIAN_POINT('',(38.109148009939,54.018972630838,
    140.82571589417));
#332 = CARTESIAN_POINT('',(9.213396717669,61.816633497525,
    143.42057271533));
#333 = CARTESIAN_POINT('',(38.201003613637,67.536965839205,
    143.42057271525));
#334 = CARTESIAN_POINT('',(7.94653540863,64.80711636404,146.01542953645)
  );
#335 = CARTESIAN_POINT('',(32.949763645019,79.927501612279,
    146.01542953652));
#336 = CARTESIAN_POINT('',(5.706553604291,66.993470746601,
    148.61028635767));
#337 = CARTESIAN_POINT('',(23.66098959133,88.999634532212,
    148.61028635763));
#338 = CARTESIAN_POINT('',(2.969725919554,68.125913701492,
    151.20514317882));
#339 = CARTESIAN_POINT('',(12.313569877225,93.692261561396,
    151.20514317883));
#340 = CARTESIAN_POINT('',(0.212543070648,68.197244991039,153.8));
#341 = CARTESIAN_POINT('',(0.88127614659,93.988576792114,153.8));
#342 = DEFINITIONAL_REPRESENTATION('',(#343),#416);
#343 = B_SPLINE_CURVE_WITH_KNOTS('',8,(#344,#345,#346,#347,#348,#349,
    #350,#351,#352,#353,#354,#355,#356,#357,#358,#359,#360,#361,#362,
    #363,#364,#365,#366,#367,#368,#369,#370,#371,#372,#373,#374,#375,
    #376,#377,#378,#379,#380,#381,#382,#383,#384,#385,#386,#387,#388,
    #389,#390,#391,#392,#393,#394,#395,#396,#397,#398,#399,#400,#401,
    #402,#403,#404,#405,#406,#407,#408,#409,#410,#411,#412,#413,#414,
    #415),.UNSPECIFIED.,.F.,.F.,(9,7,7,7,7,7,7,7,7,7,9),(0.,
    0.127512720114,0.254166836801,0.316143883372,0.380111080276,
    0.505526721104,0.630667289867,0.754415695368,0.80612404752,
    0.876840952796,1.),.UNSPECIFIED.);
#344 = CARTESIAN_POINT('',(143.94192650114,3.100775154432E-02));
#345 = CARTESIAN_POINT('',(143.18765779073,3.10077439183E-02));
#346 = CARTESIAN_POINT('',(142.43339504138,3.100776295863E-02));
#347 = CARTESIAN_POINT('',(141.67939021293,3.100783215342E-02));
#348 = CARTESIAN_POINT('',(140.92565149652,3.100795242565E-02));
#349 = CARTESIAN_POINT('',(140.17209543575,3.100802491755E-02));
#350 = CARTESIAN_POINT('',(139.41863506355,3.100796540305E-02));
#351 = CARTESIAN_POINT('',(138.66527017252,3.100781546889E-02));
#352 = CARTESIAN_POINT('',(137.16429196867,3.100749681804E-02));
#353 = CARTESIAN_POINT('',(136.41633922297,3.100735222178E-02));
#354 = CARTESIAN_POINT('',(135.66864214011,3.100718614736E-02));
#355 = CARTESIAN_POINT('',(134.92120990343,3.10072967447E-02));
#356 = CARTESIAN_POINT('',(134.17396153261,3.100780897708E-02));
#357 = CARTESIAN_POINT('',(133.42681153312,3.100840364786E-02));
#358 = CARTESIAN_POINT('',(132.67975569321,3.100851044499E-02));
#359 = CARTESIAN_POINT('',(131.56762165157,3.10080376448E-02));
#360 = CARTESIAN_POINT('',(131.20225411411,3.100770317318E-02));
#361 = CARTESIAN_POINT('',(130.83693170247,3.100758761071E-02));
#362 = CARTESIAN_POINT('',(130.47165376227,3.100694576347E-02));
#363 = CARTESIAN_POINT('',(130.10641830056,3.100639351885E-02));
#364 = CARTESIAN_POINT('',(129.74122410975,3.100666261082E-02));
#365 = CARTESIAN_POINT('',(129.37607169796,3.100711159355E-02));
#366 = CARTESIAN_POINT('',(128.63413761737,3.100789839445E-02));
#367 = CARTESIAN_POINT('',(128.25734886908,3.100828625514E-02));
#368 = CARTESIAN_POINT('',(127.88060820811,3.100851683624E-02));
#369 = CARTESIAN_POINT('',(127.50391605294,3.100857285407E-02));
#370 = CARTESIAN_POINT('',(127.12726921764,3.100849619852E-02));
#371 = CARTESIAN_POINT('',(126.75066463277,3.100834186406E-02));
#372 = CARTESIAN_POINT('',(126.37410297506,3.100815487773E-02));
#373 = CARTESIAN_POINT('',(125.25939604205,3.100760818804E-02));
#374 = CARTESIAN_POINT('',(124.52120948416,3.100725118676E-02));
#375 = CARTESIAN_POINT('',(123.78327836711,3.100717310025E-02));
#376 = CARTESIAN_POINT('',(123.04561156029,3.100738627735E-02));
#377 = CARTESIAN_POINT('',(122.30812673043,3.100765343843E-02));
#378 = CARTESIAN_POINT('',(121.57073768616,3.100778061184E-02));
#379 = CARTESIAN_POINT('',(120.83344428448,3.100781888E-02));
#380 = CARTESIAN_POINT('',(119.36114383279,3.100778657721E-02));
#381 = CARTESIAN_POINT('',(118.62581085296,3.100772065974E-02));
#382 = CARTESIAN_POINT('',(117.89073280128,3.10076461984E-02));
#383 = CARTESIAN_POINT('',(117.15591593426,3.10076850946E-02));
#384 = CARTESIAN_POINT('',(116.42127950957,3.100785829314E-02));
#385 = CARTESIAN_POINT('',(115.68674041415,3.100804405979E-02));
#386 = CARTESIAN_POINT('',(114.95229917627,3.100808707743E-02));
#387 = CARTESIAN_POINT('',(113.49226101049,3.1008051687E-02));
#388 = CARTESIAN_POINT('',(112.76634024764,3.10079590197E-02));
#389 = CARTESIAN_POINT('',(112.04067145092,3.100766961391E-02));
#390 = CARTESIAN_POINT('',(111.31525947257,3.100723035659E-02));
#391 = CARTESIAN_POINT('',(110.59002344473,3.100689895155E-02));
#392 = CARTESIAN_POINT('',(109.86488190211,3.100692248412E-02));
#393 = CARTESIAN_POINT('',(109.13983770395,3.100729794623E-02));
#394 = CARTESIAN_POINT('',(108.11230172886,3.100795360871E-02));
#395 = CARTESIAN_POINT('',(107.80950819353,3.1008161393E-02));
#396 = CARTESIAN_POINT('',(107.50674643666,3.100836864061E-02));
#397 = CARTESIAN_POINT('',(107.20401684036,3.100854852944E-02));
#398 = CARTESIAN_POINT('',(106.90131834837,3.100866987147E-02));
#399 = CARTESIAN_POINT('',(106.5986498123,3.100870447638E-02));
#400 = CARTESIAN_POINT('',(106.296011338,3.100863451519E-02));
#401 = CARTESIAN_POINT('',(105.57955877399,3.100822105604E-02));
#402 = CARTESIAN_POINT('',(105.16575922173,3.100771565304E-02));
#403 = CARTESIAN_POINT('',(104.75202117219,3.100735956813E-02));
#404 = CARTESIAN_POINT('',(104.33834726727,3.100640947223E-02));
#405 = CARTESIAN_POINT('',(103.92472568116,3.100525338271E-02));
#406 = CARTESIAN_POINT('',(103.51116537488,3.100689740166E-02));
#407 = CARTESIAN_POINT('',(103.09765634285,3.10073389514E-02));
#408 = CARTESIAN_POINT('',(101.9641751584,3.100876458651E-02));
#409 = CARTESIAN_POINT('',(101.24414860762,3.100924588907E-02));
#410 = CARTESIAN_POINT('',(100.5243730379,3.100856302065E-02));
#411 = CARTESIAN_POINT('',(99.804852724238,3.100769337169E-02));
#412 = CARTESIAN_POINT('',(99.085510798083,3.100721420347E-02));
#413 = CARTESIAN_POINT('',(98.366268403733,3.100709223284E-02));
#414 = CARTESIAN_POINT('',(97.64712523231,3.100720035479E-02));
#415 = CARTESIAN_POINT('',(96.928315655169,3.100738169272E-02));
#416 = ( GEOMETRIC_REPRESENTATION_CONTEXT(2) 
PARAMETRIC_REPRESENTATION_CONTEXT() REPRESENTATION_CONTEXT('2D SPACE',''
  ) );
#417 = ORIENTED_EDGE('',*,*,#418,.F.);
#418 = EDGE_CURVE('',#419,#86,#421,.T.);
#419 = VERTEX_POINT('',#420);
#420 = CARTESIAN_POINT('',(9.,60.,98.928315655168));
#421 = SURFACE_CURVE('',#422,(#426,#433),.PCURVE_S1.);
#422 = LINE('',#423,#424);
#423 = CARTESIAN_POINT('',(9.,60.,54.805727153097));
#424 = VECTOR('',#425,1.);
#425 = DIRECTION('',(0.,0.,1.));
#426 = PCURVE('',#33,#427);
#427 = DEFINITIONAL_REPRESENTATION('',(#428),#432);
#428 = LINE('',#429,#430);
#429 = CARTESIAN_POINT('',(-6.28318530718,0.));
#430 = VECTOR('',#431,1.);
#431 = DIRECTION('',(-0.,-1.));
#432 = ( GEOMETRIC_REPRESENTATION_CONTEXT(2) 
PARAMETRIC_REPRESENTATION_CONTEXT() REPRESENTATION_CONTEXT('2D SPACE',''
  ) );
#433 = PCURVE('',#434,#439);
#434 = CYLINDRICAL_SURFACE('',#435,9.);
#435 = AXIS2_PLACEMENT_3D('',#436,#437,#438);
#436 = CARTESIAN_POINT('',(0.,60.,54.805727153097));
#437 = DIRECTION('',(-0.,-0.,-1.));
#438 = DIRECTION('',(1.,0.,0.));
#439 = DEFINITIONAL_REPRESENTATION('',(#440),#444);
#440 = LINE('',#441,#442);
#441 = CARTESIAN_POINT('',(-0.,0.));
#442 = VECTOR('',#443,1.);
#443 = DIRECTION('',(-0.,-1.));
#444 = ( GEOMETRIC_REPRESENTATION_CONTEXT(2) 
PARAMETRIC_REPRESENTATION_CONTEXT() REPRESENTATION_CONTEXT('2D SPACE',''
  ) );
#445 = ORIENTED_EDGE('',*,*,#446,.T.);
#446 = EDGE_CURVE('',#419,#24,#447,.T.);
#447 = SURFACE_CURVE('',#448,(#505,#565),.PCURVE_S1.);
#448 = B_SPLINE_CURVE_WITH_KNOTS('',7,(#449,#450,#451,#452,#453,#454,
    #455,#456,#457,#458,#459,#460,#461,#462,#463,#464,#465,#466,#467,
    #468,#469,#470,#471,#472,#473,#474,#475,#476,#477,#478,#479,#480,
    #481,#482,#483,#484,#485,#486,#487,#488,#489,#490,#491,#492,#493,
    #494,#495,#496,#497,#498,#499,#500,#501,#502,#503,#504),
  .UNSPECIFIED.,.F.,.F.,(8,6,6,6,6,6,6,6,6,8),(0.,0.129836740577,
    0.255977074601,0.382738157971,0.447395965197,0.507369242151,
    0.631057213245,0.754247873934,0.876653426841,1.),.UNSPECIFIED.);
#449 = CARTESIAN_POINT('',(9.,60.,98.928315655168));
#450 = CARTESIAN_POINT('',(9.,58.969871416722,98.089348005111));
#451 = CARTESIAN_POINT('',(8.862441778098,57.938835356041,
    97.250379645661));
#452 = CARTESIAN_POINT('',(8.586887715912,56.929476055437,
    96.411851439974));
#453 = CARTESIAN_POINT('',(8.17775480291,55.963902698934,95.573662050193
    ));
#454 = CARTESIAN_POINT('',(7.643505603277,55.062830297463,
    94.735634614186));
#455 = CARTESIAN_POINT('',(6.996504120382,54.245220102687,
    93.897660628293));
#456 = CARTESIAN_POINT('',(5.53073587496,52.829257695456,92.246511614758
    ));
#457 = CARTESIAN_POINT('',(4.716998663142,52.224954195651,91.43287626049
    ));
#458 = CARTESIAN_POINT('',(3.826581997556,51.728903133501,
    90.619644821317));
#459 = CARTESIAN_POINT('',(2.876961112783,51.352471897575,
    89.806735755225));
#460 = CARTESIAN_POINT('',(1.887300845965,51.103562796908,
    88.993988812428));
#461 = CARTESIAN_POINT('',(0.878125637463,50.986435857472,
    88.181308090145));
#462 = CARTESIAN_POINT('',(-1.142008302021,51.015497842768,
    86.552833701058));
#463 = CARTESIAN_POINT('',(-2.153496445727,51.162993021095,
    85.736604994518));
#464 = CARTESIAN_POINT('',(-3.142479319752,51.443513805508,
    84.920789432936));
#465 = CARTESIAN_POINT('',(-4.088031343886,51.852636368614,
    84.105299189035));
#466 = CARTESIAN_POINT('',(-4.970558532011,52.382193590579,
    83.289979941661));
#467 = CARTESIAN_POINT('',(-5.772105239445,53.020368258985,
    82.47472504306));
#468 = CARTESIAN_POINT('',(-6.83736539476,54.124707919171,
    81.244305137097));
#469 = CARTESIAN_POINT('',(-7.172238566511,54.522022056486,
    80.828745595684));
#470 = CARTESIAN_POINT('',(-7.480171953669,54.941621813925,
    80.413255799809));
#471 = CARTESIAN_POINT('',(-7.759387612071,55.381293299273,
    79.997826260777));
#472 = CARTESIAN_POINT('',(-8.008356853365,55.83870074036,
    79.582464660989));
#473 = CARTESIAN_POINT('',(-8.225762110625,56.311315465798,
    79.167158817691));
#474 = CARTESIAN_POINT('',(-8.581976962787,57.246532550336,
    78.366773096884));
#475 = CARTESIAN_POINT('',(-8.725344513365,57.70739271162,
    77.981671331423));
#476 = CARTESIAN_POINT('',(-8.839831752566,58.176974215861,
    77.596627610668));
#477 = CARTESIAN_POINT('',(-8.924808792161,58.653102629722,
    77.211640217062));
#478 = CARTESIAN_POINT('',(-8.979849424972,59.133553867807,
    76.826704021406));
#479 = CARTESIAN_POINT('',(-9.004734811389,59.616071192972,
    76.441817613799));
#480 = CARTESIAN_POINT('',(-8.988588273006,61.093088758737,
    75.263327987635));
#481 = CARTESIAN_POINT('',(-8.849436555461,62.087199521953,
    74.469688263086));
#482 = CARTESIAN_POINT('',(-8.58185544031,63.060406738544,
    73.676441409387));
#483 = CARTESIAN_POINT('',(-8.18987765508,63.992869808296,
    72.883511007731));
#484 = CARTESIAN_POINT('',(-7.681054156439,64.865918541706,
    72.090742138503));
#485 = CARTESIAN_POINT('',(-7.06635406869,65.66240209356,71.298044067329
    ));
#486 = CARTESIAN_POINT('',(-5.656863505224,67.070223349397,
    69.716694764746));
#487 = CARTESIAN_POINT('',(-4.862450470136,67.682648952898,
    68.927640080125));
#488 = CARTESIAN_POINT('',(-3.991026451055,68.19042396405,
    68.138974068895));
#489 = CARTESIAN_POINT('',(-3.059328292778,68.582222734171,
    67.350614717674));
#490 = CARTESIAN_POINT('',(-2.085758896463,68.850020274957,
    66.56241584959));
#491 = CARTESIAN_POINT('',(-1.090100156608,68.989236067894,
    65.774290099812));
#492 = CARTESIAN_POINT('',(0.898114311576,69.00974117627,64.203930286564
    ));
#493 = CARTESIAN_POINT('',(1.891159754633,68.892673838302,63.42128768366
    ));
#494 = CARTESIAN_POINT('',(2.86624457109,68.64774077112,62.639034186541)
  );
#495 = CARTESIAN_POINT('',(3.803659651476,68.278501005322,61.85708996807
    ));
#496 = CARTESIAN_POINT('',(4.684791956993,67.792012073872,
    61.075304326156));
#497 = CARTESIAN_POINT('',(5.492453782021,67.198711483702,
    60.293591402349));
#498 = CARTESIAN_POINT('',(6.936854331269,65.820979689521,
    58.725006962808));
#499 = CARTESIAN_POINT('',(7.572608531513,65.034754943622,
    57.937733056107));
#500 = CARTESIAN_POINT('',(8.103859946455,64.167859151928,
    57.150864222987));
#501 = CARTESIAN_POINT('',(8.518641137551,63.237166919703,
    56.364315737614));
#502 = CARTESIAN_POINT('',(8.808302610926,62.261341610163,
    55.577929573654));
#503 = CARTESIAN_POINT('',(8.967793468527,61.260604879447,
    54.791592396939));
#504 = CARTESIAN_POINT('',(8.996363995918,60.255802370892,
    54.005727153097));
#505 = PCURVE('',#33,#506);
#506 = DEFINITIONAL_REPRESENTATION('',(#507),#564);
#507 = B_SPLINE_CURVE_WITH_KNOTS('',7,(#508,#509,#510,#511,#512,#513,
    #514,#515,#516,#517,#518,#519,#520,#521,#522,#523,#524,#525,#526,
    #527,#528,#529,#530,#531,#532,#533,#534,#535,#536,#537,#538,#539,
    #540,#541,#542,#543,#544,#545,#546,#547,#548,#549,#550,#551,#552,
    #553,#554,#555,#556,#557,#558,#559,#560,#561,#562,#563),
  .UNSPECIFIED.,.F.,.F.,(8,6,6,6,6,6,6,6,6,8),(0.,0.129836740577,
    0.255977074601,0.382738157971,0.447395965197,0.507369242151,
    0.631057213245,0.754247873934,0.876653426841,1.),.UNSPECIFIED.);
#508 = CARTESIAN_POINT('',(-6.28318530718,-44.12258850207));
#509 = CARTESIAN_POINT('',(-6.168726575704,-43.28362085201));
#510 = CARTESIAN_POINT('',(-6.054167017251,-42.44465249256));
#511 = CARTESIAN_POINT('',(-5.939566762623,-41.60612428687));
#512 = CARTESIAN_POINT('',(-5.824914047122,-40.76793489709));
#513 = CARTESIAN_POINT('',(-5.710184421932,-39.92990746108));
#514 = CARTESIAN_POINT('',(-5.59536250309,-39.09193347519));
#515 = CARTESIAN_POINT('',(-5.368918546925,-37.44078446166));
#516 = CARTESIAN_POINT('',(-5.257239041399,-36.62714910739));
#517 = CARTESIAN_POINT('',(-5.145519205381,-35.81391766821));
#518 = CARTESIAN_POINT('',(-5.033747082013,-35.00100860212));
#519 = CARTESIAN_POINT('',(-4.921901345638,-34.18826165933));
#520 = CARTESIAN_POINT('',(-4.809969584057,-33.37558093704));
#521 = CARTESIAN_POINT('',(-4.585487031395,-31.74710654796));
#522 = CARTESIAN_POINT('',(-4.472875359677,-30.93087784142));
#523 = CARTESIAN_POINT('',(-4.360224682628,-30.11506227984));
#524 = CARTESIAN_POINT('',(-4.24752305198,-29.29957203593));
#525 = CARTESIAN_POINT('',(-4.134746063286,-28.48425278856));
#526 = CARTESIAN_POINT('',(-4.021880395653,-27.66899788996));
#527 = CARTESIAN_POINT('',(-3.851392885392,-26.438577984));
#528 = CARTESIAN_POINT('',(-3.793787800264,-26.02301844258));
#529 = CARTESIAN_POINT('',(-3.736166715788,-25.60752864671));
#530 = CARTESIAN_POINT('',(-3.678531102873,-25.19209910767));
#531 = CARTESIAN_POINT('',(-3.620876451417,-24.77673750789));
#532 = CARTESIAN_POINT('',(-3.563204674404,-24.36143166459));
#533 = CARTESIAN_POINT('',(-3.452009150018,-23.56104594378));
#534 = CARTESIAN_POINT('',(-3.39848604669,-23.17594417832));
#535 = CARTESIAN_POINT('',(-3.34494931657,-22.79090045757));
#536 = CARTESIAN_POINT('',(-3.291398868498,-22.40591306396));
#537 = CARTESIAN_POINT('',(-3.237833996226,-22.0209768683));
#538 = CARTESIAN_POINT('',(-3.184254394267,-21.6360904607));
#539 = CARTESIAN_POINT('',(-3.020131525498,-20.45760083453));
#540 = CARTESIAN_POINT('',(-2.909512368271,-19.66396110999));
#541 = CARTESIAN_POINT('',(-2.798854126658,-18.87071425628));
#542 = CARTESIAN_POINT('',(-2.688144798988,-18.07778385463));
#543 = CARTESIAN_POINT('',(-2.577363961431,-17.2850149854));
#544 = CARTESIAN_POINT('',(-2.466499394299,-16.49231691423));
#545 = CARTESIAN_POINT('',(-2.245150434095,-14.91096761164));
#546 = CARTESIAN_POINT('',(-2.134610302175,-14.12191292702));
#547 = CARTESIAN_POINT('',(-2.024032404848,-13.33324691579));
#548 = CARTESIAN_POINT('',(-1.913405272512,-12.54488756458));
#549 = CARTESIAN_POINT('',(-1.802707013313,-11.75668869649));
#550 = CARTESIAN_POINT('',(-1.69192464218,-10.96856294671));
#551 = CARTESIAN_POINT('',(-1.471000175143,-9.398203133467));
#552 = CARTESIAN_POINT('',(-1.360801803123,-8.615560530561));
#553 = CARTESIAN_POINT('',(-1.250565011339,-7.833307033447));
#554 = CARTESIAN_POINT('',(-1.140279305789,-7.051362814969));
#555 = CARTESIAN_POINT('',(-1.029924476478,-6.26957717306));
#556 = CARTESIAN_POINT('',(-0.919487437308,-5.487864249252));
#557 = CARTESIAN_POINT('',(-0.697697918488,-3.91927980971));
#558 = CARTESIAN_POINT('',(-0.586287121114,-3.132005903009));
#559 = CARTESIAN_POINT('',(-0.474838291347,-2.345137069893));
#560 = CARTESIAN_POINT('',(-0.363339513913,-1.558588584513));
#561 = CARTESIAN_POINT('',(-0.251767905394,-0.772202420558));
#562 = CARTESIAN_POINT('',(-0.14011615976,1.41347561586E-02));
#563 = CARTESIAN_POINT('',(-2.842631383903E-02,0.8));
#564 = ( GEOMETRIC_REPRESENTATION_CONTEXT(2) 
PARAMETRIC_REPRESENTATION_CONTEXT() REPRESENTATION_CONTEXT('2D SPACE',''
  ) );
#565 = PCURVE('',#566,#669);
#566 = B_SPLINE_SURFACE_WITH_KNOTS('',8,1,(
    (#567,#568)
    ,(#569,#570)
    ,(#571,#572)
    ,(#573,#574)
    ,(#575,#576)
    ,(#577,#578)
    ,(#579,#580)
    ,(#581,#582)
    ,(#583,#584)
    ,(#585,#586)
    ,(#587,#588)
    ,(#589,#590)
    ,(#591,#592)
    ,(#593,#594)
    ,(#595,#596)
    ,(#597,#598)
    ,(#599,#600)
    ,(#601,#602)
    ,(#603,#604)
    ,(#605,#606)
    ,(#607,#608)
    ,(#609,#610)
    ,(#611,#612)
    ,(#613,#614)
    ,(#615,#616)
    ,(#617,#618)
    ,(#619,#620)
    ,(#621,#622)
    ,(#623,#624)
    ,(#625,#626)
    ,(#627,#628)
    ,(#629,#630)
    ,(#631,#632)
    ,(#633,#634)
    ,(#635,#636)
    ,(#637,#638)
    ,(#639,#640)
    ,(#641,#642)
    ,(#643,#644)
    ,(#645,#646)
    ,(#647,#648)
    ,(#649,#650)
    ,(#651,#652)
    ,(#653,#654)
    ,(#655,#656)
    ,(#657,#658)
    ,(#659,#660)
    ,(#661,#662)
    ,(#663,#664)
    ,(#665,#666)
    ,(#667,#668
    )),.UNSPECIFIED.,.F.,.F.,.F.,(9,6,6,6,6,6,6,6,9),(2,2),(
    52.005727153097,72.764581722478,77.954295364823,93.523436291858,
    103.90286357654,114.28229086123,129.85143178827,135.04114543061,
    155.8),(0.,1.),.UNSPECIFIED.);
#567 = CARTESIAN_POINT('',(8.196687196281,60.233064382369,
    54.005727153097));
#568 = CARTESIAN_POINT('',(33.986263984578,60.96636451226,
    54.005727153097));
#569 = CARTESIAN_POINT('',(8.11103712384,63.255941524516,56.600583974258
    ));
#570 = CARTESIAN_POINT('',(33.630123495103,73.499750363735,
    56.600583974268));
#571 = CARTESIAN_POINT('',(6.749708063256,66.233480889358,
    59.195440795479));
#572 = CARTESIAN_POINT('',(27.990781785529,85.848167853579,
    59.19544079545));
#573 = CARTESIAN_POINT('',(4.150778151528,68.542627755906,
    61.790297616568));
#574 = CARTESIAN_POINT('',(17.202596970445,95.416909100158,
    61.790297616603));
#575 = CARTESIAN_POINT('',(0.695387912828,69.576962308948,64.38515443781
    ));
#576 = CARTESIAN_POINT('',(2.891416894068,99.71296491127,64.385154437795
    ));
#577 = CARTESIAN_POINT('',(-2.843851884009,69.037235803841,
    66.980011258965));
#578 = CARTESIAN_POINT('',(-11.7957856022,97.469854270785,
    66.980011258963));
#579 = CARTESIAN_POINT('',(-5.718312684473,67.157499308541,
    69.574868080128));
#580 = CARTESIAN_POINT('',(-23.70938592187,89.677483912842,
    69.574868080125));
#581 = CARTESIAN_POINT('',(-7.929909029661,63.797740399438,
    72.818439106597));
#582 = CARTESIAN_POINT('',(-32.88010235375,75.746888426372,
    72.818439106605));
#583 = CARTESIAN_POINT('',(-8.257110094707,60.086437345421,
    76.062010133066));
#584 = CARTESIAN_POINT('',(-34.23679916558,60.358367784819,
    76.062010133062));
#585 = CARTESIAN_POINT('',(-8.245599039402,59.339225630996,
    76.710724338359));
#586 = CARTESIAN_POINT('',(-34.18912048088,57.26013424444,
    76.710724338355));
#587 = CARTESIAN_POINT('',(-8.156887725364,58.596373252552,
    77.359438543652));
#588 = CARTESIAN_POINT('',(-33.82135530084,54.179982640123,
    77.359438543649));
#589 = CARTESIAN_POINT('',(-7.99208424571,57.867149464939,
    78.008152748944));
#590 = CARTESIAN_POINT('',(-33.13804227093,51.156374473232,
    78.008152748943));
#591 = CARTESIAN_POINT('',(-7.753622653216,57.160538609051,
    78.656866954236));
#592 = CARTESIAN_POINT('',(-32.14922565582,48.226597237466,
    78.656866954237));
#593 = CARTESIAN_POINT('',(-6.519782716473,54.45846854892,
    81.251723775401));
#594 = CARTESIAN_POINT('',(-27.03269727274,37.023455280721,
    81.251723775412));
#595 = CARTESIAN_POINT('',(-4.241420152585,52.379053202525,
    83.846580596597));
#596 = CARTESIAN_POINT('',(-17.5875552646,28.399721199099,
    83.846580596581));
#597 = CARTESIAN_POINT('',(-2.075302224087,51.378193202764,
    85.792723212454));
#598 = CARTESIAN_POINT('',(-8.602836079837,24.252811199253,
    85.792723212453));
#599 = CARTESIAN_POINT('',(0.332505469632,51.090746281141,
    87.738865828334));
#600 = CARTESIAN_POINT('',(1.377052310576,23.058660235381,
    87.738865828336));
#601 = CARTESIAN_POINT('',(2.703285164259,51.562165481372,89.68500844422
    ));
#602 = CARTESIAN_POINT('',(11.20952557951,25.013498967151,89.68500844425
    ));
#603 = CARTESIAN_POINT('',(4.77313422291,52.712196146821,91.631151060102
    ));
#604 = CARTESIAN_POINT('',(19.790651992045,29.782286457778,
    91.631151060075));
#605 = CARTESIAN_POINT('',(7.399218322636,55.474460406952,
    94.874722086567));
#606 = CARTESIAN_POINT('',(30.68006992369,41.235679953222,
    94.874722086585));
#607 = CARTESIAN_POINT('',(8.369902080352,59.054331835792,
    98.118293113029));
#608 = CARTESIAN_POINT('',(34.704319125903,56.078972876512,
    98.118293113023));
#609 = CARTESIAN_POINT('',(8.4631647067,60.553989610649,99.415721523615)
  );
#610 = CARTESIAN_POINT('',(35.091164823669,62.29680133755,
    99.415721523616));
#611 = CARTESIAN_POINT('',(8.249348140669,62.050010475217,100.7131499342
    ));
#612 = CARTESIAN_POINT('',(34.204505131036,68.499814284247,
    100.7131499342));
#613 = CARTESIAN_POINT('',(7.737213225107,63.469305379877,
    102.01057834479));
#614 = CARTESIAN_POINT('',(32.081135277954,74.384859695802,
    102.01057834479));
#615 = CARTESIAN_POINT('',(6.956033900088,64.744823226725,
    103.30800675538));
#616 = CARTESIAN_POINT('',(28.84233053193,79.674262336127,
    103.30800675537));
#617 = CARTESIAN_POINT('',(4.946887906849,66.900141000623,
    105.90286357654));
#618 = CARTESIAN_POINT('',(20.511136219993,88.609500998431,
    105.90286357654));
#619 = CARTESIAN_POINT('',(2.267529214544,68.107780122709,
    108.49772039772));
#620 = CARTESIAN_POINT('',(9.402184165898,93.618154635065,
    108.49772039772));
#621 = CARTESIAN_POINT('',(0.816539392013,68.436587324934,
    109.79514880831));
#622 = CARTESIAN_POINT('',(3.385621677716,94.980972249721,
    109.79514880831));
#623 = CARTESIAN_POINT('',(-0.679369657656,68.467435854902,
    111.09257721889));
#624 = CARTESIAN_POINT('',(-2.816963805785,95.10869530417,
    111.09257721889));
#625 = CARTESIAN_POINT('',(-2.148715024296,68.197323454465,
    112.39000562947));
#626 = CARTESIAN_POINT('',(-8.909455051455,93.988758925123,
    112.39000562947));
#627 = CARTESIAN_POINT('',(-3.522623394994,67.643638244087,
    113.68743404006));
#628 = CARTESIAN_POINT('',(-14.60588168489,91.693046594226,
    113.68743404005));
#629 = CARTESIAN_POINT('',(-6.569627016601,65.637492132988,
    116.93100506653));
#630 = CARTESIAN_POINT('',(-27.24008346795,83.375260268687,
    116.93100506655));
#631 = CARTESIAN_POINT('',(-8.358505119353,62.372756580616,120.174576093
    ));
#632 = CARTESIAN_POINT('',(-34.65698788895,69.838055352352,
    120.17457609297));
#633 = CARTESIAN_POINT('',(-8.823004875971,60.120794417005,
    122.12071870887));
#634 = CARTESIAN_POINT('',(-36.58379258074,60.501095809961,
    122.12071870888));
#635 = CARTESIAN_POINT('',(-8.591001732888,57.799466984991,
    124.06686132475));
#636 = CARTESIAN_POINT('',(-35.62068002488,50.874594505276,
    124.06686132476));
#637 = CARTESIAN_POINT('',(-7.675496985847,55.659772101592,
    126.01300394062));
#638 = CARTESIAN_POINT('',(-31.82532707841,42.006021530828,
    126.01300394063));
#639 = CARTESIAN_POINT('',(-6.19618905395,53.922526774396,
    127.95914655652));
#640 = CARTESIAN_POINT('',(-25.69161463781,34.79951365356,
    127.95914655651));
#641 = CARTESIAN_POINT('',(-3.719054738644,52.328844261846,
    130.55400337768));
#642 = CARTESIAN_POINT('',(-15.42041887633,28.193252528315,
    130.55400337768));
#643 = CARTESIAN_POINT('',(-0.936736425835,51.801334754072,
    133.14886019885));
#644 = CARTESIAN_POINT('',(-3.884026930182,26.005518876141,
    133.14886019886));
#645 = CARTESIAN_POINT('',(-0.22975155316,51.738133749222,
    133.79757440415));
#646 = CARTESIAN_POINT('',(-0.952632386791,25.743395640174,
    133.79757440415));
#647 = CARTESIAN_POINT('',(0.48070996341,51.744632153167,134.44628860944
    ));
#648 = CARTESIAN_POINT('',(1.993177590082,25.770338034925,
    134.44628860944));
#649 = CARTESIAN_POINT('',(1.186636107495,51.820762220783,
    135.09500281474));
#650 = CARTESIAN_POINT('',(4.920182159229,26.086032957521,
    135.09500281474));
#651 = CARTESIAN_POINT('',(1.880122955387,51.965356655936,
    135.74371702003));
#652 = CARTESIAN_POINT('',(7.795616950072,26.68560432713,135.74371702003
    ));
#653 = CARTESIAN_POINT('',(5.247304303279,53.019532664475,138.9872880465
    ));
#654 = CARTESIAN_POINT('',(21.75720703609,31.056642136589,
    138.98728804649));
#655 = CARTESIAN_POINT('',(7.934367114826,55.649799626418,
    142.23085907296));
#656 = CARTESIAN_POINT('',(32.898351262168,41.962957114898,142.230859073
    ));
#657 = CARTESIAN_POINT('',(9.190875059772,58.558095187378,
    144.82571589412));
#658 = CARTESIAN_POINT('',(38.109148009939,54.018972630838,
    144.82571589398));
#659 = CARTESIAN_POINT('',(9.213396717669,61.816633497525,147.4205727153
    ));
#660 = CARTESIAN_POINT('',(38.201003613637,67.536965839205,
    147.42057271555));
#661 = CARTESIAN_POINT('',(7.94653540863,64.80711636404,150.01542953653)
  );
#662 = CARTESIAN_POINT('',(32.949763645019,79.927501612279,
    150.01542953625));
#663 = CARTESIAN_POINT('',(5.706553604291,66.993470746601,
    152.61028635759));
#664 = CARTESIAN_POINT('',(23.66098959133,88.999634532212,
    152.61028635776));
#665 = CARTESIAN_POINT('',(2.969725919554,68.125913701492,
    155.20514317884));
#666 = CARTESIAN_POINT('',(12.313569877225,93.692261561396,
    155.2051431788));
#667 = CARTESIAN_POINT('',(0.212543070648,68.197244991039,157.8));
#668 = CARTESIAN_POINT('',(0.88127614659,93.988576792114,157.8));
#669 = DEFINITIONAL_REPRESENTATION('',(#670),#727);
#670 = B_SPLINE_CURVE_WITH_KNOTS('',7,(#671,#672,#673,#674,#675,#676,
    #677,#678,#679,#680,#681,#682,#683,#684,#685,#686,#687,#688,#689,
    #690,#691,#692,#693,#694,#695,#696,#697,#698,#699,#700,#701,#702,
    #703,#704,#705,#706,#707,#708,#709,#710,#711,#712,#713,#714,#715,
    #716,#717,#718,#719,#720,#721,#722,#723,#724,#725,#726),
  .UNSPECIFIED.,.F.,.F.,(8,6,6,6,6,6,6,6,6,8),(0.,0.129836740577,
    0.255977074601,0.382738157971,0.447395965197,0.507369242151,
    0.631057213245,0.754247873934,0.876653426841,1.),.UNSPECIFIED.);
#671 = CARTESIAN_POINT('',(96.928315655169,3.100738169272E-02));
#672 = CARTESIAN_POINT('',(96.089348005112,3.100759334358E-02));
#673 = CARTESIAN_POINT('',(95.250379645663,3.100790017675E-02));
#674 = CARTESIAN_POINT('',(94.41185143997,3.100813920612E-02));
#675 = CARTESIAN_POINT('',(93.573662050196,3.100763863938E-02));
#676 = CARTESIAN_POINT('',(92.735634614184,3.100774446942E-02));
#677 = CARTESIAN_POINT('',(91.897660628291,3.100768729413E-02));
#678 = CARTESIAN_POINT('',(90.246511614757,3.100785741676E-02));
#679 = CARTESIAN_POINT('',(89.432876260491,3.100802952859E-02));
#680 = CARTESIAN_POINT('',(88.619644821313,3.100827237561E-02));
#681 = CARTESIAN_POINT('',(87.80673575523,3.100839737151E-02));
#682 = CARTESIAN_POINT('',(86.993988812428,3.100807178503E-02));
#683 = CARTESIAN_POINT('',(86.181308090147,3.100761086453E-02));
#684 = CARTESIAN_POINT('',(84.552833701059,3.100693989911E-02));
#685 = CARTESIAN_POINT('',(83.736604994519,3.100673359681E-02));
#686 = CARTESIAN_POINT('',(82.920789432934,3.100692560182E-02));
#687 = CARTESIAN_POINT('',(82.105299189034,3.100781308298E-02));
#688 = CARTESIAN_POINT('',(81.289979941658,3.100918679929E-02));
#689 = CARTESIAN_POINT('',(80.474725043058,3.100917737099E-02));
#690 = CARTESIAN_POINT('',(79.244305137097,3.100791512608E-02));
#691 = CARTESIAN_POINT('',(78.828745595687,3.100722604207E-02));
#692 = CARTESIAN_POINT('',(78.413255799808,3.100679577319E-02));
#693 = CARTESIAN_POINT('',(77.997826260783,3.10049309413E-02));
#694 = CARTESIAN_POINT('',(77.58246466099,3.100673934363E-02));
#695 = CARTESIAN_POINT('',(77.167158817693,3.100720521935E-02));
#696 = CARTESIAN_POINT('',(76.366773096885,3.100828704579E-02));
#697 = CARTESIAN_POINT('',(75.981671331423,3.100868534997E-02));
#698 = CARTESIAN_POINT('',(75.596627610668,3.100882549727E-02));
#699 = CARTESIAN_POINT('',(75.211640217061,3.100874936138E-02));
#700 = CARTESIAN_POINT('',(74.826704021404,3.100854547341E-02));
#701 = CARTESIAN_POINT('',(74.441817613798,3.100828488714E-02));
#702 = CARTESIAN_POINT('',(73.263327987634,3.100748596553E-02));
#703 = CARTESIAN_POINT('',(72.469688263086,3.100689071927E-02));
#704 = CARTESIAN_POINT('',(71.676441409388,3.100704736659E-02));
#705 = CARTESIAN_POINT('',(70.883511007733,3.100750306002E-02));
#706 = CARTESIAN_POINT('',(70.090742138504,3.100773408109E-02));
#707 = CARTESIAN_POINT('',(69.298044067329,3.100785797004E-02));
#708 = CARTESIAN_POINT('',(67.716694764746,3.100787148376E-02));
#709 = CARTESIAN_POINT('',(66.927640080124,3.100777668242E-02));
#710 = CARTESIAN_POINT('',(66.138974068894,3.100763358526E-02));
#711 = CARTESIAN_POINT('',(65.350614717672,3.100766016623E-02));
#712 = CARTESIAN_POINT('',(64.562415849589,3.100788536004E-02));
#713 = CARTESIAN_POINT('',(63.774290099811,3.100806472225E-02));
#714 = CARTESIAN_POINT('',(62.203930286564,3.10081556472E-02));
#715 = CARTESIAN_POINT('',(61.42128768366,3.100806482688E-02));
#716 = CARTESIAN_POINT('',(60.639034186543,3.100775901812E-02));
#717 = CARTESIAN_POINT('',(59.857089968071,3.100717348251E-02));
#718 = CARTESIAN_POINT('',(59.075304326157,3.100679735809E-02));
#719 = CARTESIAN_POINT('',(58.293591402349,3.10069508981E-02));
#720 = CARTESIAN_POINT('',(56.725006962807,3.10078256904E-02));
#721 = CARTESIAN_POINT('',(55.937733056106,3.100856524223E-02));
#722 = CARTESIAN_POINT('',(55.150864222986,3.10092947213E-02));
#723 = CARTESIAN_POINT('',(54.364315737614,3.100956617914E-02));
#724 = CARTESIAN_POINT('',(53.577929573655,3.100750723871E-02));
#725 = CARTESIAN_POINT('',(52.791592396942,3.100422945527E-02));
#726 = CARTESIAN_POINT('',(52.005727153097,3.100775193798E-02));
#727 = ( GEOMETRIC_REPRESENTATION_CONTEXT(2) 
PARAMETRIC_REPRESENTATION_CONTEXT() REPRESENTATION_CONTEXT('2D SPACE',''
  ) );
#728 = ADVANCED_FACE('',(#729,#917),#45,.F.);
#729 = FACE_BOUND('',#730,.F.);
#730 = EDGE_LOOP('',(#731,#755,#756,#776,#887));
#731 = ORIENTED_EDGE('',*,*,#732,.T.);
#732 = EDGE_CURVE('',#733,#22,#735,.T.);
#733 = VERTEX_POINT('',#734);
#734 = CARTESIAN_POINT('',(6.830659004625,65.860213098731,
    54.805727153097));
#735 = SURFACE_CURVE('',#736,(#741,#748),.PCURVE_S1.);
#736 = CIRCLE('',#737,9.);
#737 = AXIS2_PLACEMENT_3D('',#738,#739,#740);
#738 = CARTESIAN_POINT('',(0.,60.,54.805727153097));
#739 = DIRECTION('',(0.,0.,1.));
#740 = DIRECTION('',(1.,0.,0.));
#741 = PCURVE('',#45,#742);
#742 = DEFINITIONAL_REPRESENTATION('',(#743),#747);
#743 = CIRCLE('',#744,9.);
#744 = AXIS2_PLACEMENT_2D('',#745,#746);
#745 = CARTESIAN_POINT('',(6.077511700175E-16,-7.105427357601E-15));
#746 = DIRECTION('',(1.,0.));
#747 = ( GEOMETRIC_REPRESENTATION_CONTEXT(2) 
PARAMETRIC_REPRESENTATION_CONTEXT() REPRESENTATION_CONTEXT('2D SPACE',''
  ) );
#748 = PCURVE('',#73,#749);
#749 = DEFINITIONAL_REPRESENTATION('',(#750),#754);
#750 = LINE('',#751,#752);
#751 = CARTESIAN_POINT('',(-0.,0.));
#752 = VECTOR('',#753,1.);
#753 = DIRECTION('',(-1.,0.));
#754 = ( GEOMETRIC_REPRESENTATION_CONTEXT(2) 
PARAMETRIC_REPRESENTATION_CONTEXT() REPRESENTATION_CONTEXT('2D SPACE',''
  ) );
#755 = ORIENTED_EDGE('',*,*,#21,.T.);
#756 = ORIENTED_EDGE('',*,*,#757,.F.);
#757 = EDGE_CURVE('',#758,#24,#760,.T.);
#758 = VERTEX_POINT('',#759);
#759 = CARTESIAN_POINT('',(8.117407853503,61.161145593973,
    54.805727153097));
#760 = SURFACE_CURVE('',#761,(#764,#770),.PCURVE_S1.);
#761 = B_SPLINE_CURVE_WITH_KNOTS('',1,(#762,#763),.UNSPECIFIED.,.F.,.F.,
  (2,2),(0.,1.),.PIECEWISE_BEZIER_KNOTS.);
#762 = CARTESIAN_POINT('',(8.117407853503,61.161145593973,
    54.805727153097));
#763 = CARTESIAN_POINT('',(9.,61.287393562474,54.805727153097));
#764 = PCURVE('',#45,#765);
#765 = DEFINITIONAL_REPRESENTATION('',(#766),#769);
#766 = B_SPLINE_CURVE_WITH_KNOTS('',1,(#767,#768),.UNSPECIFIED.,.F.,.F.,
  (2,2),(0.,1.),.PIECEWISE_BEZIER_KNOTS.);
#767 = CARTESIAN_POINT('',(8.117407853503,1.161145593973));
#768 = CARTESIAN_POINT('',(9.,1.287393562474));
#769 = ( GEOMETRIC_REPRESENTATION_CONTEXT(2) 
PARAMETRIC_REPRESENTATION_CONTEXT() REPRESENTATION_CONTEXT('2D SPACE',''
  ) );
#770 = PCURVE('',#566,#771);
#771 = DEFINITIONAL_REPRESENTATION('',(#772),#775);
#772 = B_SPLINE_CURVE_WITH_KNOTS('',1,(#773,#774),.UNSPECIFIED.,.F.,.F.,
  (2,2),(0.,1.),.PIECEWISE_BEZIER_KNOTS.);
#773 = CARTESIAN_POINT('',(52.805727153099,0.));
#774 = CARTESIAN_POINT('',(52.805727153099,3.455722355034E-02));
#775 = ( GEOMETRIC_REPRESENTATION_CONTEXT(2) 
PARAMETRIC_REPRESENTATION_CONTEXT() REPRESENTATION_CONTEXT('2D SPACE',''
  ) );
#776 = ORIENTED_EDGE('',*,*,#777,.T.);
#777 = EDGE_CURVE('',#758,#778,#780,.T.);
#778 = VERTEX_POINT('',#779);
#779 = CARTESIAN_POINT('',(6.223486877278,65.339303323635,
    54.805727153097));
#780 = SURFACE_CURVE('',#781,(#796,#814),.PCURVE_S1.);
#781 = B_SPLINE_CURVE_WITH_KNOTS('',4,(#782,#783,#784,#785,#786,#787,
    #788,#789,#790,#791,#792,#793,#794,#795),.UNSPECIFIED.,.F.,.F.,(5,3,
    3,3,5),(0.,0.251194831218,0.501259031637,0.751193803074,1.),
  .UNSPECIFIED.);
#782 = CARTESIAN_POINT('',(8.117407853503,61.161145593973,
    54.805727153097));
#783 = CARTESIAN_POINT('',(8.076027567059,61.45041444262,54.805727153097
    ));
#784 = CARTESIAN_POINT('',(8.020901657154,61.737676271965,
    54.805727153097));
#785 = CARTESIAN_POINT('',(7.952185144101,62.021951761077,
    54.805727153097));
#786 = CARTESIAN_POINT('',(7.788515818568,62.58137350003,54.805727153097
    ));
#787 = CARTESIAN_POINT('',(7.693682313003,62.856555854434,
    54.805727153097));
#788 = CARTESIAN_POINT('',(7.585949587272,63.12690596153,54.805727153097
    ));
#789 = CARTESIAN_POINT('',(7.345569650859,63.656034902687,
    54.805727153097));
#790 = CARTESIAN_POINT('',(7.212935057861,63.914820400051,
    54.805727153097));
#791 = CARTESIAN_POINT('',(7.068235170816,64.167011909422,
    54.805727153097));
#792 = CARTESIAN_POINT('',(6.756469885238,64.65546931853,54.805727153097
    ));
#793 = CARTESIAN_POINT('',(6.589508000584,64.89180267531,54.805727153097
    ));
#794 = CARTESIAN_POINT('',(6.411636969089,65.119988278006,
    54.805727153097));
#795 = CARTESIAN_POINT('',(6.223486877278,65.339303323635,
    54.805727153097));
#796 = PCURVE('',#45,#797);
#797 = DEFINITIONAL_REPRESENTATION('',(#798),#813);
#798 = B_SPLINE_CURVE_WITH_KNOTS('',4,(#799,#800,#801,#802,#803,#804,
    #805,#806,#807,#808,#809,#810,#811,#812),.UNSPECIFIED.,.F.,.F.,(5,3,
    3,3,5),(0.,0.251194831218,0.501259031637,0.751193803074,1.),
  .UNSPECIFIED.);
#799 = CARTESIAN_POINT('',(8.117407853503,1.161145593973));
#800 = CARTESIAN_POINT('',(8.076027567059,1.45041444262));
#801 = CARTESIAN_POINT('',(8.020901657154,1.737676271965));
#802 = CARTESIAN_POINT('',(7.952185144101,2.021951761077));
#803 = CARTESIAN_POINT('',(7.788515818568,2.58137350003));
#804 = CARTESIAN_POINT('',(7.693682313003,2.856555854434));
#805 = CARTESIAN_POINT('',(7.585949587272,3.12690596153));
#806 = CARTESIAN_POINT('',(7.345569650859,3.656034902687));
#807 = CARTESIAN_POINT('',(7.212935057861,3.914820400051));
#808 = CARTESIAN_POINT('',(7.068235170816,4.167011909422));
#809 = CARTESIAN_POINT('',(6.756469885238,4.65546931853));
#810 = CARTESIAN_POINT('',(6.589508000584,4.89180267531));
#811 = CARTESIAN_POINT('',(6.411636969089,5.119988278006));
#812 = CARTESIAN_POINT('',(6.223486877278,5.339303323635));
#813 = ( GEOMETRIC_REPRESENTATION_CONTEXT(2) 
PARAMETRIC_REPRESENTATION_CONTEXT() REPRESENTATION_CONTEXT('2D SPACE',''
  ) );
#814 = PCURVE('',#815,#870);
#815 = B_SPLINE_SURFACE_WITH_KNOTS('',8,1,(
    (#816,#817)
    ,(#818,#819)
    ,(#820,#821)
    ,(#822,#823)
    ,(#824,#825)
    ,(#826,#827)
    ,(#828,#829)
    ,(#830,#831)
    ,(#832,#833)
    ,(#834,#835)
    ,(#836,#837)
    ,(#838,#839)
    ,(#840,#841)
    ,(#842,#843)
    ,(#844,#845)
    ,(#846,#847)
    ,(#848,#849)
    ,(#850,#851)
    ,(#852,#853)
    ,(#854,#855)
    ,(#856,#857)
    ,(#858,#859)
    ,(#860,#861)
    ,(#862,#863)
    ,(#864,#865)
    ,(#866,#867)
    ,(#868,#869
    )),.UNSPECIFIED.,.F.,.F.,.F.,(9,6,6,6,9),(2,2),(52.005727153097,
    77.954295364823,103.90286357654,129.85143178827,155.8),(0.,1.),
  .UNSPECIFIED.);
#816 = CARTESIAN_POINT('',(8.196687196281,60.233064382369,
    54.005727153097));
#817 = CARTESIAN_POINT('',(8.196687196281,60.233064382369,
    50.005727153097));
#818 = CARTESIAN_POINT('',(8.08962460573,64.011660810053,57.249298179548
    ));
#819 = CARTESIAN_POINT('',(8.08962460573,64.011660810053,53.249298179562
    ));
#820 = CARTESIAN_POINT('',(5.989313596205,67.719416960698,
    60.492869206094));
#821 = CARTESIAN_POINT('',(5.989313596205,67.719416960698,
    56.492869206036));
#822 = CARTESIAN_POINT('',(1.970125529032,70.139429082372,
    63.736440232357));
#823 = CARTESIAN_POINT('',(1.970125529032,70.139429082372,
    59.736440232474));
#824 = CARTESIAN_POINT('',(-3.056013578275,70.095405986076,
    66.980011259128));
#825 = CARTESIAN_POINT('',(-3.056013578275,70.095405986076,
    62.980011258996));
#826 = CARTESIAN_POINT('',(-7.191893994746,67.338315056458,
    70.223582285306));
#827 = CARTESIAN_POINT('',(-7.191893994746,67.338315056458,
    66.223582285387));
#828 = CARTESIAN_POINT('',(-9.176779899557,63.187333443047,
    73.467153311936));
#829 = CARTESIAN_POINT('',(-9.176779899557,63.187333443047,
    69.467153311915));
#830 = CARTESIAN_POINT('',(-8.703486625561,54.875521508382,
    79.954295364772));
#831 = CARTESIAN_POINT('',(-8.703486625561,54.875521508382,
    75.954295364789));
#832 = CARTESIAN_POINT('',(-1.701926931911,50.455301534564,
    86.441437417801));
#833 = CARTESIAN_POINT('',(-1.701926931911,50.455301534564,
    82.441437417794));
#834 = CARTESIAN_POINT('',(2.828151130074,50.183173952489,
    89.685008444095));
#835 = CARTESIAN_POINT('',(2.828151130074,50.183173952489,
    85.685008444069));
#836 = CARTESIAN_POINT('',(7.125358800073,52.399401265067,
    92.928579470844));
#837 = CARTESIAN_POINT('',(7.125358800073,52.399401265067,
    88.928579470923));
#838 = CARTESIAN_POINT('',(9.556151227582,56.525756962549,
    96.172150497045));
#839 = CARTESIAN_POINT('',(9.556151227582,56.525756962549,
    92.172150496961));
#840 = CARTESIAN_POINT('',(9.592758246721,60.978777324234,
    99.415721523652));
#841 = CARTESIAN_POINT('',(9.592758246721,60.978777324234,
    95.415721523688));
#842 = CARTESIAN_POINT('',(5.826542074374,68.143969231126,
    105.90286357651));
#843 = CARTESIAN_POINT('',(5.826542074374,68.143969231126,
    101.90286357647));
#844 = CARTESIAN_POINT('',(-2.128503467139,69.386169564195,
    112.39000562951));
#845 = CARTESIAN_POINT('',(-2.128503467139,69.386169564195,
    108.39000562954));
#846 = CARTESIAN_POINT('',(-6.274441417878,67.93132346437,
    115.63357665585));
#847 = CARTESIAN_POINT('',(-6.274441417878,67.93132346437,
    111.63357665577));
#848 = CARTESIAN_POINT('',(-9.313574618535,64.396988288886,
    118.87714768253));
#849 = CARTESIAN_POINT('',(-9.313574618535,64.396988288886,
    114.87714768263));
#850 = CARTESIAN_POINT('',(-10.06809227879,59.839799532317,
    122.12071870879));
#851 = CARTESIAN_POINT('',(-10.06809227879,59.839799532317,
    118.1207187087));
#852 = CARTESIAN_POINT('',(-8.59702736988,55.78275253814,125.36428973536
    ));
#853 = CARTESIAN_POINT('',(-8.59702736988,55.78275253814,121.3642897354)
  );
#854 = CARTESIAN_POINT('',(-2.785671578495,50.465830000795,
    131.85143178825));
#855 = CARTESIAN_POINT('',(-2.785671578495,50.465830000795,
    127.8514317882));
#856 = CARTESIAN_POINT('',(4.933084197288,51.812488743299,
    138.33857384121));
#857 = CARTESIAN_POINT('',(4.933084197288,51.812488743299,
    134.33857384125));
#858 = CARTESIAN_POINT('',(8.310723909871,54.406783346424,
    141.58214486772));
#859 = CARTESIAN_POINT('',(8.310723909871,54.406783346424,
    137.58214486756));
#860 = CARTESIAN_POINT('',(10.085571521683,58.541161472205,
    144.82571589398));
#861 = CARTESIAN_POINT('',(10.085571521683,58.541161472205,
    140.82571589425));
#862 = CARTESIAN_POINT('',(9.525917991869,62.969854688144,
    148.06928692078));
#863 = CARTESIAN_POINT('',(9.525917991869,62.969854688144,
    144.06928692052));
#864 = CARTESIAN_POINT('',(7.073695248899,66.360929790072,
    151.31285794696));
#865 = CARTESIAN_POINT('',(7.073695248899,66.360929790072,
    147.31285794709));
#866 = CARTESIAN_POINT('',(3.65902163178,68.108080879105,154.55642897356
    ));
#867 = CARTESIAN_POINT('',(3.65902163178,68.108080879105,150.55642897352
    ));
#868 = CARTESIAN_POINT('',(0.212543070648,68.197244991039,157.8));
#869 = CARTESIAN_POINT('',(0.212543070648,68.197244991039,153.8));
#870 = DEFINITIONAL_REPRESENTATION('',(#871),#886);
#871 = B_SPLINE_CURVE_WITH_KNOTS('',4,(#872,#873,#874,#875,#876,#877,
    #878,#879,#880,#881,#882,#883,#884,#885),.UNSPECIFIED.,.F.,.F.,(5,3,
    3,3,5),(0.,0.251194831218,0.501259031637,0.751193803074,1.),
  .UNSPECIFIED.);
#872 = CARTESIAN_POINT('',(52.805727153099,0.));
#873 = CARTESIAN_POINT('',(53.056661102577,6.273348736956E-02));
#874 = CARTESIAN_POINT('',(53.30763969575,0.125478135663));
#875 = CARTESIAN_POINT('',(53.558661723305,0.188233642552));
#876 = CARTESIAN_POINT('',(54.05966253453,0.313483845358));
#877 = CARTESIAN_POINT('',(54.309641038763,0.375978471416));
#878 = CARTESIAN_POINT('',(54.559662543983,0.438483847722));
#879 = CARTESIAN_POINT('',(55.059662333018,0.56348379498));
#880 = CARTESIAN_POINT('',(55.309640709453,0.625978389089));
#881 = CARTESIAN_POINT('',(55.559662332529,0.688483794858));
#882 = CARTESIAN_POINT('',(56.05866281192,0.813233914706));
#883 = CARTESIAN_POINT('',(56.307641429186,0.875478569022));
#884 = CARTESIAN_POINT('',(56.556662936039,0.937733945736));
#885 = CARTESIAN_POINT('',(56.805727153097,1.));
#886 = ( GEOMETRIC_REPRESENTATION_CONTEXT(2) 
PARAMETRIC_REPRESENTATION_CONTEXT() REPRESENTATION_CONTEXT('2D SPACE',''
  ) );
#887 = ORIENTED_EDGE('',*,*,#888,.T.);
#888 = EDGE_CURVE('',#778,#733,#889,.T.);
#889 = SURFACE_CURVE('',#890,(#897,#907),.PCURVE_S1.);
#890 = B_SPLINE_CURVE_WITH_KNOTS('',5,(#891,#892,#893,#894,#895,#896),
  .UNSPECIFIED.,.F.,.F.,(6,6),(0.,1.),.PIECEWISE_BEZIER_KNOTS.);
#891 = CARTESIAN_POINT('',(6.223486877278,65.339303323635,
    54.805727153097));
#892 = CARTESIAN_POINT('',(6.875782215738,65.898925550594,
    54.805727153097));
#893 = CARTESIAN_POINT('',(7.298957590258,66.261979418251,
    54.805727153097));
#894 = CARTESIAN_POINT('',(7.952271042185,66.822475112936,
    54.805727153097));
#895 = CARTESIAN_POINT('',(8.760492284329,67.515870488829,
    54.805727153097));
#896 = CARTESIAN_POINT('',(9.,67.721350787882,54.805727153097));
#897 = PCURVE('',#45,#898);
#898 = DEFINITIONAL_REPRESENTATION('',(#899),#906);
#899 = B_SPLINE_CURVE_WITH_KNOTS('',5,(#900,#901,#902,#903,#904,#905),
  .UNSPECIFIED.,.F.,.F.,(6,6),(0.,1.),.PIECEWISE_BEZIER_KNOTS.);
#900 = CARTESIAN_POINT('',(6.223486877278,5.339303323635));
#901 = CARTESIAN_POINT('',(6.875782215738,5.898925550594));
#902 = CARTESIAN_POINT('',(7.298957590258,6.261979418251));
#903 = CARTESIAN_POINT('',(7.952271042185,6.822475112936));
#904 = CARTESIAN_POINT('',(8.760492284329,7.515870488829));
#905 = CARTESIAN_POINT('',(9.,7.721350787882));
#906 = ( GEOMETRIC_REPRESENTATION_CONTEXT(2) 
PARAMETRIC_REPRESENTATION_CONTEXT() REPRESENTATION_CONTEXT('2D SPACE',''
  ) );
#907 = PCURVE('',#239,#908);
#908 = DEFINITIONAL_REPRESENTATION('',(#909),#916);
#909 = B_SPLINE_CURVE_WITH_KNOTS('',5,(#910,#911,#912,#913,#914,#915),
  .UNSPECIFIED.,.F.,.F.,(6,6),(0.,1.),.PIECEWISE_BEZIER_KNOTS.);
#910 = CARTESIAN_POINT('',(56.805727153097,0.));
#911 = CARTESIAN_POINT('',(56.805727153097,3.331227000674E-02));
#912 = CARTESIAN_POINT('',(56.805727153097,5.492354254699E-02));
#913 = CARTESIAN_POINT('',(56.805727153097,8.828780690159E-02));
#914 = CARTESIAN_POINT('',(56.805727153097,0.129563104541));
#915 = CARTESIAN_POINT('',(56.805727153097,0.141794597275));
#916 = ( GEOMETRIC_REPRESENTATION_CONTEXT(2) 
PARAMETRIC_REPRESENTATION_CONTEXT() REPRESENTATION_CONTEXT('2D SPACE',''
  ) );
#917 = FACE_BOUND('',#918,.F.);
#918 = EDGE_LOOP('',(#919));
#919 = ORIENTED_EDGE('',*,*,#920,.T.);
#920 = EDGE_CURVE('',#921,#921,#923,.T.);
#921 = VERTEX_POINT('',#922);
#922 = CARTESIAN_POINT('',(8.,60.,54.805727153097));
#923 = SURFACE_CURVE('',#924,(#929,#940),.PCURVE_S1.);
#924 = CIRCLE('',#925,8.);
#925 = AXIS2_PLACEMENT_3D('',#926,#927,#928);
#926 = CARTESIAN_POINT('',(0.,60.,54.805727153097));
#927 = DIRECTION('',(0.,0.,-1.));
#928 = DIRECTION('',(1.,0.,0.));
#929 = PCURVE('',#45,#930);
#930 = DEFINITIONAL_REPRESENTATION('',(#931),#939);
#931 = ( BOUNDED_CURVE() B_SPLINE_CURVE(2,(#932,#933,#934,#935,#936,#937
,#938),.UNSPECIFIED.,.T.,.F.) B_SPLINE_CURVE_WITH_KNOTS((1,2,2,2,2,1),(
    -2.094395102393,0.,2.094395102393,4.188790204786,6.28318530718,
8.377580409573),.UNSPECIFIED.) CURVE() GEOMETRIC_REPRESENTATION_ITEM() 
RATIONAL_B_SPLINE_CURVE((1.,0.5,1.,0.5,1.,0.5,1.)) REPRESENTATION_ITEM(
  '') );
#932 = CARTESIAN_POINT('',(8.,-7.105427357601E-15));
#933 = CARTESIAN_POINT('',(8.,-13.85640646055));
#934 = CARTESIAN_POINT('',(-4.,-6.928203230276));
#935 = CARTESIAN_POINT('',(-16.,-9.064862236237E-15));
#936 = CARTESIAN_POINT('',(-4.,6.928203230276));
#937 = CARTESIAN_POINT('',(8.,13.856406460551));
#938 = CARTESIAN_POINT('',(8.,-7.105427357601E-15));
#939 = ( GEOMETRIC_REPRESENTATION_CONTEXT(2) 
PARAMETRIC_REPRESENTATION_CONTEXT() REPRESENTATION_CONTEXT('2D SPACE',''
  ) );
#940 = PCURVE('',#941,#946);
#941 = CYLINDRICAL_SURFACE('',#942,8.);
#942 = AXIS2_PLACEMENT_3D('',#943,#944,#945);
#943 = CARTESIAN_POINT('',(0.,60.,51.805727153097));
#944 = DIRECTION('',(-0.,-0.,-1.));
#945 = DIRECTION('',(1.,0.,0.));
#946 = DEFINITIONAL_REPRESENTATION('',(#947),#951);
#947 = LINE('',#948,#949);
#948 = CARTESIAN_POINT('',(-6.28318530718,-3.));
#949 = VECTOR('',#950,1.);
#950 = DIRECTION('',(1.,-0.));
#951 = ( GEOMETRIC_REPRESENTATION_CONTEXT(2) 
PARAMETRIC_REPRESENTATION_CONTEXT() REPRESENTATION_CONTEXT('2D SPACE',''
  ) );
#952 = ADVANCED_FACE('',(#953),#73,.T.);
#953 = FACE_BOUND('',#954,.F.);
#954 = EDGE_LOOP('',(#955,#956,#1070));
#955 = ORIENTED_EDGE('',*,*,#732,.F.);
#956 = ORIENTED_EDGE('',*,*,#957,.F.);
#957 = EDGE_CURVE('',#58,#733,#958,.T.);
#958 = SURFACE_CURVE('',#959,(#994,#1032),.PCURVE_S1.);
#959 = B_SPLINE_CURVE_WITH_KNOTS('',5,(#960,#961,#962,#963,#964,#965,
    #966,#967,#968,#969,#970,#971,#972,#973,#974,#975,#976,#977,#978,
    #979,#980,#981,#982,#983,#984,#985,#986,#987,#988,#989,#990,#991,
    #992,#993),.UNSPECIFIED.,.F.,.F.,(6,4,4,4,4,4,4,4,6),(0.,
    0.129835021314,0.255974518371,0.382735667101,0.507357832802,
    0.631047397143,0.754240545824,0.876649331869,1.),.UNSPECIFIED.);
#960 = CARTESIAN_POINT('',(9.,60.,94.928315655167));
#961 = CARTESIAN_POINT('',(9.000017950456,58.557813660858,
    93.753757865063));
#962 = CARTESIAN_POINT('',(8.711043952891,57.113759743734,
    92.579225021675));
#963 = CARTESIAN_POINT('',(8.132096372303,55.74678605088,91.406142815337
    ));
#964 = CARTESIAN_POINT('',(7.293902099534,54.532488061832,
    90.232655773708));
#965 = CARTESIAN_POINT('',(5.24182005312,52.550137971509,87.921046938286
    ));
#966 = CARTESIAN_POINT('',(4.038549299519,51.769619752226,
    86.781989568953));
#967 = CARTESIAN_POINT('',(2.695106784064,51.236822818346,
    85.644252973057));
#968 = CARTESIAN_POINT('',(1.281156594687,50.980621774493,
    84.506199713973));
#969 = CARTESIAN_POINT('',(-1.547034318943,51.021307176145,
    82.226336426868));
#970 = CARTESIAN_POINT('',(-2.962341314653,51.320949302848,
    81.083641400344));
#971 = CARTESIAN_POINT('',(-4.300437939522,51.899660304115,
    79.942304119549));
#972 = CARTESIAN_POINT('',(-5.489946027168,52.727832759901,
    78.800644537629));
#973 = CARTESIAN_POINT('',(-7.448494019868,54.758238282786,
    76.538447853018));
#974 = CARTESIAN_POINT('',(-8.224997833944,55.954613372039,
    75.417020170666));
#975 = CARTESIAN_POINT('',(-8.756625471315,57.289830724656,
    74.29692737168));
#976 = CARTESIAN_POINT('',(-9.01481473552,58.695281918035,
    73.176499251146));
#977 = CARTESIAN_POINT('',(-8.984253430601,61.490980548194,
    70.945859594904));
#978 = CARTESIAN_POINT('',(-8.699561852494,62.88227878563,
    69.834798441831));
#979 = CARTESIAN_POINT('',(-8.145317115671,64.201343956827,
    68.725017782872));
#980 = CARTESIAN_POINT('',(-7.348828378105,65.380284466821,
    67.614947204995));
#981 = CARTESIAN_POINT('',(-5.375538729785,67.351236001901,
    65.401058707811));
#982 = CARTESIAN_POINT('',(-4.19956033201,68.145500145551,
    64.296420320435));
#983 = CARTESIAN_POINT('',(-2.881782001167,68.699893686742,
    63.193034984665));
#984 = CARTESIAN_POINT('',(-1.489011891603,68.985138803107,
    62.089362562915));
#985 = CARTESIAN_POINT('',(1.294492319378,69.013844306925,
    59.890859365044));
#986 = CARTESIAN_POINT('',(2.686209329966,68.760762803752,58.79519637261
    ));
#987 = CARTESIAN_POINT('',(4.012155007079,68.238714377278,
    57.700793987989));
#988 = CARTESIAN_POINT('',(5.204693302759,67.473212753069,
    56.606102867731));
#989 = CARTESIAN_POINT('',(7.226855984821,65.544381737471,
    54.410088111679));
#990 = CARTESIAN_POINT('',(8.054375803545,64.377338719626,
    53.307930517372));
#991 = CARTESIAN_POINT('',(8.64137027762,63.060716837657,52.207116196418
    ));
#992 = CARTESIAN_POINT('',(8.956379715934,61.662520217117,
    51.105938553479));
#993 = CARTESIAN_POINT('',(8.996363995918,60.255802370892,
    50.005727153097));
#994 = PCURVE('',#73,#995);
#995 = DEFINITIONAL_REPRESENTATION('',(#996),#1031);
#996 = B_SPLINE_CURVE_WITH_KNOTS('',5,(#997,#998,#999,#1000,#1001,#1002,
    #1003,#1004,#1005,#1006,#1007,#1008,#1009,#1010,#1011,#1012,#1013,
    #1014,#1015,#1016,#1017,#1018,#1019,#1020,#1021,#1022,#1023,#1024,
    #1025,#1026,#1027,#1028,#1029,#1030),.UNSPECIFIED.,.F.,.F.,(6,4,4,4,
    4,4,4,4,6),(0.,0.129835021314,0.255974518371,0.382735667101,
    0.507357832802,0.631047397143,0.754240545824,0.876649331869,1.),
  .UNSPECIFIED.);
#997 = CARTESIAN_POINT('',(-6.28318530718,-40.12258850207));
#998 = CARTESIAN_POINT('',(-6.122942777647,-38.94803071196));
#999 = CARTESIAN_POINT('',(-5.962491325973,-37.77349786857));
#1000 = CARTESIAN_POINT('',(-5.80202916794,-36.60041566223));
#1001 = CARTESIAN_POINT('',(-5.641304907544,-35.42692862061));
#1002 = CARTESIAN_POINT('',(-5.324283215647,-33.11531978518));
#1003 = CARTESIAN_POINT('',(-5.167870148229,-31.97626241585));
#1004 = CARTESIAN_POINT('',(-5.011434876436,-30.83852581996));
#1005 = CARTESIAN_POINT('',(-4.854755336674,-29.70047256087));
#1006 = CARTESIAN_POINT('',(-4.540479940931,-27.42060927377));
#1007 = CARTESIAN_POINT('',(-4.382759681014,-26.27791424724));
#1008 = CARTESIAN_POINT('',(-4.225026775606,-25.13657696645));
#1009 = CARTESIAN_POINT('',(-4.067039869342,-23.99491738453));
#1010 = CARTESIAN_POINT('',(-3.753587754057,-21.73272069992));
#1011 = CARTESIAN_POINT('',(-3.59801373635,-20.61129301756));
#1012 = CARTESIAN_POINT('',(-3.442408042786,-19.49120021858));
#1013 = CARTESIAN_POINT('',(-3.286570401994,-18.37077209804));
#1014 = CARTESIAN_POINT('',(-2.975919093745,-16.1401324418));
#1015 = CARTESIAN_POINT('',(-2.820992630104,-15.02907128873));
#1016 = CARTESIAN_POINT('',(-2.66604408871,-13.91929062977));
#1017 = CARTESIAN_POINT('',(-2.510857815348,-12.80922005189));
#1018 = CARTESIAN_POINT('',(-2.200969401314,-10.59533155471));
#1019 = CARTESIAN_POINT('',(-2.046153607974,-9.490693167338));
#1020 = CARTESIAN_POINT('',(-1.891321217402,-8.387307831568));
#1021 = CARTESIAN_POINT('',(-1.736250314666,-7.283635409818));
#1022 = CARTESIAN_POINT('',(-1.426956167382,-5.085132211946));
#1023 = CARTESIAN_POINT('',(-1.272618164678,-3.989469219513));
#1024 = CARTESIAN_POINT('',(-1.118262670051,-2.895066834891));
#1025 = CARTESIAN_POINT('',(-0.963674988063,-1.800375714634));
#1026 = CARTESIAN_POINT('',(-0.65316944993,0.395639041418));
#1027 = CARTESIAN_POINT('',(-0.497134963514,1.497796635725));
#1028 = CARTESIAN_POINT('',(-0.34107844841,2.598610956679));
#1029 = CARTESIAN_POINT('',(-0.18479126433,3.699788599618));
#1030 = CARTESIAN_POINT('',(-2.842631383903E-02,4.8));
#1031 = ( GEOMETRIC_REPRESENTATION_CONTEXT(2) 
PARAMETRIC_REPRESENTATION_CONTEXT() REPRESENTATION_CONTEXT('2D SPACE',''
  ) );
#1032 = PCURVE('',#239,#1033);
#1033 = DEFINITIONAL_REPRESENTATION('',(#1034),#1069);
#1034 = B_SPLINE_CURVE_WITH_KNOTS('',5,(#1035,#1036,#1037,#1038,#1039,
    #1040,#1041,#1042,#1043,#1044,#1045,#1046,#1047,#1048,#1049,#1050,
    #1051,#1052,#1053,#1054,#1055,#1056,#1057,#1058,#1059,#1060,#1061,
    #1062,#1063,#1064,#1065,#1066,#1067,#1068),.UNSPECIFIED.,.F.,.F.,(6,
    4,4,4,4,4,4,4,6),(0.,0.129835021314,0.255974518371,0.382735667101,
    0.507357832802,0.631047397143,0.754240545824,0.876649331869,1.),
  .UNSPECIFIED.);
#1035 = CARTESIAN_POINT('',(96.928315655169,3.100738169272E-02));
#1036 = CARTESIAN_POINT('',(95.753757865066,3.100766410223E-02));
#1037 = CARTESIAN_POINT('',(94.579225021676,3.100830592175E-02));
#1038 = CARTESIAN_POINT('',(93.406142815338,3.100757673445E-02));
#1039 = CARTESIAN_POINT('',(92.232655773706,3.100769220553E-02));
#1040 = CARTESIAN_POINT('',(89.921046938283,3.100788026437E-02));
#1041 = CARTESIAN_POINT('',(88.781989568953,3.100823085059E-02));
#1042 = CARTESIAN_POINT('',(87.644252973056,3.100858031508E-02));
#1043 = CARTESIAN_POINT('',(86.506199713975,3.100772457035E-02));
#1044 = CARTESIAN_POINT('',(84.226336426871,3.100689190012E-02));
#1045 = CARTESIAN_POINT('',(83.083641400346,3.100624779669E-02));
#1046 = CARTESIAN_POINT('',(81.942304119547,3.10084253866E-02));
#1047 = CARTESIAN_POINT('',(80.800644537626,3.100961910719E-02));
#1048 = CARTESIAN_POINT('',(78.538447853017,3.100739466936E-02));
#1049 = CARTESIAN_POINT('',(77.417020170672,3.100130304922E-02));
#1050 = CARTESIAN_POINT('',(76.29692737168,3.101349149662E-02));
#1051 = CARTESIAN_POINT('',(75.176499251146,3.100773770451E-02));
#1052 = CARTESIAN_POINT('',(72.945859594903,3.100723573063E-02));
#1053 = CARTESIAN_POINT('',(71.834798441831,3.100656318447E-02));
#1054 = CARTESIAN_POINT('',(70.725017782872,3.100780505931E-02));
#1055 = CARTESIAN_POINT('',(69.614947204995,3.100781128993E-02));
#1056 = CARTESIAN_POINT('',(67.401058707811,3.100788935603E-02));
#1057 = CARTESIAN_POINT('',(66.296420320435,3.100760055756E-02));
#1058 = CARTESIAN_POINT('',(65.193034984665,3.100762202919E-02));
#1059 = CARTESIAN_POINT('',(64.089362562915,3.100806409942E-02));
#1060 = CARTESIAN_POINT('',(61.890859365044,3.100815068045E-02));
#1061 = CARTESIAN_POINT('',(60.79519637261,3.100806345317E-02));
#1062 = CARTESIAN_POINT('',(59.700793987989,3.100682656945E-02));
#1063 = CARTESIAN_POINT('',(58.606102867731,3.100675915469E-02));
#1064 = CARTESIAN_POINT('',(56.410088111679,3.100812524241E-02));
#1065 = CARTESIAN_POINT('',(55.307930517372,3.100865871595E-02));
#1066 = CARTESIAN_POINT('',(54.207116196418,3.101176342116E-02));
#1067 = CARTESIAN_POINT('',(53.10593855348,3.10029163935E-02));
#1068 = CARTESIAN_POINT('',(52.005727153097,3.100775193798E-02));
#1069 = ( GEOMETRIC_REPRESENTATION_CONTEXT(2) 
PARAMETRIC_REPRESENTATION_CONTEXT() REPRESENTATION_CONTEXT('2D SPACE',''
  ) );
#1070 = ORIENTED_EDGE('',*,*,#57,.F.);
#1071 = ADVANCED_FACE('',(#1072),#239,.T.);
#1072 = FACE_BOUND('',#1073,.T.);
#1073 = EDGE_LOOP('',(#1074,#1102,#1147,#1148,#1149,#1150,#1206,#1231,
    #1333,#1359));
#1074 = ORIENTED_EDGE('',*,*,#1075,.F.);
#1075 = EDGE_CURVE('',#1076,#1078,#1080,.T.);
#1076 = VERTEX_POINT('',#1077);
#1077 = CARTESIAN_POINT('',(8.196687196281,60.233064382369,
    50.005727153097));
#1078 = VERTEX_POINT('',#1079);
#1079 = CARTESIAN_POINT('',(33.986263984578,60.96636451226,
    50.005727153097));
#1080 = SURFACE_CURVE('',#1081,(#1084,#1091),.PCURVE_S1.);
#1081 = B_SPLINE_CURVE_WITH_KNOTS('',1,(#1082,#1083),.UNSPECIFIED.,.F.,
  .F.,(2,2),(0.,1.),.PIECEWISE_BEZIER_KNOTS.);
#1082 = CARTESIAN_POINT('',(8.196687196281,60.233064382369,
    50.005727153097));
#1083 = CARTESIAN_POINT('',(33.986263984578,60.96636451226,
    50.005727153097));
#1084 = PCURVE('',#239,#1085);
#1085 = DEFINITIONAL_REPRESENTATION('',(#1086),#1090);
#1086 = LINE('',#1087,#1088);
#1087 = CARTESIAN_POINT('',(52.005727153097,0.));
#1088 = VECTOR('',#1089,1.);
#1089 = DIRECTION('',(0.,1.));
#1090 = ( GEOMETRIC_REPRESENTATION_CONTEXT(2) 
PARAMETRIC_REPRESENTATION_CONTEXT() REPRESENTATION_CONTEXT('2D SPACE',''
  ) );
#1091 = PCURVE('',#1092,#1097);
#1092 = PLANE('',#1093);
#1093 = AXIS2_PLACEMENT_3D('',#1094,#1095,#1096);
#1094 = CARTESIAN_POINT('',(21.091475590429,60.599714447314,
    52.005727153097));
#1095 = DIRECTION('',(2.84224856547E-02,-0.999595999546,-0.));
#1096 = DIRECTION('',(-0.999595999546,-2.84224856547E-02,0.));
#1097 = DEFINITIONAL_REPRESENTATION('',(#1098),#1101);
#1098 = B_SPLINE_CURVE_WITH_KNOTS('',1,(#1099,#1100),.UNSPECIFIED.,.F.,
  .F.,(2,2),(0.,1.),.PIECEWISE_BEZIER_KNOTS.);
#1099 = CARTESIAN_POINT('',(12.9,2.));
#1100 = CARTESIAN_POINT('',(-12.9,2.));
#1101 = ( GEOMETRIC_REPRESENTATION_CONTEXT(2) 
PARAMETRIC_REPRESENTATION_CONTEXT() REPRESENTATION_CONTEXT('2D SPACE',''
  ) );
#1102 = ORIENTED_EDGE('',*,*,#1103,.T.);
#1103 = EDGE_CURVE('',#1076,#778,#1104,.T.);
#1104 = SURFACE_CURVE('',#1105,(#1133,#1140),.PCURVE_S1.);
#1105 = B_SPLINE_CURVE_WITH_KNOTS('',8,(#1106,#1107,#1108,#1109,#1110,
    #1111,#1112,#1113,#1114,#1115,#1116,#1117,#1118,#1119,#1120,#1121,
    #1122,#1123,#1124,#1125,#1126,#1127,#1128,#1129,#1130,#1131,#1132),
  .UNSPECIFIED.,.F.,.F.,(9,6,6,6,9),(52.005727153097,77.954295364823,
    103.90286357654,129.85143178827,155.8),.UNSPECIFIED.);
#1106 = CARTESIAN_POINT('',(8.196687196281,60.233064382369,
    50.005727153097));
#1107 = CARTESIAN_POINT('',(8.08962460573,64.011660810053,
    53.249298179562));
#1108 = CARTESIAN_POINT('',(5.989313596205,67.719416960698,
    56.492869206036));
#1109 = CARTESIAN_POINT('',(1.970125529032,70.139429082372,
    59.736440232474));
#1110 = CARTESIAN_POINT('',(-3.056013578275,70.095405986076,
    62.980011258996));
#1111 = CARTESIAN_POINT('',(-7.191893994746,67.338315056458,
    66.223582285387));
#1112 = CARTESIAN_POINT('',(-9.176779899557,63.187333443047,
    69.467153311915));
#1113 = CARTESIAN_POINT('',(-8.703486625561,54.875521508382,
    75.954295364789));
#1114 = CARTESIAN_POINT('',(-1.701926931911,50.455301534564,
    82.441437417794));
#1115 = CARTESIAN_POINT('',(2.828151130074,50.183173952489,
    85.685008444069));
#1116 = CARTESIAN_POINT('',(7.125358800073,52.399401265067,
    88.928579470923));
#1117 = CARTESIAN_POINT('',(9.556151227582,56.525756962549,
    92.172150496961));
#1118 = CARTESIAN_POINT('',(9.592758246721,60.978777324234,
    95.415721523688));
#1119 = CARTESIAN_POINT('',(5.826542074374,68.143969231126,
    101.90286357647));
#1120 = CARTESIAN_POINT('',(-2.128503467139,69.386169564195,
    108.39000562954));
#1121 = CARTESIAN_POINT('',(-6.274441417878,67.93132346437,
    111.63357665577));
#1122 = CARTESIAN_POINT('',(-9.313574618535,64.396988288886,
    114.87714768263));
#1123 = CARTESIAN_POINT('',(-10.06809227879,59.839799532317,
    118.1207187087));
#1124 = CARTESIAN_POINT('',(-8.59702736988,55.78275253814,121.3642897354
    ));
#1125 = CARTESIAN_POINT('',(-2.785671578495,50.465830000795,
    127.8514317882));
#1126 = CARTESIAN_POINT('',(4.933084197288,51.812488743299,
    134.33857384125));
#1127 = CARTESIAN_POINT('',(8.310723909871,54.406783346424,
    137.58214486756));
#1128 = CARTESIAN_POINT('',(10.085571521683,58.541161472205,
    140.82571589425));
#1129 = CARTESIAN_POINT('',(9.525917991869,62.969854688144,
    144.06928692052));
#1130 = CARTESIAN_POINT('',(7.073695248899,66.360929790072,
    147.31285794709));
#1131 = CARTESIAN_POINT('',(3.65902163178,68.108080879105,
    150.55642897352));
#1132 = CARTESIAN_POINT('',(0.212543070648,68.197244991039,153.8));
#1133 = PCURVE('',#239,#1134);
#1134 = DEFINITIONAL_REPRESENTATION('',(#1135),#1139);
#1135 = LINE('',#1136,#1137);
#1136 = CARTESIAN_POINT('',(0.,0.));
#1137 = VECTOR('',#1138,1.);
#1138 = DIRECTION('',(1.,0.));
#1139 = ( GEOMETRIC_REPRESENTATION_CONTEXT(2) 
PARAMETRIC_REPRESENTATION_CONTEXT() REPRESENTATION_CONTEXT('2D SPACE',''
  ) );
#1140 = PCURVE('',#815,#1141);
#1141 = DEFINITIONAL_REPRESENTATION('',(#1142),#1146);
#1142 = LINE('',#1143,#1144);
#1143 = CARTESIAN_POINT('',(0.,1.));
#1144 = VECTOR('',#1145,1.);
#1145 = DIRECTION('',(1.,0.));
#1146 = ( GEOMETRIC_REPRESENTATION_CONTEXT(2) 
PARAMETRIC_REPRESENTATION_CONTEXT() REPRESENTATION_CONTEXT('2D SPACE',''
  ) );
#1147 = ORIENTED_EDGE('',*,*,#888,.T.);
#1148 = ORIENTED_EDGE('',*,*,#957,.F.);
#1149 = ORIENTED_EDGE('',*,*,#85,.F.);
#1150 = ORIENTED_EDGE('',*,*,#1151,.F.);
#1151 = EDGE_CURVE('',#1152,#86,#1154,.T.);
#1152 = VERTEX_POINT('',#1153);
#1153 = CARTESIAN_POINT('',(1.163649389378,68.924456291483,153.));
#1154 = SURFACE_CURVE('',#1155,(#1170,#1188),.PCURVE_S1.);
#1155 = B_SPLINE_CURVE_WITH_KNOTS('',7,(#1156,#1157,#1158,#1159,#1160,
    #1161,#1162,#1163,#1164,#1165,#1166,#1167,#1168,#1169),
  .UNSPECIFIED.,.F.,.F.,(8,6,8),(0.,0.498816446298,1.),.UNSPECIFIED.);
#1156 = CARTESIAN_POINT('',(1.163648694808,68.924456382048,153.0000006)
  );
#1157 = CARTESIAN_POINT('',(2.07714508722,68.80534673108,152.21088221109
    ));
#1158 = CARTESIAN_POINT('',(2.977072054043,68.577063513327,
    151.42182249226));
#1159 = CARTESIAN_POINT('',(3.847472721013,68.241399701097,
    150.63306253339));
#1160 = CARTESIAN_POINT('',(4.673016754232,67.803130460854,
    149.84454684142));
#1161 = CARTESIAN_POINT('',(5.439492528529,67.269557778752,
    149.05617462537));
#1162 = CARTESIAN_POINT('',(6.134036767128,66.650392576067,
    148.26789186931));
#1163 = CARTESIAN_POINT('',(7.36050251829,65.261678138492,
    146.68824586133));
#1164 = CARTESIAN_POINT('',(7.891852232653,64.491184931241,
    145.89660798287));
#1165 = CARTESIAN_POINT('',(8.328766010835,63.658329896892,
    145.10527896785));
#1166 = CARTESIAN_POINT('',(8.662654247784,62.777128250859,
    144.31420591452));
#1167 = CARTESIAN_POINT('',(8.88750297989,61.862817841681,
    143.52327602591));
#1168 = CARTESIAN_POINT('',(9.,60.931576316606,142.73243261691));
#1169 = CARTESIAN_POINT('',(9.,60.,141.94192650115));
#1170 = PCURVE('',#239,#1171);
#1171 = DEFINITIONAL_REPRESENTATION('',(#1172),#1187);
#1172 = B_SPLINE_CURVE_WITH_KNOTS('',7,(#1173,#1174,#1175,#1176,#1177,
    #1178,#1179,#1180,#1181,#1182,#1183,#1184,#1185,#1186),
  .UNSPECIFIED.,.F.,.F.,(8,6,8),(0.,0.498816446298,1.),.UNSPECIFIED.);
#1173 = CARTESIAN_POINT('',(155.0000006,3.100709797515E-02));
#1174 = CARTESIAN_POINT('',(154.21088221109,3.100726763116E-02));
#1175 = CARTESIAN_POINT('',(153.42182249226,3.100856592674E-02));
#1176 = CARTESIAN_POINT('',(152.63306253339,3.100845853183E-02));
#1177 = CARTESIAN_POINT('',(151.84454684142,3.100803844666E-02));
#1178 = CARTESIAN_POINT('',(151.05617462537,3.100771795576E-02));
#1179 = CARTESIAN_POINT('',(150.26789186931,3.100756661253E-02));
#1180 = CARTESIAN_POINT('',(148.68824586133,3.100751040672E-02));
#1181 = CARTESIAN_POINT('',(147.89660798287,3.100760521956E-02));
#1182 = CARTESIAN_POINT('',(147.10527896785,3.100778126656E-02));
#1183 = CARTESIAN_POINT('',(146.31420591452,3.100783463754E-02));
#1184 = CARTESIAN_POINT('',(145.52327602591,3.100779640725E-02));
#1185 = CARTESIAN_POINT('',(144.73243261691,3.100775953672E-02));
#1186 = CARTESIAN_POINT('',(143.94192650114,3.100775154432E-02));
#1187 = ( GEOMETRIC_REPRESENTATION_CONTEXT(2) 
PARAMETRIC_REPRESENTATION_CONTEXT() REPRESENTATION_CONTEXT('2D SPACE',''
  ) );
#1188 = PCURVE('',#434,#1189);
#1189 = DEFINITIONAL_REPRESENTATION('',(#1190),#1205);
#1190 = B_SPLINE_CURVE_WITH_KNOTS('',7,(#1191,#1192,#1193,#1194,#1195,
    #1196,#1197,#1198,#1199,#1200,#1201,#1202,#1203,#1204),
  .UNSPECIFIED.,.F.,.F.,(8,6,8),(0.,0.498816446298,1.),.UNSPECIFIED.);
#1191 = CARTESIAN_POINT('',(-1.441139054356,-98.1942734469));
#1192 = CARTESIAN_POINT('',(-1.338780282762,-97.40515505799));
#1193 = CARTESIAN_POINT('',(-1.23634818079,-96.61609533916));
#1194 = CARTESIAN_POINT('',(-1.133874932553,-95.8273353803));
#1195 = CARTESIAN_POINT('',(-1.031355326193,-95.03881968832));
#1196 = CARTESIAN_POINT('',(-0.928774279608,-94.25044747228));
#1197 = CARTESIAN_POINT('',(-0.82612432623,-93.46216471621));
#1198 = CARTESIAN_POINT('',(-0.620261312088,-91.88251870824));
#1199 = CARTESIAN_POINT('',(-0.517011708008,-91.09088082978));
#1200 = CARTESIAN_POINT('',(-0.413720497455,-90.29955181475));
#1201 = CARTESIAN_POINT('',(-0.310381202421,-89.50847876143));
#1202 = CARTESIAN_POINT('',(-0.206979751283,-88.71754887281));
#1203 = CARTESIAN_POINT('',(-0.103508479623,-87.92670546382));
#1204 = CARTESIAN_POINT('',(0.,-87.13619934805));
#1205 = ( GEOMETRIC_REPRESENTATION_CONTEXT(2) 
PARAMETRIC_REPRESENTATION_CONTEXT() REPRESENTATION_CONTEXT('2D SPACE',''
  ) );
#1206 = ORIENTED_EDGE('',*,*,#1207,.F.);
#1207 = EDGE_CURVE('',#1208,#1152,#1210,.T.);
#1208 = VERTEX_POINT('',#1209);
#1209 = CARTESIAN_POINT('',(1.060215655182,68.131188344746,153.));
#1210 = SURFACE_CURVE('',#1211,(#1214,#1220),.PCURVE_S1.);
#1211 = B_SPLINE_CURVE_WITH_KNOTS('',1,(#1212,#1213),.UNSPECIFIED.,.F.,
  .F.,(2,2),(0.,1.),.PIECEWISE_BEZIER_KNOTS.);
#1212 = CARTESIAN_POINT('',(1.060215655182,68.131188344746,153.));
#1213 = CARTESIAN_POINT('',(1.173499488451,69.,153.));
#1214 = PCURVE('',#239,#1215);
#1215 = DEFINITIONAL_REPRESENTATION('',(#1216),#1219);
#1216 = B_SPLINE_CURVE_WITH_KNOTS('',1,(#1217,#1218),.UNSPECIFIED.,.F.,
  .F.,(2,2),(0.,1.),.PIECEWISE_BEZIER_KNOTS.);
#1217 = CARTESIAN_POINT('',(155.,0.));
#1218 = CARTESIAN_POINT('',(155.,3.395993514588E-02));
#1219 = ( GEOMETRIC_REPRESENTATION_CONTEXT(2) 
PARAMETRIC_REPRESENTATION_CONTEXT() REPRESENTATION_CONTEXT('2D SPACE',''
  ) );
#1220 = PCURVE('',#1221,#1226);
#1221 = PLANE('',#1222);
#1222 = AXIS2_PLACEMENT_3D('',#1223,#1224,#1225);
#1223 = CARTESIAN_POINT('',(-6.077511700175E-16,60.,153.));
#1224 = DIRECTION('',(0.,0.,1.));
#1225 = DIRECTION('',(1.,0.,-0.));
#1226 = DEFINITIONAL_REPRESENTATION('',(#1227),#1230);
#1227 = B_SPLINE_CURVE_WITH_KNOTS('',1,(#1228,#1229),.UNSPECIFIED.,.F.,
  .F.,(2,2),(0.,1.),.PIECEWISE_BEZIER_KNOTS.);
#1228 = CARTESIAN_POINT('',(1.060215655182,8.131188344746));
#1229 = CARTESIAN_POINT('',(1.173499488451,9.));
#1230 = ( GEOMETRIC_REPRESENTATION_CONTEXT(2) 
PARAMETRIC_REPRESENTATION_CONTEXT() REPRESENTATION_CONTEXT('2D SPACE',''
  ) );
#1231 = ORIENTED_EDGE('',*,*,#1232,.T.);
#1232 = EDGE_CURVE('',#1208,#1233,#1235,.T.);
#1233 = VERTEX_POINT('',#1234);
#1234 = CARTESIAN_POINT('',(0.212543070648,68.197244991039,153.8));
#1235 = SURFACE_CURVE('',#1236,(#1264,#1271),.PCURVE_S1.);
#1236 = B_SPLINE_CURVE_WITH_KNOTS('',8,(#1237,#1238,#1239,#1240,#1241,
    #1242,#1243,#1244,#1245,#1246,#1247,#1248,#1249,#1250,#1251,#1252,
    #1253,#1254,#1255,#1256,#1257,#1258,#1259,#1260,#1261,#1262,#1263),
  .UNSPECIFIED.,.F.,.F.,(9,6,6,6,9),(52.005727153097,77.954295364823,
    103.90286357654,129.85143178827,155.8),.UNSPECIFIED.);
#1237 = CARTESIAN_POINT('',(8.196687196281,60.233064382369,
    50.005727153097));
#1238 = CARTESIAN_POINT('',(8.08962460573,64.011660810053,
    53.249298179562));
#1239 = CARTESIAN_POINT('',(5.989313596205,67.719416960698,
    56.492869206036));
#1240 = CARTESIAN_POINT('',(1.970125529032,70.139429082372,
    59.736440232474));
#1241 = CARTESIAN_POINT('',(-3.056013578275,70.095405986076,
    62.980011258996));
#1242 = CARTESIAN_POINT('',(-7.191893994746,67.338315056458,
    66.223582285387));
#1243 = CARTESIAN_POINT('',(-9.176779899557,63.187333443047,
    69.467153311915));
#1244 = CARTESIAN_POINT('',(-8.703486625561,54.875521508382,
    75.954295364789));
#1245 = CARTESIAN_POINT('',(-1.701926931911,50.455301534564,
    82.441437417794));
#1246 = CARTESIAN_POINT('',(2.828151130074,50.183173952489,
    85.685008444069));
#1247 = CARTESIAN_POINT('',(7.125358800073,52.399401265067,
    88.928579470923));
#1248 = CARTESIAN_POINT('',(9.556151227582,56.525756962549,
    92.172150496961));
#1249 = CARTESIAN_POINT('',(9.592758246721,60.978777324234,
    95.415721523688));
#1250 = CARTESIAN_POINT('',(5.826542074374,68.143969231126,
    101.90286357647));
#1251 = CARTESIAN_POINT('',(-2.128503467139,69.386169564195,
    108.39000562954));
#1252 = CARTESIAN_POINT('',(-6.274441417878,67.93132346437,
    111.63357665577));
#1253 = CARTESIAN_POINT('',(-9.313574618535,64.396988288886,
    114.87714768263));
#1254 = CARTESIAN_POINT('',(-10.06809227879,59.839799532317,
    118.1207187087));
#1255 = CARTESIAN_POINT('',(-8.59702736988,55.78275253814,121.3642897354
    ));
#1256 = CARTESIAN_POINT('',(-2.785671578495,50.465830000795,
    127.8514317882));
#1257 = CARTESIAN_POINT('',(4.933084197288,51.812488743299,
    134.33857384125));
#1258 = CARTESIAN_POINT('',(8.310723909871,54.406783346424,
    137.58214486756));
#1259 = CARTESIAN_POINT('',(10.085571521683,58.541161472205,
    140.82571589425));
#1260 = CARTESIAN_POINT('',(9.525917991869,62.969854688144,
    144.06928692052));
#1261 = CARTESIAN_POINT('',(7.073695248899,66.360929790072,
    147.31285794709));
#1262 = CARTESIAN_POINT('',(3.65902163178,68.108080879105,
    150.55642897352));
#1263 = CARTESIAN_POINT('',(0.212543070648,68.197244991039,153.8));
#1264 = PCURVE('',#239,#1265);
#1265 = DEFINITIONAL_REPRESENTATION('',(#1266),#1270);
#1266 = LINE('',#1267,#1268);
#1267 = CARTESIAN_POINT('',(0.,0.));
#1268 = VECTOR('',#1269,1.);
#1269 = DIRECTION('',(1.,0.));
#1270 = ( GEOMETRIC_REPRESENTATION_CONTEXT(2) 
PARAMETRIC_REPRESENTATION_CONTEXT() REPRESENTATION_CONTEXT('2D SPACE',''
  ) );
#1271 = PCURVE('',#1272,#1327);
#1272 = B_SPLINE_SURFACE_WITH_KNOTS('',8,1,(
    (#1273,#1274)
    ,(#1275,#1276)
    ,(#1277,#1278)
    ,(#1279,#1280)
    ,(#1281,#1282)
    ,(#1283,#1284)
    ,(#1285,#1286)
    ,(#1287,#1288)
    ,(#1289,#1290)
    ,(#1291,#1292)
    ,(#1293,#1294)
    ,(#1295,#1296)
    ,(#1297,#1298)
    ,(#1299,#1300)
    ,(#1301,#1302)
    ,(#1303,#1304)
    ,(#1305,#1306)
    ,(#1307,#1308)
    ,(#1309,#1310)
    ,(#1311,#1312)
    ,(#1313,#1314)
    ,(#1315,#1316)
    ,(#1317,#1318)
    ,(#1319,#1320)
    ,(#1321,#1322)
    ,(#1323,#1324)
    ,(#1325,#1326
    )),.UNSPECIFIED.,.F.,.F.,.F.,(9,6,6,6,9),(2,2),(52.005727153097,
    77.954295364823,103.90286357654,129.85143178827,155.8),(0.,1.),
  .UNSPECIFIED.);
#1273 = CARTESIAN_POINT('',(8.196687196281,60.233064382369,
    54.005727153097));
#1274 = CARTESIAN_POINT('',(8.196687196281,60.233064382369,
    50.005727153097));
#1275 = CARTESIAN_POINT('',(8.08962460573,64.011660810053,
    57.249298179548));
#1276 = CARTESIAN_POINT('',(8.08962460573,64.011660810053,
    53.249298179562));
#1277 = CARTESIAN_POINT('',(5.989313596205,67.719416960698,
    60.492869206094));
#1278 = CARTESIAN_POINT('',(5.989313596205,67.719416960698,
    56.492869206036));
#1279 = CARTESIAN_POINT('',(1.970125529032,70.139429082372,
    63.736440232357));
#1280 = CARTESIAN_POINT('',(1.970125529032,70.139429082372,
    59.736440232474));
#1281 = CARTESIAN_POINT('',(-3.056013578275,70.095405986076,
    66.980011259128));
#1282 = CARTESIAN_POINT('',(-3.056013578275,70.095405986076,
    62.980011258996));
#1283 = CARTESIAN_POINT('',(-7.191893994746,67.338315056458,
    70.223582285306));
#1284 = CARTESIAN_POINT('',(-7.191893994746,67.338315056458,
    66.223582285387));
#1285 = CARTESIAN_POINT('',(-9.176779899557,63.187333443047,
    73.467153311936));
#1286 = CARTESIAN_POINT('',(-9.176779899557,63.187333443047,
    69.467153311915));
#1287 = CARTESIAN_POINT('',(-8.703486625561,54.875521508382,
    79.954295364772));
#1288 = CARTESIAN_POINT('',(-8.703486625561,54.875521508382,
    75.954295364789));
#1289 = CARTESIAN_POINT('',(-1.701926931911,50.455301534564,
    86.441437417801));
#1290 = CARTESIAN_POINT('',(-1.701926931911,50.455301534564,
    82.441437417794));
#1291 = CARTESIAN_POINT('',(2.828151130074,50.183173952489,
    89.685008444095));
#1292 = CARTESIAN_POINT('',(2.828151130074,50.183173952489,
    85.685008444069));
#1293 = CARTESIAN_POINT('',(7.125358800073,52.399401265067,
    92.928579470844));
#1294 = CARTESIAN_POINT('',(7.125358800073,52.399401265067,
    88.928579470923));
#1295 = CARTESIAN_POINT('',(9.556151227582,56.525756962549,
    96.172150497045));
#1296 = CARTESIAN_POINT('',(9.556151227582,56.525756962549,
    92.172150496961));
#1297 = CARTESIAN_POINT('',(9.592758246721,60.978777324234,
    99.415721523652));
#1298 = CARTESIAN_POINT('',(9.592758246721,60.978777324234,
    95.415721523688));
#1299 = CARTESIAN_POINT('',(5.826542074374,68.143969231126,
    105.90286357651));
#1300 = CARTESIAN_POINT('',(5.826542074374,68.143969231126,
    101.90286357647));
#1301 = CARTESIAN_POINT('',(-2.128503467139,69.386169564195,
    112.39000562951));
#1302 = CARTESIAN_POINT('',(-2.128503467139,69.386169564195,
    108.39000562954));
#1303 = CARTESIAN_POINT('',(-6.274441417878,67.93132346437,
    115.63357665585));
#1304 = CARTESIAN_POINT('',(-6.274441417878,67.93132346437,
    111.63357665577));
#1305 = CARTESIAN_POINT('',(-9.313574618535,64.396988288886,
    118.87714768253));
#1306 = CARTESIAN_POINT('',(-9.313574618535,64.396988288886,
    114.87714768263));
#1307 = CARTESIAN_POINT('',(-10.06809227879,59.839799532317,
    122.12071870879));
#1308 = CARTESIAN_POINT('',(-10.06809227879,59.839799532317,
    118.1207187087));
#1309 = CARTESIAN_POINT('',(-8.59702736988,55.78275253814,
    125.36428973536));
#1310 = CARTESIAN_POINT('',(-8.59702736988,55.78275253814,121.3642897354
    ));
#1311 = CARTESIAN_POINT('',(-2.785671578495,50.465830000795,
    131.85143178825));
#1312 = CARTESIAN_POINT('',(-2.785671578495,50.465830000795,
    127.8514317882));
#1313 = CARTESIAN_POINT('',(4.933084197288,51.812488743299,
    138.33857384121));
#1314 = CARTESIAN_POINT('',(4.933084197288,51.812488743299,
    134.33857384125));
#1315 = CARTESIAN_POINT('',(8.310723909871,54.406783346424,
    141.58214486772));
#1316 = CARTESIAN_POINT('',(8.310723909871,54.406783346424,
    137.58214486756));
#1317 = CARTESIAN_POINT('',(10.085571521683,58.541161472205,
    144.82571589398));
#1318 = CARTESIAN_POINT('',(10.085571521683,58.541161472205,
    140.82571589425));
#1319 = CARTESIAN_POINT('',(9.525917991869,62.969854688144,
    148.06928692078));
#1320 = CARTESIAN_POINT('',(9.525917991869,62.969854688144,
    144.06928692052));
#1321 = CARTESIAN_POINT('',(7.073695248899,66.360929790072,
    151.31285794696));
#1322 = CARTESIAN_POINT('',(7.073695248899,66.360929790072,
    147.31285794709));
#1323 = CARTESIAN_POINT('',(3.65902163178,68.108080879105,
    154.55642897356));
#1324 = CARTESIAN_POINT('',(3.65902163178,68.108080879105,
    150.55642897352));
#1325 = CARTESIAN_POINT('',(0.212543070648,68.197244991039,157.8));
#1326 = CARTESIAN_POINT('',(0.212543070648,68.197244991039,153.8));
#1327 = DEFINITIONAL_REPRESENTATION('',(#1328),#1332);
#1328 = LINE('',#1329,#1330);
#1329 = CARTESIAN_POINT('',(0.,1.));
#1330 = VECTOR('',#1331,1.);
#1331 = DIRECTION('',(1.,0.));
#1332 = ( GEOMETRIC_REPRESENTATION_CONTEXT(2) 
PARAMETRIC_REPRESENTATION_CONTEXT() REPRESENTATION_CONTEXT('2D SPACE',''
  ) );
#1333 = ORIENTED_EDGE('',*,*,#1334,.T.);
#1334 = EDGE_CURVE('',#1233,#1335,#1337,.T.);
#1335 = VERTEX_POINT('',#1336);
#1336 = CARTESIAN_POINT('',(0.88127614659,93.988576792114,153.8));
#1337 = SURFACE_CURVE('',#1338,(#1341,#1348),.PCURVE_S1.);
#1338 = B_SPLINE_CURVE_WITH_KNOTS('',1,(#1339,#1340),.UNSPECIFIED.,.F.,
  .F.,(2,2),(0.,1.),.PIECEWISE_BEZIER_KNOTS.);
#1339 = CARTESIAN_POINT('',(0.212543070648,68.197244991039,153.8));
#1340 = CARTESIAN_POINT('',(0.88127614659,93.988576792114,153.8));
#1341 = PCURVE('',#239,#1342);
#1342 = DEFINITIONAL_REPRESENTATION('',(#1343),#1347);
#1343 = LINE('',#1344,#1345);
#1344 = CARTESIAN_POINT('',(155.8,0.));
#1345 = VECTOR('',#1346,1.);
#1346 = DIRECTION('',(0.,1.));
#1347 = ( GEOMETRIC_REPRESENTATION_CONTEXT(2) 
PARAMETRIC_REPRESENTATION_CONTEXT() REPRESENTATION_CONTEXT('2D SPACE',''
  ) );
#1348 = PCURVE('',#1349,#1354);
#1349 = PLANE('',#1350);
#1350 = AXIS2_PLACEMENT_3D('',#1351,#1352,#1353);
#1351 = CARTESIAN_POINT('',(0.546909608619,81.092910891577,155.8));
#1352 = DIRECTION('',(0.999664023297,-2.591988666442E-02,0.));
#1353 = DIRECTION('',(2.591988666442E-02,0.999664023297,0.));
#1354 = DEFINITIONAL_REPRESENTATION('',(#1355),#1358);
#1355 = B_SPLINE_CURVE_WITH_KNOTS('',1,(#1356,#1357),.UNSPECIFIED.,.F.,
  .F.,(2,2),(0.,1.),.PIECEWISE_BEZIER_KNOTS.);
#1356 = CARTESIAN_POINT('',(-12.9,-2.));
#1357 = CARTESIAN_POINT('',(12.9,-2.));
#1358 = ( GEOMETRIC_REPRESENTATION_CONTEXT(2) 
PARAMETRIC_REPRESENTATION_CONTEXT() REPRESENTATION_CONTEXT('2D SPACE',''
  ) );
#1359 = ORIENTED_EDGE('',*,*,#1360,.F.);
#1360 = EDGE_CURVE('',#1078,#1335,#1361,.T.);
#1361 = SURFACE_CURVE('',#1362,(#1396,#1403),.PCURVE_S1.);
#1362 = B_SPLINE_CURVE_WITH_KNOTS('',8,(#1363,#1364,#1365,#1366,#1367,
    #1368,#1369,#1370,#1371,#1372,#1373,#1374,#1375,#1376,#1377,#1378,
    #1379,#1380,#1381,#1382,#1383,#1384,#1385,#1386,#1387,#1388,#1389,
    #1390,#1391,#1392,#1393,#1394,#1395),.UNSPECIFIED.,.F.,.F.,(9,6,6,6,
    6,9),(52.005727153097,72.764581722478,93.523436291858,
    114.28229086123,135.04114543061,155.8),.UNSPECIFIED.);
#1363 = CARTESIAN_POINT('',(33.986263984578,60.96636451226,
    50.005727153097));
#1364 = CARTESIAN_POINT('',(33.630123495103,73.499750363735,
    52.600583974258));
#1365 = CARTESIAN_POINT('',(27.990781785529,85.848167853579,
    55.195440795489));
#1366 = CARTESIAN_POINT('',(17.202596970445,95.416909100158,
    57.790297616529));
#1367 = CARTESIAN_POINT('',(2.891416894068,99.71296491127,
    60.385154437874));
#1368 = CARTESIAN_POINT('',(-11.7957856022,97.469854270785,
    62.980011258913));
#1369 = CARTESIAN_POINT('',(-23.70938592187,89.677483912842,
    65.574868080143));
#1370 = CARTESIAN_POINT('',(-38.38253221288,67.38853113449,
    70.76458172247));
#1371 = CARTESIAN_POINT('',(-33.05178827655,41.367289959125,
    75.954295364828));
#1372 = CARTESIAN_POINT('',(-24.97217896657,29.842003296847,
    78.549152185983));
#1373 = CARTESIAN_POINT('',(-12.44460391184,22.43133760715,
    81.144009007193));
#1374 = CARTESIAN_POINT('',(1.961610433905,20.978493782909,
    83.738865828312));
#1375 = CARTESIAN_POINT('',(15.160278070209,25.336525036715,
    86.33372264953));
#1376 = CARTESIAN_POINT('',(34.780200754259,42.577186812513,
    91.523436291836));
#1377 = CARTESIAN_POINT('',(36.825291490965,68.495991123599,
    96.713149934227));
#1378 = CARTESIAN_POINT('',(32.458712981198,81.529947979099,
    99.308006755298));
#1379 = CARTESIAN_POINT('',(22.888003968125,92.0082115714,
    101.90286357667));
#1380 = CARTESIAN_POINT('',(9.916040951772,97.585394095063,
    104.49772039761));
#1381 = CARTESIAN_POINT('',(-3.663752680511,97.51216868013,
    107.09257721894));
#1382 = CARTESIAN_POINT('',(-27.21754584513,87.544138457377,
    112.28229086118));
#1383 = CARTESIAN_POINT('',(-37.41505776286,64.214396642186,
    117.47200450362));
#1384 = CARTESIAN_POINT('',(-37.64559162224,50.783863110786,
    120.06686132467));
#1385 = CARTESIAN_POINT('',(-32.35904907148,37.986501698162,
    122.661718146));
#1386 = CARTESIAN_POINT('',(-22.40095520611,28.462145672005,
    125.25657496707));
#1387 = CARTESIAN_POINT('',(-9.973651662729,23.793058736564,
    127.85143178827));
#1388 = CARTESIAN_POINT('',(15.072520500444,24.512853149604,
    133.04114543062));
#1389 = CARTESIAN_POINT('',(32.898351262168,41.962957114898,
    138.23085907295));
#1390 = CARTESIAN_POINT('',(38.109148009939,54.018972630838,
    140.82571589417));
#1391 = CARTESIAN_POINT('',(38.201003613637,67.536965839205,
    143.42057271525));
#1392 = CARTESIAN_POINT('',(32.949763645019,79.927501612279,
    146.01542953652));
#1393 = CARTESIAN_POINT('',(23.66098959133,88.999634532212,
    148.61028635763));
#1394 = CARTESIAN_POINT('',(12.313569877225,93.692261561396,
    151.20514317883));
#1395 = CARTESIAN_POINT('',(0.88127614659,93.988576792114,153.8));
#1396 = PCURVE('',#239,#1397);
#1397 = DEFINITIONAL_REPRESENTATION('',(#1398),#1402);
#1398 = LINE('',#1399,#1400);
#1399 = CARTESIAN_POINT('',(0.,1.));
#1400 = VECTOR('',#1401,1.);
#1401 = DIRECTION('',(1.,0.));
#1402 = ( GEOMETRIC_REPRESENTATION_CONTEXT(2) 
PARAMETRIC_REPRESENTATION_CONTEXT() REPRESENTATION_CONTEXT('2D SPACE',''
  ) );
#1403 = PCURVE('',#1404,#1471);
#1404 = B_SPLINE_SURFACE_WITH_KNOTS('',8,1,(
    (#1405,#1406)
    ,(#1407,#1408)
    ,(#1409,#1410)
    ,(#1411,#1412)
    ,(#1413,#1414)
    ,(#1415,#1416)
    ,(#1417,#1418)
    ,(#1419,#1420)
    ,(#1421,#1422)
    ,(#1423,#1424)
    ,(#1425,#1426)
    ,(#1427,#1428)
    ,(#1429,#1430)
    ,(#1431,#1432)
    ,(#1433,#1434)
    ,(#1435,#1436)
    ,(#1437,#1438)
    ,(#1439,#1440)
    ,(#1441,#1442)
    ,(#1443,#1444)
    ,(#1445,#1446)
    ,(#1447,#1448)
    ,(#1449,#1450)
    ,(#1451,#1452)
    ,(#1453,#1454)
    ,(#1455,#1456)
    ,(#1457,#1458)
    ,(#1459,#1460)
    ,(#1461,#1462)
    ,(#1463,#1464)
    ,(#1465,#1466)
    ,(#1467,#1468)
    ,(#1469,#1470
    )),.UNSPECIFIED.,.F.,.F.,.F.,(9,6,6,6,6,9),(2,2),(52.005727153097,
    72.764581722478,93.523436291858,114.28229086123,135.04114543061,
    155.8),(0.,1.),.UNSPECIFIED.);
#1405 = CARTESIAN_POINT('',(33.986263984578,60.96636451226,
    54.005727153097));
#1406 = CARTESIAN_POINT('',(33.986263984578,60.96636451226,
    50.005727153097));
#1407 = CARTESIAN_POINT('',(33.630123495103,73.499750363735,
    56.600583974268));
#1408 = CARTESIAN_POINT('',(33.630123495103,73.499750363735,
    52.600583974258));
#1409 = CARTESIAN_POINT('',(27.990781785529,85.848167853579,
    59.19544079545));
#1410 = CARTESIAN_POINT('',(27.990781785529,85.848167853579,
    55.195440795489));
#1411 = CARTESIAN_POINT('',(17.202596970445,95.416909100158,
    61.790297616603));
#1412 = CARTESIAN_POINT('',(17.202596970445,95.416909100158,
    57.790297616529));
#1413 = CARTESIAN_POINT('',(2.891416894068,99.71296491127,
    64.385154437795));
#1414 = CARTESIAN_POINT('',(2.891416894068,99.71296491127,
    60.385154437874));
#1415 = CARTESIAN_POINT('',(-11.7957856022,97.469854270785,
    66.980011258963));
#1416 = CARTESIAN_POINT('',(-11.7957856022,97.469854270785,
    62.980011258913));
#1417 = CARTESIAN_POINT('',(-23.70938592187,89.677483912842,
    69.574868080125));
#1418 = CARTESIAN_POINT('',(-23.70938592187,89.677483912842,
    65.574868080143));
#1419 = CARTESIAN_POINT('',(-38.38253221288,67.38853113449,
    74.764581722493));
#1420 = CARTESIAN_POINT('',(-38.38253221288,67.38853113449,
    70.76458172247));
#1421 = CARTESIAN_POINT('',(-33.05178827655,41.367289959125,
    79.954295364803));
#1422 = CARTESIAN_POINT('',(-33.05178827655,41.367289959125,
    75.954295364828));
#1423 = CARTESIAN_POINT('',(-24.97217896657,29.842003296847,
    82.549152186081));
#1424 = CARTESIAN_POINT('',(-24.97217896657,29.842003296847,
    78.549152185983));
#1425 = CARTESIAN_POINT('',(-12.44460391184,22.43133760715,
    85.144009007029));
#1426 = CARTESIAN_POINT('',(-12.44460391184,22.43133760715,
    81.144009007193));
#1427 = CARTESIAN_POINT('',(1.961610433905,20.978493782909,
    87.738865828456));
#1428 = CARTESIAN_POINT('',(1.961610433905,20.978493782909,
    83.738865828312));
#1429 = CARTESIAN_POINT('',(15.160278070209,25.336525036715,
    90.333722649468));
#1430 = CARTESIAN_POINT('',(15.160278070209,25.336525036715,
    86.33372264953));
#1431 = CARTESIAN_POINT('',(34.780200754259,42.577186812513,
    95.523436291908));
#1432 = CARTESIAN_POINT('',(34.780200754259,42.577186812513,
    91.523436291836));
#1433 = CARTESIAN_POINT('',(36.825291490965,68.495991123599,
    100.71314993416));
#1434 = CARTESIAN_POINT('',(36.825291490965,68.495991123599,
    96.713149934227));
#1435 = CARTESIAN_POINT('',(32.458712981198,81.529947979099,
    103.30800675548));
#1436 = CARTESIAN_POINT('',(32.458712981198,81.529947979099,
    99.308006755298));
#1437 = CARTESIAN_POINT('',(22.888003968125,92.0082115714,105.9028635764
    ));
#1438 = CARTESIAN_POINT('',(22.888003968125,92.0082115714,
    101.90286357667));
#1439 = CARTESIAN_POINT('',(9.916040951772,97.585394095063,
    108.49772039782));
#1440 = CARTESIAN_POINT('',(9.916040951772,97.585394095063,
    104.49772039761));
#1441 = CARTESIAN_POINT('',(-3.663752680511,97.51216868013,
    111.09257721885));
#1442 = CARTESIAN_POINT('',(-3.663752680511,97.51216868013,
    107.09257721894));
#1443 = CARTESIAN_POINT('',(-27.21754584513,87.544138457377,
    116.28229086128));
#1444 = CARTESIAN_POINT('',(-27.21754584513,87.544138457377,
    112.28229086118));
#1445 = CARTESIAN_POINT('',(-37.41505776286,64.214396642186,
    121.47200450354));
#1446 = CARTESIAN_POINT('',(-37.41505776286,64.214396642186,
    117.47200450362));
#1447 = CARTESIAN_POINT('',(-37.64559162224,50.783863110786,
    124.06686132481));
#1448 = CARTESIAN_POINT('',(-37.64559162224,50.783863110786,
    120.06686132467));
#1449 = CARTESIAN_POINT('',(-32.35904907148,37.986501698162,
    126.6617181459));
#1450 = CARTESIAN_POINT('',(-32.35904907148,37.986501698162,
    122.661718146));
#1451 = CARTESIAN_POINT('',(-22.40095520611,28.462145672005,
    129.25657496708));
#1452 = CARTESIAN_POINT('',(-22.40095520611,28.462145672005,
    125.25657496707));
#1453 = CARTESIAN_POINT('',(-9.973651662729,23.793058736564,
    131.85143178829));
#1454 = CARTESIAN_POINT('',(-9.973651662729,23.793058736564,
    127.85143178827));
#1455 = CARTESIAN_POINT('',(15.072520500444,24.512853149604,
    137.04114543058));
#1456 = CARTESIAN_POINT('',(15.072520500444,24.512853149604,
    133.04114543062));
#1457 = CARTESIAN_POINT('',(32.898351262168,41.962957114898,
    142.230859073));
#1458 = CARTESIAN_POINT('',(32.898351262168,41.962957114898,
    138.23085907295));
#1459 = CARTESIAN_POINT('',(38.109148009939,54.018972630838,
    144.82571589398));
#1460 = CARTESIAN_POINT('',(38.109148009939,54.018972630838,
    140.82571589417));
#1461 = CARTESIAN_POINT('',(38.201003613637,67.536965839205,
    147.42057271555));
#1462 = CARTESIAN_POINT('',(38.201003613637,67.536965839205,
    143.42057271525));
#1463 = CARTESIAN_POINT('',(32.949763645019,79.927501612279,
    150.01542953625));
#1464 = CARTESIAN_POINT('',(32.949763645019,79.927501612279,
    146.01542953652));
#1465 = CARTESIAN_POINT('',(23.66098959133,88.999634532212,
    152.61028635776));
#1466 = CARTESIAN_POINT('',(23.66098959133,88.999634532212,
    148.61028635763));
#1467 = CARTESIAN_POINT('',(12.313569877225,93.692261561396,
    155.2051431788));
#1468 = CARTESIAN_POINT('',(12.313569877225,93.692261561396,
    151.20514317883));
#1469 = CARTESIAN_POINT('',(0.88127614659,93.988576792114,157.8));
#1470 = CARTESIAN_POINT('',(0.88127614659,93.988576792114,153.8));
#1471 = DEFINITIONAL_REPRESENTATION('',(#1472),#1476);
#1472 = LINE('',#1473,#1474);
#1473 = CARTESIAN_POINT('',(0.,1.));
#1474 = VECTOR('',#1475,1.);
#1475 = DIRECTION('',(1.,0.));
#1476 = ( GEOMETRIC_REPRESENTATION_CONTEXT(2) 
PARAMETRIC_REPRESENTATION_CONTEXT() REPRESENTATION_CONTEXT('2D SPACE',''
  ) );
#1477 = ADVANCED_FACE('',(#1478),#434,.T.);
#1478 = FACE_BOUND('',#1479,.F.);
#1479 = EDGE_LOOP('',(#1480,#1710,#1711,#1712,#1736));
#1480 = ORIENTED_EDGE('',*,*,#1481,.T.);
#1481 = EDGE_CURVE('',#1482,#419,#1484,.T.);
#1482 = VERTEX_POINT('',#1483);
#1483 = CARTESIAN_POINT('',(9.,60.,145.94192650114));
#1484 = SURFACE_CURVE('',#1485,(#1558,#1634),.PCURVE_S1.);
#1485 = B_SPLINE_CURVE_WITH_KNOTS('',8,(#1486,#1487,#1488,#1489,#1490,
    #1491,#1492,#1493,#1494,#1495,#1496,#1497,#1498,#1499,#1500,#1501,
    #1502,#1503,#1504,#1505,#1506,#1507,#1508,#1509,#1510,#1511,#1512,
    #1513,#1514,#1515,#1516,#1517,#1518,#1519,#1520,#1521,#1522,#1523,
    #1524,#1525,#1526,#1527,#1528,#1529,#1530,#1531,#1532,#1533,#1534,
    #1535,#1536,#1537,#1538,#1539,#1540,#1541,#1542,#1543,#1544,#1545,
    #1546,#1547,#1548,#1549,#1550,#1551,#1552,#1553,#1554,#1555,#1556,
    #1557),.UNSPECIFIED.,.F.,.F.,(9,7,7,7,7,7,7,7,7,7,9),(0.,
    0.127512720114,0.254166836801,0.316143883372,0.380111080276,
    0.505526721105,0.630667289867,0.754415695369,0.806124047521,
    0.876840952796,1.),.UNSPECIFIED.);
#1486 = CARTESIAN_POINT('',(9.,60.,145.94192650114));
#1487 = CARTESIAN_POINT('',(9.,59.111127854726,145.18765779073));
#1488 = CARTESIAN_POINT('',(8.899670745988,58.221609479145,
    144.43339504138));
#1489 = CARTESIAN_POINT('',(8.698756326642,57.34495159373,
    143.67939021293));
#1490 = CARTESIAN_POINT('',(8.399276841383,56.494451372817,
    142.92565149652));
#1491 = CARTESIAN_POINT('',(8.005263737442,55.682881023418,
    142.17209543574));
#1492 = CARTESIAN_POINT('',(7.522642114654,54.922284585234,
    141.41863506355));
#1493 = CARTESIAN_POINT('',(6.959197969488,54.223733641743,
    140.66527017252));
#1494 = CARTESIAN_POINT('',(5.69421199147,52.974264466513,
    139.16429196867));
#1495 = CARTESIAN_POINT('',(4.993343293922,52.422104914268,
    138.41633922297));
#1496 = CARTESIAN_POINT('',(4.231306442822,51.950000013932,
    137.66864214011));
#1497 = CARTESIAN_POINT('',(3.418879916481,51.565787326707,
    136.92120990343));
#1498 = CARTESIAN_POINT('',(2.567862796006,51.275521049922,
    136.17396153262));
#1499 = CARTESIAN_POINT('',(1.690851586711,51.083421272198,
    135.42681153312));
#1500 = CARTESIAN_POINT('',(0.801051782448,50.991733744545,
    134.67975569321));
#1501 = CARTESIAN_POINT('',(-0.523096505926,51.004686240453,
    133.56762165157));
#1502 = CARTESIAN_POINT('',(-0.958037966395,51.032979866637,
    133.20225411411));
#1503 = CARTESIAN_POINT('',(-1.391299206149,51.085318102281,
    132.83693170247));
#1504 = CARTESIAN_POINT('',(-1.821324969987,51.161584529733,
    132.47165376227));
#1505 = CARTESIAN_POINT('',(-2.24657773391,51.261543725623,
    132.10641830056));
#1506 = CARTESIAN_POINT('',(-2.665542985626,51.384843951484,
    131.74122410975));
#1507 = CARTESIAN_POINT('',(-3.076732138948,51.531017237407,
    131.37607169796));
#1508 = CARTESIAN_POINT('',(-3.893558520033,51.873343456119,
    130.63413761737));
#1509 = CARTESIAN_POINT('',(-4.298605375956,52.070955549783,
    130.25734886908));
#1510 = CARTESIAN_POINT('',(-4.692233604411,52.291668169552,
    129.88060820811));
#1511 = CARTESIAN_POINT('',(-5.072904271813,52.534710356471,
    129.50391605294));
#1512 = CARTESIAN_POINT('',(-5.439144882897,52.799191173325,
    129.12726921764));
#1513 = CARTESIAN_POINT('',(-5.78955693696,53.084105396168,
    128.75066463277));
#1514 = CARTESIAN_POINT('',(-6.122824282847,53.388337683458,
    128.37410297506));
#1515 = CARTESIAN_POINT('',(-7.05511892441,54.342628429822,
    127.25939604206));
#1516 = CARTESIAN_POINT('',(-7.60205879015,55.044310080468,
    126.52120948416));
#1517 = CARTESIAN_POINT('',(-8.06909593358,55.806397591627,
    125.78327836711));
#1518 = CARTESIAN_POINT('',(-8.448517954787,56.618176880288,
    125.04561156029));
#1519 = CARTESIAN_POINT('',(-8.734370655861,57.467923908242,
    124.30812673043));
#1520 = CARTESIAN_POINT('',(-8.922516026131,58.343125539158,
    123.57073768616));
#1521 = CARTESIAN_POINT('',(-9.010778861718,59.23067209628,
    122.83344428448));
#1522 = CARTESIAN_POINT('',(-8.987721120273,61.001711593606,
    121.36114383279));
#1523 = CARTESIAN_POINT('',(-8.876832876838,61.88559956011,
    120.62581085296));
#1524 = CARTESIAN_POINT('',(-8.666495961217,62.755505679891,
    119.89073280128));
#1525 = CARTESIAN_POINT('',(-8.358868072626,63.598349850236,
    119.15591593427));
#1526 = CARTESIAN_POINT('',(-7.958070186908,64.401598090565,
    118.42127950957));
#1527 = CARTESIAN_POINT('',(-7.470067389495,65.153451653904,
    117.68674041415));
#1528 = CARTESIAN_POINT('',(-6.902638792774,65.843078477383,
    116.95229917627));
#1529 = CARTESIAN_POINT('',(-5.635198099329,67.07213517123,
    115.49226101049));
#1530 = CARTESIAN_POINT('',(-4.936456518245,67.613416890296,
    114.76634024764));
#1531 = CARTESIAN_POINT('',(-4.17832052119,68.075655325385,
    114.04067145092));
#1532 = CARTESIAN_POINT('',(-3.37132462044,68.451312395969,
    113.31525947256));
#1533 = CARTESIAN_POINT('',(-2.526979321666,68.734574287883,
    112.59002344473));
#1534 = CARTESIAN_POINT('',(-1.657554138743,68.921399248364,
    111.86488190211));
#1535 = CARTESIAN_POINT('',(-0.775894858315,69.009651648304,
    111.13983770395));
#1536 = CARTESIAN_POINT('',(0.472884971128,68.995100892411,
    110.11230172886));
#1537 = CARTESIAN_POINT('',(0.840786781272,68.973611507027,
    109.80950819353));
#1538 = CARTESIAN_POINT('',(1.207624576466,68.934919567904,
    109.50674643666));
#1539 = CARTESIAN_POINT('',(1.572459104927,68.879085279222,
    109.20401684036));
#1540 = CARTESIAN_POINT('',(1.934356821952,68.806230077945,
    108.90131834837));
#1541 = CARTESIAN_POINT('',(2.292393305234,68.716536282992,
    108.5986498123));
#1542 = CARTESIAN_POINT('',(2.645656670192,68.610246744422,108.296011338
    ));
#1543 = CARTESIAN_POINT('',(3.468624754372,68.320019670651,
    107.57955877399));
#1544 = CARTESIAN_POINT('',(3.933411455433,68.121896027932,
    107.16575922172));
#1545 = CARTESIAN_POINT('',(4.385310045117,67.894069774343,
    106.75202117221));
#1546 = CARTESIAN_POINT('',(4.822105321745,67.637518043376,
    106.33834726724));
#1547 = CARTESIAN_POINT('',(5.241668359716,67.353428225226,
    105.92472568117));
#1548 = CARTESIAN_POINT('',(5.642013807326,67.043135049851,
    105.51116537487));
#1549 = CARTESIAN_POINT('',(6.021236198106,66.708188743927,
    105.09765634285));
#1550 = CARTESIAN_POINT('',(6.998229604383,65.726994787914,
    103.9641751584));
#1551 = CARTESIAN_POINT('',(7.54968498051,65.033928922102,
    103.24414860763));
#1552 = CARTESIAN_POINT('',(8.022543244815,64.280209455569,
    102.5243730379));
#1553 = CARTESIAN_POINT('',(8.409091974208,63.476342569374,
    101.80485272424));
#1554 = CARTESIAN_POINT('',(8.703344542122,62.633825564016,
    101.08551079808));
#1555 = CARTESIAN_POINT('',(8.901083479573,61.764941866207,
    100.36626840373));
#1556 = CARTESIAN_POINT('',(9.,60.882592184927,99.647125232309));
#1557 = CARTESIAN_POINT('',(9.,60.,98.928315655168));
#1558 = PCURVE('',#434,#1559);
#1559 = DEFINITIONAL_REPRESENTATION('',(#1560),#1633);
#1560 = B_SPLINE_CURVE_WITH_KNOTS('',8,(#1561,#1562,#1563,#1564,#1565,
    #1566,#1567,#1568,#1569,#1570,#1571,#1572,#1573,#1574,#1575,#1576,
    #1577,#1578,#1579,#1580,#1581,#1582,#1583,#1584,#1585,#1586,#1587,
    #1588,#1589,#1590,#1591,#1592,#1593,#1594,#1595,#1596,#1597,#1598,
    #1599,#1600,#1601,#1602,#1603,#1604,#1605,#1606,#1607,#1608,#1609,
    #1610,#1611,#1612,#1613,#1614,#1615,#1616,#1617,#1618,#1619,#1620,
    #1621,#1622,#1623,#1624,#1625,#1626,#1627,#1628,#1629,#1630,#1631,
    #1632),.UNSPECIFIED.,.F.,.F.,(9,7,7,7,7,7,7,7,7,7,9),(0.,
    0.127512720114,0.254166836801,0.316143883372,0.380111080276,
    0.505526721105,0.630667289867,0.754415695369,0.806124047521,
    0.876840952796,1.),.UNSPECIFIED.);
#1561 = CARTESIAN_POINT('',(-6.28318530718,-91.13619934805));
#1562 = CARTESIAN_POINT('',(-6.184421735482,-90.38193063764));
#1563 = CARTESIAN_POINT('',(-6.085586367054,-89.62766788828));
#1564 = CARTESIAN_POINT('',(-5.986711916398,-88.87366305983));
#1565 = CARTESIAN_POINT('',(-5.887799077865,-88.11992434342));
#1566 = CARTESIAN_POINT('',(-5.788836639071,-87.36636828265));
#1567 = CARTESIAN_POINT('',(-5.689813170917,-86.61290791046));
#1568 = CARTESIAN_POINT('',(-5.590728876641,-85.85954301942));
#1569 = CARTESIAN_POINT('',(-5.393170860645,-84.35856481557));
#1570 = CARTESIAN_POINT('',(-5.29465344517,-83.61061206987));
#1571 = CARTESIAN_POINT('',(-5.196097518737,-82.86291498701));
#1572 = CARTESIAN_POINT('',(-5.097504472192,-82.11548275033));
#1573 = CARTESIAN_POINT('',(-4.998863116745,-81.36823437952));
#1574 = CARTESIAN_POINT('',(-4.90016155956,-80.62108438003));
#1575 = CARTESIAN_POINT('',(-4.80139930401,-79.87402854011));
#1576 = CARTESIAN_POINT('',(-4.654264677795,-78.76189449847));
#1577 = CARTESIAN_POINT('',(-4.60590941098,-78.39652696101));
#1578 = CARTESIAN_POINT('',(-4.557542537289,-78.03120454937));
#1579 = CARTESIAN_POINT('',(-4.509164444292,-77.66592660917));
#1580 = CARTESIAN_POINT('',(-4.460774687108,-77.30069114746));
#1581 = CARTESIAN_POINT('',(-4.412372566689,-76.93549695665));
#1582 = CARTESIAN_POINT('',(-4.363958032148,-76.57034454486));
#1583 = CARTESIAN_POINT('',(-4.265551431895,-75.82841046427));
#1584 = CARTESIAN_POINT('',(-4.215557206064,-75.45162171598));
#1585 = CARTESIAN_POINT('',(-4.165550736613,-75.07488105502));
#1586 = CARTESIAN_POINT('',(-4.115532201468,-74.69818889984));
#1587 = CARTESIAN_POINT('',(-4.065501232052,-74.32154206455));
#1588 = CARTESIAN_POINT('',(-4.015457394767,-73.94493747967));
#1589 = CARTESIAN_POINT('',(-3.965400698787,-73.56837582196));
#1590 = CARTESIAN_POINT('',(-3.817166477747,-72.45366888896));
#1591 = CARTESIAN_POINT('',(-3.718930440423,-71.71548233107));
#1592 = CARTESIAN_POINT('',(-3.62065607512,-70.97755121402));
#1593 = CARTESIAN_POINT('',(-3.522343769939,-70.23988440719));
#1594 = CARTESIAN_POINT('',(-3.423982635946,-69.50239957733));
#1595 = CARTESIAN_POINT('',(-3.325561761226,-68.76501053306));
#1596 = CARTESIAN_POINT('',(-3.22708151163,-68.02771713138));
#1597 = CARTESIAN_POINT('',(-3.030282668397,-66.55541667969));
#1598 = CARTESIAN_POINT('',(-2.931920826405,-65.82008369987));
#1599 = CARTESIAN_POINT('',(-2.833521473966,-65.08500564818));
#1600 = CARTESIAN_POINT('',(-2.735085375973,-64.35018878117));
#1601 = CARTESIAN_POINT('',(-2.636601078146,-63.61555235648));
#1602 = CARTESIAN_POINT('',(-2.538056781178,-62.88101326105));
#1603 = CARTESIAN_POINT('',(-2.439452461005,-62.14657202318));
#1604 = CARTESIAN_POINT('',(-2.243285919639,-60.6865338574));
#1605 = CARTESIAN_POINT('',(-2.145681815265,-59.96061309454));
#1606 = CARTESIAN_POINT('',(-2.048040204009,-59.23494429782));
#1607 = CARTESIAN_POINT('',(-1.9503622115,-58.50953231947));
#1608 = CARTESIAN_POINT('',(-1.852637350616,-57.78429629163));
#1609 = CARTESIAN_POINT('',(-1.754854475575,-57.05915474901));
#1610 = CARTESIAN_POINT('',(-1.657013246033,-56.33411055085));
#1611 = CARTESIAN_POINT('',(-1.518250512798,-55.30657457576));
#1612 = CARTESIAN_POINT('',(-1.477347486915,-55.00378104043));
#1613 = CARTESIAN_POINT('',(-1.436436195817,-54.70101928356));
#1614 = CARTESIAN_POINT('',(-1.395516678001,-54.39828968726));
#1615 = CARTESIAN_POINT('',(-1.354588793838,-54.09559119527));
#1616 = CARTESIAN_POINT('',(-1.313652406982,-53.79292265921));
#1617 = CARTESIAN_POINT('',(-1.272707565771,-53.49028418491));
#1618 = CARTESIAN_POINT('',(-1.175747078596,-52.77383162089));
#1619 = CARTESIAN_POINT('',(-1.119722539784,-52.36003206861));
#1620 = CARTESIAN_POINT('',(-1.063683181282,-51.94629401913));
#1621 = CARTESIAN_POINT('',(-1.007628743892,-51.53262011411));
#1622 = CARTESIAN_POINT('',(-0.95156020939,-51.1189985281));
#1623 = CARTESIAN_POINT('',(-0.895473180253,-50.70543822177));
#1624 = CARTESIAN_POINT('',(-0.839370380143,-50.29192918975));
#1625 = CARTESIAN_POINT('',(-0.685520296981,-49.1584480053));
#1626 = CARTESIAN_POINT('',(-0.587717840347,-48.43842145453));
#1627 = CARTESIAN_POINT('',(-0.489879142647,-47.7186458848));
#1628 = CARTESIAN_POINT('',(-0.392005228708,-46.99912557114));
#1629 = CARTESIAN_POINT('',(-0.29408442311,-46.27978364499));
#1630 = CARTESIAN_POINT('',(-0.19610463787,-45.56054125063));
#1631 = CARTESIAN_POINT('',(-9.806579832523E-02,-44.84139807921));
#1632 = CARTESIAN_POINT('',(0.,-44.12258850207));
#1633 = ( GEOMETRIC_REPRESENTATION_CONTEXT(2) 
PARAMETRIC_REPRESENTATION_CONTEXT() REPRESENTATION_CONTEXT('2D SPACE',''
  ) );
#1634 = PCURVE('',#566,#1635);
#1635 = DEFINITIONAL_REPRESENTATION('',(#1636),#1709);
#1636 = B_SPLINE_CURVE_WITH_KNOTS('',8,(#1637,#1638,#1639,#1640,#1641,
    #1642,#1643,#1644,#1645,#1646,#1647,#1648,#1649,#1650,#1651,#1652,
    #1653,#1654,#1655,#1656,#1657,#1658,#1659,#1660,#1661,#1662,#1663,
    #1664,#1665,#1666,#1667,#1668,#1669,#1670,#1671,#1672,#1673,#1674,
    #1675,#1676,#1677,#1678,#1679,#1680,#1681,#1682,#1683,#1684,#1685,
    #1686,#1687,#1688,#1689,#1690,#1691,#1692,#1693,#1694,#1695,#1696,
    #1697,#1698,#1699,#1700,#1701,#1702,#1703,#1704,#1705,#1706,#1707,
    #1708),.UNSPECIFIED.,.F.,.F.,(9,7,7,7,7,7,7,7,7,7,9),(0.,
    0.127512720114,0.254166836801,0.316143883372,0.380111080276,
    0.505526721105,0.630667289867,0.754415695369,0.806124047521,
    0.876840952796,1.),.UNSPECIFIED.);
#1637 = CARTESIAN_POINT('',(143.94192650114,3.100775154432E-02));
#1638 = CARTESIAN_POINT('',(143.18765779073,3.10077439183E-02));
#1639 = CARTESIAN_POINT('',(142.43339504138,3.100776295863E-02));
#1640 = CARTESIAN_POINT('',(141.67939021293,3.100783215342E-02));
#1641 = CARTESIAN_POINT('',(140.92565149652,3.100795242565E-02));
#1642 = CARTESIAN_POINT('',(140.17209543575,3.100802491755E-02));
#1643 = CARTESIAN_POINT('',(139.41863506355,3.100796540305E-02));
#1644 = CARTESIAN_POINT('',(138.66527017252,3.100781546889E-02));
#1645 = CARTESIAN_POINT('',(137.16429196867,3.100749681804E-02));
#1646 = CARTESIAN_POINT('',(136.41633922297,3.100735222178E-02));
#1647 = CARTESIAN_POINT('',(135.66864214011,3.100718614736E-02));
#1648 = CARTESIAN_POINT('',(134.92120990343,3.10072967447E-02));
#1649 = CARTESIAN_POINT('',(134.17396153261,3.100780897708E-02));
#1650 = CARTESIAN_POINT('',(133.42681153312,3.100840364786E-02));
#1651 = CARTESIAN_POINT('',(132.67975569321,3.100851044499E-02));
#1652 = CARTESIAN_POINT('',(131.56762165157,3.10080376448E-02));
#1653 = CARTESIAN_POINT('',(131.20225411411,3.100770317318E-02));
#1654 = CARTESIAN_POINT('',(130.83693170247,3.100758761071E-02));
#1655 = CARTESIAN_POINT('',(130.47165376227,3.100694576347E-02));
#1656 = CARTESIAN_POINT('',(130.10641830056,3.100639351885E-02));
#1657 = CARTESIAN_POINT('',(129.74122410975,3.100666261082E-02));
#1658 = CARTESIAN_POINT('',(129.37607169796,3.100711159355E-02));
#1659 = CARTESIAN_POINT('',(128.63413761737,3.100789839445E-02));
#1660 = CARTESIAN_POINT('',(128.25734886908,3.100828625514E-02));
#1661 = CARTESIAN_POINT('',(127.88060820811,3.100851683624E-02));
#1662 = CARTESIAN_POINT('',(127.50391605294,3.100857285407E-02));
#1663 = CARTESIAN_POINT('',(127.12726921764,3.100849619852E-02));
#1664 = CARTESIAN_POINT('',(126.75066463277,3.100834186406E-02));
#1665 = CARTESIAN_POINT('',(126.37410297506,3.100815487773E-02));
#1666 = CARTESIAN_POINT('',(125.25939604206,3.100760818804E-02));
#1667 = CARTESIAN_POINT('',(124.52120948416,3.100725118676E-02));
#1668 = CARTESIAN_POINT('',(123.78327836711,3.100717310025E-02));
#1669 = CARTESIAN_POINT('',(123.04561156029,3.100738627735E-02));
#1670 = CARTESIAN_POINT('',(122.30812673043,3.100765343843E-02));
#1671 = CARTESIAN_POINT('',(121.57073768616,3.100778061184E-02));
#1672 = CARTESIAN_POINT('',(120.83344428448,3.100781888E-02));
#1673 = CARTESIAN_POINT('',(119.36114383279,3.100778657721E-02));
#1674 = CARTESIAN_POINT('',(118.62581085296,3.100772065974E-02));
#1675 = CARTESIAN_POINT('',(117.89073280128,3.10076461984E-02));
#1676 = CARTESIAN_POINT('',(117.15591593426,3.10076850946E-02));
#1677 = CARTESIAN_POINT('',(116.42127950957,3.100785829314E-02));
#1678 = CARTESIAN_POINT('',(115.68674041415,3.100804405979E-02));
#1679 = CARTESIAN_POINT('',(114.95229917627,3.100808707743E-02));
#1680 = CARTESIAN_POINT('',(113.49226101049,3.1008051687E-02));
#1681 = CARTESIAN_POINT('',(112.76634024764,3.10079590197E-02));
#1682 = CARTESIAN_POINT('',(112.04067145092,3.100766961391E-02));
#1683 = CARTESIAN_POINT('',(111.31525947256,3.100723035659E-02));
#1684 = CARTESIAN_POINT('',(110.59002344473,3.100689895155E-02));
#1685 = CARTESIAN_POINT('',(109.86488190211,3.100692248412E-02));
#1686 = CARTESIAN_POINT('',(109.13983770395,3.100729794623E-02));
#1687 = CARTESIAN_POINT('',(108.11230172886,3.100795360871E-02));
#1688 = CARTESIAN_POINT('',(107.80950819353,3.1008161393E-02));
#1689 = CARTESIAN_POINT('',(107.50674643666,3.100836864061E-02));
#1690 = CARTESIAN_POINT('',(107.20401684036,3.100854852944E-02));
#1691 = CARTESIAN_POINT('',(106.90131834837,3.100866987147E-02));
#1692 = CARTESIAN_POINT('',(106.5986498123,3.100870447638E-02));
#1693 = CARTESIAN_POINT('',(106.296011338,3.100863451519E-02));
#1694 = CARTESIAN_POINT('',(105.57955877399,3.100822105604E-02));
#1695 = CARTESIAN_POINT('',(105.16575922172,3.100771565304E-02));
#1696 = CARTESIAN_POINT('',(104.75202117221,3.100735956813E-02));
#1697 = CARTESIAN_POINT('',(104.33834726724,3.100640947223E-02));
#1698 = CARTESIAN_POINT('',(103.92472568118,3.100525338271E-02));
#1699 = CARTESIAN_POINT('',(103.51116537487,3.100689740166E-02));
#1700 = CARTESIAN_POINT('',(103.09765634285,3.10073389514E-02));
#1701 = CARTESIAN_POINT('',(101.9641751584,3.100876458651E-02));
#1702 = CARTESIAN_POINT('',(101.24414860762,3.100924588907E-02));
#1703 = CARTESIAN_POINT('',(100.5243730379,3.100856302065E-02));
#1704 = CARTESIAN_POINT('',(99.804852724239,3.100769337169E-02));
#1705 = CARTESIAN_POINT('',(99.085510798086,3.100721420347E-02));
#1706 = CARTESIAN_POINT('',(98.366268403732,3.100709223284E-02));
#1707 = CARTESIAN_POINT('',(97.64712523231,3.100720035479E-02));
#1708 = CARTESIAN_POINT('',(96.928315655169,3.100738169272E-02));
#1709 = ( GEOMETRIC_REPRESENTATION_CONTEXT(2) 
PARAMETRIC_REPRESENTATION_CONTEXT() REPRESENTATION_CONTEXT('2D SPACE',''
  ) );
#1710 = ORIENTED_EDGE('',*,*,#418,.T.);
#1711 = ORIENTED_EDGE('',*,*,#1151,.F.);
#1712 = ORIENTED_EDGE('',*,*,#1713,.T.);
#1713 = EDGE_CURVE('',#1152,#1714,#1716,.T.);
#1714 = VERTEX_POINT('',#1715);
#1715 = CARTESIAN_POINT('',(9.,60.,153.));
#1716 = SURFACE_CURVE('',#1717,(#1722,#1729),.PCURVE_S1.);
#1717 = CIRCLE('',#1718,9.);
#1718 = AXIS2_PLACEMENT_3D('',#1719,#1720,#1721);
#1719 = CARTESIAN_POINT('',(0.,60.,153.));
#1720 = DIRECTION('',(0.,0.,1.));
#1721 = DIRECTION('',(1.,0.,0.));
#1722 = PCURVE('',#434,#1723);
#1723 = DEFINITIONAL_REPRESENTATION('',(#1724),#1728);
#1724 = LINE('',#1725,#1726);
#1725 = CARTESIAN_POINT('',(-0.,-98.1942728469));
#1726 = VECTOR('',#1727,1.);
#1727 = DIRECTION('',(-1.,0.));
#1728 = ( GEOMETRIC_REPRESENTATION_CONTEXT(2) 
PARAMETRIC_REPRESENTATION_CONTEXT() REPRESENTATION_CONTEXT('2D SPACE',''
  ) );
#1729 = PCURVE('',#1221,#1730);
#1730 = DEFINITIONAL_REPRESENTATION('',(#1731),#1735);
#1731 = CIRCLE('',#1732,9.);
#1732 = AXIS2_PLACEMENT_2D('',#1733,#1734);
#1733 = CARTESIAN_POINT('',(6.077511700175E-16,-7.105427357601E-15));
#1734 = DIRECTION('',(1.,0.));
#1735 = ( GEOMETRIC_REPRESENTATION_CONTEXT(2) 
PARAMETRIC_REPRESENTATION_CONTEXT() REPRESENTATION_CONTEXT('2D SPACE',''
  ) );
#1736 = ORIENTED_EDGE('',*,*,#1737,.F.);
#1737 = EDGE_CURVE('',#1482,#1714,#1738,.T.);
#1738 = SURFACE_CURVE('',#1739,(#1743,#1750),.PCURVE_S1.);
#1739 = LINE('',#1740,#1741);
#1740 = CARTESIAN_POINT('',(9.,60.,54.805727153097));
#1741 = VECTOR('',#1742,1.);
#1742 = DIRECTION('',(0.,0.,1.));
#1743 = PCURVE('',#434,#1744);
#1744 = DEFINITIONAL_REPRESENTATION('',(#1745),#1749);
#1745 = LINE('',#1746,#1747);
#1746 = CARTESIAN_POINT('',(-6.28318530718,0.));
#1747 = VECTOR('',#1748,1.);
#1748 = DIRECTION('',(-0.,-1.));
#1749 = ( GEOMETRIC_REPRESENTATION_CONTEXT(2) 
PARAMETRIC_REPRESENTATION_CONTEXT() REPRESENTATION_CONTEXT('2D SPACE',''
  ) );
#1750 = PCURVE('',#1751,#1756);
#1751 = CYLINDRICAL_SURFACE('',#1752,9.);
#1752 = AXIS2_PLACEMENT_3D('',#1753,#1754,#1755);
#1753 = CARTESIAN_POINT('',(0.,60.,54.805727153097));
#1754 = DIRECTION('',(-0.,-0.,-1.));
#1755 = DIRECTION('',(1.,0.,0.));
#1756 = DEFINITIONAL_REPRESENTATION('',(#1757),#1761);
#1757 = LINE('',#1758,#1759);
#1758 = CARTESIAN_POINT('',(-0.,0.));
#1759 = VECTOR('',#1760,1.);
#1760 = DIRECTION('',(-0.,-1.));
#1761 = ( GEOMETRIC_REPRESENTATION_CONTEXT(2) 
PARAMETRIC_REPRESENTATION_CONTEXT() REPRESENTATION_CONTEXT('2D SPACE',''
  ) );
#1762 = ADVANCED_FACE('',(#1763),#566,.F.);
#1763 = FACE_BOUND('',#1764,.F.);
#1764 = EDGE_LOOP('',(#1765,#1788,#1833,#1834,#1835,#1836,#1874,#1903,
    #1950,#1971));
#1765 = ORIENTED_EDGE('',*,*,#1766,.F.);
#1766 = EDGE_CURVE('',#1767,#1769,#1771,.T.);
#1767 = VERTEX_POINT('',#1768);
#1768 = CARTESIAN_POINT('',(8.196687196281,60.233064382369,
    54.005727153097));
#1769 = VERTEX_POINT('',#1770);
#1770 = CARTESIAN_POINT('',(33.986263984578,60.96636451226,
    54.005727153097));
#1771 = SURFACE_CURVE('',#1772,(#1775,#1782),.PCURVE_S1.);
#1772 = B_SPLINE_CURVE_WITH_KNOTS('',1,(#1773,#1774),.UNSPECIFIED.,.F.,
  .F.,(2,2),(0.,1.),.PIECEWISE_BEZIER_KNOTS.);
#1773 = CARTESIAN_POINT('',(8.196687196281,60.233064382369,
    54.005727153097));
#1774 = CARTESIAN_POINT('',(33.986263984578,60.96636451226,
    54.005727153097));
#1775 = PCURVE('',#566,#1776);
#1776 = DEFINITIONAL_REPRESENTATION('',(#1777),#1781);
#1777 = LINE('',#1778,#1779);
#1778 = CARTESIAN_POINT('',(52.005727153097,0.));
#1779 = VECTOR('',#1780,1.);
#1780 = DIRECTION('',(0.,1.));
#1781 = ( GEOMETRIC_REPRESENTATION_CONTEXT(2) 
PARAMETRIC_REPRESENTATION_CONTEXT() REPRESENTATION_CONTEXT('2D SPACE',''
  ) );
#1782 = PCURVE('',#1092,#1783);
#1783 = DEFINITIONAL_REPRESENTATION('',(#1784),#1787);
#1784 = B_SPLINE_CURVE_WITH_KNOTS('',1,(#1785,#1786),.UNSPECIFIED.,.F.,
  .F.,(2,2),(0.,1.),.PIECEWISE_BEZIER_KNOTS.);
#1785 = CARTESIAN_POINT('',(12.9,-2.));
#1786 = CARTESIAN_POINT('',(-12.9,-2.));
#1787 = ( GEOMETRIC_REPRESENTATION_CONTEXT(2) 
PARAMETRIC_REPRESENTATION_CONTEXT() REPRESENTATION_CONTEXT('2D SPACE',''
  ) );
#1788 = ORIENTED_EDGE('',*,*,#1789,.T.);
#1789 = EDGE_CURVE('',#1767,#758,#1790,.T.);
#1790 = SURFACE_CURVE('',#1791,(#1819,#1826),.PCURVE_S1.);
#1791 = B_SPLINE_CURVE_WITH_KNOTS('',8,(#1792,#1793,#1794,#1795,#1796,
    #1797,#1798,#1799,#1800,#1801,#1802,#1803,#1804,#1805,#1806,#1807,
    #1808,#1809,#1810,#1811,#1812,#1813,#1814,#1815,#1816,#1817,#1818),
  .UNSPECIFIED.,.F.,.F.,(9,6,6,6,9),(52.005727153097,77.954295364823,
    103.90286357654,129.85143178827,155.8),.UNSPECIFIED.);
#1792 = CARTESIAN_POINT('',(8.196687196281,60.233064382369,
    54.005727153097));
#1793 = CARTESIAN_POINT('',(8.08962460573,64.011660810053,
    57.249298179548));
#1794 = CARTESIAN_POINT('',(5.989313596205,67.719416960698,
    60.492869206094));
#1795 = CARTESIAN_POINT('',(1.970125529032,70.139429082372,
    63.736440232357));
#1796 = CARTESIAN_POINT('',(-3.056013578275,70.095405986076,
    66.980011259128));
#1797 = CARTESIAN_POINT('',(-7.191893994746,67.338315056458,
    70.223582285306));
#1798 = CARTESIAN_POINT('',(-9.176779899557,63.187333443047,
    73.467153311936));
#1799 = CARTESIAN_POINT('',(-8.703486625561,54.875521508382,
    79.954295364772));
#1800 = CARTESIAN_POINT('',(-1.701926931911,50.455301534564,
    86.441437417801));
#1801 = CARTESIAN_POINT('',(2.828151130074,50.183173952489,
    89.685008444095));
#1802 = CARTESIAN_POINT('',(7.125358800073,52.399401265067,
    92.928579470844));
#1803 = CARTESIAN_POINT('',(9.556151227582,56.525756962549,
    96.172150497045));
#1804 = CARTESIAN_POINT('',(9.592758246721,60.978777324234,
    99.415721523652));
#1805 = CARTESIAN_POINT('',(5.826542074374,68.143969231126,
    105.90286357651));
#1806 = CARTESIAN_POINT('',(-2.128503467139,69.386169564195,
    112.39000562951));
#1807 = CARTESIAN_POINT('',(-6.274441417878,67.93132346437,
    115.63357665585));
#1808 = CARTESIAN_POINT('',(-9.313574618535,64.396988288886,
    118.87714768253));
#1809 = CARTESIAN_POINT('',(-10.06809227879,59.839799532317,
    122.12071870879));
#1810 = CARTESIAN_POINT('',(-8.59702736988,55.78275253814,
    125.36428973536));
#1811 = CARTESIAN_POINT('',(-2.785671578495,50.465830000795,
    131.85143178825));
#1812 = CARTESIAN_POINT('',(4.933084197288,51.812488743299,
    138.33857384121));
#1813 = CARTESIAN_POINT('',(8.310723909871,54.406783346424,
    141.58214486772));
#1814 = CARTESIAN_POINT('',(10.085571521683,58.541161472205,
    144.82571589398));
#1815 = CARTESIAN_POINT('',(9.525917991869,62.969854688144,
    148.06928692078));
#1816 = CARTESIAN_POINT('',(7.073695248899,66.360929790072,
    151.31285794696));
#1817 = CARTESIAN_POINT('',(3.65902163178,68.108080879105,
    154.55642897356));
#1818 = CARTESIAN_POINT('',(0.212543070648,68.197244991039,157.8));
#1819 = PCURVE('',#566,#1820);
#1820 = DEFINITIONAL_REPRESENTATION('',(#1821),#1825);
#1821 = LINE('',#1822,#1823);
#1822 = CARTESIAN_POINT('',(0.,0.));
#1823 = VECTOR('',#1824,1.);
#1824 = DIRECTION('',(1.,0.));
#1825 = ( GEOMETRIC_REPRESENTATION_CONTEXT(2) 
PARAMETRIC_REPRESENTATION_CONTEXT() REPRESENTATION_CONTEXT('2D SPACE',''
  ) );
#1826 = PCURVE('',#815,#1827);
#1827 = DEFINITIONAL_REPRESENTATION('',(#1828),#1832);
#1828 = LINE('',#1829,#1830);
#1829 = CARTESIAN_POINT('',(0.,0.));
#1830 = VECTOR('',#1831,1.);
#1831 = DIRECTION('',(1.,0.));
#1832 = ( GEOMETRIC_REPRESENTATION_CONTEXT(2) 
PARAMETRIC_REPRESENTATION_CONTEXT() REPRESENTATION_CONTEXT('2D SPACE',''
  ) );
#1833 = ORIENTED_EDGE('',*,*,#757,.T.);
#1834 = ORIENTED_EDGE('',*,*,#446,.F.);
#1835 = ORIENTED_EDGE('',*,*,#1481,.F.);
#1836 = ORIENTED_EDGE('',*,*,#1837,.F.);
#1837 = EDGE_CURVE('',#1838,#1482,#1840,.T.);
#1838 = VERTEX_POINT('',#1839);
#1839 = CARTESIAN_POINT('',(5.442310575341,67.168071958451,153.));
#1840 = SURFACE_CURVE('',#1841,(#1850,#1862),.PCURVE_S1.);
#1841 = B_SPLINE_CURVE_WITH_KNOTS('',7,(#1842,#1843,#1844,#1845,#1846,
    #1847,#1848,#1849),.UNSPECIFIED.,.F.,.F.,(8,8),(0.,1.),
  .PIECEWISE_BEZIER_KNOTS.);
#1842 = CARTESIAN_POINT('',(5.442310015572,67.168072383452,153.0000006)
  );
#1843 = CARTESIAN_POINT('',(6.383751661868,66.453289241398,
    151.99089677182));
#1844 = CARTESIAN_POINT('',(7.216765866146,65.59341825692,
    150.98162674879));
#1845 = CARTESIAN_POINT('',(7.913565386518,64.608600196947,
    149.97305948221));
#1846 = CARTESIAN_POINT('',(8.452282300842,63.52526263796,
    148.96499107537));
#1847 = CARTESIAN_POINT('',(8.817378072072,62.37358762689,147.957086015)
  );
#1848 = CARTESIAN_POINT('',(9.,61.186928442775,146.94911633226));
#1849 = CARTESIAN_POINT('',(9.,60.,145.94192650114));
#1850 = PCURVE('',#566,#1851);
#1851 = DEFINITIONAL_REPRESENTATION('',(#1852),#1861);
#1852 = B_SPLINE_CURVE_WITH_KNOTS('',7,(#1853,#1854,#1855,#1856,#1857,
    #1858,#1859,#1860),.UNSPECIFIED.,.F.,.F.,(8,8),(0.,1.),
  .PIECEWISE_BEZIER_KNOTS.);
#1853 = CARTESIAN_POINT('',(151.0000006,3.100779227199E-02));
#1854 = CARTESIAN_POINT('',(149.99089677182,3.100751420334E-02));
#1855 = CARTESIAN_POINT('',(148.98162674879,3.100731622613E-02));
#1856 = CARTESIAN_POINT('',(147.9730594822,3.100762923867E-02));
#1857 = CARTESIAN_POINT('',(146.96499107537,3.100789013995E-02));
#1858 = CARTESIAN_POINT('',(145.957086015,3.100781236525E-02));
#1859 = CARTESIAN_POINT('',(144.94911633226,3.10077617275E-02));
#1860 = CARTESIAN_POINT('',(143.94192650114,3.100775154432E-02));
#1861 = ( GEOMETRIC_REPRESENTATION_CONTEXT(2) 
PARAMETRIC_REPRESENTATION_CONTEXT() REPRESENTATION_CONTEXT('2D SPACE',''
  ) );
#1862 = PCURVE('',#1751,#1863);
#1863 = DEFINITIONAL_REPRESENTATION('',(#1864),#1873);
#1864 = B_SPLINE_CURVE_WITH_KNOTS('',7,(#1865,#1866,#1867,#1868,#1869,
    #1870,#1871,#1872),.UNSPECIFIED.,.F.,.F.,(8,8),(0.,1.),
  .PIECEWISE_BEZIER_KNOTS.);
#1865 = CARTESIAN_POINT('',(-0.921405785913,-98.1942734469));
#1866 = CARTESIAN_POINT('',(-0.790067596796,-97.18516961872));
#1867 = CARTESIAN_POINT('',(-0.658576378394,-96.17589959569));
#1868 = CARTESIAN_POINT('',(-0.527043771208,-95.16733232911));
#1869 = CARTESIAN_POINT('',(-0.395442627895,-94.15926392227));
#1870 = CARTESIAN_POINT('',(-0.263731899045,-93.1513588619));
#1871 = CARTESIAN_POINT('',(-0.131880938086,-92.14338917916));
#1872 = CARTESIAN_POINT('',(0.,-91.13619934805));
#1873 = ( GEOMETRIC_REPRESENTATION_CONTEXT(2) 
PARAMETRIC_REPRESENTATION_CONTEXT() REPRESENTATION_CONTEXT('2D SPACE',''
  ) );
#1874 = ORIENTED_EDGE('',*,*,#1875,.F.);
#1875 = EDGE_CURVE('',#1876,#1838,#1878,.T.);
#1876 = VERTEX_POINT('',#1877);
#1877 = CARTESIAN_POINT('',(4.958549056437,66.530909002026,153.));
#1878 = SURFACE_CURVE('',#1879,(#1885,#1894),.PCURVE_S1.);
#1879 = B_SPLINE_CURVE_WITH_KNOTS('',4,(#1880,#1881,#1882,#1883,#1884),
  .UNSPECIFIED.,.F.,.F.,(5,5),(0.,1.),.PIECEWISE_BEZIER_KNOTS.);
#1880 = CARTESIAN_POINT('',(4.958549056437,66.530909002026,153.));
#1881 = CARTESIAN_POINT('',(5.427209074823,67.14818175152,153.));
#1882 = CARTESIAN_POINT('',(5.895869093209,67.765454501013,153.));
#1883 = CARTESIAN_POINT('',(6.364529111594,68.382727250507,153.));
#1884 = CARTESIAN_POINT('',(6.83318912998,69.,153.));
#1885 = PCURVE('',#566,#1886);
#1886 = DEFINITIONAL_REPRESENTATION('',(#1887),#1893);
#1887 = B_SPLINE_CURVE_WITH_KNOTS('',4,(#1888,#1889,#1890,#1891,#1892),
  .UNSPECIFIED.,.F.,.F.,(5,5),(0.,1.),.PIECEWISE_BEZIER_KNOTS.);
#1888 = CARTESIAN_POINT('',(151.,0.));
#1889 = CARTESIAN_POINT('',(151.,3.003982723499E-02));
#1890 = CARTESIAN_POINT('',(151.,6.007965446998E-02));
#1891 = CARTESIAN_POINT('',(151.,9.011948170497E-02));
#1892 = CARTESIAN_POINT('',(151.,0.12015930894));
#1893 = ( GEOMETRIC_REPRESENTATION_CONTEXT(2) 
PARAMETRIC_REPRESENTATION_CONTEXT() REPRESENTATION_CONTEXT('2D SPACE',''
  ) );
#1894 = PCURVE('',#1221,#1895);
#1895 = DEFINITIONAL_REPRESENTATION('',(#1896),#1902);
#1896 = B_SPLINE_CURVE_WITH_KNOTS('',4,(#1897,#1898,#1899,#1900,#1901),
  .UNSPECIFIED.,.F.,.F.,(5,5),(0.,1.),.PIECEWISE_BEZIER_KNOTS.);
#1897 = CARTESIAN_POINT('',(4.958549056437,6.530909002026));
#1898 = CARTESIAN_POINT('',(5.427209074823,7.14818175152));
#1899 = CARTESIAN_POINT('',(5.895869093209,7.765454501013));
#1900 = CARTESIAN_POINT('',(6.364529111594,8.382727250507));
#1901 = CARTESIAN_POINT('',(6.83318912998,9.));
#1902 = ( GEOMETRIC_REPRESENTATION_CONTEXT(2) 
PARAMETRIC_REPRESENTATION_CONTEXT() REPRESENTATION_CONTEXT('2D SPACE',''
  ) );
#1903 = ORIENTED_EDGE('',*,*,#1904,.T.);
#1904 = EDGE_CURVE('',#1876,#1905,#1907,.T.);
#1905 = VERTEX_POINT('',#1906);
#1906 = CARTESIAN_POINT('',(0.212543070648,68.197244991039,157.8));
#1907 = SURFACE_CURVE('',#1908,(#1936,#1943),.PCURVE_S1.);
#1908 = B_SPLINE_CURVE_WITH_KNOTS('',8,(#1909,#1910,#1911,#1912,#1913,
    #1914,#1915,#1916,#1917,#1918,#1919,#1920,#1921,#1922,#1923,#1924,
    #1925,#1926,#1927,#1928,#1929,#1930,#1931,#1932,#1933,#1934,#1935),
  .UNSPECIFIED.,.F.,.F.,(9,6,6,6,9),(52.005727153097,77.954295364823,
    103.90286357654,129.85143178827,155.8),.UNSPECIFIED.);
#1909 = CARTESIAN_POINT('',(8.196687196281,60.233064382369,
    54.005727153097));
#1910 = CARTESIAN_POINT('',(8.08962460573,64.011660810053,
    57.249298179548));
#1911 = CARTESIAN_POINT('',(5.989313596205,67.719416960698,
    60.492869206094));
#1912 = CARTESIAN_POINT('',(1.970125529032,70.139429082372,
    63.736440232357));
#1913 = CARTESIAN_POINT('',(-3.056013578275,70.095405986076,
    66.980011259128));
#1914 = CARTESIAN_POINT('',(-7.191893994746,67.338315056458,
    70.223582285306));
#1915 = CARTESIAN_POINT('',(-9.176779899557,63.187333443047,
    73.467153311936));
#1916 = CARTESIAN_POINT('',(-8.703486625561,54.875521508382,
    79.954295364772));
#1917 = CARTESIAN_POINT('',(-1.701926931911,50.455301534564,
    86.441437417801));
#1918 = CARTESIAN_POINT('',(2.828151130074,50.183173952489,
    89.685008444095));
#1919 = CARTESIAN_POINT('',(7.125358800073,52.399401265067,
    92.928579470844));
#1920 = CARTESIAN_POINT('',(9.556151227582,56.525756962549,
    96.172150497045));
#1921 = CARTESIAN_POINT('',(9.592758246721,60.978777324234,
    99.415721523652));
#1922 = CARTESIAN_POINT('',(5.826542074374,68.143969231126,
    105.90286357651));
#1923 = CARTESIAN_POINT('',(-2.128503467139,69.386169564195,
    112.39000562951));
#1924 = CARTESIAN_POINT('',(-6.274441417878,67.93132346437,
    115.63357665585));
#1925 = CARTESIAN_POINT('',(-9.313574618535,64.396988288886,
    118.87714768253));
#1926 = CARTESIAN_POINT('',(-10.06809227879,59.839799532317,
    122.12071870879));
#1927 = CARTESIAN_POINT('',(-8.59702736988,55.78275253814,
    125.36428973536));
#1928 = CARTESIAN_POINT('',(-2.785671578495,50.465830000795,
    131.85143178825));
#1929 = CARTESIAN_POINT('',(4.933084197288,51.812488743299,
    138.33857384121));
#1930 = CARTESIAN_POINT('',(8.310723909871,54.406783346424,
    141.58214486772));
#1931 = CARTESIAN_POINT('',(10.085571521683,58.541161472205,
    144.82571589398));
#1932 = CARTESIAN_POINT('',(9.525917991869,62.969854688144,
    148.06928692078));
#1933 = CARTESIAN_POINT('',(7.073695248899,66.360929790072,
    151.31285794696));
#1934 = CARTESIAN_POINT('',(3.65902163178,68.108080879105,
    154.55642897356));
#1935 = CARTESIAN_POINT('',(0.212543070648,68.197244991039,157.8));
#1936 = PCURVE('',#566,#1937);
#1937 = DEFINITIONAL_REPRESENTATION('',(#1938),#1942);
#1938 = LINE('',#1939,#1940);
#1939 = CARTESIAN_POINT('',(0.,0.));
#1940 = VECTOR('',#1941,1.);
#1941 = DIRECTION('',(1.,0.));
#1942 = ( GEOMETRIC_REPRESENTATION_CONTEXT(2) 
PARAMETRIC_REPRESENTATION_CONTEXT() REPRESENTATION_CONTEXT('2D SPACE',''
  ) );
#1943 = PCURVE('',#1272,#1944);
#1944 = DEFINITIONAL_REPRESENTATION('',(#1945),#1949);
#1945 = LINE('',#1946,#1947);
#1946 = CARTESIAN_POINT('',(0.,0.));
#1947 = VECTOR('',#1948,1.);
#1948 = DIRECTION('',(1.,0.));
#1949 = ( GEOMETRIC_REPRESENTATION_CONTEXT(2) 
PARAMETRIC_REPRESENTATION_CONTEXT() REPRESENTATION_CONTEXT('2D SPACE',''
  ) );
#1950 = ORIENTED_EDGE('',*,*,#1951,.T.);
#1951 = EDGE_CURVE('',#1905,#1952,#1954,.T.);
#1952 = VERTEX_POINT('',#1953);
#1953 = CARTESIAN_POINT('',(0.88127614659,93.988576792114,157.8));
#1954 = SURFACE_CURVE('',#1955,(#1958,#1965),.PCURVE_S1.);
#1955 = B_SPLINE_CURVE_WITH_KNOTS('',1,(#1956,#1957),.UNSPECIFIED.,.F.,
  .F.,(2,2),(0.,1.),.PIECEWISE_BEZIER_KNOTS.);
#1956 = CARTESIAN_POINT('',(0.212543070648,68.197244991039,157.8));
#1957 = CARTESIAN_POINT('',(0.88127614659,93.988576792114,157.8));
#1958 = PCURVE('',#566,#1959);
#1959 = DEFINITIONAL_REPRESENTATION('',(#1960),#1964);
#1960 = LINE('',#1961,#1962);
#1961 = CARTESIAN_POINT('',(155.8,0.));
#1962 = VECTOR('',#1963,1.);
#1963 = DIRECTION('',(0.,1.));
#1964 = ( GEOMETRIC_REPRESENTATION_CONTEXT(2) 
PARAMETRIC_REPRESENTATION_CONTEXT() REPRESENTATION_CONTEXT('2D SPACE',''
  ) );
#1965 = PCURVE('',#1349,#1966);
#1966 = DEFINITIONAL_REPRESENTATION('',(#1967),#1970);
#1967 = B_SPLINE_CURVE_WITH_KNOTS('',1,(#1968,#1969),.UNSPECIFIED.,.F.,
  .F.,(2,2),(0.,1.),.PIECEWISE_BEZIER_KNOTS.);
#1968 = CARTESIAN_POINT('',(-12.9,2.));
#1969 = CARTESIAN_POINT('',(12.9,2.));
#1970 = ( GEOMETRIC_REPRESENTATION_CONTEXT(2) 
PARAMETRIC_REPRESENTATION_CONTEXT() REPRESENTATION_CONTEXT('2D SPACE',''
  ) );
#1971 = ORIENTED_EDGE('',*,*,#1972,.F.);
#1972 = EDGE_CURVE('',#1769,#1952,#1973,.T.);
#1973 = SURFACE_CURVE('',#1974,(#2008,#2015),.PCURVE_S1.);
#1974 = B_SPLINE_CURVE_WITH_KNOTS('',8,(#1975,#1976,#1977,#1978,#1979,
    #1980,#1981,#1982,#1983,#1984,#1985,#1986,#1987,#1988,#1989,#1990,
    #1991,#1992,#1993,#1994,#1995,#1996,#1997,#1998,#1999,#2000,#2001,
    #2002,#2003,#2004,#2005,#2006,#2007),.UNSPECIFIED.,.F.,.F.,(9,6,6,6,
    6,9),(52.005727153097,72.764581722478,93.523436291858,
    114.28229086123,135.04114543061,155.8),.UNSPECIFIED.);
#1975 = CARTESIAN_POINT('',(33.986263984578,60.96636451226,
    54.005727153097));
#1976 = CARTESIAN_POINT('',(33.630123495103,73.499750363735,
    56.600583974268));
#1977 = CARTESIAN_POINT('',(27.990781785529,85.848167853579,
    59.19544079545));
#1978 = CARTESIAN_POINT('',(17.202596970445,95.416909100158,
    61.790297616603));
#1979 = CARTESIAN_POINT('',(2.891416894068,99.71296491127,
    64.385154437795));
#1980 = CARTESIAN_POINT('',(-11.7957856022,97.469854270785,
    66.980011258963));
#1981 = CARTESIAN_POINT('',(-23.70938592187,89.677483912842,
    69.574868080125));
#1982 = CARTESIAN_POINT('',(-38.38253221288,67.38853113449,
    74.764581722493));
#1983 = CARTESIAN_POINT('',(-33.05178827655,41.367289959125,
    79.954295364803));
#1984 = CARTESIAN_POINT('',(-24.97217896657,29.842003296847,
    82.549152186081));
#1985 = CARTESIAN_POINT('',(-12.44460391184,22.43133760715,
    85.144009007029));
#1986 = CARTESIAN_POINT('',(1.961610433905,20.978493782909,
    87.738865828456));
#1987 = CARTESIAN_POINT('',(15.160278070209,25.336525036715,
    90.333722649468));
#1988 = CARTESIAN_POINT('',(34.780200754259,42.577186812513,
    95.523436291908));
#1989 = CARTESIAN_POINT('',(36.825291490965,68.495991123599,
    100.71314993416));
#1990 = CARTESIAN_POINT('',(32.458712981198,81.529947979099,
    103.30800675548));
#1991 = CARTESIAN_POINT('',(22.888003968125,92.0082115714,105.9028635764
    ));
#1992 = CARTESIAN_POINT('',(9.916040951772,97.585394095063,
    108.49772039782));
#1993 = CARTESIAN_POINT('',(-3.663752680511,97.51216868013,
    111.09257721885));
#1994 = CARTESIAN_POINT('',(-27.21754584513,87.544138457377,
    116.28229086128));
#1995 = CARTESIAN_POINT('',(-37.41505776286,64.214396642186,
    121.47200450354));
#1996 = CARTESIAN_POINT('',(-37.64559162224,50.783863110786,
    124.06686132481));
#1997 = CARTESIAN_POINT('',(-32.35904907148,37.986501698162,
    126.6617181459));
#1998 = CARTESIAN_POINT('',(-22.40095520611,28.462145672005,
    129.25657496708));
#1999 = CARTESIAN_POINT('',(-9.973651662729,23.793058736564,
    131.85143178829));
#2000 = CARTESIAN_POINT('',(15.072520500444,24.512853149604,
    137.04114543058));
#2001 = CARTESIAN_POINT('',(32.898351262168,41.962957114898,
    142.230859073));
#2002 = CARTESIAN_POINT('',(38.109148009939,54.018972630838,
    144.82571589398));
#2003 = CARTESIAN_POINT('',(38.201003613637,67.536965839205,
    147.42057271555));
#2004 = CARTESIAN_POINT('',(32.949763645019,79.927501612279,
    150.01542953625));
#2005 = CARTESIAN_POINT('',(23.66098959133,88.999634532212,
    152.61028635776));
#2006 = CARTESIAN_POINT('',(12.313569877225,93.692261561396,
    155.2051431788));
#2007 = CARTESIAN_POINT('',(0.88127614659,93.988576792114,157.8));
#2008 = PCURVE('',#566,#2009);
#2009 = DEFINITIONAL_REPRESENTATION('',(#2010),#2014);
#2010 = LINE('',#2011,#2012);
#2011 = CARTESIAN_POINT('',(0.,1.));
#2012 = VECTOR('',#2013,1.);
#2013 = DIRECTION('',(1.,0.));
#2014 = ( GEOMETRIC_REPRESENTATION_CONTEXT(2) 
PARAMETRIC_REPRESENTATION_CONTEXT() REPRESENTATION_CONTEXT('2D SPACE',''
  ) );
#2015 = PCURVE('',#1404,#2016);
#2016 = DEFINITIONAL_REPRESENTATION('',(#2017),#2021);
#2017 = LINE('',#2018,#2019);
#2018 = CARTESIAN_POINT('',(0.,0.));
#2019 = VECTOR('',#2020,1.);
#2020 = DIRECTION('',(1.,0.));
#2021 = ( GEOMETRIC_REPRESENTATION_CONTEXT(2) 
PARAMETRIC_REPRESENTATION_CONTEXT() REPRESENTATION_CONTEXT('2D SPACE',''
  ) );
#2022 = ADVANCED_FACE('',(#2023),#815,.T.);
#2023 = FACE_BOUND('',#2024,.T.);
#2024 = EDGE_LOOP('',(#2025,#2044,#2045,#2046));
#2025 = ORIENTED_EDGE('',*,*,#2026,.F.);
#2026 = EDGE_CURVE('',#1767,#1076,#2027,.T.);
#2027 = SURFACE_CURVE('',#2028,(#2031,#2038),.PCURVE_S1.);
#2028 = B_SPLINE_CURVE_WITH_KNOTS('',1,(#2029,#2030),.UNSPECIFIED.,.F.,
  .F.,(2,2),(0.,1.),.PIECEWISE_BEZIER_KNOTS.);
#2029 = CARTESIAN_POINT('',(8.196687196281,60.233064382369,
    54.005727153097));
#2030 = CARTESIAN_POINT('',(8.196687196281,60.233064382369,
    50.005727153097));
#2031 = PCURVE('',#815,#2032);
#2032 = DEFINITIONAL_REPRESENTATION('',(#2033),#2037);
#2033 = LINE('',#2034,#2035);
#2034 = CARTESIAN_POINT('',(52.005727153097,0.));
#2035 = VECTOR('',#2036,1.);
#2036 = DIRECTION('',(0.,1.));
#2037 = ( GEOMETRIC_REPRESENTATION_CONTEXT(2) 
PARAMETRIC_REPRESENTATION_CONTEXT() REPRESENTATION_CONTEXT('2D SPACE',''
  ) );
#2038 = PCURVE('',#1092,#2039);
#2039 = DEFINITIONAL_REPRESENTATION('',(#2040),#2043);
#2040 = B_SPLINE_CURVE_WITH_KNOTS('',1,(#2041,#2042),.UNSPECIFIED.,.F.,
  .F.,(2,2),(0.,1.),.PIECEWISE_BEZIER_KNOTS.);
#2041 = CARTESIAN_POINT('',(12.9,-2.));
#2042 = CARTESIAN_POINT('',(12.9,2.));
#2043 = ( GEOMETRIC_REPRESENTATION_CONTEXT(2) 
PARAMETRIC_REPRESENTATION_CONTEXT() REPRESENTATION_CONTEXT('2D SPACE',''
  ) );
#2044 = ORIENTED_EDGE('',*,*,#1789,.T.);
#2045 = ORIENTED_EDGE('',*,*,#777,.T.);
#2046 = ORIENTED_EDGE('',*,*,#1103,.F.);
#2047 = ADVANCED_FACE('',(#2048),#941,.T.);
#2048 = FACE_BOUND('',#2049,.F.);
#2049 = EDGE_LOOP('',(#2050,#2079,#2100,#2101));
#2050 = ORIENTED_EDGE('',*,*,#2051,.F.);
#2051 = EDGE_CURVE('',#2052,#2052,#2054,.T.);
#2052 = VERTEX_POINT('',#2053);
#2053 = CARTESIAN_POINT('',(8.,60.,51.805727153097));
#2054 = SURFACE_CURVE('',#2055,(#2060,#2067),.PCURVE_S1.);
#2055 = CIRCLE('',#2056,8.);
#2056 = AXIS2_PLACEMENT_3D('',#2057,#2058,#2059);
#2057 = CARTESIAN_POINT('',(0.,60.,51.805727153097));
#2058 = DIRECTION('',(0.,0.,1.));
#2059 = DIRECTION('',(1.,0.,0.));
#2060 = PCURVE('',#941,#2061);
#2061 = DEFINITIONAL_REPRESENTATION('',(#2062),#2066);
#2062 = LINE('',#2063,#2064);
#2063 = CARTESIAN_POINT('',(-0.,0.));
#2064 = VECTOR('',#2065,1.);
#2065 = DIRECTION('',(-1.,0.));
#2066 = ( GEOMETRIC_REPRESENTATION_CONTEXT(2) 
PARAMETRIC_REPRESENTATION_CONTEXT() REPRESENTATION_CONTEXT('2D SPACE',''
  ) );
#2067 = PCURVE('',#2068,#2073);
#2068 = PLANE('',#2069);
#2069 = AXIS2_PLACEMENT_3D('',#2070,#2071,#2072);
#2070 = CARTESIAN_POINT('',(-6.837200662697E-16,60.,51.805727153097));
#2071 = DIRECTION('',(0.,0.,1.));
#2072 = DIRECTION('',(1.,0.,-0.));
#2073 = DEFINITIONAL_REPRESENTATION('',(#2074),#2078);
#2074 = CIRCLE('',#2075,8.);
#2075 = AXIS2_PLACEMENT_2D('',#2076,#2077);
#2076 = CARTESIAN_POINT('',(6.837200662697E-16,7.105427357601E-15));
#2077 = DIRECTION('',(1.,0.));
#2078 = ( GEOMETRIC_REPRESENTATION_CONTEXT(2) 
PARAMETRIC_REPRESENTATION_CONTEXT() REPRESENTATION_CONTEXT('2D SPACE',''
  ) );
#2079 = ORIENTED_EDGE('',*,*,#2080,.T.);
#2080 = EDGE_CURVE('',#2052,#921,#2081,.T.);
#2081 = SEAM_CURVE('',#2082,(#2086,#2093),.PCURVE_S1.);
#2082 = LINE('',#2083,#2084);
#2083 = CARTESIAN_POINT('',(8.,60.,51.805727153097));
#2084 = VECTOR('',#2085,1.);
#2085 = DIRECTION('',(0.,0.,1.));
#2086 = PCURVE('',#941,#2087);
#2087 = DEFINITIONAL_REPRESENTATION('',(#2088),#2092);
#2088 = LINE('',#2089,#2090);
#2089 = CARTESIAN_POINT('',(-6.28318530718,0.));
#2090 = VECTOR('',#2091,1.);
#2091 = DIRECTION('',(-0.,-1.));
#2092 = ( GEOMETRIC_REPRESENTATION_CONTEXT(2) 
PARAMETRIC_REPRESENTATION_CONTEXT() REPRESENTATION_CONTEXT('2D SPACE',''
  ) );
#2093 = PCURVE('',#941,#2094);
#2094 = DEFINITIONAL_REPRESENTATION('',(#2095),#2099);
#2095 = LINE('',#2096,#2097);
#2096 = CARTESIAN_POINT('',(-0.,0.));
#2097 = VECTOR('',#2098,1.);
#2098 = DIRECTION('',(-0.,-1.));
#2099 = ( GEOMETRIC_REPRESENTATION_CONTEXT(2) 
PARAMETRIC_REPRESENTATION_CONTEXT() REPRESENTATION_CONTEXT('2D SPACE',''
  ) );
#2100 = ORIENTED_EDGE('',*,*,#920,.F.);
#2101 = ORIENTED_EDGE('',*,*,#2080,.F.);
#2102 = ADVANCED_FACE('',(#2103),#1092,.T.);
#2103 = FACE_BOUND('',#2104,.T.);
#2104 = EDGE_LOOP('',(#2105,#2106,#2125,#2126));
#2105 = ORIENTED_EDGE('',*,*,#1075,.T.);
#2106 = ORIENTED_EDGE('',*,*,#2107,.F.);
#2107 = EDGE_CURVE('',#1769,#1078,#2108,.T.);
#2108 = SURFACE_CURVE('',#2109,(#2112,#2118),.PCURVE_S1.);
#2109 = B_SPLINE_CURVE_WITH_KNOTS('',1,(#2110,#2111),.UNSPECIFIED.,.F.,
  .F.,(2,2),(0.,1.),.PIECEWISE_BEZIER_KNOTS.);
#2110 = CARTESIAN_POINT('',(33.986263984578,60.96636451226,
    54.005727153097));
#2111 = CARTESIAN_POINT('',(33.986263984578,60.96636451226,
    50.005727153097));
#2112 = PCURVE('',#1092,#2113);
#2113 = DEFINITIONAL_REPRESENTATION('',(#2114),#2117);
#2114 = B_SPLINE_CURVE_WITH_KNOTS('',1,(#2115,#2116),.UNSPECIFIED.,.F.,
  .F.,(2,2),(0.,1.),.PIECEWISE_BEZIER_KNOTS.);
#2115 = CARTESIAN_POINT('',(-12.9,-2.));
#2116 = CARTESIAN_POINT('',(-12.9,2.));
#2117 = ( GEOMETRIC_REPRESENTATION_CONTEXT(2) 
PARAMETRIC_REPRESENTATION_CONTEXT() REPRESENTATION_CONTEXT('2D SPACE',''
  ) );
#2118 = PCURVE('',#1404,#2119);
#2119 = DEFINITIONAL_REPRESENTATION('',(#2120),#2124);
#2120 = LINE('',#2121,#2122);
#2121 = CARTESIAN_POINT('',(52.005727153097,0.));
#2122 = VECTOR('',#2123,1.);
#2123 = DIRECTION('',(0.,1.));
#2124 = ( GEOMETRIC_REPRESENTATION_CONTEXT(2) 
PARAMETRIC_REPRESENTATION_CONTEXT() REPRESENTATION_CONTEXT('2D SPACE',''
  ) );
#2125 = ORIENTED_EDGE('',*,*,#1766,.F.);
#2126 = ORIENTED_EDGE('',*,*,#2026,.T.);
#2127 = ADVANCED_FACE('',(#2128),#1404,.F.);
#2128 = FACE_BOUND('',#2129,.F.);
#2129 = EDGE_LOOP('',(#2130,#2131,#2150,#2151));
#2130 = ORIENTED_EDGE('',*,*,#1972,.T.);
#2131 = ORIENTED_EDGE('',*,*,#2132,.T.);
#2132 = EDGE_CURVE('',#1952,#1335,#2133,.T.);
#2133 = SURFACE_CURVE('',#2134,(#2137,#2144),.PCURVE_S1.);
#2134 = B_SPLINE_CURVE_WITH_KNOTS('',1,(#2135,#2136),.UNSPECIFIED.,.F.,
  .F.,(2,2),(0.,1.),.PIECEWISE_BEZIER_KNOTS.);
#2135 = CARTESIAN_POINT('',(0.88127614659,93.988576792114,157.8));
#2136 = CARTESIAN_POINT('',(0.88127614659,93.988576792114,153.8));
#2137 = PCURVE('',#1404,#2138);
#2138 = DEFINITIONAL_REPRESENTATION('',(#2139),#2143);
#2139 = LINE('',#2140,#2141);
#2140 = CARTESIAN_POINT('',(155.8,0.));
#2141 = VECTOR('',#2142,1.);
#2142 = DIRECTION('',(0.,1.));
#2143 = ( GEOMETRIC_REPRESENTATION_CONTEXT(2) 
PARAMETRIC_REPRESENTATION_CONTEXT() REPRESENTATION_CONTEXT('2D SPACE',''
  ) );
#2144 = PCURVE('',#1349,#2145);
#2145 = DEFINITIONAL_REPRESENTATION('',(#2146),#2149);
#2146 = B_SPLINE_CURVE_WITH_KNOTS('',1,(#2147,#2148),.UNSPECIFIED.,.F.,
  .F.,(2,2),(0.,1.),.PIECEWISE_BEZIER_KNOTS.);
#2147 = CARTESIAN_POINT('',(12.9,2.));
#2148 = CARTESIAN_POINT('',(12.9,-2.));
#2149 = ( GEOMETRIC_REPRESENTATION_CONTEXT(2) 
PARAMETRIC_REPRESENTATION_CONTEXT() REPRESENTATION_CONTEXT('2D SPACE',''
  ) );
#2150 = ORIENTED_EDGE('',*,*,#1360,.F.);
#2151 = ORIENTED_EDGE('',*,*,#2107,.F.);
#2152 = ADVANCED_FACE('',(#2153),#1349,.F.);
#2153 = FACE_BOUND('',#2154,.F.);
#2154 = EDGE_LOOP('',(#2155,#2156,#2157,#2158));
#2155 = ORIENTED_EDGE('',*,*,#1334,.T.);
#2156 = ORIENTED_EDGE('',*,*,#2132,.F.);
#2157 = ORIENTED_EDGE('',*,*,#1951,.F.);
#2158 = ORIENTED_EDGE('',*,*,#2159,.T.);
#2159 = EDGE_CURVE('',#1905,#1233,#2160,.T.);
#2160 = SURFACE_CURVE('',#2161,(#2164,#2170),.PCURVE_S1.);
#2161 = B_SPLINE_CURVE_WITH_KNOTS('',1,(#2162,#2163),.UNSPECIFIED.,.F.,
  .F.,(2,2),(0.,1.),.PIECEWISE_BEZIER_KNOTS.);
#2162 = CARTESIAN_POINT('',(0.212543070648,68.197244991039,157.8));
#2163 = CARTESIAN_POINT('',(0.212543070648,68.197244991039,153.8));
#2164 = PCURVE('',#1349,#2165);
#2165 = DEFINITIONAL_REPRESENTATION('',(#2166),#2169);
#2166 = B_SPLINE_CURVE_WITH_KNOTS('',1,(#2167,#2168),.UNSPECIFIED.,.F.,
  .F.,(2,2),(0.,1.),.PIECEWISE_BEZIER_KNOTS.);
#2167 = CARTESIAN_POINT('',(-12.9,2.));
#2168 = CARTESIAN_POINT('',(-12.9,-2.));
#2169 = ( GEOMETRIC_REPRESENTATION_CONTEXT(2) 
PARAMETRIC_REPRESENTATION_CONTEXT() REPRESENTATION_CONTEXT('2D SPACE',''
  ) );
#2170 = PCURVE('',#1272,#2171);
#2171 = DEFINITIONAL_REPRESENTATION('',(#2172),#2176);
#2172 = LINE('',#2173,#2174);
#2173 = CARTESIAN_POINT('',(155.8,0.));
#2174 = VECTOR('',#2175,1.);
#2175 = DIRECTION('',(0.,1.));
#2176 = ( GEOMETRIC_REPRESENTATION_CONTEXT(2) 
PARAMETRIC_REPRESENTATION_CONTEXT() REPRESENTATION_CONTEXT('2D SPACE',''
  ) );
#2177 = ADVANCED_FACE('',(#2178),#1272,.T.);
#2178 = FACE_BOUND('',#2179,.T.);
#2179 = EDGE_LOOP('',(#2180,#2234,#2235,#2236));
#2180 = ORIENTED_EDGE('',*,*,#2181,.F.);
#2181 = EDGE_CURVE('',#1876,#1208,#2182,.T.);
#2182 = SURFACE_CURVE('',#2183,(#2198,#2216),.PCURVE_S1.);
#2183 = B_SPLINE_CURVE_WITH_KNOTS('',4,(#2184,#2185,#2186,#2187,#2188,
    #2189,#2190,#2191,#2192,#2193,#2194,#2195,#2196,#2197),
  .UNSPECIFIED.,.F.,.F.,(5,3,3,3,5),(0.,0.251164126446,0.501218126756,
    0.751163289517,1.),.UNSPECIFIED.);
#2184 = CARTESIAN_POINT('',(4.958549056437,66.530909002026,153.));
#2185 = CARTESIAN_POINT('',(4.745240268581,66.69285998628,153.));
#2186 = CARTESIAN_POINT('',(4.524907754242,66.84549950213,153.));
#2187 = CARTESIAN_POINT('',(4.298163873456,66.98837209971,153.));
#2188 = CARTESIAN_POINT('',(3.834212190188,67.253254168822,153.));
#2189 = CARTESIAN_POINT('',(3.597054594514,67.375353304013,153.));
#2190 = CARTESIAN_POINT('',(3.354858296267,67.487037604105,153.));
#2191 = CARTESIAN_POINT('',(2.861891316566,67.688976551885,153.));
#2192 = CARTESIAN_POINT('',(2.611123924239,67.779240665296,153.));
#2193 = CARTESIAN_POINT('',(2.356715916636,67.858543891601,153.));
#2194 = CARTESIAN_POINT('',(1.843212061505,67.994554693678,153.));
#2195 = CARTESIAN_POINT('',(1.584141524665,68.051360988921,153.));
#2196 = CARTESIAN_POINT('',(1.322898228017,68.09693611254,153.));
#2197 = CARTESIAN_POINT('',(1.060215655182,68.131188344746,153.));
#2198 = PCURVE('',#1272,#2199);
#2199 = DEFINITIONAL_REPRESENTATION('',(#2200),#2215);
#2200 = B_SPLINE_CURVE_WITH_KNOTS('',4,(#2201,#2202,#2203,#2204,#2205,
    #2206,#2207,#2208,#2209,#2210,#2211,#2212,#2213,#2214),
  .UNSPECIFIED.,.F.,.F.,(5,3,3,3,5),(0.,0.251164126446,0.501218126756,
    0.751163289517,1.),.UNSPECIFIED.);
#2201 = CARTESIAN_POINT('',(151.,0.));
#2202 = CARTESIAN_POINT('',(151.25094468209,6.273617052307E-02));
#2203 = CARTESIAN_POINT('',(151.50192636337,0.125481590843));
#2204 = CARTESIAN_POINT('',(151.75294486044,0.18823621511));
#2205 = CARTESIAN_POINT('',(152.25394549513,0.313486373784));
#2206 = CARTESIAN_POINT('',(152.50392741472,0.37598185368));
#2207 = CARTESIAN_POINT('',(152.75394560052,0.438486400131));
#2208 = CARTESIAN_POINT('',(153.25394556174,0.563486390437));
#2209 = CARTESIAN_POINT('',(153.50392740568,0.625981851422));
#2210 = CARTESIAN_POINT('',(153.75394550546,0.688486376366));
#2211 = CARTESIAN_POINT('',(154.25294555738,0.813236389347));
#2212 = CARTESIAN_POINT('',(154.50192727587,0.875481818969));
#2213 = CARTESIAN_POINT('',(154.75094533877,0.937736334693));
#2214 = CARTESIAN_POINT('',(155.,1.));
#2215 = ( GEOMETRIC_REPRESENTATION_CONTEXT(2) 
PARAMETRIC_REPRESENTATION_CONTEXT() REPRESENTATION_CONTEXT('2D SPACE',''
  ) );
#2216 = PCURVE('',#1221,#2217);
#2217 = DEFINITIONAL_REPRESENTATION('',(#2218),#2233);
#2218 = B_SPLINE_CURVE_WITH_KNOTS('',4,(#2219,#2220,#2221,#2222,#2223,
    #2224,#2225,#2226,#2227,#2228,#2229,#2230,#2231,#2232),
  .UNSPECIFIED.,.F.,.F.,(5,3,3,3,5),(0.,0.251164126446,0.501218126756,
    0.751163289517,1.),.UNSPECIFIED.);
#2219 = CARTESIAN_POINT('',(4.958549056437,6.530909002026));
#2220 = CARTESIAN_POINT('',(4.745240268581,6.69285998628));
#2221 = CARTESIAN_POINT('',(4.524907754242,6.84549950213));
#2222 = CARTESIAN_POINT('',(4.298163873456,6.98837209971));
#2223 = CARTESIAN_POINT('',(3.834212190188,7.253254168822));
#2224 = CARTESIAN_POINT('',(3.597054594514,7.375353304013));
#2225 = CARTESIAN_POINT('',(3.354858296267,7.487037604105));
#2226 = CARTESIAN_POINT('',(2.861891316566,7.688976551885));
#2227 = CARTESIAN_POINT('',(2.611123924239,7.779240665296));
#2228 = CARTESIAN_POINT('',(2.356715916636,7.858543891601));
#2229 = CARTESIAN_POINT('',(1.843212061505,7.994554693678));
#2230 = CARTESIAN_POINT('',(1.584141524665,8.051360988921));
#2231 = CARTESIAN_POINT('',(1.322898228017,8.09693611254));
#2232 = CARTESIAN_POINT('',(1.060215655182,8.131188344746));
#2233 = ( GEOMETRIC_REPRESENTATION_CONTEXT(2) 
PARAMETRIC_REPRESENTATION_CONTEXT() REPRESENTATION_CONTEXT('2D SPACE',''
  ) );
#2234 = ORIENTED_EDGE('',*,*,#1904,.T.);
#2235 = ORIENTED_EDGE('',*,*,#2159,.T.);
#2236 = ORIENTED_EDGE('',*,*,#1232,.F.);
#2237 = ADVANCED_FACE('',(#2238,#2266),#1221,.T.);
#2238 = FACE_BOUND('',#2239,.T.);
#2239 = EDGE_LOOP('',(#2240,#2241,#2263,#2264,#2265));
#2240 = ORIENTED_EDGE('',*,*,#1713,.T.);
#2241 = ORIENTED_EDGE('',*,*,#2242,.T.);
#2242 = EDGE_CURVE('',#1714,#1838,#2243,.T.);
#2243 = SURFACE_CURVE('',#2244,(#2249,#2256),.PCURVE_S1.);
#2244 = CIRCLE('',#2245,9.);
#2245 = AXIS2_PLACEMENT_3D('',#2246,#2247,#2248);
#2246 = CARTESIAN_POINT('',(0.,60.,153.));
#2247 = DIRECTION('',(0.,0.,1.));
#2248 = DIRECTION('',(1.,0.,0.));
#2249 = PCURVE('',#1221,#2250);
#2250 = DEFINITIONAL_REPRESENTATION('',(#2251),#2255);
#2251 = CIRCLE('',#2252,9.);
#2252 = AXIS2_PLACEMENT_2D('',#2253,#2254);
#2253 = CARTESIAN_POINT('',(6.077511700175E-16,-7.105427357601E-15));
#2254 = DIRECTION('',(1.,0.));
#2255 = ( GEOMETRIC_REPRESENTATION_CONTEXT(2) 
PARAMETRIC_REPRESENTATION_CONTEXT() REPRESENTATION_CONTEXT('2D SPACE',''
  ) );
#2256 = PCURVE('',#1751,#2257);
#2257 = DEFINITIONAL_REPRESENTATION('',(#2258),#2262);
#2258 = LINE('',#2259,#2260);
#2259 = CARTESIAN_POINT('',(-0.,-98.1942728469));
#2260 = VECTOR('',#2261,1.);
#2261 = DIRECTION('',(-1.,0.));
#2262 = ( GEOMETRIC_REPRESENTATION_CONTEXT(2) 
PARAMETRIC_REPRESENTATION_CONTEXT() REPRESENTATION_CONTEXT('2D SPACE',''
  ) );
#2263 = ORIENTED_EDGE('',*,*,#1875,.F.);
#2264 = ORIENTED_EDGE('',*,*,#2181,.T.);
#2265 = ORIENTED_EDGE('',*,*,#1207,.T.);
#2266 = FACE_BOUND('',#2267,.T.);
#2267 = EDGE_LOOP('',(#2268));
#2268 = ORIENTED_EDGE('',*,*,#2269,.T.);
#2269 = EDGE_CURVE('',#2270,#2270,#2272,.T.);
#2270 = VERTEX_POINT('',#2271);
#2271 = CARTESIAN_POINT('',(8.,60.,153.));
#2272 = SURFACE_CURVE('',#2273,(#2278,#2289),.PCURVE_S1.);
#2273 = CIRCLE('',#2274,8.);
#2274 = AXIS2_PLACEMENT_3D('',#2275,#2276,#2277);
#2275 = CARTESIAN_POINT('',(0.,60.,153.));
#2276 = DIRECTION('',(0.,0.,-1.));
#2277 = DIRECTION('',(1.,0.,0.));
#2278 = PCURVE('',#1221,#2279);
#2279 = DEFINITIONAL_REPRESENTATION('',(#2280),#2288);
#2280 = ( BOUNDED_CURVE() B_SPLINE_CURVE(2,(#2281,#2282,#2283,#2284,
#2285,#2286,#2287),.UNSPECIFIED.,.T.,.F.) B_SPLINE_CURVE_WITH_KNOTS((1,2
    ,2,2,2,1),(-2.094395102393,0.,2.094395102393,4.188790204786,
6.28318530718,8.377580409573),.UNSPECIFIED.) CURVE() 
GEOMETRIC_REPRESENTATION_ITEM() RATIONAL_B_SPLINE_CURVE((1.,0.5,1.,0.5,
1.,0.5,1.)) REPRESENTATION_ITEM('') );
#2281 = CARTESIAN_POINT('',(8.,-7.105427357601E-15));
#2282 = CARTESIAN_POINT('',(8.,-13.85640646055));
#2283 = CARTESIAN_POINT('',(-4.,-6.928203230276));
#2284 = CARTESIAN_POINT('',(-16.,-9.064862236237E-15));
#2285 = CARTESIAN_POINT('',(-4.,6.928203230276));
#2286 = CARTESIAN_POINT('',(8.,13.856406460551));
#2287 = CARTESIAN_POINT('',(8.,-7.105427357601E-15));
#2288 = ( GEOMETRIC_REPRESENTATION_CONTEXT(2) 
PARAMETRIC_REPRESENTATION_CONTEXT() REPRESENTATION_CONTEXT('2D SPACE',''
  ) );
#2289 = PCURVE('',#2290,#2295);
#2290 = CYLINDRICAL_SURFACE('',#2291,8.);
#2291 = AXIS2_PLACEMENT_3D('',#2292,#2293,#2294);
#2292 = CARTESIAN_POINT('',(0.,60.,152.5));
#2293 = DIRECTION('',(-0.,-0.,-1.));
#2294 = DIRECTION('',(1.,0.,0.));
#2295 = DEFINITIONAL_REPRESENTATION('',(#2296),#2300);
#2296 = LINE('',#2297,#2298);
#2297 = CARTESIAN_POINT('',(-6.28318530718,-0.5));
#2298 = VECTOR('',#2299,1.);
#2299 = DIRECTION('',(1.,-0.));
#2300 = ( GEOMETRIC_REPRESENTATION_CONTEXT(2) 
PARAMETRIC_REPRESENTATION_CONTEXT() REPRESENTATION_CONTEXT('2D SPACE',''
  ) );
#2301 = ADVANCED_FACE('',(#2302),#1751,.T.);
#2302 = FACE_BOUND('',#2303,.F.);
#2303 = EDGE_LOOP('',(#2304,#2305,#2306));
#2304 = ORIENTED_EDGE('',*,*,#1837,.T.);
#2305 = ORIENTED_EDGE('',*,*,#1737,.T.);
#2306 = ORIENTED_EDGE('',*,*,#2242,.T.);
#2307 = ADVANCED_FACE('',(#2308,#2311),#2068,.F.);
#2308 = FACE_BOUND('',#2309,.F.);
#2309 = EDGE_LOOP('',(#2310));
#2310 = ORIENTED_EDGE('',*,*,#2051,.T.);
#2311 = FACE_BOUND('',#2312,.F.);
#2312 = EDGE_LOOP('',(#2313,#2341,#2367,#2393));
#2313 = ORIENTED_EDGE('',*,*,#2314,.T.);
#2314 = EDGE_CURVE('',#2315,#2317,#2319,.T.);
#2315 = VERTEX_POINT('',#2316);
#2316 = CARTESIAN_POINT('',(4.15,64.15,51.805727153097));
#2317 = VERTEX_POINT('',#2318);
#2318 = CARTESIAN_POINT('',(4.15,55.85,51.805727153097));
#2319 = SURFACE_CURVE('',#2320,(#2324,#2330),.PCURVE_S1.);
#2320 = LINE('',#2321,#2322);
#2321 = CARTESIAN_POINT('',(4.15,57.925,51.805727153097));
#2322 = VECTOR('',#2323,1.);
#2323 = DIRECTION('',(0.,-1.,0.));
#2324 = PCURVE('',#2068,#2325);
#2325 = DEFINITIONAL_REPRESENTATION('',(#2326),#2329);
#2326 = B_SPLINE_CURVE_WITH_KNOTS('',1,(#2327,#2328),.UNSPECIFIED.,.F.,
  .F.,(2,2),(-6.225,2.075),.PIECEWISE_BEZIER_KNOTS.);
#2327 = CARTESIAN_POINT('',(4.15,4.15));
#2328 = CARTESIAN_POINT('',(4.15,-4.15));
#2329 = ( GEOMETRIC_REPRESENTATION_CONTEXT(2) 
PARAMETRIC_REPRESENTATION_CONTEXT() REPRESENTATION_CONTEXT('2D SPACE',''
  ) );
#2330 = PCURVE('',#2331,#2336);
#2331 = PLANE('',#2332);
#2332 = AXIS2_PLACEMENT_3D('',#2333,#2334,#2335);
#2333 = CARTESIAN_POINT('',(4.15,55.85,49.805727153097));
#2334 = DIRECTION('',(-1.,0.,0.));
#2335 = DIRECTION('',(0.,1.,0.));
#2336 = DEFINITIONAL_REPRESENTATION('',(#2337),#2340);
#2337 = B_SPLINE_CURVE_WITH_KNOTS('',1,(#2338,#2339),.UNSPECIFIED.,.F.,
  .F.,(2,2),(-6.225,2.075),.PIECEWISE_BEZIER_KNOTS.);
#2338 = CARTESIAN_POINT('',(8.3,-2.));
#2339 = CARTESIAN_POINT('',(0.,-2.));
#2340 = ( GEOMETRIC_REPRESENTATION_CONTEXT(2) 
PARAMETRIC_REPRESENTATION_CONTEXT() REPRESENTATION_CONTEXT('2D SPACE',''
  ) );
#2341 = ORIENTED_EDGE('',*,*,#2342,.T.);
#2342 = EDGE_CURVE('',#2317,#2343,#2345,.T.);
#2343 = VERTEX_POINT('',#2344);
#2344 = CARTESIAN_POINT('',(-4.15,55.85,51.805727153097));
#2345 = SURFACE_CURVE('',#2346,(#2350,#2356),.PCURVE_S1.);
#2346 = LINE('',#2347,#2348);
#2347 = CARTESIAN_POINT('',(-2.075,55.85,51.805727153097));
#2348 = VECTOR('',#2349,1.);
#2349 = DIRECTION('',(-1.,0.,0.));
#2350 = PCURVE('',#2068,#2351);
#2351 = DEFINITIONAL_REPRESENTATION('',(#2352),#2355);
#2352 = B_SPLINE_CURVE_WITH_KNOTS('',1,(#2353,#2354),.UNSPECIFIED.,.F.,
  .F.,(2,2),(-6.225,2.075),.PIECEWISE_BEZIER_KNOTS.);
#2353 = CARTESIAN_POINT('',(4.15,-4.15));
#2354 = CARTESIAN_POINT('',(-4.15,-4.15));
#2355 = ( GEOMETRIC_REPRESENTATION_CONTEXT(2) 
PARAMETRIC_REPRESENTATION_CONTEXT() REPRESENTATION_CONTEXT('2D SPACE',''
  ) );
#2356 = PCURVE('',#2357,#2362);
#2357 = PLANE('',#2358);
#2358 = AXIS2_PLACEMENT_3D('',#2359,#2360,#2361);
#2359 = CARTESIAN_POINT('',(-4.15,55.85,49.805727153097));
#2360 = DIRECTION('',(0.,1.,0.));
#2361 = DIRECTION('',(1.,0.,0.));
#2362 = DEFINITIONAL_REPRESENTATION('',(#2363),#2366);
#2363 = B_SPLINE_CURVE_WITH_KNOTS('',1,(#2364,#2365),.UNSPECIFIED.,.F.,
  .F.,(2,2),(-6.225,2.075),.PIECEWISE_BEZIER_KNOTS.);
#2364 = CARTESIAN_POINT('',(8.3,-2.));
#2365 = CARTESIAN_POINT('',(0.,-2.));
#2366 = ( GEOMETRIC_REPRESENTATION_CONTEXT(2) 
PARAMETRIC_REPRESENTATION_CONTEXT() REPRESENTATION_CONTEXT('2D SPACE',''
  ) );
#2367 = ORIENTED_EDGE('',*,*,#2368,.T.);
#2368 = EDGE_CURVE('',#2343,#2369,#2371,.T.);
#2369 = VERTEX_POINT('',#2370);
#2370 = CARTESIAN_POINT('',(-4.15,64.15,51.805727153097));
#2371 = SURFACE_CURVE('',#2372,(#2376,#2382),.PCURVE_S1.);
#2372 = LINE('',#2373,#2374);
#2373 = CARTESIAN_POINT('',(-4.15,62.075,51.805727153097));
#2374 = VECTOR('',#2375,1.);
#2375 = DIRECTION('',(-0.,1.,0.));
#2376 = PCURVE('',#2068,#2377);
#2377 = DEFINITIONAL_REPRESENTATION('',(#2378),#2381);
#2378 = B_SPLINE_CURVE_WITH_KNOTS('',1,(#2379,#2380),.UNSPECIFIED.,.F.,
  .F.,(2,2),(-6.225,2.075),.PIECEWISE_BEZIER_KNOTS.);
#2379 = CARTESIAN_POINT('',(-4.15,-4.15));
#2380 = CARTESIAN_POINT('',(-4.15,4.15));
#2381 = ( GEOMETRIC_REPRESENTATION_CONTEXT(2) 
PARAMETRIC_REPRESENTATION_CONTEXT() REPRESENTATION_CONTEXT('2D SPACE',''
  ) );
#2382 = PCURVE('',#2383,#2388);
#2383 = PLANE('',#2384);
#2384 = AXIS2_PLACEMENT_3D('',#2385,#2386,#2387);
#2385 = CARTESIAN_POINT('',(-4.15,64.15,49.805727153097));
#2386 = DIRECTION('',(1.,0.,-0.));
#2387 = DIRECTION('',(0.,-1.,0.));
#2388 = DEFINITIONAL_REPRESENTATION('',(#2389),#2392);
#2389 = B_SPLINE_CURVE_WITH_KNOTS('',1,(#2390,#2391),.UNSPECIFIED.,.F.,
  .F.,(2,2),(-6.225,2.075),.PIECEWISE_BEZIER_KNOTS.);
#2390 = CARTESIAN_POINT('',(8.3,-2.));
#2391 = CARTESIAN_POINT('',(0.,-2.));
#2392 = ( GEOMETRIC_REPRESENTATION_CONTEXT(2) 
PARAMETRIC_REPRESENTATION_CONTEXT() REPRESENTATION_CONTEXT('2D SPACE',''
  ) );
#2393 = ORIENTED_EDGE('',*,*,#2394,.T.);
#2394 = EDGE_CURVE('',#2369,#2315,#2395,.T.);
#2395 = SURFACE_CURVE('',#2396,(#2400,#2406),.PCURVE_S1.);
#2396 = LINE('',#2397,#2398);
#2397 = CARTESIAN_POINT('',(2.075,64.15,51.805727153097));
#2398 = VECTOR('',#2399,1.);
#2399 = DIRECTION('',(1.,0.,-0.));
#2400 = PCURVE('',#2068,#2401);
#2401 = DEFINITIONAL_REPRESENTATION('',(#2402),#2405);
#2402 = B_SPLINE_CURVE_WITH_KNOTS('',1,(#2403,#2404),.UNSPECIFIED.,.F.,
  .F.,(2,2),(-6.225,2.075),.PIECEWISE_BEZIER_KNOTS.);
#2403 = CARTESIAN_POINT('',(-4.15,4.15));
#2404 = CARTESIAN_POINT('',(4.15,4.15));
#2405 = ( GEOMETRIC_REPRESENTATION_CONTEXT(2) 
PARAMETRIC_REPRESENTATION_CONTEXT() REPRESENTATION_CONTEXT('2D SPACE',''
  ) );
#2406 = PCURVE('',#2407,#2412);
#2407 = PLANE('',#2408);
#2408 = AXIS2_PLACEMENT_3D('',#2409,#2410,#2411);
#2409 = CARTESIAN_POINT('',(4.15,64.15,49.805727153097));
#2410 = DIRECTION('',(0.,-1.,0.));
#2411 = DIRECTION('',(-1.,0.,0.));
#2412 = DEFINITIONAL_REPRESENTATION('',(#2413),#2416);
#2413 = B_SPLINE_CURVE_WITH_KNOTS('',1,(#2414,#2415),.UNSPECIFIED.,.F.,
  .F.,(2,2),(-6.225,2.075),.PIECEWISE_BEZIER_KNOTS.);
#2414 = CARTESIAN_POINT('',(8.3,-2.));
#2415 = CARTESIAN_POINT('',(0.,-2.));
#2416 = ( GEOMETRIC_REPRESENTATION_CONTEXT(2) 
PARAMETRIC_REPRESENTATION_CONTEXT() REPRESENTATION_CONTEXT('2D SPACE',''
  ) );
#2417 = ADVANCED_FACE('',(#2418),#2290,.T.);
#2418 = FACE_BOUND('',#2419,.F.);
#2419 = EDGE_LOOP('',(#2420,#2421,#2444,#2471));
#2420 = ORIENTED_EDGE('',*,*,#2269,.T.);
#2421 = ORIENTED_EDGE('',*,*,#2422,.T.);
#2422 = EDGE_CURVE('',#2270,#2423,#2425,.T.);
#2423 = VERTEX_POINT('',#2424);
#2424 = CARTESIAN_POINT('',(8.,60.,156.));
#2425 = SEAM_CURVE('',#2426,(#2430,#2437),.PCURVE_S1.);
#2426 = LINE('',#2427,#2428);
#2427 = CARTESIAN_POINT('',(8.,60.,152.5));
#2428 = VECTOR('',#2429,1.);
#2429 = DIRECTION('',(0.,0.,1.));
#2430 = PCURVE('',#2290,#2431);
#2431 = DEFINITIONAL_REPRESENTATION('',(#2432),#2436);
#2432 = LINE('',#2433,#2434);
#2433 = CARTESIAN_POINT('',(-6.28318530718,0.));
#2434 = VECTOR('',#2435,1.);
#2435 = DIRECTION('',(-0.,-1.));
#2436 = ( GEOMETRIC_REPRESENTATION_CONTEXT(2) 
PARAMETRIC_REPRESENTATION_CONTEXT() REPRESENTATION_CONTEXT('2D SPACE',''
  ) );
#2437 = PCURVE('',#2290,#2438);
#2438 = DEFINITIONAL_REPRESENTATION('',(#2439),#2443);
#2439 = LINE('',#2440,#2441);
#2440 = CARTESIAN_POINT('',(-0.,0.));
#2441 = VECTOR('',#2442,1.);
#2442 = DIRECTION('',(-0.,-1.));
#2443 = ( GEOMETRIC_REPRESENTATION_CONTEXT(2) 
PARAMETRIC_REPRESENTATION_CONTEXT() REPRESENTATION_CONTEXT('2D SPACE',''
  ) );
#2444 = ORIENTED_EDGE('',*,*,#2445,.T.);
#2445 = EDGE_CURVE('',#2423,#2423,#2446,.T.);
#2446 = SURFACE_CURVE('',#2447,(#2452,#2459),.PCURVE_S1.);
#2447 = CIRCLE('',#2448,8.);
#2448 = AXIS2_PLACEMENT_3D('',#2449,#2450,#2451);
#2449 = CARTESIAN_POINT('',(0.,60.,156.));
#2450 = DIRECTION('',(0.,0.,1.));
#2451 = DIRECTION('',(1.,0.,0.));
#2452 = PCURVE('',#2290,#2453);
#2453 = DEFINITIONAL_REPRESENTATION('',(#2454),#2458);
#2454 = LINE('',#2455,#2456);
#2455 = CARTESIAN_POINT('',(-0.,-3.5));
#2456 = VECTOR('',#2457,1.);
#2457 = DIRECTION('',(-1.,0.));
#2458 = ( GEOMETRIC_REPRESENTATION_CONTEXT(2) 
PARAMETRIC_REPRESENTATION_CONTEXT() REPRESENTATION_CONTEXT('2D SPACE',''
  ) );
#2459 = PCURVE('',#2460,#2465);
#2460 = PLANE('',#2461);
#2461 = AXIS2_PLACEMENT_3D('',#2462,#2463,#2464);
#2462 = CARTESIAN_POINT('',(-6.837200662697E-16,60.,156.));
#2463 = DIRECTION('',(0.,0.,1.));
#2464 = DIRECTION('',(1.,0.,-0.));
#2465 = DEFINITIONAL_REPRESENTATION('',(#2466),#2470);
#2466 = CIRCLE('',#2467,8.);
#2467 = AXIS2_PLACEMENT_2D('',#2468,#2469);
#2468 = CARTESIAN_POINT('',(6.837200662697E-16,7.105427357601E-15));
#2469 = DIRECTION('',(1.,0.));
#2470 = ( GEOMETRIC_REPRESENTATION_CONTEXT(2) 
PARAMETRIC_REPRESENTATION_CONTEXT() REPRESENTATION_CONTEXT('2D SPACE',''
  ) );
#2471 = ORIENTED_EDGE('',*,*,#2422,.F.);
#2472 = ADVANCED_FACE('',(#2473),#2331,.T.);
#2473 = FACE_BOUND('',#2474,.T.);
#2474 = EDGE_LOOP('',(#2475,#2476,#2499,#2520));
#2475 = ORIENTED_EDGE('',*,*,#2314,.T.);
#2476 = ORIENTED_EDGE('',*,*,#2477,.T.);
#2477 = EDGE_CURVE('',#2317,#2478,#2480,.T.);
#2478 = VERTEX_POINT('',#2479);
#2479 = CARTESIAN_POINT('',(4.15,55.85,156.));
#2480 = SURFACE_CURVE('',#2481,(#2485,#2492),.PCURVE_S1.);
#2481 = LINE('',#2482,#2483);
#2482 = CARTESIAN_POINT('',(4.15,55.85,49.805727153097));
#2483 = VECTOR('',#2484,1.);
#2484 = DIRECTION('',(0.,0.,1.));
#2485 = PCURVE('',#2331,#2486);
#2486 = DEFINITIONAL_REPRESENTATION('',(#2487),#2491);
#2487 = LINE('',#2488,#2489);
#2488 = CARTESIAN_POINT('',(0.,0.));
#2489 = VECTOR('',#2490,1.);
#2490 = DIRECTION('',(0.,-1.));
#2491 = ( GEOMETRIC_REPRESENTATION_CONTEXT(2) 
PARAMETRIC_REPRESENTATION_CONTEXT() REPRESENTATION_CONTEXT('2D SPACE',''
  ) );
#2492 = PCURVE('',#2357,#2493);
#2493 = DEFINITIONAL_REPRESENTATION('',(#2494),#2498);
#2494 = LINE('',#2495,#2496);
#2495 = CARTESIAN_POINT('',(8.3,0.));
#2496 = VECTOR('',#2497,1.);
#2497 = DIRECTION('',(0.,-1.));
#2498 = ( GEOMETRIC_REPRESENTATION_CONTEXT(2) 
PARAMETRIC_REPRESENTATION_CONTEXT() REPRESENTATION_CONTEXT('2D SPACE',''
  ) );
#2499 = ORIENTED_EDGE('',*,*,#2500,.F.);
#2500 = EDGE_CURVE('',#2501,#2478,#2503,.T.);
#2501 = VERTEX_POINT('',#2502);
#2502 = CARTESIAN_POINT('',(4.15,64.15,156.));
#2503 = SURFACE_CURVE('',#2504,(#2508,#2514),.PCURVE_S1.);
#2504 = LINE('',#2505,#2506);
#2505 = CARTESIAN_POINT('',(4.15,57.925,156.));
#2506 = VECTOR('',#2507,1.);
#2507 = DIRECTION('',(0.,-1.,0.));
#2508 = PCURVE('',#2331,#2509);
#2509 = DEFINITIONAL_REPRESENTATION('',(#2510),#2513);
#2510 = B_SPLINE_CURVE_WITH_KNOTS('',1,(#2511,#2512),.UNSPECIFIED.,.F.,
  .F.,(2,2),(-6.225,2.075),.PIECEWISE_BEZIER_KNOTS.);
#2511 = CARTESIAN_POINT('',(8.3,-106.1942728469));
#2512 = CARTESIAN_POINT('',(0.,-106.1942728469));
#2513 = ( GEOMETRIC_REPRESENTATION_CONTEXT(2) 
PARAMETRIC_REPRESENTATION_CONTEXT() REPRESENTATION_CONTEXT('2D SPACE',''
  ) );
#2514 = PCURVE('',#2460,#2515);
#2515 = DEFINITIONAL_REPRESENTATION('',(#2516),#2519);
#2516 = B_SPLINE_CURVE_WITH_KNOTS('',1,(#2517,#2518),.UNSPECIFIED.,.F.,
  .F.,(2,2),(-6.225,2.075),.PIECEWISE_BEZIER_KNOTS.);
#2517 = CARTESIAN_POINT('',(4.15,4.15));
#2518 = CARTESIAN_POINT('',(4.15,-4.15));
#2519 = ( GEOMETRIC_REPRESENTATION_CONTEXT(2) 
PARAMETRIC_REPRESENTATION_CONTEXT() REPRESENTATION_CONTEXT('2D SPACE',''
  ) );
#2520 = ORIENTED_EDGE('',*,*,#2521,.F.);
#2521 = EDGE_CURVE('',#2315,#2501,#2522,.T.);
#2522 = SURFACE_CURVE('',#2523,(#2527,#2534),.PCURVE_S1.);
#2523 = LINE('',#2524,#2525);
#2524 = CARTESIAN_POINT('',(4.15,64.15,49.805727153097));
#2525 = VECTOR('',#2526,1.);
#2526 = DIRECTION('',(0.,0.,1.));
#2527 = PCURVE('',#2331,#2528);
#2528 = DEFINITIONAL_REPRESENTATION('',(#2529),#2533);
#2529 = LINE('',#2530,#2531);
#2530 = CARTESIAN_POINT('',(8.3,0.));
#2531 = VECTOR('',#2532,1.);
#2532 = DIRECTION('',(0.,-1.));
#2533 = ( GEOMETRIC_REPRESENTATION_CONTEXT(2) 
PARAMETRIC_REPRESENTATION_CONTEXT() REPRESENTATION_CONTEXT('2D SPACE',''
  ) );
#2534 = PCURVE('',#2407,#2535);
#2535 = DEFINITIONAL_REPRESENTATION('',(#2536),#2540);
#2536 = LINE('',#2537,#2538);
#2537 = CARTESIAN_POINT('',(0.,-0.));
#2538 = VECTOR('',#2539,1.);
#2539 = DIRECTION('',(0.,-1.));
#2540 = ( GEOMETRIC_REPRESENTATION_CONTEXT(2) 
PARAMETRIC_REPRESENTATION_CONTEXT() REPRESENTATION_CONTEXT('2D SPACE',''
  ) );
#2541 = ADVANCED_FACE('',(#2542),#2407,.T.);
#2542 = FACE_BOUND('',#2543,.T.);
#2543 = EDGE_LOOP('',(#2544,#2545,#2546,#2567));
#2544 = ORIENTED_EDGE('',*,*,#2394,.T.);
#2545 = ORIENTED_EDGE('',*,*,#2521,.T.);
#2546 = ORIENTED_EDGE('',*,*,#2547,.F.);
#2547 = EDGE_CURVE('',#2548,#2501,#2550,.T.);
#2548 = VERTEX_POINT('',#2549);
#2549 = CARTESIAN_POINT('',(-4.15,64.15,156.));
#2550 = SURFACE_CURVE('',#2551,(#2555,#2561),.PCURVE_S1.);
#2551 = LINE('',#2552,#2553);
#2552 = CARTESIAN_POINT('',(2.075,64.15,156.));
#2553 = VECTOR('',#2554,1.);
#2554 = DIRECTION('',(1.,0.,-0.));
#2555 = PCURVE('',#2407,#2556);
#2556 = DEFINITIONAL_REPRESENTATION('',(#2557),#2560);
#2557 = B_SPLINE_CURVE_WITH_KNOTS('',1,(#2558,#2559),.UNSPECIFIED.,.F.,
  .F.,(2,2),(-6.225,2.075),.PIECEWISE_BEZIER_KNOTS.);
#2558 = CARTESIAN_POINT('',(8.3,-106.1942728469));
#2559 = CARTESIAN_POINT('',(0.,-106.1942728469));
#2560 = ( GEOMETRIC_REPRESENTATION_CONTEXT(2) 
PARAMETRIC_REPRESENTATION_CONTEXT() REPRESENTATION_CONTEXT('2D SPACE',''
  ) );
#2561 = PCURVE('',#2460,#2562);
#2562 = DEFINITIONAL_REPRESENTATION('',(#2563),#2566);
#2563 = B_SPLINE_CURVE_WITH_KNOTS('',1,(#2564,#2565),.UNSPECIFIED.,.F.,
  .F.,(2,2),(-6.225,2.075),.PIECEWISE_BEZIER_KNOTS.);
#2564 = CARTESIAN_POINT('',(-4.15,4.15));
#2565 = CARTESIAN_POINT('',(4.15,4.15));
#2566 = ( GEOMETRIC_REPRESENTATION_CONTEXT(2) 
PARAMETRIC_REPRESENTATION_CONTEXT() REPRESENTATION_CONTEXT('2D SPACE',''
  ) );
#2567 = ORIENTED_EDGE('',*,*,#2568,.F.);
#2568 = EDGE_CURVE('',#2369,#2548,#2569,.T.);
#2569 = SURFACE_CURVE('',#2570,(#2574,#2581),.PCURVE_S1.);
#2570 = LINE('',#2571,#2572);
#2571 = CARTESIAN_POINT('',(-4.15,64.15,49.805727153097));
#2572 = VECTOR('',#2573,1.);
#2573 = DIRECTION('',(0.,0.,1.));
#2574 = PCURVE('',#2407,#2575);
#2575 = DEFINITIONAL_REPRESENTATION('',(#2576),#2580);
#2576 = LINE('',#2577,#2578);
#2577 = CARTESIAN_POINT('',(8.3,0.));
#2578 = VECTOR('',#2579,1.);
#2579 = DIRECTION('',(0.,-1.));
#2580 = ( GEOMETRIC_REPRESENTATION_CONTEXT(2) 
PARAMETRIC_REPRESENTATION_CONTEXT() REPRESENTATION_CONTEXT('2D SPACE',''
  ) );
#2581 = PCURVE('',#2383,#2582);
#2582 = DEFINITIONAL_REPRESENTATION('',(#2583),#2587);
#2583 = LINE('',#2584,#2585);
#2584 = CARTESIAN_POINT('',(0.,0.));
#2585 = VECTOR('',#2586,1.);
#2586 = DIRECTION('',(0.,-1.));
#2587 = ( GEOMETRIC_REPRESENTATION_CONTEXT(2) 
PARAMETRIC_REPRESENTATION_CONTEXT() REPRESENTATION_CONTEXT('2D SPACE',''
  ) );
#2588 = ADVANCED_FACE('',(#2589),#2383,.T.);
#2589 = FACE_BOUND('',#2590,.T.);
#2590 = EDGE_LOOP('',(#2591,#2592,#2593,#2614));
#2591 = ORIENTED_EDGE('',*,*,#2368,.T.);
#2592 = ORIENTED_EDGE('',*,*,#2568,.T.);
#2593 = ORIENTED_EDGE('',*,*,#2594,.F.);
#2594 = EDGE_CURVE('',#2595,#2548,#2597,.T.);
#2595 = VERTEX_POINT('',#2596);
#2596 = CARTESIAN_POINT('',(-4.15,55.85,156.));
#2597 = SURFACE_CURVE('',#2598,(#2602,#2608),.PCURVE_S1.);
#2598 = LINE('',#2599,#2600);
#2599 = CARTESIAN_POINT('',(-4.15,62.075,156.));
#2600 = VECTOR('',#2601,1.);
#2601 = DIRECTION('',(-0.,1.,0.));
#2602 = PCURVE('',#2383,#2603);
#2603 = DEFINITIONAL_REPRESENTATION('',(#2604),#2607);
#2604 = B_SPLINE_CURVE_WITH_KNOTS('',1,(#2605,#2606),.UNSPECIFIED.,.F.,
  .F.,(2,2),(-6.225,2.075),.PIECEWISE_BEZIER_KNOTS.);
#2605 = CARTESIAN_POINT('',(8.3,-106.1942728469));
#2606 = CARTESIAN_POINT('',(0.,-106.1942728469));
#2607 = ( GEOMETRIC_REPRESENTATION_CONTEXT(2) 
PARAMETRIC_REPRESENTATION_CONTEXT() REPRESENTATION_CONTEXT('2D SPACE',''
  ) );
#2608 = PCURVE('',#2460,#2609);
#2609 = DEFINITIONAL_REPRESENTATION('',(#2610),#2613);
#2610 = B_SPLINE_CURVE_WITH_KNOTS('',1,(#2611,#2612),.UNSPECIFIED.,.F.,
  .F.,(2,2),(-6.225,2.075),.PIECEWISE_BEZIER_KNOTS.);
#2611 = CARTESIAN_POINT('',(-4.15,-4.15));
#2612 = CARTESIAN_POINT('',(-4.15,4.15));
#2613 = ( GEOMETRIC_REPRESENTATION_CONTEXT(2) 
PARAMETRIC_REPRESENTATION_CONTEXT() REPRESENTATION_CONTEXT('2D SPACE',''
  ) );
#2614 = ORIENTED_EDGE('',*,*,#2615,.F.);
#2615 = EDGE_CURVE('',#2343,#2595,#2616,.T.);
#2616 = SURFACE_CURVE('',#2617,(#2621,#2628),.PCURVE_S1.);
#2617 = LINE('',#2618,#2619);
#2618 = CARTESIAN_POINT('',(-4.15,55.85,49.805727153097));
#2619 = VECTOR('',#2620,1.);
#2620 = DIRECTION('',(0.,0.,1.));
#2621 = PCURVE('',#2383,#2622);
#2622 = DEFINITIONAL_REPRESENTATION('',(#2623),#2627);
#2623 = LINE('',#2624,#2625);
#2624 = CARTESIAN_POINT('',(8.3,0.));
#2625 = VECTOR('',#2626,1.);
#2626 = DIRECTION('',(0.,-1.));
#2627 = ( GEOMETRIC_REPRESENTATION_CONTEXT(2) 
PARAMETRIC_REPRESENTATION_CONTEXT() REPRESENTATION_CONTEXT('2D SPACE',''
  ) );
#2628 = PCURVE('',#2357,#2629);
#2629 = DEFINITIONAL_REPRESENTATION('',(#2630),#2634);
#2630 = LINE('',#2631,#2632);
#2631 = CARTESIAN_POINT('',(0.,0.));
#2632 = VECTOR('',#2633,1.);
#2633 = DIRECTION('',(0.,-1.));
#2634 = ( GEOMETRIC_REPRESENTATION_CONTEXT(2) 
PARAMETRIC_REPRESENTATION_CONTEXT() REPRESENTATION_CONTEXT('2D SPACE',''
  ) );
#2635 = ADVANCED_FACE('',(#2636),#2357,.T.);
#2636 = FACE_BOUND('',#2637,.T.);
#2637 = EDGE_LOOP('',(#2638,#2639,#2640,#2659));
#2638 = ORIENTED_EDGE('',*,*,#2342,.T.);
#2639 = ORIENTED_EDGE('',*,*,#2615,.T.);
#2640 = ORIENTED_EDGE('',*,*,#2641,.F.);
#2641 = EDGE_CURVE('',#2478,#2595,#2642,.T.);
#2642 = SURFACE_CURVE('',#2643,(#2647,#2653),.PCURVE_S1.);
#2643 = LINE('',#2644,#2645);
#2644 = CARTESIAN_POINT('',(-2.075,55.85,156.));
#2645 = VECTOR('',#2646,1.);
#2646 = DIRECTION('',(-1.,0.,0.));
#2647 = PCURVE('',#2357,#2648);
#2648 = DEFINITIONAL_REPRESENTATION('',(#2649),#2652);
#2649 = B_SPLINE_CURVE_WITH_KNOTS('',1,(#2650,#2651),.UNSPECIFIED.,.F.,
  .F.,(2,2),(-6.225,2.075),.PIECEWISE_BEZIER_KNOTS.);
#2650 = CARTESIAN_POINT('',(8.3,-106.1942728469));
#2651 = CARTESIAN_POINT('',(0.,-106.1942728469));
#2652 = ( GEOMETRIC_REPRESENTATION_CONTEXT(2) 
PARAMETRIC_REPRESENTATION_CONTEXT() REPRESENTATION_CONTEXT('2D SPACE',''
  ) );
#2653 = PCURVE('',#2460,#2654);
#2654 = DEFINITIONAL_REPRESENTATION('',(#2655),#2658);
#2655 = B_SPLINE_CURVE_WITH_KNOTS('',1,(#2656,#2657),.UNSPECIFIED.,.F.,
  .F.,(2,2),(-6.225,2.075),.PIECEWISE_BEZIER_KNOTS.);
#2656 = CARTESIAN_POINT('',(4.15,-4.15));
#2657 = CARTESIAN_POINT('',(-4.15,-4.15));
#2658 = ( GEOMETRIC_REPRESENTATION_CONTEXT(2) 
PARAMETRIC_REPRESENTATION_CONTEXT() REPRESENTATION_CONTEXT('2D SPACE',''
  ) );
#2659 = ORIENTED_EDGE('',*,*,#2477,.F.);
#2660 = ADVANCED_FACE('',(#2661,#2664),#2460,.T.);
#2661 = FACE_BOUND('',#2662,.T.);
#2662 = EDGE_LOOP('',(#2663));
#2663 = ORIENTED_EDGE('',*,*,#2445,.T.);
#2664 = FACE_BOUND('',#2665,.T.);
#2665 = EDGE_LOOP('',(#2666,#2667,#2668,#2669));
#2666 = ORIENTED_EDGE('',*,*,#2500,.T.);
#2667 = ORIENTED_EDGE('',*,*,#2641,.T.);
#2668 = ORIENTED_EDGE('',*,*,#2594,.T.);
#2669 = ORIENTED_EDGE('',*,*,#2547,.T.);
#2670 = ( GEOMETRIC_REPRESENTATION_CONTEXT(3) 
GLOBAL_UNCERTAINTY_ASSIGNED_CONTEXT((#2674)) 
GLOBAL_UNIT_ASSIGNED_CONTEXT((#2671,#2672,#2673)) REPRESENTATION_CONTEXT
('Context #1','3D Context with UNIT and UNCERTAINTY') );
#2671 = ( LENGTH_UNIT() NAMED_UNIT(*) SI_UNIT(.MILLI.,.METRE.) );
#2672 = ( NAMED_UNIT(*) PLANE_ANGLE_UNIT() SI_UNIT($,.RADIAN.) );
#2673 = ( NAMED_UNIT(*) SI_UNIT($,.STERADIAN.) SOLID_ANGLE_UNIT() );
#2674 = UNCERTAINTY_MEASURE_WITH_UNIT(LENGTH_MEASURE(2.E-06),#2671,
  'distance_accuracy_value','confusion accuracy');
#2675 = PRODUCT_RELATED_PRODUCT_CATEGORY('part',$,(#7));
ENDSEC;
END-ISO-10303-21;
