ISO-10303-21;
HEADER;
FILE_DESCRIPTION(('Open CASCADE Model'),'2;1');
FILE_NAME('Open CASCADE Shape Model','2026-09-21T09:31:42',('Author'),(
    'Open CASCADE'),'Open CASCADE STEP processor 7.9','Open CASCADE 7.9'
  ,'Unknown');
FILE_SCHEMA(('AUTOMOTIVE_DESIGN { 1 0 10303 214 1 1 1 1 }'));
ENDSEC;
DATA;
#1 = APPLICATION_PROTOCOL_DEFINITION('international standard',
  'automotive_design',2000,#2);
#2 = APPLICATION_CONTEXT(
  'core data for automotive mechanical design processes');
#3 = SHAPE_DEFINITION_REPRESENTATION(#4,#10);
#4 = PRODUCT_DEFINITION_SHAPE('','',#5);
#5 = PRODUCT_DEFINITION('design','',#6,#9);
#6 = PRODUCT_DEFINITION_FORMATION('','',#7);
#7 = PRODUCT('Open CASCADE STEP translator 7.9 18',
  'Open CASCADE STEP translator 7.9 18','',(#8));
#8 = PRODUCT_CONTEXT('',#2,'mechanical');
#9 = PRODUCT_DEFINITION_CONTEXT('part definition',#2,'design');
#10 = ADVANCED_BREP_SHAPE_REPRESENTATION('',(#11,#15),#6390);
#11 = AXIS2_PLACEMENT_3D('',#12,#13,#14);
#12 = CARTESIAN_POINT('',(0.,0.,0.));
#13 = DIRECTION('',(0.,0.,1.));
#14 = DIRECTION('',(1.,0.,-0.));
#15 = MANIFOLD_SOLID_BREP('',#16);
#16 = CLOSED_SHELL('',(#17,#3999,#4386,#4481,#4641,#4686,#4908,#5148,
    #5308,#5353,#5453,#5510,#5545,#5600,#5655,#5710,#5765,#5820,#5845,
    #5870,#5925,#5950,#5957,#5982,#5989,#5993,#6048,#6052,#6056,#6060,
    #6064,#6068,#6178,#6182,#6258,#6307,#6356,#6383));
#17 = ADVANCED_FACE('',(#18,#1554,#2043,#2532,#3021,#3510),#33,.T.);
#18 = FACE_BOUND('',#19,.F.);
#19 = EDGE_LOOP('',(#20,#56,#84,#283,#309,#490,#518,#585,#611,#678,#701,
    #1104,#1196,#1219,#1246,#1247,#1301,#1302));
#20 = ORIENTED_EDGE('',*,*,#21,.F.);
#21 = EDGE_CURVE('',#22,#24,#26,.T.);
#22 = VERTEX_POINT('',#23);
#23 = CARTESIAN_POINT('',(8.,40.,159.));
#24 = VERTEX_POINT('',#25);
#25 = CARTESIAN_POINT('',(7.961477821202,40.784137043192,159.));
#26 = SURFACE_CURVE('',#27,(#32,#44),.PCURVE_S1.);
#27 = CIRCLE('',#28,8.);
#28 = AXIS2_PLACEMENT_3D('',#29,#30,#31);
#29 = CARTESIAN_POINT('',(0.,40.,159.));
#30 = DIRECTION('',(0.,0.,1.));
#31 = DIRECTION('',(1.,0.,0.));
#32 = PCURVE('',#33,#38);
#33 = CYLINDRICAL_SURFACE('',#34,8.);
#34 = AXIS2_PLACEMENT_3D('',#35,#36,#37);
#35 = CARTESIAN_POINT('',(0.,40.,159.));
#36 = DIRECTION('',(-0.,-0.,-1.));
#37 = DIRECTION('',(1.,0.,0.));
#38 = DEFINITIONAL_REPRESENTATION('',(#39),#43);
#39 = LINE('',#40,#41);
#40 = CARTESIAN_POINT('',(-0.,0.));
#41 = VECTOR('',#42,1.);
#42 = DIRECTION('',(-1.,0.));
#43 = ( GEOMETRIC_REPRESENTATION_CONTEXT(2) 
PARAMETRIC_REPRESENTATION_CONTEXT() REPRESENTATION_CONTEXT('2D SPACE',''
  ) );
#44 = PCURVE('',#45,#50);
#45 = PLANE('',#46);
#46 = AXIS2_PLACEMENT_3D('',#47,#48,#49);
#47 = CARTESIAN_POINT('',(-1.709300165674E-16,40.,159.));
#48 = DIRECTION('',(0.,0.,1.));
#49 = DIRECTION('',(1.,0.,-0.));
#50 = DEFINITIONAL_REPRESENTATION('',(#51),#55);
#51 = CIRCLE('',#52,8.);
#52 = AXIS2_PLACEMENT_2D('',#53,#54);
#53 = CARTESIAN_POINT('',(1.709300165674E-16,7.105427357601E-15));
#54 = DIRECTION('',(1.,0.));
#55 = ( GEOMETRIC_REPRESENTATION_CONTEXT(2) 
PARAMETRIC_REPRESENTATION_CONTEXT() REPRESENTATION_CONTEXT('2D SPACE',''
  ) );
#56 = ORIENTED_EDGE('',*,*,#57,.T.);
#57 = EDGE_CURVE('',#22,#58,#60,.T.);
#58 = VERTEX_POINT('',#59);
#59 = CARTESIAN_POINT('',(8.,40.,171.56249905218));
#60 = SURFACE_CURVE('',#61,(#65,#72),.PCURVE_S1.);
#61 = LINE('',#62,#63);
#62 = CARTESIAN_POINT('',(8.,40.,159.));
#63 = VECTOR('',#64,1.);
#64 = DIRECTION('',(0.,0.,1.));
#65 = PCURVE('',#33,#66);
#66 = DEFINITIONAL_REPRESENTATION('',(#67),#71);
#67 = LINE('',#68,#69);
#68 = CARTESIAN_POINT('',(-0.,0.));
#69 = VECTOR('',#70,1.);
#70 = DIRECTION('',(-0.,-1.));
#71 = ( GEOMETRIC_REPRESENTATION_CONTEXT(2) 
PARAMETRIC_REPRESENTATION_CONTEXT() REPRESENTATION_CONTEXT('2D SPACE',''
  ) );
#72 = PCURVE('',#73,#78);
#73 = CYLINDRICAL_SURFACE('',#74,8.);
#74 = AXIS2_PLACEMENT_3D('',#75,#76,#77);
#75 = CARTESIAN_POINT('',(0.,40.,159.));
#76 = DIRECTION('',(-0.,-0.,-1.));
#77 = DIRECTION('',(1.,0.,0.));
#78 = DEFINITIONAL_REPRESENTATION('',(#79),#83);
#79 = LINE('',#80,#81);
#80 = CARTESIAN_POINT('',(-6.28318530718,0.));
#81 = VECTOR('',#82,1.);
#82 = DIRECTION('',(-0.,-1.));
#83 = ( GEOMETRIC_REPRESENTATION_CONTEXT(2) 
PARAMETRIC_REPRESENTATION_CONTEXT() REPRESENTATION_CONTEXT('2D SPACE',''
  ) );
#84 = ORIENTED_EDGE('',*,*,#85,.T.);
#85 = EDGE_CURVE('',#58,#86,#88,.T.);
#86 = VERTEX_POINT('',#87);
#87 = CARTESIAN_POINT('',(-7.517540990296,37.263838919358,
    191.56250006704));
#88 = SURFACE_CURVE('',#89,(#140,#194),.PCURVE_S1.);
#89 = B_SPLINE_CURVE_WITH_KNOTS('',7,(#90,#91,#92,#93,#94,#95,#96,#97,
    #98,#99,#100,#101,#102,#103,#104,#105,#106,#107,#108,#109,#110,#111,
    #112,#113,#114,#115,#116,#117,#118,#119,#120,#121,#122,#123,#124,
    #125,#126,#127,#128,#129,#130,#131,#132,#133,#134,#135,#136,#137,
    #138,#139),.UNSPECIFIED.,.F.,.F.,(8,6,6,6,6,6,6,6,8),(0.,
    0.191828077199,0.355755903224,0.519515186016,0.590803435883,
    0.677745170652,0.816988924628,0.945245455846,1.),.UNSPECIFIED.);
#90 = CARTESIAN_POINT('',(8.,40.,171.56249905218));
#91 = CARTESIAN_POINT('',(8.000000000013,40.765245916778,172.11056717576
    ));
#92 = CARTESIAN_POINT('',(7.914599919503,41.530615364936,172.65872386601
    ));
#93 = CARTESIAN_POINT('',(7.743749332071,42.284455250899,173.20680907571
    ));
#94 = CARTESIAN_POINT('',(7.489460812001,43.015352355848,173.75486365541
    ));
#95 = CARTESIAN_POINT('',(7.155516644667,43.712446280705,174.30295110758
    ));
#96 = CARTESIAN_POINT('',(6.747415732052,44.36554507603,174.85110756753)
  );
#97 = CARTESIAN_POINT('',(5.866533107001,45.478269352898,175.86752952902
    ));
#98 = CARTESIAN_POINT('',(5.411700167581,45.952334097486,176.33592380608
    ));
#99 = CARTESIAN_POINT('',(4.912413393951,46.382045946629,176.80428808624
    ));
#100 = CARTESIAN_POINT('',(4.373916855897,46.762482275635,
    177.27263350368));
#101 = CARTESIAN_POINT('',(3.802078021409,47.089497957567,
    177.74099801874));
#102 = CARTESIAN_POINT('',(3.203288372406,47.359795452109,
    178.20939247833));
#103 = CARTESIAN_POINT('',(1.966159511276,47.782093763902,
    179.14561981847));
#104 = CARTESIAN_POINT('',(1.327754013242,47.934252650254,
    179.61353275685));
#105 = CARTESIAN_POINT('',(0.676014018029,48.025181059753,
    180.08141617282));
#106 = CARTESIAN_POINT('',(1.799098555748E-02,48.053583234116,
    180.54928074376));
#107 = CARTESIAN_POINT('',(-0.639160368735,48.019150269139,
    181.01716400494));
#108 = CARTESIAN_POINT('',(-1.28830275447,47.922565419372,
    181.48507681927));
#109 = CARTESIAN_POINT('',(-2.198486446411,47.697241870858,
    182.15662571575));
#110 = CARTESIAN_POINT('',(-2.471705345405,47.617453905196,
    182.36030237742));
#111 = CARTESIAN_POINT('',(-2.741519611061,47.526358442104,
    182.56397858451));
#112 = CARTESIAN_POINT('',(-3.007368473856,47.424132001735,
    182.76765450074));
#113 = CARTESIAN_POINT('',(-3.268703409219,47.310985515489,
    182.97133071377));
#114 = CARTESIAN_POINT('',(-3.52498987907,47.187163650904,
    183.17500739724));
#115 = CARTESIAN_POINT('',(-4.081481227011,46.889252680537,
    183.62708277261));
#116 = CARTESIAN_POINT('',(-4.378975914839,46.710094242358,
    183.87548377089));
#117 = CARTESIAN_POINT('',(-4.667250870534,46.515973312184,
    184.12388354673));
#118 = CARTESIAN_POINT('',(-4.945406214227,46.307463534843,
    184.3722825453));
#119 = CARTESIAN_POINT('',(-5.212588488795,46.085204680122,
    184.62068233186));
#120 = CARTESIAN_POINT('',(-5.467994696174,45.849899613063,
    184.86908334571));
#121 = CARTESIAN_POINT('',(-6.099869618255,45.205779826043,
    185.51531290532));
#122 = CARTESIAN_POINT('',(-6.456758875492,44.777719124992,
    185.91316091887));
#123 = CARTESIAN_POINT('',(-6.778444462558,44.32127881035,
    186.31099567411));
#124 = CARTESIAN_POINT('',(-7.062258630596,43.839956226652,
    186.70882192087));
#125 = CARTESIAN_POINT('',(-7.305969165193,43.337536772358,
    187.10665642472));
#126 = CARTESIAN_POINT('',(-7.507806603241,42.818047916929,
    187.50450410244));
#127 = CARTESIAN_POINT('',(-7.812700339511,41.795409370429,
    188.2687726657));
#128 = CARTESIAN_POINT('',(-7.92230531184,41.294168394059,
    188.63522317624));
#129 = CARTESIAN_POINT('',(-7.994340649027,40.785307093079,
    189.00166507073));
#130 = CARTESIAN_POINT('',(-8.02820600593,40.272207463745,189.3681016239
    ));
#131 = CARTESIAN_POINT('',(-8.023675529538,39.758293605554,
    189.7345438672));
#132 = CARTESIAN_POINT('',(-7.980900069379,39.246996478369,
    190.1009947898));
#133 = CARTESIAN_POINT('',(-7.866070549725,38.526010491869,
    190.62387179808));
#134 = CARTESIAN_POINT('',(-7.824843744351,38.311394902906,
    190.78030998247));
#135 = CARTESIAN_POINT('',(-7.776787534195,38.09813644646,
    190.93674801774));
#136 = CARTESIAN_POINT('',(-7.721956294418,37.886495708739,
    191.0931859431));
#137 = CARTESIAN_POINT('',(-7.66041676788,37.676730345922,
    191.24962392476));
#138 = CARTESIAN_POINT('',(-7.592247952778,37.469094617457,
    191.40606204097));
#139 = CARTESIAN_POINT('',(-7.517540990296,37.263838919358,
    191.56250006704));
#140 = PCURVE('',#33,#141);
#141 = DEFINITIONAL_REPRESENTATION('',(#142),#193);
#142 = B_SPLINE_CURVE_WITH_KNOTS('',7,(#143,#144,#145,#146,#147,#148,
    #149,#150,#151,#152,#153,#154,#155,#156,#157,#158,#159,#160,#161,
    #162,#163,#164,#165,#166,#167,#168,#169,#170,#171,#172,#173,#174,
    #175,#176,#177,#178,#179,#180,#181,#182,#183,#184,#185,#186,#187,
    #188,#189,#190,#191,#192),.UNSPECIFIED.,.F.,.F.,(8,6,6,6,6,6,6,6,8),
  (0.,0.191828077199,0.355755903224,0.519515186016,0.590803435883,
    0.677745170652,0.816988924628,0.945245455846,1.),.UNSPECIFIED.);
#143 = CARTESIAN_POINT('',(0.,-12.56249905218));
#144 = CARTESIAN_POINT('',(-9.565573959723E-02,-13.11056717576));
#145 = CARTESIAN_POINT('',(-0.191326918827,-13.65872386601));
#146 = CARTESIAN_POINT('',(-0.286986493707,-14.20680907571));
#147 = CARTESIAN_POINT('',(-0.382639404705,-14.7548636554));
#148 = CARTESIAN_POINT('',(-0.478298530536,-15.30295110759));
#149 = CARTESIAN_POINT('',(-0.573969767745,-15.85110756753));
#150 = CARTESIAN_POINT('',(-0.751368925519,-16.86752952902));
#151 = CARTESIAN_POINT('',(-0.833119273956,-17.33592380608));
#152 = CARTESIAN_POINT('',(-0.914864468308,-17.80428808624));
#153 = CARTESIAN_POINT('',(-0.996606351357,-18.27263350368));
#154 = CARTESIAN_POINT('',(-1.078351486771,-18.74099801874));
#155 = CARTESIAN_POINT('',(-1.160101778017,-19.20939247833));
#156 = CARTESIAN_POINT('',(-1.32350425673,-20.14561981847));
#157 = CARTESIAN_POINT('',(-1.405170417247,-20.61353275685));
#158 = CARTESIAN_POINT('',(-1.486831405227,-21.08141617282));
#159 = CARTESIAN_POINT('',(-1.568489134054,-21.54928074376));
#160 = CARTESIAN_POINT('',(-1.650150170509,-22.01716400494));
#161 = CARTESIAN_POINT('',(-1.731816384437,-22.48507681927));
#162 = CARTESIAN_POINT('',(-1.84902380305,-23.15662571575));
#163 = CARTESIAN_POINT('',(-1.884572093512,-23.36030237742));
#164 = CARTESIAN_POINT('',(-1.920120301822,-23.56397858451));
#165 = CARTESIAN_POINT('',(-1.955668454606,-23.76765450074));
#166 = CARTESIAN_POINT('',(-1.991216652941,-23.97133071377));
#167 = CARTESIAN_POINT('',(-2.026764926478,-24.17500739724));
#168 = CARTESIAN_POINT('',(-2.105666919343,-24.62708277261));
#169 = CARTESIAN_POINT('',(-2.149021038169,-24.87548377089));
#170 = CARTESIAN_POINT('',(-2.192374934726,-25.12388354673));
#171 = CARTESIAN_POINT('',(-2.235728690245,-25.3722825453));
#172 = CARTESIAN_POINT('',(-2.279082583338,-25.62068233186));
#173 = CARTESIAN_POINT('',(-2.322436696823,-25.86908334571));
#174 = CARTESIAN_POINT('',(-2.435224953719,-26.51531290532));
#175 = CARTESIAN_POINT('',(-2.504662513589,-26.91316091887));
#176 = CARTESIAN_POINT('',(-2.574097810926,-27.31099567411));
#177 = CARTESIAN_POINT('',(-2.643531694288,-27.70882192087));
#178 = CARTESIAN_POINT('',(-2.712967073467,-28.10665642472));
#179 = CARTESIAN_POINT('',(-2.782404757299,-28.50450410244));
#180 = CARTESIAN_POINT('',(-2.915795032151,-29.2687726657));
#181 = CARTESIAN_POINT('',(-2.979752798222,-29.63522317624));
#182 = CARTESIAN_POINT('',(-3.043709002623,-30.00166507073));
#183 = CARTESIAN_POINT('',(-3.107664177624,-30.3681016239));
#184 = CARTESIAN_POINT('',(-3.171620271183,-30.7345438672));
#185 = CARTESIAN_POINT('',(-3.235577883391,-31.1009947898));
#186 = CARTESIAN_POINT('',(-3.326837010616,-31.62387179808));
#187 = CARTESIAN_POINT('',(-3.354140595814,-31.78030998247));
#188 = CARTESIAN_POINT('',(-3.381444166663,-31.93674801774));
#189 = CARTESIAN_POINT('',(-3.408747731847,-32.0931859431));
#190 = CARTESIAN_POINT('',(-3.43605131761,-32.24962392476));
#191 = CARTESIAN_POINT('',(-3.463354926352,-32.40606204097));
#192 = CARTESIAN_POINT('',(-3.490658495214,-32.56250006704));
#193 = ( GEOMETRIC_REPRESENTATION_CONTEXT(2) 
PARAMETRIC_REPRESENTATION_CONTEXT() REPRESENTATION_CONTEXT('2D SPACE',''
  ) );
#194 = PCURVE('',#195,#230);
#195 = B_SPLINE_SURFACE_WITH_KNOTS('',1,9,(
    (#196,#197,#198,#199,#200,#201,#202,#203,#204,#205,#206,#207,#208
      ,#209,#210,#211,#212)
    ,(#213,#214,#215,#216,#217,#218,#219,#220,#221,#222,#223,#224,#225
      ,#226,#227,#228,#229
    )),.UNSPECIFIED.,.F.,.F.,.F.,(2,2),(10,7,10),(0.,12.839003076563),(
    0.,19.185704022845,38.371408045689),.UNSPECIFIED.);
#196 = CARTESIAN_POINT('',(-7.195613954537,39.748723623742,153.7));
#197 = CARTESIAN_POINT('',(-7.103524283276,37.111393046715,
    155.79999996825));
#198 = CARTESIAN_POINT('',(-5.923876384193,34.512037697765,
    157.9000002824));
#199 = CARTESIAN_POINT('',(-3.675041005949,32.463248865885,
    159.99999927028));
#200 = CARTESIAN_POINT('',(-0.655557151982,31.466610902232,
    162.10000094852));
#201 = CARTESIAN_POINT('',(2.5584403486,31.832803359088,164.19999933528)
  );
#202 = CARTESIAN_POINT('',(5.276091011055,33.483087906097,
    166.30000020802));
#203 = CARTESIAN_POINT('',(7.006650950018,35.985294782687,
    168.39999999704));
#204 = CARTESIAN_POINT('',(8.135847143185,41.581448627393,
    172.59999999944));
#205 = CARTESIAN_POINT('',(4.992517434144,46.347107053734,
    176.80000000183));
#206 = CARTESIAN_POINT('',(2.450558021748,48.018823049242,
    178.89999979089));
#207 = CARTESIAN_POINT('',(-0.687079394563,48.53096235506,
    181.00000066344));
#208 = CARTESIAN_POINT('',(-3.804893889838,47.666319293723,
    183.09999905058));
#209 = CARTESIAN_POINT('',(-6.230426146928,45.611382370965,
    185.20000072842));
#210 = CARTESIAN_POINT('',(-7.548480147464,42.869172335475,
    187.29999971653));
#211 = CARTESIAN_POINT('',(-7.668349582357,40.017248028983,
    189.40000003062));
#212 = CARTESIAN_POINT('',(-6.765787132037,37.537454871612,
    191.49999999888));
#213 = CARTESIAN_POINT('',(-19.98781654038,39.30201006595,154.7));
#214 = CARTESIAN_POINT('',(-19.73199415453,31.976078973627,
    156.80004060598));
#215 = CARTESIAN_POINT('',(-16.4553726379,24.755625158172,
    158.89963882105));
#216 = CARTESIAN_POINT('',(-10.20808298411,19.064777630711,
    161.00093323148));
#217 = CARTESIAN_POINT('',(-1.821377622686,16.29582414165,
    163.09878694126));
#218 = CARTESIAN_POINT('',(7.106978112609,17.313578393177,165.2008500954
    ));
#219 = CARTESIAN_POINT('',(14.655765898429,21.897393338194,
    167.29973395513));
#220 = CARTESIAN_POINT('',(19.462917202178,28.848042434863,
    169.40000377676));
#221 = CARTESIAN_POINT('',(22.599575706189,44.392911932235,
    173.60000071506));
#222 = CARTESIAN_POINT('',(13.868106067804,57.630851054892,
    177.79999765336));
#223 = CARTESIAN_POINT('',(6.807192886246,62.274584108892,
    179.90026747502));
#224 = CARTESIAN_POINT('',(-1.908849367363,63.696841321899,
    181.99915133455));
#225 = CARTESIAN_POINT('',(-10.56873611963,61.29575451349,
    184.10121448914));
#226 = CARTESIAN_POINT('',(-17.30704365318,55.586859761655,
    186.19906819837));
#227 = CARTESIAN_POINT('',(-20.96787715271,47.970015599008,
    188.3003626092));
#228 = CARTESIAN_POINT('',(-21.30099132483,40.04791932505,190.3999608241
    ));
#229 = CARTESIAN_POINT('',(-18.79385296202,33.159598144066,
    192.50000143012));
#230 = DEFINITIONAL_REPRESENTATION('',(#231),#282);
#231 = B_SPLINE_CURVE_WITH_KNOTS('',7,(#232,#233,#234,#235,#236,#237,
    #238,#239,#240,#241,#242,#243,#244,#245,#246,#247,#248,#249,#250,
    #251,#252,#253,#254,#255,#256,#257,#258,#259,#260,#261,#262,#263,
    #264,#265,#266,#267,#268,#269,#270,#271,#272,#273,#274,#275,#276,
    #277,#278,#279,#280,#281),.UNSPECIFIED.,.F.,.F.,(8,6,6,6,6,6,6,6,8),
  (0.,0.191828077199,0.355755903224,0.519515186016,0.590803435883,
    0.677745170652,0.816988924628,0.945245455846,1.),.UNSPECIFIED.);
#232 = CARTESIAN_POINT('',(0.802437424327,18.069074855015));
#233 = CARTESIAN_POINT('',(0.80243757933,18.625427761223));
#234 = CARTESIAN_POINT('',(0.802438097599,19.181870567539));
#235 = CARTESIAN_POINT('',(0.802437453385,19.738241506742));
#236 = CARTESIAN_POINT('',(0.802437553463,20.294580424356));
#237 = CARTESIAN_POINT('',(0.802439130791,20.850952749693));
#238 = CARTESIAN_POINT('',(0.802439751705,21.4073952447));
#239 = CARTESIAN_POINT('',(0.802439743551,22.439181958587));
#240 = CARTESIAN_POINT('',(0.802439229598,22.914656852773));
#241 = CARTESIAN_POINT('',(0.802438001116,23.390101470652));
#242 = CARTESIAN_POINT('',(0.802436447452,23.86552704216));
#243 = CARTESIAN_POINT('',(0.802435172255,24.34097198407));
#244 = CARTESIAN_POINT('',(0.802434623097,24.816447210572));
#245 = CARTESIAN_POINT('',(0.802434836992,25.766827338209));
#246 = CARTESIAN_POINT('',(0.802435601365,26.241813507183));
#247 = CARTESIAN_POINT('',(0.802437046938,26.716769551261));
#248 = CARTESIAN_POINT('',(0.802438715087,27.191706355361));
#249 = CARTESIAN_POINT('',(0.802440031357,27.666662113047));
#250 = CARTESIAN_POINT('',(0.802440617237,28.141647942735));
#251 = CARTESIAN_POINT('',(0.802440516697,28.823348186414));
#252 = CARTESIAN_POINT('',(0.802440360819,29.030103709255));
#253 = CARTESIAN_POINT('',(0.802440081747,29.236858793577));
#254 = CARTESIAN_POINT('',(0.802439695631,29.443613606848));
#255 = CARTESIAN_POINT('',(0.802439228776,29.650368745077));
#256 = CARTESIAN_POINT('',(0.802438713829,29.857124382307));
#257 = CARTESIAN_POINT('',(0.802437542191,30.316033760991));
#258 = CARTESIAN_POINT('',(0.802436878362,30.568189852287));
#259 = CARTESIAN_POINT('',(0.802436258947,30.82034472218));
#260 = CARTESIAN_POINT('',(0.802435747021,31.072498812587));
#261 = CARTESIAN_POINT('',(0.802435392725,31.324653700971));
#262 = CARTESIAN_POINT('',(0.802435221728,31.576809822169));
#263 = CARTESIAN_POINT('',(0.802435226826,32.23280845303));
#264 = CARTESIAN_POINT('',(0.802435672121,32.636670690426));
#265 = CARTESIAN_POINT('',(0.80243654673,33.040519376557));
#266 = CARTESIAN_POINT('',(0.802437591351,33.444359310214));
#267 = CARTESIAN_POINT('',(0.802438431438,33.848207521679));
#268 = CARTESIAN_POINT('',(0.802438778698,34.252069047464));
#269 = CARTESIAN_POINT('',(0.80243863301,35.027890261354));
#270 = CARTESIAN_POINT('',(0.80243820207,35.399880021602));
#271 = CARTESIAN_POINT('',(0.802437439895,35.771861084276));
#272 = CARTESIAN_POINT('',(0.802436589606,36.143836822079));
#273 = CARTESIAN_POINT('',(0.802436126211,36.515818489502));
#274 = CARTESIAN_POINT('',(0.802436407911,36.887809136987));
#275 = CARTESIAN_POINT('',(0.802437195837,37.418590658254));
#276 = CARTESIAN_POINT('',(0.80243748091,37.577393780315));
#277 = CARTESIAN_POINT('',(0.802437781789,37.736196747582));
#278 = CARTESIAN_POINT('',(0.8024380358,37.894999584686));
#279 = CARTESIAN_POINT('',(0.802438149517,38.05380243726));
#280 = CARTESIAN_POINT('',(0.802437997143,38.212605350163));
#281 = CARTESIAN_POINT('',(0.802437418903,38.371408045689));
#282 = ( GEOMETRIC_REPRESENTATION_CONTEXT(2) 
PARAMETRIC_REPRESENTATION_CONTEXT() REPRESENTATION_CONTEXT('2D SPACE',''
  ) );
#283 = ORIENTED_EDGE('',*,*,#284,.F.);
#284 = EDGE_CURVE('',#285,#86,#287,.T.);
#285 = VERTEX_POINT('',#286);
#286 = CARTESIAN_POINT('',(-7.517540990296,37.263838919358,
    196.43750006704));
#287 = SURFACE_CURVE('',#288,(#292,#298),.PCURVE_S1.);
#288 = LINE('',#289,#290);
#289 = CARTESIAN_POINT('',(-7.517540990296,37.263838919359,159.));
#290 = VECTOR('',#291,1.);
#291 = DIRECTION('',(-0.,-0.,-1.));
#292 = PCURVE('',#33,#293);
#293 = DEFINITIONAL_REPRESENTATION('',(#294),#297);
#294 = B_SPLINE_CURVE_WITH_KNOTS('',1,(#295,#296),.UNSPECIFIED.,.F.,.F.,
  (2,2),(-37.99999999888,-31.99999999888),.PIECEWISE_BEZIER_KNOTS.);
#295 = CARTESIAN_POINT('',(-3.490658495214,-37.99999999888));
#296 = CARTESIAN_POINT('',(-3.490658495214,-31.99999999888));
#297 = ( GEOMETRIC_REPRESENTATION_CONTEXT(2) 
PARAMETRIC_REPRESENTATION_CONTEXT() REPRESENTATION_CONTEXT('2D SPACE',''
  ) );
#298 = PCURVE('',#299,#304);
#299 = PLANE('',#300);
#300 = AXIS2_PLACEMENT_3D('',#301,#302,#303);
#301 = CARTESIAN_POINT('',(-12.42267084533,35.478518150509,194.000000672
    ));
#302 = DIRECTION('',(-0.342020059827,0.939692651177,1.44258949032E-14));
#303 = DIRECTION('',(0.939692651177,0.342020059827,0.));
#304 = DEFINITIONAL_REPRESENTATION('',(#305),#308);
#305 = B_SPLINE_CURVE_WITH_KNOTS('',1,(#306,#307),.UNSPECIFIED.,.F.,.F.,
  (2,2),(-37.99999999888,-31.99999999888),.PIECEWISE_BEZIER_KNOTS.);
#306 = CARTESIAN_POINT('',(5.21992999402,-2.999999326874));
#307 = CARTESIAN_POINT('',(5.21992999402,3.000000673126));
#308 = ( GEOMETRIC_REPRESENTATION_CONTEXT(2) 
PARAMETRIC_REPRESENTATION_CONTEXT() REPRESENTATION_CONTEXT('2D SPACE',''
  ) );
#309 = ORIENTED_EDGE('',*,*,#310,.F.);
#310 = EDGE_CURVE('',#311,#285,#313,.T.);
#311 = VERTEX_POINT('',#312);
#312 = CARTESIAN_POINT('',(8.,40.,176.43749915566));
#313 = SURFACE_CURVE('',#314,(#359,#407),.PCURVE_S1.);
#314 = B_SPLINE_CURVE_WITH_KNOTS('',7,(#315,#316,#317,#318,#319,#320,
    #321,#322,#323,#324,#325,#326,#327,#328,#329,#330,#331,#332,#333,
    #334,#335,#336,#337,#338,#339,#340,#341,#342,#343,#344,#345,#346,
    #347,#348,#349,#350,#351,#352,#353,#354,#355,#356,#357,#358),
  .UNSPECIFIED.,.F.,.F.,(8,6,6,6,6,6,6,8),(0.,8.62118299269E-02,
    0.368875968999,0.538134357083,0.716104594346,0.890006890474,
    0.945968504254,1.),.UNSPECIFIED.);
#315 = CARTESIAN_POINT('',(8.,40.,176.43749915566));
#316 = CARTESIAN_POINT('',(8.000000000003,40.343897012347,
    176.68379767912));
#317 = CARTESIAN_POINT('',(7.982752891419,40.687796313464,
    176.93009782886));
#318 = CARTESIAN_POINT('',(7.948258672747,41.030656209682,
    177.17639667843));
#319 = CARTESIAN_POINT('',(7.896595630493,41.371439301001,
    177.42269467292));
#320 = CARTESIAN_POINT('',(7.82791961785,41.709117388253,177.66899340592
    ));
#321 = CARTESIAN_POINT('',(7.742463333377,42.042676380267,
    177.91529339655));
#322 = CARTESIAN_POINT('',(7.306343469479,43.447998615331,
    178.96913469422));
#323 = CARTESIAN_POINT('',(6.794824156977,44.470736736173,
    179.77728889079));
#324 = CARTESIAN_POINT('',(6.116809296922,45.402747985117,
    180.58493238598));
#325 = CARTESIAN_POINT('',(5.292662827769,46.212309114129,181.3923925076
    ));
#326 = CARTESIAN_POINT('',(4.348688836759,46.87357560993,182.20003295456
    ));
#327 = CARTESIAN_POINT('',(3.316976288875,47.366750981756,
    183.00818519452));
#328 = CARTESIAN_POINT('',(1.585999627808,47.870226048076,
    184.29928186288));
#329 = CARTESIAN_POINT('',(0.919067708545,47.994977568535,
    184.78288346091));
#330 = CARTESIAN_POINT('',(0.241154134391,48.053665474894,
    185.26644870739));
#331 = CARTESIAN_POINT('',(-0.439879437044,48.045258809342,
    185.74999490107));
#332 = CARTESIAN_POINT('',(-1.116137876924,47.969854960923,
    186.23356010609));
#333 = CARTESIAN_POINT('',(-1.779787181698,47.828678705314,
    186.71716174091));
#334 = CARTESIAN_POINT('',(-3.099805602893,47.409128942668,
    187.70915893816));
#335 = CARTESIAN_POINT('',(-3.754192269798,47.124019989859,
    188.21766252933));
#336 = CARTESIAN_POINT('',(-4.377541752632,46.77162153643,
    188.72611886461));
#337 = CARTESIAN_POINT('',(-4.961621690522,46.356102614883,
    189.23455105785));
#338 = CARTESIAN_POINT('',(-5.498949650835,45.88278631011,
    189.74300742372));
#339 = CARTESIAN_POINT('',(-5.982887297683,45.358082342899,
    190.25151101848));
#340 = CARTESIAN_POINT('',(-6.823203545365,44.233804887125,
    191.25677444238));
#341 = CARTESIAN_POINT('',(-7.182339066419,43.636090979431,
    191.75364957437));
#342 = CARTESIAN_POINT('',(-7.480106655864,43.003217993024,
    192.25048286283));
#343 = CARTESIAN_POINT('',(-7.712496595658,42.342799525195,
    192.74729456765));
#344 = CARTESIAN_POINT('',(-7.876665665191,41.662915811742,
    193.24412810736));
#345 = CARTESIAN_POINT('',(-7.970972281269,40.972013637275,
    193.74100365057));
#346 = CARTESIAN_POINT('',(-8.002920393863,40.05564789951,
    194.39770152101));
#347 = CARTESIAN_POINT('',(-8.003435654531,39.83230013188,
    194.55757842952));
#348 = CARTESIAN_POINT('',(-7.996678316995,39.608983041569,
    194.7174552106));
#349 = CARTESIAN_POINT('',(-7.982652363849,39.385980797135,
    194.87733187926));
#350 = CARTESIAN_POINT('',(-7.961375633429,39.163576941835,
    195.03720859929));
#351 = CARTESIAN_POINT('',(-7.93287977513,38.942053842921,
    195.19708543445));
#352 = CARTESIAN_POINT('',(-7.862770879047,38.508930721858,
    195.51132461266));
#353 = CARTESIAN_POINT('',(-7.821644082919,38.297251543168,
    195.66568727599));
#354 = CARTESIAN_POINT('',(-7.773870707176,38.086907219014,
    195.82004981718));
#355 = CARTESIAN_POINT('',(-7.719503474988,37.878148008252,
    195.97441228129));
#356 = CARTESIAN_POINT('',(-7.658606829177,37.671221367012,
    196.12877482337));
#357 = CARTESIAN_POINT('',(-7.591256819565,37.46637150126,
    196.28313750102));
#358 = CARTESIAN_POINT('',(-7.517540990296,37.263838919358,
    196.43750006704));
#359 = PCURVE('',#33,#360);
#360 = DEFINITIONAL_REPRESENTATION('',(#361),#406);
#361 = B_SPLINE_CURVE_WITH_KNOTS('',7,(#362,#363,#364,#365,#366,#367,
    #368,#369,#370,#371,#372,#373,#374,#375,#376,#377,#378,#379,#380,
    #381,#382,#383,#384,#385,#386,#387,#388,#389,#390,#391,#392,#393,
    #394,#395,#396,#397,#398,#399,#400,#401,#402,#403,#404,#405),
  .UNSPECIFIED.,.F.,.F.,(8,6,6,6,6,6,6,8),(0.,8.62118299269E-02,
    0.368875968999,0.538134357083,0.716104594346,0.890006890474,
    0.945968504254,1.),.UNSPECIFIED.);
#362 = CARTESIAN_POINT('',(0.,-17.43749915566));
#363 = CARTESIAN_POINT('',(-4.298712654344E-02,-17.68379767912));
#364 = CARTESIAN_POINT('',(-8.597453992967E-02,-17.93009782886));
#365 = CARTESIAN_POINT('',(-0.128961772685,-18.17639667843));
#366 = CARTESIAN_POINT('',(-0.171948894512,-18.42269467292));
#367 = CARTESIAN_POINT('',(-0.214936150104,-18.66899340592));
#368 = CARTESIAN_POINT('',(-0.257923596948,-18.91529339655));
#369 = CARTESIAN_POINT('',(-0.441853403534,-19.96913469422));
#370 = CARTESIAN_POINT('',(-0.582902426194,-20.77728889079));
#371 = CARTESIAN_POINT('',(-0.72386220555,-21.58493238598));
#372 = CARTESIAN_POINT('',(-0.864791570358,-22.39239250761));
#373 = CARTESIAN_POINT('',(-1.00575187189,-23.20003295456));
#374 = CARTESIAN_POINT('',(-1.146801308564,-24.00818519452));
#375 = CARTESIAN_POINT('',(-1.372140197226,-25.29928186288));
#376 = CARTESIAN_POINT('',(-1.456544518259,-25.78288346091));
#377 = CARTESIAN_POINT('',(-1.540942426811,-26.26644870739));
#378 = CARTESIAN_POINT('',(-1.62533699557,-26.74999490107));
#379 = CARTESIAN_POINT('',(-1.709734915625,-27.23356010609));
#380 = CARTESIAN_POINT('',(-1.794139237818,-27.71716174091));
#381 = CARTESIAN_POINT('',(-1.967275322104,-28.70915893816));
#382 = CARTESIAN_POINT('',(-2.056025943059,-29.21766252933));
#383 = CARTESIAN_POINT('',(-2.144768361855,-29.72611886461));
#384 = CARTESIAN_POINT('',(-2.23350658897,-30.23455105784));
#385 = CARTESIAN_POINT('',(-2.322249041013,-30.74300742373));
#386 = CARTESIAN_POINT('',(-2.410999738041,-31.25151101848));
#387 = CARTESIAN_POINT('',(-2.586451440516,-32.25677444238));
#388 = CARTESIAN_POINT('',(-2.6731725708,-32.75364957437));
#389 = CARTESIAN_POINT('',(-2.759886380291,-33.25048286282));
#390 = CARTESIAN_POINT('',(-2.846596399534,-33.74729456766));
#391 = CARTESIAN_POINT('',(-2.933310174377,-34.24412810736));
#392 = CARTESIAN_POINT('',(-3.020031244412,-34.74100365057));
#393 = CARTESIAN_POINT('',(-3.134646555293,-35.39770152101));
#394 = CARTESIAN_POINT('',(-3.162550318484,-35.55757842952));
#395 = CARTESIAN_POINT('',(-3.190454061079,-35.7174552106));
#396 = CARTESIAN_POINT('',(-3.218357787218,-35.87733187926));
#397 = CARTESIAN_POINT('',(-3.246261526867,-36.03720859929));
#398 = CARTESIAN_POINT('',(-3.274165291885,-36.19708543445));
#399 = CARTESIAN_POINT('',(-3.329010371329,-36.51132461266));
#400 = CARTESIAN_POINT('',(-3.355951741321,-36.66568727599));
#401 = CARTESIAN_POINT('',(-3.382893094042,-36.82004981718));
#402 = CARTESIAN_POINT('',(-3.409834435864,-36.97441228129));
#403 = CARTESIAN_POINT('',(-3.436775790395,-37.12877482337));
#404 = CARTESIAN_POINT('',(-3.463717161317,-37.28313750102));
#405 = CARTESIAN_POINT('',(-3.490658495214,-37.43750006704));
#406 = ( GEOMETRIC_REPRESENTATION_CONTEXT(2) 
PARAMETRIC_REPRESENTATION_CONTEXT() REPRESENTATION_CONTEXT('2D SPACE',''
  ) );
#407 = PCURVE('',#408,#443);
#408 = B_SPLINE_SURFACE_WITH_KNOTS('',1,9,(
    (#409,#410,#411,#412,#413,#414,#415,#416,#417,#418,#419,#420,#421
      ,#422,#423,#424,#425)
    ,(#426,#427,#428,#429,#430,#431,#432,#433,#434,#435,#436,#437,#438
      ,#439,#440,#441,#442
    )),.UNSPECIFIED.,.F.,.F.,.F.,(2,2),(10,7,10),(0.,12.839003076563),(
    0.,19.185704022845,38.371408045689),.UNSPECIFIED.);
#409 = CARTESIAN_POINT('',(-19.98781654038,39.30201006595,157.7));
#410 = CARTESIAN_POINT('',(-19.73198463801,31.976079367463,
    159.80004060598));
#411 = CARTESIAN_POINT('',(-16.45545749581,24.755626247556,
    161.89963882102));
#412 = CARTESIAN_POINT('',(-10.20787211208,19.064783376126,
    164.00093323158));
#413 = CARTESIAN_POINT('',(-1.821632772579,16.295802312157,
    166.09878694114));
#414 = CARTESIAN_POINT('',(7.107137339412,17.313603549612,
    168.20085009548));
#415 = CARTESIAN_POINT('',(14.65572426025,21.897383903903,
    170.29973395511));
#416 = CARTESIAN_POINT('',(19.462916295262,28.848042518379,
    172.40000377676));
#417 = CARTESIAN_POINT('',(22.599575549049,44.392911728792,
    176.60000071506));
#418 = CARTESIAN_POINT('',(13.868106644796,57.630851176354,
    180.79999765336));
#419 = CARTESIAN_POINT('',(6.807234912472,62.274590585913,
    182.90026747499));
#420 = CARTESIAN_POINT('',(-1.909006391647,63.696804601663,
    184.99915133465));
#421 = CARTESIAN_POINT('',(-10.56849119401,61.295829497213,
    187.10121448899));
#422 = CARTESIAN_POINT('',(-17.30724103234,55.586785833211,
    189.19906819849));
#423 = CARTESIAN_POINT('',(-20.96779853022,47.970048263734,
    191.30036260916));
#424 = CARTESIAN_POINT('',(-21.30099993866,40.047916124451,
    193.3999608241));
#425 = CARTESIAN_POINT('',(-18.7938526468,33.159598258796,
    195.50000143012));
#426 = CARTESIAN_POINT('',(-7.195613954537,39.748723623742,158.7));
#427 = CARTESIAN_POINT('',(-7.103508422411,37.111393703109,
    160.79999996825));
#428 = CARTESIAN_POINT('',(-5.924017814042,34.512039513403,
    162.90000028235));
#429 = CARTESIAN_POINT('',(-3.674689552579,32.46325844158,
    164.99999927044));
#430 = CARTESIAN_POINT('',(-0.655982401801,31.466574519741,
    167.10000094832));
#431 = CARTESIAN_POINT('',(2.558705726603,31.832845286482,
    169.19999933542));
#432 = CARTESIAN_POINT('',(5.27602161409,33.483072182276,171.30000020798
    ));
#433 = CARTESIAN_POINT('',(7.00664943849,35.985294921881,173.39999999704
    ));
#434 = CARTESIAN_POINT('',(8.135846881286,41.58144828832,177.59999999944
    ));
#435 = CARTESIAN_POINT('',(4.992518395797,46.347107256169,
    181.80000000183));
#436 = CARTESIAN_POINT('',(2.450628065458,48.018833844276,
    183.89999979084));
#437 = CARTESIAN_POINT('',(-0.687341101703,48.530901154666,
    186.00000066362));
#438 = CARTESIAN_POINT('',(-3.804485680469,47.666444266594,
    188.09999905032));
#439 = CARTESIAN_POINT('',(-6.230755112186,45.611259156893,
    190.20000072862));
#440 = CARTESIAN_POINT('',(-7.548349109972,42.869226776686,
    192.29999971646));
#441 = CARTESIAN_POINT('',(-7.668363938752,40.017242694651,
    194.40000003062));
#442 = CARTESIAN_POINT('',(-6.765786606672,37.537455062829,
    196.49999999888));
#443 = DEFINITIONAL_REPRESENTATION('',(#444),#489);
#444 = B_SPLINE_CURVE_WITH_KNOTS('',7,(#445,#446,#447,#448,#449,#450,
    #451,#452,#453,#454,#455,#456,#457,#458,#459,#460,#461,#462,#463,
    #464,#465,#466,#467,#468,#469,#470,#471,#472,#473,#474,#475,#476,
    #477,#478,#479,#480,#481,#482,#483,#484,#485,#486,#487,#488),
  .UNSPECIFIED.,.F.,.F.,(8,6,6,6,6,6,6,8),(0.,8.62118299269E-02,
    0.368875968999,0.538134357083,0.716104594346,0.890006890474,
    0.945968504254,1.),.UNSPECIFIED.);
#445 = CARTESIAN_POINT('',(12.036564566613,18.069075003589));
#446 = CARTESIAN_POINT('',(12.036564802548,18.319096645468));
#447 = CARTESIAN_POINT('',(12.036564981589,18.569119955118));
#448 = CARTESIAN_POINT('',(12.03656504259,18.819141994408));
#449 = CARTESIAN_POINT('',(12.036565034884,19.069163202096));
#450 = CARTESIAN_POINT('',(12.03656504509,19.319185161963));
#451 = CARTESIAN_POINT('',(12.036565123925,19.569208370935));
#452 = CARTESIAN_POINT('',(12.036565505128,20.638980041856));
#453 = CARTESIAN_POINT('',(12.036566130655,21.459350386075));
#454 = CARTESIAN_POINT('',(12.036564308764,22.27920226248));
#455 = CARTESIAN_POINT('',(12.03656360027,23.098868969935));
#456 = CARTESIAN_POINT('',(12.036566059252,23.918718529517));
#457 = CARTESIAN_POINT('',(12.036566983758,24.739087600559));
#458 = CARTESIAN_POINT('',(12.036566885096,26.049701478141));
#459 = CARTESIAN_POINT('',(12.036566450422,26.540613510477));
#460 = CARTESIAN_POINT('',(12.036565556142,27.031488572376));
#461 = CARTESIAN_POINT('',(12.036564358505,27.522344233361));
#462 = CARTESIAN_POINT('',(12.036563346682,28.013219161079));
#463 = CARTESIAN_POINT('',(12.036562809055,28.504131076466));
#464 = CARTESIAN_POINT('',(12.036562780244,29.511123700839));
#465 = CARTESIAN_POINT('',(12.036563344632,30.02731407541));
#466 = CARTESIAN_POINT('',(12.036564542711,30.543456551892));
#467 = CARTESIAN_POINT('',(12.036566146882,31.059574615481));
#468 = CARTESIAN_POINT('',(12.036567507269,31.575717293256));
#469 = CARTESIAN_POINT('',(12.036568210051,32.091907913364));
#470 = CARTESIAN_POINT('',(12.03656815555,33.112367742496));
#471 = CARTESIAN_POINT('',(12.036567431986,33.616754000053));
#472 = CARTESIAN_POINT('',(12.036565937423,34.121097670199));
#473 = CARTESIAN_POINT('',(12.036563930217,34.625419281597));
#474 = CARTESIAN_POINT('',(12.03656203227,35.129762928318));
#475 = CARTESIAN_POINT('',(12.036561000209,35.634149297148));
#476 = CARTESIAN_POINT('',(12.036561037427,36.300774123177));
#477 = CARTESIAN_POINT('',(12.036561156377,36.463067825321));
#478 = CARTESIAN_POINT('',(12.036561390429,36.625361419844));
#479 = CARTESIAN_POINT('',(12.036561740072,36.787654924077));
#480 = CARTESIAN_POINT('',(12.036562195177,36.949948503901));
#481 = CARTESIAN_POINT('',(12.036562729084,37.112242219443));
#482 = CARTESIAN_POINT('',(12.036563836885,37.431231811814));
#483 = CARTESIAN_POINT('',(12.036564409075,37.587928013189));
#484 = CARTESIAN_POINT('',(12.036564961943,37.744624088916));
#485 = CARTESIAN_POINT('',(12.036565430915,37.901320070124));
#486 = CARTESIAN_POINT('',(12.036565718974,38.058016092253));
#487 = CARTESIAN_POINT('',(12.036565681465,38.214712182237));
#488 = CARTESIAN_POINT('',(12.036565110896,38.371408045689));
#489 = ( GEOMETRIC_REPRESENTATION_CONTEXT(2) 
PARAMETRIC_REPRESENTATION_CONTEXT() REPRESENTATION_CONTEXT('2D SPACE',''
  ) );
#490 = ORIENTED_EDGE('',*,*,#491,.T.);
#491 = EDGE_CURVE('',#311,#492,#494,.T.);
#492 = VERTEX_POINT('',#493);
#493 = CARTESIAN_POINT('',(8.,40.,189.56249804364));
#494 = SURFACE_CURVE('',#495,(#499,#506),.PCURVE_S1.);
#495 = LINE('',#496,#497);
#496 = CARTESIAN_POINT('',(8.,40.,159.));
#497 = VECTOR('',#498,1.);
#498 = DIRECTION('',(0.,0.,1.));
#499 = PCURVE('',#33,#500);
#500 = DEFINITIONAL_REPRESENTATION('',(#501),#505);
#501 = LINE('',#502,#503);
#502 = CARTESIAN_POINT('',(-0.,0.));
#503 = VECTOR('',#504,1.);
#504 = DIRECTION('',(-0.,-1.));
#505 = ( GEOMETRIC_REPRESENTATION_CONTEXT(2) 
PARAMETRIC_REPRESENTATION_CONTEXT() REPRESENTATION_CONTEXT('2D SPACE',''
  ) );
#506 = PCURVE('',#507,#512);
#507 = CYLINDRICAL_SURFACE('',#508,8.);
#508 = AXIS2_PLACEMENT_3D('',#509,#510,#511);
#509 = CARTESIAN_POINT('',(0.,40.,159.));
#510 = DIRECTION('',(-0.,-0.,-1.));
#511 = DIRECTION('',(1.,0.,0.));
#512 = DEFINITIONAL_REPRESENTATION('',(#513),#517);
#513 = LINE('',#514,#515);
#514 = CARTESIAN_POINT('',(-6.28318530718,0.));
#515 = VECTOR('',#516,1.);
#516 = DIRECTION('',(-0.,-1.));
#517 = ( GEOMETRIC_REPRESENTATION_CONTEXT(2) 
PARAMETRIC_REPRESENTATION_CONTEXT() REPRESENTATION_CONTEXT('2D SPACE',''
  ) );
#518 = ORIENTED_EDGE('',*,*,#519,.T.);
#519 = EDGE_CURVE('',#492,#520,#522,.T.);
#520 = VERTEX_POINT('',#521);
#521 = CARTESIAN_POINT('',(7.517540990296,42.736161080642,
    191.56250006704));
#522 = SURFACE_CURVE('',#523,(#530,#540),.PCURVE_S1.);
#523 = B_SPLINE_CURVE_WITH_KNOTS('',5,(#524,#525,#526,#527,#528,#529),
  .UNSPECIFIED.,.F.,.F.,(6,6),(0.,1.),.PIECEWISE_BEZIER_KNOTS.);
#524 = CARTESIAN_POINT('',(8.,40.,189.56249804364));
#525 = CARTESIAN_POINT('',(7.999999999994,40.558503010416,
    189.96249697558));
#526 = CARTESIAN_POINT('',(7.951260997825,41.117015648489,
    190.36250307585));
#527 = CARTESIAN_POINT('',(7.85378362775,41.669838485428,190.76249579206
    ));
#528 = CARTESIAN_POINT('',(7.708560409982,42.21133952405,191.16250119192
    ));
#529 = CARTESIAN_POINT('',(7.517540990296,42.736161080642,
    191.56250006704));
#530 = PCURVE('',#33,#531);
#531 = DEFINITIONAL_REPRESENTATION('',(#532),#539);
#532 = B_SPLINE_CURVE_WITH_KNOTS('',5,(#533,#534,#535,#536,#537,#538),
  .UNSPECIFIED.,.F.,.F.,(6,6),(0.,1.),.PIECEWISE_BEZIER_KNOTS.);
#533 = CARTESIAN_POINT('',(0.,-30.56249804364));
#534 = CARTESIAN_POINT('',(-6.981287630196E-02,-30.96249697558));
#535 = CARTESIAN_POINT('',(-0.139626961771,-31.36250307585));
#536 = CARTESIAN_POINT('',(-0.209438683939,-31.76249579206));
#537 = CARTESIAN_POINT('',(-0.279252912467,-32.16250119192));
#538 = CARTESIAN_POINT('',(-0.349065841624,-32.56250006704));
#539 = ( GEOMETRIC_REPRESENTATION_CONTEXT(2) 
PARAMETRIC_REPRESENTATION_CONTEXT() REPRESENTATION_CONTEXT('2D SPACE',''
  ) );
#540 = PCURVE('',#541,#576);
#541 = B_SPLINE_SURFACE_WITH_KNOTS('',1,9,(
    (#542,#543,#544,#545,#546,#547,#548,#549,#550,#551,#552,#553,#554
      ,#555,#556,#557,#558)
    ,(#559,#560,#561,#562,#563,#564,#565,#566,#567,#568,#569,#570,#571
      ,#572,#573,#574,#575
    )),.UNSPECIFIED.,.F.,.F.,.F.,(2,2),(10,7,10),(0.,12.839003076563),(
    0.,19.185704022845,38.371408045689),.UNSPECIFIED.);
#542 = CARTESIAN_POINT('',(7.195613954537,40.251276376258,153.7));
#543 = CARTESIAN_POINT('',(7.103524283276,42.888606953285,
    155.79999996825));
#544 = CARTESIAN_POINT('',(5.923876384193,45.487962302235,157.9000002824
    ));
#545 = CARTESIAN_POINT('',(3.675041005949,47.536751134115,
    159.99999927028));
#546 = CARTESIAN_POINT('',(0.655557151982,48.533389097768,
    162.10000094852));
#547 = CARTESIAN_POINT('',(-2.5584403486,48.167196640912,164.19999933528
    ));
#548 = CARTESIAN_POINT('',(-5.276091011055,46.516912093903,
    166.30000020802));
#549 = CARTESIAN_POINT('',(-7.006650950018,44.014705217313,
    168.39999999704));
#550 = CARTESIAN_POINT('',(-8.135847143185,38.418551372607,
    172.59999999944));
#551 = CARTESIAN_POINT('',(-4.992517434144,33.652892946266,
    176.80000000183));
#552 = CARTESIAN_POINT('',(-2.450558021748,31.981176950758,
    178.89999979089));
#553 = CARTESIAN_POINT('',(0.687079394563,31.46903764494,181.00000066344
    ));
#554 = CARTESIAN_POINT('',(3.804893889838,32.333680706277,
    183.09999905058));
#555 = CARTESIAN_POINT('',(6.230426146928,34.388617629035,
    185.20000072842));
#556 = CARTESIAN_POINT('',(7.548480147464,37.130827664525,
    187.29999971653));
#557 = CARTESIAN_POINT('',(7.668349582357,39.982751971017,
    189.40000003062));
#558 = CARTESIAN_POINT('',(6.765787132037,42.462545128388,
    191.49999999888));
#559 = CARTESIAN_POINT('',(19.987816540382,40.69798993405,154.7));
#560 = CARTESIAN_POINT('',(19.73199415453,48.023921026373,
    156.80004060598));
#561 = CARTESIAN_POINT('',(16.455372637904,55.244374841828,
    158.89963882105));
#562 = CARTESIAN_POINT('',(10.20808298411,60.935222369289,
    161.00093323148));
#563 = CARTESIAN_POINT('',(1.821377622686,63.70417585835,163.09878694126
    ));
#564 = CARTESIAN_POINT('',(-7.106978112609,62.686421606823,
    165.2008500954));
#565 = CARTESIAN_POINT('',(-14.65576589842,58.102606661806,
    167.29973395513));
#566 = CARTESIAN_POINT('',(-19.46291720217,51.151957565137,
    169.40000377676));
#567 = CARTESIAN_POINT('',(-22.59957570618,35.607088067765,
    173.60000071506));
#568 = CARTESIAN_POINT('',(-13.8681060678,22.369148945108,
    177.79999765336));
#569 = CARTESIAN_POINT('',(-6.807192886246,17.725415891108,
    179.90026747502));
#570 = CARTESIAN_POINT('',(1.908849367363,16.303158678101,
    181.99915133455));
#571 = CARTESIAN_POINT('',(10.568736119632,18.70424548651,
    184.10121448914));
#572 = CARTESIAN_POINT('',(17.307043653188,24.413140238345,
    186.19906819837));
#573 = CARTESIAN_POINT('',(20.967877152718,32.029984400992,
    188.3003626092));
#574 = CARTESIAN_POINT('',(21.300991324832,39.95208067495,190.3999608241
    ));
#575 = CARTESIAN_POINT('',(18.793852962027,46.840401855934,
    192.50000143012));
#576 = DEFINITIONAL_REPRESENTATION('',(#577),#584);
#577 = B_SPLINE_CURVE_WITH_KNOTS('',5,(#578,#579,#580,#581,#582,#583),
  .UNSPECIFIED.,.F.,.F.,(6,6),(0.,1.),.PIECEWISE_BEZIER_KNOTS.);
#578 = CARTESIAN_POINT('',(0.802436658455,36.341171986146));
#579 = CARTESIAN_POINT('',(0.802436298934,36.747217598308));
#580 = CARTESIAN_POINT('',(0.802436380473,37.153270658007));
#581 = CARTESIAN_POINT('',(0.802437370871,37.559310275685));
#582 = CARTESIAN_POINT('',(0.802438897415,37.965362909651));
#583 = CARTESIAN_POINT('',(0.802437418903,38.371408045689));
#584 = ( GEOMETRIC_REPRESENTATION_CONTEXT(2) 
PARAMETRIC_REPRESENTATION_CONTEXT() REPRESENTATION_CONTEXT('2D SPACE',''
  ) );
#585 = ORIENTED_EDGE('',*,*,#586,.F.);
#586 = EDGE_CURVE('',#587,#520,#589,.T.);
#587 = VERTEX_POINT('',#588);
#588 = CARTESIAN_POINT('',(7.517540990296,42.736161080642,
    196.43750006704));
#589 = SURFACE_CURVE('',#590,(#594,#600),.PCURVE_S1.);
#590 = LINE('',#591,#592);
#591 = CARTESIAN_POINT('',(7.517540990296,42.736161080641,159.));
#592 = VECTOR('',#593,1.);
#593 = DIRECTION('',(-0.,-0.,-1.));
#594 = PCURVE('',#33,#595);
#595 = DEFINITIONAL_REPRESENTATION('',(#596),#599);
#596 = B_SPLINE_CURVE_WITH_KNOTS('',1,(#597,#598),.UNSPECIFIED.,.F.,.F.,
  (2,2),(-37.99999999888,-31.99999999888),.PIECEWISE_BEZIER_KNOTS.);
#597 = CARTESIAN_POINT('',(-0.349065841624,-37.99999999888));
#598 = CARTESIAN_POINT('',(-0.349065841624,-31.99999999888));
#599 = ( GEOMETRIC_REPRESENTATION_CONTEXT(2) 
PARAMETRIC_REPRESENTATION_CONTEXT() REPRESENTATION_CONTEXT('2D SPACE',''
  ) );
#600 = PCURVE('',#601,#606);
#601 = PLANE('',#602);
#602 = AXIS2_PLACEMENT_3D('',#603,#604,#605);
#603 = CARTESIAN_POINT('',(12.422670845334,44.521481849491,194.000000672
    ));
#604 = DIRECTION('',(0.342020059827,-0.939692651177,1.44258949032E-14));
#605 = DIRECTION('',(-0.939692651177,-0.342020059827,0.));
#606 = DEFINITIONAL_REPRESENTATION('',(#607),#610);
#607 = B_SPLINE_CURVE_WITH_KNOTS('',1,(#608,#609),.UNSPECIFIED.,.F.,.F.,
  (2,2),(-37.99999999888,-31.99999999888),.PIECEWISE_BEZIER_KNOTS.);
#608 = CARTESIAN_POINT('',(5.21992999402,-2.999999326874));
#609 = CARTESIAN_POINT('',(5.21992999402,3.000000673126));
#610 = ( GEOMETRIC_REPRESENTATION_CONTEXT(2) 
PARAMETRIC_REPRESENTATION_CONTEXT() REPRESENTATION_CONTEXT('2D SPACE',''
  ) );
#611 = ORIENTED_EDGE('',*,*,#612,.F.);
#612 = EDGE_CURVE('',#613,#587,#615,.T.);
#613 = VERTEX_POINT('',#614);
#614 = CARTESIAN_POINT('',(8.,40.,194.4374997606));
#615 = SURFACE_CURVE('',#616,(#623,#633),.PCURVE_S1.);
#616 = B_SPLINE_CURVE_WITH_KNOTS('',5,(#617,#618,#619,#620,#621,#622),
  .UNSPECIFIED.,.F.,.F.,(6,6),(0.,1.),.PIECEWISE_BEZIER_KNOTS.);
#617 = CARTESIAN_POINT('',(8.,40.,194.4374997606));
#618 = CARTESIAN_POINT('',(7.999999999997,40.558502961684,194.8374983391
    ));
#619 = CARTESIAN_POINT('',(7.951261032552,41.117015910772,
    195.23750402609));
#620 = CARTESIAN_POINT('',(7.853783441033,41.669839217939,
    195.63749615028));
#621 = CARTESIAN_POINT('',(7.70856031183,42.211339793718,196.03750141108
    ));
#622 = CARTESIAN_POINT('',(7.517540990296,42.736161080642,
    196.43750006704));
#623 = PCURVE('',#33,#624);
#624 = DEFINITIONAL_REPRESENTATION('',(#625),#632);
#625 = B_SPLINE_CURVE_WITH_KNOTS('',5,(#626,#627,#628,#629,#630,#631),
  .UNSPECIFIED.,.F.,.F.,(6,6),(0.,1.),.PIECEWISE_BEZIER_KNOTS.);
#626 = CARTESIAN_POINT('',(0.,-35.4374997606));
#627 = CARTESIAN_POINT('',(-6.981287021048E-02,-35.8374983391));
#628 = CARTESIAN_POINT('',(-0.139626993638,-36.23750402609));
#629 = CARTESIAN_POINT('',(-0.209438777721,-36.63749615028));
#630 = CARTESIAN_POINT('',(-0.279252948339,-37.03750141108));
#631 = CARTESIAN_POINT('',(-0.349065841624,-37.43750006704));
#632 = ( GEOMETRIC_REPRESENTATION_CONTEXT(2) 
PARAMETRIC_REPRESENTATION_CONTEXT() REPRESENTATION_CONTEXT('2D SPACE',''
  ) );
#633 = PCURVE('',#634,#669);
#634 = B_SPLINE_SURFACE_WITH_KNOTS('',1,9,(
    (#635,#636,#637,#638,#639,#640,#641,#642,#643,#644,#645,#646,#647
      ,#648,#649,#650,#651)
    ,(#652,#653,#654,#655,#656,#657,#658,#659,#660,#661,#662,#663,#664
      ,#665,#666,#667,#668
    )),.UNSPECIFIED.,.F.,.F.,.F.,(2,2),(10,7,10),(0.,12.839003076563),(
    0.,19.185704022845,38.371408045689),.UNSPECIFIED.);
#635 = CARTESIAN_POINT('',(19.987816540382,40.69798993405,157.7));
#636 = CARTESIAN_POINT('',(19.73198463801,48.023920632537,
    159.80004060598));
#637 = CARTESIAN_POINT('',(16.455457495814,55.244373752444,
    161.89963882102));
#638 = CARTESIAN_POINT('',(10.207872112088,60.935216623874,
    164.00093323158));
#639 = CARTESIAN_POINT('',(1.821632772579,63.704197687843,
    166.09878694114));
#640 = CARTESIAN_POINT('',(-7.107137339412,62.686396450388,
    168.20085009548));
#641 = CARTESIAN_POINT('',(-14.65572426025,58.102616096097,
    170.29973395511));
#642 = CARTESIAN_POINT('',(-19.46291629526,51.151957481621,
    172.40000377676));
#643 = CARTESIAN_POINT('',(-22.59957554904,35.607088271208,
    176.60000071506));
#644 = CARTESIAN_POINT('',(-13.86810664479,22.369148823646,
    180.79999765336));
#645 = CARTESIAN_POINT('',(-6.807234912472,17.725409414087,
    182.90026747499));
#646 = CARTESIAN_POINT('',(1.909006391647,16.303195398337,
    184.99915133465));
#647 = CARTESIAN_POINT('',(10.568491194011,18.704170502787,
    187.10121448899));
#648 = CARTESIAN_POINT('',(17.307241032342,24.413214166789,
    189.19906819849));
#649 = CARTESIAN_POINT('',(20.967798530223,32.029951736266,
    191.30036260916));
#650 = CARTESIAN_POINT('',(21.300999938669,39.952083875549,
    193.3999608241));
#651 = CARTESIAN_POINT('',(18.793852646809,46.840401741204,
    195.50000143012));
#652 = CARTESIAN_POINT('',(7.195613954537,40.251276376258,158.7));
#653 = CARTESIAN_POINT('',(7.103508422411,42.888606296891,
    160.79999996825));
#654 = CARTESIAN_POINT('',(5.924017814042,45.487960486597,
    162.90000028235));
#655 = CARTESIAN_POINT('',(3.674689552579,47.53674155842,164.99999927044
    ));
#656 = CARTESIAN_POINT('',(0.655982401801,48.533425480259,
    167.10000094832));
#657 = CARTESIAN_POINT('',(-2.558705726603,48.167154713518,
    169.19999933542));
#658 = CARTESIAN_POINT('',(-5.27602161409,46.516927817724,
    171.30000020798));
#659 = CARTESIAN_POINT('',(-7.00664943849,44.014705078119,
    173.39999999704));
#660 = CARTESIAN_POINT('',(-8.135846881286,38.41855171168,
    177.59999999944));
#661 = CARTESIAN_POINT('',(-4.992518395797,33.652892743831,
    181.80000000183));
#662 = CARTESIAN_POINT('',(-2.450628065458,31.981166155724,
    183.89999979084));
#663 = CARTESIAN_POINT('',(0.687341101703,31.469098845334,
    186.00000066362));
#664 = CARTESIAN_POINT('',(3.804485680469,32.333555733406,
    188.09999905032));
#665 = CARTESIAN_POINT('',(6.230755112186,34.388740843107,
    190.20000072862));
#666 = CARTESIAN_POINT('',(7.548349109972,37.130773223314,
    192.29999971646));
#667 = CARTESIAN_POINT('',(7.668363938752,39.982757305349,
    194.40000003062));
#668 = CARTESIAN_POINT('',(6.765786606672,42.462544937171,
    196.49999999888));
#669 = DEFINITIONAL_REPRESENTATION('',(#670),#677);
#670 = B_SPLINE_CURVE_WITH_KNOTS('',5,(#671,#672,#673,#674,#675,#676),
  .UNSPECIFIED.,.F.,.F.,(6,6),(0.,1.),.PIECEWISE_BEZIER_KNOTS.);
#671 = CARTESIAN_POINT('',(12.036561114597,36.341173984893));
#672 = CARTESIAN_POINT('',(12.036561436228,36.747219184421));
#673 = CARTESIAN_POINT('',(12.036562543088,37.153271743578));
#674 = CARTESIAN_POINT('',(12.036564267618,37.559310702184));
#675 = CARTESIAN_POINT('',(12.036566589407,37.965363132122));
#676 = CARTESIAN_POINT('',(12.036565110896,38.371408045689));
#677 = ( GEOMETRIC_REPRESENTATION_CONTEXT(2) 
PARAMETRIC_REPRESENTATION_CONTEXT() REPRESENTATION_CONTEXT('2D SPACE',''
  ) );
#678 = ORIENTED_EDGE('',*,*,#679,.T.);
#679 = EDGE_CURVE('',#613,#680,#682,.T.);
#680 = VERTEX_POINT('',#681);
#681 = CARTESIAN_POINT('',(8.,40.,199.88544413797));
#682 = SEAM_CURVE('',#683,(#687,#694),.PCURVE_S1.);
#683 = LINE('',#684,#685);
#684 = CARTESIAN_POINT('',(8.,40.,159.));
#685 = VECTOR('',#686,1.);
#686 = DIRECTION('',(0.,0.,1.));
#687 = PCURVE('',#33,#688);
#688 = DEFINITIONAL_REPRESENTATION('',(#689),#693);
#689 = LINE('',#690,#691);
#690 = CARTESIAN_POINT('',(-0.,0.));
#691 = VECTOR('',#692,1.);
#692 = DIRECTION('',(-0.,-1.));
#693 = ( GEOMETRIC_REPRESENTATION_CONTEXT(2) 
PARAMETRIC_REPRESENTATION_CONTEXT() REPRESENTATION_CONTEXT('2D SPACE',''
  ) );
#694 = PCURVE('',#33,#695);
#695 = DEFINITIONAL_REPRESENTATION('',(#696),#700);
#696 = LINE('',#697,#698);
#697 = CARTESIAN_POINT('',(-6.28318530718,0.));
#698 = VECTOR('',#699,1.);
#699 = DIRECTION('',(-0.,-1.));
#700 = ( GEOMETRIC_REPRESENTATION_CONTEXT(2) 
PARAMETRIC_REPRESENTATION_CONTEXT() REPRESENTATION_CONTEXT('2D SPACE',''
  ) );
#701 = ORIENTED_EDGE('',*,*,#702,.T.);
#702 = EDGE_CURVE('',#680,#703,#705,.T.);
#703 = VERTEX_POINT('',#704);
#704 = CARTESIAN_POINT('',(7.517540966287,42.736161146605,203.912));
#705 = SURFACE_CURVE('',#706,(#835,#967),.PCURVE_S1.);
#706 = B_SPLINE_CURVE_WITH_KNOTS('',8,(#707,#708,#709,#710,#711,#712,
    #713,#714,#715,#716,#717,#718,#719,#720,#721,#722,#723,#724,#725,
    #726,#727,#728,#729,#730,#731,#732,#733,#734,#735,#736,#737,#738,
    #739,#740,#741,#742,#743,#744,#745,#746,#747,#748,#749,#750,#751,
    #752,#753,#754,#755,#756,#757,#758,#759,#760,#761,#762,#763,#764,
    #765,#766,#767,#768,#769,#770,#771,#772,#773,#774,#775,#776,#777,
    #778,#779,#780,#781,#782,#783,#784,#785,#786,#787,#788,#789,#790,
    #791,#792,#793,#794,#795,#796,#797,#798,#799,#800,#801,#802,#803,
    #804,#805,#806,#807,#808,#809,#810,#811,#812,#813,#814,#815,#816,
    #817,#818,#819,#820,#821,#822,#823,#824,#825,#826,#827,#828,#829,
    #830,#831,#832,#833,#834),.UNSPECIFIED.,.F.,.F.,(9,7,7,7,7,7,7,7,7,7
    ,7,7,7,7,7,7,7,7,9),(0.,0.121023600879,0.167036740752,0.203909812839
    ,0.223943196411,0.26488092524,0.306025299901,0.32628526902,
    0.363941411162,0.411391456496,0.44893167896,0.616487044689,
    0.76214759156,0.815719036805,0.853500462987,0.900987314649,
    0.938559409109,0.969436160148,1.),.UNSPECIFIED.);
#707 = CARTESIAN_POINT('',(8.,40.,199.88544413797));
#708 = CARTESIAN_POINT('',(8.,40.070931551486,199.72747244646));
#709 = CARTESIAN_POINT('',(7.999281361014,40.153635067065,
    199.57266138283));
#710 = CARTESIAN_POINT('',(7.997425897516,40.248101840016,199.4215024573
    ));
#711 = CARTESIAN_POINT('',(7.99392098505,40.354344107041,199.27462466837
    ));
#712 = CARTESIAN_POINT('',(7.988150382418,40.472370503204,
    199.13279095241));
#713 = CARTESIAN_POINT('',(7.979399419648,40.602164326228,
    198.99689119412));
#714 = CARTESIAN_POINT('',(7.966851275633,40.743697865533,
    198.86795355961));
#715 = CARTESIAN_POINT('',(7.94297353561,40.955307583597,198.70128389026
    ));
#716 = CARTESIAN_POINT('',(7.935710854603,41.015286295287,
    198.65656721992));
#717 = CARTESIAN_POINT('',(7.927712117891,41.076946183658,
    198.61311706563));
#718 = CARTESIAN_POINT('',(7.918924492072,41.140275127591,
    198.57101304497));
#719 = CARTESIAN_POINT('',(7.90929400384,41.205253872178,198.53034237603
    ));
#720 = CARTESIAN_POINT('',(7.898766325079,41.271855013261,
    198.49119902294));
#721 = CARTESIAN_POINT('',(7.887287557963,41.340041981965,
    198.45368284147));
#722 = CARTESIAN_POINT('',(7.864802018255,41.465643667699,198.3892227784
    ));
#723 = CARTESIAN_POINT('',(7.854154742594,41.522505846493,
    198.36166008815));
#724 = CARTESIAN_POINT('',(7.842836640435,41.580328834413,198.3352650941
    ));
#725 = CARTESIAN_POINT('',(7.830822061676,41.639080544312,
    198.31009533624));
#726 = CARTESIAN_POINT('',(7.81808709503,41.698721883532,198.28621041449
    ));
#727 = CARTESIAN_POINT('',(7.804610404308,41.759206104324,
    198.26367094902));
#728 = CARTESIAN_POINT('',(7.790374064709,41.820478154267,
    198.24253754047));
#729 = CARTESIAN_POINT('',(7.767209548656,41.916156793593,
    198.21218407906));
#730 = CARTESIAN_POINT('',(7.758826523453,41.950053059779,198.2019309985
    ));
#731 = CARTESIAN_POINT('',(7.75021309934,41.984152385549,198.19212022153
    ));
#732 = CARTESIAN_POINT('',(7.741367542465,42.018443537889,
    198.18276118777));
#733 = CARTESIAN_POINT('',(7.732288609273,42.052914490471,
    198.17386304342));
#734 = CARTESIAN_POINT('',(7.722975546511,42.087552423654,
    198.16543464129));
#735 = CARTESIAN_POINT('',(7.713428091223,42.122343724484,
    198.15748454083));
#736 = CARTESIAN_POINT('',(7.683657968817,42.22865312228,198.13476946158
    ));
#737 = CARTESIAN_POINT('',(7.662689945212,42.300619337697,
    198.12154800844));
#738 = CARTESIAN_POINT('',(7.640747264324,42.373041181707,
    198.11042798888));
#739 = CARTESIAN_POINT('',(7.617843609404,42.445780566021,
    198.10147016207));
#740 = CARTESIAN_POINT('',(7.594002549782,42.518692941223,
    198.09472282191));
#741 = CARTESIAN_POINT('',(7.569258608076,42.591627472683,198.0902199127
    ));
#742 = CARTESIAN_POINT('',(7.543658327401,42.664427216475,
    198.08797914494));
#743 = CARTESIAN_POINT('',(7.490731102813,42.809797350748,
    198.08802118301));
#744 = CARTESIAN_POINT('',(7.463391983458,42.882376021561,
    198.09032688567));
#745 = CARTESIAN_POINT('',(7.435304037363,42.954499710996,198.0949173971
    ));
#746 = CARTESIAN_POINT('',(7.406533627324,43.02601613261,198.10177441242
    ));
#747 = CARTESIAN_POINT('',(7.377152462731,43.096785735236,
    198.11086309009));
#748 = CARTESIAN_POINT('',(7.347236640193,43.166681127963,
    198.12213399831));
#749 = CARTESIAN_POINT('',(7.316865684175,43.235586505116,198.1355250613
    ));
#750 = CARTESIAN_POINT('',(7.270982836545,43.336787783501,
    198.15856557539));
#751 = CARTESIAN_POINT('',(7.255752847578,43.369914597089,
    198.16666450031));
#752 = CARTESIAN_POINT('',(7.240441015327,43.402766027731,
    198.17525168933));
#753 = CARTESIAN_POINT('',(7.22505659024,43.435331554356,198.18431825224
    ));
#754 = CARTESIAN_POINT('',(7.209608678621,43.467601619088,198.1938549997
    ));
#755 = CARTESIAN_POINT('',(7.194106242624,43.49956762725,198.20385244323
    ));
#756 = CARTESIAN_POINT('',(7.178558100258,43.531221947361,
    198.21430079521));
#757 = CARTESIAN_POINT('',(7.134005578152,43.620800423714,
    198.24542910503));
#758 = CARTESIAN_POINT('',(7.10491043216,43.677942416354,198.26719124458
    ));
#759 = CARTESIAN_POINT('',(7.075742239981,43.733941899607,198.2904128804
    ));
#760 = CARTESIAN_POINT('',(7.046553016843,43.788767187896,
    198.31502945493));
#761 = CARTESIAN_POINT('',(7.017391803038,43.842395764262,
    198.34097648949));
#762 = CARTESIAN_POINT('',(6.988304426341,43.894813145115,
    198.36819071368));
#763 = CARTESIAN_POINT('',(6.95933326442,43.946011744981,198.39661119468
    ));
#764 = CARTESIAN_POINT('',(6.894205993133,44.058966404656,
    198.46344034545));
#765 = CARTESIAN_POINT('',(6.858142613833,44.120002070724,
    198.50252252847));
#766 = CARTESIAN_POINT('',(6.822402853374,44.179096708944,
    198.54331306826));
#767 = CARTESIAN_POINT('',(6.787056484024,44.236259407197,
    198.58570378992));
#768 = CARTESIAN_POINT('',(6.752167138735,44.291506967522,
    198.62959320924));
#769 = CARTESIAN_POINT('',(6.717792383581,44.344862501876,198.6748874509
    ));
#770 = CARTESIAN_POINT('',(6.683983790197,44.396354027903,
    198.72150116667));
#771 = CARTESIAN_POINT('',(6.624523290823,44.485300936287,
    198.80722086623));
#772 = CARTESIAN_POINT('',(6.598643508148,44.523440384493,
    198.84586030492));
#773 = CARTESIAN_POINT('',(6.573170647145,44.560446720622,
    198.88523845436));
#774 = CARTESIAN_POINT('',(6.548126461066,44.596335225399,
    198.92531916527));
#775 = CARTESIAN_POINT('',(6.523531469452,44.631121148956,
    198.96606845438));
#776 = CARTESIAN_POINT('',(6.49940495814,44.664819710838,199.00745450441
    ));
#777 = CARTESIAN_POINT('',(6.475764979257,44.697446100001,
    199.04944766409));
#778 = CARTESIAN_POINT('',(6.349361350731,44.869920823644,
    199.28203792629));
#779 = CARTESIAN_POINT('',(6.256197512545,44.989665477272,
    199.48346475381));
#780 = CARTESIAN_POINT('',(6.174486356299,45.089810957686,
    199.69406784468));
#781 = CARTESIAN_POINT('',(6.105521811693,45.1712429767,199.91195919914)
  );
#782 = CARTESIAN_POINT('',(6.05036465301,45.234679855122,200.13539997087
    ));
#783 = CARTESIAN_POINT('',(6.00980452011,45.280586605483,200.36280669986
    ));
#784 = CARTESIAN_POINT('',(5.984311781134,45.309260635618,
    200.59270026175));
#785 = CARTESIAN_POINT('',(5.965212616124,45.33070509313,201.02456567111
    ));
#786 = CARTESIAN_POINT('',(5.967884432908,45.327667163183,
    201.22604104223));
#787 = CARTESIAN_POINT('',(5.982207891113,45.311681973006,
    201.42714397946));
#788 = CARTESIAN_POINT('',(6.008094026039,45.282709262053,
    201.62685856189));
#789 = CARTESIAN_POINT('',(6.045255073584,45.240602801304,201.8241560269
    ));
#790 = CARTESIAN_POINT('',(6.093217668546,45.185118145385,
    202.01799065955));
#791 = CARTESIAN_POINT('',(6.151360852637,45.115888431992,
    202.20728686665));
#792 = CARTESIAN_POINT('',(6.243847051071,45.001593441287,
    202.45843837922));
#793 = CARTESIAN_POINT('',(6.269996152352,44.968923302625,
    202.52519983745));
#794 = CARTESIAN_POINT('',(6.297390509133,44.93428662635,202.5911339623)
  );
#795 = CARTESIAN_POINT('',(6.325992035043,44.89765186991,202.65617988982
    ));
#796 = CARTESIAN_POINT('',(6.355759872937,44.858984811725,
    202.72027242644));
#797 = CARTESIAN_POINT('',(6.386650457669,44.818248261606,
    202.78334186511));
#798 = CARTESIAN_POINT('',(6.41861757885,44.775401771161,202.84531380139
    ));
#799 = CARTESIAN_POINT('',(6.474882173275,44.698664654981,
    202.94898491442));
#800 = CARTESIAN_POINT('',(6.498662484078,44.665857457003,
    202.99127451113));
#801 = CARTESIAN_POINT('',(6.522936252136,44.631964298231,
    203.03294976103));
#802 = CARTESIAN_POINT('',(6.547685088646,44.596969692776,
    203.07398046392));
#803 = CARTESIAN_POINT('',(6.572889339902,44.560858120906,
    203.11433419813));
#804 = CARTESIAN_POINT('',(6.598528087293,44.52361402904,203.15397632044
    ));
#805 = CARTESIAN_POINT('',(6.624579147305,44.485221829756,
    203.19286996617));
#806 = CARTESIAN_POINT('',(6.684250976349,44.395948708075,
    203.27887095643));
#807 = CARTESIAN_POINT('',(6.718095597649,44.344395409687,
    203.32551952508));
#808 = CARTESIAN_POINT('',(6.752507141253,44.290974402304,
    203.37084561232));
#809 = CARTESIAN_POINT('',(6.787433862986,44.235657603368,
    203.41476358768));
#810 = CARTESIAN_POINT('',(6.82281799633,44.17842186572,203.45717925789)
  );
#811 = CARTESIAN_POINT('',(6.858595680083,44.119250391244,
    203.49799079183));
#812 = CARTESIAN_POINT('',(6.894696886021,44.058134144508,
    203.53708964544));
#813 = CARTESIAN_POINT('',(6.959804629283,43.945178839094,
    203.60385135794));
#814 = CARTESIAN_POINT('',(6.988717644653,43.89406886808,203.63219638185
    ));
#815 = CARTESIAN_POINT('',(7.017745903412,43.841745227839,
    203.65933941335));
#816 = CARTESIAN_POINT('',(7.046847258966,43.78821551888,203.68521987554
    ));
#817 = CARTESIAN_POINT('',(7.075976143014,43.733494192185,
    203.70977487872));
#818 = CARTESIAN_POINT('',(7.10508380117,43.67760367364,203.73294033945)
  );
#819 = CARTESIAN_POINT('',(7.134118528592,43.620575488477,
    203.75465209965));
#820 = CARTESIAN_POINT('',(7.186781990985,43.514684992143,
    203.79144325428));
#821 = CARTESIAN_POINT('',(7.210452182003,43.46617827549,203.80701515869
    ));
#822 = CARTESIAN_POINT('',(7.234005712005,43.416955755527,
    203.82152744791));
#823 = CARTESIAN_POINT('',(7.257410832148,43.367046342631,
    203.83494561444));
#824 = CARTESIAN_POINT('',(7.280635060594,43.316483763415,
    203.84723663562));
#825 = CARTESIAN_POINT('',(7.303645431702,43.265306986354,
    203.85836965513));
#826 = CARTESIAN_POINT('',(7.32640874521,43.213560647433,203.86831666444
    ));
#827 = CARTESIAN_POINT('',(7.371147037703,43.109559969843,
    203.88570116634));
#828 = CARTESIAN_POINT('',(7.39312856817,43.057314032406,203.89316342501
    ));
#829 = CARTESIAN_POINT('',(7.414803633196,43.00460812075,203.89941596141
    ));
#830 = CARTESIAN_POINT('',(7.436140827958,42.951495717317,
    203.90443888084));
#831 = CARTESIAN_POINT('',(7.457110299476,42.898033408834,203.9082167474
    ));
#832 = CARTESIAN_POINT('',(7.477683929657,42.844280965458,
    203.91073893858));
#833 = CARTESIAN_POINT('',(7.49783551833,42.790301419908,203.912));
#834 = CARTESIAN_POINT('',(7.517540966287,42.736161146605,203.912));
#835 = PCURVE('',#33,#836);
#836 = DEFINITIONAL_REPRESENTATION('',(#837),#966);
#837 = B_SPLINE_CURVE_WITH_KNOTS('',8,(#838,#839,#840,#841,#842,#843,
    #844,#845,#846,#847,#848,#849,#850,#851,#852,#853,#854,#855,#856,
    #857,#858,#859,#860,#861,#862,#863,#864,#865,#866,#867,#868,#869,
    #870,#871,#872,#873,#874,#875,#876,#877,#878,#879,#880,#881,#882,
    #883,#884,#885,#886,#887,#888,#889,#890,#891,#892,#893,#894,#895,
    #896,#897,#898,#899,#900,#901,#902,#903,#904,#905,#906,#907,#908,
    #909,#910,#911,#912,#913,#914,#915,#916,#917,#918,#919,#920,#921,
    #922,#923,#924,#925,#926,#927,#928,#929,#930,#931,#932,#933,#934,
    #935,#936,#937,#938,#939,#940,#941,#942,#943,#944,#945,#946,#947,
    #948,#949,#950,#951,#952,#953,#954,#955,#956,#957,#958,#959,#960,
    #961,#962,#963,#964,#965),.UNSPECIFIED.,.F.,.F.,(9,7,7,7,7,7,7,7,7,7
    ,7,7,7,7,7,7,7,7,9),(0.,0.121023600879,0.167036740752,0.203909812839
    ,0.223943196411,0.26488092524,0.306025299901,0.32628526902,
    0.363941411162,0.411391456496,0.44893167896,0.616487044689,
    0.76214759156,0.815719036805,0.853500462987,0.900987314649,
    0.938559409109,0.969436160148,1.),.UNSPECIFIED.);
#838 = CARTESIAN_POINT('',(0.,-40.88544413797));
#839 = CARTESIAN_POINT('',(-8.866443935726E-03,-40.72747244646));
#840 = CARTESIAN_POINT('',(-1.92043803755E-02,-40.57266138283));
#841 = CARTESIAN_POINT('',(-3.101380036281E-02,-40.4215024573));
#842 = CARTESIAN_POINT('',(-4.429873463561E-02,-40.27462466837));
#843 = CARTESIAN_POINT('',(-5.906541065043E-02,-40.13279095241));
#844 = CARTESIAN_POINT('',(-7.532090051761E-02,-39.99689119412));
#845 = CARTESIAN_POINT('',(-9.307690239373E-02,-39.86795355961));
#846 = CARTESIAN_POINT('',(-0.119695980153,-39.70128389026));
#847 = CARTESIAN_POINT('',(-0.127247833882,-39.65656721992));
#848 = CARTESIAN_POINT('',(-0.13501942468,-39.61311706563));
#849 = CARTESIAN_POINT('',(-0.143010740931,-39.57101304497));
#850 = CARTESIAN_POINT('',(-0.151221072737,-39.53034237603));
#851 = CARTESIAN_POINT('',(-0.159648890866,-39.49119902294));
#852 = CARTESIAN_POINT('',(-0.168291725696,-39.45368284147));
#853 = CARTESIAN_POINT('',(-0.184241541014,-39.3892227784));
#854 = CARTESIAN_POINT('',(-0.191472616748,-39.36166008815));
#855 = CARTESIAN_POINT('',(-0.198837232315,-39.3352650941));
#856 = CARTESIAN_POINT('',(-0.20633263924,-39.31009533624));
#857 = CARTESIAN_POINT('',(-0.213955279708,-39.28621041449));
#858 = CARTESIAN_POINT('',(-0.22170068464,-39.26367094902));
#859 = CARTESIAN_POINT('',(-0.229563371769,-39.24253754047));
#860 = CARTESIAN_POINT('',(-0.241868729359,-39.21218407907));
#861 = CARTESIAN_POINT('',(-0.2462333638,-39.2019309985));
#862 = CARTESIAN_POINT('',(-0.250629569342,-39.19212022153));
#863 = CARTESIAN_POINT('',(-0.255056164138,-39.18276118777));
#864 = CARTESIAN_POINT('',(-0.259511862195,-39.17386304342));
#865 = CARTESIAN_POINT('',(-0.263995273373,-39.16543464129));
#866 = CARTESIAN_POINT('',(-0.268504903385,-39.15748454083));
#867 = CARTESIAN_POINT('',(-0.282304783507,-39.13476946158));
#868 = CARTESIAN_POINT('',(-0.291674099615,-39.12154800844));
#869 = CARTESIAN_POINT('',(-0.301132318653,-39.11042798888));
#870 = CARTESIAN_POINT('',(-0.310663690957,-39.10147016207));
#871 = CARTESIAN_POINT('',(-0.320251431566,-39.09472282191));
#872 = CARTESIAN_POINT('',(-0.329877651128,-39.0902199127));
#873 = CARTESIAN_POINT('',(-0.339523286799,-39.08797914494));
#874 = CARTESIAN_POINT('',(-0.358861464325,-39.08802118301));
#875 = CARTESIAN_POINT('',(-0.36855549388,-39.09032688567));
#876 = CARTESIAN_POINT('',(-0.378229499876,-39.0949173971));
#877 = CARTESIAN_POINT('',(-0.387864139161,-39.10177441242));
#878 = CARTESIAN_POINT('',(-0.397441275813,-39.11086309009));
#879 = CARTESIAN_POINT('',(-0.406943909594,-39.12213399831));
#880 = CARTESIAN_POINT('',(-0.4163561044,-39.1355250613));
#881 = CARTESIAN_POINT('',(-0.430245699457,-39.15856557539));
#882 = CARTESIAN_POINT('',(-0.434803147162,-39.16666450031));
#883 = CARTESIAN_POINT('',(-0.439333615455,-39.17525168933));
#884 = CARTESIAN_POINT('',(-0.443835568795,-39.18431825224));
#885 = CARTESIAN_POINT('',(-0.448307580475,-39.1938549997));
#886 = CARTESIAN_POINT('',(-0.452748332624,-39.20385244323));
#887 = CARTESIAN_POINT('',(-0.457156616206,-39.21430079521));
#888 = CARTESIAN_POINT('',(-0.469662384033,-39.24542910503));
#889 = CARTESIAN_POINT('',(-0.477677377805,-39.26719124458));
#890 = CARTESIAN_POINT('',(-0.485569388694,-39.2904128804));
#891 = CARTESIAN_POINT('',(-0.493332692005,-39.31502945493));
#892 = CARTESIAN_POINT('',(-0.50096265025,-39.34097648949));
#893 = CARTESIAN_POINT('',(-0.508455601407,-39.36819071368));
#894 = CARTESIAN_POINT('',(-0.51580874718,-39.39661119468));
#895 = CARTESIAN_POINT('',(-0.532106904959,-39.46344034545));
#896 = CARTESIAN_POINT('',(-0.540968116831,-39.50252252847));
#897 = CARTESIAN_POINT('',(-0.549600075684,-39.54331306826));
#898 = CARTESIAN_POINT('',(-0.558000311032,-39.58570378992));
#899 = CARTESIAN_POINT('',(-0.566167351375,-39.62959320924));
#900 = CARTESIAN_POINT('',(-0.574100592504,-39.6748874509));
#901 = CARTESIAN_POINT('',(-0.581800165785,-39.72150116667));
#902 = CARTESIAN_POINT('',(-0.595174057969,-39.80722086623));
#903 = CARTESIAN_POINT('',(-0.600935302192,-39.84586030492));
#904 = CARTESIAN_POINT('',(-0.606550833822,-39.88523845436));
#905 = CARTESIAN_POINT('',(-0.612020978811,-39.92531916527));
#906 = CARTESIAN_POINT('',(-0.617346094365,-39.96606845438));
#907 = CARTESIAN_POINT('',(-0.622526568946,-40.00745450441));
#908 = CARTESIAN_POINT('',(-0.627562822272,-40.04944766409));
#909 = CARTESIAN_POINT('',(-0.654292197382,-40.28203792629));
#910 = CARTESIAN_POINT('',(-0.673249091012,-40.48346475381));
#911 = CARTESIAN_POINT('',(-0.689399543213,-40.69406784468));
#912 = CARTESIAN_POINT('',(-0.7027356661,-40.91195919914));
#913 = CARTESIAN_POINT('',(-0.713243006814,-41.13539997087));
#914 = CARTESIAN_POINT('',(-0.720900190733,-41.36280669986));
#915 = CARTESIAN_POINT('',(-0.725696155764,-41.59270026175));
#916 = CARTESIAN_POINT('',(-0.729285730212,-42.02456567111));
#917 = CARTESIAN_POINT('',(-0.728780030389,-42.22604104223));
#918 = CARTESIAN_POINT('',(-0.726097089812,-42.42714397946));
#919 = CARTESIAN_POINT('',(-0.721240491718,-42.62685856189));
#920 = CARTESIAN_POINT('',(-0.714220797454,-42.82415602689));
#921 = CARTESIAN_POINT('',(-0.705054274345,-43.01799065955));
#922 = CARTESIAN_POINT('',(-0.693755311254,-43.20728686665));
#923 = CARTESIAN_POINT('',(-0.675376892439,-43.45843837922));
#924 = CARTESIAN_POINT('',(-0.670146179451,-43.52519983745));
#925 = CARTESIAN_POINT('',(-0.664626274375,-43.5911339623));
#926 = CARTESIAN_POINT('',(-0.658816834958,-43.65617988982));
#927 = CARTESIAN_POINT('',(-0.652717362327,-43.72027242644));
#928 = CARTESIAN_POINT('',(-0.64632713866,-43.78334186511));
#929 = CARTESIAN_POINT('',(-0.639645164852,-43.84531380139));
#930 = CARTESIAN_POINT('',(-0.627750910997,-43.94898491442));
#931 = CARTESIAN_POINT('',(-0.622686064465,-43.99127451113));
#932 = CARTESIAN_POINT('',(-0.617475098677,-44.03294976103));
#933 = CARTESIAN_POINT('',(-0.612117585503,-44.07398046392));
#934 = CARTESIAN_POINT('',(-0.606613128594,-44.11433419813));
#935 = CARTESIAN_POINT('',(-0.600961363375,-44.15397632044));
#936 = CARTESIAN_POINT('',(-0.59516195705,-44.19286996617));
#937 = CARTESIAN_POINT('',(-0.581739484385,-44.27887095643));
#938 = CARTESIAN_POINT('',(-0.574030985633,-44.32551952508));
#939 = CARTESIAN_POINT('',(-0.566088375792,-44.37084561232));
#940 = CARTESIAN_POINT('',(-0.557911525474,-44.41476358768));
#941 = CARTESIAN_POINT('',(-0.549501045068,-44.45717925789));
#942 = CARTESIAN_POINT('',(-0.54085841735,-44.49799079183));
#943 = CARTESIAN_POINT('',(-0.5319861301,-44.53708964544));
#944 = CARTESIAN_POINT('',(-0.51568912153,-44.60385135794));
#945 = CARTESIAN_POINT('',(-0.508349195952,-44.63219638185));
#946 = CARTESIAN_POINT('',(-0.500870073778,-44.65933941335));
#947 = CARTESIAN_POINT('',(-0.493254543726,-44.68521987554));
#948 = CARTESIAN_POINT('',(-0.485506252116,-44.70977487872));
#949 = CARTESIAN_POINT('',(-0.477629813546,-44.73294033945));
#950 = CARTESIAN_POINT('',(-0.469630921573,-44.75465209965));
#951 = CARTESIAN_POINT('',(-0.454847993558,-44.79144325428));
#952 = CARTESIAN_POINT('',(-0.448101449472,-44.80701515869));
#953 = CARTESIAN_POINT('',(-0.441280834563,-44.82152744791));
#954 = CARTESIAN_POINT('',(-0.434390653713,-44.83494561444));
#955 = CARTESIAN_POINT('',(-0.427435951163,-44.84723663562));
#956 = CARTESIAN_POINT('',(-0.420422352421,-44.85836965513));
#957 = CARTESIAN_POINT('',(-0.413356106167,-44.86831666444));
#958 = CARTESIAN_POINT('',(-0.399204220386,-44.88570116634));
#959 = CARTESIAN_POINT('',(-0.392119222268,-44.89316342501));
#960 = CARTESIAN_POINT('',(-0.384996014092,-44.89941596141));
#961 = CARTESIAN_POINT('',(-0.377841727032,-44.90443888084));
#962 = CARTESIAN_POINT('',(-0.370663754116,-44.9082167474));
#963 = CARTESIAN_POINT('',(-0.36346976318,-44.91073893858));
#964 = CARTESIAN_POINT('',(-0.356267709829,-44.912));
#965 = CARTESIAN_POINT('',(-0.349065850399,-44.912));
#966 = ( GEOMETRIC_REPRESENTATION_CONTEXT(2) 
PARAMETRIC_REPRESENTATION_CONTEXT() REPRESENTATION_CONTEXT('2D SPACE',''
  ) );
#967 = PCURVE('',#968,#973);
#968 = CONICAL_SURFACE('',#969,3.,8.777389232722E-02);
#969 = AXIS2_PLACEMENT_3D('',#970,#971,#972);
#970 = CARTESIAN_POINT('',(6.577848345501,42.39414100328,201.));
#971 = DIRECTION('',(-0.939692620786,-0.342020143326,-0.));
#972 = DIRECTION('',(0.,0.,1.));
#973 = DEFINITIONAL_REPRESENTATION('',(#974),#1103);
#974 = B_SPLINE_CURVE_WITH_KNOTS('',8,(#975,#976,#977,#978,#979,#980,
    #981,#982,#983,#984,#985,#986,#987,#988,#989,#990,#991,#992,#993,
    #994,#995,#996,#997,#998,#999,#1000,#1001,#1002,#1003,#1004,#1005,
    #1006,#1007,#1008,#1009,#1010,#1011,#1012,#1013,#1014,#1015,#1016,
    #1017,#1018,#1019,#1020,#1021,#1022,#1023,#1024,#1025,#1026,#1027,
    #1028,#1029,#1030,#1031,#1032,#1033,#1034,#1035,#1036,#1037,#1038,
    #1039,#1040,#1041,#1042,#1043,#1044,#1045,#1046,#1047,#1048,#1049,
    #1050,#1051,#1052,#1053,#1054,#1055,#1056,#1057,#1058,#1059,#1060,
    #1061,#1062,#1063,#1064,#1065,#1066,#1067,#1068,#1069,#1070,#1071,
    #1072,#1073,#1074,#1075,#1076,#1077,#1078,#1079,#1080,#1081,#1082,
    #1083,#1084,#1085,#1086,#1087,#1088,#1089,#1090,#1091,#1092,#1093,
    #1094,#1095,#1096,#1097,#1098,#1099,#1100,#1101,#1102),
  .UNSPECIFIED.,.F.,.F.,(9,7,7,7,7,7,7,7,7,7,7,7,7,7,7,7,7,7,9),(0.,
    0.121023600879,0.167036740752,0.203909812839,0.223943196411,
    0.26488092524,0.306025299901,0.32628526902,0.363941411162,
    0.411391456496,0.44893167896,0.616487044689,0.76214759156,
    0.815719036805,0.853500462987,0.900987314649,0.938559409109,
    0.969436160148,1.),.UNSPECIFIED.);
#975 = CARTESIAN_POINT('',(-1.957616733015,-0.517540966287));
#976 = CARTESIAN_POINT('',(-2.01564586868,-0.541800985693));
#977 = CARTESIAN_POINT('',(-2.074223890878,-0.569411954192));
#978 = CARTESIAN_POINT('',(-2.133536911634,-0.599977928059));
#979 = CARTESIAN_POINT('',(-2.193752427112,-0.633021383074));
#980 = CARTESIAN_POINT('',(-2.255037378156,-0.667966195294));
#981 = CARTESIAN_POINT('',(-2.317565446353,-0.704135082108));
#982 = CARTESIAN_POINT('',(-2.381533613187,-0.740751005171));
#983 = CARTESIAN_POINT('',(-2.472177397484,-0.790688055172));
#984 = CARTESIAN_POINT('',(-2.497386449612,-0.804377294992));
#985 = CARTESIAN_POINT('',(-2.522846585422,-0.817949864986));
#986 = CARTESIAN_POINT('',(-2.548567766801,-0.83135197233));
#987 = CARTESIAN_POINT('',(-2.574558477119,-0.844526313141));
#988 = CARTESIAN_POINT('',(-2.600825699991,-0.857412462914));
#989 = CARTESIAN_POINT('',(-2.627374898042,-0.869947266968));
#990 = CARTESIAN_POINT('',(-2.675714551977,-0.891776077787));
#991 = CARTESIAN_POINT('',(-2.697402010439,-0.901218921958));
#992 = CARTESIAN_POINT('',(-2.719273698621,-0.910360011493));
#993 = CARTESIAN_POINT('',(-2.741329543152,-0.919164268732));
#994 = CARTESIAN_POINT('',(-2.763567884111,-0.927595853937));
#995 = CARTESIAN_POINT('',(-2.785985293417,-0.935618728978));
#996 = CARTESIAN_POINT('',(-2.808576393222,-0.943197221013));
#997 = CARTESIAN_POINT('',(-2.843697855401,-0.954153718149));
#998 = CARTESIAN_POINT('',(-2.856111021711,-0.957869457045));
#999 = CARTESIAN_POINT('',(-2.868571908816,-0.961438142254));
#1000 = CARTESIAN_POINT('',(-2.881079046142,-0.96485430257));
#1001 = CARTESIAN_POINT('',(-2.893630756957,-0.968112656187));
#1002 = CARTESIAN_POINT('',(-2.906225158372,-0.971208110704));
#1003 = CARTESIAN_POINT('',(-2.918860161341,-0.974135763119));
#1004 = CARTESIAN_POINT('',(-2.957431067956,-0.982520954245));
#1005 = CARTESIAN_POINT('',(-2.983491089457,-0.987431352503));
#1006 = CARTESIAN_POINT('',(-3.009690641542,-0.99158170666));
#1007 = CARTESIAN_POINT('',(-3.03600575072,-0.994937645792));
#1008 = CARTESIAN_POINT('',(-3.062410807956,-0.99747187901));
#1009 = CARTESIAN_POINT('',(-3.088878013003,-0.999165258483));
#1010 = CARTESIAN_POINT('',(-3.115376818723,-1.000007842448));
#1011 = CARTESIAN_POINT('',(-3.168503681672,-0.999992034223));
#1012 = CARTESIAN_POINT('',(-3.195135786126,-0.999125032901));
#1013 = CARTESIAN_POINT('',(-3.221735305027,-0.99739875182));
#1014 = CARTESIAN_POINT('',(-3.248271246912,-0.99482346658));
#1015 = CARTESIAN_POINT('',(-3.274715442906,-0.991418832655));
#1016 = CARTESIAN_POINT('',(-3.301041977007,-0.987212787209));
#1017 = CARTESIAN_POINT('',(-3.327226616387,-0.982240450923));
#1018 = CARTESIAN_POINT('',(-3.36605860811,-0.973737553322));
#1019 = CARTESIAN_POINT('',(-3.378831574065,-0.970756082607));
#1020 = CARTESIAN_POINT('',(-3.391562783577,-0.967603517846));
#1021 = CARTESIAN_POINT('',(-3.404250096042,-0.964284953201));
#1022 = CARTESIAN_POINT('',(-3.416891586215,-0.960805676811));
#1023 = CARTESIAN_POINT('',(-3.429485544212,-0.957171170793));
#1024 = CARTESIAN_POINT('',(-3.442030475507,-0.953387111246));
#1025 = CARTESIAN_POINT('',(-3.477748205987,-0.942159078307));
#1026 = CARTESIAN_POINT('',(-3.500797252323,-0.93436229683));
#1027 = CARTESIAN_POINT('',(-3.523664457069,-0.926106113167));
#1028 = CARTESIAN_POINT('',(-3.546344319891,-0.917428568536));
#1029 = CARTESIAN_POINT('',(-3.568833427046,-0.908368044485));
#1030 = CARTESIAN_POINT('',(-3.591130255418,-0.898962651357));
#1031 = CARTESIAN_POINT('',(-3.61323497657,-0.889249616748));
#1032 = CARTESIAN_POINT('',(-3.662763182974,-0.8666827694));
#1033 = CARTESIAN_POINT('',(-3.690073460045,-0.853669705248));
#1034 = CARTESIAN_POINT('',(-3.717084944611,-0.840296872709));
#1035 = CARTESIAN_POINT('',(-3.743804079875,-0.826632944509));
#1036 = CARTESIAN_POINT('',(-3.770238893826,-0.812743462697));
#1037 = CARTESIAN_POINT('',(-3.796398993442,-0.798690426445));
#1038 = CARTESIAN_POINT('',(-3.82229555889,-0.784531879834));
#1039 = CARTESIAN_POINT('',(-3.868231060033,-0.759078921698));
#1040 = CARTESIAN_POINT('',(-3.888363156238,-0.747804340433));
#1041 = CARTESIAN_POINT('',(-3.9083435574,-0.736524593305));
#1042 = CARTESIAN_POINT('',(-3.928178212344,-0.725265348));
#1043 = CARTESIAN_POINT('',(-3.947873087662,-0.714051102433));
#1044 = CARTESIAN_POINT('',(-3.967434167717,-0.702905184753));
#1045 = CARTESIAN_POINT('',(-3.986867454641,-0.691849753338));
#1046 = CARTESIAN_POINT('',(-4.092373122962,-0.632059026073));
#1047 = CARTESIAN_POINT('',(-4.176080014247,-0.585468738401));
#1048 = CARTESIAN_POINT('',(-4.257956785904,-0.542937139408));
#1049 = CARTESIAN_POINT('',(-4.338411693092,-0.505983056555));
#1050 = CARTESIAN_POINT('',(-4.417808030819,-0.475848971812));
#1051 = CARTESIAN_POINT('',(-4.496461797656,-0.453435947563));
#1052 = CARTESIAN_POINT('',(-4.574689553252,-0.439287704761));
#1053 = CARTESIAN_POINT('',(-4.720776993035,-0.42867479677));
#1054 = CARTESIAN_POINT('',(-4.788581477289,-0.43014645005));
#1055 = CARTESIAN_POINT('',(-4.856443215721,-0.438138840993));
#1056 = CARTESIAN_POINT('',(-4.924541648618,-0.452554600212));
#1057 = CARTESIAN_POINT('',(-4.993062591089,-0.473073304631));
#1058 = CARTESIAN_POINT('',(-5.062204360816,-0.49916653122));
#1059 = CARTESIAN_POINT('',(-5.132192546002,-0.530125295763));
#1060 = CARTESIAN_POINT('',(-5.229484043624,-0.577942704853));
#1061 = CARTESIAN_POINT('',(-5.25579820558,-0.59134097686));
#1062 = CARTESIAN_POINT('',(-5.282280585848,-0.605236810794));
#1063 = CARTESIAN_POINT('',(-5.308945950699,-0.619583628986));
#1064 = CARTESIAN_POINT('',(-5.335809399488,-0.63433133381));
#1065 = CARTESIAN_POINT('',(-5.362886676586,-0.649426267623));
#1066 = CARTESIAN_POINT('',(-5.390194483314,-0.664811172702));
#1067 = CARTESIAN_POINT('',(-5.43718495965,-0.69143695742));
#1068 = CARTESIAN_POINT('',(-5.456742315854,-0.702562417448));
#1069 = CARTESIAN_POINT('',(-5.476428997097,-0.713780155149));
#1070 = CARTESIAN_POINT('',(-5.496251124358,-0.725067594218));
#1071 = CARTESIAN_POINT('',(-5.516214800984,-0.736400958148));
#1072 = CARTESIAN_POINT('',(-5.536326112691,-0.74775527024));
#1073 = CARTESIAN_POINT('',(-5.55659112756,-0.759104353595));
#1074 = CARTESIAN_POINT('',(-5.602687450802,-0.784644325144));
#1075 = CARTESIAN_POINT('',(-5.628610325169,-0.79881559953));
#1076 = CARTESIAN_POINT('',(-5.654797302685,-0.812880812522));
#1077 = CARTESIAN_POINT('',(-5.68125959119,-0.826781735702));
#1078 = CARTESIAN_POINT('',(-5.708006816425,-0.840456169505));
#1079 = CARTESIAN_POINT('',(-5.735047015625,-0.853838358736));
#1080 = CARTESIAN_POINT('',(-5.762386631122,-0.866859408089));
#1081 = CARTESIAN_POINT('',(-5.811902625681,-0.889407684241));
#1082 = CARTESIAN_POINT('',(-5.833964420827,-0.899096391817));
#1083 = CARTESIAN_POINT('',(-5.856217533358,-0.908478293433));
#1084 = CARTESIAN_POINT('',(-5.878662118921,-0.917516383772));
#1085 = CARTESIAN_POINT('',(-5.901296650574,-0.926172785164));
#1086 = CARTESIAN_POINT('',(-5.92411772453,-0.934409353578));
#1087 = CARTESIAN_POINT('',(-5.947119865905,-0.942188284621));
#1088 = CARTESIAN_POINT('',(-5.989340936865,-0.955459068883));
#1089 = CARTESIAN_POINT('',(-6.008503673771,-0.961111498533));
#1090 = CARTESIAN_POINT('',(-6.027778685266,-0.966409483537));
#1091 = CARTESIAN_POINT('',(-6.047160225621,-0.971333077672));
#1092 = CARTESIAN_POINT('',(-6.066641529768,-0.975863293176));
#1093 = CARTESIAN_POINT('',(-6.086214679782,-0.979982480482));
#1094 = CARTESIAN_POINT('',(-6.10587047137,-0.983674707956));
#1095 = CARTESIAN_POINT('',(-6.145126163764,-0.990144624623));
#1096 = CARTESIAN_POINT('',(-6.164725389063,-0.992931343586));
#1097 = CARTESIAN_POINT('',(-6.184385131443,-0.995272758787));
#1098 = CARTESIAN_POINT('',(-6.204094278954,-0.997157651418));
#1099 = CARTESIAN_POINT('',(-6.223841301712,-0.998577322656));
#1100 = CARTESIAN_POINT('',(-6.24361412112,-0.999525792732));
#1101 = CARTESIAN_POINT('',(-6.263399979074,-1.));
#1102 = CARTESIAN_POINT('',(-6.28318530718,-1.));
#1103 = ( GEOMETRIC_REPRESENTATION_CONTEXT(2) 
PARAMETRIC_REPRESENTATION_CONTEXT() REPRESENTATION_CONTEXT('2D SPACE',''
  ) );
#1104 = ORIENTED_EDGE('',*,*,#1105,.F.);
#1105 = EDGE_CURVE('',#1106,#703,#1108,.T.);
#1106 = VERTEX_POINT('',#1107);
#1107 = CARTESIAN_POINT('',(8.,40.,202.11455586202));
#1108 = SURFACE_CURVE('',#1109,(#1136,#1166),.PCURVE_S1.);
#1109 = B_SPLINE_CURVE_WITH_KNOTS('',7,(#1110,#1111,#1112,#1113,#1114,
    #1115,#1116,#1117,#1118,#1119,#1120,#1121,#1122,#1123,#1124,#1125,
    #1126,#1127,#1128,#1129,#1130,#1131,#1132,#1133,#1134,#1135),
  .UNSPECIFIED.,.F.,.F.,(8,6,6,6,8),(0.,0.457009481595,0.6307643612,
    0.770004504749,1.),.UNSPECIFIED.);
#1110 = CARTESIAN_POINT('',(8.,40.,202.11455586202));
#1111 = CARTESIAN_POINT('',(8.,40.081064630269,202.29509493803));
#1112 = CARTESIAN_POINT('',(7.999041814685,40.177825212664,
    202.47141984354));
#1113 = CARTESIAN_POINT('',(7.996456347214,40.290267816428,
    202.64274416219));
#1114 = CARTESIAN_POINT('',(7.991385622886,40.418420397654,
    202.80800650106));
#1115 = CARTESIAN_POINT('',(7.982758314971,40.562287345786,
    202.96587995845));
#1116 = CARTESIAN_POINT('',(7.969322733679,40.721795267555,
    203.11479534815));
#1117 = CARTESIAN_POINT('',(7.942033887938,40.963634945343,
    203.30527497027));
#1118 = CARTESIAN_POINT('',(7.933603176825,41.032503411936,
    203.35615205001));
#1119 = CARTESIAN_POINT('',(7.924177482531,41.103611846691,
    203.40532146497));
#1120 = CARTESIAN_POINT('',(7.913671501613,41.176938408491,
    203.45265244506));
#1121 = CARTESIAN_POINT('',(7.901998174218,41.252446311658,
    203.49799958879));
#1122 = CARTESIAN_POINT('',(7.889070777665,41.330081118068,
    203.54120514182));
#1123 = CARTESIAN_POINT('',(7.863373018,41.473625901764,203.61487378533)
  );
#1124 = CARTESIAN_POINT('',(7.851081984126,41.538799161403,
    203.64616195401));
#1125 = CARTESIAN_POINT('',(7.83788943422,41.605246638219,
    203.67587867701));
#1126 = CARTESIAN_POINT('',(7.823754689132,41.672914450405,
    203.70393065049));
#1127 = CARTESIAN_POINT('',(7.80864110486,41.741734272077,
    203.73022114385));
#1128 = CARTESIAN_POINT('',(7.792518302653,41.811621601064,
    203.75465277235));
#1129 = CARTESIAN_POINT('',(7.747029750474,41.999507364247,
    203.81425837817));
#1130 = CARTESIAN_POINT('',(7.715868940437,42.11922760224,
    203.84607215733));
#1131 = CARTESIAN_POINT('',(7.681799701903,42.241094709529,
    203.87210783232));
#1132 = CARTESIAN_POINT('',(7.644803091353,42.364481229028,
    203.89196368373));
#1133 = CARTESIAN_POINT('',(7.604947737744,42.488672411884,
    203.9053234155));
#1134 = CARTESIAN_POINT('',(7.562417276172,42.612864498529,203.912));
#1135 = CARTESIAN_POINT('',(7.517540966287,42.736161146605,203.912));
#1136 = PCURVE('',#33,#1137);
#1137 = DEFINITIONAL_REPRESENTATION('',(#1138),#1165);
#1138 = B_SPLINE_CURVE_WITH_KNOTS('',7,(#1139,#1140,#1141,#1142,#1143,
    #1144,#1145,#1146,#1147,#1148,#1149,#1150,#1151,#1152,#1153,#1154,
    #1155,#1156,#1157,#1158,#1159,#1160,#1161,#1162,#1163,#1164),
  .UNSPECIFIED.,.F.,.F.,(8,6,6,6,8),(0.,0.457009481595,0.6307643612,
    0.770004504749,1.),.UNSPECIFIED.);
#1139 = CARTESIAN_POINT('',(0.,-43.11455586202));
#1140 = CARTESIAN_POINT('',(-1.013307878369E-02,-43.29509493803));
#1141 = CARTESIAN_POINT('',(-2.222814757275E-02,-43.47141984354));
#1142 = CARTESIAN_POINT('',(-3.628519203692E-02,-43.64274416219));
#1143 = CARTESIAN_POINT('',(-5.231227723427E-02,-43.80800650106));
#1144 = CARTESIAN_POINT('',(-7.03206330106E-02,-43.96587995845));
#1145 = CARTESIAN_POINT('',(-9.032170303886E-02,-44.11479534815));
#1146 = CARTESIAN_POINT('',(-0.120743506192,-44.30527497027));
#1147 = CARTESIAN_POINT('',(-0.129415943112,-44.35615205001));
#1148 = CARTESIAN_POINT('',(-0.13838151362,-44.40532146497));
#1149 = CARTESIAN_POINT('',(-0.147639968241,-44.45265244506));
#1150 = CARTESIAN_POINT('',(-0.157189580231,-44.49799958879));
#1151 = CARTESIAN_POINT('',(-0.167026822772,-44.54120514182));
#1152 = CARTESIAN_POINT('',(-0.185255183135,-44.61487378533));
#1153 = CARTESIAN_POINT('',(-0.193545094619,-44.64616195401));
#1154 = CARTESIAN_POINT('',(-0.202012514932,-44.67587867701));
#1155 = CARTESIAN_POINT('',(-0.210652763548,-44.70393065049));
#1156 = CARTESIAN_POINT('',(-0.219459473309,-44.73022114385));
#1157 = CARTESIAN_POINT('',(-0.228424318633,-44.75465277235));
#1158 = CARTESIAN_POINT('',(-0.252588557572,-44.81425837817));
#1159 = CARTESIAN_POINT('',(-0.26804993052,-44.84607215733));
#1160 = CARTESIAN_POINT('',(-0.283863246089,-44.87210783232));
#1161 = CARTESIAN_POINT('',(-0.299959758254,-44.89196368373));
#1162 = CARTESIAN_POINT('',(-0.316258573884,-44.9053234155));
#1163 = CARTESIAN_POINT('',(-0.332664656361,-44.912));
#1164 = CARTESIAN_POINT('',(-0.349065850399,-44.912));
#1165 = ( GEOMETRIC_REPRESENTATION_CONTEXT(2) 
PARAMETRIC_REPRESENTATION_CONTEXT() REPRESENTATION_CONTEXT('2D SPACE',''
  ) );
#1166 = PCURVE('',#968,#1167);
#1167 = DEFINITIONAL_REPRESENTATION('',(#1168),#1195);
#1168 = B_SPLINE_CURVE_WITH_KNOTS('',7,(#1169,#1170,#1171,#1172,#1173,
    #1174,#1175,#1176,#1177,#1178,#1179,#1180,#1181,#1182,#1183,#1184,
    #1185,#1186,#1187,#1188,#1189,#1190,#1191,#1192,#1193,#1194),
  .UNSPECIFIED.,.F.,.F.,(8,6,6,6,8),(0.,0.457009481595,0.6307643612,
    0.770004504749,1.),.UNSPECIFIED.);
#1169 = CARTESIAN_POINT('',(-1.183975920575,-0.517540966287));
#1170 = CARTESIAN_POINT('',(-1.117656908386,-0.545266702751));
#1171 = CARTESIAN_POINT('',(-1.050606047488,-0.577460371339));
#1172 = CARTESIAN_POINT('',(-0.982525558637,-0.613488462092));
#1173 = CARTESIAN_POINT('',(-0.913154894319,-0.652554304056));
#1174 = CARTESIAN_POINT('',(-0.842222577291,-0.693652680691));
#1175 = CARTESIAN_POINT('',(-0.769441097072,-0.73558228636));
#1176 = CARTESIAN_POINT('',(-0.665848200732,-0.792653200647));
#1177 = CARTESIAN_POINT('',(-0.63699220506,-0.808285326441));
#1178 = CARTESIAN_POINT('',(-0.607798386033,-0.823748588113));
#1179 = CARTESIAN_POINT('',(-0.578251387545,-0.838955356547));
#1180 = CARTESIAN_POINT('',(-0.548338824681,-0.853811240797));
#1181 = CARTESIAN_POINT('',(-0.518051340351,-0.868216129266));
#1182 = CARTESIAN_POINT('',(-0.462806021569,-0.893163341631));
#1183 = CARTESIAN_POINT('',(-0.437985517011,-0.903904115401));
#1184 = CARTESIAN_POINT('',(-0.412919017743,-0.914233549149));
#1185 = CARTESIAN_POINT('',(-0.387607203132,-0.924094988315));
#1186 = CARTESIAN_POINT('',(-0.362054046724,-0.933430629974));
#1187 = CARTESIAN_POINT('',(-0.336267300522,-0.94218302599));
#1188 = CARTESIAN_POINT('',(-0.267298690892,-0.96369848483));
#1189 = CARTESIAN_POINT('',(-0.223714214584,-0.975363634538));
#1190 = CARTESIAN_POINT('',(-0.179589272258,-0.985030027993));
#1191 = CARTESIAN_POINT('',(-0.135022201569,-0.992465261149));
#1192 = CARTESIAN_POINT('',(-9.012984537354E-02,-0.997489365623));
#1193 = CARTESIAN_POINT('',(-4.505822537889E-02,-1.));
#1194 = CARTESIAN_POINT('',(0.,-1.));
#1195 = ( GEOMETRIC_REPRESENTATION_CONTEXT(2) 
PARAMETRIC_REPRESENTATION_CONTEXT() REPRESENTATION_CONTEXT('2D SPACE',''
  ) );
#1196 = ORIENTED_EDGE('',*,*,#1197,.T.);
#1197 = EDGE_CURVE('',#1106,#1198,#1200,.T.);
#1198 = VERTEX_POINT('',#1199);
#1199 = CARTESIAN_POINT('',(8.,40.,233.));
#1200 = SEAM_CURVE('',#1201,(#1205,#1212),.PCURVE_S1.);
#1201 = LINE('',#1202,#1203);
#1202 = CARTESIAN_POINT('',(8.,40.,159.));
#1203 = VECTOR('',#1204,1.);
#1204 = DIRECTION('',(0.,0.,1.));
#1205 = PCURVE('',#33,#1206);
#1206 = DEFINITIONAL_REPRESENTATION('',(#1207),#1211);
#1207 = LINE('',#1208,#1209);
#1208 = CARTESIAN_POINT('',(-0.,0.));
#1209 = VECTOR('',#1210,1.);
#1210 = DIRECTION('',(-0.,-1.));
#1211 = ( GEOMETRIC_REPRESENTATION_CONTEXT(2) 
PARAMETRIC_REPRESENTATION_CONTEXT() REPRESENTATION_CONTEXT('2D SPACE',''
  ) );
#1212 = PCURVE('',#33,#1213);
#1213 = DEFINITIONAL_REPRESENTATION('',(#1214),#1218);
#1214 = LINE('',#1215,#1216);
#1215 = CARTESIAN_POINT('',(-6.28318530718,0.));
#1216 = VECTOR('',#1217,1.);
#1217 = DIRECTION('',(-0.,-1.));
#1218 = ( GEOMETRIC_REPRESENTATION_CONTEXT(2) 
PARAMETRIC_REPRESENTATION_CONTEXT() REPRESENTATION_CONTEXT('2D SPACE',''
  ) );
#1219 = ORIENTED_EDGE('',*,*,#1220,.T.);
#1220 = EDGE_CURVE('',#1198,#1198,#1221,.T.);
#1221 = SURFACE_CURVE('',#1222,(#1227,#1234),.PCURVE_S1.);
#1222 = CIRCLE('',#1223,8.);
#1223 = AXIS2_PLACEMENT_3D('',#1224,#1225,#1226);
#1224 = CARTESIAN_POINT('',(0.,40.,233.));
#1225 = DIRECTION('',(0.,0.,1.));
#1226 = DIRECTION('',(1.,0.,0.));
#1227 = PCURVE('',#33,#1228);
#1228 = DEFINITIONAL_REPRESENTATION('',(#1229),#1233);
#1229 = LINE('',#1230,#1231);
#1230 = CARTESIAN_POINT('',(-0.,-74.));
#1231 = VECTOR('',#1232,1.);
#1232 = DIRECTION('',(-1.,0.));
#1233 = ( GEOMETRIC_REPRESENTATION_CONTEXT(2) 
PARAMETRIC_REPRESENTATION_CONTEXT() REPRESENTATION_CONTEXT('2D SPACE',''
  ) );
#1234 = PCURVE('',#1235,#1240);
#1235 = PLANE('',#1236);
#1236 = AXIS2_PLACEMENT_3D('',#1237,#1238,#1239);
#1237 = CARTESIAN_POINT('',(-1.709300165674E-16,40.,233.));
#1238 = DIRECTION('',(0.,0.,1.));
#1239 = DIRECTION('',(1.,0.,-0.));
#1240 = DEFINITIONAL_REPRESENTATION('',(#1241),#1245);
#1241 = CIRCLE('',#1242,8.);
#1242 = AXIS2_PLACEMENT_2D('',#1243,#1244);
#1243 = CARTESIAN_POINT('',(1.709300165674E-16,7.105427357601E-15));
#1244 = DIRECTION('',(1.,0.));
#1245 = ( GEOMETRIC_REPRESENTATION_CONTEXT(2) 
PARAMETRIC_REPRESENTATION_CONTEXT() REPRESENTATION_CONTEXT('2D SPACE',''
  ) );
#1246 = ORIENTED_EDGE('',*,*,#1197,.F.);
#1247 = ORIENTED_EDGE('',*,*,#1248,.T.);
#1248 = EDGE_CURVE('',#1106,#680,#1249,.T.);
#1249 = SURFACE_CURVE('',#1250,(#1265,#1283),.PCURVE_S1.);
#1250 = B_SPLINE_CURVE_WITH_KNOTS('',7,(#1251,#1252,#1253,#1254,#1255,
    #1256,#1257,#1258,#1259,#1260,#1261,#1262,#1263,#1264),
  .UNSPECIFIED.,.F.,.F.,(8,6,8),(0.,0.322629229938,1.),.UNSPECIFIED.);
#1251 = CARTESIAN_POINT('',(8.,40.,202.11455586202));
#1252 = CARTESIAN_POINT('',(8.,39.95555973828,202.01558293434));
#1253 = CARTESIAN_POINT('',(7.999712010528,39.915854603928,
    201.9153836644));
#1254 = CARTESIAN_POINT('',(7.99924641328,39.880894917939,
    201.81412056037));
#1255 = CARTESIAN_POINT('',(7.998696508014,39.850694500029,
    201.71195340047));
#1256 = CARTESIAN_POINT('',(7.998138207303,39.825268116064,
    201.60903995297));
#1257 = CARTESIAN_POINT('',(7.997629731294,39.804628925489,
    201.50553669615));
#1258 = CARTESIAN_POINT('',(7.996332797228,39.755523031598,
    201.18338002793));
#1259 = CARTESIAN_POINT('',(7.995851188433,39.743395750525,
    200.96320455384));
#1260 = CARTESIAN_POINT('',(7.996137858414,39.752525737671,
    200.74263089005));
#1261 = CARTESIAN_POINT('',(7.997216956714,39.782891578242,
    200.52314493126));
#1262 = CARTESIAN_POINT('',(7.998731660926,39.834359974633,
    200.30618483083));
#1263 = CARTESIAN_POINT('',(8.,39.906740007089,200.09314351184));
#1264 = CARTESIAN_POINT('',(8.,40.,199.88544413797));
#1265 = PCURVE('',#33,#1266);
#1266 = DEFINITIONAL_REPRESENTATION('',(#1267),#1282);
#1267 = B_SPLINE_CURVE_WITH_KNOTS('',7,(#1268,#1269,#1270,#1271,#1272,
    #1273,#1274,#1275,#1276,#1277,#1278,#1279,#1280,#1281),
  .UNSPECIFIED.,.F.,.F.,(8,6,8),(0.,0.322629229938,1.),.UNSPECIFIED.);
#1268 = CARTESIAN_POINT('',(-6.28318530718,-43.11455586202));
#1269 = CARTESIAN_POINT('',(-6.277630274465,-43.01558293434));
#1270 = CARTESIAN_POINT('',(-6.272667129617,-42.9153836644));
#1271 = CARTESIAN_POINT('',(-6.268296894828,-42.81412056037));
#1272 = CARTESIAN_POINT('',(-6.264521270792,-42.71195340047));
#1273 = CARTESIAN_POINT('',(-6.261342219201,-42.60903995297));
#1274 = CARTESIAN_POINT('',(-6.25876154524,-42.50553669615));
#1275 = CARTESIAN_POINT('',(-6.252621168047,-42.18338002793));
#1276 = CARTESIAN_POINT('',(-6.251104196598,-41.96320455384));
#1277 = CARTESIAN_POINT('',(-6.252245875677,-41.74263089005));
#1278 = CARTESIAN_POINT('',(-6.256044169517,-41.52314493125));
#1279 = CARTESIAN_POINT('',(-6.262480303667,-41.30618483083));
#1280 = CARTESIAN_POINT('',(-6.271527808066,-41.09314351184));
#1281 = CARTESIAN_POINT('',(-6.28318530718,-40.88544413797));
#1282 = ( GEOMETRIC_REPRESENTATION_CONTEXT(2) 
PARAMETRIC_REPRESENTATION_CONTEXT() REPRESENTATION_CONTEXT('2D SPACE',''
  ) );
#1283 = PCURVE('',#968,#1284);
#1284 = DEFINITIONAL_REPRESENTATION('',(#1285),#1300);
#1285 = B_SPLINE_CURVE_WITH_KNOTS('',7,(#1286,#1287,#1288,#1289,#1290,
    #1291,#1292,#1293,#1294,#1295,#1296,#1297,#1298,#1299),
  .UNSPECIFIED.,.F.,.F.,(8,6,8),(0.,0.322629229938,1.),.UNSPECIFIED.);
#1286 = CARTESIAN_POINT('',(-1.183975920575,-0.517540966287));
#1287 = CARTESIAN_POINT('',(-1.220332519611,-0.502341501604));
#1288 = CARTESIAN_POINT('',(-1.256454426597,-0.48849092428));
#1289 = CARTESIAN_POINT('',(-1.292379237532,-0.47609648917));
#1290 = CARTESIAN_POINT('',(-1.328140792575,-0.465250595987));
#1291 = CARTESIAN_POINT('',(-1.363770193731,-0.456029629442));
#1292 = CARTESIAN_POINT('',(-1.399296822533,-0.448492799369));
#1293 = CARTESIAN_POINT('',(-1.509183131358,-0.430478875131));
#1294 = CARTESIAN_POINT('',(-1.583304767264,-0.42587853649));
#1295 = CARTESIAN_POINT('',(-1.657339010038,-0.429270557666));
#1296 = CARTESIAN_POINT('',(-1.731513599861,-0.440670307523));
#1297 = CARTESIAN_POINT('',(-1.80607996297,-0.459696892201));
#1298 = CARTESIAN_POINT('',(-1.881320688907,-0.485644170145));
#1299 = CARTESIAN_POINT('',(-1.957616733015,-0.517540966287));
#1300 = ( GEOMETRIC_REPRESENTATION_CONTEXT(2) 
PARAMETRIC_REPRESENTATION_CONTEXT() REPRESENTATION_CONTEXT('2D SPACE',''
  ) );
#1301 = ORIENTED_EDGE('',*,*,#679,.F.);
#1302 = ORIENTED_EDGE('',*,*,#1303,.F.);
#1303 = EDGE_CURVE('',#24,#613,#1304,.T.);
#1304 = SURFACE_CURVE('',#1305,(#1386,#1470),.PCURVE_S1.);
#1305 = B_SPLINE_CURVE_WITH_KNOTS('',7,(#1306,#1307,#1308,#1309,#1310,
    #1311,#1312,#1313,#1314,#1315,#1316,#1317,#1318,#1319,#1320,#1321,
    #1322,#1323,#1324,#1325,#1326,#1327,#1328,#1329,#1330,#1331,#1332,
    #1333,#1334,#1335,#1336,#1337,#1338,#1339,#1340,#1341,#1342,#1343,
    #1344,#1345,#1346,#1347,#1348,#1349,#1350,#1351,#1352,#1353,#1354,
    #1355,#1356,#1357,#1358,#1359,#1360,#1361,#1362,#1363,#1364,#1365,
    #1366,#1367,#1368,#1369,#1370,#1371,#1372,#1373,#1374,#1375,#1376,
    #1377,#1378,#1379,#1380,#1381,#1382,#1383,#1384,#1385),
  .UNSPECIFIED.,.F.,.F.,(8,6,6,6,6,6,6,6,6,6,6,6,6,8),(0.,
    3.653060938294E-02,9.5418063484E-02,0.173874797686,0.264131297095,
    0.35547716157,0.447992647325,0.466066275403,0.503401745093,
    0.540737223192,0.700260491879,0.795781380568,0.896162720395,1.),
  .UNSPECIFIED.);
#1306 = CARTESIAN_POINT('',(7.961477903317,40.784136209468,158.9999994)
  );
#1307 = CARTESIAN_POINT('',(7.936169460711,41.041097441554,
    159.18492479104));
#1308 = CARTESIAN_POINT('',(7.901185111726,41.297106218953,
    159.36985059026));
#1309 = CARTESIAN_POINT('',(7.856568031277,41.551724313001,
    159.55477614866));
#1310 = CARTESIAN_POINT('',(7.802386016002,41.804517084186,
    159.73970156664));
#1311 = CARTESIAN_POINT('',(7.738731236092,42.055054578032,
    159.92462719102));
#1312 = CARTESIAN_POINT('',(7.665719987124,42.302912620985,
    160.1095531122));
#1313 = CARTESIAN_POINT('',(7.450941387377,42.94222987326,160.5925792122
    ));
#1314 = CARTESIAN_POINT('',(7.294438720367,43.328745476119,
    160.89068396123));
#1315 = CARTESIAN_POINT('',(7.114573743293,43.705466867988,
    161.18878557946));
#1316 = CARTESIAN_POINT('',(6.912091441036,44.070704697377,
    161.48688514193));
#1317 = CARTESIAN_POINT('',(6.687886372559,44.42284521503,
    161.78498654854));
#1318 = CARTESIAN_POINT('',(6.442996562544,44.760361370757,
    162.08309094502));
#1319 = CARTESIAN_POINT('',(5.826333983388,45.510113796506,
    162.77835499534));
#1320 = CARTESIAN_POINT('',(5.439418196338,45.909935036353,
    163.17553643601));
#1321 = CARTESIAN_POINT('',(5.020637787429,46.277887203628,
    163.57270483225));
#1322 = CARTESIAN_POINT('',(4.573169796761,46.610959737277,
    163.9698650533));
#1323 = CARTESIAN_POINT('',(4.100521717879,46.906541981105,
    164.3670337158));
#1324 = CARTESIAN_POINT('',(3.606488953767,47.162454747094,
    164.76421552318));
#1325 = CARTESIAN_POINT('',(2.506860394659,47.623819826249,
    165.61827672275));
#1326 = CARTESIAN_POINT('',(1.895583553981,47.8159265222,166.07520927978
    ));
#1327 = CARTESIAN_POINT('',(1.267485620311,47.950710304859,
    166.5321155499));
#1328 = CARTESIAN_POINT('',(0.629027385156,48.026496089216,
    166.98900503756));
#1329 = CARTESIAN_POINT('',(-1.317063486136E-02,48.042497904099,
    167.44591112533));
#1330 = CARTESIAN_POINT('',(-0.652434629545,47.998831629254,
    167.90284349247));
#1331 = CARTESIAN_POINT('',(-1.919439409588,47.793113254581,
    168.82215189615));
#1332 = CARTESIAN_POINT('',(-2.547051752179,47.629621779908,
    169.28460107406));
#1333 = CARTESIAN_POINT('',(-3.158095551001,47.407214572896,
    169.74702239357));
#1334 = CARTESIAN_POINT('',(-3.745972524855,47.127978993902,
    170.2094260854));
#1335 = CARTESIAN_POINT('',(-4.304438857066,46.794880880286,
    170.67184753723));
#1336 = CARTESIAN_POINT('',(-4.827707990126,46.41171562107,
    171.13429681444));
#1337 = CARTESIAN_POINT('',(-5.799638519344,45.549035798148,
    172.06504067848));
#1338 = CARTESIAN_POINT('',(-6.247342399791,45.068276168263,
    172.5334129317));
#1339 = CARTESIAN_POINT('',(-6.648267365929,44.545632418355,
    173.00175526527));
#1340 = CARTESIAN_POINT('',(-6.99779446994,43.986615919907,
    173.47007855736));
#1341 = CARTESIAN_POINT('',(-7.292115532093,43.397317038897,
    173.93842077738));
#1342 = CARTESIAN_POINT('',(-7.528297744252,42.784302125906,
    174.40679304082));
#1343 = CARTESIAN_POINT('',(-7.738814026275,42.031520832178,
    174.96661771027));
#1344 = CARTESIAN_POINT('',(-7.770926819623,41.907852472496,
    175.05811012348));
#1345 = CARTESIAN_POINT('',(-7.800733291124,41.783594446669,
    175.14960255001));
#1346 = CARTESIAN_POINT('',(-7.828220547801,41.658798383493,
    175.24109498606));
#1347 = CARTESIAN_POINT('',(-7.853377149267,41.533516228787,
    175.33258742913));
#1348 = CARTESIAN_POINT('',(-7.876193107722,41.407800245394,
    175.42407987798));
#1349 = CARTESIAN_POINT('',(-7.93893899482,41.021218545358,
    175.7045722255));
#1350 = CARTESIAN_POINT('',(-7.971193564831,40.759106452421,
    175.89357258149));
#1351 = CARTESIAN_POINT('',(-7.993348310269,40.495830706237,
    176.08257264456));
#1352 = CARTESIAN_POINT('',(-8.005354893612,40.231858411482,
    176.27157251376));
#1353 = CARTESIAN_POINT('',(-8.00719198467,39.967658535775,
    176.46057257296));
#1354 = CARTESIAN_POINT('',(-7.998865317721,39.703700639806,
    176.6495729205));
#1355 = CARTESIAN_POINT('',(-7.961950175409,39.17720651585,
    177.02757271977));
#1356 = CARTESIAN_POINT('',(-7.933361616524,38.914669098574,
    177.21657304277));
#1357 = CARTESIAN_POINT('',(-7.894674930734,38.653310199995,
    177.40557298517));
#1358 = CARTESIAN_POINT('',(-7.845949964705,38.393595678268,
    177.59457269316));
#1359 = CARTESIAN_POINT('',(-7.787273305373,38.135987071877,
    177.78357262476));
#1360 = CARTESIAN_POINT('',(-7.71875803229,37.880940266152,
    177.97257293292));
#1361 = CARTESIAN_POINT('',(-7.306356169454,36.552029681149,
    178.96911264304));
#1362 = CARTESIAN_POINT('',(-6.794842841912,35.529293509799,
    179.77726379489));
#1363 = CARTESIAN_POINT('',(-6.1168348803,34.597282834442,
    180.58490425549));
#1364 = CARTESIAN_POINT('',(-5.292695845065,33.787720628578,
    181.39236134511));
#1365 = CARTESIAN_POINT('',(-4.348729393743,33.126451251078,
    182.19999875739));
#1366 = CARTESIAN_POINT('',(-3.31702400556,32.633271151726,
    183.00814795264));
#1367 = CARTESIAN_POINT('',(-1.58606510609,32.129788054666,
    184.29923401268));
#1368 = CARTESIAN_POINT('',(-0.919144806181,32.005032801647,
    184.78282803201));
#1369 = CARTESIAN_POINT('',(-0.241242610938,31.946338979304,
    185.26638570272));
#1370 = CARTESIAN_POINT('',(0.43978020381,31.954737571951,
    185.74992432203));
#1371 = CARTESIAN_POINT('',(1.116028880113,32.030131287139,
    186.23348195128));
#1372 = CARTESIAN_POINT('',(1.779669768264,32.171295514766,
    186.71707600744));
#1373 = CARTESIAN_POINT('',(3.099296602266,32.590697155298,
    187.70877379301));
#1374 = CARTESIAN_POINT('',(3.753324883227,32.875591567533,
    188.21698536924));
#1375 = CARTESIAN_POINT('',(4.376357817731,33.227700311919,
    188.72514982776));
#1376 = CARTESIAN_POINT('',(4.960176841934,33.642862535756,
    189.23329020958));
#1377 = CARTESIAN_POINT('',(5.497311400261,34.115765793534,
    189.74145470142));
#1378 = CARTESIAN_POINT('',(5.981132914115,34.640013295354,
    190.24966628546));
#1379 = CARTESIAN_POINT('',(6.845731179915,35.795879103797,
    191.28346238363));
#1380 = CARTESIAN_POINT('',(7.222501433733,36.43072582244,
    191.80917966021));
#1381 = CARTESIAN_POINT('',(7.530245856235,37.104506848166,
    192.33484113965));
#1382 = CARTESIAN_POINT('',(7.764294605151,37.808148793694,
    192.86047455973));
#1383 = CARTESIAN_POINT('',(7.921444381831,38.532020926126,
    193.38613632036));
#1384 = CARTESIAN_POINT('',(8.000000000004,39.266060640063,
    193.91185402402));
#1385 = CARTESIAN_POINT('',(8.,40.,194.4374997606));
#1386 = PCURVE('',#33,#1387);
#1387 = DEFINITIONAL_REPRESENTATION('',(#1388),#1469);
#1388 = B_SPLINE_CURVE_WITH_KNOTS('',7,(#1389,#1390,#1391,#1392,#1393,
    #1394,#1395,#1396,#1397,#1398,#1399,#1400,#1401,#1402,#1403,#1404,
    #1405,#1406,#1407,#1408,#1409,#1410,#1411,#1412,#1413,#1414,#1415,
    #1416,#1417,#1418,#1419,#1420,#1421,#1422,#1423,#1424,#1425,#1426,
    #1427,#1428,#1429,#1430,#1431,#1432,#1433,#1434,#1435,#1436,#1437,
    #1438,#1439,#1440,#1441,#1442,#1443,#1444,#1445,#1446,#1447,#1448,
    #1449,#1450,#1451,#1452,#1453,#1454,#1455,#1456,#1457,#1458,#1459,
    #1460,#1461,#1462,#1463,#1464,#1465,#1466,#1467,#1468),
  .UNSPECIFIED.,.F.,.F.,(8,6,6,6,6,6,6,6,6,6,6,6,6,8),(0.,
    3.653060938294E-02,9.5418063484E-02,0.173874797686,0.264131297095,
    0.35547716157,0.447992647325,0.466066275403,0.503401745093,
    0.540737223192,0.700260491879,0.795781380568,0.896162720395,1.),
  .UNSPECIFIED.);
#1389 = CARTESIAN_POINT('',(-9.817465572633E-02,5.999999999062E-07));
#1390 = CARTESIAN_POINT('',(-0.130450225062,-0.184924791049));
#1391 = CARTESIAN_POINT('',(-0.162725861371,-0.369850590262));
#1392 = CARTESIAN_POINT('',(-0.195001436623,-0.554776148668));
#1393 = CARTESIAN_POINT('',(-0.227276967215,-0.739701566643));
#1394 = CARTESIAN_POINT('',(-0.259552520521,-0.924627191021));
#1395 = CARTESIAN_POINT('',(-0.291828121457,-1.109553112204));
#1396 = CARTESIAN_POINT('',(-0.376131924378,-1.592579212206));
#1397 = CARTESIAN_POINT('',(-0.428160926003,-1.890683961231));
#1398 = CARTESIAN_POINT('',(-0.480189419333,-2.188785579466));
#1399 = CARTESIAN_POINT('',(-0.532217606022,-2.486885141938));
#1400 = CARTESIAN_POINT('',(-0.584246164725,-2.784986548546));
#1401 = CARTESIAN_POINT('',(-0.63627528185,-3.083090945029));
#1402 = CARTESIAN_POINT('',(-0.757621985326,-3.778354995341));
#1403 = CARTESIAN_POINT('',(-0.826943388292,-4.175536436012));
#1404 = CARTESIAN_POINT('',(-0.896262502047,-4.572704832256));
#1405 = CARTESIAN_POINT('',(-0.965580130648,-4.969865053302));
#1406 = CARTESIAN_POINT('',(-1.03489916194,-5.3670337158));
#1407 = CARTESIAN_POINT('',(-1.104220438824,-5.764215523188));
#1408 = CARTESIAN_POINT('',(-1.253282124056,-6.618276722758));
#1409 = CARTESIAN_POINT('',(-1.333031802899,-7.075209279789));
#1410 = CARTESIAN_POINT('',(-1.412776892777,-7.532115549904));
#1411 = CARTESIAN_POINT('',(-1.49251909713,-7.989005037566));
#1412 = CARTESIAN_POINT('',(-1.572264249663,-8.445911125333));
#1413 = CARTESIAN_POINT('',(-1.652014009691,-8.902843492474));
#1414 = CARTESIAN_POINT('',(-1.812463630013,-9.822151896151));
#1415 = CARTESIAN_POINT('',(-1.893176255659,-10.28460107406));
#1416 = CARTESIAN_POINT('',(-1.973883996256,-10.74702239357));
#1417 = CARTESIAN_POINT('',(-2.054588616545,-11.2094260854));
#1418 = CARTESIAN_POINT('',(-2.13529631192,-11.67184753723));
#1419 = CARTESIAN_POINT('',(-2.216008888302,-12.13429681444));
#1420 = CARTESIAN_POINT('',(-2.378454332533,-13.06504067848));
#1421 = CARTESIAN_POINT('',(-2.460200757091,-13.5334129317));
#1422 = CARTESIAN_POINT('',(-2.541942031655,-14.00175526527));
#1423 = CARTESIAN_POINT('',(-2.623680059387,-14.47007855736));
#1424 = CARTESIAN_POINT('',(-2.705421400746,-14.93842077738));
#1425 = CARTESIAN_POINT('',(-2.787167895337,-15.40679304082));
#1426 = CARTESIAN_POINT('',(-2.884875749197,-15.96661771027));
#1427 = CARTESIAN_POINT('',(-2.900844186624,-16.05811012348));
#1428 = CARTESIAN_POINT('',(-2.916812622447,-16.14960255001));
#1429 = CARTESIAN_POINT('',(-2.932781056018,-16.24109498606));
#1430 = CARTESIAN_POINT('',(-2.948749487033,-16.33258742913));
#1431 = CARTESIAN_POINT('',(-2.964717915542,-16.42407987798));
#1432 = CARTESIAN_POINT('',(-3.013673006114,-16.7045722255));
#1433 = CARTESIAN_POINT('',(-3.046659737955,-16.89357258149));
#1434 = CARTESIAN_POINT('',(-3.079646408276,-17.08257264456));
#1435 = CARTESIAN_POINT('',(-3.11263304088,-17.27157251376));
#1436 = CARTESIAN_POINT('',(-3.145619710714,-17.46057257296));
#1437 = CARTESIAN_POINT('',(-3.178606442008,-17.6495729205));
#1438 = CARTESIAN_POINT('',(-3.244579778276,-18.02757271977));
#1439 = CARTESIAN_POINT('',(-3.277566532498,-18.21657304277));
#1440 = CARTESIAN_POINT('',(-3.310553245777,-18.40557298517));
#1441 = CARTESIAN_POINT('',(-3.343539931297,-18.59457269316));
#1442 = CARTESIAN_POINT('',(-3.376526647163,-18.78357262476));
#1443 = CARTESIAN_POINT('',(-3.409513404822,-18.97257293292));
#1444 = CARTESIAN_POINT('',(-3.583442208477,-19.96911264304));
#1445 = CARTESIAN_POINT('',(-3.724490699742,-20.77726379489));
#1446 = CARTESIAN_POINT('',(-3.86544994944,-21.58490425549));
#1447 = CARTESIAN_POINT('',(-4.006378785038,-22.39236134511));
#1448 = CARTESIAN_POINT('',(-4.147338556928,-23.19999875739));
#1449 = CARTESIAN_POINT('',(-4.28838746221,-24.00814795264));
#1450 = CARTESIAN_POINT('',(-4.513724499385,-25.29923401268));
#1451 = CARTESIAN_POINT('',(-4.598127497693,-25.78282803201));
#1452 = CARTESIAN_POINT('',(-4.682524084031,-26.26638570272));
#1453 = CARTESIAN_POINT('',(-4.766917330815,-26.74992432203));
#1454 = CARTESIAN_POINT('',(-4.851313928648,-27.23348195128));
#1455 = CARTESIAN_POINT('',(-4.935716928108,-27.71707600744));
#1456 = CARTESIAN_POINT('',(-5.108800755211,-28.70877379301));
#1457 = CARTESIAN_POINT('',(-5.197500409911,-29.21698536924));
#1458 = CARTESIAN_POINT('',(-5.286191886516,-29.72514982776));
#1459 = CARTESIAN_POINT('',(-5.374879182852,-30.23329020958));
#1460 = CARTESIAN_POINT('',(-5.463570693206,-30.74145470141));
#1461 = CARTESIAN_POINT('',(-5.552270424702,-31.24966628546));
#1462 = CARTESIAN_POINT('',(-5.732702022213,-32.28346238363));
#1463 = CARTESIAN_POINT('',(-5.824457059553,-32.80917966021));
#1464 = CARTESIAN_POINT('',(-5.916202337435,-33.33484113964));
#1465 = CARTESIAN_POINT('',(-6.007942692751,-33.86047455974));
#1466 = CARTESIAN_POINT('',(-6.099687924192,-34.38613632036));
#1467 = CARTESIAN_POINT('',(-6.191442887188,-34.91185402402));
#1468 = CARTESIAN_POINT('',(-6.28318530718,-35.4374997606));
#1469 = ( GEOMETRIC_REPRESENTATION_CONTEXT(2) 
PARAMETRIC_REPRESENTATION_CONTEXT() REPRESENTATION_CONTEXT('2D SPACE',''
  ) );
#1470 = PCURVE('',#634,#1471);
#1471 = DEFINITIONAL_REPRESENTATION('',(#1472),#1553);
#1472 = B_SPLINE_CURVE_WITH_KNOTS('',7,(#1473,#1474,#1475,#1476,#1477,
    #1478,#1479,#1480,#1481,#1482,#1483,#1484,#1485,#1486,#1487,#1488,
    #1489,#1490,#1491,#1492,#1493,#1494,#1495,#1496,#1497,#1498,#1499,
    #1500,#1501,#1502,#1503,#1504,#1505,#1506,#1507,#1508,#1509,#1510,
    #1511,#1512,#1513,#1514,#1515,#1516,#1517,#1518,#1519,#1520,#1521,
    #1522,#1523,#1524,#1525,#1526,#1527,#1528,#1529,#1530,#1531,#1532,
    #1533,#1534,#1535,#1536,#1537,#1538,#1539,#1540,#1541,#1542,#1543,
    #1544,#1545,#1546,#1547,#1548,#1549,#1550,#1551,#1552),
  .UNSPECIFIED.,.F.,.F.,(8,6,6,6,6,6,6,6,6,6,6,6,6,8),(0.,
    3.653060938294E-02,9.5418063484E-02,0.173874797686,0.264131297095,
    0.35547716157,0.447992647325,0.466066275403,0.503401745093,
    0.540737223192,0.700260491879,0.795781380568,0.896162720395,1.),
  .UNSPECIFIED.);
#1473 = CARTESIAN_POINT('',(12.036564836869,0.367979063349));
#1474 = CARTESIAN_POINT('',(12.036564871692,0.555699941404));
#1475 = CARTESIAN_POINT('',(12.036565182048,0.743421315281));
#1476 = CARTESIAN_POINT('',(12.036565576422,0.931142475612));
#1477 = CARTESIAN_POINT('',(12.036565931176,1.118863492416));
#1478 = CARTESIAN_POINT('',(12.036566179258,1.306584699917));
#1479 = CARTESIAN_POINT('',(12.036566298909,1.494306181361));
#1480 = CARTESIAN_POINT('',(12.036566307953,1.984634197042));
#1481 = CARTESIAN_POINT('',(12.036565999188,2.287245319607));
#1482 = CARTESIAN_POINT('',(12.03656544295,2.58985317029));
#1483 = CARTESIAN_POINT('',(12.036564817801,2.892458855604));
#1484 = CARTESIAN_POINT('',(12.036564323642,3.195066364042));
#1485 = CARTESIAN_POINT('',(12.036564091364,3.4976768903));
#1486 = CARTESIAN_POINT('',(12.036564094025,4.203450523301));
#1487 = CARTESIAN_POINT('',(12.036564521928,4.606635750629));
#1488 = CARTESIAN_POINT('',(12.03656541166,5.009807801743));
#1489 = CARTESIAN_POINT('',(12.036566452259,5.412971661107));
#1490 = CARTESIAN_POINT('',(12.036567274302,5.816144203821));
#1491 = CARTESIAN_POINT('',(12.036567645309,6.219330178535));
#1492 = CARTESIAN_POINT('',(12.036567488942,7.086302265911));
#1493 = CARTESIAN_POINT('',(12.036566820553,7.550142363037));
#1494 = CARTESIAN_POINT('',(12.036565517715,8.013955787555));
#1495 = CARTESIAN_POINT('',(12.036563984901,8.477752101173));
#1496 = CARTESIAN_POINT('',(12.036562752748,8.94156513402));
#1497 = CARTESIAN_POINT('',(12.036562190035,9.405404709096));
#1498 = CARTESIAN_POINT('',(12.03656232203,10.338609630521));
#1499 = CARTESIAN_POINT('',(12.036563031731,10.808049222016));
#1500 = CARTESIAN_POINT('',(12.036564411781,11.277460475649));
#1501 = CARTESIAN_POINT('',(12.036566055197,11.746853867526));
#1502 = CARTESIAN_POINT('',(12.036567408225,12.216265404819));
#1503 = CARTESIAN_POINT('',(12.036568066893,12.685705342442));
#1504 = CARTESIAN_POINT('',(12.036568099061,13.630519135992));
#1505 = CARTESIAN_POINT('',(12.03656745944,14.105971834959));
#1506 = CARTESIAN_POINT('',(12.036566123645,14.58139426666));
#1507 = CARTESIAN_POINT('',(12.036564577905,15.056797371629));
#1508 = CARTESIAN_POINT('',(12.036563420946,15.532219577296));
#1509 = CARTESIAN_POINT('',(12.036562994849,16.007672103008));
#1510 = CARTESIAN_POINT('',(12.036563073735,16.57595934635));
#1511 = CARTESIAN_POINT('',(12.036563105908,16.668834797172));
#1512 = CARTESIAN_POINT('',(12.036563155928,16.761710256966));
#1513 = CARTESIAN_POINT('',(12.036563221979,16.854585722313));
#1514 = CARTESIAN_POINT('',(12.036563301863,16.947461191206));
#1515 = CARTESIAN_POINT('',(12.036563392997,17.040336663045));
#1516 = CARTESIAN_POINT('',(12.036563697799,17.325068997103));
#1517 = CARTESIAN_POINT('',(12.036563938983,17.516926316443));
#1518 = CARTESIAN_POINT('',(12.036564190841,17.708783335223));
#1519 = CARTESIAN_POINT('',(12.036564425948,17.900640161946));
#1520 = CARTESIAN_POINT('',(12.036564621539,18.09249719393));
#1521 = CARTESIAN_POINT('',(12.03656476646,18.284354536175));
#1522 = CARTESIAN_POINT('',(12.036564969777,18.668068347506));
#1523 = CARTESIAN_POINT('',(12.036565029193,18.859925699212));
#1524 = CARTESIAN_POINT('',(12.036565045904,19.051782688044));
#1525 = CARTESIAN_POINT('',(12.03656505068,19.243639449851));
#1526 = CARTESIAN_POINT('',(12.036565079018,19.435496430446));
#1527 = CARTESIAN_POINT('',(12.036565144646,19.627353772399));
#1528 = CARTESIAN_POINT('',(12.036565505117,20.638957657343));
#1529 = CARTESIAN_POINT('',(12.036566130659,21.459324910821));
#1530 = CARTESIAN_POINT('',(12.036564308848,22.279173706763));
#1531 = CARTESIAN_POINT('',(12.036563600228,23.098837336343));
#1532 = CARTESIAN_POINT('',(12.036566059179,23.918683815396));
#1533 = CARTESIAN_POINT('',(12.036566983714,24.739049795697));
#1534 = CARTESIAN_POINT('',(12.036566885128,26.049652904602));
#1535 = CARTESIAN_POINT('',(12.036566450499,26.54055724368));
#1536 = CARTESIAN_POINT('',(12.036565556273,27.031424615298));
#1537 = CARTESIAN_POINT('',(12.036564358673,27.522272587418));
#1538 = CARTESIAN_POINT('',(12.036563346834,28.01313982486));
#1539 = CARTESIAN_POINT('',(12.036562809144,28.504044047012));
#1540 = CARTESIAN_POINT('',(12.036562780164,29.510732733676));
#1541 = CARTESIAN_POINT('',(12.036563343798,30.026626679039));
#1542 = CARTESIAN_POINT('',(12.036564540387,30.542472866473));
#1543 = CARTESIAN_POINT('',(12.036566142921,31.058294707208));
#1544 = CARTESIAN_POINT('',(12.036567503149,31.574141098514));
#1545 = CARTESIAN_POINT('',(12.036568207517,32.090035293603));
#1546 = CARTESIAN_POINT('',(12.036568156818,33.139459121271));
#1547 = CARTESIAN_POINT('',(12.036567353311,33.673123519372));
#1548 = CARTESIAN_POINT('',(12.036565671464,34.206731147953));
#1549 = CARTESIAN_POINT('',(12.0365634714,34.740310123424));
#1550 = CARTESIAN_POINT('',(12.036561486878,35.273917724381));
#1551 = CARTESIAN_POINT('',(12.036560691935,35.807582268658));
#1552 = CARTESIAN_POINT('',(12.036561114597,36.341173984893));
#1553 = ( GEOMETRIC_REPRESENTATION_CONTEXT(2) 
PARAMETRIC_REPRESENTATION_CONTEXT() REPRESENTATION_CONTEXT('2D SPACE',''
  ) );
#1554 = FACE_BOUND('',#1555,.F.);
#1555 = EDGE_LOOP('',(#1556));
#1556 = ORIENTED_EDGE('',*,*,#1557,.F.);
#1557 = EDGE_CURVE('',#1558,#1558,#1560,.T.);
#1558 = VERTEX_POINT('',#1559);
#1559 = CARTESIAN_POINT('',(-5.142300877492,46.128355544952,226.912));
#1560 = SURFACE_CURVE('',#1561,(#1718,#1878),.PCURVE_S1.);
#1561 = B_SPLINE_CURVE_WITH_KNOTS('',8,(#1562,#1563,#1564,#1565,#1566,
    #1567,#1568,#1569,#1570,#1571,#1572,#1573,#1574,#1575,#1576,#1577,
    #1578,#1579,#1580,#1581,#1582,#1583,#1584,#1585,#1586,#1587,#1588,
    #1589,#1590,#1591,#1592,#1593,#1594,#1595,#1596,#1597,#1598,#1599,
    #1600,#1601,#1602,#1603,#1604,#1605,#1606,#1607,#1608,#1609,#1610,
    #1611,#1612,#1613,#1614,#1615,#1616,#1617,#1618,#1619,#1620,#1621,
    #1622,#1623,#1624,#1625,#1626,#1627,#1628,#1629,#1630,#1631,#1632,
    #1633,#1634,#1635,#1636,#1637,#1638,#1639,#1640,#1641,#1642,#1643,
    #1644,#1645,#1646,#1647,#1648,#1649,#1650,#1651,#1652,#1653,#1654,
    #1655,#1656,#1657,#1658,#1659,#1660,#1661,#1662,#1663,#1664,#1665,
    #1666,#1667,#1668,#1669,#1670,#1671,#1672,#1673,#1674,#1675,#1676,
    #1677,#1678,#1679,#1680,#1681,#1682,#1683,#1684,#1685,#1686,#1687,
    #1688,#1689,#1690,#1691,#1692,#1693,#1694,#1695,#1696,#1697,#1698,
    #1699,#1700,#1701,#1702,#1703,#1704,#1705,#1706,#1707,#1708,#1709,
    #1710,#1711,#1712,#1713,#1714,#1715,#1716,#1717),.UNSPECIFIED.,.T.,
  .F.,(9,7,7,7,7,7,7,7,7,7,7,7,7,7,7,7,7,7,7,7,7,7,9),(0.,
    4.181538955822E-02,6.727050796166E-02,9.953763142158E-02,
    0.125209957443,0.238680688917,0.374510307333,0.400178274846,
    0.432448577584,0.457911162639,0.471742129417,0.499755680542,
    0.527774949056,0.541612766018,0.56709439468,0.599401420741,
    0.625112408699,0.736042727503,0.874228513992,0.900007977561,
    0.932392313213,0.958155461928,1.),.UNSPECIFIED.);
#1562 = CARTESIAN_POINT('',(-5.142300877492,46.128355544952,
    226.91199999999));
#1563 = CARTESIAN_POINT('',(-5.231178683307,46.053778210873,
    226.91199999999));
#1564 = CARTESIAN_POINT('',(-5.31884319656,45.977708668297,
    226.9068861511));
#1565 = CARTESIAN_POINT('',(-5.404821024735,45.90054177079,
    226.89665428117));
#1566 = CARTESIAN_POINT('',(-5.488729207768,45.822668144262,
    226.88140123346));
#1567 = CARTESIAN_POINT('',(-5.570263746174,45.744469489723,
    226.86129929749));
#1568 = CARTESIAN_POINT('',(-5.64918920041,45.666313869178,
    226.83657615666));
#1569 = CARTESIAN_POINT('',(-5.725329361496,45.588550974689,
    226.80750035267));
#1570 = CARTESIAN_POINT('',(-5.843137531001,45.464607092635,
    226.75420554446));
#1571 = CARTESIAN_POINT('',(-5.886648614245,45.41796161404,
    226.73253200795));
#1572 = CARTESIAN_POINT('',(-5.929071935523,45.371635698036,
    226.70941423471));
#1573 = CARTESIAN_POINT('',(-5.970395749819,45.325688121913,
    226.68491581847));
#1574 = CARTESIAN_POINT('',(-6.01061575421,45.280171848283,
    226.65910026778));
#1575 = CARTESIAN_POINT('',(-6.0497339679,45.235134186368,
    226.63202990456));
#1576 = CARTESIAN_POINT('',(-6.087757612243,45.190616953282,
    226.60376476273));
#1577 = CARTESIAN_POINT('',(-6.171523927139,45.090932164323,
    226.53708964525));
#1578 = CARTESIAN_POINT('',(-6.216607073685,45.036105139894,
    226.49799079152));
#1579 = CARTESIAN_POINT('',(-6.259973383097,44.982247278275,
    226.45717925754));
#1580 = CARTESIAN_POINT('',(-6.301655297,44.929421294141,226.41476358734
    ));
#1581 = CARTESIAN_POINT('',(-6.341690442306,44.877681452065,
    226.37084561206));
#1582 = CARTESIAN_POINT('',(-6.380120327569,44.827074117991,
    226.32551952492));
#1583 = CARTESIAN_POINT('',(-6.416989039333,44.777638310706,
    226.27887095637));
#1584 = CARTESIAN_POINT('',(-6.48046936528,44.691031927696,
    226.19286996638));
#1585 = CARTESIAN_POINT('',(-6.507636244232,44.653421033525,
    226.15397632086));
#1586 = CARTESIAN_POINT('',(-6.533865274375,44.616590262294,
    226.11433419872));
#1587 = CARTESIAN_POINT('',(-6.559178690315,44.580555128463,
    226.07398046462));
#1588 = CARTESIAN_POINT('',(-6.583598262229,44.545329969442,
    226.03294976175));
#1589 = CARTESIAN_POINT('',(-6.607145295864,44.510927945602,
    225.99127451177));
#1590 = CARTESIAN_POINT('',(-6.629840632543,44.477361040264,
    225.94898491483));
#1591 = CARTESIAN_POINT('',(-6.748342793915,44.300014535903,
    225.71659876894));
#1592 = CARTESIAN_POINT('',(-6.828670041614,44.172019924844,
    225.51576906416));
#1593 = CARTESIAN_POINT('',(-6.894593499929,44.061383668055,
    225.30582912424));
#1594 = CARTESIAN_POINT('',(-6.947376086077,43.96900863884,
    225.08864852899));
#1595 = CARTESIAN_POINT('',(-6.988045442969,43.895638733318,
    224.86594927258));
#1596 = CARTESIAN_POINT('',(-7.017303075837,43.841851818806,
    224.63930005447));
#1597 = CARTESIAN_POINT('',(-7.035586765687,43.807986748139,
    224.41016627329));
#1598 = CARTESIAN_POINT('',(-7.051870561098,43.777760120033,
    223.90423683864));
#1599 = CARTESIAN_POINT('',(-7.045137514097,43.790151707963,
    223.62774855962));
#1600 = CARTESIAN_POINT('',(-7.023143329356,43.831419531717,
    223.35269681435));
#1601 = CARTESIAN_POINT('',(-6.985497030893,43.901320640459,
    223.08155264862));
#1602 = CARTESIAN_POINT('',(-6.931317138623,43.999033658108,
    222.81691425996));
#1603 = CARTESIAN_POINT('',(-6.859004603075,44.123378510888,
    222.56164434278));
#1604 = CARTESIAN_POINT('',(-6.766609582292,44.272748242553,
    222.31882705279));
#1605 = CARTESIAN_POINT('',(-6.628983508273,44.478630020559,
    222.0494107789));
#1606 = CARTESIAN_POINT('',(-6.606279101081,44.512196466599,
    222.00717673675));
#1607 = CARTESIAN_POINT('',(-6.582723837742,44.54659629861,
    221.96555686056));
#1608 = CARTESIAN_POINT('',(-6.55829691295,44.581817543277,
    221.92458131975));
#1609 = CARTESIAN_POINT('',(-6.532977062271,44.617847049127,
    221.88428250229));
#1610 = CARTESIAN_POINT('',(-6.506742562141,44.654670486531,
    221.84469501464));
#1611 = CARTESIAN_POINT('',(-6.479571229873,44.692272347699,
    221.80585568182));
#1612 = CARTESIAN_POINT('',(-6.41607378885,44.778867461428,
    221.7199636123));
#1613 = CARTESIAN_POINT('',(-6.379192222871,44.828300700076,
    221.67337010098));
#1614 = CARTESIAN_POINT('',(-6.34075044698,44.87890341955,
    221.62809913657));
#1615 = CARTESIAN_POINT('',(-6.300704470475,44.930636577024,
    221.58423631896));
#1616 = CARTESIAN_POINT('',(-6.259012896599,44.983453778759,
    221.54187579728));
#1617 = CARTESIAN_POINT('',(-6.215638228443,45.037300728942,
    221.5011193424));
#1618 = CARTESIAN_POINT('',(-6.170548174857,45.092114678526,
    221.46207541947));
#1619 = CARTESIAN_POINT('',(-6.086765214881,45.191780701531,
    221.39549240398));
#1620 = CARTESIAN_POINT('',(-6.048730793023,45.236293296762,
    221.3672649652));
#1621 = CARTESIAN_POINT('',(-6.009602466942,45.281325132557,
    221.34023257251));
#1622 = CARTESIAN_POINT('',(-5.969373102478,45.326834352593,
    221.3144552314));
#1623 = CARTESIAN_POINT('',(-5.928040774968,45.372773611124,
    221.289995222));
#1624 = CARTESIAN_POINT('',(-5.885609889051,45.419089912674,
    221.26691599666));
#1625 = CARTESIAN_POINT('',(-5.842092298482,45.465724451738,
    221.24528107758));
#1626 = CARTESIAN_POINT('',(-5.773291008159,45.538081444688,
    221.21421960244));
#1627 = CARTESIAN_POINT('',(-5.748759164539,45.563625117136,
    221.20373078733));
#1628 = CARTESIAN_POINT('',(-5.723916237673,45.589232904826,
    221.19369672431));
#1629 = CARTESIAN_POINT('',(-5.6987664406,45.614893770543,
    221.18412732346));
#1630 = CARTESIAN_POINT('',(-5.6733148568,45.640596204853,
    221.17503218968));
#1631 = CARTESIAN_POINT('',(-5.647567440195,45.666328226104,
    221.16642062272));
#1632 = CARTESIAN_POINT('',(-5.621531015148,45.692077380423,
    221.15830161716));
#1633 = CARTESIAN_POINT('',(-5.541908736727,45.769992178787,
    221.13525469059));
#1634 = CARTESIAN_POINT('',(-5.487445140769,45.822176078202,
    221.12188003649));
#1635 = CARTESIAN_POINT('',(-5.431893451612,45.874268928554,
    221.11063291863));
#1636 = CARTESIAN_POINT('',(-5.375335873033,45.926155807786,
    221.10157555052));
#1637 = CARTESIAN_POINT('',(-5.317866717211,45.977721092598,
    221.09475738914));
#1638 = CARTESIAN_POINT('',(-5.259593272376,46.028849167867,
    221.09021318351));
#1639 = CARTESIAN_POINT('',(-5.200636670463,46.079425136056,
    221.08796102309));
#1640 = CARTESIAN_POINT('',(-5.081616694678,46.179256103593,
    221.08803975774));
#1641 = CARTESIAN_POINT('',(-5.021543768455,46.228518655496,
    221.09037159493));
#1642 = CARTESIAN_POINT('',(-4.961049530171,46.27700924738,
    221.09499597423));
#1643 = CARTESIAN_POINT('',(-4.900268302972,46.324628748655,
    221.10189436426));
#1644 = CARTESIAN_POINT('',(-4.839332631297,46.37129184271,
    221.11103159457));
#1645 = CARTESIAN_POINT('',(-4.778372733119,46.416926036525,
    221.12235782425));
#1646 = CARTESIAN_POINT('',(-4.717515952175,46.46147067028,
    221.13581051048));
#1647 = CARTESIAN_POINT('',(-4.626943127592,46.526312389408,
    221.15897422677));
#1648 = CARTESIAN_POINT('',(-4.597053962083,46.547471932115,
    221.16713329386));
#1649 = CARTESIAN_POINT('',(-4.567232770808,46.568349258908,
    221.17578485061));
#1650 = CARTESIAN_POINT('',(-4.537492992278,46.588939848579,
    221.18491986746));
#1651 = CARTESIAN_POINT('',(-4.507847446379,46.609239954891,
    221.1945290131));
#1652 = CARTESIAN_POINT('',(-4.47830833437,46.629246606578,
    221.20460265448));
#1653 = CARTESIAN_POINT('',(-4.448887238892,46.648957607343,
    221.21513085679));
#1654 = CARTESIAN_POINT('',(-4.365655199937,46.704121287342,
    221.24630872745));
#1655 = CARTESIAN_POINT('',(-4.312153107442,46.738863127273,
    221.26802090396));
#1656 = CARTESIAN_POINT('',(-4.259156099852,46.772588411325,
    221.29117724779));
#1657 = CARTESIAN_POINT('',(-4.206724054271,46.805295881688,
    221.31571409374));
#1658 = CARTESIAN_POINT('',(-4.154909825832,46.836990592135,
    221.34156787718));
#1659 = CARTESIAN_POINT('',(-4.103759602005,46.867682833085,
    221.36867623443));
#1660 = CARTESIAN_POINT('',(-4.053313256907,46.897387056673,
    221.39697910323));
#1661 = CARTESIAN_POINT('',(-3.940581439565,46.962551042012,
    221.46374640543));
#1662 = CARTESIAN_POINT('',(-3.878747070876,46.997419590031,
    221.5029002497));
#1663 = CARTESIAN_POINT('',(-3.818167652946,47.030764621888,
    221.54376692386));
#1664 = CARTESIAN_POINT('',(-3.758899254334,47.062629118925,
    221.58623780493));
#1665 = CARTESIAN_POINT('',(-3.700988728129,47.093059682016,
    221.63021100148));
#1666 = CARTESIAN_POINT('',(-3.644474481321,47.122105345767,
    221.67559227609));
#1667 = CARTESIAN_POINT('',(-3.589387244179,47.149816392723,
    221.72229596769));
#1668 = CARTESIAN_POINT('',(-3.493065234676,47.197274459294,
    221.80840604951));
#1669 = CARTESIAN_POINT('',(-3.451300120155,47.217491598866,
    221.84735411413));
#1670 = CARTESIAN_POINT('',(-3.410467987958,47.236919896362,
    221.88705097883));
#1671 = CARTESIAN_POINT('',(-3.370580253481,47.255583995052,
    221.9274597391));
#1672 = CARTESIAN_POINT('',(-3.331647255623,47.273507871403,
    221.96854571489));
#1673 = CARTESIAN_POINT('',(-3.293678256785,47.290714835079,
    222.01027645068));
#1674 = CARTESIAN_POINT('',(-3.256681442872,47.307227528936,
    222.05262171544));
#1675 = CARTESIAN_POINT('',(-3.065265969085,47.391411496197,
    222.28078313487));
#1676 = CARTESIAN_POINT('',(-2.92820515762,47.447192912802,
    222.47680421127));
#1677 = CARTESIAN_POINT('',(-2.809844810907,47.492276976326,
    222.68155582053));
#1678 = CARTESIAN_POINT('',(-2.710803150061,47.527981125086,
    222.89328700388));
#1679 = CARTESIAN_POINT('',(-2.631598862623,47.555380426952,
    223.11038672784));
#1680 = CARTESIAN_POINT('',(-2.572654356158,47.575232882289,
    223.33138649507));
#1681 = CARTESIAN_POINT('',(-2.534224159435,47.58802065465,
    223.55491704783));
#1682 = CARTESIAN_POINT('',(-2.494369556655,47.601227725039,
    224.05976982215));
#1683 = CARTESIAN_POINT('',(-2.504435978134,47.597809818916,
    224.34080617139));
#1684 = CARTESIAN_POINT('',(-2.546588471112,47.5840967569,
    224.62051448262));
#1685 = CARTESIAN_POINT('',(-2.620658373265,47.559695651437,
    224.89635271115));
#1686 = CARTESIAN_POINT('',(-2.725971044662,47.523597683426,
    225.16562546942));
#1687 = CARTESIAN_POINT('',(-2.861596928968,47.473964084755,
    225.425348191));
#1688 = CARTESIAN_POINT('',(-3.026219450823,47.408539975312,
    225.67235429127));
#1689 = CARTESIAN_POINT('',(-3.255282625717,47.307850757051,
    225.94576932495));
#1690 = CARTESIAN_POINT('',(-3.292278285378,47.291347086098,
    225.98817037126));
#1691 = CARTESIAN_POINT('',(-3.330247993929,47.274148614831,
    226.02995670544));
#1692 = CARTESIAN_POINT('',(-3.369183561693,47.25623266303,
    226.07109806546));
#1693 = CARTESIAN_POINT('',(-3.409075724519,47.237575878616,
    226.1115619618));
#1694 = CARTESIAN_POINT('',(-3.449914143779,47.218154237649,
    226.15131367743));
#1695 = CARTESIAN_POINT('',(-3.491687406369,47.197943044334,
    226.19031626783));
#1696 = CARTESIAN_POINT('',(-3.588017547846,47.150503785934,
    226.27653561327));
#1697 = CARTESIAN_POINT('',(-3.643105059822,47.122805850848,
    226.32329449383));
#1698 = CARTESIAN_POINT('',(-3.6996217714,47.093772703596,
    226.36873102076));
#1699 = CARTESIAN_POINT('',(-3.757536992392,47.063353971371,
    226.41275950231));
#1700 = CARTESIAN_POINT('',(-3.816812362386,47.031500514217,
    226.45528565679));
#1701 = CARTESIAN_POINT('',(-3.877401081469,46.998165608539,
    226.49620753244));
#1702 = CARTESIAN_POINT('',(-3.939247140948,46.963306130605,
    226.53541642728));
#1703 = CARTESIAN_POINT('',(-4.052433560265,46.897908142886,
    226.60253632531));
#1704 = CARTESIAN_POINT('',(-4.10333471,46.867944461694,226.63111709389)
  );
#1705 = CARTESIAN_POINT('',(-4.154953238166,46.8369746188,
    226.65848192768));
#1706 = CARTESIAN_POINT('',(-4.207248203314,46.804983723165,
    226.68456909609));
#1707 = CARTESIAN_POINT('',(-4.260172117595,46.771961195887,
    226.70931447795));
#1708 = CARTESIAN_POINT('',(-4.313670576695,46.737901895692,
    226.73265271443));
#1709 = CARTESIAN_POINT('',(-4.36768188977,46.70280724443,
    226.75451836205));
#1710 = CARTESIAN_POINT('',(-4.510582294872,46.608018755252,
    226.80786491868));
#1711 = CARTESIAN_POINT('',(-4.600233580616,46.546620323888,
    226.83684180159));
#1712 = CARTESIAN_POINT('',(-4.690749028766,46.482557575284,
    226.86147931549));
#1713 = CARTESIAN_POINT('',(-4.781755502904,46.415943049881,
    226.88151059146));
#1714 = CARTESIAN_POINT('',(-4.872851526973,46.346944227205,
    226.89670937688));
#1715 = CARTESIAN_POINT('',(-4.963610379794,46.275793422155,
    226.90690454394));
#1716 = CARTESIAN_POINT('',(-5.053583025158,46.202798662125,226.912));
#1717 = CARTESIAN_POINT('',(-5.142300877492,46.128355544952,226.912));
#1718 = PCURVE('',#33,#1719);
#1719 = DEFINITIONAL_REPRESENTATION('',(#1720),#1877);
#1720 = B_SPLINE_CURVE_WITH_KNOTS('',8,(#1721,#1722,#1723,#1724,#1725,
    #1726,#1727,#1728,#1729,#1730,#1731,#1732,#1733,#1734,#1735,#1736,
    #1737,#1738,#1739,#1740,#1741,#1742,#1743,#1744,#1745,#1746,#1747,
    #1748,#1749,#1750,#1751,#1752,#1753,#1754,#1755,#1756,#1757,#1758,
    #1759,#1760,#1761,#1762,#1763,#1764,#1765,#1766,#1767,#1768,#1769,
    #1770,#1771,#1772,#1773,#1774,#1775,#1776,#1777,#1778,#1779,#1780,
    #1781,#1782,#1783,#1784,#1785,#1786,#1787,#1788,#1789,#1790,#1791,
    #1792,#1793,#1794,#1795,#1796,#1797,#1798,#1799,#1800,#1801,#1802,
    #1803,#1804,#1805,#1806,#1807,#1808,#1809,#1810,#1811,#1812,#1813,
    #1814,#1815,#1816,#1817,#1818,#1819,#1820,#1821,#1822,#1823,#1824,
    #1825,#1826,#1827,#1828,#1829,#1830,#1831,#1832,#1833,#1834,#1835,
    #1836,#1837,#1838,#1839,#1840,#1841,#1842,#1843,#1844,#1845,#1846,
    #1847,#1848,#1849,#1850,#1851,#1852,#1853,#1854,#1855,#1856,#1857,
    #1858,#1859,#1860,#1861,#1862,#1863,#1864,#1865,#1866,#1867,#1868,
    #1869,#1870,#1871,#1872,#1873,#1874,#1875,#1876),.UNSPECIFIED.,.F.,
  .F.,(9,7,7,7,7,7,7,7,7,7,7,7,7,7,7,7,7,7,7,7,7,7,9),(0.,
    4.181538955822E-02,6.727050796166E-02,9.953763142158E-02,
    0.125209957443,0.238680688917,0.374510307333,0.400178274846,
    0.432448577584,0.457911162639,0.471742129417,0.499755680542,
    0.527774949056,0.541612766018,0.56709439468,0.599401420741,
    0.625112408699,0.736042727503,0.874228513992,0.900007977561,
    0.932392313213,0.958155461928,1.),.UNSPECIFIED.);
#1721 = CARTESIAN_POINT('',(-2.268928027593,-67.91199999999));
#1722 = CARTESIAN_POINT('',(-2.283430744539,-67.91199999999));
#1723 = CARTESIAN_POINT('',(-2.297937178365,-67.9068861511));
#1724 = CARTESIAN_POINT('',(-2.312374922293,-67.89665428117));
#1725 = CARTESIAN_POINT('',(-2.326680577327,-67.88140123346));
#1726 = CARTESIAN_POINT('',(-2.340798539134,-67.86129929749));
#1727 = CARTESIAN_POINT('',(-2.354680055091,-67.83657615666));
#1728 = CARTESIAN_POINT('',(-2.368282551479,-67.80750035267));
#1729 = CARTESIAN_POINT('',(-2.38965749691,-67.75420554446));
#1730 = CARTESIAN_POINT('',(-2.397630748958,-67.73253200795));
#1731 = CARTESIAN_POINT('',(-2.405482182071,-67.70941423471));
#1732 = CARTESIAN_POINT('',(-2.413206165617,-67.68491581847));
#1733 = CARTESIAN_POINT('',(-2.420798134224,-67.65910026778));
#1734 = CARTESIAN_POINT('',(-2.428254478744,-67.63202990456));
#1735 = CARTESIAN_POINT('',(-2.435572437231,-67.60376476273));
#1736 = CARTESIAN_POINT('',(-2.451848307341,-67.53708964525));
#1737 = CARTESIAN_POINT('',(-2.460720594613,-67.49799079152));
#1738 = CARTESIAN_POINT('',(-2.469363222334,-67.45717925754));
#1739 = CARTESIAN_POINT('',(-2.477773702731,-67.41476358734));
#1740 = CARTESIAN_POINT('',(-2.485950553031,-67.37084561206));
#1741 = CARTESIAN_POINT('',(-2.493893162853,-67.32551952492));
#1742 = CARTESIAN_POINT('',(-2.501601661588,-67.27887095637));
#1743 = CARTESIAN_POINT('',(-2.515024134209,-67.19286996638));
#1744 = CARTESIAN_POINT('',(-2.520823540506,-67.15397632086));
#1745 = CARTESIAN_POINT('',(-2.526475305704,-67.11433419872));
#1746 = CARTESIAN_POINT('',(-2.531979762602,-67.07398046462));
#1747 = CARTESIAN_POINT('',(-2.537337275777,-67.03294976175));
#1748 = CARTESIAN_POINT('',(-2.542548241581,-66.99127451177));
#1749 = CARTESIAN_POINT('',(-2.547613088144,-66.94898491483));
#1750 = CARTESIAN_POINT('',(-2.574274900974,-66.71659876894));
#1751 = CARTESIAN_POINT('',(-2.593156280035,-66.51576906416));
#1752 = CARTESIAN_POINT('',(-2.609248885401,-66.30582912424));
#1753 = CARTESIAN_POINT('',(-2.622545064203,-66.08864852899));
#1754 = CARTESIAN_POINT('',(-2.633030511363,-65.86594927257));
#1755 = CARTESIAN_POINT('',(-2.64068410955,-65.63930005447));
#1756 = CARTESIAN_POINT('',(-2.645494804621,-65.41016627329));
#1757 = CARTESIAN_POINT('',(-2.649786531836,-64.90423683864));
#1758 = CARTESIAN_POINT('',(-2.648023684472,-64.62774855962));
#1759 = CARTESIAN_POINT('',(-2.642178501123,-64.35269681434));
#1760 = CARTESIAN_POINT('',(-2.632253761876,-64.08155264863));
#1761 = CARTESIAN_POINT('',(-2.618290293073,-63.81691425996));
#1762 = CARTESIAN_POINT('',(-2.60031824206,-63.56164434279));
#1763 = CARTESIAN_POINT('',(-2.578377348784,-63.31882705279));
#1764 = CARTESIAN_POINT('',(-2.547421674131,-63.0494107789));
#1765 = CARTESIAN_POINT('',(-2.542356240039,-63.00717673675));
#1766 = CARTESIAN_POINT('',(-2.537144919231,-62.96555686056));
#1767 = CARTESIAN_POINT('',(-2.531787284432,-62.92458131976));
#1768 = CARTESIAN_POINT('',(-2.526282940702,-62.88428250229));
#1769 = CARTESIAN_POINT('',(-2.520631525435,-62.84469501464));
#1770 = CARTESIAN_POINT('',(-2.51483270836,-62.80585568182));
#1771 = CARTESIAN_POINT('',(-2.501410106887,-62.7199636123));
#1772 = CARTESIAN_POINT('',(-2.493700904907,-62.67337010098));
#1773 = CARTESIAN_POINT('',(-2.485757855579,-62.62809913657));
#1774 = CARTESIAN_POINT('',(-2.477580837504,-62.58423631896));
#1775 = CARTESIAN_POINT('',(-2.469170470765,-62.54187579728));
#1776 = CARTESIAN_POINT('',(-2.460528249785,-62.5011193424));
#1777 = CARTESIAN_POINT('',(-2.451656676188,-62.46207541947));
#1778 = CARTESIAN_POINT('',(-2.435381263115,-62.39549240398));
#1779 = CARTESIAN_POINT('',(-2.428062870414,-62.3672649652));
#1780 = CARTESIAN_POINT('',(-2.420606246758,-62.34023257251));
#1781 = CARTESIAN_POINT('',(-2.413014164025,-62.3144552314));
#1782 = CARTESIAN_POINT('',(-2.405290241755,-62.289995222));
#1783 = CARTESIAN_POINT('',(-2.397439056127,-62.26691599666));
#1784 = CARTESIAN_POINT('',(-2.38946624894,-62.24528107758));
#1785 = CARTESIAN_POINT('',(-2.376985543845,-62.21421960244));
#1786 = CARTESIAN_POINT('',(-2.372558603914,-62.20373078733));
#1787 = CARTESIAN_POINT('',(-2.368098931154,-62.19369672431));
#1788 = CARTESIAN_POINT('',(-2.363607750569,-62.18412732346));
#1789 = CARTESIAN_POINT('',(-2.359086397815,-62.17503218968));
#1790 = CARTESIAN_POINT('',(-2.3545363192,-62.16642062272));
#1791 = CARTESIAN_POINT('',(-2.349959071679,-62.15830161716));
#1792 = CARTESIAN_POINT('',(-2.336033811905,-62.13525469059));
#1793 = CARTESIAN_POINT('',(-2.326605782916,-62.12188003649));
#1794 = CARTESIAN_POINT('',(-2.317087274275,-62.11063291863));
#1795 = CARTESIAN_POINT('',(-2.307494317866,-62.10157555052));
#1796 = CARTESIAN_POINT('',(-2.297844010654,-62.09475738914));
#1797 = CARTESIAN_POINT('',(-2.28815458627,-62.09021318351));
#1798 = CARTESIAN_POINT('',(-2.278445486595,-62.08796102309));
#1799 = CARTESIAN_POINT('',(-2.259027398734,-62.08803975774));
#1800 = CARTESIAN_POINT('',(-2.249316894727,-62.09037159493));
#1801 = CARTESIAN_POINT('',(-2.239626651708,-62.09499597423));
#1802 = CARTESIAN_POINT('',(-2.22997610824,-62.10189436426));
#1803 = CARTESIAN_POINT('',(-2.220383483499,-62.11103159457));
#1804 = CARTESIAN_POINT('',(-2.210865849714,-62.12235782425));
#1805 = CARTESIAN_POINT('',(-2.201439204606,-62.13581051048));
#1806 = CARTESIAN_POINT('',(-2.187515368763,-62.15897422677));
#1807 = CARTESIAN_POINT('',(-2.182937824141,-62.16713329386));
#1808 = CARTESIAN_POINT('',(-2.178387574119,-62.17578485061));
#1809 = CARTESIAN_POINT('',(-2.173866172023,-62.18491986746));
#1810 = CARTESIAN_POINT('',(-2.169375060342,-62.1945290131));
#1811 = CARTESIAN_POINT('',(-2.164915570726,-62.20460265448));
#1812 = CARTESIAN_POINT('',(-2.160488923984,-62.21513085679));
#1813 = CARTESIAN_POINT('',(-2.148007310069,-62.24630872745));
#1814 = CARTESIAN_POINT('',(-2.140033613,-62.26802090396));
#1815 = CARTESIAN_POINT('',(-2.132181932308,-62.29117724779));
#1816 = CARTESIAN_POINT('',(-2.12445788745,-62.31571409374));
#1817 = CARTESIAN_POINT('',(-2.116866032997,-62.34156787718));
#1818 = CARTESIAN_POINT('',(-2.109409967705,-62.36867623443));
#1819 = CARTESIAN_POINT('',(-2.102092443594,-62.39697910323));
#1820 = CARTESIAN_POINT('',(-2.085816115102,-62.46374640543));
#1821 = CARTESIAN_POINT('',(-2.076943113004,-62.5029002497));
#1822 = CARTESIAN_POINT('',(-2.068300077831,-62.54376692386));
#1823 = CARTESIAN_POINT('',(-2.059889483515,-62.58623780493));
#1824 = CARTESIAN_POINT('',(-2.051712801187,-62.63021100148));
#1825 = CARTESIAN_POINT('',(-2.043770631545,-62.67559227609));
#1826 = CARTESIAN_POINT('',(-2.036062837219,-62.72229596769));
#1827 = CARTESIAN_POINT('',(-2.022640492511,-62.80840604951));
#1828 = CARTESIAN_POINT('',(-2.016840495115,-62.84735411413));
#1829 = CARTESIAN_POINT('',(-2.011188378848,-62.88705097883));
#1830 = CARTESIAN_POINT('',(-2.005683808389,-62.9274597391));
#1831 = CARTESIAN_POINT('',(-2.000326417197,-62.96854571489));
#1832 = CARTESIAN_POINT('',(-1.995115807515,-63.01027645068));
#1833 = CARTESIAN_POINT('',(-1.990051550368,-63.05262171544));
#1834 = CARTESIAN_POINT('',(-1.963912850626,-63.28078313487));
#1835 = CARTESIAN_POINT('',(-1.945422866184,-63.47680421127));
#1836 = CARTESIAN_POINT('',(-1.929596425903,-63.68155582053));
#1837 = CARTESIAN_POINT('',(-1.916439038577,-63.89328700388));
#1838 = CARTESIAN_POINT('',(-1.905963428915,-64.11038672783));
#1839 = CARTESIAN_POINT('',(-1.898188791111,-64.33138649507));
#1840 = CARTESIAN_POINT('',(-1.89312604808,-64.55491704783));
#1841 = CARTESIAN_POINT('',(-1.887877810175,-65.05976982215));
#1842 = CARTESIAN_POINT('',(-1.889206649765,-65.34080617139));
#1843 = CARTESIAN_POINT('',(-1.894747284976,-65.62051448261));
#1844 = CARTESIAN_POINT('',(-1.904496123381,-65.89635271116));
#1845 = CARTESIAN_POINT('',(-1.918409536175,-66.16562546942));
#1846 = CARTESIAN_POINT('',(-1.936453993418,-66.425348191));
#1847 = CARTESIAN_POINT('',(-1.958583078578,-66.67235429127));
#1848 = CARTESIAN_POINT('',(-1.98986013106,-66.94576932495));
#1849 = CARTESIAN_POINT('',(-1.994923796924,-66.98817037126));
#1850 = CARTESIAN_POINT('',(-2.000134049373,-67.02995670544));
#1851 = CARTESIAN_POINT('',(-2.005491318221,-67.07109806546));
#1852 = CARTESIAN_POINT('',(-2.010996002627,-67.1115619618));
#1853 = CARTESIAN_POINT('',(-2.016648471089,-67.15131367743));
#1854 = CARTESIAN_POINT('',(-2.022449061448,-67.19031626783));
#1855 = CARTESIAN_POINT('',(-2.03587127915,-67.27653561327));
#1856 = CARTESIAN_POINT('',(-2.04357836788,-67.32329449383));
#1857 = CARTESIAN_POINT('',(-2.051520096649,-67.36873102076));
#1858 = CARTESIAN_POINT('',(-2.059696610791,-67.41275950231));
#1859 = CARTESIAN_POINT('',(-2.068107319282,-67.45528565679));
#1860 = CARTESIAN_POINT('',(-2.076750762623,-67.49620753244));
#1861 = CARTESIAN_POINT('',(-2.085624480722,-67.53541642728));
#1862 = CARTESIAN_POINT('',(-2.101964645155,-67.60253632531));
#1863 = CARTESIAN_POINT('',(-2.109347608028,-67.63111709389));
#1864 = CARTESIAN_POINT('',(-2.116871710609,-67.65848192768));
#1865 = CARTESIAN_POINT('',(-2.124534130526,-67.68456909609));
#1866 = CARTESIAN_POINT('',(-2.132331167676,-67.70931447795));
#1867 = CARTESIAN_POINT('',(-2.140258130087,-67.73265271443));
#1868 = CARTESIAN_POINT('',(-2.148309219773,-67.75451836205));
#1869 = CARTESIAN_POINT('',(-2.169744217243,-67.80786491868));
#1870 = CARTESIAN_POINT('',(-2.183325299118,-67.83684180159));
#1871 = CARTESIAN_POINT('',(-2.197184051101,-67.86147931549));
#1872 = CARTESIAN_POINT('',(-2.211278091099,-67.88151059146));
#1873 = CARTESIAN_POINT('',(-2.225558870114,-67.89670937688));
#1874 = CARTESIAN_POINT('',(-2.239971014899,-67.90690454394));
#1875 = CARTESIAN_POINT('',(-2.254451411201,-67.912));
#1876 = CARTESIAN_POINT('',(-2.268928027593,-67.912));
#1877 = ( GEOMETRIC_REPRESENTATION_CONTEXT(2) 
PARAMETRIC_REPRESENTATION_CONTEXT() REPRESENTATION_CONTEXT('2D SPACE',''
  ) );
#1878 = PCURVE('',#1879,#1884);
#1879 = CONICAL_SURFACE('',#1880,3.,8.777389232722E-02);
#1880 = AXIS2_PLACEMENT_3D('',#1881,#1882,#1883);
#1881 = CARTESIAN_POINT('',(-4.499513267806,45.362311101833,224.));
#1882 = DIRECTION('',(0.642787609687,-0.766044443119,-0.));
#1883 = DIRECTION('',(0.,0.,1.));
#1884 = DEFINITIONAL_REPRESENTATION('',(#1885),#2042);
#1885 = B_SPLINE_CURVE_WITH_KNOTS('',8,(#1886,#1887,#1888,#1889,#1890,
    #1891,#1892,#1893,#1894,#1895,#1896,#1897,#1898,#1899,#1900,#1901,
    #1902,#1903,#1904,#1905,#1906,#1907,#1908,#1909,#1910,#1911,#1912,
    #1913,#1914,#1915,#1916,#1917,#1918,#1919,#1920,#1921,#1922,#1923,
    #1924,#1925,#1926,#1927,#1928,#1929,#1930,#1931,#1932,#1933,#1934,
    #1935,#1936,#1937,#1938,#1939,#1940,#1941,#1942,#1943,#1944,#1945,
    #1946,#1947,#1948,#1949,#1950,#1951,#1952,#1953,#1954,#1955,#1956,
    #1957,#1958,#1959,#1960,#1961,#1962,#1963,#1964,#1965,#1966,#1967,
    #1968,#1969,#1970,#1971,#1972,#1973,#1974,#1975,#1976,#1977,#1978,
    #1979,#1980,#1981,#1982,#1983,#1984,#1985,#1986,#1987,#1988,#1989,
    #1990,#1991,#1992,#1993,#1994,#1995,#1996,#1997,#1998,#1999,#2000,
    #2001,#2002,#2003,#2004,#2005,#2006,#2007,#2008,#2009,#2010,#2011,
    #2012,#2013,#2014,#2015,#2016,#2017,#2018,#2019,#2020,#2021,#2022,
    #2023,#2024,#2025,#2026,#2027,#2028,#2029,#2030,#2031,#2032,#2033,
    #2034,#2035,#2036,#2037,#2038,#2039,#2040,#2041),.UNSPECIFIED.,.F.,
  .F.,(9,7,7,7,7,7,7,7,7,7,7,7,7,7,7,7,7,7,7,7,7,7,9),(0.,
    4.181538955822E-02,6.727050796166E-02,9.953763142158E-02,
    0.125209957443,0.238680688917,0.374510307333,0.400178274846,
    0.432448577584,0.457911162639,0.471742129417,0.499755680542,
    0.527774949056,0.541612766018,0.56709439468,0.599401420741,
    0.625112408699,0.736042727503,0.874228513992,0.900007977561,
    0.932392313213,0.958155461928,1.),.UNSPECIFIED.);
#1886 = CARTESIAN_POINT('',(-6.28318530718,-1.));
#1887 = CARTESIAN_POINT('',(-6.243342678206,-1.));
#1888 = CARTESIAN_POINT('',(-6.203489866617,-0.998077012547));
#1889 = CARTESIAN_POINT('',(-6.163751310502,-0.994229222178));
#1890 = CARTESIAN_POINT('',(-6.12422692199,-0.988509703716));
#1891 = CARTESIAN_POINT('',(-6.084999072524,-0.981015449995));
#1892 = CARTESIAN_POINT('',(-6.046137752884,-0.97187707525));
#1893 = CARTESIAN_POINT('',(-6.007703907941,-0.961249194192));
#1894 = CARTESIAN_POINT('',(-5.946647080646,-0.942028303764));
#1895 = CARTESIAN_POINT('',(-5.923715664711,-0.934264179282));
#1896 = CARTESIAN_POINT('',(-5.900964335808,-0.926045654035));
#1897 = CARTESIAN_POINT('',(-5.878398495546,-0.917410204485));
#1898 = CARTESIAN_POINT('',(-5.85602150085,-0.908395636484));
#1899 = CARTESIAN_POINT('',(-5.833834855144,-0.899039488916));
#1900 = CARTESIAN_POINT('',(-5.811838399524,-0.889378437346));
#1901 = CARTESIAN_POINT('',(-5.762386630979,-0.866859408024));
#1902 = CARTESIAN_POINT('',(-5.735047015411,-0.853838358633));
#1903 = CARTESIAN_POINT('',(-5.708006816196,-0.84045616939));
#1904 = CARTESIAN_POINT('',(-5.681259590987,-0.826781735596));
#1905 = CARTESIAN_POINT('',(-5.654797302533,-0.812880812441));
#1906 = CARTESIAN_POINT('',(-5.628610325079,-0.798815599481));
#1907 = CARTESIAN_POINT('',(-5.602687450768,-0.784644325126));
#1908 = CARTESIAN_POINT('',(-5.556591127677,-0.759104353661));
#1909 = CARTESIAN_POINT('',(-5.53632611291,-0.747755270364));
#1910 = CARTESIAN_POINT('',(-5.516214801282,-0.736400958318));
#1911 = CARTESIAN_POINT('',(-5.496251124702,-0.725067594414));
#1912 = CARTESIAN_POINT('',(-5.476428997444,-0.713780155348));
#1913 = CARTESIAN_POINT('',(-5.456742316153,-0.702562417619));
#1914 = CARTESIAN_POINT('',(-5.437184959836,-0.691436957527));
#1915 = CARTESIAN_POINT('',(-5.331852477433,-0.631753374405));
#1916 = CARTESIAN_POINT('',(-5.248421196814,-0.585337173396));
#1917 = CARTESIAN_POINT('',(-5.166807277204,-0.542959665867));
#1918 = CARTESIAN_POINT('',(-5.08660596282,-0.506124280437));
#1919 = CARTESIAN_POINT('',(-5.007457337053,-0.476061430724));
#1920 = CARTESIAN_POINT('',(-4.929048074686,-0.453664707647));
#1921 = CARTESIAN_POINT('',(-4.85106448594,-0.439475087741));
#1922 = CARTESIAN_POINT('',(-4.679909370908,-0.426787169175));
#1923 = CARTESIAN_POINT('',(-4.587043483675,-0.431951757062));
#1924 = CARTESIAN_POINT('',(-4.493960206264,-0.449427154692));
#1925 = CARTESIAN_POINT('',(-4.40014908854,-0.478775936409));
#1926 = CARTESIAN_POINT('',(-4.305121960456,-0.518802287154));
#1927 = CARTESIAN_POINT('',(-4.208294841476,-0.567574368781));
#1928 = CARTESIAN_POINT('',(-4.109052238019,-0.622607847138));
#1929 = CARTESIAN_POINT('',(-3.986852393201,-0.691858103969));
#1930 = CARTESIAN_POINT('',(-3.967307142837,-0.702977381805));
#1931 = CARTESIAN_POINT('',(-3.947632612342,-0.714188150544));
#1932 = CARTESIAN_POINT('',(-3.927822694628,-0.725467864702));
#1933 = CARTESIAN_POINT('',(-3.90787130147,-0.736792781151));
#1934 = CARTESIAN_POINT('',(-3.887772363501,-0.748137959121));
#1935 = CARTESIAN_POINT('',(-3.867519830218,-0.7594772602));
#1936 = CARTESIAN_POINT('',(-3.821445077479,-0.784997597537));
#1937 = CARTESIAN_POINT('',(-3.795531228018,-0.799158641671));
#1938 = CARTESIAN_POINT('',(-3.769353369116,-0.813212676494));
#1939 = CARTESIAN_POINT('',(-3.742900325654,-0.827101516787));
#1940 = CARTESIAN_POINT('',(-3.716162507493,-0.840763013561));
#1941 = CARTESIAN_POINT('',(-3.689131917111,-0.854131471263));
#1942 = CARTESIAN_POINT('',(-3.661802157225,-0.867138064982));
#1943 = CARTESIAN_POINT('',(-3.612364307211,-0.889632019497));
#1944 = CARTESIAN_POINT('',(-3.590371725433,-0.899282590611));
#1945 = CARTESIAN_POINT('',(-3.568189088158,-0.908627774992));
#1946 = CARTESIAN_POINT('',(-3.545816261977,-0.917630923089));
#1947 = CARTESIAN_POINT('',(-3.523254776489,-0.926254528804));
#1948 = CARTESIAN_POINT('',(-3.500508015778,-0.934460826497));
#1949 = CARTESIAN_POINT('',(-3.477581409891,-0.942212387983));
#1950 = CARTESIAN_POINT('',(-3.441935647772,-0.953416443403));
#1951 = CARTESIAN_POINT('',(-3.429337944975,-0.957215266617));
#1952 = CARTESIAN_POINT('',(-3.416690813849,-0.960863244499));
#1953 = CARTESIAN_POINT('',(-3.403995769264,-0.964354630143));
#1954 = CARTESIAN_POINT('',(-3.391254545035,-0.967683874408));
#1955 = CARTESIAN_POINT('',(-3.378469093917,-0.970845625922));
#1956 = CARTESIAN_POINT('',(-3.365641587609,-0.973834731082));
#1957 = CARTESIAN_POINT('',(-3.326712959562,-0.982340715382));
#1958 = CARTESIAN_POINT('',(-3.300486244885,-0.987307376888));
#1959 = CARTESIAN_POINT('',(-3.274117555962,-0.991504877939));
#1960 = CARTESIAN_POINT('',(-3.247631283139,-0.994898022701));
#1961 = CARTESIAN_POINT('',(-3.221053497704,-0.997458861287));
#1962 = CARTESIAN_POINT('',(-3.194412525706,-0.999167790921));
#1963 = CARTESIAN_POINT('',(-3.167739521782,-1.000014657089));
#1964 = CARTESIAN_POINT('',(-3.114393120918,-0.999985049281));
#1965 = CARTESIAN_POINT('',(-3.087715602262,-0.999108220767));
#1966 = CARTESIAN_POINT('',(-3.061071053524,-0.997369222398));
#1967 = CARTESIAN_POINT('',(-3.034490617001,-0.994778456988));
#1968 = CARTESIAN_POINT('',(-3.008002585348,-0.991355766147));
#1969 = CARTESIAN_POINT('',(-2.981632976146,-0.987129319499));
#1970 = CARTESIAN_POINT('',(-2.955406106465,-0.982134503901));
#1971 = CARTESIAN_POINT('',(-2.916474506517,-0.973587053106));
#1972 = CARTESIAN_POINT('',(-2.903643698773,-0.970583817962));
#1973 = CARTESIAN_POINT('',(-2.89085512652,-0.967408085881));
#1974 = CARTESIAN_POINT('',(-2.878110952788,-0.964065031525));
#1975 = CARTESIAN_POINT('',(-2.865413121312,-0.960560025574));
#1976 = CARTESIAN_POINT('',(-2.852763356536,-0.956898634723));
#1977 = CARTESIAN_POINT('',(-2.840163163615,-0.953086621691));
#1978 = CARTESIAN_POINT('',(-2.804504872667,-0.941843928848));
#1979 = CARTESIAN_POINT('',(-2.781568638249,-0.934067240122));
#1980 = CARTESIAN_POINT('',(-2.758812732567,-0.925836486733));
#1981 = CARTESIAN_POINT('',(-2.736242528767,-0.917189193404));
#1982 = CARTESIAN_POINT('',(-2.713861356607,-0.908163206171));
#1983 = CARTESIAN_POINT('',(-2.691670693329,-0.89879609669));
#1984 = CARTESIAN_POINT('',(-2.669670354535,-0.889124566524));
#1985 = CARTESIAN_POINT('',(-2.62020463738,-0.866580459979));
#1986 = CARTESIAN_POINT('',(-2.592855145578,-0.853544951382));
#1987 = CARTESIAN_POINT('',(-2.565805316942,-0.840149028494));
#1988 = CARTESIAN_POINT('',(-2.539048664029,-0.826461657109));
#1989 = CARTESIAN_POINT('',(-2.512577109836,-0.812548652151));
#1990 = CARTESIAN_POINT('',(-2.48638099297,-0.798472263845));
#1991 = CARTESIAN_POINT('',(-2.460449072825,-0.784290763892));
#1992 = CARTESIAN_POINT('',(-2.414331122645,-0.758731157821));
#1993 = CARTESIAN_POINT('',(-2.394053590993,-0.747372287115));
#1994 = CARTESIAN_POINT('',(-2.373929870474,-0.736008837798));
#1995 = CARTESIAN_POINT('',(-2.353953875367,-0.724667025384));
#1996 = CARTESIAN_POINT('',(-2.334119503552,-0.713371862631));
#1997 = CARTESIAN_POINT('',(-2.314420636505,-0.702147159532));
#1998 = CARTESIAN_POINT('',(-2.294851139298,-0.691015523322));
#1999 = CARTESIAN_POINT('',(-2.191503693571,-0.632464688789));
#2000 = CARTESIAN_POINT('',(-2.109952569688,-0.587094741626));
#2001 = CARTESIAN_POINT('',(-2.030148186372,-0.545550573616));
#2002 = CARTESIAN_POINT('',(-1.951708656156,-0.509238785935));
#2003 = CARTESIAN_POINT('',(-1.874295845047,-0.479316334276));
#2004 = CARTESIAN_POINT('',(-1.797614216881,-0.456635398954));
#2005 = CARTESIAN_POINT('',(-1.721368925304,-0.44172894662));
#2006 = CARTESIAN_POINT('',(-1.55040273464,-0.426228104645));
#2007 = CARTESIAN_POINT('',(-1.456080055324,-0.430080407654));
#2008 = CARTESIAN_POINT('',(-1.361606890432,-0.4466706929));
#2009 = CARTESIAN_POINT('',(-1.266439537461,-0.475589577011));
#2010 = CARTESIAN_POINT('',(-1.170067928303,-0.515630609523));
#2011 = CARTESIAN_POINT('',(-1.071882514212,-0.564787705056));
#2012 = CARTESIAN_POINT('',(-0.971244744464,-0.620487246894));
#2013 = CARTESIAN_POINT('',(-0.847483242106,-0.69059380142));
#2014 = CARTESIAN_POINT('',(-0.827901568825,-0.701731607638));
#2015 = CARTESIAN_POINT('',(-0.808190480871,-0.712963272494));
#2016 = CARTESIAN_POINT('',(-0.788343829339,-0.724266157708));
#2017 = CARTESIAN_POINT('',(-0.768355480495,-0.735616419669));
#2018 = CARTESIAN_POINT('',(-0.748219315771,-0.74698900943));
#2019 = CARTESIAN_POINT('',(-0.727929231773,-0.758357672711));
#2020 = CARTESIAN_POINT('',(-0.681789597688,-0.783936913809));
#2021 = CARTESIAN_POINT('',(-0.655848610714,-0.798128634698));
#2022 = CARTESIAN_POINT('',(-0.629643333573,-0.812216195522));
#2023 = CARTESIAN_POINT('',(-0.603162492879,-0.8261412812));
#2024 = CARTESIAN_POINT('',(-0.57639639157,-0.839841590744));
#2025 = CARTESIAN_POINT('',(-0.549336912855,-0.853251249401));
#2026 = CARTESIAN_POINT('',(-0.521977524144,-0.866301220781));
#2027 = CARTESIAN_POINT('',(-0.472305171326,-0.888958283619));
#2028 = CARTESIAN_POINT('',(-0.45010493081,-0.898723400515));
#2029 = CARTESIAN_POINT('',(-0.427710835768,-0.908178874797));
#2030 = CARTESIAN_POINT('',(-0.40512268487,-0.917286982612));
#2031 = CARTESIAN_POINT('',(-0.382341999036,-0.926009095449));
#2032 = CARTESIAN_POINT('',(-0.359372221332,-0.934306304445));
#2033 = CARTESIAN_POINT('',(-0.336218916873,-0.94214004469));
#2034 = CARTESIAN_POINT('',(-0.27499907272,-0.961382459102));
#2035 = CARTESIAN_POINT('',(-0.23662960707,-0.971975267608));
#2036 = CARTESIAN_POINT('',(-0.19783465366,-0.981082563586));
#2037 = CARTESIAN_POINT('',(-0.158674880347,-0.988550710546));
#2038 = CARTESIAN_POINT('',(-0.119220031183,-0.994249941417));
#2039 = CARTESIAN_POINT('',(-7.955220468705E-02,-0.998083928648));
#2040 = CARTESIAN_POINT('',(-3.977092415228E-02,-1.));
#2041 = CARTESIAN_POINT('',(0.,-1.));
#2042 = ( GEOMETRIC_REPRESENTATION_CONTEXT(2) 
PARAMETRIC_REPRESENTATION_CONTEXT() REPRESENTATION_CONTEXT('2D SPACE',''
  ) );
#2043 = FACE_BOUND('',#2044,.F.);
#2044 = EDGE_LOOP('',(#2045));
#2045 = ORIENTED_EDGE('',*,*,#2046,.F.);
#2046 = EDGE_CURVE('',#2047,#2047,#2049,.T.);
#2047 = VERTEX_POINT('',#2048);
#2048 = CARTESIAN_POINT('',(2.07055236082,47.727406610313,215.412));
#2049 = SURFACE_CURVE('',#2050,(#2207,#2367),.PCURVE_S1.);
#2050 = B_SPLINE_CURVE_WITH_KNOTS('',8,(#2051,#2052,#2053,#2054,#2055,
    #2056,#2057,#2058,#2059,#2060,#2061,#2062,#2063,#2064,#2065,#2066,
    #2067,#2068,#2069,#2070,#2071,#2072,#2073,#2074,#2075,#2076,#2077,
    #2078,#2079,#2080,#2081,#2082,#2083,#2084,#2085,#2086,#2087,#2088,
    #2089,#2090,#2091,#2092,#2093,#2094,#2095,#2096,#2097,#2098,#2099,
    #2100,#2101,#2102,#2103,#2104,#2105,#2106,#2107,#2108,#2109,#2110,
    #2111,#2112,#2113,#2114,#2115,#2116,#2117,#2118,#2119,#2120,#2121,
    #2122,#2123,#2124,#2125,#2126,#2127,#2128,#2129,#2130,#2131,#2132,
    #2133,#2134,#2135,#2136,#2137,#2138,#2139,#2140,#2141,#2142,#2143,
    #2144,#2145,#2146,#2147,#2148,#2149,#2150,#2151,#2152,#2153,#2154,
    #2155,#2156,#2157,#2158,#2159,#2160,#2161,#2162,#2163,#2164,#2165,
    #2166,#2167,#2168,#2169,#2170,#2171,#2172,#2173,#2174,#2175,#2176,
    #2177,#2178,#2179,#2180,#2181,#2182,#2183,#2184,#2185,#2186,#2187,
    #2188,#2189,#2190,#2191,#2192,#2193,#2194,#2195,#2196,#2197,#2198,
    #2199,#2200,#2201,#2202,#2203,#2204,#2205,#2206),.UNSPECIFIED.,.T.,
  .F.,(9,7,7,7,7,7,7,7,7,7,7,7,7,7,7,7,7,7,7,7,7,7,9),(0.,
    4.180993803797E-02,6.726173782846E-02,9.952465458653E-02,
    0.125193633677,0.238649571843,0.374461481993,0.400126103143,
    0.432392198765,0.457851464233,0.471680627851,0.499690526818,
    0.527706142427,0.541542155337,0.56702046193,0.599323276086,
    0.625030912073,0.735946768766,0.874674907276,0.900378876913,
    0.932703093023,0.958138016958,1.),.UNSPECIFIED.);
#2051 = CARTESIAN_POINT('',(2.07055236082,47.727406610313,215.412));
#2052 = CARTESIAN_POINT('',(1.958483970022,47.757435245124,215.412));
#2053 = CARTESIAN_POINT('',(1.845889149606,47.785614113221,
    215.4068861511));
#2054 = CARTESIAN_POINT('',(1.733362871472,47.811781912857,
    215.39665428117));
#2055 = CARTESIAN_POINT('',(1.621444774501,47.835848995332,
    215.38140123346));
#2056 = CARTESIAN_POINT('',(1.510621896796,47.857785273549,
    215.36129929749));
#2057 = CARTESIAN_POINT('',(1.401330779676,47.877608998421,
    215.33657615666));
#2058 = CARTESIAN_POINT('',(1.293958943426,47.895376403126,
    215.30750035267));
#2059 = CARTESIAN_POINT('',(1.124858069026,47.920787915834,
    215.25420554446));
#2060 = CARTESIAN_POINT('',(1.061691397809,47.929675361237,
    215.23253200795));
#2061 = CARTESIAN_POINT('',(0.999410411574,47.937855057776,
    215.20941423471));
#2062 = CARTESIAN_POINT('',(0.938069994522,47.945351097762,
    215.18491581847));
#2063 = CARTESIAN_POINT('',(0.877715999141,47.952190334556,
    215.15910026778));
#2064 = CARTESIAN_POINT('',(0.818386020709,47.958401557647,
    215.13202990456));
#2065 = CARTESIAN_POINT('',(0.760110171801,47.964014667732,
    215.10376476273));
#2066 = CARTESIAN_POINT('',(0.630406788757,47.975455169812,
    215.03708964525));
#2067 = CARTESIAN_POINT('',(0.559636489078,47.98093763218,
    214.99799079152));
#2068 = CARTESIAN_POINT('',(0.490644818422,47.985569632851,
    214.95717925754));
#2069 = CARTESIAN_POINT('',(0.423464541889,47.989413718108,
    214.91476358735));
#2070 = CARTESIAN_POINT('',(0.358118528508,47.992531834994,
    214.87084561206));
#2071 = CARTESIAN_POINT('',(0.294620950707,47.994984579737,
    214.82551952492));
#2072 = CARTESIAN_POINT('',(0.232978483801,47.996830446178,
    214.77887095637));
#2073 = CARTESIAN_POINT('',(0.125623868975,47.999155104419,
    214.69286996638));
#2074 = CARTESIAN_POINT('',(7.923254651114E-02,47.999836186202,
    214.65397632087));
#2075 = CARTESIAN_POINT('',(3.401819132645E-02,48.000196487353,
    214.61433419872));
#2076 = CARTESIAN_POINT('',(-1.001924112471E-02,48.000263120122,
    214.57398046462));
#2077 = CARTESIAN_POINT('',(-5.288049318183E-02,48.000062141194,
    214.53294976175));
#2078 = CARTESIAN_POINT('',(-9.456700497797E-02,47.999618551696,
    214.49127451177));
#2079 = CARTESIAN_POINT('',(-0.13508091444,47.998956297189,
    214.44898491483));
#2080 = CARTESIAN_POINT('',(-0.348324713454,47.994305808959,
    214.21659876894));
#2081 = CARTESIAN_POINT('',(-0.499245577244,47.98669134524,
    214.01576906415));
#2082 = CARTESIAN_POINT('',(-0.627685635447,47.977234330985,
    213.80582912425));
#2083 = CARTESIAN_POINT('',(-0.733629677147,47.967487154266,
    213.58864852897));
#2084 = CARTESIAN_POINT('',(-0.81705777003,47.958718292159,
    213.36594927259));
#2085 = CARTESIAN_POINT('',(-0.877898919808,47.951833835187,
    213.13930005446));
#2086 = CARTESIAN_POINT('',(-0.916126655342,47.947386750554,
    212.91016627328));
#2087 = CARTESIAN_POINT('',(-0.950226860888,47.943388373222,
    212.40423683863));
#2088 = CARTESIAN_POINT('',(-0.936214349195,47.944980506853,
    212.12774855961));
#2089 = CARTESIAN_POINT('',(-0.889794380906,47.950634176742,
    211.85269681435));
#2090 = CARTESIAN_POINT('',(-0.810941715054,47.95988976325,
    211.58155264861));
#2091 = CARTESIAN_POINT('',(-0.699823587378,47.971554078181,
    211.31691425997));
#2092 = CARTESIAN_POINT('',(-0.556489480574,47.983640394398,
    211.06164434278));
#2093 = CARTESIAN_POINT('',(-0.381137352772,47.993629782629,
    210.81882705279));
#2094 = CARTESIAN_POINT('',(-0.133549800351,47.998982039286,
    210.54941077889));
#2095 = CARTESIAN_POINT('',(-9.303106449149E-02,47.999636600221,
    210.50717673675));
#2096 = CARTESIAN_POINT('',(-5.134162777346E-02,48.00007219116,
    210.46555686056));
#2097 = CARTESIAN_POINT('',(-8.47936472882E-03,48.000264901781,
    210.42458131975));
#2098 = CARTESIAN_POINT('',(3.555714836522E-02,48.000189769905,
    210.38428250228));
#2099 = CARTESIAN_POINT('',(8.076863348579E-02,47.999820781493,
    210.34469501464));
#2100 = CARTESIAN_POINT('',(0.127155110864,47.999130870649,
    210.30585568182));
#2101 = CARTESIAN_POINT('',(0.234510311241,47.996785728766,
    210.2199636123));
#2102 = CARTESIAN_POINT('',(0.296158046915,47.994927859458,
    210.17337010098));
#2103 = CARTESIAN_POINT('',(0.359658664843,47.992462727656,
    210.12809913657));
#2104 = CARTESIAN_POINT('',(0.425005415039,47.989331904242,
    210.08423631896));
#2105 = CARTESIAN_POINT('',(0.492184038184,47.985474868621,
    210.04187579728));
#2106 = CARTESIAN_POINT('',(0.561171565094,47.980829762325,
    210.0011193424));
#2107 = CARTESIAN_POINT('',(0.631935116201,47.975334142618,
    209.96207541947));
#2108 = CARTESIAN_POINT('',(0.761632674302,47.963869241977,
    209.89549240398));
#2109 = CARTESIAN_POINT('',(0.819910905831,47.958244643304,
    209.86726496519));
#2110 = CARTESIAN_POINT('',(0.879241912014,47.952021794903,
    209.84023257251));
#2111 = CARTESIAN_POINT('',(0.939595498147,47.945170845012,
    209.8144552314));
#2112 = CARTESIAN_POINT('',(1.000933984804,47.937663060633,209.789995222
    ));
#2113 = CARTESIAN_POINT('',(1.063211434239,47.929471652881,
    209.76691599666));
#2114 = CARTESIAN_POINT('',(1.126372876765,47.920572602331,
    209.74528107758));
#2115 = CARTESIAN_POINT('',(1.225107054378,47.905716150875,
    209.71421960243));
#2116 = CARTESIAN_POINT('',(1.260102093324,47.900272089637,
    209.70373078733));
#2117 = CARTESIAN_POINT('',(1.29532808242,47.894609978914,
    209.69369672431));
#2118 = CARTESIAN_POINT('',(1.33077356401,47.88872693914,209.68412732345
    ));
#2119 = CARTESIAN_POINT('',(1.366426194354,47.882620532918,
    209.67503218967));
#2120 = CARTESIAN_POINT('',(1.402272743627,47.87628876502,
    209.66642062272));
#2121 = CARTESIAN_POINT('',(1.43829909592,47.869730082389,
    209.65830161715));
#2122 = CARTESIAN_POINT('',(1.547792624991,47.849197422635,
    209.63525469058));
#2123 = CARTESIAN_POINT('',(1.621778208157,47.834514911727,
    209.62188003649));
#2124 = CARTESIAN_POINT('',(1.696313312916,47.818888863455,
    209.61063291863));
#2125 = CARTESIAN_POINT('',(1.77125665048,47.802320698625,
    209.60157555051));
#2126 = CARTESIAN_POINT('',(1.846459412545,47.784821354452,
    209.59475738914));
#2127 = CARTESIAN_POINT('',(1.921765354744,47.766412402199,
    209.5902131835));
#2128 = CARTESIAN_POINT('',(1.997010880103,47.747127164816,
    209.58796102309));
#2129 = CARTESIAN_POINT('',(2.14705467481,47.706892398937,
    209.58803975774));
#2130 = CARTESIAN_POINT('',(2.221864609853,47.685939377581,
    209.59037159493));
#2131 = CARTESIAN_POINT('',(2.296283846938,47.664198459513,
    209.59499597423));
#2132 = CARTESIAN_POINT('',(2.370154138449,47.64172281684,
    209.60189436426));
#2133 = CARTESIAN_POINT('',(2.443329572744,47.618572088015,
    209.61103159457));
#2134 = CARTESIAN_POINT('',(2.515676077054,47.594811361067,
    209.62235782425));
#2135 = CARTESIAN_POINT('',(2.587070920398,47.570510156836,
    209.63581051048));
#2136 = CARTESIAN_POINT('',(2.692136585132,47.533508924606,
    209.65897422677));
#2137 = CARTESIAN_POINT('',(2.726613188835,47.521161768677,
    209.66713329386));
#2138 = CARTESIAN_POINT('',(2.760819626375,47.508708421584,
    209.67578485061));
#2139 = CARTESIAN_POINT('',(2.794744486185,47.49615729825,
    209.68491986746));
#2140 = CARTESIAN_POINT('',(2.82837734634,47.483516751358,209.6945290131
    ));
#2141 = CARTESIAN_POINT('',(2.861708774567,47.470795071348,
    209.70460265447));
#2142 = CARTESIAN_POINT('',(2.894730328237,47.458000486417,
    209.71513085679));
#2143 = CARTESIAN_POINT('',(2.987657705773,47.421461378547,
    209.74630872745));
#2144 = CARTESIAN_POINT('',(3.046804094526,47.397562130845,
    209.76802090396));
#2145 = CARTESIAN_POINT('',(3.104828064653,47.373493551979,
    209.79117724779));
#2146 = CARTESIAN_POINT('',(3.161694241719,47.349303968947,
    209.81571409374));
#2147 = CARTESIAN_POINT('',(3.217376449075,47.325039576867,
    209.84156787718));
#2148 = CARTESIAN_POINT('',(3.271856624094,47.300744112642,
    209.86867623443));
#2149 = CARTESIAN_POINT('',(3.325123734418,47.276458528638,
    209.89697910323));
#2150 = CARTESIAN_POINT('',(3.443163260277,47.221490556495,
    209.96374640543));
#2151 = CARTESIAN_POINT('',(3.507192639506,47.190838584489,
    210.0029002497));
#2152 = CARTESIAN_POINT('',(3.56925421717,47.160340754992,
    210.04376692386));
#2153 = CARTESIAN_POINT('',(3.629351041922,47.130067649764,
    210.08623780493));
#2154 = CARTESIAN_POINT('',(3.687494413135,47.100084377771,
    210.13021100148));
#2155 = CARTESIAN_POINT('',(3.743702468262,47.070450525273,
    210.17559227609));
#2156 = CARTESIAN_POINT('',(3.797998770194,47.041220105914,
    210.22229596769));
#2157 = CARTESIAN_POINT('',(3.892122177397,46.989538563619,
    210.30840604951));
#2158 = CARTESIAN_POINT('',(3.932638574158,46.966922659549,
    210.34735411413));
#2159 = CARTESIAN_POINT('',(3.971973652642,46.944618548629,
    210.38705097884));
#2160 = CARTESIAN_POINT('',(4.010141051835,46.922649716604,
    210.4274597391));
#2161 = CARTESIAN_POINT('',(4.047154481958,46.901038384941,
    210.46854571489));
#2162 = CARTESIAN_POINT('',(4.083027724474,46.879805510829,
    210.51027645068));
#2163 = CARTESIAN_POINT('',(4.117774632084,46.858970787178,
    210.55262171545));
#2164 = CARTESIAN_POINT('',(4.296525506283,46.750458350454,
    210.78078313488));
#2165 = CARTESIAN_POINT('',(4.420833819531,46.670179612701,
    210.97680421128));
#2166 = CARTESIAN_POINT('',(4.525653228215,46.599083649216,
    211.18155582055));
#2167 = CARTESIAN_POINT('',(4.611708317524,46.538432528677,
    211.39328700389));
#2168 = CARTESIAN_POINT('',(4.679582224608,46.489267768623,
    211.61038672787));
#2169 = CARTESIAN_POINT('',(4.729653583932,46.452370156242,
    211.8313864951));
#2170 = CARTESIAN_POINT('',(4.762171369088,46.428224746934,
    212.05491704787));
#2171 = CARTESIAN_POINT('',(4.79592539535,46.403096627723,
    212.56090559764));
#2172 = CARTESIAN_POINT('',(4.787195862354,46.409497269403,
    212.84293695634));
#2173 = CARTESIAN_POINT('',(4.751461136591,46.436407128545,
    213.12357191847));
#2174 = CARTESIAN_POINT('',(4.688486777065,46.483456294771,
    213.40030360933));
#2175 = CARTESIAN_POINT('',(4.597809873746,46.549513396906,
    213.67044060746));
#2176 = CARTESIAN_POINT('',(4.478414254412,46.632757180388,
    213.93096384897));
#2177 = CARTESIAN_POINT('',(4.329182436429,46.730774235168,
    214.17861931476));
#2178 = CARTESIAN_POINT('',(4.113835293814,46.861334338452,
    214.45219120932));
#2179 = CARTESIAN_POINT('',(4.079064306249,46.882156313369,
    214.49436980942));
#2180 = CARTESIAN_POINT('',(4.043171466593,46.903372794073,
    214.53593442344));
#2181 = CARTESIAN_POINT('',(4.006143007365,46.924964160536,
    214.57685491255));
#2182 = CARTESIAN_POINT('',(3.967965248145,46.946909532145,
    214.61709892237));
#2183 = CARTESIAN_POINT('',(3.928624595576,46.969186767701,
    214.65663188296));
#2184 = CARTESIAN_POINT('',(3.888107543363,46.991772465424,
    214.69541700886));
#2185 = CARTESIAN_POINT('',(3.793951889706,47.043401667803,
    214.78120032839));
#2186 = CARTESIAN_POINT('',(3.739623894882,47.072608805921,214.827738848
    ));
#2187 = CARTESIAN_POINT('',(3.683389360789,47.102215036039,
    214.87295475414));
#2188 = CARTESIAN_POINT('',(3.625225015583,47.132166400676,
    214.9167624774));
#2189 = CARTESIAN_POINT('',(3.56511306098,47.162403379759,
    214.95906791273));
#2190 = CARTESIAN_POINT('',(3.503042590648,47.192860944228,
    214.99976934944));
#2191 = CARTESIAN_POINT('',(3.43901100861,47.223468609656,
    215.03875840123));
#2192 = CARTESIAN_POINT('',(3.321103454584,47.278293110575,
    215.10516298331));
#2193 = CARTESIAN_POINT('',(3.267973509747,47.30248080824,
    215.13327302858));
#2194 = CARTESIAN_POINT('',(3.213640919554,47.326676063977,
    215.1601949573));
#2195 = CARTESIAN_POINT('',(3.158116885258,47.350838299912,
    215.18586933183));
#2196 = CARTESIAN_POINT('',(3.101419568805,47.374924202443,
    215.21023447757));
#2197 = CARTESIAN_POINT('',(3.043575158696,47.398888045491,
    215.23322756883));
#2198 = CARTESIAN_POINT('',(2.98461893586,47.42268201376,215.25478571483
    ));
#2199 = CARTESIAN_POINT('',(2.825808353506,47.485056556755,
    215.30786491868));
#2200 = CARTESIAN_POINT('',(2.724091837944,47.523277897288,
    215.33684180159));
#2201 = CARTESIAN_POINT('',(2.619697178279,47.560678928632,
    215.36147931549));
#2202 = CARTESIAN_POINT('',(2.512930584496,47.597018545875,
    215.38151059146));
#2203 = CARTESIAN_POINT('',(2.404159524993,47.632063941396,
    215.39670937689));
#2204 = CARTESIAN_POINT('',(2.293819058215,47.665598816018,
    215.40690454395));
#2205 = CARTESIAN_POINT('',(2.182419062021,47.697432018066,215.412));
#2206 = CARTESIAN_POINT('',(2.07055236082,47.727406610313,215.412));
#2207 = PCURVE('',#33,#2208);
#2208 = DEFINITIONAL_REPRESENTATION('',(#2209),#2366);
#2209 = B_SPLINE_CURVE_WITH_KNOTS('',8,(#2210,#2211,#2212,#2213,#2214,
    #2215,#2216,#2217,#2218,#2219,#2220,#2221,#2222,#2223,#2224,#2225,
    #2226,#2227,#2228,#2229,#2230,#2231,#2232,#2233,#2234,#2235,#2236,
    #2237,#2238,#2239,#2240,#2241,#2242,#2243,#2244,#2245,#2246,#2247,
    #2248,#2249,#2250,#2251,#2252,#2253,#2254,#2255,#2256,#2257,#2258,
    #2259,#2260,#2261,#2262,#2263,#2264,#2265,#2266,#2267,#2268,#2269,
    #2270,#2271,#2272,#2273,#2274,#2275,#2276,#2277,#2278,#2279,#2280,
    #2281,#2282,#2283,#2284,#2285,#2286,#2287,#2288,#2289,#2290,#2291,
    #2292,#2293,#2294,#2295,#2296,#2297,#2298,#2299,#2300,#2301,#2302,
    #2303,#2304,#2305,#2306,#2307,#2308,#2309,#2310,#2311,#2312,#2313,
    #2314,#2315,#2316,#2317,#2318,#2319,#2320,#2321,#2322,#2323,#2324,
    #2325,#2326,#2327,#2328,#2329,#2330,#2331,#2332,#2333,#2334,#2335,
    #2336,#2337,#2338,#2339,#2340,#2341,#2342,#2343,#2344,#2345,#2346,
    #2347,#2348,#2349,#2350,#2351,#2352,#2353,#2354,#2355,#2356,#2357,
    #2358,#2359,#2360,#2361,#2362,#2363,#2364,#2365),.UNSPECIFIED.,.F.,
  .F.,(9,7,7,7,7,7,7,7,7,7,7,7,7,7,7,7,7,7,7,7,7,7,9),(0.,
    4.180993803797E-02,6.726173782846E-02,9.952465458653E-02,
    0.125193633677,0.238649571843,0.374461481993,0.400126103143,
    0.432392198765,0.457851464233,0.471680627851,0.499690526818,
    0.527706142427,0.541542155337,0.56702046193,0.599323276086,
    0.625030912073,0.735946768766,0.874674907276,0.900378876913,
    0.932703093023,0.958138016958,1.),.UNSPECIFIED.);
#2210 = CARTESIAN_POINT('',(-1.308996938996,-56.412));
#2211 = CARTESIAN_POINT('',(-1.323499655942,-56.412));
#2212 = CARTESIAN_POINT('',(-1.338006089768,-56.4068861511));
#2213 = CARTESIAN_POINT('',(-1.352443833696,-56.39665428117));
#2214 = CARTESIAN_POINT('',(-1.36674948873,-56.38140123346));
#2215 = CARTESIAN_POINT('',(-1.380867450537,-56.36129929749));
#2216 = CARTESIAN_POINT('',(-1.394748966494,-56.33657615666));
#2217 = CARTESIAN_POINT('',(-1.408351462882,-56.30750035267));
#2218 = CARTESIAN_POINT('',(-1.429726408313,-56.25420554446));
#2219 = CARTESIAN_POINT('',(-1.437699660361,-56.23253200795));
#2220 = CARTESIAN_POINT('',(-1.445551093474,-56.20941423471));
#2221 = CARTESIAN_POINT('',(-1.453275077021,-56.18491581847));
#2222 = CARTESIAN_POINT('',(-1.460867045627,-56.15910026778));
#2223 = CARTESIAN_POINT('',(-1.468323390147,-56.13202990456));
#2224 = CARTESIAN_POINT('',(-1.475641348634,-56.10376476273));
#2225 = CARTESIAN_POINT('',(-1.491917218744,-56.03708964525));
#2226 = CARTESIAN_POINT('',(-1.500789506016,-55.99799079152));
#2227 = CARTESIAN_POINT('',(-1.509432133738,-55.95717925754));
#2228 = CARTESIAN_POINT('',(-1.517842614134,-55.91476358735));
#2229 = CARTESIAN_POINT('',(-1.526019464435,-55.87084561206));
#2230 = CARTESIAN_POINT('',(-1.533962074256,-55.82551952492));
#2231 = CARTESIAN_POINT('',(-1.541670572992,-55.77887095637));
#2232 = CARTESIAN_POINT('',(-1.555093045613,-55.69286996638));
#2233 = CARTESIAN_POINT('',(-1.560892451909,-55.65397632087));
#2234 = CARTESIAN_POINT('',(-1.566544217107,-55.61433419872));
#2235 = CARTESIAN_POINT('',(-1.572048674006,-55.57398046462));
#2236 = CARTESIAN_POINT('',(-1.577406187181,-55.53294976175));
#2237 = CARTESIAN_POINT('',(-1.582617152984,-55.49127451177));
#2238 = CARTESIAN_POINT('',(-1.587681999547,-55.44898491483));
#2239 = CARTESIAN_POINT('',(-1.614343812378,-55.21659876894));
#2240 = CARTESIAN_POINT('',(-1.633225191439,-55.01576906415));
#2241 = CARTESIAN_POINT('',(-1.649317796803,-54.80582912424));
#2242 = CARTESIAN_POINT('',(-1.662613975609,-54.58864852897));
#2243 = CARTESIAN_POINT('',(-1.673099422765,-54.36594927258));
#2244 = CARTESIAN_POINT('',(-1.680753020954,-54.13930005446));
#2245 = CARTESIAN_POINT('',(-1.685563716024,-53.91016627328));
#2246 = CARTESIAN_POINT('',(-1.68985544324,-53.40423683863));
#2247 = CARTESIAN_POINT('',(-1.688092595875,-53.12774855961));
#2248 = CARTESIAN_POINT('',(-1.682247412526,-52.85269681435));
#2249 = CARTESIAN_POINT('',(-1.672322673278,-52.58155264861));
#2250 = CARTESIAN_POINT('',(-1.658359204477,-52.31691425997));
#2251 = CARTESIAN_POINT('',(-1.640387153463,-52.06164434278));
#2252 = CARTESIAN_POINT('',(-1.618446260187,-51.81882705279));
#2253 = CARTESIAN_POINT('',(-1.587490585535,-51.54941077889));
#2254 = CARTESIAN_POINT('',(-1.582425151442,-51.50717673675));
#2255 = CARTESIAN_POINT('',(-1.577213830634,-51.46555686056));
#2256 = CARTESIAN_POINT('',(-1.571856195836,-51.42458131975));
#2257 = CARTESIAN_POINT('',(-1.566351852106,-51.38428250228));
#2258 = CARTESIAN_POINT('',(-1.560700436838,-51.34469501464));
#2259 = CARTESIAN_POINT('',(-1.554901619763,-51.30585568182));
#2260 = CARTESIAN_POINT('',(-1.54147901829,-51.2199636123));
#2261 = CARTESIAN_POINT('',(-1.53376981631,-51.17337010098));
#2262 = CARTESIAN_POINT('',(-1.525826766982,-51.12809913657));
#2263 = CARTESIAN_POINT('',(-1.517649748907,-51.08423631896));
#2264 = CARTESIAN_POINT('',(-1.509239382168,-51.04187579728));
#2265 = CARTESIAN_POINT('',(-1.500597161188,-51.0011193424));
#2266 = CARTESIAN_POINT('',(-1.491725587591,-50.96207541947));
#2267 = CARTESIAN_POINT('',(-1.475450174518,-50.89549240398));
#2268 = CARTESIAN_POINT('',(-1.468131781818,-50.86726496519));
#2269 = CARTESIAN_POINT('',(-1.460675158161,-50.84023257251));
#2270 = CARTESIAN_POINT('',(-1.453083075428,-50.8144552314));
#2271 = CARTESIAN_POINT('',(-1.445359153158,-50.789995222));
#2272 = CARTESIAN_POINT('',(-1.43750796753,-50.76691599666));
#2273 = CARTESIAN_POINT('',(-1.429535160343,-50.74528107758));
#2274 = CARTESIAN_POINT('',(-1.417054455248,-50.71421960243));
#2275 = CARTESIAN_POINT('',(-1.412627515317,-50.70373078733));
#2276 = CARTESIAN_POINT('',(-1.408167842557,-50.69369672431));
#2277 = CARTESIAN_POINT('',(-1.403676661972,-50.68412732345));
#2278 = CARTESIAN_POINT('',(-1.399155309218,-50.67503218967));
#2279 = CARTESIAN_POINT('',(-1.394605230603,-50.66642062272));
#2280 = CARTESIAN_POINT('',(-1.390027983082,-50.65830161715));
#2281 = CARTESIAN_POINT('',(-1.376102723308,-50.63525469058));
#2282 = CARTESIAN_POINT('',(-1.366674694319,-50.62188003649));
#2283 = CARTESIAN_POINT('',(-1.357156185678,-50.61063291863));
#2284 = CARTESIAN_POINT('',(-1.347563229269,-50.60157555051));
#2285 = CARTESIAN_POINT('',(-1.337912922057,-50.59475738914));
#2286 = CARTESIAN_POINT('',(-1.328223497673,-50.5902131835));
#2287 = CARTESIAN_POINT('',(-1.318514397998,-50.58796102309));
#2288 = CARTESIAN_POINT('',(-1.299096310137,-50.58803975774));
#2289 = CARTESIAN_POINT('',(-1.28938580613,-50.59037159493));
#2290 = CARTESIAN_POINT('',(-1.279695563111,-50.59499597423));
#2291 = CARTESIAN_POINT('',(-1.270045019643,-50.60189436426));
#2292 = CARTESIAN_POINT('',(-1.260452394902,-50.61103159457));
#2293 = CARTESIAN_POINT('',(-1.250934761117,-50.62235782425));
#2294 = CARTESIAN_POINT('',(-1.241508116008,-50.63581051048));
#2295 = CARTESIAN_POINT('',(-1.227584280166,-50.65897422677));
#2296 = CARTESIAN_POINT('',(-1.223006735544,-50.66713329386));
#2297 = CARTESIAN_POINT('',(-1.218456485521,-50.67578485061));
#2298 = CARTESIAN_POINT('',(-1.213935083426,-50.68491986746));
#2299 = CARTESIAN_POINT('',(-1.209443971745,-50.6945290131));
#2300 = CARTESIAN_POINT('',(-1.204984482129,-50.70460265447));
#2301 = CARTESIAN_POINT('',(-1.200557835387,-50.71513085679));
#2302 = CARTESIAN_POINT('',(-1.188076221472,-50.74630872745));
#2303 = CARTESIAN_POINT('',(-1.180102524403,-50.76802090396));
#2304 = CARTESIAN_POINT('',(-1.172250843711,-50.79117724779));
#2305 = CARTESIAN_POINT('',(-1.164526798853,-50.81571409374));
#2306 = CARTESIAN_POINT('',(-1.1569349444,-50.84156787718));
#2307 = CARTESIAN_POINT('',(-1.149478879107,-50.86867623443));
#2308 = CARTESIAN_POINT('',(-1.142161354996,-50.89697910323));
#2309 = CARTESIAN_POINT('',(-1.125885026505,-50.96374640543));
#2310 = CARTESIAN_POINT('',(-1.117012024407,-51.0029002497));
#2311 = CARTESIAN_POINT('',(-1.108368989233,-51.04376692386));
#2312 = CARTESIAN_POINT('',(-1.099958394917,-51.08623780493));
#2313 = CARTESIAN_POINT('',(-1.091781712589,-51.13021100148));
#2314 = CARTESIAN_POINT('',(-1.083839542947,-51.17559227609));
#2315 = CARTESIAN_POINT('',(-1.076131748622,-51.22229596769));
#2316 = CARTESIAN_POINT('',(-1.062709403914,-51.30840604951));
#2317 = CARTESIAN_POINT('',(-1.056909406518,-51.34735411413));
#2318 = CARTESIAN_POINT('',(-1.051257290251,-51.38705097884));
#2319 = CARTESIAN_POINT('',(-1.045752719791,-51.4274597391));
#2320 = CARTESIAN_POINT('',(-1.040395328599,-51.46854571489));
#2321 = CARTESIAN_POINT('',(-1.035184718918,-51.51027645068));
#2322 = CARTESIAN_POINT('',(-1.03012046177,-51.55262171545));
#2323 = CARTESIAN_POINT('',(-1.003981762028,-51.78078313488));
#2324 = CARTESIAN_POINT('',(-0.985491777586,-51.97680421128));
#2325 = CARTESIAN_POINT('',(-0.969665337304,-52.18155582055));
#2326 = CARTESIAN_POINT('',(-0.956507949979,-52.3932870039));
#2327 = CARTESIAN_POINT('',(-0.946032340316,-52.61038672787));
#2328 = CARTESIAN_POINT('',(-0.938257702512,-52.8313864951));
#2329 = CARTESIAN_POINT('',(-0.933194959482,-53.05491704787));
#2330 = CARTESIAN_POINT('',(-0.927934914532,-53.56090559764));
#2331 = CARTESIAN_POINT('',(-0.929287982392,-53.84293695635));
#2332 = CARTESIAN_POINT('',(-0.934879460628,-54.12357191846));
#2333 = CARTESIAN_POINT('',(-0.94470623304,-54.40030360934));
#2334 = CARTESIAN_POINT('',(-0.958726999475,-54.67044060745));
#2335 = CARTESIAN_POINT('',(-0.976912180491,-54.93096384897));
#2336 = CARTESIAN_POINT('',(-0.999215461595,-55.17861931476));
#2337 = CARTESIAN_POINT('',(-1.030694703863,-55.45219120932));
#2338 = CARTESIAN_POINT('',(-1.035760723637,-55.49436980942));
#2339 = CARTESIAN_POINT('',(-1.04097239835,-55.53593442344));
#2340 = CARTESIAN_POINT('',(-1.046330154416,-55.57685491255));
#2341 = CARTESIAN_POINT('',(-1.051834385358,-55.61709892237));
#2342 = CARTESIAN_POINT('',(-1.057485451809,-55.65663188296));
#2343 = CARTESIAN_POINT('',(-1.063283681507,-55.69541700886));
#2344 = CARTESIAN_POINT('',(-1.076706412725,-55.78120032839));
#2345 = CARTESIAN_POINT('',(-1.084416316775,-55.827738848));
#2346 = CARTESIAN_POINT('',(-1.092359804923,-55.87295475414));
#2347 = CARTESIAN_POINT('',(-1.10053699056,-55.9167624774));
#2348 = CARTESIAN_POINT('',(-1.108947243894,-55.95906791273));
#2349 = CARTESIAN_POINT('',(-1.117589058843,-55.99976934944));
#2350 = CARTESIAN_POINT('',(-1.126459919931,-56.03875840123));
#2351 = CARTESIAN_POINT('',(-1.142713725831,-56.10516298331));
#2352 = CARTESIAN_POINT('',(-1.150010576255,-56.13327302858));
#2353 = CARTESIAN_POINT('',(-1.157444695913,-56.1601949573));
#2354 = CARTESIAN_POINT('',(-1.165013329765,-56.18586933183));
#2355 = CARTESIAN_POINT('',(-1.172712884971,-56.21023447757));
#2356 = CARTESIAN_POINT('',(-1.18053882359,-56.23322756883));
#2357 = CARTESIAN_POINT('',(-1.188485555281,-56.25478571483));
#2358 = CARTESIAN_POINT('',(-1.209813128646,-56.30786491868));
#2359 = CARTESIAN_POINT('',(-1.223394210521,-56.33684180159));
#2360 = CARTESIAN_POINT('',(-1.237252962504,-56.36147931549));
#2361 = CARTESIAN_POINT('',(-1.251347002501,-56.38151059146));
#2362 = CARTESIAN_POINT('',(-1.265627781517,-56.39670937689));
#2363 = CARTESIAN_POINT('',(-1.280039926302,-56.40690454395));
#2364 = CARTESIAN_POINT('',(-1.294520322604,-56.412));
#2365 = CARTESIAN_POINT('',(-1.308996938996,-56.412));
#2366 = ( GEOMETRIC_REPRESENTATION_CONTEXT(2) 
PARAMETRIC_REPRESENTATION_CONTEXT() REPRESENTATION_CONTEXT('2D SPACE',''
  ) );
#2367 = PCURVE('',#2368,#2373);
#2368 = CONICAL_SURFACE('',#2369,3.,8.777389232722E-02);
#2369 = AXIS2_PLACEMENT_3D('',#2370,#2371,#2372);
#2370 = CARTESIAN_POINT('',(1.811733315718,46.761480784023,212.5));
#2371 = DIRECTION('',(-0.258819045103,-0.965925826289,-0.));
#2372 = DIRECTION('',(0.,0.,1.));
#2373 = DEFINITIONAL_REPRESENTATION('',(#2374),#2531);
#2374 = B_SPLINE_CURVE_WITH_KNOTS('',8,(#2375,#2376,#2377,#2378,#2379,
    #2380,#2381,#2382,#2383,#2384,#2385,#2386,#2387,#2388,#2389,#2390,
    #2391,#2392,#2393,#2394,#2395,#2396,#2397,#2398,#2399,#2400,#2401,
    #2402,#2403,#2404,#2405,#2406,#2407,#2408,#2409,#2410,#2411,#2412,
    #2413,#2414,#2415,#2416,#2417,#2418,#2419,#2420,#2421,#2422,#2423,
    #2424,#2425,#2426,#2427,#2428,#2429,#2430,#2431,#2432,#2433,#2434,
    #2435,#2436,#2437,#2438,#2439,#2440,#2441,#2442,#2443,#2444,#2445,
    #2446,#2447,#2448,#2449,#2450,#2451,#2452,#2453,#2454,#2455,#2456,
    #2457,#2458,#2459,#2460,#2461,#2462,#2463,#2464,#2465,#2466,#2467,
    #2468,#2469,#2470,#2471,#2472,#2473,#2474,#2475,#2476,#2477,#2478,
    #2479,#2480,#2481,#2482,#2483,#2484,#2485,#2486,#2487,#2488,#2489,
    #2490,#2491,#2492,#2493,#2494,#2495,#2496,#2497,#2498,#2499,#2500,
    #2501,#2502,#2503,#2504,#2505,#2506,#2507,#2508,#2509,#2510,#2511,
    #2512,#2513,#2514,#2515,#2516,#2517,#2518,#2519,#2520,#2521,#2522,
    #2523,#2524,#2525,#2526,#2527,#2528,#2529,#2530),.UNSPECIFIED.,.F.,
  .F.,(9,7,7,7,7,7,7,7,7,7,7,7,7,7,7,7,7,7,7,7,7,7,9),(0.,
    4.180993803797E-02,6.726173782846E-02,9.952465458653E-02,
    0.125193633677,0.238649571843,0.374461481993,0.400126103143,
    0.432392198765,0.457851464233,0.471680627851,0.499690526818,
    0.527706142427,0.541542155337,0.56702046193,0.599323276086,
    0.625030912073,0.735946768766,0.874674907276,0.900378876913,
    0.932703093023,0.958138016958,1.),.UNSPECIFIED.);
#2375 = CARTESIAN_POINT('',(-6.28318530718,-1.));
#2376 = CARTESIAN_POINT('',(-6.243342678206,-1.));
#2377 = CARTESIAN_POINT('',(-6.203489866617,-0.998077012547));
#2378 = CARTESIAN_POINT('',(-6.163751310502,-0.994229222177));
#2379 = CARTESIAN_POINT('',(-6.12422692199,-0.988509703716));
#2380 = CARTESIAN_POINT('',(-6.084999072524,-0.981015449995));
#2381 = CARTESIAN_POINT('',(-6.046137752884,-0.97187707525));
#2382 = CARTESIAN_POINT('',(-6.007703907941,-0.961249194192));
#2383 = CARTESIAN_POINT('',(-5.946647080646,-0.942028303763));
#2384 = CARTESIAN_POINT('',(-5.923715664711,-0.934264179282));
#2385 = CARTESIAN_POINT('',(-5.900964335808,-0.926045654034));
#2386 = CARTESIAN_POINT('',(-5.878398495545,-0.917410204484));
#2387 = CARTESIAN_POINT('',(-5.856021500849,-0.908395636483));
#2388 = CARTESIAN_POINT('',(-5.833834855143,-0.899039488915));
#2389 = CARTESIAN_POINT('',(-5.811838399524,-0.889378437345));
#2390 = CARTESIAN_POINT('',(-5.762386630979,-0.866859408024));
#2391 = CARTESIAN_POINT('',(-5.735047015411,-0.853838358633));
#2392 = CARTESIAN_POINT('',(-5.708006816196,-0.840456169389));
#2393 = CARTESIAN_POINT('',(-5.681259590986,-0.826781735596));
#2394 = CARTESIAN_POINT('',(-5.654797302533,-0.81288081244));
#2395 = CARTESIAN_POINT('',(-5.628610325079,-0.79881559948));
#2396 = CARTESIAN_POINT('',(-5.602687450768,-0.784644325125));
#2397 = CARTESIAN_POINT('',(-5.556591127677,-0.75910435366));
#2398 = CARTESIAN_POINT('',(-5.53632611291,-0.747755270363));
#2399 = CARTESIAN_POINT('',(-5.516214801282,-0.736400958317));
#2400 = CARTESIAN_POINT('',(-5.496251124701,-0.725067594413));
#2401 = CARTESIAN_POINT('',(-5.476428997444,-0.713780155347));
#2402 = CARTESIAN_POINT('',(-5.456742316152,-0.702562417618));
#2403 = CARTESIAN_POINT('',(-5.437184959836,-0.691436957526));
#2404 = CARTESIAN_POINT('',(-5.331852477433,-0.631753374404));
#2405 = CARTESIAN_POINT('',(-5.248421196812,-0.585337173393));
#2406 = CARTESIAN_POINT('',(-5.166807277206,-0.542959665868));
#2407 = CARTESIAN_POINT('',(-5.086605962814,-0.506124280433));
#2408 = CARTESIAN_POINT('',(-5.007457337054,-0.476061430723));
#2409 = CARTESIAN_POINT('',(-4.929048074681,-0.453664707645));
#2410 = CARTESIAN_POINT('',(-4.851064485938,-0.439475087739));
#2411 = CARTESIAN_POINT('',(-4.679909370905,-0.426787169174));
#2412 = CARTESIAN_POINT('',(-4.587043483678,-0.431951757062));
#2413 = CARTESIAN_POINT('',(-4.493960206248,-0.449427154689));
#2414 = CARTESIAN_POINT('',(-4.400149088554,-0.478775936411));
#2415 = CARTESIAN_POINT('',(-4.305121960446,-0.518802287152));
#2416 = CARTESIAN_POINT('',(-4.208294841476,-0.567574368782));
#2417 = CARTESIAN_POINT('',(-4.109052238018,-0.622607847137));
#2418 = CARTESIAN_POINT('',(-3.9868523932,-0.691858103968));
#2419 = CARTESIAN_POINT('',(-3.967307142836,-0.702977381804));
#2420 = CARTESIAN_POINT('',(-3.947632612341,-0.714188150544));
#2421 = CARTESIAN_POINT('',(-3.927822694628,-0.725467864702));
#2422 = CARTESIAN_POINT('',(-3.907871301469,-0.736792781151));
#2423 = CARTESIAN_POINT('',(-3.887772363501,-0.748137959121));
#2424 = CARTESIAN_POINT('',(-3.867519830218,-0.7594772602));
#2425 = CARTESIAN_POINT('',(-3.821445077478,-0.784997597537));
#2426 = CARTESIAN_POINT('',(-3.795531228017,-0.799158641671));
#2427 = CARTESIAN_POINT('',(-3.769353369116,-0.813212676493));
#2428 = CARTESIAN_POINT('',(-3.742900325653,-0.827101516787));
#2429 = CARTESIAN_POINT('',(-3.716162507493,-0.840763013561));
#2430 = CARTESIAN_POINT('',(-3.68913191711,-0.854131471262));
#2431 = CARTESIAN_POINT('',(-3.661802157225,-0.867138064981));
#2432 = CARTESIAN_POINT('',(-3.61236430721,-0.889632019497));
#2433 = CARTESIAN_POINT('',(-3.590371725433,-0.89928259061));
#2434 = CARTESIAN_POINT('',(-3.568189088158,-0.908627774992));
#2435 = CARTESIAN_POINT('',(-3.545816261976,-0.917630923088));
#2436 = CARTESIAN_POINT('',(-3.523254776488,-0.926254528804));
#2437 = CARTESIAN_POINT('',(-3.500508015778,-0.934460826497));
#2438 = CARTESIAN_POINT('',(-3.47758140989,-0.942212387982));
#2439 = CARTESIAN_POINT('',(-3.441935647772,-0.953416443403));
#2440 = CARTESIAN_POINT('',(-3.429337944974,-0.957215266617));
#2441 = CARTESIAN_POINT('',(-3.416690813848,-0.960863244499));
#2442 = CARTESIAN_POINT('',(-3.403995769264,-0.964354630143));
#2443 = CARTESIAN_POINT('',(-3.391254545034,-0.967683874408));
#2444 = CARTESIAN_POINT('',(-3.378469093916,-0.970845625922));
#2445 = CARTESIAN_POINT('',(-3.365641587608,-0.973834731082));
#2446 = CARTESIAN_POINT('',(-3.326712959561,-0.982340715381));
#2447 = CARTESIAN_POINT('',(-3.300486244885,-0.987307376887));
#2448 = CARTESIAN_POINT('',(-3.274117555961,-0.991504877939));
#2449 = CARTESIAN_POINT('',(-3.247631283139,-0.9948980227));
#2450 = CARTESIAN_POINT('',(-3.221053497704,-0.997458861287));
#2451 = CARTESIAN_POINT('',(-3.194412525705,-0.999167790921));
#2452 = CARTESIAN_POINT('',(-3.167739521782,-1.000014657088));
#2453 = CARTESIAN_POINT('',(-3.114393120918,-0.999985049281));
#2454 = CARTESIAN_POINT('',(-3.087715602262,-0.999108220767));
#2455 = CARTESIAN_POINT('',(-3.061071053523,-0.997369222397));
#2456 = CARTESIAN_POINT('',(-3.034490617,-0.994778456987));
#2457 = CARTESIAN_POINT('',(-3.008002585347,-0.991355766146));
#2458 = CARTESIAN_POINT('',(-2.981632976145,-0.987129319498));
#2459 = CARTESIAN_POINT('',(-2.955406106465,-0.982134503901));
#2460 = CARTESIAN_POINT('',(-2.916474506517,-0.973587053105));
#2461 = CARTESIAN_POINT('',(-2.903643698772,-0.970583817961));
#2462 = CARTESIAN_POINT('',(-2.89085512652,-0.967408085881));
#2463 = CARTESIAN_POINT('',(-2.878110952787,-0.964065031525));
#2464 = CARTESIAN_POINT('',(-2.865413121311,-0.960560025573));
#2465 = CARTESIAN_POINT('',(-2.852763356536,-0.956898634723));
#2466 = CARTESIAN_POINT('',(-2.840163163614,-0.953086621691));
#2467 = CARTESIAN_POINT('',(-2.804504872666,-0.941843928847));
#2468 = CARTESIAN_POINT('',(-2.781568638249,-0.934067240121));
#2469 = CARTESIAN_POINT('',(-2.758812732566,-0.925836486733));
#2470 = CARTESIAN_POINT('',(-2.736242528766,-0.917189193403));
#2471 = CARTESIAN_POINT('',(-2.713861356606,-0.90816320617));
#2472 = CARTESIAN_POINT('',(-2.691670693328,-0.898796096689));
#2473 = CARTESIAN_POINT('',(-2.669670354534,-0.889124566523));
#2474 = CARTESIAN_POINT('',(-2.620204637379,-0.866580459978));
#2475 = CARTESIAN_POINT('',(-2.592855145577,-0.853544951381));
#2476 = CARTESIAN_POINT('',(-2.565805316941,-0.840149028493));
#2477 = CARTESIAN_POINT('',(-2.539048664028,-0.826461657108));
#2478 = CARTESIAN_POINT('',(-2.512577109835,-0.812548652149));
#2479 = CARTESIAN_POINT('',(-2.486380992969,-0.798472263844));
#2480 = CARTESIAN_POINT('',(-2.460449072824,-0.78429076389));
#2481 = CARTESIAN_POINT('',(-2.414331122643,-0.758731157819));
#2482 = CARTESIAN_POINT('',(-2.394053590992,-0.747372287114));
#2483 = CARTESIAN_POINT('',(-2.373929870472,-0.736008837796));
#2484 = CARTESIAN_POINT('',(-2.353953875366,-0.724667025383));
#2485 = CARTESIAN_POINT('',(-2.334119503551,-0.713371862629));
#2486 = CARTESIAN_POINT('',(-2.314420636503,-0.702147159531));
#2487 = CARTESIAN_POINT('',(-2.294851139297,-0.69101552332));
#2488 = CARTESIAN_POINT('',(-2.191503693567,-0.632464688786));
#2489 = CARTESIAN_POINT('',(-2.109952569684,-0.587094741622));
#2490 = CARTESIAN_POINT('',(-2.030148186361,-0.54555057361));
#2491 = CARTESIAN_POINT('',(-1.951708656152,-0.509238785932));
#2492 = CARTESIAN_POINT('',(-1.874295845033,-0.479316334269));
#2493 = CARTESIAN_POINT('',(-1.797614216871,-0.45663539895));
#2494 = CARTESIAN_POINT('',(-1.721368925291,-0.441728946616));
#2495 = CARTESIAN_POINT('',(-1.550018109224,-0.426193232149));
#2496 = CARTESIAN_POINT('',(-1.455365244466,-0.430116407859));
#2497 = CARTESIAN_POINT('',(-1.360573107169,-0.446860508186));
#2498 = CARTESIAN_POINT('',(-1.265074706916,-0.476007549353));
#2499 = CARTESIAN_POINT('',(-1.168344207337,-0.516344900783));
#2500 = CARTESIAN_POINT('',(-1.069761757404,-0.565850360941));
#2501 = CARTESIAN_POINT('',(-0.968688706417,-0.621903528941));
#2502 = CARTESIAN_POINT('',(-0.844519689121,-0.692278962769));
#2503 = CARTESIAN_POINT('',(-0.824986509823,-0.703392052296));
#2504 = CARTESIAN_POINT('',(-0.80532409527,-0.714595848466));
#2505 = CARTESIAN_POINT('',(-0.785526352238,-0.725867836499));
#2506 = CARTESIAN_POINT('',(-0.765587207587,-0.737184306517));
#2507 = CARTESIAN_POINT('',(-0.745500608264,-0.748520353548));
#2508 = CARTESIAN_POINT('',(-0.725260521303,-0.759849877519));
#2509 = CARTESIAN_POINT('',(-0.679207282518,-0.785350581117));
#2510 = CARTESIAN_POINT('',(-0.65330243703,-0.799501390395));
#2511 = CARTESIAN_POINT('',(-0.627133675934,-0.813544244269));
#2512 = CARTESIAN_POINT('',(-0.600689856817,-0.82742100062));
#2513 = CARTESIAN_POINT('',(-0.57396142513,-0.841069560934));
#2514 = CARTESIAN_POINT('',(-0.54694042304,-0.8544242892));
#2515 = CARTESIAN_POINT('',(-0.519620498281,-0.867416430801));
#2516 = CARTESIAN_POINT('',(-0.470260769819,-0.889856111608));
#2517 = CARTESIAN_POINT('',(-0.448337395033,-0.899468591873));
#2518 = CARTESIAN_POINT('',(-0.426225222245,-0.90877710515));
#2519 = CARTESIAN_POINT('',(-0.4039241399,-0.917745355324));
#2520 = CARTESIAN_POINT('',(-0.381435680029,-0.926336205324));
#2521 = CARTESIAN_POINT('',(-0.358763206983,-0.934512265233));
#2522 = CARTESIAN_POINT('',(-0.335912106156,-0.942236480397));
#2523 = CARTESIAN_POINT('',(-0.274999072721,-0.961382459101));
#2524 = CARTESIAN_POINT('',(-0.23662960707,-0.971975267608));
#2525 = CARTESIAN_POINT('',(-0.19783465366,-0.981082563586));
#2526 = CARTESIAN_POINT('',(-0.158674880347,-0.988550710546));
#2527 = CARTESIAN_POINT('',(-0.119220031183,-0.994249941416));
#2528 = CARTESIAN_POINT('',(-7.955220468627E-02,-0.998083928648));
#2529 = CARTESIAN_POINT('',(-3.977092415327E-02,-1.));
#2530 = CARTESIAN_POINT('',(0.,-1.));
#2531 = ( GEOMETRIC_REPRESENTATION_CONTEXT(2) 
PARAMETRIC_REPRESENTATION_CONTEXT() REPRESENTATION_CONTEXT('2D SPACE',''
  ) );
#2532 = FACE_BOUND('',#2533,.F.);
#2533 = EDGE_LOOP('',(#2534));
#2534 = ORIENTED_EDGE('',*,*,#2535,.F.);
#2535 = EDGE_CURVE('',#2536,#2536,#2538,.T.);
#2536 = VERTEX_POINT('',#2537);
#2537 = CARTESIAN_POINT('',(5.142300877492,33.871644455048,226.912));
#2538 = SURFACE_CURVE('',#2539,(#2696,#2856),.PCURVE_S1.);
#2539 = B_SPLINE_CURVE_WITH_KNOTS('',8,(#2540,#2541,#2542,#2543,#2544,
    #2545,#2546,#2547,#2548,#2549,#2550,#2551,#2552,#2553,#2554,#2555,
    #2556,#2557,#2558,#2559,#2560,#2561,#2562,#2563,#2564,#2565,#2566,
    #2567,#2568,#2569,#2570,#2571,#2572,#2573,#2574,#2575,#2576,#2577,
    #2578,#2579,#2580,#2581,#2582,#2583,#2584,#2585,#2586,#2587,#2588,
    #2589,#2590,#2591,#2592,#2593,#2594,#2595,#2596,#2597,#2598,#2599,
    #2600,#2601,#2602,#2603,#2604,#2605,#2606,#2607,#2608,#2609,#2610,
    #2611,#2612,#2613,#2614,#2615,#2616,#2617,#2618,#2619,#2620,#2621,
    #2622,#2623,#2624,#2625,#2626,#2627,#2628,#2629,#2630,#2631,#2632,
    #2633,#2634,#2635,#2636,#2637,#2638,#2639,#2640,#2641,#2642,#2643,
    #2644,#2645,#2646,#2647,#2648,#2649,#2650,#2651,#2652,#2653,#2654,
    #2655,#2656,#2657,#2658,#2659,#2660,#2661,#2662,#2663,#2664,#2665,
    #2666,#2667,#2668,#2669,#2670,#2671,#2672,#2673,#2674,#2675,#2676,
    #2677,#2678,#2679,#2680,#2681,#2682,#2683,#2684,#2685,#2686,#2687,
    #2688,#2689,#2690,#2691,#2692,#2693,#2694,#2695),.UNSPECIFIED.,.T.,
  .F.,(9,7,7,7,7,7,7,7,7,7,7,7,7,7,7,7,7,7,7,7,7,7,9),(0.,
    4.180993803705E-02,6.726173782702E-02,9.95246545844E-02,
    0.125193633675,0.23864957184,0.37446148199,0.400126103141,
    0.432392198762,0.457851464231,0.471680627849,0.499690526816,
    0.527706142426,0.541542155335,0.567020461929,0.599323276085,
    0.625030912072,0.735946768768,0.874674907276,0.900378876912,
    0.932703093023,0.958138016958,1.),.UNSPECIFIED.);
#2540 = CARTESIAN_POINT('',(5.142300877492,33.871644455048,
    226.91199999999));
#2541 = CARTESIAN_POINT('',(5.231178683307,33.946221789127,
    226.91199999999));
#2542 = CARTESIAN_POINT('',(5.31884319656,34.022291331703,226.9068861511
    ));
#2543 = CARTESIAN_POINT('',(5.404821024735,34.099458229211,
    226.89665428117));
#2544 = CARTESIAN_POINT('',(5.488729207768,34.177331855738,
    226.88140123346));
#2545 = CARTESIAN_POINT('',(5.570263746174,34.255530510278,
    226.86129929749));
#2546 = CARTESIAN_POINT('',(5.64918920041,34.333686130822,
    226.83657615666));
#2547 = CARTESIAN_POINT('',(5.725329361497,34.411449025312,
    226.80750035267));
#2548 = CARTESIAN_POINT('',(5.843137531001,34.535392907365,
    226.75420554446));
#2549 = CARTESIAN_POINT('',(5.886648614245,34.582038385961,
    226.73253200795));
#2550 = CARTESIAN_POINT('',(5.929071935524,34.628364301965,
    226.70941423471));
#2551 = CARTESIAN_POINT('',(5.97039574982,34.674311878088,
    226.68491581847));
#2552 = CARTESIAN_POINT('',(6.010615754211,34.719828151718,
    226.65910026778));
#2553 = CARTESIAN_POINT('',(6.049733967901,34.764865813633,
    226.63202990456));
#2554 = CARTESIAN_POINT('',(6.087757612244,34.809383046719,
    226.60376476273));
#2555 = CARTESIAN_POINT('',(6.171523927139,34.909067835678,
    226.53708964525));
#2556 = CARTESIAN_POINT('',(6.216607073685,34.963894860107,
    226.49799079151));
#2557 = CARTESIAN_POINT('',(6.259973383098,35.017752721726,
    226.45717925753));
#2558 = CARTESIAN_POINT('',(6.301655297001,35.07057870586,
    226.41476358734));
#2559 = CARTESIAN_POINT('',(6.341690442307,35.122318547937,
    226.37084561206));
#2560 = CARTESIAN_POINT('',(6.38012032757,35.17292588201,226.32551952492
    ));
#2561 = CARTESIAN_POINT('',(6.416989039334,35.222361689296,
    226.27887095636));
#2562 = CARTESIAN_POINT('',(6.480469365281,35.308968072305,
    226.19286996638));
#2563 = CARTESIAN_POINT('',(6.507636244233,35.346578966477,
    226.15397632086));
#2564 = CARTESIAN_POINT('',(6.533865274376,35.383409737707,
    226.11433419871));
#2565 = CARTESIAN_POINT('',(6.559178690316,35.419444871539,
    226.07398046462));
#2566 = CARTESIAN_POINT('',(6.58359826223,35.454670030559,
    226.03294976175));
#2567 = CARTESIAN_POINT('',(6.607145295865,35.4890720544,225.99127451177
    ));
#2568 = CARTESIAN_POINT('',(6.629840632544,35.522638959737,
    225.94898491483));
#2569 = CARTESIAN_POINT('',(6.748342793918,35.699985464101,
    225.71659876893));
#2570 = CARTESIAN_POINT('',(6.828670041618,35.82798007516,
    225.51576906415));
#2571 = CARTESIAN_POINT('',(6.894593499929,35.938616331954,
    225.30582912421));
#2572 = CARTESIAN_POINT('',(6.947376086088,36.030991361165,
    225.08864852899));
#2573 = CARTESIAN_POINT('',(6.988045442967,36.104361266691,
    224.86594927254));
#2574 = CARTESIAN_POINT('',(7.017303075842,36.158148181198,
    224.63930005445));
#2575 = CARTESIAN_POINT('',(7.035586765689,36.192013251866,
    224.41016627326));
#2576 = CARTESIAN_POINT('',(7.051870561098,36.222239879966,
    223.90423683861));
#2577 = CARTESIAN_POINT('',(7.045137514095,36.209848292033,
    223.62774855959));
#2578 = CARTESIAN_POINT('',(7.023143329352,36.168580468281,
    223.35269681432));
#2579 = CARTESIAN_POINT('',(6.985497030889,36.098679359531,
    223.08155264861));
#2580 = CARTESIAN_POINT('',(6.931317138619,36.000966341888,
    222.81691425995));
#2581 = CARTESIAN_POINT('',(6.859004603071,35.876621489106,
    222.56164434278));
#2582 = CARTESIAN_POINT('',(6.766609582289,35.727251757442,
    222.31882705279));
#2583 = CARTESIAN_POINT('',(6.628983508271,35.521369979439,
    222.04941077889));
#2584 = CARTESIAN_POINT('',(6.606279101079,35.487803533399,
    222.00717673675));
#2585 = CARTESIAN_POINT('',(6.582723837741,35.453403701388,
    221.96555686056));
#2586 = CARTESIAN_POINT('',(6.558296912949,35.418182456721,
    221.92458131975));
#2587 = CARTESIAN_POINT('',(6.532977062269,35.38215295087,
    221.88428250228));
#2588 = CARTESIAN_POINT('',(6.50674256214,35.345329513467,
    221.84469501464));
#2589 = CARTESIAN_POINT('',(6.479571229872,35.307727652298,
    221.80585568182));
#2590 = CARTESIAN_POINT('',(6.416073788848,35.221132538569,
    221.7199636123));
#2591 = CARTESIAN_POINT('',(6.379192222869,35.171699299922,
    221.67337010098));
#2592 = CARTESIAN_POINT('',(6.340750446978,35.121096580447,
    221.62809913657));
#2593 = CARTESIAN_POINT('',(6.300704470473,35.069363422973,
    221.58423631896));
#2594 = CARTESIAN_POINT('',(6.259012896597,35.016546221238,
    221.54187579728));
#2595 = CARTESIAN_POINT('',(6.215638228441,34.962699271055,
    221.5011193424));
#2596 = CARTESIAN_POINT('',(6.170548174855,34.907885321472,
    221.46207541947));
#2597 = CARTESIAN_POINT('',(6.086765214879,34.808219298466,
    221.39549240398));
#2598 = CARTESIAN_POINT('',(6.048730793021,34.763706703235,
    221.3672649652));
#2599 = CARTESIAN_POINT('',(6.009602466939,34.71867486744,
    221.34023257251));
#2600 = CARTESIAN_POINT('',(5.969373102476,34.673165647404,
    221.3144552314));
#2601 = CARTESIAN_POINT('',(5.928040774966,34.627226388873,221.289995222
    ));
#2602 = CARTESIAN_POINT('',(5.885609889049,34.580910087323,
    221.26691599666));
#2603 = CARTESIAN_POINT('',(5.842092298479,34.534275548259,
    221.24528107758));
#2604 = CARTESIAN_POINT('',(5.773291008157,34.461918555309,
    221.21421960244));
#2605 = CARTESIAN_POINT('',(5.748759164536,34.436374882861,
    221.20373078733));
#2606 = CARTESIAN_POINT('',(5.72391623767,34.410767095172,
    221.19369672431));
#2607 = CARTESIAN_POINT('',(5.698766440597,34.385106229454,
    221.18412732345));
#2608 = CARTESIAN_POINT('',(5.673314856797,34.359403795144,
    221.17503218968));
#2609 = CARTESIAN_POINT('',(5.647567440192,34.333671773893,
    221.16642062272));
#2610 = CARTESIAN_POINT('',(5.621531015145,34.307922619574,
    221.15830161716));
#2611 = CARTESIAN_POINT('',(5.541908736724,34.23000782121,
    221.13525469059));
#2612 = CARTESIAN_POINT('',(5.487445140765,34.177823921795,
    221.12188003649));
#2613 = CARTESIAN_POINT('',(5.431893451608,34.125731071443,
    221.11063291863));
#2614 = CARTESIAN_POINT('',(5.375335873029,34.073844192211,
    221.10157555051));
#2615 = CARTESIAN_POINT('',(5.317866717207,34.022278907399,
    221.09475738914));
#2616 = CARTESIAN_POINT('',(5.259593272373,33.97115083213,
    221.09021318351));
#2617 = CARTESIAN_POINT('',(5.20063667046,33.920574863941,
    221.08796102309));
#2618 = CARTESIAN_POINT('',(5.081616694674,33.820743896404,
    221.08803975774));
#2619 = CARTESIAN_POINT('',(5.021543768451,33.771481344501,
    221.09037159493));
#2620 = CARTESIAN_POINT('',(4.961049530167,33.722990752617,
    221.09499597423));
#2621 = CARTESIAN_POINT('',(4.900268302968,33.675371251342,
    221.10189436426));
#2622 = CARTESIAN_POINT('',(4.839332631293,33.628708157287,
    221.11103159457));
#2623 = CARTESIAN_POINT('',(4.778372733115,33.583073963472,
    221.12235782425));
#2624 = CARTESIAN_POINT('',(4.717515952171,33.538529329717,
    221.13581051049));
#2625 = CARTESIAN_POINT('',(4.626943127588,33.473687610589,
    221.15897422677));
#2626 = CARTESIAN_POINT('',(4.597053962078,33.452528067882,
    221.16713329386));
#2627 = CARTESIAN_POINT('',(4.567232770804,33.431650741089,
    221.17578485061));
#2628 = CARTESIAN_POINT('',(4.537492992274,33.411060151418,
    221.18491986746));
#2629 = CARTESIAN_POINT('',(4.507847446374,33.390760045106,
    221.1945290131));
#2630 = CARTESIAN_POINT('',(4.478308334366,33.37075339342,
    221.20460265448));
#2631 = CARTESIAN_POINT('',(4.448887238888,33.351042392654,
    221.21513085679));
#2632 = CARTESIAN_POINT('',(4.365655199933,33.295878712655,
    221.24630872745));
#2633 = CARTESIAN_POINT('',(4.312153107437,33.261136872724,
    221.26802090397));
#2634 = CARTESIAN_POINT('',(4.259156099847,33.227411588672,
    221.29117724779));
#2635 = CARTESIAN_POINT('',(4.206724054266,33.194704118309,
    221.31571409374));
#2636 = CARTESIAN_POINT('',(4.154909825827,33.163009407862,
    221.34156787718));
#2637 = CARTESIAN_POINT('',(4.103759602,33.132317166912,221.36867623443)
  );
#2638 = CARTESIAN_POINT('',(4.053313256902,33.102612943324,
    221.39697910323));
#2639 = CARTESIAN_POINT('',(3.94058143956,33.037448957985,
    221.46374640543));
#2640 = CARTESIAN_POINT('',(3.878747070871,33.002580409966,
    221.5029002497));
#2641 = CARTESIAN_POINT('',(3.81816765294,32.96923537811,221.54376692387
    ));
#2642 = CARTESIAN_POINT('',(3.758899254329,32.937370881072,
    221.58623780493));
#2643 = CARTESIAN_POINT('',(3.700988728124,32.906940317981,
    221.63021100149));
#2644 = CARTESIAN_POINT('',(3.644474481315,32.87789465423,221.6755922761
    ));
#2645 = CARTESIAN_POINT('',(3.589387244173,32.850183607274,
    221.72229596769));
#2646 = CARTESIAN_POINT('',(3.49306523467,32.802725540704,
    221.80840604952));
#2647 = CARTESIAN_POINT('',(3.45130012015,32.782508401131,
    221.84735411414));
#2648 = CARTESIAN_POINT('',(3.410467987953,32.763080103635,
    221.88705097884));
#2649 = CARTESIAN_POINT('',(3.370580253475,32.744416004945,
    221.9274597391));
#2650 = CARTESIAN_POINT('',(3.331647255617,32.726492128594,
    221.96854571489));
#2651 = CARTESIAN_POINT('',(3.293678256779,32.709285164919,
    222.01027645068));
#2652 = CARTESIAN_POINT('',(3.256681442867,32.692772471061,
    222.05262171545));
#2653 = CARTESIAN_POINT('',(3.065265969074,32.608588503798,
    222.28078313488));
#2654 = CARTESIAN_POINT('',(2.928205157603,32.552807087191,
    222.4768042113));
#2655 = CARTESIAN_POINT('',(2.80984481089,32.507723023668,
    222.68155582056));
#2656 = CARTESIAN_POINT('',(2.710803150038,32.472018874906,
    222.89328700392));
#2657 = CARTESIAN_POINT('',(2.631598862605,32.444619573042,
    223.11038672789));
#2658 = CARTESIAN_POINT('',(2.57265435614,32.424767117705,
    223.33138649514));
#2659 = CARTESIAN_POINT('',(2.534224159422,32.411979345346,
    223.5549170479));
#2660 = CARTESIAN_POINT('',(2.494279895113,32.398742562803,
    224.06090559767));
#2661 = CARTESIAN_POINT('',(2.504530048258,32.402222120356,
    224.34293695638));
#2662 = CARTESIAN_POINT('',(2.547069911049,32.416059432912,
    224.62357191847));
#2663 = CARTESIAN_POINT('',(2.621730940461,32.440658715154,
    224.90030360936));
#2664 = CARTESIAN_POINT('',(2.72785188578,32.477048088643,
    225.17044060746));
#2665 = CARTESIAN_POINT('',(2.864523715047,32.52710458162,
    225.43096384898));
#2666 = CARTESIAN_POINT('',(3.03041044019,32.59312785741,225.67861931476
    ));
#2667 = CARTESIAN_POINT('',(3.260877062334,32.694643710742,
    225.95219120932));
#2668 = CARTESIAN_POINT('',(3.297877244789,32.711183442118,
    225.99436980942));
#2669 = CARTESIAN_POINT('',(3.335844055391,32.728415861703,
    226.03593442344));
#2670 = CARTESIAN_POINT('',(3.374769319056,32.746363500745,
    226.07685491255));
#2671 = CARTESIAN_POINT('',(3.414643778153,32.765049542214,
    226.11709892236));
#2672 = CARTESIAN_POINT('',(3.455457092504,32.784497820808,
    226.15663188296));
#2673 = CARTESIAN_POINT('',(3.497197839385,32.804732822945,
    226.19541700886));
#2674 = CARTESIAN_POINT('',(3.593495470346,32.852247325206,
    226.28120032839));
#2675 = CARTESIAN_POINT('',(3.648581814909,32.879997687031,226.327738848
    ));
#2676 = CARTESIAN_POINT('',(3.705088622498,32.909080884628,
    226.37295475413));
#2677 = CARTESIAN_POINT('',(3.762985041916,32.939546929915,
    226.4167624774));
#2678 = CARTESIAN_POINT('',(3.822232525848,32.971444541707,
    226.45906791273));
#2679 = CARTESIAN_POINT('',(3.882784061222,33.004819953081,
    226.49976934944));
#2680 = CARTESIAN_POINT('',(3.944583399568,33.039715718745,
    226.53875840123));
#2681 = CARTESIAN_POINT('',(4.05712199623,33.104853890801,
    226.60516298331));
#2682 = CARTESIAN_POINT('',(4.107409482642,33.134501900297,
    226.63327302857));
#2683 = CARTESIAN_POINT('',(4.158392969301,33.165130724063,
    226.66019495729));
#2684 = CARTESIAN_POINT('',(4.210032791985,33.196754461081,
    226.68586933183));
#2685 = CARTESIAN_POINT('',(4.262283053004,33.22938307762,
    226.71023447757));
#2686 = CARTESIAN_POINT('',(4.315091274639,33.263021348714,
    226.73322756883));
#2687 = CARTESIAN_POINT('',(4.368398052583,33.297667799647,
    226.75478571483));
#2688 = CARTESIAN_POINT('',(4.510582294872,33.391981244749,
    226.80786491868));
#2689 = CARTESIAN_POINT('',(4.600233580616,33.453379676112,
    226.83684180159));
#2690 = CARTESIAN_POINT('',(4.690749028766,33.517442424716,
    226.86147931549));
#2691 = CARTESIAN_POINT('',(4.781755502904,33.584056950119,
    226.88151059146));
#2692 = CARTESIAN_POINT('',(4.872851526973,33.653055772795,
    226.89670937688));
#2693 = CARTESIAN_POINT('',(4.963610379794,33.724206577844,
    226.90690454394));
#2694 = CARTESIAN_POINT('',(5.053583025158,33.797201337875,226.912));
#2695 = CARTESIAN_POINT('',(5.142300877492,33.871644455048,226.912));
#2696 = PCURVE('',#33,#2697);
#2697 = DEFINITIONAL_REPRESENTATION('',(#2698),#2855);
#2698 = B_SPLINE_CURVE_WITH_KNOTS('',8,(#2699,#2700,#2701,#2702,#2703,
    #2704,#2705,#2706,#2707,#2708,#2709,#2710,#2711,#2712,#2713,#2714,
    #2715,#2716,#2717,#2718,#2719,#2720,#2721,#2722,#2723,#2724,#2725,
    #2726,#2727,#2728,#2729,#2730,#2731,#2732,#2733,#2734,#2735,#2736,
    #2737,#2738,#2739,#2740,#2741,#2742,#2743,#2744,#2745,#2746,#2747,
    #2748,#2749,#2750,#2751,#2752,#2753,#2754,#2755,#2756,#2757,#2758,
    #2759,#2760,#2761,#2762,#2763,#2764,#2765,#2766,#2767,#2768,#2769,
    #2770,#2771,#2772,#2773,#2774,#2775,#2776,#2777,#2778,#2779,#2780,
    #2781,#2782,#2783,#2784,#2785,#2786,#2787,#2788,#2789,#2790,#2791,
    #2792,#2793,#2794,#2795,#2796,#2797,#2798,#2799,#2800,#2801,#2802,
    #2803,#2804,#2805,#2806,#2807,#2808,#2809,#2810,#2811,#2812,#2813,
    #2814,#2815,#2816,#2817,#2818,#2819,#2820,#2821,#2822,#2823,#2824,
    #2825,#2826,#2827,#2828,#2829,#2830,#2831,#2832,#2833,#2834,#2835,
    #2836,#2837,#2838,#2839,#2840,#2841,#2842,#2843,#2844,#2845,#2846,
    #2847,#2848,#2849,#2850,#2851,#2852,#2853,#2854),.UNSPECIFIED.,.F.,
  .F.,(9,7,7,7,7,7,7,7,7,7,7,7,7,7,7,7,7,7,7,7,7,7,9),(0.,
    4.180993803705E-02,6.726173782702E-02,9.95246545844E-02,
    0.125193633675,0.23864957184,0.37446148199,0.400126103141,
    0.432392198762,0.457851464231,0.471680627849,0.499690526816,
    0.527706142426,0.541542155335,0.567020461929,0.599323276085,
    0.625030912072,0.735946768768,0.874674907276,0.900378876912,
    0.932703093023,0.958138016958,1.),.UNSPECIFIED.);
#2699 = CARTESIAN_POINT('',(-5.410520681182,-67.91199999999));
#2700 = CARTESIAN_POINT('',(-5.425023398129,-67.91199999999));
#2701 = CARTESIAN_POINT('',(-5.439529831955,-67.9068861511));
#2702 = CARTESIAN_POINT('',(-5.453967575883,-67.89665428117));
#2703 = CARTESIAN_POINT('',(-5.468273230916,-67.88140123346));
#2704 = CARTESIAN_POINT('',(-5.482391192724,-67.86129929749));
#2705 = CARTESIAN_POINT('',(-5.496272708681,-67.83657615666));
#2706 = CARTESIAN_POINT('',(-5.509875205069,-67.80750035267));
#2707 = CARTESIAN_POINT('',(-5.5312501505,-67.75420554446));
#2708 = CARTESIAN_POINT('',(-5.539223402548,-67.73253200795));
#2709 = CARTESIAN_POINT('',(-5.54707483566,-67.70941423471));
#2710 = CARTESIAN_POINT('',(-5.554798819207,-67.68491581847));
#2711 = CARTESIAN_POINT('',(-5.562390787814,-67.65910026778));
#2712 = CARTESIAN_POINT('',(-5.569847132334,-67.63202990456));
#2713 = CARTESIAN_POINT('',(-5.577165090821,-67.60376476273));
#2714 = CARTESIAN_POINT('',(-5.593440960931,-67.53708964525));
#2715 = CARTESIAN_POINT('',(-5.602313248203,-67.49799079151));
#2716 = CARTESIAN_POINT('',(-5.610955875924,-67.45717925753));
#2717 = CARTESIAN_POINT('',(-5.619366356321,-67.41476358734));
#2718 = CARTESIAN_POINT('',(-5.627543206621,-67.37084561206));
#2719 = CARTESIAN_POINT('',(-5.635485816443,-67.32551952492));
#2720 = CARTESIAN_POINT('',(-5.643194315178,-67.27887095636));
#2721 = CARTESIAN_POINT('',(-5.656616787799,-67.19286996638));
#2722 = CARTESIAN_POINT('',(-5.662416194096,-67.15397632086));
#2723 = CARTESIAN_POINT('',(-5.668067959294,-67.11433419871));
#2724 = CARTESIAN_POINT('',(-5.673572416192,-67.07398046462));
#2725 = CARTESIAN_POINT('',(-5.678929929367,-67.03294976175));
#2726 = CARTESIAN_POINT('',(-5.684140895171,-66.99127451177));
#2727 = CARTESIAN_POINT('',(-5.689205741734,-66.94898491483));
#2728 = CARTESIAN_POINT('',(-5.715867554565,-66.71659876893));
#2729 = CARTESIAN_POINT('',(-5.734748933626,-66.51576906415));
#2730 = CARTESIAN_POINT('',(-5.750841538991,-66.30582912422));
#2731 = CARTESIAN_POINT('',(-5.764137717795,-66.08864852898));
#2732 = CARTESIAN_POINT('',(-5.774623164953,-65.86594927255));
#2733 = CARTESIAN_POINT('',(-5.782276763141,-65.63930005445));
#2734 = CARTESIAN_POINT('',(-5.787087458211,-65.41016627326));
#2735 = CARTESIAN_POINT('',(-5.791379185426,-64.90423683861));
#2736 = CARTESIAN_POINT('',(-5.789616338062,-64.62774855959));
#2737 = CARTESIAN_POINT('',(-5.78377115471,-64.35269681432));
#2738 = CARTESIAN_POINT('',(-5.773846415466,-64.08155264861));
#2739 = CARTESIAN_POINT('',(-5.759882946661,-63.81691425995));
#2740 = CARTESIAN_POINT('',(-5.74191089565,-63.56164434278));
#2741 = CARTESIAN_POINT('',(-5.719970002373,-63.31882705279));
#2742 = CARTESIAN_POINT('',(-5.689014327721,-63.04941077889));
#2743 = CARTESIAN_POINT('',(-5.683948893628,-63.00717673675));
#2744 = CARTESIAN_POINT('',(-5.67873757282,-62.96555686056));
#2745 = CARTESIAN_POINT('',(-5.673379938022,-62.92458131975));
#2746 = CARTESIAN_POINT('',(-5.667875594292,-62.88428250228));
#2747 = CARTESIAN_POINT('',(-5.662224179024,-62.84469501464));
#2748 = CARTESIAN_POINT('',(-5.656425361949,-62.80585568182));
#2749 = CARTESIAN_POINT('',(-5.643002760477,-62.7199636123));
#2750 = CARTESIAN_POINT('',(-5.635293558496,-62.67337010098));
#2751 = CARTESIAN_POINT('',(-5.627350509168,-62.62809913657));
#2752 = CARTESIAN_POINT('',(-5.619173491093,-62.58423631896));
#2753 = CARTESIAN_POINT('',(-5.610763124354,-62.54187579728));
#2754 = CARTESIAN_POINT('',(-5.602120903374,-62.5011193424));
#2755 = CARTESIAN_POINT('',(-5.593249329777,-62.46207541947));
#2756 = CARTESIAN_POINT('',(-5.576973916704,-62.39549240398));
#2757 = CARTESIAN_POINT('',(-5.569655524004,-62.3672649652));
#2758 = CARTESIAN_POINT('',(-5.562198900347,-62.34023257251));
#2759 = CARTESIAN_POINT('',(-5.554606817614,-62.3144552314));
#2760 = CARTESIAN_POINT('',(-5.546882895344,-62.289995222));
#2761 = CARTESIAN_POINT('',(-5.539031709717,-62.26691599666));
#2762 = CARTESIAN_POINT('',(-5.531058902529,-62.24528107758));
#2763 = CARTESIAN_POINT('',(-5.518578197434,-62.21421960244));
#2764 = CARTESIAN_POINT('',(-5.514151257504,-62.20373078733));
#2765 = CARTESIAN_POINT('',(-5.509691584743,-62.19369672431));
#2766 = CARTESIAN_POINT('',(-5.505200404158,-62.18412732345));
#2767 = CARTESIAN_POINT('',(-5.500679051405,-62.17503218968));
#2768 = CARTESIAN_POINT('',(-5.496128972789,-62.16642062272));
#2769 = CARTESIAN_POINT('',(-5.491551725268,-62.15830161716));
#2770 = CARTESIAN_POINT('',(-5.477626465494,-62.13525469059));
#2771 = CARTESIAN_POINT('',(-5.468198436505,-62.12188003649));
#2772 = CARTESIAN_POINT('',(-5.458679927864,-62.11063291863));
#2773 = CARTESIAN_POINT('',(-5.449086971455,-62.10157555051));
#2774 = CARTESIAN_POINT('',(-5.439436664243,-62.09475738914));
#2775 = CARTESIAN_POINT('',(-5.429747239859,-62.09021318351));
#2776 = CARTESIAN_POINT('',(-5.420038140184,-62.08796102309));
#2777 = CARTESIAN_POINT('',(-5.400620052323,-62.08803975774));
#2778 = CARTESIAN_POINT('',(-5.390909548317,-62.09037159493));
#2779 = CARTESIAN_POINT('',(-5.381219305298,-62.09499597423));
#2780 = CARTESIAN_POINT('',(-5.371568761829,-62.10189436426));
#2781 = CARTESIAN_POINT('',(-5.361976137088,-62.11103159457));
#2782 = CARTESIAN_POINT('',(-5.352458503304,-62.12235782425));
#2783 = CARTESIAN_POINT('',(-5.343031858195,-62.13581051048));
#2784 = CARTESIAN_POINT('',(-5.329108022352,-62.15897422677));
#2785 = CARTESIAN_POINT('',(-5.32453047773,-62.16713329386));
#2786 = CARTESIAN_POINT('',(-5.319980227708,-62.17578485061));
#2787 = CARTESIAN_POINT('',(-5.315458825612,-62.18491986746));
#2788 = CARTESIAN_POINT('',(-5.310967713931,-62.1945290131));
#2789 = CARTESIAN_POINT('',(-5.306508224315,-62.20460265448));
#2790 = CARTESIAN_POINT('',(-5.302081577573,-62.21513085679));
#2791 = CARTESIAN_POINT('',(-5.289599963658,-62.24630872745));
#2792 = CARTESIAN_POINT('',(-5.28162626659,-62.26802090397));
#2793 = CARTESIAN_POINT('',(-5.273774585897,-62.29117724779));
#2794 = CARTESIAN_POINT('',(-5.26605054104,-62.31571409374));
#2795 = CARTESIAN_POINT('',(-5.258458686586,-62.34156787718));
#2796 = CARTESIAN_POINT('',(-5.251002621294,-62.36867623443));
#2797 = CARTESIAN_POINT('',(-5.243685097183,-62.39697910323));
#2798 = CARTESIAN_POINT('',(-5.227408768691,-62.46374640543));
#2799 = CARTESIAN_POINT('',(-5.218535766593,-62.5029002497));
#2800 = CARTESIAN_POINT('',(-5.20989273142,-62.54376692387));
#2801 = CARTESIAN_POINT('',(-5.201482137104,-62.58623780493));
#2802 = CARTESIAN_POINT('',(-5.193305454776,-62.63021100149));
#2803 = CARTESIAN_POINT('',(-5.185363285134,-62.6755922761));
#2804 = CARTESIAN_POINT('',(-5.177655490808,-62.72229596769));
#2805 = CARTESIAN_POINT('',(-5.1642331461,-62.80840604951));
#2806 = CARTESIAN_POINT('',(-5.158433148704,-62.84735411414));
#2807 = CARTESIAN_POINT('',(-5.152781032437,-62.88705097884));
#2808 = CARTESIAN_POINT('',(-5.147276461978,-62.9274597391));
#2809 = CARTESIAN_POINT('',(-5.141919070786,-62.96854571489));
#2810 = CARTESIAN_POINT('',(-5.136708461104,-63.01027645068));
#2811 = CARTESIAN_POINT('',(-5.131644203957,-63.05262171545));
#2812 = CARTESIAN_POINT('',(-5.105505504214,-63.28078313488));
#2813 = CARTESIAN_POINT('',(-5.087015519772,-63.4768042113));
#2814 = CARTESIAN_POINT('',(-5.07118907949,-63.68155582056));
#2815 = CARTESIAN_POINT('',(-5.058031692163,-63.89328700393));
#2816 = CARTESIAN_POINT('',(-5.047556082502,-64.11038672789));
#2817 = CARTESIAN_POINT('',(-5.039781444698,-64.33138649514));
#2818 = CARTESIAN_POINT('',(-5.034718701668,-64.5549170479));
#2819 = CARTESIAN_POINT('',(-5.029458656719,-65.06090559767));
#2820 = CARTESIAN_POINT('',(-5.030811724579,-65.34293695639));
#2821 = CARTESIAN_POINT('',(-5.036403202816,-65.62357191847));
#2822 = CARTESIAN_POINT('',(-5.046229975228,-65.90030360937));
#2823 = CARTESIAN_POINT('',(-5.060250741662,-66.17044060746));
#2824 = CARTESIAN_POINT('',(-5.078435922679,-66.43096384898));
#2825 = CARTESIAN_POINT('',(-5.100739203782,-66.67861931476));
#2826 = CARTESIAN_POINT('',(-5.13221844605,-66.95219120932));
#2827 = CARTESIAN_POINT('',(-5.137284465824,-66.99436980942));
#2828 = CARTESIAN_POINT('',(-5.142496140536,-67.03593442344));
#2829 = CARTESIAN_POINT('',(-5.147853896603,-67.07685491255));
#2830 = CARTESIAN_POINT('',(-5.153358127545,-67.11709892236));
#2831 = CARTESIAN_POINT('',(-5.159009193996,-67.15663188296));
#2832 = CARTESIAN_POINT('',(-5.164807423694,-67.19541700886));
#2833 = CARTESIAN_POINT('',(-5.178230154912,-67.28120032839));
#2834 = CARTESIAN_POINT('',(-5.185940058962,-67.327738848));
#2835 = CARTESIAN_POINT('',(-5.193883547109,-67.37295475413));
#2836 = CARTESIAN_POINT('',(-5.202060732747,-67.4167624774));
#2837 = CARTESIAN_POINT('',(-5.210470986081,-67.45906791273));
#2838 = CARTESIAN_POINT('',(-5.21911280103,-67.49976934944));
#2839 = CARTESIAN_POINT('',(-5.227983662118,-67.53875840123));
#2840 = CARTESIAN_POINT('',(-5.244237468017,-67.60516298331));
#2841 = CARTESIAN_POINT('',(-5.251534318442,-67.63327302857));
#2842 = CARTESIAN_POINT('',(-5.2589684381,-67.66019495729));
#2843 = CARTESIAN_POINT('',(-5.266537071952,-67.68586933183));
#2844 = CARTESIAN_POINT('',(-5.274236627157,-67.71023447757));
#2845 = CARTESIAN_POINT('',(-5.282062565777,-67.73322756883));
#2846 = CARTESIAN_POINT('',(-5.290009297467,-67.75478571483));
#2847 = CARTESIAN_POINT('',(-5.311336870833,-67.80786491868));
#2848 = CARTESIAN_POINT('',(-5.324917952708,-67.83684180159));
#2849 = CARTESIAN_POINT('',(-5.33877670469,-67.86147931549));
#2850 = CARTESIAN_POINT('',(-5.352870744688,-67.88151059146));
#2851 = CARTESIAN_POINT('',(-5.367151523704,-67.89670937688));
#2852 = CARTESIAN_POINT('',(-5.381563668489,-67.90690454394));
#2853 = CARTESIAN_POINT('',(-5.396044064791,-67.912));
#2854 = CARTESIAN_POINT('',(-5.410520681182,-67.912));
#2855 = ( GEOMETRIC_REPRESENTATION_CONTEXT(2) 
PARAMETRIC_REPRESENTATION_CONTEXT() REPRESENTATION_CONTEXT('2D SPACE',''
  ) );
#2856 = PCURVE('',#2857,#2862);
#2857 = CONICAL_SURFACE('',#2858,3.,8.777389232722E-02);
#2858 = AXIS2_PLACEMENT_3D('',#2859,#2860,#2861);
#2859 = CARTESIAN_POINT('',(4.499513267806,34.637688898167,224.));
#2860 = DIRECTION('',(-0.642787609687,0.766044443119,-0.));
#2861 = DIRECTION('',(0.,0.,1.));
#2862 = DEFINITIONAL_REPRESENTATION('',(#2863),#3020);
#2863 = B_SPLINE_CURVE_WITH_KNOTS('',8,(#2864,#2865,#2866,#2867,#2868,
    #2869,#2870,#2871,#2872,#2873,#2874,#2875,#2876,#2877,#2878,#2879,
    #2880,#2881,#2882,#2883,#2884,#2885,#2886,#2887,#2888,#2889,#2890,
    #2891,#2892,#2893,#2894,#2895,#2896,#2897,#2898,#2899,#2900,#2901,
    #2902,#2903,#2904,#2905,#2906,#2907,#2908,#2909,#2910,#2911,#2912,
    #2913,#2914,#2915,#2916,#2917,#2918,#2919,#2920,#2921,#2922,#2923,
    #2924,#2925,#2926,#2927,#2928,#2929,#2930,#2931,#2932,#2933,#2934,
    #2935,#2936,#2937,#2938,#2939,#2940,#2941,#2942,#2943,#2944,#2945,
    #2946,#2947,#2948,#2949,#2950,#2951,#2952,#2953,#2954,#2955,#2956,
    #2957,#2958,#2959,#2960,#2961,#2962,#2963,#2964,#2965,#2966,#2967,
    #2968,#2969,#2970,#2971,#2972,#2973,#2974,#2975,#2976,#2977,#2978,
    #2979,#2980,#2981,#2982,#2983,#2984,#2985,#2986,#2987,#2988,#2989,
    #2990,#2991,#2992,#2993,#2994,#2995,#2996,#2997,#2998,#2999,#3000,
    #3001,#3002,#3003,#3004,#3005,#3006,#3007,#3008,#3009,#3010,#3011,
    #3012,#3013,#3014,#3015,#3016,#3017,#3018,#3019),.UNSPECIFIED.,.F.,
  .F.,(9,7,7,7,7,7,7,7,7,7,7,7,7,7,7,7,7,7,7,7,7,7,9),(0.,
    4.180993803705E-02,6.726173782702E-02,9.95246545844E-02,
    0.125193633675,0.23864957184,0.37446148199,0.400126103141,
    0.432392198762,0.457851464231,0.471680627849,0.499690526816,
    0.527706142426,0.541542155335,0.567020461929,0.599323276085,
    0.625030912072,0.735946768768,0.874674907276,0.900378876912,
    0.932703093023,0.958138016958,1.),.UNSPECIFIED.);
#2864 = CARTESIAN_POINT('',(-6.28318530718,-1.));
#2865 = CARTESIAN_POINT('',(-6.243342678206,-1.));
#2866 = CARTESIAN_POINT('',(-6.203489866617,-0.998077012547));
#2867 = CARTESIAN_POINT('',(-6.163751310502,-0.994229222178));
#2868 = CARTESIAN_POINT('',(-6.12422692199,-0.988509703716));
#2869 = CARTESIAN_POINT('',(-6.084999072524,-0.981015449995));
#2870 = CARTESIAN_POINT('',(-6.046137752884,-0.97187707525));
#2871 = CARTESIAN_POINT('',(-6.007703907941,-0.961249194192));
#2872 = CARTESIAN_POINT('',(-5.946647080646,-0.942028303764));
#2873 = CARTESIAN_POINT('',(-5.923715664711,-0.934264179282));
#2874 = CARTESIAN_POINT('',(-5.900964335808,-0.926045654035));
#2875 = CARTESIAN_POINT('',(-5.878398495545,-0.917410204485));
#2876 = CARTESIAN_POINT('',(-5.856021500849,-0.908395636483));
#2877 = CARTESIAN_POINT('',(-5.833834855143,-0.899039488915));
#2878 = CARTESIAN_POINT('',(-5.811838399523,-0.889378437346));
#2879 = CARTESIAN_POINT('',(-5.762386630979,-0.866859408024));
#2880 = CARTESIAN_POINT('',(-5.735047015411,-0.853838358633));
#2881 = CARTESIAN_POINT('',(-5.708006816195,-0.840456169389));
#2882 = CARTESIAN_POINT('',(-5.681259590986,-0.826781735596));
#2883 = CARTESIAN_POINT('',(-5.654797302532,-0.81288081244));
#2884 = CARTESIAN_POINT('',(-5.628610325079,-0.798815599481));
#2885 = CARTESIAN_POINT('',(-5.602687450768,-0.784644325126));
#2886 = CARTESIAN_POINT('',(-5.556591127677,-0.759104353661));
#2887 = CARTESIAN_POINT('',(-5.53632611291,-0.747755270364));
#2888 = CARTESIAN_POINT('',(-5.516214801281,-0.736400958317));
#2889 = CARTESIAN_POINT('',(-5.496251124701,-0.725067594413));
#2890 = CARTESIAN_POINT('',(-5.476428997443,-0.713780155348));
#2891 = CARTESIAN_POINT('',(-5.456742316152,-0.702562417618));
#2892 = CARTESIAN_POINT('',(-5.437184959835,-0.691436957526));
#2893 = CARTESIAN_POINT('',(-5.33185247743,-0.631753374404));
#2894 = CARTESIAN_POINT('',(-5.248421196815,-0.585337173394));
#2895 = CARTESIAN_POINT('',(-5.166807277187,-0.542959665864));
#2896 = CARTESIAN_POINT('',(-5.086605962833,-0.506124280436));
#2897 = CARTESIAN_POINT('',(-5.00745733703,-0.47606143072));
#2898 = CARTESIAN_POINT('',(-4.929048074683,-0.453664707645));
#2899 = CARTESIAN_POINT('',(-4.85106448593,-0.439475087739));
#2900 = CARTESIAN_POINT('',(-4.679909370897,-0.426787169176));
#2901 = CARTESIAN_POINT('',(-4.587043483671,-0.431951757064));
#2902 = CARTESIAN_POINT('',(-4.493960206245,-0.449427154692));
#2903 = CARTESIAN_POINT('',(-4.400149088547,-0.478775936414));
#2904 = CARTESIAN_POINT('',(-4.305121960443,-0.518802287155));
#2905 = CARTESIAN_POINT('',(-4.208294841474,-0.567574368784));
#2906 = CARTESIAN_POINT('',(-4.109052238016,-0.622607847139));
#2907 = CARTESIAN_POINT('',(-3.986852393199,-0.69185810397));
#2908 = CARTESIAN_POINT('',(-3.967307142835,-0.702977381806));
#2909 = CARTESIAN_POINT('',(-3.94763261234,-0.714188150545));
#2910 = CARTESIAN_POINT('',(-3.927822694627,-0.725467864703));
#2911 = CARTESIAN_POINT('',(-3.907871301468,-0.736792781152));
#2912 = CARTESIAN_POINT('',(-3.8877723635,-0.748137959122));
#2913 = CARTESIAN_POINT('',(-3.867519830217,-0.759477260201));
#2914 = CARTESIAN_POINT('',(-3.821445077477,-0.784997597538));
#2915 = CARTESIAN_POINT('',(-3.795531228016,-0.799158641672));
#2916 = CARTESIAN_POINT('',(-3.769353369115,-0.813212676495));
#2917 = CARTESIAN_POINT('',(-3.742900325653,-0.827101516788));
#2918 = CARTESIAN_POINT('',(-3.716162507492,-0.840763013562));
#2919 = CARTESIAN_POINT('',(-3.689131917109,-0.854131471263));
#2920 = CARTESIAN_POINT('',(-3.661802157224,-0.867138064982));
#2921 = CARTESIAN_POINT('',(-3.612364307209,-0.889632019498));
#2922 = CARTESIAN_POINT('',(-3.590371725432,-0.899282590611));
#2923 = CARTESIAN_POINT('',(-3.568189088157,-0.908627774992));
#2924 = CARTESIAN_POINT('',(-3.545816261975,-0.917630923089));
#2925 = CARTESIAN_POINT('',(-3.523254776487,-0.926254528805));
#2926 = CARTESIAN_POINT('',(-3.500508015777,-0.934460826498));
#2927 = CARTESIAN_POINT('',(-3.477581409889,-0.942212387983));
#2928 = CARTESIAN_POINT('',(-3.441935647771,-0.953416443403));
#2929 = CARTESIAN_POINT('',(-3.429337944973,-0.957215266617));
#2930 = CARTESIAN_POINT('',(-3.416690813847,-0.960863244499));
#2931 = CARTESIAN_POINT('',(-3.403995769263,-0.964354630143));
#2932 = CARTESIAN_POINT('',(-3.391254545033,-0.967683874408));
#2933 = CARTESIAN_POINT('',(-3.378469093915,-0.970845625923));
#2934 = CARTESIAN_POINT('',(-3.365641587608,-0.973834731082));
#2935 = CARTESIAN_POINT('',(-3.32671295956,-0.982340715382));
#2936 = CARTESIAN_POINT('',(-3.300486244884,-0.987307376888));
#2937 = CARTESIAN_POINT('',(-3.27411755596,-0.991504877939));
#2938 = CARTESIAN_POINT('',(-3.247631283138,-0.994898022701));
#2939 = CARTESIAN_POINT('',(-3.221053497703,-0.997458861287));
#2940 = CARTESIAN_POINT('',(-3.194412525704,-0.999167790921));
#2941 = CARTESIAN_POINT('',(-3.167739521781,-1.000014657089));
#2942 = CARTESIAN_POINT('',(-3.114393120917,-0.999985049281));
#2943 = CARTESIAN_POINT('',(-3.087715602261,-0.999108220767));
#2944 = CARTESIAN_POINT('',(-3.061071053522,-0.997369222397));
#2945 = CARTESIAN_POINT('',(-3.034490616999,-0.994778456987));
#2946 = CARTESIAN_POINT('',(-3.008002585346,-0.991355766147));
#2947 = CARTESIAN_POINT('',(-2.981632976144,-0.987129319498));
#2948 = CARTESIAN_POINT('',(-2.955406106463,-0.982134503901));
#2949 = CARTESIAN_POINT('',(-2.916474506516,-0.973587053105));
#2950 = CARTESIAN_POINT('',(-2.903643698771,-0.970583817961));
#2951 = CARTESIAN_POINT('',(-2.890855126518,-0.967408085881));
#2952 = CARTESIAN_POINT('',(-2.878110952786,-0.964065031525));
#2953 = CARTESIAN_POINT('',(-2.86541312131,-0.960560025573));
#2954 = CARTESIAN_POINT('',(-2.852763356535,-0.956898634723));
#2955 = CARTESIAN_POINT('',(-2.840163163613,-0.953086621691));
#2956 = CARTESIAN_POINT('',(-2.804504872665,-0.941843928847));
#2957 = CARTESIAN_POINT('',(-2.781568638247,-0.934067240121));
#2958 = CARTESIAN_POINT('',(-2.758812732565,-0.925836486733));
#2959 = CARTESIAN_POINT('',(-2.736242528765,-0.917189193403));
#2960 = CARTESIAN_POINT('',(-2.713861356605,-0.90816320617));
#2961 = CARTESIAN_POINT('',(-2.691670693327,-0.898796096689));
#2962 = CARTESIAN_POINT('',(-2.669670354533,-0.889124566523));
#2963 = CARTESIAN_POINT('',(-2.620204637378,-0.866580459978));
#2964 = CARTESIAN_POINT('',(-2.592855145576,-0.853544951381));
#2965 = CARTESIAN_POINT('',(-2.56580531694,-0.840149028493));
#2966 = CARTESIAN_POINT('',(-2.539048664027,-0.826461657107));
#2967 = CARTESIAN_POINT('',(-2.512577109833,-0.812548652149));
#2968 = CARTESIAN_POINT('',(-2.486380992968,-0.798472263844));
#2969 = CARTESIAN_POINT('',(-2.460449072822,-0.78429076389));
#2970 = CARTESIAN_POINT('',(-2.414331122642,-0.758731157819));
#2971 = CARTESIAN_POINT('',(-2.39405359099,-0.747372287113));
#2972 = CARTESIAN_POINT('',(-2.373929870471,-0.736008837796));
#2973 = CARTESIAN_POINT('',(-2.353953875364,-0.724667025383));
#2974 = CARTESIAN_POINT('',(-2.334119503549,-0.713371862629));
#2975 = CARTESIAN_POINT('',(-2.314420636502,-0.70214715953));
#2976 = CARTESIAN_POINT('',(-2.294851139295,-0.69101552332));
#2977 = CARTESIAN_POINT('',(-2.191503693564,-0.632464688786));
#2978 = CARTESIAN_POINT('',(-2.109952569678,-0.58709474162));
#2979 = CARTESIAN_POINT('',(-2.030148186357,-0.54555057361));
#2980 = CARTESIAN_POINT('',(-1.951708656141,-0.509238785926));
#2981 = CARTESIAN_POINT('',(-1.874295845026,-0.479316334269));
#2982 = CARTESIAN_POINT('',(-1.797614216859,-0.456635398948));
#2983 = CARTESIAN_POINT('',(-1.721368925279,-0.441728946615));
#2984 = CARTESIAN_POINT('',(-1.550018109213,-0.426193232151));
#2985 = CARTESIAN_POINT('',(-1.455365244453,-0.430116407862));
#2986 = CARTESIAN_POINT('',(-1.360573107164,-0.44686050819));
#2987 = CARTESIAN_POINT('',(-1.265074706906,-0.476007549357));
#2988 = CARTESIAN_POINT('',(-1.168344207334,-0.516344900786));
#2989 = CARTESIAN_POINT('',(-1.0697617574,-0.565850360945));
#2990 = CARTESIAN_POINT('',(-0.968688706415,-0.621903528943));
#2991 = CARTESIAN_POINT('',(-0.844519689121,-0.69227896277));
#2992 = CARTESIAN_POINT('',(-0.824986509823,-0.703392052297));
#2993 = CARTESIAN_POINT('',(-0.80532409527,-0.714595848467));
#2994 = CARTESIAN_POINT('',(-0.785526352238,-0.725867836499));
#2995 = CARTESIAN_POINT('',(-0.765587207587,-0.737184306518));
#2996 = CARTESIAN_POINT('',(-0.745500608264,-0.748520353548));
#2997 = CARTESIAN_POINT('',(-0.725260521303,-0.759849877519));
#2998 = CARTESIAN_POINT('',(-0.679207282518,-0.785350581118));
#2999 = CARTESIAN_POINT('',(-0.65330243703,-0.799501390396));
#3000 = CARTESIAN_POINT('',(-0.627133675934,-0.813544244269));
#3001 = CARTESIAN_POINT('',(-0.600689856817,-0.82742100062));
#3002 = CARTESIAN_POINT('',(-0.57396142513,-0.841069560935));
#3003 = CARTESIAN_POINT('',(-0.54694042304,-0.854424289201));
#3004 = CARTESIAN_POINT('',(-0.519620498281,-0.867416430801));
#3005 = CARTESIAN_POINT('',(-0.470260769819,-0.889856111609));
#3006 = CARTESIAN_POINT('',(-0.448337395033,-0.899468591873));
#3007 = CARTESIAN_POINT('',(-0.426225222245,-0.908777105151));
#3008 = CARTESIAN_POINT('',(-0.4039241399,-0.917745355325));
#3009 = CARTESIAN_POINT('',(-0.381435680029,-0.926336205325));
#3010 = CARTESIAN_POINT('',(-0.358763206983,-0.934512265233));
#3011 = CARTESIAN_POINT('',(-0.335912106156,-0.942236480397));
#3012 = CARTESIAN_POINT('',(-0.27499907272,-0.961382459102));
#3013 = CARTESIAN_POINT('',(-0.23662960707,-0.971975267608));
#3014 = CARTESIAN_POINT('',(-0.19783465366,-0.981082563586));
#3015 = CARTESIAN_POINT('',(-0.158674880347,-0.988550710546));
#3016 = CARTESIAN_POINT('',(-0.119220031183,-0.994249941417));
#3017 = CARTESIAN_POINT('',(-7.955220468713E-02,-0.998083928648));
#3018 = CARTESIAN_POINT('',(-3.977092415224E-02,-1.));
#3019 = CARTESIAN_POINT('',(0.,-1.));
#3020 = ( GEOMETRIC_REPRESENTATION_CONTEXT(2) 
PARAMETRIC_REPRESENTATION_CONTEXT() REPRESENTATION_CONTEXT('2D SPACE',''
  ) );
#3021 = FACE_BOUND('',#3022,.F.);
#3022 = EDGE_LOOP('',(#3023));
#3023 = ORIENTED_EDGE('',*,*,#3024,.F.);
#3024 = EDGE_CURVE('',#3025,#3025,#3027,.T.);
#3025 = VERTEX_POINT('',#3026);
#3026 = CARTESIAN_POINT('',(-2.07055236082,32.272593389687,215.412));
#3027 = SURFACE_CURVE('',#3028,(#3185,#3345),.PCURVE_S1.);
#3028 = B_SPLINE_CURVE_WITH_KNOTS('',8,(#3029,#3030,#3031,#3032,#3033,
    #3034,#3035,#3036,#3037,#3038,#3039,#3040,#3041,#3042,#3043,#3044,
    #3045,#3046,#3047,#3048,#3049,#3050,#3051,#3052,#3053,#3054,#3055,
    #3056,#3057,#3058,#3059,#3060,#3061,#3062,#3063,#3064,#3065,#3066,
    #3067,#3068,#3069,#3070,#3071,#3072,#3073,#3074,#3075,#3076,#3077,
    #3078,#3079,#3080,#3081,#3082,#3083,#3084,#3085,#3086,#3087,#3088,
    #3089,#3090,#3091,#3092,#3093,#3094,#3095,#3096,#3097,#3098,#3099,
    #3100,#3101,#3102,#3103,#3104,#3105,#3106,#3107,#3108,#3109,#3110,
    #3111,#3112,#3113,#3114,#3115,#3116,#3117,#3118,#3119,#3120,#3121,
    #3122,#3123,#3124,#3125,#3126,#3127,#3128,#3129,#3130,#3131,#3132,
    #3133,#3134,#3135,#3136,#3137,#3138,#3139,#3140,#3141,#3142,#3143,
    #3144,#3145,#3146,#3147,#3148,#3149,#3150,#3151,#3152,#3153,#3154,
    #3155,#3156,#3157,#3158,#3159,#3160,#3161,#3162,#3163,#3164,#3165,
    #3166,#3167,#3168,#3169,#3170,#3171,#3172,#3173,#3174,#3175,#3176,
    #3177,#3178,#3179,#3180,#3181,#3182,#3183,#3184),.UNSPECIFIED.,.T.,
  .F.,(9,7,7,7,7,7,7,7,7,7,7,7,7,7,7,7,7,7,7,7,7,7,9),(0.,
    4.181538954525E-02,6.727050794085E-02,9.95376313908E-02,
    0.125209957404,0.238680688843,0.374510307217,0.400178274722,
    0.43244857745,0.457911162497,0.47174212927,0.499755680387,
    0.527774948892,0.541612765849,0.567094394504,0.599401420554,
    0.625112408504,0.736042727273,0.874228513872,0.900007977466,
    0.932392313149,0.958155461889,1.),.UNSPECIFIED.);
#3029 = CARTESIAN_POINT('',(-2.07055236082,32.272593389687,215.412));
#3030 = CARTESIAN_POINT('',(-1.958483970022,32.242564754876,215.412));
#3031 = CARTESIAN_POINT('',(-1.845889149606,32.214385886779,
    215.4068861511));
#3032 = CARTESIAN_POINT('',(-1.733362871472,32.188218087143,
    215.39665428117));
#3033 = CARTESIAN_POINT('',(-1.621444774501,32.164151004668,
    215.38140123346));
#3034 = CARTESIAN_POINT('',(-1.510621896796,32.142214726451,
    215.36129929749));
#3035 = CARTESIAN_POINT('',(-1.401330779676,32.122391001579,
    215.33657615666));
#3036 = CARTESIAN_POINT('',(-1.293958943426,32.104623596874,
    215.30750035267));
#3037 = CARTESIAN_POINT('',(-1.124858069027,32.079212084166,
    215.25420554446));
#3038 = CARTESIAN_POINT('',(-1.06169139781,32.070324638763,
    215.23253200795));
#3039 = CARTESIAN_POINT('',(-0.999410411575,32.062144942224,
    215.20941423471));
#3040 = CARTESIAN_POINT('',(-0.938069994523,32.054648902238,
    215.18491581847));
#3041 = CARTESIAN_POINT('',(-0.877715999142,32.047809665444,
    215.15910026778));
#3042 = CARTESIAN_POINT('',(-0.818386020709,32.041598442353,
    215.13202990456));
#3043 = CARTESIAN_POINT('',(-0.760110171802,32.035985332268,
    215.10376476273));
#3044 = CARTESIAN_POINT('',(-0.630406788757,32.024544830188,
    215.03708964525));
#3045 = CARTESIAN_POINT('',(-0.559636489079,32.01906236782,
    214.99799079152));
#3046 = CARTESIAN_POINT('',(-0.490644818422,32.014430367149,
    214.95717925754));
#3047 = CARTESIAN_POINT('',(-0.42346454189,32.010586281892,
    214.91476358735));
#3048 = CARTESIAN_POINT('',(-0.358118528508,32.007468165006,
    214.87084561206));
#3049 = CARTESIAN_POINT('',(-0.294620950707,32.005015420263,
    214.82551952492));
#3050 = CARTESIAN_POINT('',(-0.232978483802,32.003169553822,
    214.77887095637));
#3051 = CARTESIAN_POINT('',(-0.125623868976,32.000844895581,
    214.69286996638));
#3052 = CARTESIAN_POINT('',(-7.923254651194E-02,32.000163813798,
    214.65397632087));
#3053 = CARTESIAN_POINT('',(-3.401819132729E-02,31.999803512647,
    214.61433419872));
#3054 = CARTESIAN_POINT('',(1.001924112384E-02,31.999736879878,
    214.57398046462));
#3055 = CARTESIAN_POINT('',(5.288049318098E-02,31.999937858806,
    214.53294976176));
#3056 = CARTESIAN_POINT('',(9.456700497713E-02,32.000381448304,
    214.49127451178));
#3057 = CARTESIAN_POINT('',(0.135080914439,32.001043702811,
    214.44898491483));
#3058 = CARTESIAN_POINT('',(0.348324713453,32.005694191041,
    214.21659876894));
#3059 = CARTESIAN_POINT('',(0.499245577237,32.01330865476,
    214.01576906416));
#3060 = CARTESIAN_POINT('',(0.627685635449,32.022765669015,
    213.80582912424));
#3061 = CARTESIAN_POINT('',(0.73362967714,32.032512845733,213.588648529)
  );
#3062 = CARTESIAN_POINT('',(0.817057770028,32.041281707841,
    213.36594927258));
#3063 = CARTESIAN_POINT('',(0.877898919805,32.048166164813,
    213.13930005448));
#3064 = CARTESIAN_POINT('',(0.91612665534,32.052613249446,
    212.91016627329));
#3065 = CARTESIAN_POINT('',(0.950226860888,32.056611626778,
    212.40423683865));
#3066 = CARTESIAN_POINT('',(0.936214349196,32.055019493148,
    212.12774855961));
#3067 = CARTESIAN_POINT('',(0.889794380913,32.049365823256,
    211.85269681437));
#3068 = CARTESIAN_POINT('',(0.810941715052,32.040110236752,
    211.58155264861));
#3069 = CARTESIAN_POINT('',(0.699823587385,32.028445921817,
    211.31691425998));
#3070 = CARTESIAN_POINT('',(0.556489480575,32.016359605602,
    211.06164434278));
#3071 = CARTESIAN_POINT('',(0.381137352775,32.006370217371,
    210.81882705279));
#3072 = CARTESIAN_POINT('',(0.133549800353,32.001017960714,
    210.5494107789));
#3073 = CARTESIAN_POINT('',(9.303106449299E-02,32.000363399779,
    210.50717673675));
#3074 = CARTESIAN_POINT('',(5.134162777496E-02,31.99992780884,
    210.46555686056));
#3075 = CARTESIAN_POINT('',(8.479364730335E-03,31.999735098219,
    210.42458131975));
#3076 = CARTESIAN_POINT('',(-3.55571483637E-02,31.999810230095,
    210.38428250229));
#3077 = CARTESIAN_POINT('',(-8.076863348424E-02,32.000179218507,
    210.34469501464));
#3078 = CARTESIAN_POINT('',(-0.127155110863,32.000869129351,
    210.30585568182));
#3079 = CARTESIAN_POINT('',(-0.234510311239,32.003214271234,
    210.2199636123));
#3080 = CARTESIAN_POINT('',(-0.296158046914,32.005072140542,
    210.17337010098));
#3081 = CARTESIAN_POINT('',(-0.359658664841,32.007537272343,
    210.12809913657));
#3082 = CARTESIAN_POINT('',(-0.425005415037,32.010668095758,
    210.08423631896));
#3083 = CARTESIAN_POINT('',(-0.492184038182,32.014525131379,
    210.04187579728));
#3084 = CARTESIAN_POINT('',(-0.561171565092,32.019170237675,
    210.0011193424));
#3085 = CARTESIAN_POINT('',(-0.631935116199,32.024665857382,
    209.96207541947));
#3086 = CARTESIAN_POINT('',(-0.7616326743,32.036130758022,
    209.89549240398));
#3087 = CARTESIAN_POINT('',(-0.819910905829,32.041755356696,
    209.8672649652));
#3088 = CARTESIAN_POINT('',(-0.879241912013,32.047978205097,
    209.84023257251));
#3089 = CARTESIAN_POINT('',(-0.939595498145,32.054829154988,
    209.8144552314));
#3090 = CARTESIAN_POINT('',(-1.000933984802,32.062336939367,
    209.789995222));
#3091 = CARTESIAN_POINT('',(-1.063211434237,32.070528347118,
    209.76691599666));
#3092 = CARTESIAN_POINT('',(-1.126372876763,32.079427397669,
    209.74528107758));
#3093 = CARTESIAN_POINT('',(-1.225107054376,32.094283849125,
    209.71421960243));
#3094 = CARTESIAN_POINT('',(-1.260102093322,32.099727910363,
    209.70373078733));
#3095 = CARTESIAN_POINT('',(-1.295328082418,32.105390021085,
    209.69369672431));
#3096 = CARTESIAN_POINT('',(-1.330773564008,32.111273060859,
    209.68412732345));
#3097 = CARTESIAN_POINT('',(-1.366426194352,32.117379467082,
    209.67503218967));
#3098 = CARTESIAN_POINT('',(-1.402272743625,32.12371123498,
    209.66642062272));
#3099 = CARTESIAN_POINT('',(-1.438299095918,32.13026991761,
    209.65830161715));
#3100 = CARTESIAN_POINT('',(-1.547792624989,32.150802577365,
    209.63525469058));
#3101 = CARTESIAN_POINT('',(-1.621778208155,32.165485088272,
    209.62188003649));
#3102 = CARTESIAN_POINT('',(-1.696313312913,32.181111136544,
    209.61063291863));
#3103 = CARTESIAN_POINT('',(-1.771256650478,32.197679301374,
    209.60157555051));
#3104 = CARTESIAN_POINT('',(-1.846459412543,32.215178645547,
    209.59475738914));
#3105 = CARTESIAN_POINT('',(-1.921765354742,32.233587597801,
    209.5902131835));
#3106 = CARTESIAN_POINT('',(-1.9970108801,32.252872835184,
    209.58796102309));
#3107 = CARTESIAN_POINT('',(-2.147054674807,32.293107601063,
    209.58803975774));
#3108 = CARTESIAN_POINT('',(-2.22186460985,32.314060622418,
    209.59037159493));
#3109 = CARTESIAN_POINT('',(-2.296283846935,32.335801540486,
    209.59499597423));
#3110 = CARTESIAN_POINT('',(-2.370154138447,32.358277183159,
    209.60189436426));
#3111 = CARTESIAN_POINT('',(-2.443329572741,32.381427911985,
    209.61103159457));
#3112 = CARTESIAN_POINT('',(-2.515676077051,32.405188638932,
    209.62235782425));
#3113 = CARTESIAN_POINT('',(-2.587070920395,32.429489843164,
    209.63581051048));
#3114 = CARTESIAN_POINT('',(-2.692136585129,32.466491075393,
    209.65897422677));
#3115 = CARTESIAN_POINT('',(-2.726613188832,32.478838231322,
    209.66713329386));
#3116 = CARTESIAN_POINT('',(-2.760819626373,32.491291578415,
    209.67578485061));
#3117 = CARTESIAN_POINT('',(-2.794744486182,32.503842701749,
    209.68491986746));
#3118 = CARTESIAN_POINT('',(-2.828377346337,32.516483248641,
    209.6945290131));
#3119 = CARTESIAN_POINT('',(-2.861708774564,32.529204928651,
    209.70460265447));
#3120 = CARTESIAN_POINT('',(-2.894730328234,32.541999513581,
    209.71513085679));
#3121 = CARTESIAN_POINT('',(-2.98765770577,32.578538621452,
    209.74630872745));
#3122 = CARTESIAN_POINT('',(-3.046804094523,32.602437869153,
    209.76802090396));
#3123 = CARTESIAN_POINT('',(-3.104828064649,32.62650644802,
    209.79117724778));
#3124 = CARTESIAN_POINT('',(-3.161694241716,32.650696031051,
    209.81571409374));
#3125 = CARTESIAN_POINT('',(-3.217376449072,32.674960423131,
    209.84156787718));
#3126 = CARTESIAN_POINT('',(-3.271856624091,32.699255887356,
    209.86867623442));
#3127 = CARTESIAN_POINT('',(-3.325123734415,32.72354147136,
    209.89697910323));
#3128 = CARTESIAN_POINT('',(-3.443163260274,32.778509443504,
    209.96374640542));
#3129 = CARTESIAN_POINT('',(-3.507192639502,32.809161415509,
    210.0029002497));
#3130 = CARTESIAN_POINT('',(-3.569254217167,32.839659245006,
    210.04376692386));
#3131 = CARTESIAN_POINT('',(-3.629351041919,32.869932350234,
    210.08623780493));
#3132 = CARTESIAN_POINT('',(-3.687494413132,32.899915622227,
    210.13021100148));
#3133 = CARTESIAN_POINT('',(-3.743702468259,32.929549474725,
    210.17559227609));
#3134 = CARTESIAN_POINT('',(-3.79799877019,32.958779894084,
    210.22229596769));
#3135 = CARTESIAN_POINT('',(-3.892122177393,33.010461436379,
    210.30840604951));
#3136 = CARTESIAN_POINT('',(-3.932638574154,33.033077340449,
    210.34735411413));
#3137 = CARTESIAN_POINT('',(-3.971973652639,33.055381451369,
    210.38705097883));
#3138 = CARTESIAN_POINT('',(-4.010141051831,33.077350283394,
    210.42745973909));
#3139 = CARTESIAN_POINT('',(-4.047154481954,33.098961615057,
    210.46854571488));
#3140 = CARTESIAN_POINT('',(-4.08302772447,33.120194489169,
    210.51027645067));
#3141 = CARTESIAN_POINT('',(-4.11777463208,33.14102921282,
    210.55262171544));
#3142 = CARTESIAN_POINT('',(-4.296525506275,33.249541649541,
    210.78078313487));
#3143 = CARTESIAN_POINT('',(-4.420833819523,33.329820387294,
    210.97680421127));
#3144 = CARTESIAN_POINT('',(-4.525653228196,33.400916350773,
    211.18155582052));
#3145 = CARTESIAN_POINT('',(-4.61170831752,33.461567471319,
    211.39328700388));
#3146 = CARTESIAN_POINT('',(-4.679582224591,33.510732231365,
    211.61038672782));
#3147 = CARTESIAN_POINT('',(-4.729653583924,33.547629843751,
    211.83138649506));
#3148 = CARTESIAN_POINT('',(-4.762171369081,33.57177525306,
    212.05491704781));
#3149 = CARTESIAN_POINT('',(-4.795849628846,33.596846968051,
    212.55976982245));
#3150 = CARTESIAN_POINT('',(-4.787275981835,33.590561468682,
    212.84080617156));
#3151 = CARTESIAN_POINT('',(-4.751865222349,33.563897657134,
    213.12051448258));
#3152 = CARTESIAN_POINT('',(-4.689392256494,33.517219044543,
    213.39635271094));
#3153 = CARTESIAN_POINT('',(-4.599417665479,33.451656898359,
    213.66562546925));
#3154 = CARTESIAN_POINT('',(-4.480968390243,33.369027340591,
    213.92534819094));
#3155 = CARTESIAN_POINT('',(-4.332952497726,33.271702192771,
    214.17235429131));
#3156 = CARTESIAN_POINT('',(-4.119087479224,33.141817587792,
    214.44576932495));
#3157 = CARTESIAN_POINT('',(-4.084348624796,33.120978634323,
    214.48817037126));
#3158 = CARTESIAN_POINT('',(-4.048481931779,33.099740307802,
    214.52995670544));
#3159 = CARTESIAN_POINT('',(-4.011473519031,33.078122325661,
    214.57109806546));
#3160 = CARTESIAN_POINT('',(-3.973309571346,33.056145670849,
    214.6115619618));
#3161 = CARTESIAN_POINT('',(-3.93397633946,33.03383259184,
    214.65131367743));
#3162 = CARTESIAN_POINT('',(-3.893460140046,33.011206602629,
    214.69031626783));
#3163 = CARTESIAN_POINT('',(-3.799347475287,32.959507611087,
    214.77653561327));
#3164 = CARTESIAN_POINT('',(-3.745061756331,32.930269445938,
    214.82329449384));
#3165 = CARTESIAN_POINT('',(-3.688862540387,32.900626395249,
    214.86873102076));
#3166 = CARTESIAN_POINT('',(-3.630726167633,32.870632491606,
    214.91275950231));
#3167 = CARTESIAN_POINT('',(-3.570634387602,32.840347343539,
    214.95528565679));
#3168 = CARTESIAN_POINT('',(-3.508575769896,32.809836086847,
    214.99620753245));
#3169 = CARTESIAN_POINT('',(-3.444547114885,32.77916933592,
    215.03541642728));
#3170 = CARTESIAN_POINT('',(-3.326055156517,32.723963193891,
    215.10253632531));
#3171 = CARTESIAN_POINT('',(-3.272314645743,32.699453874507,
    215.13111709389));
#3172 = CARTESIAN_POINT('',(-3.21733846419,32.674934023758,
    215.15848192768));
#3173 = CARTESIAN_POINT('',(-3.161137896884,32.650445720065,
    215.1845690961));
#3174 = CARTESIAN_POINT('',(-3.103731516005,32.626033931005,
    215.20931447796));
#3175 = CARTESIAN_POINT('',(-3.045146315102,32.601746170897,
    215.23265271444));
#3176 = CARTESIAN_POINT('',(-2.985418843301,32.577632158383,
    215.25451836206));
#3177 = CARTESIAN_POINT('',(-2.825808353506,32.514943443245,
    215.30786491868));
#3178 = CARTESIAN_POINT('',(-2.724091837943,32.476722102712,
    215.33684180159));
#3179 = CARTESIAN_POINT('',(-2.619697178279,32.439321071367,
    215.36147931549));
#3180 = CARTESIAN_POINT('',(-2.512930584495,32.402981454125,
    215.38151059145));
#3181 = CARTESIAN_POINT('',(-2.404159524993,32.367936058604,
    215.39670937689));
#3182 = CARTESIAN_POINT('',(-2.293819058214,32.334401183982,
    215.40690454395));
#3183 = CARTESIAN_POINT('',(-2.182419062021,32.302567981934,215.412));
#3184 = CARTESIAN_POINT('',(-2.07055236082,32.272593389687,215.412));
#3185 = PCURVE('',#33,#3186);
#3186 = DEFINITIONAL_REPRESENTATION('',(#3187),#3344);
#3187 = B_SPLINE_CURVE_WITH_KNOTS('',8,(#3188,#3189,#3190,#3191,#3192,
    #3193,#3194,#3195,#3196,#3197,#3198,#3199,#3200,#3201,#3202,#3203,
    #3204,#3205,#3206,#3207,#3208,#3209,#3210,#3211,#3212,#3213,#3214,
    #3215,#3216,#3217,#3218,#3219,#3220,#3221,#3222,#3223,#3224,#3225,
    #3226,#3227,#3228,#3229,#3230,#3231,#3232,#3233,#3234,#3235,#3236,
    #3237,#3238,#3239,#3240,#3241,#3242,#3243,#3244,#3245,#3246,#3247,
    #3248,#3249,#3250,#3251,#3252,#3253,#3254,#3255,#3256,#3257,#3258,
    #3259,#3260,#3261,#3262,#3263,#3264,#3265,#3266,#3267,#3268,#3269,
    #3270,#3271,#3272,#3273,#3274,#3275,#3276,#3277,#3278,#3279,#3280,
    #3281,#3282,#3283,#3284,#3285,#3286,#3287,#3288,#3289,#3290,#3291,
    #3292,#3293,#3294,#3295,#3296,#3297,#3298,#3299,#3300,#3301,#3302,
    #3303,#3304,#3305,#3306,#3307,#3308,#3309,#3310,#3311,#3312,#3313,
    #3314,#3315,#3316,#3317,#3318,#3319,#3320,#3321,#3322,#3323,#3324,
    #3325,#3326,#3327,#3328,#3329,#3330,#3331,#3332,#3333,#3334,#3335,
    #3336,#3337,#3338,#3339,#3340,#3341,#3342,#3343),.UNSPECIFIED.,.F.,
  .F.,(9,7,7,7,7,7,7,7,7,7,7,7,7,7,7,7,7,7,7,7,7,7,9),(0.,
    4.181538954525E-02,6.727050794085E-02,9.95376313908E-02,
    0.125209957404,0.238680688843,0.374510307217,0.400178274722,
    0.43244857745,0.457911162497,0.47174212927,0.499755680387,
    0.527774948892,0.541612765849,0.567094394504,0.599401420554,
    0.625112408504,0.736042727273,0.874228513872,0.900007977466,
    0.932392313149,0.958155461889,1.),.UNSPECIFIED.);
#3188 = CARTESIAN_POINT('',(-4.450589592586,-56.412));
#3189 = CARTESIAN_POINT('',(-4.465092309532,-56.412));
#3190 = CARTESIAN_POINT('',(-4.479598743358,-56.4068861511));
#3191 = CARTESIAN_POINT('',(-4.494036487286,-56.39665428117));
#3192 = CARTESIAN_POINT('',(-4.50834214232,-56.38140123346));
#3193 = CARTESIAN_POINT('',(-4.522460104127,-56.36129929749));
#3194 = CARTESIAN_POINT('',(-4.536341620084,-56.33657615666));
#3195 = CARTESIAN_POINT('',(-4.549944116472,-56.30750035267));
#3196 = CARTESIAN_POINT('',(-4.571319061903,-56.25420554446));
#3197 = CARTESIAN_POINT('',(-4.579292313951,-56.23253200795));
#3198 = CARTESIAN_POINT('',(-4.587143747064,-56.20941423471));
#3199 = CARTESIAN_POINT('',(-4.59486773061,-56.18491581847));
#3200 = CARTESIAN_POINT('',(-4.602459699217,-56.15910026778));
#3201 = CARTESIAN_POINT('',(-4.609916043737,-56.13202990456));
#3202 = CARTESIAN_POINT('',(-4.617234002224,-56.10376476273));
#3203 = CARTESIAN_POINT('',(-4.633509872334,-56.03708964525));
#3204 = CARTESIAN_POINT('',(-4.642382159606,-55.99799079152));
#3205 = CARTESIAN_POINT('',(-4.651024787327,-55.95717925754));
#3206 = CARTESIAN_POINT('',(-4.659435267724,-55.91476358735));
#3207 = CARTESIAN_POINT('',(-4.667612118024,-55.87084561206));
#3208 = CARTESIAN_POINT('',(-4.675554727846,-55.82551952492));
#3209 = CARTESIAN_POINT('',(-4.683263226582,-55.77887095637));
#3210 = CARTESIAN_POINT('',(-4.696685699202,-55.69286996638));
#3211 = CARTESIAN_POINT('',(-4.702485105499,-55.65397632087));
#3212 = CARTESIAN_POINT('',(-4.708136870697,-55.61433419872));
#3213 = CARTESIAN_POINT('',(-4.713641327596,-55.57398046462));
#3214 = CARTESIAN_POINT('',(-4.71899884077,-55.53294976176));
#3215 = CARTESIAN_POINT('',(-4.724209806574,-55.49127451178));
#3216 = CARTESIAN_POINT('',(-4.729274653137,-55.44898491483));
#3217 = CARTESIAN_POINT('',(-4.755936465967,-55.21659876894));
#3218 = CARTESIAN_POINT('',(-4.774817845028,-55.01576906416));
#3219 = CARTESIAN_POINT('',(-4.790910450393,-54.80582912424));
#3220 = CARTESIAN_POINT('',(-4.804206629197,-54.58864852899));
#3221 = CARTESIAN_POINT('',(-4.814692076355,-54.36594927258));
#3222 = CARTESIAN_POINT('',(-4.822345674543,-54.13930005448));
#3223 = CARTESIAN_POINT('',(-4.827156369614,-53.91016627329));
#3224 = CARTESIAN_POINT('',(-4.83144809683,-53.40423683865));
#3225 = CARTESIAN_POINT('',(-4.829685249465,-53.12774855961));
#3226 = CARTESIAN_POINT('',(-4.823840066116,-52.85269681437));
#3227 = CARTESIAN_POINT('',(-4.813915326868,-52.5815526486));
#3228 = CARTESIAN_POINT('',(-4.799951858068,-52.31691425998));
#3229 = CARTESIAN_POINT('',(-4.781979807053,-52.06164434278));
#3230 = CARTESIAN_POINT('',(-4.760038913777,-51.81882705279));
#3231 = CARTESIAN_POINT('',(-4.729083239125,-51.5494107789));
#3232 = CARTESIAN_POINT('',(-4.724017805032,-51.50717673675));
#3233 = CARTESIAN_POINT('',(-4.718806484224,-51.46555686056));
#3234 = CARTESIAN_POINT('',(-4.713448849426,-51.42458131975));
#3235 = CARTESIAN_POINT('',(-4.707944505696,-51.38428250229));
#3236 = CARTESIAN_POINT('',(-4.702293090428,-51.34469501464));
#3237 = CARTESIAN_POINT('',(-4.696494273353,-51.30585568182));
#3238 = CARTESIAN_POINT('',(-4.68307167188,-51.2199636123));
#3239 = CARTESIAN_POINT('',(-4.6753624699,-51.17337010098));
#3240 = CARTESIAN_POINT('',(-4.667419420572,-51.12809913657));
#3241 = CARTESIAN_POINT('',(-4.659242402497,-51.08423631896));
#3242 = CARTESIAN_POINT('',(-4.650832035758,-51.04187579728));
#3243 = CARTESIAN_POINT('',(-4.642189814778,-51.0011193424));
#3244 = CARTESIAN_POINT('',(-4.633318241181,-50.96207541947));
#3245 = CARTESIAN_POINT('',(-4.617042828108,-50.89549240398));
#3246 = CARTESIAN_POINT('',(-4.609724435408,-50.8672649652));
#3247 = CARTESIAN_POINT('',(-4.602267811751,-50.84023257251));
#3248 = CARTESIAN_POINT('',(-4.594675729018,-50.8144552314));
#3249 = CARTESIAN_POINT('',(-4.586951806748,-50.789995222));
#3250 = CARTESIAN_POINT('',(-4.57910062112,-50.76691599666));
#3251 = CARTESIAN_POINT('',(-4.571127813933,-50.74528107758));
#3252 = CARTESIAN_POINT('',(-4.558647108838,-50.71421960243));
#3253 = CARTESIAN_POINT('',(-4.554220168907,-50.70373078733));
#3254 = CARTESIAN_POINT('',(-4.549760496147,-50.69369672431));
#3255 = CARTESIAN_POINT('',(-4.545269315562,-50.68412732345));
#3256 = CARTESIAN_POINT('',(-4.540747962809,-50.67503218967));
#3257 = CARTESIAN_POINT('',(-4.536197884193,-50.66642062272));
#3258 = CARTESIAN_POINT('',(-4.531620636672,-50.65830161715));
#3259 = CARTESIAN_POINT('',(-4.517695376898,-50.63525469058));
#3260 = CARTESIAN_POINT('',(-4.508267347909,-50.62188003649));
#3261 = CARTESIAN_POINT('',(-4.498748839268,-50.61063291863));
#3262 = CARTESIAN_POINT('',(-4.489155882859,-50.60157555051));
#3263 = CARTESIAN_POINT('',(-4.479505575647,-50.59475738914));
#3264 = CARTESIAN_POINT('',(-4.469816151263,-50.5902131835));
#3265 = CARTESIAN_POINT('',(-4.460107051588,-50.58796102309));
#3266 = CARTESIAN_POINT('',(-4.440688963727,-50.58803975774));
#3267 = CARTESIAN_POINT('',(-4.43097845972,-50.59037159493));
#3268 = CARTESIAN_POINT('',(-4.421288216701,-50.59499597423));
#3269 = CARTESIAN_POINT('',(-4.411637673233,-50.60189436426));
#3270 = CARTESIAN_POINT('',(-4.402045048492,-50.61103159457));
#3271 = CARTESIAN_POINT('',(-4.392527414707,-50.62235782425));
#3272 = CARTESIAN_POINT('',(-4.383100769599,-50.63581051048));
#3273 = CARTESIAN_POINT('',(-4.369176933756,-50.65897422677));
#3274 = CARTESIAN_POINT('',(-4.364599389134,-50.66713329386));
#3275 = CARTESIAN_POINT('',(-4.360049139112,-50.67578485061));
#3276 = CARTESIAN_POINT('',(-4.355527737016,-50.68491986746));
#3277 = CARTESIAN_POINT('',(-4.351036625335,-50.6945290131));
#3278 = CARTESIAN_POINT('',(-4.346577135719,-50.70460265447));
#3279 = CARTESIAN_POINT('',(-4.342150488977,-50.71513085679));
#3280 = CARTESIAN_POINT('',(-4.329668875062,-50.74630872745));
#3281 = CARTESIAN_POINT('',(-4.321695177993,-50.76802090396));
#3282 = CARTESIAN_POINT('',(-4.313843497301,-50.79117724778));
#3283 = CARTESIAN_POINT('',(-4.306119452443,-50.81571409374));
#3284 = CARTESIAN_POINT('',(-4.29852759799,-50.84156787718));
#3285 = CARTESIAN_POINT('',(-4.291071532697,-50.86867623442));
#3286 = CARTESIAN_POINT('',(-4.283754008586,-50.89697910323));
#3287 = CARTESIAN_POINT('',(-4.267477680095,-50.96374640542));
#3288 = CARTESIAN_POINT('',(-4.258604677997,-51.0029002497));
#3289 = CARTESIAN_POINT('',(-4.249961642824,-51.04376692386));
#3290 = CARTESIAN_POINT('',(-4.241551048507,-51.08623780493));
#3291 = CARTESIAN_POINT('',(-4.23337436618,-51.13021100148));
#3292 = CARTESIAN_POINT('',(-4.225432196538,-51.17559227609));
#3293 = CARTESIAN_POINT('',(-4.217724402212,-51.22229596769));
#3294 = CARTESIAN_POINT('',(-4.204302057504,-51.30840604951));
#3295 = CARTESIAN_POINT('',(-4.198502060108,-51.34735411413));
#3296 = CARTESIAN_POINT('',(-4.192849943841,-51.38705097883));
#3297 = CARTESIAN_POINT('',(-4.187345373381,-51.42745973909));
#3298 = CARTESIAN_POINT('',(-4.18198798219,-51.46854571488));
#3299 = CARTESIAN_POINT('',(-4.176777372508,-51.51027645067));
#3300 = CARTESIAN_POINT('',(-4.171713115361,-51.55262171544));
#3301 = CARTESIAN_POINT('',(-4.145574415619,-51.78078313487));
#3302 = CARTESIAN_POINT('',(-4.127084431177,-51.97680421127));
#3303 = CARTESIAN_POINT('',(-4.111257990896,-52.18155582052));
#3304 = CARTESIAN_POINT('',(-4.09810060357,-52.39328700388));
#3305 = CARTESIAN_POINT('',(-4.087624993908,-52.61038672782));
#3306 = CARTESIAN_POINT('',(-4.079850356104,-52.83138649507));
#3307 = CARTESIAN_POINT('',(-4.074787613073,-53.05491704781));
#3308 = CARTESIAN_POINT('',(-4.069539375164,-53.55976982245));
#3309 = CARTESIAN_POINT('',(-4.070868214764,-53.84080617156));
#3310 = CARTESIAN_POINT('',(-4.076408849974,-54.12051448257));
#3311 = CARTESIAN_POINT('',(-4.086157688367,-54.39635271095));
#3312 = CARTESIAN_POINT('',(-4.100071101154,-54.66562546924));
#3313 = CARTESIAN_POINT('',(-4.118115558402,-54.92534819094));
#3314 = CARTESIAN_POINT('',(-4.140244643575,-55.17235429131));
#3315 = CARTESIAN_POINT('',(-4.171521696053,-55.44576932495));
#3316 = CARTESIAN_POINT('',(-4.176585361916,-55.48817037126));
#3317 = CARTESIAN_POINT('',(-4.181795614365,-55.52995670544));
#3318 = CARTESIAN_POINT('',(-4.187152883214,-55.57109806546));
#3319 = CARTESIAN_POINT('',(-4.19265756762,-55.6115619618));
#3320 = CARTESIAN_POINT('',(-4.198310036081,-55.65131367743));
#3321 = CARTESIAN_POINT('',(-4.20411062644,-55.69031626783));
#3322 = CARTESIAN_POINT('',(-4.217532844142,-55.77653561327));
#3323 = CARTESIAN_POINT('',(-4.225239932873,-55.82329449384));
#3324 = CARTESIAN_POINT('',(-4.233181661642,-55.86873102076));
#3325 = CARTESIAN_POINT('',(-4.241358175784,-55.91275950231));
#3326 = CARTESIAN_POINT('',(-4.249768884275,-55.95528565679));
#3327 = CARTESIAN_POINT('',(-4.258412327616,-55.99620753245));
#3328 = CARTESIAN_POINT('',(-4.267286045715,-56.03541642728));
#3329 = CARTESIAN_POINT('',(-4.283626210148,-56.10253632531));
#3330 = CARTESIAN_POINT('',(-4.291009173021,-56.13111709389));
#3331 = CARTESIAN_POINT('',(-4.298533275602,-56.15848192768));
#3332 = CARTESIAN_POINT('',(-4.306195695519,-56.1845690961));
#3333 = CARTESIAN_POINT('',(-4.313992732669,-56.20931447796));
#3334 = CARTESIAN_POINT('',(-4.32191969508,-56.23265271444));
#3335 = CARTESIAN_POINT('',(-4.329970784766,-56.25451836206));
#3336 = CARTESIAN_POINT('',(-4.351405782236,-56.30786491868));
#3337 = CARTESIAN_POINT('',(-4.364986864111,-56.33684180159));
#3338 = CARTESIAN_POINT('',(-4.378845616094,-56.36147931549));
#3339 = CARTESIAN_POINT('',(-4.392939656091,-56.38151059145));
#3340 = CARTESIAN_POINT('',(-4.407220435107,-56.39670937689));
#3341 = CARTESIAN_POINT('',(-4.421632579892,-56.40690454395));
#3342 = CARTESIAN_POINT('',(-4.436112976194,-56.412));
#3343 = CARTESIAN_POINT('',(-4.450589592586,-56.412));
#3344 = ( GEOMETRIC_REPRESENTATION_CONTEXT(2) 
PARAMETRIC_REPRESENTATION_CONTEXT() REPRESENTATION_CONTEXT('2D SPACE',''
  ) );
#3345 = PCURVE('',#3346,#3351);
#3346 = CONICAL_SURFACE('',#3347,3.,8.777389232722E-02);
#3347 = AXIS2_PLACEMENT_3D('',#3348,#3349,#3350);
#3348 = CARTESIAN_POINT('',(-1.811733315718,33.238519215977,212.5));
#3349 = DIRECTION('',(0.258819045103,0.965925826289,-0.));
#3350 = DIRECTION('',(0.,0.,1.));
#3351 = DEFINITIONAL_REPRESENTATION('',(#3352),#3509);
#3352 = B_SPLINE_CURVE_WITH_KNOTS('',8,(#3353,#3354,#3355,#3356,#3357,
    #3358,#3359,#3360,#3361,#3362,#3363,#3364,#3365,#3366,#3367,#3368,
    #3369,#3370,#3371,#3372,#3373,#3374,#3375,#3376,#3377,#3378,#3379,
    #3380,#3381,#3382,#3383,#3384,#3385,#3386,#3387,#3388,#3389,#3390,
    #3391,#3392,#3393,#3394,#3395,#3396,#3397,#3398,#3399,#3400,#3401,
    #3402,#3403,#3404,#3405,#3406,#3407,#3408,#3409,#3410,#3411,#3412,
    #3413,#3414,#3415,#3416,#3417,#3418,#3419,#3420,#3421,#3422,#3423,
    #3424,#3425,#3426,#3427,#3428,#3429,#3430,#3431,#3432,#3433,#3434,
    #3435,#3436,#3437,#3438,#3439,#3440,#3441,#3442,#3443,#3444,#3445,
    #3446,#3447,#3448,#3449,#3450,#3451,#3452,#3453,#3454,#3455,#3456,
    #3457,#3458,#3459,#3460,#3461,#3462,#3463,#3464,#3465,#3466,#3467,
    #3468,#3469,#3470,#3471,#3472,#3473,#3474,#3475,#3476,#3477,#3478,
    #3479,#3480,#3481,#3482,#3483,#3484,#3485,#3486,#3487,#3488,#3489,
    #3490,#3491,#3492,#3493,#3494,#3495,#3496,#3497,#3498,#3499,#3500,
    #3501,#3502,#3503,#3504,#3505,#3506,#3507,#3508),.UNSPECIFIED.,.F.,
  .F.,(9,7,7,7,7,7,7,7,7,7,7,7,7,7,7,7,7,7,7,7,7,7,9),(0.,
    4.181538954525E-02,6.727050794085E-02,9.95376313908E-02,
    0.125209957404,0.238680688843,0.374510307217,0.400178274722,
    0.43244857745,0.457911162497,0.47174212927,0.499755680387,
    0.527774948892,0.541612765849,0.567094394504,0.599401420554,
    0.625112408504,0.736042727273,0.874228513872,0.900007977466,
    0.932392313149,0.958155461889,1.),.UNSPECIFIED.);
#3353 = CARTESIAN_POINT('',(-6.28318530718,-1.));
#3354 = CARTESIAN_POINT('',(-6.243342678206,-1.));
#3355 = CARTESIAN_POINT('',(-6.203489866617,-0.998077012547));
#3356 = CARTESIAN_POINT('',(-6.163751310502,-0.994229222177));
#3357 = CARTESIAN_POINT('',(-6.12422692199,-0.988509703716));
#3358 = CARTESIAN_POINT('',(-6.084999072524,-0.981015449995));
#3359 = CARTESIAN_POINT('',(-6.046137752884,-0.97187707525));
#3360 = CARTESIAN_POINT('',(-6.007703907941,-0.961249194192));
#3361 = CARTESIAN_POINT('',(-5.946647080646,-0.942028303763));
#3362 = CARTESIAN_POINT('',(-5.923715664711,-0.934264179282));
#3363 = CARTESIAN_POINT('',(-5.900964335808,-0.926045654034));
#3364 = CARTESIAN_POINT('',(-5.878398495546,-0.917410204484));
#3365 = CARTESIAN_POINT('',(-5.85602150085,-0.908395636483));
#3366 = CARTESIAN_POINT('',(-5.833834855144,-0.899039488915));
#3367 = CARTESIAN_POINT('',(-5.811838399524,-0.889378437345));
#3368 = CARTESIAN_POINT('',(-5.762386630979,-0.866859408024));
#3369 = CARTESIAN_POINT('',(-5.735047015411,-0.853838358633));
#3370 = CARTESIAN_POINT('',(-5.708006816196,-0.840456169389));
#3371 = CARTESIAN_POINT('',(-5.681259590987,-0.826781735596));
#3372 = CARTESIAN_POINT('',(-5.654797302533,-0.81288081244));
#3373 = CARTESIAN_POINT('',(-5.628610325079,-0.79881559948));
#3374 = CARTESIAN_POINT('',(-5.602687450768,-0.784644325125));
#3375 = CARTESIAN_POINT('',(-5.556591127677,-0.75910435366));
#3376 = CARTESIAN_POINT('',(-5.53632611291,-0.747755270363));
#3377 = CARTESIAN_POINT('',(-5.516214801282,-0.736400958317));
#3378 = CARTESIAN_POINT('',(-5.496251124702,-0.725067594413));
#3379 = CARTESIAN_POINT('',(-5.476428997444,-0.713780155347));
#3380 = CARTESIAN_POINT('',(-5.456742316153,-0.702562417618));
#3381 = CARTESIAN_POINT('',(-5.437184959836,-0.691436957526));
#3382 = CARTESIAN_POINT('',(-5.331852477433,-0.631753374405));
#3383 = CARTESIAN_POINT('',(-5.248421196818,-0.585337173395));
#3384 = CARTESIAN_POINT('',(-5.166807277197,-0.542959665866));
#3385 = CARTESIAN_POINT('',(-5.086605962833,-0.506124280438));
#3386 = CARTESIAN_POINT('',(-5.007457337045,-0.476061430722));
#3387 = CARTESIAN_POINT('',(-4.929048074691,-0.453664707646));
#3388 = CARTESIAN_POINT('',(-4.851064485942,-0.43947508774));
#3389 = CARTESIAN_POINT('',(-4.67990937091,-0.426787169174));
#3390 = CARTESIAN_POINT('',(-4.587043483681,-0.431951757061));
#3391 = CARTESIAN_POINT('',(-4.493960206254,-0.449427154688));
#3392 = CARTESIAN_POINT('',(-4.400149088555,-0.47877593641));
#3393 = CARTESIAN_POINT('',(-4.305121960451,-0.51880228715));
#3394 = CARTESIAN_POINT('',(-4.208294841478,-0.567574368781));
#3395 = CARTESIAN_POINT('',(-4.10905223802,-0.622607847136));
#3396 = CARTESIAN_POINT('',(-3.986852393201,-0.691858103968));
#3397 = CARTESIAN_POINT('',(-3.967307142837,-0.702977381804));
#3398 = CARTESIAN_POINT('',(-3.947632612342,-0.714188150543));
#3399 = CARTESIAN_POINT('',(-3.927822694628,-0.725467864702));
#3400 = CARTESIAN_POINT('',(-3.90787130147,-0.736792781151));
#3401 = CARTESIAN_POINT('',(-3.887772363502,-0.748137959121));
#3402 = CARTESIAN_POINT('',(-3.867519830219,-0.759477260199));
#3403 = CARTESIAN_POINT('',(-3.821445077479,-0.784997597536));
#3404 = CARTESIAN_POINT('',(-3.795531228018,-0.79915864167));
#3405 = CARTESIAN_POINT('',(-3.769353369117,-0.813212676493));
#3406 = CARTESIAN_POINT('',(-3.742900325654,-0.827101516786));
#3407 = CARTESIAN_POINT('',(-3.716162507493,-0.84076301356));
#3408 = CARTESIAN_POINT('',(-3.689131917111,-0.854131471262));
#3409 = CARTESIAN_POINT('',(-3.661802157226,-0.867138064981));
#3410 = CARTESIAN_POINT('',(-3.612364307211,-0.889632019497));
#3411 = CARTESIAN_POINT('',(-3.590371725434,-0.89928259061));
#3412 = CARTESIAN_POINT('',(-3.568189088158,-0.908627774991));
#3413 = CARTESIAN_POINT('',(-3.545816261977,-0.917630923088));
#3414 = CARTESIAN_POINT('',(-3.523254776489,-0.926254528804));
#3415 = CARTESIAN_POINT('',(-3.500508015778,-0.934460826497));
#3416 = CARTESIAN_POINT('',(-3.477581409891,-0.942212387982));
#3417 = CARTESIAN_POINT('',(-3.441935647772,-0.953416443403));
#3418 = CARTESIAN_POINT('',(-3.429337944975,-0.957215266616));
#3419 = CARTESIAN_POINT('',(-3.416690813849,-0.960863244499));
#3420 = CARTESIAN_POINT('',(-3.403995769265,-0.964354630142));
#3421 = CARTESIAN_POINT('',(-3.391254545035,-0.967683874407));
#3422 = CARTESIAN_POINT('',(-3.378469093917,-0.970845625922));
#3423 = CARTESIAN_POINT('',(-3.365641587609,-0.973834731081));
#3424 = CARTESIAN_POINT('',(-3.326712959562,-0.982340715381));
#3425 = CARTESIAN_POINT('',(-3.300486244885,-0.987307376887));
#3426 = CARTESIAN_POINT('',(-3.274117555962,-0.991504877939));
#3427 = CARTESIAN_POINT('',(-3.24763128314,-0.9948980227));
#3428 = CARTESIAN_POINT('',(-3.221053497705,-0.997458861287));
#3429 = CARTESIAN_POINT('',(-3.194412525706,-0.999167790921));
#3430 = CARTESIAN_POINT('',(-3.167739521782,-1.000014657088));
#3431 = CARTESIAN_POINT('',(-3.114393120919,-0.999985049281));
#3432 = CARTESIAN_POINT('',(-3.087715602263,-0.999108220767));
#3433 = CARTESIAN_POINT('',(-3.061071053524,-0.997369222397));
#3434 = CARTESIAN_POINT('',(-3.034490617001,-0.994778456987));
#3435 = CARTESIAN_POINT('',(-3.008002585348,-0.991355766147));
#3436 = CARTESIAN_POINT('',(-2.981632976146,-0.987129319498));
#3437 = CARTESIAN_POINT('',(-2.955406106466,-0.982134503901));
#3438 = CARTESIAN_POINT('',(-2.916474506518,-0.973587053105));
#3439 = CARTESIAN_POINT('',(-2.903643698773,-0.970583817962));
#3440 = CARTESIAN_POINT('',(-2.890855126521,-0.967408085881));
#3441 = CARTESIAN_POINT('',(-2.878110952788,-0.964065031525));
#3442 = CARTESIAN_POINT('',(-2.865413121312,-0.960560025573));
#3443 = CARTESIAN_POINT('',(-2.852763356537,-0.956898634723));
#3444 = CARTESIAN_POINT('',(-2.840163163615,-0.953086621691));
#3445 = CARTESIAN_POINT('',(-2.804504872668,-0.941843928847));
#3446 = CARTESIAN_POINT('',(-2.78156863825,-0.934067240122));
#3447 = CARTESIAN_POINT('',(-2.758812732567,-0.925836486733));
#3448 = CARTESIAN_POINT('',(-2.736242528768,-0.917189193403));
#3449 = CARTESIAN_POINT('',(-2.713861356607,-0.908163206171));
#3450 = CARTESIAN_POINT('',(-2.691670693329,-0.89879609669));
#3451 = CARTESIAN_POINT('',(-2.669670354535,-0.889124566523));
#3452 = CARTESIAN_POINT('',(-2.620204637381,-0.866580459978));
#3453 = CARTESIAN_POINT('',(-2.592855145578,-0.853544951382));
#3454 = CARTESIAN_POINT('',(-2.565805316943,-0.840149028494));
#3455 = CARTESIAN_POINT('',(-2.53904866403,-0.826461657108));
#3456 = CARTESIAN_POINT('',(-2.512577109836,-0.81254865215));
#3457 = CARTESIAN_POINT('',(-2.486380992971,-0.798472263845));
#3458 = CARTESIAN_POINT('',(-2.460449072825,-0.784290763891));
#3459 = CARTESIAN_POINT('',(-2.414331122645,-0.75873115782));
#3460 = CARTESIAN_POINT('',(-2.394053590994,-0.747372287115));
#3461 = CARTESIAN_POINT('',(-2.373929870474,-0.736008837797));
#3462 = CARTESIAN_POINT('',(-2.353953875368,-0.724667025384));
#3463 = CARTESIAN_POINT('',(-2.334119503553,-0.713371862631));
#3464 = CARTESIAN_POINT('',(-2.314420636505,-0.702147159532));
#3465 = CARTESIAN_POINT('',(-2.294851139299,-0.691015523322));
#3466 = CARTESIAN_POINT('',(-2.191503693572,-0.632464688789));
#3467 = CARTESIAN_POINT('',(-2.10995256969,-0.587094741626));
#3468 = CARTESIAN_POINT('',(-2.030148186372,-0.545550573616));
#3469 = CARTESIAN_POINT('',(-1.95170865616,-0.509238785935));
#3470 = CARTESIAN_POINT('',(-1.87429584505,-0.479316334275));
#3471 = CARTESIAN_POINT('',(-1.797614216884,-0.456635398955));
#3472 = CARTESIAN_POINT('',(-1.721368925309,-0.441728946619));
#3473 = CARTESIAN_POINT('',(-1.550402734539,-0.426228104634));
#3474 = CARTESIAN_POINT('',(-1.456080055269,-0.430080407674));
#3475 = CARTESIAN_POINT('',(-1.361606890443,-0.446670692917));
#3476 = CARTESIAN_POINT('',(-1.266439537529,-0.475589576988));
#3477 = CARTESIAN_POINT('',(-1.170067928371,-0.515630609483));
#3478 = CARTESIAN_POINT('',(-1.071882514242,-0.564787705037));
#3479 = CARTESIAN_POINT('',(-0.971244744446,-0.620487246903));
#3480 = CARTESIAN_POINT('',(-0.847483242106,-0.69059380142));
#3481 = CARTESIAN_POINT('',(-0.827901568825,-0.701731607637));
#3482 = CARTESIAN_POINT('',(-0.808190480871,-0.712963272493));
#3483 = CARTESIAN_POINT('',(-0.788343829339,-0.724266157708));
#3484 = CARTESIAN_POINT('',(-0.768355480495,-0.735616419669));
#3485 = CARTESIAN_POINT('',(-0.748219315771,-0.74698900943));
#3486 = CARTESIAN_POINT('',(-0.727929231773,-0.758357672711));
#3487 = CARTESIAN_POINT('',(-0.681789597688,-0.783936913809));
#3488 = CARTESIAN_POINT('',(-0.655848610714,-0.798128634697));
#3489 = CARTESIAN_POINT('',(-0.629643333573,-0.812216195521));
#3490 = CARTESIAN_POINT('',(-0.603162492879,-0.826141281199));
#3491 = CARTESIAN_POINT('',(-0.57639639157,-0.839841590744));
#3492 = CARTESIAN_POINT('',(-0.549336912855,-0.8532512494));
#3493 = CARTESIAN_POINT('',(-0.521977524144,-0.86630122078));
#3494 = CARTESIAN_POINT('',(-0.472305171326,-0.888958283619));
#3495 = CARTESIAN_POINT('',(-0.45010493081,-0.898723400515));
#3496 = CARTESIAN_POINT('',(-0.427710835768,-0.908178874797));
#3497 = CARTESIAN_POINT('',(-0.40512268487,-0.917286982612));
#3498 = CARTESIAN_POINT('',(-0.382341999036,-0.926009095449));
#3499 = CARTESIAN_POINT('',(-0.359372221332,-0.934306304444));
#3500 = CARTESIAN_POINT('',(-0.336218916873,-0.942140044689));
#3501 = CARTESIAN_POINT('',(-0.274999072721,-0.961382459101));
#3502 = CARTESIAN_POINT('',(-0.236629607069,-0.971975267608));
#3503 = CARTESIAN_POINT('',(-0.19783465366,-0.981082563586));
#3504 = CARTESIAN_POINT('',(-0.158674880347,-0.988550710546));
#3505 = CARTESIAN_POINT('',(-0.119220031183,-0.994249941417));
#3506 = CARTESIAN_POINT('',(-7.955220468618E-02,-0.998083928648));
#3507 = CARTESIAN_POINT('',(-3.977092415326E-02,-1.));
#3508 = CARTESIAN_POINT('',(0.,-1.));
#3509 = ( GEOMETRIC_REPRESENTATION_CONTEXT(2) 
PARAMETRIC_REPRESENTATION_CONTEXT() REPRESENTATION_CONTEXT('2D SPACE',''
  ) );
#3510 = FACE_BOUND('',#3511,.F.);
#3511 = EDGE_LOOP('',(#3512));
#3512 = ORIENTED_EDGE('',*,*,#3513,.F.);
#3513 = EDGE_CURVE('',#3514,#3514,#3516,.T.);
#3514 = VERTEX_POINT('',#3515);
#3515 = CARTESIAN_POINT('',(-7.517540966287,37.263838853395,203.912));
#3516 = SURFACE_CURVE('',#3517,(#3674,#3834),.PCURVE_S1.);
#3517 = B_SPLINE_CURVE_WITH_KNOTS('',8,(#3518,#3519,#3520,#3521,#3522,
    #3523,#3524,#3525,#3526,#3527,#3528,#3529,#3530,#3531,#3532,#3533,
    #3534,#3535,#3536,#3537,#3538,#3539,#3540,#3541,#3542,#3543,#3544,
    #3545,#3546,#3547,#3548,#3549,#3550,#3551,#3552,#3553,#3554,#3555,
    #3556,#3557,#3558,#3559,#3560,#3561,#3562,#3563,#3564,#3565,#3566,
    #3567,#3568,#3569,#3570,#3571,#3572,#3573,#3574,#3575,#3576,#3577,
    #3578,#3579,#3580,#3581,#3582,#3583,#3584,#3585,#3586,#3587,#3588,
    #3589,#3590,#3591,#3592,#3593,#3594,#3595,#3596,#3597,#3598,#3599,
    #3600,#3601,#3602,#3603,#3604,#3605,#3606,#3607,#3608,#3609,#3610,
    #3611,#3612,#3613,#3614,#3615,#3616,#3617,#3618,#3619,#3620,#3621,
    #3622,#3623,#3624,#3625,#3626,#3627,#3628,#3629,#3630,#3631,#3632,
    #3633,#3634,#3635,#3636,#3637,#3638,#3639,#3640,#3641,#3642,#3643,
    #3644,#3645,#3646,#3647,#3648,#3649,#3650,#3651,#3652,#3653,#3654,
    #3655,#3656,#3657,#3658,#3659,#3660,#3661,#3662,#3663,#3664,#3665,
    #3666,#3667,#3668,#3669,#3670,#3671,#3672,#3673),.UNSPECIFIED.,.T.,
  .F.,(9,7,7,7,7,7,7,7,7,7,7,7,7,7,7,7,7,7,7,7,7,7,9),(0.,
    4.181538958559E-02,6.727050800574E-02,9.953763148682E-02,
    0.125209957525,0.238680689075,0.374510307578,0.400178275107,
    0.432448577866,0.457911162937,0.471742129724,0.499755680868,
    0.5277749494,0.54161276637,0.567094395049,0.59940142113,
    0.625112409105,0.736042727983,0.874228514244,0.900007977762,
    0.932392313349,0.958155462012,1.),.UNSPECIFIED.);
#3518 = CARTESIAN_POINT('',(-7.517540966287,37.263838853395,203.912));
#3519 = CARTESIAN_POINT('',(-7.477859195659,37.154814084628,203.912));
#3520 = CARTESIAN_POINT('',(-7.436360237221,37.046419072564,
    203.9068861511));
#3521 = CARTESIAN_POINT('',(-7.393253222179,36.939233708532,
    203.89665428117));
#3522 = CARTESIAN_POINT('',(-7.348774238765,36.833751459206,
    203.88140123346));
#3523 = CARTESIAN_POINT('',(-7.30317799465,36.730388540094,
    203.86129929749));
#3524 = CARTESIAN_POINT('',(-7.256729829921,36.629492076615,
    203.83657615666));
#3525 = CARTESIAN_POINT('',(-7.209698080606,36.531347252778,
    203.80750035267));
#3526 = CARTESIAN_POINT('',(-7.133521696267,36.378252480921,
    203.75420554446));
#3527 = CARTESIAN_POINT('',(-7.104570951166,36.3214117438,
    203.73253200795));
#3528 = CARTESIAN_POINT('',(-7.07554846017,36.265702465414,
    203.70941423471));
#3529 = CARTESIAN_POINT('',(-7.046505438832,36.211155785486,
    203.68491581847));
#3530 = CARTESIAN_POINT('',(-7.017490184043,36.157793861721,
    203.65910026778));
#3531 = CARTESIAN_POINT('',(-6.988547842537,36.105630977395,
    203.63202990456));
#3532 = CARTESIAN_POINT('',(-6.959720179396,36.054674648951,
    203.60376476273));
#3533 = CARTESIAN_POINT('',(-6.894696885833,35.941865855165,
    203.53708964525));
#3534 = CARTESIAN_POINT('',(-6.8585956798,35.880749608281,
    203.49799079152));
#3535 = CARTESIAN_POINT('',(-6.822817996026,35.821578133785,
    203.45717925754));
#3536 = CARTESIAN_POINT('',(-6.787433862717,35.764342396205,
    203.41476358735));
#3537 = CARTESIAN_POINT('',(-6.752507141053,35.709025597386,
    203.37084561206));
#3538 = CARTESIAN_POINT('',(-6.718095597531,35.655604590134,
    203.32551952492));
#3539 = CARTESIAN_POINT('',(-6.684250976304,35.604051291858,
    203.27887095637));
#3540 = CARTESIAN_POINT('',(-6.624579147456,35.51477817047,
    203.19286996638));
#3541 = CARTESIAN_POINT('',(-6.598528087575,35.476385971374,
    203.15397632087));
#3542 = CARTESIAN_POINT('',(-6.572889340281,35.439141879643,
    203.11433419872));
#3543 = CARTESIAN_POINT('',(-6.547685089078,35.40303030784,
    203.07398046462));
#3544 = CARTESIAN_POINT('',(-6.522936252566,35.368035702373,
    203.03294976175));
#3545 = CARTESIAN_POINT('',(-6.498662484442,35.3341425435,
    202.99127451177));
#3546 = CARTESIAN_POINT('',(-6.474882173497,35.301335345322,
    202.94898491483));
#3547 = CARTESIAN_POINT('',(-6.348761098242,35.129323661892,
    202.71659876893));
#3548 = CARTESIAN_POINT('',(-6.255959043498,35.010064004759,
    202.51576906415));
#3549 = CARTESIAN_POINT('',(-6.174542120066,34.910276389042,
    202.30582912423));
#3550 = CARTESIAN_POINT('',(-6.105790694443,34.829082861597,
    202.08864852896));
#3551 = CARTESIAN_POINT('',(-6.050755274911,34.765772181434,
    201.86594927257));
#3552 = CARTESIAN_POINT('',(-6.010218808038,34.719882791516,
    201.63930005445));
#3553 = CARTESIAN_POINT('',(-5.984649441252,34.691119206761,
    201.41016627326));
#3554 = CARTESIAN_POINT('',(-5.961815087914,34.665479328701,
    200.90423683862));
#3555 = CARTESIAN_POINT('',(-5.971156533953,34.676044495966,
    200.6277485596));
#3556 = CARTESIAN_POINT('',(-6.002413149192,34.710826696059,
    200.35269681433));
#3557 = CARTESIAN_POINT('',(-6.055222912871,34.770110232165,
    200.0815526486));
#3558 = CARTESIAN_POINT('',(-6.128512499985,34.854442497418,
    199.81691425996));
#3559 = CARTESIAN_POINT('',(-6.220626096807,34.964922497839,
    199.56164434277));
#3560 = CARTESIAN_POINT('',(-6.329386773168,35.102832874095,
    199.31882705279));
#3561 = CARTESIAN_POINT('',(-6.475781471152,35.302574795499,
    199.04941077889));
#3562 = CARTESIAN_POINT('',(-6.4995582482,35.335390360082,
    199.00717673675));
#3563 = CARTESIAN_POINT('',(-6.523827141954,35.369290502697,
    198.96555686056));
#3564 = CARTESIAN_POINT('',(-6.548569785345,35.404290678821,
    198.92458131975));
#3565 = CARTESIAN_POINT('',(-6.573766547164,35.44040637242,
    198.88428250228));
#3566 = CARTESIAN_POINT('',(-6.59939653207,35.47765309594,
    198.84469501464));
#3567 = CARTESIAN_POINT('',(-6.625437580581,35.516046390315,
    198.80585568182));
#3568 = CARTESIAN_POINT('',(-6.685092966069,35.605331740292,
    198.7199636123));
#3569 = CARTESIAN_POINT('',(-6.718930777166,35.656896239053,
    198.67337010098));
#3570 = CARTESIAN_POINT('',(-6.753333917547,35.710326841556,
    198.62809913657));
#3571 = CARTESIAN_POINT('',(-6.788250653252,35.765651532103,
    198.58423631896));
#3572 = CARTESIAN_POINT('',(-6.8236232299,35.822893343331,
    198.54187579728));
#3573 = CARTESIAN_POINT('',(-6.85938780142,35.882068940546,
    198.5011193424));
#3574 = CARTESIAN_POINT('',(-6.89547435877,35.943187206064,
    198.46207541947));
#3575 = CARTESIAN_POINT('',(-6.960474325151,36.056005222774,
    198.39549240398));
#3576 = CARTESIAN_POINT('',(-6.989293944007,36.106970092531,
    198.36726496519));
#3577 = CARTESIAN_POINT('',(-7.018227352109,36.159140486746,
    198.34023257251));
#3578 = CARTESIAN_POINT('',(-7.047232777356,36.212508793631,
    198.3144552314));
#3579 = CARTESIAN_POINT('',(-7.076265071022,36.267060628579,
    198.289995222));
#3580 = CARTESIAN_POINT('',(-7.105275940128,36.322773727063,
    198.26691599666));
#3581 = CARTESIAN_POINT('',(-7.134214179796,36.37961683753,
    198.24528107757));
#3582 = CARTESIAN_POINT('',(-7.178676084957,36.469016451446,
    198.21421960243));
#3583 = CARTESIAN_POINT('',(-7.194288900793,36.500805294382,
    198.20373078733));
#3584 = CARTESIAN_POINT('',(-7.209855568512,36.532908388653,
    198.19369672431));
#3585 = CARTESIAN_POINT('',(-7.22536715747,36.565318000347,
    198.18412732345));
#3586 = CARTESIAN_POINT('',(-7.240814590989,36.598025416098,
    198.17503218967));
#3587 = CARTESIAN_POINT('',(-7.256188646359,36.631020943082,
    198.16642062272));
#3588 = CARTESIAN_POINT('',(-7.271479954837,36.664293909021,
    198.15830161715));
#3589 = CARTESIAN_POINT('',(-7.317463492833,36.765762807007,
    198.13525469058));
#3590 = CARTESIAN_POINT('',(-7.347872671141,36.834789790988,
    198.12188003649));
#3591 = CARTESIAN_POINT('',(-7.377824141525,36.904808107505,
    198.11063291863));
#3592 = CARTESIAN_POINT('',(-7.407238027923,36.975701204616,
    198.10157555051));
#3593 = CARTESIAN_POINT('',(-7.436037936639,37.047340912368,
    198.09475738914));
#3594 = CARTESIAN_POINT('',(-7.46415191973,37.119586870098,
    198.0902131835));
#3595 = CARTESIAN_POINT('',(-7.491513438389,37.192285953751,
    198.08796102309));
#3596 = CARTESIAN_POINT('',(-7.544616632733,37.338272348548,
    198.08803975774));
#3597 = CARTESIAN_POINT('',(-7.570362138401,37.411571219091,
    198.09037159493));
#3598 = CARTESIAN_POINT('',(-7.595238141724,37.485001967593,
    198.09499597423));
#3599 = CARTESIAN_POINT('',(-7.619197431639,37.558404466926,
    198.10189436426));
#3600 = CARTESIAN_POINT('',(-7.642205169626,37.631624986058,
    198.11103159457));
#3601 = CARTESIAN_POINT('',(-7.664237771697,37.704516366049,
    198.12235782425));
#3602 = CARTESIAN_POINT('',(-7.685281790392,37.776938196048,
    198.13581051048));
#3603 = CARTESIAN_POINT('',(-7.71523534493,37.884225985022,
    198.15897422677));
#3604 = CARTESIAN_POINT('',(-7.7248961144,37.919549603122,
    198.16713329386));
#3605 = CARTESIAN_POINT('',(-7.734314936215,37.954712822807,
    198.17578485061));
#3606 = CARTESIAN_POINT('',(-7.743492158071,37.989701469666,
    198.18491986746));
#3607 = CARTESIAN_POINT('',(-7.752428644316,38.024502215658,
    198.1945290131));
#3608 = CARTESIAN_POINT('',(-7.76112577595,38.059102579114,
    198.20460265447));
#3609 = CARTESIAN_POINT('',(-7.769585450625,38.093490924737,
    198.21513085679));
#3610 = CARTESIAN_POINT('',(-7.792955319763,38.190570547296,
    198.24630872745));
#3611 = CARTESIAN_POINT('',(-7.807303177035,38.252728477883,
    198.26802090396));
#3612 = CARTESIAN_POINT('',(-7.820868533461,38.314064101325,
    198.29117724779));
#3613 = CARTESIAN_POINT('',(-7.833670686261,38.374520721351,
    198.31571409374));
#3614 = CARTESIAN_POINT('',(-7.845732461949,38.434050398877,
    198.34156787718));
#3615 = CARTESIAN_POINT('',(-7.857079327401,38.492613251407,
    198.36867623443));
#3616 = CARTESIAN_POINT('',(-7.867738500932,38.55017675245,
    198.39697910323));
#3617 = CARTESIAN_POINT('',(-7.890416064771,38.678397404939,
    198.46374640543));
#3618 = CARTESIAN_POINT('',(-7.902033182401,38.748428450699,
    198.5029002497));
#3619 = CARTESIAN_POINT('',(-7.912647881573,38.816759155274,
    198.54376692386));
#3620 = CARTESIAN_POINT('',(-7.922319728116,38.883351531939,
    198.58623780493));
#3621 = CARTESIAN_POINT('',(-7.931108537226,38.948177491629,
    198.63021100148));
#3622 = CARTESIAN_POINT('',(-7.939073522326,39.011217714404,
    198.67559227609));
#3623 = CARTESIAN_POINT('',(-7.946272443922,39.072460520897,
    198.72229596769));
#3624 = CARTESIAN_POINT('',(-7.957924371379,39.179205217177,
    198.80840604951));
#3625 = CARTESIAN_POINT('',(-7.962637757795,39.225366256073,
    198.84735411413));
#3626 = CARTESIAN_POINT('',(-7.96692897388,39.270380778483,
    198.88705097883));
#3627 = CARTESIAN_POINT('',(-7.970825081029,39.31424648594,
    198.9274597391));
#3628 = CARTESIAN_POINT('',(-7.974352145865,39.356961863492,
    198.96854571489));
#3629 = CARTESIAN_POINT('',(-7.977535240232,39.398526179701,
    199.01027645068));
#3630 = CARTESIAN_POINT('',(-7.980398441202,39.438939486647,
    199.05262171545));
#3631 = CARTESIAN_POINT('',(-7.994037546247,39.647603807419,
    199.28078313487));
#3632 = CARTESIAN_POINT('',(-7.999577373425,39.795477208649,
    199.47680421127));
#3633 = CARTESIAN_POINT('',(-8.001460912488,39.92211921094,
    199.68155582055));
#3634 = CARTESIAN_POINT('',(-8.00113759457,40.027399466826,
    199.89328700388));
#3635 = CARTESIAN_POINT('',(-7.999795054607,40.111198264456,
    200.11038672786));
#3636 = CARTESIAN_POINT('',(-7.998290051842,40.173377921813,
    200.33138649509));
#3637 = CARTESIAN_POINT('',(-7.997162725775,40.21386416983,
    200.55491704785));
#3638 = CARTESIAN_POINT('',(-7.995942235408,40.255832330016,
    201.05976982153));
#3639 = CARTESIAN_POINT('',(-7.996173373159,40.24520399547,
    201.34080617102));
#3640 = CARTESIAN_POINT('',(-7.99770431166,40.200903465389,
    201.62051448272));
#3641 = CARTESIAN_POINT('',(-8.000108171486,40.122954855164,
    201.89635271158));
#3642 = CARTESIAN_POINT('',(-8.002206232276,40.011647082629,
    202.1656254698));
#3643 = CARTESIAN_POINT('',(-8.001952690236,39.867224749527,
    202.42534819112));
#3644 = CARTESIAN_POINT('',(-7.996778355908,39.690153817448,
    202.6723542912));
#3645 = CARTESIAN_POINT('',(-7.980505660419,39.440467101372,
    202.94576932495));
#3646 = CARTESIAN_POINT('',(-7.977650543428,39.400057965083,
    202.98817037126));
#3647 = CARTESIAN_POINT('',(-7.97447567205,39.358495886537,
    203.02995670544));
#3648 = CARTESIAN_POINT('',(-7.970956932816,39.31578080442,
    203.07109806546));
#3649 = CARTESIAN_POINT('',(-7.967069213421,39.271913437306,
    203.1115619618));
#3650 = CARTESIAN_POINT('',(-7.96278640273,39.226895283656,
    203.15131367743));
#3651 = CARTESIAN_POINT('',(-7.958081390773,39.180728621819,
    203.19031626783));
#3652 = CARTESIAN_POINT('',(-7.946449918513,39.073982716757,
    203.27653561327));
#3653 = CARTESIAN_POINT('',(-7.939263412044,39.012744136527,
    203.32329449384));
#3654 = CARTESIAN_POINT('',(-7.931311031607,38.949705878522,
    203.36873102076));
#3655 = CARTESIAN_POINT('',(-7.922534945586,38.884879553569,
    203.41275950231));
#3656 = CARTESIAN_POINT('',(-7.912875857492,38.81828440181,
    203.45528565679));
#3657 = CARTESIAN_POINT('',(-7.902273854997,38.749948420367,
    203.49620753245));
#3658 = CARTESIAN_POINT('',(-7.890669258945,38.679909491011,
    203.53541642728));
#3659 = CARTESIAN_POINT('',(-7.867927287829,38.551181618873,
    203.60253632531));
#3660 = CARTESIAN_POINT('',(-7.857179856249,38.493102001541,
    203.63111709389));
#3661 = CARTESIAN_POINT('',(-7.845732299816,38.434004141422,
    203.65848192768));
#3662 = CARTESIAN_POINT('',(-7.833556622731,38.373921417859,
    203.6845690961));
#3663 = CARTESIAN_POINT('',(-7.820626642276,38.312894836633,
    203.70931447795));
#3664 = CARTESIAN_POINT('',(-7.806918919862,38.250973762659,
    203.73265271444));
#3665 = CARTESIAN_POINT('',(-7.792413692082,38.188216652669,
    203.75451836205));
#3666 = CARTESIAN_POINT('',(-7.7522164653,38.021514623834,
    203.80786491868));
#3667 = CARTESIAN_POINT('',(-7.725183358018,37.916270471878,
    203.83684180159));
#3668 = CARTESIAN_POINT('',(-7.695942172438,37.809303022726,
    203.86147931549));
#3669 = CARTESIAN_POINT('',(-7.664471041808,37.70100140101,
    203.88151059145));
#3670 = CARTESIAN_POINT('',(-7.630790032504,37.591800152186,
    203.89670937689));
#3671 = CARTESIAN_POINT('',(-7.594971501886,37.482179719377,
    203.90690454395));
#3672 = CARTESIAN_POINT('',(-7.557151321593,37.372667410173,203.912));
#3673 = CARTESIAN_POINT('',(-7.517540966287,37.263838853395,203.912));
#3674 = PCURVE('',#33,#3675);
#3675 = DEFINITIONAL_REPRESENTATION('',(#3676),#3833);
#3676 = B_SPLINE_CURVE_WITH_KNOTS('',8,(#3677,#3678,#3679,#3680,#3681,
    #3682,#3683,#3684,#3685,#3686,#3687,#3688,#3689,#3690,#3691,#3692,
    #3693,#3694,#3695,#3696,#3697,#3698,#3699,#3700,#3701,#3702,#3703,
    #3704,#3705,#3706,#3707,#3708,#3709,#3710,#3711,#3712,#3713,#3714,
    #3715,#3716,#3717,#3718,#3719,#3720,#3721,#3722,#3723,#3724,#3725,
    #3726,#3727,#3728,#3729,#3730,#3731,#3732,#3733,#3734,#3735,#3736,
    #3737,#3738,#3739,#3740,#3741,#3742,#3743,#3744,#3745,#3746,#3747,
    #3748,#3749,#3750,#3751,#3752,#3753,#3754,#3755,#3756,#3757,#3758,
    #3759,#3760,#3761,#3762,#3763,#3764,#3765,#3766,#3767,#3768,#3769,
    #3770,#3771,#3772,#3773,#3774,#3775,#3776,#3777,#3778,#3779,#3780,
    #3781,#3782,#3783,#3784,#3785,#3786,#3787,#3788,#3789,#3790,#3791,
    #3792,#3793,#3794,#3795,#3796,#3797,#3798,#3799,#3800,#3801,#3802,
    #3803,#3804,#3805,#3806,#3807,#3808,#3809,#3810,#3811,#3812,#3813,
    #3814,#3815,#3816,#3817,#3818,#3819,#3820,#3821,#3822,#3823,#3824,
    #3825,#3826,#3827,#3828,#3829,#3830,#3831,#3832),.UNSPECIFIED.,.F.,
  .F.,(9,7,7,7,7,7,7,7,7,7,7,7,7,7,7,7,7,7,7,7,7,7,9),(0.,
    4.181538958559E-02,6.727050800574E-02,9.953763148682E-02,
    0.125209957525,0.238680689075,0.374510307578,0.400178275107,
    0.432448577866,0.457911162937,0.471742129724,0.499755680868,
    0.5277749494,0.54161276637,0.567094395049,0.59940142113,
    0.625112409105,0.736042727983,0.874228514244,0.900007977762,
    0.932392313349,0.958155462012,1.),.UNSPECIFIED.);
#3677 = CARTESIAN_POINT('',(-3.490658503989,-44.912));
#3678 = CARTESIAN_POINT('',(-3.505161220935,-44.912));
#3679 = CARTESIAN_POINT('',(-3.519667654761,-44.9068861511));
#3680 = CARTESIAN_POINT('',(-3.534105398689,-44.89665428117));
#3681 = CARTESIAN_POINT('',(-3.548411053723,-44.88140123346));
#3682 = CARTESIAN_POINT('',(-3.56252901553,-44.86129929749));
#3683 = CARTESIAN_POINT('',(-3.576410531487,-44.83657615666));
#3684 = CARTESIAN_POINT('',(-3.590013027875,-44.80750035267));
#3685 = CARTESIAN_POINT('',(-3.611387973306,-44.75420554446));
#3686 = CARTESIAN_POINT('',(-3.619361225354,-44.73253200795));
#3687 = CARTESIAN_POINT('',(-3.627212658467,-44.70941423471));
#3688 = CARTESIAN_POINT('',(-3.634936642013,-44.68491581847));
#3689 = CARTESIAN_POINT('',(-3.64252861062,-44.65910026778));
#3690 = CARTESIAN_POINT('',(-3.64998495514,-44.63202990456));
#3691 = CARTESIAN_POINT('',(-3.657302913627,-44.60376476273));
#3692 = CARTESIAN_POINT('',(-3.673578783737,-44.53708964525));
#3693 = CARTESIAN_POINT('',(-3.682451071009,-44.49799079152));
#3694 = CARTESIAN_POINT('',(-3.691093698731,-44.45717925754));
#3695 = CARTESIAN_POINT('',(-3.699504179127,-44.41476358735));
#3696 = CARTESIAN_POINT('',(-3.707681029428,-44.37084561206));
#3697 = CARTESIAN_POINT('',(-3.715623639249,-44.32551952492));
#3698 = CARTESIAN_POINT('',(-3.723332137985,-44.27887095637));
#3699 = CARTESIAN_POINT('',(-3.736754610606,-44.19286996638));
#3700 = CARTESIAN_POINT('',(-3.742554016902,-44.15397632087));
#3701 = CARTESIAN_POINT('',(-3.7482057821,-44.11433419872));
#3702 = CARTESIAN_POINT('',(-3.753710238999,-44.07398046462));
#3703 = CARTESIAN_POINT('',(-3.759067752174,-44.03294976175));
#3704 = CARTESIAN_POINT('',(-3.764278717977,-43.99127451177));
#3705 = CARTESIAN_POINT('',(-3.76934356454,-43.94898491483));
#3706 = CARTESIAN_POINT('',(-3.796005377371,-43.71659876893));
#3707 = CARTESIAN_POINT('',(-3.814886756432,-43.51576906415));
#3708 = CARTESIAN_POINT('',(-3.830979361796,-43.30582912423));
#3709 = CARTESIAN_POINT('',(-3.844275540603,-43.08864852897));
#3710 = CARTESIAN_POINT('',(-3.854760987759,-42.86594927257));
#3711 = CARTESIAN_POINT('',(-3.862414585948,-42.63930005445));
#3712 = CARTESIAN_POINT('',(-3.867225281018,-42.41016627326));
#3713 = CARTESIAN_POINT('',(-3.871517008233,-41.90423683862));
#3714 = CARTESIAN_POINT('',(-3.869754160868,-41.62774855959));
#3715 = CARTESIAN_POINT('',(-3.863908977518,-41.35269681434));
#3716 = CARTESIAN_POINT('',(-3.853984238271,-41.08155264859));
#3717 = CARTESIAN_POINT('',(-3.840020769469,-40.81691425996));
#3718 = CARTESIAN_POINT('',(-3.822048718456,-40.56164434277));
#3719 = CARTESIAN_POINT('',(-3.80010782518,-40.31882705279));
#3720 = CARTESIAN_POINT('',(-3.769152150527,-40.04941077889));
#3721 = CARTESIAN_POINT('',(-3.764086716435,-40.00717673675));
#3722 = CARTESIAN_POINT('',(-3.758875395627,-39.96555686056));
#3723 = CARTESIAN_POINT('',(-3.753517760828,-39.92458131975));
#3724 = CARTESIAN_POINT('',(-3.748013417098,-39.88428250228));
#3725 = CARTESIAN_POINT('',(-3.742362001831,-39.84469501464));
#3726 = CARTESIAN_POINT('',(-3.736563184756,-39.80585568182));
#3727 = CARTESIAN_POINT('',(-3.723140583283,-39.7199636123));
#3728 = CARTESIAN_POINT('',(-3.715431381303,-39.67337010098));
#3729 = CARTESIAN_POINT('',(-3.707488331975,-39.62809913657));
#3730 = CARTESIAN_POINT('',(-3.6993113139,-39.58423631896));
#3731 = CARTESIAN_POINT('',(-3.690900947161,-39.54187579728));
#3732 = CARTESIAN_POINT('',(-3.682258726181,-39.5011193424));
#3733 = CARTESIAN_POINT('',(-3.673387152583,-39.46207541947));
#3734 = CARTESIAN_POINT('',(-3.657111739511,-39.39549240398));
#3735 = CARTESIAN_POINT('',(-3.64979334681,-39.36726496519));
#3736 = CARTESIAN_POINT('',(-3.642336723153,-39.34023257251));
#3737 = CARTESIAN_POINT('',(-3.63474464042,-39.3144552314));
#3738 = CARTESIAN_POINT('',(-3.627020718151,-39.289995222));
#3739 = CARTESIAN_POINT('',(-3.619169532523,-39.26691599666));
#3740 = CARTESIAN_POINT('',(-3.611196725336,-39.24528107757));
#3741 = CARTESIAN_POINT('',(-3.598716020241,-39.21421960243));
#3742 = CARTESIAN_POINT('',(-3.59428908031,-39.20373078733));
#3743 = CARTESIAN_POINT('',(-3.58982940755,-39.19369672431));
#3744 = CARTESIAN_POINT('',(-3.585338226965,-39.18412732345));
#3745 = CARTESIAN_POINT('',(-3.580816874211,-39.17503218967));
#3746 = CARTESIAN_POINT('',(-3.576266795595,-39.16642062272));
#3747 = CARTESIAN_POINT('',(-3.571689548075,-39.15830161715));
#3748 = CARTESIAN_POINT('',(-3.557764288301,-39.13525469058));
#3749 = CARTESIAN_POINT('',(-3.548336259311,-39.12188003649));
#3750 = CARTESIAN_POINT('',(-3.538817750671,-39.11063291863));
#3751 = CARTESIAN_POINT('',(-3.529224794262,-39.10157555051));
#3752 = CARTESIAN_POINT('',(-3.51957448705,-39.09475738914));
#3753 = CARTESIAN_POINT('',(-3.509885062666,-39.0902131835));
#3754 = CARTESIAN_POINT('',(-3.50017596299,-39.08796102309));
#3755 = CARTESIAN_POINT('',(-3.480757875129,-39.08803975774));
#3756 = CARTESIAN_POINT('',(-3.471047371123,-39.09037159493));
#3757 = CARTESIAN_POINT('',(-3.461357128104,-39.09499597423));
#3758 = CARTESIAN_POINT('',(-3.451706584636,-39.10189436426));
#3759 = CARTESIAN_POINT('',(-3.442113959894,-39.11103159457));
#3760 = CARTESIAN_POINT('',(-3.43259632611,-39.12235782425));
#3761 = CARTESIAN_POINT('',(-3.423169681001,-39.13581051048));
#3762 = CARTESIAN_POINT('',(-3.409245845159,-39.15897422677));
#3763 = CARTESIAN_POINT('',(-3.404668300537,-39.16713329386));
#3764 = CARTESIAN_POINT('',(-3.400118050514,-39.17578485061));
#3765 = CARTESIAN_POINT('',(-3.395596648419,-39.18491986746));
#3766 = CARTESIAN_POINT('',(-3.391105536738,-39.1945290131));
#3767 = CARTESIAN_POINT('',(-3.386646047122,-39.20460265447));
#3768 = CARTESIAN_POINT('',(-3.38221940038,-39.21513085679));
#3769 = CARTESIAN_POINT('',(-3.369737786464,-39.24630872745));
#3770 = CARTESIAN_POINT('',(-3.361764089396,-39.26802090396));
#3771 = CARTESIAN_POINT('',(-3.353912408704,-39.29117724779));
#3772 = CARTESIAN_POINT('',(-3.346188363846,-39.31571409374));
#3773 = CARTESIAN_POINT('',(-3.338596509393,-39.34156787718));
#3774 = CARTESIAN_POINT('',(-3.3311404441,-39.36867623443));
#3775 = CARTESIAN_POINT('',(-3.323822919989,-39.39697910323));
#3776 = CARTESIAN_POINT('',(-3.307546591498,-39.46374640543));
#3777 = CARTESIAN_POINT('',(-3.2986735894,-39.5029002497));
#3778 = CARTESIAN_POINT('',(-3.290030554226,-39.54376692386));
#3779 = CARTESIAN_POINT('',(-3.28161995991,-39.58623780493));
#3780 = CARTESIAN_POINT('',(-3.273443277582,-39.63021100148));
#3781 = CARTESIAN_POINT('',(-3.26550110794,-39.67559227609));
#3782 = CARTESIAN_POINT('',(-3.257793313615,-39.72229596769));
#3783 = CARTESIAN_POINT('',(-3.244370968907,-39.80840604951));
#3784 = CARTESIAN_POINT('',(-3.238570971511,-39.84735411413));
#3785 = CARTESIAN_POINT('',(-3.232918855244,-39.88705097883));
#3786 = CARTESIAN_POINT('',(-3.227414284784,-39.9274597391));
#3787 = CARTESIAN_POINT('',(-3.222056893592,-39.96854571489));
#3788 = CARTESIAN_POINT('',(-3.216846283911,-40.01027645068));
#3789 = CARTESIAN_POINT('',(-3.211782026763,-40.05262171545));
#3790 = CARTESIAN_POINT('',(-3.185643327021,-40.28078313487));
#3791 = CARTESIAN_POINT('',(-3.16715334258,-40.47680421127));
#3792 = CARTESIAN_POINT('',(-3.151326902297,-40.68155582054));
#3793 = CARTESIAN_POINT('',(-3.138169514973,-40.89328700388));
#3794 = CARTESIAN_POINT('',(-3.127693905309,-41.11038672786));
#3795 = CARTESIAN_POINT('',(-3.119919267506,-41.33138649509));
#3796 = CARTESIAN_POINT('',(-3.114856524475,-41.55491704785));
#3797 = CARTESIAN_POINT('',(-3.109608286577,-42.05976982153));
#3798 = CARTESIAN_POINT('',(-3.110937126145,-42.34080617102));
#3799 = CARTESIAN_POINT('',(-3.116477761361,-42.62051448271));
#3800 = CARTESIAN_POINT('',(-3.126226599789,-42.89635271158));
#3801 = CARTESIAN_POINT('',(-3.140140012599,-43.1656254698));
#3802 = CARTESIAN_POINT('',(-3.158184469832,-43.42534819112));
#3803 = CARTESIAN_POINT('',(-3.180313554964,-43.6723542912));
#3804 = CARTESIAN_POINT('',(-3.211590607456,-43.94576932495));
#3805 = CARTESIAN_POINT('',(-3.216654273319,-43.98817037126));
#3806 = CARTESIAN_POINT('',(-3.221864525768,-44.02995670544));
#3807 = CARTESIAN_POINT('',(-3.227221794617,-44.07109806546));
#3808 = CARTESIAN_POINT('',(-3.232726479023,-44.1115619618));
#3809 = CARTESIAN_POINT('',(-3.238378947484,-44.15131367743));
#3810 = CARTESIAN_POINT('',(-3.244179537843,-44.19031626783));
#3811 = CARTESIAN_POINT('',(-3.257601755545,-44.27653561327));
#3812 = CARTESIAN_POINT('',(-3.265308844276,-44.32329449384));
#3813 = CARTESIAN_POINT('',(-3.273250573045,-44.36873102076));
#3814 = CARTESIAN_POINT('',(-3.281427087187,-44.41275950231));
#3815 = CARTESIAN_POINT('',(-3.289837795678,-44.45528565679));
#3816 = CARTESIAN_POINT('',(-3.298481239019,-44.49620753245));
#3817 = CARTESIAN_POINT('',(-3.307354957118,-44.53541642728));
#3818 = CARTESIAN_POINT('',(-3.323695121551,-44.60253632531));
#3819 = CARTESIAN_POINT('',(-3.331078084424,-44.63111709389));
#3820 = CARTESIAN_POINT('',(-3.338602187005,-44.65848192768));
#3821 = CARTESIAN_POINT('',(-3.346264606922,-44.6845690961));
#3822 = CARTESIAN_POINT('',(-3.354061644072,-44.70931447795));
#3823 = CARTESIAN_POINT('',(-3.361988606483,-44.73265271444));
#3824 = CARTESIAN_POINT('',(-3.370039696169,-44.75451836205));
#3825 = CARTESIAN_POINT('',(-3.391474693639,-44.80786491868));
#3826 = CARTESIAN_POINT('',(-3.405055775514,-44.83684180159));
#3827 = CARTESIAN_POINT('',(-3.418914527497,-44.86147931549));
#3828 = CARTESIAN_POINT('',(-3.433008567494,-44.88151059145));
#3829 = CARTESIAN_POINT('',(-3.44728934651,-44.89670937689));
#3830 = CARTESIAN_POINT('',(-3.461701491295,-44.90690454395));
#3831 = CARTESIAN_POINT('',(-3.476181887597,-44.912));
#3832 = CARTESIAN_POINT('',(-3.490658503989,-44.912));
#3833 = ( GEOMETRIC_REPRESENTATION_CONTEXT(2) 
PARAMETRIC_REPRESENTATION_CONTEXT() REPRESENTATION_CONTEXT('2D SPACE',''
  ) );
#3834 = PCURVE('',#3835,#3840);
#3835 = CONICAL_SURFACE('',#3836,3.,8.777389232722E-02);
#3836 = AXIS2_PLACEMENT_3D('',#3837,#3838,#3839);
#3837 = CARTESIAN_POINT('',(-6.577848345501,37.60585899672,201.));
#3838 = DIRECTION('',(0.939692620786,0.342020143326,-0.));
#3839 = DIRECTION('',(0.,0.,1.));
#3840 = DEFINITIONAL_REPRESENTATION('',(#3841),#3998);
#3841 = B_SPLINE_CURVE_WITH_KNOTS('',8,(#3842,#3843,#3844,#3845,#3846,
    #3847,#3848,#3849,#3850,#3851,#3852,#3853,#3854,#3855,#3856,#3857,
    #3858,#3859,#3860,#3861,#3862,#3863,#3864,#3865,#3866,#3867,#3868,
    #3869,#3870,#3871,#3872,#3873,#3874,#3875,#3876,#3877,#3878,#3879,
    #3880,#3881,#3882,#3883,#3884,#3885,#3886,#3887,#3888,#3889,#3890,
    #3891,#3892,#3893,#3894,#3895,#3896,#3897,#3898,#3899,#3900,#3901,
    #3902,#3903,#3904,#3905,#3906,#3907,#3908,#3909,#3910,#3911,#3912,
    #3913,#3914,#3915,#3916,#3917,#3918,#3919,#3920,#3921,#3922,#3923,
    #3924,#3925,#3926,#3927,#3928,#3929,#3930,#3931,#3932,#3933,#3934,
    #3935,#3936,#3937,#3938,#3939,#3940,#3941,#3942,#3943,#3944,#3945,
    #3946,#3947,#3948,#3949,#3950,#3951,#3952,#3953,#3954,#3955,#3956,
    #3957,#3958,#3959,#3960,#3961,#3962,#3963,#3964,#3965,#3966,#3967,
    #3968,#3969,#3970,#3971,#3972,#3973,#3974,#3975,#3976,#3977,#3978,
    #3979,#3980,#3981,#3982,#3983,#3984,#3985,#3986,#3987,#3988,#3989,
    #3990,#3991,#3992,#3993,#3994,#3995,#3996,#3997),.UNSPECIFIED.,.F.,
  .F.,(9,7,7,7,7,7,7,7,7,7,7,7,7,7,7,7,7,7,7,7,7,7,9),(0.,
    4.181538958559E-02,6.727050800574E-02,9.953763148682E-02,
    0.125209957525,0.238680689075,0.374510307578,0.400178275107,
    0.432448577866,0.457911162937,0.471742129724,0.499755680868,
    0.5277749494,0.54161276637,0.567094395049,0.59940142113,
    0.625112409105,0.736042727983,0.874228514244,0.900007977762,
    0.932392313349,0.958155462012,1.),.UNSPECIFIED.);
#3842 = CARTESIAN_POINT('',(-6.28318530718,-1.));
#3843 = CARTESIAN_POINT('',(-6.243342678206,-1.));
#3844 = CARTESIAN_POINT('',(-6.203489866617,-0.998077012547));
#3845 = CARTESIAN_POINT('',(-6.163751310502,-0.994229222177));
#3846 = CARTESIAN_POINT('',(-6.12422692199,-0.988509703716));
#3847 = CARTESIAN_POINT('',(-6.084999072524,-0.981015449995));
#3848 = CARTESIAN_POINT('',(-6.046137752884,-0.97187707525));
#3849 = CARTESIAN_POINT('',(-6.007703907941,-0.961249194192));
#3850 = CARTESIAN_POINT('',(-5.946647080646,-0.942028303763));
#3851 = CARTESIAN_POINT('',(-5.923715664711,-0.934264179282));
#3852 = CARTESIAN_POINT('',(-5.900964335808,-0.926045654034));
#3853 = CARTESIAN_POINT('',(-5.878398495545,-0.917410204484));
#3854 = CARTESIAN_POINT('',(-5.856021500849,-0.908395636483));
#3855 = CARTESIAN_POINT('',(-5.833834855143,-0.899039488915));
#3856 = CARTESIAN_POINT('',(-5.811838399524,-0.889378437345));
#3857 = CARTESIAN_POINT('',(-5.762386630979,-0.866859408024));
#3858 = CARTESIAN_POINT('',(-5.735047015411,-0.853838358632));
#3859 = CARTESIAN_POINT('',(-5.708006816195,-0.840456169389));
#3860 = CARTESIAN_POINT('',(-5.681259590986,-0.826781735595));
#3861 = CARTESIAN_POINT('',(-5.654797302532,-0.81288081244));
#3862 = CARTESIAN_POINT('',(-5.628610325079,-0.79881559948));
#3863 = CARTESIAN_POINT('',(-5.602687450768,-0.784644325125));
#3864 = CARTESIAN_POINT('',(-5.556591127677,-0.75910435366));
#3865 = CARTESIAN_POINT('',(-5.53632611291,-0.747755270363));
#3866 = CARTESIAN_POINT('',(-5.516214801281,-0.736400958316));
#3867 = CARTESIAN_POINT('',(-5.496251124701,-0.725067594413));
#3868 = CARTESIAN_POINT('',(-5.476428997444,-0.713780155347));
#3869 = CARTESIAN_POINT('',(-5.456742316152,-0.702562417617));
#3870 = CARTESIAN_POINT('',(-5.437184959835,-0.691436957526));
#3871 = CARTESIAN_POINT('',(-5.331852477431,-0.631753374403));
#3872 = CARTESIAN_POINT('',(-5.248421196811,-0.585337173393));
#3873 = CARTESIAN_POINT('',(-5.166807277201,-0.542959665865));
#3874 = CARTESIAN_POINT('',(-5.086605962814,-0.506124280433));
#3875 = CARTESIAN_POINT('',(-5.007457337048,-0.476061430721));
#3876 = CARTESIAN_POINT('',(-4.929048074678,-0.453664707644));
#3877 = CARTESIAN_POINT('',(-4.851064485933,-0.439475087738));
#3878 = CARTESIAN_POINT('',(-4.679909370899,-0.426787169174));
#3879 = CARTESIAN_POINT('',(-4.587043483674,-0.431951757062));
#3880 = CARTESIAN_POINT('',(-4.493960206243,-0.449427154691));
#3881 = CARTESIAN_POINT('',(-4.400149088551,-0.478775936412));
#3882 = CARTESIAN_POINT('',(-4.305121960444,-0.518802287153));
#3883 = CARTESIAN_POINT('',(-4.208294841474,-0.567574368783));
#3884 = CARTESIAN_POINT('',(-4.109052238017,-0.622607847138));
#3885 = CARTESIAN_POINT('',(-3.986852393199,-0.691858103969));
#3886 = CARTESIAN_POINT('',(-3.967307142836,-0.702977381805));
#3887 = CARTESIAN_POINT('',(-3.94763261234,-0.714188150544));
#3888 = CARTESIAN_POINT('',(-3.927822694627,-0.725467864702));
#3889 = CARTESIAN_POINT('',(-3.907871301469,-0.736792781151));
#3890 = CARTESIAN_POINT('',(-3.8877723635,-0.748137959121));
#3891 = CARTESIAN_POINT('',(-3.867519830217,-0.7594772602));
#3892 = CARTESIAN_POINT('',(-3.821445077478,-0.784997597537));
#3893 = CARTESIAN_POINT('',(-3.795531228017,-0.799158641671));
#3894 = CARTESIAN_POINT('',(-3.769353369115,-0.813212676494));
#3895 = CARTESIAN_POINT('',(-3.742900325653,-0.827101516787));
#3896 = CARTESIAN_POINT('',(-3.716162507492,-0.840763013561));
#3897 = CARTESIAN_POINT('',(-3.68913191711,-0.854131471263));
#3898 = CARTESIAN_POINT('',(-3.661802157224,-0.867138064982));
#3899 = CARTESIAN_POINT('',(-3.61236430721,-0.889632019497));
#3900 = CARTESIAN_POINT('',(-3.590371725433,-0.899282590611));
#3901 = CARTESIAN_POINT('',(-3.568189088157,-0.908627774992));
#3902 = CARTESIAN_POINT('',(-3.545816261976,-0.917630923089));
#3903 = CARTESIAN_POINT('',(-3.523254776488,-0.926254528804));
#3904 = CARTESIAN_POINT('',(-3.500508015777,-0.934460826497));
#3905 = CARTESIAN_POINT('',(-3.47758140989,-0.942212387983));
#3906 = CARTESIAN_POINT('',(-3.441935647771,-0.953416443403));
#3907 = CARTESIAN_POINT('',(-3.429337944974,-0.957215266617));
#3908 = CARTESIAN_POINT('',(-3.416690813848,-0.960863244499));
#3909 = CARTESIAN_POINT('',(-3.403995769263,-0.964354630143));
#3910 = CARTESIAN_POINT('',(-3.391254545034,-0.967683874408));
#3911 = CARTESIAN_POINT('',(-3.378469093916,-0.970845625922));
#3912 = CARTESIAN_POINT('',(-3.365641587608,-0.973834731082));
#3913 = CARTESIAN_POINT('',(-3.326712959561,-0.982340715381));
#3914 = CARTESIAN_POINT('',(-3.300486244884,-0.987307376887));
#3915 = CARTESIAN_POINT('',(-3.274117555961,-0.991504877939));
#3916 = CARTESIAN_POINT('',(-3.247631283138,-0.9948980227));
#3917 = CARTESIAN_POINT('',(-3.221053497703,-0.997458861287));
#3918 = CARTESIAN_POINT('',(-3.194412525705,-0.999167790921));
#3919 = CARTESIAN_POINT('',(-3.167739521781,-1.000014657088));
#3920 = CARTESIAN_POINT('',(-3.114393120918,-0.999985049281));
#3921 = CARTESIAN_POINT('',(-3.087715602261,-0.999108220767));
#3922 = CARTESIAN_POINT('',(-3.061071053523,-0.997369222397));
#3923 = CARTESIAN_POINT('',(-3.034490617,-0.994778456987));
#3924 = CARTESIAN_POINT('',(-3.008002585347,-0.991355766146));
#3925 = CARTESIAN_POINT('',(-2.981632976145,-0.987129319498));
#3926 = CARTESIAN_POINT('',(-2.955406106464,-0.982134503901));
#3927 = CARTESIAN_POINT('',(-2.916474506517,-0.973587053105));
#3928 = CARTESIAN_POINT('',(-2.903643698772,-0.970583817961));
#3929 = CARTESIAN_POINT('',(-2.890855126519,-0.967408085881));
#3930 = CARTESIAN_POINT('',(-2.878110952787,-0.964065031525));
#3931 = CARTESIAN_POINT('',(-2.865413121311,-0.960560025573));
#3932 = CARTESIAN_POINT('',(-2.852763356536,-0.956898634723));
#3933 = CARTESIAN_POINT('',(-2.840163163614,-0.953086621691));
#3934 = CARTESIAN_POINT('',(-2.804504872667,-0.941843928847));
#3935 = CARTESIAN_POINT('',(-2.781568638249,-0.934067240121));
#3936 = CARTESIAN_POINT('',(-2.758812732566,-0.925836486733));
#3937 = CARTESIAN_POINT('',(-2.736242528766,-0.917189193403));
#3938 = CARTESIAN_POINT('',(-2.713861356606,-0.908163206171));
#3939 = CARTESIAN_POINT('',(-2.691670693328,-0.898796096689));
#3940 = CARTESIAN_POINT('',(-2.669670354534,-0.889124566523));
#3941 = CARTESIAN_POINT('',(-2.62020463738,-0.866580459978));
#3942 = CARTESIAN_POINT('',(-2.592855145577,-0.853544951382));
#3943 = CARTESIAN_POINT('',(-2.565805316941,-0.840149028493));
#3944 = CARTESIAN_POINT('',(-2.539048664028,-0.826461657108));
#3945 = CARTESIAN_POINT('',(-2.512577109835,-0.81254865215));
#3946 = CARTESIAN_POINT('',(-2.48638099297,-0.798472263844));
#3947 = CARTESIAN_POINT('',(-2.460449072824,-0.78429076389));
#3948 = CARTESIAN_POINT('',(-2.414331122644,-0.758731157819));
#3949 = CARTESIAN_POINT('',(-2.394053590992,-0.747372287114));
#3950 = CARTESIAN_POINT('',(-2.373929870473,-0.736008837796));
#3951 = CARTESIAN_POINT('',(-2.353953875366,-0.724667025383));
#3952 = CARTESIAN_POINT('',(-2.334119503551,-0.71337186263));
#3953 = CARTESIAN_POINT('',(-2.314420636504,-0.702147159531));
#3954 = CARTESIAN_POINT('',(-2.294851139297,-0.691015523321));
#3955 = CARTESIAN_POINT('',(-2.191503693568,-0.632464688787));
#3956 = CARTESIAN_POINT('',(-2.109952569687,-0.587094741624));
#3957 = CARTESIAN_POINT('',(-2.030148186364,-0.545550573611));
#3958 = CARTESIAN_POINT('',(-1.951708656155,-0.509238785934));
#3959 = CARTESIAN_POINT('',(-1.874295845039,-0.479316334271));
#3960 = CARTESIAN_POINT('',(-1.797614216876,-0.456635398952));
#3961 = CARTESIAN_POINT('',(-1.721368925297,-0.441728946617));
#3962 = CARTESIAN_POINT('',(-1.550402734851,-0.426228104664));
#3963 = CARTESIAN_POINT('',(-1.456080055446,-0.430080407608));
#3964 = CARTESIAN_POINT('',(-1.361606890406,-0.446670692865));
#3965 = CARTESIAN_POINT('',(-1.266439537322,-0.475589577051));
#3966 = CARTESIAN_POINT('',(-1.170067928161,-0.515630609605));
#3967 = CARTESIAN_POINT('',(-1.071882514151,-0.56478770509));
#3968 = CARTESIAN_POINT('',(-0.9712447445,-0.620487246873));
#3969 = CARTESIAN_POINT('',(-0.847483242107,-0.69059380142));
#3970 = CARTESIAN_POINT('',(-0.827901568825,-0.701731607637));
#3971 = CARTESIAN_POINT('',(-0.808190480871,-0.712963272493));
#3972 = CARTESIAN_POINT('',(-0.788343829339,-0.724266157707));
#3973 = CARTESIAN_POINT('',(-0.768355480495,-0.735616419669));
#3974 = CARTESIAN_POINT('',(-0.748219315771,-0.74698900943));
#3975 = CARTESIAN_POINT('',(-0.727929231773,-0.758357672711));
#3976 = CARTESIAN_POINT('',(-0.681789597688,-0.783936913809));
#3977 = CARTESIAN_POINT('',(-0.655848610714,-0.798128634697));
#3978 = CARTESIAN_POINT('',(-0.629643333573,-0.812216195521));
#3979 = CARTESIAN_POINT('',(-0.603162492879,-0.826141281199));
#3980 = CARTESIAN_POINT('',(-0.576396391571,-0.839841590744));
#3981 = CARTESIAN_POINT('',(-0.549336912855,-0.8532512494));
#3982 = CARTESIAN_POINT('',(-0.521977524144,-0.86630122078));
#3983 = CARTESIAN_POINT('',(-0.472305171326,-0.888958283619));
#3984 = CARTESIAN_POINT('',(-0.450104930811,-0.898723400515));
#3985 = CARTESIAN_POINT('',(-0.427710835768,-0.908178874797));
#3986 = CARTESIAN_POINT('',(-0.405122684871,-0.917286982612));
#3987 = CARTESIAN_POINT('',(-0.382341999036,-0.926009095448));
#3988 = CARTESIAN_POINT('',(-0.359372221332,-0.934306304444));
#3989 = CARTESIAN_POINT('',(-0.336218916874,-0.942140044689));
#3990 = CARTESIAN_POINT('',(-0.274999072721,-0.961382459101));
#3991 = CARTESIAN_POINT('',(-0.23662960707,-0.971975267608));
#3992 = CARTESIAN_POINT('',(-0.19783465366,-0.981082563585));
#3993 = CARTESIAN_POINT('',(-0.158674880347,-0.988550710546));
#3994 = CARTESIAN_POINT('',(-0.119220031183,-0.994249941417));
#3995 = CARTESIAN_POINT('',(-7.955220468633E-02,-0.998083928648));
#3996 = CARTESIAN_POINT('',(-3.97709241533E-02,-1.));
#3997 = CARTESIAN_POINT('',(0.,-1.));
#3998 = ( GEOMETRIC_REPRESENTATION_CONTEXT(2) 
PARAMETRIC_REPRESENTATION_CONTEXT() REPRESENTATION_CONTEXT('2D SPACE',''
  ) );
#3999 = ADVANCED_FACE('',(#4000,#4351),#45,.F.);
#4000 = FACE_BOUND('',#4001,.F.);
#4001 = EDGE_LOOP('',(#4002,#4033,#4057,#4086,#4179,#4208,#4230,#4231,
    #4260));
#4002 = ORIENTED_EDGE('',*,*,#4003,.F.);
#4003 = EDGE_CURVE('',#4004,#4006,#4008,.T.);
#4004 = VERTEX_POINT('',#4005);
#4005 = CARTESIAN_POINT('',(4.659822435305,46.502772860205,159.));
#4006 = VERTEX_POINT('',#4007);
#4007 = CARTESIAN_POINT('',(4.129752491468,45.897896743956,159.));
#4008 = SURFACE_CURVE('',#4009,(#4015,#4024),.PCURVE_S1.);
#4009 = B_SPLINE_CURVE_WITH_KNOTS('',4,(#4010,#4011,#4012,#4013,#4014),
  .UNSPECIFIED.,.F.,.F.,(5,5),(0.,1.),.PIECEWISE_BEZIER_KNOTS.);
#4010 = CARTESIAN_POINT('',(6.077626953079,48.,159.));
#4011 = CARTESIAN_POINT('',(5.570069689051,47.492878608747,159.));
#4012 = CARTESIAN_POINT('',(5.075938972826,46.973198206557,159.));
#4013 = CARTESIAN_POINT('',(4.59569268584,46.441382520547,159.));
#4014 = CARTESIAN_POINT('',(4.129752491468,45.897896743956,159.));
#4015 = PCURVE('',#45,#4016);
#4016 = DEFINITIONAL_REPRESENTATION('',(#4017),#4023);
#4017 = B_SPLINE_CURVE_WITH_KNOTS('',4,(#4018,#4019,#4020,#4021,#4022),
  .UNSPECIFIED.,.F.,.F.,(5,5),(0.,1.),.PIECEWISE_BEZIER_KNOTS.);
#4018 = CARTESIAN_POINT('',(6.077626953079,8.));
#4019 = CARTESIAN_POINT('',(5.570069689051,7.492878608747));
#4020 = CARTESIAN_POINT('',(5.075938972826,6.973198206557));
#4021 = CARTESIAN_POINT('',(4.59569268584,6.441382520547));
#4022 = CARTESIAN_POINT('',(4.129752491468,5.897896743956));
#4023 = ( GEOMETRIC_REPRESENTATION_CONTEXT(2) 
PARAMETRIC_REPRESENTATION_CONTEXT() REPRESENTATION_CONTEXT('2D SPACE',''
  ) );
#4024 = PCURVE('',#541,#4025);
#4025 = DEFINITIONAL_REPRESENTATION('',(#4026),#4032);
#4026 = B_SPLINE_CURVE_WITH_KNOTS('',4,(#4027,#4028,#4029,#4030,#4031),
  .UNSPECIFIED.,.F.,.F.,(5,5),(0.,1.),.PIECEWISE_BEZIER_KNOTS.);
#4027 = CARTESIAN_POINT('',(2.85544008623,5.154350561734));
#4028 = CARTESIAN_POINT('',(2.142426909636,5.210725470234));
#4029 = CARTESIAN_POINT('',(1.428792208607,5.267149535101));
#4030 = CARTESIAN_POINT('',(0.714620790206,5.323616039368));
#4031 = CARTESIAN_POINT('',(0.,5.380118066159));
#4032 = ( GEOMETRIC_REPRESENTATION_CONTEXT(2) 
PARAMETRIC_REPRESENTATION_CONTEXT() REPRESENTATION_CONTEXT('2D SPACE',''
  ) );
#4033 = ORIENTED_EDGE('',*,*,#4034,.T.);
#4034 = EDGE_CURVE('',#4004,#4035,#4037,.T.);
#4035 = VERTEX_POINT('',#4036);
#4036 = CARTESIAN_POINT('',(-7.961477821202,39.215862956808,159.));
#4037 = SURFACE_CURVE('',#4038,(#4043,#4050),.PCURVE_S1.);
#4038 = CIRCLE('',#4039,8.);
#4039 = AXIS2_PLACEMENT_3D('',#4040,#4041,#4042);
#4040 = CARTESIAN_POINT('',(0.,40.,159.));
#4041 = DIRECTION('',(0.,0.,1.));
#4042 = DIRECTION('',(1.,0.,0.));
#4043 = PCURVE('',#45,#4044);
#4044 = DEFINITIONAL_REPRESENTATION('',(#4045),#4049);
#4045 = CIRCLE('',#4046,8.);
#4046 = AXIS2_PLACEMENT_2D('',#4047,#4048);
#4047 = CARTESIAN_POINT('',(1.709300165674E-16,7.105427357601E-15));
#4048 = DIRECTION('',(1.,0.));
#4049 = ( GEOMETRIC_REPRESENTATION_CONTEXT(2) 
PARAMETRIC_REPRESENTATION_CONTEXT() REPRESENTATION_CONTEXT('2D SPACE',''
  ) );
#4050 = PCURVE('',#507,#4051);
#4051 = DEFINITIONAL_REPRESENTATION('',(#4052),#4056);
#4052 = LINE('',#4053,#4054);
#4053 = CARTESIAN_POINT('',(-0.,0.));
#4054 = VECTOR('',#4055,1.);
#4055 = DIRECTION('',(-1.,0.));
#4056 = ( GEOMETRIC_REPRESENTATION_CONTEXT(2) 
PARAMETRIC_REPRESENTATION_CONTEXT() REPRESENTATION_CONTEXT('2D SPACE',''
  ) );
#4057 = ORIENTED_EDGE('',*,*,#4058,.F.);
#4058 = EDGE_CURVE('',#4059,#4035,#4061,.T.);
#4059 = VERTEX_POINT('',#4060);
#4060 = CARTESIAN_POINT('',(-7.172601274214,39.372478744137,159.));
#4061 = SURFACE_CURVE('',#4062,(#4068,#4077),.PCURVE_S1.);
#4062 = B_SPLINE_CURVE_WITH_KNOTS('',4,(#4063,#4064,#4065,#4066,#4067),
  .UNSPECIFIED.,.F.,.F.,(5,5),(0.,1.),.PIECEWISE_BEZIER_KNOTS.);
#4063 = CARTESIAN_POINT('',(-7.172601274214,39.372478744137,159.));
#4064 = CARTESIAN_POINT('',(-7.379850951979,39.333666722546,159.));
#4065 = CARTESIAN_POINT('',(-7.586844450338,39.29327368619,159.));
#4066 = CARTESIAN_POINT('',(-7.79356590221,39.251303057339,159.));
#4067 = CARTESIAN_POINT('',(-8.,39.207758561204,159.));
#4068 = PCURVE('',#45,#4069);
#4069 = DEFINITIONAL_REPRESENTATION('',(#4070),#4076);
#4070 = B_SPLINE_CURVE_WITH_KNOTS('',4,(#4071,#4072,#4073,#4074,#4075),
  .UNSPECIFIED.,.F.,.F.,(5,5),(0.,1.),.PIECEWISE_BEZIER_KNOTS.);
#4071 = CARTESIAN_POINT('',(-7.172601274214,-0.627521255863));
#4072 = CARTESIAN_POINT('',(-7.379850951979,-0.666333277454));
#4073 = CARTESIAN_POINT('',(-7.586844450338,-0.70672631381));
#4074 = CARTESIAN_POINT('',(-7.79356590221,-0.748696942661));
#4075 = CARTESIAN_POINT('',(-8.,-0.792241438796));
#4076 = ( GEOMETRIC_REPRESENTATION_CONTEXT(2) 
PARAMETRIC_REPRESENTATION_CONTEXT() REPRESENTATION_CONTEXT('2D SPACE',''
  ) );
#4077 = PCURVE('',#408,#4078);
#4078 = DEFINITIONAL_REPRESENTATION('',(#4079),#4085);
#4079 = B_SPLINE_CURVE_WITH_KNOTS('',4,(#4080,#4081,#4082,#4083,#4084),
  .UNSPECIFIED.,.F.,.F.,(5,5),(0.,1.),.PIECEWISE_BEZIER_KNOTS.);
#4080 = CARTESIAN_POINT('',(12.839003076563,0.304534986435));
#4081 = CARTESIAN_POINT('',(12.628519936709,0.321176808771));
#4082 = CARTESIAN_POINT('',(12.418075840488,0.337815544816));
#4083 = CARTESIAN_POINT('',(12.207672812264,0.354451036252));
#4084 = CARTESIAN_POINT('',(11.997313312623,0.371083089917));
#4085 = ( GEOMETRIC_REPRESENTATION_CONTEXT(2) 
PARAMETRIC_REPRESENTATION_CONTEXT() REPRESENTATION_CONTEXT('2D SPACE',''
  ) );
#4086 = ORIENTED_EDGE('',*,*,#4087,.F.);
#4087 = EDGE_CURVE('',#4088,#4059,#4090,.T.);
#4088 = VERTEX_POINT('',#4089);
#4089 = CARTESIAN_POINT('',(-4.129752491468,34.102103256044,159.));
#4090 = SURFACE_CURVE('',#4091,(#4110,#4132),.PCURVE_S1.);
#4091 = B_SPLINE_CURVE_WITH_KNOTS('',5,(#4092,#4093,#4094,#4095,#4096,
    #4097,#4098,#4099,#4100,#4101,#4102,#4103,#4104,#4105,#4106,#4107,
    #4108,#4109),.UNSPECIFIED.,.F.,.F.,(6,4,4,4,6),(0.,0.250998715464,
    0.500998917996,0.75099970324,1.),.UNSPECIFIED.);
#4092 = CARTESIAN_POINT('',(-4.129728421727,34.102109537476,159.));
#4093 = CARTESIAN_POINT('',(-4.388095122193,34.283025280153,159.));
#4094 = CARTESIAN_POINT('',(-4.636556035758,34.478089848278,159.));
#4095 = CARTESIAN_POINT('',(-4.874076237451,34.686578097252,159.));
#4096 = CARTESIAN_POINT('',(-5.09970553503,34.907655415216,159.));
#4097 = CARTESIAN_POINT('',(-5.524629820212,35.372197122227,159.));
#4098 = CARTESIAN_POINT('',(-5.72402729804,35.615570374034,159.));
#4099 = CARTESIAN_POINT('',(-5.909940985839,35.869587404935,159.));
#4100 = CARTESIAN_POINT('',(-6.081632764959,36.133239690636,159.));
#4101 = CARTESIAN_POINT('',(-6.395325105851,36.677651677062,159.));
#4102 = CARTESIAN_POINT('',(-6.53732654934,36.958413073732,159.));
#4103 = CARTESIAN_POINT('',(-6.663859298114,37.246647628137,159.));
#4104 = CARTESIAN_POINT('',(-6.774420083225,37.541211095895,159.));
#4105 = CARTESIAN_POINT('',(-6.962470012078,38.139413896256,159.));
#4106 = CARTESIAN_POINT('',(-7.040090310733,38.443014032717,159.));
#4107 = CARTESIAN_POINT('',(-7.101123746414,38.750535437756,159.));
#4108 = CARTESIAN_POINT('',(-7.145329250488,39.060766801366,159.));
#4109 = CARTESIAN_POINT('',(-7.172601051486,39.372478707142,159.));
#4110 = PCURVE('',#45,#4111);
#4111 = DEFINITIONAL_REPRESENTATION('',(#4112),#4131);
#4112 = B_SPLINE_CURVE_WITH_KNOTS('',5,(#4113,#4114,#4115,#4116,#4117,
    #4118,#4119,#4120,#4121,#4122,#4123,#4124,#4125,#4126,#4127,#4128,
    #4129,#4130),.UNSPECIFIED.,.F.,.F.,(6,4,4,4,6),(0.,0.250998715464,
    0.500998917996,0.75099970324,1.),.UNSPECIFIED.);
#4113 = CARTESIAN_POINT('',(-4.129728421727,-5.897890462524));
#4114 = CARTESIAN_POINT('',(-4.388095122193,-5.716974719847));
#4115 = CARTESIAN_POINT('',(-4.636556035758,-5.521910151722));
#4116 = CARTESIAN_POINT('',(-4.874076237451,-5.313421902748));
#4117 = CARTESIAN_POINT('',(-5.09970553503,-5.092344584784));
#4118 = CARTESIAN_POINT('',(-5.524629820212,-4.627802877773));
#4119 = CARTESIAN_POINT('',(-5.72402729804,-4.384429625966));
#4120 = CARTESIAN_POINT('',(-5.909940985839,-4.130412595065));
#4121 = CARTESIAN_POINT('',(-6.081632764959,-3.866760309364));
#4122 = CARTESIAN_POINT('',(-6.395325105851,-3.322348322938));
#4123 = CARTESIAN_POINT('',(-6.53732654934,-3.041586926268));
#4124 = CARTESIAN_POINT('',(-6.663859298114,-2.753352371863));
#4125 = CARTESIAN_POINT('',(-6.774420083225,-2.458788904105));
#4126 = CARTESIAN_POINT('',(-6.962470012078,-1.860586103744));
#4127 = CARTESIAN_POINT('',(-7.040090310733,-1.556985967283));
#4128 = CARTESIAN_POINT('',(-7.101123746414,-1.249464562244));
#4129 = CARTESIAN_POINT('',(-7.145329250488,-0.939233198634));
#4130 = CARTESIAN_POINT('',(-7.172601051486,-0.627521292858));
#4131 = ( GEOMETRIC_REPRESENTATION_CONTEXT(2) 
PARAMETRIC_REPRESENTATION_CONTEXT() REPRESENTATION_CONTEXT('2D SPACE',''
  ) );
#4132 = PCURVE('',#4133,#4158);
#4133 = B_SPLINE_SURFACE_WITH_KNOTS('',1,11,(
    (#4134,#4135,#4136,#4137,#4138,#4139,#4140,#4141,#4142,#4143,#4144
      ,#4145)
    ,(#4146,#4147,#4148,#4149,#4150,#4151,#4152,#4153,#4154,#4155,#4156
      ,#4157
    )),.UNSPECIFIED.,.F.,.F.,.F.,(2,2),(12,12),(0.,5.),(0.,
    38.371408045689),.PIECEWISE_BEZIER_KNOTS.);
#4134 = CARTESIAN_POINT('',(-7.195613954537,39.748723623742,158.7));
#4135 = CARTESIAN_POINT('',(-7.044895811057,35.433092844524,
    162.13636358442));
#4136 = CARTESIAN_POINT('',(-4.047205831602,31.216889433554,
    165.5727280743));
#4137 = CARTESIAN_POINT('',(1.729137444722,29.187209216327,
    169.00908765282));
#4138 = CARTESIAN_POINT('',(8.457532374631,31.372037428613,
    172.44546187011));
#4139 = CARTESIAN_POINT('',(12.806789108459,38.104240476137,
    175.88180746584));
#4140 = CARTESIAN_POINT('',(11.158784747783,46.554013455626,
    179.31819253342));
#4141 = CARTESIAN_POINT('',(4.613148513275,51.169010258605,
    182.75453812798));
#4142 = CARTESIAN_POINT('',(-2.448855986901,50.672633827309,
    186.19091234661));
#4143 = CARTESIAN_POINT('',(-7.042343854134,46.627601654805,
    189.62727192441));
#4144 = CARTESIAN_POINT('',(-8.242731331894,41.595289369447,
    193.06363641446));
#4145 = CARTESIAN_POINT('',(-6.765786606672,37.537455062829,
    196.49999999888));
#4146 = CARTESIAN_POINT('',(-7.195613954537,39.748723623742,153.7));
#4147 = CARTESIAN_POINT('',(-7.044921765201,35.433091770426,
    157.13636358442));
#4148 = CARTESIAN_POINT('',(-4.046804397568,31.216885968801,
    160.57272807445));
#4149 = CARTESIAN_POINT('',(1.727499336278,29.18714821099,
    164.00908765235));
#4150 = CARTESIAN_POINT('',(8.461222034185,31.372389532338,
    167.4454618707));
#4151 = CARTESIAN_POINT('',(12.801422206193,38.103378810197,
    170.88180746574));
#4152 = CARTESIAN_POINT('',(11.164084505461,46.555225519206,
    174.31819253274));
#4153 = CARTESIAN_POINT('',(4.609595977853,51.167955419603,
    177.75453812896));
#4154 = CARTESIAN_POINT('',(-2.447314496,50.673191739299,181.19091234596
    ));
#4155 = CARTESIAN_POINT('',(-7.042715306343,46.627448577071,
    184.6272719246));
#4156 = CARTESIAN_POINT('',(-8.242707505289,41.595298220037,
    188.06363641446));
#4157 = CARTESIAN_POINT('',(-6.765787132037,37.537454871612,
    191.49999999888));
#4158 = DEFINITIONAL_REPRESENTATION('',(#4159),#4178);
#4159 = B_SPLINE_CURVE_WITH_KNOTS('',5,(#4160,#4161,#4162,#4163,#4164,
    #4165,#4166,#4167,#4168,#4169,#4170,#4171,#4172,#4173,#4174,#4175,
    #4176,#4177),.UNSPECIFIED.,.F.,.F.,(6,4,4,4,6),(0.,0.250998715464,
    0.500998917996,0.75099970324,1.),.UNSPECIFIED.);
#4160 = CARTESIAN_POINT('',(5.,5.380118064402));
#4161 = CARTESIAN_POINT('',(4.748999537962,5.125323322836));
#4162 = CARTESIAN_POINT('',(4.497998513125,4.870528009531));
#4163 = CARTESIAN_POINT('',(4.246999311988,4.615734547159));
#4164 = CARTESIAN_POINT('',(3.995999058754,4.360940016638));
#4165 = CARTESIAN_POINT('',(3.494999455553,3.852366989374));
#4166 = CARTESIAN_POINT('',(3.244998560852,3.598586924545));
#4167 = CARTESIAN_POINT('',(2.994999499999,3.344808721651));
#4168 = CARTESIAN_POINT('',(2.74499929367,3.091029356659));
#4169 = CARTESIAN_POINT('',(2.245000123607,2.583471889902));
#4170 = CARTESIAN_POINT('',(1.994999636139,2.329692241367));
#4171 = CARTESIAN_POINT('',(1.745000608285,2.075914075648));
#4172 = CARTESIAN_POINT('',(1.495000008718,1.822134315715));
#4173 = CARTESIAN_POINT('',(0.996000476604,1.315591606283));
#4174 = CARTESIAN_POINT('',(0.746999999383,1.062827088752));
#4175 = CARTESIAN_POINT('',(0.498000787964,0.810063856481));
#4176 = CARTESIAN_POINT('',(0.249000015248,0.557299038609));
#4177 = CARTESIAN_POINT('',(0.,0.304534986363));
#4178 = ( GEOMETRIC_REPRESENTATION_CONTEXT(2) 
PARAMETRIC_REPRESENTATION_CONTEXT() REPRESENTATION_CONTEXT('2D SPACE',''
  ) );
#4179 = ORIENTED_EDGE('',*,*,#4180,.F.);
#4180 = EDGE_CURVE('',#4181,#4088,#4183,.T.);
#4181 = VERTEX_POINT('',#4182);
#4182 = CARTESIAN_POINT('',(-4.659822435305,33.497227139794,159.));
#4183 = SURFACE_CURVE('',#4184,(#4190,#4199),.PCURVE_S1.);
#4184 = B_SPLINE_CURVE_WITH_KNOTS('',4,(#4185,#4186,#4187,#4188,#4189),
  .UNSPECIFIED.,.F.,.F.,(5,5),(0.,1.),.PIECEWISE_BEZIER_KNOTS.);
#4185 = CARTESIAN_POINT('',(-6.077626953079,32.,159.));
#4186 = CARTESIAN_POINT('',(-5.570069689051,32.507121391253,159.));
#4187 = CARTESIAN_POINT('',(-5.075938972826,33.026801793443,159.));
#4188 = CARTESIAN_POINT('',(-4.59569268584,33.558617479453,159.));
#4189 = CARTESIAN_POINT('',(-4.129752491468,34.102103256044,159.));
#4190 = PCURVE('',#45,#4191);
#4191 = DEFINITIONAL_REPRESENTATION('',(#4192),#4198);
#4192 = B_SPLINE_CURVE_WITH_KNOTS('',4,(#4193,#4194,#4195,#4196,#4197),
  .UNSPECIFIED.,.F.,.F.,(5,5),(0.,1.),.PIECEWISE_BEZIER_KNOTS.);
#4193 = CARTESIAN_POINT('',(-6.077626953079,-8.));
#4194 = CARTESIAN_POINT('',(-5.570069689051,-7.492878608747));
#4195 = CARTESIAN_POINT('',(-5.075938972826,-6.973198206557));
#4196 = CARTESIAN_POINT('',(-4.59569268584,-6.441382520547));
#4197 = CARTESIAN_POINT('',(-4.129752491468,-5.897896743956));
#4198 = ( GEOMETRIC_REPRESENTATION_CONTEXT(2) 
PARAMETRIC_REPRESENTATION_CONTEXT() REPRESENTATION_CONTEXT('2D SPACE',''
  ) );
#4199 = PCURVE('',#195,#4200);
#4200 = DEFINITIONAL_REPRESENTATION('',(#4201),#4207);
#4201 = B_SPLINE_CURVE_WITH_KNOTS('',4,(#4202,#4203,#4204,#4205,#4206),
  .UNSPECIFIED.,.F.,.F.,(5,5),(0.,1.),.PIECEWISE_BEZIER_KNOTS.);
#4202 = CARTESIAN_POINT('',(2.85544008623,5.154350561734));
#4203 = CARTESIAN_POINT('',(2.142426909636,5.210725470234));
#4204 = CARTESIAN_POINT('',(1.428792208607,5.267149535101));
#4205 = CARTESIAN_POINT('',(0.714620790206,5.323616039368));
#4206 = CARTESIAN_POINT('',(0.,5.380118066159));
#4207 = ( GEOMETRIC_REPRESENTATION_CONTEXT(2) 
PARAMETRIC_REPRESENTATION_CONTEXT() REPRESENTATION_CONTEXT('2D SPACE',''
  ) );
#4208 = ORIENTED_EDGE('',*,*,#4209,.T.);
#4209 = EDGE_CURVE('',#4181,#22,#4210,.T.);
#4210 = SURFACE_CURVE('',#4211,(#4216,#4223),.PCURVE_S1.);
#4211 = CIRCLE('',#4212,8.);
#4212 = AXIS2_PLACEMENT_3D('',#4213,#4214,#4215);
#4213 = CARTESIAN_POINT('',(0.,40.,159.));
#4214 = DIRECTION('',(0.,0.,1.));
#4215 = DIRECTION('',(1.,0.,0.));
#4216 = PCURVE('',#45,#4217);
#4217 = DEFINITIONAL_REPRESENTATION('',(#4218),#4222);
#4218 = CIRCLE('',#4219,8.);
#4219 = AXIS2_PLACEMENT_2D('',#4220,#4221);
#4220 = CARTESIAN_POINT('',(1.709300165674E-16,7.105427357601E-15));
#4221 = DIRECTION('',(1.,0.));
#4222 = ( GEOMETRIC_REPRESENTATION_CONTEXT(2) 
PARAMETRIC_REPRESENTATION_CONTEXT() REPRESENTATION_CONTEXT('2D SPACE',''
  ) );
#4223 = PCURVE('',#73,#4224);
#4224 = DEFINITIONAL_REPRESENTATION('',(#4225),#4229);
#4225 = LINE('',#4226,#4227);
#4226 = CARTESIAN_POINT('',(-0.,0.));
#4227 = VECTOR('',#4228,1.);
#4228 = DIRECTION('',(-1.,0.));
#4229 = ( GEOMETRIC_REPRESENTATION_CONTEXT(2) 
PARAMETRIC_REPRESENTATION_CONTEXT() REPRESENTATION_CONTEXT('2D SPACE',''
  ) );
#4230 = ORIENTED_EDGE('',*,*,#21,.T.);
#4231 = ORIENTED_EDGE('',*,*,#4232,.F.);
#4232 = EDGE_CURVE('',#4233,#24,#4235,.T.);
#4233 = VERTEX_POINT('',#4234);
#4234 = CARTESIAN_POINT('',(7.172601274214,40.627521255863,159.));
#4235 = SURFACE_CURVE('',#4236,(#4242,#4251),.PCURVE_S1.);
#4236 = B_SPLINE_CURVE_WITH_KNOTS('',4,(#4237,#4238,#4239,#4240,#4241),
  .UNSPECIFIED.,.F.,.F.,(5,5),(0.,1.),.PIECEWISE_BEZIER_KNOTS.);
#4237 = CARTESIAN_POINT('',(7.172601274214,40.627521255863,159.));
#4238 = CARTESIAN_POINT('',(7.379850951979,40.666333277454,159.));
#4239 = CARTESIAN_POINT('',(7.586844450338,40.70672631381,159.));
#4240 = CARTESIAN_POINT('',(7.79356590221,40.748696942661,159.));
#4241 = CARTESIAN_POINT('',(8.,40.792241438796,159.));
#4242 = PCURVE('',#45,#4243);
#4243 = DEFINITIONAL_REPRESENTATION('',(#4244),#4250);
#4244 = B_SPLINE_CURVE_WITH_KNOTS('',4,(#4245,#4246,#4247,#4248,#4249),
  .UNSPECIFIED.,.F.,.F.,(5,5),(0.,1.),.PIECEWISE_BEZIER_KNOTS.);
#4245 = CARTESIAN_POINT('',(7.172601274214,0.627521255863));
#4246 = CARTESIAN_POINT('',(7.379850951979,0.666333277454));
#4247 = CARTESIAN_POINT('',(7.586844450338,0.70672631381));
#4248 = CARTESIAN_POINT('',(7.79356590221,0.748696942661));
#4249 = CARTESIAN_POINT('',(8.,0.792241438796));
#4250 = ( GEOMETRIC_REPRESENTATION_CONTEXT(2) 
PARAMETRIC_REPRESENTATION_CONTEXT() REPRESENTATION_CONTEXT('2D SPACE',''
  ) );
#4251 = PCURVE('',#634,#4252);
#4252 = DEFINITIONAL_REPRESENTATION('',(#4253),#4259);
#4253 = B_SPLINE_CURVE_WITH_KNOTS('',4,(#4254,#4255,#4256,#4257,#4258),
  .UNSPECIFIED.,.F.,.F.,(5,5),(0.,1.),.PIECEWISE_BEZIER_KNOTS.);
#4254 = CARTESIAN_POINT('',(12.839003076563,0.304534986435));
#4255 = CARTESIAN_POINT('',(12.628519936709,0.321176808771));
#4256 = CARTESIAN_POINT('',(12.418075840488,0.337815544816));
#4257 = CARTESIAN_POINT('',(12.207672812264,0.354451036252));
#4258 = CARTESIAN_POINT('',(11.997313312623,0.371083089917));
#4259 = ( GEOMETRIC_REPRESENTATION_CONTEXT(2) 
PARAMETRIC_REPRESENTATION_CONTEXT() REPRESENTATION_CONTEXT('2D SPACE',''
  ) );
#4260 = ORIENTED_EDGE('',*,*,#4261,.F.);
#4261 = EDGE_CURVE('',#4006,#4233,#4262,.T.);
#4262 = SURFACE_CURVE('',#4263,(#4282,#4304),.PCURVE_S1.);
#4263 = B_SPLINE_CURVE_WITH_KNOTS('',5,(#4264,#4265,#4266,#4267,#4268,
    #4269,#4270,#4271,#4272,#4273,#4274,#4275,#4276,#4277,#4278,#4279,
    #4280,#4281),.UNSPECIFIED.,.F.,.F.,(6,4,4,4,6),(0.,0.250998715464,
    0.500998917996,0.75099970324,1.),.UNSPECIFIED.);
#4264 = CARTESIAN_POINT('',(4.129728421727,45.897890462524,159.));
#4265 = CARTESIAN_POINT('',(4.388095122193,45.716974719847,159.));
#4266 = CARTESIAN_POINT('',(4.636556035758,45.521910151722,159.));
#4267 = CARTESIAN_POINT('',(4.874076237451,45.313421902748,159.));
#4268 = CARTESIAN_POINT('',(5.09970553503,45.092344584784,159.));
#4269 = CARTESIAN_POINT('',(5.524629820212,44.627802877773,159.));
#4270 = CARTESIAN_POINT('',(5.72402729804,44.384429625966,159.));
#4271 = CARTESIAN_POINT('',(5.909940985839,44.130412595065,159.));
#4272 = CARTESIAN_POINT('',(6.081632764959,43.866760309365,159.));
#4273 = CARTESIAN_POINT('',(6.395325105851,43.322348322938,159.));
#4274 = CARTESIAN_POINT('',(6.53732654934,43.041586926268,159.));
#4275 = CARTESIAN_POINT('',(6.663859298114,42.753352371863,159.));
#4276 = CARTESIAN_POINT('',(6.774420083225,42.458788904105,159.));
#4277 = CARTESIAN_POINT('',(6.962470012078,41.860586103744,159.));
#4278 = CARTESIAN_POINT('',(7.040090310733,41.556985967283,159.));
#4279 = CARTESIAN_POINT('',(7.101123746414,41.249464562244,159.));
#4280 = CARTESIAN_POINT('',(7.145329250488,40.939233198634,159.));
#4281 = CARTESIAN_POINT('',(7.172601051486,40.627521292858,159.));
#4282 = PCURVE('',#45,#4283);
#4283 = DEFINITIONAL_REPRESENTATION('',(#4284),#4303);
#4284 = B_SPLINE_CURVE_WITH_KNOTS('',5,(#4285,#4286,#4287,#4288,#4289,
    #4290,#4291,#4292,#4293,#4294,#4295,#4296,#4297,#4298,#4299,#4300,
    #4301,#4302),.UNSPECIFIED.,.F.,.F.,(6,4,4,4,6),(0.,0.250998715464,
    0.500998917996,0.75099970324,1.),.UNSPECIFIED.);
#4285 = CARTESIAN_POINT('',(4.129728421727,5.897890462524));
#4286 = CARTESIAN_POINT('',(4.388095122193,5.716974719847));
#4287 = CARTESIAN_POINT('',(4.636556035758,5.521910151722));
#4288 = CARTESIAN_POINT('',(4.874076237451,5.313421902748));
#4289 = CARTESIAN_POINT('',(5.09970553503,5.092344584784));
#4290 = CARTESIAN_POINT('',(5.524629820212,4.627802877773));
#4291 = CARTESIAN_POINT('',(5.72402729804,4.384429625966));
#4292 = CARTESIAN_POINT('',(5.909940985839,4.130412595065));
#4293 = CARTESIAN_POINT('',(6.081632764959,3.866760309365));
#4294 = CARTESIAN_POINT('',(6.395325105851,3.322348322938));
#4295 = CARTESIAN_POINT('',(6.53732654934,3.041586926268));
#4296 = CARTESIAN_POINT('',(6.663859298114,2.753352371863));
#4297 = CARTESIAN_POINT('',(6.774420083225,2.458788904105));
#4298 = CARTESIAN_POINT('',(6.962470012078,1.860586103744));
#4299 = CARTESIAN_POINT('',(7.040090310733,1.556985967283));
#4300 = CARTESIAN_POINT('',(7.101123746414,1.249464562244));
#4301 = CARTESIAN_POINT('',(7.145329250488,0.939233198634));
#4302 = CARTESIAN_POINT('',(7.172601051486,0.627521292858));
#4303 = ( GEOMETRIC_REPRESENTATION_CONTEXT(2) 
PARAMETRIC_REPRESENTATION_CONTEXT() REPRESENTATION_CONTEXT('2D SPACE',''
  ) );
#4304 = PCURVE('',#4305,#4330);
#4305 = B_SPLINE_SURFACE_WITH_KNOTS('',1,11,(
    (#4306,#4307,#4308,#4309,#4310,#4311,#4312,#4313,#4314,#4315,#4316
      ,#4317)
    ,(#4318,#4319,#4320,#4321,#4322,#4323,#4324,#4325,#4326,#4327,#4328
      ,#4329
    )),.UNSPECIFIED.,.F.,.F.,.F.,(2,2),(12,12),(0.,5.),(0.,
    38.371408045689),.PIECEWISE_BEZIER_KNOTS.);
#4306 = CARTESIAN_POINT('',(7.195613954537,40.251276376258,158.7));
#4307 = CARTESIAN_POINT('',(7.044895811057,44.566907155476,
    162.13636358442));
#4308 = CARTESIAN_POINT('',(4.047205831602,48.783110566446,
    165.5727280743));
#4309 = CARTESIAN_POINT('',(-1.729137444722,50.812790783673,
    169.00908765282));
#4310 = CARTESIAN_POINT('',(-8.457532374631,48.627962571387,
    172.44546187011));
#4311 = CARTESIAN_POINT('',(-12.80678910845,41.895759523863,
    175.88180746584));
#4312 = CARTESIAN_POINT('',(-11.15878474778,33.445986544374,
    179.31819253342));
#4313 = CARTESIAN_POINT('',(-4.613148513275,28.830989741395,
    182.75453812798));
#4314 = CARTESIAN_POINT('',(2.448855986901,29.327366172691,
    186.19091234661));
#4315 = CARTESIAN_POINT('',(7.042343854134,33.372398345195,
    189.62727192441));
#4316 = CARTESIAN_POINT('',(8.242731331894,38.404710630553,
    193.06363641446));
#4317 = CARTESIAN_POINT('',(6.765786606672,42.462544937171,
    196.49999999888));
#4318 = CARTESIAN_POINT('',(7.195613954537,40.251276376258,153.7));
#4319 = CARTESIAN_POINT('',(7.044921765201,44.566908229574,
    157.13636358442));
#4320 = CARTESIAN_POINT('',(4.046804397568,48.783114031199,
    160.57272807445));
#4321 = CARTESIAN_POINT('',(-1.727499336278,50.81285178901,
    164.00908765235));
#4322 = CARTESIAN_POINT('',(-8.461222034185,48.627610467662,
    167.4454618707));
#4323 = CARTESIAN_POINT('',(-12.80142220619,41.896621189803,
    170.88180746574));
#4324 = CARTESIAN_POINT('',(-11.16408450546,33.444774480794,
    174.31819253274));
#4325 = CARTESIAN_POINT('',(-4.609595977853,28.832044580397,
    177.75453812896));
#4326 = CARTESIAN_POINT('',(2.447314496,29.326808260701,181.19091234596)
  );
#4327 = CARTESIAN_POINT('',(7.042715306343,33.372551422929,
    184.6272719246));
#4328 = CARTESIAN_POINT('',(8.242707505289,38.404701779963,
    188.06363641446));
#4329 = CARTESIAN_POINT('',(6.765787132037,42.462545128388,
    191.49999999888));
#4330 = DEFINITIONAL_REPRESENTATION('',(#4331),#4350);
#4331 = B_SPLINE_CURVE_WITH_KNOTS('',5,(#4332,#4333,#4334,#4335,#4336,
    #4337,#4338,#4339,#4340,#4341,#4342,#4343,#4344,#4345,#4346,#4347,
    #4348,#4349),.UNSPECIFIED.,.F.,.F.,(6,4,4,4,6),(0.,0.250998715464,
    0.500998917996,0.75099970324,1.),.UNSPECIFIED.);
#4332 = CARTESIAN_POINT('',(5.,5.380118064402));
#4333 = CARTESIAN_POINT('',(4.748999537962,5.125323322836));
#4334 = CARTESIAN_POINT('',(4.497998513124,4.870528009531));
#4335 = CARTESIAN_POINT('',(4.246999311988,4.615734547159));
#4336 = CARTESIAN_POINT('',(3.995999058754,4.360940016638));
#4337 = CARTESIAN_POINT('',(3.494999455553,3.852366989374));
#4338 = CARTESIAN_POINT('',(3.244998560852,3.598586924545));
#4339 = CARTESIAN_POINT('',(2.994999499999,3.344808721651));
#4340 = CARTESIAN_POINT('',(2.74499929367,3.091029356659));
#4341 = CARTESIAN_POINT('',(2.245000123607,2.583471889902));
#4342 = CARTESIAN_POINT('',(1.994999636139,2.329692241367));
#4343 = CARTESIAN_POINT('',(1.745000608285,2.075914075648));
#4344 = CARTESIAN_POINT('',(1.495000008718,1.822134315715));
#4345 = CARTESIAN_POINT('',(0.996000476604,1.315591606283));
#4346 = CARTESIAN_POINT('',(0.746999999383,1.062827088752));
#4347 = CARTESIAN_POINT('',(0.498000787964,0.810063856481));
#4348 = CARTESIAN_POINT('',(0.249000015248,0.557299038609));
#4349 = CARTESIAN_POINT('',(0.,0.304534986363));
#4350 = ( GEOMETRIC_REPRESENTATION_CONTEXT(2) 
PARAMETRIC_REPRESENTATION_CONTEXT() REPRESENTATION_CONTEXT('2D SPACE',''
  ) );
#4351 = FACE_BOUND('',#4352,.F.);
#4352 = EDGE_LOOP('',(#4353));
#4353 = ORIENTED_EDGE('',*,*,#4354,.T.);
#4354 = EDGE_CURVE('',#4355,#4355,#4357,.T.);
#4355 = VERTEX_POINT('',#4356);
#4356 = CARTESIAN_POINT('',(7.,40.,159.));
#4357 = SURFACE_CURVE('',#4358,(#4363,#4374),.PCURVE_S1.);
#4358 = CIRCLE('',#4359,7.);
#4359 = AXIS2_PLACEMENT_3D('',#4360,#4361,#4362);
#4360 = CARTESIAN_POINT('',(0.,40.,159.));
#4361 = DIRECTION('',(0.,0.,-1.));
#4362 = DIRECTION('',(1.,0.,0.));
#4363 = PCURVE('',#45,#4364);
#4364 = DEFINITIONAL_REPRESENTATION('',(#4365),#4373);
#4365 = ( BOUNDED_CURVE() B_SPLINE_CURVE(2,(#4366,#4367,#4368,#4369,
#4370,#4371,#4372),.UNSPECIFIED.,.T.,.F.) B_SPLINE_CURVE_WITH_KNOTS((1,2
    ,2,2,2,1),(-2.094395102393,0.,2.094395102393,4.188790204786,
6.28318530718,8.377580409573),.UNSPECIFIED.) CURVE() 
GEOMETRIC_REPRESENTATION_ITEM() RATIONAL_B_SPLINE_CURVE((1.,0.5,1.,0.5,
1.,0.5,1.)) REPRESENTATION_ITEM('') );
#4366 = CARTESIAN_POINT('',(7.,7.105427357601E-15));
#4367 = CARTESIAN_POINT('',(7.,-12.12435565298));
#4368 = CARTESIAN_POINT('',(-3.5,-6.062177826491));
#4369 = CARTESIAN_POINT('',(-14.,5.390921838795E-15));
#4370 = CARTESIAN_POINT('',(-3.5,6.062177826491));
#4371 = CARTESIAN_POINT('',(7.,12.124355652982));
#4372 = CARTESIAN_POINT('',(7.,7.105427357601E-15));
#4373 = ( GEOMETRIC_REPRESENTATION_CONTEXT(2) 
PARAMETRIC_REPRESENTATION_CONTEXT() REPRESENTATION_CONTEXT('2D SPACE',''
  ) );
#4374 = PCURVE('',#4375,#4380);
#4375 = CYLINDRICAL_SURFACE('',#4376,7.);
#4376 = AXIS2_PLACEMENT_3D('',#4377,#4378,#4379);
#4377 = CARTESIAN_POINT('',(0.,40.,156.));
#4378 = DIRECTION('',(-0.,-0.,-1.));
#4379 = DIRECTION('',(1.,0.,0.));
#4380 = DEFINITIONAL_REPRESENTATION('',(#4381),#4385);
#4381 = LINE('',#4382,#4383);
#4382 = CARTESIAN_POINT('',(-6.28318530718,-3.));
#4383 = VECTOR('',#4384,1.);
#4384 = DIRECTION('',(1.,-0.));
#4385 = ( GEOMETRIC_REPRESENTATION_CONTEXT(2) 
PARAMETRIC_REPRESENTATION_CONTEXT() REPRESENTATION_CONTEXT('2D SPACE',''
  ) );
#4386 = ADVANCED_FACE('',(#4387),#73,.T.);
#4387 = FACE_BOUND('',#4388,.F.);
#4388 = EDGE_LOOP('',(#4389,#4390,#4480));
#4389 = ORIENTED_EDGE('',*,*,#4209,.F.);
#4390 = ORIENTED_EDGE('',*,*,#4391,.T.);
#4391 = EDGE_CURVE('',#4181,#58,#4392,.T.);
#4392 = SURFACE_CURVE('',#4393,(#4420,#4450),.PCURVE_S1.);
#4393 = B_SPLINE_CURVE_WITH_KNOTS('',7,(#4394,#4395,#4396,#4397,#4398,
    #4399,#4400,#4401,#4402,#4403,#4404,#4405,#4406,#4407,#4408,#4409,
    #4410,#4411,#4412,#4413,#4414,#4415,#4416,#4417,#4418,#4419),
  .UNSPECIFIED.,.F.,.F.,(8,6,6,6,8),(0.,4.225989979942E-02,
    0.255656690399,0.592665403425,1.),.UNSPECIFIED.);
#4394 = CARTESIAN_POINT('',(-4.659823116275,33.49722762777,158.9999994)
  );
#4395 = CARTESIAN_POINT('',(-4.573755124354,33.435552146089,
    159.07583365998));
#4396 = CARTESIAN_POINT('',(-4.486734751618,33.375205672141,
    159.15166792602));
#4397 = CARTESIAN_POINT('',(-4.398786648165,33.31620586985,
    159.22750219621));
#4398 = CARTESIAN_POINT('',(-4.30993584711,33.25856981469,
    159.30333646788));
#4399 = CARTESIAN_POINT('',(-4.220207764582,33.202313993687,
    159.37917073753));
#4400 = CARTESIAN_POINT('',(-4.129628199727,33.14745430542,
    159.45500500091));
#4401 = CARTESIAN_POINT('',(-3.57666273156,32.824112281629,
    159.91377404651));
#4402 = CARTESIAN_POINT('',(-3.094039451507,32.590197706002,
    160.29672355917));
#4403 = CARTESIAN_POINT('',(-2.593750255277,32.394255043134,
    160.67966219117));
#4404 = CARTESIAN_POINT('',(-2.079391903439,32.23784656224,
    161.06259391892));
#4405 = CARTESIAN_POINT('',(-1.554712678587,32.122112052971,
    161.44553258462));
#4406 = CARTESIAN_POINT('',(-1.023570204769,32.047755995948,
    161.82848217664));
#4407 = CARTESIAN_POINT('',(0.352914692241,31.96330577395,
    162.81617036688));
#4408 = CARTESIAN_POINT('',(1.202293504156,32.015369748851,
    163.42106825633));
#4409 = CARTESIAN_POINT('',(2.042548829172,32.17225776521,
    164.02585184867));
#4410 = CARTESIAN_POINT('',(2.858214428606,32.431898354067,
    164.63058253855));
#4411 = CARTESIAN_POINT('',(3.634547291236,32.78959817035,
    165.23536641096));
#4412 = CARTESIAN_POINT('',(4.35773029994,33.238107558521,
    165.84026445747));
#4413 = CARTESIAN_POINT('',(5.810678869571,34.407358724255,
    167.17596881441));
#4414 = CARTESIAN_POINT('',(6.510960206384,35.165888632963,
    167.90729097343));
#4415 = CARTESIAN_POINT('',(7.094364350804,36.025700199243,
    168.63830835475));
#4416 = CARTESIAN_POINT('',(7.544013646186,36.964721637969,
    169.36920466586));
#4417 = CARTESIAN_POINT('',(7.84809649321,37.958283408006,
    170.10022356074));
#4418 = CARTESIAN_POINT('',(7.999999999982,38.979400990169,
    170.83154737772));
#4419 = CARTESIAN_POINT('',(8.,40.,171.56249905218));
#4420 = PCURVE('',#73,#4421);
#4421 = DEFINITIONAL_REPRESENTATION('',(#4422),#4449);
#4422 = B_SPLINE_CURVE_WITH_KNOTS('',7,(#4423,#4424,#4425,#4426,#4427,
    #4428,#4429,#4430,#4431,#4432,#4433,#4434,#4435,#4436,#4437,#4438,
    #4439,#4440,#4441,#4442,#4443,#4444,#4445,#4446,#4447,#4448),
  .UNSPECIFIED.,.F.,.F.,(8,6,6,6,8),(0.,4.225989979942E-02,
    0.255656690399,0.592665403425,1.),.UNSPECIFIED.);
#4423 = CARTESIAN_POINT('',(-4.090615197335,6.000000158934E-07));
#4424 = CARTESIAN_POINT('',(-4.103850781635,-7.583365998087E-02));
#4425 = CARTESIAN_POINT('',(-4.11708636731,-0.151667926021));
#4426 = CARTESIAN_POINT('',(-4.13032195399,-0.227502196218));
#4427 = CARTESIAN_POINT('',(-4.143557541174,-0.303336467883));
#4428 = CARTESIAN_POINT('',(-4.15679312822,-0.379170737539));
#4429 = CARTESIAN_POINT('',(-4.170028714353,-0.455005000919));
#4430 = CARTESIAN_POINT('',(-4.250099081193,-0.913774046515));
#4431 = CARTESIAN_POINT('',(-4.316936436614,-1.296723559177));
#4432 = CARTESIAN_POINT('',(-4.383771892786,-1.679662191172));
#4433 = CARTESIAN_POINT('',(-4.45060614121,-2.062593918927));
#4434 = CARTESIAN_POINT('',(-4.517441592686,-2.445532584621));
#4435 = CARTESIAN_POINT('',(-4.584278935681,-2.828482176648));
#4436 = CARTESIAN_POINT('',(-4.756663068493,-3.816170366881));
#4437 = CARTESIAN_POINT('',(-4.862237627669,-4.42106825633));
#4438 = CARTESIAN_POINT('',(-4.967792165714,-5.025851848674));
#4439 = CARTESIAN_POINT('',(-5.073337376349,-5.630582538556));
#4440 = CARTESIAN_POINT('',(-5.178891847979,-6.235366410963));
#4441 = CARTESIAN_POINT('',(-5.284466355978,-6.84026445747));
#4442 = CARTESIAN_POINT('',(-5.517590780728,-8.175968814417));
#4443 = CARTESIAN_POINT('',(-5.645230801584,-8.907290973437));
#4444 = CARTESIAN_POINT('',(-5.772817819539,-9.638308354758));
#4445 = CARTESIAN_POINT('',(-5.900384000265,-10.36920466586));
#4446 = CARTESIAN_POINT('',(-6.027970756795,-11.10022356074));
#4447 = CARTESIAN_POINT('',(-6.155610430951,-11.83154737772));
#4448 = CARTESIAN_POINT('',(-6.28318530718,-12.56249905218));
#4449 = ( GEOMETRIC_REPRESENTATION_CONTEXT(2) 
PARAMETRIC_REPRESENTATION_CONTEXT() REPRESENTATION_CONTEXT('2D SPACE',''
  ) );
#4450 = PCURVE('',#195,#4451);
#4451 = DEFINITIONAL_REPRESENTATION('',(#4452),#4479);
#4452 = B_SPLINE_CURVE_WITH_KNOTS('',7,(#4453,#4454,#4455,#4456,#4457,
    #4458,#4459,#4460,#4461,#4462,#4463,#4464,#4465,#4466,#4467,#4468,
    #4469,#4470,#4471,#4472,#4473,#4474,#4475,#4476,#4477,#4478),
  .UNSPECIFIED.,.F.,.F.,(8,6,6,6,8),(0.,4.225989979942E-02,
    0.255656690399,0.592665403425,1.),.UNSPECIFIED.);
#4453 = CARTESIAN_POINT('',(0.802434881411,5.316672341093));
#4454 = CARTESIAN_POINT('',(0.802434795925,5.393652967005));
#4455 = CARTESIAN_POINT('',(0.802434726296,5.470633601072));
#4456 = CARTESIAN_POINT('',(0.802434673076,5.547614241235));
#4457 = CARTESIAN_POINT('',(0.802434636542,5.624594884613));
#4458 = CARTESIAN_POINT('',(0.802434616697,5.701575527497));
#4459 = CARTESIAN_POINT('',(0.802434613268,5.778556165354));
#4460 = CARTESIAN_POINT('',(0.802434688527,6.244260356266));
#4461 = CARTESIAN_POINT('',(0.802435158239,6.632998890252));
#4462 = CARTESIAN_POINT('',(0.802435993713,7.021726382314));
#4463 = CARTESIAN_POINT('',(0.802437031448,7.410446840083));
#4464 = CARTESIAN_POINT('',(0.802438058671,7.799174297833));
#4465 = CARTESIAN_POINT('',(0.802438888768,8.187912802576));
#4466 = CARTESIAN_POINT('',(0.802440308091,9.190531425099));
#4467 = CARTESIAN_POINT('',(0.802440475601,9.804573185186));
#4468 = CARTESIAN_POINT('',(0.802439609032,10.418498849682));
#4469 = CARTESIAN_POINT('',(0.802437849505,11.032370827105));
#4470 = CARTESIAN_POINT('',(0.802436476803,11.646296880909));
#4471 = CARTESIAN_POINT('',(0.802435872257,12.260338948099));
#4472 = CARTESIAN_POINT('',(0.80243588752,13.616234855767));
#4473 = CARTESIAN_POINT('',(0.802436748228,14.358612390334));
#4474 = CARTESIAN_POINT('',(0.802438470856,15.10068059682));
#4475 = CARTESIAN_POINT('',(0.802438754727,15.842625954166));
#4476 = CARTESIAN_POINT('',(0.802437236547,16.584695258021));
#4477 = CARTESIAN_POINT('',(0.802437217602,17.327073868478));
#4478 = CARTESIAN_POINT('',(0.802437424327,18.069074855015));
#4479 = ( GEOMETRIC_REPRESENTATION_CONTEXT(2) 
PARAMETRIC_REPRESENTATION_CONTEXT() REPRESENTATION_CONTEXT('2D SPACE',''
  ) );
#4480 = ORIENTED_EDGE('',*,*,#57,.F.);
#4481 = ADVANCED_FACE('',(#4482),#195,.F.);
#4482 = FACE_BOUND('',#4483,.F.);
#4483 = EDGE_LOOP('',(#4484,#4521,#4547,#4619,#4638,#4639,#4640));
#4484 = ORIENTED_EDGE('',*,*,#4485,.F.);
#4485 = EDGE_CURVE('',#4486,#4088,#4488,.T.);
#4486 = VERTEX_POINT('',#4487);
#4487 = CARTESIAN_POINT('',(-7.195613954537,39.748723623742,153.7));
#4488 = SURFACE_CURVE('',#4489,(#4507,#4514),.PCURVE_S1.);
#4489 = B_SPLINE_CURVE_WITH_KNOTS('',9,(#4490,#4491,#4492,#4493,#4494,
    #4495,#4496,#4497,#4498,#4499,#4500,#4501,#4502,#4503,#4504,#4505,
    #4506),.UNSPECIFIED.,.F.,.F.,(10,7,10),(0.,19.185704022845,
    38.371408045689),.UNSPECIFIED.);
#4490 = CARTESIAN_POINT('',(-7.195613954537,39.748723623742,153.7));
#4491 = CARTESIAN_POINT('',(-7.103524283276,37.111393046715,
    155.79999996825));
#4492 = CARTESIAN_POINT('',(-5.923876384193,34.512037697765,
    157.9000002824));
#4493 = CARTESIAN_POINT('',(-3.675041005949,32.463248865885,
    159.99999927028));
#4494 = CARTESIAN_POINT('',(-0.655557151982,31.466610902232,
    162.10000094852));
#4495 = CARTESIAN_POINT('',(2.5584403486,31.832803359088,164.19999933528
    ));
#4496 = CARTESIAN_POINT('',(5.276091011055,33.483087906097,
    166.30000020802));
#4497 = CARTESIAN_POINT('',(7.006650950018,35.985294782687,
    168.39999999704));
#4498 = CARTESIAN_POINT('',(8.135847143185,41.581448627393,
    172.59999999944));
#4499 = CARTESIAN_POINT('',(4.992517434144,46.347107053734,
    176.80000000183));
#4500 = CARTESIAN_POINT('',(2.450558021748,48.018823049242,
    178.89999979089));
#4501 = CARTESIAN_POINT('',(-0.687079394563,48.53096235506,
    181.00000066344));
#4502 = CARTESIAN_POINT('',(-3.804893889838,47.666319293723,
    183.09999905058));
#4503 = CARTESIAN_POINT('',(-6.230426146928,45.611382370965,
    185.20000072842));
#4504 = CARTESIAN_POINT('',(-7.548480147464,42.869172335475,
    187.29999971653));
#4505 = CARTESIAN_POINT('',(-7.668349582357,40.017248028983,
    189.40000003062));
#4506 = CARTESIAN_POINT('',(-6.765787132037,37.537454871612,
    191.49999999888));
#4507 = PCURVE('',#195,#4508);
#4508 = DEFINITIONAL_REPRESENTATION('',(#4509),#4513);
#4509 = LINE('',#4510,#4511);
#4510 = CARTESIAN_POINT('',(0.,0.));
#4511 = VECTOR('',#4512,1.);
#4512 = DIRECTION('',(0.,1.));
#4513 = ( GEOMETRIC_REPRESENTATION_CONTEXT(2) 
PARAMETRIC_REPRESENTATION_CONTEXT() REPRESENTATION_CONTEXT('2D SPACE',''
  ) );
#4514 = PCURVE('',#4133,#4515);
#4515 = DEFINITIONAL_REPRESENTATION('',(#4516),#4520);
#4516 = LINE('',#4517,#4518);
#4517 = CARTESIAN_POINT('',(5.,0.));
#4518 = VECTOR('',#4519,1.);
#4519 = DIRECTION('',(0.,1.));
#4520 = ( GEOMETRIC_REPRESENTATION_CONTEXT(2) 
PARAMETRIC_REPRESENTATION_CONTEXT() REPRESENTATION_CONTEXT('2D SPACE',''
  ) );
#4521 = ORIENTED_EDGE('',*,*,#4522,.T.);
#4522 = EDGE_CURVE('',#4486,#4523,#4525,.T.);
#4523 = VERTEX_POINT('',#4524);
#4524 = CARTESIAN_POINT('',(-19.98781654038,39.30201006595,154.7));
#4525 = SURFACE_CURVE('',#4526,(#4529,#4536),.PCURVE_S1.);
#4526 = B_SPLINE_CURVE_WITH_KNOTS('',1,(#4527,#4528),.UNSPECIFIED.,.F.,
  .F.,(2,2),(0.,12.839003076563),.PIECEWISE_BEZIER_KNOTS.);
#4527 = CARTESIAN_POINT('',(-7.195613954537,39.748723623742,153.7));
#4528 = CARTESIAN_POINT('',(-19.98781654038,39.30201006595,154.7));
#4529 = PCURVE('',#195,#4530);
#4530 = DEFINITIONAL_REPRESENTATION('',(#4531),#4535);
#4531 = LINE('',#4532,#4533);
#4532 = CARTESIAN_POINT('',(0.,0.));
#4533 = VECTOR('',#4534,1.);
#4534 = DIRECTION('',(1.,0.));
#4535 = ( GEOMETRIC_REPRESENTATION_CONTEXT(2) 
PARAMETRIC_REPRESENTATION_CONTEXT() REPRESENTATION_CONTEXT('2D SPACE',''
  ) );
#4536 = PCURVE('',#4537,#4542);
#4537 = PLANE('',#4538);
#4538 = AXIS2_PLACEMENT_3D('',#4539,#4540,#4541);
#4539 = CARTESIAN_POINT('',(-13.21187676985,39.538631096766,156.2));
#4540 = DIRECTION('',(-3.48994967025E-02,0.999390827019,
    -1.178665514876E-15));
#4541 = DIRECTION('',(4.113483324978E-17,-1.177947503691E-15,-1.));
#4542 = DEFINITIONAL_REPRESENTATION('',(#4543),#4546);
#4543 = B_SPLINE_CURVE_WITH_KNOTS('',1,(#4544,#4545),.UNSPECIFIED.,.F.,
  .F.,(2,2),(0.,12.839003076563),.PIECEWISE_BEZIER_KNOTS.);
#4544 = CARTESIAN_POINT('',(2.5,-6.01992999402));
#4545 = CARTESIAN_POINT('',(1.5,6.78007000598));
#4546 = ( GEOMETRIC_REPRESENTATION_CONTEXT(2) 
PARAMETRIC_REPRESENTATION_CONTEXT() REPRESENTATION_CONTEXT('2D SPACE',''
  ) );
#4547 = ORIENTED_EDGE('',*,*,#4548,.T.);
#4548 = EDGE_CURVE('',#4523,#4549,#4551,.T.);
#4549 = VERTEX_POINT('',#4550);
#4550 = CARTESIAN_POINT('',(-18.79385296202,33.159598144066,
    192.50000143012));
#4551 = SURFACE_CURVE('',#4552,(#4570,#4577),.PCURVE_S1.);
#4552 = B_SPLINE_CURVE_WITH_KNOTS('',9,(#4553,#4554,#4555,#4556,#4557,
    #4558,#4559,#4560,#4561,#4562,#4563,#4564,#4565,#4566,#4567,#4568,
    #4569),.UNSPECIFIED.,.F.,.F.,(10,7,10),(0.,19.185704022845,
    38.371408045689),.UNSPECIFIED.);
#4553 = CARTESIAN_POINT('',(-19.98781654038,39.30201006595,154.7));
#4554 = CARTESIAN_POINT('',(-19.73199415453,31.976078973627,
    156.80004060598));
#4555 = CARTESIAN_POINT('',(-16.4553726379,24.755625158172,
    158.89963882105));
#4556 = CARTESIAN_POINT('',(-10.20808298411,19.064777630711,
    161.00093323148));
#4557 = CARTESIAN_POINT('',(-1.821377622686,16.29582414165,
    163.09878694126));
#4558 = CARTESIAN_POINT('',(7.106978112609,17.313578393177,
    165.2008500954));
#4559 = CARTESIAN_POINT('',(14.655765898429,21.897393338194,
    167.29973395513));
#4560 = CARTESIAN_POINT('',(19.462917202178,28.848042434863,
    169.40000377676));
#4561 = CARTESIAN_POINT('',(22.599575706189,44.392911932235,
    173.60000071506));
#4562 = CARTESIAN_POINT('',(13.868106067804,57.630851054892,
    177.79999765336));
#4563 = CARTESIAN_POINT('',(6.807192886246,62.274584108892,
    179.90026747502));
#4564 = CARTESIAN_POINT('',(-1.908849367363,63.696841321899,
    181.99915133455));
#4565 = CARTESIAN_POINT('',(-10.56873611963,61.29575451349,
    184.10121448914));
#4566 = CARTESIAN_POINT('',(-17.30704365318,55.586859761655,
    186.19906819837));
#4567 = CARTESIAN_POINT('',(-20.96787715271,47.970015599008,
    188.3003626092));
#4568 = CARTESIAN_POINT('',(-21.30099132483,40.04791932505,
    190.3999608241));
#4569 = CARTESIAN_POINT('',(-18.79385296202,33.159598144066,
    192.50000143012));
#4570 = PCURVE('',#195,#4571);
#4571 = DEFINITIONAL_REPRESENTATION('',(#4572),#4576);
#4572 = LINE('',#4573,#4574);
#4573 = CARTESIAN_POINT('',(12.839003076563,0.));
#4574 = VECTOR('',#4575,1.);
#4575 = DIRECTION('',(0.,1.));
#4576 = ( GEOMETRIC_REPRESENTATION_CONTEXT(2) 
PARAMETRIC_REPRESENTATION_CONTEXT() REPRESENTATION_CONTEXT('2D SPACE',''
  ) );
#4577 = PCURVE('',#4578,#4613);
#4578 = B_SPLINE_SURFACE_WITH_KNOTS('',1,9,(
    (#4579,#4580,#4581,#4582,#4583,#4584,#4585,#4586,#4587,#4588,#4589
      ,#4590,#4591,#4592,#4593,#4594,#4595)
    ,(#4596,#4597,#4598,#4599,#4600,#4601,#4602,#4603,#4604,#4605,#4606
      ,#4607,#4608,#4609,#4610,#4611,#4612
    )),.UNSPECIFIED.,.F.,.F.,.F.,(2,2),(10,7,10),(0.,3.),(0.,
    19.185704022845,38.371408045689),.UNSPECIFIED.);
#4579 = CARTESIAN_POINT('',(-19.98781654038,39.30201006595,154.7));
#4580 = CARTESIAN_POINT('',(-19.73199415453,31.976078973627,
    156.80004060598));
#4581 = CARTESIAN_POINT('',(-16.4553726379,24.755625158173,
    158.89963882105));
#4582 = CARTESIAN_POINT('',(-10.20808298411,19.06477763071,
    161.00093323148));
#4583 = CARTESIAN_POINT('',(-1.821377622687,16.295824141652,
    163.09878694126));
#4584 = CARTESIAN_POINT('',(7.10697811261,17.313578393176,165.2008500954
    ));
#4585 = CARTESIAN_POINT('',(14.655765898429,21.897393338195,
    167.29973395513));
#4586 = CARTESIAN_POINT('',(19.462917202179,28.848042434862,
    169.40000377676));
#4587 = CARTESIAN_POINT('',(22.599575706189,44.392911932235,
    173.60000071506));
#4588 = CARTESIAN_POINT('',(13.868106067804,57.630851054892,
    177.79999765336));
#4589 = CARTESIAN_POINT('',(6.807192886246,62.274584108893,
    179.90026747502));
#4590 = CARTESIAN_POINT('',(-1.908849367363,63.696841321898,
    181.99915133455));
#4591 = CARTESIAN_POINT('',(-10.56873611963,61.295754513492,
    184.10121448914));
#4592 = CARTESIAN_POINT('',(-17.30704365318,55.586859761654,
    186.19906819837));
#4593 = CARTESIAN_POINT('',(-20.96787715271,47.970015599008,
    188.3003626092));
#4594 = CARTESIAN_POINT('',(-21.30099132483,40.04791932505,
    190.3999608241));
#4595 = CARTESIAN_POINT('',(-18.79385296202,33.159598144066,
    192.50000143012));
#4596 = CARTESIAN_POINT('',(-19.98781654038,39.30201006595,157.7));
#4597 = CARTESIAN_POINT('',(-19.73198463801,31.976079367463,
    159.80004060598));
#4598 = CARTESIAN_POINT('',(-16.45545749581,24.755626247556,
    161.89963882102));
#4599 = CARTESIAN_POINT('',(-10.20787211208,19.064783376126,
    164.00093323158));
#4600 = CARTESIAN_POINT('',(-1.821632772579,16.295802312157,
    166.09878694114));
#4601 = CARTESIAN_POINT('',(7.107137339412,17.313603549612,
    168.20085009548));
#4602 = CARTESIAN_POINT('',(14.65572426025,21.897383903903,
    170.29973395511));
#4603 = CARTESIAN_POINT('',(19.462916295262,28.848042518379,
    172.40000377676));
#4604 = CARTESIAN_POINT('',(22.599575549049,44.392911728792,
    176.60000071506));
#4605 = CARTESIAN_POINT('',(13.868106644796,57.630851176354,
    180.79999765336));
#4606 = CARTESIAN_POINT('',(6.807234912472,62.274590585913,
    182.90026747499));
#4607 = CARTESIAN_POINT('',(-1.909006391647,63.696804601663,
    184.99915133465));
#4608 = CARTESIAN_POINT('',(-10.56849119401,61.295829497213,
    187.10121448899));
#4609 = CARTESIAN_POINT('',(-17.30724103234,55.586785833211,
    189.19906819849));
#4610 = CARTESIAN_POINT('',(-20.96779853022,47.970048263734,
    191.30036260916));
#4611 = CARTESIAN_POINT('',(-21.30099993866,40.047916124451,
    193.3999608241));
#4612 = CARTESIAN_POINT('',(-18.7938526468,33.159598258796,
    195.50000143012));
#4613 = DEFINITIONAL_REPRESENTATION('',(#4614),#4618);
#4614 = LINE('',#4615,#4616);
#4615 = CARTESIAN_POINT('',(0.,0.));
#4616 = VECTOR('',#4617,1.);
#4617 = DIRECTION('',(0.,1.));
#4618 = ( GEOMETRIC_REPRESENTATION_CONTEXT(2) 
PARAMETRIC_REPRESENTATION_CONTEXT() REPRESENTATION_CONTEXT('2D SPACE',''
  ) );
#4619 = ORIENTED_EDGE('',*,*,#4620,.F.);
#4620 = EDGE_CURVE('',#86,#4549,#4621,.T.);
#4621 = SURFACE_CURVE('',#4622,(#4625,#4632),.PCURVE_S1.);
#4622 = B_SPLINE_CURVE_WITH_KNOTS('',1,(#4623,#4624),.UNSPECIFIED.,.F.,
  .F.,(2,2),(0.,12.839003076563),.PIECEWISE_BEZIER_KNOTS.);
#4623 = CARTESIAN_POINT('',(-6.765787132037,37.537454871612,
    191.49999999888));
#4624 = CARTESIAN_POINT('',(-18.79385296202,33.159598144066,
    192.50000143012));
#4625 = PCURVE('',#195,#4626);
#4626 = DEFINITIONAL_REPRESENTATION('',(#4627),#4631);
#4627 = LINE('',#4628,#4629);
#4628 = CARTESIAN_POINT('',(0.,38.371408045689));
#4629 = VECTOR('',#4630,1.);
#4630 = DIRECTION('',(1.,0.));
#4631 = ( GEOMETRIC_REPRESENTATION_CONTEXT(2) 
PARAMETRIC_REPRESENTATION_CONTEXT() REPRESENTATION_CONTEXT('2D SPACE',''
  ) );
#4632 = PCURVE('',#299,#4633);
#4633 = DEFINITIONAL_REPRESENTATION('',(#4634),#4637);
#4634 = B_SPLINE_CURVE_WITH_KNOTS('',1,(#4635,#4636),.UNSPECIFIED.,.F.,
  .F.,(2,2),(0.,12.839003076563),.PIECEWISE_BEZIER_KNOTS.);
#4635 = CARTESIAN_POINT('',(6.01992971448,2.500000673126));
#4636 = CARTESIAN_POINT('',(-6.780070173704,1.499999241878));
#4637 = ( GEOMETRIC_REPRESENTATION_CONTEXT(2) 
PARAMETRIC_REPRESENTATION_CONTEXT() REPRESENTATION_CONTEXT('2D SPACE',''
  ) );
#4638 = ORIENTED_EDGE('',*,*,#85,.F.);
#4639 = ORIENTED_EDGE('',*,*,#4391,.F.);
#4640 = ORIENTED_EDGE('',*,*,#4180,.T.);
#4641 = ADVANCED_FACE('',(#4642),#299,.F.);
#4642 = FACE_BOUND('',#4643,.F.);
#4643 = EDGE_LOOP('',(#4644,#4645,#4646,#4667));
#4644 = ORIENTED_EDGE('',*,*,#284,.T.);
#4645 = ORIENTED_EDGE('',*,*,#4620,.T.);
#4646 = ORIENTED_EDGE('',*,*,#4647,.T.);
#4647 = EDGE_CURVE('',#4549,#4648,#4650,.T.);
#4648 = VERTEX_POINT('',#4649);
#4649 = CARTESIAN_POINT('',(-18.7938526468,33.159598258796,
    195.50000143012));
#4650 = SURFACE_CURVE('',#4651,(#4654,#4660),.PCURVE_S1.);
#4651 = B_SPLINE_CURVE_WITH_KNOTS('',1,(#4652,#4653),.UNSPECIFIED.,.F.,
  .F.,(2,2),(0.,3.),.PIECEWISE_BEZIER_KNOTS.);
#4652 = CARTESIAN_POINT('',(-18.79385296202,33.159598144066,
    192.50000143012));
#4653 = CARTESIAN_POINT('',(-18.7938526468,33.159598258796,
    195.50000143012));
#4654 = PCURVE('',#299,#4655);
#4655 = DEFINITIONAL_REPRESENTATION('',(#4656),#4659);
#4656 = B_SPLINE_CURVE_WITH_KNOTS('',1,(#4657,#4658),.UNSPECIFIED.,.F.,
  .F.,(2,2),(0.,3.),.PIECEWISE_BEZIER_KNOTS.);
#4657 = CARTESIAN_POINT('',(-6.780070173704,1.499999241878));
#4658 = CARTESIAN_POINT('',(-6.780069838255,-1.500000758122));
#4659 = ( GEOMETRIC_REPRESENTATION_CONTEXT(2) 
PARAMETRIC_REPRESENTATION_CONTEXT() REPRESENTATION_CONTEXT('2D SPACE',''
  ) );
#4660 = PCURVE('',#4578,#4661);
#4661 = DEFINITIONAL_REPRESENTATION('',(#4662),#4666);
#4662 = LINE('',#4663,#4664);
#4663 = CARTESIAN_POINT('',(0.,38.371408045689));
#4664 = VECTOR('',#4665,1.);
#4665 = DIRECTION('',(1.,0.));
#4666 = ( GEOMETRIC_REPRESENTATION_CONTEXT(2) 
PARAMETRIC_REPRESENTATION_CONTEXT() REPRESENTATION_CONTEXT('2D SPACE',''
  ) );
#4667 = ORIENTED_EDGE('',*,*,#4668,.T.);
#4668 = EDGE_CURVE('',#4648,#285,#4669,.T.);
#4669 = SURFACE_CURVE('',#4670,(#4673,#4679),.PCURVE_S1.);
#4670 = B_SPLINE_CURVE_WITH_KNOTS('',1,(#4671,#4672),.UNSPECIFIED.,.F.,
  .F.,(2,2),(0.,12.839003076563),.PIECEWISE_BEZIER_KNOTS.);
#4671 = CARTESIAN_POINT('',(-18.7938526468,33.159598258796,
    195.50000143012));
#4672 = CARTESIAN_POINT('',(-6.765786606672,37.537455062829,
    196.49999999888));
#4673 = PCURVE('',#299,#4674);
#4674 = DEFINITIONAL_REPRESENTATION('',(#4675),#4678);
#4675 = B_SPLINE_CURVE_WITH_KNOTS('',1,(#4676,#4677),.UNSPECIFIED.,.F.,
  .F.,(2,2),(0.,12.839003076563),.PIECEWISE_BEZIER_KNOTS.);
#4676 = CARTESIAN_POINT('',(-6.780069838255,-1.500000758122));
#4677 = CARTESIAN_POINT('',(6.019930273561,-2.499999326874));
#4678 = ( GEOMETRIC_REPRESENTATION_CONTEXT(2) 
PARAMETRIC_REPRESENTATION_CONTEXT() REPRESENTATION_CONTEXT('2D SPACE',''
  ) );
#4679 = PCURVE('',#408,#4680);
#4680 = DEFINITIONAL_REPRESENTATION('',(#4681),#4685);
#4681 = LINE('',#4682,#4683);
#4682 = CARTESIAN_POINT('',(0.,38.371408045689));
#4683 = VECTOR('',#4684,1.);
#4684 = DIRECTION('',(1.,0.));
#4685 = ( GEOMETRIC_REPRESENTATION_CONTEXT(2) 
PARAMETRIC_REPRESENTATION_CONTEXT() REPRESENTATION_CONTEXT('2D SPACE',''
  ) );
#4686 = ADVANCED_FACE('',(#4687),#408,.F.);
#4687 = FACE_BOUND('',#4688,.F.);
#4688 = EDGE_LOOP('',(#4689,#4726,#4747,#4782,#4783,#4906,#4907));
#4689 = ORIENTED_EDGE('',*,*,#4690,.F.);
#4690 = EDGE_CURVE('',#4691,#4648,#4693,.T.);
#4691 = VERTEX_POINT('',#4692);
#4692 = CARTESIAN_POINT('',(-19.98781654038,39.30201006595,157.7));
#4693 = SURFACE_CURVE('',#4694,(#4712,#4719),.PCURVE_S1.);
#4694 = B_SPLINE_CURVE_WITH_KNOTS('',9,(#4695,#4696,#4697,#4698,#4699,
    #4700,#4701,#4702,#4703,#4704,#4705,#4706,#4707,#4708,#4709,#4710,
    #4711),.UNSPECIFIED.,.F.,.F.,(10,7,10),(0.,19.185704022845,
    38.371408045689),.UNSPECIFIED.);
#4695 = CARTESIAN_POINT('',(-19.98781654038,39.30201006595,157.7));
#4696 = CARTESIAN_POINT('',(-19.73198463801,31.976079367463,
    159.80004060598));
#4697 = CARTESIAN_POINT('',(-16.45545749581,24.755626247556,
    161.89963882102));
#4698 = CARTESIAN_POINT('',(-10.20787211208,19.064783376126,
    164.00093323158));
#4699 = CARTESIAN_POINT('',(-1.821632772579,16.295802312157,
    166.09878694114));
#4700 = CARTESIAN_POINT('',(7.107137339412,17.313603549612,
    168.20085009548));
#4701 = CARTESIAN_POINT('',(14.65572426025,21.897383903903,
    170.29973395511));
#4702 = CARTESIAN_POINT('',(19.462916295262,28.848042518379,
    172.40000377676));
#4703 = CARTESIAN_POINT('',(22.599575549049,44.392911728792,
    176.60000071506));
#4704 = CARTESIAN_POINT('',(13.868106644796,57.630851176354,
    180.79999765336));
#4705 = CARTESIAN_POINT('',(6.807234912472,62.274590585913,
    182.90026747499));
#4706 = CARTESIAN_POINT('',(-1.909006391647,63.696804601663,
    184.99915133465));
#4707 = CARTESIAN_POINT('',(-10.56849119401,61.295829497213,
    187.10121448899));
#4708 = CARTESIAN_POINT('',(-17.30724103234,55.586785833211,
    189.19906819849));
#4709 = CARTESIAN_POINT('',(-20.96779853022,47.970048263734,
    191.30036260916));
#4710 = CARTESIAN_POINT('',(-21.30099993866,40.047916124451,
    193.3999608241));
#4711 = CARTESIAN_POINT('',(-18.7938526468,33.159598258796,
    195.50000143012));
#4712 = PCURVE('',#408,#4713);
#4713 = DEFINITIONAL_REPRESENTATION('',(#4714),#4718);
#4714 = LINE('',#4715,#4716);
#4715 = CARTESIAN_POINT('',(0.,0.));
#4716 = VECTOR('',#4717,1.);
#4717 = DIRECTION('',(0.,1.));
#4718 = ( GEOMETRIC_REPRESENTATION_CONTEXT(2) 
PARAMETRIC_REPRESENTATION_CONTEXT() REPRESENTATION_CONTEXT('2D SPACE',''
  ) );
#4719 = PCURVE('',#4578,#4720);
#4720 = DEFINITIONAL_REPRESENTATION('',(#4721),#4725);
#4721 = LINE('',#4722,#4723);
#4722 = CARTESIAN_POINT('',(3.,0.));
#4723 = VECTOR('',#4724,1.);
#4724 = DIRECTION('',(0.,1.));
#4725 = ( GEOMETRIC_REPRESENTATION_CONTEXT(2) 
PARAMETRIC_REPRESENTATION_CONTEXT() REPRESENTATION_CONTEXT('2D SPACE',''
  ) );
#4726 = ORIENTED_EDGE('',*,*,#4727,.T.);
#4727 = EDGE_CURVE('',#4691,#4728,#4730,.T.);
#4728 = VERTEX_POINT('',#4729);
#4729 = CARTESIAN_POINT('',(-7.195613954537,39.748723623742,158.7));
#4730 = SURFACE_CURVE('',#4731,(#4734,#4741),.PCURVE_S1.);
#4731 = B_SPLINE_CURVE_WITH_KNOTS('',1,(#4732,#4733),.UNSPECIFIED.,.F.,
  .F.,(2,2),(0.,12.839003076563),.PIECEWISE_BEZIER_KNOTS.);
#4732 = CARTESIAN_POINT('',(-19.98781654038,39.30201006595,157.7));
#4733 = CARTESIAN_POINT('',(-7.195613954537,39.748723623742,158.7));
#4734 = PCURVE('',#408,#4735);
#4735 = DEFINITIONAL_REPRESENTATION('',(#4736),#4740);
#4736 = LINE('',#4737,#4738);
#4737 = CARTESIAN_POINT('',(0.,0.));
#4738 = VECTOR('',#4739,1.);
#4739 = DIRECTION('',(1.,0.));
#4740 = ( GEOMETRIC_REPRESENTATION_CONTEXT(2) 
PARAMETRIC_REPRESENTATION_CONTEXT() REPRESENTATION_CONTEXT('2D SPACE',''
  ) );
#4741 = PCURVE('',#4537,#4742);
#4742 = DEFINITIONAL_REPRESENTATION('',(#4743),#4746);
#4743 = B_SPLINE_CURVE_WITH_KNOTS('',1,(#4744,#4745),.UNSPECIFIED.,.F.,
  .F.,(2,2),(0.,12.839003076563),.PIECEWISE_BEZIER_KNOTS.);
#4744 = CARTESIAN_POINT('',(-1.5,6.78007000598));
#4745 = CARTESIAN_POINT('',(-2.5,-6.01992999402));
#4746 = ( GEOMETRIC_REPRESENTATION_CONTEXT(2) 
PARAMETRIC_REPRESENTATION_CONTEXT() REPRESENTATION_CONTEXT('2D SPACE',''
  ) );
#4747 = ORIENTED_EDGE('',*,*,#4748,.T.);
#4748 = EDGE_CURVE('',#4728,#4059,#4749,.T.);
#4749 = SURFACE_CURVE('',#4750,(#4768,#4775),.PCURVE_S1.);
#4750 = B_SPLINE_CURVE_WITH_KNOTS('',9,(#4751,#4752,#4753,#4754,#4755,
    #4756,#4757,#4758,#4759,#4760,#4761,#4762,#4763,#4764,#4765,#4766,
    #4767),.UNSPECIFIED.,.F.,.F.,(10,7,10),(0.,19.185704022845,
    38.371408045689),.UNSPECIFIED.);
#4751 = CARTESIAN_POINT('',(-7.195613954537,39.748723623742,158.7));
#4752 = CARTESIAN_POINT('',(-7.103508422411,37.111393703109,
    160.79999996825));
#4753 = CARTESIAN_POINT('',(-5.924017814042,34.512039513403,
    162.90000028235));
#4754 = CARTESIAN_POINT('',(-3.674689552579,32.46325844158,
    164.99999927044));
#4755 = CARTESIAN_POINT('',(-0.655982401801,31.466574519741,
    167.10000094832));
#4756 = CARTESIAN_POINT('',(2.558705726603,31.832845286482,
    169.19999933542));
#4757 = CARTESIAN_POINT('',(5.27602161409,33.483072182276,
    171.30000020798));
#4758 = CARTESIAN_POINT('',(7.00664943849,35.985294921881,
    173.39999999704));
#4759 = CARTESIAN_POINT('',(8.135846881286,41.58144828832,
    177.59999999944));
#4760 = CARTESIAN_POINT('',(4.992518395797,46.347107256169,
    181.80000000183));
#4761 = CARTESIAN_POINT('',(2.450628065458,48.018833844276,
    183.89999979084));
#4762 = CARTESIAN_POINT('',(-0.687341101703,48.530901154666,
    186.00000066362));
#4763 = CARTESIAN_POINT('',(-3.804485680469,47.666444266594,
    188.09999905032));
#4764 = CARTESIAN_POINT('',(-6.230755112186,45.611259156893,
    190.20000072862));
#4765 = CARTESIAN_POINT('',(-7.548349109972,42.869226776686,
    192.29999971646));
#4766 = CARTESIAN_POINT('',(-7.668363938752,40.017242694651,
    194.40000003062));
#4767 = CARTESIAN_POINT('',(-6.765786606672,37.537455062829,
    196.49999999888));
#4768 = PCURVE('',#408,#4769);
#4769 = DEFINITIONAL_REPRESENTATION('',(#4770),#4774);
#4770 = LINE('',#4771,#4772);
#4771 = CARTESIAN_POINT('',(12.839003076563,0.));
#4772 = VECTOR('',#4773,1.);
#4773 = DIRECTION('',(0.,1.));
#4774 = ( GEOMETRIC_REPRESENTATION_CONTEXT(2) 
PARAMETRIC_REPRESENTATION_CONTEXT() REPRESENTATION_CONTEXT('2D SPACE',''
  ) );
#4775 = PCURVE('',#4133,#4776);
#4776 = DEFINITIONAL_REPRESENTATION('',(#4777),#4781);
#4777 = LINE('',#4778,#4779);
#4778 = CARTESIAN_POINT('',(0.,0.));
#4779 = VECTOR('',#4780,1.);
#4780 = DIRECTION('',(0.,1.));
#4781 = ( GEOMETRIC_REPRESENTATION_CONTEXT(2) 
PARAMETRIC_REPRESENTATION_CONTEXT() REPRESENTATION_CONTEXT('2D SPACE',''
  ) );
#4782 = ORIENTED_EDGE('',*,*,#4058,.T.);
#4783 = ORIENTED_EDGE('',*,*,#4784,.T.);
#4784 = EDGE_CURVE('',#4035,#311,#4785,.T.);
#4785 = SURFACE_CURVE('',#4786,(#4824,#4865),.PCURVE_S1.);
#4786 = B_SPLINE_CURVE_WITH_KNOTS('',6,(#4787,#4788,#4789,#4790,#4791,
    #4792,#4793,#4794,#4795,#4796,#4797,#4798,#4799,#4800,#4801,#4802,
    #4803,#4804,#4805,#4806,#4807,#4808,#4809,#4810,#4811,#4812,#4813,
    #4814,#4815,#4816,#4817,#4818,#4819,#4820,#4821,#4822,#4823),
  .UNSPECIFIED.,.F.,.F.,(7,5,5,5,5,5,5,7),(0.,7.423664010686E-02,
    0.193906335372,0.353344255286,0.536761383993,0.722392306505,
    0.910400786194,1.),.UNSPECIFIED.);
#4787 = CARTESIAN_POINT('',(-7.961477903317,39.215863790532,158.9999994)
  );
#4788 = CARTESIAN_POINT('',(-7.931951386735,38.916075684319,
    159.21574569107));
#4789 = CARTESIAN_POINT('',(-7.888878601031,38.617621014685,
    159.43149255358));
#4790 = CARTESIAN_POINT('',(-7.83233510231,38.32126668181,
    159.64723885182));
#4791 = CARTESIAN_POINT('',(-7.76245389736,38.027771211185,
    159.86298519857));
#4792 = CARTESIAN_POINT('',(-7.679424575069,37.737880918016,
    160.07873219496));
#4793 = CARTESIAN_POINT('',(-7.428849533565,36.992010769097,
    160.64226266133));
#4794 = CARTESIAN_POINT('',(-7.240674368957,36.542951963327,
    160.9900525296));
#4795 = CARTESIAN_POINT('',(-7.019998223403,36.108218904261,
    161.33783544965));
#4796 = CARTESIAN_POINT('',(-6.768215635404,35.69073032922,
    161.68561820506));
#4797 = CARTESIAN_POINT('',(-6.487063023288,35.293215623978,
    162.0334076619));
#4798 = CARTESIAN_POINT('',(-5.76762331427,34.418504450634,
    162.84454907461));
#4799 = CARTESIAN_POINT('',(-5.308135993703,33.958689024227,
    163.30793153206));
#4800 = CARTESIAN_POINT('',(-4.805013916728,33.544680450558,
    163.77128500552));
#4801 = CARTESIAN_POINT('',(-4.264043986485,33.181519790233,
    164.23463872616));
#4802 = CARTESIAN_POINT('',(-3.691715527888,32.873303279425,
    164.69802162111));
#4803 = CARTESIAN_POINT('',(-2.408815494966,32.335044035645,
    165.69442638096));
#4804 = CARTESIAN_POINT('',(-1.690290455164,32.123685171584,
    166.22752267665));
#4805 = CARTESIAN_POINT('',(-0.950381539634,31.993493008117,
    166.76056053328));
#4806 = CARTESIAN_POINT('',(-0.200554506944,31.946851718775,
    167.29359819022));
#4807 = CARTESIAN_POINT('',(0.547484590421,31.984128028661,
    167.82669424707));
#4808 = CARTESIAN_POINT('',(2.025656928973,32.224132883494,
    168.89922079499));
#4809 = CARTESIAN_POINT('',(2.755610348483,32.428876564078,
    169.43875368403));
#4810 = CARTESIAN_POINT('',(3.459960373579,32.715717446221,
    169.97822463234));
#4811 = CARTESIAN_POINT('',(4.127323382945,33.080426419234,
    170.51769574318));
#4812 = CARTESIAN_POINT('',(4.747229633502,33.51685215819,
    171.05722877027));
#4813 = CARTESIAN_POINT('',(5.881150661416,34.523314005817,
    172.14309870089));
#4814 = CARTESIAN_POINT('',(6.393824498075,35.09509368087,
    172.68954433845));
#4815 = CARTESIAN_POINT('',(6.839108177735,35.723834428873,
    173.23592365394));
#4816 = CARTESIAN_POINT('',(7.209389301307,36.399471397763,
    173.7823027532));
#4817 = CARTESIAN_POINT('',(7.49895151427,37.110752904001,
    174.32874842577));
#4818 = CARTESIAN_POINT('',(7.802331372519,38.195612691228,
    175.13553108297));
#4819 = CARTESIAN_POINT('',(7.881153426799,38.551098203746,
    175.39592551179));
#4820 = CARTESIAN_POINT('',(7.940515133114,38.91061970517,175.6563184166
    ));
#4821 = CARTESIAN_POINT('',(7.980171695093,39.272844490476,
    175.91671138937));
#4822 = CARTESIAN_POINT('',(7.999999999997,39.636423192852,
    176.17710599273));
#4823 = CARTESIAN_POINT('',(8.,40.,176.43749915566));
#4824 = PCURVE('',#408,#4825);
#4825 = DEFINITIONAL_REPRESENTATION('',(#4826),#4864);
#4826 = B_SPLINE_CURVE_WITH_KNOTS('',6,(#4827,#4828,#4829,#4830,#4831,
    #4832,#4833,#4834,#4835,#4836,#4837,#4838,#4839,#4840,#4841,#4842,
    #4843,#4844,#4845,#4846,#4847,#4848,#4849,#4850,#4851,#4852,#4853,
    #4854,#4855,#4856,#4857,#4858,#4859,#4860,#4861,#4862,#4863),
  .UNSPECIFIED.,.F.,.F.,(7,5,5,5,5,5,5,7),(0.,7.423664010686E-02,
    0.193906335372,0.353344255286,0.536761383993,0.722392306505,
    0.910400786194,1.),.UNSPECIFIED.);
#4827 = CARTESIAN_POINT('',(12.036564836869,0.367979063349));
#4828 = CARTESIAN_POINT('',(12.036564877496,0.586986755957));
#4829 = CARTESIAN_POINT('',(12.036565303869,0.805995142716));
#4830 = CARTESIAN_POINT('',(12.036565780837,1.025002982231));
#4831 = CARTESIAN_POINT('',(12.036566131628,1.24401085168));
#4832 = CARTESIAN_POINT('',(12.036566298332,1.463019343668));
#4833 = CARTESIAN_POINT('',(12.036566308883,2.035068711912));
#4834 = CARTESIAN_POINT('',(12.036565875309,2.388116011827));
#4835 = CARTESIAN_POINT('',(12.03656511868,2.741156123172));
#4836 = CARTESIAN_POINT('',(12.036564416629,3.09419597437));
#4837 = CARTESIAN_POINT('',(12.036564091174,3.447242596722));
#4838 = CARTESIAN_POINT('',(12.036564094278,4.27064518955));
#4839 = CARTESIAN_POINT('',(12.036564692988,4.741032128846));
#4840 = CARTESIAN_POINT('',(12.036565950664,5.21138975753));
#4841 = CARTESIAN_POINT('',(12.036567121052,5.681747812538));
#4842 = CARTESIAN_POINT('',(12.036567657428,6.152135619783));
#4843 = CARTESIAN_POINT('',(12.036567475,7.163603082478));
#4844 = CARTESIAN_POINT('',(12.036566558774,7.704758316187));
#4845 = CARTESIAN_POINT('',(12.03656473692,8.245854224496));
#4846 = CARTESIAN_POINT('',(12.036562982206,8.786949757626));
#4847 = CARTESIAN_POINT('',(12.036562179101,9.328104370838));
#4848 = CARTESIAN_POINT('',(12.036562333096,10.416843523961));
#4849 = CARTESIAN_POINT('',(12.036563311187,10.964532007113));
#4850 = CARTESIAN_POINT('',(12.03656523723,11.512157544346));
#4851 = CARTESIAN_POINT('',(12.036567145824,12.059783368067));
#4852 = CARTESIAN_POINT('',(12.036568064231,12.607472271044));
#4853 = CARTESIAN_POINT('',(12.036568101757,13.709757151004));
#4854 = CARTESIAN_POINT('',(12.036567202505,14.264463509348));
#4855 = CARTESIAN_POINT('',(12.036565314471,14.819102682299));
#4856 = CARTESIAN_POINT('',(12.036563595759,15.373741548954));
#4857 = CARTESIAN_POINT('',(12.036562983838,15.928447728721));
#4858 = CARTESIAN_POINT('',(12.036563097544,16.747426093299));
#4859 = CARTESIAN_POINT('',(12.036563293435,17.011756726771));
#4860 = CARTESIAN_POINT('',(12.036563620179,17.276085779735));
#4861 = CARTESIAN_POINT('',(12.036563990861,17.540414888739));
#4862 = CARTESIAN_POINT('',(12.036564317177,17.804745663674));
#4863 = CARTESIAN_POINT('',(12.036564566613,18.069075003589));
#4864 = ( GEOMETRIC_REPRESENTATION_CONTEXT(2) 
PARAMETRIC_REPRESENTATION_CONTEXT() REPRESENTATION_CONTEXT('2D SPACE',''
  ) );
#4865 = PCURVE('',#507,#4866);
#4866 = DEFINITIONAL_REPRESENTATION('',(#4867),#4905);
#4867 = B_SPLINE_CURVE_WITH_KNOTS('',6,(#4868,#4869,#4870,#4871,#4872,
    #4873,#4874,#4875,#4876,#4877,#4878,#4879,#4880,#4881,#4882,#4883,
    #4884,#4885,#4886,#4887,#4888,#4889,#4890,#4891,#4892,#4893,#4894,
    #4895,#4896,#4897,#4898,#4899,#4900,#4901,#4902,#4903,#4904),
  .UNSPECIFIED.,.F.,.F.,(7,5,5,5,5,5,5,7),(0.,7.423664010686E-02,
    0.193906335372,0.353344255286,0.536761383993,0.722392306505,
    0.910400786194,1.),.UNSPECIFIED.);
#4868 = CARTESIAN_POINT('',(-3.239767309316,6.000000141171E-07));
#4869 = CARTESIAN_POINT('',(-3.277422140474,-0.215745691078));
#4870 = CARTESIAN_POINT('',(-3.315077065392,-0.431492553586));
#4871 = CARTESIAN_POINT('',(-3.352731860023,-0.647238851824));
#4872 = CARTESIAN_POINT('',(-3.390386637303,-0.86298519857));
#4873 = CARTESIAN_POINT('',(-3.42804152011,-1.078732194963));
#4874 = CARTESIAN_POINT('',(-3.526395959708,-1.642262661334));
#4875 = CARTESIAN_POINT('',(-3.587096635996,-1.9900525296));
#4876 = CARTESIAN_POINT('',(-3.647796165066,-2.33783544965));
#4877 = CARTESIAN_POINT('',(-3.708495743454,-2.685618205061));
#4878 = CARTESIAN_POINT('',(-3.769196549911,-3.033407661909));
#4879 = CARTESIAN_POINT('',(-3.910767707576,-3.844549074619));
#4880 = CARTESIAN_POINT('',(-3.991643402045,-4.307931532064));
#4881 = CARTESIAN_POINT('',(-4.072514005409,-4.771285005519));
#4882 = CARTESIAN_POINT('',(-4.153384537484,-5.23463872617));
#4883 = CARTESIAN_POINT('',(-4.234260085907,-5.698021621115));
#4884 = CARTESIAN_POINT('',(-4.40816539006,-6.69442638096));
#4885 = CARTESIAN_POINT('',(-4.501208124484,-7.227522676659));
#4886 = CARTESIAN_POINT('',(-4.594240670103,-7.760560533288));
#4887 = CARTESIAN_POINT('',(-4.687273275369,-8.293598190227));
#4888 = CARTESIAN_POINT('',(-4.780316109793,-8.826694247077));
#4889 = CARTESIAN_POINT('',(-4.967507346934,-9.899220794997));
#4890 = CARTESIAN_POINT('',(-5.061673621152,-10.43875368403));
#4891 = CARTESIAN_POINT('',(-5.155829044694,-10.97822463234));
#4892 = CARTESIAN_POINT('',(-5.249984421296,-11.51769574318));
#4893 = CARTESIAN_POINT('',(-5.344150631115,-12.05722877027));
#4894 = CARTESIAN_POINT('',(-5.533670680693,-13.14309870089));
#4895 = CARTESIAN_POINT('',(-5.629043500031,-13.68954433845));
#4896 = CARTESIAN_POINT('',(-5.724404853269,-14.23592365394));
#4897 = CARTESIAN_POINT('',(-5.819766274488,-14.7823027532));
#4898 = CARTESIAN_POINT('',(-5.915139191639,-15.32874842577));
#4899 = CARTESIAN_POINT('',(-6.055949352867,-16.13553108297));
#4900 = CARTESIAN_POINT('',(-6.10139673062,-16.39592551179));
#4901 = CARTESIAN_POINT('',(-6.146843806438,-16.6563184166));
#4902 = CARTESIAN_POINT('',(-6.192290867924,-16.91671138937));
#4903 = CARTESIAN_POINT('',(-6.237738206286,-17.17710599273));
#4904 = CARTESIAN_POINT('',(-6.28318530718,-17.43749915566));
#4905 = ( GEOMETRIC_REPRESENTATION_CONTEXT(2) 
PARAMETRIC_REPRESENTATION_CONTEXT() REPRESENTATION_CONTEXT('2D SPACE',''
  ) );
#4906 = ORIENTED_EDGE('',*,*,#310,.T.);
#4907 = ORIENTED_EDGE('',*,*,#4668,.F.);
#4908 = ADVANCED_FACE('',(#4909),#507,.T.);
#4909 = FACE_BOUND('',#4910,.F.);
#4910 = EDGE_LOOP('',(#4911,#4912,#5146,#5147));
#4911 = ORIENTED_EDGE('',*,*,#4034,.F.);
#4912 = ORIENTED_EDGE('',*,*,#4913,.T.);
#4913 = EDGE_CURVE('',#4004,#492,#4914,.T.);
#4914 = SURFACE_CURVE('',#4915,(#4990,#5068),.PCURVE_S1.);
#4915 = B_SPLINE_CURVE_WITH_KNOTS('',7,(#4916,#4917,#4918,#4919,#4920,
    #4921,#4922,#4923,#4924,#4925,#4926,#4927,#4928,#4929,#4930,#4931,
    #4932,#4933,#4934,#4935,#4936,#4937,#4938,#4939,#4940,#4941,#4942,
    #4943,#4944,#4945,#4946,#4947,#4948,#4949,#4950,#4951,#4952,#4953,
    #4954,#4955,#4956,#4957,#4958,#4959,#4960,#4961,#4962,#4963,#4964,
    #4965,#4966,#4967,#4968,#4969,#4970,#4971,#4972,#4973,#4974,#4975,
    #4976,#4977,#4978,#4979,#4980,#4981,#4982,#4983,#4984,#4985,#4986,
    #4987,#4988,#4989),.UNSPECIFIED.,.F.,.F.,(8,6,6,6,6,6,6,6,6,6,6,6,8)
  ,(0.,1.736945089677E-02,0.105078683044,0.243594232685,0.353524399835,
    0.445049263135,0.536574140386,0.643848302204,0.751012188098,
    0.797663275039,0.854557812639,0.945679463968,1.),.UNSPECIFIED.);
#4916 = CARTESIAN_POINT('',(4.659823116275,46.50277237223,158.9999994));
#4917 = CARTESIAN_POINT('',(4.573755079594,46.564447885985,
    159.07583369941));
#4918 = CARTESIAN_POINT('',(4.486734661108,46.624794390625,
    159.15166800489));
#4919 = CARTESIAN_POINT('',(4.398786510954,46.683794222198,
    159.22750231453));
#4920 = CARTESIAN_POINT('',(4.309935662284,46.741430305204,
    159.30333662563));
#4921 = CARTESIAN_POINT('',(4.220207531268,46.797686152591,
    159.37917093472));
#4922 = CARTESIAN_POINT('',(4.129627917094,46.852545865757,
    159.45500523754));
#4923 = CARTESIAN_POINT('',(3.576662359192,47.175887906267,
    159.91377434466));
#4924 = CARTESIAN_POINT('',(3.094039038815,47.409802470058,
    160.29672387941));
#4925 = CARTESIAN_POINT('',(2.59374980225,47.605745115743,
    160.67966253349));
#4926 = CARTESIAN_POINT('',(2.079391410775,47.762153574034,
    161.06259428333));
#4927 = CARTESIAN_POINT('',(1.554712147706,47.877888055314,
    161.44553297111));
#4928 = CARTESIAN_POINT('',(1.023569637808,47.952244079102,
    161.82848258523));
#4929 = CARTESIAN_POINT('',(-0.352915296328,48.036694199522,
    162.81617079755));
#4930 = CARTESIAN_POINT('',(-1.202294104331,47.984630160777,
    163.421068687));
#4931 = CARTESIAN_POINT('',(-2.042549417551,47.82774208126,
    164.02585227934));
#4932 = CARTESIAN_POINT('',(-2.858214997473,47.568101431091,
    164.63058296923));
#4933 = CARTESIAN_POINT('',(-3.634547833213,47.210401556456,
    165.23536684163));
#4934 = CARTESIAN_POINT('',(-4.357730808205,46.761892113925,
    165.84026488814));
#4935 = CARTESIAN_POINT('',(-5.537646670994,45.812362144879,
    166.92496870149));
#4936 = CARTESIAN_POINT('',(-6.018716285584,45.34115991639,
    167.4049647806));
#4937 = CARTESIAN_POINT('',(-6.45269067448,44.823763932037,
    167.88492545564));
#4938 = CARTESIAN_POINT('',(-6.834332535739,44.265889725622,
    168.36486747092));
#4939 = CARTESIAN_POINT('',(-7.159282362807,43.673909602229,
    168.84482796938));
#4940 = CARTESIAN_POINT('',(-7.424111025053,43.054776589097,
    169.32482393252));
#4941 = CARTESIAN_POINT('',(-7.794978807226,41.884038386169,
    170.20436832426));
#4942 = CARTESIAN_POINT('',(-7.920201065939,41.338415968823,
    170.60398053035));
#4943 = CARTESIAN_POINT('',(-8.000793963996,40.783327217383,
    171.0035794919));
#4944 = CARTESIAN_POINT('',(-8.03595091728,40.223156156286,
    171.40317008978));
#4945 = CARTESIAN_POINT('',(-8.025392988259,39.662346827516,
    171.80276913139));
#4946 = CARTESIAN_POINT('',(-7.969372316578,39.105349232592,
    172.20238121453));
#4947 = CARTESIAN_POINT('',(-7.768035789632,38.007786361417,
    173.00156897515));
#4948 = CARTESIAN_POINT('',(-7.62271063416,37.467170481163,
    173.40118102094));
#4949 = CARTESIAN_POINT('',(-7.433529819508,36.939127445489,
    173.80078004926));
#4950 = CARTESIAN_POINT('',(-7.201837090653,36.427906978157,
    174.20037065449));
#4951 = CARTESIAN_POINT('',(-6.929470582883,35.937564760095,
    174.59996963272));
#4952 = CARTESIAN_POINT('',(-6.618740437078,35.471913167045,
    174.99958188148));
#4953 = CARTESIAN_POINT('',(-5.866532351004,34.521729805189,
    175.86753033785));
#4954 = CARTESIAN_POINT('',(-5.411699151998,34.047664929003,
    176.33592480899));
#4955 = CARTESIAN_POINT('',(-4.912412088565,33.61795299216,
    176.80428928318));
#4956 = CARTESIAN_POINT('',(-4.373915237885,33.237516624599,
    177.2726348946));
#4957 = CARTESIAN_POINT('',(-3.802076076207,32.910500957104,
    177.74099960368));
#4958 = CARTESIAN_POINT('',(-3.203286094355,32.64020353232,
    178.20939425735));
#4959 = CARTESIAN_POINT('',(-1.966156468318,32.217905435079,
    179.14562206631));
#4960 = CARTESIAN_POINT('',(-1.327750530977,32.065746713748,
    179.61353527962));
#4961 = CARTESIAN_POINT('',(-0.6760101059,31.974818547208,
    180.08141897043));
#4962 = CARTESIAN_POINT('',(-1.79866660577E-02,31.946416692964,
    180.54928381615));
#4963 = CARTESIAN_POINT('',(0.639165060289,31.980850052103,
    181.01716735217));
#4964 = CARTESIAN_POINT('',(1.288307770527,32.07743536466,
    181.48508044142));
#4965 = CARTESIAN_POINT('',(2.198492662803,32.302759867328,
    182.1566303366));
#4966 = CARTESIAN_POINT('',(2.471712468512,32.382548343087,
    182.36030772217));
#4967 = CARTESIAN_POINT('',(2.741527606957,32.473644393833,
    182.56398465314));
#4968 = CARTESIAN_POINT('',(3.007377302793,32.575871497024,
    182.76766129325));
#4969 = CARTESIAN_POINT('',(3.268713025834,32.689018718395,
    182.97133823017));
#4970 = CARTESIAN_POINT('',(3.525000232622,32.812841387077,
    183.17501563754));
#4971 = CARTESIAN_POINT('',(4.081492005541,33.110753705127,
    183.62709173679));
#4972 = CARTESIAN_POINT('',(4.378986413066,33.289912608748,
    183.87549273507));
#4973 = CARTESIAN_POINT('',(4.66726106505,33.48403398994,184.12389251091
    ));
#4974 = CARTESIAN_POINT('',(4.945416082519,33.692544202466,
    184.37229150948));
#4975 = CARTESIAN_POINT('',(5.212598009354,33.914803475204,
    184.62069129604));
#4976 = CARTESIAN_POINT('',(5.468003848588,34.150108941858,
    184.86909230989));
#4977 = CARTESIAN_POINT('',(6.099880976388,34.794232993229,
    185.51532515598));
#4978 = CARTESIAN_POINT('',(6.456772247393,35.222298049786,
    185.91317645674));
#4979 = CARTESIAN_POINT('',(6.778459196352,35.678743107741,
    186.31101449863));
#4980 = CARTESIAN_POINT('',(7.062274017265,36.160070728538,
    186.7088440317));
#4981 = CARTESIAN_POINT('',(7.305984453746,36.662495411626,
    187.1066818222));
#4982 = CARTESIAN_POINT('',(7.507821016853,37.181989579395,
    187.50453278712));
#4983 = CARTESIAN_POINT('',(7.761137967517,38.031652681208,
    188.13952715537));
#4984 = CARTESIAN_POINT('',(7.840423988829,38.353560051689,
    188.3766896543));
#4985 = CARTESIAN_POINT('',(7.904120182959,38.679146805136,
    188.61385121709));
#4986 = CARTESIAN_POINT('',(7.95202644854,39.007506104673,
    188.85101221691));
#4987 = CARTESIAN_POINT('',(7.984008812793,39.337719462191,
    189.08817390805));
#4988 = CARTESIAN_POINT('',(8.000000000004,39.668860714588,
    189.32533663534));
#4989 = CARTESIAN_POINT('',(8.,40.,189.56249804364));
#4990 = PCURVE('',#507,#4991);
#4991 = DEFINITIONAL_REPRESENTATION('',(#4992),#5067);
#4992 = B_SPLINE_CURVE_WITH_KNOTS('',7,(#4993,#4994,#4995,#4996,#4997,
    #4998,#4999,#5000,#5001,#5002,#5003,#5004,#5005,#5006,#5007,#5008,
    #5009,#5010,#5011,#5012,#5013,#5014,#5015,#5016,#5017,#5018,#5019,
    #5020,#5021,#5022,#5023,#5024,#5025,#5026,#5027,#5028,#5029,#5030,
    #5031,#5032,#5033,#5034,#5035,#5036,#5037,#5038,#5039,#5040,#5041,
    #5042,#5043,#5044,#5045,#5046,#5047,#5048,#5049,#5050,#5051,#5052,
    #5053,#5054,#5055,#5056,#5057,#5058,#5059,#5060,#5061,#5062,#5063,
    #5064,#5065,#5066),.UNSPECIFIED.,.F.,.F.,(8,6,6,6,6,6,6,6,6,6,6,6,8)
  ,(0.,1.736945089677E-02,0.105078683044,0.243594232685,0.353524399835,
    0.445049263135,0.536574140386,0.643848302204,0.751012188098,
    0.797663275039,0.854557812639,0.945679463968,1.),.UNSPECIFIED.);
#4993 = CARTESIAN_POINT('',(-0.949022543745,5.999999999062E-07));
#4994 = CARTESIAN_POINT('',(-0.962258134929,-7.583369941808E-02));
#4995 = CARTESIAN_POINT('',(-0.975493727486,-0.151668004895));
#4996 = CARTESIAN_POINT('',(-0.98872932105,-0.22750231453));
#4997 = CARTESIAN_POINT('',(-1.001964915117,-0.303336625633));
#4998 = CARTESIAN_POINT('',(-1.015200509046,-0.379170934726));
#4999 = CARTESIAN_POINT('',(-1.028436102062,-0.455005237543));
#5000 = CARTESIAN_POINT('',(-1.10850647964,-0.913774344662));
#5001 = CARTESIAN_POINT('',(-1.175343838917,-1.296723879414));
#5002 = CARTESIAN_POINT('',(-1.242179298943,-1.679662533496));
#5003 = CARTESIAN_POINT('',(-1.309013551222,-2.062594283336));
#5004 = CARTESIAN_POINT('',(-1.375849006553,-2.445532971116));
#5005 = CARTESIAN_POINT('',(-1.442686353403,-2.828482585234));
#5006 = CARTESIAN_POINT('',(-1.615070490069,-3.816170797552));
#5007 = CARTESIAN_POINT('',(-1.720645049246,-4.421068687003));
#5008 = CARTESIAN_POINT('',(-1.82619958729,-5.025852279341));
#5009 = CARTESIAN_POINT('',(-1.931744797926,-5.630582969231));
#5010 = CARTESIAN_POINT('',(-2.037299269555,-6.235366841632));
#5011 = CARTESIAN_POINT('',(-2.142873777555,-6.840264888141));
#5012 = CARTESIAN_POINT('',(-2.332190336416,-7.924968701497));
#5013 = CARTESIAN_POINT('',(-2.415965554071,-8.404964780602));
#5014 = CARTESIAN_POINT('',(-2.499734690222,-8.884925455649));
#5015 = CARTESIAN_POINT('',(-2.58350065371,-9.364867470923));
#5016 = CARTESIAN_POINT('',(-2.66726983217,-9.844827969383));
#5017 = CARTESIAN_POINT('',(-2.751045086459,-10.32482393252));
#5018 = CARTESIAN_POINT('',(-2.904554596122,-11.20436832426));
#5019 = CARTESIAN_POINT('',(-2.974300019663,-11.60398053035));
#5020 = CARTESIAN_POINT('',(-3.044043042901,-12.0035794919));
#5021 = CARTESIAN_POINT('',(-3.113784531591,-12.40317008978));
#5022 = CARTESIAN_POINT('',(-3.183527535715,-12.80276913139));
#5023 = CARTESIAN_POINT('',(-3.253272982053,-13.20238121453));
#5024 = CARTESIAN_POINT('',(-3.392757560797,-14.00156897515));
#5025 = CARTESIAN_POINT('',(-3.462503039903,-14.40118102094));
#5026 = CARTESIAN_POINT('',(-3.532246071884,-14.80078004926));
#5027 = CARTESIAN_POINT('',(-3.601987588537,-15.20037065449));
#5028 = CARTESIAN_POINT('',(-3.671730641447,-15.59996963272));
#5029 = CARTESIAN_POINT('',(-3.741476086372,-15.99958188148));
#5030 = CARTESIAN_POINT('',(-3.892961720277,-16.86753033785));
#5031 = CARTESIAN_POINT('',(-3.974712102589,-17.33592480899));
#5032 = CARTESIAN_POINT('',(-4.056457330803,-17.80428928318));
#5033 = CARTESIAN_POINT('',(-4.138199247708,-18.2726348946));
#5034 = CARTESIAN_POINT('',(-4.219944416985,-18.74099960368));
#5035 = CARTESIAN_POINT('',(-4.301694742105,-19.20939425735));
#5036 = CARTESIAN_POINT('',(-4.465097302641,-20.14562206631));
#5037 = CARTESIAN_POINT('',(-4.546763511142,-20.61353527962));
#5038 = CARTESIAN_POINT('',(-4.628424547091,-21.08141897043));
#5039 = CARTESIAN_POINT('',(-4.710082323876,-21.54928381615));
#5040 = CARTESIAN_POINT('',(-4.7917434083,-22.01716735217));
#5041 = CARTESIAN_POINT('',(-4.873409670212,-22.48508044142));
#5042 = CARTESIAN_POINT('',(-4.990617263131,-23.1566303366));
#5043 = CARTESIAN_POINT('',(-5.026165679936,-23.36030772217));
#5044 = CARTESIAN_POINT('',(-5.061714014588,-23.56398465314));
#5045 = CARTESIAN_POINT('',(-5.097262293713,-23.76766129325));
#5046 = CARTESIAN_POINT('',(-5.13281061839,-23.97133823017));
#5047 = CARTESIAN_POINT('',(-5.16835901827,-24.17501563754));
#5048 = CARTESIAN_POINT('',(-5.247261137476,-24.62709173679));
#5049 = CARTESIAN_POINT('',(-5.290615256303,-24.87549273507));
#5050 = CARTESIAN_POINT('',(-5.333969152859,-25.12389251091));
#5051 = CARTESIAN_POINT('',(-5.377322908378,-25.37229150948));
#5052 = CARTESIAN_POINT('',(-5.420676801471,-25.62069129604));
#5053 = CARTESIAN_POINT('',(-5.464030914956,-25.86909230989));
#5054 = CARTESIAN_POINT('',(-5.576819745451,-26.51532515598));
#5055 = CARTESIAN_POINT('',(-5.646257879049,-26.91317645674));
#5056 = CARTESIAN_POINT('',(-5.715693750018,-27.31101449863));
#5057 = CARTESIAN_POINT('',(-5.785128206953,-27.7088440317));
#5058 = CARTESIAN_POINT('',(-5.854564159763,-28.1066818222));
#5059 = CARTESIAN_POINT('',(-5.924002417321,-28.50453278712));
#5060 = CARTESIAN_POINT('',(-6.034830047004,-29.13952715537));
#5061 = CARTESIAN_POINT('',(-6.076222775598,-29.3766896543));
#5062 = CARTESIAN_POINT('',(-6.117615318817,-29.61385121709));
#5063 = CARTESIAN_POINT('',(-6.159007734696,-29.85101221691));
#5064 = CARTESIAN_POINT('',(-6.200400239339,-30.08817390805));
#5065 = CARTESIAN_POINT('',(-6.241792896503,-30.32533663534));
#5066 = CARTESIAN_POINT('',(-6.28318530718,-30.56249804364));
#5067 = ( GEOMETRIC_REPRESENTATION_CONTEXT(2) 
PARAMETRIC_REPRESENTATION_CONTEXT() REPRESENTATION_CONTEXT('2D SPACE',''
  ) );
#5068 = PCURVE('',#541,#5069);
#5069 = DEFINITIONAL_REPRESENTATION('',(#5070),#5145);
#5070 = B_SPLINE_CURVE_WITH_KNOTS('',7,(#5071,#5072,#5073,#5074,#5075,
    #5076,#5077,#5078,#5079,#5080,#5081,#5082,#5083,#5084,#5085,#5086,
    #5087,#5088,#5089,#5090,#5091,#5092,#5093,#5094,#5095,#5096,#5097,
    #5098,#5099,#5100,#5101,#5102,#5103,#5104,#5105,#5106,#5107,#5108,
    #5109,#5110,#5111,#5112,#5113,#5114,#5115,#5116,#5117,#5118,#5119,
    #5120,#5121,#5122,#5123,#5124,#5125,#5126,#5127,#5128,#5129,#5130,
    #5131,#5132,#5133,#5134,#5135,#5136,#5137,#5138,#5139,#5140,#5141,
    #5142,#5143,#5144),.UNSPECIFIED.,.F.,.F.,(8,6,6,6,6,6,6,6,6,6,6,6,8)
  ,(0.,1.736945089677E-02,0.105078683044,0.243594232685,0.353524399835,
    0.445049263135,0.536574140386,0.643848302204,0.751012188098,
    0.797663275039,0.854557812639,0.945679463968,1.),.UNSPECIFIED.);
#5071 = CARTESIAN_POINT('',(0.802434881411,5.316672341093));
#5072 = CARTESIAN_POINT('',(0.802434795925,5.393653007039));
#5073 = CARTESIAN_POINT('',(0.802434726296,5.470633681139));
#5074 = CARTESIAN_POINT('',(0.802434673076,5.547614361336));
#5075 = CARTESIAN_POINT('',(0.802434636542,5.624595044747));
#5076 = CARTESIAN_POINT('',(0.802434616697,5.701575727665));
#5077 = CARTESIAN_POINT('',(0.802434613268,5.778556405555));
#5078 = CARTESIAN_POINT('',(0.802434688527,6.24426065892));
#5079 = CARTESIAN_POINT('',(0.80243515824,6.63299921533));
#5080 = CARTESIAN_POINT('',(0.802435993713,7.021726729812));
#5081 = CARTESIAN_POINT('',(0.802437031449,7.41044721));
#5082 = CARTESIAN_POINT('',(0.802438058672,7.799174690171));
#5083 = CARTESIAN_POINT('',(0.802438888769,8.187913217338));
#5084 = CARTESIAN_POINT('',(0.802440308091,9.190531862279));
#5085 = CARTESIAN_POINT('',(0.802440475601,9.804573622369));
#5086 = CARTESIAN_POINT('',(0.80243960903,10.418499286859));
#5087 = CARTESIAN_POINT('',(0.802437849504,11.032371264289));
#5088 = CARTESIAN_POINT('',(0.802436476803,11.646297318088));
#5089 = CARTESIAN_POINT('',(0.802435872257,12.26033938528));
#5090 = CARTESIAN_POINT('',(0.802435884652,13.361440429019));
#5091 = CARTESIAN_POINT('',(0.802436275657,13.848692561125));
#5092 = CARTESIAN_POINT('',(0.8024369734,14.335908799243));
#5093 = CARTESIAN_POINT('',(0.802437693311,14.823106111742));
#5094 = CARTESIAN_POINT('',(0.802437985504,15.310322150731));
#5095 = CARTESIAN_POINT('',(0.802437946804,15.797574100381));
#5096 = CARTESIAN_POINT('',(0.80243764041,16.690414195665));
#5097 = CARTESIAN_POINT('',(0.802437427351,17.096067108184));
#5098 = CARTESIAN_POINT('',(0.802437179033,17.501706522768));
#5099 = CARTESIAN_POINT('',(0.802437244725,17.907337395883));
#5100 = CARTESIAN_POINT('',(0.802437551377,18.312976876723));
#5101 = CARTESIAN_POINT('',(0.802437678119,18.718629735046));
#5102 = CARTESIAN_POINT('',(0.802437798421,19.52989853457));
#5103 = CARTESIAN_POINT('',(0.802437795242,19.935551393636));
#5104 = CARTESIAN_POINT('',(0.802438050652,20.341190886387));
#5105 = CARTESIAN_POINT('',(0.802438673432,20.74682172855));
#5106 = CARTESIAN_POINT('',(0.802439388238,21.152461076621));
#5107 = CARTESIAN_POINT('',(0.802439750514,21.558113972052));
#5108 = CARTESIAN_POINT('',(0.802439743551,22.439182779648));
#5109 = CARTESIAN_POINT('',(0.802439229597,22.914657870851));
#5110 = CARTESIAN_POINT('',(0.802438001112,23.390102685684));
#5111 = CARTESIAN_POINT('',(0.802436447447,23.865528454107));
#5112 = CARTESIAN_POINT('',(0.802435172251,24.340973592971));
#5113 = CARTESIAN_POINT('',(0.802434623095,24.816449016489));
#5114 = CARTESIAN_POINT('',(0.802434836995,25.766829620024));
#5115 = CARTESIAN_POINT('',(0.802435601371,26.241816068082));
#5116 = CARTESIAN_POINT('',(0.802437046948,26.716772391153));
#5117 = CARTESIAN_POINT('',(0.802438715098,27.19170947419));
#5118 = CARTESIAN_POINT('',(0.802440031366,27.66666551087));
#5119 = CARTESIAN_POINT('',(0.802440617241,28.14165161964));
#5120 = CARTESIAN_POINT('',(0.802440516694,28.823352877119));
#5121 = CARTESIAN_POINT('',(0.802440360814,29.030109134797));
#5122 = CARTESIAN_POINT('',(0.802440081737,29.236864953946));
#5123 = CARTESIAN_POINT('',(0.802439695617,29.443620502041));
#5124 = CARTESIAN_POINT('',(0.802439228759,29.650376375102));
#5125 = CARTESIAN_POINT('',(0.802438713808,29.857132747172));
#5126 = CARTESIAN_POINT('',(0.802437542168,30.316042860684));
#5127 = CARTESIAN_POINT('',(0.802436878339,30.568198951981));
#5128 = CARTESIAN_POINT('',(0.802436258927,30.820353821875));
#5129 = CARTESIAN_POINT('',(0.802435747005,31.072507912281));
#5130 = CARTESIAN_POINT('',(0.802435392714,31.324662800665));
#5131 = CARTESIAN_POINT('',(0.802435221723,31.576818921862));
#5132 = CARTESIAN_POINT('',(0.802435226835,32.232820888878));
#5133 = CARTESIAN_POINT('',(0.802435672145,32.636686463177));
#5134 = CARTESIAN_POINT('',(0.802436546774,33.040538485647));
#5135 = CARTESIAN_POINT('',(0.802437591407,33.444381755281));
#5136 = CARTESIAN_POINT('',(0.802438431488,33.848233303067));
#5137 = CARTESIAN_POINT('',(0.802438778722,34.252098165734));
#5138 = CARTESIAN_POINT('',(0.802438657629,34.896691081462));
#5139 = CARTESIAN_POINT('',(0.802438462939,35.137438518839));
#5140 = CARTESIAN_POINT('',(0.802438119689,35.378185017846));
#5141 = CARTESIAN_POINT('',(0.802437682766,35.618930972173));
#5142 = CARTESIAN_POINT('',(0.802437236749,35.859677669528));
#5143 = CARTESIAN_POINT('',(0.802436871618,36.100425470284));
#5144 = CARTESIAN_POINT('',(0.802436658455,36.341171986146));
#5145 = ( GEOMETRIC_REPRESENTATION_CONTEXT(2) 
PARAMETRIC_REPRESENTATION_CONTEXT() REPRESENTATION_CONTEXT('2D SPACE',''
  ) );
#5146 = ORIENTED_EDGE('',*,*,#491,.F.);
#5147 = ORIENTED_EDGE('',*,*,#4784,.F.);
#5148 = ADVANCED_FACE('',(#5149),#541,.F.);
#5149 = FACE_BOUND('',#5150,.F.);
#5150 = EDGE_LOOP('',(#5151,#5188,#5214,#5286,#5305,#5306,#5307));
#5151 = ORIENTED_EDGE('',*,*,#5152,.F.);
#5152 = EDGE_CURVE('',#5153,#4006,#5155,.T.);
#5153 = VERTEX_POINT('',#5154);
#5154 = CARTESIAN_POINT('',(7.195613954537,40.251276376258,153.7));
#5155 = SURFACE_CURVE('',#5156,(#5174,#5181),.PCURVE_S1.);
#5156 = B_SPLINE_CURVE_WITH_KNOTS('',9,(#5157,#5158,#5159,#5160,#5161,
    #5162,#5163,#5164,#5165,#5166,#5167,#5168,#5169,#5170,#5171,#5172,
    #5173),.UNSPECIFIED.,.F.,.F.,(10,7,10),(0.,19.185704022845,
    38.371408045689),.UNSPECIFIED.);
#5157 = CARTESIAN_POINT('',(7.195613954537,40.251276376258,153.7));
#5158 = CARTESIAN_POINT('',(7.103524283276,42.888606953285,
    155.79999996825));
#5159 = CARTESIAN_POINT('',(5.923876384193,45.487962302235,
    157.9000002824));
#5160 = CARTESIAN_POINT('',(3.675041005949,47.536751134115,
    159.99999927028));
#5161 = CARTESIAN_POINT('',(0.655557151982,48.533389097768,
    162.10000094852));
#5162 = CARTESIAN_POINT('',(-2.5584403486,48.167196640912,
    164.19999933528));
#5163 = CARTESIAN_POINT('',(-5.276091011055,46.516912093903,
    166.30000020802));
#5164 = CARTESIAN_POINT('',(-7.006650950018,44.014705217313,
    168.39999999704));
#5165 = CARTESIAN_POINT('',(-8.135847143185,38.418551372607,
    172.59999999944));
#5166 = CARTESIAN_POINT('',(-4.992517434144,33.652892946266,
    176.80000000183));
#5167 = CARTESIAN_POINT('',(-2.450558021748,31.981176950758,
    178.89999979089));
#5168 = CARTESIAN_POINT('',(0.687079394563,31.46903764494,
    181.00000066344));
#5169 = CARTESIAN_POINT('',(3.804893889838,32.333680706277,
    183.09999905058));
#5170 = CARTESIAN_POINT('',(6.230426146928,34.388617629035,
    185.20000072842));
#5171 = CARTESIAN_POINT('',(7.548480147464,37.130827664525,
    187.29999971653));
#5172 = CARTESIAN_POINT('',(7.668349582357,39.982751971017,
    189.40000003062));
#5173 = CARTESIAN_POINT('',(6.765787132037,42.462545128388,
    191.49999999888));
#5174 = PCURVE('',#541,#5175);
#5175 = DEFINITIONAL_REPRESENTATION('',(#5176),#5180);
#5176 = LINE('',#5177,#5178);
#5177 = CARTESIAN_POINT('',(0.,0.));
#5178 = VECTOR('',#5179,1.);
#5179 = DIRECTION('',(0.,1.));
#5180 = ( GEOMETRIC_REPRESENTATION_CONTEXT(2) 
PARAMETRIC_REPRESENTATION_CONTEXT() REPRESENTATION_CONTEXT('2D SPACE',''
  ) );
#5181 = PCURVE('',#4305,#5182);
#5182 = DEFINITIONAL_REPRESENTATION('',(#5183),#5187);
#5183 = LINE('',#5184,#5185);
#5184 = CARTESIAN_POINT('',(5.,0.));
#5185 = VECTOR('',#5186,1.);
#5186 = DIRECTION('',(0.,1.));
#5187 = ( GEOMETRIC_REPRESENTATION_CONTEXT(2) 
PARAMETRIC_REPRESENTATION_CONTEXT() REPRESENTATION_CONTEXT('2D SPACE',''
  ) );
#5188 = ORIENTED_EDGE('',*,*,#5189,.T.);
#5189 = EDGE_CURVE('',#5153,#5190,#5192,.T.);
#5190 = VERTEX_POINT('',#5191);
#5191 = CARTESIAN_POINT('',(19.987816540382,40.69798993405,154.7));
#5192 = SURFACE_CURVE('',#5193,(#5196,#5203),.PCURVE_S1.);
#5193 = B_SPLINE_CURVE_WITH_KNOTS('',1,(#5194,#5195),.UNSPECIFIED.,.F.,
  .F.,(2,2),(0.,12.839003076563),.PIECEWISE_BEZIER_KNOTS.);
#5194 = CARTESIAN_POINT('',(7.195613954537,40.251276376258,153.7));
#5195 = CARTESIAN_POINT('',(19.987816540382,40.69798993405,154.7));
#5196 = PCURVE('',#541,#5197);
#5197 = DEFINITIONAL_REPRESENTATION('',(#5198),#5202);
#5198 = LINE('',#5199,#5200);
#5199 = CARTESIAN_POINT('',(0.,0.));
#5200 = VECTOR('',#5201,1.);
#5201 = DIRECTION('',(1.,0.));
#5202 = ( GEOMETRIC_REPRESENTATION_CONTEXT(2) 
PARAMETRIC_REPRESENTATION_CONTEXT() REPRESENTATION_CONTEXT('2D SPACE',''
  ) );
#5203 = PCURVE('',#5204,#5209);
#5204 = PLANE('',#5205);
#5205 = AXIS2_PLACEMENT_3D('',#5206,#5207,#5208);
#5206 = CARTESIAN_POINT('',(13.211876769859,40.461368903234,156.2));
#5207 = DIRECTION('',(3.48994967025E-02,-0.999390827019,
    -1.178665514876E-15));
#5208 = DIRECTION('',(-4.113483324978E-17,1.177947503691E-15,-1.));
#5209 = DEFINITIONAL_REPRESENTATION('',(#5210),#5213);
#5210 = B_SPLINE_CURVE_WITH_KNOTS('',1,(#5211,#5212),.UNSPECIFIED.,.F.,
  .F.,(2,2),(0.,12.839003076563),.PIECEWISE_BEZIER_KNOTS.);
#5211 = CARTESIAN_POINT('',(2.5,-6.01992999402));
#5212 = CARTESIAN_POINT('',(1.5,6.78007000598));
#5213 = ( GEOMETRIC_REPRESENTATION_CONTEXT(2) 
PARAMETRIC_REPRESENTATION_CONTEXT() REPRESENTATION_CONTEXT('2D SPACE',''
  ) );
#5214 = ORIENTED_EDGE('',*,*,#5215,.T.);
#5215 = EDGE_CURVE('',#5190,#5216,#5218,.T.);
#5216 = VERTEX_POINT('',#5217);
#5217 = CARTESIAN_POINT('',(18.793852962027,46.840401855934,
    192.50000143012));
#5218 = SURFACE_CURVE('',#5219,(#5237,#5244),.PCURVE_S1.);
#5219 = B_SPLINE_CURVE_WITH_KNOTS('',9,(#5220,#5221,#5222,#5223,#5224,
    #5225,#5226,#5227,#5228,#5229,#5230,#5231,#5232,#5233,#5234,#5235,
    #5236),.UNSPECIFIED.,.F.,.F.,(10,7,10),(0.,19.185704022845,
    38.371408045689),.UNSPECIFIED.);
#5220 = CARTESIAN_POINT('',(19.987816540382,40.69798993405,154.7));
#5221 = CARTESIAN_POINT('',(19.73199415453,48.023921026373,
    156.80004060598));
#5222 = CARTESIAN_POINT('',(16.455372637904,55.244374841828,
    158.89963882105));
#5223 = CARTESIAN_POINT('',(10.20808298411,60.935222369289,
    161.00093323148));
#5224 = CARTESIAN_POINT('',(1.821377622686,63.70417585835,
    163.09878694126));
#5225 = CARTESIAN_POINT('',(-7.106978112609,62.686421606823,
    165.2008500954));
#5226 = CARTESIAN_POINT('',(-14.65576589842,58.102606661806,
    167.29973395513));
#5227 = CARTESIAN_POINT('',(-19.46291720217,51.151957565137,
    169.40000377676));
#5228 = CARTESIAN_POINT('',(-22.59957570618,35.607088067765,
    173.60000071506));
#5229 = CARTESIAN_POINT('',(-13.8681060678,22.369148945108,
    177.79999765336));
#5230 = CARTESIAN_POINT('',(-6.807192886246,17.725415891108,
    179.90026747502));
#5231 = CARTESIAN_POINT('',(1.908849367363,16.303158678101,
    181.99915133455));
#5232 = CARTESIAN_POINT('',(10.568736119632,18.70424548651,
    184.10121448914));
#5233 = CARTESIAN_POINT('',(17.307043653188,24.413140238345,
    186.19906819837));
#5234 = CARTESIAN_POINT('',(20.967877152718,32.029984400992,
    188.3003626092));
#5235 = CARTESIAN_POINT('',(21.300991324832,39.95208067495,
    190.3999608241));
#5236 = CARTESIAN_POINT('',(18.793852962027,46.840401855934,
    192.50000143012));
#5237 = PCURVE('',#541,#5238);
#5238 = DEFINITIONAL_REPRESENTATION('',(#5239),#5243);
#5239 = LINE('',#5240,#5241);
#5240 = CARTESIAN_POINT('',(12.839003076563,0.));
#5241 = VECTOR('',#5242,1.);
#5242 = DIRECTION('',(0.,1.));
#5243 = ( GEOMETRIC_REPRESENTATION_CONTEXT(2) 
PARAMETRIC_REPRESENTATION_CONTEXT() REPRESENTATION_CONTEXT('2D SPACE',''
  ) );
#5244 = PCURVE('',#5245,#5280);
#5245 = B_SPLINE_SURFACE_WITH_KNOTS('',1,9,(
    (#5246,#5247,#5248,#5249,#5250,#5251,#5252,#5253,#5254,#5255,#5256
      ,#5257,#5258,#5259,#5260,#5261,#5262)
    ,(#5263,#5264,#5265,#5266,#5267,#5268,#5269,#5270,#5271,#5272,#5273
      ,#5274,#5275,#5276,#5277,#5278,#5279
    )),.UNSPECIFIED.,.F.,.F.,.F.,(2,2),(10,7,10),(0.,3.),(0.,
    19.185704022845,38.371408045689),.UNSPECIFIED.);
#5246 = CARTESIAN_POINT('',(19.987816540382,40.69798993405,154.7));
#5247 = CARTESIAN_POINT('',(19.73199415453,48.023921026373,
    156.80004060598));
#5248 = CARTESIAN_POINT('',(16.455372637904,55.244374841827,
    158.89963882105));
#5249 = CARTESIAN_POINT('',(10.20808298411,60.93522236929,
    161.00093323148));
#5250 = CARTESIAN_POINT('',(1.821377622687,63.704175858348,
    163.09878694126));
#5251 = CARTESIAN_POINT('',(-7.10697811261,62.686421606824,
    165.2008500954));
#5252 = CARTESIAN_POINT('',(-14.65576589842,58.102606661805,
    167.29973395513));
#5253 = CARTESIAN_POINT('',(-19.46291720217,51.151957565138,
    169.40000377676));
#5254 = CARTESIAN_POINT('',(-22.59957570618,35.607088067765,
    173.60000071506));
#5255 = CARTESIAN_POINT('',(-13.8681060678,22.369148945108,
    177.79999765336));
#5256 = CARTESIAN_POINT('',(-6.807192886246,17.725415891107,
    179.90026747502));
#5257 = CARTESIAN_POINT('',(1.908849367363,16.303158678102,
    181.99915133455));
#5258 = CARTESIAN_POINT('',(10.568736119632,18.704245486508,
    184.10121448914));
#5259 = CARTESIAN_POINT('',(17.307043653188,24.413140238346,
    186.19906819837));
#5260 = CARTESIAN_POINT('',(20.967877152718,32.029984400992,
    188.3003626092));
#5261 = CARTESIAN_POINT('',(21.300991324832,39.95208067495,
    190.3999608241));
#5262 = CARTESIAN_POINT('',(18.793852962027,46.840401855934,
    192.50000143012));
#5263 = CARTESIAN_POINT('',(19.987816540382,40.69798993405,157.7));
#5264 = CARTESIAN_POINT('',(19.73198463801,48.023920632537,
    159.80004060598));
#5265 = CARTESIAN_POINT('',(16.455457495814,55.244373752444,
    161.89963882102));
#5266 = CARTESIAN_POINT('',(10.207872112088,60.935216623874,
    164.00093323158));
#5267 = CARTESIAN_POINT('',(1.821632772579,63.704197687843,
    166.09878694114));
#5268 = CARTESIAN_POINT('',(-7.107137339412,62.686396450388,
    168.20085009548));
#5269 = CARTESIAN_POINT('',(-14.65572426025,58.102616096097,
    170.29973395511));
#5270 = CARTESIAN_POINT('',(-19.46291629526,51.151957481621,
    172.40000377676));
#5271 = CARTESIAN_POINT('',(-22.59957554904,35.607088271208,
    176.60000071506));
#5272 = CARTESIAN_POINT('',(-13.86810664479,22.369148823646,
    180.79999765336));
#5273 = CARTESIAN_POINT('',(-6.807234912472,17.725409414087,
    182.90026747499));
#5274 = CARTESIAN_POINT('',(1.909006391647,16.303195398337,
    184.99915133465));
#5275 = CARTESIAN_POINT('',(10.568491194011,18.704170502787,
    187.10121448899));
#5276 = CARTESIAN_POINT('',(17.307241032342,24.413214166789,
    189.19906819849));
#5277 = CARTESIAN_POINT('',(20.967798530223,32.029951736266,
    191.30036260916));
#5278 = CARTESIAN_POINT('',(21.300999938669,39.952083875549,
    193.3999608241));
#5279 = CARTESIAN_POINT('',(18.793852646809,46.840401741204,
    195.50000143012));
#5280 = DEFINITIONAL_REPRESENTATION('',(#5281),#5285);
#5281 = LINE('',#5282,#5283);
#5282 = CARTESIAN_POINT('',(0.,0.));
#5283 = VECTOR('',#5284,1.);
#5284 = DIRECTION('',(0.,1.));
#5285 = ( GEOMETRIC_REPRESENTATION_CONTEXT(2) 
PARAMETRIC_REPRESENTATION_CONTEXT() REPRESENTATION_CONTEXT('2D SPACE',''
  ) );
#5286 = ORIENTED_EDGE('',*,*,#5287,.F.);
#5287 = EDGE_CURVE('',#520,#5216,#5288,.T.);
#5288 = SURFACE_CURVE('',#5289,(#5292,#5299),.PCURVE_S1.);
#5289 = B_SPLINE_CURVE_WITH_KNOTS('',1,(#5290,#5291),.UNSPECIFIED.,.F.,
  .F.,(2,2),(0.,12.839003076563),.PIECEWISE_BEZIER_KNOTS.);
#5290 = CARTESIAN_POINT('',(6.765787132037,42.462545128388,
    191.49999999888));
#5291 = CARTESIAN_POINT('',(18.793852962027,46.840401855934,
    192.50000143012));
#5292 = PCURVE('',#541,#5293);
#5293 = DEFINITIONAL_REPRESENTATION('',(#5294),#5298);
#5294 = LINE('',#5295,#5296);
#5295 = CARTESIAN_POINT('',(0.,38.371408045689));
#5296 = VECTOR('',#5297,1.);
#5297 = DIRECTION('',(1.,0.));
#5298 = ( GEOMETRIC_REPRESENTATION_CONTEXT(2) 
PARAMETRIC_REPRESENTATION_CONTEXT() REPRESENTATION_CONTEXT('2D SPACE',''
  ) );
#5299 = PCURVE('',#601,#5300);
#5300 = DEFINITIONAL_REPRESENTATION('',(#5301),#5304);
#5301 = B_SPLINE_CURVE_WITH_KNOTS('',1,(#5302,#5303),.UNSPECIFIED.,.F.,
  .F.,(2,2),(0.,12.839003076563),.PIECEWISE_BEZIER_KNOTS.);
#5302 = CARTESIAN_POINT('',(6.01992971448,2.500000673126));
#5303 = CARTESIAN_POINT('',(-6.780070173704,1.499999241878));
#5304 = ( GEOMETRIC_REPRESENTATION_CONTEXT(2) 
PARAMETRIC_REPRESENTATION_CONTEXT() REPRESENTATION_CONTEXT('2D SPACE',''
  ) );
#5305 = ORIENTED_EDGE('',*,*,#519,.F.);
#5306 = ORIENTED_EDGE('',*,*,#4913,.F.);
#5307 = ORIENTED_EDGE('',*,*,#4003,.T.);
#5308 = ADVANCED_FACE('',(#5309),#601,.F.);
#5309 = FACE_BOUND('',#5310,.F.);
#5310 = EDGE_LOOP('',(#5311,#5312,#5313,#5334));
#5311 = ORIENTED_EDGE('',*,*,#586,.T.);
#5312 = ORIENTED_EDGE('',*,*,#5287,.T.);
#5313 = ORIENTED_EDGE('',*,*,#5314,.T.);
#5314 = EDGE_CURVE('',#5216,#5315,#5317,.T.);
#5315 = VERTEX_POINT('',#5316);
#5316 = CARTESIAN_POINT('',(18.793852646809,46.840401741204,
    195.50000143012));
#5317 = SURFACE_CURVE('',#5318,(#5321,#5327),.PCURVE_S1.);
#5318 = B_SPLINE_CURVE_WITH_KNOTS('',1,(#5319,#5320),.UNSPECIFIED.,.F.,
  .F.,(2,2),(0.,3.),.PIECEWISE_BEZIER_KNOTS.);
#5319 = CARTESIAN_POINT('',(18.793852962027,46.840401855934,
    192.50000143012));
#5320 = CARTESIAN_POINT('',(18.793852646809,46.840401741204,
    195.50000143012));
#5321 = PCURVE('',#601,#5322);
#5322 = DEFINITIONAL_REPRESENTATION('',(#5323),#5326);
#5323 = B_SPLINE_CURVE_WITH_KNOTS('',1,(#5324,#5325),.UNSPECIFIED.,.F.,
  .F.,(2,2),(0.,3.),.PIECEWISE_BEZIER_KNOTS.);
#5324 = CARTESIAN_POINT('',(-6.780070173704,1.499999241878));
#5325 = CARTESIAN_POINT('',(-6.780069838255,-1.500000758122));
#5326 = ( GEOMETRIC_REPRESENTATION_CONTEXT(2) 
PARAMETRIC_REPRESENTATION_CONTEXT() REPRESENTATION_CONTEXT('2D SPACE',''
  ) );
#5327 = PCURVE('',#5245,#5328);
#5328 = DEFINITIONAL_REPRESENTATION('',(#5329),#5333);
#5329 = LINE('',#5330,#5331);
#5330 = CARTESIAN_POINT('',(0.,38.371408045689));
#5331 = VECTOR('',#5332,1.);
#5332 = DIRECTION('',(1.,0.));
#5333 = ( GEOMETRIC_REPRESENTATION_CONTEXT(2) 
PARAMETRIC_REPRESENTATION_CONTEXT() REPRESENTATION_CONTEXT('2D SPACE',''
  ) );
#5334 = ORIENTED_EDGE('',*,*,#5335,.T.);
#5335 = EDGE_CURVE('',#5315,#587,#5336,.T.);
#5336 = SURFACE_CURVE('',#5337,(#5340,#5346),.PCURVE_S1.);
#5337 = B_SPLINE_CURVE_WITH_KNOTS('',1,(#5338,#5339),.UNSPECIFIED.,.F.,
  .F.,(2,2),(0.,12.839003076563),.PIECEWISE_BEZIER_KNOTS.);
#5338 = CARTESIAN_POINT('',(18.793852646809,46.840401741204,
    195.50000143012));
#5339 = CARTESIAN_POINT('',(6.765786606672,42.462544937171,
    196.49999999888));
#5340 = PCURVE('',#601,#5341);
#5341 = DEFINITIONAL_REPRESENTATION('',(#5342),#5345);
#5342 = B_SPLINE_CURVE_WITH_KNOTS('',1,(#5343,#5344),.UNSPECIFIED.,.F.,
  .F.,(2,2),(0.,12.839003076563),.PIECEWISE_BEZIER_KNOTS.);
#5343 = CARTESIAN_POINT('',(-6.780069838255,-1.500000758122));
#5344 = CARTESIAN_POINT('',(6.019930273561,-2.499999326874));
#5345 = ( GEOMETRIC_REPRESENTATION_CONTEXT(2) 
PARAMETRIC_REPRESENTATION_CONTEXT() REPRESENTATION_CONTEXT('2D SPACE',''
  ) );
#5346 = PCURVE('',#634,#5347);
#5347 = DEFINITIONAL_REPRESENTATION('',(#5348),#5352);
#5348 = LINE('',#5349,#5350);
#5349 = CARTESIAN_POINT('',(0.,38.371408045689));
#5350 = VECTOR('',#5351,1.);
#5351 = DIRECTION('',(1.,0.));
#5352 = ( GEOMETRIC_REPRESENTATION_CONTEXT(2) 
PARAMETRIC_REPRESENTATION_CONTEXT() REPRESENTATION_CONTEXT('2D SPACE',''
  ) );
#5353 = ADVANCED_FACE('',(#5354),#634,.F.);
#5354 = FACE_BOUND('',#5355,.F.);
#5355 = EDGE_LOOP('',(#5356,#5393,#5414,#5449,#5450,#5451,#5452));
#5356 = ORIENTED_EDGE('',*,*,#5357,.F.);
#5357 = EDGE_CURVE('',#5358,#5315,#5360,.T.);
#5358 = VERTEX_POINT('',#5359);
#5359 = CARTESIAN_POINT('',(19.987816540382,40.69798993405,157.7));
#5360 = SURFACE_CURVE('',#5361,(#5379,#5386),.PCURVE_S1.);
#5361 = B_SPLINE_CURVE_WITH_KNOTS('',9,(#5362,#5363,#5364,#5365,#5366,
    #5367,#5368,#5369,#5370,#5371,#5372,#5373,#5374,#5375,#5376,#5377,
    #5378),.UNSPECIFIED.,.F.,.F.,(10,7,10),(0.,19.185704022845,
    38.371408045689),.UNSPECIFIED.);
#5362 = CARTESIAN_POINT('',(19.987816540382,40.69798993405,157.7));
#5363 = CARTESIAN_POINT('',(19.73198463801,48.023920632537,
    159.80004060598));
#5364 = CARTESIAN_POINT('',(16.455457495814,55.244373752444,
    161.89963882102));
#5365 = CARTESIAN_POINT('',(10.207872112088,60.935216623874,
    164.00093323158));
#5366 = CARTESIAN_POINT('',(1.821632772579,63.704197687843,
    166.09878694114));
#5367 = CARTESIAN_POINT('',(-7.107137339412,62.686396450388,
    168.20085009548));
#5368 = CARTESIAN_POINT('',(-14.65572426025,58.102616096097,
    170.29973395511));
#5369 = CARTESIAN_POINT('',(-19.46291629526,51.151957481621,
    172.40000377676));
#5370 = CARTESIAN_POINT('',(-22.59957554904,35.607088271208,
    176.60000071506));
#5371 = CARTESIAN_POINT('',(-13.86810664479,22.369148823646,
    180.79999765336));
#5372 = CARTESIAN_POINT('',(-6.807234912472,17.725409414087,
    182.90026747499));
#5373 = CARTESIAN_POINT('',(1.909006391647,16.303195398337,
    184.99915133465));
#5374 = CARTESIAN_POINT('',(10.568491194011,18.704170502787,
    187.10121448899));
#5375 = CARTESIAN_POINT('',(17.307241032342,24.413214166789,
    189.19906819849));
#5376 = CARTESIAN_POINT('',(20.967798530223,32.029951736266,
    191.30036260916));
#5377 = CARTESIAN_POINT('',(21.300999938669,39.952083875549,
    193.3999608241));
#5378 = CARTESIAN_POINT('',(18.793852646809,46.840401741204,
    195.50000143012));
#5379 = PCURVE('',#634,#5380);
#5380 = DEFINITIONAL_REPRESENTATION('',(#5381),#5385);
#5381 = LINE('',#5382,#5383);
#5382 = CARTESIAN_POINT('',(0.,0.));
#5383 = VECTOR('',#5384,1.);
#5384 = DIRECTION('',(0.,1.));
#5385 = ( GEOMETRIC_REPRESENTATION_CONTEXT(2) 
PARAMETRIC_REPRESENTATION_CONTEXT() REPRESENTATION_CONTEXT('2D SPACE',''
  ) );
#5386 = PCURVE('',#5245,#5387);
#5387 = DEFINITIONAL_REPRESENTATION('',(#5388),#5392);
#5388 = LINE('',#5389,#5390);
#5389 = CARTESIAN_POINT('',(3.,0.));
#5390 = VECTOR('',#5391,1.);
#5391 = DIRECTION('',(0.,1.));
#5392 = ( GEOMETRIC_REPRESENTATION_CONTEXT(2) 
PARAMETRIC_REPRESENTATION_CONTEXT() REPRESENTATION_CONTEXT('2D SPACE',''
  ) );
#5393 = ORIENTED_EDGE('',*,*,#5394,.T.);
#5394 = EDGE_CURVE('',#5358,#5395,#5397,.T.);
#5395 = VERTEX_POINT('',#5396);
#5396 = CARTESIAN_POINT('',(7.195613954537,40.251276376258,158.7));
#5397 = SURFACE_CURVE('',#5398,(#5401,#5408),.PCURVE_S1.);
#5398 = B_SPLINE_CURVE_WITH_KNOTS('',1,(#5399,#5400),.UNSPECIFIED.,.F.,
  .F.,(2,2),(0.,12.839003076563),.PIECEWISE_BEZIER_KNOTS.);
#5399 = CARTESIAN_POINT('',(19.987816540382,40.69798993405,157.7));
#5400 = CARTESIAN_POINT('',(7.195613954537,40.251276376258,158.7));
#5401 = PCURVE('',#634,#5402);
#5402 = DEFINITIONAL_REPRESENTATION('',(#5403),#5407);
#5403 = LINE('',#5404,#5405);
#5404 = CARTESIAN_POINT('',(0.,0.));
#5405 = VECTOR('',#5406,1.);
#5406 = DIRECTION('',(1.,0.));
#5407 = ( GEOMETRIC_REPRESENTATION_CONTEXT(2) 
PARAMETRIC_REPRESENTATION_CONTEXT() REPRESENTATION_CONTEXT('2D SPACE',''
  ) );
#5408 = PCURVE('',#5204,#5409);
#5409 = DEFINITIONAL_REPRESENTATION('',(#5410),#5413);
#5410 = B_SPLINE_CURVE_WITH_KNOTS('',1,(#5411,#5412),.UNSPECIFIED.,.F.,
  .F.,(2,2),(0.,12.839003076563),.PIECEWISE_BEZIER_KNOTS.);
#5411 = CARTESIAN_POINT('',(-1.5,6.78007000598));
#5412 = CARTESIAN_POINT('',(-2.5,-6.01992999402));
#5413 = ( GEOMETRIC_REPRESENTATION_CONTEXT(2) 
PARAMETRIC_REPRESENTATION_CONTEXT() REPRESENTATION_CONTEXT('2D SPACE',''
  ) );
#5414 = ORIENTED_EDGE('',*,*,#5415,.T.);
#5415 = EDGE_CURVE('',#5395,#4233,#5416,.T.);
#5416 = SURFACE_CURVE('',#5417,(#5435,#5442),.PCURVE_S1.);
#5417 = B_SPLINE_CURVE_WITH_KNOTS('',9,(#5418,#5419,#5420,#5421,#5422,
    #5423,#5424,#5425,#5426,#5427,#5428,#5429,#5430,#5431,#5432,#5433,
    #5434),.UNSPECIFIED.,.F.,.F.,(10,7,10),(0.,19.185704022845,
    38.371408045689),.UNSPECIFIED.);
#5418 = CARTESIAN_POINT('',(7.195613954537,40.251276376258,158.7));
#5419 = CARTESIAN_POINT('',(7.103508422411,42.888606296891,
    160.79999996825));
#5420 = CARTESIAN_POINT('',(5.924017814042,45.487960486597,
    162.90000028235));
#5421 = CARTESIAN_POINT('',(3.674689552579,47.53674155842,
    164.99999927044));
#5422 = CARTESIAN_POINT('',(0.655982401801,48.533425480259,
    167.10000094832));
#5423 = CARTESIAN_POINT('',(-2.558705726603,48.167154713518,
    169.19999933542));
#5424 = CARTESIAN_POINT('',(-5.27602161409,46.516927817724,
    171.30000020798));
#5425 = CARTESIAN_POINT('',(-7.00664943849,44.014705078119,
    173.39999999704));
#5426 = CARTESIAN_POINT('',(-8.135846881286,38.41855171168,
    177.59999999944));
#5427 = CARTESIAN_POINT('',(-4.992518395797,33.652892743831,
    181.80000000183));
#5428 = CARTESIAN_POINT('',(-2.450628065458,31.981166155724,
    183.89999979084));
#5429 = CARTESIAN_POINT('',(0.687341101703,31.469098845334,
    186.00000066362));
#5430 = CARTESIAN_POINT('',(3.804485680469,32.333555733406,
    188.09999905032));
#5431 = CARTESIAN_POINT('',(6.230755112186,34.388740843107,
    190.20000072862));
#5432 = CARTESIAN_POINT('',(7.548349109972,37.130773223314,
    192.29999971646));
#5433 = CARTESIAN_POINT('',(7.668363938752,39.982757305349,
    194.40000003062));
#5434 = CARTESIAN_POINT('',(6.765786606672,42.462544937171,
    196.49999999888));
#5435 = PCURVE('',#634,#5436);
#5436 = DEFINITIONAL_REPRESENTATION('',(#5437),#5441);
#5437 = LINE('',#5438,#5439);
#5438 = CARTESIAN_POINT('',(12.839003076563,0.));
#5439 = VECTOR('',#5440,1.);
#5440 = DIRECTION('',(0.,1.));
#5441 = ( GEOMETRIC_REPRESENTATION_CONTEXT(2) 
PARAMETRIC_REPRESENTATION_CONTEXT() REPRESENTATION_CONTEXT('2D SPACE',''
  ) );
#5442 = PCURVE('',#4305,#5443);
#5443 = DEFINITIONAL_REPRESENTATION('',(#5444),#5448);
#5444 = LINE('',#5445,#5446);
#5445 = CARTESIAN_POINT('',(0.,0.));
#5446 = VECTOR('',#5447,1.);
#5447 = DIRECTION('',(0.,1.));
#5448 = ( GEOMETRIC_REPRESENTATION_CONTEXT(2) 
PARAMETRIC_REPRESENTATION_CONTEXT() REPRESENTATION_CONTEXT('2D SPACE',''
  ) );
#5449 = ORIENTED_EDGE('',*,*,#4232,.T.);
#5450 = ORIENTED_EDGE('',*,*,#1303,.T.);
#5451 = ORIENTED_EDGE('',*,*,#612,.T.);
#5452 = ORIENTED_EDGE('',*,*,#5335,.F.);
#5453 = ADVANCED_FACE('',(#5454),#968,.T.);
#5454 = FACE_BOUND('',#5455,.T.);
#5455 = EDGE_LOOP('',(#5456,#5479,#5506,#5507,#5508,#5509));
#5456 = ORIENTED_EDGE('',*,*,#5457,.T.);
#5457 = EDGE_CURVE('',#703,#5458,#5460,.T.);
#5458 = VERTEX_POINT('',#5459);
#5459 = CARTESIAN_POINT('',(18.324006105325,46.669392794851,202.9));
#5460 = SEAM_CURVE('',#5461,(#5465,#5472),.PCURVE_S1.);
#5461 = LINE('',#5462,#5463);
#5462 = CARTESIAN_POINT('',(6.577848345501,42.39414100328,204.));
#5463 = VECTOR('',#5464,1.);
#5464 = DIRECTION('',(0.936075127851,0.340703483575,-8.766123030951E-02)
  );
#5465 = PCURVE('',#968,#5466);
#5466 = DEFINITIONAL_REPRESENTATION('',(#5467),#5471);
#5467 = LINE('',#5468,#5469);
#5468 = CARTESIAN_POINT('',(-6.28318530718,0.));
#5469 = VECTOR('',#5470,1.);
#5470 = DIRECTION('',(-0.,-1.));
#5471 = ( GEOMETRIC_REPRESENTATION_CONTEXT(2) 
PARAMETRIC_REPRESENTATION_CONTEXT() REPRESENTATION_CONTEXT('2D SPACE',''
  ) );
#5472 = PCURVE('',#968,#5473);
#5473 = DEFINITIONAL_REPRESENTATION('',(#5474),#5478);
#5474 = LINE('',#5475,#5476);
#5475 = CARTESIAN_POINT('',(0.,-0.));
#5476 = VECTOR('',#5477,1.);
#5477 = DIRECTION('',(-0.,-1.));
#5478 = ( GEOMETRIC_REPRESENTATION_CONTEXT(2) 
PARAMETRIC_REPRESENTATION_CONTEXT() REPRESENTATION_CONTEXT('2D SPACE',''
  ) );
#5479 = ORIENTED_EDGE('',*,*,#5480,.F.);
#5480 = EDGE_CURVE('',#5458,#5458,#5481,.T.);
#5481 = SURFACE_CURVE('',#5482,(#5487,#5494),.PCURVE_S1.);
#5482 = CIRCLE('',#5483,1.9);
#5483 = AXIS2_PLACEMENT_3D('',#5484,#5485,#5486);
#5484 = CARTESIAN_POINT('',(18.324006105325,46.669392794851,201.));
#5485 = DIRECTION('',(0.939692620786,0.342020143326,-0.));
#5486 = DIRECTION('',(0.,0.,1.));
#5487 = PCURVE('',#968,#5488);
#5488 = DEFINITIONAL_REPRESENTATION('',(#5489),#5493);
#5489 = LINE('',#5490,#5491);
#5490 = CARTESIAN_POINT('',(-0.,-12.5));
#5491 = VECTOR('',#5492,1.);
#5492 = DIRECTION('',(-1.,-0.));
#5493 = ( GEOMETRIC_REPRESENTATION_CONTEXT(2) 
PARAMETRIC_REPRESENTATION_CONTEXT() REPRESENTATION_CONTEXT('2D SPACE',''
  ) );
#5494 = PCURVE('',#5495,#5500);
#5495 = PLANE('',#5496);
#5496 = AXIS2_PLACEMENT_3D('',#5497,#5498,#5499);
#5497 = CARTESIAN_POINT('',(18.324006105325,46.669392794851,201.));
#5498 = DIRECTION('',(0.939692620786,0.342020143326,0.));
#5499 = DIRECTION('',(0.,0.,1.));
#5500 = DEFINITIONAL_REPRESENTATION('',(#5501),#5505);
#5501 = CIRCLE('',#5502,1.9);
#5502 = AXIS2_PLACEMENT_2D('',#5503,#5504);
#5503 = CARTESIAN_POINT('',(0.,0.));
#5504 = DIRECTION('',(1.,0.));
#5505 = ( GEOMETRIC_REPRESENTATION_CONTEXT(2) 
PARAMETRIC_REPRESENTATION_CONTEXT() REPRESENTATION_CONTEXT('2D SPACE',''
  ) );
#5506 = ORIENTED_EDGE('',*,*,#5457,.F.);
#5507 = ORIENTED_EDGE('',*,*,#1105,.F.);
#5508 = ORIENTED_EDGE('',*,*,#1248,.T.);
#5509 = ORIENTED_EDGE('',*,*,#702,.T.);
#5510 = ADVANCED_FACE('',(#5511,#5514),#1235,.T.);
#5511 = FACE_BOUND('',#5512,.T.);
#5512 = EDGE_LOOP('',(#5513));
#5513 = ORIENTED_EDGE('',*,*,#1220,.T.);
#5514 = FACE_BOUND('',#5515,.T.);
#5515 = EDGE_LOOP('',(#5516));
#5516 = ORIENTED_EDGE('',*,*,#5517,.F.);
#5517 = EDGE_CURVE('',#5518,#5518,#5520,.T.);
#5518 = VERTEX_POINT('',#5519);
#5519 = CARTESIAN_POINT('',(6.,40.,233.));
#5520 = SURFACE_CURVE('',#5521,(#5526,#5533),.PCURVE_S1.);
#5521 = CIRCLE('',#5522,6.);
#5522 = AXIS2_PLACEMENT_3D('',#5523,#5524,#5525);
#5523 = CARTESIAN_POINT('',(0.,40.,233.));
#5524 = DIRECTION('',(0.,0.,1.));
#5525 = DIRECTION('',(1.,0.,0.));
#5526 = PCURVE('',#1235,#5527);
#5527 = DEFINITIONAL_REPRESENTATION('',(#5528),#5532);
#5528 = CIRCLE('',#5529,6.);
#5529 = AXIS2_PLACEMENT_2D('',#5530,#5531);
#5530 = CARTESIAN_POINT('',(1.709300165674E-16,7.105427357601E-15));
#5531 = DIRECTION('',(1.,0.));
#5532 = ( GEOMETRIC_REPRESENTATION_CONTEXT(2) 
PARAMETRIC_REPRESENTATION_CONTEXT() REPRESENTATION_CONTEXT('2D SPACE',''
  ) );
#5533 = PCURVE('',#5534,#5539);
#5534 = CYLINDRICAL_SURFACE('',#5535,6.);
#5535 = AXIS2_PLACEMENT_3D('',#5536,#5537,#5538);
#5536 = CARTESIAN_POINT('',(0.,40.,233.));
#5537 = DIRECTION('',(-0.,-0.,-1.));
#5538 = DIRECTION('',(1.,0.,0.));
#5539 = DEFINITIONAL_REPRESENTATION('',(#5540),#5544);
#5540 = LINE('',#5541,#5542);
#5541 = CARTESIAN_POINT('',(-0.,0.));
#5542 = VECTOR('',#5543,1.);
#5543 = DIRECTION('',(-1.,0.));
#5544 = ( GEOMETRIC_REPRESENTATION_CONTEXT(2) 
PARAMETRIC_REPRESENTATION_CONTEXT() REPRESENTATION_CONTEXT('2D SPACE',''
  ) );
#5545 = ADVANCED_FACE('',(#5546),#1879,.T.);
#5546 = FACE_BOUND('',#5547,.T.);
#5547 = EDGE_LOOP('',(#5548,#5571,#5598,#5599));
#5548 = ORIENTED_EDGE('',*,*,#5549,.T.);
#5549 = EDGE_CURVE('',#1558,#5550,#5552,.T.);
#5550 = VERTEX_POINT('',#5551);
#5551 = CARTESIAN_POINT('',(-12.53435838888,54.93786664082,225.9));
#5552 = SEAM_CURVE('',#5553,(#5557,#5564),.PCURVE_S1.);
#5553 = LINE('',#5554,#5555);
#5554 = CARTESIAN_POINT('',(-4.499513267806,45.362311101833,227.));
#5555 = VECTOR('',#5556,1.);
#5556 = DIRECTION('',(-0.640313098782,0.763095435859,-8.766123030951E-02
    ));
#5557 = PCURVE('',#1879,#5558);
#5558 = DEFINITIONAL_REPRESENTATION('',(#5559),#5563);
#5559 = LINE('',#5560,#5561);
#5560 = CARTESIAN_POINT('',(-6.28318530718,0.));
#5561 = VECTOR('',#5562,1.);
#5562 = DIRECTION('',(-0.,-1.));
#5563 = ( GEOMETRIC_REPRESENTATION_CONTEXT(2) 
PARAMETRIC_REPRESENTATION_CONTEXT() REPRESENTATION_CONTEXT('2D SPACE',''
  ) );
#5564 = PCURVE('',#1879,#5565);
#5565 = DEFINITIONAL_REPRESENTATION('',(#5566),#5570);
#5566 = LINE('',#5567,#5568);
#5567 = CARTESIAN_POINT('',(0.,-0.));
#5568 = VECTOR('',#5569,1.);
#5569 = DIRECTION('',(-0.,-1.));
#5570 = ( GEOMETRIC_REPRESENTATION_CONTEXT(2) 
PARAMETRIC_REPRESENTATION_CONTEXT() REPRESENTATION_CONTEXT('2D SPACE',''
  ) );
#5571 = ORIENTED_EDGE('',*,*,#5572,.F.);
#5572 = EDGE_CURVE('',#5550,#5550,#5573,.T.);
#5573 = SURFACE_CURVE('',#5574,(#5579,#5586),.PCURVE_S1.);
#5574 = CIRCLE('',#5575,1.9);
#5575 = AXIS2_PLACEMENT_3D('',#5576,#5577,#5578);
#5576 = CARTESIAN_POINT('',(-12.53435838888,54.93786664082,224.));
#5577 = DIRECTION('',(-0.642787609687,0.766044443119,0.));
#5578 = DIRECTION('',(0.,0.,1.));
#5579 = PCURVE('',#1879,#5580);
#5580 = DEFINITIONAL_REPRESENTATION('',(#5581),#5585);
#5581 = LINE('',#5582,#5583);
#5582 = CARTESIAN_POINT('',(-0.,-12.5));
#5583 = VECTOR('',#5584,1.);
#5584 = DIRECTION('',(-1.,-0.));
#5585 = ( GEOMETRIC_REPRESENTATION_CONTEXT(2) 
PARAMETRIC_REPRESENTATION_CONTEXT() REPRESENTATION_CONTEXT('2D SPACE',''
  ) );
#5586 = PCURVE('',#5587,#5592);
#5587 = PLANE('',#5588);
#5588 = AXIS2_PLACEMENT_3D('',#5589,#5590,#5591);
#5589 = CARTESIAN_POINT('',(-12.53435838888,54.93786664082,224.));
#5590 = DIRECTION('',(-0.642787609687,0.766044443119,0.));
#5591 = DIRECTION('',(0.,0.,1.));
#5592 = DEFINITIONAL_REPRESENTATION('',(#5593),#5597);
#5593 = CIRCLE('',#5594,1.9);
#5594 = AXIS2_PLACEMENT_2D('',#5595,#5596);
#5595 = CARTESIAN_POINT('',(0.,0.));
#5596 = DIRECTION('',(1.,0.));
#5597 = ( GEOMETRIC_REPRESENTATION_CONTEXT(2) 
PARAMETRIC_REPRESENTATION_CONTEXT() REPRESENTATION_CONTEXT('2D SPACE',''
  ) );
#5598 = ORIENTED_EDGE('',*,*,#5549,.F.);
#5599 = ORIENTED_EDGE('',*,*,#1557,.F.);
#5600 = ADVANCED_FACE('',(#5601),#2368,.T.);
#5601 = FACE_BOUND('',#5602,.T.);
#5602 = EDGE_LOOP('',(#5603,#5626,#5653,#5654));
#5603 = ORIENTED_EDGE('',*,*,#5604,.T.);
#5604 = EDGE_CURVE('',#2047,#5605,#5607,.T.);
#5605 = VERTEX_POINT('',#5606);
#5606 = CARTESIAN_POINT('',(5.046971379499,58.835553612637,214.4));
#5607 = SEAM_CURVE('',#5608,(#5612,#5619),.PCURVE_S1.);
#5608 = LINE('',#5609,#5610);
#5609 = CARTESIAN_POINT('',(1.811733315718,46.761480784023,215.5));
#5610 = VECTOR('',#5611,1.);
#5611 = DIRECTION('',(0.257822680923,0.962207344548,-8.766123030951E-02)
  );
#5612 = PCURVE('',#2368,#5613);
#5613 = DEFINITIONAL_REPRESENTATION('',(#5614),#5618);
#5614 = LINE('',#5615,#5616);
#5615 = CARTESIAN_POINT('',(-6.28318530718,0.));
#5616 = VECTOR('',#5617,1.);
#5617 = DIRECTION('',(-0.,-1.));
#5618 = ( GEOMETRIC_REPRESENTATION_CONTEXT(2) 
PARAMETRIC_REPRESENTATION_CONTEXT() REPRESENTATION_CONTEXT('2D SPACE',''
  ) );
#5619 = PCURVE('',#2368,#5620);
#5620 = DEFINITIONAL_REPRESENTATION('',(#5621),#5625);
#5621 = LINE('',#5622,#5623);
#5622 = CARTESIAN_POINT('',(0.,-0.));
#5623 = VECTOR('',#5624,1.);
#5624 = DIRECTION('',(-0.,-1.));
#5625 = ( GEOMETRIC_REPRESENTATION_CONTEXT(2) 
PARAMETRIC_REPRESENTATION_CONTEXT() REPRESENTATION_CONTEXT('2D SPACE',''
  ) );
#5626 = ORIENTED_EDGE('',*,*,#5627,.F.);
#5627 = EDGE_CURVE('',#5605,#5605,#5628,.T.);
#5628 = SURFACE_CURVE('',#5629,(#5634,#5641),.PCURVE_S1.);
#5629 = CIRCLE('',#5630,1.9);
#5630 = AXIS2_PLACEMENT_3D('',#5631,#5632,#5633);
#5631 = CARTESIAN_POINT('',(5.046971379499,58.835553612637,212.5));
#5632 = DIRECTION('',(0.258819045103,0.965925826289,-0.));
#5633 = DIRECTION('',(0.,0.,1.));
#5634 = PCURVE('',#2368,#5635);
#5635 = DEFINITIONAL_REPRESENTATION('',(#5636),#5640);
#5636 = LINE('',#5637,#5638);
#5637 = CARTESIAN_POINT('',(-0.,-12.5));
#5638 = VECTOR('',#5639,1.);
#5639 = DIRECTION('',(-1.,-0.));
#5640 = ( GEOMETRIC_REPRESENTATION_CONTEXT(2) 
PARAMETRIC_REPRESENTATION_CONTEXT() REPRESENTATION_CONTEXT('2D SPACE',''
  ) );
#5641 = PCURVE('',#5642,#5647);
#5642 = PLANE('',#5643);
#5643 = AXIS2_PLACEMENT_3D('',#5644,#5645,#5646);
#5644 = CARTESIAN_POINT('',(5.046971379499,58.835553612637,212.5));
#5645 = DIRECTION('',(0.258819045103,0.965925826289,0.));
#5646 = DIRECTION('',(0.,0.,1.));
#5647 = DEFINITIONAL_REPRESENTATION('',(#5648),#5652);
#5648 = CIRCLE('',#5649,1.9);
#5649 = AXIS2_PLACEMENT_2D('',#5650,#5651);
#5650 = CARTESIAN_POINT('',(0.,0.));
#5651 = DIRECTION('',(1.,0.));
#5652 = ( GEOMETRIC_REPRESENTATION_CONTEXT(2) 
PARAMETRIC_REPRESENTATION_CONTEXT() REPRESENTATION_CONTEXT('2D SPACE',''
  ) );
#5653 = ORIENTED_EDGE('',*,*,#5604,.F.);
#5654 = ORIENTED_EDGE('',*,*,#2046,.F.);
#5655 = ADVANCED_FACE('',(#5656),#2857,.T.);
#5656 = FACE_BOUND('',#5657,.T.);
#5657 = EDGE_LOOP('',(#5658,#5681,#5708,#5709));
#5658 = ORIENTED_EDGE('',*,*,#5659,.T.);
#5659 = EDGE_CURVE('',#2536,#5660,#5662,.T.);
#5660 = VERTEX_POINT('',#5661);
#5661 = CARTESIAN_POINT('',(12.534358388888,25.06213335918,225.9));
#5662 = SEAM_CURVE('',#5663,(#5667,#5674),.PCURVE_S1.);
#5663 = LINE('',#5664,#5665);
#5664 = CARTESIAN_POINT('',(4.499513267806,34.637688898167,227.));
#5665 = VECTOR('',#5666,1.);
#5666 = DIRECTION('',(0.640313098782,-0.763095435859,-8.766123030951E-02
    ));
#5667 = PCURVE('',#2857,#5668);
#5668 = DEFINITIONAL_REPRESENTATION('',(#5669),#5673);
#5669 = LINE('',#5670,#5671);
#5670 = CARTESIAN_POINT('',(-6.28318530718,0.));
#5671 = VECTOR('',#5672,1.);
#5672 = DIRECTION('',(-0.,-1.));
#5673 = ( GEOMETRIC_REPRESENTATION_CONTEXT(2) 
PARAMETRIC_REPRESENTATION_CONTEXT() REPRESENTATION_CONTEXT('2D SPACE',''
  ) );
#5674 = PCURVE('',#2857,#5675);
#5675 = DEFINITIONAL_REPRESENTATION('',(#5676),#5680);
#5676 = LINE('',#5677,#5678);
#5677 = CARTESIAN_POINT('',(0.,-0.));
#5678 = VECTOR('',#5679,1.);
#5679 = DIRECTION('',(-0.,-1.));
#5680 = ( GEOMETRIC_REPRESENTATION_CONTEXT(2) 
PARAMETRIC_REPRESENTATION_CONTEXT() REPRESENTATION_CONTEXT('2D SPACE',''
  ) );
#5681 = ORIENTED_EDGE('',*,*,#5682,.F.);
#5682 = EDGE_CURVE('',#5660,#5660,#5683,.T.);
#5683 = SURFACE_CURVE('',#5684,(#5689,#5696),.PCURVE_S1.);
#5684 = CIRCLE('',#5685,1.9);
#5685 = AXIS2_PLACEMENT_3D('',#5686,#5687,#5688);
#5686 = CARTESIAN_POINT('',(12.534358388888,25.06213335918,224.));
#5687 = DIRECTION('',(0.642787609687,-0.766044443119,0.));
#5688 = DIRECTION('',(0.,0.,1.));
#5689 = PCURVE('',#2857,#5690);
#5690 = DEFINITIONAL_REPRESENTATION('',(#5691),#5695);
#5691 = LINE('',#5692,#5693);
#5692 = CARTESIAN_POINT('',(-0.,-12.5));
#5693 = VECTOR('',#5694,1.);
#5694 = DIRECTION('',(-1.,-0.));
#5695 = ( GEOMETRIC_REPRESENTATION_CONTEXT(2) 
PARAMETRIC_REPRESENTATION_CONTEXT() REPRESENTATION_CONTEXT('2D SPACE',''
  ) );
#5696 = PCURVE('',#5697,#5702);
#5697 = PLANE('',#5698);
#5698 = AXIS2_PLACEMENT_3D('',#5699,#5700,#5701);
#5699 = CARTESIAN_POINT('',(12.534358388888,25.06213335918,224.));
#5700 = DIRECTION('',(0.642787609687,-0.766044443119,0.));
#5701 = DIRECTION('',(0.,0.,1.));
#5702 = DEFINITIONAL_REPRESENTATION('',(#5703),#5707);
#5703 = CIRCLE('',#5704,1.9);
#5704 = AXIS2_PLACEMENT_2D('',#5705,#5706);
#5705 = CARTESIAN_POINT('',(0.,0.));
#5706 = DIRECTION('',(1.,0.));
#5707 = ( GEOMETRIC_REPRESENTATION_CONTEXT(2) 
PARAMETRIC_REPRESENTATION_CONTEXT() REPRESENTATION_CONTEXT('2D SPACE',''
  ) );
#5708 = ORIENTED_EDGE('',*,*,#5659,.F.);
#5709 = ORIENTED_EDGE('',*,*,#2535,.F.);
#5710 = ADVANCED_FACE('',(#5711),#3346,.T.);
#5711 = FACE_BOUND('',#5712,.T.);
#5712 = EDGE_LOOP('',(#5713,#5736,#5763,#5764));
#5713 = ORIENTED_EDGE('',*,*,#5714,.T.);
#5714 = EDGE_CURVE('',#3025,#5715,#5717,.T.);
#5715 = VERTEX_POINT('',#5716);
#5716 = CARTESIAN_POINT('',(-5.046971379499,21.164446387363,214.4));
#5717 = SEAM_CURVE('',#5718,(#5722,#5729),.PCURVE_S1.);
#5718 = LINE('',#5719,#5720);
#5719 = CARTESIAN_POINT('',(-1.811733315718,33.238519215977,215.5));
#5720 = VECTOR('',#5721,1.);
#5721 = DIRECTION('',(-0.257822680923,-0.962207344548,
    -8.766123030951E-02));
#5722 = PCURVE('',#3346,#5723);
#5723 = DEFINITIONAL_REPRESENTATION('',(#5724),#5728);
#5724 = LINE('',#5725,#5726);
#5725 = CARTESIAN_POINT('',(-6.28318530718,0.));
#5726 = VECTOR('',#5727,1.);
#5727 = DIRECTION('',(-0.,-1.));
#5728 = ( GEOMETRIC_REPRESENTATION_CONTEXT(2) 
PARAMETRIC_REPRESENTATION_CONTEXT() REPRESENTATION_CONTEXT('2D SPACE',''
  ) );
#5729 = PCURVE('',#3346,#5730);
#5730 = DEFINITIONAL_REPRESENTATION('',(#5731),#5735);
#5731 = LINE('',#5732,#5733);
#5732 = CARTESIAN_POINT('',(0.,-0.));
#5733 = VECTOR('',#5734,1.);
#5734 = DIRECTION('',(-0.,-1.));
#5735 = ( GEOMETRIC_REPRESENTATION_CONTEXT(2) 
PARAMETRIC_REPRESENTATION_CONTEXT() REPRESENTATION_CONTEXT('2D SPACE',''
  ) );
#5736 = ORIENTED_EDGE('',*,*,#5737,.F.);
#5737 = EDGE_CURVE('',#5715,#5715,#5738,.T.);
#5738 = SURFACE_CURVE('',#5739,(#5744,#5751),.PCURVE_S1.);
#5739 = CIRCLE('',#5740,1.9);
#5740 = AXIS2_PLACEMENT_3D('',#5741,#5742,#5743);
#5741 = CARTESIAN_POINT('',(-5.046971379499,21.164446387363,212.5));
#5742 = DIRECTION('',(-0.258819045103,-0.965925826289,0.));
#5743 = DIRECTION('',(0.,0.,1.));
#5744 = PCURVE('',#3346,#5745);
#5745 = DEFINITIONAL_REPRESENTATION('',(#5746),#5750);
#5746 = LINE('',#5747,#5748);
#5747 = CARTESIAN_POINT('',(-0.,-12.5));
#5748 = VECTOR('',#5749,1.);
#5749 = DIRECTION('',(-1.,-0.));
#5750 = ( GEOMETRIC_REPRESENTATION_CONTEXT(2) 
PARAMETRIC_REPRESENTATION_CONTEXT() REPRESENTATION_CONTEXT('2D SPACE',''
  ) );
#5751 = PCURVE('',#5752,#5757);
#5752 = PLANE('',#5753);
#5753 = AXIS2_PLACEMENT_3D('',#5754,#5755,#5756);
#5754 = CARTESIAN_POINT('',(-5.046971379499,21.164446387363,212.5));
#5755 = DIRECTION('',(-0.258819045103,-0.965925826289,0.));
#5756 = DIRECTION('',(0.,0.,1.));
#5757 = DEFINITIONAL_REPRESENTATION('',(#5758),#5762);
#5758 = CIRCLE('',#5759,1.9);
#5759 = AXIS2_PLACEMENT_2D('',#5760,#5761);
#5760 = CARTESIAN_POINT('',(0.,0.));
#5761 = DIRECTION('',(1.,0.));
#5762 = ( GEOMETRIC_REPRESENTATION_CONTEXT(2) 
PARAMETRIC_REPRESENTATION_CONTEXT() REPRESENTATION_CONTEXT('2D SPACE',''
  ) );
#5763 = ORIENTED_EDGE('',*,*,#5714,.F.);
#5764 = ORIENTED_EDGE('',*,*,#3024,.F.);
#5765 = ADVANCED_FACE('',(#5766),#3835,.T.);
#5766 = FACE_BOUND('',#5767,.T.);
#5767 = EDGE_LOOP('',(#5768,#5791,#5818,#5819));
#5768 = ORIENTED_EDGE('',*,*,#5769,.T.);
#5769 = EDGE_CURVE('',#3514,#5770,#5772,.T.);
#5770 = VERTEX_POINT('',#5771);
#5771 = CARTESIAN_POINT('',(-18.32400610532,33.330607205149,202.9));
#5772 = SEAM_CURVE('',#5773,(#5777,#5784),.PCURVE_S1.);
#5773 = LINE('',#5774,#5775);
#5774 = CARTESIAN_POINT('',(-6.577848345501,37.60585899672,204.));
#5775 = VECTOR('',#5776,1.);
#5776 = DIRECTION('',(-0.936075127851,-0.340703483575,
    -8.766123030951E-02));
#5777 = PCURVE('',#3835,#5778);
#5778 = DEFINITIONAL_REPRESENTATION('',(#5779),#5783);
#5779 = LINE('',#5780,#5781);
#5780 = CARTESIAN_POINT('',(-6.28318530718,0.));
#5781 = VECTOR('',#5782,1.);
#5782 = DIRECTION('',(-0.,-1.));
#5783 = ( GEOMETRIC_REPRESENTATION_CONTEXT(2) 
PARAMETRIC_REPRESENTATION_CONTEXT() REPRESENTATION_CONTEXT('2D SPACE',''
  ) );
#5784 = PCURVE('',#3835,#5785);
#5785 = DEFINITIONAL_REPRESENTATION('',(#5786),#5790);
#5786 = LINE('',#5787,#5788);
#5787 = CARTESIAN_POINT('',(0.,-0.));
#5788 = VECTOR('',#5789,1.);
#5789 = DIRECTION('',(-0.,-1.));
#5790 = ( GEOMETRIC_REPRESENTATION_CONTEXT(2) 
PARAMETRIC_REPRESENTATION_CONTEXT() REPRESENTATION_CONTEXT('2D SPACE',''
  ) );
#5791 = ORIENTED_EDGE('',*,*,#5792,.F.);
#5792 = EDGE_CURVE('',#5770,#5770,#5793,.T.);
#5793 = SURFACE_CURVE('',#5794,(#5799,#5806),.PCURVE_S1.);
#5794 = CIRCLE('',#5795,1.9);
#5795 = AXIS2_PLACEMENT_3D('',#5796,#5797,#5798);
#5796 = CARTESIAN_POINT('',(-18.32400610532,33.330607205149,201.));
#5797 = DIRECTION('',(-0.939692620786,-0.342020143326,0.));
#5798 = DIRECTION('',(0.,0.,1.));
#5799 = PCURVE('',#3835,#5800);
#5800 = DEFINITIONAL_REPRESENTATION('',(#5801),#5805);
#5801 = LINE('',#5802,#5803);
#5802 = CARTESIAN_POINT('',(-0.,-12.5));
#5803 = VECTOR('',#5804,1.);
#5804 = DIRECTION('',(-1.,-0.));
#5805 = ( GEOMETRIC_REPRESENTATION_CONTEXT(2) 
PARAMETRIC_REPRESENTATION_CONTEXT() REPRESENTATION_CONTEXT('2D SPACE',''
  ) );
#5806 = PCURVE('',#5807,#5812);
#5807 = PLANE('',#5808);
#5808 = AXIS2_PLACEMENT_3D('',#5809,#5810,#5811);
#5809 = CARTESIAN_POINT('',(-18.32400610532,33.330607205149,201.));
#5810 = DIRECTION('',(-0.939692620786,-0.342020143326,0.));
#5811 = DIRECTION('',(0.,0.,1.));
#5812 = DEFINITIONAL_REPRESENTATION('',(#5813),#5817);
#5813 = CIRCLE('',#5814,1.9);
#5814 = AXIS2_PLACEMENT_2D('',#5815,#5816);
#5815 = CARTESIAN_POINT('',(0.,0.));
#5816 = DIRECTION('',(1.,0.));
#5817 = ( GEOMETRIC_REPRESENTATION_CONTEXT(2) 
PARAMETRIC_REPRESENTATION_CONTEXT() REPRESENTATION_CONTEXT('2D SPACE',''
  ) );
#5818 = ORIENTED_EDGE('',*,*,#5769,.F.);
#5819 = ORIENTED_EDGE('',*,*,#3513,.F.);
#5820 = ADVANCED_FACE('',(#5821),#4305,.F.);
#5821 = FACE_BOUND('',#5822,.F.);
#5822 = EDGE_LOOP('',(#5823,#5824,#5843,#5844));
#5823 = ORIENTED_EDGE('',*,*,#5415,.F.);
#5824 = ORIENTED_EDGE('',*,*,#5825,.T.);
#5825 = EDGE_CURVE('',#5395,#5153,#5826,.T.);
#5826 = SURFACE_CURVE('',#5827,(#5830,#5837),.PCURVE_S1.);
#5827 = B_SPLINE_CURVE_WITH_KNOTS('',1,(#5828,#5829),.UNSPECIFIED.,.F.,
  .F.,(2,2),(0.,5.),.PIECEWISE_BEZIER_KNOTS.);
#5828 = CARTESIAN_POINT('',(7.195613954537,40.251276376258,158.7));
#5829 = CARTESIAN_POINT('',(7.195613954537,40.251276376258,153.7));
#5830 = PCURVE('',#4305,#5831);
#5831 = DEFINITIONAL_REPRESENTATION('',(#5832),#5836);
#5832 = LINE('',#5833,#5834);
#5833 = CARTESIAN_POINT('',(0.,0.));
#5834 = VECTOR('',#5835,1.);
#5835 = DIRECTION('',(1.,0.));
#5836 = ( GEOMETRIC_REPRESENTATION_CONTEXT(2) 
PARAMETRIC_REPRESENTATION_CONTEXT() REPRESENTATION_CONTEXT('2D SPACE',''
  ) );
#5837 = PCURVE('',#5204,#5838);
#5838 = DEFINITIONAL_REPRESENTATION('',(#5839),#5842);
#5839 = B_SPLINE_CURVE_WITH_KNOTS('',1,(#5840,#5841),.UNSPECIFIED.,.F.,
  .F.,(2,2),(0.,5.),.PIECEWISE_BEZIER_KNOTS.);
#5840 = CARTESIAN_POINT('',(-2.5,-6.01992999402));
#5841 = CARTESIAN_POINT('',(2.5,-6.01992999402));
#5842 = ( GEOMETRIC_REPRESENTATION_CONTEXT(2) 
PARAMETRIC_REPRESENTATION_CONTEXT() REPRESENTATION_CONTEXT('2D SPACE',''
  ) );
#5843 = ORIENTED_EDGE('',*,*,#5152,.T.);
#5844 = ORIENTED_EDGE('',*,*,#4261,.T.);
#5845 = ADVANCED_FACE('',(#5846),#4133,.F.);
#5846 = FACE_BOUND('',#5847,.F.);
#5847 = EDGE_LOOP('',(#5848,#5849,#5868,#5869));
#5848 = ORIENTED_EDGE('',*,*,#4748,.F.);
#5849 = ORIENTED_EDGE('',*,*,#5850,.T.);
#5850 = EDGE_CURVE('',#4728,#4486,#5851,.T.);
#5851 = SURFACE_CURVE('',#5852,(#5855,#5862),.PCURVE_S1.);
#5852 = B_SPLINE_CURVE_WITH_KNOTS('',1,(#5853,#5854),.UNSPECIFIED.,.F.,
  .F.,(2,2),(0.,5.),.PIECEWISE_BEZIER_KNOTS.);
#5853 = CARTESIAN_POINT('',(-7.195613954537,39.748723623742,158.7));
#5854 = CARTESIAN_POINT('',(-7.195613954537,39.748723623742,153.7));
#5855 = PCURVE('',#4133,#5856);
#5856 = DEFINITIONAL_REPRESENTATION('',(#5857),#5861);
#5857 = LINE('',#5858,#5859);
#5858 = CARTESIAN_POINT('',(0.,0.));
#5859 = VECTOR('',#5860,1.);
#5860 = DIRECTION('',(1.,0.));
#5861 = ( GEOMETRIC_REPRESENTATION_CONTEXT(2) 
PARAMETRIC_REPRESENTATION_CONTEXT() REPRESENTATION_CONTEXT('2D SPACE',''
  ) );
#5862 = PCURVE('',#4537,#5863);
#5863 = DEFINITIONAL_REPRESENTATION('',(#5864),#5867);
#5864 = B_SPLINE_CURVE_WITH_KNOTS('',1,(#5865,#5866),.UNSPECIFIED.,.F.,
  .F.,(2,2),(0.,5.),.PIECEWISE_BEZIER_KNOTS.);
#5865 = CARTESIAN_POINT('',(-2.5,-6.01992999402));
#5866 = CARTESIAN_POINT('',(2.5,-6.01992999402));
#5867 = ( GEOMETRIC_REPRESENTATION_CONTEXT(2) 
PARAMETRIC_REPRESENTATION_CONTEXT() REPRESENTATION_CONTEXT('2D SPACE',''
  ) );
#5868 = ORIENTED_EDGE('',*,*,#4485,.T.);
#5869 = ORIENTED_EDGE('',*,*,#4087,.T.);
#5870 = ADVANCED_FACE('',(#5871),#4375,.T.);
#5871 = FACE_BOUND('',#5872,.F.);
#5872 = EDGE_LOOP('',(#5873,#5902,#5923,#5924));
#5873 = ORIENTED_EDGE('',*,*,#5874,.F.);
#5874 = EDGE_CURVE('',#5875,#5875,#5877,.T.);
#5875 = VERTEX_POINT('',#5876);
#5876 = CARTESIAN_POINT('',(7.,40.,156.));
#5877 = SURFACE_CURVE('',#5878,(#5883,#5890),.PCURVE_S1.);
#5878 = CIRCLE('',#5879,7.);
#5879 = AXIS2_PLACEMENT_3D('',#5880,#5881,#5882);
#5880 = CARTESIAN_POINT('',(0.,40.,156.));
#5881 = DIRECTION('',(0.,0.,1.));
#5882 = DIRECTION('',(1.,0.,0.));
#5883 = PCURVE('',#4375,#5884);
#5884 = DEFINITIONAL_REPRESENTATION('',(#5885),#5889);
#5885 = LINE('',#5886,#5887);
#5886 = CARTESIAN_POINT('',(-0.,0.));
#5887 = VECTOR('',#5888,1.);
#5888 = DIRECTION('',(-1.,0.));
#5889 = ( GEOMETRIC_REPRESENTATION_CONTEXT(2) 
PARAMETRIC_REPRESENTATION_CONTEXT() REPRESENTATION_CONTEXT('2D SPACE',''
  ) );
#5890 = PCURVE('',#5891,#5896);
#5891 = PLANE('',#5892);
#5892 = AXIS2_PLACEMENT_3D('',#5893,#5894,#5895);
#5893 = CARTESIAN_POINT('',(-1.953485903628E-16,40.,156.));
#5894 = DIRECTION('',(0.,0.,1.));
#5895 = DIRECTION('',(1.,0.,-0.));
#5896 = DEFINITIONAL_REPRESENTATION('',(#5897),#5901);
#5897 = CIRCLE('',#5898,7.);
#5898 = AXIS2_PLACEMENT_2D('',#5899,#5900);
#5899 = CARTESIAN_POINT('',(1.953485903628E-16,0.));
#5900 = DIRECTION('',(1.,0.));
#5901 = ( GEOMETRIC_REPRESENTATION_CONTEXT(2) 
PARAMETRIC_REPRESENTATION_CONTEXT() REPRESENTATION_CONTEXT('2D SPACE',''
  ) );
#5902 = ORIENTED_EDGE('',*,*,#5903,.T.);
#5903 = EDGE_CURVE('',#5875,#4355,#5904,.T.);
#5904 = SEAM_CURVE('',#5905,(#5909,#5916),.PCURVE_S1.);
#5905 = LINE('',#5906,#5907);
#5906 = CARTESIAN_POINT('',(7.,40.,156.));
#5907 = VECTOR('',#5908,1.);
#5908 = DIRECTION('',(0.,0.,1.));
#5909 = PCURVE('',#4375,#5910);
#5910 = DEFINITIONAL_REPRESENTATION('',(#5911),#5915);
#5911 = LINE('',#5912,#5913);
#5912 = CARTESIAN_POINT('',(-6.28318530718,0.));
#5913 = VECTOR('',#5914,1.);
#5914 = DIRECTION('',(-0.,-1.));
#5915 = ( GEOMETRIC_REPRESENTATION_CONTEXT(2) 
PARAMETRIC_REPRESENTATION_CONTEXT() REPRESENTATION_CONTEXT('2D SPACE',''
  ) );
#5916 = PCURVE('',#4375,#5917);
#5917 = DEFINITIONAL_REPRESENTATION('',(#5918),#5922);
#5918 = LINE('',#5919,#5920);
#5919 = CARTESIAN_POINT('',(-0.,0.));
#5920 = VECTOR('',#5921,1.);
#5921 = DIRECTION('',(-0.,-1.));
#5922 = ( GEOMETRIC_REPRESENTATION_CONTEXT(2) 
PARAMETRIC_REPRESENTATION_CONTEXT() REPRESENTATION_CONTEXT('2D SPACE',''
  ) );
#5923 = ORIENTED_EDGE('',*,*,#4354,.F.);
#5924 = ORIENTED_EDGE('',*,*,#5903,.F.);
#5925 = ADVANCED_FACE('',(#5926),#4578,.F.);
#5926 = FACE_BOUND('',#5927,.F.);
#5927 = EDGE_LOOP('',(#5928,#5929,#5948,#5949));
#5928 = ORIENTED_EDGE('',*,*,#4548,.F.);
#5929 = ORIENTED_EDGE('',*,*,#5930,.T.);
#5930 = EDGE_CURVE('',#4523,#4691,#5931,.T.);
#5931 = SURFACE_CURVE('',#5932,(#5935,#5942),.PCURVE_S1.);
#5932 = B_SPLINE_CURVE_WITH_KNOTS('',1,(#5933,#5934),.UNSPECIFIED.,.F.,
  .F.,(2,2),(0.,3.),.PIECEWISE_BEZIER_KNOTS.);
#5933 = CARTESIAN_POINT('',(-19.98781654038,39.30201006595,154.7));
#5934 = CARTESIAN_POINT('',(-19.98781654038,39.30201006595,157.7));
#5935 = PCURVE('',#4578,#5936);
#5936 = DEFINITIONAL_REPRESENTATION('',(#5937),#5941);
#5937 = LINE('',#5938,#5939);
#5938 = CARTESIAN_POINT('',(0.,0.));
#5939 = VECTOR('',#5940,1.);
#5940 = DIRECTION('',(1.,0.));
#5941 = ( GEOMETRIC_REPRESENTATION_CONTEXT(2) 
PARAMETRIC_REPRESENTATION_CONTEXT() REPRESENTATION_CONTEXT('2D SPACE',''
  ) );
#5942 = PCURVE('',#4537,#5943);
#5943 = DEFINITIONAL_REPRESENTATION('',(#5944),#5947);
#5944 = B_SPLINE_CURVE_WITH_KNOTS('',1,(#5945,#5946),.UNSPECIFIED.,.F.,
  .F.,(2,2),(0.,3.),.PIECEWISE_BEZIER_KNOTS.);
#5945 = CARTESIAN_POINT('',(1.5,6.78007000598));
#5946 = CARTESIAN_POINT('',(-1.5,6.78007000598));
#5947 = ( GEOMETRIC_REPRESENTATION_CONTEXT(2) 
PARAMETRIC_REPRESENTATION_CONTEXT() REPRESENTATION_CONTEXT('2D SPACE',''
  ) );
#5948 = ORIENTED_EDGE('',*,*,#4690,.T.);
#5949 = ORIENTED_EDGE('',*,*,#4647,.F.);
#5950 = ADVANCED_FACE('',(#5951),#4537,.T.);
#5951 = FACE_BOUND('',#5952,.T.);
#5952 = EDGE_LOOP('',(#5953,#5954,#5955,#5956));
#5953 = ORIENTED_EDGE('',*,*,#4522,.T.);
#5954 = ORIENTED_EDGE('',*,*,#5930,.T.);
#5955 = ORIENTED_EDGE('',*,*,#4727,.T.);
#5956 = ORIENTED_EDGE('',*,*,#5850,.T.);
#5957 = ADVANCED_FACE('',(#5958),#5245,.F.);
#5958 = FACE_BOUND('',#5959,.F.);
#5959 = EDGE_LOOP('',(#5960,#5961,#5980,#5981));
#5960 = ORIENTED_EDGE('',*,*,#5215,.F.);
#5961 = ORIENTED_EDGE('',*,*,#5962,.T.);
#5962 = EDGE_CURVE('',#5190,#5358,#5963,.T.);
#5963 = SURFACE_CURVE('',#5964,(#5967,#5974),.PCURVE_S1.);
#5964 = B_SPLINE_CURVE_WITH_KNOTS('',1,(#5965,#5966),.UNSPECIFIED.,.F.,
  .F.,(2,2),(0.,3.),.PIECEWISE_BEZIER_KNOTS.);
#5965 = CARTESIAN_POINT('',(19.987816540382,40.69798993405,154.7));
#5966 = CARTESIAN_POINT('',(19.987816540382,40.69798993405,157.7));
#5967 = PCURVE('',#5245,#5968);
#5968 = DEFINITIONAL_REPRESENTATION('',(#5969),#5973);
#5969 = LINE('',#5970,#5971);
#5970 = CARTESIAN_POINT('',(0.,0.));
#5971 = VECTOR('',#5972,1.);
#5972 = DIRECTION('',(1.,0.));
#5973 = ( GEOMETRIC_REPRESENTATION_CONTEXT(2) 
PARAMETRIC_REPRESENTATION_CONTEXT() REPRESENTATION_CONTEXT('2D SPACE',''
  ) );
#5974 = PCURVE('',#5204,#5975);
#5975 = DEFINITIONAL_REPRESENTATION('',(#5976),#5979);
#5976 = B_SPLINE_CURVE_WITH_KNOTS('',1,(#5977,#5978),.UNSPECIFIED.,.F.,
  .F.,(2,2),(0.,3.),.PIECEWISE_BEZIER_KNOTS.);
#5977 = CARTESIAN_POINT('',(1.5,6.78007000598));
#5978 = CARTESIAN_POINT('',(-1.5,6.78007000598));
#5979 = ( GEOMETRIC_REPRESENTATION_CONTEXT(2) 
PARAMETRIC_REPRESENTATION_CONTEXT() REPRESENTATION_CONTEXT('2D SPACE',''
  ) );
#5980 = ORIENTED_EDGE('',*,*,#5357,.T.);
#5981 = ORIENTED_EDGE('',*,*,#5314,.F.);
#5982 = ADVANCED_FACE('',(#5983),#5204,.T.);
#5983 = FACE_BOUND('',#5984,.T.);
#5984 = EDGE_LOOP('',(#5985,#5986,#5987,#5988));
#5985 = ORIENTED_EDGE('',*,*,#5189,.T.);
#5986 = ORIENTED_EDGE('',*,*,#5962,.T.);
#5987 = ORIENTED_EDGE('',*,*,#5394,.T.);
#5988 = ORIENTED_EDGE('',*,*,#5825,.T.);
#5989 = ADVANCED_FACE('',(#5990),#5495,.T.);
#5990 = FACE_BOUND('',#5991,.T.);
#5991 = EDGE_LOOP('',(#5992));
#5992 = ORIENTED_EDGE('',*,*,#5480,.T.);
#5993 = ADVANCED_FACE('',(#5994),#5534,.T.);
#5994 = FACE_BOUND('',#5995,.F.);
#5995 = EDGE_LOOP('',(#5996,#6019,#6046,#6047));
#5996 = ORIENTED_EDGE('',*,*,#5997,.T.);
#5997 = EDGE_CURVE('',#5518,#5998,#6000,.T.);
#5998 = VERTEX_POINT('',#5999);
#5999 = CARTESIAN_POINT('',(6.,40.,253.));
#6000 = SEAM_CURVE('',#6001,(#6005,#6012),.PCURVE_S1.);
#6001 = LINE('',#6002,#6003);
#6002 = CARTESIAN_POINT('',(6.,40.,233.));
#6003 = VECTOR('',#6004,1.);
#6004 = DIRECTION('',(0.,0.,1.));
#6005 = PCURVE('',#5534,#6006);
#6006 = DEFINITIONAL_REPRESENTATION('',(#6007),#6011);
#6007 = LINE('',#6008,#6009);
#6008 = CARTESIAN_POINT('',(-0.,0.));
#6009 = VECTOR('',#6010,1.);
#6010 = DIRECTION('',(-0.,-1.));
#6011 = ( GEOMETRIC_REPRESENTATION_CONTEXT(2) 
PARAMETRIC_REPRESENTATION_CONTEXT() REPRESENTATION_CONTEXT('2D SPACE',''
  ) );
#6012 = PCURVE('',#5534,#6013);
#6013 = DEFINITIONAL_REPRESENTATION('',(#6014),#6018);
#6014 = LINE('',#6015,#6016);
#6015 = CARTESIAN_POINT('',(-6.28318530718,0.));
#6016 = VECTOR('',#6017,1.);
#6017 = DIRECTION('',(-0.,-1.));
#6018 = ( GEOMETRIC_REPRESENTATION_CONTEXT(2) 
PARAMETRIC_REPRESENTATION_CONTEXT() REPRESENTATION_CONTEXT('2D SPACE',''
  ) );
#6019 = ORIENTED_EDGE('',*,*,#6020,.T.);
#6020 = EDGE_CURVE('',#5998,#5998,#6021,.T.);
#6021 = SURFACE_CURVE('',#6022,(#6027,#6034),.PCURVE_S1.);
#6022 = CIRCLE('',#6023,6.);
#6023 = AXIS2_PLACEMENT_3D('',#6024,#6025,#6026);
#6024 = CARTESIAN_POINT('',(0.,40.,253.));
#6025 = DIRECTION('',(0.,0.,1.));
#6026 = DIRECTION('',(1.,0.,0.));
#6027 = PCURVE('',#5534,#6028);
#6028 = DEFINITIONAL_REPRESENTATION('',(#6029),#6033);
#6029 = LINE('',#6030,#6031);
#6030 = CARTESIAN_POINT('',(-0.,-20.));
#6031 = VECTOR('',#6032,1.);
#6032 = DIRECTION('',(-1.,0.));
#6033 = ( GEOMETRIC_REPRESENTATION_CONTEXT(2) 
PARAMETRIC_REPRESENTATION_CONTEXT() REPRESENTATION_CONTEXT('2D SPACE',''
  ) );
#6034 = PCURVE('',#6035,#6040);
#6035 = PLANE('',#6036);
#6036 = AXIS2_PLACEMENT_3D('',#6037,#6038,#6039);
#6037 = CARTESIAN_POINT('',(-4.558133775131E-16,40.,253.));
#6038 = DIRECTION('',(0.,0.,1.));
#6039 = DIRECTION('',(1.,0.,-0.));
#6040 = DEFINITIONAL_REPRESENTATION('',(#6041),#6045);
#6041 = CIRCLE('',#6042,6.);
#6042 = AXIS2_PLACEMENT_2D('',#6043,#6044);
#6043 = CARTESIAN_POINT('',(4.558133775131E-16,0.));
#6044 = DIRECTION('',(1.,0.));
#6045 = ( GEOMETRIC_REPRESENTATION_CONTEXT(2) 
PARAMETRIC_REPRESENTATION_CONTEXT() REPRESENTATION_CONTEXT('2D SPACE',''
  ) );
#6046 = ORIENTED_EDGE('',*,*,#5997,.F.);
#6047 = ORIENTED_EDGE('',*,*,#5517,.F.);
#6048 = ADVANCED_FACE('',(#6049),#5587,.T.);
#6049 = FACE_BOUND('',#6050,.T.);
#6050 = EDGE_LOOP('',(#6051));
#6051 = ORIENTED_EDGE('',*,*,#5572,.T.);
#6052 = ADVANCED_FACE('',(#6053),#5642,.T.);
#6053 = FACE_BOUND('',#6054,.T.);
#6054 = EDGE_LOOP('',(#6055));
#6055 = ORIENTED_EDGE('',*,*,#5627,.T.);
#6056 = ADVANCED_FACE('',(#6057),#5697,.T.);
#6057 = FACE_BOUND('',#6058,.T.);
#6058 = EDGE_LOOP('',(#6059));
#6059 = ORIENTED_EDGE('',*,*,#5682,.T.);
#6060 = ADVANCED_FACE('',(#6061),#5752,.T.);
#6061 = FACE_BOUND('',#6062,.T.);
#6062 = EDGE_LOOP('',(#6063));
#6063 = ORIENTED_EDGE('',*,*,#5737,.T.);
#6064 = ADVANCED_FACE('',(#6065),#5807,.T.);
#6065 = FACE_BOUND('',#6066,.T.);
#6066 = EDGE_LOOP('',(#6067));
#6067 = ORIENTED_EDGE('',*,*,#5792,.T.);
#6068 = ADVANCED_FACE('',(#6069,#6072),#5891,.F.);
#6069 = FACE_BOUND('',#6070,.F.);
#6070 = EDGE_LOOP('',(#6071));
#6071 = ORIENTED_EDGE('',*,*,#5874,.T.);
#6072 = FACE_BOUND('',#6073,.F.);
#6073 = EDGE_LOOP('',(#6074,#6102,#6128,#6154));
#6074 = ORIENTED_EDGE('',*,*,#6075,.T.);
#6075 = EDGE_CURVE('',#6076,#6078,#6080,.T.);
#6076 = VERTEX_POINT('',#6077);
#6077 = CARTESIAN_POINT('',(4.15,44.15,156.));
#6078 = VERTEX_POINT('',#6079);
#6079 = CARTESIAN_POINT('',(4.15,35.85,156.));
#6080 = SURFACE_CURVE('',#6081,(#6085,#6091),.PCURVE_S1.);
#6081 = LINE('',#6082,#6083);
#6082 = CARTESIAN_POINT('',(4.15,37.925,156.));
#6083 = VECTOR('',#6084,1.);
#6084 = DIRECTION('',(0.,-1.,0.));
#6085 = PCURVE('',#5891,#6086);
#6086 = DEFINITIONAL_REPRESENTATION('',(#6087),#6090);
#6087 = B_SPLINE_CURVE_WITH_KNOTS('',1,(#6088,#6089),.UNSPECIFIED.,.F.,
  .F.,(2,2),(-6.225,2.075),.PIECEWISE_BEZIER_KNOTS.);
#6088 = CARTESIAN_POINT('',(4.15,4.15));
#6089 = CARTESIAN_POINT('',(4.15,-4.15));
#6090 = ( GEOMETRIC_REPRESENTATION_CONTEXT(2) 
PARAMETRIC_REPRESENTATION_CONTEXT() REPRESENTATION_CONTEXT('2D SPACE',''
  ) );
#6091 = PCURVE('',#6092,#6097);
#6092 = PLANE('',#6093);
#6093 = AXIS2_PLACEMENT_3D('',#6094,#6095,#6096);
#6094 = CARTESIAN_POINT('',(4.15,35.85,154.));
#6095 = DIRECTION('',(-1.,0.,0.));
#6096 = DIRECTION('',(0.,1.,0.));
#6097 = DEFINITIONAL_REPRESENTATION('',(#6098),#6101);
#6098 = B_SPLINE_CURVE_WITH_KNOTS('',1,(#6099,#6100),.UNSPECIFIED.,.F.,
  .F.,(2,2),(-6.225,2.075),.PIECEWISE_BEZIER_KNOTS.);
#6099 = CARTESIAN_POINT('',(8.3,-2.));
#6100 = CARTESIAN_POINT('',(0.,-2.));
#6101 = ( GEOMETRIC_REPRESENTATION_CONTEXT(2) 
PARAMETRIC_REPRESENTATION_CONTEXT() REPRESENTATION_CONTEXT('2D SPACE',''
  ) );
#6102 = ORIENTED_EDGE('',*,*,#6103,.T.);
#6103 = EDGE_CURVE('',#6078,#6104,#6106,.T.);
#6104 = VERTEX_POINT('',#6105);
#6105 = CARTESIAN_POINT('',(-4.15,35.85,156.));
#6106 = SURFACE_CURVE('',#6107,(#6111,#6117),.PCURVE_S1.);
#6107 = LINE('',#6108,#6109);
#6108 = CARTESIAN_POINT('',(-2.075,35.85,156.));
#6109 = VECTOR('',#6110,1.);
#6110 = DIRECTION('',(-1.,0.,0.));
#6111 = PCURVE('',#5891,#6112);
#6112 = DEFINITIONAL_REPRESENTATION('',(#6113),#6116);
#6113 = B_SPLINE_CURVE_WITH_KNOTS('',1,(#6114,#6115),.UNSPECIFIED.,.F.,
  .F.,(2,2),(-6.225,2.075),.PIECEWISE_BEZIER_KNOTS.);
#6114 = CARTESIAN_POINT('',(4.15,-4.15));
#6115 = CARTESIAN_POINT('',(-4.15,-4.15));
#6116 = ( GEOMETRIC_REPRESENTATION_CONTEXT(2) 
PARAMETRIC_REPRESENTATION_CONTEXT() REPRESENTATION_CONTEXT('2D SPACE',''
  ) );
#6117 = PCURVE('',#6118,#6123);
#6118 = PLANE('',#6119);
#6119 = AXIS2_PLACEMENT_3D('',#6120,#6121,#6122);
#6120 = CARTESIAN_POINT('',(-4.15,35.85,154.));
#6121 = DIRECTION('',(0.,1.,0.));
#6122 = DIRECTION('',(1.,0.,0.));
#6123 = DEFINITIONAL_REPRESENTATION('',(#6124),#6127);
#6124 = B_SPLINE_CURVE_WITH_KNOTS('',1,(#6125,#6126),.UNSPECIFIED.,.F.,
  .F.,(2,2),(-6.225,2.075),.PIECEWISE_BEZIER_KNOTS.);
#6125 = CARTESIAN_POINT('',(8.3,-2.));
#6126 = CARTESIAN_POINT('',(0.,-2.));
#6127 = ( GEOMETRIC_REPRESENTATION_CONTEXT(2) 
PARAMETRIC_REPRESENTATION_CONTEXT() REPRESENTATION_CONTEXT('2D SPACE',''
  ) );
#6128 = ORIENTED_EDGE('',*,*,#6129,.T.);
#6129 = EDGE_CURVE('',#6104,#6130,#6132,.T.);
#6130 = VERTEX_POINT('',#6131);
#6131 = CARTESIAN_POINT('',(-4.15,44.15,156.));
#6132 = SURFACE_CURVE('',#6133,(#6137,#6143),.PCURVE_S1.);
#6133 = LINE('',#6134,#6135);
#6134 = CARTESIAN_POINT('',(-4.15,42.075,156.));
#6135 = VECTOR('',#6136,1.);
#6136 = DIRECTION('',(-0.,1.,0.));
#6137 = PCURVE('',#5891,#6138);
#6138 = DEFINITIONAL_REPRESENTATION('',(#6139),#6142);
#6139 = B_SPLINE_CURVE_WITH_KNOTS('',1,(#6140,#6141),.UNSPECIFIED.,.F.,
  .F.,(2,2),(-6.225,2.075),.PIECEWISE_BEZIER_KNOTS.);
#6140 = CARTESIAN_POINT('',(-4.15,-4.15));
#6141 = CARTESIAN_POINT('',(-4.15,4.15));
#6142 = ( GEOMETRIC_REPRESENTATION_CONTEXT(2) 
PARAMETRIC_REPRESENTATION_CONTEXT() REPRESENTATION_CONTEXT('2D SPACE',''
  ) );
#6143 = PCURVE('',#6144,#6149);
#6144 = PLANE('',#6145);
#6145 = AXIS2_PLACEMENT_3D('',#6146,#6147,#6148);
#6146 = CARTESIAN_POINT('',(-4.15,44.15,154.));
#6147 = DIRECTION('',(1.,0.,-0.));
#6148 = DIRECTION('',(0.,-1.,0.));
#6149 = DEFINITIONAL_REPRESENTATION('',(#6150),#6153);
#6150 = B_SPLINE_CURVE_WITH_KNOTS('',1,(#6151,#6152),.UNSPECIFIED.,.F.,
  .F.,(2,2),(-6.225,2.075),.PIECEWISE_BEZIER_KNOTS.);
#6151 = CARTESIAN_POINT('',(8.3,-2.));
#6152 = CARTESIAN_POINT('',(0.,-2.));
#6153 = ( GEOMETRIC_REPRESENTATION_CONTEXT(2) 
PARAMETRIC_REPRESENTATION_CONTEXT() REPRESENTATION_CONTEXT('2D SPACE',''
  ) );
#6154 = ORIENTED_EDGE('',*,*,#6155,.T.);
#6155 = EDGE_CURVE('',#6130,#6076,#6156,.T.);
#6156 = SURFACE_CURVE('',#6157,(#6161,#6167),.PCURVE_S1.);
#6157 = LINE('',#6158,#6159);
#6158 = CARTESIAN_POINT('',(2.075,44.15,156.));
#6159 = VECTOR('',#6160,1.);
#6160 = DIRECTION('',(1.,0.,-0.));
#6161 = PCURVE('',#5891,#6162);
#6162 = DEFINITIONAL_REPRESENTATION('',(#6163),#6166);
#6163 = B_SPLINE_CURVE_WITH_KNOTS('',1,(#6164,#6165),.UNSPECIFIED.,.F.,
  .F.,(2,2),(-6.225,2.075),.PIECEWISE_BEZIER_KNOTS.);
#6164 = CARTESIAN_POINT('',(-4.15,4.15));
#6165 = CARTESIAN_POINT('',(4.15,4.15));
#6166 = ( GEOMETRIC_REPRESENTATION_CONTEXT(2) 
PARAMETRIC_REPRESENTATION_CONTEXT() REPRESENTATION_CONTEXT('2D SPACE',''
  ) );
#6167 = PCURVE('',#6168,#6173);
#6168 = PLANE('',#6169);
#6169 = AXIS2_PLACEMENT_3D('',#6170,#6171,#6172);
#6170 = CARTESIAN_POINT('',(4.15,44.15,154.));
#6171 = DIRECTION('',(0.,-1.,0.));
#6172 = DIRECTION('',(-1.,0.,0.));
#6173 = DEFINITIONAL_REPRESENTATION('',(#6174),#6177);
#6174 = B_SPLINE_CURVE_WITH_KNOTS('',1,(#6175,#6176),.UNSPECIFIED.,.F.,
  .F.,(2,2),(-6.225,2.075),.PIECEWISE_BEZIER_KNOTS.);
#6175 = CARTESIAN_POINT('',(8.3,-2.));
#6176 = CARTESIAN_POINT('',(0.,-2.));
#6177 = ( GEOMETRIC_REPRESENTATION_CONTEXT(2) 
PARAMETRIC_REPRESENTATION_CONTEXT() REPRESENTATION_CONTEXT('2D SPACE',''
  ) );
#6178 = ADVANCED_FACE('',(#6179),#6035,.T.);
#6179 = FACE_BOUND('',#6180,.T.);
#6180 = EDGE_LOOP('',(#6181));
#6181 = ORIENTED_EDGE('',*,*,#6020,.T.);
#6182 = ADVANCED_FACE('',(#6183),#6092,.T.);
#6183 = FACE_BOUND('',#6184,.T.);
#6184 = EDGE_LOOP('',(#6185,#6186,#6209,#6237));
#6185 = ORIENTED_EDGE('',*,*,#6075,.T.);
#6186 = ORIENTED_EDGE('',*,*,#6187,.T.);
#6187 = EDGE_CURVE('',#6078,#6188,#6190,.T.);
#6188 = VERTEX_POINT('',#6189);
#6189 = CARTESIAN_POINT('',(4.15,35.85,232.));
#6190 = SURFACE_CURVE('',#6191,(#6195,#6202),.PCURVE_S1.);
#6191 = LINE('',#6192,#6193);
#6192 = CARTESIAN_POINT('',(4.15,35.85,154.));
#6193 = VECTOR('',#6194,1.);
#6194 = DIRECTION('',(0.,0.,1.));
#6195 = PCURVE('',#6092,#6196);
#6196 = DEFINITIONAL_REPRESENTATION('',(#6197),#6201);
#6197 = LINE('',#6198,#6199);
#6198 = CARTESIAN_POINT('',(0.,0.));
#6199 = VECTOR('',#6200,1.);
#6200 = DIRECTION('',(0.,-1.));
#6201 = ( GEOMETRIC_REPRESENTATION_CONTEXT(2) 
PARAMETRIC_REPRESENTATION_CONTEXT() REPRESENTATION_CONTEXT('2D SPACE',''
  ) );
#6202 = PCURVE('',#6118,#6203);
#6203 = DEFINITIONAL_REPRESENTATION('',(#6204),#6208);
#6204 = LINE('',#6205,#6206);
#6205 = CARTESIAN_POINT('',(8.3,0.));
#6206 = VECTOR('',#6207,1.);
#6207 = DIRECTION('',(0.,-1.));
#6208 = ( GEOMETRIC_REPRESENTATION_CONTEXT(2) 
PARAMETRIC_REPRESENTATION_CONTEXT() REPRESENTATION_CONTEXT('2D SPACE',''
  ) );
#6209 = ORIENTED_EDGE('',*,*,#6210,.T.);
#6210 = EDGE_CURVE('',#6188,#6211,#6213,.T.);
#6211 = VERTEX_POINT('',#6212);
#6212 = CARTESIAN_POINT('',(4.15,44.15,232.));
#6213 = SURFACE_CURVE('',#6214,(#6218,#6225),.PCURVE_S1.);
#6214 = LINE('',#6215,#6216);
#6215 = CARTESIAN_POINT('',(4.15,35.85,232.));
#6216 = VECTOR('',#6217,1.);
#6217 = DIRECTION('',(0.,1.,0.));
#6218 = PCURVE('',#6092,#6219);
#6219 = DEFINITIONAL_REPRESENTATION('',(#6220),#6224);
#6220 = LINE('',#6221,#6222);
#6221 = CARTESIAN_POINT('',(0.,-78.));
#6222 = VECTOR('',#6223,1.);
#6223 = DIRECTION('',(1.,0.));
#6224 = ( GEOMETRIC_REPRESENTATION_CONTEXT(2) 
PARAMETRIC_REPRESENTATION_CONTEXT() REPRESENTATION_CONTEXT('2D SPACE',''
  ) );
#6225 = PCURVE('',#6226,#6231);
#6226 = PLANE('',#6227);
#6227 = AXIS2_PLACEMENT_3D('',#6228,#6229,#6230);
#6228 = CARTESIAN_POINT('',(0.,40.,232.));
#6229 = DIRECTION('',(0.,0.,1.));
#6230 = DIRECTION('',(1.,0.,-0.));
#6231 = DEFINITIONAL_REPRESENTATION('',(#6232),#6236);
#6232 = LINE('',#6233,#6234);
#6233 = CARTESIAN_POINT('',(4.15,-4.15));
#6234 = VECTOR('',#6235,1.);
#6235 = DIRECTION('',(0.,1.));
#6236 = ( GEOMETRIC_REPRESENTATION_CONTEXT(2) 
PARAMETRIC_REPRESENTATION_CONTEXT() REPRESENTATION_CONTEXT('2D SPACE',''
  ) );
#6237 = ORIENTED_EDGE('',*,*,#6238,.F.);
#6238 = EDGE_CURVE('',#6076,#6211,#6239,.T.);
#6239 = SURFACE_CURVE('',#6240,(#6244,#6251),.PCURVE_S1.);
#6240 = LINE('',#6241,#6242);
#6241 = CARTESIAN_POINT('',(4.15,44.15,154.));
#6242 = VECTOR('',#6243,1.);
#6243 = DIRECTION('',(0.,0.,1.));
#6244 = PCURVE('',#6092,#6245);
#6245 = DEFINITIONAL_REPRESENTATION('',(#6246),#6250);
#6246 = LINE('',#6247,#6248);
#6247 = CARTESIAN_POINT('',(8.3,0.));
#6248 = VECTOR('',#6249,1.);
#6249 = DIRECTION('',(0.,-1.));
#6250 = ( GEOMETRIC_REPRESENTATION_CONTEXT(2) 
PARAMETRIC_REPRESENTATION_CONTEXT() REPRESENTATION_CONTEXT('2D SPACE',''
  ) );
#6251 = PCURVE('',#6168,#6252);
#6252 = DEFINITIONAL_REPRESENTATION('',(#6253),#6257);
#6253 = LINE('',#6254,#6255);
#6254 = CARTESIAN_POINT('',(0.,-0.));
#6255 = VECTOR('',#6256,1.);
#6256 = DIRECTION('',(0.,-1.));
#6257 = ( GEOMETRIC_REPRESENTATION_CONTEXT(2) 
PARAMETRIC_REPRESENTATION_CONTEXT() REPRESENTATION_CONTEXT('2D SPACE',''
  ) );
#6258 = ADVANCED_FACE('',(#6259),#6168,.T.);
#6259 = FACE_BOUND('',#6260,.T.);
#6260 = EDGE_LOOP('',(#6261,#6262,#6263,#6286));
#6261 = ORIENTED_EDGE('',*,*,#6155,.T.);
#6262 = ORIENTED_EDGE('',*,*,#6238,.T.);
#6263 = ORIENTED_EDGE('',*,*,#6264,.T.);
#6264 = EDGE_CURVE('',#6211,#6265,#6267,.T.);
#6265 = VERTEX_POINT('',#6266);
#6266 = CARTESIAN_POINT('',(-4.15,44.15,232.));
#6267 = SURFACE_CURVE('',#6268,(#6272,#6279),.PCURVE_S1.);
#6268 = LINE('',#6269,#6270);
#6269 = CARTESIAN_POINT('',(4.15,44.15,232.));
#6270 = VECTOR('',#6271,1.);
#6271 = DIRECTION('',(-1.,0.,0.));
#6272 = PCURVE('',#6168,#6273);
#6273 = DEFINITIONAL_REPRESENTATION('',(#6274),#6278);
#6274 = LINE('',#6275,#6276);
#6275 = CARTESIAN_POINT('',(0.,-78.));
#6276 = VECTOR('',#6277,1.);
#6277 = DIRECTION('',(1.,0.));
#6278 = ( GEOMETRIC_REPRESENTATION_CONTEXT(2) 
PARAMETRIC_REPRESENTATION_CONTEXT() REPRESENTATION_CONTEXT('2D SPACE',''
  ) );
#6279 = PCURVE('',#6226,#6280);
#6280 = DEFINITIONAL_REPRESENTATION('',(#6281),#6285);
#6281 = LINE('',#6282,#6283);
#6282 = CARTESIAN_POINT('',(4.15,4.15));
#6283 = VECTOR('',#6284,1.);
#6284 = DIRECTION('',(-1.,0.));
#6285 = ( GEOMETRIC_REPRESENTATION_CONTEXT(2) 
PARAMETRIC_REPRESENTATION_CONTEXT() REPRESENTATION_CONTEXT('2D SPACE',''
  ) );
#6286 = ORIENTED_EDGE('',*,*,#6287,.F.);
#6287 = EDGE_CURVE('',#6130,#6265,#6288,.T.);
#6288 = SURFACE_CURVE('',#6289,(#6293,#6300),.PCURVE_S1.);
#6289 = LINE('',#6290,#6291);
#6290 = CARTESIAN_POINT('',(-4.15,44.15,154.));
#6291 = VECTOR('',#6292,1.);
#6292 = DIRECTION('',(0.,0.,1.));
#6293 = PCURVE('',#6168,#6294);
#6294 = DEFINITIONAL_REPRESENTATION('',(#6295),#6299);
#6295 = LINE('',#6296,#6297);
#6296 = CARTESIAN_POINT('',(8.3,0.));
#6297 = VECTOR('',#6298,1.);
#6298 = DIRECTION('',(0.,-1.));
#6299 = ( GEOMETRIC_REPRESENTATION_CONTEXT(2) 
PARAMETRIC_REPRESENTATION_CONTEXT() REPRESENTATION_CONTEXT('2D SPACE',''
  ) );
#6300 = PCURVE('',#6144,#6301);
#6301 = DEFINITIONAL_REPRESENTATION('',(#6302),#6306);
#6302 = LINE('',#6303,#6304);
#6303 = CARTESIAN_POINT('',(0.,0.));
#6304 = VECTOR('',#6305,1.);
#6305 = DIRECTION('',(0.,-1.));
#6306 = ( GEOMETRIC_REPRESENTATION_CONTEXT(2) 
PARAMETRIC_REPRESENTATION_CONTEXT() REPRESENTATION_CONTEXT('2D SPACE',''
  ) );
#6307 = ADVANCED_FACE('',(#6308),#6144,.T.);
#6308 = FACE_BOUND('',#6309,.T.);
#6309 = EDGE_LOOP('',(#6310,#6311,#6312,#6335));
#6310 = ORIENTED_EDGE('',*,*,#6129,.T.);
#6311 = ORIENTED_EDGE('',*,*,#6287,.T.);
#6312 = ORIENTED_EDGE('',*,*,#6313,.T.);
#6313 = EDGE_CURVE('',#6265,#6314,#6316,.T.);
#6314 = VERTEX_POINT('',#6315);
#6315 = CARTESIAN_POINT('',(-4.15,35.85,232.));
#6316 = SURFACE_CURVE('',#6317,(#6321,#6328),.PCURVE_S1.);
#6317 = LINE('',#6318,#6319);
#6318 = CARTESIAN_POINT('',(-4.15,44.15,232.));
#6319 = VECTOR('',#6320,1.);
#6320 = DIRECTION('',(0.,-1.,0.));
#6321 = PCURVE('',#6144,#6322);
#6322 = DEFINITIONAL_REPRESENTATION('',(#6323),#6327);
#6323 = LINE('',#6324,#6325);
#6324 = CARTESIAN_POINT('',(0.,-78.));
#6325 = VECTOR('',#6326,1.);
#6326 = DIRECTION('',(1.,0.));
#6327 = ( GEOMETRIC_REPRESENTATION_CONTEXT(2) 
PARAMETRIC_REPRESENTATION_CONTEXT() REPRESENTATION_CONTEXT('2D SPACE',''
  ) );
#6328 = PCURVE('',#6226,#6329);
#6329 = DEFINITIONAL_REPRESENTATION('',(#6330),#6334);
#6330 = LINE('',#6331,#6332);
#6331 = CARTESIAN_POINT('',(-4.15,4.15));
#6332 = VECTOR('',#6333,1.);
#6333 = DIRECTION('',(0.,-1.));
#6334 = ( GEOMETRIC_REPRESENTATION_CONTEXT(2) 
PARAMETRIC_REPRESENTATION_CONTEXT() REPRESENTATION_CONTEXT('2D SPACE',''
  ) );
#6335 = ORIENTED_EDGE('',*,*,#6336,.F.);
#6336 = EDGE_CURVE('',#6104,#6314,#6337,.T.);
#6337 = SURFACE_CURVE('',#6338,(#6342,#6349),.PCURVE_S1.);
#6338 = LINE('',#6339,#6340);
#6339 = CARTESIAN_POINT('',(-4.15,35.85,154.));
#6340 = VECTOR('',#6341,1.);
#6341 = DIRECTION('',(0.,0.,1.));
#6342 = PCURVE('',#6144,#6343);
#6343 = DEFINITIONAL_REPRESENTATION('',(#6344),#6348);
#6344 = LINE('',#6345,#6346);
#6345 = CARTESIAN_POINT('',(8.3,0.));
#6346 = VECTOR('',#6347,1.);
#6347 = DIRECTION('',(0.,-1.));
#6348 = ( GEOMETRIC_REPRESENTATION_CONTEXT(2) 
PARAMETRIC_REPRESENTATION_CONTEXT() REPRESENTATION_CONTEXT('2D SPACE',''
  ) );
#6349 = PCURVE('',#6118,#6350);
#6350 = DEFINITIONAL_REPRESENTATION('',(#6351),#6355);
#6351 = LINE('',#6352,#6353);
#6352 = CARTESIAN_POINT('',(0.,0.));
#6353 = VECTOR('',#6354,1.);
#6354 = DIRECTION('',(0.,-1.));
#6355 = ( GEOMETRIC_REPRESENTATION_CONTEXT(2) 
PARAMETRIC_REPRESENTATION_CONTEXT() REPRESENTATION_CONTEXT('2D SPACE',''
  ) );
#6356 = ADVANCED_FACE('',(#6357),#6118,.T.);
#6357 = FACE_BOUND('',#6358,.T.);
#6358 = EDGE_LOOP('',(#6359,#6360,#6361,#6382));
#6359 = ORIENTED_EDGE('',*,*,#6103,.T.);
#6360 = ORIENTED_EDGE('',*,*,#6336,.T.);
#6361 = ORIENTED_EDGE('',*,*,#6362,.T.);
#6362 = EDGE_CURVE('',#6314,#6188,#6363,.T.);
#6363 = SURFACE_CURVE('',#6364,(#6368,#6375),.PCURVE_S1.);
#6364 = LINE('',#6365,#6366);
#6365 = CARTESIAN_POINT('',(-4.15,35.85,232.));
#6366 = VECTOR('',#6367,1.);
#6367 = DIRECTION('',(1.,0.,0.));
#6368 = PCURVE('',#6118,#6369);
#6369 = DEFINITIONAL_REPRESENTATION('',(#6370),#6374);
#6370 = LINE('',#6371,#6372);
#6371 = CARTESIAN_POINT('',(0.,-78.));
#6372 = VECTOR('',#6373,1.);
#6373 = DIRECTION('',(1.,0.));
#6374 = ( GEOMETRIC_REPRESENTATION_CONTEXT(2) 
PARAMETRIC_REPRESENTATION_CONTEXT() REPRESENTATION_CONTEXT('2D SPACE',''
  ) );
#6375 = PCURVE('',#6226,#6376);
#6376 = DEFINITIONAL_REPRESENTATION('',(#6377),#6381);
#6377 = LINE('',#6378,#6379);
#6378 = CARTESIAN_POINT('',(-4.15,-4.15));
#6379 = VECTOR('',#6380,1.);
#6380 = DIRECTION('',(1.,0.));
#6381 = ( GEOMETRIC_REPRESENTATION_CONTEXT(2) 
PARAMETRIC_REPRESENTATION_CONTEXT() REPRESENTATION_CONTEXT('2D SPACE',''
  ) );
#6382 = ORIENTED_EDGE('',*,*,#6187,.F.);
#6383 = ADVANCED_FACE('',(#6384),#6226,.F.);
#6384 = FACE_BOUND('',#6385,.F.);
#6385 = EDGE_LOOP('',(#6386,#6387,#6388,#6389));
#6386 = ORIENTED_EDGE('',*,*,#6362,.T.);
#6387 = ORIENTED_EDGE('',*,*,#6210,.T.);
#6388 = ORIENTED_EDGE('',*,*,#6264,.T.);
#6389 = ORIENTED_EDGE('',*,*,#6313,.T.);
#6390 = ( GEOMETRIC_REPRESENTATION_CONTEXT(3) 
GLOBAL_UNCERTAINTY_ASSIGNED_CONTEXT((#6394)) 
GLOBAL_UNIT_ASSIGNED_CONTEXT((#6391,#6392,#6393)) REPRESENTATION_CONTEXT
('Context #1','3D Context with UNIT and UNCERTAINTY') );
#6391 = ( LENGTH_UNIT() NAMED_UNIT(*) SI_UNIT(.MILLI.,.METRE.) );
#6392 = ( NAMED_UNIT(*) PLANE_ANGLE_UNIT() SI_UNIT($,.RADIAN.) );
#6393 = ( NAMED_UNIT(*) SI_UNIT($,.STERADIAN.) SOLID_ANGLE_UNIT() );
#6394 = UNCERTAINTY_MEASURE_WITH_UNIT(LENGTH_MEASURE(1.E-05),#6391,
  'distance_accuracy_value','confusion accuracy');
#6395 = PRODUCT_RELATED_PRODUCT_CATEGORY('part',$,(#7));
ENDSEC;
END-ISO-10303-21;
