ISO-10303-21;
HEADER;
FILE_DESCRIPTION(('Open CASCADE Model'),'2;1');
FILE_NAME('Open CASCADE Shape Model','2026-09-21T09:31:42',('Author'),(
    'Open CASCADE'),'Open CASCADE STEP processor 7.9','Open CASCADE 7.9'
  ,'Unknown');
FILE_SCHEMA(('AUTOMOTIVE_DESIGN { 1 0 10303 214 1 1 1 1 }'));
ENDSEC;
DATA;
#1 = APPLICATION_PROTOCOL_DEFINITION('international standard',
  'automotive_design',2000,#2);
#2 = APPLICATION_CONTEXT(
  'core data for automotive mechanical design processes');
#3 = SHAPE_DEFINITION_REPRESENTATION(#4,#10);
#4 = PRODUCT_DEFINITION_SHAPE('','',#5);
#5 = PRODUCT_DEFINITION('design','',#6,#9);
#6 = PRODUCT_DEFINITION_FORMATION('','',#7);
#7 = PRODUCT('Open CASCADE STEP translator 7.9 15',
  'Open CASCADE STEP translator 7.9 15','',(#8));
#8 = PRODUCT_CONTEXT('',#2,'mechanical');
#9 = PRODUCT_DEFINITION_CONTEXT('part definition',#2,'design');
#10 = ADVANCED_BREP_SHAPE_REPRESENTATION('',(#11,#15),#4302);
#11 = AXIS2_PLACEMENT_3D('',#12,#13,#14);
#12 = CARTESIAN_POINT('',(0.,0.,0.));
#13 = DIRECTION('',(0.,0.,1.));
#14 = DIRECTION('',(1.,0.,-0.));
#15 = MANIFOLD_SOLID_BREP('',#16);
#16 = CLOSED_SHELL('',(#17,#501,#611,#2147,#2542,#2587,#2661,#2708,#2755
    ,#2780,#3002,#3047,#3140,#3402,#3658,#3964,#4056,#4236,#4269,#4275)
  );
#17 = ADVANCED_FACE('',(#18),#31,.T.);
#18 = FACE_BOUND('',#19,.F.);
#19 = EDGE_LOOP('',(#20,#54,#77,#446,#474,#500));
#20 = ORIENTED_EDGE('',*,*,#21,.F.);
#21 = EDGE_CURVE('',#22,#22,#24,.T.);
#22 = VERTEX_POINT('',#23);
#23 = CARTESIAN_POINT('',(8.,40.,-151.));
#24 = SURFACE_CURVE('',#25,(#30,#42),.PCURVE_S1.);
#25 = CIRCLE('',#26,8.);
#26 = AXIS2_PLACEMENT_3D('',#27,#28,#29);
#27 = CARTESIAN_POINT('',(0.,40.,-151.));
#28 = DIRECTION('',(0.,0.,1.));
#29 = DIRECTION('',(1.,0.,0.));
#30 = PCURVE('',#31,#36);
#31 = CYLINDRICAL_SURFACE('',#32,8.);
#32 = AXIS2_PLACEMENT_3D('',#33,#34,#35);
#33 = CARTESIAN_POINT('',(0.,40.,-151.));
#34 = DIRECTION('',(-0.,-0.,-1.));
#35 = DIRECTION('',(1.,0.,0.));
#36 = DEFINITIONAL_REPRESENTATION('',(#37),#41);
#37 = LINE('',#38,#39);
#38 = CARTESIAN_POINT('',(-0.,0.));
#39 = VECTOR('',#40,1.);
#40 = DIRECTION('',(-1.,0.));
#41 = ( GEOMETRIC_REPRESENTATION_CONTEXT(2) 
PARAMETRIC_REPRESENTATION_CONTEXT() REPRESENTATION_CONTEXT('2D SPACE',''
  ) );
#42 = PCURVE('',#43,#48);
#43 = PLANE('',#44);
#44 = AXIS2_PLACEMENT_3D('',#45,#46,#47);
#45 = CARTESIAN_POINT('',(-1.709300165674E-16,40.,-151.));
#46 = DIRECTION('',(0.,0.,1.));
#47 = DIRECTION('',(1.,0.,-0.));
#48 = DEFINITIONAL_REPRESENTATION('',(#49),#53);
#49 = CIRCLE('',#50,8.);
#50 = AXIS2_PLACEMENT_2D('',#51,#52);
#51 = CARTESIAN_POINT('',(1.709300165674E-16,7.105427357601E-15));
#52 = DIRECTION('',(1.,0.));
#53 = ( GEOMETRIC_REPRESENTATION_CONTEXT(2) 
PARAMETRIC_REPRESENTATION_CONTEXT() REPRESENTATION_CONTEXT('2D SPACE',''
  ) );
#54 = ORIENTED_EDGE('',*,*,#55,.T.);
#55 = EDGE_CURVE('',#22,#56,#58,.T.);
#56 = VERTEX_POINT('',#57);
#57 = CARTESIAN_POINT('',(8.,40.,-150.4375));
#58 = SEAM_CURVE('',#59,(#63,#70),.PCURVE_S1.);
#59 = LINE('',#60,#61);
#60 = CARTESIAN_POINT('',(8.,40.,-151.));
#61 = VECTOR('',#62,1.);
#62 = DIRECTION('',(0.,0.,1.));
#63 = PCURVE('',#31,#64);
#64 = DEFINITIONAL_REPRESENTATION('',(#65),#69);
#65 = LINE('',#66,#67);
#66 = CARTESIAN_POINT('',(-0.,0.));
#67 = VECTOR('',#68,1.);
#68 = DIRECTION('',(-0.,-1.));
#69 = ( GEOMETRIC_REPRESENTATION_CONTEXT(2) 
PARAMETRIC_REPRESENTATION_CONTEXT() REPRESENTATION_CONTEXT('2D SPACE',''
  ) );
#70 = PCURVE('',#31,#71);
#71 = DEFINITIONAL_REPRESENTATION('',(#72),#76);
#72 = LINE('',#73,#74);
#73 = CARTESIAN_POINT('',(-6.28318530718,0.));
#74 = VECTOR('',#75,1.);
#75 = DIRECTION('',(-0.,-1.));
#76 = ( GEOMETRIC_REPRESENTATION_CONTEXT(2) 
PARAMETRIC_REPRESENTATION_CONTEXT() REPRESENTATION_CONTEXT('2D SPACE',''
  ) );
#77 = ORIENTED_EDGE('',*,*,#78,.T.);
#78 = EDGE_CURVE('',#56,#79,#81,.T.);
#79 = VERTEX_POINT('',#80);
#80 = CARTESIAN_POINT('',(8.,40.,-128.4375026744));
#81 = SURFACE_CURVE('',#82,(#155,#231),.PCURVE_S1.);
#82 = B_SPLINE_CURVE_WITH_KNOTS('',8,(#83,#84,#85,#86,#87,#88,#89,#90,
    #91,#92,#93,#94,#95,#96,#97,#98,#99,#100,#101,#102,#103,#104,#105,
    #106,#107,#108,#109,#110,#111,#112,#113,#114,#115,#116,#117,#118,
    #119,#120,#121,#122,#123,#124,#125,#126,#127,#128,#129,#130,#131,
    #132,#133,#134,#135,#136,#137,#138,#139,#140,#141,#142,#143,#144,
    #145,#146,#147,#148,#149,#150,#151,#152,#153,#154),.UNSPECIFIED.,.F.
  ,.F.,(9,7,7,7,7,7,7,7,7,7,9),(0.,8.869636805374E-02,0.221000640826,
    0.331618109707,0.470786646125,0.602889327109,0.64707922984,
    0.700321445908,0.781167265005,0.856377741436,1.),.UNSPECIFIED.);
#83 = CARTESIAN_POINT('',(8.,40.,-150.4375));
#84 = CARTESIAN_POINT('',(8.,40.557218539098,-150.1936221411));
#85 = CARTESIAN_POINT('',(7.955643746178,41.114488836524,-149.9497230417
    ));
#86 = CARTESIAN_POINT('',(7.866917863766,41.667605936164,-149.7058349662
    ));
#87 = CARTESIAN_POINT('',(7.734302469551,42.212452281445,-149.4619590655
    ));
#88 = CARTESIAN_POINT('',(7.558719461701,42.745008818898,-149.218081045)
  );
#89 = CARTESIAN_POINT('',(7.341511227193,43.261375171571,-148.9741873698
    ));
#90 = CARTESIAN_POINT('',(7.084449766848,43.757798882296,-148.7302820062
    ));
#91 = CARTESIAN_POINT('',(6.350225354467,44.936138942731,-148.1226216999
    ));
#92 = CARTESIAN_POINT('',(5.826687844855,45.589736042613,-147.7586538044
    ));
#93 = CARTESIAN_POINT('',(5.226589344594,46.179253062306,-147.3947862245
    ));
#94 = CARTESIAN_POINT('',(4.559310649269,46.694411525195,-147.0310035784
    ));
#95 = CARTESIAN_POINT('',(3.835548494483,47.126639505683,-146.6672192907
    ));
#96 = CARTESIAN_POINT('',(3.067194714143,47.469123057975,-146.3033486239
    ));
#97 = CARTESIAN_POINT('',(2.267249131404,47.716891317618,-145.9393765227
    ));
#98 = CARTESIAN_POINT('',(0.76643721698,47.993465416373,-145.2714456148)
  );
#99 = CARTESIAN_POINT('',(7.034132328553E-02,48.05159415867,
    -144.9672145599));
#100 = CARTESIAN_POINT('',(-0.630324563042,48.040352759336,
    -144.6630216572));
#101 = CARTESIAN_POINT('',(-1.327470499437,47.959462104798,
    -144.3588669568));
#102 = CARTESIAN_POINT('',(-2.013131830165,47.809728600333,
    -144.0547138948));
#103 = CARTESIAN_POINT('',(-2.679515767137,47.592976604079,
    -143.7505250161));
#104 = CARTESIAN_POINT('',(-3.319066301299,47.312094060693,
    -143.4462976847));
#105 = CARTESIAN_POINT('',(-4.686475664337,46.542272379746,
    -142.7594905067));
#106 = CARTESIAN_POINT('',(-5.395241397231,46.01793954357,
    -142.3765932748));
#107 = CARTESIAN_POINT('',(-6.036190717811,45.406196633076,
    -141.9938261077));
#108 = CARTESIAN_POINT('',(-6.596984838211,44.717584474674,
    -141.6111647536));
#109 = CARTESIAN_POINT('',(-7.067319583769,43.964284364915,
    -141.2285035519));
#110 = CARTESIAN_POINT('',(-7.438999791299,43.159985010963,
    -140.8457371737));
#111 = CARTESIAN_POINT('',(-7.706040141722,42.319769437338,
    -140.4628409565));
#112 = CARTESIAN_POINT('',(-8.017090391909,40.644203680867,
    -139.7169584553));
#113 = CARTESIAN_POINT('',(-8.071903936133,39.80986582056,
    -139.3535451667));
#114 = CARTESIAN_POINT('',(-8.027280736678,38.971142178536,
    -138.9902299448));
#115 = CARTESIAN_POINT('',(-7.883204520979,38.141885005789,
    -138.6269974202));
#116 = CARTESIAN_POINT('',(-7.641768513254,37.335578089867,
    -138.2637632184));
#117 = CARTESIAN_POINT('',(-7.307123186658,36.565217155584,
    -137.9004452508));
#118 = CARTESIAN_POINT('',(-6.885465675502,35.843186904185,
    -137.537032288));
#119 = CARTESIAN_POINT('',(-6.2182971368,34.959181751191,-137.0523042095
    ));
#120 = CARTESIAN_POINT('',(-6.042269552051,34.744219591996,
    -136.9307968221));
#121 = CARTESIAN_POINT('',(-5.857758343759,34.536295477357,
    -136.8092899027));
#122 = CARTESIAN_POINT('',(-5.66509852941,34.335804330788,
    -136.6877820866));
#123 = CARTESIAN_POINT('',(-5.464639742291,34.143114782839,
    -136.5662756621));
#124 = CARTESIAN_POINT('',(-5.256749935249,33.958574366076,
    -136.4447717282));
#125 = CARTESIAN_POINT('',(-5.041819280035,33.782513978135,
    -136.3232656253));
#126 = CARTESIAN_POINT('',(-4.553292899367,33.413695310784,
    -136.0553585762));
#127 = CARTESIAN_POINT('',(-4.276702591498,33.224907518232,
    -135.9089581851));
#128 = CARTESIAN_POINT('',(-3.991194472758,33.049414956788,
    -135.7625584644));
#129 = CARTESIAN_POINT('',(-3.697515733119,32.887705917258,
    -135.6161592497));
#130 = CARTESIAN_POINT('',(-3.396443160996,32.740217485431,
    -135.4697594185));
#131 = CARTESIAN_POINT('',(-3.088781270547,32.60733508158,-135.323358192
    ));
#132 = CARTESIAN_POINT('',(-2.775361071363,32.489390618096,
    -135.1769564724));
#133 = CARTESIAN_POINT('',(-1.973683008046,32.230666527914,
    -134.8082593013));
#134 = CARTESIAN_POINT('',(-1.478968064364,32.109732263141,
    -134.5859422853));
#135 = CARTESIAN_POINT('',(-0.975916986741,32.024842542257,
    -134.3636324332));
#136 = CARTESIAN_POINT('',(-0.46760344817,31.976643505028,
    -134.1413326066));
#137 = CARTESIAN_POINT('',(4.286575190479E-02,31.965468122693,
    -133.9190341477));
#138 = CARTESIAN_POINT('',(0.552367639153,31.991345089975,
    -133.6967277015));
#139 = CARTESIAN_POINT('',(1.05777875817,32.053989856096,-133.4744139761
    ));
#140 = CARTESIAN_POINT('',(2.019472765003,32.24467973872,-133.0453102537
    ));
#141 = CARTESIAN_POINT('',(2.476779441165,32.367872640905,
    -132.8384941746));
#142 = CARTESIAN_POINT('',(2.925405486868,32.521866313108,
    -132.6316828606));
#143 = CARTESIAN_POINT('',(3.362932579157,32.705931229012,
    -132.4248778571));
#144 = CARTESIAN_POINT('',(3.787031122841,32.919119363718,
    -132.2180731099));
#145 = CARTESIAN_POINT('',(4.195467989559,33.160274414195,
    -132.0112624675));
#146 = CARTESIAN_POINT('',(4.586119095365,33.42803140068,-131.8044471719
    ));
#147 = CARTESIAN_POINT('',(5.665197458717,34.279888648997,
    -131.2027298249));
#148 = CARTESIAN_POINT('',(6.301850085682,34.930660265884,-130.807533365
    ));
#149 = CARTESIAN_POINT('',(6.852249092486,35.661888773639,
    -130.4124910817));
#150 = CARTESIAN_POINT('',(7.304878968389,36.459921973775,-130.017571393
    ));
#151 = CARTESIAN_POINT('',(7.650794558964,37.309671006493,
    -129.6226522573));
#152 = CARTESIAN_POINT('',(7.883694751365,38.194764987283,
    -129.2276109859));
#153 = CARTESIAN_POINT('',(8.000000000052,39.097705461731,
    -128.8324157276));
#154 = CARTESIAN_POINT('',(8.,40.,-128.4375026744));
#155 = PCURVE('',#31,#156);
#156 = DEFINITIONAL_REPRESENTATION('',(#157),#230);
#157 = B_SPLINE_CURVE_WITH_KNOTS('',8,(#158,#159,#160,#161,#162,#163,
    #164,#165,#166,#167,#168,#169,#170,#171,#172,#173,#174,#175,#176,
    #177,#178,#179,#180,#181,#182,#183,#184,#185,#186,#187,#188,#189,
    #190,#191,#192,#193,#194,#195,#196,#197,#198,#199,#200,#201,#202,
    #203,#204,#205,#206,#207,#208,#209,#210,#211,#212,#213,#214,#215,
    #216,#217,#218,#219,#220,#221,#222,#223,#224,#225,#226,#227,#228,
    #229),.UNSPECIFIED.,.F.,.F.,(9,7,7,7,7,7,7,7,7,7,9),(0.,
    8.869636805374E-02,0.221000640826,0.331618109707,0.470786646125,
    0.602889327109,0.64707922984,0.700321445908,0.781167265005,
    0.856377741436,1.),.UNSPECIFIED.);
#158 = CARTESIAN_POINT('',(0.,-0.5625));
#159 = CARTESIAN_POINT('',(-6.965231738726E-02,-0.806377858878));
#160 = CARTESIAN_POINT('',(-0.139310973335,-1.050276958298));
#161 = CARTESIAN_POINT('',(-0.208965865849,-1.294165033734));
#162 = CARTESIAN_POINT('',(-0.278616582934,-1.538040934449));
#163 = CARTESIAN_POINT('',(-0.348267465767,-1.781918954965));
#164 = CARTESIAN_POINT('',(-0.417922677311,-2.025812630128));
#165 = CARTESIAN_POINT('',(-0.487581276343,-2.269717993776));
#166 = CARTESIAN_POINT('',(-0.661127505134,-2.877378300068));
#167 = CARTESIAN_POINT('',(-0.765076136255,-3.241346195553));
#168 = CARTESIAN_POINT('',(-0.868996781897,-3.605213775483));
#169 = CARTESIAN_POINT('',(-0.972893683399,-3.968996421574));
#170 = CARTESIAN_POINT('',(-1.076790896118,-4.332780709261));
#171 = CARTESIAN_POINT('',(-1.180712455878,-4.696651376023));
#172 = CARTESIAN_POINT('',(-1.284662690005,-5.060623477291));
#173 = CARTESIAN_POINT('',(-1.47542307777,-5.728554385143));
#174 = CARTESIAN_POINT('',(-1.562311037398,-6.032785440053));
#175 = CARTESIAN_POINT('',(-1.649188046637,-6.336978342718));
#176 = CARTESIAN_POINT('',(-1.736054209248,-6.641133043119));
#177 = CARTESIAN_POINT('',(-1.822920030314,-6.945286105201));
#178 = CARTESIAN_POINT('',(-1.90979618791,-7.249474983859));
#179 = CARTESIAN_POINT('',(-1.996683368359,-7.553702315271));
#180 = CARTESIAN_POINT('',(-2.192835166504,-8.240509493225));
#181 = CARTESIAN_POINT('',(-2.302190427299,-8.62340672514));
#182 = CARTESIAN_POINT('',(-2.411508451004,-9.006173892242));
#183 = CARTESIAN_POINT('',(-2.520796098236,-9.388835246316));
#184 = CARTESIAN_POINT('',(-2.630083685051,-9.771496448038));
#185 = CARTESIAN_POINT('',(-2.739401595677,-10.15426282624));
#186 = CARTESIAN_POINT('',(-2.84875677641,-10.5371590434));
#187 = CARTESIAN_POINT('',(-3.061780867712,-11.28304154465));
#188 = CARTESIAN_POINT('',(-3.165571731077,-11.64645483327));
#189 = CARTESIAN_POINT('',(-3.269334420524,-12.00977005513));
#190 = CARTESIAN_POINT('',(-3.37307310479,-12.37300257972));
#191 = CARTESIAN_POINT('',(-3.476811621994,-12.73623678152));
#192 = CARTESIAN_POINT('',(-3.580573918292,-13.09955474912));
#193 = CARTESIAN_POINT('',(-3.684364681429,-13.46296771198));
#194 = CARTESIAN_POINT('',(-3.822803463565,-13.9476957904));
#195 = CARTESIAN_POINT('',(-3.857506044914,-14.06920317783));
#196 = CARTESIAN_POINT('',(-3.892208911626,-14.19071009728));
#197 = CARTESIAN_POINT('',(-3.926911122168,-14.31221791334));
#198 = CARTESIAN_POINT('',(-3.961612997324,-14.4337243378));
#199 = CARTESIAN_POINT('',(-3.996315087674,-14.55522827178));
#200 = CARTESIAN_POINT('',(-4.0310172158,-14.67673437461));
#201 = CARTESIAN_POINT('',(-4.107531637847,-14.94464142371));
#202 = CARTESIAN_POINT('',(-4.149343629774,-15.09104181487));
#203 = CARTESIAN_POINT('',(-4.191155328145,-15.23744153552));
#204 = CARTESIAN_POINT('',(-4.232966777235,-15.38384075021));
#205 = CARTESIAN_POINT('',(-4.274778320156,-15.53024058143));
#206 = CARTESIAN_POINT('',(-4.316590210928,-15.67664180799));
#207 = CARTESIAN_POINT('',(-4.358402222217,-15.82304352751));
#208 = CARTESIAN_POINT('',(-4.463701340213,-16.19174069866));
#209 = CARTESIAN_POINT('',(-4.527194610312,-16.41405771469));
#210 = CARTESIAN_POINT('',(-4.59068593616,-16.63636756674));
#211 = CARTESIAN_POINT('',(-4.654174547579,-16.85866739332));
#212 = CARTESIAN_POINT('',(-4.717662913724,-17.08096585221));
#213 = CARTESIAN_POINT('',(-4.781153662027,-17.3032722984));
#214 = CARTESIAN_POINT('',(-4.844646529426,-17.5255860238));
#215 = CARTESIAN_POINT('',(-4.967198686314,-17.95468974626));
#216 = CARTESIAN_POINT('',(-5.026265423811,-18.16150582535));
#217 = CARTESIAN_POINT('',(-5.085330765611,-18.36831713932));
#218 = CARTESIAN_POINT('',(-5.14439424396,-18.57512214288));
#219 = CARTESIAN_POINT('',(-5.203457578512,-18.78192689005));
#220 = CARTESIAN_POINT('',(-5.2625225347,-18.98873753242));
#221 = CARTESIAN_POINT('',(-5.321588778113,-19.19555282808));
#222 = CARTESIAN_POINT('',(-5.493438589256,-19.79727017502));
#223 = CARTESIAN_POINT('',(-5.606306180441,-20.19246663497));
#224 = CARTESIAN_POINT('',(-5.719129790011,-20.58750891823));
#225 = CARTESIAN_POINT('',(-5.831918609367,-20.98242860695));
#226 = CARTESIAN_POINT('',(-5.944707427015,-21.37734774262));
#227 = CARTESIAN_POINT('',(-6.057531025565,-21.77238901404));
#228 = CARTESIAN_POINT('',(-6.170398489896,-22.16758427233));
#229 = CARTESIAN_POINT('',(-6.28318530718,-22.56249732559));
#230 = ( GEOMETRIC_REPRESENTATION_CONTEXT(2) 
PARAMETRIC_REPRESENTATION_CONTEXT() REPRESENTATION_CONTEXT('2D SPACE',''
  ) );
#231 = PCURVE('',#232,#371);
#232 = B_SPLINE_SURFACE_WITH_KNOTS('',1,9,(
    (#233,#234,#235,#236,#237,#238,#239,#240,#241,#242,#243,#244,#245
      ,#246,#247,#248,#249,#250,#251,#252,#253,#254,#255,#256,#257,#258
      ,#259,#260,#261,#262,#263,#264,#265,#266,#267,#268,#269,#270,#271
      ,#272,#273,#274,#275,#276,#277,#278,#279,#280,#281,#282,#283,#284
      ,#285,#286,#287,#288,#289,#290,#291,#292,#293,#294,#295,#296,#297
      ,#298,#299,#300,#301)
    ,(#302,#303,#304,#305,#306,#307,#308,#309,#310,#311,#312,#313,#314
      ,#315,#316,#317,#318,#319,#320,#321,#322,#323,#324,#325,#326,#327
      ,#328,#329,#330,#331,#332,#333,#334,#335,#336,#337,#338,#339,#340
      ,#341,#342,#343,#344,#345,#346,#347,#348,#349,#350,#351,#352,#353
      ,#354,#355,#356,#357,#358,#359,#360,#361,#362,#363,#364,#365,#366
      ,#367,#368,#369,#370
    )),.UNSPECIFIED.,.F.,.F.,.F.,(2,2),(10,8,9,8,9,8,9,8,10),(0.,
    12.839003076563),(0.,14.273782104205,28.547564208411,42.821346312616
    ,57.095128416821,71.368910521026,85.642692625232,99.916474729437,
    114.19025683364),.UNSPECIFIED.);
#233 = CARTESIAN_POINT('',(7.2,40.,-150.5));
#234 = CARTESIAN_POINT('',(7.19992877106,43.135876153111,-148.974999715)
  );
#235 = CARTESIAN_POINT('',(5.663570699639,46.27198198126,-147.4500006389
    ));
#236 = CARTESIAN_POINT('',(2.59045932849,48.545944717382,-145.9249988562
    ));
#237 = CARTESIAN_POINT('',(-1.457328249329,49.105591845848,
    -144.4000011114));
#238 = CARTESIAN_POINT('',(-5.354639156635,47.507687424745,
    -142.8749991727));
#239 = CARTESIAN_POINT('',(-7.844492751834,44.267120649446,
    -141.3500002965));
#240 = CARTESIAN_POINT('',(-8.436312748468,40.490567783579,
    -139.8249998908));
#241 = CARTESIAN_POINT('',(-7.328892378,37.178493644869,-138.2999999567)
  );
#242 = CARTESIAN_POINT('',(-2.925872423367,32.712143238465,
    -135.2499999634));
#243 = CARTESIAN_POINT('',(0.370046498015,31.557565382875,
    -133.7250000295));
#244 = CARTESIAN_POINT('',(4.154686992217,32.095252342319,
    -132.1999996223));
#245 = CARTESIAN_POINT('',(7.430440807043,34.539020641037,
    -130.6750007502));
#246 = CARTESIAN_POINT('',(9.08385420303,38.412297512338,-129.1499988048
    ));
#247 = CARTESIAN_POINT('',(8.582082338015,42.468666955727,
    -127.6250010672));
#248 = CARTESIAN_POINT('',(6.352201844467,45.573107630148,
    -126.0999992794));
#249 = CARTESIAN_POINT('',(3.238369464442,47.154538483368,
    -124.5750002056));
#250 = CARTESIAN_POINT('',(0.102812019233,47.199245963652,
    -123.0499999201));
#251 = CARTESIAN_POINT('',(-3.032744730947,47.24400980995,
    -121.5249998609));
#252 = CARTESIAN_POINT('',(-6.190470297826,45.752501963163,
    -120.0000004309));
#253 = CARTESIAN_POINT('',(-8.508082255039,42.712285884888,
    -118.4749990925));
#254 = CARTESIAN_POINT('',(-9.125474020371,38.672789818901,
    -116.9500008966));
#255 = CARTESIAN_POINT('',(-7.583382957399,34.753151234818,
    -115.4249993271));
#256 = CARTESIAN_POINT('',(-4.378701135328,32.217218147074,
    -113.9000002118));
#257 = CARTESIAN_POINT('',(-0.610983836928,31.571560542608,
    -112.3749999232));
#258 = CARTESIAN_POINT('',(2.716565882745,32.631563706792,
    -110.8499999507));
#259 = CARTESIAN_POINT('',(7.245333781904,36.970359791921,
    -107.7999999662));
#260 = CARTESIAN_POINT('',(8.446857911314,40.249454158411,
    -106.2750000254));
#261 = CARTESIAN_POINT('',(7.963268502976,44.041388864094,
    -104.7499996269));
#262 = CARTESIAN_POINT('',(5.566525401229,47.351702200316,-103.225000746
    ));
#263 = CARTESIAN_POINT('',(1.717253346032,49.060257250974,
    -101.6999988079));
#264 = CARTESIAN_POINT('',(-2.345867579107,48.616458179655,
    -100.1750010655));
#265 = CARTESIAN_POINT('',(-5.481833263284,46.4311354583,-98.64999928017
    ));
#266 = CARTESIAN_POINT('',(-7.107566792492,43.34020234493,
    -97.12500020543));
#267 = CARTESIAN_POINT('',(-7.197043847918,40.205603034874,
    -95.59999992013));
#268 = CARTESIAN_POINT('',(-7.286577255931,37.071005137639,
    -94.07499986117));
#269 = CARTESIAN_POINT('',(-5.840312152842,33.892303786921,
    -92.55000043018));
#270 = CARTESIAN_POINT('',(-2.833500367674,31.531514800818,
    -91.02499909433));
#271 = CARTESIAN_POINT('',(1.196767858983,30.85650529007,-89.50000089347
    ));
#272 = CARTESIAN_POINT('',(5.138026993592,32.342466874947,
    -87.97499933149));
#273 = CARTESIAN_POINT('',(7.719462810648,35.510612382599,
    -86.45000020711));
#274 = CARTESIAN_POINT('',(8.418855544983,39.268723690771,
    -84.92499992737));
#275 = CARTESIAN_POINT('',(7.406476210598,42.611072177553,
    -83.39999994787));
#276 = CARTESIAN_POINT('',(3.132790861938,47.201331880119,
    -80.34999997229));
#277 = CARTESIAN_POINT('',(-0.128811644249,48.449566861555,
    -78.82499999308));
#278 = CARTESIAN_POINT('',(-3.927266338403,48.020144373207,
    -77.29999971173));
#279 = CARTESIAN_POINT('',(-7.271463970439,45.670974886497,
    -75.77500059163));
#280 = CARTESIAN_POINT('',(-9.034814201139,41.846400429419,
    -74.24999902269));
#281 = CARTESIAN_POINT('',(-8.649075030477,37.777469121445,
    -72.72500082927));
#282 = CARTESIAN_POINT('',(-6.508759618649,34.610507020427,
    -71.19999948812));
#283 = CARTESIAN_POINT('',(-3.441352665148,32.940890640082,
    -69.67500005955));
#284 = CARTESIAN_POINT('',(-0.308352940699,32.806605914764,
    -68.14999999999));
#285 = CARTESIAN_POINT('',(2.82464913364,32.67237754628,-66.62499971506)
  );
#286 = CARTESIAN_POINT('',(6.023674917359,34.073016658048,
    -65.10000063899));
#287 = CARTESIAN_POINT('',(8.427162837812,37.045921945389,
    -63.57499885612));
#288 = CARTESIAN_POINT('',(9.159650274192,41.066027831125,
    -62.05000111155));
#289 = CARTESIAN_POINT('',(7.730121256447,45.028196131013,
    -60.52499917268));
#290 = CARTESIAN_POINT('',(4.599160117743,47.654548411229,-59.0000002966
    ));
#291 = CARTESIAN_POINT('',(0.851417949666,48.407563084238,
    -57.47499989084));
#292 = CARTESIAN_POINT('',(-2.50504466796,47.443004286703,
    -55.94999995674));
#293 = CARTESIAN_POINT('',(-7.155864493865,43.235303534432,
    -52.89999996342));
#294 = CARTESIAN_POINT('',(-8.450536689561,39.991855451477,
    -51.3750000296));
#295 = CARTESIAN_POINT('',(-8.075427082846,36.187659909901,
    -49.84999962231));
#296 = CARTESIAN_POINT('',(-5.774190957594,32.810252790421,
    -48.32500075024));
#297 = CARTESIAN_POINT('',(-1.975278171881,30.99247633885,
    -46.79999880494));
#298 = CARTESIAN_POINT('',(2.09885888164,31.320066521357,-45.27500106716
    ));
#299 = CARTESIAN_POINT('',(5.295949909332,33.414947874849,
    -43.74999927952));
#300 = CARTESIAN_POINT('',(7.009285285854,36.458195731712,
    -42.22500020558));
#301 = CARTESIAN_POINT('',(7.188237631267,39.588961661811,
    -40.69999992013));
#302 = CARTESIAN_POINT('',(20.,40.,-149.5));
#303 = CARTESIAN_POINT('',(19.999957262635,48.710994241598,
    -147.9753644072));
#304 = CARTESIAN_POINT('',(15.731738773594,57.421628658723,
    -146.4491824982));
#305 = CARTESIAN_POINT('',(7.196372254973,63.739760570373,
    -144.9264635866));
#306 = CARTESIAN_POINT('',(-4.048926861226,65.292264243895,
    -143.3985774138));
#307 = CARTESIAN_POINT('',(-14.87349247672,60.855435123522,
    -141.8760588666));
#308 = CARTESIAN_POINT('',(-21.79052673065,51.852791757589,
    -140.3496202507));
#309 = CARTESIAN_POINT('',(-23.43418305062,41.362718343596,
    -138.8251396667));
#310 = CARTESIAN_POINT('',(-20.3580475272,32.162446849133,
    -137.3000552916));
#311 = CARTESIAN_POINT('',(-8.12740680376,19.755923405006,
    -134.2500467599));
#312 = CARTESIAN_POINT('',(1.028006506132,16.548763692355,
    -132.7249623852));
#313 = CARTESIAN_POINT('',(11.540490316196,18.04239839307,
    -131.2004817996));
#314 = CARTESIAN_POINT('',(20.640948803345,24.830462205276,
    -129.6740431879));
#315 = CARTESIAN_POINT('',(25.231880255027,35.590088266615,
    -128.1515246338));
#316 = CARTESIAN_POINT('',(23.840094713791,46.857008221942,
    -126.6236384688));
#317 = CARTESIAN_POINT('',(17.644446981598,55.481211740671,
    -125.1009195509));
#318 = CARTESIAN_POINT('',(8.995646913207,59.873625440294,
    -123.5747376456));
#319 = CARTESIAN_POINT('',(0.285539900527,59.997949600091,
    -122.0501020513));
#320 = CARTESIAN_POINT('',(-8.424426241903,60.122327176241,
    -120.5251779812));
#321 = CARTESIAN_POINT('',(-17.19534083138,55.978877308799,
    -118.9994482694));
#322 = CARTESIAN_POINT('',(-23.63443255108,47.534663316542,
    -117.4761616481));
#323 = CARTESIAN_POINT('',(-25.34763583259,36.312616085127,
    -115.9488518816));
#324 = CARTESIAN_POINT('',(-21.06559837778,25.425850547284,
    -114.4258615462));
#325 = CARTESIAN_POINT('',(-12.16279348161,18.380934732136,
    -112.8997285718));
#326 = CARTESIAN_POINT('',(-1.697187198753,16.587669709969,
    -111.3750982418));
#327 = CARTESIAN_POINT('',(7.546047959751,19.532111077788,
    -109.8500629652));
#328 = CARTESIAN_POINT('',(20.125959202482,31.584347333645,
    -106.8000430945));
#329 = CARTESIAN_POINT('',(23.463522137949,40.693029625743,
    -105.2749676224));
#330 = CARTESIAN_POINT('',(22.120158002191,51.225771180314,
    -103.7504758259));
#331 = CARTESIAN_POINT('',(15.46273053205,60.422230579898,
    -102.2240486563));
#332 = CARTESIAN_POINT('',(4.76976221457,65.166336875698,-100.7015206512
    ));
#333 = CARTESIAN_POINT('',(-6.51588600929,63.935578322512,
    -99.17364071358));
#334 = CARTESIAN_POINT('',(-15.22767932589,57.863711781339,
    -97.65091863448));
#335 = CARTESIAN_POINT('',(-19.74314612193,49.278514782172,
    -96.12473786839));
#336 = CARTESIAN_POINT('',(-19.99183330767,40.571071134944,
    -94.60010205122));
#337 = CARTESIAN_POINT('',(-20.24057211028,31.863769060194,
    -93.07517775863));
#338 = CARTESIAN_POINT('',(-16.22278824941,23.03458252171,
    -91.54944918564));
#339 = CARTESIAN_POINT('',(-7.871383641903,16.475568011981,
    -90.02615940398));
#340 = CARTESIAN_POINT('',(3.325058820066,14.602294990442,
    -88.49885586343));
#341 = CARTESIAN_POINT('',(14.271855018411,18.728437585564,
    -86.97585607851));
#342 = CARTESIAN_POINT('',(21.443185599137,27.529738138123,
    -85.44973454506));
#343 = CARTESIAN_POINT('',(23.385705719139,37.968669404166,
    -83.92509300476));
#344 = CARTESIAN_POINT('',(20.57355752535,47.253008103796,
    -82.40006663072));
#345 = CARTESIAN_POINT('',(8.702179127886,60.00373532587,-79.35003542089
    ));
#346 = CARTESIAN_POINT('',(-0.357891734032,63.471029963878,
    -77.82500904779));
#347 = CARTESIAN_POINT('',(-10.9088153528,62.278190447368,
    -76.30036750382));
#348 = CARTESIAN_POINT('',(-20.19925188997,55.752791874893,
    -74.77424597861));
#349 = CARTESIAN_POINT('',(-25.09579580947,45.128611688639,
    -73.25124618111));
#350 = CARTESIAN_POINT('',(-24.026033381,33.826595073184,-71.72394265427
    ));
#351 = CARTESIAN_POINT('',(-18.07946409746,25.028932166436,
    -70.20065286171));
#352 = CARTESIAN_POINT('',(-9.559399270157,20.391377175423,
    -68.67492429523));
#353 = CARTESIAN_POINT('',(-0.856535946664,20.018349763479,
    -67.14999999945));
#354 = CARTESIAN_POINT('',(7.846467891934,19.645328476851,
    -65.62536440848));
#355 = CARTESIAN_POINT('',(16.731904531478,23.536582351522,
    -64.09918249652));
#356 = CARTESIAN_POINT('',(23.409782045844,31.793532416303,
    -62.57646358823));
#357 = CARTESIAN_POINT('',(25.442461459627,42.962025345197,
    -61.04857741274));
#358 = CARTESIAN_POINT('',(21.473284556638,53.966674729421,
    -59.52605886713));
#359 = CARTESIAN_POINT('',(12.775135432883,61.262917070081,
    -57.99962025062));
#360 = CARTESIAN_POINT('',(2.365079073519,63.354321602368,-56.4751396668
    ));
#361 = CARTESIAN_POINT('',(-6.958492313247,60.675026559578,
    -54.95005529169));
#362 = CARTESIAN_POINT('',(-19.87743209015,48.986938969368,
    -51.90004675999));
#363 = CARTESIAN_POINT('',(-23.47374630197,39.977278021921,
    -50.37496238526));
#364 = CARTESIAN_POINT('',(-22.43169800636,29.410471700854,
    -48.85048179935));
#365 = CARTESIAN_POINT('',(-16.03960565511,20.027651743833,
    -47.32404318868));
#366 = CARTESIAN_POINT('',(-5.486466311593,14.980132092364,
    -45.80152463243));
#367 = CARTESIAN_POINT('',(5.829722092064,15.888114590688,
    -44.27363847082));
#368 = CARTESIAN_POINT('',(14.711352758177,21.70873087142,
    -42.75091954883));
#369 = CARTESIAN_POINT('',(19.470136876463,30.161482758584,
    -41.22473764731));
#370 = CARTESIAN_POINT('',(19.967372958411,38.858273944167,
    -39.70010205044));
#371 = DEFINITIONAL_REPRESENTATION('',(#372),#445);
#372 = B_SPLINE_CURVE_WITH_KNOTS('',8,(#373,#374,#375,#376,#377,#378,
    #379,#380,#381,#382,#383,#384,#385,#386,#387,#388,#389,#390,#391,
    #392,#393,#394,#395,#396,#397,#398,#399,#400,#401,#402,#403,#404,
    #405,#406,#407,#408,#409,#410,#411,#412,#413,#414,#415,#416,#417,
    #418,#419,#420,#421,#422,#423,#424,#425,#426,#427,#428,#429,#430,
    #431,#432,#433,#434,#435,#436,#437,#438,#439,#440,#441,#442,#443,
    #444),.UNSPECIFIED.,.F.,.F.,(9,7,7,7,7,7,7,7,7,7,9),(0.,
    8.869636805374E-02,0.221000640826,0.331618109707,0.470786646125,
    0.602889327109,0.64707922984,0.700321445908,0.781167265005,
    0.856377741436,1.),.UNSPECIFIED.);
#373 = CARTESIAN_POINT('',(0.802437692285,0.));
#374 = CARTESIAN_POINT('',(0.802448832404,0.253631942596));
#375 = CARTESIAN_POINT('',(0.802453965359,0.507283882208));
#376 = CARTESIAN_POINT('',(0.80245349409,0.760923612695));
#377 = CARTESIAN_POINT('',(0.802450675838,1.014550424606));
#378 = CARTESIAN_POINT('',(0.802448308797,1.268179326154));
#379 = CARTESIAN_POINT('',(0.802447264439,1.521824485511));
#380 = CARTESIAN_POINT('',(0.802446865502,1.775481894432));
#381 = CARTESIAN_POINT('',(0.802447473837,2.40743844521));
#382 = CARTESIAN_POINT('',(0.80244907181,2.785959180499));
#383 = CARTESIAN_POINT('',(0.802450718671,3.164375895302));
#384 = CARTESIAN_POINT('',(0.80244957167,3.542704534244));
#385 = CARTESIAN_POINT('',(0.8024464395,3.921034924656));
#386 = CARTESIAN_POINT('',(0.802443930304,4.299454949302));
#387 = CARTESIAN_POINT('',(0.802442915291,4.677980227232));
#388 = CARTESIAN_POINT('',(0.802443784192,5.372617553246));
#389 = CARTESIAN_POINT('',(0.80244521483,5.689012792175));
#390 = CARTESIAN_POINT('',(0.802447662315,6.005368252358));
#391 = CARTESIAN_POINT('',(0.802450551869,6.321683966103));
#392 = CARTESIAN_POINT('',(0.802452842697,6.637998069353));
#393 = CARTESIAN_POINT('',(0.802453756743,6.954349583409));
#394 = CARTESIAN_POINT('',(0.802453326313,7.270741236169));
#395 = CARTESIAN_POINT('',(0.802450198793,7.985010154902));
#396 = CARTESIAN_POINT('',(0.802446943507,8.38321755524));
#397 = CARTESIAN_POINT('',(0.802443006836,8.781289748293));
#398 = CARTESIAN_POINT('',(0.802440122598,9.179251766433));
#399 = CARTESIAN_POINT('',(0.802440706384,9.57721326267));
#400 = CARTESIAN_POINT('',(0.802443515798,9.975283901826));
#401 = CARTESIAN_POINT('',(0.802446440884,10.373489561723));
#402 = CARTESIAN_POINT('',(0.802450340483,11.149195108047));
#403 = CARTESIAN_POINT('',(0.80245141685,11.527139060164));
#404 = CARTESIAN_POINT('',(0.802450673222,11.904981242875));
#405 = CARTESIAN_POINT('',(0.802448326211,12.282737644502));
#406 = CARTESIAN_POINT('',(0.802445342716,12.660495905397));
#407 = CARTESIAN_POINT('',(0.802447734416,13.038340792548));
#408 = CARTESIAN_POINT('',(0.802448723987,13.416284335482));
#409 = CARTESIAN_POINT('',(0.802448256847,13.92039367294));
#410 = CARTESIAN_POINT('',(0.802448119365,14.046759391049));
#411 = CARTESIAN_POINT('',(0.802447340422,14.173124603454));
#412 = CARTESIAN_POINT('',(0.802446968209,14.299490870335));
#413 = CARTESIAN_POINT('',(0.80244742977,14.425855606106));
#414 = CARTESIAN_POINT('',(0.802448115579,14.552217571583));
#415 = CARTESIAN_POINT('',(0.802448233479,14.678581944799));
#416 = CARTESIAN_POINT('',(0.802448438325,14.957200898488));
#417 = CARTESIAN_POINT('',(0.802448334126,15.109454944296));
#418 = CARTESIAN_POINT('',(0.802448017596,15.261708333514));
#419 = CARTESIAN_POINT('',(0.802447638515,15.41396122606));
#420 = CARTESIAN_POINT('',(0.802447347222,15.566214773258));
#421 = CARTESIAN_POINT('',(0.80244721911,15.718469773253));
#422 = CARTESIAN_POINT('',(0.802447249026,15.87072528226));
#423 = CARTESIAN_POINT('',(0.802447668497,16.254164581912));
#424 = CARTESIAN_POINT('',(0.802448229713,16.485370790486));
#425 = CARTESIAN_POINT('',(0.802449006727,16.716569521183));
#426 = CARTESIAN_POINT('',(0.802449654288,16.947757812205));
#427 = CARTESIAN_POINT('',(0.802449871863,17.178944686129));
#428 = CARTESIAN_POINT('',(0.802449558061,17.410139882768));
#429 = CARTESIAN_POINT('',(0.802448822024,17.64134266493));
#430 = CARTESIAN_POINT('',(0.802446949158,18.087603810801));
#431 = CARTESIAN_POINT('',(0.802445845165,18.302689298374));
#432 = CARTESIAN_POINT('',(0.802444685523,18.517769832016));
#433 = CARTESIAN_POINT('',(0.802443701795,18.732843793673));
#434 = CARTESIAN_POINT('',(0.802443100986,18.947917469025));
#435 = CARTESIAN_POINT('',(0.802442998199,19.16299724993));
#436 = CARTESIAN_POINT('',(0.80244339233,19.378081845322));
#437 = CARTESIAN_POINT('',(0.802445698128,20.00385819457));
#438 = CARTESIAN_POINT('',(0.802448664906,20.414856077254));
#439 = CARTESIAN_POINT('',(0.802452447219,20.825693593806));
#440 = CARTESIAN_POINT('',(0.802455149345,21.236403667592));
#441 = CARTESIAN_POINT('',(0.802454504758,21.64711338613));
#442 = CARTESIAN_POINT('',(0.802451340422,22.057950193005));
#443 = CARTESIAN_POINT('',(0.802447808235,22.468947133777));
#444 = CARTESIAN_POINT('',(0.802445136679,22.879650516023));
#445 = ( GEOMETRIC_REPRESENTATION_CONTEXT(2) 
PARAMETRIC_REPRESENTATION_CONTEXT() REPRESENTATION_CONTEXT('2D SPACE',''
  ) );
#446 = ORIENTED_EDGE('',*,*,#447,.F.);
#447 = EDGE_CURVE('',#448,#79,#450,.T.);
#448 = VERTEX_POINT('',#449);
#449 = CARTESIAN_POINT('',(8.,40.,-145.5625));
#450 = SURFACE_CURVE('',#451,(#455,#462),.PCURVE_S1.);
#451 = LINE('',#452,#453);
#452 = CARTESIAN_POINT('',(8.,40.,-151.));
#453 = VECTOR('',#454,1.);
#454 = DIRECTION('',(0.,0.,1.));
#455 = PCURVE('',#31,#456);
#456 = DEFINITIONAL_REPRESENTATION('',(#457),#461);
#457 = LINE('',#458,#459);
#458 = CARTESIAN_POINT('',(-6.28318530718,0.));
#459 = VECTOR('',#460,1.);
#460 = DIRECTION('',(-0.,-1.));
#461 = ( GEOMETRIC_REPRESENTATION_CONTEXT(2) 
PARAMETRIC_REPRESENTATION_CONTEXT() REPRESENTATION_CONTEXT('2D SPACE',''
  ) );
#462 = PCURVE('',#463,#468);
#463 = CYLINDRICAL_SURFACE('',#464,8.);
#464 = AXIS2_PLACEMENT_3D('',#465,#466,#467);
#465 = CARTESIAN_POINT('',(0.,40.,-151.));
#466 = DIRECTION('',(-0.,-0.,-1.));
#467 = DIRECTION('',(1.,0.,0.));
#468 = DEFINITIONAL_REPRESENTATION('',(#469),#473);
#469 = LINE('',#470,#471);
#470 = CARTESIAN_POINT('',(-0.,0.));
#471 = VECTOR('',#472,1.);
#472 = DIRECTION('',(-0.,-1.));
#473 = ( GEOMETRIC_REPRESENTATION_CONTEXT(2) 
PARAMETRIC_REPRESENTATION_CONTEXT() REPRESENTATION_CONTEXT('2D SPACE',''
  ) );
#474 = ORIENTED_EDGE('',*,*,#475,.F.);
#475 = EDGE_CURVE('',#56,#448,#476,.T.);
#476 = SURFACE_CURVE('',#477,(#481,#488),.PCURVE_S1.);
#477 = LINE('',#478,#479);
#478 = CARTESIAN_POINT('',(8.,40.,-151.));
#479 = VECTOR('',#480,1.);
#480 = DIRECTION('',(0.,0.,1.));
#481 = PCURVE('',#31,#482);
#482 = DEFINITIONAL_REPRESENTATION('',(#483),#487);
#483 = LINE('',#484,#485);
#484 = CARTESIAN_POINT('',(-6.28318530718,0.));
#485 = VECTOR('',#486,1.);
#486 = DIRECTION('',(-0.,-1.));
#487 = ( GEOMETRIC_REPRESENTATION_CONTEXT(2) 
PARAMETRIC_REPRESENTATION_CONTEXT() REPRESENTATION_CONTEXT('2D SPACE',''
  ) );
#488 = PCURVE('',#489,#494);
#489 = PLANE('',#490);
#490 = AXIS2_PLACEMENT_3D('',#491,#492,#493);
#491 = CARTESIAN_POINT('',(13.21992999402,40.,-148.));
#492 = DIRECTION('',(-0.,-1.,-0.));
#493 = DIRECTION('',(0.,0.,-1.));
#494 = DEFINITIONAL_REPRESENTATION('',(#495),#499);
#495 = LINE('',#496,#497);
#496 = CARTESIAN_POINT('',(3.,-5.21992999402));
#497 = VECTOR('',#498,1.);
#498 = DIRECTION('',(-1.,0.));
#499 = ( GEOMETRIC_REPRESENTATION_CONTEXT(2) 
PARAMETRIC_REPRESENTATION_CONTEXT() REPRESENTATION_CONTEXT('2D SPACE',''
  ) );
#500 = ORIENTED_EDGE('',*,*,#55,.F.);
#501 = ADVANCED_FACE('',(#502,#505),#43,.F.);
#502 = FACE_BOUND('',#503,.F.);
#503 = EDGE_LOOP('',(#504));
#504 = ORIENTED_EDGE('',*,*,#21,.T.);
#505 = FACE_BOUND('',#506,.F.);
#506 = EDGE_LOOP('',(#507,#535,#561,#587));
#507 = ORIENTED_EDGE('',*,*,#508,.T.);
#508 = EDGE_CURVE('',#509,#511,#513,.T.);
#509 = VERTEX_POINT('',#510);
#510 = CARTESIAN_POINT('',(4.15,44.15,-151.));
#511 = VERTEX_POINT('',#512);
#512 = CARTESIAN_POINT('',(4.15,35.85,-151.));
#513 = SURFACE_CURVE('',#514,(#518,#524),.PCURVE_S1.);
#514 = LINE('',#515,#516);
#515 = CARTESIAN_POINT('',(4.15,37.925,-151.));
#516 = VECTOR('',#517,1.);
#517 = DIRECTION('',(0.,-1.,0.));
#518 = PCURVE('',#43,#519);
#519 = DEFINITIONAL_REPRESENTATION('',(#520),#523);
#520 = B_SPLINE_CURVE_WITH_KNOTS('',1,(#521,#522),.UNSPECIFIED.,.F.,.F.,
  (2,2),(-6.225,2.075),.PIECEWISE_BEZIER_KNOTS.);
#521 = CARTESIAN_POINT('',(4.15,4.15));
#522 = CARTESIAN_POINT('',(4.15,-4.15));
#523 = ( GEOMETRIC_REPRESENTATION_CONTEXT(2) 
PARAMETRIC_REPRESENTATION_CONTEXT() REPRESENTATION_CONTEXT('2D SPACE',''
  ) );
#524 = PCURVE('',#525,#530);
#525 = PLANE('',#526);
#526 = AXIS2_PLACEMENT_3D('',#527,#528,#529);
#527 = CARTESIAN_POINT('',(4.15,35.85,-153.));
#528 = DIRECTION('',(-1.,0.,0.));
#529 = DIRECTION('',(0.,1.,0.));
#530 = DEFINITIONAL_REPRESENTATION('',(#531),#534);
#531 = B_SPLINE_CURVE_WITH_KNOTS('',1,(#532,#533),.UNSPECIFIED.,.F.,.F.,
  (2,2),(-6.225,2.075),.PIECEWISE_BEZIER_KNOTS.);
#532 = CARTESIAN_POINT('',(8.3,-2.));
#533 = CARTESIAN_POINT('',(0.,-2.));
#534 = ( GEOMETRIC_REPRESENTATION_CONTEXT(2) 
PARAMETRIC_REPRESENTATION_CONTEXT() REPRESENTATION_CONTEXT('2D SPACE',''
  ) );
#535 = ORIENTED_EDGE('',*,*,#536,.T.);
#536 = EDGE_CURVE('',#511,#537,#539,.T.);
#537 = VERTEX_POINT('',#538);
#538 = CARTESIAN_POINT('',(-4.15,35.85,-151.));
#539 = SURFACE_CURVE('',#540,(#544,#550),.PCURVE_S1.);
#540 = LINE('',#541,#542);
#541 = CARTESIAN_POINT('',(-2.075,35.85,-151.));
#542 = VECTOR('',#543,1.);
#543 = DIRECTION('',(-1.,0.,0.));
#544 = PCURVE('',#43,#545);
#545 = DEFINITIONAL_REPRESENTATION('',(#546),#549);
#546 = B_SPLINE_CURVE_WITH_KNOTS('',1,(#547,#548),.UNSPECIFIED.,.F.,.F.,
  (2,2),(-6.225,2.075),.PIECEWISE_BEZIER_KNOTS.);
#547 = CARTESIAN_POINT('',(4.15,-4.15));
#548 = CARTESIAN_POINT('',(-4.15,-4.15));
#549 = ( GEOMETRIC_REPRESENTATION_CONTEXT(2) 
PARAMETRIC_REPRESENTATION_CONTEXT() REPRESENTATION_CONTEXT('2D SPACE',''
  ) );
#550 = PCURVE('',#551,#556);
#551 = PLANE('',#552);
#552 = AXIS2_PLACEMENT_3D('',#553,#554,#555);
#553 = CARTESIAN_POINT('',(-4.15,35.85,-153.));
#554 = DIRECTION('',(0.,1.,0.));
#555 = DIRECTION('',(1.,0.,0.));
#556 = DEFINITIONAL_REPRESENTATION('',(#557),#560);
#557 = B_SPLINE_CURVE_WITH_KNOTS('',1,(#558,#559),.UNSPECIFIED.,.F.,.F.,
  (2,2),(-6.225,2.075),.PIECEWISE_BEZIER_KNOTS.);
#558 = CARTESIAN_POINT('',(8.3,-2.));
#559 = CARTESIAN_POINT('',(0.,-2.));
#560 = ( GEOMETRIC_REPRESENTATION_CONTEXT(2) 
PARAMETRIC_REPRESENTATION_CONTEXT() REPRESENTATION_CONTEXT('2D SPACE',''
  ) );
#561 = ORIENTED_EDGE('',*,*,#562,.T.);
#562 = EDGE_CURVE('',#537,#563,#565,.T.);
#563 = VERTEX_POINT('',#564);
#564 = CARTESIAN_POINT('',(-4.15,44.15,-151.));
#565 = SURFACE_CURVE('',#566,(#570,#576),.PCURVE_S1.);
#566 = LINE('',#567,#568);
#567 = CARTESIAN_POINT('',(-4.15,42.075,-151.));
#568 = VECTOR('',#569,1.);
#569 = DIRECTION('',(-0.,1.,0.));
#570 = PCURVE('',#43,#571);
#571 = DEFINITIONAL_REPRESENTATION('',(#572),#575);
#572 = B_SPLINE_CURVE_WITH_KNOTS('',1,(#573,#574),.UNSPECIFIED.,.F.,.F.,
  (2,2),(-6.225,2.075),.PIECEWISE_BEZIER_KNOTS.);
#573 = CARTESIAN_POINT('',(-4.15,-4.15));
#574 = CARTESIAN_POINT('',(-4.15,4.15));
#575 = ( GEOMETRIC_REPRESENTATION_CONTEXT(2) 
PARAMETRIC_REPRESENTATION_CONTEXT() REPRESENTATION_CONTEXT('2D SPACE',''
  ) );
#576 = PCURVE('',#577,#582);
#577 = PLANE('',#578);
#578 = AXIS2_PLACEMENT_3D('',#579,#580,#581);
#579 = CARTESIAN_POINT('',(-4.15,44.15,-153.));
#580 = DIRECTION('',(1.,0.,-0.));
#581 = DIRECTION('',(0.,-1.,0.));
#582 = DEFINITIONAL_REPRESENTATION('',(#583),#586);
#583 = B_SPLINE_CURVE_WITH_KNOTS('',1,(#584,#585),.UNSPECIFIED.,.F.,.F.,
  (2,2),(-6.225,2.075),.PIECEWISE_BEZIER_KNOTS.);
#584 = CARTESIAN_POINT('',(8.3,-2.));
#585 = CARTESIAN_POINT('',(0.,-2.));
#586 = ( GEOMETRIC_REPRESENTATION_CONTEXT(2) 
PARAMETRIC_REPRESENTATION_CONTEXT() REPRESENTATION_CONTEXT('2D SPACE',''
  ) );
#587 = ORIENTED_EDGE('',*,*,#588,.T.);
#588 = EDGE_CURVE('',#563,#509,#589,.T.);
#589 = SURFACE_CURVE('',#590,(#594,#600),.PCURVE_S1.);
#590 = LINE('',#591,#592);
#591 = CARTESIAN_POINT('',(2.075,44.15,-151.));
#592 = VECTOR('',#593,1.);
#593 = DIRECTION('',(1.,0.,-0.));
#594 = PCURVE('',#43,#595);
#595 = DEFINITIONAL_REPRESENTATION('',(#596),#599);
#596 = B_SPLINE_CURVE_WITH_KNOTS('',1,(#597,#598),.UNSPECIFIED.,.F.,.F.,
  (2,2),(-6.225,2.075),.PIECEWISE_BEZIER_KNOTS.);
#597 = CARTESIAN_POINT('',(-4.15,4.15));
#598 = CARTESIAN_POINT('',(4.15,4.15));
#599 = ( GEOMETRIC_REPRESENTATION_CONTEXT(2) 
PARAMETRIC_REPRESENTATION_CONTEXT() REPRESENTATION_CONTEXT('2D SPACE',''
  ) );
#600 = PCURVE('',#601,#606);
#601 = PLANE('',#602);
#602 = AXIS2_PLACEMENT_3D('',#603,#604,#605);
#603 = CARTESIAN_POINT('',(4.15,44.15,-153.));
#604 = DIRECTION('',(0.,-1.,0.));
#605 = DIRECTION('',(-1.,0.,0.));
#606 = DEFINITIONAL_REPRESENTATION('',(#607),#610);
#607 = B_SPLINE_CURVE_WITH_KNOTS('',1,(#608,#609),.UNSPECIFIED.,.F.,.F.,
  (2,2),(-6.225,2.075),.PIECEWISE_BEZIER_KNOTS.);
#608 = CARTESIAN_POINT('',(8.3,-2.));
#609 = CARTESIAN_POINT('',(0.,-2.));
#610 = ( GEOMETRIC_REPRESENTATION_CONTEXT(2) 
PARAMETRIC_REPRESENTATION_CONTEXT() REPRESENTATION_CONTEXT('2D SPACE',''
  ) );
#611 = ADVANCED_FACE('',(#612),#232,.F.);
#612 = FACE_BOUND('',#613,.F.);
#613 = EDGE_LOOP('',(#614,#822,#856,#1070,#1326,#1603,#1873,#1874,#1895,
    #2123));
#614 = ORIENTED_EDGE('',*,*,#615,.F.);
#615 = EDGE_CURVE('',#616,#618,#620,.T.);
#616 = VERTEX_POINT('',#617);
#617 = CARTESIAN_POINT('',(7.126703379551,38.975332171935,-41.));
#618 = VERTEX_POINT('',#619);
#619 = CARTESIAN_POINT('',(7.188237631267,39.588961661811,
    -40.69999992013));
#620 = SURFACE_CURVE('',#621,(#691,#698),.PCURVE_S1.);
#621 = B_SPLINE_CURVE_WITH_KNOTS('',9,(#622,#623,#624,#625,#626,#627,
    #628,#629,#630,#631,#632,#633,#634,#635,#636,#637,#638,#639,#640,
    #641,#642,#643,#644,#645,#646,#647,#648,#649,#650,#651,#652,#653,
    #654,#655,#656,#657,#658,#659,#660,#661,#662,#663,#664,#665,#666,
    #667,#668,#669,#670,#671,#672,#673,#674,#675,#676,#677,#678,#679,
    #680,#681,#682,#683,#684,#685,#686,#687,#688,#689,#690),
  .UNSPECIFIED.,.F.,.F.,(10,8,9,8,9,8,9,8,10),(0.,14.273782104205,
    28.547564208411,42.821346312616,57.095128416821,71.368910521026,
    85.642692625232,99.916474729437,114.19025683364),.UNSPECIFIED.);
#622 = CARTESIAN_POINT('',(7.2,40.,-150.5));
#623 = CARTESIAN_POINT('',(7.19992877106,43.135876153111,-148.974999715)
  );
#624 = CARTESIAN_POINT('',(5.663570699639,46.27198198126,-147.4500006389
    ));
#625 = CARTESIAN_POINT('',(2.59045932849,48.545944717382,-145.9249988562
    ));
#626 = CARTESIAN_POINT('',(-1.457328249329,49.105591845848,
    -144.4000011114));
#627 = CARTESIAN_POINT('',(-5.354639156635,47.507687424745,
    -142.8749991727));
#628 = CARTESIAN_POINT('',(-7.844492751834,44.267120649446,
    -141.3500002965));
#629 = CARTESIAN_POINT('',(-8.436312748468,40.490567783579,
    -139.8249998908));
#630 = CARTESIAN_POINT('',(-7.328892378,37.178493644869,-138.2999999567)
  );
#631 = CARTESIAN_POINT('',(-2.925872423367,32.712143238465,
    -135.2499999634));
#632 = CARTESIAN_POINT('',(0.370046498015,31.557565382875,
    -133.7250000295));
#633 = CARTESIAN_POINT('',(4.154686992217,32.095252342319,
    -132.1999996223));
#634 = CARTESIAN_POINT('',(7.430440807043,34.539020641037,
    -130.6750007502));
#635 = CARTESIAN_POINT('',(9.08385420303,38.412297512338,-129.1499988048
    ));
#636 = CARTESIAN_POINT('',(8.582082338015,42.468666955727,
    -127.6250010672));
#637 = CARTESIAN_POINT('',(6.352201844467,45.573107630148,
    -126.0999992794));
#638 = CARTESIAN_POINT('',(3.238369464442,47.154538483368,
    -124.5750002056));
#639 = CARTESIAN_POINT('',(0.102812019233,47.199245963652,
    -123.0499999201));
#640 = CARTESIAN_POINT('',(-3.032744730947,47.24400980995,
    -121.5249998609));
#641 = CARTESIAN_POINT('',(-6.190470297826,45.752501963163,
    -120.0000004309));
#642 = CARTESIAN_POINT('',(-8.508082255039,42.712285884888,
    -118.4749990925));
#643 = CARTESIAN_POINT('',(-9.125474020371,38.672789818901,
    -116.9500008966));
#644 = CARTESIAN_POINT('',(-7.583382957399,34.753151234818,
    -115.4249993271));
#645 = CARTESIAN_POINT('',(-4.378701135328,32.217218147074,
    -113.9000002118));
#646 = CARTESIAN_POINT('',(-0.610983836928,31.571560542608,
    -112.3749999232));
#647 = CARTESIAN_POINT('',(2.716565882745,32.631563706792,
    -110.8499999507));
#648 = CARTESIAN_POINT('',(7.245333781904,36.970359791921,
    -107.7999999662));
#649 = CARTESIAN_POINT('',(8.446857911314,40.249454158411,
    -106.2750000254));
#650 = CARTESIAN_POINT('',(7.963268502976,44.041388864094,
    -104.7499996269));
#651 = CARTESIAN_POINT('',(5.566525401229,47.351702200316,-103.225000746
    ));
#652 = CARTESIAN_POINT('',(1.717253346032,49.060257250974,
    -101.6999988079));
#653 = CARTESIAN_POINT('',(-2.345867579107,48.616458179655,
    -100.1750010655));
#654 = CARTESIAN_POINT('',(-5.481833263284,46.4311354583,-98.64999928017
    ));
#655 = CARTESIAN_POINT('',(-7.107566792492,43.34020234493,
    -97.12500020543));
#656 = CARTESIAN_POINT('',(-7.197043847918,40.205603034874,
    -95.59999992013));
#657 = CARTESIAN_POINT('',(-7.286577255931,37.071005137639,
    -94.07499986117));
#658 = CARTESIAN_POINT('',(-5.840312152842,33.892303786921,
    -92.55000043018));
#659 = CARTESIAN_POINT('',(-2.833500367674,31.531514800818,
    -91.02499909433));
#660 = CARTESIAN_POINT('',(1.196767858983,30.85650529007,-89.50000089347
    ));
#661 = CARTESIAN_POINT('',(5.138026993592,32.342466874947,
    -87.97499933149));
#662 = CARTESIAN_POINT('',(7.719462810648,35.510612382599,
    -86.45000020711));
#663 = CARTESIAN_POINT('',(8.418855544983,39.268723690771,
    -84.92499992737));
#664 = CARTESIAN_POINT('',(7.406476210598,42.611072177553,
    -83.39999994787));
#665 = CARTESIAN_POINT('',(3.132790861938,47.201331880119,
    -80.34999997229));
#666 = CARTESIAN_POINT('',(-0.128811644249,48.449566861555,
    -78.82499999308));
#667 = CARTESIAN_POINT('',(-3.927266338403,48.020144373207,
    -77.29999971173));
#668 = CARTESIAN_POINT('',(-7.271463970439,45.670974886497,
    -75.77500059163));
#669 = CARTESIAN_POINT('',(-9.034814201139,41.846400429419,
    -74.24999902269));
#670 = CARTESIAN_POINT('',(-8.649075030477,37.777469121445,
    -72.72500082927));
#671 = CARTESIAN_POINT('',(-6.508759618649,34.610507020427,
    -71.19999948812));
#672 = CARTESIAN_POINT('',(-3.441352665148,32.940890640082,
    -69.67500005955));
#673 = CARTESIAN_POINT('',(-0.308352940699,32.806605914764,
    -68.14999999999));
#674 = CARTESIAN_POINT('',(2.82464913364,32.67237754628,-66.62499971506)
  );
#675 = CARTESIAN_POINT('',(6.023674917359,34.073016658048,
    -65.10000063899));
#676 = CARTESIAN_POINT('',(8.427162837812,37.045921945389,
    -63.57499885612));
#677 = CARTESIAN_POINT('',(9.159650274192,41.066027831125,
    -62.05000111155));
#678 = CARTESIAN_POINT('',(7.730121256447,45.028196131013,
    -60.52499917268));
#679 = CARTESIAN_POINT('',(4.599160117743,47.654548411229,-59.0000002966
    ));
#680 = CARTESIAN_POINT('',(0.851417949666,48.407563084238,
    -57.47499989084));
#681 = CARTESIAN_POINT('',(-2.50504466796,47.443004286703,
    -55.94999995674));
#682 = CARTESIAN_POINT('',(-7.155864493865,43.235303534432,
    -52.89999996342));
#683 = CARTESIAN_POINT('',(-8.450536689561,39.991855451477,
    -51.3750000296));
#684 = CARTESIAN_POINT('',(-8.075427082846,36.187659909901,
    -49.84999962231));
#685 = CARTESIAN_POINT('',(-5.774190957594,32.810252790421,
    -48.32500075024));
#686 = CARTESIAN_POINT('',(-1.975278171881,30.99247633885,
    -46.79999880494));
#687 = CARTESIAN_POINT('',(2.09885888164,31.320066521357,-45.27500106716
    ));
#688 = CARTESIAN_POINT('',(5.295949909332,33.414947874849,
    -43.74999927952));
#689 = CARTESIAN_POINT('',(7.009285285854,36.458195731712,
    -42.22500020558));
#690 = CARTESIAN_POINT('',(7.188237631267,39.588961661811,
    -40.69999992013));
#691 = PCURVE('',#232,#692);
#692 = DEFINITIONAL_REPRESENTATION('',(#693),#697);
#693 = LINE('',#694,#695);
#694 = CARTESIAN_POINT('',(0.,0.));
#695 = VECTOR('',#696,1.);
#696 = DIRECTION('',(0.,1.));
#697 = ( GEOMETRIC_REPRESENTATION_CONTEXT(2) 
PARAMETRIC_REPRESENTATION_CONTEXT() REPRESENTATION_CONTEXT('2D SPACE',''
  ) );
#698 = PCURVE('',#699,#816);
#699 = B_SPLINE_SURFACE_WITH_KNOTS('',1,8,(
    (#700,#701,#702,#703,#704,#705,#706,#707,#708,#709,#710,#711,#712
      ,#713,#714,#715,#716,#717,#718,#719,#720,#721,#722,#723,#724,#725
      ,#726,#727,#728,#729,#730,#731,#732,#733,#734,#735,#736,#737,#738
      ,#739,#740,#741,#742,#743,#744,#745,#746,#747,#748,#749,#750,#751
      ,#752,#753,#754,#755,#756,#757)
    ,(#758,#759,#760,#761,#762,#763,#764,#765,#766,#767,#768,#769,#770
      ,#771,#772,#773,#774,#775,#776,#777,#778,#779,#780,#781,#782,#783
      ,#784,#785,#786,#787,#788,#789,#790,#791,#792,#793,#794,#795,#796
      ,#797,#798,#799,#800,#801,#802,#803,#804,#805,#806,#807,#808,#809
      ,#810,#811,#812,#813,#814,#815
    )),.UNSPECIFIED.,.F.,.F.,.F.,(2,2),(9,7,7,7,7,7,7,7,9),(0.,5.),(0.,
    14.273782104205,28.547564208411,42.821346312616,57.095128416821,
    71.368910521026,85.642692625232,99.916474729437,114.19025683364),
  .UNSPECIFIED.);
#700 = CARTESIAN_POINT('',(7.2,40.,-145.5));
#701 = CARTESIAN_POINT('',(7.200080132102,43.527870417576,
    -143.7843746795));
#702 = CARTESIAN_POINT('',(5.222321671974,47.055243136518,
    -142.0687507058));
#703 = CARTESIAN_POINT('',(1.283612724811,49.294865521722,-140.353123864
    ));
#704 = CARTESIAN_POINT('',(-3.668733287933,48.946728046649,
    -138.6375009201));
#705 = CARTESIAN_POINT('',(-7.439153903219,45.718259538616,
    -136.9218744748));
#706 = CARTESIAN_POINT('',(-8.672238778281,41.357897794308,
    -135.2062500773));
#707 = CARTESIAN_POINT('',(-7.604103627932,37.457632069964,
    -133.4906249579));
#708 = CARTESIAN_POINT('',(-2.650689948623,32.432977641141,
    -130.0593749604));
#709 = CARTESIAN_POINT('',(1.233928745243,31.309309934515,
    -128.3437498586));
#710 = CARTESIAN_POINT('',(5.611427179029,32.479715078362,
    -126.6281254033));
#711 = CARTESIAN_POINT('',(8.893470630143,36.204344047535,
    -124.9124990731));
#712 = CARTESIAN_POINT('',(9.312205577486,41.150239803742,
    -123.1968759631));
#713 = CARTESIAN_POINT('',(7.129114492862,45.121390389328,
    -121.4812493052));
#714 = CARTESIAN_POINT('',(3.63032246819,47.148846660203,-119.7656251719
    ));
#715 = CARTESIAN_POINT('',(-3.424697603505,47.249705096831,
    -116.334374748));
#716 = CARTESIAN_POINT('',(-6.979951384753,45.322556855727,
    -114.6187506159));
#717 = CARTESIAN_POINT('',(-9.275588904856,41.416184825398,
    -112.9031239557));
#718 = CARTESIAN_POINT('',(-8.998203170354,36.459413489773,
    -111.1875008476));
#719 = CARTESIAN_POINT('',(-5.823903960981,32.643247615032,
    -109.4718745178));
#720 = CARTESIAN_POINT('',(-1.4815943452,31.348039867586,-107.7562500598
    ));
#721 = CARTESIAN_POINT('',(2.433526048093,32.360367116214,
    -106.0406249613));
#722 = CARTESIAN_POINT('',(7.528400377098,37.241527546911,
    -102.6093749588));
#723 = CARTESIAN_POINT('',(8.707423842671,41.109703875471,
    -100.8937498606));
#724 = CARTESIAN_POINT('',(7.599646454226,45.503469813492,
    -99.17812540124));
#725 = CARTESIAN_POINT('',(3.922263099355,48.838363464303,
    -97.46249907482));
#726 = CARTESIAN_POINT('',(-1.017149059372,49.327681207778,
    -95.74687596218));
#727 = CARTESIAN_POINT('',(-5.019068172397,47.20151832741,
    -94.03124930563));
#728 = CARTESIAN_POINT('',(-7.09627866325,43.732034173166,-92.3156251719
    ));
#729 = CARTESIAN_POINT('',(-7.297868844154,36.679173587585,
    -88.88437474814));
#730 = CARTESIAN_POINT('',(-5.421684269055,33.096763633073,
    -87.16875061585));
#731 = CARTESIAN_POINT('',(-1.548491033554,30.745579178708,
    -85.45312395584));
#732 = CARTESIAN_POINT('',(3.411735848672,30.952156530283,
    -83.73750084754));
#733 = CARTESIAN_POINT('',(7.272839985215,34.071639212922,-82.0218745179
    ));
#734 = CARTESIAN_POINT('',(8.62992160564,38.395011213217,-80.30625005981
    ));
#735 = CARTESIAN_POINT('',(7.673603459672,42.324187937818,
    -78.59062496136));
#736 = CARTESIAN_POINT('',(2.865692859422,47.488243248493,
    -75.15937495889));
#737 = CARTESIAN_POINT('',(-0.985253235225,48.72238205527,
    -73.44374986065));
#738 = CARTESIAN_POINT('',(-5.394389692708,47.677458312038,
    -71.7281254013));
#739 = CARTESIAN_POINT('',(-8.781454439045,44.048070441981,
    -70.01249907471));
#740 = CARTESIAN_POINT('',(-9.341254558752,39.116149096457,
    -68.29687596231));
#741 = CARTESIAN_POINT('',(-7.272453760364,35.084277501944,
    -66.58124930552));
#742 = CARTESIAN_POINT('',(-3.832984853644,32.957736364765,
    -64.86562517197));
#743 = CARTESIAN_POINT('',(3.216278068894,32.655455544658,
    -61.43437474803));
#744 = CARTESIAN_POINT('',(6.825113594298,34.480293881321,
    -59.71875061635));
#745 = CARTESIAN_POINT('',(9.231365866031,38.319518501977,
    -58.00312395471));
#746 = CARTESIAN_POINT('',(9.095638381624,43.282189511563,
    -56.28750084933));
#747 = CARTESIAN_POINT('',(6.031609257591,47.187444520446,
    -54.57187451573));
#748 = CARTESIAN_POINT('',(1.728055435633,48.606123347641,
    -52.85625006189));
#749 = CARTESIAN_POINT('',(-2.214375500566,47.706009257321,
    -51.14062495979));
#750 = CARTESIAN_POINT('',(-7.446560013527,42.972328961236,
    -47.70937496229));
#751 = CARTESIAN_POINT('',(-8.735557282129,39.139398053457,
    -45.99374984325));
#752 = CARTESIAN_POINT('',(-7.753715353996,34.715791054073,
    -44.27812544397));
#753 = CARTESIAN_POINT('',(-4.173034254976,31.277244178353,
    -42.56249900282));
#754 = CARTESIAN_POINT('',(0.750349655786,30.647078255135,
    -40.84687605328));
#755 = CARTESIAN_POINT('',(4.811396841361,32.658092436795,
    -39.13124921632));
#756 = CARTESIAN_POINT('',(6.986795510898,36.066847074967,
    -37.41562524003));
#757 = CARTESIAN_POINT('',(7.18827746085,39.588959384394,-35.69999992029
    ));
#758 = CARTESIAN_POINT('',(7.2,40.,-150.5));
#759 = CARTESIAN_POINT('',(7.19991986778,43.527860700908,-148.7843746795
    ));
#760 = CARTESIAN_POINT('',(5.222676295449,47.055237176848,
    -147.0687507054));
#761 = CARTESIAN_POINT('',(1.283069587393,49.294805772743,
    -145.3531238645));
#762 = CARTESIAN_POINT('',(-3.668246499928,48.946738710449,
    -143.6375009194));
#763 = CARTESIAN_POINT('',(-7.439380004212,45.718225536857,
    -141.9218744751));
#764 = CARTESIAN_POINT('',(-8.672155720609,41.357897256417,
    -140.2062500772));
#765 = CARTESIAN_POINT('',(-7.604081120517,37.457640939108,
    -138.4906249579));
#766 = CARTESIAN_POINT('',(-2.65068368626,32.432995485703,
    -135.0593749604));
#767 = CARTESIAN_POINT('',(1.233920343508,31.309283786121,
    -133.3437498581));
#768 = CARTESIAN_POINT('',(5.611434081565,32.4799608587,-131.6281254053)
  );
#769 = CARTESIAN_POINT('',(8.893403385674,36.203914688148,
    -129.9124990692));
#770 = CARTESIAN_POINT('',(9.31222136384,41.150729869396,-128.1968759673
    ));
#771 = CARTESIAN_POINT('',(7.129076279109,45.121052206227,
    -126.4812493026));
#772 = CARTESIAN_POINT('',(3.630313943335,47.148932950642,
    -124.7656251725));
#773 = CARTESIAN_POINT('',(-3.424689669581,47.249578915863,
    -121.3343747478));
#774 = CARTESIAN_POINT('',(-6.97994102651,45.322866493725,
    -119.6187506159));
#775 = CARTESIAN_POINT('',(-9.275536239356,41.415686676429,
    -117.9031239559));
#776 = CARTESIAN_POINT('',(-8.998207418178,36.459864188761,
    -116.1875008472));
#777 = CARTESIAN_POINT('',(-5.823872873073,32.643042530894,
    -114.471874518));
#778 = CARTESIAN_POINT('',(-1.481592751003,31.34811415708,
    -112.7562500597));
#779 = CARTESIAN_POINT('',(2.433517526503,32.360391452801,
    -111.0406249613));
#780 = CARTESIAN_POINT('',(7.528382612119,37.241533276435,
    -107.6093749588));
#781 = CARTESIAN_POINT('',(8.707449883713,41.109696133447,
    -105.8937498601));
#782 = CARTESIAN_POINT('',(7.599400781935,45.503479171498,
    -104.1781254032));
#783 = CARTESIAN_POINT('',(3.92269146702,48.838290928333,-102.4624990708
    ));
#784 = CARTESIAN_POINT('',(-1.017638856878,49.327703496246,
    -100.7468759663));
#785 = CARTESIAN_POINT('',(-5.018730566538,47.201475489811,
    -99.03124930303));
#786 = CARTESIAN_POINT('',(-7.096365067151,43.732026842147,
    -97.31562517248));
#787 = CARTESIAN_POINT('',(-7.297742562623,36.679179737024,
    -93.88437474788));
#788 = CARTESIAN_POINT('',(-5.421993727515,33.096778387812,
    -92.16875061587));
#789 = CARTESIAN_POINT('',(-1.54799218363,30.74562475011,-90.45312395604
    ));
#790 = CARTESIAN_POINT('',(3.411285135416,30.95215869913,-88.73750084713
    ));
#791 = CARTESIAN_POINT('',(7.273045491888,34.071667380738,-87.0218745181
    ));
#792 = CARTESIAN_POINT('',(8.629847346944,38.39501386337,-85.30625005972
    ));
#793 = CARTESIAN_POINT('',(7.673579003496,42.324179765526,
    -83.59062496131));
#794 = CARTESIAN_POINT('',(2.865686877696,47.488225566693,
    -80.15937495884));
#795 = CARTESIAN_POINT('',(-0.98524512681,48.722407983892,
    -78.44374986017));
#796 = CARTESIAN_POINT('',(-5.394402546248,47.677212797112,
    -76.72812540325));
#797 = CARTESIAN_POINT('',(-8.781375813173,44.048497732075,
    -75.01249907076));
#798 = CARTESIAN_POINT('',(-9.341283814351,39.115659665016,
    -73.29687596652));
#799 = CARTESIAN_POINT('',(-7.272406130244,35.084614463563,
    -71.58124930292));
#800 = CARTESIAN_POINT('',(-3.832978739072,32.957649863726,
    -69.86562517254));
#801 = CARTESIAN_POINT('',(3.216273684197,32.65558190367,-66.43437474777
    ));
#802 = CARTESIAN_POINT('',(6.825094622816,34.479984652879,
    -64.71875061637));
#803 = CARTESIAN_POINT('',(9.231326929932,38.3200179808,-63.0031239549)
  );
#804 = CARTESIAN_POINT('',(9.095630607706,43.281738827348,
    -61.28750084893));
#805 = CARTESIAN_POINT('',(6.031582975727,47.187650468238,
    -59.57187451591));
#806 = CARTESIAN_POINT('',(1.728052755975,48.606049076004,
    -57.85625006181));
#807 = CARTESIAN_POINT('',(-2.214368464173,47.705984731415,
    -56.14062495973));
#808 = CARTESIAN_POINT('',(-7.446540716659,42.972322631228,
    -52.70937496226));
#809 = CARTESIAN_POINT('',(-8.735591831129,39.139407026405,
    -50.99374984263));
#810 = CARTESIAN_POINT('',(-7.753448601175,34.715773480675,
    -49.27812544627));
#811 = CARTESIAN_POINT('',(-4.173496514639,31.277330945563,
    -47.5624989983));
#812 = CARTESIAN_POINT('',(0.750884335132,30.647039423182,
    -45.84687605821));
#813 = CARTESIAN_POINT('',(4.81101579906,32.658147411573,-44.13124921301
    ));
#814 = CARTESIAN_POINT('',(6.986916243865,36.066850019106,
    -42.41562524115));
#815 = CARTESIAN_POINT('',(7.188237631267,39.588961661811,
    -40.69999992013));
#816 = DEFINITIONAL_REPRESENTATION('',(#817),#821);
#817 = LINE('',#818,#819);
#818 = CARTESIAN_POINT('',(5.,0.));
#819 = VECTOR('',#820,1.);
#820 = DIRECTION('',(0.,1.));
#821 = ( GEOMETRIC_REPRESENTATION_CONTEXT(2) 
PARAMETRIC_REPRESENTATION_CONTEXT() REPRESENTATION_CONTEXT('2D SPACE',''
  ) );
#822 = ORIENTED_EDGE('',*,*,#823,.F.);
#823 = EDGE_CURVE('',#824,#616,#826,.T.);
#824 = VERTEX_POINT('',#825);
#825 = CARTESIAN_POINT('',(7.896989045618,38.720326598935,-41.));
#826 = SURFACE_CURVE('',#827,(#833,#842),.PCURVE_S1.);
#827 = B_SPLINE_CURVE_WITH_KNOTS('',4,(#828,#829,#830,#831,#832),
  .UNSPECIFIED.,.F.,.F.,(5,5),(0.,1.),.PIECEWISE_BEZIER_KNOTS.);
#828 = CARTESIAN_POINT('',(8.,38.683929205425,-41.));
#829 = CARTESIAN_POINT('',(7.782973505185,38.761189262007,-41.));
#830 = CARTESIAN_POINT('',(7.565048434024,38.835523181656,-41.));
#831 = CARTESIAN_POINT('',(7.346274601942,38.906910341101,-41.));
#832 = CARTESIAN_POINT('',(7.126703379551,38.975332171935,-41.));
#833 = PCURVE('',#232,#834);
#834 = DEFINITIONAL_REPRESENTATION('',(#835),#841);
#835 = B_SPLINE_CURVE_WITH_KNOTS('',4,(#836,#837,#838,#839,#840),
  .UNSPECIFIED.,.F.,.F.,(5,5),(0.,1.),.PIECEWISE_BEZIER_KNOTS.);
#836 = CARTESIAN_POINT('',(0.910304721372,113.80452855342));
#837 = CARTESIAN_POINT('',(0.682924834313,113.82294600583));
#838 = CARTESIAN_POINT('',(0.455409233196,113.84137439235));
#839 = CARTESIAN_POINT('',(0.227765269614,113.85981310411));
#840 = CARTESIAN_POINT('',(0.,113.87826155333));
#841 = ( GEOMETRIC_REPRESENTATION_CONTEXT(2) 
PARAMETRIC_REPRESENTATION_CONTEXT() REPRESENTATION_CONTEXT('2D SPACE',''
  ) );
#842 = PCURVE('',#843,#848);
#843 = PLANE('',#844);
#844 = AXIS2_PLACEMENT_3D('',#845,#846,#847);
#845 = CARTESIAN_POINT('',(-1.709300165674E-16,40.,-41.));
#846 = DIRECTION('',(0.,0.,1.));
#847 = DIRECTION('',(1.,0.,-0.));
#848 = DEFINITIONAL_REPRESENTATION('',(#849),#855);
#849 = B_SPLINE_CURVE_WITH_KNOTS('',4,(#850,#851,#852,#853,#854),
  .UNSPECIFIED.,.F.,.F.,(5,5),(0.,1.),.PIECEWISE_BEZIER_KNOTS.);
#850 = CARTESIAN_POINT('',(8.,-1.316070794575));
#851 = CARTESIAN_POINT('',(7.782973505185,-1.238810737993));
#852 = CARTESIAN_POINT('',(7.565048434024,-1.164476818344));
#853 = CARTESIAN_POINT('',(7.346274601942,-1.093089658899));
#854 = CARTESIAN_POINT('',(7.126703379551,-1.024667828065));
#855 = ( GEOMETRIC_REPRESENTATION_CONTEXT(2) 
PARAMETRIC_REPRESENTATION_CONTEXT() REPRESENTATION_CONTEXT('2D SPACE',''
  ) );
#856 = ORIENTED_EDGE('',*,*,#857,.F.);
#857 = EDGE_CURVE('',#858,#824,#860,.T.);
#858 = VERTEX_POINT('',#859);
#859 = CARTESIAN_POINT('',(8.,40.,-62.43750357258));
#860 = SURFACE_CURVE('',#861,(#927,#996),.PCURVE_S1.);
#861 = B_SPLINE_CURVE_WITH_KNOTS('',8,(#862,#863,#864,#865,#866,#867,
    #868,#869,#870,#871,#872,#873,#874,#875,#876,#877,#878,#879,#880,
    #881,#882,#883,#884,#885,#886,#887,#888,#889,#890,#891,#892,#893,
    #894,#895,#896,#897,#898,#899,#900,#901,#902,#903,#904,#905,#906,
    #907,#908,#909,#910,#911,#912,#913,#914,#915,#916,#917,#918,#919,
    #920,#921,#922,#923,#924,#925,#926),.UNSPECIFIED.,.F.,.F.,(9,7,7,7,7
    ,7,7,7,7,9),(0.,0.134246618971,0.261550912535,0.326712871696,
    0.378715006718,0.506897738441,0.601463706592,0.708606632708,
    0.845431094848,1.),.UNSPECIFIED.);
#862 = CARTESIAN_POINT('',(8.,40.,-62.43750357258));
#863 = CARTESIAN_POINT('',(8.,40.835700374628,-62.0717366259));
#864 = CARTESIAN_POINT('',(7.900229187969,41.67183349132,-61.70578059732
    ));
#865 = CARTESIAN_POINT('',(7.700507496997,42.493835927165,
    -61.33992646608));
#866 = CARTESIAN_POINT('',(7.403418804719,43.287799097468,
    -60.97415858725));
#867 = CARTESIAN_POINT('',(7.01360834276,44.040586327941,-60.60839029471
    ));
#868 = CARTESIAN_POINT('',(6.53770661111,44.739943019274,-60.24253522617
    ));
#869 = CARTESIAN_POINT('',(5.984296929025,45.374624233882,
    -59.87657717232));
#870 = CARTESIAN_POINT('',(4.776388904231,46.46638535513,-59.16395932828
    ));
#871 = CARTESIAN_POINT('',(4.128056581516,46.931440732637,
    -58.81696115602));
#872 = CARTESIAN_POINT('',(3.428399311665,47.321777861691,
    -58.47003967351));
#873 = CARTESIAN_POINT('',(2.687600055531,47.630961195377,
    -58.12318625229));
#874 = CARTESIAN_POINT('',(1.916546073104,47.854248610621,
    -57.77633266936));
#875 = CARTESIAN_POINT('',(1.126694557571,47.988510094523,
    -57.42941061624));
#876 = CARTESIAN_POINT('',(0.33001868461,48.032379198131,-57.08241160848
    ));
#877 = CARTESIAN_POINT('',(-0.866111054049,47.963315596309,
    -56.55802154952));
#878 = CARTESIAN_POINT('',(-1.269735243769,47.916465251195,
    -56.38047618474));
#879 = CARTESIAN_POINT('',(-1.670412171051,47.846236939463,
    -56.20293282325));
#880 = CARTESIAN_POINT('',(-2.066561070868,47.752854380929,
    -56.02539251566));
#881 = CARTESIAN_POINT('',(-2.456629780273,47.636666548351,
    -55.84785266138));
#882 = CARTESIAN_POINT('',(-2.839099096365,47.498143789626,
    -55.67031052276));
#883 = CARTESIAN_POINT('',(-3.212488259552,47.337878543355,
    -55.49276667852));
#884 = CARTESIAN_POINT('',(-3.864950560336,47.011914862357,
    -55.17354500465));
#885 = CARTESIAN_POINT('',(-4.147848025051,46.853847380236,
    -55.03186241563));
#886 = CARTESIAN_POINT('',(-4.423328623751,46.682750934203,
    -54.89018182164));
#887 = CARTESIAN_POINT('',(-4.690695363948,46.499033015349,
    -54.74850290704));
#888 = CARTESIAN_POINT('',(-4.949279214516,46.303144667731,
    -54.60682400189));
#889 = CARTESIAN_POINT('',(-5.198440193653,46.095579363409,
    -54.46514312868));
#890 = CARTESIAN_POINT('',(-5.437569923432,45.876871957886,
    -54.32345996236));
#891 = CARTESIAN_POINT('',(-6.229400446331,45.082447903652,
    -53.83254129646));
#892 = CARTESIAN_POINT('',(-6.728528679553,44.452838529127,
    -53.48315314789));
#893 = CARTESIAN_POINT('',(-7.154469028224,43.767621497945,
    -53.13384173511));
#894 = CARTESIAN_POINT('',(-7.50016754169,43.036871630142,
    -52.78459912531));
#895 = CARTESIAN_POINT('',(-7.760273965805,42.271464508552,
    -52.43535698501));
#896 = CARTESIAN_POINT('',(-7.931062857738,41.482935526556,
    -52.0860459109));
#897 = CARTESIAN_POINT('',(-8.010594627898,40.683432647695,
    -51.7366563492));
#898 = CARTESIAN_POINT('',(-7.990761793648,39.296961422053,
    -51.12977034646));
#899 = CARTESIAN_POINT('',(-7.932840459328,38.708976450104,
    -50.87208804913));
#900 = CARTESIAN_POINT('',(-7.825466040397,38.126593379241,
    -50.61442204108));
#901 = CARTESIAN_POINT('',(-7.669309736289,37.554667566304,
    -50.35677286603));
#902 = CARTESIAN_POINT('',(-7.465588586843,36.99790832156,-50.0991235683
    ));
#903 = CARTESIAN_POINT('',(-7.216036462971,36.460859709818,
    -49.84145722756));
#904 = CARTESIAN_POINT('',(-6.922916107317,35.947868437379,
    -49.58377439243));
#905 = CARTESIAN_POINT('',(-6.210813498243,34.913681133562,
    -49.03420973009));
#906 = CARTESIAN_POINT('',(-5.780136918521,34.400264845104,
    -48.74222959838));
#907 = CARTESIAN_POINT('',(-5.301124747767,33.928790345529,
    -48.45027935826));
#908 = CARTESIAN_POINT('',(-4.778618908171,33.504518957812,
    -48.15836024573));
#909 = CARTESIAN_POINT('',(-4.218050722449,33.131992294489,
    -47.86644320574));
#910 = CARTESIAN_POINT('',(-3.62537241615,32.815038807388,
    -47.57449799971));
#911 = CARTESIAN_POINT('',(-3.00704133666,32.556711268222,
    -47.28252264112));
#912 = CARTESIAN_POINT('',(-1.55651427717,32.106793062059,
    -46.61782340824));
#913 = CARTESIAN_POINT('',(-0.711841392477,31.953303153385,
    -46.24482421319));
#914 = CARTESIAN_POINT('',(0.149292381095,31.903432927721,
    -45.87193875607));
#915 = CARTESIAN_POINT('',(1.011990229788,31.95886453732,-45.49914855075
    ));
#916 = CARTESIAN_POINT('',(1.861517920812,32.118920511261,
    -45.12635966663));
#917 = CARTESIAN_POINT('',(2.683434796195,32.380603719651,-44.7534778379
    ));
#918 = CARTESIAN_POINT('',(3.463731607153,32.738593432365,-44.3804827181
    ));
#919 = CARTESIAN_POINT('',(5.009068347993,33.68849743278,-43.58656621533
    ));
#920 = CARTESIAN_POINT('',(5.760283231961,34.305513265133,
    -43.16504734109));
#921 = CARTESIAN_POINT('',(6.423518806023,35.024197541358,
    -42.74374246641));
#922 = CARTESIAN_POINT('',(6.983169720401,35.829432856749,
    -42.32259778113));
#923 = CARTESIAN_POINT('',(7.426737707963,36.703986803517,
    -41.90145126287));
#924 = CARTESIAN_POINT('',(7.744992458828,37.62868963123,-41.48014681681
    ));
#925 = CARTESIAN_POINT('',(7.932021972657,38.582652225653,
    -41.05863406579));
#926 = CARTESIAN_POINT('',(7.986953006165,39.543292569233,-40.637504784)
  );
#927 = PCURVE('',#232,#928);
#928 = DEFINITIONAL_REPRESENTATION('',(#929),#995);
#929 = B_SPLINE_CURVE_WITH_KNOTS('',8,(#930,#931,#932,#933,#934,#935,
    #936,#937,#938,#939,#940,#941,#942,#943,#944,#945,#946,#947,#948,
    #949,#950,#951,#952,#953,#954,#955,#956,#957,#958,#959,#960,#961,
    #962,#963,#964,#965,#966,#967,#968,#969,#970,#971,#972,#973,#974,
    #975,#976,#977,#978,#979,#980,#981,#982,#983,#984,#985,#986,#987,
    #988,#989,#990,#991,#992,#993,#994),.UNSPECIFIED.,.F.,.F.,(9,7,7,7,7
    ,7,7,7,7,9),(0.,0.134246618971,0.261550912535,0.326712871696,
    0.378715006718,0.506897738441,0.601463706592,0.708606632708,
    0.845431094848,1.),.UNSPECIFIED.);
#930 = CARTESIAN_POINT('',(0.802447026081,91.518601772171));
#931 = CARTESIAN_POINT('',(0.802449570849,91.898993256797));
#932 = CARTESIAN_POINT('',(0.802452512388,92.279581366591));
#933 = CARTESIAN_POINT('',(0.802454717038,92.66006362406));
#934 = CARTESIAN_POINT('',(0.802454717684,93.040456442298));
#935 = CARTESIAN_POINT('',(0.80245190332,93.420849979144));
#936 = CARTESIAN_POINT('',(0.802448189486,93.801333843894));
#937 = CARTESIAN_POINT('',(0.802445136415,94.181924730497));
#938 = CARTESIAN_POINT('',(0.802441842237,94.923036304922));
#939 = CARTESIAN_POINT('',(0.802441472421,95.283908919122));
#940 = CARTESIAN_POINT('',(0.802442858712,95.644701588089));
#941 = CARTESIAN_POINT('',(0.802446068436,96.005423285466));
#942 = CARTESIAN_POINT('',(0.80244930069,96.366145149237));
#943 = CARTESIAN_POINT('',(0.802450770153,96.726938415688));
#944 = CARTESIAN_POINT('',(0.802450652971,97.087811918257));
#945 = CARTESIAN_POINT('',(0.802449454127,97.633169480163));
#946 = CARTESIAN_POINT('',(0.80244887354,97.817813944934));
#947 = CARTESIAN_POINT('',(0.802448218481,98.002456342532));
#948 = CARTESIAN_POINT('',(0.802447678476,98.187095559199));
#949 = CARTESIAN_POINT('',(0.802447410215,98.371734277371));
#950 = CARTESIAN_POINT('',(0.802447460943,98.556375328426));
#951 = CARTESIAN_POINT('',(0.80244773739,98.74101810741));
#952 = CARTESIAN_POINT('',(0.802448245929,99.073003523133));
#953 = CARTESIAN_POINT('',(0.802448348156,99.220351129498));
#954 = CARTESIAN_POINT('',(0.802448729641,99.367696626724));
#955 = CARTESIAN_POINT('',(0.802448679404,99.515040379581));
#956 = CARTESIAN_POINT('',(0.802447954246,99.662384157824));
#957 = CARTESIAN_POINT('',(0.802447223814,99.809730014332));
#958 = CARTESIAN_POINT('',(0.802447379205,99.9570782433));
#959 = CARTESIAN_POINT('',(0.802448508502,100.46762556847));
#960 = CARTESIAN_POINT('',(0.802449839387,100.83098334904));
#961 = CARTESIAN_POINT('',(0.802446194116,101.1942620019));
#962 = CARTESIAN_POINT('',(0.80244555026,101.55746900499));
#963 = CARTESIAN_POINT('',(0.802447933195,101.92067527578));
#964 = CARTESIAN_POINT('',(0.8024491597,102.28395327425));
#965 = CARTESIAN_POINT('',(0.802449788495,102.64731287328));
#966 = CARTESIAN_POINT('',(0.802448952968,103.27846474642));
#967 = CARTESIAN_POINT('',(0.8024480455,103.54645028747));
#968 = CARTESIAN_POINT('',(0.802446597661,103.81441890879));
#969 = CARTESIAN_POINT('',(0.802444927792,104.0823700346));
#970 = CARTESIAN_POINT('',(0.80244356686,104.35032127234));
#971 = CARTESIAN_POINT('',(0.802442933646,104.61829019659));
#972 = CARTESIAN_POINT('',(0.802443092758,104.8862762348));
#973 = CARTESIAN_POINT('',(0.802444835404,105.45781464952));
#974 = CARTESIAN_POINT('',(0.802446603046,105.76146925231));
#975 = CARTESIAN_POINT('',(0.802449015146,106.06509273943));
#976 = CARTESIAN_POINT('',(0.802451473307,106.36868385934));
#977 = CARTESIAN_POINT('',(0.802453174305,106.67227287136));
#978 = CARTESIAN_POINT('',(0.802453611879,106.97589124434));
#979 = CARTESIAN_POINT('',(0.802452896193,107.27954102783));
#980 = CARTESIAN_POINT('',(0.802449495893,107.97081784384));
#981 = CARTESIAN_POINT('',(0.802446319499,108.35873122285));
#982 = CARTESIAN_POINT('',(0.802442694652,108.74652630487));
#983 = CARTESIAN_POINT('',(0.802440171704,109.13422223569));
#984 = CARTESIAN_POINT('',(0.80244067872,109.52191662399));
#985 = CARTESIAN_POINT('',(0.802443365237,109.90970766011));
#986 = CARTESIAN_POINT('',(0.802446472951,110.29761662546));
#987 = CARTESIAN_POINT('',(0.802451534102,111.12327730922));
#988 = CARTESIAN_POINT('',(0.802453313912,111.56165043333));
#989 = CARTESIAN_POINT('',(0.802452286196,111.99980112873));
#990 = CARTESIAN_POINT('',(0.802448534174,112.43778504855));
#991 = CARTESIAN_POINT('',(0.802442040101,112.87577035318));
#992 = CARTESIAN_POINT('',(0.802445444536,113.31391821156));
#993 = CARTESIAN_POINT('',(0.802437963558,113.75228416018));
#994 = CARTESIAN_POINT('',(0.802457200201,114.19025683364));
#995 = ( GEOMETRIC_REPRESENTATION_CONTEXT(2) 
PARAMETRIC_REPRESENTATION_CONTEXT() REPRESENTATION_CONTEXT('2D SPACE',''
  ) );
#996 = PCURVE('',#997,#1002);
#997 = CYLINDRICAL_SURFACE('',#998,8.);
#998 = AXIS2_PLACEMENT_3D('',#999,#1000,#1001);
#999 = CARTESIAN_POINT('',(0.,40.,-151.));
#1000 = DIRECTION('',(-0.,-0.,-1.));
#1001 = DIRECTION('',(1.,0.,0.));
#1002 = DEFINITIONAL_REPRESENTATION('',(#1003),#1069);
#1003 = B_SPLINE_CURVE_WITH_KNOTS('',8,(#1004,#1005,#1006,#1007,#1008,
    #1009,#1010,#1011,#1012,#1013,#1014,#1015,#1016,#1017,#1018,#1019,
    #1020,#1021,#1022,#1023,#1024,#1025,#1026,#1027,#1028,#1029,#1030,
    #1031,#1032,#1033,#1034,#1035,#1036,#1037,#1038,#1039,#1040,#1041,
    #1042,#1043,#1044,#1045,#1046,#1047,#1048,#1049,#1050,#1051,#1052,
    #1053,#1054,#1055,#1056,#1057,#1058,#1059,#1060,#1061,#1062,#1063,
    #1064,#1065,#1066,#1067,#1068),.UNSPECIFIED.,.F.,.F.,(9,7,7,7,7,7,7,
    7,7,9),(0.,0.134246618971,0.261550912535,0.326712871696,
    0.378715006718,0.506897738441,0.601463706592,0.708606632708,
    0.845431094848,1.),.UNSPECIFIED.);
#1004 = CARTESIAN_POINT('',(0.,-88.56249642741));
#1005 = CARTESIAN_POINT('',(-0.104462546828,-88.92826337409));
#1006 = CARTESIAN_POINT('',(-0.208979138611,-89.29421940267));
#1007 = CARTESIAN_POINT('',(-0.313466780773,-89.66007353391));
#1008 = CARTESIAN_POINT('',(-0.417929984542,-90.02584141274));
#1009 = CARTESIAN_POINT('',(-0.522393326474,-90.39160970528));
#1010 = CARTESIAN_POINT('',(-0.626881319933,-90.75746477382));
#1011 = CARTESIAN_POINT('',(-0.731398636348,-91.12342282767));
#1012 = CARTESIAN_POINT('',(-0.934921674902,-91.83604067171));
#1013 = CARTESIAN_POINT('',(-1.034024042248,-92.18303884398));
#1014 = CARTESIAN_POINT('',(-1.133104553493,-92.52996032648));
#1015 = CARTESIAN_POINT('',(-1.232165805732,-92.8768137477));
#1016 = CARTESIAN_POINT('',(-1.331227320157,-93.22366733063));
#1017 = CARTESIAN_POINT('',(-1.430308428945,-93.57058938375));
#1018 = CARTESIAN_POINT('',(-1.529411248572,-93.91758839151));
#1019 = CARTESIAN_POINT('',(-1.679176488447,-94.44197845047));
#1020 = CARTESIAN_POINT('',(-1.729883181667,-94.61952381525));
#1021 = CARTESIAN_POINT('',(-1.780589228521,-94.79706717674));
#1022 = CARTESIAN_POINT('',(-1.83129433775,-94.97460748433));
#1023 = CARTESIAN_POINT('',(-1.881999289126,-95.15214733861));
#1024 = CARTESIAN_POINT('',(-1.932704928192,-95.32968947723));
#1025 = CARTESIAN_POINT('',(-1.983411158487,-95.50723332147));
#1026 = CARTESIAN_POINT('',(-2.074580589979,-95.82645499534));
#1027 = CARTESIAN_POINT('',(-2.115045115249,-95.96813758436));
#1028 = CARTESIAN_POINT('',(-2.155509106852,-96.10981817836));
#1029 = CARTESIAN_POINT('',(-2.195972802739,-96.25149709295));
#1030 = CARTESIAN_POINT('',(-2.23643661414,-96.3931759981));
#1031 = CARTESIAN_POINT('',(-2.276900796449,-96.53485687131));
#1032 = CARTESIAN_POINT('',(-2.317365255892,-96.67654003764));
#1033 = CARTESIAN_POINT('',(-2.457571864316,-97.16745870353));
#1034 = CARTESIAN_POINT('',(-2.557357848951,-97.5168468521));
#1035 = CARTESIAN_POINT('',(-2.657120630612,-97.86615826488));
#1036 = CARTESIAN_POINT('',(-2.756863117575,-98.21540087468));
#1037 = CARTESIAN_POINT('',(-2.85660567226,-98.56464301498));
#1038 = CARTESIAN_POINT('',(-2.956368393642,-98.91395408909));
#1039 = CARTESIAN_POINT('',(-3.056153857286,-99.26334365079));
#1040 = CARTESIAN_POINT('',(-3.229480490808,-99.87022965353));
#1041 = CARTESIAN_POINT('',(-3.303074651699,-100.1279119508));
#1042 = CARTESIAN_POINT('',(-3.37666419634,-100.3855779589));
#1043 = CARTESIAN_POINT('',(-3.450248877044,-100.6432271339));
#1044 = CARTESIAN_POINT('',(-3.52383348136,-100.9008764316));
#1045 = CARTESIAN_POINT('',(-3.597422839421,-101.1585427724));
#1046 = CARTESIAN_POINT('',(-3.671016827747,-101.4162256075));
#1047 = CARTESIAN_POINT('',(-3.827971912148,-101.9657902699));
#1048 = CARTESIAN_POINT('',(-3.911361071923,-102.2577704016));
#1049 = CARTESIAN_POINT('',(-3.994741690904,-102.5497206417));
#1050 = CARTESIAN_POINT('',(-4.078113487178,-102.8416397542));
#1051 = CARTESIAN_POINT('',(-4.161484781103,-103.1335567942));
#1052 = CARTESIAN_POINT('',(-4.244864178109,-103.4255020002));
#1053 = CARTESIAN_POINT('',(-4.328252194734,-103.7174773588));
#1054 = CARTESIAN_POINT('',(-4.518089919126,-104.3821765917));
#1055 = CARTESIAN_POINT('',(-4.62461824531,-104.7551757868));
#1056 = CARTESIAN_POINT('',(-4.731113996481,-105.1280612439));
#1057 = CARTESIAN_POINT('',(-4.837582430234,-105.5008514492));
#1058 = CARTESIAN_POINT('',(-4.944050516039,-105.8736403333));
#1059 = CARTESIAN_POINT('',(-5.050545419111,-106.246522162));
#1060 = CARTESIAN_POINT('',(-5.157072867053,-106.6195172818));
#1061 = CARTESIAN_POINT('',(-5.383815536884,-107.4134337846));
#1062 = CARTESIAN_POINT('',(-5.504201411146,-107.8349526589));
#1063 = CARTESIAN_POINT('',(-5.624525887516,-108.2562575335));
#1064 = CARTESIAN_POINT('',(-5.744804053569,-108.6774022188));
#1065 = CARTESIAN_POINT('',(-5.865081484452,-109.0985487371));
#1066 = CARTESIAN_POINT('',(-5.985404292596,-109.5198531831));
#1067 = CARTESIAN_POINT('',(-6.105789625092,-109.9413659342));
#1068 = CARTESIAN_POINT('',(-6.226065823392,-110.3624952159));
#1069 = ( GEOMETRIC_REPRESENTATION_CONTEXT(2) 
PARAMETRIC_REPRESENTATION_CONTEXT() REPRESENTATION_CONTEXT('2D SPACE',''
  ) );
#1070 = ORIENTED_EDGE('',*,*,#1071,.F.);
#1071 = EDGE_CURVE('',#1072,#858,#1074,.T.);
#1072 = VERTEX_POINT('',#1073);
#1073 = CARTESIAN_POINT('',(8.,40.,-84.43750517627));
#1074 = SURFACE_CURVE('',#1075,(#1155,#1238),.PCURVE_S1.);
#1075 = B_SPLINE_CURVE_WITH_KNOTS('',8,(#1076,#1077,#1078,#1079,#1080,
    #1081,#1082,#1083,#1084,#1085,#1086,#1087,#1088,#1089,#1090,#1091,
    #1092,#1093,#1094,#1095,#1096,#1097,#1098,#1099,#1100,#1101,#1102,
    #1103,#1104,#1105,#1106,#1107,#1108,#1109,#1110,#1111,#1112,#1113,
    #1114,#1115,#1116,#1117,#1118,#1119,#1120,#1121,#1122,#1123,#1124,
    #1125,#1126,#1127,#1128,#1129,#1130,#1131,#1132,#1133,#1134,#1135,
    #1136,#1137,#1138,#1139,#1140,#1141,#1142,#1143,#1144,#1145,#1146,
    #1147,#1148,#1149,#1150,#1151,#1152,#1153,#1154),.UNSPECIFIED.,.F.,
  .F.,(9,7,7,7,7,7,7,7,7,7,7,9),(0.,9.811152049089E-02,0.137319536619,
    0.19422766286,0.275441560501,0.366133382208,0.449846600447,
    0.591556149517,0.730751503256,0.780112167142,0.833374864863,1.),
  .UNSPECIFIED.);
#1076 = CARTESIAN_POINT('',(8.,40.,-84.43750517627));
#1077 = CARTESIAN_POINT('',(8.,40.61631003424,-84.16776107755));
#1078 = CARTESIAN_POINT('',(7.945737285112,41.23273067448,
    -83.89796805794));
#1079 = CARTESIAN_POINT('',(7.837178606848,41.843531842678,
    -83.62819438516));
#1080 = CARTESIAN_POINT('',(7.675051684716,42.443125067985,
    -83.35844285448));
#1081 = CARTESIAN_POINT('',(7.460740993584,43.02610088285,
    -83.08869348071));
#1082 = CARTESIAN_POINT('',(7.196246959125,43.587250950265,
    -82.8189253309));
#1083 = CARTESIAN_POINT('',(6.884200666702,44.121605843406,
    -82.54913750263));
#1084 = CARTESIAN_POINT('',(6.385549275464,44.825497252485,
    -82.17159055912));
#1085 = CARTESIAN_POINT('',(6.236095136892,45.021473612529,
    -82.06378724585));
#1086 = CARTESIAN_POINT('',(6.079772162036,45.212151731468,
    -81.95598427043));
#1087 = CARTESIAN_POINT('',(5.916805598618,45.39724545664,
    -81.84818074317));
#1088 = CARTESIAN_POINT('',(5.747429148795,45.576486700473,
    -81.74037852535));
#1089 = CARTESIAN_POINT('',(5.571887169723,45.749621410368,
    -81.63257876325));
#1090 = CARTESIAN_POINT('',(5.390437644871,45.916405228203,
    -81.52477783993));
#1091 = CARTESIAN_POINT('',(4.931793721332,46.309137862935,
    -81.26050363242));
#1092 = CARTESIAN_POINT('',(4.648363290421,46.527798949211,
    -81.10403165886));
#1093 = CARTESIAN_POINT('',(4.353885984105,46.731880857079,
    -80.94756084645));
#1094 = CARTESIAN_POINT('',(4.049238681374,46.920736865459,
    -80.79109071578));
#1095 = CARTESIAN_POINT('',(3.735340309364,47.093784719342,
    -80.63461949881));
#1096 = CARTESIAN_POINT('',(3.41314925601,47.250507385233,
    -80.47814593221));
#1097 = CARTESIAN_POINT('',(3.083661841138,47.390455806003,
    -80.32167111333));
#1098 = CARTESIAN_POINT('',(2.268761194997,47.688499136049,
    -79.94190023622));
#1099 = CARTESIAN_POINT('',(1.776793749888,47.82883792213,
    -79.71857975357));
#1100 = CARTESIAN_POINT('',(1.27503562928,47.933151067556,
    -79.49526635379));
#1101 = CARTESIAN_POINT('',(0.766577462657,48.000665524139,
    -79.27196384034));
#1102 = CARTESIAN_POINT('',(0.254554320728,48.030926573925,
    -79.04866367872));
#1103 = CARTESIAN_POINT('',(-0.257872149196,48.023788536697,
    -78.82535610358));
#1104 = CARTESIAN_POINT('',(-0.767529382765,47.979423752363,
    -78.60204109132));
#1105 = CARTESIAN_POINT('',(-1.833750836896,47.807814336581,
    -78.12937725284));
#1106 = CARTESIAN_POINT('',(-2.388959874292,47.671483600277,
    -77.87998233862));
#1107 = CARTESIAN_POINT('',(-2.932418470849,47.490053525532,
    -77.63060088615));
#1108 = CARTESIAN_POINT('',(-3.459852210459,47.264746529951,
    -77.38123541631));
#1109 = CARTESIAN_POINT('',(-3.967182960485,46.997242740318,
    -77.13187203536));
#1110 = CARTESIAN_POINT('',(-4.450541285035,46.68965175655,
    -76.88249571622));
#1111 = CARTESIAN_POINT('',(-4.906293462945,46.344517010121,
    -76.63310530947));
#1112 = CARTESIAN_POINT('',(-5.723218306845,45.614387688336,
    -76.15356342501));
#1113 = CARTESIAN_POINT('',(-6.08904029795,45.234441100787,
    -75.9233673284));
#1114 = CARTESIAN_POINT('',(-6.425926688926,44.827348921196,
    -75.69317978186));
#1115 = CARTESIAN_POINT('',(-6.731546344878,44.395702718867,
    -75.46300304611));
#1116 = CARTESIAN_POINT('',(-7.003859194473,43.942307323858,
    -75.23282653479));
#1117 = CARTESIAN_POINT('',(-7.241117611478,43.470158510525,
    -75.00263958726));
#1118 = CARTESIAN_POINT('',(-7.441886270812,42.982432724525,
    -74.77244427798));
#1119 = CARTESIAN_POINT('',(-7.881335270762,41.636184983403,
    -74.15262681644));
#1120 = CARTESIAN_POINT('',(-8.050147552386,40.75416682251,
    -73.76271832208));
#1121 = CARTESIAN_POINT('',(-8.105754341147,39.853218158639,
    -73.37295348948));
#1122 = CARTESIAN_POINT('',(-8.046156161579,38.950370065799,
    -72.98330429805));
#1123 = CARTESIAN_POINT('',(-7.872145624931,38.062449685563,
    -72.59365614844));
#1124 = CARTESIAN_POINT('',(-7.587275702801,37.205922630405,
    -72.20389436983));
#1125 = CARTESIAN_POINT('',(-7.197847856648,36.39673185233,
    -71.81398938911));
#1126 = CARTESIAN_POINT('',(-6.238198352785,34.915753443552,
    -71.04161738073));
#1127 = CARTESIAN_POINT('',(-5.670691959707,34.240833690221,
    -70.65864672346));
#1128 = CARTESIAN_POINT('',(-5.020130320415,33.639064216664,
    -70.27580594187));
#1129 = CARTESIAN_POINT('',(-4.297807360032,33.122110578931,
    -69.89307001359));
#1130 = CARTESIAN_POINT('',(-3.516530358191,32.699505922071,
    -69.51033165372));
#1131 = CARTESIAN_POINT('',(-2.690480062843,32.378578491008,
    -69.12748690178));
#1132 = CARTESIAN_POINT('',(-1.835087558118,32.164367594555,
    -68.74451543789));
#1133 = CARTESIAN_POINT('',(-0.65921675519,32.021178472206,
    -68.22606529244));
#1134 = CARTESIAN_POINT('',(-0.349737338355,31.997330798379,
    -68.09034444288));
#1135 = CARTESIAN_POINT('',(-3.930292085576E-02,31.987205071286,
    -67.95462693178));
#1136 = CARTESIAN_POINT('',(0.271378021597,31.990842919373,
    -67.81890999316));
#1137 = CARTESIAN_POINT('',(0.581595027928,32.008242713659,
    -67.68319064231));
#1138 = CARTESIAN_POINT('',(0.890638450165,32.039359232695,
    -67.54746855895));
#1139 = CARTESIAN_POINT('',(1.197800588926,32.08410266284,
    -67.41174628831));
#1140 = CARTESIAN_POINT('',(1.831026815887,32.205174710572,
    -67.12957840169));
#1141 = CARTESIAN_POINT('',(2.156682100853,32.283723674931,
    -66.98312622427));
#1142 = CARTESIAN_POINT('',(2.478456078808,32.37781587396,
    -66.83667408273));
#1143 = CARTESIAN_POINT('',(2.795482496225,32.487223845209,
    -66.69022287279));
#1144 = CARTESIAN_POINT('',(3.106914731721,32.611663685392,
    -66.54377186901));
#1145 = CARTESIAN_POINT('',(3.41192724843,32.750796687279,
    -66.39732005844));
#1146 = CARTESIAN_POINT('',(3.709717555094,32.904229544869,
    -66.25086747005));
#1147 = CARTESIAN_POINT('',(4.906080943639,33.594837153655,
    -65.64626447665));
#1148 = CARTESIAN_POINT('',(5.735566240631,34.254406260965,
    -65.18752378691));
#1149 = CARTESIAN_POINT('',(6.462106302326,35.036102225795,
    -64.72912524844));
#1150 = CARTESIAN_POINT('',(7.065463661731,35.920428842757,
    -64.27095970227));
#1151 = CARTESIAN_POINT('',(7.529695478855,36.885078631003,
    -63.81279219698));
#1152 = CARTESIAN_POINT('',(7.84346367785,37.905096981888,
    -63.35439376051));
#1153 = CARTESIAN_POINT('',(8.,38.953219805765,-62.89565533021));
#1154 = CARTESIAN_POINT('',(8.,40.,-62.43750357258));
#1155 = PCURVE('',#232,#1156);
#1156 = DEFINITIONAL_REPRESENTATION('',(#1157),#1237);
#1157 = B_SPLINE_CURVE_WITH_KNOTS('',8,(#1158,#1159,#1160,#1161,#1162,
    #1163,#1164,#1165,#1166,#1167,#1168,#1169,#1170,#1171,#1172,#1173,
    #1174,#1175,#1176,#1177,#1178,#1179,#1180,#1181,#1182,#1183,#1184,
    #1185,#1186,#1187,#1188,#1189,#1190,#1191,#1192,#1193,#1194,#1195,
    #1196,#1197,#1198,#1199,#1200,#1201,#1202,#1203,#1204,#1205,#1206,
    #1207,#1208,#1209,#1210,#1211,#1212,#1213,#1214,#1215,#1216,#1217,
    #1218,#1219,#1220,#1221,#1222,#1223,#1224,#1225,#1226,#1227,#1228,
    #1229,#1230,#1231,#1232,#1233,#1234,#1235,#1236),.UNSPECIFIED.,.F.,
  .F.,(9,7,7,7,7,7,7,7,7,7,7,9),(0.,9.811152049089E-02,0.137319536619,
    0.19422766286,0.275441560501,0.366133382208,0.449846600447,
    0.591556149517,0.730751503256,0.780112167142,0.833374864863,1.),
  .UNSPECIFIED.);
#1158 = CARTESIAN_POINT('',(0.802450271978,68.63894895094));
#1159 = CARTESIAN_POINT('',(0.802450112585,68.919478576992));
#1160 = CARTESIAN_POINT('',(0.802449294116,69.200059169628));
#1161 = CARTESIAN_POINT('',(0.802448119732,69.48061970807));
#1162 = CARTESIAN_POINT('',(0.80244695851,69.761157242818));
#1163 = CARTESIAN_POINT('',(0.802446906341,70.041692440086));
#1164 = CARTESIAN_POINT('',(0.802447995028,70.322247016913));
#1165 = CARTESIAN_POINT('',(0.802448412533,70.602822008645));
#1166 = CARTESIAN_POINT('',(0.802448111306,70.995464702196));
#1167 = CARTESIAN_POINT('',(0.802447966264,71.107578392246));
#1168 = CARTESIAN_POINT('',(0.80244762468,71.219691726888));
#1169 = CARTESIAN_POINT('',(0.802447173256,71.331805648876));
#1170 = CARTESIAN_POINT('',(0.802447327692,71.443918159868));
#1171 = CARTESIAN_POINT('',(0.802448095028,71.556028060645));
#1172 = CARTESIAN_POINT('',(0.802448287089,71.668139230687));
#1173 = CARTESIAN_POINT('',(0.802448756563,71.942980044592));
#1174 = CARTESIAN_POINT('',(0.802448775628,72.105708360414));
#1175 = CARTESIAN_POINT('',(0.802448442065,72.268435529479));
#1176 = CARTESIAN_POINT('',(0.802447949242,72.431162032571));
#1177 = CARTESIAN_POINT('',(0.80244752252,72.593889683481));
#1178 = CARTESIAN_POINT('',(0.80244728354,72.756619778321));
#1179 = CARTESIAN_POINT('',(0.802447233903,72.919351168517));
#1180 = CARTESIAN_POINT('',(0.802447535719,73.314306974584));
#1181 = CARTESIAN_POINT('',(0.802448057943,73.546556779954));
#1182 = CARTESIAN_POINT('',(0.80244885208,73.778799183101));
#1183 = CARTESIAN_POINT('',(0.802449559827,74.011030245561));
#1184 = CARTESIAN_POINT('',(0.80244985498,74.2432588656));
#1185 = CARTESIAN_POINT('',(0.802449611981,74.475495212721));
#1186 = CARTESIAN_POINT('',(0.802448925472,74.707739312015));
#1187 = CARTESIAN_POINT('',(0.802446925962,75.199302289863));
#1188 = CARTESIAN_POINT('',(0.802445549801,75.458669101892));
#1189 = CARTESIAN_POINT('',(0.802444104173,75.718021918351));
#1190 = CARTESIAN_POINT('',(0.802443018076,75.977358095933));
#1191 = CARTESIAN_POINT('',(0.802442656621,76.236692063558));
#1192 = CARTESIAN_POINT('',(0.802443130689,76.496039442858));
#1193 = CARTESIAN_POINT('',(0.802444253423,76.755401440712));
#1194 = CARTESIAN_POINT('',(0.802447111584,77.254117229208));
#1195 = CARTESIAN_POINT('',(0.802448790083,77.493517425438));
#1196 = CARTESIAN_POINT('',(0.80245055815,77.732908728116));
#1197 = CARTESIAN_POINT('',(0.802452077286,77.972288804958));
#1198 = CARTESIAN_POINT('',(0.80245304725,78.211668680856));
#1199 = CARTESIAN_POINT('',(0.802453304831,78.451059448537));
#1200 = CARTESIAN_POINT('',(0.802452861658,78.690458945835));
#1201 = CARTESIAN_POINT('',(0.802450221143,79.335059404767));
#1202 = CARTESIAN_POINT('',(0.802447010899,79.740558198406));
#1203 = CARTESIAN_POINT('',(0.80244302996,80.145907589546));
#1204 = CARTESIAN_POINT('',(0.802440001639,80.551136622884));
#1205 = CARTESIAN_POINT('',(0.802440442624,80.956364360086));
#1206 = CARTESIAN_POINT('',(0.802443318604,81.361710245337));
#1207 = CARTESIAN_POINT('',(0.802446594824,81.767205193827));
#1208 = CARTESIAN_POINT('',(0.802451429607,82.570459974582));
#1209 = CARTESIAN_POINT('',(0.802453031448,82.968743568592));
#1210 = CARTESIAN_POINT('',(0.802452535499,83.366892204905));
#1211 = CARTESIAN_POINT('',(0.802449832531,83.764931699497));
#1212 = CARTESIAN_POINT('',(0.802445179981,84.162973302815));
#1213 = CARTESIAN_POINT('',(0.802444902095,84.561124330132));
#1214 = CARTESIAN_POINT('',(0.802438629513,84.959406998424));
#1215 = CARTESIAN_POINT('',(0.802436608306,85.498586630858));
#1216 = CARTESIAN_POINT('',(0.802433449313,85.639733491951));
#1217 = CARTESIAN_POINT('',(0.802441980011,85.780879611096));
#1218 = CARTESIAN_POINT('',(0.80245131311,85.922025237816));
#1219 = CARTESIAN_POINT('',(0.80245261338,86.063171421627));
#1220 = CARTESIAN_POINT('',(0.802449500734,86.204319459033));
#1221 = CARTESIAN_POINT('',(0.80245159746,86.345469053089));
#1222 = CARTESIAN_POINT('',(0.802450811902,86.638919129511));
#1223 = CARTESIAN_POINT('',(0.802449854783,86.791226929745));
#1224 = CARTESIAN_POINT('',(0.802448769122,86.943534640169));
#1225 = CARTESIAN_POINT('',(0.802447847837,87.095841364948));
#1226 = CARTESIAN_POINT('',(0.802447240476,87.248147879879));
#1227 = CARTESIAN_POINT('',(0.80244696718,87.400455253203));
#1228 = CARTESIAN_POINT('',(0.802446962032,87.55276346586));
#1229 = CARTESIAN_POINT('',(0.802447720631,88.181540490076));
#1230 = CARTESIAN_POINT('',(0.802450093651,88.6586235038));
#1231 = CARTESIAN_POINT('',(0.802451953775,89.135351187605));
#1232 = CARTESIAN_POINT('',(0.802446364304,89.611836933296));
#1233 = CARTESIAN_POINT('',(0.802441461681,90.088324349784));
#1234 = CARTESIAN_POINT('',(0.802441289808,90.56505133962));
#1235 = CARTESIAN_POINT('',(0.80244383856,91.042131634964));
#1236 = CARTESIAN_POINT('',(0.802447026081,91.518601772171));
#1237 = ( GEOMETRIC_REPRESENTATION_CONTEXT(2) 
PARAMETRIC_REPRESENTATION_CONTEXT() REPRESENTATION_CONTEXT('2D SPACE',''
  ) );
#1238 = PCURVE('',#1239,#1244);
#1239 = CYLINDRICAL_SURFACE('',#1240,8.);
#1240 = AXIS2_PLACEMENT_3D('',#1241,#1242,#1243);
#1241 = CARTESIAN_POINT('',(0.,40.,-151.));
#1242 = DIRECTION('',(-0.,-0.,-1.));
#1243 = DIRECTION('',(1.,0.,0.));
#1244 = DEFINITIONAL_REPRESENTATION('',(#1245),#1325);
#1245 = B_SPLINE_CURVE_WITH_KNOTS('',8,(#1246,#1247,#1248,#1249,#1250,
    #1251,#1252,#1253,#1254,#1255,#1256,#1257,#1258,#1259,#1260,#1261,
    #1262,#1263,#1264,#1265,#1266,#1267,#1268,#1269,#1270,#1271,#1272,
    #1273,#1274,#1275,#1276,#1277,#1278,#1279,#1280,#1281,#1282,#1283,
    #1284,#1285,#1286,#1287,#1288,#1289,#1290,#1291,#1292,#1293,#1294,
    #1295,#1296,#1297,#1298,#1299,#1300,#1301,#1302,#1303,#1304,#1305,
    #1306,#1307,#1308,#1309,#1310,#1311,#1312,#1313,#1314,#1315,#1316,
    #1317,#1318,#1319,#1320,#1321,#1322,#1323,#1324),.UNSPECIFIED.,.F.,
  .F.,(9,7,7,7,7,7,7,7,7,7,7,9),(0.,9.811152049089E-02,0.137319536619,
    0.19422766286,0.275441560501,0.366133382208,0.449846600447,
    0.591556149517,0.730751503256,0.780112167142,0.833374864863,1.),
  .UNSPECIFIED.);
#1246 = CARTESIAN_POINT('',(0.,-66.56249482372));
#1247 = CARTESIAN_POINT('',(-7.703875427996E-02,-66.83223892245));
#1248 = CARTESIAN_POINT('',(-0.154091336687,-67.10203194205));
#1249 = CARTESIAN_POINT('',(-0.231138199067,-67.37180561483));
#1250 = CARTESIAN_POINT('',(-0.30817854483,-67.64155714551));
#1251 = CARTESIAN_POINT('',(-0.385218200605,-67.91130651928));
#1252 = CARTESIAN_POINT('',(-0.46226346446,-68.18107466909));
#1253 = CARTESIAN_POINT('',(-0.539314925628,-68.45086249736));
#1254 = CARTESIAN_POINT('',(-0.647142647435,-68.82840944087));
#1255 = CARTESIAN_POINT('',(-0.677931284219,-68.93621275414));
#1256 = CARTESIAN_POINT('',(-0.708720305236,-69.04401572956));
#1257 = CARTESIAN_POINT('',(-0.739508728304,-69.15181925682));
#1258 = CARTESIAN_POINT('',(-0.770296654071,-69.25962147464));
#1259 = CARTESIAN_POINT('',(-0.801084566517,-69.36742123674));
#1260 = CARTESIAN_POINT('',(-0.831872565081,-69.47522216006));
#1261 = CARTESIAN_POINT('',(-0.90734950392,-69.73949636757));
#1262 = CARTESIAN_POINT('',(-0.95203802147,-69.89596834113));
#1263 = CARTESIAN_POINT('',(-0.996726098471,-70.05243915354));
#1264 = CARTESIAN_POINT('',(-1.041413850468,-70.20890928421));
#1265 = CARTESIAN_POINT('',(-1.086101803129,-70.36538050118));
#1266 = CARTESIAN_POINT('',(-1.130790354911,-70.52185406778));
#1267 = CARTESIAN_POINT('',(-1.175479230747,-70.67832888666));
#1268 = CARTESIAN_POINT('',(-1.283940981614,-71.05809976377));
#1269 = CARTESIAN_POINT('',(-1.347720828891,-71.28142024643));
#1270 = CARTESIAN_POINT('',(-1.411498746607,-71.5047336462));
#1271 = CARTESIAN_POINT('',(-1.475273703361,-71.72803615965));
#1272 = CARTESIAN_POINT('',(-1.53904813873,-71.95133632127));
#1273 = CARTESIAN_POINT('',(-1.602824799173,-72.17464389641));
#1274 = CARTESIAN_POINT('',(-1.666603629399,-72.39795890867));
#1275 = CARTESIAN_POINT('',(-1.80159656792,-72.87062274715));
#1276 = CARTESIAN_POINT('',(-1.872823838959,-73.12001766137));
#1277 = CARTESIAN_POINT('',(-1.944047209888,-73.36939911384));
#1278 = CARTESIAN_POINT('',(-2.015265910595,-73.61876458368));
#1279 = CARTESIAN_POINT('',(-2.08648390667,-73.86812796463));
#1280 = CARTESIAN_POINT('',(-2.157705523729,-74.11750428377));
#1281 = CARTESIAN_POINT('',(-2.228931131372,-74.36689469052));
#1282 = CARTESIAN_POINT('',(-2.365887729602,-74.84643657498));
#1283 = CARTESIAN_POINT('',(-2.431631463265,-75.07663267159));
#1284 = CARTESIAN_POINT('',(-2.497372780305,-75.30682021814));
#1285 = CARTESIAN_POINT('',(-2.563111053226,-75.53699695388));
#1286 = CARTESIAN_POINT('',(-2.628849307285,-75.7671734652));
#1287 = CARTESIAN_POINT('',(-2.694590572451,-75.99736041273));
#1288 = CARTESIAN_POINT('',(-2.760334233277,-76.22755572201));
#1289 = CARTESIAN_POINT('',(-2.937353759215,-76.84737318355));
#1290 = CARTESIAN_POINT('',(-3.04871138901,-77.23728167791));
#1291 = CARTESIAN_POINT('',(-3.160027893142,-77.62704651052));
#1292 = CARTESIAN_POINT('',(-3.271311226175,-78.01669570193));
#1293 = CARTESIAN_POINT('',(-3.38259427134,-78.40634385156));
#1294 = CARTESIAN_POINT('',(-3.49391008599,-78.79610563016));
#1295 = CARTESIAN_POINT('',(-3.605267004807,-79.18601061088));
#1296 = CARTESIAN_POINT('',(-3.825856563488,-79.95838261926));
#1297 = CARTESIAN_POINT('',(-3.935233041543,-80.34135327653));
#1298 = CARTESIAN_POINT('',(-4.044572214691,-80.72419405811));
#1299 = CARTESIAN_POINT('',(-4.153880976684,-81.1069299864));
#1300 = CARTESIAN_POINT('',(-4.263189605075,-81.48966834627));
#1301 = CARTESIAN_POINT('',(-4.372528509489,-81.87251309821));
#1302 = CARTESIAN_POINT('',(-4.481905163938,-82.2554845621));
#1303 = CARTESIAN_POINT('',(-4.629974788078,-82.77393470755));
#1304 = CARTESIAN_POINT('',(-4.668736379797,-82.90965555712));
#1305 = CARTESIAN_POINT('',(-4.707497886426,-83.04537306821));
#1306 = CARTESIAN_POINT('',(-4.746259493687,-83.18109000683));
#1307 = CARTESIAN_POINT('',(-4.785021388455,-83.31680935768));
#1308 = CARTESIAN_POINT('',(-4.82378369315,-83.45253144104));
#1309 = CARTESIAN_POINT('',(-4.862546160925,-83.58825371168));
#1310 = CARTESIAN_POINT('',(-4.943133254267,-83.8704215983));
#1311 = CARTESIAN_POINT('',(-4.984959805433,-84.01687377572));
#1312 = CARTESIAN_POINT('',(-5.026786206144,-84.16332591726));
#1313 = CARTESIAN_POINT('',(-5.068612248069,-84.3097771272));
#1314 = CARTESIAN_POINT('',(-5.110438191187,-84.45622813098));
#1315 = CARTESIAN_POINT('',(-5.152264369936,-84.60267994155));
#1316 = CARTESIAN_POINT('',(-5.194090807879,-84.74913252995));
#1317 = CARTESIAN_POINT('',(-5.366763919692,-85.35373552334));
#1318 = CARTESIAN_POINT('',(-5.497779675636,-85.81247621308));
#1319 = CARTESIAN_POINT('',(-5.628698908975,-86.27087475155));
#1320 = CARTESIAN_POINT('',(-5.759552096353,-86.72904029772));
#1321 = CARTESIAN_POINT('',(-5.89040469272,-87.18720780301));
#1322 = CARTESIAN_POINT('',(-6.02132277757,-87.64560623948));
#1323 = CARTESIAN_POINT('',(-6.1523377829,-88.10434466978));
#1324 = CARTESIAN_POINT('',(-6.28318530718,-88.56249642741));
#1325 = ( GEOMETRIC_REPRESENTATION_CONTEXT(2) 
PARAMETRIC_REPRESENTATION_CONTEXT() REPRESENTATION_CONTEXT('2D SPACE',''
  ) );
#1326 = ORIENTED_EDGE('',*,*,#1327,.F.);
#1327 = EDGE_CURVE('',#1328,#1072,#1330,.T.);
#1328 = VERTEX_POINT('',#1329);
#1329 = CARTESIAN_POINT('',(8.,40.,-106.4375007132));
#1330 = SURFACE_CURVE('',#1331,(#1418,#1508),.PCURVE_S1.);
#1331 = B_SPLINE_CURVE_WITH_KNOTS('',8,(#1332,#1333,#1334,#1335,#1336,
    #1337,#1338,#1339,#1340,#1341,#1342,#1343,#1344,#1345,#1346,#1347,
    #1348,#1349,#1350,#1351,#1352,#1353,#1354,#1355,#1356,#1357,#1358,
    #1359,#1360,#1361,#1362,#1363,#1364,#1365,#1366,#1367,#1368,#1369,
    #1370,#1371,#1372,#1373,#1374,#1375,#1376,#1377,#1378,#1379,#1380,
    #1381,#1382,#1383,#1384,#1385,#1386,#1387,#1388,#1389,#1390,#1391,
    #1392,#1393,#1394,#1395,#1396,#1397,#1398,#1399,#1400,#1401,#1402,
    #1403,#1404,#1405,#1406,#1407,#1408,#1409,#1410,#1411,#1412,#1413,
    #1414,#1415,#1416,#1417),.UNSPECIFIED.,.F.,.F.,(9,7,7,7,7,7,7,7,7,7,
    7,7,9),(0.,0.106284504971,0.207033983639,0.343926057722,
    0.423794114172,0.49282565089,0.52730016481,0.567229554763,
    0.652816248371,0.742826337638,0.826775546585,0.911623580561,1.),
  .UNSPECIFIED.);
#1332 = CARTESIAN_POINT('',(8.,40.,-106.4375007132));
#1333 = CARTESIAN_POINT('',(8.,40.667751706129,-106.1452421917));
#1334 = CARTESIAN_POINT('',(7.936300866714,41.335658250481,
    -105.8529164563));
#1335 = CARTESIAN_POINT('',(7.80885233019,41.996407716881,
    -105.5606207915));
#1336 = CARTESIAN_POINT('',(7.618664456815,42.642894130216,
    -105.2683560103));
#1337 = CARTESIAN_POINT('',(7.367644084129,43.26827462883,-104.97609194)
  );
#1338 = CARTESIAN_POINT('',(7.05853334626,43.865999465822,
    -104.6837975959));
#1339 = CARTESIAN_POINT('',(6.694935085431,44.429869889521,
    -104.391471639));
#1340 = CARTESIAN_POINT('',(5.889420140667,45.451183336713,
    -103.8221660903));
#1341 = CARTESIAN_POINT('',(5.45241742275,45.912830793396,
    -103.5450735197));
#1342 = CARTESIAN_POINT('',(4.97421742072,46.334226876217,
    -103.2680044534));
#1343 = CARTESIAN_POINT('',(4.459202828405,46.711123576323,
    -102.9909599749));
#1344 = CARTESIAN_POINT('',(3.912204377292,47.039880049559,
    -102.7139167389));
#1345 = CARTESIAN_POINT('',(3.338449990173,47.317455934958,
    -102.4368507799));
#1346 = CARTESIAN_POINT('',(2.74355047534,47.541458790907,
    -102.1597613685));
#1347 = CARTESIAN_POINT('',(1.304578366749,47.939633420829,
    -101.5062914361));
#1348 = CARTESIAN_POINT('',(0.44699021243,48.067291694037,
    -101.1296390293));
#1349 = CARTESIAN_POINT('',(-0.423971605938,48.088779527125,
    -100.7531062206));
#1350 = CARTESIAN_POINT('',(-1.292915826231,48.002871378964,
    -100.3766724664));
#1351 = CARTESIAN_POINT('',(-2.144703959078,47.810783268853,
    -100.0002396756));
#1352 = CARTESIAN_POINT('',(-2.964586089427,47.51612974536,
    -99.62370958845));
#1353 = CARTESIAN_POINT('',(-3.738344098021,47.124920671384,
    -99.2470603627));
#1354 = CARTESIAN_POINT('',(-4.869742921408,46.366898900092,
    -98.65100887979));
#1355 = CARTESIAN_POINT('',(-5.266626557468,46.057693955616,
    -98.43137201466));
#1356 = CARTESIAN_POINT('',(-5.640968244632,45.720284157633,
    -98.2117429573));
#1357 = CARTESIAN_POINT('',(-5.990442203684,45.356605342596,
    -97.99212309176));
#1358 = CARTESIAN_POINT('',(-6.312935809131,44.968803330206,
    -97.7725034696));
#1359 = CARTESIAN_POINT('',(-6.606553418655,44.559216473019,
    -97.55287488418));
#1360 = CARTESIAN_POINT('',(-6.869632243933,44.130369383579,
    -97.33323789342));
#1361 = CARTESIAN_POINT('',(-7.300547412145,43.300017141079,
    -96.92378648315));
#1362 = CARTESIAN_POINT('',(-7.476480998229,42.902662775073,
    -96.73395245592));
#1363 = CARTESIAN_POINT('',(-7.627661075721,42.494660108038,
    -96.54412186088));
#1364 = CARTESIAN_POINT('',(-7.753346124108,42.077814199052,
    -96.35429590673));
#1365 = CARTESIAN_POINT('',(-7.852954409849,41.65397998311,
    -96.16447078281));
#1366 = CARTESIAN_POINT('',(-7.926062238593,41.225054413391,
    -95.97464248362));
#1367 = CARTESIAN_POINT('',(-7.972409097517,40.792970561977,
    -95.78481153442));
#1368 = CARTESIAN_POINT('',(-8.001648328989,40.14331417129,
    -95.50018910194));
#1369 = CARTESIAN_POINT('',(-8.00469155229,39.926632408834,
    -95.40538965173));
#1370 = CARTESIAN_POINT('',(-8.001028567267,39.70989166308,
    -95.3105899086));
#1371 = CARTESIAN_POINT('',(-7.990659016009,39.493334351788,
    -95.21579027493));
#1372 = CARTESIAN_POINT('',(-7.973592973084,39.277202039055,
    -95.12099091434));
#1373 = CARTESIAN_POINT('',(-7.949850945542,39.061735435312,
    -95.02619175167));
#1374 = CARTESIAN_POINT('',(-7.919463872913,38.847174397322,
    -94.93139247299));
#1375 = CARTESIAN_POINT('',(-7.839629364041,38.386572733977,
    -94.72679245485));
#1376 = CARTESIAN_POINT('',(-7.787926526756,38.140922094903,
    -94.61699221686));
#1377 = CARTESIAN_POINT('',(-7.727429489591,37.897178767123,
    -94.50719187544));
#1378 = CARTESIAN_POINT('',(-7.658221140639,37.655709962456,
    -94.39739149211));
#1379 = CARTESIAN_POINT('',(-7.580402381852,37.416877348383,
    -94.2875911262));
#1380 = CARTESIAN_POINT('',(-7.494092129043,37.181037048041,
    -94.17779083475));
#1381 = CARTESIAN_POINT('',(-7.399427311884,36.948539640228,
    -94.06799067257));
#1382 = CARTESIAN_POINT('',(-7.076077984283,36.229288232959,
    -93.72283980688));
#1383 = CARTESIAN_POINT('',(-6.817901779704,35.755746586331,
    -93.48747159468));
#1384 = CARTESIAN_POINT('',(-6.523569611213,35.302545208835,
    -93.25211359861));
#1385 = CARTESIAN_POINT('',(-6.194975218268,34.872888413618,
    -93.01676649185));
#1386 = CARTESIAN_POINT('',(-5.834330285616,34.46975043175,
    -92.78141794521));
#1387 = CARTESIAN_POINT('',(-5.44414244874,34.095864920002,
    -92.54605664539));
#1388 = CARTESIAN_POINT('',(-5.027211747842,33.753698382285,
    -92.31068646393));
#1389 = CARTESIAN_POINT('',(-4.12330943352,33.121183162931,
    -91.8278316681));
#1390 = CARTESIAN_POINT('',(-3.633719983173,32.834348563313,
    -91.58029098334));
#1391 = CARTESIAN_POINT('',(-3.121479999588,32.587448694904,
    -91.33276201516));
#1392 = CARTESIAN_POINT('',(-2.590416128486,32.382537890486,
    -91.08524969805));
#1393 = CARTESIAN_POINT('',(-2.04453394564,32.22122103803,
    -90.83773936919));
#1394 = CARTESIAN_POINT('',(-1.487984836323,32.104662719112,
    -90.59021526517));
#1395 = CARTESIAN_POINT('',(-0.925044649663,32.033564274366,
    -90.34267875492));
#1396 = CARTESIAN_POINT('',(0.166795804008,31.98436737662,
    -89.86432025327));
#1397 = CARTESIAN_POINT('',(0.695529971392,32.000324773563,
    -89.6334546262));
#1398 = CARTESIAN_POINT('',(1.222541388552,32.056152585027,
    -89.40259769713));
#1399 = CARTESIAN_POINT('',(1.744320966839,32.151625182911,
    -89.17175177046));
#1400 = CARTESIAN_POINT('',(2.2574194616,32.286156859928,-88.94090610302
    ));
#1401 = CARTESIAN_POINT('',(2.758464299872,32.458817086369,
    -88.71004985944));
#1402 = CARTESIAN_POINT('',(3.244181288809,32.668323876499,
    -88.47918510514));
#1403 = CARTESIAN_POINT('',(4.18366375213,33.160326507541,
    -88.01502296135));
#1404 = CARTESIAN_POINT('',(4.637114384068,33.443623250997,
    -87.78168566685));
#1405 = CARTESIAN_POINT('',(5.068509253585,33.761209698222,
    -87.54835748932));
#1406 = CARTESIAN_POINT('',(5.474837325737,34.11105697761,
    -87.31504063899));
#1407 = CARTESIAN_POINT('',(5.853331210958,34.490843636948,
    -87.08172370285));
#1408 = CARTESIAN_POINT('',(6.201474260461,34.897978595821,
    -86.84839531646));
#1409 = CARTESIAN_POINT('',(6.517023923811,35.329606556142,
    -86.61505780522));
#1410 = CARTESIAN_POINT('',(7.09076527347,36.25442263917,-86.13872135215
    ));
#1411 = CARTESIAN_POINT('',(7.346084501283,36.749518583975,
    -85.89567642309));
#1412 = CARTESIAN_POINT('',(7.561800802701,37.264353685065,
    -85.65264252066));
#1413 = CARTESIAN_POINT('',(7.736165857389,37.795213437424,
    -85.40962263053));
#1414 = CARTESIAN_POINT('',(7.867854403528,38.338235990451,
    -85.16660288665));
#1415 = CARTESIAN_POINT('',(7.9559566541,38.889441012639,-84.92356931436
    ));
#1416 = CARTESIAN_POINT('',(8.,39.444750281684,-84.68052464133));
#1417 = CARTESIAN_POINT('',(8.,40.,-84.43750517627));
#1418 = PCURVE('',#232,#1419);
#1419 = DEFINITIONAL_REPRESENTATION('',(#1420),#1507);
#1420 = B_SPLINE_CURVE_WITH_KNOTS('',8,(#1421,#1422,#1423,#1424,#1425,
    #1426,#1427,#1428,#1429,#1430,#1431,#1432,#1433,#1434,#1435,#1436,
    #1437,#1438,#1439,#1440,#1441,#1442,#1443,#1444,#1445,#1446,#1447,
    #1448,#1449,#1450,#1451,#1452,#1453,#1454,#1455,#1456,#1457,#1458,
    #1459,#1460,#1461,#1462,#1463,#1464,#1465,#1466,#1467,#1468,#1469,
    #1470,#1471,#1472,#1473,#1474,#1475,#1476,#1477,#1478,#1479,#1480,
    #1481,#1482,#1483,#1484,#1485,#1486,#1487,#1488,#1489,#1490,#1491,
    #1492,#1493,#1494,#1495,#1496,#1497,#1498,#1499,#1500,#1501,#1502,
    #1503,#1504,#1505,#1506),.UNSPECIFIED.,.F.,.F.,(9,7,7,7,7,7,7,7,7,7,
    7,7,9),(0.,0.106284504971,0.207033983639,0.343926057722,
    0.423794114172,0.49282565089,0.52730016481,0.567229554763,
    0.652816248371,0.742826337638,0.826775546585,0.911623580561,1.),
  .UNSPECIFIED.);
#1421 = CARTESIAN_POINT('',(0.802449432108,45.759303179276));
#1422 = CARTESIAN_POINT('',(0.802449347993,46.063247425781));
#1423 = CARTESIAN_POINT('',(0.802448573032,46.36726158823));
#1424 = CARTESIAN_POINT('',(0.802446966082,46.671244508696));
#1425 = CARTESIAN_POINT('',(0.802444910884,46.975195333048));
#1426 = CARTESIAN_POINT('',(0.802443259843,47.279145398266));
#1427 = CARTESIAN_POINT('',(0.802442678213,47.583126891543));
#1428 = CARTESIAN_POINT('',(0.802443146587,47.887141209062));
#1429 = CARTESIAN_POINT('',(0.802445548416,48.479209799762));
#1430 = CARTESIAN_POINT('',(0.802447401065,48.767381572818));
#1431 = CARTESIAN_POINT('',(0.802449684979,49.055528884168));
#1432 = CARTESIAN_POINT('',(0.802451851968,49.343650637469));
#1433 = CARTESIAN_POINT('',(0.802453260127,49.631771144549));
#1434 = CARTESIAN_POINT('',(0.80245353857,49.91991534351));
#1435 = CARTESIAN_POINT('',(0.802452797033,50.208083978242));
#1436 = CARTESIAN_POINT('',(0.802449413065,50.887682498588));
#1437 = CARTESIAN_POINT('',(0.80244618229,51.2793951615));
#1438 = CARTESIAN_POINT('',(0.802442527176,51.670983430831));
#1439 = CARTESIAN_POINT('',(0.80244005269,52.062468589977));
#1440 = CARTESIAN_POINT('',(0.802440738877,52.453952573313));
#1441 = CARTESIAN_POINT('',(0.802443586667,52.84553773925));
#1442 = CARTESIAN_POINT('',(0.802446751122,53.237246925007));
#1443 = CARTESIAN_POINT('',(0.802450442863,53.857131111516));
#1444 = CARTESIAN_POINT('',(0.802451520932,54.085550037055));
#1445 = CARTESIAN_POINT('',(0.802452080803,54.313960871313));
#1446 = CARTESIAN_POINT('',(0.802451967548,54.542362157171));
#1447 = CARTESIAN_POINT('',(0.802451198018,54.77076315876));
#1448 = CARTESIAN_POINT('',(0.8024499679,54.99917339495));
#1449 = CARTESIAN_POINT('',(0.802448575109,55.227592247932));
#1450 = CARTESIAN_POINT('',(0.802446122422,55.653414803197));
#1451 = CARTESIAN_POINT('',(0.802445059658,55.850838918985));
#1452 = CARTESIAN_POINT('',(0.802444176514,56.048259423648));
#1453 = CARTESIAN_POINT('',(0.802443743441,56.245675115141));
#1454 = CARTESIAN_POINT('',(0.802443889548,56.443090084002));
#1455 = CARTESIAN_POINT('',(0.80244480485,56.640508716069));
#1456 = CARTESIAN_POINT('',(0.80244745125,56.837930773886));
#1457 = CARTESIAN_POINT('',(0.802458443412,57.133936469146));
#1458 = CARTESIAN_POINT('',(0.802459444206,57.232526613473));
#1459 = CARTESIAN_POINT('',(0.802459067113,57.331116684354));
#1460 = CARTESIAN_POINT('',(0.802458223443,57.429706521803));
#1461 = CARTESIAN_POINT('',(0.80245745336,57.528296111266));
#1462 = CARTESIAN_POINT('',(0.802456925886,57.626885583612));
#1463 = CARTESIAN_POINT('',(0.802456438894,57.725475215139));
#1464 = CARTESIAN_POINT('',(0.802454237982,57.938255494088));
#1465 = CARTESIAN_POINT('',(0.802452911271,58.052445722945));
#1466 = CARTESIAN_POINT('',(0.802451574775,58.16663606087));
#1467 = CARTESIAN_POINT('',(0.802450333729,58.280826454021));
#1468 = CARTESIAN_POINT('',(0.802449262814,58.395016847992));
#1469 = CARTESIAN_POINT('',(0.802448406152,58.509207187807));
#1470 = CARTESIAN_POINT('',(0.80244777731,58.623397417927));
#1471 = CARTESIAN_POINT('',(0.802446463315,58.982348297748));
#1472 = CARTESIAN_POINT('',(0.802446537359,59.22712724715));
#1473 = CARTESIAN_POINT('',(0.802447472082,59.471895694905));
#1474 = CARTESIAN_POINT('',(0.802448615678,59.7166529423));
#1475 = CARTESIAN_POINT('',(0.802449352304,59.961411798157));
#1476 = CARTESIAN_POINT('',(0.802449406355,60.206183998872));
#1477 = CARTESIAN_POINT('',(0.80244887259,60.450965477806));
#1478 = CARTESIAN_POINT('',(0.802447025096,60.953127268008));
#1479 = CARTESIAN_POINT('',(0.802445677141,61.21056589195));
#1480 = CARTESIAN_POINT('',(0.802444174423,61.467992287745));
#1481 = CARTESIAN_POINT('',(0.802443012069,61.725401278543));
#1482 = CARTESIAN_POINT('',(0.802442588065,61.982808090255));
#1483 = CARTESIAN_POINT('',(0.802443023612,62.2402291238));
#1484 = CARTESIAN_POINT('',(0.80244414994,62.497662988074));
#1485 = CARTESIAN_POINT('',(0.802447071396,62.995147831555));
#1486 = CARTESIAN_POINT('',(0.802448815114,63.235244195576));
#1487 = CARTESIAN_POINT('',(0.802450662293,63.47533151664));
#1488 = CARTESIAN_POINT('',(0.802452246302,63.715407437551));
#1489 = CARTESIAN_POINT('',(0.802453244705,63.955483161895));
#1490 = CARTESIAN_POINT('',(0.802453488661,64.195569971222));
#1491 = CARTESIAN_POINT('',(0.802453001307,64.435665710482));
#1492 = CARTESIAN_POINT('',(0.80245091789,64.918387206927));
#1493 = CARTESIAN_POINT('',(0.802449311746,65.161054465731));
#1494 = CARTESIAN_POINT('',(0.802447307515,65.403712281443));
#1495 = CARTESIAN_POINT('',(0.802445259861,65.646358317285));
#1496 = CARTESIAN_POINT('',(0.802443553285,65.889004402717));
#1497 = CARTESIAN_POINT('',(0.802442478315,66.131662327275));
#1498 = CARTESIAN_POINT('',(0.802442147927,66.37432966192));
#1499 = CARTESIAN_POINT('',(0.802442773185,66.86971192827));
#1500 = CARTESIAN_POINT('',(0.802443778983,67.122474680554));
#1501 = CARTESIAN_POINT('',(0.802445404927,67.375225900462));
#1502 = CARTESIAN_POINT('',(0.802447282514,67.62796252129));
#1503 = CARTESIAN_POINT('',(0.802448952653,67.88069901309));
#1504 = CARTESIAN_POINT('',(0.802450043607,68.13344995263));
#1505 = CARTESIAN_POINT('',(0.80245041558,68.386212524157));
#1506 = CARTESIAN_POINT('',(0.802450271978,68.63894895094));
#1507 = ( GEOMETRIC_REPRESENTATION_CONTEXT(2) 
PARAMETRIC_REPRESENTATION_CONTEXT() REPRESENTATION_CONTEXT('2D SPACE',''
  ) );
#1508 = PCURVE('',#1509,#1514);
#1509 = CYLINDRICAL_SURFACE('',#1510,8.);
#1510 = AXIS2_PLACEMENT_3D('',#1511,#1512,#1513);
#1511 = CARTESIAN_POINT('',(0.,40.,-151.));
#1512 = DIRECTION('',(-0.,-0.,-1.));
#1513 = DIRECTION('',(1.,0.,0.));
#1514 = DEFINITIONAL_REPRESENTATION('',(#1515),#1602);
#1515 = B_SPLINE_CURVE_WITH_KNOTS('',8,(#1516,#1517,#1518,#1519,#1520,
    #1521,#1522,#1523,#1524,#1525,#1526,#1527,#1528,#1529,#1530,#1531,
    #1532,#1533,#1534,#1535,#1536,#1537,#1538,#1539,#1540,#1541,#1542,
    #1543,#1544,#1545,#1546,#1547,#1548,#1549,#1550,#1551,#1552,#1553,
    #1554,#1555,#1556,#1557,#1558,#1559,#1560,#1561,#1562,#1563,#1564,
    #1565,#1566,#1567,#1568,#1569,#1570,#1571,#1572,#1573,#1574,#1575,
    #1576,#1577,#1578,#1579,#1580,#1581,#1582,#1583,#1584,#1585,#1586,
    #1587,#1588,#1589,#1590,#1591,#1592,#1593,#1594,#1595,#1596,#1597,
    #1598,#1599,#1600,#1601),.UNSPECIFIED.,.F.,.F.,(9,7,7,7,7,7,7,7,7,7,
    7,7,9),(0.,0.106284504971,0.207033983639,0.343926057722,
    0.423794114172,0.49282565089,0.52730016481,0.567229554763,
    0.652816248371,0.742826337638,0.826775546585,0.911623580561,1.),
  .UNSPECIFIED.);
#1516 = CARTESIAN_POINT('',(0.,-44.56249928676));
#1517 = CARTESIAN_POINT('',(-8.346896326609E-02,-44.85475780829));
#1518 = CARTESIAN_POINT('',(-0.1669572861,-45.14708354361));
#1519 = CARTESIAN_POINT('',(-0.250437107562,-45.43937920849));
#1520 = CARTESIAN_POINT('',(-0.333908042682,-45.73164398962));
#1521 = CARTESIAN_POINT('',(-0.417378618026,-46.02390805993));
#1522 = CARTESIAN_POINT('',(-0.500857685851,-46.31620240408));
#1523 = CARTESIAN_POINT('',(-0.584345689664,-46.60852836092));
#1524 = CARTESIAN_POINT('',(-0.746938715135,-47.17783390968));
#1525 = CARTESIAN_POINT('',(-0.826076007864,-47.45492648021));
#1526 = CARTESIAN_POINT('',(-0.905206600075,-47.73199554651));
#1527 = CARTESIAN_POINT('',(-0.984330235036,-48.00904002503));
#1528 = CARTESIAN_POINT('',(-1.063453591365,-48.28608326102));
#1529 = CARTESIAN_POINT('',(-1.142583484639,-48.56314922006));
#1530 = CARTESIAN_POINT('',(-1.221720081356,-48.8402386314));
#1531 = CARTESIAN_POINT('',(-1.408350722815,-49.49370856381));
#1532 = CARTESIAN_POINT('',(-1.515922401922,-49.8703609706));
#1533 = CARTESIAN_POINT('',(-1.623459829829,-50.24689377932));
#1534 = CARTESIAN_POINT('',(-1.730968852362,-50.62332753354));
#1535 = CARTESIAN_POINT('',(-1.838477638338,-50.99976032434));
#1536 = CARTESIAN_POINT('',(-1.946014500628,-51.37629041154));
#1537 = CARTESIAN_POINT('',(-2.053585575874,-51.75293963729));
#1538 = CARTESIAN_POINT('',(-2.223817967737,-52.3489911202));
#1539 = CARTESIAN_POINT('',(-2.2865462877,-52.56862798534));
#1540 = CARTESIAN_POINT('',(-2.34927234265,-52.78825704269));
#1541 = CARTESIAN_POINT('',(-2.411995680687,-53.00787690824));
#1542 = CARTESIAN_POINT('',(-2.474718809102,-53.22749653039));
#1543 = CARTESIAN_POINT('',(-2.537444341919,-53.44712511581));
#1544 = CARTESIAN_POINT('',(-2.600172155818,-53.66676210658));
#1545 = CARTESIAN_POINT('',(-2.717110489515,-54.07621351684));
#1546 = CARTESIAN_POINT('',(-2.771326613302,-54.26604754407));
#1547 = CARTESIAN_POINT('',(-2.825541802181,-54.45587813911));
#1548 = CARTESIAN_POINT('',(-2.879755797375,-54.64570409327));
#1549 = CARTESIAN_POINT('',(-2.93396979454,-54.83552921718));
#1550 = CARTESIAN_POINT('',(-2.98818502724,-55.02535751637));
#1551 = CARTESIAN_POINT('',(-3.042401344316,-55.21518846557));
#1552 = CARTESIAN_POINT('',(-3.123690600084,-55.49981089805));
#1553 = CARTESIAN_POINT('',(-3.150765462365,-55.59461034826));
#1554 = CARTESIAN_POINT('',(-3.17784031354,-55.68941009139));
#1555 = CARTESIAN_POINT('',(-3.204915122929,-55.78420972506));
#1556 = CARTESIAN_POINT('',(-3.231989883623,-55.87900908565));
#1557 = CARTESIAN_POINT('',(-3.259064612484,-55.97380824832));
#1558 = CARTESIAN_POINT('',(-3.286139350148,-56.068607527));
#1559 = CARTESIAN_POINT('',(-3.344572998562,-56.27320754514));
#1560 = CARTESIAN_POINT('',(-3.375931807052,-56.38300778313));
#1561 = CARTESIAN_POINT('',(-3.40729057643,-56.49280812456));
#1562 = CARTESIAN_POINT('',(-3.438649299677,-56.60260850788));
#1563 = CARTESIAN_POINT('',(-3.470007972812,-56.71240887379));
#1564 = CARTESIAN_POINT('',(-3.501366594894,-56.82220916524));
#1565 = CARTESIAN_POINT('',(-3.532725168026,-56.93200932742));
#1566 = CARTESIAN_POINT('',(-3.631299170566,-57.27716019311));
#1567 = CARTESIAN_POINT('',(-3.698519613953,-57.51252840531));
#1568 = CARTESIAN_POINT('',(-3.765737314425,-57.74788640138));
#1569 = CARTESIAN_POINT('',(-3.832952153585,-57.98323350815));
#1570 = CARTESIAN_POINT('',(-3.900167641748,-58.21858205478));
#1571 = CARTESIAN_POINT('',(-3.967386932734,-58.4539433546));
#1572 = CARTESIAN_POINT('',(-4.03460881941,-58.68931353606));
#1573 = CARTESIAN_POINT('',(-4.172512482373,-59.17216833189));
#1574 = CARTESIAN_POINT('',(-4.243210271015,-59.41970901665));
#1575 = CARTESIAN_POINT('',(-4.31390462782,-59.66723798483));
#1576 = CARTESIAN_POINT('',(-4.384594092696,-59.91475030194));
#1577 = CARTESIAN_POINT('',(-4.455282849916,-60.1622606308));
#1578 = CARTESIAN_POINT('',(-4.525975440991,-60.40978473482));
#1579 = CARTESIAN_POINT('',(-4.596671534065,-60.65732124507));
#1580 = CARTESIAN_POINT('',(-4.73329006725,-61.13567974672));
#1581 = CARTESIAN_POINT('',(-4.799224970922,-61.36654537379));
#1582 = CARTESIAN_POINT('',(-4.865157421383,-61.59740230286));
#1583 = CARTESIAN_POINT('',(-4.931086785041,-61.82824822954));
#1584 = CARTESIAN_POINT('',(-4.997016134644,-62.05909389697));
#1585 = CARTESIAN_POINT('',(-5.062948548877,-62.28995014055));
#1586 = CARTESIAN_POINT('',(-5.128883411121,-62.52081489485));
#1587 = CARTESIAN_POINT('',(-5.261447893535,-62.98497703864));
#1588 = CARTESIAN_POINT('',(-5.328088910269,-63.21831433314));
#1589 = CARTESIAN_POINT('',(-5.394727301956,-63.45164251067));
#1590 = CARTESIAN_POINT('',(-5.461362421552,-63.684959361));
#1591 = CARTESIAN_POINT('',(-5.52799753063,-63.91827629714));
#1592 = CARTESIAN_POINT('',(-5.59463589643,-64.15160468353));
#1593 = CARTESIAN_POINT('',(-5.661276885907,-64.38494219477));
#1594 = CARTESIAN_POINT('',(-5.797318235534,-64.86127864784));
#1595 = CARTESIAN_POINT('',(-5.866731733186,-65.1043235769));
#1596 = CARTESIAN_POINT('',(-5.936142142554,-65.34735747933));
#1597 = CARTESIAN_POINT('',(-6.005548625761,-65.59037736946));
#1598 = CARTESIAN_POINT('',(-6.074955121759,-65.83339711335));
#1599 = CARTESIAN_POINT('',(-6.144365561731,-66.07643068564));
#1600 = CARTESIAN_POINT('',(-6.21377909239,-66.31947535866));
#1601 = CARTESIAN_POINT('',(-6.28318530718,-66.56249482372));
#1602 = ( GEOMETRIC_REPRESENTATION_CONTEXT(2) 
PARAMETRIC_REPRESENTATION_CONTEXT() REPRESENTATION_CONTEXT('2D SPACE',''
  ) );
#1603 = ORIENTED_EDGE('',*,*,#1604,.F.);
#1604 = EDGE_CURVE('',#79,#1328,#1605,.T.);
#1605 = SURFACE_CURVE('',#1606,(#1693,#1783),.PCURVE_S1.);
#1606 = B_SPLINE_CURVE_WITH_KNOTS('',8,(#1607,#1608,#1609,#1610,#1611,
    #1612,#1613,#1614,#1615,#1616,#1617,#1618,#1619,#1620,#1621,#1622,
    #1623,#1624,#1625,#1626,#1627,#1628,#1629,#1630,#1631,#1632,#1633,
    #1634,#1635,#1636,#1637,#1638,#1639,#1640,#1641,#1642,#1643,#1644,
    #1645,#1646,#1647,#1648,#1649,#1650,#1651,#1652,#1653,#1654,#1655,
    #1656,#1657,#1658,#1659,#1660,#1661,#1662,#1663,#1664,#1665,#1666,
    #1667,#1668,#1669,#1670,#1671,#1672,#1673,#1674,#1675,#1676,#1677,
    #1678,#1679,#1680,#1681,#1682,#1683,#1684,#1685,#1686,#1687,#1688,
    #1689,#1690,#1691,#1692),.UNSPECIFIED.,.F.,.F.,(9,7,7,7,7,7,7,7,7,7,
    7,7,9),(0.,0.138921478075,0.208798534118,0.238444804424,
    0.275685396307,0.403153750875,0.481765970765,0.581212707072,
    0.66200380227,0.765842024198,0.831753491239,0.876894168605,1.),
  .UNSPECIFIED.);
#1607 = CARTESIAN_POINT('',(8.,40.,-128.4375026744));
#1608 = CARTESIAN_POINT('',(8.,40.872800402408,-128.0554985091));
#1609 = CARTESIAN_POINT('',(7.891174073942,41.746148326947,
    -127.6732547889));
#1610 = CARTESIAN_POINT('',(7.673284520418,42.603367230727,
    -127.2911400505));
#1611 = CARTESIAN_POINT('',(7.349440202317,43.428616592202,
    -126.9091304683));
#1612 = CARTESIAN_POINT('',(6.925161619389,44.207014108388,
    -126.5271215271));
#1613 = CARTESIAN_POINT('',(6.408304519609,44.924764283305,
    -126.1450075074));
#1614 = CARTESIAN_POINT('',(5.809012382137,45.569304624464,
    -125.7627641834));
#1615 = CARTESIAN_POINT('',(4.803817591152,46.412181453241,
    -125.1886136128));
#1616 = CARTESIAN_POINT('',(4.449711886376,46.673174272683,
    -124.9964589042));
#1617 = CARTESIAN_POINT('',(4.079463322812,46.911766111232,
    -124.8043074487));
#1618 = CARTESIAN_POINT('',(3.694733344111,47.126801319413,
    -124.6121601085));
#1619 = CARTESIAN_POINT('',(3.297270916458,47.317276534383,
    -124.4200126312));
#1620 = CARTESIAN_POINT('',(2.888903920107,47.482340841986,
    -124.2278608657));
#1621 = CARTESIAN_POINT('',(2.471534089303,47.621302631294,
    -124.0357059206));
#1622 = CARTESIAN_POINT('',(1.867078755363,47.78130509714,
    -123.7620384922));
#1623 = CARTESIAN_POINT('',(1.68575876089,47.824175074328,
    -123.6805201703));
#1624 = CARTESIAN_POINT('',(1.503320598141,47.862214480785,
    -123.5990024684));
#1625 = CARTESIAN_POINT('',(1.319911836088,47.895390059463,
    -123.5174842332));
#1626 = CARTESIAN_POINT('',(1.135682531719,47.923673888677,
    -123.4359649891));
#1627 = CARTESIAN_POINT('',(0.950785230038,47.947043382105,
    -123.3544449389));
#1628 = CARTESIAN_POINT('',(0.765374964061,47.96548128879,
    -123.2729249631));
#1629 = CARTESIAN_POINT('',(0.34625696827,47.995926884637,
    -123.0890061737));
#1630 = CARTESIAN_POINT('',(0.112334499333,48.005078438499,
    -122.9866044206));
#1631 = CARTESIAN_POINT('',(-0.121849898637,48.00640833885,
    -122.8842023612));
#1632 = CARTESIAN_POINT('',(-0.355989545027,47.999908786565,
    -122.7818006108));
#1633 = CARTESIAN_POINT('',(-0.589779331959,47.98558619928,
    -122.6793994002));
#1634 = CARTESIAN_POINT('',(-0.82291572429,47.963461211385,
    -122.5769985757));
#1635 = CARTESIAN_POINT('',(-1.055096759616,47.933568674029,
    -122.4745975988));
#1636 = CARTESIAN_POINT('',(-2.076440918749,47.767221390408,
    -122.0216903465));
#1637 = CARTESIAN_POINT('',(-2.852475897213,47.548000346186,
    -121.6710298557));
#1638 = CARTESIAN_POINT('',(-3.601506113578,47.240214583277,
    -121.320448438));
#1639 = CARTESIAN_POINT('',(-4.311789202225,46.847951154,-120.9699395274
    ));
#1640 = CARTESIAN_POINT('',(-4.972508818202,46.376968152337,
    -120.6194327132));
#1641 = CARTESIAN_POINT('',(-5.573795003192,45.834530195855,
    -120.2688556757));
#1642 = CARTESIAN_POINT('',(-6.106885286574,45.229463526387,
    -119.9181979195));
#1643 = CARTESIAN_POINT('',(-6.846872546638,44.167045021171,
    -119.3515301944));
#1644 = CARTESIAN_POINT('',(-7.100575005747,43.741827745473,
    -119.1353529639));
#1645 = CARTESIAN_POINT('',(-7.324028105623,43.29905649954,
    -118.9191818178));
#1646 = CARTESIAN_POINT('',(-7.515832195982,42.841254324248,
    -118.7030183127));
#1647 = CARTESIAN_POINT('',(-7.674845245916,42.371056565559,
    -118.4868546848));
#1648 = CARTESIAN_POINT('',(-7.800180651153,41.89119496704,
    -118.2706832079));
#1649 = CARTESIAN_POINT('',(-7.891219257465,41.404487180485,
    -118.0545055297));
#1650 = CARTESIAN_POINT('',(-8.019003908726,40.293138286055,
    -117.5648888443));
#1651 = CARTESIAN_POINT('',(-8.034984544188,39.665968100758,
    -117.2913884595));
#1652 = CARTESIAN_POINT('',(-7.99486379468,39.038242139748,
    -117.0179097581));
#1653 = CARTESIAN_POINT('',(-7.89874006678,38.415828030805,
    -116.744454241));
#1654 = CARTESIAN_POINT('',(-7.747420825288,37.804487002933,
    -116.4710002818));
#1655 = CARTESIAN_POINT('',(-7.542384576373,37.209843855431,
    -116.1975255011));
#1656 = CARTESIAN_POINT('',(-7.285801893701,36.637345748848,
    -115.9240292407));
#1657 = CARTESIAN_POINT('',(-6.732669437069,35.649276346607,
    -115.4284231358));
#1658 = CARTESIAN_POINT('',(-6.452596462599,35.224323652101,
    -115.2062533843));
#1659 = CARTESIAN_POINT('',(-6.141930604092,34.820086525529,
    -114.9840907503));
#1660 = CARTESIAN_POINT('',(-5.802479462955,34.43912274799,
    -114.7619368315));
#1661 = CARTESIAN_POINT('',(-5.436287779718,34.08378567619,
    -114.5397826826));
#1662 = CARTESIAN_POINT('',(-5.045619915624,33.756218611446,
    -114.3176195223));
#1663 = CARTESIAN_POINT('',(-4.632955237685,33.45833677925,
    -114.0954494456));
#1664 = CARTESIAN_POINT('',(-3.645813477801,32.849221725309,
    -113.5877695737));
#1665 = CARTESIAN_POINT('',(-3.058587086104,32.558315215916,
    -113.3021830801));
#1666 = CARTESIAN_POINT('',(-2.4450881852,32.322689562697,
    -113.0166233072));
#1667 = CARTESIAN_POINT('',(-1.811436003315,32.145042563082,
    -112.7310913769));
#1668 = CARTESIAN_POINT('',(-1.163981305061,32.027253200587,
    -112.4455601732));
#1669 = CARTESIAN_POINT('',(-0.509255089605,31.970411907725,
    -112.1600017516));
#1670 = CARTESIAN_POINT('',(0.146063940782,31.974773472161,
    -111.8744151558));
#1671 = CARTESIAN_POINT('',(1.207256121079,32.080782291615,
    -111.4076441836));
#1672 = CARTESIAN_POINT('',(1.616882686789,32.146320910578,
    -111.2263965281));
#1673 = CARTESIAN_POINT('',(2.022385361655,32.236069243917,
    -111.0451511659));
#1674 = CARTESIAN_POINT('',(2.422094168523,32.349715975649,
    -110.8639092514));
#1675 = CARTESIAN_POINT('',(2.814376395931,32.486815363856,
    -110.6826678602));
#1676 = CARTESIAN_POINT('',(3.197641198242,32.646791854106,
    -110.5014238807));
#1677 = CARTESIAN_POINT('',(3.57034569694,32.828939555832,
    -110.3201778233));
#1678 = CARTESIAN_POINT('',(4.178005067943,33.171771555628,
    -110.0148118209));
#1679 = CARTESIAN_POINT('',(4.419357554479,33.321131462199,
    -109.8906885299));
#1680 = CARTESIAN_POINT('',(4.654587881355,33.480228956321,
    -109.7665669024));
#1681 = CARTESIAN_POINT('',(4.883241114345,33.648771688046,
    -109.6424462607));
#1682 = CARTESIAN_POINT('',(5.104878846959,33.826441996362,
    -109.5183253245));
#1683 = CARTESIAN_POINT('',(5.319079719329,34.012897128695,
    -109.3942025496));
#1684 = CARTESIAN_POINT('',(5.525441155385,34.207769986065,
    -109.2700775043));
#1685 = CARTESIAN_POINT('',(6.263944891932,34.964012187976,
    -108.8074467204));
#1686 = CARTESIAN_POINT('',(6.743380524155,35.577275048632,
    -108.4688103475));
#1687 = CARTESIAN_POINT('',(7.153790432424,36.242326644377,
    -108.1302392309));
#1688 = CARTESIAN_POINT('',(7.488796444505,36.949974448923,
    -107.7917275925));
#1689 = CARTESIAN_POINT('',(7.74352512816,37.690316253033,
    -107.4532164048));
#1690 = CARTESIAN_POINT('',(7.914544372077,38.452861666011,
    -107.1146460168));
#1691 = CARTESIAN_POINT('',(8.,39.226576258721,-106.7760092892));
#1692 = CARTESIAN_POINT('',(8.,40.,-106.4375007132));
#1693 = PCURVE('',#232,#1694);
#1694 = DEFINITIONAL_REPRESENTATION('',(#1695),#1782);
#1695 = B_SPLINE_CURVE_WITH_KNOTS('',8,(#1696,#1697,#1698,#1699,#1700,
    #1701,#1702,#1703,#1704,#1705,#1706,#1707,#1708,#1709,#1710,#1711,
    #1712,#1713,#1714,#1715,#1716,#1717,#1718,#1719,#1720,#1721,#1722,
    #1723,#1724,#1725,#1726,#1727,#1728,#1729,#1730,#1731,#1732,#1733,
    #1734,#1735,#1736,#1737,#1738,#1739,#1740,#1741,#1742,#1743,#1744,
    #1745,#1746,#1747,#1748,#1749,#1750,#1751,#1752,#1753,#1754,#1755,
    #1756,#1757,#1758,#1759,#1760,#1761,#1762,#1763,#1764,#1765,#1766,
    #1767,#1768,#1769,#1770,#1771,#1772,#1773,#1774,#1775,#1776,#1777,
    #1778,#1779,#1780,#1781),.UNSPECIFIED.,.F.,.F.,(9,7,7,7,7,7,7,7,7,7,
    7,7,9),(0.,0.138921478075,0.208798534118,0.238444804424,
    0.275685396307,0.403153750875,0.481765970765,0.581212707072,
    0.66200380227,0.765842024198,0.831753491239,0.876894168605,1.),
  .UNSPECIFIED.);
#1696 = CARTESIAN_POINT('',(0.802445134032,22.879650515604));
#1697 = CARTESIAN_POINT('',(0.802442549754,23.276928856777));
#1698 = CARTESIAN_POINT('',(0.802440790894,23.674456269116));
#1699 = CARTESIAN_POINT('',(0.802441043924,24.071849441477));
#1700 = CARTESIAN_POINT('',(0.802444060664,24.469133166627));
#1701 = CARTESIAN_POINT('',(0.802448584431,24.866416288908));
#1702 = CARTESIAN_POINT('',(0.802451415408,25.263808971957));
#1703 = CARTESIAN_POINT('',(0.802452117611,25.661336191773));
#1704 = CARTESIAN_POINT('',(0.802450817158,26.258443811126));
#1705 = CARTESIAN_POINT('',(0.802449992885,26.45828166936));
#1706 = CARTESIAN_POINT('',(0.802448826983,26.658116085048));
#1707 = CARTESIAN_POINT('',(0.802447516762,26.857946133143));
#1708 = CARTESIAN_POINT('',(0.802446254226,27.057776222784));
#1709 = CARTESIAN_POINT('',(0.802445179583,27.257610694725));
#1710 = CARTESIAN_POINT('',(0.802444443436,27.457448481542));
#1711 = CARTESIAN_POINT('',(0.80244434977,27.74205808944));
#1712 = CARTESIAN_POINT('',(0.802444453584,27.826835831584));
#1713 = CARTESIAN_POINT('',(0.802444698644,27.911612975093));
#1714 = CARTESIAN_POINT('',(0.802445120703,27.996390735625));
#1715 = CARTESIAN_POINT('',(0.802445781744,28.081169626449));
#1716 = CARTESIAN_POINT('',(0.802446769977,28.165949458441));
#1717 = CARTESIAN_POINT('',(0.802448199837,28.250729340085));
#1718 = CARTESIAN_POINT('',(0.80245273958,28.442003214042));
#1719 = CARTESIAN_POINT('',(0.802455792748,28.54850021496));
#1720 = CARTESIAN_POINT('',(0.802458338469,28.654997372518));
#1721 = CARTESIAN_POINT('',(0.802459757976,28.761493891849));
#1722 = CARTESIAN_POINT('',(0.802459846758,28.867989490925));
#1723 = CARTESIAN_POINT('',(0.802458814556,28.974484400565));
#1724 = CARTESIAN_POINT('',(0.802457285366,29.080979364431));
#1725 = CARTESIAN_POINT('',(0.802452915932,29.551994681393));
#1726 = CARTESIAN_POINT('',(0.802447239605,29.916674974212));
#1727 = CARTESIAN_POINT('',(0.802444007117,30.281273451614));
#1728 = CARTESIAN_POINT('',(0.802445666865,30.645796750449));
#1729 = CARTESIAN_POINT('',(0.802448786841,31.010318129587));
#1730 = CARTESIAN_POINT('',(0.802449679248,31.374912887738));
#1731 = CARTESIAN_POINT('',(0.802449380733,31.739591704507));
#1732 = CARTESIAN_POINT('',(0.802447357169,32.328917690251));
#1733 = CARTESIAN_POINT('',(0.802446253765,32.553738792784));
#1734 = CARTESIAN_POINT('',(0.802444970861,32.778553543295));
#1735 = CARTESIAN_POINT('',(0.802443811918,33.003360292318));
#1736 = CARTESIAN_POINT('',(0.802443062649,33.228167093353));
#1737 = CARTESIAN_POINT('',(0.802442887797,33.452981977022));
#1738 = CARTESIAN_POINT('',(0.802443293893,33.677803240692));
#1739 = CARTESIAN_POINT('',(0.802445251126,34.186996507113));
#1740 = CARTESIAN_POINT('',(0.802447078552,34.471432312364));
#1741 = CARTESIAN_POINT('',(0.802449409516,34.755845529878));
#1742 = CARTESIAN_POINT('',(0.80245169199,35.04023466503));
#1743 = CARTESIAN_POINT('',(0.802453255271,35.324622274947));
#1744 = CARTESIAN_POINT('',(0.802453691658,35.609031667169));
#1745 = CARTESIAN_POINT('',(0.80245308336,35.893463510936));
#1746 = CARTESIAN_POINT('',(0.802450649938,36.408886265347));
#1747 = CARTESIAN_POINT('',(0.80244907789,36.639939452257));
#1748 = CARTESIAN_POINT('',(0.802447181694,36.870985267962));
#1749 = CARTESIAN_POINT('',(0.802445266473,37.102022018141));
#1750 = CARTESIAN_POINT('',(0.802443657802,37.333058972052));
#1751 = CARTESIAN_POINT('',(0.80244260464,37.564105236977));
#1752 = CARTESIAN_POINT('',(0.802442212746,37.795158624028));
#1753 = CARTESIAN_POINT('',(0.802442660254,38.323137566362));
#1754 = CARTESIAN_POINT('',(0.802443888154,38.620142845486));
#1755 = CARTESIAN_POINT('',(0.802445956167,38.91712024711));
#1756 = CARTESIAN_POINT('',(0.802448351775,39.214068659192));
#1757 = CARTESIAN_POINT('',(0.802450158206,39.511016379209));
#1758 = CARTESIAN_POINT('',(0.802450784016,39.807992539298));
#1759 = CARTESIAN_POINT('',(0.802450494848,40.1049981217));
#1760 = CARTESIAN_POINT('',(0.802449346044,40.590432730693));
#1761 = CARTESIAN_POINT('',(0.802448738395,40.778927524018));
#1762 = CARTESIAN_POINT('',(0.802448076363,40.967419949033));
#1763 = CARTESIAN_POINT('',(0.80244756444,41.155908783395));
#1764 = CARTESIAN_POINT('',(0.802447353601,41.344397047267));
#1765 = CARTESIAN_POINT('',(0.802447458106,41.532887963762));
#1766 = CARTESIAN_POINT('',(0.802447739929,41.721381001618));
#1767 = CARTESIAN_POINT('',(0.802448112095,42.038956778853));
#1768 = CARTESIAN_POINT('',(0.802448164944,42.168043014168));
#1769 = CARTESIAN_POINT('',(0.802448321847,42.297127504931));
#1770 = CARTESIAN_POINT('',(0.802448213594,42.426210968428));
#1771 = CARTESIAN_POINT('',(0.802447709999,42.555294746816));
#1772 = CARTESIAN_POINT('',(0.802447168445,42.6843804425));
#1773 = CARTESIAN_POINT('',(0.802447120251,42.813468482425));
#1774 = CARTESIAN_POINT('',(0.802448143733,43.294596813279));
#1775 = CARTESIAN_POINT('',(0.802450214149,43.646772808178));
#1776 = CARTESIAN_POINT('',(0.802446802203,43.998881648946));
#1777 = CARTESIAN_POINT('',(0.802445576979,44.350928624717));
#1778 = CARTESIAN_POINT('',(0.802447362005,44.702974918211));
#1779 = CARTESIAN_POINT('',(0.802448620362,45.055082784653));
#1780 = CARTESIAN_POINT('',(0.802449529533,45.407259606621));
#1781 = CARTESIAN_POINT('',(0.802449432108,45.759303179276));
#1782 = ( GEOMETRIC_REPRESENTATION_CONTEXT(2) 
PARAMETRIC_REPRESENTATION_CONTEXT() REPRESENTATION_CONTEXT('2D SPACE',''
  ) );
#1783 = PCURVE('',#463,#1784);
#1784 = DEFINITIONAL_REPRESENTATION('',(#1785),#1872);
#1785 = B_SPLINE_CURVE_WITH_KNOTS('',8,(#1786,#1787,#1788,#1789,#1790,
    #1791,#1792,#1793,#1794,#1795,#1796,#1797,#1798,#1799,#1800,#1801,
    #1802,#1803,#1804,#1805,#1806,#1807,#1808,#1809,#1810,#1811,#1812,
    #1813,#1814,#1815,#1816,#1817,#1818,#1819,#1820,#1821,#1822,#1823,
    #1824,#1825,#1826,#1827,#1828,#1829,#1830,#1831,#1832,#1833,#1834,
    #1835,#1836,#1837,#1838,#1839,#1840,#1841,#1842,#1843,#1844,#1845,
    #1846,#1847,#1848,#1849,#1850,#1851,#1852,#1853,#1854,#1855,#1856,
    #1857,#1858,#1859,#1860,#1861,#1862,#1863,#1864,#1865,#1866,#1867,
    #1868,#1869,#1870,#1871),.UNSPECIFIED.,.F.,.F.,(9,7,7,7,7,7,7,7,7,7,
    7,7,9),(0.,0.138921478075,0.208798534118,0.238444804424,
    0.275685396307,0.403153750875,0.481765970765,0.581212707072,
    0.66200380227,0.765842024198,0.831753491239,0.876894168605,1.),
  .UNSPECIFIED.);
#1786 = CARTESIAN_POINT('',(0.,-22.56249732559));
#1787 = CARTESIAN_POINT('',(-0.109100050301,-22.94450149085));
#1788 = CARTESIAN_POINT('',(-0.218268470493,-23.32674521104));
#1789 = CARTESIAN_POINT('',(-0.327400073909,-23.7088599494));
#1790 = CARTESIAN_POINT('',(-0.436501786692,-24.09086953169));
#1791 = CARTESIAN_POINT('',(-0.545603687943,-24.47287847279));
#1792 = CARTESIAN_POINT('',(-0.654735729553,-24.8549924925));
#1793 = CARTESIAN_POINT('',(-0.763904413687,-25.23723581653));
#1794 = CARTESIAN_POINT('',(-0.927881256389,-25.81138638718));
#1795 = CARTESIAN_POINT('',(-0.982760360802,-26.00354109572));
#1796 = CARTESIAN_POINT('',(-1.037638435177,-26.19569255123));
#1797 = CARTESIAN_POINT('',(-1.092515237421,-26.3878398914));
#1798 = CARTESIAN_POINT('',(-1.147392024675,-26.5799873687));
#1799 = CARTESIAN_POINT('',(-1.20227006627,-26.77213913426));
#1800 = CARTESIAN_POINT('',(-1.257149149619,-26.96429407933));
#1801 = CARTESIAN_POINT('',(-1.335308346115,-27.23796150772));
#1802 = CARTESIAN_POINT('',(-1.358589950398,-27.31947982969));
#1803 = CARTESIAN_POINT('',(-1.38187142287,-27.40099753155));
#1804 = CARTESIAN_POINT('',(-1.40515309799,-27.48251576679));
#1805 = CARTESIAN_POINT('',(-1.428435113669,-27.56403501084));
#1806 = CARTESIAN_POINT('',(-1.451717411275,-27.64555506109));
#1807 = CARTESIAN_POINT('',(-1.474999735629,-27.72707503684));
#1808 = CARTESIAN_POINT('',(-1.527527530162,-27.9109938262));
#1809 = CARTESIAN_POINT('',(-1.556773769665,-28.01339557932));
#1810 = CARTESIAN_POINT('',(-1.586020050114,-28.11579763877));
#1811 = CARTESIAN_POINT('',(-1.615266184674,-28.21819938917));
#1812 = CARTESIAN_POINT('',(-1.644512103082,-28.32060059973));
#1813 = CARTESIAN_POINT('',(-1.673757851643,-28.42300142427));
#1814 = CARTESIAN_POINT('',(-1.703003593234,-28.52540240117));
#1815 = CARTESIAN_POINT('',(-1.832353851144,-28.97830965345));
#1816 = CARTESIAN_POINT('',(-1.932501714642,-29.32897014423));
#1817 = CARTESIAN_POINT('',(-2.032626081507,-29.67955156192));
#1818 = CARTESIAN_POINT('',(-2.132730048865,-30.03006047259));
#1819 = CARTESIAN_POINT('',(-2.232834221694,-30.38056728676));
#1820 = CARTESIAN_POINT('',(-2.332958997584,-30.73114432427));
#1821 = CARTESIAN_POINT('',(-2.433107079315,-31.08180208045));
#1822 = CARTESIAN_POINT('',(-2.594947771881,-31.64846980551));
#1823 = CARTESIAN_POINT('',(-2.656688143989,-31.86464703607));
#1824 = CARTESIAN_POINT('',(-2.718426728518,-32.0808181821));
#1825 = CARTESIAN_POINT('',(-2.780163039955,-32.29698168726));
#1826 = CARTESIAN_POINT('',(-2.841899281362,-32.51314531515));
#1827 = CARTESIAN_POINT('',(-2.903637672834,-32.72931679208));
#1828 = CARTESIAN_POINT('',(-2.965377774911,-32.94549447028));
#1829 = CARTESIAN_POINT('',(-3.105211676506,-33.43511115568));
#1830 = CARTESIAN_POINT('',(-3.183322986612,-33.70861154048));
#1831 = CARTESIAN_POINT('',(-3.261428110933,-33.98209024186));
#1832 = CARTESIAN_POINT('',(-3.33952668791,-34.25554575899));
#1833 = CARTESIAN_POINT('',(-3.417624915612,-34.52899971812));
#1834 = CARTESIAN_POINT('',(-3.495729159988,-34.8024744988));
#1835 = CARTESIAN_POINT('',(-3.573839563833,-35.07597075923));
#1836 = CARTESIAN_POINT('',(-3.715384425219,-35.57157686411));
#1837 = CARTESIAN_POINT('',(-3.778835993984,-35.79374661563));
#1838 = CARTESIAN_POINT('',(-3.842285509406,-36.01590924964));
#1839 = CARTESIAN_POINT('',(-3.905732502986,-36.23806316843));
#1840 = CARTESIAN_POINT('',(-3.969179531849,-36.46021731735));
#1841 = CARTESIAN_POINT('',(-4.032629121904,-36.68238047767));
#1842 = CARTESIAN_POINT('',(-4.096080700695,-36.90455055438));
#1843 = CARTESIAN_POINT('',(-4.24107369638,-37.41223042624));
#1844 = CARTESIAN_POINT('',(-4.322637039128,-37.69781691985));
#1845 = CARTESIAN_POINT('',(-4.404192836321,-37.98337669276));
#1846 = CARTESIAN_POINT('',(-4.485740797257,-38.26890862306));
#1847 = CARTESIAN_POINT('',(-4.567288614734,-38.55443982678));
#1848 = CARTESIAN_POINT('',(-4.648844143021,-38.83999824835));
#1849 = CARTESIAN_POINT('',(-4.730407528408,-39.12558484413));
#1850 = CARTESIAN_POINT('',(-4.863716773758,-39.59235581631));
#1851 = CARTESIAN_POINT('',(-4.91548081678,-39.77360347185));
#1852 = CARTESIAN_POINT('',(-4.967244130665,-39.95484883406));
#1853 = CARTESIAN_POINT('',(-5.019006399054,-40.13609074853));
#1854 = CARTESIAN_POINT('',(-5.070768502014,-40.31733213972));
#1855 = CARTESIAN_POINT('',(-5.122531400757,-40.49857611929));
#1856 = CARTESIAN_POINT('',(-5.174295021938,-40.67982217667));
#1857 = CARTESIAN_POINT('',(-5.261507378722,-40.98518817901));
#1858 = CARTESIAN_POINT('',(-5.296957030815,-41.10931147006));
#1859 = CARTESIAN_POINT('',(-5.332406163089,-41.23343309757));
#1860 = CARTESIAN_POINT('',(-5.367855162998,-41.3575537392));
#1861 = CARTESIAN_POINT('',(-5.40330439601,-41.4816746754));
#1862 = CARTESIAN_POINT('',(-5.438754011682,-41.60579745033));
#1863 = CARTESIAN_POINT('',(-5.474203899954,-41.72992249565));
#1864 = CARTESIAN_POINT('',(-5.606331326425,-42.19255327956));
#1865 = CARTESIAN_POINT('',(-5.703046709399,-42.53118965241));
#1866 = CARTESIAN_POINT('',(-5.799742302852,-42.86976076905));
#1867 = CARTESIAN_POINT('',(-5.89642015739,-43.2082724074));
#1868 = CARTESIAN_POINT('',(-5.993097921501,-43.54678359514));
#1869 = CARTESIAN_POINT('',(-6.089792996643,-43.88535398316));
#1870 = CARTESIAN_POINT('',(-6.18650733952,-44.22399071079));
#1871 = CARTESIAN_POINT('',(-6.28318530718,-44.56249928676));
#1872 = ( GEOMETRIC_REPRESENTATION_CONTEXT(2) 
PARAMETRIC_REPRESENTATION_CONTEXT() REPRESENTATION_CONTEXT('2D SPACE',''
  ) );
#1873 = ORIENTED_EDGE('',*,*,#78,.F.);
#1874 = ORIENTED_EDGE('',*,*,#1875,.T.);
#1875 = EDGE_CURVE('',#56,#1876,#1878,.T.);
#1876 = VERTEX_POINT('',#1877);
#1877 = CARTESIAN_POINT('',(20.,40.,-149.5));
#1878 = SURFACE_CURVE('',#1879,(#1882,#1889),.PCURVE_S1.);
#1879 = B_SPLINE_CURVE_WITH_KNOTS('',1,(#1880,#1881),.UNSPECIFIED.,.F.,
  .F.,(2,2),(0.,12.839003076563),.PIECEWISE_BEZIER_KNOTS.);
#1880 = CARTESIAN_POINT('',(7.2,40.,-150.5));
#1881 = CARTESIAN_POINT('',(20.,40.,-149.5));
#1882 = PCURVE('',#232,#1883);
#1883 = DEFINITIONAL_REPRESENTATION('',(#1884),#1888);
#1884 = LINE('',#1885,#1886);
#1885 = CARTESIAN_POINT('',(0.,0.));
#1886 = VECTOR('',#1887,1.);
#1887 = DIRECTION('',(1.,0.));
#1888 = ( GEOMETRIC_REPRESENTATION_CONTEXT(2) 
PARAMETRIC_REPRESENTATION_CONTEXT() REPRESENTATION_CONTEXT('2D SPACE',''
  ) );
#1889 = PCURVE('',#489,#1890);
#1890 = DEFINITIONAL_REPRESENTATION('',(#1891),#1894);
#1891 = B_SPLINE_CURVE_WITH_KNOTS('',1,(#1892,#1893),.UNSPECIFIED.,.F.,
  .F.,(2,2),(0.,12.839003076563),.PIECEWISE_BEZIER_KNOTS.);
#1892 = CARTESIAN_POINT('',(2.5,-6.01992999402));
#1893 = CARTESIAN_POINT('',(1.5,6.78007000598));
#1894 = ( GEOMETRIC_REPRESENTATION_CONTEXT(2) 
PARAMETRIC_REPRESENTATION_CONTEXT() REPRESENTATION_CONTEXT('2D SPACE',''
  ) );
#1895 = ORIENTED_EDGE('',*,*,#1896,.T.);
#1896 = EDGE_CURVE('',#1876,#1897,#1899,.T.);
#1897 = VERTEX_POINT('',#1898);
#1898 = CARTESIAN_POINT('',(19.967372958411,38.858273944167,
    -39.70010205044));
#1899 = SURFACE_CURVE('',#1900,(#1970,#1977),.PCURVE_S1.);
#1900 = B_SPLINE_CURVE_WITH_KNOTS('',9,(#1901,#1902,#1903,#1904,#1905,
    #1906,#1907,#1908,#1909,#1910,#1911,#1912,#1913,#1914,#1915,#1916,
    #1917,#1918,#1919,#1920,#1921,#1922,#1923,#1924,#1925,#1926,#1927,
    #1928,#1929,#1930,#1931,#1932,#1933,#1934,#1935,#1936,#1937,#1938,
    #1939,#1940,#1941,#1942,#1943,#1944,#1945,#1946,#1947,#1948,#1949,
    #1950,#1951,#1952,#1953,#1954,#1955,#1956,#1957,#1958,#1959,#1960,
    #1961,#1962,#1963,#1964,#1965,#1966,#1967,#1968,#1969),
  .UNSPECIFIED.,.F.,.F.,(10,8,9,8,9,8,9,8,10),(0.,14.273782104205,
    28.547564208411,42.821346312616,57.095128416821,71.368910521026,
    85.642692625232,99.916474729437,114.19025683364),.UNSPECIFIED.);
#1901 = CARTESIAN_POINT('',(20.,40.,-149.5));
#1902 = CARTESIAN_POINT('',(19.999957262635,48.710994241598,
    -147.9753644072));
#1903 = CARTESIAN_POINT('',(15.731738773594,57.421628658723,
    -146.4491824982));
#1904 = CARTESIAN_POINT('',(7.196372254973,63.739760570373,
    -144.9264635866));
#1905 = CARTESIAN_POINT('',(-4.048926861226,65.292264243895,
    -143.3985774138));
#1906 = CARTESIAN_POINT('',(-14.87349247672,60.855435123522,
    -141.8760588666));
#1907 = CARTESIAN_POINT('',(-21.79052673065,51.852791757589,
    -140.3496202507));
#1908 = CARTESIAN_POINT('',(-23.43418305062,41.362718343596,
    -138.8251396667));
#1909 = CARTESIAN_POINT('',(-20.3580475272,32.162446849133,
    -137.3000552916));
#1910 = CARTESIAN_POINT('',(-8.12740680376,19.755923405006,
    -134.2500467599));
#1911 = CARTESIAN_POINT('',(1.028006506132,16.548763692355,
    -132.7249623852));
#1912 = CARTESIAN_POINT('',(11.540490316196,18.04239839307,
    -131.2004817996));
#1913 = CARTESIAN_POINT('',(20.640948803345,24.830462205276,
    -129.6740431879));
#1914 = CARTESIAN_POINT('',(25.231880255027,35.590088266615,
    -128.1515246338));
#1915 = CARTESIAN_POINT('',(23.840094713791,46.857008221942,
    -126.6236384688));
#1916 = CARTESIAN_POINT('',(17.644446981598,55.481211740671,
    -125.1009195509));
#1917 = CARTESIAN_POINT('',(8.995646913207,59.873625440294,
    -123.5747376456));
#1918 = CARTESIAN_POINT('',(0.285539900527,59.997949600091,
    -122.0501020513));
#1919 = CARTESIAN_POINT('',(-8.424426241903,60.122327176241,
    -120.5251779812));
#1920 = CARTESIAN_POINT('',(-17.19534083138,55.978877308799,
    -118.9994482694));
#1921 = CARTESIAN_POINT('',(-23.63443255108,47.534663316542,
    -117.4761616481));
#1922 = CARTESIAN_POINT('',(-25.34763583259,36.312616085127,
    -115.9488518816));
#1923 = CARTESIAN_POINT('',(-21.06559837778,25.425850547284,
    -114.4258615462));
#1924 = CARTESIAN_POINT('',(-12.16279348161,18.380934732136,
    -112.8997285718));
#1925 = CARTESIAN_POINT('',(-1.697187198753,16.587669709969,
    -111.3750982418));
#1926 = CARTESIAN_POINT('',(7.546047959751,19.532111077788,
    -109.8500629652));
#1927 = CARTESIAN_POINT('',(20.125959202482,31.584347333645,
    -106.8000430945));
#1928 = CARTESIAN_POINT('',(23.463522137949,40.693029625743,
    -105.2749676224));
#1929 = CARTESIAN_POINT('',(22.120158002191,51.225771180314,
    -103.7504758259));
#1930 = CARTESIAN_POINT('',(15.46273053205,60.422230579898,
    -102.2240486563));
#1931 = CARTESIAN_POINT('',(4.76976221457,65.166336875698,
    -100.7015206512));
#1932 = CARTESIAN_POINT('',(-6.51588600929,63.935578322512,
    -99.17364071358));
#1933 = CARTESIAN_POINT('',(-15.22767932589,57.863711781339,
    -97.65091863448));
#1934 = CARTESIAN_POINT('',(-19.74314612193,49.278514782172,
    -96.12473786839));
#1935 = CARTESIAN_POINT('',(-19.99183330767,40.571071134944,
    -94.60010205122));
#1936 = CARTESIAN_POINT('',(-20.24057211028,31.863769060194,
    -93.07517775863));
#1937 = CARTESIAN_POINT('',(-16.22278824941,23.03458252171,
    -91.54944918564));
#1938 = CARTESIAN_POINT('',(-7.871383641903,16.475568011981,
    -90.02615940398));
#1939 = CARTESIAN_POINT('',(3.325058820066,14.602294990442,
    -88.49885586343));
#1940 = CARTESIAN_POINT('',(14.271855018411,18.728437585564,
    -86.97585607851));
#1941 = CARTESIAN_POINT('',(21.443185599137,27.529738138123,
    -85.44973454506));
#1942 = CARTESIAN_POINT('',(23.385705719139,37.968669404166,
    -83.92509300476));
#1943 = CARTESIAN_POINT('',(20.57355752535,47.253008103796,
    -82.40006663072));
#1944 = CARTESIAN_POINT('',(8.702179127886,60.00373532587,
    -79.35003542089));
#1945 = CARTESIAN_POINT('',(-0.357891734032,63.471029963878,
    -77.82500904779));
#1946 = CARTESIAN_POINT('',(-10.9088153528,62.278190447368,
    -76.30036750382));
#1947 = CARTESIAN_POINT('',(-20.19925188997,55.752791874893,
    -74.77424597861));
#1948 = CARTESIAN_POINT('',(-25.09579580947,45.128611688639,
    -73.25124618111));
#1949 = CARTESIAN_POINT('',(-24.026033381,33.826595073184,
    -71.72394265427));
#1950 = CARTESIAN_POINT('',(-18.07946409746,25.028932166436,
    -70.20065286171));
#1951 = CARTESIAN_POINT('',(-9.559399270157,20.391377175423,
    -68.67492429523));
#1952 = CARTESIAN_POINT('',(-0.856535946664,20.018349763479,
    -67.14999999945));
#1953 = CARTESIAN_POINT('',(7.846467891934,19.645328476851,
    -65.62536440848));
#1954 = CARTESIAN_POINT('',(16.731904531478,23.536582351522,
    -64.09918249652));
#1955 = CARTESIAN_POINT('',(23.409782045844,31.793532416303,
    -62.57646358823));
#1956 = CARTESIAN_POINT('',(25.442461459627,42.962025345197,
    -61.04857741274));
#1957 = CARTESIAN_POINT('',(21.473284556638,53.966674729421,
    -59.52605886713));
#1958 = CARTESIAN_POINT('',(12.775135432883,61.262917070081,
    -57.99962025062));
#1959 = CARTESIAN_POINT('',(2.365079073519,63.354321602368,
    -56.4751396668));
#1960 = CARTESIAN_POINT('',(-6.958492313247,60.675026559578,
    -54.95005529169));
#1961 = CARTESIAN_POINT('',(-19.87743209015,48.986938969368,
    -51.90004675999));
#1962 = CARTESIAN_POINT('',(-23.47374630197,39.977278021921,
    -50.37496238526));
#1963 = CARTESIAN_POINT('',(-22.43169800636,29.410471700854,
    -48.85048179935));
#1964 = CARTESIAN_POINT('',(-16.03960565511,20.027651743833,
    -47.32404318868));
#1965 = CARTESIAN_POINT('',(-5.486466311593,14.980132092364,
    -45.80152463243));
#1966 = CARTESIAN_POINT('',(5.829722092064,15.888114590688,
    -44.27363847082));
#1967 = CARTESIAN_POINT('',(14.711352758177,21.70873087142,
    -42.75091954883));
#1968 = CARTESIAN_POINT('',(19.470136876463,30.161482758584,
    -41.22473764731));
#1969 = CARTESIAN_POINT('',(19.967372958411,38.858273944167,
    -39.70010205044));
#1970 = PCURVE('',#232,#1971);
#1971 = DEFINITIONAL_REPRESENTATION('',(#1972),#1976);
#1972 = LINE('',#1973,#1974);
#1973 = CARTESIAN_POINT('',(12.839003076563,0.));
#1974 = VECTOR('',#1975,1.);
#1975 = DIRECTION('',(0.,1.));
#1976 = ( GEOMETRIC_REPRESENTATION_CONTEXT(2) 
PARAMETRIC_REPRESENTATION_CONTEXT() REPRESENTATION_CONTEXT('2D SPACE',''
  ) );
#1977 = PCURVE('',#1978,#2117);
#1978 = B_SPLINE_SURFACE_WITH_KNOTS('',1,9,(
    (#1979,#1980,#1981,#1982,#1983,#1984,#1985,#1986,#1987,#1988,#1989
      ,#1990,#1991,#1992,#1993,#1994,#1995,#1996,#1997,#1998,#1999,#2000
      ,#2001,#2002,#2003,#2004,#2005,#2006,#2007,#2008,#2009,#2010,#2011
      ,#2012,#2013,#2014,#2015,#2016,#2017,#2018,#2019,#2020,#2021,#2022
      ,#2023,#2024,#2025,#2026,#2027,#2028,#2029,#2030,#2031,#2032,#2033
      ,#2034,#2035,#2036,#2037,#2038,#2039,#2040,#2041,#2042,#2043,#2044
      ,#2045,#2046,#2047)
    ,(#2048,#2049,#2050,#2051,#2052,#2053,#2054,#2055,#2056,#2057,#2058
      ,#2059,#2060,#2061,#2062,#2063,#2064,#2065,#2066,#2067,#2068,#2069
      ,#2070,#2071,#2072,#2073,#2074,#2075,#2076,#2077,#2078,#2079,#2080
      ,#2081,#2082,#2083,#2084,#2085,#2086,#2087,#2088,#2089,#2090,#2091
      ,#2092,#2093,#2094,#2095,#2096,#2097,#2098,#2099,#2100,#2101,#2102
      ,#2103,#2104,#2105,#2106,#2107,#2108,#2109,#2110,#2111,#2112,#2113
      ,#2114,#2115,#2116
    )),.UNSPECIFIED.,.F.,.F.,.F.,(2,2),(10,8,9,8,9,8,9,8,10),(0.,3.),(0.
    ,14.273782104205,28.547564208411,42.821346312616,57.095128416821,
    71.368910521026,85.642692625232,99.916474729437,114.19025683364),
  .UNSPECIFIED.);
#1979 = CARTESIAN_POINT('',(20.,40.,-149.5));
#1980 = CARTESIAN_POINT('',(19.999957262635,48.710994241598,
    -147.9753644072));
#1981 = CARTESIAN_POINT('',(15.731738773594,57.421628658723,
    -146.4491824982));
#1982 = CARTESIAN_POINT('',(7.196372254973,63.739760570373,
    -144.9264635866));
#1983 = CARTESIAN_POINT('',(-4.048926861225,65.292264243895,
    -143.3985774138));
#1984 = CARTESIAN_POINT('',(-14.87349247672,60.855435123522,
    -141.8760588666));
#1985 = CARTESIAN_POINT('',(-21.79052673065,51.852791757589,
    -140.3496202507));
#1986 = CARTESIAN_POINT('',(-23.43418305062,41.362718343596,
    -138.8251396667));
#1987 = CARTESIAN_POINT('',(-20.3580475272,32.162446849133,
    -137.3000552916));
#1988 = CARTESIAN_POINT('',(-8.12740680376,19.755923405006,
    -134.2500467599));
#1989 = CARTESIAN_POINT('',(1.028006506132,16.548763692355,
    -132.7249623852));
#1990 = CARTESIAN_POINT('',(11.540490316195,18.042398393069,
    -131.2004817996));
#1991 = CARTESIAN_POINT('',(20.640948803346,24.830462205277,
    -129.6740431879));
#1992 = CARTESIAN_POINT('',(25.231880255026,35.590088266613,
    -128.1515246338));
#1993 = CARTESIAN_POINT('',(23.840094713792,46.857008221943,
    -126.6236384688));
#1994 = CARTESIAN_POINT('',(17.644446981598,55.481211740671,
    -125.1009195509));
#1995 = CARTESIAN_POINT('',(8.995646913208,59.873625440294,
    -123.5747376456));
#1996 = CARTESIAN_POINT('',(0.285539900527,59.997949600091,
    -122.0501020513));
#1997 = CARTESIAN_POINT('',(-8.424426241903,60.122327176241,
    -120.5251779812));
#1998 = CARTESIAN_POINT('',(-17.19534083138,55.978877308799,
    -118.9994482694));
#1999 = CARTESIAN_POINT('',(-23.63443255108,47.534663316543,
    -117.4761616481));
#2000 = CARTESIAN_POINT('',(-25.34763583259,36.312616085127,
    -115.9488518816));
#2001 = CARTESIAN_POINT('',(-21.06559837778,25.425850547284,
    -114.4258615462));
#2002 = CARTESIAN_POINT('',(-12.16279348161,18.380934732136,
    -112.8997285718));
#2003 = CARTESIAN_POINT('',(-1.697187198753,16.587669709969,
    -111.3750982418));
#2004 = CARTESIAN_POINT('',(7.546047959751,19.532111077788,
    -109.8500629652));
#2005 = CARTESIAN_POINT('',(20.125959202482,31.584347333645,
    -106.8000430945));
#2006 = CARTESIAN_POINT('',(23.463522137949,40.693029625743,
    -105.2749676224));
#2007 = CARTESIAN_POINT('',(22.120158002192,51.225771180315,
    -103.7504758259));
#2008 = CARTESIAN_POINT('',(15.462730532049,60.422230579897,
    -102.2240486563));
#2009 = CARTESIAN_POINT('',(4.769762214571,65.166336875699,
    -100.7015206512));
#2010 = CARTESIAN_POINT('',(-6.51588600929,63.935578322511,
    -99.17364071358));
#2011 = CARTESIAN_POINT('',(-15.22767932589,57.86371178134,
    -97.65091863448));
#2012 = CARTESIAN_POINT('',(-19.74314612193,49.278514782172,
    -96.12473786839));
#2013 = CARTESIAN_POINT('',(-19.99183330767,40.571071134944,
    -94.60010205122));
#2014 = CARTESIAN_POINT('',(-20.24057211028,31.863769060193,
    -93.07517775863));
#2015 = CARTESIAN_POINT('',(-16.22278824941,23.03458252171,
    -91.54944918563));
#2016 = CARTESIAN_POINT('',(-7.871383641903,16.47556801198,
    -90.02615940399));
#2017 = CARTESIAN_POINT('',(3.325058820066,14.602294990443,
    -88.49885586343));
#2018 = CARTESIAN_POINT('',(14.271855018411,18.728437585563,
    -86.97585607851));
#2019 = CARTESIAN_POINT('',(21.443185599137,27.529738138124,
    -85.44973454506));
#2020 = CARTESIAN_POINT('',(23.385705719139,37.968669404166,
    -83.92509300477));
#2021 = CARTESIAN_POINT('',(20.57355752535,47.253008103797,
    -82.40006663071));
#2022 = CARTESIAN_POINT('',(8.702179127886,60.00373532587,
    -79.35003542089));
#2023 = CARTESIAN_POINT('',(-0.357891734033,63.471029963879,
    -77.82500904779));
#2024 = CARTESIAN_POINT('',(-10.9088153528,62.278190447368,
    -76.30036750382));
#2025 = CARTESIAN_POINT('',(-20.19925188997,55.752791874893,
    -74.77424597862));
#2026 = CARTESIAN_POINT('',(-25.09579580947,45.128611688639,
    -73.25124618111));
#2027 = CARTESIAN_POINT('',(-24.026033381,33.826595073184,
    -71.72394265427));
#2028 = CARTESIAN_POINT('',(-18.07946409746,25.028932166436,
    -70.20065286171));
#2029 = CARTESIAN_POINT('',(-9.559399270157,20.391377175422,
    -68.67492429523));
#2030 = CARTESIAN_POINT('',(-0.856535946664,20.018349763479,
    -67.14999999945));
#2031 = CARTESIAN_POINT('',(7.846467891934,19.645328476851,
    -65.62536440849));
#2032 = CARTESIAN_POINT('',(16.731904531478,23.536582351522,
    -64.09918249652));
#2033 = CARTESIAN_POINT('',(23.409782045844,31.793532416303,
    -62.57646358824));
#2034 = CARTESIAN_POINT('',(25.442461459627,42.962025345197,
    -61.04857741274));
#2035 = CARTESIAN_POINT('',(21.473284556638,53.966674729421,
    -59.52605886713));
#2036 = CARTESIAN_POINT('',(12.775135432883,61.262917070081,
    -57.99962025062));
#2037 = CARTESIAN_POINT('',(2.365079073519,63.354321602368,
    -56.4751396668));
#2038 = CARTESIAN_POINT('',(-6.958492313247,60.675026559578,
    -54.95005529169));
#2039 = CARTESIAN_POINT('',(-19.87743209015,48.986938969368,
    -51.90004675999));
#2040 = CARTESIAN_POINT('',(-23.47374630197,39.977278021921,
    -50.37496238526));
#2041 = CARTESIAN_POINT('',(-22.43169800636,29.410471700853,
    -48.85048179935));
#2042 = CARTESIAN_POINT('',(-16.03960565511,20.027651743834,
    -47.32404318868));
#2043 = CARTESIAN_POINT('',(-5.486466311593,14.980132092362,
    -45.80152463243));
#2044 = CARTESIAN_POINT('',(5.829722092064,15.888114590689,
    -44.27363847082));
#2045 = CARTESIAN_POINT('',(14.711352758177,21.70873087142,
    -42.75091954883));
#2046 = CARTESIAN_POINT('',(19.470136876463,30.161482758584,
    -41.22473764731));
#2047 = CARTESIAN_POINT('',(19.967372958411,38.858273944167,
    -39.70010205044));
#2048 = CARTESIAN_POINT('',(20.,40.,-146.5));
#2049 = CARTESIAN_POINT('',(20.00004273736,48.7109994544,-144.9753644072
    ));
#2050 = CARTESIAN_POINT('',(15.73155312431,57.421633741263,
    -143.4491824985));
#2051 = CARTESIAN_POINT('',(7.196678757518,63.739781568984,
    -141.926463586));
#2052 = CARTESIAN_POINT('',(-4.049229035992,65.292284041573,
    -140.3985774147));
#2053 = CARTESIAN_POINT('',(-14.87330969905,60.855433071133,
    -138.8760588658));
#2054 = CARTESIAN_POINT('',(-21.79061306882,51.852809939701,
    -137.3496202511));
#2055 = CARTESIAN_POINT('',(-23.43418329149,41.362715930012,
    -135.8251396667));
#2056 = CARTESIAN_POINT('',(-20.3580604848,32.162441618118,
    -134.3000552917));
#2057 = CARTESIAN_POINT('',(-8.1274111156,19.755912057392,-131.25004676)
  );
#2058 = CARTESIAN_POINT('',(1.028010153277,16.54873583105,
    -129.7249623849));
#2059 = CARTESIAN_POINT('',(11.540487180897,18.042458701946,
    -128.2004818008));
#2060 = CARTESIAN_POINT('',(20.640972950089,24.830261261331,
    -126.6740431852));
#2061 = CARTESIAN_POINT('',(25.231894972638,35.590385415024,
    -125.1515246375));
#2062 = CARTESIAN_POINT('',(23.840097874208,46.856710257486,
    -123.6236384655));
#2063 = CARTESIAN_POINT('',(17.644465668099,55.48141597215,
    -122.1009195529));
#2064 = CARTESIAN_POINT('',(8.995651247035,59.873563834673,
    -120.574737645));
#2065 = CARTESIAN_POINT('',(0.285540242284,59.997973534647,
    -119.0501020514));
#2066 = CARTESIAN_POINT('',(-8.424430857968,60.122368993375,
    -117.5251779811));
#2067 = CARTESIAN_POINT('',(-17.19534767431,55.978754083529,
    -115.9994482699));
#2068 = CARTESIAN_POINT('',(-23.63445018206,47.53489927269,
    -114.4761616471));
#2069 = CARTESIAN_POINT('',(-25.34765902394,36.31237859604,
    -112.9488518828));
#2070 = CARTESIAN_POINT('',(-21.06559437647,25.425986998561,
    -111.4258615452));
#2071 = CARTESIAN_POINT('',(-12.16281253196,18.38087406742,
    -109.8997285723));
#2072 = CARTESIAN_POINT('',(-1.697184927587,16.587659719086,
    -108.3750982417));
#2073 = CARTESIAN_POINT('',(7.546053030903,19.532099846546,
    -106.8500629653));
#2074 = CARTESIAN_POINT('',(20.125970475094,31.584342000539,
    -103.8000430945));
#2075 = CARTESIAN_POINT('',(23.463550066029,40.693034102983,
    -102.2749676222));
#2076 = CARTESIAN_POINT('',(22.120097634703,51.225767505509,
    -100.7504758271));
#2077 = CARTESIAN_POINT('',(15.462931818591,60.422253137286,
    -99.22404865369));
#2078 = CARTESIAN_POINT('',(4.769465293329,65.166354900941,
    -97.70152065493));
#2079 = CARTESIAN_POINT('',(-6.515588022617,63.935577754231,
    -96.17364071029));
#2080 = CARTESIAN_POINT('',(-15.22788327274,57.863733167352,
    -94.65091863639));
#2081 = CARTESIAN_POINT('',(-19.74308445999,49.278518288082,
    -93.1247378678));
#2082 = CARTESIAN_POINT('',(-19.99185723488,40.571071818432,
    -91.60010205132));
#2083 = CARTESIAN_POINT('',(-20.24061398683,31.863765093904,
    -90.07517775845));
#2084 = CARTESIAN_POINT('',(-16.22266514362,23.034573705251,
    -88.54944918617));
#2085 = CARTESIAN_POINT('',(-7.871619803236,16.475554277875,
    -87.02615940305));
#2086 = CARTESIAN_POINT('',(3.325295913846,14.602267477287,
    -85.49885586465));
#2087 = CARTESIAN_POINT('',(14.271718693015,18.728444816156,
    -83.97585607757));
#2088 = CARTESIAN_POINT('',(21.443245925716,27.529716823666,
    -82.44973454555));
#2089 = CARTESIAN_POINT('',(23.385715793999,37.968672759742,
    -80.92509300467));
#2090 = CARTESIAN_POINT('',(20.573568791051,47.253012155078,
    -79.40006663075));
#2091 = CARTESIAN_POINT('',(8.702184698492,60.003748319459,
    -76.3500354209));
#2092 = CARTESIAN_POINT('',(-0.35789622815,63.471048245293,
    -74.82500904761));
#2093 = CARTESIAN_POINT('',(-10.90881145218,62.2781554181,
    -73.30036750491));
#2094 = CARTESIAN_POINT('',(-20.19927355316,55.752947221958,
    -71.77424597616));
#2095 = CARTESIAN_POINT('',(-25.09581531532,45.128379375139,
    -70.25124618458));
#2096 = CARTESIAN_POINT('',(-24.026031591,33.826822263735,
    -68.72394265126));
#2097 = CARTESIAN_POINT('',(-18.07948572371,25.028790827732,
    -67.20065286337));
#2098 = CARTESIAN_POINT('',(-9.559403767871,20.391395193294,
    -65.67492429482));
#2099 = CARTESIAN_POINT('',(-0.856535946667,20.018349763608,
    -64.14999999945));
#2100 = CARTESIAN_POINT('',(7.846469439322,19.645242857,-62.62536440849)
  );
#2101 = CARTESIAN_POINT('',(16.73191756028,23.536767613249,
    -61.0991824968));
#2102 = CARTESIAN_POINT('',(23.409789898311,31.793225295191,
    -59.57646358758));
#2103 = CARTESIAN_POINT('',(25.442494180754,42.96232639523,
    -58.04857741371));
#2104 = CARTESIAN_POINT('',(21.473274678027,53.966492207129,
    -56.52605886638));
#2105 = CARTESIAN_POINT('',(12.775157296043,61.263002550437,
    -54.99962025101));
#2106 = CARTESIAN_POINT('',(2.365076672436,63.354321946376,
    -53.47513966674));
#2107 = CARTESIAN_POINT('',(-6.95849698453,60.675039729309,
    -51.95005529171));
#2108 = CARTESIAN_POINT('',(-19.87744324269,48.986943763233,
    -48.90004676001));
#2109 = CARTESIAN_POINT('',(-23.47377429389,39.977275571367,
    -47.37496238504));
#2110 = CARTESIAN_POINT('',(-22.43163761864,29.410472250276,
    -45.85048180054));
#2111 = CARTESIAN_POINT('',(-16.03980744854,20.027636225406,
    -44.32404318604));
#2112 = CARTESIAN_POINT('',(-5.486170066624,14.980104661823,
    -42.80152463615));
#2113 = CARTESIAN_POINT('',(5.829424266262,15.888124194462,
    -41.27363846753));
#2114 = CARTESIAN_POINT('',(14.711556001406,21.708703455302,
    -39.75091955074));
#2115 = CARTESIAN_POINT('',(19.470075142179,30.161481067101,
    -38.22473764673));
#2116 = CARTESIAN_POINT('',(19.967396856161,38.858272577716,
    -36.70010205053));
#2117 = DEFINITIONAL_REPRESENTATION('',(#2118),#2122);
#2118 = LINE('',#2119,#2120);
#2119 = CARTESIAN_POINT('',(0.,0.));
#2120 = VECTOR('',#2121,1.);
#2121 = DIRECTION('',(0.,1.));
#2122 = ( GEOMETRIC_REPRESENTATION_CONTEXT(2) 
PARAMETRIC_REPRESENTATION_CONTEXT() REPRESENTATION_CONTEXT('2D SPACE',''
  ) );
#2123 = ORIENTED_EDGE('',*,*,#2124,.F.);
#2124 = EDGE_CURVE('',#618,#1897,#2125,.T.);
#2125 = SURFACE_CURVE('',#2126,(#2129,#2136),.PCURVE_S1.);
#2126 = B_SPLINE_CURVE_WITH_KNOTS('',1,(#2127,#2128),.UNSPECIFIED.,.F.,
  .F.,(2,2),(0.,12.839003076563),.PIECEWISE_BEZIER_KNOTS.);
#2127 = CARTESIAN_POINT('',(7.188237631267,39.588961661811,
    -40.69999992013));
#2128 = CARTESIAN_POINT('',(19.967372958411,38.858273944167,
    -39.70010205044));
#2129 = PCURVE('',#232,#2130);
#2130 = DEFINITIONAL_REPRESENTATION('',(#2131),#2135);
#2131 = LINE('',#2132,#2133);
#2132 = CARTESIAN_POINT('',(0.,114.19025683364));
#2133 = VECTOR('',#2134,1.);
#2134 = DIRECTION('',(1.,0.));
#2135 = ( GEOMETRIC_REPRESENTATION_CONTEXT(2) 
PARAMETRIC_REPRESENTATION_CONTEXT() REPRESENTATION_CONTEXT('2D SPACE',''
  ) );
#2136 = PCURVE('',#2137,#2142);
#2137 = PLANE('',#2138);
#2138 = AXIS2_PLACEMENT_3D('',#2139,#2140,#2141);
#2139 = CARTESIAN_POINT('',(13.198370991313,39.245313166405,
    -38.20004795279));
#2140 = DIRECTION('',(-5.708494235817E-02,-0.998369325128,
    -6.823393354903E-12));
#2141 = DIRECTION('',(-0.998369325128,5.708494235817E-02,
    5.048709793414E-29));
#2142 = DEFINITIONAL_REPRESENTATION('',(#2143),#2146);
#2143 = B_SPLINE_CURVE_WITH_KNOTS('',1,(#2144,#2145),.UNSPECIFIED.,.F.,
  .F.,(2,2),(0.,12.839003076563),.PIECEWISE_BEZIER_KNOTS.);
#2144 = CARTESIAN_POINT('',(6.019949941149,2.499951967332));
#2145 = CARTESIAN_POINT('',(-6.780058037372,1.500054097643));
#2146 = ( GEOMETRIC_REPRESENTATION_CONTEXT(2) 
PARAMETRIC_REPRESENTATION_CONTEXT() REPRESENTATION_CONTEXT('2D SPACE',''
  ) );
#2147 = ADVANCED_FACE('',(#2148),#463,.T.);
#2148 = FACE_BOUND('',#2149,.F.);
#2149 = EDGE_LOOP('',(#2150,#2519,#2520,#2521));
#2150 = ORIENTED_EDGE('',*,*,#2151,.F.);
#2151 = EDGE_CURVE('',#448,#2152,#2154,.T.);
#2152 = VERTEX_POINT('',#2153);
#2153 = CARTESIAN_POINT('',(8.,40.,-123.5625020623));
#2154 = SURFACE_CURVE('',#2155,(#2228,#2304),.PCURVE_S1.);
#2155 = B_SPLINE_CURVE_WITH_KNOTS('',8,(#2156,#2157,#2158,#2159,#2160,
    #2161,#2162,#2163,#2164,#2165,#2166,#2167,#2168,#2169,#2170,#2171,
    #2172,#2173,#2174,#2175,#2176,#2177,#2178,#2179,#2180,#2181,#2182,
    #2183,#2184,#2185,#2186,#2187,#2188,#2189,#2190,#2191,#2192,#2193,
    #2194,#2195,#2196,#2197,#2198,#2199,#2200,#2201,#2202,#2203,#2204,
    #2205,#2206,#2207,#2208,#2209,#2210,#2211,#2212,#2213,#2214,#2215,
    #2216,#2217,#2218,#2219,#2220,#2221,#2222,#2223,#2224,#2225,#2226,
    #2227),.UNSPECIFIED.,.F.,.F.,(9,7,7,7,7,7,7,7,7,7,9),(0.,
    0.124103952183,0.232870923774,0.331061354343,0.419859588814,
    0.516604417495,0.580375956196,0.638430887582,0.752875434574,
    0.858050334251,1.),.UNSPECIFIED.);
#2156 = CARTESIAN_POINT('',(8.,40.,-145.5625));
#2157 = CARTESIAN_POINT('',(8.,40.779700489303,-145.2212492872));
#2158 = CARTESIAN_POINT('',(7.913151670116,41.559705596794,
    -144.879864333));
#2159 = CARTESIAN_POINT('',(7.739341105931,42.328257722012,
    -144.5385467181));
#2160 = CARTESIAN_POINT('',(7.480490091102,43.074058412439,
    -144.1972897438));
#2161 = CARTESIAN_POINT('',(7.140140140021,43.78637348514,
    -143.8560312723));
#2162 = CARTESIAN_POINT('',(6.723317409905,44.455073174087,
    -143.5147086217));
#2163 = CARTESIAN_POINT('',(6.236608146286,45.070762562053,
    -143.1733160615));
#2164 = CARTESIAN_POINT('',(5.207892187139,46.11103945963,
    -142.5329871945));
#2165 = CARTESIAN_POINT('',(4.679858044444,46.550138802233,
    -142.2338344814));
#2166 = CARTESIAN_POINT('',(4.10974876689,46.936836368994,
    -141.9347162236));
#2167 = CARTESIAN_POINT('',(3.503708409133,47.266499505917,
    -141.6356324527));
#2168 = CARTESIAN_POINT('',(2.868370413974,47.535394172746,
    -141.336549331));
#2169 = CARTESIAN_POINT('',(2.21078604738,47.740659070954,
    -141.0374324475));
#2170 = CARTESIAN_POINT('',(1.538399506733,47.880373131024,
    -140.7382800908));
#2171 = CARTESIAN_POINT('',(0.245684855438,48.019987190633,
    -140.1691991028));
#2172 = CARTESIAN_POINT('',(-0.37357548325,48.032186372644,
    -139.8991570829));
#2173 = CARTESIAN_POINT('',(-0.993071931707,47.989700069506,
    -139.6291360201));
#2174 = CARTESIAN_POINT('',(-1.607160869852,47.892652088885,
    -139.3591363613));
#2175 = CARTESIAN_POINT('',(-2.210301443793,47.741838612977,
    -139.089136942));
#2176 = CARTESIAN_POINT('',(-2.797082699986,47.538693705894,
    -138.8191165135));
#2177 = CARTESIAN_POINT('',(-3.362262084732,47.285310405093,
    -138.5490753028));
#2178 = CARTESIAN_POINT('',(-4.38791469638,46.712483768613,
    -138.0349047191));
#2179 = CARTESIAN_POINT('',(-4.853353510876,46.401609789744,
    -137.7907072025));
#2180 = CARTESIAN_POINT('',(-5.293469218872,46.053934673267,
    -137.5465210432));
#2181 = CARTESIAN_POINT('',(-5.70488635706,45.671895508363,
    -137.3023488803));
#2182 = CARTESIAN_POINT('',(-6.084533489645,45.258269334093,
    -137.0581764696));
#2183 = CARTESIAN_POINT('',(-6.429650797063,44.816143716668,
    -136.8139897945));
#2184 = CARTESIAN_POINT('',(-6.737819972417,44.348909353872,
    -136.5697921707));
#2185 = CARTESIAN_POINT('',(-7.300303391358,43.32791192359,
    -136.059599561));
#2186 = CARTESIAN_POINT('',(-7.547411412517,42.769999910975,
    -135.7935364963));
#2187 = CARTESIAN_POINT('',(-7.745669573094,42.191328454312,
    -135.5274925572));
#2188 = CARTESIAN_POINT('',(-7.893094181397,41.596920028095,
    -135.2614690818));
#2189 = CARTESIAN_POINT('',(-7.988324525898,40.991954336903,
    -134.9954466848));
#2190 = CARTESIAN_POINT('',(-8.03060297216,40.381731665307,
    -134.7294054129));
#2191 = CARTESIAN_POINT('',(-8.019805524229,39.771646821224,
    -134.4633449563));
#2192 = CARTESIAN_POINT('',(-7.914818806546,38.768674731418,
    -134.0219688861));
#2193 = CARTESIAN_POINT('',(-7.85030069617,38.372578886896,
    -133.8466089292));
#2194 = CARTESIAN_POINT('',(-7.763133516256,37.980399036202,
    -133.6712509903));
#2195 = CARTESIAN_POINT('',(-7.653601936586,37.593646419304,
    -133.4958959536));
#2196 = CARTESIAN_POINT('',(-7.522108397612,37.213799747824,
    -133.3205412472));
#2197 = CARTESIAN_POINT('',(-7.369169311939,36.842301309759,
    -133.145184146));
#2198 = CARTESIAN_POINT('',(-7.195415492819,36.480551834857,
    -132.9698250136));
#2199 = CARTESIAN_POINT('',(-6.825152417939,35.810689163588,
    -132.6348350847));
#2200 = CARTESIAN_POINT('',(-6.632073854396,35.500665306975,
    -132.4751992046));
#2201 = CARTESIAN_POINT('',(-6.422924539732,35.200851446532,
    -132.3155643797));
#2202 = CARTESIAN_POINT('',(-6.19833448974,34.912212835797,
    -132.1559334594));
#2203 = CARTESIAN_POINT('',(-5.959006588885,34.63567076551,
    -131.9963012068));
#2204 = CARTESIAN_POINT('',(-5.705707250128,34.372093938931,
    -131.836663868));
#2205 = CARTESIAN_POINT('',(-5.439259994506,34.122289610595,
    -131.6770274376));
#2206 = CARTESIAN_POINT('',(-4.611156006926,33.423207409931,
    -131.2027072739));
#2207 = CARTESIAN_POINT('',(-4.013958986138,33.015705164089,
    -130.887932817));
#2208 = CARTESIAN_POINT('',(-3.375923003645,32.670466769363,
    -130.573202257));
#2209 = CARTESIAN_POINT('',(-2.704701055829,32.392158722822,
    -130.2585129073));
#2210 = CARTESIAN_POINT('',(-2.008428131891,32.184300165806,
    -129.9438223615));
#2211 = CARTESIAN_POINT('',(-1.295637738809,32.049302993078,
    -129.629088157));
#2212 = CARTESIAN_POINT('',(-0.575222270741,31.988379221081,
    -129.3143090769));
#2213 = CARTESIAN_POINT('',(0.804301409643,32.013154784303,
    -128.7104280252));
#2214 = CARTESIAN_POINT('',(1.463973116382,32.087383469396,
    -128.4211694896));
#2215 = CARTESIAN_POINT('',(2.115590583153,32.223894797974,
    -128.1319399531));
#2216 = CARTESIAN_POINT('',(2.752289956721,32.421598113334,
    -127.8427395667));
#2217 = CARTESIAN_POINT('',(3.367470860118,32.678547584689,
    -127.553539365));
#2218 = CARTESIAN_POINT('',(3.954824575508,32.991999195003,
    -127.2643100898));
#2219 = CARTESIAN_POINT('',(4.508390491738,33.358387216527,
    -126.9750509519));
#2220 = CARTESIAN_POINT('',(5.716818010339,34.333140523997,
    -126.2955322915));
#2221 = CARTESIAN_POINT('',(6.340094963449,34.981864150264,
    -125.9049427923));
#2222 = CARTESIAN_POINT('',(6.878461454751,35.708418811948,
    -125.5144992843));
#2223 = CARTESIAN_POINT('',(7.320906277618,36.499541257426,
    -125.1241732771));
#2224 = CARTESIAN_POINT('',(7.658884803726,37.340609876732,
    -124.7338485735));
#2225 = CARTESIAN_POINT('',(7.886384051139,38.215793406682,
    -124.3434082847));
#2226 = CARTESIAN_POINT('',(8.000000000056,39.108198170582,
    -123.9528233658));
#2227 = CARTESIAN_POINT('',(8.,40.,-123.5625020623));
#2228 = PCURVE('',#463,#2229);
#2229 = DEFINITIONAL_REPRESENTATION('',(#2230),#2303);
#2230 = B_SPLINE_CURVE_WITH_KNOTS('',8,(#2231,#2232,#2233,#2234,#2235,
    #2236,#2237,#2238,#2239,#2240,#2241,#2242,#2243,#2244,#2245,#2246,
    #2247,#2248,#2249,#2250,#2251,#2252,#2253,#2254,#2255,#2256,#2257,
    #2258,#2259,#2260,#2261,#2262,#2263,#2264,#2265,#2266,#2267,#2268,
    #2269,#2270,#2271,#2272,#2273,#2274,#2275,#2276,#2277,#2278,#2279,
    #2280,#2281,#2282,#2283,#2284,#2285,#2286,#2287,#2288,#2289,#2290,
    #2291,#2292,#2293,#2294,#2295,#2296,#2297,#2298,#2299,#2300,#2301,
    #2302),.UNSPECIFIED.,.F.,.F.,(9,7,7,7,7,7,7,7,7,7,9),(0.,
    0.124103952183,0.232870923774,0.331061354343,0.419859588814,
    0.516604417495,0.580375956196,0.638430887582,0.752875434574,
    0.858050334251,1.),.UNSPECIFIED.);
#2231 = CARTESIAN_POINT('',(0.,-5.4375));
#2232 = CARTESIAN_POINT('',(-9.746256116284E-02,-5.778750712736));
#2233 = CARTESIAN_POINT('',(-0.194963209011,-6.12013566692));
#2234 = CARTESIAN_POINT('',(-0.292442961492,-6.461453281818));
#2235 = CARTESIAN_POINT('',(-0.389904666567,-6.802710256156));
#2236 = CARTESIAN_POINT('',(-0.487366977235,-7.143968727613));
#2237 = CARTESIAN_POINT('',(-0.584848057928,-7.48529137828));
#2238 = CARTESIAN_POINT('',(-0.682349448063,-7.826683938456));
#2239 = CARTESIAN_POINT('',(-0.865227162851,-8.467012805407));
#2240 = CARTESIAN_POINT('',(-0.950665240903,-8.766165518563));
#2241 = CARTESIAN_POINT('',(-1.036093545105,-9.065283776389));
#2242 = CARTESIAN_POINT('',(-1.121511909328,-9.364367547239));
#2243 = CARTESIAN_POINT('',(-1.206929936696,-9.663450668975));
#2244 = CARTESIAN_POINT('',(-1.292357491825,-9.962567552414));
#2245 = CARTESIAN_POINT('',(-1.377795129972,-10.26171990916));
#2246 = CARTESIAN_POINT('',(-1.540324130043,-10.83080089713));
#2247 = CARTESIAN_POINT('',(-1.617447876748,-11.10084291708));
#2248 = CARTESIAN_POINT('',(-1.694565668562,-11.37086397984));
#2249 = CARTESIAN_POINT('',(-1.771677403634,-11.64086363863));
#2250 = CARTESIAN_POINT('',(-1.848789112048,-11.91086305799));
#2251 = CARTESIAN_POINT('',(-1.925906822087,-12.18088348648));
#2252 = CARTESIAN_POINT('',(-2.003030434162,-12.45092469715));
#2253 = CARTESIAN_POINT('',(-2.149877167359,-12.96509528089));
#2254 = CARTESIAN_POINT('',(-2.219619758625,-13.20929279745));
#2255 = CARTESIAN_POINT('',(-2.289359059597,-13.45347895678));
#2256 = CARTESIAN_POINT('',(-2.359094323807,-13.69765111968));
#2257 = CARTESIAN_POINT('',(-2.428829647634,-13.94182353035));
#2258 = CARTESIAN_POINT('',(-2.498569076472,-14.18601020543));
#2259 = CARTESIAN_POINT('',(-2.568311702393,-14.4302078292));
#2260 = CARTESIAN_POINT('',(-2.714022425511,-14.94040043894));
#2261 = CARTESIAN_POINT('',(-2.79000998159,-15.20646350362));
#2262 = CARTESIAN_POINT('',(-2.865992181045,-15.47250744273));
#2263 = CARTESIAN_POINT('',(-2.941968627988,-15.7385309181));
#2264 = CARTESIAN_POINT('',(-3.017944777081,-16.00455331513));
#2265 = CARTESIAN_POINT('',(-3.093926211283,-16.27059458704));
#2266 = CARTESIAN_POINT('',(-3.169912937996,-16.5366550436));
#2267 = CARTESIAN_POINT('',(-3.295969424827,-16.97803111381));
#2268 = CARTESIAN_POINT('',(-3.346051946847,-17.15339107079));
#2269 = CARTESIAN_POINT('',(-3.39613382113,-17.3287490096));
#2270 = CARTESIAN_POINT('',(-3.446214812814,-17.50410404638));
#2271 = CARTESIAN_POINT('',(-3.496295697183,-17.67945875275));
#2272 = CARTESIAN_POINT('',(-3.546377311585,-17.85481585394));
#2273 = CARTESIAN_POINT('',(-3.596459609341,-18.03017498639));
#2274 = CARTESIAN_POINT('',(-3.692132452191,-18.36516491523));
#2275 = CARTESIAN_POINT('',(-3.737724557644,-18.52480079537));
#2276 = CARTESIAN_POINT('',(-3.783315889518,-18.68443562022));
#2277 = CARTESIAN_POINT('',(-3.828907192914,-18.84406654053));
#2278 = CARTESIAN_POINT('',(-3.874498563357,-19.0036987931));
#2279 = CARTESIAN_POINT('',(-3.920090151001,-19.16333613191));
#2280 = CARTESIAN_POINT('',(-3.965682637054,-19.32297256239));
#2281 = CARTESIAN_POINT('',(-4.101148969214,-19.797292726));
#2282 = CARTESIAN_POINT('',(-4.19104893932,-20.11206718296));
#2283 = CARTESIAN_POINT('',(-4.28093532888,-20.42679774296));
#2284 = CARTESIAN_POINT('',(-4.37080958491,-20.74148709265));
#2285 = CARTESIAN_POINT('',(-4.460684395576,-21.05617763841));
#2286 = CARTESIAN_POINT('',(-4.55057199565,-21.37091184299));
#2287 = CARTESIAN_POINT('',(-4.640472671041,-21.68569092301));
#2288 = CARTESIAN_POINT('',(-4.812940938651,-22.28957197479));
#2289 = CARTESIAN_POINT('',(-4.895553222241,-22.57883051039));
#2290 = CARTESIAN_POINT('',(-4.978157261989,-22.86806004684));
#2291 = CARTESIAN_POINT('',(-5.060752885381,-23.15726043329));
#2292 = CARTESIAN_POINT('',(-5.143348323659,-23.44646063494));
#2293 = CARTESIAN_POINT('',(-5.225951974912,-23.73568991012));
#2294 = CARTESIAN_POINT('',(-5.308564125796,-24.02494904805));
#2295 = CARTESIAN_POINT('',(-5.502634066399,-24.70446770844));
#2296 = CARTESIAN_POINT('',(-5.614186105163,-25.09505720766));
#2297 = CARTESIAN_POINT('',(-5.725696555244,-25.48550071565));
#2298 = CARTESIAN_POINT('',(-5.837173607818,-25.87582672288));
#2299 = CARTESIAN_POINT('',(-5.948650217237,-26.26615142643));
#2300 = CARTESIAN_POINT('',(-6.060159570155,-26.65659171525));
#2301 = CARTESIAN_POINT('',(-6.171710078502,-27.04717663414));
#2302 = CARTESIAN_POINT('',(-6.28318530718,-27.43749793762));
#2303 = ( GEOMETRIC_REPRESENTATION_CONTEXT(2) 
PARAMETRIC_REPRESENTATION_CONTEXT() REPRESENTATION_CONTEXT('2D SPACE',''
  ) );
#2304 = PCURVE('',#2305,#2444);
#2305 = B_SPLINE_SURFACE_WITH_KNOTS('',1,9,(
    (#2306,#2307,#2308,#2309,#2310,#2311,#2312,#2313,#2314,#2315,#2316
      ,#2317,#2318,#2319,#2320,#2321,#2322,#2323,#2324,#2325,#2326,#2327
      ,#2328,#2329,#2330,#2331,#2332,#2333,#2334,#2335,#2336,#2337,#2338
      ,#2339,#2340,#2341,#2342,#2343,#2344,#2345,#2346,#2347,#2348,#2349
      ,#2350,#2351,#2352,#2353,#2354,#2355,#2356,#2357,#2358,#2359,#2360
      ,#2361,#2362,#2363,#2364,#2365,#2366,#2367,#2368,#2369,#2370,#2371
      ,#2372,#2373,#2374)
    ,(#2375,#2376,#2377,#2378,#2379,#2380,#2381,#2382,#2383,#2384,#2385
      ,#2386,#2387,#2388,#2389,#2390,#2391,#2392,#2393,#2394,#2395,#2396
      ,#2397,#2398,#2399,#2400,#2401,#2402,#2403,#2404,#2405,#2406,#2407
      ,#2408,#2409,#2410,#2411,#2412,#2413,#2414,#2415,#2416,#2417,#2418
      ,#2419,#2420,#2421,#2422,#2423,#2424,#2425,#2426,#2427,#2428,#2429
      ,#2430,#2431,#2432,#2433,#2434,#2435,#2436,#2437,#2438,#2439,#2440
      ,#2441,#2442,#2443
    )),.UNSPECIFIED.,.F.,.F.,.F.,(2,2),(10,8,9,8,9,8,9,8,10),(0.,
    12.839003076563),(0.,14.273782104205,28.547564208411,42.821346312616
    ,57.095128416821,71.368910521026,85.642692625232,99.916474729437,
    114.19025683364),.UNSPECIFIED.);
#2306 = CARTESIAN_POINT('',(20.,40.,-146.5));
#2307 = CARTESIAN_POINT('',(20.00004273736,48.7109994544,-144.9753644072
    ));
#2308 = CARTESIAN_POINT('',(15.73155312431,57.421633741263,
    -143.4491824985));
#2309 = CARTESIAN_POINT('',(7.196678757518,63.739781568984,
    -141.926463586));
#2310 = CARTESIAN_POINT('',(-4.049229035992,65.292284041573,
    -140.3985774147));
#2311 = CARTESIAN_POINT('',(-14.87330969905,60.855433071133,
    -138.8760588658));
#2312 = CARTESIAN_POINT('',(-21.79061306882,51.852809939701,
    -137.3496202511));
#2313 = CARTESIAN_POINT('',(-23.43418329149,41.362715930012,
    -135.8251396667));
#2314 = CARTESIAN_POINT('',(-20.3580604848,32.162441618118,
    -134.3000552917));
#2315 = CARTESIAN_POINT('',(-8.1274111156,19.755912057392,-131.25004676)
  );
#2316 = CARTESIAN_POINT('',(1.028010153277,16.54873583105,
    -129.7249623849));
#2317 = CARTESIAN_POINT('',(11.540487180897,18.042458701946,
    -128.2004818008));
#2318 = CARTESIAN_POINT('',(20.640972950089,24.830261261331,
    -126.6740431852));
#2319 = CARTESIAN_POINT('',(25.231894972638,35.590385415024,
    -125.1515246375));
#2320 = CARTESIAN_POINT('',(23.840097874208,46.856710257486,
    -123.6236384655));
#2321 = CARTESIAN_POINT('',(17.644465668099,55.48141597215,
    -122.1009195529));
#2322 = CARTESIAN_POINT('',(8.995651247035,59.873563834673,
    -120.574737645));
#2323 = CARTESIAN_POINT('',(0.285540242284,59.997973534647,
    -119.0501020514));
#2324 = CARTESIAN_POINT('',(-8.424430857968,60.122368993375,
    -117.5251779811));
#2325 = CARTESIAN_POINT('',(-17.19534767431,55.978754083529,
    -115.9994482699));
#2326 = CARTESIAN_POINT('',(-23.63445018206,47.53489927269,
    -114.4761616471));
#2327 = CARTESIAN_POINT('',(-25.34765902394,36.31237859604,
    -112.9488518828));
#2328 = CARTESIAN_POINT('',(-21.06559437647,25.425986998561,
    -111.4258615452));
#2329 = CARTESIAN_POINT('',(-12.16281253196,18.38087406742,
    -109.8997285723));
#2330 = CARTESIAN_POINT('',(-1.697184927587,16.587659719086,
    -108.3750982417));
#2331 = CARTESIAN_POINT('',(7.546053030903,19.532099846546,
    -106.8500629653));
#2332 = CARTESIAN_POINT('',(20.125970475094,31.584342000539,
    -103.8000430945));
#2333 = CARTESIAN_POINT('',(23.463550066029,40.693034102983,
    -102.2749676222));
#2334 = CARTESIAN_POINT('',(22.120097634703,51.225767505509,
    -100.7504758271));
#2335 = CARTESIAN_POINT('',(15.462931818591,60.422253137286,
    -99.22404865369));
#2336 = CARTESIAN_POINT('',(4.769465293329,65.166354900941,
    -97.70152065493));
#2337 = CARTESIAN_POINT('',(-6.515588022617,63.935577754231,
    -96.17364071029));
#2338 = CARTESIAN_POINT('',(-15.22788327274,57.863733167352,
    -94.65091863639));
#2339 = CARTESIAN_POINT('',(-19.74308445999,49.278518288082,
    -93.1247378678));
#2340 = CARTESIAN_POINT('',(-19.99185723488,40.571071818432,
    -91.60010205132));
#2341 = CARTESIAN_POINT('',(-20.24061398683,31.863765093904,
    -90.07517775845));
#2342 = CARTESIAN_POINT('',(-16.22266514362,23.034573705251,
    -88.54944918617));
#2343 = CARTESIAN_POINT('',(-7.871619803236,16.475554277875,
    -87.02615940305));
#2344 = CARTESIAN_POINT('',(3.325295913846,14.602267477287,
    -85.49885586465));
#2345 = CARTESIAN_POINT('',(14.271718693015,18.728444816156,
    -83.97585607757));
#2346 = CARTESIAN_POINT('',(21.443245925716,27.529716823666,
    -82.44973454555));
#2347 = CARTESIAN_POINT('',(23.385715793999,37.968672759742,
    -80.92509300467));
#2348 = CARTESIAN_POINT('',(20.573568791051,47.253012155078,
    -79.40006663075));
#2349 = CARTESIAN_POINT('',(8.702184698492,60.003748319459,
    -76.3500354209));
#2350 = CARTESIAN_POINT('',(-0.35789622815,63.471048245293,
    -74.82500904761));
#2351 = CARTESIAN_POINT('',(-10.90881145218,62.2781554181,
    -73.30036750491));
#2352 = CARTESIAN_POINT('',(-20.19927355316,55.752947221958,
    -71.77424597616));
#2353 = CARTESIAN_POINT('',(-25.09581531532,45.128379375139,
    -70.25124618458));
#2354 = CARTESIAN_POINT('',(-24.026031591,33.826822263735,
    -68.72394265126));
#2355 = CARTESIAN_POINT('',(-18.07948572371,25.028790827732,
    -67.20065286337));
#2356 = CARTESIAN_POINT('',(-9.559403767871,20.391395193294,
    -65.67492429482));
#2357 = CARTESIAN_POINT('',(-0.856535946667,20.018349763608,
    -64.14999999945));
#2358 = CARTESIAN_POINT('',(7.846469439322,19.645242857,-62.62536440849)
  );
#2359 = CARTESIAN_POINT('',(16.73191756028,23.536767613249,
    -61.0991824968));
#2360 = CARTESIAN_POINT('',(23.409789898311,31.793225295191,
    -59.57646358758));
#2361 = CARTESIAN_POINT('',(25.442494180754,42.96232639523,
    -58.04857741371));
#2362 = CARTESIAN_POINT('',(21.473274678027,53.966492207129,
    -56.52605886638));
#2363 = CARTESIAN_POINT('',(12.775157296043,61.263002550437,
    -54.99962025101));
#2364 = CARTESIAN_POINT('',(2.365076672436,63.354321946376,
    -53.47513966674));
#2365 = CARTESIAN_POINT('',(-6.95849698453,60.675039729309,
    -51.95005529171));
#2366 = CARTESIAN_POINT('',(-19.87744324269,48.986943763233,
    -48.90004676001));
#2367 = CARTESIAN_POINT('',(-23.47377429389,39.977275571367,
    -47.37496238504));
#2368 = CARTESIAN_POINT('',(-22.43163761864,29.410472250276,
    -45.85048180054));
#2369 = CARTESIAN_POINT('',(-16.03980744854,20.027636225406,
    -44.32404318604));
#2370 = CARTESIAN_POINT('',(-5.486170066624,14.980104661823,
    -42.80152463615));
#2371 = CARTESIAN_POINT('',(5.829424266262,15.888124194462,
    -41.27363846753));
#2372 = CARTESIAN_POINT('',(14.711556001406,21.708703455302,
    -39.75091955074));
#2373 = CARTESIAN_POINT('',(19.470075142179,30.161481067101,
    -38.22473764673));
#2374 = CARTESIAN_POINT('',(19.967396856161,38.858272577716,
    -36.70010205053));
#2375 = CARTESIAN_POINT('',(7.2,40.,-145.5));
#2376 = CARTESIAN_POINT('',(7.200071228935,43.135884841113,
    -143.974999715));
#2377 = CARTESIAN_POINT('',(5.663261284166,46.271990452161,
    -142.4500006394));
#2378 = CARTESIAN_POINT('',(2.590970166065,48.545979715064,
    -140.9249988551));
#2379 = CARTESIAN_POINT('',(-1.457831873939,49.105624841983,
    -139.4000011131));
#2380 = CARTESIAN_POINT('',(-5.354334527184,47.507684004093,
    -137.8749991714));
#2381 = CARTESIAN_POINT('',(-7.844636648791,44.267150952969,
    -136.3500002972));
#2382 = CARTESIAN_POINT('',(-8.436313149928,40.490563760938,
    -134.8249998907));
#2383 = CARTESIAN_POINT('',(-7.328913973986,37.178484926511,
    -133.2999999567));
#2384 = CARTESIAN_POINT('',(-2.925879609766,32.712124325773,
    -130.2499999634));
#2385 = CARTESIAN_POINT('',(0.370052576591,31.557518947367,
    -128.7250000292));
#2386 = CARTESIAN_POINT('',(4.154681766718,32.095352857112,
    -127.1999996243));
#2387 = CARTESIAN_POINT('',(7.430481051619,34.538685734463,
    -125.6750007458));
#2388 = CARTESIAN_POINT('',(9.083878732382,38.412792759685,
    -124.149998811));
#2389 = CARTESIAN_POINT('',(8.582087605378,42.4681703483,-122.6250010617
    ));
#2390 = CARTESIAN_POINT('',(6.352232988634,45.573448015947,
    -121.0999992826));
#2391 = CARTESIAN_POINT('',(3.238376687488,47.154435807334,
    -119.5750002046));
#2392 = CARTESIAN_POINT('',(0.102812588828,47.199285854579,
    -118.0499999202));
#2393 = CARTESIAN_POINT('',(-3.032752424388,47.244079505174,
    -116.5249998606));
#2394 = CARTESIAN_POINT('',(-6.190481702713,45.752296587713,
    -115.0000004318));
#2395 = CARTESIAN_POINT('',(-8.508111639996,42.712679145137,
    -113.4749990909));
#2396 = CARTESIAN_POINT('',(-9.125512672619,38.672394003751,
    -111.9500008987));
#2397 = CARTESIAN_POINT('',(-7.58337628855,34.753378653618,
    -110.4249993255));
#2398 = CARTESIAN_POINT('',(-4.378732885912,32.21711703921,
    -108.9000002126));
#2399 = CARTESIAN_POINT('',(-0.610980051651,31.571543891138,
    -107.3749999231));
#2400 = CARTESIAN_POINT('',(2.716574334666,32.631544988055,
    -105.8499999507));
#2401 = CARTESIAN_POINT('',(7.245352569591,36.970350903412,
    -102.7999999663));
#2402 = CARTESIAN_POINT('',(8.446904458114,40.249461620476,
    -101.2750000251));
#2403 = CARTESIAN_POINT('',(7.963167890494,44.04138273942,
    -99.74999962896));
#2404 = CARTESIAN_POINT('',(5.566860878799,47.35173979596,-98.2250007416
    ));
#2405 = CARTESIAN_POINT('',(1.716758477294,49.060287293049,
    -96.69999881418));
#2406 = CARTESIAN_POINT('',(-2.345370934651,48.616457232519,-95.17500106
    ));
#2407 = CARTESIAN_POINT('',(-5.482173174705,46.431171101656,
    -93.64999928336));
#2408 = CARTESIAN_POINT('',(-7.107464022593,43.340208188113,
    -92.12500020445));
#2409 = CARTESIAN_POINT('',(-7.197083726597,40.205604174021,
    -90.59999992029));
#2410 = CARTESIAN_POINT('',(-7.286647050182,37.070998527156,
    -89.07499986088));
#2411 = CARTESIAN_POINT('',(-5.840106976528,33.892289092823,
    -87.55000043107));
#2412 = CARTESIAN_POINT('',(-2.833893969896,31.531491910644,
    -86.02499909277));
#2413 = CARTESIAN_POINT('',(1.197163015284,30.85645943481,
    -84.50000089552));
#2414 = CARTESIAN_POINT('',(5.1377997846,32.342478925936,-82.97499932991
    ));
#2415 = CARTESIAN_POINT('',(7.719563354946,35.510576858501,
    -81.45000020794));
#2416 = CARTESIAN_POINT('',(8.418872336417,39.268729283399,
    -79.9249999272));
#2417 = CARTESIAN_POINT('',(7.406494986766,42.611078929689,
    -78.39999994793));
#2418 = CARTESIAN_POINT('',(3.132800146281,47.201353536099,
    -75.34999997231));
#2419 = CARTESIAN_POINT('',(-0.128819134446,48.44959733058,
    -73.82499999277));
#2420 = CARTESIAN_POINT('',(-3.927259837372,48.020085991096,
    -72.29999971355));
#2421 = CARTESIAN_POINT('',(-7.271500075755,45.67123379827,
    -70.77500058753));
#2422 = CARTESIAN_POINT('',(-9.034846710899,41.846013240255,
    -69.24999902849));
#2423 = CARTESIAN_POINT('',(-8.649072047145,37.777847772362,
    -67.72500082424));
#2424 = CARTESIAN_POINT('',(-6.508795662403,34.61027145592,
    -66.19999949089));
#2425 = CARTESIAN_POINT('',(-3.441360161339,32.940920669868,
    -64.67500005886));
#2426 = CARTESIAN_POINT('',(-0.308352940704,32.806605914979,
    -63.14999999999));
#2427 = CARTESIAN_POINT('',(2.824651712621,32.672234846529,
    -61.62499971506));
#2428 = CARTESIAN_POINT('',(6.023696632029,34.073325427591,
    -60.10000063947));
#2429 = CARTESIAN_POINT('',(8.427175925255,37.04541007687,
    -58.57499885503));
#2430 = CARTESIAN_POINT('',(9.159704809405,41.066529581179,
    -57.05000111318));
#2431 = CARTESIAN_POINT('',(7.730104792093,45.027891927195,
    -55.52499917141));
#2432 = CARTESIAN_POINT('',(4.599196556343,47.654690878487,
    -54.00000029726));
#2433 = CARTESIAN_POINT('',(0.85141394786,48.407563657585,
    -52.47499989074));
#2434 = CARTESIAN_POINT('',(-2.505052453432,47.443026236254,
    -50.94999995679));
#2435 = CARTESIAN_POINT('',(-7.155883081434,43.235311524208,
    -47.89999996345));
#2436 = CARTESIAN_POINT('',(-8.45058334276,39.99185136722,
    -46.37500002922));
#2437 = CARTESIAN_POINT('',(-8.075326436655,36.187660825604,
    -44.84999962431));
#2438 = CARTESIAN_POINT('',(-5.774527279967,32.810226926377,
    -43.32500074583));
#2439 = CARTESIAN_POINT('',(-1.974784430265,30.992430621282,
    -41.79999881116));
#2440 = CARTESIAN_POINT('',(2.098362505302,31.320082527648,
    -40.27500106166));
#2441 = CARTESIAN_POINT('',(5.296288648048,33.414902181319,
    -38.7499992827));
#2442 = CARTESIAN_POINT('',(7.00918239538,36.458192912575,-37.2250002046
    ));
#2443 = CARTESIAN_POINT('',(7.18827746085,39.588959384394,
    -35.69999992029));
#2444 = DEFINITIONAL_REPRESENTATION('',(#2445),#2518);
#2445 = B_SPLINE_CURVE_WITH_KNOTS('',8,(#2446,#2447,#2448,#2449,#2450,
    #2451,#2452,#2453,#2454,#2455,#2456,#2457,#2458,#2459,#2460,#2461,
    #2462,#2463,#2464,#2465,#2466,#2467,#2468,#2469,#2470,#2471,#2472,
    #2473,#2474,#2475,#2476,#2477,#2478,#2479,#2480,#2481,#2482,#2483,
    #2484,#2485,#2486,#2487,#2488,#2489,#2490,#2491,#2492,#2493,#2494,
    #2495,#2496,#2497,#2498,#2499,#2500,#2501,#2502,#2503,#2504,#2505,
    #2506,#2507,#2508,#2509,#2510,#2511,#2512,#2513,#2514,#2515,#2516,
    #2517),.UNSPECIFIED.,.F.,.F.,(9,7,7,7,7,7,7,7,7,7,9),(0.,
    0.124103952183,0.232870923774,0.331061354343,0.419859588814,
    0.516604417495,0.580375956196,0.638430887582,0.752875434574,
    0.858050334251,1.),.UNSPECIFIED.);
#2446 = CARTESIAN_POINT('',(12.036565384278,0.));
#2447 = CARTESIAN_POINT('',(12.036580972299,0.354899299107));
#2448 = CARTESIAN_POINT('',(12.036579078857,0.709934571967));
#2449 = CARTESIAN_POINT('',(12.036579314597,1.064898380335));
#2450 = CARTESIAN_POINT('',(12.036577643511,1.41979936164));
#2451 = CARTESIAN_POINT('',(12.036573947197,1.774702470538));
#2452 = CARTESIAN_POINT('',(12.036571808079,2.129672580106));
#2453 = CARTESIAN_POINT('',(12.036570744835,2.484715553462));
#2454 = CARTESIAN_POINT('',(12.036571473667,3.150647660763));
#2455 = CARTESIAN_POINT('',(12.0365728675,3.461761858229));
#2456 = CARTESIAN_POINT('',(12.036575268156,3.772840148725));
#2457 = CARTESIAN_POINT('',(12.036578065641,4.083882469018));
#2458 = CARTESIAN_POINT('',(12.036580243748,4.394924065649));
#2459 = CARTESIAN_POINT('',(12.036581084681,4.70600079866));
#2460 = CARTESIAN_POINT('',(12.03658065672,5.017114469541));
#2461 = CARTESIAN_POINT('',(12.036578114189,5.608949693279));
#2462 = CARTESIAN_POINT('',(12.036576170636,5.889789159578));
#2463 = CARTESIAN_POINT('',(12.036573764288,6.170606868131));
#2464 = CARTESIAN_POINT('',(12.036571433713,6.451402333277));
#2465 = CARTESIAN_POINT('',(12.036569784826,6.732197530336));
#2466 = CARTESIAN_POINT('',(12.036569175726,7.01301453019));
#2467 = CARTESIAN_POINT('',(12.03656954074,7.293853094282));
#2468 = CARTESIAN_POINT('',(12.036571579417,7.828582249835));
#2469 = CARTESIAN_POINT('',(12.03657311922,8.082543716843));
#2470 = CARTESIAN_POINT('',(12.036575049772,8.336493347601));
#2471 = CARTESIAN_POINT('',(12.036576977773,8.590428417479));
#2472 = CARTESIAN_POINT('',(12.036578502356,8.844363762156));
#2473 = CARTESIAN_POINT('',(12.036579356023,9.098313974112));
#2474 = CARTESIAN_POINT('',(12.03657948173,9.352275609231));
#2475 = CARTESIAN_POINT('',(12.036578571475,9.882867848051));
#2476 = CARTESIAN_POINT('',(12.03657742523,10.159569258201));
#2477 = CARTESIAN_POINT('',(12.036575799045,10.43625080331));
#2478 = CARTESIAN_POINT('',(12.036574124612,10.71291107));
#2479 = CARTESIAN_POINT('',(12.036572996999,10.98957019023));
#2480 = CARTESIAN_POINT('',(12.036572731204,11.266248906659));
#2481 = CARTESIAN_POINT('',(12.036573085152,11.542947565625));
#2482 = CARTESIAN_POINT('',(12.036574076103,12.001971701572));
#2483 = CARTESIAN_POINT('',(12.036574571878,12.18434328956));
#2484 = CARTESIAN_POINT('',(12.036575076184,12.36671278766));
#2485 = CARTESIAN_POINT('',(12.036575427273,12.549079284084));
#2486 = CARTESIAN_POINT('',(12.036575507764,12.731445453638));
#2487 = CARTESIAN_POINT('',(12.03657530889,12.913814119809));
#2488 = CARTESIAN_POINT('',(12.036574946389,13.096184884898));
#2489 = CARTESIAN_POINT('',(12.036574338282,13.444569126342));
#2490 = CARTESIAN_POINT('',(12.036574265092,13.610587857217));
#2491 = CARTESIAN_POINT('',(12.036573630566,13.7766056159));
#2492 = CARTESIAN_POINT('',(12.03657428703,13.942619008347));
#2493 = CARTESIAN_POINT('',(12.036575520364,14.108633788307));
#2494 = CARTESIAN_POINT('',(12.036575596914,14.274654173418));
#2495 = CARTESIAN_POINT('',(12.036574766101,14.440673493722));
#2496 = CARTESIAN_POINT('',(12.036573769834,14.933958797097));
#2497 = CARTESIAN_POINT('',(12.036573893913,15.26131907902));
#2498 = CARTESIAN_POINT('',(12.036576090148,15.588633726475));
#2499 = CARTESIAN_POINT('',(12.036576063766,15.915905802358));
#2500 = CARTESIAN_POINT('',(12.036574085268,16.243179290558));
#2501 = CARTESIAN_POINT('',(12.036572711896,16.57049809682));
#2502 = CARTESIAN_POINT('',(12.036572032553,16.897863461224));
#2503 = CARTESIAN_POINT('',(12.03657270944,17.525890144258));
#2504 = CARTESIAN_POINT('',(12.036573864998,17.826714310318));
#2505 = CARTESIAN_POINT('',(12.036575923409,18.127508209638));
#2506 = CARTESIAN_POINT('',(12.036578375842,18.42827174846));
#2507 = CARTESIAN_POINT('',(12.036580283779,18.729035151697));
#2508 = CARTESIAN_POINT('',(12.036580964023,19.029828919749));
#2509 = CARTESIAN_POINT('',(12.036580469039,19.330653871543));
#2510 = CARTESIAN_POINT('',(12.036577307695,20.037342807392));
#2511 = CARTESIAN_POINT('',(12.036573959333,20.443550038359));
#2512 = CARTESIAN_POINT('',(12.036569843056,20.849605532102));
#2513 = CARTESIAN_POINT('',(12.036567221681,21.255538692117));
#2514 = CARTESIAN_POINT('',(12.036567925022,21.661470141071));
#2515 = CARTESIAN_POINT('',(12.036571179977,22.067521494101));
#2516 = CARTESIAN_POINT('',(12.036574472508,22.473723198001));
#2517 = CARTESIAN_POINT('',(12.03657687174,22.879650824262));
#2518 = ( GEOMETRIC_REPRESENTATION_CONTEXT(2) 
PARAMETRIC_REPRESENTATION_CONTEXT() REPRESENTATION_CONTEXT('2D SPACE',''
  ) );
#2519 = ORIENTED_EDGE('',*,*,#447,.T.);
#2520 = ORIENTED_EDGE('',*,*,#1604,.T.);
#2521 = ORIENTED_EDGE('',*,*,#2522,.F.);
#2522 = EDGE_CURVE('',#2152,#1328,#2523,.T.);
#2523 = SURFACE_CURVE('',#2524,(#2528,#2535),.PCURVE_S1.);
#2524 = LINE('',#2525,#2526);
#2525 = CARTESIAN_POINT('',(8.,40.,-151.));
#2526 = VECTOR('',#2527,1.);
#2527 = DIRECTION('',(0.,0.,1.));
#2528 = PCURVE('',#463,#2529);
#2529 = DEFINITIONAL_REPRESENTATION('',(#2530),#2534);
#2530 = LINE('',#2531,#2532);
#2531 = CARTESIAN_POINT('',(-6.28318530718,0.));
#2532 = VECTOR('',#2533,1.);
#2533 = DIRECTION('',(-0.,-1.));
#2534 = ( GEOMETRIC_REPRESENTATION_CONTEXT(2) 
PARAMETRIC_REPRESENTATION_CONTEXT() REPRESENTATION_CONTEXT('2D SPACE',''
  ) );
#2535 = PCURVE('',#1509,#2536);
#2536 = DEFINITIONAL_REPRESENTATION('',(#2537),#2541);
#2537 = LINE('',#2538,#2539);
#2538 = CARTESIAN_POINT('',(-0.,0.));
#2539 = VECTOR('',#2540,1.);
#2540 = DIRECTION('',(-0.,-1.));
#2541 = ( GEOMETRIC_REPRESENTATION_CONTEXT(2) 
PARAMETRIC_REPRESENTATION_CONTEXT() REPRESENTATION_CONTEXT('2D SPACE',''
  ) );
#2542 = ADVANCED_FACE('',(#2543),#489,.T.);
#2543 = FACE_BOUND('',#2544,.T.);
#2544 = EDGE_LOOP('',(#2545,#2546,#2547,#2568));
#2545 = ORIENTED_EDGE('',*,*,#475,.F.);
#2546 = ORIENTED_EDGE('',*,*,#1875,.T.);
#2547 = ORIENTED_EDGE('',*,*,#2548,.T.);
#2548 = EDGE_CURVE('',#1876,#2549,#2551,.T.);
#2549 = VERTEX_POINT('',#2550);
#2550 = CARTESIAN_POINT('',(20.,40.,-146.5));
#2551 = SURFACE_CURVE('',#2552,(#2555,#2561),.PCURVE_S1.);
#2552 = B_SPLINE_CURVE_WITH_KNOTS('',1,(#2553,#2554),.UNSPECIFIED.,.F.,
  .F.,(2,2),(0.,3.),.PIECEWISE_BEZIER_KNOTS.);
#2553 = CARTESIAN_POINT('',(20.,40.,-149.5));
#2554 = CARTESIAN_POINT('',(20.,40.,-146.5));
#2555 = PCURVE('',#489,#2556);
#2556 = DEFINITIONAL_REPRESENTATION('',(#2557),#2560);
#2557 = B_SPLINE_CURVE_WITH_KNOTS('',1,(#2558,#2559),.UNSPECIFIED.,.F.,
  .F.,(2,2),(0.,3.),.PIECEWISE_BEZIER_KNOTS.);
#2558 = CARTESIAN_POINT('',(1.5,6.78007000598));
#2559 = CARTESIAN_POINT('',(-1.5,6.78007000598));
#2560 = ( GEOMETRIC_REPRESENTATION_CONTEXT(2) 
PARAMETRIC_REPRESENTATION_CONTEXT() REPRESENTATION_CONTEXT('2D SPACE',''
  ) );
#2561 = PCURVE('',#1978,#2562);
#2562 = DEFINITIONAL_REPRESENTATION('',(#2563),#2567);
#2563 = LINE('',#2564,#2565);
#2564 = CARTESIAN_POINT('',(0.,0.));
#2565 = VECTOR('',#2566,1.);
#2566 = DIRECTION('',(1.,0.));
#2567 = ( GEOMETRIC_REPRESENTATION_CONTEXT(2) 
PARAMETRIC_REPRESENTATION_CONTEXT() REPRESENTATION_CONTEXT('2D SPACE',''
  ) );
#2568 = ORIENTED_EDGE('',*,*,#2569,.T.);
#2569 = EDGE_CURVE('',#2549,#448,#2570,.T.);
#2570 = SURFACE_CURVE('',#2571,(#2574,#2580),.PCURVE_S1.);
#2571 = B_SPLINE_CURVE_WITH_KNOTS('',1,(#2572,#2573),.UNSPECIFIED.,.F.,
  .F.,(2,2),(0.,12.839003076563),.PIECEWISE_BEZIER_KNOTS.);
#2572 = CARTESIAN_POINT('',(20.,40.,-146.5));
#2573 = CARTESIAN_POINT('',(7.2,40.,-145.5));
#2574 = PCURVE('',#489,#2575);
#2575 = DEFINITIONAL_REPRESENTATION('',(#2576),#2579);
#2576 = B_SPLINE_CURVE_WITH_KNOTS('',1,(#2577,#2578),.UNSPECIFIED.,.F.,
  .F.,(2,2),(0.,12.839003076563),.PIECEWISE_BEZIER_KNOTS.);
#2577 = CARTESIAN_POINT('',(-1.5,6.78007000598));
#2578 = CARTESIAN_POINT('',(-2.5,-6.01992999402));
#2579 = ( GEOMETRIC_REPRESENTATION_CONTEXT(2) 
PARAMETRIC_REPRESENTATION_CONTEXT() REPRESENTATION_CONTEXT('2D SPACE',''
  ) );
#2580 = PCURVE('',#2305,#2581);
#2581 = DEFINITIONAL_REPRESENTATION('',(#2582),#2586);
#2582 = LINE('',#2583,#2584);
#2583 = CARTESIAN_POINT('',(0.,0.));
#2584 = VECTOR('',#2585,1.);
#2585 = DIRECTION('',(1.,0.));
#2586 = ( GEOMETRIC_REPRESENTATION_CONTEXT(2) 
PARAMETRIC_REPRESENTATION_CONTEXT() REPRESENTATION_CONTEXT('2D SPACE',''
  ) );
#2587 = ADVANCED_FACE('',(#2588),#525,.T.);
#2588 = FACE_BOUND('',#2589,.T.);
#2589 = EDGE_LOOP('',(#2590,#2591,#2614,#2640));
#2590 = ORIENTED_EDGE('',*,*,#508,.T.);
#2591 = ORIENTED_EDGE('',*,*,#2592,.T.);
#2592 = EDGE_CURVE('',#511,#2593,#2595,.T.);
#2593 = VERTEX_POINT('',#2594);
#2594 = CARTESIAN_POINT('',(4.15,35.85,-38.));
#2595 = SURFACE_CURVE('',#2596,(#2600,#2607),.PCURVE_S1.);
#2596 = LINE('',#2597,#2598);
#2597 = CARTESIAN_POINT('',(4.15,35.85,-153.));
#2598 = VECTOR('',#2599,1.);
#2599 = DIRECTION('',(0.,0.,1.));
#2600 = PCURVE('',#525,#2601);
#2601 = DEFINITIONAL_REPRESENTATION('',(#2602),#2606);
#2602 = LINE('',#2603,#2604);
#2603 = CARTESIAN_POINT('',(0.,0.));
#2604 = VECTOR('',#2605,1.);
#2605 = DIRECTION('',(0.,-1.));
#2606 = ( GEOMETRIC_REPRESENTATION_CONTEXT(2) 
PARAMETRIC_REPRESENTATION_CONTEXT() REPRESENTATION_CONTEXT('2D SPACE',''
  ) );
#2607 = PCURVE('',#551,#2608);
#2608 = DEFINITIONAL_REPRESENTATION('',(#2609),#2613);
#2609 = LINE('',#2610,#2611);
#2610 = CARTESIAN_POINT('',(8.3,0.));
#2611 = VECTOR('',#2612,1.);
#2612 = DIRECTION('',(0.,-1.));
#2613 = ( GEOMETRIC_REPRESENTATION_CONTEXT(2) 
PARAMETRIC_REPRESENTATION_CONTEXT() REPRESENTATION_CONTEXT('2D SPACE',''
  ) );
#2614 = ORIENTED_EDGE('',*,*,#2615,.F.);
#2615 = EDGE_CURVE('',#2616,#2593,#2618,.T.);
#2616 = VERTEX_POINT('',#2617);
#2617 = CARTESIAN_POINT('',(4.15,44.15,-38.));
#2618 = SURFACE_CURVE('',#2619,(#2623,#2629),.PCURVE_S1.);
#2619 = LINE('',#2620,#2621);
#2620 = CARTESIAN_POINT('',(4.15,37.925,-38.));
#2621 = VECTOR('',#2622,1.);
#2622 = DIRECTION('',(0.,-1.,0.));
#2623 = PCURVE('',#525,#2624);
#2624 = DEFINITIONAL_REPRESENTATION('',(#2625),#2628);
#2625 = B_SPLINE_CURVE_WITH_KNOTS('',1,(#2626,#2627),.UNSPECIFIED.,.F.,
  .F.,(2,2),(-6.225,2.075),.PIECEWISE_BEZIER_KNOTS.);
#2626 = CARTESIAN_POINT('',(8.3,-115.));
#2627 = CARTESIAN_POINT('',(0.,-115.));
#2628 = ( GEOMETRIC_REPRESENTATION_CONTEXT(2) 
PARAMETRIC_REPRESENTATION_CONTEXT() REPRESENTATION_CONTEXT('2D SPACE',''
  ) );
#2629 = PCURVE('',#2630,#2635);
#2630 = PLANE('',#2631);
#2631 = AXIS2_PLACEMENT_3D('',#2632,#2633,#2634);
#2632 = CARTESIAN_POINT('',(-1.953485903628E-16,40.,-38.));
#2633 = DIRECTION('',(0.,0.,1.));
#2634 = DIRECTION('',(1.,0.,-0.));
#2635 = DEFINITIONAL_REPRESENTATION('',(#2636),#2639);
#2636 = B_SPLINE_CURVE_WITH_KNOTS('',1,(#2637,#2638),.UNSPECIFIED.,.F.,
  .F.,(2,2),(-6.225,2.075),.PIECEWISE_BEZIER_KNOTS.);
#2637 = CARTESIAN_POINT('',(4.15,4.15));
#2638 = CARTESIAN_POINT('',(4.15,-4.15));
#2639 = ( GEOMETRIC_REPRESENTATION_CONTEXT(2) 
PARAMETRIC_REPRESENTATION_CONTEXT() REPRESENTATION_CONTEXT('2D SPACE',''
  ) );
#2640 = ORIENTED_EDGE('',*,*,#2641,.F.);
#2641 = EDGE_CURVE('',#509,#2616,#2642,.T.);
#2642 = SURFACE_CURVE('',#2643,(#2647,#2654),.PCURVE_S1.);
#2643 = LINE('',#2644,#2645);
#2644 = CARTESIAN_POINT('',(4.15,44.15,-153.));
#2645 = VECTOR('',#2646,1.);
#2646 = DIRECTION('',(0.,0.,1.));
#2647 = PCURVE('',#525,#2648);
#2648 = DEFINITIONAL_REPRESENTATION('',(#2649),#2653);
#2649 = LINE('',#2650,#2651);
#2650 = CARTESIAN_POINT('',(8.3,0.));
#2651 = VECTOR('',#2652,1.);
#2652 = DIRECTION('',(0.,-1.));
#2653 = ( GEOMETRIC_REPRESENTATION_CONTEXT(2) 
PARAMETRIC_REPRESENTATION_CONTEXT() REPRESENTATION_CONTEXT('2D SPACE',''
  ) );
#2654 = PCURVE('',#601,#2655);
#2655 = DEFINITIONAL_REPRESENTATION('',(#2656),#2660);
#2656 = LINE('',#2657,#2658);
#2657 = CARTESIAN_POINT('',(0.,-0.));
#2658 = VECTOR('',#2659,1.);
#2659 = DIRECTION('',(0.,-1.));
#2660 = ( GEOMETRIC_REPRESENTATION_CONTEXT(2) 
PARAMETRIC_REPRESENTATION_CONTEXT() REPRESENTATION_CONTEXT('2D SPACE',''
  ) );
#2661 = ADVANCED_FACE('',(#2662),#601,.T.);
#2662 = FACE_BOUND('',#2663,.T.);
#2663 = EDGE_LOOP('',(#2664,#2665,#2666,#2687));
#2664 = ORIENTED_EDGE('',*,*,#588,.T.);
#2665 = ORIENTED_EDGE('',*,*,#2641,.T.);
#2666 = ORIENTED_EDGE('',*,*,#2667,.F.);
#2667 = EDGE_CURVE('',#2668,#2616,#2670,.T.);
#2668 = VERTEX_POINT('',#2669);
#2669 = CARTESIAN_POINT('',(-4.15,44.15,-38.));
#2670 = SURFACE_CURVE('',#2671,(#2675,#2681),.PCURVE_S1.);
#2671 = LINE('',#2672,#2673);
#2672 = CARTESIAN_POINT('',(2.075,44.15,-38.));
#2673 = VECTOR('',#2674,1.);
#2674 = DIRECTION('',(1.,0.,-0.));
#2675 = PCURVE('',#601,#2676);
#2676 = DEFINITIONAL_REPRESENTATION('',(#2677),#2680);
#2677 = B_SPLINE_CURVE_WITH_KNOTS('',1,(#2678,#2679),.UNSPECIFIED.,.F.,
  .F.,(2,2),(-6.225,2.075),.PIECEWISE_BEZIER_KNOTS.);
#2678 = CARTESIAN_POINT('',(8.3,-115.));
#2679 = CARTESIAN_POINT('',(0.,-115.));
#2680 = ( GEOMETRIC_REPRESENTATION_CONTEXT(2) 
PARAMETRIC_REPRESENTATION_CONTEXT() REPRESENTATION_CONTEXT('2D SPACE',''
  ) );
#2681 = PCURVE('',#2630,#2682);
#2682 = DEFINITIONAL_REPRESENTATION('',(#2683),#2686);
#2683 = B_SPLINE_CURVE_WITH_KNOTS('',1,(#2684,#2685),.UNSPECIFIED.,.F.,
  .F.,(2,2),(-6.225,2.075),.PIECEWISE_BEZIER_KNOTS.);
#2684 = CARTESIAN_POINT('',(-4.15,4.15));
#2685 = CARTESIAN_POINT('',(4.15,4.15));
#2686 = ( GEOMETRIC_REPRESENTATION_CONTEXT(2) 
PARAMETRIC_REPRESENTATION_CONTEXT() REPRESENTATION_CONTEXT('2D SPACE',''
  ) );
#2687 = ORIENTED_EDGE('',*,*,#2688,.F.);
#2688 = EDGE_CURVE('',#563,#2668,#2689,.T.);
#2689 = SURFACE_CURVE('',#2690,(#2694,#2701),.PCURVE_S1.);
#2690 = LINE('',#2691,#2692);
#2691 = CARTESIAN_POINT('',(-4.15,44.15,-153.));
#2692 = VECTOR('',#2693,1.);
#2693 = DIRECTION('',(0.,0.,1.));
#2694 = PCURVE('',#601,#2695);
#2695 = DEFINITIONAL_REPRESENTATION('',(#2696),#2700);
#2696 = LINE('',#2697,#2698);
#2697 = CARTESIAN_POINT('',(8.3,0.));
#2698 = VECTOR('',#2699,1.);
#2699 = DIRECTION('',(0.,-1.));
#2700 = ( GEOMETRIC_REPRESENTATION_CONTEXT(2) 
PARAMETRIC_REPRESENTATION_CONTEXT() REPRESENTATION_CONTEXT('2D SPACE',''
  ) );
#2701 = PCURVE('',#577,#2702);
#2702 = DEFINITIONAL_REPRESENTATION('',(#2703),#2707);
#2703 = LINE('',#2704,#2705);
#2704 = CARTESIAN_POINT('',(0.,0.));
#2705 = VECTOR('',#2706,1.);
#2706 = DIRECTION('',(0.,-1.));
#2707 = ( GEOMETRIC_REPRESENTATION_CONTEXT(2) 
PARAMETRIC_REPRESENTATION_CONTEXT() REPRESENTATION_CONTEXT('2D SPACE',''
  ) );
#2708 = ADVANCED_FACE('',(#2709),#577,.T.);
#2709 = FACE_BOUND('',#2710,.T.);
#2710 = EDGE_LOOP('',(#2711,#2712,#2713,#2734));
#2711 = ORIENTED_EDGE('',*,*,#562,.T.);
#2712 = ORIENTED_EDGE('',*,*,#2688,.T.);
#2713 = ORIENTED_EDGE('',*,*,#2714,.F.);
#2714 = EDGE_CURVE('',#2715,#2668,#2717,.T.);
#2715 = VERTEX_POINT('',#2716);
#2716 = CARTESIAN_POINT('',(-4.15,35.85,-38.));
#2717 = SURFACE_CURVE('',#2718,(#2722,#2728),.PCURVE_S1.);
#2718 = LINE('',#2719,#2720);
#2719 = CARTESIAN_POINT('',(-4.15,42.075,-38.));
#2720 = VECTOR('',#2721,1.);
#2721 = DIRECTION('',(-0.,1.,0.));
#2722 = PCURVE('',#577,#2723);
#2723 = DEFINITIONAL_REPRESENTATION('',(#2724),#2727);
#2724 = B_SPLINE_CURVE_WITH_KNOTS('',1,(#2725,#2726),.UNSPECIFIED.,.F.,
  .F.,(2,2),(-6.225,2.075),.PIECEWISE_BEZIER_KNOTS.);
#2725 = CARTESIAN_POINT('',(8.3,-115.));
#2726 = CARTESIAN_POINT('',(0.,-115.));
#2727 = ( GEOMETRIC_REPRESENTATION_CONTEXT(2) 
PARAMETRIC_REPRESENTATION_CONTEXT() REPRESENTATION_CONTEXT('2D SPACE',''
  ) );
#2728 = PCURVE('',#2630,#2729);
#2729 = DEFINITIONAL_REPRESENTATION('',(#2730),#2733);
#2730 = B_SPLINE_CURVE_WITH_KNOTS('',1,(#2731,#2732),.UNSPECIFIED.,.F.,
  .F.,(2,2),(-6.225,2.075),.PIECEWISE_BEZIER_KNOTS.);
#2731 = CARTESIAN_POINT('',(-4.15,-4.15));
#2732 = CARTESIAN_POINT('',(-4.15,4.15));
#2733 = ( GEOMETRIC_REPRESENTATION_CONTEXT(2) 
PARAMETRIC_REPRESENTATION_CONTEXT() REPRESENTATION_CONTEXT('2D SPACE',''
  ) );
#2734 = ORIENTED_EDGE('',*,*,#2735,.F.);
#2735 = EDGE_CURVE('',#537,#2715,#2736,.T.);
#2736 = SURFACE_CURVE('',#2737,(#2741,#2748),.PCURVE_S1.);
#2737 = LINE('',#2738,#2739);
#2738 = CARTESIAN_POINT('',(-4.15,35.85,-153.));
#2739 = VECTOR('',#2740,1.);
#2740 = DIRECTION('',(0.,0.,1.));
#2741 = PCURVE('',#577,#2742);
#2742 = DEFINITIONAL_REPRESENTATION('',(#2743),#2747);
#2743 = LINE('',#2744,#2745);
#2744 = CARTESIAN_POINT('',(8.3,0.));
#2745 = VECTOR('',#2746,1.);
#2746 = DIRECTION('',(0.,-1.));
#2747 = ( GEOMETRIC_REPRESENTATION_CONTEXT(2) 
PARAMETRIC_REPRESENTATION_CONTEXT() REPRESENTATION_CONTEXT('2D SPACE',''
  ) );
#2748 = PCURVE('',#551,#2749);
#2749 = DEFINITIONAL_REPRESENTATION('',(#2750),#2754);
#2750 = LINE('',#2751,#2752);
#2751 = CARTESIAN_POINT('',(0.,0.));
#2752 = VECTOR('',#2753,1.);
#2753 = DIRECTION('',(0.,-1.));
#2754 = ( GEOMETRIC_REPRESENTATION_CONTEXT(2) 
PARAMETRIC_REPRESENTATION_CONTEXT() REPRESENTATION_CONTEXT('2D SPACE',''
  ) );
#2755 = ADVANCED_FACE('',(#2756),#551,.T.);
#2756 = FACE_BOUND('',#2757,.T.);
#2757 = EDGE_LOOP('',(#2758,#2759,#2760,#2779));
#2758 = ORIENTED_EDGE('',*,*,#536,.T.);
#2759 = ORIENTED_EDGE('',*,*,#2735,.T.);
#2760 = ORIENTED_EDGE('',*,*,#2761,.F.);
#2761 = EDGE_CURVE('',#2593,#2715,#2762,.T.);
#2762 = SURFACE_CURVE('',#2763,(#2767,#2773),.PCURVE_S1.);
#2763 = LINE('',#2764,#2765);
#2764 = CARTESIAN_POINT('',(-2.075,35.85,-38.));
#2765 = VECTOR('',#2766,1.);
#2766 = DIRECTION('',(-1.,0.,0.));
#2767 = PCURVE('',#551,#2768);
#2768 = DEFINITIONAL_REPRESENTATION('',(#2769),#2772);
#2769 = B_SPLINE_CURVE_WITH_KNOTS('',1,(#2770,#2771),.UNSPECIFIED.,.F.,
  .F.,(2,2),(-6.225,2.075),.PIECEWISE_BEZIER_KNOTS.);
#2770 = CARTESIAN_POINT('',(8.3,-115.));
#2771 = CARTESIAN_POINT('',(0.,-115.));
#2772 = ( GEOMETRIC_REPRESENTATION_CONTEXT(2) 
PARAMETRIC_REPRESENTATION_CONTEXT() REPRESENTATION_CONTEXT('2D SPACE',''
  ) );
#2773 = PCURVE('',#2630,#2774);
#2774 = DEFINITIONAL_REPRESENTATION('',(#2775),#2778);
#2775 = B_SPLINE_CURVE_WITH_KNOTS('',1,(#2776,#2777),.UNSPECIFIED.,.F.,
  .F.,(2,2),(-6.225,2.075),.PIECEWISE_BEZIER_KNOTS.);
#2776 = CARTESIAN_POINT('',(4.15,-4.15));
#2777 = CARTESIAN_POINT('',(-4.15,-4.15));
#2778 = ( GEOMETRIC_REPRESENTATION_CONTEXT(2) 
PARAMETRIC_REPRESENTATION_CONTEXT() REPRESENTATION_CONTEXT('2D SPACE',''
  ) );
#2779 = ORIENTED_EDGE('',*,*,#2592,.F.);
#2780 = ADVANCED_FACE('',(#2781),#699,.F.);
#2781 = FACE_BOUND('',#2782,.F.);
#2782 = EDGE_LOOP('',(#2783,#2874,#2982,#2983));
#2783 = ORIENTED_EDGE('',*,*,#2784,.F.);
#2784 = EDGE_CURVE('',#2785,#2787,#2789,.T.);
#2785 = VERTEX_POINT('',#2786);
#2786 = CARTESIAN_POINT('',(-2.116511564787E-06,32.799987773647,-41.));
#2787 = VERTEX_POINT('',#2788);
#2788 = CARTESIAN_POINT('',(7.18827746085,39.588959384394,
    -35.69999992029));
#2789 = SURFACE_CURVE('',#2790,(#2860,#2867),.PCURVE_S1.);
#2790 = B_SPLINE_CURVE_WITH_KNOTS('',9,(#2791,#2792,#2793,#2794,#2795,
    #2796,#2797,#2798,#2799,#2800,#2801,#2802,#2803,#2804,#2805,#2806,
    #2807,#2808,#2809,#2810,#2811,#2812,#2813,#2814,#2815,#2816,#2817,
    #2818,#2819,#2820,#2821,#2822,#2823,#2824,#2825,#2826,#2827,#2828,
    #2829,#2830,#2831,#2832,#2833,#2834,#2835,#2836,#2837,#2838,#2839,
    #2840,#2841,#2842,#2843,#2844,#2845,#2846,#2847,#2848,#2849,#2850,
    #2851,#2852,#2853,#2854,#2855,#2856,#2857,#2858,#2859),
  .UNSPECIFIED.,.F.,.F.,(10,8,9,8,9,8,9,8,10),(0.,14.273782104205,
    28.547564208411,42.821346312616,57.095128416821,71.368910521026,
    85.642692625232,99.916474729437,114.19025683364),.UNSPECIFIED.);
#2791 = CARTESIAN_POINT('',(7.2,40.,-145.5));
#2792 = CARTESIAN_POINT('',(7.200071228935,43.135884841113,
    -143.974999715));
#2793 = CARTESIAN_POINT('',(5.663261284166,46.271990452161,
    -142.4500006394));
#2794 = CARTESIAN_POINT('',(2.590970166065,48.545979715064,
    -140.9249988551));
#2795 = CARTESIAN_POINT('',(-1.457831873939,49.105624841983,
    -139.4000011131));
#2796 = CARTESIAN_POINT('',(-5.354334527184,47.507684004093,
    -137.8749991714));
#2797 = CARTESIAN_POINT('',(-7.844636648791,44.267150952969,
    -136.3500002972));
#2798 = CARTESIAN_POINT('',(-8.436313149928,40.490563760938,
    -134.8249998907));
#2799 = CARTESIAN_POINT('',(-7.328913973986,37.178484926511,
    -133.2999999567));
#2800 = CARTESIAN_POINT('',(-2.925879609766,32.712124325773,
    -130.2499999634));
#2801 = CARTESIAN_POINT('',(0.370052576591,31.557518947367,
    -128.7250000292));
#2802 = CARTESIAN_POINT('',(4.154681766718,32.095352857112,
    -127.1999996243));
#2803 = CARTESIAN_POINT('',(7.430481051619,34.538685734463,
    -125.6750007458));
#2804 = CARTESIAN_POINT('',(9.083878732382,38.412792759685,
    -124.149998811));
#2805 = CARTESIAN_POINT('',(8.582087605378,42.4681703483,-122.6250010617
    ));
#2806 = CARTESIAN_POINT('',(6.352232988634,45.573448015947,
    -121.0999992826));
#2807 = CARTESIAN_POINT('',(3.238376687488,47.154435807334,
    -119.5750002046));
#2808 = CARTESIAN_POINT('',(0.102812588828,47.199285854579,
    -118.0499999202));
#2809 = CARTESIAN_POINT('',(-3.032752424388,47.244079505174,
    -116.5249998606));
#2810 = CARTESIAN_POINT('',(-6.190481702713,45.752296587713,
    -115.0000004318));
#2811 = CARTESIAN_POINT('',(-8.508111639996,42.712679145137,
    -113.4749990909));
#2812 = CARTESIAN_POINT('',(-9.125512672619,38.672394003751,
    -111.9500008987));
#2813 = CARTESIAN_POINT('',(-7.58337628855,34.753378653618,
    -110.4249993255));
#2814 = CARTESIAN_POINT('',(-4.378732885912,32.21711703921,
    -108.9000002126));
#2815 = CARTESIAN_POINT('',(-0.610980051651,31.571543891138,
    -107.3749999231));
#2816 = CARTESIAN_POINT('',(2.716574334666,32.631544988055,
    -105.8499999507));
#2817 = CARTESIAN_POINT('',(7.245352569591,36.970350903412,
    -102.7999999663));
#2818 = CARTESIAN_POINT('',(8.446904458114,40.249461620476,
    -101.2750000251));
#2819 = CARTESIAN_POINT('',(7.963167890494,44.04138273942,
    -99.74999962896));
#2820 = CARTESIAN_POINT('',(5.566860878799,47.35173979596,-98.2250007416
    ));
#2821 = CARTESIAN_POINT('',(1.716758477294,49.060287293049,
    -96.69999881418));
#2822 = CARTESIAN_POINT('',(-2.345370934651,48.616457232519,-95.17500106
    ));
#2823 = CARTESIAN_POINT('',(-5.482173174705,46.431171101656,
    -93.64999928336));
#2824 = CARTESIAN_POINT('',(-7.107464022593,43.340208188113,
    -92.12500020445));
#2825 = CARTESIAN_POINT('',(-7.197083726597,40.205604174021,
    -90.59999992029));
#2826 = CARTESIAN_POINT('',(-7.286647050182,37.070998527156,
    -89.07499986088));
#2827 = CARTESIAN_POINT('',(-5.840106976528,33.892289092823,
    -87.55000043107));
#2828 = CARTESIAN_POINT('',(-2.833893969896,31.531491910644,
    -86.02499909277));
#2829 = CARTESIAN_POINT('',(1.197163015284,30.85645943481,
    -84.50000089552));
#2830 = CARTESIAN_POINT('',(5.1377997846,32.342478925936,-82.97499932991
    ));
#2831 = CARTESIAN_POINT('',(7.719563354946,35.510576858501,
    -81.45000020794));
#2832 = CARTESIAN_POINT('',(8.418872336417,39.268729283399,
    -79.9249999272));
#2833 = CARTESIAN_POINT('',(7.406494986766,42.611078929689,
    -78.39999994793));
#2834 = CARTESIAN_POINT('',(3.132800146281,47.201353536099,
    -75.34999997231));
#2835 = CARTESIAN_POINT('',(-0.128819134446,48.44959733058,
    -73.82499999277));
#2836 = CARTESIAN_POINT('',(-3.927259837372,48.020085991096,
    -72.29999971355));
#2837 = CARTESIAN_POINT('',(-7.271500075755,45.67123379827,
    -70.77500058753));
#2838 = CARTESIAN_POINT('',(-9.034846710899,41.846013240255,
    -69.24999902849));
#2839 = CARTESIAN_POINT('',(-8.649072047145,37.777847772362,
    -67.72500082424));
#2840 = CARTESIAN_POINT('',(-6.508795662403,34.61027145592,
    -66.19999949089));
#2841 = CARTESIAN_POINT('',(-3.441360161339,32.940920669868,
    -64.67500005886));
#2842 = CARTESIAN_POINT('',(-0.308352940704,32.806605914979,
    -63.14999999999));
#2843 = CARTESIAN_POINT('',(2.824651712621,32.672234846529,
    -61.62499971506));
#2844 = CARTESIAN_POINT('',(6.023696632029,34.073325427591,
    -60.10000063947));
#2845 = CARTESIAN_POINT('',(8.427175925255,37.04541007687,
    -58.57499885503));
#2846 = CARTESIAN_POINT('',(9.159704809405,41.066529581179,
    -57.05000111318));
#2847 = CARTESIAN_POINT('',(7.730104792093,45.027891927195,
    -55.52499917141));
#2848 = CARTESIAN_POINT('',(4.599196556343,47.654690878487,
    -54.00000029726));
#2849 = CARTESIAN_POINT('',(0.85141394786,48.407563657585,
    -52.47499989074));
#2850 = CARTESIAN_POINT('',(-2.505052453432,47.443026236254,
    -50.94999995679));
#2851 = CARTESIAN_POINT('',(-7.155883081434,43.235311524208,
    -47.89999996345));
#2852 = CARTESIAN_POINT('',(-8.45058334276,39.99185136722,
    -46.37500002922));
#2853 = CARTESIAN_POINT('',(-8.075326436655,36.187660825604,
    -44.84999962431));
#2854 = CARTESIAN_POINT('',(-5.774527279967,32.810226926377,
    -43.32500074583));
#2855 = CARTESIAN_POINT('',(-1.974784430265,30.992430621282,
    -41.79999881116));
#2856 = CARTESIAN_POINT('',(2.098362505302,31.320082527648,
    -40.27500106166));
#2857 = CARTESIAN_POINT('',(5.296288648048,33.414902181319,
    -38.7499992827));
#2858 = CARTESIAN_POINT('',(7.00918239538,36.458192912575,-37.2250002046
    ));
#2859 = CARTESIAN_POINT('',(7.18827746085,39.588959384394,
    -35.69999992029));
#2860 = PCURVE('',#699,#2861);
#2861 = DEFINITIONAL_REPRESENTATION('',(#2862),#2866);
#2862 = LINE('',#2863,#2864);
#2863 = CARTESIAN_POINT('',(0.,0.));
#2864 = VECTOR('',#2865,1.);
#2865 = DIRECTION('',(0.,1.));
#2866 = ( GEOMETRIC_REPRESENTATION_CONTEXT(2) 
PARAMETRIC_REPRESENTATION_CONTEXT() REPRESENTATION_CONTEXT('2D SPACE',''
  ) );
#2867 = PCURVE('',#2305,#2868);
#2868 = DEFINITIONAL_REPRESENTATION('',(#2869),#2873);
#2869 = LINE('',#2870,#2871);
#2870 = CARTESIAN_POINT('',(12.839003076563,0.));
#2871 = VECTOR('',#2872,1.);
#2872 = DIRECTION('',(0.,1.));
#2873 = ( GEOMETRIC_REPRESENTATION_CONTEXT(2) 
PARAMETRIC_REPRESENTATION_CONTEXT() REPRESENTATION_CONTEXT('2D SPACE',''
  ) );
#2874 = ORIENTED_EDGE('',*,*,#2875,.F.);
#2875 = EDGE_CURVE('',#616,#2785,#2876,.T.);
#2876 = SURFACE_CURVE('',#2877,(#2910,#2946),.PCURVE_S1.);
#2877 = B_SPLINE_CURVE_WITH_KNOTS('',6,(#2878,#2879,#2880,#2881,#2882,
    #2883,#2884,#2885,#2886,#2887,#2888,#2889,#2890,#2891,#2892,#2893,
    #2894,#2895,#2896,#2897,#2898,#2899,#2900,#2901,#2902,#2903,#2904,
    #2905,#2906,#2907,#2908,#2909),.UNSPECIFIED.,.F.,.F.,(7,5,5,5,5,5,7)
  ,(0.,2.200002008789E-02,5.000007257757E-02,0.313998839328,
    0.604995129003,0.894997819763,1.),.UNSPECIFIED.);
#2878 = CARTESIAN_POINT('',(7.126686650901,38.975340409231,-41.));
#2879 = CARTESIAN_POINT('',(7.12132022087,38.938025638108,-41.));
#2880 = CARTESIAN_POINT('',(7.115719251945,38.900744597198,-41.));
#2881 = CARTESIAN_POINT('',(7.109884023368,38.863499126302,-41.));
#2882 = CARTESIAN_POINT('',(7.103814832567,38.826291062061,-41.));
#2883 = CARTESIAN_POINT('',(7.09751199516,38.789122237957,-41.));
#2884 = CARTESIAN_POINT('',(7.082657100324,38.704740934244,-41.));
#2885 = CARTESIAN_POINT('',(7.073960426784,38.657553911308,-41.));
#2886 = CARTESIAN_POINT('',(7.064886512518,38.610437189159,-41.));
#2887 = CARTESIAN_POINT('',(7.055436093463,38.563394531542,-41.));
#2888 = CARTESIAN_POINT('',(7.045609953311,38.516429692293,-41.));
#2889 = CARTESIAN_POINT('',(6.939228414935,38.027506983436,-41.));
#2890 = CARTESIAN_POINT('',(6.809718288555,37.592703776746,-41.));
#2891 = CARTESIAN_POINT('',(6.647578070935,37.168306012152,-41.));
#2892 = CARTESIAN_POINT('',(6.453889599343,36.757347231739,-41.));
#2893 = CARTESIAN_POINT('',(6.230082816108,36.362712700875,-41.));
#2894 = CARTESIAN_POINT('',(5.700065838572,35.573071442773,-41.));
#2895 = CARTESIAN_POINT('',(5.387745745715,35.182118569579,-41.));
#2896 = CARTESIAN_POINT('',(5.043423408047,34.817867703797,-41.));
#2897 = CARTESIAN_POINT('',(4.669989360748,34.483525407594,-41.));
#2898 = CARTESIAN_POINT('',(4.270725008096,34.181898672465,-41.));
#2899 = CARTESIAN_POINT('',(3.429357730859,33.64963498112,-41.));
#2900 = CARTESIAN_POINT('',(2.987364150145,33.418732828015,-41.));
#2901 = CARTESIAN_POINT('',(2.526985845814,33.224917242993,-41.));
#2902 = CARTESIAN_POINT('',(2.052125050763,33.069931626329,-41.));
#2903 = CARTESIAN_POINT('',(1.566874022014,32.955007774275,-41.));
#2904 = CARTESIAN_POINT('',(0.897587507591,32.853907033221,-41.));
#2905 = CARTESIAN_POINT('',(0.718868427768,32.83236683698,-41.));
#2906 = CARTESIAN_POINT('',(0.539543857451,32.816191777096,-41.));
#2907 = CARTESIAN_POINT('',(0.359815029422,32.805402018026,-41.));
#2908 = CARTESIAN_POINT('',(0.179883925242,32.800007663242,-41.));
#2909 = CARTESIAN_POINT('',(-4.67247533876E-05,32.800008755229,-41.));
#2910 = PCURVE('',#699,#2911);
#2911 = DEFINITIONAL_REPRESENTATION('',(#2912),#2945);
#2912 = B_SPLINE_CURVE_WITH_KNOTS('',6,(#2913,#2914,#2915,#2916,#2917,
    #2918,#2919,#2920,#2921,#2922,#2923,#2924,#2925,#2926,#2927,#2928,
    #2929,#2930,#2931,#2932,#2933,#2934,#2935,#2936,#2937,#2938,#2939,
    #2940,#2941,#2942,#2943,#2944),.UNSPECIFIED.,.F.,.F.,(7,5,5,5,5,5,7)
  ,(0.,2.200002008789E-02,5.000007257757E-02,0.313998839328,
    0.604995129003,0.894997819763,1.),.UNSPECIFIED.);
#2913 = CARTESIAN_POINT('',(5.,113.87826155533));
#2914 = CARTESIAN_POINT('',(4.98166666367,113.8591951783));
#2915 = CARTESIAN_POINT('',(4.963333327358,113.84012880119));
#2916 = CARTESIAN_POINT('',(4.94499999207,113.82106242503));
#2917 = CARTESIAN_POINT('',(4.926666658653,113.80199605073));
#2918 = CARTESIAN_POINT('',(4.908333327798,113.78292967899));
#2919 = CARTESIAN_POINT('',(4.866666651352,113.73959699972));
#2920 = CARTESIAN_POINT('',(4.843333307656,113.7153306941));
#2921 = CARTESIAN_POINT('',(4.819999970036,113.69106439466));
#2922 = CARTESIAN_POINT('',(4.796666639284,113.66679810223));
#2923 = CARTESIAN_POINT('',(4.773333315895,113.64253181734));
#2924 = CARTESIAN_POINT('',(4.530001605258,113.38947071056));
#2925 = CARTESIAN_POINT('',(4.309996783921,113.16066918724));
#2926 = CARTESIAN_POINT('',(4.090000634411,112.93187667846));
#2927 = CARTESIAN_POINT('',(3.870004401719,112.70308408227));
#2928 = CARTESIAN_POINT('',(3.649999094598,112.47428204946));
#2929 = CARTESIAN_POINT('',(3.187502957427,111.99329339898));
#2930 = CARTESIAN_POINT('',(2.944993083361,111.74108697612));
#2931 = CARTESIAN_POINT('',(2.702497164119,111.48889506844));
#2932 = CARTESIAN_POINT('',(2.460002029191,111.23670397836));
#2933 = CARTESIAN_POINT('',(2.217494159527,110.98449964564));
#2934 = CARTESIAN_POINT('',(1.733333830391,110.48098059453));
#2935 = CARTESIAN_POINT('',(1.491657580155,110.22964113412));
#2936 = CARTESIAN_POINT('',(1.249996610042,109.97831756484));
#2937 = CARTESIAN_POINT('',(1.008336516161,109.72699490633));
#2938 = CARTESIAN_POINT('',(0.766662808057,109.47565808849));
#2939 = CARTESIAN_POINT('',(0.437500392263,109.13333440318));
#2940 = CARTESIAN_POINT('',(0.350000655828,109.04233606668));
#2941 = CARTESIAN_POINT('',(0.262500764767,108.95133756927));
#2942 = CARTESIAN_POINT('',(0.175000699479,108.86033889057));
#2943 = CARTESIAN_POINT('',(8.750044679937E-02,108.76934001687));
#2944 = CARTESIAN_POINT('',(0.,108.6783409412));
#2945 = ( GEOMETRIC_REPRESENTATION_CONTEXT(2) 
PARAMETRIC_REPRESENTATION_CONTEXT() REPRESENTATION_CONTEXT('2D SPACE',''
  ) );
#2946 = PCURVE('',#843,#2947);
#2947 = DEFINITIONAL_REPRESENTATION('',(#2948),#2981);
#2948 = B_SPLINE_CURVE_WITH_KNOTS('',6,(#2949,#2950,#2951,#2952,#2953,
    #2954,#2955,#2956,#2957,#2958,#2959,#2960,#2961,#2962,#2963,#2964,
    #2965,#2966,#2967,#2968,#2969,#2970,#2971,#2972,#2973,#2974,#2975,
    #2976,#2977,#2978,#2979,#2980),.UNSPECIFIED.,.F.,.F.,(7,5,5,5,5,5,7)
  ,(0.,2.200002008789E-02,5.000007257757E-02,0.313998839328,
    0.604995129003,0.894997819763,1.),.UNSPECIFIED.);
#2949 = CARTESIAN_POINT('',(7.126686650901,-1.024659590769));
#2950 = CARTESIAN_POINT('',(7.12132022087,-1.061974361892));
#2951 = CARTESIAN_POINT('',(7.115719251945,-1.099255402802));
#2952 = CARTESIAN_POINT('',(7.109884023368,-1.136500873698));
#2953 = CARTESIAN_POINT('',(7.103814832567,-1.173708937939));
#2954 = CARTESIAN_POINT('',(7.09751199516,-1.210877762043));
#2955 = CARTESIAN_POINT('',(7.082657100324,-1.295259065756));
#2956 = CARTESIAN_POINT('',(7.073960426784,-1.342446088692));
#2957 = CARTESIAN_POINT('',(7.064886512518,-1.389562810841));
#2958 = CARTESIAN_POINT('',(7.055436093463,-1.436605468458));
#2959 = CARTESIAN_POINT('',(7.045609953311,-1.483570307707));
#2960 = CARTESIAN_POINT('',(6.939228414935,-1.972493016564));
#2961 = CARTESIAN_POINT('',(6.809718288555,-2.407296223254));
#2962 = CARTESIAN_POINT('',(6.647578070935,-2.831693987847));
#2963 = CARTESIAN_POINT('',(6.453889599343,-3.242652768261));
#2964 = CARTESIAN_POINT('',(6.230082816108,-3.637287299125));
#2965 = CARTESIAN_POINT('',(5.700065838572,-4.426928557227));
#2966 = CARTESIAN_POINT('',(5.387745745715,-4.817881430421));
#2967 = CARTESIAN_POINT('',(5.043423408047,-5.182132296203));
#2968 = CARTESIAN_POINT('',(4.669989360748,-5.516474592406));
#2969 = CARTESIAN_POINT('',(4.270725008096,-5.818101327535));
#2970 = CARTESIAN_POINT('',(3.429357730859,-6.35036501888));
#2971 = CARTESIAN_POINT('',(2.987364150145,-6.581267171985));
#2972 = CARTESIAN_POINT('',(2.526985845814,-6.775082757007));
#2973 = CARTESIAN_POINT('',(2.052125050763,-6.930068373671));
#2974 = CARTESIAN_POINT('',(1.566874022014,-7.044992225725));
#2975 = CARTESIAN_POINT('',(0.897587507591,-7.146092966779));
#2976 = CARTESIAN_POINT('',(0.718868427768,-7.16763316302));
#2977 = CARTESIAN_POINT('',(0.539543857451,-7.183808222904));
#2978 = CARTESIAN_POINT('',(0.359815029422,-7.194597981974));
#2979 = CARTESIAN_POINT('',(0.179883925242,-7.199992336758));
#2980 = CARTESIAN_POINT('',(-4.672475338743E-05,-7.199991244771));
#2981 = ( GEOMETRIC_REPRESENTATION_CONTEXT(2) 
PARAMETRIC_REPRESENTATION_CONTEXT() REPRESENTATION_CONTEXT('2D SPACE',''
  ) );
#2982 = ORIENTED_EDGE('',*,*,#615,.T.);
#2983 = ORIENTED_EDGE('',*,*,#2984,.F.);
#2984 = EDGE_CURVE('',#2787,#618,#2985,.T.);
#2985 = SURFACE_CURVE('',#2986,(#2989,#2996),.PCURVE_S1.);
#2986 = B_SPLINE_CURVE_WITH_KNOTS('',1,(#2987,#2988),.UNSPECIFIED.,.F.,
  .F.,(2,2),(0.,5.),.PIECEWISE_BEZIER_KNOTS.);
#2987 = CARTESIAN_POINT('',(7.18827746085,39.588959384394,
    -35.69999992029));
#2988 = CARTESIAN_POINT('',(7.188237631267,39.588961661811,
    -40.69999992013));
#2989 = PCURVE('',#699,#2990);
#2990 = DEFINITIONAL_REPRESENTATION('',(#2991),#2995);
#2991 = LINE('',#2992,#2993);
#2992 = CARTESIAN_POINT('',(0.,114.19025683364));
#2993 = VECTOR('',#2994,1.);
#2994 = DIRECTION('',(1.,0.));
#2995 = ( GEOMETRIC_REPRESENTATION_CONTEXT(2) 
PARAMETRIC_REPRESENTATION_CONTEXT() REPRESENTATION_CONTEXT('2D SPACE',''
  ) );
#2996 = PCURVE('',#2137,#2997);
#2997 = DEFINITIONAL_REPRESENTATION('',(#2998),#3001);
#2998 = B_SPLINE_CURVE_WITH_KNOTS('',1,(#2999,#3000),.UNSPECIFIED.,.F.,
  .F.,(2,2),(0.,5.),.PIECEWISE_BEZIER_KNOTS.);
#2999 = CARTESIAN_POINT('',(6.019910046509,-2.500048032509));
#3000 = CARTESIAN_POINT('',(6.019949941149,2.499951967332));
#3001 = ( GEOMETRIC_REPRESENTATION_CONTEXT(2) 
PARAMETRIC_REPRESENTATION_CONTEXT() REPRESENTATION_CONTEXT('2D SPACE',''
  ) );
#3002 = ADVANCED_FACE('',(#3003),#2137,.F.);
#3003 = FACE_BOUND('',#3004,.F.);
#3004 = EDGE_LOOP('',(#3005,#3006,#3027,#3046));
#3005 = ORIENTED_EDGE('',*,*,#2124,.T.);
#3006 = ORIENTED_EDGE('',*,*,#3007,.T.);
#3007 = EDGE_CURVE('',#1897,#3008,#3010,.T.);
#3008 = VERTEX_POINT('',#3009);
#3009 = CARTESIAN_POINT('',(19.967396856161,38.858272577716,
    -36.70010205053));
#3010 = SURFACE_CURVE('',#3011,(#3014,#3020),.PCURVE_S1.);
#3011 = B_SPLINE_CURVE_WITH_KNOTS('',1,(#3012,#3013),.UNSPECIFIED.,.F.,
  .F.,(2,2),(0.,3.),.PIECEWISE_BEZIER_KNOTS.);
#3012 = CARTESIAN_POINT('',(19.967372958411,38.858273944167,
    -39.70010205044));
#3013 = CARTESIAN_POINT('',(19.967396856161,38.858272577716,
    -36.70010205053));
#3014 = PCURVE('',#2137,#3015);
#3015 = DEFINITIONAL_REPRESENTATION('',(#3016),#3019);
#3016 = B_SPLINE_CURVE_WITH_KNOTS('',1,(#3017,#3018),.UNSPECIFIED.,.F.,
  .F.,(2,2),(0.,3.),.PIECEWISE_BEZIER_KNOTS.);
#3017 = CARTESIAN_POINT('',(-6.780058037372,1.500054097643));
#3018 = CARTESIAN_POINT('',(-6.780081974156,-1.499945902262));
#3019 = ( GEOMETRIC_REPRESENTATION_CONTEXT(2) 
PARAMETRIC_REPRESENTATION_CONTEXT() REPRESENTATION_CONTEXT('2D SPACE',''
  ) );
#3020 = PCURVE('',#1978,#3021);
#3021 = DEFINITIONAL_REPRESENTATION('',(#3022),#3026);
#3022 = LINE('',#3023,#3024);
#3023 = CARTESIAN_POINT('',(0.,114.19025683364));
#3024 = VECTOR('',#3025,1.);
#3025 = DIRECTION('',(1.,0.));
#3026 = ( GEOMETRIC_REPRESENTATION_CONTEXT(2) 
PARAMETRIC_REPRESENTATION_CONTEXT() REPRESENTATION_CONTEXT('2D SPACE',''
  ) );
#3027 = ORIENTED_EDGE('',*,*,#3028,.T.);
#3028 = EDGE_CURVE('',#3008,#2787,#3029,.T.);
#3029 = SURFACE_CURVE('',#3030,(#3033,#3039),.PCURVE_S1.);
#3030 = B_SPLINE_CURVE_WITH_KNOTS('',1,(#3031,#3032),.UNSPECIFIED.,.F.,
  .F.,(2,2),(0.,12.839003076563),.PIECEWISE_BEZIER_KNOTS.);
#3031 = CARTESIAN_POINT('',(19.967396856161,38.858272577716,
    -36.70010205053));
#3032 = CARTESIAN_POINT('',(7.18827746085,39.588959384394,
    -35.69999992029));
#3033 = PCURVE('',#2137,#3034);
#3034 = DEFINITIONAL_REPRESENTATION('',(#3035),#3038);
#3035 = B_SPLINE_CURVE_WITH_KNOTS('',1,(#3036,#3037),.UNSPECIFIED.,.F.,
  .F.,(2,2),(0.,12.839003076563),.PIECEWISE_BEZIER_KNOTS.);
#3036 = CARTESIAN_POINT('',(-6.780081974156,-1.499945902262));
#3037 = CARTESIAN_POINT('',(6.019910046509,-2.500048032509));
#3038 = ( GEOMETRIC_REPRESENTATION_CONTEXT(2) 
PARAMETRIC_REPRESENTATION_CONTEXT() REPRESENTATION_CONTEXT('2D SPACE',''
  ) );
#3039 = PCURVE('',#2305,#3040);
#3040 = DEFINITIONAL_REPRESENTATION('',(#3041),#3045);
#3041 = LINE('',#3042,#3043);
#3042 = CARTESIAN_POINT('',(0.,114.19025683364));
#3043 = VECTOR('',#3044,1.);
#3044 = DIRECTION('',(1.,0.));
#3045 = ( GEOMETRIC_REPRESENTATION_CONTEXT(2) 
PARAMETRIC_REPRESENTATION_CONTEXT() REPRESENTATION_CONTEXT('2D SPACE',''
  ) );
#3046 = ORIENTED_EDGE('',*,*,#2984,.T.);
#3047 = ADVANCED_FACE('',(#3048),#1978,.F.);
#3048 = FACE_BOUND('',#3049,.F.);
#3049 = EDGE_LOOP('',(#3050,#3051,#3052,#3139));
#3050 = ORIENTED_EDGE('',*,*,#1896,.F.);
#3051 = ORIENTED_EDGE('',*,*,#2548,.T.);
#3052 = ORIENTED_EDGE('',*,*,#3053,.T.);
#3053 = EDGE_CURVE('',#2549,#3008,#3054,.T.);
#3054 = SURFACE_CURVE('',#3055,(#3125,#3132),.PCURVE_S1.);
#3055 = B_SPLINE_CURVE_WITH_KNOTS('',9,(#3056,#3057,#3058,#3059,#3060,
    #3061,#3062,#3063,#3064,#3065,#3066,#3067,#3068,#3069,#3070,#3071,
    #3072,#3073,#3074,#3075,#3076,#3077,#3078,#3079,#3080,#3081,#3082,
    #3083,#3084,#3085,#3086,#3087,#3088,#3089,#3090,#3091,#3092,#3093,
    #3094,#3095,#3096,#3097,#3098,#3099,#3100,#3101,#3102,#3103,#3104,
    #3105,#3106,#3107,#3108,#3109,#3110,#3111,#3112,#3113,#3114,#3115,
    #3116,#3117,#3118,#3119,#3120,#3121,#3122,#3123,#3124),
  .UNSPECIFIED.,.F.,.F.,(10,8,9,8,9,8,9,8,10),(0.,14.273782104205,
    28.547564208411,42.821346312616,57.095128416821,71.368910521026,
    85.642692625232,99.916474729437,114.19025683364),.UNSPECIFIED.);
#3056 = CARTESIAN_POINT('',(20.,40.,-146.5));
#3057 = CARTESIAN_POINT('',(20.00004273736,48.7109994544,-144.9753644072
    ));
#3058 = CARTESIAN_POINT('',(15.73155312431,57.421633741263,
    -143.4491824985));
#3059 = CARTESIAN_POINT('',(7.196678757518,63.739781568984,
    -141.926463586));
#3060 = CARTESIAN_POINT('',(-4.049229035992,65.292284041573,
    -140.3985774147));
#3061 = CARTESIAN_POINT('',(-14.87330969905,60.855433071133,
    -138.8760588658));
#3062 = CARTESIAN_POINT('',(-21.79061306882,51.852809939701,
    -137.3496202511));
#3063 = CARTESIAN_POINT('',(-23.43418329149,41.362715930012,
    -135.8251396667));
#3064 = CARTESIAN_POINT('',(-20.3580604848,32.162441618118,
    -134.3000552917));
#3065 = CARTESIAN_POINT('',(-8.1274111156,19.755912057392,-131.25004676)
  );
#3066 = CARTESIAN_POINT('',(1.028010153277,16.54873583105,
    -129.7249623849));
#3067 = CARTESIAN_POINT('',(11.540487180897,18.042458701946,
    -128.2004818008));
#3068 = CARTESIAN_POINT('',(20.640972950089,24.830261261331,
    -126.6740431852));
#3069 = CARTESIAN_POINT('',(25.231894972638,35.590385415024,
    -125.1515246375));
#3070 = CARTESIAN_POINT('',(23.840097874208,46.856710257486,
    -123.6236384655));
#3071 = CARTESIAN_POINT('',(17.644465668099,55.48141597215,
    -122.1009195529));
#3072 = CARTESIAN_POINT('',(8.995651247035,59.873563834673,
    -120.574737645));
#3073 = CARTESIAN_POINT('',(0.285540242284,59.997973534647,
    -119.0501020514));
#3074 = CARTESIAN_POINT('',(-8.424430857968,60.122368993375,
    -117.5251779811));
#3075 = CARTESIAN_POINT('',(-17.19534767431,55.978754083529,
    -115.9994482699));
#3076 = CARTESIAN_POINT('',(-23.63445018206,47.53489927269,
    -114.4761616471));
#3077 = CARTESIAN_POINT('',(-25.34765902394,36.31237859604,
    -112.9488518828));
#3078 = CARTESIAN_POINT('',(-21.06559437647,25.425986998561,
    -111.4258615452));
#3079 = CARTESIAN_POINT('',(-12.16281253196,18.38087406742,
    -109.8997285723));
#3080 = CARTESIAN_POINT('',(-1.697184927587,16.587659719086,
    -108.3750982417));
#3081 = CARTESIAN_POINT('',(7.546053030903,19.532099846546,
    -106.8500629653));
#3082 = CARTESIAN_POINT('',(20.125970475094,31.584342000539,
    -103.8000430945));
#3083 = CARTESIAN_POINT('',(23.463550066029,40.693034102983,
    -102.2749676222));
#3084 = CARTESIAN_POINT('',(22.120097634703,51.225767505509,
    -100.7504758271));
#3085 = CARTESIAN_POINT('',(15.462931818591,60.422253137286,
    -99.22404865369));
#3086 = CARTESIAN_POINT('',(4.769465293329,65.166354900941,
    -97.70152065493));
#3087 = CARTESIAN_POINT('',(-6.515588022617,63.935577754231,
    -96.17364071029));
#3088 = CARTESIAN_POINT('',(-15.22788327274,57.863733167352,
    -94.65091863639));
#3089 = CARTESIAN_POINT('',(-19.74308445999,49.278518288082,
    -93.1247378678));
#3090 = CARTESIAN_POINT('',(-19.99185723488,40.571071818432,
    -91.60010205132));
#3091 = CARTESIAN_POINT('',(-20.24061398683,31.863765093904,
    -90.07517775845));
#3092 = CARTESIAN_POINT('',(-16.22266514362,23.034573705251,
    -88.54944918617));
#3093 = CARTESIAN_POINT('',(-7.871619803236,16.475554277875,
    -87.02615940305));
#3094 = CARTESIAN_POINT('',(3.325295913846,14.602267477287,
    -85.49885586465));
#3095 = CARTESIAN_POINT('',(14.271718693015,18.728444816156,
    -83.97585607757));
#3096 = CARTESIAN_POINT('',(21.443245925716,27.529716823666,
    -82.44973454555));
#3097 = CARTESIAN_POINT('',(23.385715793999,37.968672759742,
    -80.92509300467));
#3098 = CARTESIAN_POINT('',(20.573568791051,47.253012155078,
    -79.40006663075));
#3099 = CARTESIAN_POINT('',(8.702184698492,60.003748319459,
    -76.3500354209));
#3100 = CARTESIAN_POINT('',(-0.35789622815,63.471048245293,
    -74.82500904761));
#3101 = CARTESIAN_POINT('',(-10.90881145218,62.2781554181,
    -73.30036750491));
#3102 = CARTESIAN_POINT('',(-20.19927355316,55.752947221958,
    -71.77424597616));
#3103 = CARTESIAN_POINT('',(-25.09581531532,45.128379375139,
    -70.25124618458));
#3104 = CARTESIAN_POINT('',(-24.026031591,33.826822263735,
    -68.72394265126));
#3105 = CARTESIAN_POINT('',(-18.07948572371,25.028790827732,
    -67.20065286337));
#3106 = CARTESIAN_POINT('',(-9.559403767871,20.391395193294,
    -65.67492429482));
#3107 = CARTESIAN_POINT('',(-0.856535946667,20.018349763608,
    -64.14999999945));
#3108 = CARTESIAN_POINT('',(7.846469439322,19.645242857,-62.62536440849)
  );
#3109 = CARTESIAN_POINT('',(16.73191756028,23.536767613249,
    -61.0991824968));
#3110 = CARTESIAN_POINT('',(23.409789898311,31.793225295191,
    -59.57646358758));
#3111 = CARTESIAN_POINT('',(25.442494180754,42.96232639523,
    -58.04857741371));
#3112 = CARTESIAN_POINT('',(21.473274678027,53.966492207129,
    -56.52605886638));
#3113 = CARTESIAN_POINT('',(12.775157296043,61.263002550437,
    -54.99962025101));
#3114 = CARTESIAN_POINT('',(2.365076672436,63.354321946376,
    -53.47513966674));
#3115 = CARTESIAN_POINT('',(-6.95849698453,60.675039729309,
    -51.95005529171));
#3116 = CARTESIAN_POINT('',(-19.87744324269,48.986943763233,
    -48.90004676001));
#3117 = CARTESIAN_POINT('',(-23.47377429389,39.977275571367,
    -47.37496238504));
#3118 = CARTESIAN_POINT('',(-22.43163761864,29.410472250276,
    -45.85048180054));
#3119 = CARTESIAN_POINT('',(-16.03980744854,20.027636225406,
    -44.32404318604));
#3120 = CARTESIAN_POINT('',(-5.486170066624,14.980104661823,
    -42.80152463615));
#3121 = CARTESIAN_POINT('',(5.829424266262,15.888124194462,
    -41.27363846753));
#3122 = CARTESIAN_POINT('',(14.711556001406,21.708703455302,
    -39.75091955074));
#3123 = CARTESIAN_POINT('',(19.470075142179,30.161481067101,
    -38.22473764673));
#3124 = CARTESIAN_POINT('',(19.967396856161,38.858272577716,
    -36.70010205053));
#3125 = PCURVE('',#1978,#3126);
#3126 = DEFINITIONAL_REPRESENTATION('',(#3127),#3131);
#3127 = LINE('',#3128,#3129);
#3128 = CARTESIAN_POINT('',(3.,0.));
#3129 = VECTOR('',#3130,1.);
#3130 = DIRECTION('',(0.,1.));
#3131 = ( GEOMETRIC_REPRESENTATION_CONTEXT(2) 
PARAMETRIC_REPRESENTATION_CONTEXT() REPRESENTATION_CONTEXT('2D SPACE',''
  ) );
#3132 = PCURVE('',#2305,#3133);
#3133 = DEFINITIONAL_REPRESENTATION('',(#3134),#3138);
#3134 = LINE('',#3135,#3136);
#3135 = CARTESIAN_POINT('',(0.,0.));
#3136 = VECTOR('',#3137,1.);
#3137 = DIRECTION('',(0.,1.));
#3138 = ( GEOMETRIC_REPRESENTATION_CONTEXT(2) 
PARAMETRIC_REPRESENTATION_CONTEXT() REPRESENTATION_CONTEXT('2D SPACE',''
  ) );
#3139 = ORIENTED_EDGE('',*,*,#3007,.F.);
#3140 = ADVANCED_FACE('',(#3141),#1509,.T.);
#3141 = FACE_BOUND('',#3142,.F.);
#3142 = EDGE_LOOP('',(#3143,#3379,#3380,#3381));
#3143 = ORIENTED_EDGE('',*,*,#3144,.F.);
#3144 = EDGE_CURVE('',#2152,#3145,#3147,.T.);
#3145 = VERTEX_POINT('',#3146);
#3146 = CARTESIAN_POINT('',(8.,40.,-101.5625011063));
#3147 = SURFACE_CURVE('',#3148,(#3223,#3301),.PCURVE_S1.);
#3148 = B_SPLINE_CURVE_WITH_KNOTS('',7,(#3149,#3150,#3151,#3152,#3153,
    #3154,#3155,#3156,#3157,#3158,#3159,#3160,#3161,#3162,#3163,#3164,
    #3165,#3166,#3167,#3168,#3169,#3170,#3171,#3172,#3173,#3174,#3175,
    #3176,#3177,#3178,#3179,#3180,#3181,#3182,#3183,#3184,#3185,#3186,
    #3187,#3188,#3189,#3190,#3191,#3192,#3193,#3194,#3195,#3196,#3197,
    #3198,#3199,#3200,#3201,#3202,#3203,#3204,#3205,#3206,#3207,#3208,
    #3209,#3210,#3211,#3212,#3213,#3214,#3215,#3216,#3217,#3218,#3219,
    #3220,#3221,#3222),.UNSPECIFIED.,.F.,.F.,(8,6,6,6,6,6,6,6,6,6,6,6,8)
  ,(0.,0.129604473987,0.242758739464,0.261100586152,0.363123344985,
    0.467364890415,0.581117367617,0.661476971612,0.759977536106,
    0.854955530985,0.883544886918,0.937583477505,1.),.UNSPECIFIED.);
#3149 = CARTESIAN_POINT('',(8.,40.,-123.5625020623));
#3150 = CARTESIAN_POINT('',(8.,40.9306133813,-123.1551938282));
#3151 = CARTESIAN_POINT('',(7.873700919396,41.861743374597,
    -122.7476594633));
#3152 = CARTESIAN_POINT('',(7.620860726956,42.771877867205,
    -122.3403127008));
#3153 = CARTESIAN_POINT('',(7.246143576264,43.64064090758,
    -121.9330275306));
#3154 = CARTESIAN_POINT('',(6.75768321379,44.449157930521,
    -121.5256801596));
#3155 = CARTESIAN_POINT('',(6.167106919426,45.180041979978,
    -121.1181446035));
#3156 = CARTESIAN_POINT('',(4.899277699513,46.376301890261,
    -120.3552274597));
#3157 = CARTESIAN_POINT('',(4.242057697318,46.864059413893,
    -119.999500686));
#3158 = CARTESIAN_POINT('',(3.528801573706,47.272177870028,
    -119.6438636449));
#3159 = CARTESIAN_POINT('',(2.771219198044,47.593241514597,
    -119.2882631065));
#3160 = CARTESIAN_POINT('',(1.981924209302,47.821912852639,
    -118.9326312436));
#3161 = CARTESIAN_POINT('',(1.174371676932,47.954935970322,
    -118.5769139006));
#3162 = CARTESIAN_POINT('',(0.231140470731,47.997744664593,
    -118.1636652249));
#3163 = CARTESIAN_POINT('',(9.945954649362E-02,48.001188955705,
    -118.1060232163));
#3164 = CARTESIAN_POINT('',(-3.227812899673E-02,48.002103584807,
    -118.0483808473));
#3165 = CARTESIAN_POINT('',(-0.164014728601,48.000487571941,
    -117.9907379352));
#3166 = CARTESIAN_POINT('',(-0.295691366551,47.996341703294,
    -117.9330948089));
#3167 = CARTESIAN_POINT('',(-0.42724809845,47.989668531203,
    -117.8754523084));
#3168 = CARTESIAN_POINT('',(-1.289374980093,47.92932063741,
    -117.4971982004));
#3169 = CARTESIAN_POINT('',(-2.014826833218,47.800091966007,
    -117.1765114768));
#3170 = CARTESIAN_POINT('',(-2.724677720723,47.593445352524,
    -116.8558760514));
#3171 = CARTESIAN_POINT('',(-3.409090364149,47.311797173367,
    -116.535264424));
#3172 = CARTESIAN_POINT('',(-4.058781555967,46.958968574032,
    -116.2146309251));
#3173 = CARTESIAN_POINT('',(-4.665067084054,46.540166313646,
    -115.8939436688));
#3174 = CARTESIAN_POINT('',(-5.787345566001,45.573764658712,
    -115.2457335379));
#3175 = CARTESIAN_POINT('',(-6.301328177379,45.023355581965,
    -114.9180749835));
#3176 = CARTESIAN_POINT('',(-6.753749432647,44.418063989839,
    -114.5904766201));
#3177 = CARTESIAN_POINT('',(-7.137774559699,43.766250059817,
    -114.26289945));
#3178 = CARTESIAN_POINT('',(-7.447963803655,43.07713535529,
    -113.9352912628));
#3179 = CARTESIAN_POINT('',(-7.68029870162,42.360763416855,
    -113.6076199141));
#3180 = CARTESIAN_POINT('',(-7.998811699766,40.828305476647,
    -112.9225650558));
#3181 = CARTESIAN_POINT('',(-8.069825905497,40.008576940855,
    -112.5649711673));
#3182 = CARTESIAN_POINT('',(-8.042606080358,39.182854088178,
    -112.2074722683));
#3183 = CARTESIAN_POINT('',(-7.916988078163,38.365214812864,
    -111.8500120412));
#3184 = CARTESIAN_POINT('',(-7.695087035998,37.56940766516,
    -111.4925162425));
#3185 = CARTESIAN_POINT('',(-7.381284411483,36.808804421823,
    -111.1349253194));
#3186 = CARTESIAN_POINT('',(-6.70112088226,35.592291175442,
    -110.5249159383));
#3187 = CARTESIAN_POINT('',(-6.377142915115,35.112323946059,
    -110.2723601761));
#3188 = CARTESIAN_POINT('',(-6.013187208042,34.660368970944,
    -110.0198195734));
#3189 = CARTESIAN_POINT('',(-5.612200083583,34.240374044043,
    -109.767288495));
#3190 = CARTESIAN_POINT('',(-5.177572902875,33.855891522689,
    -109.5147475979));
#3191 = CARTESIAN_POINT('',(-4.713113274406,33.510047764467,
    -109.262191607));
#3192 = CARTESIAN_POINT('',(-3.622392845014,32.832122840681,
    -108.7001136355));
#3193 = CARTESIAN_POINT('',(-2.983091739188,32.520659105687,
    -108.3905081712));
#3194 = CARTESIAN_POINT('',(-2.313009710643,32.27601131896,
    -108.0809470829));
#3195 = CARTESIAN_POINT('',(-1.620568516729,32.101660491256,
    -107.7714066554));
#3196 = CARTESIAN_POINT('',(-0.91453217452,31.999811974315,
    -107.4618465096));
#3197 = CARTESIAN_POINT('',(-0.203961320395,31.971388190662,
    -107.1522402562));
#3198 = CARTESIAN_POINT('',(1.182516683383,32.058543896994,
    -106.5442135508));
#3199 = CARTESIAN_POINT('',(1.85898630292,32.169024430412,
    -106.2456874528));
#3200 = CARTESIAN_POINT('',(2.523031528216,32.346718277786,
    -105.9471995175));
#3201 = CARTESIAN_POINT('',(3.166689323602,32.589839789435,
    -105.6487299376));
#3202 = CARTESIAN_POINT('',(3.782383896519,32.895524998008,
    -105.3502451235));
#3203 = CARTESIAN_POINT('',(4.362966603659,33.259851756179,
    -105.0517239948));
#3204 = CARTESIAN_POINT('',(5.064141776126,33.803500399155,
    -104.6634009397));
#3205 = CARTESIAN_POINT('',(5.222609767528,33.934142901887,
    -104.5735532191));
#3206 = CARTESIAN_POINT('',(5.377137745429,34.069507537252,
    -104.4837053952));
#3207 = CARTESIAN_POINT('',(5.527554626612,34.209448439279,-104.39385824
    ));
#3208 = CARTESIAN_POINT('',(5.673698746912,34.353814460852,
    -104.3040123943));
#3209 = CARTESIAN_POINT('',(5.815417221164,34.502449492453,
    -104.2141681675));
#3210 = CARTESIAN_POINT('',(6.211793016007,34.943896893909,
    -103.9545020032));
#3211 = CARTESIAN_POINT('',(6.454686882156,35.247272393657,
    -103.7846803054));
#3212 = CARTESIAN_POINT('',(6.680244801329,35.564203381427,
    -103.6148602325));
#3213 = CARTESIAN_POINT('',(6.887569537031,35.893498496699,
    -103.445039774));
#3214 = CARTESIAN_POINT('',(7.075865346294,36.233895781649,
    -103.2752164018));
#3215 = CARTESIAN_POINT('',(7.244442209301,36.584066396869,
    -103.1053907959));
#3216 = CARTESIAN_POINT('',(7.563999165825,37.356751927772,
    -102.7394227566));
#3217 = CARTESIAN_POINT('',(7.708213730698,37.782101260576,
    -102.5432656295));
#3218 = CARTESIAN_POINT('',(7.824476926937,38.216516675386,
    -102.3471115839));
#3219 = CARTESIAN_POINT('',(7.91212494304,38.65778898946,-102.1509602679
    ));
#3220 = CARTESIAN_POINT('',(7.970709560192,39.103660920091,
    -101.9548069167));
#3221 = CARTESIAN_POINT('',(8.,39.551838598434,-101.7586503727));
#3222 = CARTESIAN_POINT('',(8.,40.,-101.5625011063));
#3223 = PCURVE('',#1509,#3224);
#3224 = DEFINITIONAL_REPRESENTATION('',(#3225),#3300);
#3225 = B_SPLINE_CURVE_WITH_KNOTS('',7,(#3226,#3227,#3228,#3229,#3230,
    #3231,#3232,#3233,#3234,#3235,#3236,#3237,#3238,#3239,#3240,#3241,
    #3242,#3243,#3244,#3245,#3246,#3247,#3248,#3249,#3250,#3251,#3252,
    #3253,#3254,#3255,#3256,#3257,#3258,#3259,#3260,#3261,#3262,#3263,
    #3264,#3265,#3266,#3267,#3268,#3269,#3270,#3271,#3272,#3273,#3274,
    #3275,#3276,#3277,#3278,#3279,#3280,#3281,#3282,#3283,#3284,#3285,
    #3286,#3287,#3288,#3289,#3290,#3291,#3292,#3293,#3294,#3295,#3296,
    #3297,#3298,#3299),.UNSPECIFIED.,.F.,.F.,(8,6,6,6,6,6,6,6,6,6,6,6,8)
  ,(0.,0.129604473987,0.242758739464,0.261100586152,0.363123344985,
    0.467364890415,0.581117367617,0.661476971612,0.759977536106,
    0.854955530985,0.883544886918,0.937583477505,1.),.UNSPECIFIED.);
#3226 = CARTESIAN_POINT('',(0.,-27.43749793762));
#3227 = CARTESIAN_POINT('',(-0.116326672663,-27.84480617176));
#3228 = CARTESIAN_POINT('',(-0.232717940426,-28.25234053669));
#3229 = CARTESIAN_POINT('',(-0.349055820334,-28.65968729919));
#3230 = CARTESIAN_POINT('',(-0.465376651288,-29.06697246937));
#3231 = CARTESIAN_POINT('',(-0.581715733089,-29.47431984037));
#3232 = CARTESIAN_POINT('',(-0.698108168433,-29.88185539647));
#3233 = CARTESIAN_POINT('',(-0.91599678332,-30.64477254027));
#3234 = CARTESIAN_POINT('',(-1.017591673455,-31.00049931396));
#3235 = CARTESIAN_POINT('',(-1.119160396845,-31.356136355));
#3236 = CARTESIAN_POINT('',(-1.220718250448,-31.71173689349));
#3237 = CARTESIAN_POINT('',(-1.322285732493,-32.0673687563));
#3238 = CARTESIAN_POINT('',(-1.423879881555,-32.42308609939));
#3239 = CARTESIAN_POINT('',(-1.541905149815,-32.83633477508));
#3240 = CARTESIAN_POINT('',(-1.558367853881,-32.89397678364));
#3241 = CARTESIAN_POINT('',(-1.574830602236,-32.95161915269));
#3242 = CARTESIAN_POINT('',(-1.59129345408,-33.00926206474));
#3243 = CARTESIAN_POINT('',(-1.607756332982,-33.06690519105));
#3244 = CARTESIAN_POINT('',(-1.624219026887,-33.12454769155));
#3245 = CARTESIAN_POINT('',(-1.732248582184,-33.50280179958));
#3246 = CARTESIAN_POINT('',(-1.823836689535,-33.8234885231));
#3247 = CARTESIAN_POINT('',(-1.915409174292,-34.14412394859));
#3248 = CARTESIAN_POINT('',(-2.006974775846,-34.46473557592));
#3249 = CARTESIAN_POINT('',(-2.098546927659,-34.78536907487));
#3250 = CARTESIAN_POINT('',(-2.190134758531,-35.10605633116));
#3251 = CARTESIAN_POINT('',(-2.375263140915,-35.75426646205));
#3252 = CARTESIAN_POINT('',(-2.468842451622,-36.0819250164));
#3253 = CARTESIAN_POINT('',(-2.562404722333,-36.40952337988));
#3254 = CARTESIAN_POINT('',(-2.655960830672,-36.73710054992));
#3255 = CARTESIAN_POINT('',(-2.749525607263,-37.06470873715));
#3256 = CARTESIAN_POINT('',(-2.843108308188,-37.39238008584));
#3257 = CARTESIAN_POINT('',(-3.038759379474,-38.07743494418));
#3258 = CARTESIAN_POINT('',(-3.140887825917,-38.43502883261));
#3259 = CARTESIAN_POINT('',(-3.242989172348,-38.79252773167));
#3260 = CARTESIAN_POINT('',(-3.345079626222,-39.14998795878));
#3261 = CARTESIAN_POINT('',(-3.447180293465,-39.50748375742));
#3262 = CARTESIAN_POINT('',(-3.549308065644,-39.86507468058));
#3263 = CARTESIAN_POINT('',(-3.723526270469,-40.4750840616));
#3264 = CARTESIAN_POINT('',(-3.795655958493,-40.72763982382));
#3265 = CARTESIAN_POINT('',(-3.867781266338,-40.9801804265));
#3266 = CARTESIAN_POINT('',(-3.939903817437,-41.23271150499));
#3267 = CARTESIAN_POINT('',(-4.012029179144,-41.48525240208));
#3268 = CARTESIAN_POINT('',(-4.08415891129,-41.73780839296));
#3269 = CARTESIAN_POINT('',(-4.244687980765,-42.29988636444));
#3270 = CARTESIAN_POINT('',(-4.333111201867,-42.60949182872));
#3271 = CARTESIAN_POINT('',(-4.421521905845,-42.91905291708));
#3272 = CARTESIAN_POINT('',(-4.509926857871,-43.2285933445));
#3273 = CARTESIAN_POINT('',(-4.59833740629,-43.53815349031));
#3274 = CARTESIAN_POINT('',(-4.68676088884,-43.84775974374));
#3275 = CARTESIAN_POINT('',(-4.860412721365,-44.45578644914));
#3276 = CARTESIAN_POINT('',(-4.945671258997,-44.75431254719));
#3277 = CARTESIAN_POINT('',(-5.030918671274,-45.05280048249));
#3278 = CARTESIAN_POINT('',(-5.11616073235,-45.35127006233));
#3279 = CARTESIAN_POINT('',(-5.201407475385,-45.64975487648));
#3280 = CARTESIAN_POINT('',(-5.286665376888,-45.94827600514));
#3281 = CARTESIAN_POINT('',(-5.397570775025,-46.33659906021));
#3282 = CARTESIAN_POINT('',(-5.423231360819,-46.42644678084));
#3283 = CARTESIAN_POINT('',(-5.44889200548,-46.51629460474));
#3284 = CARTESIAN_POINT('',(-5.474552236759,-46.6061417599));
#3285 = CARTESIAN_POINT('',(-5.500212025547,-46.69598760561));
#3286 = CARTESIAN_POINT('',(-5.525871677063,-46.78583183241));
#3287 = CARTESIAN_POINT('',(-5.600032564138,-47.0454979967));
#3288 = CARTESIAN_POINT('',(-5.648533860778,-47.21531969453));
#3289 = CARTESIAN_POINT('',(-5.697034542967,-47.38513976749));
#3290 = CARTESIAN_POINT('',(-5.745535154069,-47.5549602259));
#3291 = CARTESIAN_POINT('',(-5.794036461351,-47.72478359819));
#3292 = CARTESIAN_POINT('',(-5.842538326846,-47.89460920408));
#3293 = CARTESIAN_POINT('',(-5.947058030291,-48.2605772433));
#3294 = CARTESIAN_POINT('',(-6.0030800545,-48.4567343704));
#3295 = CARTESIAN_POINT('',(-6.059101238878,-48.652888416));
#3296 = CARTESIAN_POINT('',(-6.115121742023,-48.849039732));
#3297 = CARTESIAN_POINT('',(-6.171142937918,-49.04519308323));
#3298 = CARTESIAN_POINT('',(-6.227165131984,-49.2413496272));
#3299 = CARTESIAN_POINT('',(-6.28318530718,-49.43749889363));
#3300 = ( GEOMETRIC_REPRESENTATION_CONTEXT(2) 
PARAMETRIC_REPRESENTATION_CONTEXT() REPRESENTATION_CONTEXT('2D SPACE',''
  ) );
#3301 = PCURVE('',#2305,#3302);
#3302 = DEFINITIONAL_REPRESENTATION('',(#3303),#3378);
#3303 = B_SPLINE_CURVE_WITH_KNOTS('',7,(#3304,#3305,#3306,#3307,#3308,
    #3309,#3310,#3311,#3312,#3313,#3314,#3315,#3316,#3317,#3318,#3319,
    #3320,#3321,#3322,#3323,#3324,#3325,#3326,#3327,#3328,#3329,#3330,
    #3331,#3332,#3333,#3334,#3335,#3336,#3337,#3338,#3339,#3340,#3341,
    #3342,#3343,#3344,#3345,#3346,#3347,#3348,#3349,#3350,#3351,#3352,
    #3353,#3354,#3355,#3356,#3357,#3358,#3359,#3360,#3361,#3362,#3363,
    #3364,#3365,#3366,#3367,#3368,#3369,#3370,#3371,#3372,#3373,#3374,
    #3375,#3376,#3377),.UNSPECIFIED.,.F.,.F.,(8,6,6,6,6,6,6,6,6,6,6,6,8)
  ,(0.,0.129604473987,0.242758739464,0.261100586152,0.363123344985,
    0.467364890415,0.581117367617,0.661476971612,0.759977536106,
    0.854955530985,0.883544886918,0.937583477505,1.),.UNSPECIFIED.);
#3304 = CARTESIAN_POINT('',(12.036576878567,22.879650823806));
#3305 = CARTESIAN_POINT('',(12.036579382273,23.303244573783));
#3306 = CARTESIAN_POINT('',(12.036580808171,23.727073588418));
#3307 = CARTESIAN_POINT('',(12.036579901544,24.150707771903));
#3308 = CARTESIAN_POINT('',(12.036575609895,24.574278344571));
#3309 = CARTESIAN_POINT('',(12.036573030094,24.997913721528));
#3310 = CARTESIAN_POINT('',(12.036573105827,25.421744594531));
#3311 = CARTESIAN_POINT('',(12.036574769436,26.215166441918));
#3312 = CARTESIAN_POINT('',(12.036576244649,26.585116468423));
#3313 = CARTESIAN_POINT('',(12.036576833206,26.95497292081));
#3314 = CARTESIAN_POINT('',(12.036575811773,27.324791085065));
#3315 = CARTESIAN_POINT('',(12.036567168879,27.69464211189));
#3316 = CARTESIAN_POINT('',(12.036567527695,28.064581932145));
#3317 = CARTESIAN_POINT('',(12.036582527316,28.494357562316));
#3318 = CARTESIAN_POINT('',(12.036584659931,28.554304861422));
#3319 = CARTESIAN_POINT('',(12.036586143515,28.614252388173));
#3320 = CARTESIAN_POINT('',(12.03658667615,28.67420025344));
#3321 = CARTESIAN_POINT('',(12.036586343409,28.734148132289));
#3322 = CARTESIAN_POINT('',(12.036585618357,28.794095263979));
#3323 = CARTESIAN_POINT('',(12.036583933117,29.187473260593));
#3324 = CARTESIAN_POINT('',(12.036579397577,29.520981196625));
#3325 = CARTESIAN_POINT('',(12.036577981601,29.854435795841));
#3326 = CARTESIAN_POINT('',(12.036574885172,30.18786629255));
#3327 = CARTESIAN_POINT('',(12.036572555212,30.521319912139));
#3328 = CARTESIAN_POINT('',(12.036571162774,30.85482964947));
#3329 = CARTESIAN_POINT('',(12.036570813894,31.528958170483));
#3330 = CARTESIAN_POINT('',(12.036571887192,31.869718063348));
#3331 = CARTESIAN_POINT('',(12.036574343955,32.210415263411));
#3332 = CARTESIAN_POINT('',(12.036577612786,32.551090250738));
#3333 = CARTESIAN_POINT('',(12.036579916289,32.891797455719));
#3334 = CARTESIAN_POINT('',(12.036580730058,33.232570375111));
#3335 = CARTESIAN_POINT('',(12.036579641198,33.945016494472));
#3336 = CARTESIAN_POINT('',(12.036577488993,34.316908494773));
#3337 = CARTESIAN_POINT('',(12.036573957255,34.688701803492));
#3338 = CARTESIAN_POINT('',(12.036570413946,35.060454945866));
#3339 = CARTESIAN_POINT('',(12.036568876421,35.432244994452));
#3340 = CARTESIAN_POINT('',(12.036569254239,35.804133872907));
#3341 = CARTESIAN_POINT('',(12.036571934568,36.438533821433));
#3342 = CARTESIAN_POINT('',(12.036573634773,36.70118772012));
#3343 = CARTESIAN_POINT('',(12.03657567962,36.963825829807));
#3344 = CARTESIAN_POINT('',(12.036577569131,37.226454038332));
#3345 = CARTESIAN_POINT('',(12.036578863432,37.489092487036));
#3346 = CARTESIAN_POINT('',(12.036579370744,37.751746673567));
#3347 = CARTESIAN_POINT('',(12.036579011235,38.336298839953));
#3348 = CARTESIAN_POINT('',(12.036577802956,38.658283659062));
#3349 = CARTESIAN_POINT('',(12.036575777959,38.980222369916));
#3350 = CARTESIAN_POINT('',(12.036573674331,39.302139596033));
#3351 = CARTESIAN_POINT('',(12.036572768892,39.624077264033));
#3352 = CARTESIAN_POINT('',(12.036572915291,39.946062852707));
#3353 = CARTESIAN_POINT('',(12.036574107785,40.578400994425));
#3354 = CARTESIAN_POINT('',(12.036575135826,40.888863415836));
#3355 = CARTESIAN_POINT('',(12.036575973384,41.199286202669));
#3356 = CARTESIAN_POINT('',(12.036576048606,41.509689968884));
#3357 = CARTESIAN_POINT('',(12.036573837999,41.820109709987));
#3358 = CARTESIAN_POINT('',(12.036573534345,42.130566921446));
#3359 = CARTESIAN_POINT('',(12.036574228782,42.534416530866));
#3360 = CARTESIAN_POINT('',(12.036574395849,42.627856680227));
#3361 = CARTESIAN_POINT('',(12.036574861576,42.721296905191));
#3362 = CARTESIAN_POINT('',(12.036575027552,42.814736473362));
#3363 = CARTESIAN_POINT('',(12.036574768532,42.908174715783));
#3364 = CARTESIAN_POINT('',(12.03657456178,43.001611239885));
#3365 = CARTESIAN_POINT('',(12.036574041996,43.271659812364));
#3366 = CARTESIAN_POINT('',(12.036573821356,43.44827159642));
#3367 = CARTESIAN_POINT('',(12.036574109832,43.624881683537));
#3368 = CARTESIAN_POINT('',(12.036574582033,43.801492197096));
#3369 = CARTESIAN_POINT('',(12.036574914406,43.978105786849));
#3370 = CARTESIAN_POINT('',(12.03657503989,44.154721741517));
#3371 = CARTESIAN_POINT('',(12.036574824982,44.535322809174));
#3372 = CARTESIAN_POINT('',(12.036574416345,44.73932321419));
#3373 = CARTESIAN_POINT('',(12.036573705258,44.943320444286));
#3374 = CARTESIAN_POINT('',(12.036572931798,45.147314831074));
#3375 = CARTESIAN_POINT('',(12.036572365912,45.351311299125));
#3376 = CARTESIAN_POINT('',(12.03657217406,45.555311036793));
#3377 = CARTESIAN_POINT('',(12.036572371709,45.759303155353));
#3378 = ( GEOMETRIC_REPRESENTATION_CONTEXT(2) 
PARAMETRIC_REPRESENTATION_CONTEXT() REPRESENTATION_CONTEXT('2D SPACE',''
  ) );
#3379 = ORIENTED_EDGE('',*,*,#2522,.T.);
#3380 = ORIENTED_EDGE('',*,*,#1327,.T.);
#3381 = ORIENTED_EDGE('',*,*,#3382,.F.);
#3382 = EDGE_CURVE('',#3145,#1072,#3383,.T.);
#3383 = SURFACE_CURVE('',#3384,(#3388,#3395),.PCURVE_S1.);
#3384 = LINE('',#3385,#3386);
#3385 = CARTESIAN_POINT('',(8.,40.,-151.));
#3386 = VECTOR('',#3387,1.);
#3387 = DIRECTION('',(0.,0.,1.));
#3388 = PCURVE('',#1509,#3389);
#3389 = DEFINITIONAL_REPRESENTATION('',(#3390),#3394);
#3390 = LINE('',#3391,#3392);
#3391 = CARTESIAN_POINT('',(-6.28318530718,0.));
#3392 = VECTOR('',#3393,1.);
#3393 = DIRECTION('',(-0.,-1.));
#3394 = ( GEOMETRIC_REPRESENTATION_CONTEXT(2) 
PARAMETRIC_REPRESENTATION_CONTEXT() REPRESENTATION_CONTEXT('2D SPACE',''
  ) );
#3395 = PCURVE('',#1239,#3396);
#3396 = DEFINITIONAL_REPRESENTATION('',(#3397),#3401);
#3397 = LINE('',#3398,#3399);
#3398 = CARTESIAN_POINT('',(-0.,0.));
#3399 = VECTOR('',#3400,1.);
#3400 = DIRECTION('',(-0.,-1.));
#3401 = ( GEOMETRIC_REPRESENTATION_CONTEXT(2) 
PARAMETRIC_REPRESENTATION_CONTEXT() REPRESENTATION_CONTEXT('2D SPACE',''
  ) );
#3402 = ADVANCED_FACE('',(#3403),#1239,.T.);
#3403 = FACE_BOUND('',#3404,.F.);
#3404 = EDGE_LOOP('',(#3405,#3635,#3636,#3637));
#3405 = ORIENTED_EDGE('',*,*,#3406,.F.);
#3406 = EDGE_CURVE('',#3145,#3407,#3409,.T.);
#3407 = VERTEX_POINT('',#3408);
#3408 = CARTESIAN_POINT('',(8.,40.,-79.56250557341));
#3409 = SURFACE_CURVE('',#3410,(#3483,#3559),.PCURVE_S1.);
#3410 = B_SPLINE_CURVE_WITH_KNOTS('',8,(#3411,#3412,#3413,#3414,#3415,
    #3416,#3417,#3418,#3419,#3420,#3421,#3422,#3423,#3424,#3425,#3426,
    #3427,#3428,#3429,#3430,#3431,#3432,#3433,#3434,#3435,#3436,#3437,
    #3438,#3439,#3440,#3441,#3442,#3443,#3444,#3445,#3446,#3447,#3448,
    #3449,#3450,#3451,#3452,#3453,#3454,#3455,#3456,#3457,#3458,#3459,
    #3460,#3461,#3462,#3463,#3464,#3465,#3466,#3467,#3468,#3469,#3470,
    #3471,#3472,#3473,#3474,#3475,#3476,#3477,#3478,#3479,#3480,#3481,
    #3482),.UNSPECIFIED.,.F.,.F.,(9,7,7,7,7,7,7,7,7,7,9),(0.,
    9.996672120985E-02,0.199196951055,0.336494785539,0.414190342764,
    0.487092911494,0.518554898472,0.622144213125,0.712659173082,
    0.830015998385,1.),.UNSPECIFIED.);
#3411 = CARTESIAN_POINT('',(8.,40.,-101.5625011063));
#3412 = CARTESIAN_POINT('',(8.,40.627990685042,-101.2876449679));
#3413 = CARTESIAN_POINT('',(7.943660955181,41.256093698468,
    -101.0127400563));
#3414 = CARTESIAN_POINT('',(7.830948494739,41.878249715677,-100.73785731
    ));
#3415 = CARTESIAN_POINT('',(7.662647154664,42.488550764595,
    -100.4629974593));
#3416 = CARTESIAN_POINT('',(7.440246993291,43.081281020922,
    -100.188137768));
#3417 = CARTESIAN_POINT('',(7.165901366624,43.650941460633,
    -99.9132552837));
#3418 = CARTESIAN_POINT('',(6.842445018038,44.192293509904,
    -99.63834996244));
#3419 = CARTESIAN_POINT('',(6.107196691232,45.204876330407,
    -99.09065708317));
#3420 = CARTESIAN_POINT('',(5.695951384253,45.676761921738,
    -98.81777818507));
#3421 = CARTESIAN_POINT('',(5.243179171683,46.111304515744,
    -98.54492145998));
#3422 = CARTESIAN_POINT('',(4.752889321769,46.504277751656,
    -98.27208713734));
#3423 = CARTESIAN_POINT('',(4.22953726573,46.852005997951,
    -97.99925290623));
#3424 = CARTESIAN_POINT('',(3.677978573942,47.151360838779,
    -97.72639642507));
#3425 = CARTESIAN_POINT('',(3.103458391512,47.399806346584,
    -97.4535178672));
#3426 = CARTESIAN_POINT('',(1.692706968013,47.866299471072,
    -96.80318403269));
#3427 = CARTESIAN_POINT('',(0.839938043056,48.036350029066,
    -96.42545181441));
#3428 = CARTESIAN_POINT('',(-3.149465972506E-02,48.100398348223,
    -96.04784098532));
#3429 = CARTESIAN_POINT('',(-0.906140533561,48.056454487579,
    -95.67033180898));
#3430 = CARTESIAN_POINT('',(-1.768690156048,47.905007310937,
    -95.29282513026));
#3431 = CARTESIAN_POINT('',(-2.604111738246,47.648985645632,
    -94.91522086095));
#3432 = CARTESIAN_POINT('',(-3.397792963822,47.293760349022,
    -94.53749537449));
#3433 = CARTESIAN_POINT('',(-4.553885066978,46.595480527978,
    -93.94636905705));
#3434 = CARTESIAN_POINT('',(-4.954108461071,46.313986028056,
    -93.7327324723));
#3435 = CARTESIAN_POINT('',(-5.334349426721,46.004793903377,
    -93.519102087));
#3436 = CARTESIAN_POINT('',(-5.692382418144,45.669575115069,
    -93.30547867485));
#3437 = CARTESIAN_POINT('',(-6.026161518287,45.310198987037,
    -93.09185447198));
#3438 = CARTESIAN_POINT('',(-6.333825045455,44.928719020803,
    -92.87822202487));
#3439 = CARTESIAN_POINT('',(-6.613710153775,44.52736865482,
    -92.66458306602));
#3440 = CARTESIAN_POINT('',(-7.09958119983,43.715600885915,
    -92.25051019614));
#3441 = CARTESIAN_POINT('',(-7.309093474109,43.307215671486,
    -92.05004715085));
#3442 = CARTESIAN_POINT('',(-7.491711252571,42.885405535372,
    -91.84958632779));
#3443 = CARTESIAN_POINT('',(-7.646441649444,42.452250127236,
    -91.64913160818));
#3444 = CARTESIAN_POINT('',(-7.77248943188,42.009899573286,
    -91.44867926584));
#3445 = CARTESIAN_POINT('',(-7.869253848964,41.560563221056,
    -91.24822434708));
#3446 = CARTESIAN_POINT('',(-7.936334748796,41.106502091686,
    -91.0477668727));
#3447 = CARTESIAN_POINT('',(-7.989607806125,40.45302683625,
    -90.76081166267));
#3448 = CARTESIAN_POINT('',(-8.000105138017,40.255571726657,
    -90.67430385458));
#3449 = CARTESIAN_POINT('',(-8.00502509534,40.057846596912,
    -90.58779574156));
#3450 = CARTESIAN_POINT('',(-8.004360021233,39.860037011945,
    -90.50128811318));
#3451 = CARTESIAN_POINT('',(-7.998109485967,39.662327215603,
    -90.41478124494));
#3452 = CARTESIAN_POINT('',(-7.986280286951,39.464900130658,
    -90.32827489825));
#3453 = CARTESIAN_POINT('',(-7.96888644873,39.267937358802,
    -90.24176832047));
#3454 = CARTESIAN_POINT('',(-7.870427880464,38.425237070619,
    -89.87043041927));
#3455 = CARTESIAN_POINT('',(-7.73479867694,37.785751685747,
    -89.58554464022));
#3456 = CARTESIAN_POINT('',(-7.539805908435,37.159873923136,
    -89.30068531529));
#3457 = CARTESIAN_POINT('',(-7.287114565109,36.554024123096,
    -89.0158529236));
#3458 = CARTESIAN_POINT('',(-6.979166318817,35.974303320664,
    -88.73102086673));
#3459 = CARTESIAN_POINT('',(-6.619127192877,35.426471437358,
    -88.44616215224));
#3460 = CARTESIAN_POINT('',(-6.210905432391,34.915891175911,
    -88.16127672281));
#3461 = CARTESIAN_POINT('',(-5.364539727823,34.038031884372,
    -87.62756892215));
#3462 = CARTESIAN_POINT('',(-4.936560767967,33.660681094516,
    -87.3786614294));
#3463 = CARTESIAN_POINT('',(-4.478375669552,33.318579122894,
    -87.12976640735));
#3464 = CARTESIAN_POINT('',(-3.993399528845,33.014517608076,
    -86.88088685737));
#3465 = CARTESIAN_POINT('',(-3.485316671209,32.750875836386,
    -86.63200705354));
#3466 = CARTESIAN_POINT('',(-2.958046715876,32.5296214791,
    -86.38311141411));
#3467 = CARTESIAN_POINT('',(-2.415728116937,32.352280945923,
    -86.13420333121));
#3468 = CARTESIAN_POINT('',(-1.1457175582,32.048214577913,
    -85.56264036004));
#3469 = CARTESIAN_POINT('',(-0.410395371079,31.952010009507,
    -85.23984848673));
#3470 = CARTESIAN_POINT('',(0.333634636654,31.93365750478,-84.9171079024
    ));
#3471 = CARTESIAN_POINT('',(1.076716723899,31.993903970131,
    -84.59441726804));
#3472 = CARTESIAN_POINT('',(1.809309436985,32.132118085396,
    -84.27172840761));
#3473 = CARTESIAN_POINT('',(2.522047848192,32.346384542764,
    -83.94899159874));
#3474 = CARTESIAN_POINT('',(3.205825018241,32.633436268489,
    -83.6262015494));
#3475 = CARTESIAN_POINT('',(4.787960960159,33.502628628459,
    -82.83612014932));
#3476 = CARTESIAN_POINT('',(5.646769713511,34.160322743191,
    -82.36807902835));
#3477 = CARTESIAN_POINT('',(6.400563701161,34.947099219958,
    -81.9004171391));
#3478 = CARTESIAN_POINT('',(7.027537588178,35.842554378793,
    -81.43300564402));
#3479 = CARTESIAN_POINT('',(7.510470773605,36.823227151514,
    -80.96559605924));
#3480 = CARTESIAN_POINT('',(7.837085052029,37.862726437661,
    -80.49793579291));
#3481 = CARTESIAN_POINT('',(8.,38.932105755773,-80.02989727884));
#3482 = CARTESIAN_POINT('',(8.,40.,-79.56250557341));
#3483 = PCURVE('',#1239,#3484);
#3484 = DEFINITIONAL_REPRESENTATION('',(#3485),#3558);
#3485 = B_SPLINE_CURVE_WITH_KNOTS('',8,(#3486,#3487,#3488,#3489,#3490,
    #3491,#3492,#3493,#3494,#3495,#3496,#3497,#3498,#3499,#3500,#3501,
    #3502,#3503,#3504,#3505,#3506,#3507,#3508,#3509,#3510,#3511,#3512,
    #3513,#3514,#3515,#3516,#3517,#3518,#3519,#3520,#3521,#3522,#3523,
    #3524,#3525,#3526,#3527,#3528,#3529,#3530,#3531,#3532,#3533,#3534,
    #3535,#3536,#3537,#3538,#3539,#3540,#3541,#3542,#3543,#3544,#3545,
    #3546,#3547,#3548,#3549,#3550,#3551,#3552,#3553,#3554,#3555,#3556,
    #3557),.UNSPECIFIED.,.F.,.F.,(9,7,7,7,7,7,7,7,7,7,9),(0.,
    9.996672120985E-02,0.199196951055,0.336494785539,0.414190342764,
    0.487092911494,0.518554898472,0.622144213125,0.712659173082,
    0.830015998385,1.),.UNSPECIFIED.);
#3486 = CARTESIAN_POINT('',(0.,-49.43749889363));
#3487 = CARTESIAN_POINT('',(-7.849883563021E-02,-49.712355032));
#3488 = CARTESIAN_POINT('',(-0.157011714405,-49.98725994363));
#3489 = CARTESIAN_POINT('',(-0.235518304176,-50.26214268998));
#3490 = CARTESIAN_POINT('',(-0.314018286866,-50.5370025406));
#3491 = CARTESIAN_POINT('',(-0.392518110908,-50.81186223194));
#3492 = CARTESIAN_POINT('',(-0.471024354906,-51.08674471629));
#3493 = CARTESIAN_POINT('',(-0.549537080555,-51.36165003755));
#3494 = CARTESIAN_POINT('',(-0.705957690932,-51.90934291682));
#3495 = CARTESIAN_POINT('',(-0.783891662769,-52.18222181492));
#3496 = CARTESIAN_POINT('',(-0.861819332691,-52.45507854001));
#3497 = CARTESIAN_POINT('',(-0.939740665766,-52.72791286265));
#3498 = CARTESIAN_POINT('',(-1.01766201833,-53.00074709376));
#3499 = CARTESIAN_POINT('',(-1.095589723091,-53.27360357493));
#3500 = CARTESIAN_POINT('',(-1.173523686449,-53.5464821328));
#3501 = CARTESIAN_POINT('',(-1.359258519868,-54.1968159673));
#3502 = CARTESIAN_POINT('',(-1.467138427666,-54.57454818558));
#3503 = CARTESIAN_POINT('',(-1.574983511183,-54.95215901467));
#3504 = CARTESIAN_POINT('',(-1.682799451086,-55.32966819101));
#3505 = CARTESIAN_POINT('',(-1.790614840134,-55.70717486973));
#3506 = CARTESIAN_POINT('',(-1.898458564866,-56.08477913904));
#3507 = CARTESIAN_POINT('',(-2.006337202668,-56.4625046255));
#3508 = CARTESIAN_POINT('',(-2.175163280864,-57.05363094295));
#3509 = CARTESIAN_POINT('',(-2.236178039375,-57.26726752769));
#3510 = CARTESIAN_POINT('',(-2.2971909853,-57.48089791299));
#3511 = CARTESIAN_POINT('',(-2.358201827069,-57.69452132514));
#3512 = CARTESIAN_POINT('',(-2.419212721503,-57.90814552801));
#3513 = CARTESIAN_POINT('',(-2.480225773299,-58.12177797512));
#3514 = CARTESIAN_POINT('',(-2.54124051908,-58.33541693398));
#3515 = CARTESIAN_POINT('',(-2.659498551579,-58.74948980385));
#3516 = CARTESIAN_POINT('',(-2.716750166102,-58.94995284914));
#3517 = CARTESIAN_POINT('',(-2.774001162614,-59.1504136722));
#3518 = CARTESIAN_POINT('',(-2.831250549443,-59.35086839181));
#3519 = CARTESIAN_POINT('',(-2.888499539653,-59.55132073415));
#3520 = CARTESIAN_POINT('',(-2.945749670838,-59.75177565291));
#3521 = CARTESIAN_POINT('',(-3.003000925281,-59.95223312729));
#3522 = CARTESIAN_POINT('',(-3.084956317884,-60.23918833732));
#3523 = CARTESIAN_POINT('',(-3.109663169156,-60.32569614542));
#3524 = CARTESIAN_POINT('',(-3.134370039246,-60.41220425844));
#3525 = CARTESIAN_POINT('',(-3.15907671199,-60.49871188681));
#3526 = CARTESIAN_POINT('',(-3.183783120103,-60.58521875505));
#3527 = CARTESIAN_POINT('',(-3.208489345182,-60.67172510174));
#3528 = CARTESIAN_POINT('',(-3.233195617698,-60.75823167952));
#3529 = CARTESIAN_POINT('',(-3.33924969186,-61.12956958072));
#3530 = CARTESIAN_POINT('',(-3.42061272434,-61.41445535978));
#3531 = CARTESIAN_POINT('',(-3.501967698474,-61.6993146847));
#3532 = CARTESIAN_POINT('',(-3.583314904906,-61.98414707639));
#3533 = CARTESIAN_POINT('',(-3.664662241592,-62.26897913326));
#3534 = CARTESIAN_POINT('',(-3.746017468145,-62.55383784775));
#3535 = CARTESIAN_POINT('',(-3.827380545151,-62.83872327718));
#3536 = CARTESIAN_POINT('',(-3.97980736374,-63.37243107784));
#3537 = CARTESIAN_POINT('',(-4.05089538494,-63.62133857059));
#3538 = CARTESIAN_POINT('',(-4.121979886209,-63.87023359264));
#3539 = CARTESIAN_POINT('',(-4.193059934614,-64.11911314262));
#3540 = CARTESIAN_POINT('',(-4.264139973133,-64.36799294645));
#3541 = CARTESIAN_POINT('',(-4.335224447424,-64.61688858588));
#3542 = CARTESIAN_POINT('',(-4.406312417688,-64.86579666878));
#3543 = CARTESIAN_POINT('',(-4.569550318056,-65.43735963996));
#3544 = CARTESIAN_POINT('',(-4.661739350391,-65.76015151326));
#3545 = CARTESIAN_POINT('',(-4.75391373851,-66.08289209759));
#3546 = CARTESIAN_POINT('',(-4.846073951257,-66.40558273196));
#3547 = CARTESIAN_POINT('',(-4.938233744081,-66.72827159238));
#3548 = CARTESIAN_POINT('',(-5.030407243598,-67.05100840125));
#3549 = CARTESIAN_POINT('',(-5.122595893043,-67.37379845059));
#3550 = CARTESIAN_POINT('',(-5.348242515876,-68.16387985067));
#3551 = CARTESIAN_POINT('',(-5.481914544775,-68.63192097164));
#3552 = CARTESIAN_POINT('',(-5.61547810907,-69.0995828609));
#3553 = CARTESIAN_POINT('',(-5.74897004908,-69.56699435597));
#3554 = CARTESIAN_POINT('',(-5.882462184157,-70.03440394075));
#3555 = CARTESIAN_POINT('',(-6.016026517505,-70.50206420708));
#3556 = CARTESIAN_POINT('',(-6.149698526651,-70.97010272115));
#3557 = CARTESIAN_POINT('',(-6.28318530718,-71.43749442658));
#3558 = ( GEOMETRIC_REPRESENTATION_CONTEXT(2) 
PARAMETRIC_REPRESENTATION_CONTEXT() REPRESENTATION_CONTEXT('2D SPACE',''
  ) );
#3559 = PCURVE('',#2305,#3560);
#3560 = DEFINITIONAL_REPRESENTATION('',(#3561),#3634);
#3561 = B_SPLINE_CURVE_WITH_KNOTS('',8,(#3562,#3563,#3564,#3565,#3566,
    #3567,#3568,#3569,#3570,#3571,#3572,#3573,#3574,#3575,#3576,#3577,
    #3578,#3579,#3580,#3581,#3582,#3583,#3584,#3585,#3586,#3587,#3588,
    #3589,#3590,#3591,#3592,#3593,#3594,#3595,#3596,#3597,#3598,#3599,
    #3600,#3601,#3602,#3603,#3604,#3605,#3606,#3607,#3608,#3609,#3610,
    #3611,#3612,#3613,#3614,#3615,#3616,#3617,#3618,#3619,#3620,#3621,
    #3622,#3623,#3624,#3625,#3626,#3627,#3628,#3629,#3630,#3631,#3632,
    #3633),.UNSPECIFIED.,.F.,.F.,(9,7,7,7,7,7,7,7,7,7,9),(0.,
    9.996672120985E-02,0.199196951055,0.336494785539,0.414190342764,
    0.487092911494,0.518554898472,0.622144213125,0.712659173082,
    0.830015998385,1.),.UNSPECIFIED.);
#3562 = CARTESIAN_POINT('',(12.036572371709,45.759303155353));
#3563 = CARTESIAN_POINT('',(12.036572648667,46.045149169379));
#3564 = CARTESIAN_POINT('',(12.036573675911,46.331045809515));
#3565 = CARTESIAN_POINT('',(12.03657552277,46.616919299155));
#3566 = CARTESIAN_POINT('',(12.036577797861,46.902768928282));
#3567 = CARTESIAN_POINT('',(12.036579727881,47.188618426906));
#3568 = CARTESIAN_POINT('',(12.036580684408,47.474491731838));
#3569 = CARTESIAN_POINT('',(12.036580590899,47.76038889954));
#3570 = CARTESIAN_POINT('',(12.036578700178,48.329980981813));
#3571 = CARTESIAN_POINT('',(12.036576918135,48.613770887012));
#3572 = CARTESIAN_POINT('',(12.036574493941,48.897537805647));
#3573 = CARTESIAN_POINT('',(12.036571955172,49.181281445133));
#3574 = CARTESIAN_POINT('',(12.036569998655,49.465024934554));
#3575 = CARTESIAN_POINT('',(12.036569101329,49.748791453518));
#3576 = CARTESIAN_POINT('',(12.036569260941,50.032580813176));
#3577 = CARTESIAN_POINT('',(12.036571559539,50.708917423959));
#3578 = CARTESIAN_POINT('',(12.03657443705,51.101752600545));
#3579 = CARTESIAN_POINT('',(12.036578144351,51.494461406526));
#3580 = CARTESIAN_POINT('',(12.036581090635,51.887064533962));
#3581 = CARTESIAN_POINT('',(12.036580932394,52.279665369247));
#3582 = CARTESIAN_POINT('',(12.036578657406,52.672368021158));
#3583 = CARTESIAN_POINT('',(12.036576288383,53.065196898387));
#3584 = CARTESIAN_POINT('',(12.036573910108,53.679959451138));
#3585 = CARTESIAN_POINT('',(12.036573325365,53.902138310824));
#3586 = CARTESIAN_POINT('',(12.036573181937,54.124310690664));
#3587 = CARTESIAN_POINT('',(12.036573576318,54.346475754134));
#3588 = CARTESIAN_POINT('',(12.0365743712,54.568641551701));
#3589 = CARTESIAN_POINT('',(12.036575198792,54.790815825612));
#3590 = CARTESIAN_POINT('',(12.036575631186,55.012996783207));
#3591 = CARTESIAN_POINT('',(12.036575411319,55.443625552852));
#3592 = CARTESIAN_POINT('',(12.036574804911,55.652103673179));
#3593 = CARTESIAN_POINT('',(12.036573662983,55.860579448065));
#3594 = CARTESIAN_POINT('',(12.03657192385,56.069048897106));
#3595 = CARTESIAN_POINT('',(12.03657014568,56.277515958181));
#3596 = CARTESIAN_POINT('',(12.036569613047,56.485985884841));
#3597 = CARTESIAN_POINT('',(12.036571904049,56.694458894112));
#3598 = CARTESIAN_POINT('',(12.036580513385,56.992889735249));
#3599 = CARTESIAN_POINT('',(12.036583404933,57.082857182334));
#3600 = CARTESIAN_POINT('',(12.036585714809,57.172824828805));
#3601 = CARTESIAN_POINT('',(12.036586939044,57.262791722282));
#3602 = CARTESIAN_POINT('',(12.036586947525,57.352757535137));
#3603 = CARTESIAN_POINT('',(12.036585983999,57.442722564494));
#3604 = CARTESIAN_POINT('',(12.03658466607,57.532687732229));
#3605 = CARTESIAN_POINT('',(12.036581743423,57.918872513729));
#3606 = CARTESIAN_POINT('',(12.036578750411,58.215148230484));
#3607 = CARTESIAN_POINT('',(12.03657681565,58.511396565734));
#3608 = CARTESIAN_POINT('',(12.036574604082,58.80761729505));
#3609 = CARTESIAN_POINT('',(12.036572315343,59.103838024224));
#3610 = CARTESIAN_POINT('',(12.036570990324,59.400086642974));
#3611 = CARTESIAN_POINT('',(12.036570611582,59.696363110963));
#3612 = CARTESIAN_POINT('',(12.036571646875,60.251410999236));
#3613 = CARTESIAN_POINT('',(12.036572820214,60.510270949206));
#3614 = CARTESIAN_POINT('',(12.036574642534,60.769117872347));
#3615 = CARTESIAN_POINT('',(12.036576756006,61.027948638261));
#3616 = CARTESIAN_POINT('',(12.036578688201,61.286779621756));
#3617 = CARTESIAN_POINT('',(12.036580021338,61.545627061965));
#3618 = CARTESIAN_POINT('',(12.036580529094,61.804487462393));
#3619 = CARTESIAN_POINT('',(12.036579959353,62.398903817378));
#3620 = CARTESIAN_POINT('',(12.036578358121,62.734602254146));
#3621 = CARTESIAN_POINT('',(12.036575549788,63.070247425367));
#3622 = CARTESIAN_POINT('',(12.036572276839,63.405840708205));
#3623 = CARTESIAN_POINT('',(12.036569780051,63.74143213397));
#3624 = CARTESIAN_POINT('',(12.036568898399,64.077073350371));
#3625 = CARTESIAN_POINT('',(12.036569453601,64.412769861227));
#3626 = CARTESIAN_POINT('',(12.03657307406,65.234441806005));
#3627 = CARTESIAN_POINT('',(12.036577156915,65.72119693099));
#3628 = CARTESIAN_POINT('',(12.036581501105,66.207557625451));
#3629 = CARTESIAN_POINT('',(12.036582881874,66.693658054718));
#3630 = CARTESIAN_POINT('',(12.036577462755,67.179756901303));
#3631 = CARTESIAN_POINT('',(12.036573707575,67.666116299907));
#3632 = CARTESIAN_POINT('',(12.03657274376,68.152868950343));
#3633 = CARTESIAN_POINT('',(12.036573258331,68.638948919047));
#3634 = ( GEOMETRIC_REPRESENTATION_CONTEXT(2) 
PARAMETRIC_REPRESENTATION_CONTEXT() REPRESENTATION_CONTEXT('2D SPACE',''
  ) );
#3635 = ORIENTED_EDGE('',*,*,#3382,.T.);
#3636 = ORIENTED_EDGE('',*,*,#1071,.T.);
#3637 = ORIENTED_EDGE('',*,*,#3638,.F.);
#3638 = EDGE_CURVE('',#3407,#858,#3639,.T.);
#3639 = SURFACE_CURVE('',#3640,(#3644,#3651),.PCURVE_S1.);
#3640 = LINE('',#3641,#3642);
#3641 = CARTESIAN_POINT('',(8.,40.,-151.));
#3642 = VECTOR('',#3643,1.);
#3643 = DIRECTION('',(0.,0.,1.));
#3644 = PCURVE('',#1239,#3645);
#3645 = DEFINITIONAL_REPRESENTATION('',(#3646),#3650);
#3646 = LINE('',#3647,#3648);
#3647 = CARTESIAN_POINT('',(-6.28318530718,0.));
#3648 = VECTOR('',#3649,1.);
#3649 = DIRECTION('',(-0.,-1.));
#3650 = ( GEOMETRIC_REPRESENTATION_CONTEXT(2) 
PARAMETRIC_REPRESENTATION_CONTEXT() REPRESENTATION_CONTEXT('2D SPACE',''
  ) );
#3651 = PCURVE('',#997,#3652);
#3652 = DEFINITIONAL_REPRESENTATION('',(#3653),#3657);
#3653 = LINE('',#3654,#3655);
#3654 = CARTESIAN_POINT('',(-0.,0.));
#3655 = VECTOR('',#3656,1.);
#3656 = DIRECTION('',(-0.,-1.));
#3657 = ( GEOMETRIC_REPRESENTATION_CONTEXT(2) 
PARAMETRIC_REPRESENTATION_CONTEXT() REPRESENTATION_CONTEXT('2D SPACE',''
  ) );
#3658 = ADVANCED_FACE('',(#3659),#997,.T.);
#3659 = FACE_BOUND('',#3660,.F.);
#3660 = EDGE_LOOP('',(#3661,#3912,#3913,#3914,#3938));
#3661 = ORIENTED_EDGE('',*,*,#3662,.F.);
#3662 = EDGE_CURVE('',#3407,#3663,#3665,.T.);
#3663 = VERTEX_POINT('',#3664);
#3664 = CARTESIAN_POINT('',(8.,40.,-57.56250331731));
#3665 = SURFACE_CURVE('',#3666,(#3746,#3829),.PCURVE_S1.);
#3666 = B_SPLINE_CURVE_WITH_KNOTS('',8,(#3667,#3668,#3669,#3670,#3671,
    #3672,#3673,#3674,#3675,#3676,#3677,#3678,#3679,#3680,#3681,#3682,
    #3683,#3684,#3685,#3686,#3687,#3688,#3689,#3690,#3691,#3692,#3693,
    #3694,#3695,#3696,#3697,#3698,#3699,#3700,#3701,#3702,#3703,#3704,
    #3705,#3706,#3707,#3708,#3709,#3710,#3711,#3712,#3713,#3714,#3715,
    #3716,#3717,#3718,#3719,#3720,#3721,#3722,#3723,#3724,#3725,#3726,
    #3727,#3728,#3729,#3730,#3731,#3732,#3733,#3734,#3735,#3736,#3737,
    #3738,#3739,#3740,#3741,#3742,#3743,#3744,#3745),.UNSPECIFIED.,.F.,
  .F.,(9,7,7,7,7,7,7,7,7,7,7,9),(0.,0.114514849541,0.182392906959,
    0.274041422003,0.348408871801,0.449335517778,0.5341863504,
    0.66191315201,0.700950634658,0.751058487655,0.866743797503,1.),
  .UNSPECIFIED.);
#3667 = CARTESIAN_POINT('',(8.,40.,-79.56250557341));
#3668 = CARTESIAN_POINT('',(8.,40.719431587448,-79.24762761765));
#3669 = CARTESIAN_POINT('',(7.926059317509,41.439073591087,
    -78.93265671959));
#3670 = CARTESIAN_POINT('',(7.778104857569,42.149744038499,
    -78.61773123976));
#3671 = CARTESIAN_POINT('',(7.557511458347,42.84255936776,
    -78.30284957145));
#3672 = CARTESIAN_POINT('',(7.266848955957,43.509016850905,
    -77.98796956434));
#3673 = CARTESIAN_POINT('',(6.909789842254,44.141031914108,
    -77.67304869579));
#3674 = CARTESIAN_POINT('',(6.491149143752,44.731022380359,
    -77.35808307608));
#3675 = CARTESIAN_POINT('',(5.735995496102,45.592871258192,
    -76.85656013374));
#3676 = CARTESIAN_POINT('',(5.435414987351,45.896499810504,
    -76.66990951926));
#3677 = CARTESIAN_POINT('',(5.116511141032,46.181614936606,
    -76.48326544928));
#3678 = CARTESIAN_POINT('',(4.780627140058,46.446928735016,
    -76.29662247605));
#3679 = CARTESIAN_POINT('',(4.429199632757,46.691280688248,
    -76.10997770755));
#3680 = CARTESIAN_POINT('',(4.063755550517,46.913634583467,
    -75.92333034478));
#3681 = CARTESIAN_POINT('',(3.685914838824,47.113078294406,
    -75.7366787983));
#3682 = CARTESIAN_POINT('',(2.772789812805,47.526164705747,
    -75.29803056724));
#3683 = CARTESIAN_POINT('',(2.228600790722,47.720368406895,
    -75.04598924145));
#3684 = CARTESIAN_POINT('',(1.669049147121,47.869515682978,
    -74.7939609662));
#3685 = CARTESIAN_POINT('',(1.098513464037,47.972229199623,
    -74.54194922001));
#3686 = CARTESIAN_POINT('',(0.521464404439,48.027643140867,
    -74.28993983776));
#3687 = CARTESIAN_POINT('',(-5.756301712689E-02,48.035385591393,
    -74.03791708357));
#3688 = CARTESIAN_POINT('',(-0.633990894416,47.995598278286,
    -73.78587979921));
#3689 = CARTESIAN_POINT('',(-1.665139754477,47.838724749431,
    -73.32937886481));
#3690 = CARTESIAN_POINT('',(-2.122380468211,47.73761854223,
    -73.12487701292));
#3691 = CARTESIAN_POINT('',(-2.57251732325,47.606043508535,
    -72.92037981479));
#3692 = CARTESIAN_POINT('',(-3.01318344923,47.444596623568,
    -72.71588840068));
#3693 = CARTESIAN_POINT('',(-3.442086503401,47.254087344127,
    -72.51139686827));
#3694 = CARTESIAN_POINT('',(-3.857016447759,47.035528586839,
    -72.30689937975));
#3695 = CARTESIAN_POINT('',(-4.255857429485,46.790137860287,
    -72.10239725221));
#3696 = CARTESIAN_POINT('',(-5.153327824549,46.15185098547,
    -71.6203839247));
#3697 = CARTESIAN_POINT('',(-5.636855303974,45.737481099151,
    -71.3428120957));
#3698 = CARTESIAN_POINT('',(-6.082082293005,45.279825871386,
    -71.0652643453));
#3699 = CARTESIAN_POINT('',(-6.484527473706,44.783074246941,
    -70.78774115023));
#3700 = CARTESIAN_POINT('',(-6.840297227801,44.251895357184,
    -70.510218489));
#3701 = CARTESIAN_POINT('',(-7.146081077807,43.691388013478,
    -70.23267212542));
#3702 = CARTESIAN_POINT('',(-7.399200830356,43.107069835962,
    -69.95510190887));
#3703 = CARTESIAN_POINT('',(-7.76464951545,41.998597913825,
    -69.44426355641));
#3704 = CARTESIAN_POINT('',(-7.893021719674,41.479565319611,
    -69.21092594202));
#3705 = CARTESIAN_POINT('',(-7.981690470015,40.951265975531,
    -68.9775973584));
#3706 = CARTESIAN_POINT('',(-8.029906182004,40.417252394614,
    -68.74428007839));
#3707 = CARTESIAN_POINT('',(-8.037297834978,39.88111755148,
    -68.51096276255));
#3708 = CARTESIAN_POINT('',(-8.003862086389,39.346473481279,
    -68.27763410897));
#3709 = CARTESIAN_POINT('',(-7.92997628517,38.816931151734,
    -68.04429647666));
#3710 = CARTESIAN_POINT('',(-7.645521137433,37.512041614294,
    -67.45976509239));
#3711 = CARTESIAN_POINT('',(-7.384648941293,36.747238241597,
    -67.10839168671));
#3712 = CARTESIAN_POINT('',(-7.03641943041,36.014260860951,
    -66.7571008868));
#3713 = CARTESIAN_POINT('',(-6.605574130216,35.324693442412,
    -66.40588394386));
#3714 = CARTESIAN_POINT('',(-6.098487214822,34.689091370591,
    -66.05466753722));
#3715 = CARTESIAN_POINT('',(-5.522995230881,34.116973281421,
    -65.70337776155));
#3716 = CARTESIAN_POINT('',(-4.888444580825,33.616659156116,
    -65.35200433946));
#3717 = CARTESIAN_POINT('',(-3.997209250782,33.065847663185,
    -64.89344363387));
#3718 = CARTESIAN_POINT('',(-3.784060950144,32.944216929596,
    -64.78609833565));
#3719 = CARTESIAN_POINT('',(-3.566692125772,32.830079794332,
    -64.67875219043));
#3720 = CARTESIAN_POINT('',(-3.345411245709,32.723606878638,
    -64.57140560599));
#3721 = CARTESIAN_POINT('',(-3.120534393527,32.62495317671,
    -64.46405869201));
#3722 = CARTESIAN_POINT('',(-2.892384884487,32.534257894575,
    -64.35671154353));
#3723 = CARTESIAN_POINT('',(-2.661292881713,32.451644288975,
    -64.24936452444));
#3724 = CARTESIAN_POINT('',(-2.127624376716,32.281689112902,
    -64.00423107347));
#3725 = CARTESIAN_POINT('',(-1.82335029756,32.19964732729,
    -63.86644133243));
#3726 = CARTESIAN_POINT('',(-1.515489980708,32.13132307698,
    -63.72865039043));
#3727 = CARTESIAN_POINT('',(-1.204763281355,32.076896888027,
    -63.59086428504));
#3728 = CARTESIAN_POINT('',(-0.891905384737,32.036503166304,
    -63.45307836469));
#3729 = CARTESIAN_POINT('',(-0.57765626021,32.010230435603,
    -63.31528908828));
#3730 = CARTESIAN_POINT('',(-0.26275168404,31.998120736249,
    -63.17750359421));
#3731 = CARTESIAN_POINT('',(0.778871891007,32.004899163653,
    -62.72160663049));
#3732 = CARTESIAN_POINT('',(1.505408800461,32.085097604252,
    -62.40339958657));
#3733 = CARTESIAN_POINT('',(2.222196846483,32.24077852469,
    -62.08523885377));
#3734 = CARTESIAN_POINT('',(2.920092370564,32.470447363048,
    -61.76712234606));
#3735 = CARTESIAN_POINT('',(3.59035569548,32.771373566491,
    -61.44900549608));
#3736 = CARTESIAN_POINT('',(4.2246877136,33.139682596113,-61.13084316357
    ));
#3737 = CARTESIAN_POINT('',(4.815322885347,33.570308531422,
    -60.81263295564));
#3738 = CARTESIAN_POINT('',(5.977233260227,34.617286188452,
    -60.12809405129));
#3739 = CARTESIAN_POINT('',(6.532498677368,35.252413185863,
    -59.76147037242));
#3740 = CARTESIAN_POINT('',(7.0100536848,35.952556073277,-59.39494920563
    ));
#3741 = CARTESIAN_POINT('',(7.401251075784,36.706413980416,
    -59.02851468479));
#3742 = CARTESIAN_POINT('',(7.699414798784,37.501670146914,
    -58.66207980017));
#3743 = CARTESIAN_POINT('',(7.899867095322,38.325121604672,
    -58.2955579797));
#3744 = CARTESIAN_POINT('',(8.,39.162784565666,-57.92893269452));
#3745 = CARTESIAN_POINT('',(8.,40.,-57.56250331731));
#3746 = PCURVE('',#997,#3747);
#3747 = DEFINITIONAL_REPRESENTATION('',(#3748),#3828);
#3748 = B_SPLINE_CURVE_WITH_KNOTS('',8,(#3749,#3750,#3751,#3752,#3753,
    #3754,#3755,#3756,#3757,#3758,#3759,#3760,#3761,#3762,#3763,#3764,
    #3765,#3766,#3767,#3768,#3769,#3770,#3771,#3772,#3773,#3774,#3775,
    #3776,#3777,#3778,#3779,#3780,#3781,#3782,#3783,#3784,#3785,#3786,
    #3787,#3788,#3789,#3790,#3791,#3792,#3793,#3794,#3795,#3796,#3797,
    #3798,#3799,#3800,#3801,#3802,#3803,#3804,#3805,#3806,#3807,#3808,
    #3809,#3810,#3811,#3812,#3813,#3814,#3815,#3816,#3817,#3818,#3819,
    #3820,#3821,#3822,#3823,#3824,#3825,#3826,#3827),.UNSPECIFIED.,.F.,
  .F.,(9,7,7,7,7,7,7,7,7,7,7,9),(0.,0.114514849541,0.182392906959,
    0.274041422003,0.348408871801,0.449335517778,0.5341863504,
    0.66191315201,0.700950634658,0.751058487655,0.866743797503,1.),
  .UNSPECIFIED.);
#3749 = CARTESIAN_POINT('',(0.,-71.43749442658));
#3750 = CARTESIAN_POINT('',(-8.9928948431E-02,-71.75237238235));
#3751 = CARTESIAN_POINT('',(-0.179884208294,-72.0673432804));
#3752 = CARTESIAN_POINT('',(-0.269826226842,-72.38226876023));
#3753 = CARTESIAN_POINT('',(-0.359755482086,-72.69715042854));
#3754 = CARTESIAN_POINT('',(-0.449684389987,-73.01203043565));
#3755 = CARTESIAN_POINT('',(-0.539625700529,-73.3269513042));
#3756 = CARTESIAN_POINT('',(-0.629580674371,-73.64191692391));
#3757 = CARTESIAN_POINT('',(-0.772815649575,-74.14343986625));
#3758 = CARTESIAN_POINT('',(-0.826122549261,-74.33009048073));
#3759 = CARTESIAN_POINT('',(-0.879429113214,-74.51673455071));
#3760 = CARTESIAN_POINT('',(-0.932734485252,-74.70337752394));
#3761 = CARTESIAN_POINT('',(-0.98603980602,-74.89002229244));
#3762 = CARTESIAN_POINT('',(-1.039346419694,-75.07666965521));
#3763 = CARTESIAN_POINT('',(-1.092653678395,-75.26332120169));
#3764 = CARTESIAN_POINT('',(-1.217930727394,-75.70196943275));
#3765 = CARTESIAN_POINT('',(-1.289913127792,-75.95401075854));
#3766 = CARTESIAN_POINT('',(-1.361891864912,-76.20603903379));
#3767 = CARTESIAN_POINT('',(-1.433866081653,-76.45805077998));
#3768 = CARTESIAN_POINT('',(-1.505839821421,-76.71006016223));
#3769 = CARTESIAN_POINT('',(-1.577817495189,-76.96208291642));
#3770 = CARTESIAN_POINT('',(-1.649799365768,-77.21412020078));
#3771 = CARTESIAN_POINT('',(-1.780176060128,-77.67062113518));
#3772 = CARTESIAN_POINT('',(-1.838581797226,-77.87512298707));
#3773 = CARTESIAN_POINT('',(-1.896986172411,-78.0796201852));
#3774 = CARTESIAN_POINT('',(-1.955388846655,-78.28411159931));
#3775 = CARTESIAN_POINT('',(-2.013791505249,-78.48860313172));
#3776 = CARTESIAN_POINT('',(-2.072195828892,-78.69310062024));
#3777 = CARTESIAN_POINT('',(-2.130601461371,-78.89760274778));
#3778 = CARTESIAN_POINT('',(-2.268264049595,-79.37961607529));
#3779 = CARTESIAN_POINT('',(-2.347538319713,-79.65718790429));
#3780 = CARTESIAN_POINT('',(-2.426805745697,-79.93473565469));
#3781 = CARTESIAN_POINT('',(-2.506066222537,-80.21225884976));
#3782 = CARTESIAN_POINT('',(-2.58532659165,-80.489781511));
#3783 = CARTESIAN_POINT('',(-2.664593722599,-80.76732787457));
#3784 = CARTESIAN_POINT('',(-2.743867613559,-81.04489809112));
#3785 = CARTESIAN_POINT('',(-2.889762628446,-81.55573644358));
#3786 = CARTESIAN_POINT('',(-2.956403614432,-81.78907405797));
#3787 = CARTESIAN_POINT('',(-3.023041967,-82.02240264159));
#3788 = CARTESIAN_POINT('',(-3.089677045272,-82.2557199216));
#3789 = CARTESIAN_POINT('',(-3.156312117594,-82.48903723744));
#3790 = CARTESIAN_POINT('',(-3.222950457278,-82.72236589102));
#3791 = CARTESIAN_POINT('',(-3.289591435436,-82.95570352333));
#3792 = CARTESIAN_POINT('',(-3.456533202791,-83.5402349076));
#3793 = CARTESIAN_POINT('',(-3.556885421822,-83.89160831328));
#3794 = CARTESIAN_POINT('',(-3.657214301937,-84.24289911319));
#3795 = CARTESIAN_POINT('',(-3.757522359954,-84.59411605613));
#3796 = CARTESIAN_POINT('',(-3.857830159484,-84.94533246277));
#3797 = CARTESIAN_POINT('',(-3.958158354542,-85.29662223844));
#3798 = CARTESIAN_POINT('',(-4.058509814816,-85.64799566053));
#3799 = CARTESIAN_POINT('',(-4.189473413901,-86.10655636613));
#3800 = CARTESIAN_POINT('',(-4.220130895488,-86.21390166434));
#3801 = CARTESIAN_POINT('',(-4.250788606262,-86.32124780956));
#3802 = CARTESIAN_POINT('',(-4.281446443727,-86.428594394));
#3803 = CARTESIAN_POINT('',(-4.312104392909,-86.53594130798));
#3804 = CARTESIAN_POINT('',(-4.342762443365,-86.64328845646));
#3805 = CARTESIAN_POINT('',(-4.373420506196,-86.75063547555));
#3806 = CARTESIAN_POINT('',(-4.443430196943,-86.99576892652));
#3807 = CARTESIAN_POINT('',(-4.482782991762,-87.13355866757));
#3808 = CARTESIAN_POINT('',(-4.522135458166,-87.27134960956));
#3809 = CARTESIAN_POINT('',(-4.561487905971,-87.40913571495));
#3810 = CARTESIAN_POINT('',(-4.600840044785,-87.5469216353));
#3811 = CARTESIAN_POINT('',(-4.64019184411,-87.68471091171));
#3812 = CARTESIAN_POINT('',(-4.679544232585,-87.82249640578));
#3813 = CARTESIAN_POINT('',(-4.809749936375,-88.2783933695));
#3814 = CARTESIAN_POINT('',(-4.900630367857,-88.59660041342));
#3815 = CARTESIAN_POINT('',(-4.991496376392,-88.91476114622));
#3816 = CARTESIAN_POINT('',(-5.082349307425,-89.23287765393));
#3817 = CARTESIAN_POINT('',(-5.173202522704,-89.55099450391));
#3818 = CARTESIAN_POINT('',(-5.264069089177,-89.86915683642));
#3819 = CARTESIAN_POINT('',(-5.354949626621,-90.18736704435));
#3820 = CARTESIAN_POINT('',(-5.550453700011,-90.87190594871));
#3821 = CARTESIAN_POINT('',(-5.655161541996,-91.23852962757));
#3822 = CARTESIAN_POINT('',(-5.759840180292,-91.60505079435));
#3823 = CARTESIAN_POINT('',(-5.864493833978,-91.97148531521));
#3824 = CARTESIAN_POINT('',(-5.969147313804,-92.33792019982));
#3825 = CARTESIAN_POINT('',(-6.073825556921,-92.7044420203));
#3826 = CARTESIAN_POINT('',(-6.178533377888,-93.07106730547));
#3827 = CARTESIAN_POINT('',(-6.28318530718,-93.43749668268));
#3828 = ( GEOMETRIC_REPRESENTATION_CONTEXT(2) 
PARAMETRIC_REPRESENTATION_CONTEXT() REPRESENTATION_CONTEXT('2D SPACE',''
  ) );
#3829 = PCURVE('',#2305,#3830);
#3830 = DEFINITIONAL_REPRESENTATION('',(#3831),#3911);
#3831 = B_SPLINE_CURVE_WITH_KNOTS('',8,(#3832,#3833,#3834,#3835,#3836,
    #3837,#3838,#3839,#3840,#3841,#3842,#3843,#3844,#3845,#3846,#3847,
    #3848,#3849,#3850,#3851,#3852,#3853,#3854,#3855,#3856,#3857,#3858,
    #3859,#3860,#3861,#3862,#3863,#3864,#3865,#3866,#3867,#3868,#3869,
    #3870,#3871,#3872,#3873,#3874,#3875,#3876,#3877,#3878,#3879,#3880,
    #3881,#3882,#3883,#3884,#3885,#3886,#3887,#3888,#3889,#3890,#3891,
    #3892,#3893,#3894,#3895,#3896,#3897,#3898,#3899,#3900,#3901,#3902,
    #3903,#3904,#3905,#3906,#3907,#3908,#3909,#3910),.UNSPECIFIED.,.F.,
  .F.,(9,7,7,7,7,7,7,7,7,7,7,9),(0.,0.114514849541,0.182392906959,
    0.274041422003,0.348408871801,0.449335517778,0.5341863504,
    0.66191315201,0.700950634658,0.751058487655,0.866743797503,1.),
  .UNSPECIFIED.);
#3832 = CARTESIAN_POINT('',(12.036573258331,68.638948919047));
#3833 = CARTESIAN_POINT('',(12.036573604994,68.966417004394));
#3834 = CARTESIAN_POINT('',(12.036574667861,69.29398173955));
#3835 = CARTESIAN_POINT('',(12.03657575249,69.621499290299));
#3836 = CARTESIAN_POINT('',(12.036576621165,69.948971322118));
#3837 = CARTESIAN_POINT('',(12.036575038875,70.276441797046));
#3838 = CARTESIAN_POINT('',(12.036572267174,70.603954738705));
#3839 = CARTESIAN_POINT('',(12.036574076248,70.931513650496));
#3840 = CARTESIAN_POINT('',(12.036575301527,71.453089118207));
#3841 = CARTESIAN_POINT('',(12.036575014347,71.647202690343));
#3842 = CARTESIAN_POINT('',(12.03657365106,71.841309537041));
#3843 = CARTESIAN_POINT('',(12.036573902519,72.035415179324));
#3844 = CARTESIAN_POINT('',(12.0365748123,72.229522692563));
#3845 = CARTESIAN_POINT('',(12.036574767078,72.423633002312));
#3846 = CARTESIAN_POINT('',(12.03657506679,72.617747672572));
#3847 = CARTESIAN_POINT('',(12.036574893089,73.07393502835));
#3848 = CARTESIAN_POINT('',(12.036574350914,73.336054160195));
#3849 = CARTESIAN_POINT('',(12.036573272276,73.598159760727));
#3850 = CARTESIAN_POINT('',(12.036572155989,73.860248145091));
#3851 = CARTESIAN_POINT('',(12.036571625965,74.1223339838));
#3852 = CARTESIAN_POINT('',(12.036571970565,74.384433622318));
#3853 = CARTESIAN_POINT('',(12.036572977041,74.646548292248));
#3854 = CARTESIAN_POINT('',(12.036575462237,75.121301748226));
#3855 = CARTESIAN_POINT('',(12.036576812299,75.33398027881));
#3856 = CARTESIAN_POINT('',(12.036578235779,75.546653960638));
#3857 = CARTESIAN_POINT('',(12.036579478076,75.75932164603));
#3858 = CARTESIAN_POINT('',(12.036580308702,75.97198949793));
#3859 = CARTESIAN_POINT('',(12.036580592666,76.184663602015));
#3860 = CARTESIAN_POINT('',(12.036580317911,76.397342590258));
#3861 = CARTESIAN_POINT('',(12.036578575792,76.898628969802));
#3862 = CARTESIAN_POINT('',(12.036576716544,77.18729945686));
#3863 = CARTESIAN_POINT('',(12.036574220372,77.475944973851));
#3864 = CARTESIAN_POINT('',(12.036571656265,77.764564967149));
#3865 = CARTESIAN_POINT('',(12.036569755206,78.053184342056));
#3866 = CARTESIAN_POINT('',(12.036568991035,78.341828249247));
#3867 = CARTESIAN_POINT('',(12.036569315035,78.630496841288));
#3868 = CARTESIAN_POINT('',(12.036571366209,79.161760391963));
#3869 = CARTESIAN_POINT('',(12.036572856903,79.404427635707));
#3870 = CARTESIAN_POINT('',(12.03657473882,79.64708543402));
#3871 = CARTESIAN_POINT('',(12.036576657922,79.889731457551));
#3872 = CARTESIAN_POINT('',(12.036578239254,80.132377540606));
#3873 = CARTESIAN_POINT('',(12.036579212018,80.375035473985));
#3874 = CARTESIAN_POINT('',(12.036579489226,80.617702826938));
#3875 = CARTESIAN_POINT('',(12.036578769442,81.225606190371));
#3876 = CARTESIAN_POINT('',(12.03657705372,81.591029141313));
#3877 = CARTESIAN_POINT('',(12.036574419034,81.956366377565));
#3878 = CARTESIAN_POINT('',(12.036572165738,82.321626898432));
#3879 = CARTESIAN_POINT('',(12.036572216618,82.686886759182));
#3880 = CARTESIAN_POINT('',(12.036574487657,83.052222667226));
#3881 = CARTESIAN_POINT('',(12.036575988738,83.417645298463));
#3882 = CARTESIAN_POINT('',(12.036575611452,83.894540610135));
#3883 = CARTESIAN_POINT('',(12.036575355294,84.00617786435));
#3884 = CARTESIAN_POINT('',(12.036574896053,84.117815975396));
#3885 = CARTESIAN_POINT('',(12.036574215675,84.229454519785));
#3886 = CARTESIAN_POINT('',(12.036573317801,84.341093384672));
#3887 = CARTESIAN_POINT('',(12.036572232271,84.452732473875));
#3888 = CARTESIAN_POINT('',(12.036571019626,84.564371413891));
#3889 = CARTESIAN_POINT('',(12.036568178826,84.819305712393));
#3890 = CARTESIAN_POINT('',(12.036568073278,84.962604897387));
#3891 = CARTESIAN_POINT('',(12.036561173328,85.105903581589));
#3892 = CARTESIAN_POINT('',(12.036566114195,85.249200211502));
#3893 = CARTESIAN_POINT('',(12.036567289865,85.392495521586));
#3894 = CARTESIAN_POINT('',(12.036557374974,85.535791440161));
#3895 = CARTESIAN_POINT('',(12.036567814556,85.67908893984));
#3896 = CARTESIAN_POINT('',(12.036580225382,86.153217945025));
#3897 = CARTESIAN_POINT('',(12.036579111415,86.484148124391));
#3898 = CARTESIAN_POINT('',(12.036578675776,86.815029313341));
#3899 = CARTESIAN_POINT('',(12.036576769555,87.145864756171));
#3900 = CARTESIAN_POINT('',(12.036573673414,87.476700996465));
#3901 = CARTESIAN_POINT('',(12.036571716926,87.80758476246));
#3902 = CARTESIAN_POINT('',(12.036570798766,88.13851844376));
#3903 = CARTESIAN_POINT('',(12.036571489762,88.850428304734));
#3904 = CARTESIAN_POINT('',(12.036573449137,89.231711268491));
#3905 = CARTESIAN_POINT('',(12.036576896012,89.612887488179));
#3906 = CARTESIAN_POINT('',(12.03658064765,89.993973408981));
#3907 = CARTESIAN_POINT('',(12.036582158117,90.375059732257));
#3908 = CARTESIAN_POINT('',(12.036581186372,90.756236572237));
#3909 = CARTESIAN_POINT('',(12.036578751407,91.137521103131));
#3910 = CARTESIAN_POINT('',(12.036576018301,91.518601932291));
#3911 = ( GEOMETRIC_REPRESENTATION_CONTEXT(2) 
PARAMETRIC_REPRESENTATION_CONTEXT() REPRESENTATION_CONTEXT('2D SPACE',''
  ) );
#3912 = ORIENTED_EDGE('',*,*,#3638,.T.);
#3913 = ORIENTED_EDGE('',*,*,#857,.T.);
#3914 = ORIENTED_EDGE('',*,*,#3915,.T.);
#3915 = EDGE_CURVE('',#824,#3916,#3918,.T.);
#3916 = VERTEX_POINT('',#3917);
#3917 = CARTESIAN_POINT('',(8.,40.,-41.));
#3918 = SURFACE_CURVE('',#3919,(#3924,#3931),.PCURVE_S1.);
#3919 = CIRCLE('',#3920,8.);
#3920 = AXIS2_PLACEMENT_3D('',#3921,#3922,#3923);
#3921 = CARTESIAN_POINT('',(0.,40.,-41.));
#3922 = DIRECTION('',(0.,0.,1.));
#3923 = DIRECTION('',(1.,0.,0.));
#3924 = PCURVE('',#997,#3925);
#3925 = DEFINITIONAL_REPRESENTATION('',(#3926),#3930);
#3926 = LINE('',#3927,#3928);
#3927 = CARTESIAN_POINT('',(-0.,-110.));
#3928 = VECTOR('',#3929,1.);
#3929 = DIRECTION('',(-1.,0.));
#3930 = ( GEOMETRIC_REPRESENTATION_CONTEXT(2) 
PARAMETRIC_REPRESENTATION_CONTEXT() REPRESENTATION_CONTEXT('2D SPACE',''
  ) );
#3931 = PCURVE('',#843,#3932);
#3932 = DEFINITIONAL_REPRESENTATION('',(#3933),#3937);
#3933 = CIRCLE('',#3934,8.);
#3934 = AXIS2_PLACEMENT_2D('',#3935,#3936);
#3935 = CARTESIAN_POINT('',(1.709300165674E-16,7.105427357601E-15));
#3936 = DIRECTION('',(1.,0.));
#3937 = ( GEOMETRIC_REPRESENTATION_CONTEXT(2) 
PARAMETRIC_REPRESENTATION_CONTEXT() REPRESENTATION_CONTEXT('2D SPACE',''
  ) );
#3938 = ORIENTED_EDGE('',*,*,#3939,.F.);
#3939 = EDGE_CURVE('',#3663,#3916,#3940,.T.);
#3940 = SURFACE_CURVE('',#3941,(#3945,#3952),.PCURVE_S1.);
#3941 = LINE('',#3942,#3943);
#3942 = CARTESIAN_POINT('',(8.,40.,-151.));
#3943 = VECTOR('',#3944,1.);
#3944 = DIRECTION('',(0.,0.,1.));
#3945 = PCURVE('',#997,#3946);
#3946 = DEFINITIONAL_REPRESENTATION('',(#3947),#3951);
#3947 = LINE('',#3948,#3949);
#3948 = CARTESIAN_POINT('',(-6.28318530718,0.));
#3949 = VECTOR('',#3950,1.);
#3950 = DIRECTION('',(-0.,-1.));
#3951 = ( GEOMETRIC_REPRESENTATION_CONTEXT(2) 
PARAMETRIC_REPRESENTATION_CONTEXT() REPRESENTATION_CONTEXT('2D SPACE',''
  ) );
#3952 = PCURVE('',#3953,#3958);
#3953 = CYLINDRICAL_SURFACE('',#3954,8.);
#3954 = AXIS2_PLACEMENT_3D('',#3955,#3956,#3957);
#3955 = CARTESIAN_POINT('',(0.,40.,-151.));
#3956 = DIRECTION('',(-0.,-0.,-1.));
#3957 = DIRECTION('',(1.,0.,0.));
#3958 = DEFINITIONAL_REPRESENTATION('',(#3959),#3963);
#3959 = LINE('',#3960,#3961);
#3960 = CARTESIAN_POINT('',(-0.,0.));
#3961 = VECTOR('',#3962,1.);
#3962 = DIRECTION('',(-0.,-1.));
#3963 = ( GEOMETRIC_REPRESENTATION_CONTEXT(2) 
PARAMETRIC_REPRESENTATION_CONTEXT() REPRESENTATION_CONTEXT('2D SPACE',''
  ) );
#3964 = ADVANCED_FACE('',(#3965,#4021),#843,.T.);
#3965 = FACE_BOUND('',#3966,.T.);
#3966 = EDGE_LOOP('',(#3967,#3968,#3992,#4019,#4020));
#3967 = ORIENTED_EDGE('',*,*,#3915,.T.);
#3968 = ORIENTED_EDGE('',*,*,#3969,.T.);
#3969 = EDGE_CURVE('',#3916,#3970,#3972,.T.);
#3970 = VERTEX_POINT('',#3971);
#3971 = CARTESIAN_POINT('',(0.142795629361,32.001274513509,-41.));
#3972 = SURFACE_CURVE('',#3973,(#3978,#3985),.PCURVE_S1.);
#3973 = CIRCLE('',#3974,8.);
#3974 = AXIS2_PLACEMENT_3D('',#3975,#3976,#3977);
#3975 = CARTESIAN_POINT('',(0.,40.,-41.));
#3976 = DIRECTION('',(0.,0.,1.));
#3977 = DIRECTION('',(1.,0.,0.));
#3978 = PCURVE('',#843,#3979);
#3979 = DEFINITIONAL_REPRESENTATION('',(#3980),#3984);
#3980 = CIRCLE('',#3981,8.);
#3981 = AXIS2_PLACEMENT_2D('',#3982,#3983);
#3982 = CARTESIAN_POINT('',(1.709300165674E-16,7.105427357601E-15));
#3983 = DIRECTION('',(1.,0.));
#3984 = ( GEOMETRIC_REPRESENTATION_CONTEXT(2) 
PARAMETRIC_REPRESENTATION_CONTEXT() REPRESENTATION_CONTEXT('2D SPACE',''
  ) );
#3985 = PCURVE('',#3953,#3986);
#3986 = DEFINITIONAL_REPRESENTATION('',(#3987),#3991);
#3987 = LINE('',#3988,#3989);
#3988 = CARTESIAN_POINT('',(-0.,-110.));
#3989 = VECTOR('',#3990,1.);
#3990 = DIRECTION('',(-1.,0.));
#3991 = ( GEOMETRIC_REPRESENTATION_CONTEXT(2) 
PARAMETRIC_REPRESENTATION_CONTEXT() REPRESENTATION_CONTEXT('2D SPACE',''
  ) );
#3992 = ORIENTED_EDGE('',*,*,#3993,.F.);
#3993 = EDGE_CURVE('',#2785,#3970,#3994,.T.);
#3994 = SURFACE_CURVE('',#3995,(#4001,#4010),.PCURVE_S1.);
#3995 = B_SPLINE_CURVE_WITH_KNOTS('',4,(#3996,#3997,#3998,#3999,#4000),
  .UNSPECIFIED.,.F.,.F.,(5,5),(0.,1.),.PIECEWISE_BEZIER_KNOTS.);
#3996 = CARTESIAN_POINT('',(-2.116511561567E-06,32.799987773647,-41.));
#3997 = CARTESIAN_POINT('',(3.220404544106E-02,32.599524821906,-41.));
#3998 = CARTESIAN_POINT('',(6.678621185867E-02,32.399348112685,-41.));
#3999 = CARTESIAN_POINT('',(0.10373675743,32.19949453318,-41.));
#4000 = CARTESIAN_POINT('',(0.143046732346,32.,-41.));
#4001 = PCURVE('',#843,#4002);
#4002 = DEFINITIONAL_REPRESENTATION('',(#4003),#4009);
#4003 = B_SPLINE_CURVE_WITH_KNOTS('',4,(#4004,#4005,#4006,#4007,#4008),
  .UNSPECIFIED.,.F.,.F.,(5,5),(0.,1.),.PIECEWISE_BEZIER_KNOTS.);
#4004 = CARTESIAN_POINT('',(-2.116511561396E-06,-7.200012226353));
#4005 = CARTESIAN_POINT('',(3.220404544106E-02,-7.400475178094));
#4006 = CARTESIAN_POINT('',(6.678621185867E-02,-7.600651887315));
#4007 = CARTESIAN_POINT('',(0.10373675743,-7.80050546682));
#4008 = CARTESIAN_POINT('',(0.143046732346,-8.));
#4009 = ( GEOMETRIC_REPRESENTATION_CONTEXT(2) 
PARAMETRIC_REPRESENTATION_CONTEXT() REPRESENTATION_CONTEXT('2D SPACE',''
  ) );
#4010 = PCURVE('',#2305,#4011);
#4011 = DEFINITIONAL_REPRESENTATION('',(#4012),#4018);
#4012 = B_SPLINE_CURVE_WITH_KNOTS('',4,(#4013,#4014,#4015,#4016,#4017),
  .UNSPECIFIED.,.F.,.F.,(5,5),(0.,1.),.PIECEWISE_BEZIER_KNOTS.);
#4013 = CARTESIAN_POINT('',(12.839003076563,108.67834093613));
#4014 = CARTESIAN_POINT('',(12.637929391778,108.69462908481));
#4015 = CARTESIAN_POINT('',(12.436950280305,108.71090956888));
#4016 = CARTESIAN_POINT('',(12.236070509561,108.7271820022));
#4017 = CARTESIAN_POINT('',(12.035295255935,108.74344596558));
#4018 = ( GEOMETRIC_REPRESENTATION_CONTEXT(2) 
PARAMETRIC_REPRESENTATION_CONTEXT() REPRESENTATION_CONTEXT('2D SPACE',''
  ) );
#4019 = ORIENTED_EDGE('',*,*,#2875,.F.);
#4020 = ORIENTED_EDGE('',*,*,#823,.F.);
#4021 = FACE_BOUND('',#4022,.T.);
#4022 = EDGE_LOOP('',(#4023));
#4023 = ORIENTED_EDGE('',*,*,#4024,.T.);
#4024 = EDGE_CURVE('',#4025,#4025,#4027,.T.);
#4025 = VERTEX_POINT('',#4026);
#4026 = CARTESIAN_POINT('',(7.,40.,-41.));
#4027 = SURFACE_CURVE('',#4028,(#4033,#4044),.PCURVE_S1.);
#4028 = CIRCLE('',#4029,7.);
#4029 = AXIS2_PLACEMENT_3D('',#4030,#4031,#4032);
#4030 = CARTESIAN_POINT('',(0.,40.,-41.));
#4031 = DIRECTION('',(0.,0.,-1.));
#4032 = DIRECTION('',(1.,0.,0.));
#4033 = PCURVE('',#843,#4034);
#4034 = DEFINITIONAL_REPRESENTATION('',(#4035),#4043);
#4035 = ( BOUNDED_CURVE() B_SPLINE_CURVE(2,(#4036,#4037,#4038,#4039,
#4040,#4041,#4042),.UNSPECIFIED.,.T.,.F.) B_SPLINE_CURVE_WITH_KNOTS((1,2
    ,2,2,2,1),(-2.094395102393,0.,2.094395102393,4.188790204786,
6.28318530718,8.377580409573),.UNSPECIFIED.) CURVE() 
GEOMETRIC_REPRESENTATION_ITEM() RATIONAL_B_SPLINE_CURVE((1.,0.5,1.,0.5,
1.,0.5,1.)) REPRESENTATION_ITEM('') );
#4036 = CARTESIAN_POINT('',(7.,7.105427357601E-15));
#4037 = CARTESIAN_POINT('',(7.,-12.12435565298));
#4038 = CARTESIAN_POINT('',(-3.5,-6.062177826491));
#4039 = CARTESIAN_POINT('',(-14.,5.390921838795E-15));
#4040 = CARTESIAN_POINT('',(-3.5,6.062177826491));
#4041 = CARTESIAN_POINT('',(7.,12.124355652982));
#4042 = CARTESIAN_POINT('',(7.,7.105427357601E-15));
#4043 = ( GEOMETRIC_REPRESENTATION_CONTEXT(2) 
PARAMETRIC_REPRESENTATION_CONTEXT() REPRESENTATION_CONTEXT('2D SPACE',''
  ) );
#4044 = PCURVE('',#4045,#4050);
#4045 = CYLINDRICAL_SURFACE('',#4046,7.);
#4046 = AXIS2_PLACEMENT_3D('',#4047,#4048,#4049);
#4047 = CARTESIAN_POINT('',(0.,40.,-41.5));
#4048 = DIRECTION('',(-0.,-0.,-1.));
#4049 = DIRECTION('',(1.,0.,0.));
#4050 = DEFINITIONAL_REPRESENTATION('',(#4051),#4055);
#4051 = LINE('',#4052,#4053);
#4052 = CARTESIAN_POINT('',(-6.28318530718,-0.5));
#4053 = VECTOR('',#4054,1.);
#4054 = DIRECTION('',(1.,-0.));
#4055 = ( GEOMETRIC_REPRESENTATION_CONTEXT(2) 
PARAMETRIC_REPRESENTATION_CONTEXT() REPRESENTATION_CONTEXT('2D SPACE',''
  ) );
#4056 = ADVANCED_FACE('',(#4057),#2305,.F.);
#4057 = FACE_BOUND('',#4058,.F.);
#4058 = EDGE_LOOP('',(#4059,#4060,#4061,#4062,#4063,#4064,#4065,#4233,
    #4234,#4235));
#4059 = ORIENTED_EDGE('',*,*,#3053,.F.);
#4060 = ORIENTED_EDGE('',*,*,#2569,.T.);
#4061 = ORIENTED_EDGE('',*,*,#2151,.T.);
#4062 = ORIENTED_EDGE('',*,*,#3144,.T.);
#4063 = ORIENTED_EDGE('',*,*,#3406,.T.);
#4064 = ORIENTED_EDGE('',*,*,#3662,.T.);
#4065 = ORIENTED_EDGE('',*,*,#4066,.T.);
#4066 = EDGE_CURVE('',#3663,#3970,#4067,.T.);
#4067 = SURFACE_CURVE('',#4068,(#4121,#4177),.PCURVE_S1.);
#4068 = B_SPLINE_CURVE_WITH_KNOTS('',6,(#4069,#4070,#4071,#4072,#4073,
    #4074,#4075,#4076,#4077,#4078,#4079,#4080,#4081,#4082,#4083,#4084,
    #4085,#4086,#4087,#4088,#4089,#4090,#4091,#4092,#4093,#4094,#4095,
    #4096,#4097,#4098,#4099,#4100,#4101,#4102,#4103,#4104,#4105,#4106,
    #4107,#4108,#4109,#4110,#4111,#4112,#4113,#4114,#4115,#4116,#4117,
    #4118,#4119,#4120),.UNSPECIFIED.,.F.,.F.,(7,5,5,5,5,5,5,5,5,5,7),(0.
    ,7.481513455346E-02,0.164343766161,0.299871608872,0.400233996929,
    0.503662764129,0.58995858628,0.708567995967,0.789159910503,
    0.92418511936,1.),.UNSPECIFIED.);
#4069 = CARTESIAN_POINT('',(8.,40.,-57.56250331731));
#4070 = CARTESIAN_POINT('',(8.000003570031,40.621002043204,
    -57.29069650322));
#4071 = CARTESIAN_POINT('',(7.942143922429,41.242080599625,
    -57.0188882564));
#4072 = CARTESIAN_POINT('',(7.826445870935,41.856338899892,
    -56.74707991641));
#4073 = CARTESIAN_POINT('',(7.653950552758,42.457123538643,
    -56.47527219815));
#4074 = CARTESIAN_POINT('',(7.426715428572,43.038024474526,
    -56.20346519185));
#4075 = CARTESIAN_POINT('',(6.814076827558,44.25684738732,
    -55.60638730447));
#4076 = CARTESIAN_POINT('',(6.406208803852,44.883751605683,
    -55.28111705191));
#4077 = CARTESIAN_POINT('',(5.929628194144,45.462967605795,
    -54.95584615086));
#4078 = CARTESIAN_POINT('',(5.391329061806,45.985324294258,
    -54.63057441312));
#4079 = CARTESIAN_POINT('',(4.799881550842,46.443099563762,
    -54.30530291679));
#4080 = CARTESIAN_POINT('',(3.205006559418,47.415758629854,
    -53.48766765649));
#4081 = CARTESIAN_POINT('',(2.144945141783,47.839897020031,
    -52.99492701649));
#4082 = CARTESIAN_POINT('',(1.021015398765,48.080061892276,
    -52.50262041909));
#4083 = CARTESIAN_POINT('',(-0.127312198841,48.1270189127,
    -52.01031633398));
#4084 = CARTESIAN_POINT('',(-1.259532756028,47.979921176168,
    -51.51758359713));
#4085 = CARTESIAN_POINT('',(-3.132261153274,47.408308804603,
    -50.66059598856));
#4086 = CARTESIAN_POINT('',(-3.898805378882,47.065461407828,
    -50.29590241059));
#4087 = CARTESIAN_POINT('',(-4.619207845585,46.627868531531,
    -49.93130773763));
#4088 = CARTESIAN_POINT('',(-5.2791217464,46.103467123676,
    -49.56670891811));
#4089 = CARTESIAN_POINT('',(-5.8661247073,45.502973884325,
    -49.20200841291));
#4090 = CARTESIAN_POINT('',(-6.889450004952,44.156040275605,
    -48.46165251251));
#4091 = CARTESIAN_POINT('',(-7.32087163602,43.40536958369,
    -48.08580766868));
#4092 = CARTESIAN_POINT('',(-7.653357409954,42.602200070999,
    -47.7100730423));
#4093 = CARTESIAN_POINT('',(-7.87935481347,41.762813138748,
    -47.33433511899));
#4094 = CARTESIAN_POINT('',(-7.994916044588,40.904726980045,
    -46.95848363485));
#4095 = CARTESIAN_POINT('',(-8.004013472555,39.329948578481,
    -46.26921338429));
#4096 = CARTESIAN_POINT('',(-7.931164146313,38.613075393063,
    -45.95569180103));
#4097 = CARTESIAN_POINT('',(-7.781314131778,37.906265698586,
    -45.64216971038));
#4098 = CARTESIAN_POINT('',(-7.556244385332,37.219695409304,
    -45.32864716089));
#4099 = CARTESIAN_POINT('',(-7.259521135583,36.563060531663,
    -45.01512464817));
#4100 = CARTESIAN_POINT('',(-6.397557425397,35.096852129417,
    -44.2707050709));
#4101 = CARTESIAN_POINT('',(-5.772963628357,34.321488318649,
    -43.83960729693));
#4102 = CARTESIAN_POINT('',(-5.036910569188,33.643373973151,
    -43.40873350735));
#4103 = CARTESIAN_POINT('',(-4.208495935749,33.081831868508,
    -42.97786350112));
#4104 = CARTESIAN_POINT('',(-3.310902252587,32.651014038877,
    -42.54677196905));
#4105 = CARTESIAN_POINT('',(-1.731667491372,32.161064043275,
    -41.8230672861));
#4106 = CARTESIAN_POINT('',(-1.07275753806,32.026935632991,
    -41.53026705265));
#4107 = CARTESIAN_POINT('',(-0.402119732587,31.959436350957,
    -41.23746666997));
#4108 = CARTESIAN_POINT('',(0.27190629704,31.959687115697,
    -40.94466626569));
#4109 = CARTESIAN_POINT('',(0.940910780633,32.027404683564,
    -40.65186602585));
#4110 = CARTESIAN_POINT('',(2.694664296147,32.384555453882,
    -39.86851831272));
#4111 = CARTESIAN_POINT('',(3.756194353072,32.793043885566,
    -39.37760488048));
#4112 = CARTESIAN_POINT('',(4.740052340213,33.378501923405,
    -38.88711708103));
#4113 = CARTESIAN_POINT('',(5.611399215504,34.12111257915,
    -38.39663142054));
#4114 = CARTESIAN_POINT('',(6.340264001705,34.994276314587,
    -37.9057224986));
#4115 = CARTESIAN_POINT('',(7.223673297486,36.505056267197,
    -37.13972416586));
#4116 = CARTESIAN_POINT('',(7.490079963503,37.078369933214,
    -36.86427691696));
#4117 = CARTESIAN_POINT('',(7.701629907289,37.675537675235,
    -36.58883066599));
#4118 = CARTESIAN_POINT('',(7.855777017563,38.290031607144,
    -36.3133869495));
#4119 = CARTESIAN_POINT('',(7.951030125787,38.915005057433,
    -36.03794560758));
#4120 = CARTESIAN_POINT('',(7.986953006163,39.543292569199,
    -35.76250478385));
#4121 = PCURVE('',#2305,#4122);
#4122 = DEFINITIONAL_REPRESENTATION('',(#4123),#4176);
#4123 = B_SPLINE_CURVE_WITH_KNOTS('',6,(#4124,#4125,#4126,#4127,#4128,
    #4129,#4130,#4131,#4132,#4133,#4134,#4135,#4136,#4137,#4138,#4139,
    #4140,#4141,#4142,#4143,#4144,#4145,#4146,#4147,#4148,#4149,#4150,
    #4151,#4152,#4153,#4154,#4155,#4156,#4157,#4158,#4159,#4160,#4161,
    #4162,#4163,#4164,#4165,#4166,#4167,#4168,#4169,#4170,#4171,#4172,
    #4173,#4174,#4175),.UNSPECIFIED.,.F.,.F.,(7,5,5,5,5,5,5,5,5,5,7),(0.
    ,7.481513455346E-02,0.164343766161,0.299871608872,0.400233996929,
    0.503662764129,0.58995858628,0.708567995967,0.789159910503,
    0.92418511936,1.),.UNSPECIFIED.);
#4124 = CARTESIAN_POINT('',(12.036576018301,91.518601932291));
#4125 = CARTESIAN_POINT('',(12.036574016947,91.801276771501));
#4126 = CARTESIAN_POINT('',(12.036571742715,92.083953131683));
#4127 = CARTESIAN_POINT('',(12.036569996833,92.366629577068));
#4128 = CARTESIAN_POINT('',(12.036569224495,92.649305337126));
#4129 = CARTESIAN_POINT('',(12.036569514864,92.931980306563));
#4130 = CARTESIAN_POINT('',(12.036571790006,93.552931732176));
#4131 = CARTESIAN_POINT('',(12.036574398426,93.891207501523));
#4132 = CARTESIAN_POINT('',(12.03657711073,94.229483931764));
#4133 = CARTESIAN_POINT('',(12.036579033912,94.567761265224));
#4134 = CARTESIAN_POINT('',(12.036579697567,94.90603840815));
#4135 = CARTESIAN_POINT('',(12.036578138499,95.756366143362));
#4136 = CARTESIAN_POINT('',(12.036575200618,96.268808712642));
#4137 = CARTESIAN_POINT('',(12.036569729375,96.780800030659));
#4138 = CARTESIAN_POINT('',(12.036573130894,97.29278824356));
#4139 = CARTESIAN_POINT('',(12.036575156007,97.805222563591));
#4140 = CARTESIAN_POINT('',(12.036576151926,98.696476253729));
#4141 = CARTESIAN_POINT('',(12.036572017345,99.075752235934));
#4142 = CARTESIAN_POINT('',(12.036574194234,99.454924493637));
#4143 = CARTESIAN_POINT('',(12.036576970927,99.834100989634));
#4144 = CARTESIAN_POINT('',(12.036573913628,100.21338397696));
#4145 = CARTESIAN_POINT('',(12.036574286796,100.98334201418));
#4146 = CARTESIAN_POINT('',(12.036576269733,101.37421456325));
#4147 = CARTESIAN_POINT('',(12.036575235546,101.76497289232));
#4148 = CARTESIAN_POINT('',(12.036572705772,102.15573476819));
#4149 = CARTESIAN_POINT('',(12.036571810186,102.54661447688));
#4150 = CARTESIAN_POINT('',(12.036572902804,103.26344452995));
#4151 = CARTESIAN_POINT('',(12.036574758855,103.58950180113));
#4152 = CARTESIAN_POINT('',(12.036577178117,103.91555952979));
#4153 = CARTESIAN_POINT('',(12.036579361115,104.24161775782));
#4154 = CARTESIAN_POINT('',(12.036580578761,104.56767605092));
#4155 = CARTESIAN_POINT('',(12.036579780003,105.3418606492));
#4156 = CARTESIAN_POINT('',(12.036576892707,105.79019578084));
#4157 = CARTESIAN_POINT('',(12.036571764653,106.23829823159));
#4158 = CARTESIAN_POINT('',(12.036568172264,106.68639660632));
#4159 = CARTESIAN_POINT('',(12.036568850505,107.13472491081));
#4160 = CARTESIAN_POINT('',(12.036572320277,107.88736589379));
#4161 = CARTESIAN_POINT('',(12.036574742612,108.19187320248));
#4162 = CARTESIAN_POINT('',(12.036577176086,108.4963806387));
#4163 = CARTESIAN_POINT('',(12.036578924401,108.80088815024));
#4164 = CARTESIAN_POINT('',(12.036579615075,109.10539560582));
#4165 = CARTESIAN_POINT('',(12.036578504073,109.92006482014));
#4166 = CARTESIAN_POINT('',(12.036575786141,110.43060737459));
#4167 = CARTESIAN_POINT('',(12.036569533524,110.94070775817));
#4168 = CARTESIAN_POINT('',(12.036573762346,111.45080550647));
#4169 = CARTESIAN_POINT('',(12.036576406,111.96134263686));
#4170 = CARTESIAN_POINT('',(12.036574991424,112.75796775773));
#4171 = CARTESIAN_POINT('',(12.036573021211,113.04442827049));
#4172 = CARTESIAN_POINT('',(12.036570178477,113.33088757349));
#4173 = CARTESIAN_POINT('',(12.036568609395,113.61734434822));
#4174 = CARTESIAN_POINT('',(12.036571863194,113.90379963512));
#4175 = CARTESIAN_POINT('',(12.036584892161,114.19025683364));
#4176 = ( GEOMETRIC_REPRESENTATION_CONTEXT(2) 
PARAMETRIC_REPRESENTATION_CONTEXT() REPRESENTATION_CONTEXT('2D SPACE',''
  ) );
#4177 = PCURVE('',#3953,#4178);
#4178 = DEFINITIONAL_REPRESENTATION('',(#4179),#4232);
#4179 = B_SPLINE_CURVE_WITH_KNOTS('',6,(#4180,#4181,#4182,#4183,#4184,
    #4185,#4186,#4187,#4188,#4189,#4190,#4191,#4192,#4193,#4194,#4195,
    #4196,#4197,#4198,#4199,#4200,#4201,#4202,#4203,#4204,#4205,#4206,
    #4207,#4208,#4209,#4210,#4211,#4212,#4213,#4214,#4215,#4216,#4217,
    #4218,#4219,#4220,#4221,#4222,#4223,#4224,#4225,#4226,#4227,#4228,
    #4229,#4230,#4231),.UNSPECIFIED.,.F.,.F.,(7,5,5,5,5,5,5,5,5,5,7),(0.
    ,7.481513455346E-02,0.164343766161,0.299871608872,0.400233996929,
    0.503662764129,0.58995858628,0.708567995967,0.789159910503,
    0.92418511936,1.),.UNSPECIFIED.);
#4180 = CARTESIAN_POINT('',(0.,-93.43749668268));
#4181 = CARTESIAN_POINT('',(-7.762779954944E-02,-93.70930349677));
#4182 = CARTESIAN_POINT('',(-0.155256053894,-93.98111174359));
#4183 = CARTESIAN_POINT('',(-0.232884371294,-94.25292008358));
#4184 = CARTESIAN_POINT('',(-0.31051252672,-94.52472780184));
#4185 = CARTESIAN_POINT('',(-0.388140461843,-94.79653480815));
#4186 = CARTESIAN_POINT('',(-0.558665463813,-95.39361269552));
#4187 = CARTESIAN_POINT('',(-0.651562318731,-95.71888294808));
#4188 = CARTESIAN_POINT('',(-0.74445928406,-96.04415384914));
#4189 = CARTESIAN_POINT('',(-0.837356466593,-96.36942558687));
#4190 = CARTESIAN_POINT('',(-0.930253645649,-96.6946970832));
#4191 = CARTESIAN_POINT('',(-1.163769835045,-97.5123323435));
#4192 = CARTESIAN_POINT('',(-1.304496556229,-98.0050729835));
#4193 = CARTESIAN_POINT('',(-1.445099994427,-98.4973795809));
#4194 = CARTESIAN_POINT('',(-1.585702212333,-98.98968366601));
#4195 = CARTESIAN_POINT('',(-1.726425359062,-99.48241640286));
#4196 = CARTESIAN_POINT('',(-1.971179218474,-100.3394040114));
#4197 = CARTESIAN_POINT('',(-2.075334844764,-100.7040975894));
#4198 = CARTESIAN_POINT('',(-2.179463721798,-101.0686922623));
#4199 = CARTESIAN_POINT('',(-2.283593789342,-101.4332910818));
#4200 = CARTESIAN_POINT('',(-2.387751679894,-101.797991587));
#4201 = CARTESIAN_POINT('',(-2.599198086381,-102.5383474874));
#4202 = CARTESIAN_POINT('',(-2.706538669721,-102.9141923313));
#4203 = CARTESIAN_POINT('',(-2.81384727507,-103.2899269577));
#4204 = CARTESIAN_POINT('',(-2.921157138331,-103.665664881));
#4205 = CARTESIAN_POINT('',(-3.028500196578,-104.0415163651));
#4206 = CARTESIAN_POINT('',(-3.225355613854,-104.7307866157));
#4207 = CARTESIAN_POINT('',(-3.314897466955,-105.0443081989));
#4208 = CARTESIAN_POINT('',(-3.404439421008,-105.3578302896));
#4209 = CARTESIAN_POINT('',(-3.493981367511,-105.6713528391));
#4210 = CARTESIAN_POINT('',(-3.58352317009,-105.9848753518));
#4211 = CARTESIAN_POINT('',(-3.796128800737,-106.729294929));
#4212 = CARTESIAN_POINT('',(-3.919249852514,-107.160392703));
#4213 = CARTESIAN_POINT('',(-4.042307158243,-107.5912664926));
#4214 = CARTESIAN_POINT('',(-4.165363529768,-108.0221364988));
#4215 = CARTESIAN_POINT('',(-4.288483080803,-108.4532280309));
#4216 = CARTESIAN_POINT('',(-4.495172480056,-109.1769327138));
#4217 = CARTESIAN_POINT('',(-4.578795867241,-109.4697329473));
#4218 = CARTESIAN_POINT('',(-4.662419227159,-109.76253333));
#4219 = CARTESIAN_POINT('',(-4.746042580633,-110.0553337343));
#4220 = CARTESIAN_POINT('',(-4.829665959079,-110.3481339741));
#4221 = CARTESIAN_POINT('',(-5.053389563795,-111.1314816872));
#4222 = CARTESIAN_POINT('',(-5.193594491334,-111.6223951195));
#4223 = CARTESIAN_POINT('',(-5.333678688398,-112.1128829189));
#4224 = CARTESIAN_POINT('',(-5.473762109077,-112.6033685794));
#4225 = CARTESIAN_POINT('',(-5.613964252072,-113.0942775013));
#4226 = CARTESIAN_POINT('',(-5.832731200815,-113.8602758341));
#4227 = CARTESIAN_POINT('',(-5.911397889612,-114.135723083));
#4228 = CARTESIAN_POINT('',(-5.990064816301,-114.411169334));
#4229 = CARTESIAN_POINT('',(-6.068731870495,-114.6866130504));
#4230 = CARTESIAN_POINT('',(-6.147398922514,-114.9620543924));
#4231 = CARTESIAN_POINT('',(-6.226065823387,-115.2374952161));
#4232 = ( GEOMETRIC_REPRESENTATION_CONTEXT(2) 
PARAMETRIC_REPRESENTATION_CONTEXT() REPRESENTATION_CONTEXT('2D SPACE',''
  ) );
#4233 = ORIENTED_EDGE('',*,*,#3993,.F.);
#4234 = ORIENTED_EDGE('',*,*,#2784,.T.);
#4235 = ORIENTED_EDGE('',*,*,#3028,.F.);
#4236 = ADVANCED_FACE('',(#4237,#4263),#2630,.T.);
#4237 = FACE_BOUND('',#4238,.T.);
#4238 = EDGE_LOOP('',(#4239));
#4239 = ORIENTED_EDGE('',*,*,#4240,.T.);
#4240 = EDGE_CURVE('',#4241,#4241,#4243,.T.);
#4241 = VERTEX_POINT('',#4242);
#4242 = CARTESIAN_POINT('',(7.,40.,-38.));
#4243 = SURFACE_CURVE('',#4244,(#4249,#4256),.PCURVE_S1.);
#4244 = CIRCLE('',#4245,7.);
#4245 = AXIS2_PLACEMENT_3D('',#4246,#4247,#4248);
#4246 = CARTESIAN_POINT('',(0.,40.,-38.));
#4247 = DIRECTION('',(0.,0.,1.));
#4248 = DIRECTION('',(1.,0.,0.));
#4249 = PCURVE('',#2630,#4250);
#4250 = DEFINITIONAL_REPRESENTATION('',(#4251),#4255);
#4251 = CIRCLE('',#4252,7.);
#4252 = AXIS2_PLACEMENT_2D('',#4253,#4254);
#4253 = CARTESIAN_POINT('',(1.953485903628E-16,0.));
#4254 = DIRECTION('',(1.,0.));
#4255 = ( GEOMETRIC_REPRESENTATION_CONTEXT(2) 
PARAMETRIC_REPRESENTATION_CONTEXT() REPRESENTATION_CONTEXT('2D SPACE',''
  ) );
#4256 = PCURVE('',#4045,#4257);
#4257 = DEFINITIONAL_REPRESENTATION('',(#4258),#4262);
#4258 = LINE('',#4259,#4260);
#4259 = CARTESIAN_POINT('',(-0.,-3.5));
#4260 = VECTOR('',#4261,1.);
#4261 = DIRECTION('',(-1.,0.));
#4262 = ( GEOMETRIC_REPRESENTATION_CONTEXT(2) 
PARAMETRIC_REPRESENTATION_CONTEXT() REPRESENTATION_CONTEXT('2D SPACE',''
  ) );
#4263 = FACE_BOUND('',#4264,.T.);
#4264 = EDGE_LOOP('',(#4265,#4266,#4267,#4268));
#4265 = ORIENTED_EDGE('',*,*,#2615,.T.);
#4266 = ORIENTED_EDGE('',*,*,#2761,.T.);
#4267 = ORIENTED_EDGE('',*,*,#2714,.T.);
#4268 = ORIENTED_EDGE('',*,*,#2667,.T.);
#4269 = ADVANCED_FACE('',(#4270),#3953,.T.);
#4270 = FACE_BOUND('',#4271,.F.);
#4271 = EDGE_LOOP('',(#4272,#4273,#4274));
#4272 = ORIENTED_EDGE('',*,*,#4066,.F.);
#4273 = ORIENTED_EDGE('',*,*,#3939,.T.);
#4274 = ORIENTED_EDGE('',*,*,#3969,.T.);
#4275 = ADVANCED_FACE('',(#4276),#4045,.T.);
#4276 = FACE_BOUND('',#4277,.F.);
#4277 = EDGE_LOOP('',(#4278,#4279,#4300,#4301));
#4278 = ORIENTED_EDGE('',*,*,#4024,.T.);
#4279 = ORIENTED_EDGE('',*,*,#4280,.T.);
#4280 = EDGE_CURVE('',#4025,#4241,#4281,.T.);
#4281 = SEAM_CURVE('',#4282,(#4286,#4293),.PCURVE_S1.);
#4282 = LINE('',#4283,#4284);
#4283 = CARTESIAN_POINT('',(7.,40.,-41.5));
#4284 = VECTOR('',#4285,1.);
#4285 = DIRECTION('',(0.,0.,1.));
#4286 = PCURVE('',#4045,#4287);
#4287 = DEFINITIONAL_REPRESENTATION('',(#4288),#4292);
#4288 = LINE('',#4289,#4290);
#4289 = CARTESIAN_POINT('',(-6.28318530718,0.));
#4290 = VECTOR('',#4291,1.);
#4291 = DIRECTION('',(-0.,-1.));
#4292 = ( GEOMETRIC_REPRESENTATION_CONTEXT(2) 
PARAMETRIC_REPRESENTATION_CONTEXT() REPRESENTATION_CONTEXT('2D SPACE',''
  ) );
#4293 = PCURVE('',#4045,#4294);
#4294 = DEFINITIONAL_REPRESENTATION('',(#4295),#4299);
#4295 = LINE('',#4296,#4297);
#4296 = CARTESIAN_POINT('',(-0.,0.));
#4297 = VECTOR('',#4298,1.);
#4298 = DIRECTION('',(-0.,-1.));
#4299 = ( GEOMETRIC_REPRESENTATION_CONTEXT(2) 
PARAMETRIC_REPRESENTATION_CONTEXT() REPRESENTATION_CONTEXT('2D SPACE',''
  ) );
#4300 = ORIENTED_EDGE('',*,*,#4240,.T.);
#4301 = ORIENTED_EDGE('',*,*,#4280,.F.);
#4302 = ( GEOMETRIC_REPRESENTATION_CONTEXT(3) 
GLOBAL_UNCERTAINTY_ASSIGNED_CONTEXT((#4306)) 
GLOBAL_UNIT_ASSIGNED_CONTEXT((#4303,#4304,#4305)) REPRESENTATION_CONTEXT
('Context #1','3D Context with UNIT and UNCERTAINTY') );
#4303 = ( LENGTH_UNIT() NAMED_UNIT(*) SI_UNIT(.MILLI.,.METRE.) );
#4304 = ( NAMED_UNIT(*) PLANE_ANGLE_UNIT() SI_UNIT($,.RADIAN.) );
#4305 = ( NAMED_UNIT(*) SI_UNIT($,.STERADIAN.) SOLID_ANGLE_UNIT() );
#4306 = UNCERTAINTY_MEASURE_WITH_UNIT(LENGTH_MEASURE(2.E-05),#4303,
  'distance_accuracy_value','confusion accuracy');
#4307 = PRODUCT_RELATED_PRODUCT_CATEGORY('part',$,(#7));
ENDSEC;
END-ISO-10303-21;
