ISO-10303-21;
HEADER;
FILE_DESCRIPTION(('Open CASCADE Model'),'2;1');
FILE_NAME('Open CASCADE Shape Model','2026-09-23T08:49:22',('Author'),(
    'Open CASCADE'),'Open CASCADE STEP processor 7.9','Open CASCADE 7.9'
  ,'Unknown');
FILE_SCHEMA(('AUTOMOTIVE_DESIGN { 1 0 10303 214 1 1 1 1 }'));
ENDSEC;
DATA;
#1 = APPLICATION_PROTOCOL_DEFINITION('international standard',
  'automotive_design',2000,#2);
#2 = APPLICATION_CONTEXT(
  'core data for automotive mechanical design processes');
#3 = SHAPE_DEFINITION_REPRESENTATION(#4,#10);
#4 = PRODUCT_DEFINITION_SHAPE('','',#5);
#5 = PRODUCT_DEFINITION('design','',#6,#9);
#6 = PRODUCT_DEFINITION_FORMATION('','',#7);
#7 = PRODUCT('Open CASCADE STEP translator 7.9 2',
  'Open CASCADE STEP translator 7.9 2','',(#8));
#8 = PRODUCT_CONTEXT('',#2,'mechanical');
#9 = PRODUCT_DEFINITION_CONTEXT('part definition',#2,'design');
#10 = SHAPE_REPRESENTATION('',(#11,#15,#19,#23),#27);
#11 = AXIS2_PLACEMENT_3D('',#12,#13,#14);
#12 = CARTESIAN_POINT('',(0.,0.,0.));
#13 = DIRECTION('',(0.,0.,1.));
#14 = DIRECTION('',(1.,0.,-0.));
#15 = AXIS2_PLACEMENT_3D('',#16,#17,#18);
#16 = CARTESIAN_POINT('',(0.,0.,0.));
#17 = DIRECTION('',(0.,0.,1.));
#18 = DIRECTION('',(1.,0.,-0.));
#19 = AXIS2_PLACEMENT_3D('',#20,#21,#22);
#20 = CARTESIAN_POINT('',(0.,0.,0.));
#21 = DIRECTION('',(0.,0.,1.));
#22 = DIRECTION('',(1.,0.,-0.));
#23 = AXIS2_PLACEMENT_3D('',#24,#25,#26);
#24 = CARTESIAN_POINT('',(0.,0.,0.));
#25 = DIRECTION('',(0.,0.,1.));
#26 = DIRECTION('',(1.,0.,-0.));
#27 = ( GEOMETRIC_REPRESENTATION_CONTEXT(3) 
GLOBAL_UNCERTAINTY_ASSIGNED_CONTEXT((#31)) GLOBAL_UNIT_ASSIGNED_CONTEXT(
(#28,#29,#30)) REPRESENTATION_CONTEXT('Context #1',
  '3D Context with UNIT and UNCERTAINTY') );
#28 = ( LENGTH_UNIT() NAMED_UNIT(*) SI_UNIT(.MILLI.,.METRE.) );
#29 = ( NAMED_UNIT(*) PLANE_ANGLE_UNIT() SI_UNIT($,.RADIAN.) );
#30 = ( NAMED_UNIT(*) SI_UNIT($,.STERADIAN.) SOLID_ANGLE_UNIT() );
#31 = UNCERTAINTY_MEASURE_WITH_UNIT(LENGTH_MEASURE(2.E-07),#28,
  'distance_accuracy_value','confusion accuracy');
#32 = PRODUCT_RELATED_PRODUCT_CATEGORY('part',$,(#7));
#33 = SHAPE_DEFINITION_REPRESENTATION(#34,#40);
#34 = PRODUCT_DEFINITION_SHAPE('','',#35);
#35 = PRODUCT_DEFINITION('design','',#36,#39);
#36 = PRODUCT_DEFINITION_FORMATION('','',#37);
#37 = PRODUCT('Open CASCADE STEP translator 7.9 2.1',
  'Open CASCADE STEP translator 7.9 2.1','',(#38));
#38 = PRODUCT_CONTEXT('',#2,'mechanical');
#39 = PRODUCT_DEFINITION_CONTEXT('part definition',#2,'design');
#40 = ADVANCED_BREP_SHAPE_REPRESENTATION('',(#11,#41),#4226);
#41 = MANIFOLD_SOLID_BREP('',#42);
#42 = CLOSED_SHELL('',(#43,#135,#437,#476,#551,#600,#649,#698,#746,#795,
    #844,#871,#925,#979,#1034,#1086,#1238,#2364,#3114,#3121,#3128,#3204,
    #3253,#3302,#3351,#3400,#3427,#3503,#3552,#3601,#3650,#3699,#3726,
    #3802,#3851,#3900,#3949,#3998,#4025,#4080,#4130,#4156,#4161,#4187,
    #4192,#4201,#4210,#4219));
#43 = ADVANCED_FACE('',(#44),#58,.T.);
#44 = FACE_BOUND('',#45,.T.);
#45 = EDGE_LOOP('',(#46,#76,#107,#108));
#46 = ORIENTED_EDGE('',*,*,#47,.T.);
#47 = EDGE_CURVE('',#48,#50,#52,.T.);
#48 = VERTEX_POINT('',#49);
#49 = CARTESIAN_POINT('',(39.,60.,161.2));
#50 = VERTEX_POINT('',#51);
#51 = CARTESIAN_POINT('',(39.,60.,162.5));
#52 = SEAM_CURVE('',#53,(#57,#69),.PCURVE_S1.);
#53 = LINE('',#54,#55);
#54 = CARTESIAN_POINT('',(39.,60.,161.2));
#55 = VECTOR('',#56,1.);
#56 = DIRECTION('',(0.,0.,1.));
#57 = PCURVE('',#58,#63);
#58 = CYLINDRICAL_SURFACE('',#59,39.);
#59 = AXIS2_PLACEMENT_3D('',#60,#61,#62);
#60 = CARTESIAN_POINT('',(0.,60.,161.2));
#61 = DIRECTION('',(-0.,-0.,-1.));
#62 = DIRECTION('',(1.,0.,0.));
#63 = DEFINITIONAL_REPRESENTATION('',(#64),#68);
#64 = LINE('',#65,#66);
#65 = CARTESIAN_POINT('',(-4.138911435803E-13,0.));
#66 = VECTOR('',#67,1.);
#67 = DIRECTION('',(-0.,-1.));
#68 = ( GEOMETRIC_REPRESENTATION_CONTEXT(2) 
PARAMETRIC_REPRESENTATION_CONTEXT() REPRESENTATION_CONTEXT('2D SPACE',''
  ) );
#69 = PCURVE('',#58,#70);
#70 = DEFINITIONAL_REPRESENTATION('',(#71),#75);
#71 = LINE('',#72,#73);
#72 = CARTESIAN_POINT('',(6.28318530718,0.));
#73 = VECTOR('',#74,1.);
#74 = DIRECTION('',(-0.,-1.));
#75 = ( GEOMETRIC_REPRESENTATION_CONTEXT(2) 
PARAMETRIC_REPRESENTATION_CONTEXT() REPRESENTATION_CONTEXT('2D SPACE',''
  ) );
#76 = ORIENTED_EDGE('',*,*,#77,.T.);
#77 = EDGE_CURVE('',#50,#50,#78,.T.);
#78 = SURFACE_CURVE('',#79,(#84,#91),.PCURVE_S1.);
#79 = CIRCLE('',#80,39.);
#80 = AXIS2_PLACEMENT_3D('',#81,#82,#83);
#81 = CARTESIAN_POINT('',(0.,60.,162.5));
#82 = DIRECTION('',(0.,0.,-1.));
#83 = DIRECTION('',(1.,0.,0.));
#84 = PCURVE('',#58,#85);
#85 = DEFINITIONAL_REPRESENTATION('',(#86),#90);
#86 = LINE('',#87,#88);
#87 = CARTESIAN_POINT('',(-4.138911435803E-13,-1.3));
#88 = VECTOR('',#89,1.);
#89 = DIRECTION('',(1.,-0.));
#90 = ( GEOMETRIC_REPRESENTATION_CONTEXT(2) 
PARAMETRIC_REPRESENTATION_CONTEXT() REPRESENTATION_CONTEXT('2D SPACE',''
  ) );
#91 = PCURVE('',#92,#97);
#92 = PLANE('',#93);
#93 = AXIS2_PLACEMENT_3D('',#94,#95,#96);
#94 = CARTESIAN_POINT('',(-3.889607488112E-15,60.,162.5));
#95 = DIRECTION('',(0.,0.,1.));
#96 = DIRECTION('',(1.,0.,0.));
#97 = DEFINITIONAL_REPRESENTATION('',(#98),#106);
#98 = ( BOUNDED_CURVE() B_SPLINE_CURVE(2,(#99,#100,#101,#102,#103,#104,
#105),.UNSPECIFIED.,.T.,.F.) B_SPLINE_CURVE_WITH_KNOTS((1,2,2,2,2,1),(
    -2.094395102393,0.,2.094395102393,4.188790204786,6.28318530718,
8.377580409573),.UNSPECIFIED.) CURVE() GEOMETRIC_REPRESENTATION_ITEM() 
RATIONAL_B_SPLINE_CURVE((1.,0.5,1.,0.5,1.,0.5,1.)) REPRESENTATION_ITEM(
  '') );
#99 = CARTESIAN_POINT('',(39.,0.));
#100 = CARTESIAN_POINT('',(39.,-67.54998149518));
#101 = CARTESIAN_POINT('',(-19.5,-33.77499074759));
#102 = CARTESIAN_POINT('',(-78.,-9.552245033349E-15));
#103 = CARTESIAN_POINT('',(-19.5,33.774990747593));
#104 = CARTESIAN_POINT('',(39.,67.549981495186));
#105 = CARTESIAN_POINT('',(39.,0.));
#106 = ( GEOMETRIC_REPRESENTATION_CONTEXT(2) 
PARAMETRIC_REPRESENTATION_CONTEXT() REPRESENTATION_CONTEXT('2D SPACE',''
  ) );
#107 = ORIENTED_EDGE('',*,*,#47,.F.);
#108 = ORIENTED_EDGE('',*,*,#109,.T.);
#109 = EDGE_CURVE('',#48,#48,#110,.T.);
#110 = SURFACE_CURVE('',#111,(#116,#123),.PCURVE_S1.);
#111 = CIRCLE('',#112,39.);
#112 = AXIS2_PLACEMENT_3D('',#113,#114,#115);
#113 = CARTESIAN_POINT('',(0.,60.,161.2));
#114 = DIRECTION('',(0.,0.,1.));
#115 = DIRECTION('',(1.,0.,0.));
#116 = PCURVE('',#58,#117);
#117 = DEFINITIONAL_REPRESENTATION('',(#118),#122);
#118 = LINE('',#119,#120);
#119 = CARTESIAN_POINT('',(6.28318530718,0.));
#120 = VECTOR('',#121,1.);
#121 = DIRECTION('',(-1.,0.));
#122 = ( GEOMETRIC_REPRESENTATION_CONTEXT(2) 
PARAMETRIC_REPRESENTATION_CONTEXT() REPRESENTATION_CONTEXT('2D SPACE',''
  ) );
#123 = PCURVE('',#124,#129);
#124 = PLANE('',#125);
#125 = AXIS2_PLACEMENT_3D('',#126,#127,#128);
#126 = CARTESIAN_POINT('',(-5.610010800162E-15,60.,161.2));
#127 = DIRECTION('',(0.,0.,1.));
#128 = DIRECTION('',(1.,0.,0.));
#129 = DEFINITIONAL_REPRESENTATION('',(#130),#134);
#130 = CIRCLE('',#131,39.);
#131 = AXIS2_PLACEMENT_2D('',#132,#133);
#132 = CARTESIAN_POINT('',(5.610010800162E-15,0.));
#133 = DIRECTION('',(1.,0.));
#134 = ( GEOMETRIC_REPRESENTATION_CONTEXT(2) 
PARAMETRIC_REPRESENTATION_CONTEXT() REPRESENTATION_CONTEXT('2D SPACE',''
  ) );
#135 = ADVANCED_FACE('',(#136,#364,#399,#402),#92,.F.);
#136 = FACE_BOUND('',#137,.F.);
#137 = EDGE_LOOP('',(#138,#168,#197,#225,#253,#281,#310,#338));
#138 = ORIENTED_EDGE('',*,*,#139,.F.);
#139 = EDGE_CURVE('',#140,#142,#144,.T.);
#140 = VERTEX_POINT('',#141);
#141 = CARTESIAN_POINT('',(44.090815370097,69.000000000001,162.5));
#142 = VERTEX_POINT('',#143);
#143 = CARTESIAN_POINT('',(55.,69.,162.5));
#144 = SURFACE_CURVE('',#145,(#149,#156),.PCURVE_S1.);
#145 = LINE('',#146,#147);
#146 = CARTESIAN_POINT('',(-55.,69.,162.5));
#147 = VECTOR('',#148,1.);
#148 = DIRECTION('',(1.,0.,0.));
#149 = PCURVE('',#92,#150);
#150 = DEFINITIONAL_REPRESENTATION('',(#151),#155);
#151 = LINE('',#152,#153);
#152 = CARTESIAN_POINT('',(-55.,9.));
#153 = VECTOR('',#154,1.);
#154 = DIRECTION('',(1.,0.));
#155 = ( GEOMETRIC_REPRESENTATION_CONTEXT(2) 
PARAMETRIC_REPRESENTATION_CONTEXT() REPRESENTATION_CONTEXT('2D SPACE',''
  ) );
#156 = PCURVE('',#157,#162);
#157 = PLANE('',#158);
#158 = AXIS2_PLACEMENT_3D('',#159,#160,#161);
#159 = CARTESIAN_POINT('',(-55.,69.,162.5));
#160 = DIRECTION('',(0.,1.,0.));
#161 = DIRECTION('',(0.,0.,1.));
#162 = DEFINITIONAL_REPRESENTATION('',(#163),#167);
#163 = LINE('',#164,#165);
#164 = CARTESIAN_POINT('',(0.,0.));
#165 = VECTOR('',#166,1.);
#166 = DIRECTION('',(0.,1.));
#167 = ( GEOMETRIC_REPRESENTATION_CONTEXT(2) 
PARAMETRIC_REPRESENTATION_CONTEXT() REPRESENTATION_CONTEXT('2D SPACE',''
  ) );
#168 = ORIENTED_EDGE('',*,*,#169,.T.);
#169 = EDGE_CURVE('',#140,#170,#172,.T.);
#170 = VERTEX_POINT('',#171);
#171 = CARTESIAN_POINT('',(-44.09081537009,69.,162.5));
#172 = SURFACE_CURVE('',#173,(#178,#185),.PCURVE_S1.);
#173 = CIRCLE('',#174,45.);
#174 = AXIS2_PLACEMENT_3D('',#175,#176,#177);
#175 = CARTESIAN_POINT('',(0.,60.,162.5));
#176 = DIRECTION('',(0.,0.,1.));
#177 = DIRECTION('',(1.,0.,0.));
#178 = PCURVE('',#92,#179);
#179 = DEFINITIONAL_REPRESENTATION('',(#180),#184);
#180 = CIRCLE('',#181,45.);
#181 = AXIS2_PLACEMENT_2D('',#182,#183);
#182 = CARTESIAN_POINT('',(3.889607488112E-15,0.));
#183 = DIRECTION('',(1.,0.));
#184 = ( GEOMETRIC_REPRESENTATION_CONTEXT(2) 
PARAMETRIC_REPRESENTATION_CONTEXT() REPRESENTATION_CONTEXT('2D SPACE',''
  ) );
#185 = PCURVE('',#186,#191);
#186 = CYLINDRICAL_SURFACE('',#187,45.);
#187 = AXIS2_PLACEMENT_3D('',#188,#189,#190);
#188 = CARTESIAN_POINT('',(0.,60.,162.5));
#189 = DIRECTION('',(-0.,-0.,-1.));
#190 = DIRECTION('',(1.,0.,0.));
#191 = DEFINITIONAL_REPRESENTATION('',(#192),#196);
#192 = LINE('',#193,#194);
#193 = CARTESIAN_POINT('',(6.28318530718,0.));
#194 = VECTOR('',#195,1.);
#195 = DIRECTION('',(-1.,0.));
#196 = ( GEOMETRIC_REPRESENTATION_CONTEXT(2) 
PARAMETRIC_REPRESENTATION_CONTEXT() REPRESENTATION_CONTEXT('2D SPACE',''
  ) );
#197 = ORIENTED_EDGE('',*,*,#198,.F.);
#198 = EDGE_CURVE('',#199,#170,#201,.T.);
#199 = VERTEX_POINT('',#200);
#200 = CARTESIAN_POINT('',(-55.,69.,162.5));
#201 = SURFACE_CURVE('',#202,(#206,#213),.PCURVE_S1.);
#202 = LINE('',#203,#204);
#203 = CARTESIAN_POINT('',(-55.,69.,162.5));
#204 = VECTOR('',#205,1.);
#205 = DIRECTION('',(1.,0.,0.));
#206 = PCURVE('',#92,#207);
#207 = DEFINITIONAL_REPRESENTATION('',(#208),#212);
#208 = LINE('',#209,#210);
#209 = CARTESIAN_POINT('',(-55.,9.));
#210 = VECTOR('',#211,1.);
#211 = DIRECTION('',(1.,0.));
#212 = ( GEOMETRIC_REPRESENTATION_CONTEXT(2) 
PARAMETRIC_REPRESENTATION_CONTEXT() REPRESENTATION_CONTEXT('2D SPACE',''
  ) );
#213 = PCURVE('',#214,#219);
#214 = PLANE('',#215);
#215 = AXIS2_PLACEMENT_3D('',#216,#217,#218);
#216 = CARTESIAN_POINT('',(-55.,69.,162.5));
#217 = DIRECTION('',(0.,1.,0.));
#218 = DIRECTION('',(0.,0.,1.));
#219 = DEFINITIONAL_REPRESENTATION('',(#220),#224);
#220 = LINE('',#221,#222);
#221 = CARTESIAN_POINT('',(0.,0.));
#222 = VECTOR('',#223,1.);
#223 = DIRECTION('',(0.,1.));
#224 = ( GEOMETRIC_REPRESENTATION_CONTEXT(2) 
PARAMETRIC_REPRESENTATION_CONTEXT() REPRESENTATION_CONTEXT('2D SPACE',''
  ) );
#225 = ORIENTED_EDGE('',*,*,#226,.F.);
#226 = EDGE_CURVE('',#227,#199,#229,.T.);
#227 = VERTEX_POINT('',#228);
#228 = CARTESIAN_POINT('',(-55.,51.,162.5));
#229 = SURFACE_CURVE('',#230,(#234,#241),.PCURVE_S1.);
#230 = LINE('',#231,#232);
#231 = CARTESIAN_POINT('',(-55.,51.,162.5));
#232 = VECTOR('',#233,1.);
#233 = DIRECTION('',(0.,1.,0.));
#234 = PCURVE('',#92,#235);
#235 = DEFINITIONAL_REPRESENTATION('',(#236),#240);
#236 = LINE('',#237,#238);
#237 = CARTESIAN_POINT('',(-55.,-9.));
#238 = VECTOR('',#239,1.);
#239 = DIRECTION('',(0.,1.));
#240 = ( GEOMETRIC_REPRESENTATION_CONTEXT(2) 
PARAMETRIC_REPRESENTATION_CONTEXT() REPRESENTATION_CONTEXT('2D SPACE',''
  ) );
#241 = PCURVE('',#242,#247);
#242 = PLANE('',#243);
#243 = AXIS2_PLACEMENT_3D('',#244,#245,#246);
#244 = CARTESIAN_POINT('',(-55.,51.,162.5));
#245 = DIRECTION('',(1.,0.,0.));
#246 = DIRECTION('',(0.,0.,1.));
#247 = DEFINITIONAL_REPRESENTATION('',(#248),#252);
#248 = LINE('',#249,#250);
#249 = CARTESIAN_POINT('',(0.,0.));
#250 = VECTOR('',#251,1.);
#251 = DIRECTION('',(0.,-1.));
#252 = ( GEOMETRIC_REPRESENTATION_CONTEXT(2) 
PARAMETRIC_REPRESENTATION_CONTEXT() REPRESENTATION_CONTEXT('2D SPACE',''
  ) );
#253 = ORIENTED_EDGE('',*,*,#254,.T.);
#254 = EDGE_CURVE('',#227,#255,#257,.T.);
#255 = VERTEX_POINT('',#256);
#256 = CARTESIAN_POINT('',(-44.09081537009,51.,162.5));
#257 = SURFACE_CURVE('',#258,(#262,#269),.PCURVE_S1.);
#258 = LINE('',#259,#260);
#259 = CARTESIAN_POINT('',(-55.,51.,162.5));
#260 = VECTOR('',#261,1.);
#261 = DIRECTION('',(1.,0.,0.));
#262 = PCURVE('',#92,#263);
#263 = DEFINITIONAL_REPRESENTATION('',(#264),#268);
#264 = LINE('',#265,#266);
#265 = CARTESIAN_POINT('',(-55.,-9.));
#266 = VECTOR('',#267,1.);
#267 = DIRECTION('',(1.,0.));
#268 = ( GEOMETRIC_REPRESENTATION_CONTEXT(2) 
PARAMETRIC_REPRESENTATION_CONTEXT() REPRESENTATION_CONTEXT('2D SPACE',''
  ) );
#269 = PCURVE('',#270,#275);
#270 = PLANE('',#271);
#271 = AXIS2_PLACEMENT_3D('',#272,#273,#274);
#272 = CARTESIAN_POINT('',(-55.,51.,162.5));
#273 = DIRECTION('',(0.,1.,0.));
#274 = DIRECTION('',(0.,0.,1.));
#275 = DEFINITIONAL_REPRESENTATION('',(#276),#280);
#276 = LINE('',#277,#278);
#277 = CARTESIAN_POINT('',(0.,0.));
#278 = VECTOR('',#279,1.);
#279 = DIRECTION('',(0.,1.));
#280 = ( GEOMETRIC_REPRESENTATION_CONTEXT(2) 
PARAMETRIC_REPRESENTATION_CONTEXT() REPRESENTATION_CONTEXT('2D SPACE',''
  ) );
#281 = ORIENTED_EDGE('',*,*,#282,.T.);
#282 = EDGE_CURVE('',#255,#283,#285,.T.);
#283 = VERTEX_POINT('',#284);
#284 = CARTESIAN_POINT('',(44.090815370097,50.999999999999,162.5));
#285 = SURFACE_CURVE('',#286,(#291,#298),.PCURVE_S1.);
#286 = CIRCLE('',#287,45.);
#287 = AXIS2_PLACEMENT_3D('',#288,#289,#290);
#288 = CARTESIAN_POINT('',(0.,60.,162.5));
#289 = DIRECTION('',(0.,0.,1.));
#290 = DIRECTION('',(1.,0.,0.));
#291 = PCURVE('',#92,#292);
#292 = DEFINITIONAL_REPRESENTATION('',(#293),#297);
#293 = CIRCLE('',#294,45.);
#294 = AXIS2_PLACEMENT_2D('',#295,#296);
#295 = CARTESIAN_POINT('',(3.889607488112E-15,0.));
#296 = DIRECTION('',(1.,0.));
#297 = ( GEOMETRIC_REPRESENTATION_CONTEXT(2) 
PARAMETRIC_REPRESENTATION_CONTEXT() REPRESENTATION_CONTEXT('2D SPACE',''
  ) );
#298 = PCURVE('',#299,#304);
#299 = CYLINDRICAL_SURFACE('',#300,45.);
#300 = AXIS2_PLACEMENT_3D('',#301,#302,#303);
#301 = CARTESIAN_POINT('',(0.,60.,162.5));
#302 = DIRECTION('',(-0.,-0.,-1.));
#303 = DIRECTION('',(1.,0.,0.));
#304 = DEFINITIONAL_REPRESENTATION('',(#305),#309);
#305 = LINE('',#306,#307);
#306 = CARTESIAN_POINT('',(6.28318530718,0.));
#307 = VECTOR('',#308,1.);
#308 = DIRECTION('',(-1.,0.));
#309 = ( GEOMETRIC_REPRESENTATION_CONTEXT(2) 
PARAMETRIC_REPRESENTATION_CONTEXT() REPRESENTATION_CONTEXT('2D SPACE',''
  ) );
#310 = ORIENTED_EDGE('',*,*,#311,.T.);
#311 = EDGE_CURVE('',#283,#312,#314,.T.);
#312 = VERTEX_POINT('',#313);
#313 = CARTESIAN_POINT('',(55.,51.,162.5));
#314 = SURFACE_CURVE('',#315,(#319,#326),.PCURVE_S1.);
#315 = LINE('',#316,#317);
#316 = CARTESIAN_POINT('',(-55.,51.,162.5));
#317 = VECTOR('',#318,1.);
#318 = DIRECTION('',(1.,0.,0.));
#319 = PCURVE('',#92,#320);
#320 = DEFINITIONAL_REPRESENTATION('',(#321),#325);
#321 = LINE('',#322,#323);
#322 = CARTESIAN_POINT('',(-55.,-9.));
#323 = VECTOR('',#324,1.);
#324 = DIRECTION('',(1.,0.));
#325 = ( GEOMETRIC_REPRESENTATION_CONTEXT(2) 
PARAMETRIC_REPRESENTATION_CONTEXT() REPRESENTATION_CONTEXT('2D SPACE',''
  ) );
#326 = PCURVE('',#327,#332);
#327 = PLANE('',#328);
#328 = AXIS2_PLACEMENT_3D('',#329,#330,#331);
#329 = CARTESIAN_POINT('',(-55.,51.,162.5));
#330 = DIRECTION('',(0.,1.,0.));
#331 = DIRECTION('',(0.,0.,1.));
#332 = DEFINITIONAL_REPRESENTATION('',(#333),#337);
#333 = LINE('',#334,#335);
#334 = CARTESIAN_POINT('',(0.,0.));
#335 = VECTOR('',#336,1.);
#336 = DIRECTION('',(0.,1.));
#337 = ( GEOMETRIC_REPRESENTATION_CONTEXT(2) 
PARAMETRIC_REPRESENTATION_CONTEXT() REPRESENTATION_CONTEXT('2D SPACE',''
  ) );
#338 = ORIENTED_EDGE('',*,*,#339,.T.);
#339 = EDGE_CURVE('',#312,#142,#340,.T.);
#340 = SURFACE_CURVE('',#341,(#345,#352),.PCURVE_S1.);
#341 = LINE('',#342,#343);
#342 = CARTESIAN_POINT('',(55.,51.,162.5));
#343 = VECTOR('',#344,1.);
#344 = DIRECTION('',(0.,1.,0.));
#345 = PCURVE('',#92,#346);
#346 = DEFINITIONAL_REPRESENTATION('',(#347),#351);
#347 = LINE('',#348,#349);
#348 = CARTESIAN_POINT('',(55.,-9.));
#349 = VECTOR('',#350,1.);
#350 = DIRECTION('',(0.,1.));
#351 = ( GEOMETRIC_REPRESENTATION_CONTEXT(2) 
PARAMETRIC_REPRESENTATION_CONTEXT() REPRESENTATION_CONTEXT('2D SPACE',''
  ) );
#352 = PCURVE('',#353,#358);
#353 = PLANE('',#354);
#354 = AXIS2_PLACEMENT_3D('',#355,#356,#357);
#355 = CARTESIAN_POINT('',(55.,51.,162.5));
#356 = DIRECTION('',(1.,0.,0.));
#357 = DIRECTION('',(0.,0.,1.));
#358 = DEFINITIONAL_REPRESENTATION('',(#359),#363);
#359 = LINE('',#360,#361);
#360 = CARTESIAN_POINT('',(0.,0.));
#361 = VECTOR('',#362,1.);
#362 = DIRECTION('',(0.,-1.));
#363 = ( GEOMETRIC_REPRESENTATION_CONTEXT(2) 
PARAMETRIC_REPRESENTATION_CONTEXT() REPRESENTATION_CONTEXT('2D SPACE',''
  ) );
#364 = FACE_BOUND('',#365,.F.);
#365 = EDGE_LOOP('',(#366));
#366 = ORIENTED_EDGE('',*,*,#367,.T.);
#367 = EDGE_CURVE('',#368,#368,#370,.T.);
#368 = VERTEX_POINT('',#369);
#369 = CARTESIAN_POINT('',(-44.75,60.,162.5));
#370 = SURFACE_CURVE('',#371,(#376,#387),.PCURVE_S1.);
#371 = CIRCLE('',#372,2.25);
#372 = AXIS2_PLACEMENT_3D('',#373,#374,#375);
#373 = CARTESIAN_POINT('',(-47.,60.,162.5));
#374 = DIRECTION('',(0.,0.,-1.));
#375 = DIRECTION('',(1.,0.,0.));
#376 = PCURVE('',#92,#377);
#377 = DEFINITIONAL_REPRESENTATION('',(#378),#386);
#378 = ( BOUNDED_CURVE() B_SPLINE_CURVE(2,(#379,#380,#381,#382,#383,#384
,#385),.UNSPECIFIED.,.T.,.F.) B_SPLINE_CURVE_WITH_KNOTS((1,2,2,2,2,1),(
    -2.094395102393,0.,2.094395102393,4.188790204786,6.28318530718,
8.377580409573),.UNSPECIFIED.) CURVE() GEOMETRIC_REPRESENTATION_ITEM() 
RATIONAL_B_SPLINE_CURVE((1.,0.5,1.,0.5,1.,0.5,1.)) REPRESENTATION_ITEM(
  '') );
#379 = CARTESIAN_POINT('',(-44.75,0.));
#380 = CARTESIAN_POINT('',(-44.75,-3.89711431703));
#381 = CARTESIAN_POINT('',(-48.125,-1.948557158515));
#382 = CARTESIAN_POINT('',(-51.5,-5.510910596163E-16));
#383 = CARTESIAN_POINT('',(-48.125,1.948557158515));
#384 = CARTESIAN_POINT('',(-44.75,3.89711431703));
#385 = CARTESIAN_POINT('',(-44.75,0.));
#386 = ( GEOMETRIC_REPRESENTATION_CONTEXT(2) 
PARAMETRIC_REPRESENTATION_CONTEXT() REPRESENTATION_CONTEXT('2D SPACE',''
  ) );
#387 = PCURVE('',#388,#393);
#388 = CYLINDRICAL_SURFACE('',#389,2.25);
#389 = AXIS2_PLACEMENT_3D('',#390,#391,#392);
#390 = CARTESIAN_POINT('',(-47.,60.,161.5));
#391 = DIRECTION('',(-0.,-0.,-1.));
#392 = DIRECTION('',(1.,0.,0.));
#393 = DEFINITIONAL_REPRESENTATION('',(#394),#398);
#394 = LINE('',#395,#396);
#395 = CARTESIAN_POINT('',(-4.138911435803E-13,-1.));
#396 = VECTOR('',#397,1.);
#397 = DIRECTION('',(1.,-0.));
#398 = ( GEOMETRIC_REPRESENTATION_CONTEXT(2) 
PARAMETRIC_REPRESENTATION_CONTEXT() REPRESENTATION_CONTEXT('2D SPACE',''
  ) );
#399 = FACE_BOUND('',#400,.F.);
#400 = EDGE_LOOP('',(#401));
#401 = ORIENTED_EDGE('',*,*,#77,.T.);
#402 = FACE_BOUND('',#403,.F.);
#403 = EDGE_LOOP('',(#404));
#404 = ORIENTED_EDGE('',*,*,#405,.T.);
#405 = EDGE_CURVE('',#406,#406,#408,.T.);
#406 = VERTEX_POINT('',#407);
#407 = CARTESIAN_POINT('',(49.25,60.,162.5));
#408 = SURFACE_CURVE('',#409,(#414,#425),.PCURVE_S1.);
#409 = CIRCLE('',#410,2.25);
#410 = AXIS2_PLACEMENT_3D('',#411,#412,#413);
#411 = CARTESIAN_POINT('',(47.,60.,162.5));
#412 = DIRECTION('',(0.,0.,-1.));
#413 = DIRECTION('',(1.,0.,0.));
#414 = PCURVE('',#92,#415);
#415 = DEFINITIONAL_REPRESENTATION('',(#416),#424);
#416 = ( BOUNDED_CURVE() B_SPLINE_CURVE(2,(#417,#418,#419,#420,#421,#422
,#423),.UNSPECIFIED.,.T.,.F.) B_SPLINE_CURVE_WITH_KNOTS((1,2,2,2,2,1),(
    -2.094395102393,0.,2.094395102393,4.188790204786,6.28318530718,
8.377580409573),.UNSPECIFIED.) CURVE() GEOMETRIC_REPRESENTATION_ITEM() 
RATIONAL_B_SPLINE_CURVE((1.,0.5,1.,0.5,1.,0.5,1.)) REPRESENTATION_ITEM(
  '') );
#417 = CARTESIAN_POINT('',(49.25,0.));
#418 = CARTESIAN_POINT('',(49.25,-3.89711431703));
#419 = CARTESIAN_POINT('',(45.875,-1.948557158515));
#420 = CARTESIAN_POINT('',(42.5,-5.510910596163E-16));
#421 = CARTESIAN_POINT('',(45.875,1.948557158515));
#422 = CARTESIAN_POINT('',(49.25,3.89711431703));
#423 = CARTESIAN_POINT('',(49.25,0.));
#424 = ( GEOMETRIC_REPRESENTATION_CONTEXT(2) 
PARAMETRIC_REPRESENTATION_CONTEXT() REPRESENTATION_CONTEXT('2D SPACE',''
  ) );
#425 = PCURVE('',#426,#431);
#426 = CYLINDRICAL_SURFACE('',#427,2.25);
#427 = AXIS2_PLACEMENT_3D('',#428,#429,#430);
#428 = CARTESIAN_POINT('',(47.,60.,161.5));
#429 = DIRECTION('',(-0.,-0.,-1.));
#430 = DIRECTION('',(1.,0.,0.));
#431 = DEFINITIONAL_REPRESENTATION('',(#432),#436);
#432 = LINE('',#433,#434);
#433 = CARTESIAN_POINT('',(-4.138911435803E-13,-1.));
#434 = VECTOR('',#435,1.);
#435 = DIRECTION('',(1.,-0.));
#436 = ( GEOMETRIC_REPRESENTATION_CONTEXT(2) 
PARAMETRIC_REPRESENTATION_CONTEXT() REPRESENTATION_CONTEXT('2D SPACE',''
  ) );
#437 = ADVANCED_FACE('',(#438,#441),#124,.F.);
#438 = FACE_BOUND('',#439,.F.);
#439 = EDGE_LOOP('',(#440));
#440 = ORIENTED_EDGE('',*,*,#109,.T.);
#441 = FACE_BOUND('',#442,.F.);
#442 = EDGE_LOOP('',(#443));
#443 = ORIENTED_EDGE('',*,*,#444,.T.);
#444 = EDGE_CURVE('',#445,#445,#447,.T.);
#445 = VERTEX_POINT('',#446);
#446 = CARTESIAN_POINT('',(36.,60.,161.2));
#447 = SURFACE_CURVE('',#448,(#453,#464),.PCURVE_S1.);
#448 = CIRCLE('',#449,36.);
#449 = AXIS2_PLACEMENT_3D('',#450,#451,#452);
#450 = CARTESIAN_POINT('',(0.,60.,161.2));
#451 = DIRECTION('',(0.,0.,-1.));
#452 = DIRECTION('',(1.,0.,0.));
#453 = PCURVE('',#124,#454);
#454 = DEFINITIONAL_REPRESENTATION('',(#455),#463);
#455 = ( BOUNDED_CURVE() B_SPLINE_CURVE(2,(#456,#457,#458,#459,#460,#461
,#462),.UNSPECIFIED.,.T.,.F.) B_SPLINE_CURVE_WITH_KNOTS((1,2,2,2,2,1),(
    -2.094395102393,0.,2.094395102393,4.188790204786,6.28318530718,
8.377580409573),.UNSPECIFIED.) CURVE() GEOMETRIC_REPRESENTATION_ITEM() 
RATIONAL_B_SPLINE_CURVE((1.,0.5,1.,0.5,1.,0.5,1.)) REPRESENTATION_ITEM(
  '') );
#456 = CARTESIAN_POINT('',(36.,0.));
#457 = CARTESIAN_POINT('',(36.,-62.35382907248));
#458 = CARTESIAN_POINT('',(-18.,-31.17691453624));
#459 = CARTESIAN_POINT('',(-72.,-8.817456953861E-15));
#460 = CARTESIAN_POINT('',(-18.,31.17691453624));
#461 = CARTESIAN_POINT('',(36.,62.35382907248));
#462 = CARTESIAN_POINT('',(36.,0.));
#463 = ( GEOMETRIC_REPRESENTATION_CONTEXT(2) 
PARAMETRIC_REPRESENTATION_CONTEXT() REPRESENTATION_CONTEXT('2D SPACE',''
  ) );
#464 = PCURVE('',#465,#470);
#465 = CYLINDRICAL_SURFACE('',#466,36.);
#466 = AXIS2_PLACEMENT_3D('',#467,#468,#469);
#467 = CARTESIAN_POINT('',(0.,60.,158.5));
#468 = DIRECTION('',(-0.,-0.,-1.));
#469 = DIRECTION('',(1.,0.,0.));
#470 = DEFINITIONAL_REPRESENTATION('',(#471),#475);
#471 = LINE('',#472,#473);
#472 = CARTESIAN_POINT('',(-4.138911435803E-13,-2.7));
#473 = VECTOR('',#474,1.);
#474 = DIRECTION('',(1.,-0.));
#475 = ( GEOMETRIC_REPRESENTATION_CONTEXT(2) 
PARAMETRIC_REPRESENTATION_CONTEXT() REPRESENTATION_CONTEXT('2D SPACE',''
  ) );
#476 = ADVANCED_FACE('',(#477),#157,.T.);
#477 = FACE_BOUND('',#478,.T.);
#478 = EDGE_LOOP('',(#479,#480,#502,#530));
#479 = ORIENTED_EDGE('',*,*,#139,.F.);
#480 = ORIENTED_EDGE('',*,*,#481,.F.);
#481 = EDGE_CURVE('',#482,#140,#484,.T.);
#482 = VERTEX_POINT('',#483);
#483 = CARTESIAN_POINT('',(44.090815370097,69.000000000001,167.5));
#484 = SURFACE_CURVE('',#485,(#489,#496),.PCURVE_S1.);
#485 = LINE('',#486,#487);
#486 = CARTESIAN_POINT('',(44.090815370097,69.,162.5));
#487 = VECTOR('',#488,1.);
#488 = DIRECTION('',(-0.,-0.,-1.));
#489 = PCURVE('',#157,#490);
#490 = DEFINITIONAL_REPRESENTATION('',(#491),#495);
#491 = LINE('',#492,#493);
#492 = CARTESIAN_POINT('',(0.,99.090815370097));
#493 = VECTOR('',#494,1.);
#494 = DIRECTION('',(-1.,0.));
#495 = ( GEOMETRIC_REPRESENTATION_CONTEXT(2) 
PARAMETRIC_REPRESENTATION_CONTEXT() REPRESENTATION_CONTEXT('2D SPACE',''
  ) );
#496 = PCURVE('',#186,#497);
#497 = DEFINITIONAL_REPRESENTATION('',(#498),#501);
#498 = B_SPLINE_CURVE_WITH_KNOTS('',1,(#499,#500),.UNSPECIFIED.,.F.,.F.,
  (2,2),(-5.0000006,5.999999928008E-07),.PIECEWISE_BEZIER_KNOTS.);
#499 = CARTESIAN_POINT('',(6.08182738639,-5.0000006));
#500 = CARTESIAN_POINT('',(6.08182738639,5.999999928008E-07));
#501 = ( GEOMETRIC_REPRESENTATION_CONTEXT(2) 
PARAMETRIC_REPRESENTATION_CONTEXT() REPRESENTATION_CONTEXT('2D SPACE',''
  ) );
#502 = ORIENTED_EDGE('',*,*,#503,.T.);
#503 = EDGE_CURVE('',#482,#504,#506,.T.);
#504 = VERTEX_POINT('',#505);
#505 = CARTESIAN_POINT('',(55.,69.,167.5));
#506 = SURFACE_CURVE('',#507,(#511,#518),.PCURVE_S1.);
#507 = LINE('',#508,#509);
#508 = CARTESIAN_POINT('',(-55.,69.,167.5));
#509 = VECTOR('',#510,1.);
#510 = DIRECTION('',(1.,0.,0.));
#511 = PCURVE('',#157,#512);
#512 = DEFINITIONAL_REPRESENTATION('',(#513),#517);
#513 = LINE('',#514,#515);
#514 = CARTESIAN_POINT('',(5.,0.));
#515 = VECTOR('',#516,1.);
#516 = DIRECTION('',(0.,1.));
#517 = ( GEOMETRIC_REPRESENTATION_CONTEXT(2) 
PARAMETRIC_REPRESENTATION_CONTEXT() REPRESENTATION_CONTEXT('2D SPACE',''
  ) );
#518 = PCURVE('',#519,#524);
#519 = PLANE('',#520);
#520 = AXIS2_PLACEMENT_3D('',#521,#522,#523);
#521 = CARTESIAN_POINT('',(-55.,51.,167.5));
#522 = DIRECTION('',(0.,0.,1.));
#523 = DIRECTION('',(1.,0.,0.));
#524 = DEFINITIONAL_REPRESENTATION('',(#525),#529);
#525 = LINE('',#526,#527);
#526 = CARTESIAN_POINT('',(0.,18.));
#527 = VECTOR('',#528,1.);
#528 = DIRECTION('',(1.,0.));
#529 = ( GEOMETRIC_REPRESENTATION_CONTEXT(2) 
PARAMETRIC_REPRESENTATION_CONTEXT() REPRESENTATION_CONTEXT('2D SPACE',''
  ) );
#530 = ORIENTED_EDGE('',*,*,#531,.F.);
#531 = EDGE_CURVE('',#142,#504,#532,.T.);
#532 = SURFACE_CURVE('',#533,(#537,#544),.PCURVE_S1.);
#533 = LINE('',#534,#535);
#534 = CARTESIAN_POINT('',(55.,69.,162.5));
#535 = VECTOR('',#536,1.);
#536 = DIRECTION('',(0.,0.,1.));
#537 = PCURVE('',#157,#538);
#538 = DEFINITIONAL_REPRESENTATION('',(#539),#543);
#539 = LINE('',#540,#541);
#540 = CARTESIAN_POINT('',(0.,110.));
#541 = VECTOR('',#542,1.);
#542 = DIRECTION('',(1.,0.));
#543 = ( GEOMETRIC_REPRESENTATION_CONTEXT(2) 
PARAMETRIC_REPRESENTATION_CONTEXT() REPRESENTATION_CONTEXT('2D SPACE',''
  ) );
#544 = PCURVE('',#353,#545);
#545 = DEFINITIONAL_REPRESENTATION('',(#546),#550);
#546 = LINE('',#547,#548);
#547 = CARTESIAN_POINT('',(0.,-18.));
#548 = VECTOR('',#549,1.);
#549 = DIRECTION('',(1.,0.));
#550 = ( GEOMETRIC_REPRESENTATION_CONTEXT(2) 
PARAMETRIC_REPRESENTATION_CONTEXT() REPRESENTATION_CONTEXT('2D SPACE',''
  ) );
#551 = ADVANCED_FACE('',(#552),#186,.T.);
#552 = FACE_BOUND('',#553,.T.);
#553 = EDGE_LOOP('',(#554,#576,#598,#599));
#554 = ORIENTED_EDGE('',*,*,#555,.F.);
#555 = EDGE_CURVE('',#556,#170,#558,.T.);
#556 = VERTEX_POINT('',#557);
#557 = CARTESIAN_POINT('',(-44.09081537009,69.,167.5));
#558 = SURFACE_CURVE('',#559,(#563,#569),.PCURVE_S1.);
#559 = LINE('',#560,#561);
#560 = CARTESIAN_POINT('',(-44.09081537009,69.,162.5));
#561 = VECTOR('',#562,1.);
#562 = DIRECTION('',(-0.,-0.,-1.));
#563 = PCURVE('',#186,#564);
#564 = DEFINITIONAL_REPRESENTATION('',(#565),#568);
#565 = B_SPLINE_CURVE_WITH_KNOTS('',1,(#566,#567),.UNSPECIFIED.,.F.,.F.,
  (2,2),(-5.0000006,5.999999928008E-07),.PIECEWISE_BEZIER_KNOTS.);
#566 = CARTESIAN_POINT('',(3.342950574381,-5.0000006));
#567 = CARTESIAN_POINT('',(3.342950574381,5.999999928008E-07));
#568 = ( GEOMETRIC_REPRESENTATION_CONTEXT(2) 
PARAMETRIC_REPRESENTATION_CONTEXT() REPRESENTATION_CONTEXT('2D SPACE',''
  ) );
#569 = PCURVE('',#214,#570);
#570 = DEFINITIONAL_REPRESENTATION('',(#571),#575);
#571 = LINE('',#572,#573);
#572 = CARTESIAN_POINT('',(0.,10.90918462991));
#573 = VECTOR('',#574,1.);
#574 = DIRECTION('',(-1.,0.));
#575 = ( GEOMETRIC_REPRESENTATION_CONTEXT(2) 
PARAMETRIC_REPRESENTATION_CONTEXT() REPRESENTATION_CONTEXT('2D SPACE',''
  ) );
#576 = ORIENTED_EDGE('',*,*,#577,.F.);
#577 = EDGE_CURVE('',#482,#556,#578,.T.);
#578 = SURFACE_CURVE('',#579,(#584,#591),.PCURVE_S1.);
#579 = CIRCLE('',#580,45.);
#580 = AXIS2_PLACEMENT_3D('',#581,#582,#583);
#581 = CARTESIAN_POINT('',(0.,60.,167.5));
#582 = DIRECTION('',(0.,0.,1.));
#583 = DIRECTION('',(1.,0.,0.));
#584 = PCURVE('',#186,#585);
#585 = DEFINITIONAL_REPRESENTATION('',(#586),#590);
#586 = LINE('',#587,#588);
#587 = CARTESIAN_POINT('',(6.28318530718,-5.));
#588 = VECTOR('',#589,1.);
#589 = DIRECTION('',(-1.,0.));
#590 = ( GEOMETRIC_REPRESENTATION_CONTEXT(2) 
PARAMETRIC_REPRESENTATION_CONTEXT() REPRESENTATION_CONTEXT('2D SPACE',''
  ) );
#591 = PCURVE('',#519,#592);
#592 = DEFINITIONAL_REPRESENTATION('',(#593),#597);
#593 = CIRCLE('',#594,45.);
#594 = AXIS2_PLACEMENT_2D('',#595,#596);
#595 = CARTESIAN_POINT('',(55.,9.));
#596 = DIRECTION('',(1.,0.));
#597 = ( GEOMETRIC_REPRESENTATION_CONTEXT(2) 
PARAMETRIC_REPRESENTATION_CONTEXT() REPRESENTATION_CONTEXT('2D SPACE',''
  ) );
#598 = ORIENTED_EDGE('',*,*,#481,.T.);
#599 = ORIENTED_EDGE('',*,*,#169,.T.);
#600 = ADVANCED_FACE('',(#601),#214,.T.);
#601 = FACE_BOUND('',#602,.T.);
#602 = EDGE_LOOP('',(#603,#604,#627,#648));
#603 = ORIENTED_EDGE('',*,*,#198,.F.);
#604 = ORIENTED_EDGE('',*,*,#605,.T.);
#605 = EDGE_CURVE('',#199,#606,#608,.T.);
#606 = VERTEX_POINT('',#607);
#607 = CARTESIAN_POINT('',(-55.,69.,167.5));
#608 = SURFACE_CURVE('',#609,(#613,#620),.PCURVE_S1.);
#609 = LINE('',#610,#611);
#610 = CARTESIAN_POINT('',(-55.,69.,162.5));
#611 = VECTOR('',#612,1.);
#612 = DIRECTION('',(0.,0.,1.));
#613 = PCURVE('',#214,#614);
#614 = DEFINITIONAL_REPRESENTATION('',(#615),#619);
#615 = LINE('',#616,#617);
#616 = CARTESIAN_POINT('',(0.,0.));
#617 = VECTOR('',#618,1.);
#618 = DIRECTION('',(1.,0.));
#619 = ( GEOMETRIC_REPRESENTATION_CONTEXT(2) 
PARAMETRIC_REPRESENTATION_CONTEXT() REPRESENTATION_CONTEXT('2D SPACE',''
  ) );
#620 = PCURVE('',#242,#621);
#621 = DEFINITIONAL_REPRESENTATION('',(#622),#626);
#622 = LINE('',#623,#624);
#623 = CARTESIAN_POINT('',(0.,-18.));
#624 = VECTOR('',#625,1.);
#625 = DIRECTION('',(1.,0.));
#626 = ( GEOMETRIC_REPRESENTATION_CONTEXT(2) 
PARAMETRIC_REPRESENTATION_CONTEXT() REPRESENTATION_CONTEXT('2D SPACE',''
  ) );
#627 = ORIENTED_EDGE('',*,*,#628,.T.);
#628 = EDGE_CURVE('',#606,#556,#629,.T.);
#629 = SURFACE_CURVE('',#630,(#634,#641),.PCURVE_S1.);
#630 = LINE('',#631,#632);
#631 = CARTESIAN_POINT('',(-55.,69.,167.5));
#632 = VECTOR('',#633,1.);
#633 = DIRECTION('',(1.,0.,0.));
#634 = PCURVE('',#214,#635);
#635 = DEFINITIONAL_REPRESENTATION('',(#636),#640);
#636 = LINE('',#637,#638);
#637 = CARTESIAN_POINT('',(5.,0.));
#638 = VECTOR('',#639,1.);
#639 = DIRECTION('',(0.,1.));
#640 = ( GEOMETRIC_REPRESENTATION_CONTEXT(2) 
PARAMETRIC_REPRESENTATION_CONTEXT() REPRESENTATION_CONTEXT('2D SPACE',''
  ) );
#641 = PCURVE('',#519,#642);
#642 = DEFINITIONAL_REPRESENTATION('',(#643),#647);
#643 = LINE('',#644,#645);
#644 = CARTESIAN_POINT('',(0.,18.));
#645 = VECTOR('',#646,1.);
#646 = DIRECTION('',(1.,0.));
#647 = ( GEOMETRIC_REPRESENTATION_CONTEXT(2) 
PARAMETRIC_REPRESENTATION_CONTEXT() REPRESENTATION_CONTEXT('2D SPACE',''
  ) );
#648 = ORIENTED_EDGE('',*,*,#555,.T.);
#649 = ADVANCED_FACE('',(#650),#242,.F.);
#650 = FACE_BOUND('',#651,.F.);
#651 = EDGE_LOOP('',(#652,#675,#676,#677));
#652 = ORIENTED_EDGE('',*,*,#653,.F.);
#653 = EDGE_CURVE('',#227,#654,#656,.T.);
#654 = VERTEX_POINT('',#655);
#655 = CARTESIAN_POINT('',(-55.,51.,167.5));
#656 = SURFACE_CURVE('',#657,(#661,#668),.PCURVE_S1.);
#657 = LINE('',#658,#659);
#658 = CARTESIAN_POINT('',(-55.,51.,162.5));
#659 = VECTOR('',#660,1.);
#660 = DIRECTION('',(0.,0.,1.));
#661 = PCURVE('',#242,#662);
#662 = DEFINITIONAL_REPRESENTATION('',(#663),#667);
#663 = LINE('',#664,#665);
#664 = CARTESIAN_POINT('',(0.,0.));
#665 = VECTOR('',#666,1.);
#666 = DIRECTION('',(1.,0.));
#667 = ( GEOMETRIC_REPRESENTATION_CONTEXT(2) 
PARAMETRIC_REPRESENTATION_CONTEXT() REPRESENTATION_CONTEXT('2D SPACE',''
  ) );
#668 = PCURVE('',#270,#669);
#669 = DEFINITIONAL_REPRESENTATION('',(#670),#674);
#670 = LINE('',#671,#672);
#671 = CARTESIAN_POINT('',(0.,0.));
#672 = VECTOR('',#673,1.);
#673 = DIRECTION('',(1.,0.));
#674 = ( GEOMETRIC_REPRESENTATION_CONTEXT(2) 
PARAMETRIC_REPRESENTATION_CONTEXT() REPRESENTATION_CONTEXT('2D SPACE',''
  ) );
#675 = ORIENTED_EDGE('',*,*,#226,.T.);
#676 = ORIENTED_EDGE('',*,*,#605,.T.);
#677 = ORIENTED_EDGE('',*,*,#678,.F.);
#678 = EDGE_CURVE('',#654,#606,#679,.T.);
#679 = SURFACE_CURVE('',#680,(#684,#691),.PCURVE_S1.);
#680 = LINE('',#681,#682);
#681 = CARTESIAN_POINT('',(-55.,51.,167.5));
#682 = VECTOR('',#683,1.);
#683 = DIRECTION('',(0.,1.,0.));
#684 = PCURVE('',#242,#685);
#685 = DEFINITIONAL_REPRESENTATION('',(#686),#690);
#686 = LINE('',#687,#688);
#687 = CARTESIAN_POINT('',(5.,0.));
#688 = VECTOR('',#689,1.);
#689 = DIRECTION('',(0.,-1.));
#690 = ( GEOMETRIC_REPRESENTATION_CONTEXT(2) 
PARAMETRIC_REPRESENTATION_CONTEXT() REPRESENTATION_CONTEXT('2D SPACE',''
  ) );
#691 = PCURVE('',#519,#692);
#692 = DEFINITIONAL_REPRESENTATION('',(#693),#697);
#693 = LINE('',#694,#695);
#694 = CARTESIAN_POINT('',(0.,0.));
#695 = VECTOR('',#696,1.);
#696 = DIRECTION('',(0.,1.));
#697 = ( GEOMETRIC_REPRESENTATION_CONTEXT(2) 
PARAMETRIC_REPRESENTATION_CONTEXT() REPRESENTATION_CONTEXT('2D SPACE',''
  ) );
#698 = ADVANCED_FACE('',(#699),#270,.F.);
#699 = FACE_BOUND('',#700,.F.);
#700 = EDGE_LOOP('',(#701,#702,#703,#726));
#701 = ORIENTED_EDGE('',*,*,#254,.F.);
#702 = ORIENTED_EDGE('',*,*,#653,.T.);
#703 = ORIENTED_EDGE('',*,*,#704,.T.);
#704 = EDGE_CURVE('',#654,#705,#707,.T.);
#705 = VERTEX_POINT('',#706);
#706 = CARTESIAN_POINT('',(-44.09081537009,51.,167.5));
#707 = SURFACE_CURVE('',#708,(#712,#719),.PCURVE_S1.);
#708 = LINE('',#709,#710);
#709 = CARTESIAN_POINT('',(-55.,51.,167.5));
#710 = VECTOR('',#711,1.);
#711 = DIRECTION('',(1.,0.,0.));
#712 = PCURVE('',#270,#713);
#713 = DEFINITIONAL_REPRESENTATION('',(#714),#718);
#714 = LINE('',#715,#716);
#715 = CARTESIAN_POINT('',(5.,0.));
#716 = VECTOR('',#717,1.);
#717 = DIRECTION('',(0.,1.));
#718 = ( GEOMETRIC_REPRESENTATION_CONTEXT(2) 
PARAMETRIC_REPRESENTATION_CONTEXT() REPRESENTATION_CONTEXT('2D SPACE',''
  ) );
#719 = PCURVE('',#519,#720);
#720 = DEFINITIONAL_REPRESENTATION('',(#721),#725);
#721 = LINE('',#722,#723);
#722 = CARTESIAN_POINT('',(0.,0.));
#723 = VECTOR('',#724,1.);
#724 = DIRECTION('',(1.,0.));
#725 = ( GEOMETRIC_REPRESENTATION_CONTEXT(2) 
PARAMETRIC_REPRESENTATION_CONTEXT() REPRESENTATION_CONTEXT('2D SPACE',''
  ) );
#726 = ORIENTED_EDGE('',*,*,#727,.T.);
#727 = EDGE_CURVE('',#705,#255,#728,.T.);
#728 = SURFACE_CURVE('',#729,(#733,#740),.PCURVE_S1.);
#729 = LINE('',#730,#731);
#730 = CARTESIAN_POINT('',(-44.09081537009,51.,162.5));
#731 = VECTOR('',#732,1.);
#732 = DIRECTION('',(-0.,-0.,-1.));
#733 = PCURVE('',#270,#734);
#734 = DEFINITIONAL_REPRESENTATION('',(#735),#739);
#735 = LINE('',#736,#737);
#736 = CARTESIAN_POINT('',(0.,10.90918462991));
#737 = VECTOR('',#738,1.);
#738 = DIRECTION('',(-1.,0.));
#739 = ( GEOMETRIC_REPRESENTATION_CONTEXT(2) 
PARAMETRIC_REPRESENTATION_CONTEXT() REPRESENTATION_CONTEXT('2D SPACE',''
  ) );
#740 = PCURVE('',#299,#741);
#741 = DEFINITIONAL_REPRESENTATION('',(#742),#745);
#742 = B_SPLINE_CURVE_WITH_KNOTS('',1,(#743,#744),.UNSPECIFIED.,.F.,.F.,
  (2,2),(-5.0000006,5.999999928008E-07),.PIECEWISE_BEZIER_KNOTS.);
#743 = CARTESIAN_POINT('',(2.9402347328,-5.0000006));
#744 = CARTESIAN_POINT('',(2.9402347328,5.999999928008E-07));
#745 = ( GEOMETRIC_REPRESENTATION_CONTEXT(2) 
PARAMETRIC_REPRESENTATION_CONTEXT() REPRESENTATION_CONTEXT('2D SPACE',''
  ) );
#746 = ADVANCED_FACE('',(#747),#299,.T.);
#747 = FACE_BOUND('',#748,.T.);
#748 = EDGE_LOOP('',(#749,#773,#774,#775));
#749 = ORIENTED_EDGE('',*,*,#750,.F.);
#750 = EDGE_CURVE('',#705,#751,#753,.T.);
#751 = VERTEX_POINT('',#752);
#752 = CARTESIAN_POINT('',(44.090815370097,50.999999999999,167.5));
#753 = SURFACE_CURVE('',#754,(#759,#766),.PCURVE_S1.);
#754 = CIRCLE('',#755,45.);
#755 = AXIS2_PLACEMENT_3D('',#756,#757,#758);
#756 = CARTESIAN_POINT('',(0.,60.,167.5));
#757 = DIRECTION('',(0.,0.,1.));
#758 = DIRECTION('',(1.,0.,0.));
#759 = PCURVE('',#299,#760);
#760 = DEFINITIONAL_REPRESENTATION('',(#761),#765);
#761 = LINE('',#762,#763);
#762 = CARTESIAN_POINT('',(6.28318530718,-5.));
#763 = VECTOR('',#764,1.);
#764 = DIRECTION('',(-1.,0.));
#765 = ( GEOMETRIC_REPRESENTATION_CONTEXT(2) 
PARAMETRIC_REPRESENTATION_CONTEXT() REPRESENTATION_CONTEXT('2D SPACE',''
  ) );
#766 = PCURVE('',#519,#767);
#767 = DEFINITIONAL_REPRESENTATION('',(#768),#772);
#768 = CIRCLE('',#769,45.);
#769 = AXIS2_PLACEMENT_2D('',#770,#771);
#770 = CARTESIAN_POINT('',(55.,9.));
#771 = DIRECTION('',(1.,0.));
#772 = ( GEOMETRIC_REPRESENTATION_CONTEXT(2) 
PARAMETRIC_REPRESENTATION_CONTEXT() REPRESENTATION_CONTEXT('2D SPACE',''
  ) );
#773 = ORIENTED_EDGE('',*,*,#727,.T.);
#774 = ORIENTED_EDGE('',*,*,#282,.T.);
#775 = ORIENTED_EDGE('',*,*,#776,.F.);
#776 = EDGE_CURVE('',#751,#283,#777,.T.);
#777 = SURFACE_CURVE('',#778,(#782,#788),.PCURVE_S1.);
#778 = LINE('',#779,#780);
#779 = CARTESIAN_POINT('',(44.090815370097,51.,162.5));
#780 = VECTOR('',#781,1.);
#781 = DIRECTION('',(-0.,-0.,-1.));
#782 = PCURVE('',#299,#783);
#783 = DEFINITIONAL_REPRESENTATION('',(#784),#787);
#784 = B_SPLINE_CURVE_WITH_KNOTS('',1,(#785,#786),.UNSPECIFIED.,.F.,.F.,
  (2,2),(-5.0000006,5.999999928008E-07),.PIECEWISE_BEZIER_KNOTS.);
#785 = CARTESIAN_POINT('',(0.201357920791,-5.0000006));
#786 = CARTESIAN_POINT('',(0.201357920791,5.999999928008E-07));
#787 = ( GEOMETRIC_REPRESENTATION_CONTEXT(2) 
PARAMETRIC_REPRESENTATION_CONTEXT() REPRESENTATION_CONTEXT('2D SPACE',''
  ) );
#788 = PCURVE('',#327,#789);
#789 = DEFINITIONAL_REPRESENTATION('',(#790),#794);
#790 = LINE('',#791,#792);
#791 = CARTESIAN_POINT('',(0.,99.090815370097));
#792 = VECTOR('',#793,1.);
#793 = DIRECTION('',(-1.,0.));
#794 = ( GEOMETRIC_REPRESENTATION_CONTEXT(2) 
PARAMETRIC_REPRESENTATION_CONTEXT() REPRESENTATION_CONTEXT('2D SPACE',''
  ) );
#795 = ADVANCED_FACE('',(#796),#327,.F.);
#796 = FACE_BOUND('',#797,.F.);
#797 = EDGE_LOOP('',(#798,#799,#800,#823));
#798 = ORIENTED_EDGE('',*,*,#311,.F.);
#799 = ORIENTED_EDGE('',*,*,#776,.F.);
#800 = ORIENTED_EDGE('',*,*,#801,.T.);
#801 = EDGE_CURVE('',#751,#802,#804,.T.);
#802 = VERTEX_POINT('',#803);
#803 = CARTESIAN_POINT('',(55.,51.,167.5));
#804 = SURFACE_CURVE('',#805,(#809,#816),.PCURVE_S1.);
#805 = LINE('',#806,#807);
#806 = CARTESIAN_POINT('',(-55.,51.,167.5));
#807 = VECTOR('',#808,1.);
#808 = DIRECTION('',(1.,0.,0.));
#809 = PCURVE('',#327,#810);
#810 = DEFINITIONAL_REPRESENTATION('',(#811),#815);
#811 = LINE('',#812,#813);
#812 = CARTESIAN_POINT('',(5.,0.));
#813 = VECTOR('',#814,1.);
#814 = DIRECTION('',(0.,1.));
#815 = ( GEOMETRIC_REPRESENTATION_CONTEXT(2) 
PARAMETRIC_REPRESENTATION_CONTEXT() REPRESENTATION_CONTEXT('2D SPACE',''
  ) );
#816 = PCURVE('',#519,#817);
#817 = DEFINITIONAL_REPRESENTATION('',(#818),#822);
#818 = LINE('',#819,#820);
#819 = CARTESIAN_POINT('',(0.,0.));
#820 = VECTOR('',#821,1.);
#821 = DIRECTION('',(1.,0.));
#822 = ( GEOMETRIC_REPRESENTATION_CONTEXT(2) 
PARAMETRIC_REPRESENTATION_CONTEXT() REPRESENTATION_CONTEXT('2D SPACE',''
  ) );
#823 = ORIENTED_EDGE('',*,*,#824,.F.);
#824 = EDGE_CURVE('',#312,#802,#825,.T.);
#825 = SURFACE_CURVE('',#826,(#830,#837),.PCURVE_S1.);
#826 = LINE('',#827,#828);
#827 = CARTESIAN_POINT('',(55.,51.,162.5));
#828 = VECTOR('',#829,1.);
#829 = DIRECTION('',(0.,0.,1.));
#830 = PCURVE('',#327,#831);
#831 = DEFINITIONAL_REPRESENTATION('',(#832),#836);
#832 = LINE('',#833,#834);
#833 = CARTESIAN_POINT('',(0.,110.));
#834 = VECTOR('',#835,1.);
#835 = DIRECTION('',(1.,0.));
#836 = ( GEOMETRIC_REPRESENTATION_CONTEXT(2) 
PARAMETRIC_REPRESENTATION_CONTEXT() REPRESENTATION_CONTEXT('2D SPACE',''
  ) );
#837 = PCURVE('',#353,#838);
#838 = DEFINITIONAL_REPRESENTATION('',(#839),#843);
#839 = LINE('',#840,#841);
#840 = CARTESIAN_POINT('',(0.,0.));
#841 = VECTOR('',#842,1.);
#842 = DIRECTION('',(1.,0.));
#843 = ( GEOMETRIC_REPRESENTATION_CONTEXT(2) 
PARAMETRIC_REPRESENTATION_CONTEXT() REPRESENTATION_CONTEXT('2D SPACE',''
  ) );
#844 = ADVANCED_FACE('',(#845),#353,.T.);
#845 = FACE_BOUND('',#846,.T.);
#846 = EDGE_LOOP('',(#847,#848,#849,#850));
#847 = ORIENTED_EDGE('',*,*,#824,.F.);
#848 = ORIENTED_EDGE('',*,*,#339,.T.);
#849 = ORIENTED_EDGE('',*,*,#531,.T.);
#850 = ORIENTED_EDGE('',*,*,#851,.F.);
#851 = EDGE_CURVE('',#802,#504,#852,.T.);
#852 = SURFACE_CURVE('',#853,(#857,#864),.PCURVE_S1.);
#853 = LINE('',#854,#855);
#854 = CARTESIAN_POINT('',(55.,51.,167.5));
#855 = VECTOR('',#856,1.);
#856 = DIRECTION('',(0.,1.,0.));
#857 = PCURVE('',#353,#858);
#858 = DEFINITIONAL_REPRESENTATION('',(#859),#863);
#859 = LINE('',#860,#861);
#860 = CARTESIAN_POINT('',(5.,0.));
#861 = VECTOR('',#862,1.);
#862 = DIRECTION('',(0.,-1.));
#863 = ( GEOMETRIC_REPRESENTATION_CONTEXT(2) 
PARAMETRIC_REPRESENTATION_CONTEXT() REPRESENTATION_CONTEXT('2D SPACE',''
  ) );
#864 = PCURVE('',#519,#865);
#865 = DEFINITIONAL_REPRESENTATION('',(#866),#870);
#866 = LINE('',#867,#868);
#867 = CARTESIAN_POINT('',(110.,0.));
#868 = VECTOR('',#869,1.);
#869 = DIRECTION('',(0.,1.));
#870 = ( GEOMETRIC_REPRESENTATION_CONTEXT(2) 
PARAMETRIC_REPRESENTATION_CONTEXT() REPRESENTATION_CONTEXT('2D SPACE',''
  ) );
#871 = ADVANCED_FACE('',(#872),#388,.F.);
#872 = FACE_BOUND('',#873,.F.);
#873 = EDGE_LOOP('',(#874,#897,#923,#924));
#874 = ORIENTED_EDGE('',*,*,#875,.T.);
#875 = EDGE_CURVE('',#368,#876,#878,.T.);
#876 = VERTEX_POINT('',#877);
#877 = CARTESIAN_POINT('',(-44.75,60.,167.5));
#878 = SEAM_CURVE('',#879,(#883,#890),.PCURVE_S1.);
#879 = LINE('',#880,#881);
#880 = CARTESIAN_POINT('',(-44.75,60.,161.5));
#881 = VECTOR('',#882,1.);
#882 = DIRECTION('',(0.,0.,1.));
#883 = PCURVE('',#388,#884);
#884 = DEFINITIONAL_REPRESENTATION('',(#885),#889);
#885 = LINE('',#886,#887);
#886 = CARTESIAN_POINT('',(-4.138911435803E-13,0.));
#887 = VECTOR('',#888,1.);
#888 = DIRECTION('',(-0.,-1.));
#889 = ( GEOMETRIC_REPRESENTATION_CONTEXT(2) 
PARAMETRIC_REPRESENTATION_CONTEXT() REPRESENTATION_CONTEXT('2D SPACE',''
  ) );
#890 = PCURVE('',#388,#891);
#891 = DEFINITIONAL_REPRESENTATION('',(#892),#896);
#892 = LINE('',#893,#894);
#893 = CARTESIAN_POINT('',(6.28318530718,0.));
#894 = VECTOR('',#895,1.);
#895 = DIRECTION('',(-0.,-1.));
#896 = ( GEOMETRIC_REPRESENTATION_CONTEXT(2) 
PARAMETRIC_REPRESENTATION_CONTEXT() REPRESENTATION_CONTEXT('2D SPACE',''
  ) );
#897 = ORIENTED_EDGE('',*,*,#898,.T.);
#898 = EDGE_CURVE('',#876,#876,#899,.T.);
#899 = SURFACE_CURVE('',#900,(#905,#912),.PCURVE_S1.);
#900 = CIRCLE('',#901,2.25);
#901 = AXIS2_PLACEMENT_3D('',#902,#903,#904);
#902 = CARTESIAN_POINT('',(-47.,60.,167.5));
#903 = DIRECTION('',(0.,0.,-1.));
#904 = DIRECTION('',(1.,0.,0.));
#905 = PCURVE('',#388,#906);
#906 = DEFINITIONAL_REPRESENTATION('',(#907),#911);
#907 = LINE('',#908,#909);
#908 = CARTESIAN_POINT('',(-4.138911435803E-13,-6.));
#909 = VECTOR('',#910,1.);
#910 = DIRECTION('',(1.,-0.));
#911 = ( GEOMETRIC_REPRESENTATION_CONTEXT(2) 
PARAMETRIC_REPRESENTATION_CONTEXT() REPRESENTATION_CONTEXT('2D SPACE',''
  ) );
#912 = PCURVE('',#519,#913);
#913 = DEFINITIONAL_REPRESENTATION('',(#914),#922);
#914 = ( BOUNDED_CURVE() B_SPLINE_CURVE(2,(#915,#916,#917,#918,#919,#920
,#921),.UNSPECIFIED.,.T.,.F.) B_SPLINE_CURVE_WITH_KNOTS((1,2,2,2,2,1),(
    -2.094395102393,0.,2.094395102393,4.188790204786,6.28318530718,
8.377580409573),.UNSPECIFIED.) CURVE() GEOMETRIC_REPRESENTATION_ITEM() 
RATIONAL_B_SPLINE_CURVE((1.,0.5,1.,0.5,1.,0.5,1.)) REPRESENTATION_ITEM(
  '') );
#915 = CARTESIAN_POINT('',(10.25,9.));
#916 = CARTESIAN_POINT('',(10.25,5.10288568297));
#917 = CARTESIAN_POINT('',(6.875,7.051442841485));
#918 = CARTESIAN_POINT('',(3.5,9.));
#919 = CARTESIAN_POINT('',(6.875,10.948557158515));
#920 = CARTESIAN_POINT('',(10.25,12.89711431703));
#921 = CARTESIAN_POINT('',(10.25,9.));
#922 = ( GEOMETRIC_REPRESENTATION_CONTEXT(2) 
PARAMETRIC_REPRESENTATION_CONTEXT() REPRESENTATION_CONTEXT('2D SPACE',''
  ) );
#923 = ORIENTED_EDGE('',*,*,#875,.F.);
#924 = ORIENTED_EDGE('',*,*,#367,.F.);
#925 = ADVANCED_FACE('',(#926),#426,.F.);
#926 = FACE_BOUND('',#927,.F.);
#927 = EDGE_LOOP('',(#928,#951,#977,#978));
#928 = ORIENTED_EDGE('',*,*,#929,.T.);
#929 = EDGE_CURVE('',#406,#930,#932,.T.);
#930 = VERTEX_POINT('',#931);
#931 = CARTESIAN_POINT('',(49.25,60.,167.5));
#932 = SEAM_CURVE('',#933,(#937,#944),.PCURVE_S1.);
#933 = LINE('',#934,#935);
#934 = CARTESIAN_POINT('',(49.25,60.,161.5));
#935 = VECTOR('',#936,1.);
#936 = DIRECTION('',(0.,0.,1.));
#937 = PCURVE('',#426,#938);
#938 = DEFINITIONAL_REPRESENTATION('',(#939),#943);
#939 = LINE('',#940,#941);
#940 = CARTESIAN_POINT('',(-4.138911435803E-13,0.));
#941 = VECTOR('',#942,1.);
#942 = DIRECTION('',(-0.,-1.));
#943 = ( GEOMETRIC_REPRESENTATION_CONTEXT(2) 
PARAMETRIC_REPRESENTATION_CONTEXT() REPRESENTATION_CONTEXT('2D SPACE',''
  ) );
#944 = PCURVE('',#426,#945);
#945 = DEFINITIONAL_REPRESENTATION('',(#946),#950);
#946 = LINE('',#947,#948);
#947 = CARTESIAN_POINT('',(6.28318530718,0.));
#948 = VECTOR('',#949,1.);
#949 = DIRECTION('',(-0.,-1.));
#950 = ( GEOMETRIC_REPRESENTATION_CONTEXT(2) 
PARAMETRIC_REPRESENTATION_CONTEXT() REPRESENTATION_CONTEXT('2D SPACE',''
  ) );
#951 = ORIENTED_EDGE('',*,*,#952,.T.);
#952 = EDGE_CURVE('',#930,#930,#953,.T.);
#953 = SURFACE_CURVE('',#954,(#959,#966),.PCURVE_S1.);
#954 = CIRCLE('',#955,2.25);
#955 = AXIS2_PLACEMENT_3D('',#956,#957,#958);
#956 = CARTESIAN_POINT('',(47.,60.,167.5));
#957 = DIRECTION('',(0.,0.,-1.));
#958 = DIRECTION('',(1.,0.,0.));
#959 = PCURVE('',#426,#960);
#960 = DEFINITIONAL_REPRESENTATION('',(#961),#965);
#961 = LINE('',#962,#963);
#962 = CARTESIAN_POINT('',(-4.138911435803E-13,-6.));
#963 = VECTOR('',#964,1.);
#964 = DIRECTION('',(1.,-0.));
#965 = ( GEOMETRIC_REPRESENTATION_CONTEXT(2) 
PARAMETRIC_REPRESENTATION_CONTEXT() REPRESENTATION_CONTEXT('2D SPACE',''
  ) );
#966 = PCURVE('',#519,#967);
#967 = DEFINITIONAL_REPRESENTATION('',(#968),#976);
#968 = ( BOUNDED_CURVE() B_SPLINE_CURVE(2,(#969,#970,#971,#972,#973,#974
,#975),.UNSPECIFIED.,.T.,.F.) B_SPLINE_CURVE_WITH_KNOTS((1,2,2,2,2,1),(
    -2.094395102393,0.,2.094395102393,4.188790204786,6.28318530718,
8.377580409573),.UNSPECIFIED.) CURVE() GEOMETRIC_REPRESENTATION_ITEM() 
RATIONAL_B_SPLINE_CURVE((1.,0.5,1.,0.5,1.,0.5,1.)) REPRESENTATION_ITEM(
  '') );
#969 = CARTESIAN_POINT('',(104.25,9.));
#970 = CARTESIAN_POINT('',(104.25,5.10288568297));
#971 = CARTESIAN_POINT('',(100.875,7.051442841485));
#972 = CARTESIAN_POINT('',(97.5,9.));
#973 = CARTESIAN_POINT('',(100.875,10.948557158515));
#974 = CARTESIAN_POINT('',(104.25,12.89711431703));
#975 = CARTESIAN_POINT('',(104.25,9.));
#976 = ( GEOMETRIC_REPRESENTATION_CONTEXT(2) 
PARAMETRIC_REPRESENTATION_CONTEXT() REPRESENTATION_CONTEXT('2D SPACE',''
  ) );
#977 = ORIENTED_EDGE('',*,*,#929,.F.);
#978 = ORIENTED_EDGE('',*,*,#405,.F.);
#979 = ADVANCED_FACE('',(#980),#465,.F.);
#980 = FACE_BOUND('',#981,.F.);
#981 = EDGE_LOOP('',(#982,#983,#1006,#1033));
#982 = ORIENTED_EDGE('',*,*,#444,.F.);
#983 = ORIENTED_EDGE('',*,*,#984,.T.);
#984 = EDGE_CURVE('',#445,#985,#987,.T.);
#985 = VERTEX_POINT('',#986);
#986 = CARTESIAN_POINT('',(36.,60.,181.8));
#987 = SEAM_CURVE('',#988,(#992,#999),.PCURVE_S1.);
#988 = LINE('',#989,#990);
#989 = CARTESIAN_POINT('',(36.,60.,158.5));
#990 = VECTOR('',#991,1.);
#991 = DIRECTION('',(0.,0.,1.));
#992 = PCURVE('',#465,#993);
#993 = DEFINITIONAL_REPRESENTATION('',(#994),#998);
#994 = LINE('',#995,#996);
#995 = CARTESIAN_POINT('',(6.28318530718,0.));
#996 = VECTOR('',#997,1.);
#997 = DIRECTION('',(-0.,-1.));
#998 = ( GEOMETRIC_REPRESENTATION_CONTEXT(2) 
PARAMETRIC_REPRESENTATION_CONTEXT() REPRESENTATION_CONTEXT('2D SPACE',''
  ) );
#999 = PCURVE('',#465,#1000);
#1000 = DEFINITIONAL_REPRESENTATION('',(#1001),#1005);
#1001 = LINE('',#1002,#1003);
#1002 = CARTESIAN_POINT('',(-4.138911435803E-13,0.));
#1003 = VECTOR('',#1004,1.);
#1004 = DIRECTION('',(-0.,-1.));
#1005 = ( GEOMETRIC_REPRESENTATION_CONTEXT(2) 
PARAMETRIC_REPRESENTATION_CONTEXT() REPRESENTATION_CONTEXT('2D SPACE',''
  ) );
#1006 = ORIENTED_EDGE('',*,*,#1007,.F.);
#1007 = EDGE_CURVE('',#985,#985,#1008,.T.);
#1008 = SURFACE_CURVE('',#1009,(#1014,#1021),.PCURVE_S1.);
#1009 = CIRCLE('',#1010,36.);
#1010 = AXIS2_PLACEMENT_3D('',#1011,#1012,#1013);
#1011 = CARTESIAN_POINT('',(0.,60.,181.8));
#1012 = DIRECTION('',(0.,0.,1.));
#1013 = DIRECTION('',(1.,0.,-0.));
#1014 = PCURVE('',#465,#1015);
#1015 = DEFINITIONAL_REPRESENTATION('',(#1016),#1020);
#1016 = LINE('',#1017,#1018);
#1017 = CARTESIAN_POINT('',(6.28318530718,-23.3));
#1018 = VECTOR('',#1019,1.);
#1019 = DIRECTION('',(-1.,0.));
#1020 = ( GEOMETRIC_REPRESENTATION_CONTEXT(2) 
PARAMETRIC_REPRESENTATION_CONTEXT() REPRESENTATION_CONTEXT('2D SPACE',''
  ) );
#1021 = PCURVE('',#1022,#1027);
#1022 = CYLINDRICAL_SURFACE('',#1023,36.);
#1023 = AXIS2_PLACEMENT_3D('',#1024,#1025,#1026);
#1024 = CARTESIAN_POINT('',(0.,60.,158.5));
#1025 = DIRECTION('',(-0.,-0.,-1.));
#1026 = DIRECTION('',(1.,0.,0.));
#1027 = DEFINITIONAL_REPRESENTATION('',(#1028),#1032);
#1028 = LINE('',#1029,#1030);
#1029 = CARTESIAN_POINT('',(6.28318530718,-23.3));
#1030 = VECTOR('',#1031,1.);
#1031 = DIRECTION('',(-1.,0.));
#1032 = ( GEOMETRIC_REPRESENTATION_CONTEXT(2) 
PARAMETRIC_REPRESENTATION_CONTEXT() REPRESENTATION_CONTEXT('2D SPACE',''
  ) );
#1033 = ORIENTED_EDGE('',*,*,#984,.F.);
#1034 = ADVANCED_FACE('',(#1035,#1045,#1048,#1083),#519,.T.);
#1035 = FACE_BOUND('',#1036,.T.);
#1036 = EDGE_LOOP('',(#1037,#1038,#1039,#1040,#1041,#1042,#1043,#1044));
#1037 = ORIENTED_EDGE('',*,*,#503,.F.);
#1038 = ORIENTED_EDGE('',*,*,#577,.T.);
#1039 = ORIENTED_EDGE('',*,*,#628,.F.);
#1040 = ORIENTED_EDGE('',*,*,#678,.F.);
#1041 = ORIENTED_EDGE('',*,*,#704,.T.);
#1042 = ORIENTED_EDGE('',*,*,#750,.T.);
#1043 = ORIENTED_EDGE('',*,*,#801,.T.);
#1044 = ORIENTED_EDGE('',*,*,#851,.T.);
#1045 = FACE_BOUND('',#1046,.T.);
#1046 = EDGE_LOOP('',(#1047));
#1047 = ORIENTED_EDGE('',*,*,#898,.T.);
#1048 = FACE_BOUND('',#1049,.T.);
#1049 = EDGE_LOOP('',(#1050));
#1050 = ORIENTED_EDGE('',*,*,#1051,.T.);
#1051 = EDGE_CURVE('',#1052,#1052,#1054,.T.);
#1052 = VERTEX_POINT('',#1053);
#1053 = CARTESIAN_POINT('',(39.,60.,167.5));
#1054 = SURFACE_CURVE('',#1055,(#1060,#1071),.PCURVE_S1.);
#1055 = CIRCLE('',#1056,39.);
#1056 = AXIS2_PLACEMENT_3D('',#1057,#1058,#1059);
#1057 = CARTESIAN_POINT('',(0.,60.,167.5));
#1058 = DIRECTION('',(0.,0.,-1.));
#1059 = DIRECTION('',(1.,0.,0.));
#1060 = PCURVE('',#519,#1061);
#1061 = DEFINITIONAL_REPRESENTATION('',(#1062),#1070);
#1062 = ( BOUNDED_CURVE() B_SPLINE_CURVE(2,(#1063,#1064,#1065,#1066,
#1067,#1068,#1069),.UNSPECIFIED.,.T.,.F.) B_SPLINE_CURVE_WITH_KNOTS((1,2
    ,2,2,2,1),(-2.094395102393,0.,2.094395102393,4.188790204786,
6.28318530718,8.377580409573),.UNSPECIFIED.) CURVE() 
GEOMETRIC_REPRESENTATION_ITEM() RATIONAL_B_SPLINE_CURVE((1.,0.5,1.,0.5,
1.,0.5,1.)) REPRESENTATION_ITEM('') );
#1063 = CARTESIAN_POINT('',(94.,9.));
#1064 = CARTESIAN_POINT('',(94.,-58.54998149518));
#1065 = CARTESIAN_POINT('',(35.5,-24.77499074759));
#1066 = CARTESIAN_POINT('',(-23.,9.));
#1067 = CARTESIAN_POINT('',(35.5,42.774990747593));
#1068 = CARTESIAN_POINT('',(94.,76.549981495186));
#1069 = CARTESIAN_POINT('',(94.,9.));
#1070 = ( GEOMETRIC_REPRESENTATION_CONTEXT(2) 
PARAMETRIC_REPRESENTATION_CONTEXT() REPRESENTATION_CONTEXT('2D SPACE',''
  ) );
#1071 = PCURVE('',#1072,#1077);
#1072 = CYLINDRICAL_SURFACE('',#1073,39.);
#1073 = AXIS2_PLACEMENT_3D('',#1074,#1075,#1076);
#1074 = CARTESIAN_POINT('',(0.,60.,161.2));
#1075 = DIRECTION('',(-0.,-0.,-1.));
#1076 = DIRECTION('',(1.,0.,0.));
#1077 = DEFINITIONAL_REPRESENTATION('',(#1078),#1082);
#1078 = LINE('',#1079,#1080);
#1079 = CARTESIAN_POINT('',(-4.138911435803E-13,-6.3));
#1080 = VECTOR('',#1081,1.);
#1081 = DIRECTION('',(1.,-0.));
#1082 = ( GEOMETRIC_REPRESENTATION_CONTEXT(2) 
PARAMETRIC_REPRESENTATION_CONTEXT() REPRESENTATION_CONTEXT('2D SPACE',''
  ) );
#1083 = FACE_BOUND('',#1084,.T.);
#1084 = EDGE_LOOP('',(#1085));
#1085 = ORIENTED_EDGE('',*,*,#952,.T.);
#1086 = ADVANCED_FACE('',(#1087,#1139),#1022,.F.);
#1087 = FACE_BOUND('',#1088,.F.);
#1088 = EDGE_LOOP('',(#1089,#1090,#1111,#1138));
#1089 = ORIENTED_EDGE('',*,*,#1007,.T.);
#1090 = ORIENTED_EDGE('',*,*,#1091,.T.);
#1091 = EDGE_CURVE('',#985,#1092,#1094,.T.);
#1092 = VERTEX_POINT('',#1093);
#1093 = CARTESIAN_POINT('',(36.,60.,188.2));
#1094 = SEAM_CURVE('',#1095,(#1099,#1105),.PCURVE_S1.);
#1095 = LINE('',#1096,#1097);
#1096 = CARTESIAN_POINT('',(36.,60.,181.8));
#1097 = VECTOR('',#1098,1.);
#1098 = DIRECTION('',(0.,0.,1.));
#1099 = PCURVE('',#1022,#1100);
#1100 = DEFINITIONAL_REPRESENTATION('',(#1101),#1104);
#1101 = B_SPLINE_CURVE_WITH_KNOTS('',1,(#1102,#1103),.UNSPECIFIED.,.F.,
  .F.,(2,2),(0.,6.4),.PIECEWISE_BEZIER_KNOTS.);
#1102 = CARTESIAN_POINT('',(6.283185307179,-23.3));
#1103 = CARTESIAN_POINT('',(6.283185307179,-29.7));
#1104 = ( GEOMETRIC_REPRESENTATION_CONTEXT(2) 
PARAMETRIC_REPRESENTATION_CONTEXT() REPRESENTATION_CONTEXT('2D SPACE',''
  ) );
#1105 = PCURVE('',#1022,#1106);
#1106 = DEFINITIONAL_REPRESENTATION('',(#1107),#1110);
#1107 = B_SPLINE_CURVE_WITH_KNOTS('',1,(#1108,#1109),.UNSPECIFIED.,.F.,
  .F.,(2,2),(0.,6.4),.PIECEWISE_BEZIER_KNOTS.);
#1108 = CARTESIAN_POINT('',(-4.138911435803E-13,-23.3));
#1109 = CARTESIAN_POINT('',(-4.138911435803E-13,-29.7));
#1110 = ( GEOMETRIC_REPRESENTATION_CONTEXT(2) 
PARAMETRIC_REPRESENTATION_CONTEXT() REPRESENTATION_CONTEXT('2D SPACE',''
  ) );
#1111 = ORIENTED_EDGE('',*,*,#1112,.F.);
#1112 = EDGE_CURVE('',#1092,#1092,#1113,.T.);
#1113 = SURFACE_CURVE('',#1114,(#1119,#1126),.PCURVE_S1.);
#1114 = CIRCLE('',#1115,36.);
#1115 = AXIS2_PLACEMENT_3D('',#1116,#1117,#1118);
#1116 = CARTESIAN_POINT('',(0.,60.,188.2));
#1117 = DIRECTION('',(0.,0.,1.));
#1118 = DIRECTION('',(1.,0.,-0.));
#1119 = PCURVE('',#1022,#1120);
#1120 = DEFINITIONAL_REPRESENTATION('',(#1121),#1125);
#1121 = LINE('',#1122,#1123);
#1122 = CARTESIAN_POINT('',(6.28318530718,-29.7));
#1123 = VECTOR('',#1124,1.);
#1124 = DIRECTION('',(-1.,0.));
#1125 = ( GEOMETRIC_REPRESENTATION_CONTEXT(2) 
PARAMETRIC_REPRESENTATION_CONTEXT() REPRESENTATION_CONTEXT('2D SPACE',''
  ) );
#1126 = PCURVE('',#1127,#1132);
#1127 = CYLINDRICAL_SURFACE('',#1128,36.);
#1128 = AXIS2_PLACEMENT_3D('',#1129,#1130,#1131);
#1129 = CARTESIAN_POINT('',(0.,60.,158.5));
#1130 = DIRECTION('',(-0.,-0.,-1.));
#1131 = DIRECTION('',(1.,0.,0.));
#1132 = DEFINITIONAL_REPRESENTATION('',(#1133),#1137);
#1133 = LINE('',#1134,#1135);
#1134 = CARTESIAN_POINT('',(6.28318530718,-29.7));
#1135 = VECTOR('',#1136,1.);
#1136 = DIRECTION('',(-1.,0.));
#1137 = ( GEOMETRIC_REPRESENTATION_CONTEXT(2) 
PARAMETRIC_REPRESENTATION_CONTEXT() REPRESENTATION_CONTEXT('2D SPACE',''
  ) );
#1138 = ORIENTED_EDGE('',*,*,#1091,.F.);
#1139 = FACE_BOUND('',#1140,.F.);
#1140 = EDGE_LOOP('',(#1141,#1170,#1194,#1216));
#1141 = ORIENTED_EDGE('',*,*,#1142,.F.);
#1142 = EDGE_CURVE('',#1143,#1145,#1147,.T.);
#1143 = VERTEX_POINT('',#1144);
#1144 = CARTESIAN_POINT('',(-19.89974874213,30.,188.));
#1145 = VERTEX_POINT('',#1146);
#1146 = CARTESIAN_POINT('',(-19.89974874213,30.,182.));
#1147 = SURFACE_CURVE('',#1148,(#1152,#1158),.PCURVE_S1.);
#1148 = LINE('',#1149,#1150);
#1149 = CARTESIAN_POINT('',(-19.89974874213,30.,158.5));
#1150 = VECTOR('',#1151,1.);
#1151 = DIRECTION('',(-0.,-0.,-1.));
#1152 = PCURVE('',#1022,#1153);
#1153 = DEFINITIONAL_REPRESENTATION('',(#1154),#1157);
#1154 = B_SPLINE_CURVE_WITH_KNOTS('',1,(#1155,#1156),.UNSPECIFIED.,.F.,
  .F.,(2,2),(-30.1,-22.9),.PIECEWISE_BEZIER_KNOTS.);
#1155 = CARTESIAN_POINT('',(2.156481870252,-30.1));
#1156 = CARTESIAN_POINT('',(2.156481870252,-22.9));
#1157 = ( GEOMETRIC_REPRESENTATION_CONTEXT(2) 
PARAMETRIC_REPRESENTATION_CONTEXT() REPRESENTATION_CONTEXT('2D SPACE',''
  ) );
#1158 = PCURVE('',#1159,#1164);
#1159 = CYLINDRICAL_SURFACE('',#1160,36.);
#1160 = AXIS2_PLACEMENT_3D('',#1161,#1162,#1163);
#1161 = CARTESIAN_POINT('',(0.,60.,181.8));
#1162 = DIRECTION('',(0.,0.,1.));
#1163 = DIRECTION('',(1.,0.,-0.));
#1164 = DEFINITIONAL_REPRESENTATION('',(#1165),#1169);
#1165 = LINE('',#1166,#1167);
#1166 = CARTESIAN_POINT('',(4.126703436928,-23.3));
#1167 = VECTOR('',#1168,1.);
#1168 = DIRECTION('',(0.,-1.));
#1169 = ( GEOMETRIC_REPRESENTATION_CONTEXT(2) 
PARAMETRIC_REPRESENTATION_CONTEXT() REPRESENTATION_CONTEXT('2D SPACE',''
  ) );
#1170 = ORIENTED_EDGE('',*,*,#1171,.F.);
#1171 = EDGE_CURVE('',#1172,#1143,#1174,.T.);
#1172 = VERTEX_POINT('',#1173);
#1173 = CARTESIAN_POINT('',(19.899748742132,30.,188.));
#1174 = SURFACE_CURVE('',#1175,(#1180,#1187),.PCURVE_S1.);
#1175 = CIRCLE('',#1176,36.);
#1176 = AXIS2_PLACEMENT_3D('',#1177,#1178,#1179);
#1177 = CARTESIAN_POINT('',(0.,60.,188.));
#1178 = DIRECTION('',(0.,0.,-1.));
#1179 = DIRECTION('',(1.,0.,0.));
#1180 = PCURVE('',#1022,#1181);
#1181 = DEFINITIONAL_REPRESENTATION('',(#1182),#1186);
#1182 = LINE('',#1183,#1184);
#1183 = CARTESIAN_POINT('',(-4.138911435803E-13,-29.5));
#1184 = VECTOR('',#1185,1.);
#1185 = DIRECTION('',(1.,-0.));
#1186 = ( GEOMETRIC_REPRESENTATION_CONTEXT(2) 
PARAMETRIC_REPRESENTATION_CONTEXT() REPRESENTATION_CONTEXT('2D SPACE',''
  ) );
#1187 = PCURVE('',#1159,#1188);
#1188 = DEFINITIONAL_REPRESENTATION('',(#1189),#1193);
#1189 = LINE('',#1190,#1191);
#1190 = CARTESIAN_POINT('',(6.28318530718,6.2));
#1191 = VECTOR('',#1192,1.);
#1192 = DIRECTION('',(-1.,0.));
#1193 = ( GEOMETRIC_REPRESENTATION_CONTEXT(2) 
PARAMETRIC_REPRESENTATION_CONTEXT() REPRESENTATION_CONTEXT('2D SPACE',''
  ) );
#1194 = ORIENTED_EDGE('',*,*,#1195,.T.);
#1195 = EDGE_CURVE('',#1172,#1196,#1198,.T.);
#1196 = VERTEX_POINT('',#1197);
#1197 = CARTESIAN_POINT('',(19.899748742132,30.,182.));
#1198 = SURFACE_CURVE('',#1199,(#1203,#1209),.PCURVE_S1.);
#1199 = LINE('',#1200,#1201);
#1200 = CARTESIAN_POINT('',(19.899748742132,30.,158.5));
#1201 = VECTOR('',#1202,1.);
#1202 = DIRECTION('',(-0.,-0.,-1.));
#1203 = PCURVE('',#1022,#1204);
#1204 = DEFINITIONAL_REPRESENTATION('',(#1205),#1208);
#1205 = B_SPLINE_CURVE_WITH_KNOTS('',1,(#1206,#1207),.UNSPECIFIED.,.F.,
  .F.,(2,2),(-30.1,-22.9),.PIECEWISE_BEZIER_KNOTS.);
#1206 = CARTESIAN_POINT('',(0.985110783338,-30.1));
#1207 = CARTESIAN_POINT('',(0.985110783338,-22.9));
#1208 = ( GEOMETRIC_REPRESENTATION_CONTEXT(2) 
PARAMETRIC_REPRESENTATION_CONTEXT() REPRESENTATION_CONTEXT('2D SPACE',''
  ) );
#1209 = PCURVE('',#1159,#1210);
#1210 = DEFINITIONAL_REPRESENTATION('',(#1211),#1215);
#1211 = LINE('',#1212,#1213);
#1212 = CARTESIAN_POINT('',(5.298074523842,-23.3));
#1213 = VECTOR('',#1214,1.);
#1214 = DIRECTION('',(0.,-1.));
#1215 = ( GEOMETRIC_REPRESENTATION_CONTEXT(2) 
PARAMETRIC_REPRESENTATION_CONTEXT() REPRESENTATION_CONTEXT('2D SPACE',''
  ) );
#1216 = ORIENTED_EDGE('',*,*,#1217,.T.);
#1217 = EDGE_CURVE('',#1196,#1145,#1218,.T.);
#1218 = SURFACE_CURVE('',#1219,(#1224,#1231),.PCURVE_S1.);
#1219 = CIRCLE('',#1220,36.);
#1220 = AXIS2_PLACEMENT_3D('',#1221,#1222,#1223);
#1221 = CARTESIAN_POINT('',(0.,60.,182.));
#1222 = DIRECTION('',(0.,0.,-1.));
#1223 = DIRECTION('',(1.,0.,0.));
#1224 = PCURVE('',#1022,#1225);
#1225 = DEFINITIONAL_REPRESENTATION('',(#1226),#1230);
#1226 = LINE('',#1227,#1228);
#1227 = CARTESIAN_POINT('',(-4.138911435803E-13,-23.5));
#1228 = VECTOR('',#1229,1.);
#1229 = DIRECTION('',(1.,-0.));
#1230 = ( GEOMETRIC_REPRESENTATION_CONTEXT(2) 
PARAMETRIC_REPRESENTATION_CONTEXT() REPRESENTATION_CONTEXT('2D SPACE',''
  ) );
#1231 = PCURVE('',#1159,#1232);
#1232 = DEFINITIONAL_REPRESENTATION('',(#1233),#1237);
#1233 = LINE('',#1234,#1235);
#1234 = CARTESIAN_POINT('',(6.28318530718,0.2));
#1235 = VECTOR('',#1236,1.);
#1236 = DIRECTION('',(-1.,0.));
#1237 = ( GEOMETRIC_REPRESENTATION_CONTEXT(2) 
PARAMETRIC_REPRESENTATION_CONTEXT() REPRESENTATION_CONTEXT('2D SPACE',''
  ) );
#1238 = ADVANCED_FACE('',(#1239,#1293,#1479,#1665,#1851),#1072,.T.);
#1239 = FACE_BOUND('',#1240,.T.);
#1240 = EDGE_LOOP('',(#1241,#1270,#1291,#1292));
#1241 = ORIENTED_EDGE('',*,*,#1242,.F.);
#1242 = EDGE_CURVE('',#1243,#1243,#1245,.T.);
#1243 = VERTEX_POINT('',#1244);
#1244 = CARTESIAN_POINT('',(39.,60.,246.5));
#1245 = SURFACE_CURVE('',#1246,(#1251,#1258),.PCURVE_S1.);
#1246 = CIRCLE('',#1247,39.);
#1247 = AXIS2_PLACEMENT_3D('',#1248,#1249,#1250);
#1248 = CARTESIAN_POINT('',(0.,60.,246.5));
#1249 = DIRECTION('',(0.,0.,1.));
#1250 = DIRECTION('',(1.,0.,0.));
#1251 = PCURVE('',#1072,#1252);
#1252 = DEFINITIONAL_REPRESENTATION('',(#1253),#1257);
#1253 = LINE('',#1254,#1255);
#1254 = CARTESIAN_POINT('',(6.28318530718,-85.3));
#1255 = VECTOR('',#1256,1.);
#1256 = DIRECTION('',(-1.,0.));
#1257 = ( GEOMETRIC_REPRESENTATION_CONTEXT(2) 
PARAMETRIC_REPRESENTATION_CONTEXT() REPRESENTATION_CONTEXT('2D SPACE',''
  ) );
#1258 = PCURVE('',#1259,#1264);
#1259 = PLANE('',#1260);
#1260 = AXIS2_PLACEMENT_3D('',#1261,#1262,#1263);
#1261 = CARTESIAN_POINT('',(-5.610010800162E-15,60.,246.5));
#1262 = DIRECTION('',(0.,0.,1.));
#1263 = DIRECTION('',(1.,0.,0.));
#1264 = DEFINITIONAL_REPRESENTATION('',(#1265),#1269);
#1265 = CIRCLE('',#1266,39.);
#1266 = AXIS2_PLACEMENT_2D('',#1267,#1268);
#1267 = CARTESIAN_POINT('',(5.610010800162E-15,0.));
#1268 = DIRECTION('',(1.,0.));
#1269 = ( GEOMETRIC_REPRESENTATION_CONTEXT(2) 
PARAMETRIC_REPRESENTATION_CONTEXT() REPRESENTATION_CONTEXT('2D SPACE',''
  ) );
#1270 = ORIENTED_EDGE('',*,*,#1271,.F.);
#1271 = EDGE_CURVE('',#1052,#1243,#1272,.T.);
#1272 = SEAM_CURVE('',#1273,(#1277,#1284),.PCURVE_S1.);
#1273 = LINE('',#1274,#1275);
#1274 = CARTESIAN_POINT('',(39.,60.,167.5));
#1275 = VECTOR('',#1276,1.);
#1276 = DIRECTION('',(0.,0.,1.));
#1277 = PCURVE('',#1072,#1278);
#1278 = DEFINITIONAL_REPRESENTATION('',(#1279),#1283);
#1279 = LINE('',#1280,#1281);
#1280 = CARTESIAN_POINT('',(6.283185307179,-6.3));
#1281 = VECTOR('',#1282,1.);
#1282 = DIRECTION('',(-0.,-1.));
#1283 = ( GEOMETRIC_REPRESENTATION_CONTEXT(2) 
PARAMETRIC_REPRESENTATION_CONTEXT() REPRESENTATION_CONTEXT('2D SPACE',''
  ) );
#1284 = PCURVE('',#1072,#1285);
#1285 = DEFINITIONAL_REPRESENTATION('',(#1286),#1290);
#1286 = LINE('',#1287,#1288);
#1287 = CARTESIAN_POINT('',(-0.,-6.3));
#1288 = VECTOR('',#1289,1.);
#1289 = DIRECTION('',(-0.,-1.));
#1290 = ( GEOMETRIC_REPRESENTATION_CONTEXT(2) 
PARAMETRIC_REPRESENTATION_CONTEXT() REPRESENTATION_CONTEXT('2D SPACE',''
  ) );
#1291 = ORIENTED_EDGE('',*,*,#1051,.F.);
#1292 = ORIENTED_EDGE('',*,*,#1271,.T.);
#1293 = FACE_BOUND('',#1294,.T.);
#1294 = EDGE_LOOP('',(#1295,#1324,#1356,#1389,#1421,#1448));
#1295 = ORIENTED_EDGE('',*,*,#1296,.T.);
#1296 = EDGE_CURVE('',#1297,#1299,#1301,.T.);
#1297 = VERTEX_POINT('',#1298);
#1298 = CARTESIAN_POINT('',(-4.,98.794329482542,244.5));
#1299 = VERTEX_POINT('',#1300);
#1300 = CARTESIAN_POINT('',(-4.,98.794329482542,241.));
#1301 = SURFACE_CURVE('',#1302,(#1306,#1312),.PCURVE_S1.);
#1302 = LINE('',#1303,#1304);
#1303 = CARTESIAN_POINT('',(-4.,98.794329482542,161.2));
#1304 = VECTOR('',#1305,1.);
#1305 = DIRECTION('',(-0.,-0.,-1.));
#1306 = PCURVE('',#1072,#1307);
#1307 = DEFINITIONAL_REPRESENTATION('',(#1308),#1311);
#1308 = B_SPLINE_CURVE_WITH_KNOTS('',1,(#1309,#1310),.UNSPECIFIED.,.F.,
  .F.,(2,2),(-83.65,-79.45),.PIECEWISE_BEZIER_KNOTS.);
#1309 = CARTESIAN_POINT('',(4.60964420252,-83.65));
#1310 = CARTESIAN_POINT('',(4.60964420252,-79.45));
#1311 = ( GEOMETRIC_REPRESENTATION_CONTEXT(2) 
PARAMETRIC_REPRESENTATION_CONTEXT() REPRESENTATION_CONTEXT('2D SPACE',''
  ) );
#1312 = PCURVE('',#1313,#1318);
#1313 = PLANE('',#1314);
#1314 = AXIS2_PLACEMENT_3D('',#1315,#1316,#1317);
#1315 = CARTESIAN_POINT('',(-4.,98.5,240.5));
#1316 = DIRECTION('',(-1.,1.110223024625E-16,0.));
#1317 = DIRECTION('',(0.,0.,1.));
#1318 = DEFINITIONAL_REPRESENTATION('',(#1319),#1323);
#1319 = LINE('',#1320,#1321);
#1320 = CARTESIAN_POINT('',(-79.3,0.294329482542));
#1321 = VECTOR('',#1322,1.);
#1322 = DIRECTION('',(-1.,0.));
#1323 = ( GEOMETRIC_REPRESENTATION_CONTEXT(2) 
PARAMETRIC_REPRESENTATION_CONTEXT() REPRESENTATION_CONTEXT('2D SPACE',''
  ) );
#1324 = ORIENTED_EDGE('',*,*,#1325,.F.);
#1325 = EDGE_CURVE('',#1326,#1299,#1328,.T.);
#1326 = VERTEX_POINT('',#1327);
#1327 = CARTESIAN_POINT('',(-3.5,98.842631218804,240.5));
#1328 = SURFACE_CURVE('',#1329,(#1334,#1344),.PCURVE_S1.);
#1329 = ELLIPSE('',#1330,55.154328932551,39.);
#1330 = AXIS2_PLACEMENT_3D('',#1331,#1332,#1333);
#1331 = CARTESIAN_POINT('',(0.,60.,237.));
#1332 = DIRECTION('',(0.707106781187,-7.850462293414E-17,0.707106781187)
  );
#1333 = DIRECTION('',(0.707106781187,-7.850462293414E-17,-0.707106781187
    ));
#1334 = PCURVE('',#1072,#1335);
#1335 = DEFINITIONAL_REPRESENTATION('',(#1336),#1343);
#1336 = B_SPLINE_CURVE_WITH_KNOTS('',5,(#1337,#1338,#1339,#1340,#1341,
    #1342),.UNSPECIFIED.,.F.,.F.,(6,6),(1.65937364858,1.674830038822),
  .PIECEWISE_BEZIER_KNOTS.);
#1337 = CARTESIAN_POINT('',(4.6238116586,-79.25));
#1338 = CARTESIAN_POINT('',(4.620720380552,-79.37008720027));
#1339 = CARTESIAN_POINT('',(4.617629102503,-79.49013319029));
#1340 = CARTESIAN_POINT('',(4.614537824455,-79.61013557933));
#1341 = CARTESIAN_POINT('',(4.611446546406,-79.73009197829));
#1342 = CARTESIAN_POINT('',(4.608355268358,-79.85));
#1343 = ( GEOMETRIC_REPRESENTATION_CONTEXT(2) 
PARAMETRIC_REPRESENTATION_CONTEXT() REPRESENTATION_CONTEXT('2D SPACE',''
  ) );
#1344 = PCURVE('',#1345,#1350);
#1345 = PLANE('',#1346);
#1346 = AXIS2_PLACEMENT_3D('',#1347,#1348,#1349);
#1347 = CARTESIAN_POINT('',(-3.75,98.5,240.75));
#1348 = DIRECTION('',(0.707106781187,-7.850462293414E-17,0.707106781187)
  );
#1349 = DIRECTION('',(-1.110223024625E-16,-1.,2.680278185005E-29));
#1350 = DEFINITIONAL_REPRESENTATION('',(#1351),#1355);
#1351 = ELLIPSE('',#1352,55.154328932551,39.);
#1352 = AXIS2_PLACEMENT_2D('',#1353,#1354);
#1353 = CARTESIAN_POINT('',(38.5,5.303300858899));
#1354 = DIRECTION('',(-3.790974242943E-29,1.));
#1355 = ( GEOMETRIC_REPRESENTATION_CONTEXT(2) 
PARAMETRIC_REPRESENTATION_CONTEXT() REPRESENTATION_CONTEXT('2D SPACE',''
  ) );
#1356 = ORIENTED_EDGE('',*,*,#1357,.T.);
#1357 = EDGE_CURVE('',#1326,#1358,#1360,.T.);
#1358 = VERTEX_POINT('',#1359);
#1359 = CARTESIAN_POINT('',(3.5,98.842631218804,240.5));
#1360 = SURFACE_CURVE('',#1361,(#1366,#1373),.PCURVE_S1.);
#1361 = CIRCLE('',#1362,39.);
#1362 = AXIS2_PLACEMENT_3D('',#1363,#1364,#1365);
#1363 = CARTESIAN_POINT('',(0.,60.,240.5));
#1364 = DIRECTION('',(0.,0.,-1.));
#1365 = DIRECTION('',(1.,0.,0.));
#1366 = PCURVE('',#1072,#1367);
#1367 = DEFINITIONAL_REPRESENTATION('',(#1368),#1372);
#1368 = LINE('',#1369,#1370);
#1369 = CARTESIAN_POINT('',(-4.138911435803E-13,-79.3));
#1370 = VECTOR('',#1371,1.);
#1371 = DIRECTION('',(1.,-0.));
#1372 = ( GEOMETRIC_REPRESENTATION_CONTEXT(2) 
PARAMETRIC_REPRESENTATION_CONTEXT() REPRESENTATION_CONTEXT('2D SPACE',''
  ) );
#1373 = PCURVE('',#1374,#1379);
#1374 = PLANE('',#1375);
#1375 = AXIS2_PLACEMENT_3D('',#1376,#1377,#1378);
#1376 = CARTESIAN_POINT('',(4.,98.5,240.5));
#1377 = DIRECTION('',(0.,0.,1.));
#1378 = DIRECTION('',(1.110223024625E-16,1.,0.));
#1379 = DEFINITIONAL_REPRESENTATION('',(#1380),#1388);
#1380 = ( BOUNDED_CURVE() B_SPLINE_CURVE(2,(#1381,#1382,#1383,#1384,
#1385,#1386,#1387),.UNSPECIFIED.,.T.,.F.) B_SPLINE_CURVE_WITH_KNOTS((1,2
    ,2,2,2,1),(-2.094395102393,0.,2.094395102393,4.188790204786,
6.28318530718,8.377580409573),.UNSPECIFIED.) CURVE() 
GEOMETRIC_REPRESENTATION_ITEM() RATIONAL_B_SPLINE_CURVE((1.,0.5,1.,0.5,
1.,0.5,1.)) REPRESENTATION_ITEM('') );
#1381 = CARTESIAN_POINT('',(-38.5,-35.));
#1382 = CARTESIAN_POINT('',(-106.0499814951,-35.));
#1383 = CARTESIAN_POINT('',(-72.27499074759,23.5));
#1384 = CARTESIAN_POINT('',(-38.5,82.));
#1385 = CARTESIAN_POINT('',(-4.725009252407,23.5));
#1386 = CARTESIAN_POINT('',(29.049981495186,-35.));
#1387 = CARTESIAN_POINT('',(-38.5,-35.));
#1388 = ( GEOMETRIC_REPRESENTATION_CONTEXT(2) 
PARAMETRIC_REPRESENTATION_CONTEXT() REPRESENTATION_CONTEXT('2D SPACE',''
  ) );
#1389 = ORIENTED_EDGE('',*,*,#1390,.T.);
#1390 = EDGE_CURVE('',#1358,#1391,#1393,.T.);
#1391 = VERTEX_POINT('',#1392);
#1392 = CARTESIAN_POINT('',(4.,98.794329482542,241.));
#1393 = SURFACE_CURVE('',#1394,(#1399,#1409),.PCURVE_S1.);
#1394 = ELLIPSE('',#1395,55.154328932551,39.);
#1395 = AXIS2_PLACEMENT_3D('',#1396,#1397,#1398);
#1396 = CARTESIAN_POINT('',(0.,60.,237.));
#1397 = DIRECTION('',(0.707106781187,-7.850462293414E-17,-0.707106781187
    ));
#1398 = DIRECTION('',(-0.707106781187,7.850462293414E-17,-0.707106781187
    ));
#1399 = PCURVE('',#1072,#1400);
#1400 = DEFINITIONAL_REPRESENTATION('',(#1401),#1408);
#1401 = B_SPLINE_CURVE_WITH_KNOTS('',5,(#1402,#1403,#1404,#1405,#1406,
    #1407),.UNSPECIFIED.,.F.,.F.,(6,6),(1.65937364858,1.674830038822),
  .PIECEWISE_BEZIER_KNOTS.);
#1402 = CARTESIAN_POINT('',(4.80096630217,-79.25));
#1403 = CARTESIAN_POINT('',(4.804057580218,-79.37008720027));
#1404 = CARTESIAN_POINT('',(4.807148858267,-79.49013319029));
#1405 = CARTESIAN_POINT('',(4.810240136315,-79.61013557933));
#1406 = CARTESIAN_POINT('',(4.813331414364,-79.73009197829));
#1407 = CARTESIAN_POINT('',(4.816422692412,-79.85));
#1408 = ( GEOMETRIC_REPRESENTATION_CONTEXT(2) 
PARAMETRIC_REPRESENTATION_CONTEXT() REPRESENTATION_CONTEXT('2D SPACE',''
  ) );
#1409 = PCURVE('',#1410,#1415);
#1410 = PLANE('',#1411);
#1411 = AXIS2_PLACEMENT_3D('',#1412,#1413,#1414);
#1412 = CARTESIAN_POINT('',(3.75,98.5,240.75));
#1413 = DIRECTION('',(0.707106781187,-7.850462293414E-17,-0.707106781187
    ));
#1414 = DIRECTION('',(-1.110223024625E-16,-1.,-2.680278185005E-29));
#1415 = DEFINITIONAL_REPRESENTATION('',(#1416),#1420);
#1416 = ELLIPSE('',#1417,55.154328932551,39.);
#1417 = AXIS2_PLACEMENT_2D('',#1418,#1419);
#1418 = CARTESIAN_POINT('',(38.5,5.303300858899));
#1419 = DIRECTION('',(3.790974242943E-29,1.));
#1420 = ( GEOMETRIC_REPRESENTATION_CONTEXT(2) 
PARAMETRIC_REPRESENTATION_CONTEXT() REPRESENTATION_CONTEXT('2D SPACE',''
  ) );
#1421 = ORIENTED_EDGE('',*,*,#1422,.F.);
#1422 = EDGE_CURVE('',#1423,#1391,#1425,.T.);
#1423 = VERTEX_POINT('',#1424);
#1424 = CARTESIAN_POINT('',(4.,98.794329482542,244.5));
#1425 = SURFACE_CURVE('',#1426,(#1430,#1436),.PCURVE_S1.);
#1426 = LINE('',#1427,#1428);
#1427 = CARTESIAN_POINT('',(4.,98.794329482542,161.2));
#1428 = VECTOR('',#1429,1.);
#1429 = DIRECTION('',(-0.,-0.,-1.));
#1430 = PCURVE('',#1072,#1431);
#1431 = DEFINITIONAL_REPRESENTATION('',(#1432),#1435);
#1432 = B_SPLINE_CURVE_WITH_KNOTS('',1,(#1433,#1434),.UNSPECIFIED.,.F.,
  .F.,(2,2),(-83.65,-79.45),.PIECEWISE_BEZIER_KNOTS.);
#1433 = CARTESIAN_POINT('',(4.815133758251,-83.65));
#1434 = CARTESIAN_POINT('',(4.815133758251,-79.45));
#1435 = ( GEOMETRIC_REPRESENTATION_CONTEXT(2) 
PARAMETRIC_REPRESENTATION_CONTEXT() REPRESENTATION_CONTEXT('2D SPACE',''
  ) );
#1436 = PCURVE('',#1437,#1442);
#1437 = PLANE('',#1438);
#1438 = AXIS2_PLACEMENT_3D('',#1439,#1440,#1441);
#1439 = CARTESIAN_POINT('',(4.,98.5,240.5));
#1440 = DIRECTION('',(-1.,1.110223024625E-16,0.));
#1441 = DIRECTION('',(0.,0.,1.));
#1442 = DEFINITIONAL_REPRESENTATION('',(#1443),#1447);
#1443 = LINE('',#1444,#1445);
#1444 = CARTESIAN_POINT('',(-79.3,0.294329482542));
#1445 = VECTOR('',#1446,1.);
#1446 = DIRECTION('',(-1.,0.));
#1447 = ( GEOMETRIC_REPRESENTATION_CONTEXT(2) 
PARAMETRIC_REPRESENTATION_CONTEXT() REPRESENTATION_CONTEXT('2D SPACE',''
  ) );
#1448 = ORIENTED_EDGE('',*,*,#1449,.F.);
#1449 = EDGE_CURVE('',#1297,#1423,#1450,.T.);
#1450 = SURFACE_CURVE('',#1451,(#1456,#1463),.PCURVE_S1.);
#1451 = CIRCLE('',#1452,39.);
#1452 = AXIS2_PLACEMENT_3D('',#1453,#1454,#1455);
#1453 = CARTESIAN_POINT('',(0.,60.,244.5));
#1454 = DIRECTION('',(0.,0.,-1.));
#1455 = DIRECTION('',(1.,0.,0.));
#1456 = PCURVE('',#1072,#1457);
#1457 = DEFINITIONAL_REPRESENTATION('',(#1458),#1462);
#1458 = LINE('',#1459,#1460);
#1459 = CARTESIAN_POINT('',(-4.138911435803E-13,-83.3));
#1460 = VECTOR('',#1461,1.);
#1461 = DIRECTION('',(1.,-0.));
#1462 = ( GEOMETRIC_REPRESENTATION_CONTEXT(2) 
PARAMETRIC_REPRESENTATION_CONTEXT() REPRESENTATION_CONTEXT('2D SPACE',''
  ) );
#1463 = PCURVE('',#1464,#1469);
#1464 = PLANE('',#1465);
#1465 = AXIS2_PLACEMENT_3D('',#1466,#1467,#1468);
#1466 = CARTESIAN_POINT('',(4.,98.5,244.5));
#1467 = DIRECTION('',(0.,0.,1.));
#1468 = DIRECTION('',(1.110223024625E-16,1.,0.));
#1469 = DEFINITIONAL_REPRESENTATION('',(#1470),#1478);
#1470 = ( BOUNDED_CURVE() B_SPLINE_CURVE(2,(#1471,#1472,#1473,#1474,
#1475,#1476,#1477),.UNSPECIFIED.,.T.,.F.) B_SPLINE_CURVE_WITH_KNOTS((1,2
    ,2,2,2,1),(-2.094395102393,0.,2.094395102393,4.188790204786,
6.28318530718,8.377580409573),.UNSPECIFIED.) CURVE() 
GEOMETRIC_REPRESENTATION_ITEM() RATIONAL_B_SPLINE_CURVE((1.,0.5,1.,0.5,
1.,0.5,1.)) REPRESENTATION_ITEM('') );
#1471 = CARTESIAN_POINT('',(-38.5,-35.));
#1472 = CARTESIAN_POINT('',(-106.0499814951,-35.));
#1473 = CARTESIAN_POINT('',(-72.27499074759,23.5));
#1474 = CARTESIAN_POINT('',(-38.5,82.));
#1475 = CARTESIAN_POINT('',(-4.725009252407,23.5));
#1476 = CARTESIAN_POINT('',(29.049981495186,-35.));
#1477 = CARTESIAN_POINT('',(-38.5,-35.));
#1478 = ( GEOMETRIC_REPRESENTATION_CONTEXT(2) 
PARAMETRIC_REPRESENTATION_CONTEXT() REPRESENTATION_CONTEXT('2D SPACE',''
  ) );
#1479 = FACE_BOUND('',#1480,.T.);
#1480 = EDGE_LOOP('',(#1481,#1510,#1542,#1575,#1607,#1634));
#1481 = ORIENTED_EDGE('',*,*,#1482,.T.);
#1482 = EDGE_CURVE('',#1483,#1485,#1487,.T.);
#1483 = VERTEX_POINT('',#1484);
#1484 = CARTESIAN_POINT('',(-31.59687485466,37.138733643591,244.5));
#1485 = VERTEX_POINT('',#1486);
#1486 = CARTESIAN_POINT('',(-31.59687485466,37.138733643591,241.));
#1487 = SURFACE_CURVE('',#1488,(#1492,#1498),.PCURVE_S1.);
#1488 = LINE('',#1489,#1490);
#1489 = CARTESIAN_POINT('',(-31.59687485466,37.138733643591,161.2));
#1490 = VECTOR('',#1491,1.);
#1491 = DIRECTION('',(-0.,-0.,-1.));
#1492 = PCURVE('',#1072,#1493);
#1493 = DEFINITIONAL_REPRESENTATION('',(#1494),#1497);
#1494 = B_SPLINE_CURVE_WITH_KNOTS('',1,(#1495,#1496),.UNSPECIFIED.,.F.,
  .F.,(2,2),(-83.65,-79.45),.PIECEWISE_BEZIER_KNOTS.);
#1495 = CARTESIAN_POINT('',(2.515249100126,-83.65));
#1496 = CARTESIAN_POINT('',(2.515249100126,-79.45));
#1497 = ( GEOMETRIC_REPRESENTATION_CONTEXT(2) 
PARAMETRIC_REPRESENTATION_CONTEXT() REPRESENTATION_CONTEXT('2D SPACE',''
  ) );
#1498 = PCURVE('',#1499,#1504);
#1499 = PLANE('',#1500);
#1500 = AXIS2_PLACEMENT_3D('',#1501,#1502,#1503);
#1501 = CARTESIAN_POINT('',(-31.3419780457,37.285898384862,240.5));
#1502 = DIRECTION('',(0.5,-0.866025403784,0.));
#1503 = DIRECTION('',(0.,0.,1.));
#1504 = DEFINITIONAL_REPRESENTATION('',(#1505),#1509);
#1505 = LINE('',#1506,#1507);
#1506 = CARTESIAN_POINT('',(-79.3,0.294329482538));
#1507 = VECTOR('',#1508,1.);
#1508 = DIRECTION('',(-1.,0.));
#1509 = ( GEOMETRIC_REPRESENTATION_CONTEXT(2) 
PARAMETRIC_REPRESENTATION_CONTEXT() REPRESENTATION_CONTEXT('2D SPACE',''
  ) );
#1510 = ORIENTED_EDGE('',*,*,#1511,.F.);
#1511 = EDGE_CURVE('',#1512,#1485,#1514,.T.);
#1512 = VERTEX_POINT('',#1513);
#1513 = CARTESIAN_POINT('',(-31.88870538531,37.547595477353,240.5));
#1514 = SURFACE_CURVE('',#1515,(#1520,#1530),.PCURVE_S1.);
#1515 = ELLIPSE('',#1516,55.154328932551,39.);
#1516 = AXIS2_PLACEMENT_3D('',#1517,#1518,#1519);
#1517 = CARTESIAN_POINT('',(0.,60.,237.));
#1518 = DIRECTION('',(-0.353553390593,0.612372435696,0.707106781187));
#1519 = DIRECTION('',(-0.353553390593,0.612372435696,-0.707106781186));
#1520 = PCURVE('',#1072,#1521);
#1521 = DEFINITIONAL_REPRESENTATION('',(#1522),#1529);
#1522 = B_SPLINE_CURVE_WITH_KNOTS('',5,(#1523,#1524,#1525,#1526,#1527,
    #1528),.UNSPECIFIED.,.F.,.F.,(6,6),(1.65937364858,1.674830038822),
  .PIECEWISE_BEZIER_KNOTS.);
#1523 = CARTESIAN_POINT('',(2.529416556207,-79.25));
#1524 = CARTESIAN_POINT('',(2.526325278159,-79.37008720027));
#1525 = CARTESIAN_POINT('',(2.52323400011,-79.49013319029));
#1526 = CARTESIAN_POINT('',(2.520142722062,-79.61013557933));
#1527 = CARTESIAN_POINT('',(2.517051444013,-79.73009197829));
#1528 = CARTESIAN_POINT('',(2.513960165965,-79.85));
#1529 = ( GEOMETRIC_REPRESENTATION_CONTEXT(2) 
PARAMETRIC_REPRESENTATION_CONTEXT() REPRESENTATION_CONTEXT('2D SPACE',''
  ) );
#1530 = PCURVE('',#1531,#1536);
#1531 = PLANE('',#1532);
#1532 = AXIS2_PLACEMENT_3D('',#1533,#1534,#1535);
#1533 = CARTESIAN_POINT('',(-31.4669780457,37.502404735808,240.75));
#1534 = DIRECTION('',(-0.353553390593,0.612372435696,0.707106781187));
#1535 = DIRECTION('',(0.866025403785,0.5,-3.499422973618E-13));
#1536 = DEFINITIONAL_REPRESENTATION('',(#1537),#1541);
#1537 = ELLIPSE('',#1538,55.154328932551,39.);
#1538 = AXIS2_PLACEMENT_2D('',#1539,#1540);
#1539 = CARTESIAN_POINT('',(38.5,5.303300858894));
#1540 = DIRECTION('',(4.949152836774E-13,1.));
#1541 = ( GEOMETRIC_REPRESENTATION_CONTEXT(2) 
PARAMETRIC_REPRESENTATION_CONTEXT() REPRESENTATION_CONTEXT('2D SPACE',''
  ) );
#1542 = ORIENTED_EDGE('',*,*,#1543,.T.);
#1543 = EDGE_CURVE('',#1512,#1544,#1546,.T.);
#1544 = VERTEX_POINT('',#1545);
#1545 = CARTESIAN_POINT('',(-35.38870538531,43.609773303844,240.5));
#1546 = SURFACE_CURVE('',#1547,(#1552,#1559),.PCURVE_S1.);
#1547 = CIRCLE('',#1548,39.);
#1548 = AXIS2_PLACEMENT_3D('',#1549,#1550,#1551);
#1549 = CARTESIAN_POINT('',(0.,60.,240.5));
#1550 = DIRECTION('',(0.,0.,-1.));
#1551 = DIRECTION('',(1.,0.,0.));
#1552 = PCURVE('',#1072,#1553);
#1553 = DEFINITIONAL_REPRESENTATION('',(#1554),#1558);
#1554 = LINE('',#1555,#1556);
#1555 = CARTESIAN_POINT('',(-4.138911435803E-13,-79.3));
#1556 = VECTOR('',#1557,1.);
#1557 = DIRECTION('',(1.,-0.));
#1558 = ( GEOMETRIC_REPRESENTATION_CONTEXT(2) 
PARAMETRIC_REPRESENTATION_CONTEXT() REPRESENTATION_CONTEXT('2D SPACE',''
  ) );
#1559 = PCURVE('',#1560,#1565);
#1560 = PLANE('',#1561);
#1561 = AXIS2_PLACEMENT_3D('',#1562,#1563,#1564);
#1562 = CARTESIAN_POINT('',(-35.3419780457,44.214101615138,240.5));
#1563 = DIRECTION('',(0.,0.,1.));
#1564 = DIRECTION('',(-0.866025403784,-0.5,0.));
#1565 = DEFINITIONAL_REPRESENTATION('',(#1566),#1574);
#1566 = ( BOUNDED_CURVE() B_SPLINE_CURVE(2,(#1567,#1568,#1569,#1570,
#1571,#1572,#1573),.UNSPECIFIED.,.T.,.F.) B_SPLINE_CURVE_WITH_KNOTS((1,2
    ,2,2,2,1),(-2.094395102393,0.,2.094395102393,4.188790204786,
6.28318530718,8.377580409573),.UNSPECIFIED.) CURVE() 
GEOMETRIC_REPRESENTATION_ITEM() RATIONAL_B_SPLINE_CURVE((1.,0.5,1.,0.5,
1.,0.5,1.)) REPRESENTATION_ITEM('') );
#1567 = CARTESIAN_POINT('',(-72.27499074758,23.500000000016));
#1568 = CARTESIAN_POINT('',(-38.49999999998,82.000000000008));
#1569 = CARTESIAN_POINT('',(-4.725009252401,23.500000000001));
#1570 = CARTESIAN_POINT('',(29.049981495179,-35.));
#1571 = CARTESIAN_POINT('',(-38.5,-34.99999999999));
#1572 = CARTESIAN_POINT('',(-106.0499814951,-34.99999999997));
#1573 = CARTESIAN_POINT('',(-72.27499074758,23.500000000016));
#1574 = ( GEOMETRIC_REPRESENTATION_CONTEXT(2) 
PARAMETRIC_REPRESENTATION_CONTEXT() REPRESENTATION_CONTEXT('2D SPACE',''
  ) );
#1575 = ORIENTED_EDGE('',*,*,#1576,.T.);
#1576 = EDGE_CURVE('',#1544,#1577,#1579,.T.);
#1577 = VERTEX_POINT('',#1578);
#1578 = CARTESIAN_POINT('',(-35.59687485466,44.066936873867,241.));
#1579 = SURFACE_CURVE('',#1580,(#1585,#1595),.PCURVE_S1.);
#1580 = ELLIPSE('',#1581,55.154328932551,39.);
#1581 = AXIS2_PLACEMENT_3D('',#1582,#1583,#1584);
#1582 = CARTESIAN_POINT('',(0.,60.,237.));
#1583 = DIRECTION('',(-0.353553390593,0.612372435696,-0.707106781187));
#1584 = DIRECTION('',(0.353553390593,-0.612372435696,-0.707106781186));
#1585 = PCURVE('',#1072,#1586);
#1586 = DEFINITIONAL_REPRESENTATION('',(#1587),#1594);
#1587 = B_SPLINE_CURVE_WITH_KNOTS('',5,(#1588,#1589,#1590,#1591,#1592,
    #1593),.UNSPECIFIED.,.F.,.F.,(6,6),(1.65937364858,1.674830038822),
  .PIECEWISE_BEZIER_KNOTS.);
#1588 = CARTESIAN_POINT('',(2.706571199777,-79.25));
#1589 = CARTESIAN_POINT('',(2.709662477825,-79.37008720027));
#1590 = CARTESIAN_POINT('',(2.712753755874,-79.49013319029));
#1591 = CARTESIAN_POINT('',(2.715845033922,-79.61013557933));
#1592 = CARTESIAN_POINT('',(2.718936311971,-79.73009197829));
#1593 = CARTESIAN_POINT('',(2.722027590019,-79.85));
#1594 = ( GEOMETRIC_REPRESENTATION_CONTEXT(2) 
PARAMETRIC_REPRESENTATION_CONTEXT() REPRESENTATION_CONTEXT('2D SPACE',''
  ) );
#1595 = PCURVE('',#1596,#1601);
#1596 = PLANE('',#1597);
#1597 = AXIS2_PLACEMENT_3D('',#1598,#1599,#1600);
#1598 = CARTESIAN_POINT('',(-35.2169780457,43.997595264192,240.75));
#1599 = DIRECTION('',(-0.353553390593,0.612372435696,-0.707106781187));
#1600 = DIRECTION('',(0.866025403785,0.5,3.499422973618E-13));
#1601 = DEFINITIONAL_REPRESENTATION('',(#1602),#1606);
#1602 = ELLIPSE('',#1603,55.154328932551,39.);
#1603 = AXIS2_PLACEMENT_2D('',#1604,#1605);
#1604 = CARTESIAN_POINT('',(38.499999999998,5.303300858905));
#1605 = DIRECTION('',(-4.949152836774E-13,1.));
#1606 = ( GEOMETRIC_REPRESENTATION_CONTEXT(2) 
PARAMETRIC_REPRESENTATION_CONTEXT() REPRESENTATION_CONTEXT('2D SPACE',''
  ) );
#1607 = ORIENTED_EDGE('',*,*,#1608,.F.);
#1608 = EDGE_CURVE('',#1609,#1577,#1611,.T.);
#1609 = VERTEX_POINT('',#1610);
#1610 = CARTESIAN_POINT('',(-35.59687485466,44.066936873867,244.5));
#1611 = SURFACE_CURVE('',#1612,(#1616,#1622),.PCURVE_S1.);
#1612 = LINE('',#1613,#1614);
#1613 = CARTESIAN_POINT('',(-35.59687485466,44.066936873867,161.2));
#1614 = VECTOR('',#1615,1.);
#1615 = DIRECTION('',(-0.,-0.,-1.));
#1616 = PCURVE('',#1072,#1617);
#1617 = DEFINITIONAL_REPRESENTATION('',(#1618),#1621);
#1618 = B_SPLINE_CURVE_WITH_KNOTS('',1,(#1619,#1620),.UNSPECIFIED.,.F.,
  .F.,(2,2),(-83.65,-79.45),.PIECEWISE_BEZIER_KNOTS.);
#1619 = CARTESIAN_POINT('',(2.720738655858,-83.65));
#1620 = CARTESIAN_POINT('',(2.720738655858,-79.45));
#1621 = ( GEOMETRIC_REPRESENTATION_CONTEXT(2) 
PARAMETRIC_REPRESENTATION_CONTEXT() REPRESENTATION_CONTEXT('2D SPACE',''
  ) );
#1622 = PCURVE('',#1623,#1628);
#1623 = PLANE('',#1624);
#1624 = AXIS2_PLACEMENT_3D('',#1625,#1626,#1627);
#1625 = CARTESIAN_POINT('',(-35.3419780457,44.214101615138,240.5));
#1626 = DIRECTION('',(0.5,-0.866025403784,0.));
#1627 = DIRECTION('',(0.,0.,1.));
#1628 = DEFINITIONAL_REPRESENTATION('',(#1629),#1633);
#1629 = LINE('',#1630,#1631);
#1630 = CARTESIAN_POINT('',(-79.3,0.294329482538));
#1631 = VECTOR('',#1632,1.);
#1632 = DIRECTION('',(-1.,0.));
#1633 = ( GEOMETRIC_REPRESENTATION_CONTEXT(2) 
PARAMETRIC_REPRESENTATION_CONTEXT() REPRESENTATION_CONTEXT('2D SPACE',''
  ) );
#1634 = ORIENTED_EDGE('',*,*,#1635,.F.);
#1635 = EDGE_CURVE('',#1483,#1609,#1636,.T.);
#1636 = SURFACE_CURVE('',#1637,(#1642,#1649),.PCURVE_S1.);
#1637 = CIRCLE('',#1638,39.);
#1638 = AXIS2_PLACEMENT_3D('',#1639,#1640,#1641);
#1639 = CARTESIAN_POINT('',(0.,60.,244.5));
#1640 = DIRECTION('',(0.,0.,-1.));
#1641 = DIRECTION('',(1.,0.,0.));
#1642 = PCURVE('',#1072,#1643);
#1643 = DEFINITIONAL_REPRESENTATION('',(#1644),#1648);
#1644 = LINE('',#1645,#1646);
#1645 = CARTESIAN_POINT('',(-4.138911435803E-13,-83.3));
#1646 = VECTOR('',#1647,1.);
#1647 = DIRECTION('',(1.,-0.));
#1648 = ( GEOMETRIC_REPRESENTATION_CONTEXT(2) 
PARAMETRIC_REPRESENTATION_CONTEXT() REPRESENTATION_CONTEXT('2D SPACE',''
  ) );
#1649 = PCURVE('',#1650,#1655);
#1650 = PLANE('',#1651);
#1651 = AXIS2_PLACEMENT_3D('',#1652,#1653,#1654);
#1652 = CARTESIAN_POINT('',(-35.3419780457,44.214101615138,244.5));
#1653 = DIRECTION('',(0.,0.,1.));
#1654 = DIRECTION('',(-0.866025403784,-0.5,0.));
#1655 = DEFINITIONAL_REPRESENTATION('',(#1656),#1664);
#1656 = ( BOUNDED_CURVE() B_SPLINE_CURVE(2,(#1657,#1658,#1659,#1660,
#1661,#1662,#1663),.UNSPECIFIED.,.T.,.F.) B_SPLINE_CURVE_WITH_KNOTS((1,2
    ,2,2,2,1),(-2.094395102393,0.,2.094395102393,4.188790204786,
6.28318530718,8.377580409573),.UNSPECIFIED.) CURVE() 
GEOMETRIC_REPRESENTATION_ITEM() RATIONAL_B_SPLINE_CURVE((1.,0.5,1.,0.5,
1.,0.5,1.)) REPRESENTATION_ITEM('') );
#1657 = CARTESIAN_POINT('',(-72.27499074758,23.500000000016));
#1658 = CARTESIAN_POINT('',(-38.49999999998,82.000000000008));
#1659 = CARTESIAN_POINT('',(-4.725009252401,23.500000000001));
#1660 = CARTESIAN_POINT('',(29.049981495179,-35.));
#1661 = CARTESIAN_POINT('',(-38.5,-34.99999999999));
#1662 = CARTESIAN_POINT('',(-106.0499814951,-34.99999999997));
#1663 = CARTESIAN_POINT('',(-72.27499074758,23.500000000016));
#1664 = ( GEOMETRIC_REPRESENTATION_CONTEXT(2) 
PARAMETRIC_REPRESENTATION_CONTEXT() REPRESENTATION_CONTEXT('2D SPACE',''
  ) );
#1665 = FACE_BOUND('',#1666,.T.);
#1666 = EDGE_LOOP('',(#1667,#1696,#1728,#1761,#1793,#1820));
#1667 = ORIENTED_EDGE('',*,*,#1668,.T.);
#1668 = EDGE_CURVE('',#1669,#1671,#1673,.T.);
#1669 = VERTEX_POINT('',#1670);
#1670 = CARTESIAN_POINT('',(35.596874854665,44.066936873867,244.5));
#1671 = VERTEX_POINT('',#1672);
#1672 = CARTESIAN_POINT('',(35.596874854665,44.066936873867,241.));
#1673 = SURFACE_CURVE('',#1674,(#1678,#1684),.PCURVE_S1.);
#1674 = LINE('',#1675,#1676);
#1675 = CARTESIAN_POINT('',(35.596874854665,44.066936873867,161.2));
#1676 = VECTOR('',#1677,1.);
#1677 = DIRECTION('',(-0.,-0.,-1.));
#1678 = PCURVE('',#1072,#1679);
#1679 = DEFINITIONAL_REPRESENTATION('',(#1680),#1683);
#1680 = B_SPLINE_CURVE_WITH_KNOTS('',1,(#1681,#1682),.UNSPECIFIED.,.F.,
  .F.,(2,2),(-83.65,-79.45),.PIECEWISE_BEZIER_KNOTS.);
#1681 = CARTESIAN_POINT('',(0.420853997733,-83.65));
#1682 = CARTESIAN_POINT('',(0.420853997733,-79.45));
#1683 = ( GEOMETRIC_REPRESENTATION_CONTEXT(2) 
PARAMETRIC_REPRESENTATION_CONTEXT() REPRESENTATION_CONTEXT('2D SPACE',''
  ) );
#1684 = PCURVE('',#1685,#1690);
#1685 = PLANE('',#1686);
#1686 = AXIS2_PLACEMENT_3D('',#1687,#1688,#1689);
#1687 = CARTESIAN_POINT('',(35.341978045701,44.214101615138,240.5));
#1688 = DIRECTION('',(0.5,0.866025403784,0.));
#1689 = DIRECTION('',(0.,0.,1.));
#1690 = DEFINITIONAL_REPRESENTATION('',(#1691),#1695);
#1691 = LINE('',#1692,#1693);
#1692 = CARTESIAN_POINT('',(-79.3,0.294329482542));
#1693 = VECTOR('',#1694,1.);
#1694 = DIRECTION('',(-1.,0.));
#1695 = ( GEOMETRIC_REPRESENTATION_CONTEXT(2) 
PARAMETRIC_REPRESENTATION_CONTEXT() REPRESENTATION_CONTEXT('2D SPACE',''
  ) );
#1696 = ORIENTED_EDGE('',*,*,#1697,.F.);
#1697 = EDGE_CURVE('',#1698,#1671,#1700,.T.);
#1698 = VERTEX_POINT('',#1699);
#1699 = CARTESIAN_POINT('',(35.388705385315,43.609773303844,240.5));
#1700 = SURFACE_CURVE('',#1701,(#1706,#1716),.PCURVE_S1.);
#1701 = ELLIPSE('',#1702,55.154328932551,39.);
#1702 = AXIS2_PLACEMENT_3D('',#1703,#1704,#1705);
#1703 = CARTESIAN_POINT('',(0.,60.,237.));
#1704 = DIRECTION('',(-0.353553390593,-0.612372435696,0.707106781187));
#1705 = DIRECTION('',(-0.353553390593,-0.612372435696,-0.707106781186));
#1706 = PCURVE('',#1072,#1707);
#1707 = DEFINITIONAL_REPRESENTATION('',(#1708),#1715);
#1708 = B_SPLINE_CURVE_WITH_KNOTS('',5,(#1709,#1710,#1711,#1712,#1713,
    #1714),.UNSPECIFIED.,.F.,.F.,(6,6),(1.65937364858,1.674830038822),
  .PIECEWISE_BEZIER_KNOTS.);
#1709 = CARTESIAN_POINT('',(0.435021453814,-79.25));
#1710 = CARTESIAN_POINT('',(0.431930175766,-79.37008720027));
#1711 = CARTESIAN_POINT('',(0.428838897717,-79.49013319029));
#1712 = CARTESIAN_POINT('',(0.425747619669,-79.61013557933));
#1713 = CARTESIAN_POINT('',(0.42265634162,-79.73009197829));
#1714 = CARTESIAN_POINT('',(0.419565063571,-79.85));
#1715 = ( GEOMETRIC_REPRESENTATION_CONTEXT(2) 
PARAMETRIC_REPRESENTATION_CONTEXT() REPRESENTATION_CONTEXT('2D SPACE',''
  ) );
#1716 = PCURVE('',#1717,#1722);
#1717 = PLANE('',#1718);
#1718 = AXIS2_PLACEMENT_3D('',#1719,#1720,#1721);
#1719 = CARTESIAN_POINT('',(35.216978045701,43.997595264192,240.75));
#1720 = DIRECTION('',(-0.353553390593,-0.612372435696,0.707106781187));
#1721 = DIRECTION('',(-0.866025403785,0.5,3.499422973618E-13));
#1722 = DEFINITIONAL_REPRESENTATION('',(#1723),#1727);
#1723 = ELLIPSE('',#1724,55.154328932551,39.);
#1724 = AXIS2_PLACEMENT_2D('',#1725,#1726);
#1725 = CARTESIAN_POINT('',(38.499999999999,5.303300858905));
#1726 = DIRECTION('',(-4.949152836774E-13,1.));
#1727 = ( GEOMETRIC_REPRESENTATION_CONTEXT(2) 
PARAMETRIC_REPRESENTATION_CONTEXT() REPRESENTATION_CONTEXT('2D SPACE',''
  ) );
#1728 = ORIENTED_EDGE('',*,*,#1729,.T.);
#1729 = EDGE_CURVE('',#1698,#1730,#1732,.T.);
#1730 = VERTEX_POINT('',#1731);
#1731 = CARTESIAN_POINT('',(31.888705385315,37.547595477352,240.5));
#1732 = SURFACE_CURVE('',#1733,(#1738,#1745),.PCURVE_S1.);
#1733 = CIRCLE('',#1734,39.);
#1734 = AXIS2_PLACEMENT_3D('',#1735,#1736,#1737);
#1735 = CARTESIAN_POINT('',(0.,60.,240.5));
#1736 = DIRECTION('',(0.,0.,-1.));
#1737 = DIRECTION('',(1.,0.,0.));
#1738 = PCURVE('',#1072,#1739);
#1739 = DEFINITIONAL_REPRESENTATION('',(#1740),#1744);
#1740 = LINE('',#1741,#1742);
#1741 = CARTESIAN_POINT('',(-4.138911435803E-13,-79.3));
#1742 = VECTOR('',#1743,1.);
#1743 = DIRECTION('',(1.,-0.));
#1744 = ( GEOMETRIC_REPRESENTATION_CONTEXT(2) 
PARAMETRIC_REPRESENTATION_CONTEXT() REPRESENTATION_CONTEXT('2D SPACE',''
  ) );
#1745 = PCURVE('',#1746,#1751);
#1746 = PLANE('',#1747);
#1747 = AXIS2_PLACEMENT_3D('',#1748,#1749,#1750);
#1748 = CARTESIAN_POINT('',(31.341978045701,37.285898384862,240.5));
#1749 = DIRECTION('',(0.,0.,1.));
#1750 = DIRECTION('',(0.866025403784,-0.5,0.));
#1751 = DEFINITIONAL_REPRESENTATION('',(#1752),#1760);
#1752 = ( BOUNDED_CURVE() B_SPLINE_CURVE(2,(#1753,#1754,#1755,#1756,
#1757,#1758,#1759),.UNSPECIFIED.,.T.,.F.) B_SPLINE_CURVE_WITH_KNOTS((1,2
    ,2,2,2,1),(-2.094395102393,0.,2.094395102393,4.188790204786,
6.28318530718,8.377580409573),.UNSPECIFIED.) CURVE() 
GEOMETRIC_REPRESENTATION_ITEM() RATIONAL_B_SPLINE_CURVE((1.,0.5,1.,0.5,
1.,0.5,1.)) REPRESENTATION_ITEM('') );
#1753 = CARTESIAN_POINT('',(-4.725009252412,23.499999999999));
#1754 = CARTESIAN_POINT('',(29.049981495194,-34.99999999999));
#1755 = CARTESIAN_POINT('',(-38.49999999999,-35.));
#1756 = CARTESIAN_POINT('',(-106.0499814951,-35.00000000002));
#1757 = CARTESIAN_POINT('',(-72.27499074759,23.499999999984));
#1758 = CARTESIAN_POINT('',(-38.50000000001,81.999999999992));
#1759 = CARTESIAN_POINT('',(-4.725009252412,23.499999999999));
#1760 = ( GEOMETRIC_REPRESENTATION_CONTEXT(2) 
PARAMETRIC_REPRESENTATION_CONTEXT() REPRESENTATION_CONTEXT('2D SPACE',''
  ) );
#1761 = ORIENTED_EDGE('',*,*,#1762,.T.);
#1762 = EDGE_CURVE('',#1730,#1763,#1765,.T.);
#1763 = VERTEX_POINT('',#1764);
#1764 = CARTESIAN_POINT('',(31.596874854665,37.138733643591,241.));
#1765 = SURFACE_CURVE('',#1766,(#1771,#1781),.PCURVE_S1.);
#1766 = ELLIPSE('',#1767,55.154328932551,39.);
#1767 = AXIS2_PLACEMENT_3D('',#1768,#1769,#1770);
#1768 = CARTESIAN_POINT('',(0.,60.,237.));
#1769 = DIRECTION('',(-0.353553390593,-0.612372435696,-0.707106781187));
#1770 = DIRECTION('',(0.353553390593,0.612372435696,-0.707106781186));
#1771 = PCURVE('',#1072,#1772);
#1772 = DEFINITIONAL_REPRESENTATION('',(#1773),#1780);
#1773 = B_SPLINE_CURVE_WITH_KNOTS('',5,(#1774,#1775,#1776,#1777,#1778,
    #1779),.UNSPECIFIED.,.F.,.F.,(6,6),(1.65937364858,1.674830038822),
  .PIECEWISE_BEZIER_KNOTS.);
#1774 = CARTESIAN_POINT('',(0.612176097383,-79.25));
#1775 = CARTESIAN_POINT('',(0.615267375432,-79.37008720027));
#1776 = CARTESIAN_POINT('',(0.61835865348,-79.49013319029));
#1777 = CARTESIAN_POINT('',(0.621449931529,-79.61013557933));
#1778 = CARTESIAN_POINT('',(0.624541209577,-79.73009197829));
#1779 = CARTESIAN_POINT('',(0.627632487626,-79.85));
#1780 = ( GEOMETRIC_REPRESENTATION_CONTEXT(2) 
PARAMETRIC_REPRESENTATION_CONTEXT() REPRESENTATION_CONTEXT('2D SPACE',''
  ) );
#1781 = PCURVE('',#1782,#1787);
#1782 = PLANE('',#1783);
#1783 = AXIS2_PLACEMENT_3D('',#1784,#1785,#1786);
#1784 = CARTESIAN_POINT('',(31.466978045701,37.502404735808,240.75));
#1785 = DIRECTION('',(-0.353553390593,-0.612372435696,-0.707106781187));
#1786 = DIRECTION('',(-0.866025403785,0.5,-3.499422973618E-13));
#1787 = DEFINITIONAL_REPRESENTATION('',(#1788),#1792);
#1788 = ELLIPSE('',#1789,55.154328932551,39.);
#1789 = AXIS2_PLACEMENT_2D('',#1790,#1791);
#1790 = CARTESIAN_POINT('',(38.500000000001,5.303300858893));
#1791 = DIRECTION('',(4.949152836774E-13,1.));
#1792 = ( GEOMETRIC_REPRESENTATION_CONTEXT(2) 
PARAMETRIC_REPRESENTATION_CONTEXT() REPRESENTATION_CONTEXT('2D SPACE',''
  ) );
#1793 = ORIENTED_EDGE('',*,*,#1794,.F.);
#1794 = EDGE_CURVE('',#1795,#1763,#1797,.T.);
#1795 = VERTEX_POINT('',#1796);
#1796 = CARTESIAN_POINT('',(31.596874854665,37.138733643591,244.5));
#1797 = SURFACE_CURVE('',#1798,(#1802,#1808),.PCURVE_S1.);
#1798 = LINE('',#1799,#1800);
#1799 = CARTESIAN_POINT('',(31.596874854665,37.138733643591,161.2));
#1800 = VECTOR('',#1801,1.);
#1801 = DIRECTION('',(-0.,-0.,-1.));
#1802 = PCURVE('',#1072,#1803);
#1803 = DEFINITIONAL_REPRESENTATION('',(#1804),#1807);
#1804 = B_SPLINE_CURVE_WITH_KNOTS('',1,(#1805,#1806),.UNSPECIFIED.,.F.,
  .F.,(2,2),(-83.65,-79.45),.PIECEWISE_BEZIER_KNOTS.);
#1805 = CARTESIAN_POINT('',(0.626343553464,-83.65));
#1806 = CARTESIAN_POINT('',(0.626343553464,-79.45));
#1807 = ( GEOMETRIC_REPRESENTATION_CONTEXT(2) 
PARAMETRIC_REPRESENTATION_CONTEXT() REPRESENTATION_CONTEXT('2D SPACE',''
  ) );
#1808 = PCURVE('',#1809,#1814);
#1809 = PLANE('',#1810);
#1810 = AXIS2_PLACEMENT_3D('',#1811,#1812,#1813);
#1811 = CARTESIAN_POINT('',(31.341978045701,37.285898384862,240.5));
#1812 = DIRECTION('',(0.5,0.866025403784,0.));
#1813 = DIRECTION('',(0.,0.,1.));
#1814 = DEFINITIONAL_REPRESENTATION('',(#1815),#1819);
#1815 = LINE('',#1816,#1817);
#1816 = CARTESIAN_POINT('',(-79.3,0.294329482542));
#1817 = VECTOR('',#1818,1.);
#1818 = DIRECTION('',(-1.,0.));
#1819 = ( GEOMETRIC_REPRESENTATION_CONTEXT(2) 
PARAMETRIC_REPRESENTATION_CONTEXT() REPRESENTATION_CONTEXT('2D SPACE',''
  ) );
#1820 = ORIENTED_EDGE('',*,*,#1821,.F.);
#1821 = EDGE_CURVE('',#1669,#1795,#1822,.T.);
#1822 = SURFACE_CURVE('',#1823,(#1828,#1835),.PCURVE_S1.);
#1823 = CIRCLE('',#1824,39.);
#1824 = AXIS2_PLACEMENT_3D('',#1825,#1826,#1827);
#1825 = CARTESIAN_POINT('',(0.,60.,244.5));
#1826 = DIRECTION('',(0.,0.,-1.));
#1827 = DIRECTION('',(1.,0.,0.));
#1828 = PCURVE('',#1072,#1829);
#1829 = DEFINITIONAL_REPRESENTATION('',(#1830),#1834);
#1830 = LINE('',#1831,#1832);
#1831 = CARTESIAN_POINT('',(-4.138911435803E-13,-83.3));
#1832 = VECTOR('',#1833,1.);
#1833 = DIRECTION('',(1.,-0.));
#1834 = ( GEOMETRIC_REPRESENTATION_CONTEXT(2) 
PARAMETRIC_REPRESENTATION_CONTEXT() REPRESENTATION_CONTEXT('2D SPACE',''
  ) );
#1835 = PCURVE('',#1836,#1841);
#1836 = PLANE('',#1837);
#1837 = AXIS2_PLACEMENT_3D('',#1838,#1839,#1840);
#1838 = CARTESIAN_POINT('',(31.341978045701,37.285898384862,244.5));
#1839 = DIRECTION('',(0.,0.,1.));
#1840 = DIRECTION('',(0.866025403784,-0.5,0.));
#1841 = DEFINITIONAL_REPRESENTATION('',(#1842),#1850);
#1842 = ( BOUNDED_CURVE() B_SPLINE_CURVE(2,(#1843,#1844,#1845,#1846,
#1847,#1848,#1849),.UNSPECIFIED.,.T.,.F.) B_SPLINE_CURVE_WITH_KNOTS((1,2
    ,2,2,2,1),(-2.094395102393,0.,2.094395102393,4.188790204786,
6.28318530718,8.377580409573),.UNSPECIFIED.) CURVE() 
GEOMETRIC_REPRESENTATION_ITEM() RATIONAL_B_SPLINE_CURVE((1.,0.5,1.,0.5,
1.,0.5,1.)) REPRESENTATION_ITEM('') );
#1843 = CARTESIAN_POINT('',(-4.725009252412,23.499999999999));
#1844 = CARTESIAN_POINT('',(29.049981495194,-34.99999999999));
#1845 = CARTESIAN_POINT('',(-38.49999999999,-35.));
#1846 = CARTESIAN_POINT('',(-106.0499814951,-35.00000000002));
#1847 = CARTESIAN_POINT('',(-72.27499074759,23.499999999984));
#1848 = CARTESIAN_POINT('',(-38.50000000001,81.999999999992));
#1849 = CARTESIAN_POINT('',(-4.725009252412,23.499999999999));
#1850 = ( GEOMETRIC_REPRESENTATION_CONTEXT(2) 
PARAMETRIC_REPRESENTATION_CONTEXT() REPRESENTATION_CONTEXT('2D SPACE',''
  ) );
#1851 = FACE_BOUND('',#1852,.T.);
#1852 = EDGE_LOOP('',(#1853));
#1853 = ORIENTED_EDGE('',*,*,#1854,.F.);
#1854 = EDGE_CURVE('',#1855,#1855,#1857,.T.);
#1855 = VERTEX_POINT('',#1856);
#1856 = CARTESIAN_POINT('',(24.,29.259147702121,210.));
#1857 = SURFACE_CURVE('',#1858,(#2023,#2191),.PCURVE_S1.);
#1858 = B_SPLINE_CURVE_WITH_KNOTS('',7,(#1859,#1860,#1861,#1862,#1863,
    #1864,#1865,#1866,#1867,#1868,#1869,#1870,#1871,#1872,#1873,#1874,
    #1875,#1876,#1877,#1878,#1879,#1880,#1881,#1882,#1883,#1884,#1885,
    #1886,#1887,#1888,#1889,#1890,#1891,#1892,#1893,#1894,#1895,#1896,
    #1897,#1898,#1899,#1900,#1901,#1902,#1903,#1904,#1905,#1906,#1907,
    #1908,#1909,#1910,#1911,#1912,#1913,#1914,#1915,#1916,#1917,#1918,
    #1919,#1920,#1921,#1922,#1923,#1924,#1925,#1926,#1927,#1928,#1929,
    #1930,#1931,#1932,#1933,#1934,#1935,#1936,#1937,#1938,#1939,#1940,
    #1941,#1942,#1943,#1944,#1945,#1946,#1947,#1948,#1949,#1950,#1951,
    #1952,#1953,#1954,#1955,#1956,#1957,#1958,#1959,#1960,#1961,#1962,
    #1963,#1964,#1965,#1966,#1967,#1968,#1969,#1970,#1971,#1972,#1973,
    #1974,#1975,#1976,#1977,#1978,#1979,#1980,#1981,#1982,#1983,#1984,
    #1985,#1986,#1987,#1988,#1989,#1990,#1991,#1992,#1993,#1994,#1995,
    #1996,#1997,#1998,#1999,#2000,#2001,#2002,#2003,#2004,#2005,#2006,
    #2007,#2008,#2009,#2010,#2011,#2012,#2013,#2014,#2015,#2016,#2017,
    #2018,#2019,#2020,#2021,#2022),.UNSPECIFIED.,.T.,.F.,(1,7,6,6,6,6,6,
    6,6,6,6,6,6,6,6,6,6,6,6,6,6,6,6,6,6,6,6,6,7,1),(-5.0579441553E-02,0.
    ,5.038288085245E-02,0.101119095007,0.152576304988,0.171663602038,
    0.196914975806,0.216962975787,0.250007219738,0.271603527296,
    0.302485326168,0.328032340252,0.347201901201,0.399409166907,
    0.449378868481,0.499787347996,0.550307199871,0.601031200248,
    0.671585138123,0.696847436929,0.716904110703,0.749962651287,
    0.771568302514,0.802463462537,0.828021529553,0.847199384227,
    0.899429237445,0.949420558447,1.,1.050382880852),.UNSPECIFIED.);
#1859 = CARTESIAN_POINT('',(24.,29.259147702121,210.));
#1860 = CARTESIAN_POINT('',(24.,29.259147702121,210.97098378864));
#1861 = CARTESIAN_POINT('',(23.954169247516,29.223366740499,
    211.94124497249));
#1862 = CARTESIAN_POINT('',(23.86262910996,29.151899435551,
    212.9084751256));
#1863 = CARTESIAN_POINT('',(23.725607729606,29.045617016131,
    213.870320752));
#1864 = CARTESIAN_POINT('',(23.543456257669,28.906169010413,
    214.82431816012));
#1865 = CARTESIAN_POINT('',(23.316740794294,28.735932929955,
    215.76783002182));
#1866 = CARTESIAN_POINT('',(22.774183454883,28.33850225431,
    217.63466034385));
#1867 = CARTESIAN_POINT('',(22.457680003143,28.110881708878,
    218.5579560761));
#1868 = CARTESIAN_POINT('',(22.097258465761,27.85767305426,
    219.46693707192));
#1869 = CARTESIAN_POINT('',(21.69304171034,27.581740362276,
    220.36048697889));
#1870 = CARTESIAN_POINT('',(21.244981847327,27.286141976132,
    221.23727940267));
#1871 = CARTESIAN_POINT('',(20.752909368448,26.974099279864,
    222.09575182846));
#1872 = CARTESIAN_POINT('',(19.672601357863,26.319243166678,
    223.78432318173));
#1873 = CARTESIAN_POINT('',(19.082976771085,25.975981783038,
    224.61403549361));
#1874 = CARTESIAN_POINT('',(18.446653714166,25.622256521954,
    225.4224472126));
#1875 = CARTESIAN_POINT('',(17.762163663146,25.261201122683,
    226.20827895286));
#1876 = CARTESIAN_POINT('',(17.027715649824,24.896172715554,
    226.96960244965));
#1877 = CARTESIAN_POINT('',(16.241303554155,24.530900850469,
    227.70370044881));
#1878 = CARTESIAN_POINT('',(15.089045904577,24.035630824571,
    228.66777801782));
#1879 = CARTESIAN_POINT('',(14.769792555563,23.902157089216,
    228.92441943502));
#1880 = CARTESIAN_POINT('',(14.442924820839,23.769425335927,
    229.1766761677));
#1881 = CARTESIAN_POINT('',(14.108315648505,23.637658349784,
    229.42434973676));
#1882 = CARTESIAN_POINT('',(13.76583938437,23.507092135878,
    229.66721803756));
#1883 = CARTESIAN_POINT('',(13.415371692798,23.377976370829,
    229.90503551323));
#1884 = CARTESIAN_POINT('',(12.582406251926,23.082030125128,
    230.44511429181));
#1885 = CARTESIAN_POINT('',(12.09373184554,22.91645385113,
    230.74344305111));
#1886 = CARTESIAN_POINT('',(11.590573172287,22.75449525783,
    231.03182319613));
#1887 = CARTESIAN_POINT('',(11.072765198949,22.596846253652,
    231.30949458672));
#1888 = CARTESIAN_POINT('',(10.540171181287,22.444240039871,
    231.57563262456));
#1889 = CARTESIAN_POINT('',(9.992682900127,22.297449720546,
    231.82934752544));
#1890 = CARTESIAN_POINT('',(8.983661501396,22.046006472852,
    232.26049528707));
#1891 = CARTESIAN_POINT('',(8.527604063175,21.938888772407,
    232.44289907618));
#1892 = CARTESIAN_POINT('',(8.06226559457,21.836407260427,
    232.61630037476));
#1893 = CARTESIAN_POINT('',(7.587882543476,21.73903036072,
    232.78011707316));
#1894 = CARTESIAN_POINT('',(7.104710855565,21.647219065676,232.933778209
    ));
#1895 = CARTESIAN_POINT('',(6.613026035964,21.561424530331,
    233.0767226401));
#1896 = CARTESIAN_POINT('',(5.289155188305,21.351314877533,
    233.42543200408));
#1897 = CARTESIAN_POINT('',(4.441464621145,21.237860858249,
    233.61221821231));
#1898 = CARTESIAN_POINT('',(3.574292677827,21.14428169457,
    233.76528907437));
#1899 = CARTESIAN_POINT('',(2.692030052333,21.072602564952,
    233.88202079895));
#1900 = CARTESIAN_POINT('',(1.799177171149,21.024247143348,
    233.96059840514));
#1901 = CARTESIAN_POINT('',(0.900302649944,21.,234.));
#1902 = CARTESIAN_POINT('',(-0.588399388196,21.,234.));
#1903 = CARTESIAN_POINT('',(-1.17661026423,21.010356735294,
    233.98316980195));
#1904 = CARTESIAN_POINT('',(-1.763180285578,21.031058595897,
    233.94953020457));
#1905 = CARTESIAN_POINT('',(-2.346667957347,21.061957199472,
    233.89927377923));
#1906 = CARTESIAN_POINT('',(-2.92564279664,21.102770504986,
    233.83276675463));
#1907 = CARTESIAN_POINT('',(-3.49868549692,21.153085926364,
    233.75055090153));
#1908 = CARTESIAN_POINT('',(-4.873318680496,21.297127771629,
    233.51434572023));
#1909 = CARTESIAN_POINT('',(-5.666403178956,21.400130098172,
    233.3448401256));
#1910 = CARTESIAN_POINT('',(-6.441947469319,21.519972165659,
    233.14664289031));
#1911 = CARTESIAN_POINT('',(-7.198360602448,21.65509308645,
    232.92171604648));
#1912 = CARTESIAN_POINT('',(-7.934160301418,21.803790877129,
    232.67217937893));
#1913 = CARTESIAN_POINT('',(-8.647978297994,21.964248533468,
    232.40032301468));
#1914 = CARTESIAN_POINT('',(-9.909854795663,22.275458908323,
    231.86731304251));
#1915 = CARTESIAN_POINT('',(-10.4658155013,22.423240112139,
    231.61218316688));
#1916 = CARTESIAN_POINT('',(-11.00652112014,22.57706292786,
    231.34423068782));
#1917 = CARTESIAN_POINT('',(-11.53207587454,22.736121777411,
    231.06438484961));
#1918 = CARTESIAN_POINT('',(-12.04261444769,22.899652413739,
    230.77350727648));
#1919 = CARTESIAN_POINT('',(-12.53830172256,23.066933497756,
    230.47239279844));
#1920 = CARTESIAN_POINT('',(-13.38028073895,23.365116200989,
    229.9286903041));
#1921 = CARTESIAN_POINT('',(-13.73303124573,23.494694143358,
    229.69022151526));
#1922 = CARTESIAN_POINT('',(-14.07770854748,23.625753653916,
    229.44663798521));
#1923 = CARTESIAN_POINT('',(-14.41443848895,23.758040806803,
    229.19819003837));
#1924 = CARTESIAN_POINT('',(-14.74334833265,23.891315641664,
    228.94510407324));
#1925 = CARTESIAN_POINT('',(-15.064566838,24.025351706558,
    228.68758238672));
#1926 = CARTESIAN_POINT('',(-16.23245363749,24.526467580875,
    227.71286094806));
#1927 = CARTESIAN_POINT('',(-17.03095050792,24.89721299083,
    226.96804768669));
#1928 = CARTESIAN_POINT('',(-17.77592305705,25.26771964329,
    226.19519031054));
#1929 = CARTESIAN_POINT('',(-18.46946615646,25.634089360241,
    225.39713034987));
#1930 = CARTESIAN_POINT('',(-19.11344651978,25.992818140121,
    224.57587433541));
#1931 = CARTESIAN_POINT('',(-19.70938777839,26.340636324834,
    223.73274436488));
#1932 = CARTESIAN_POINT('',(-20.78379498996,26.9937585445,
    222.04135260874));
#1933 = CARTESIAN_POINT('',(-21.26629652046,27.300303623218,
    221.19470994421));
#1934 = CARTESIAN_POINT('',(-21.70609649977,27.590766534834,
    220.33033656044));
#1935 = CARTESIAN_POINT('',(-22.10334878737,27.862069364512,
    219.4497241417));
#1936 = CARTESIAN_POINT('',(-22.45809340871,28.111288883125,
    218.55414284202));
#1937 = CARTESIAN_POINT('',(-22.77021068015,28.335685995194,
    217.64466517905));
#1938 = CARTESIAN_POINT('',(-23.31087429662,28.731543400433,
    215.79161699127));
#1939 = CARTESIAN_POINT('',(-23.53871814247,28.902562062429,
    214.84762616822));
#1940 = CARTESIAN_POINT('',(-23.72194038854,29.042789172302,
    213.89309526726));
#1941 = CARTESIAN_POINT('',(-23.85997259997,29.149833857554,
    212.93066455635));
#1942 = CARTESIAN_POINT('',(-23.95246147653,29.222033511326,
    211.96279963308));
#1943 = CARTESIAN_POINT('',(-23.99917620599,29.25850454998,
    210.99185475343));
#1944 = CARTESIAN_POINT('',(-24.00080869822,29.259779068689,
    209.04627402437));
#1945 = CARTESIAN_POINT('',(-23.95552219209,29.224423072386,
    208.07309546241));
#1946 = CARTESIAN_POINT('',(-23.86425201166,29.153158364514,
    207.10293327166));
#1947 = CARTESIAN_POINT('',(-23.72722673284,29.046856540947,
    206.13816332709));
#1948 = CARTESIAN_POINT('',(-23.5447994669,28.907177616171,
    205.18127251753));
#1949 = CARTESIAN_POINT('',(-23.31754098576,28.736519081157,
    204.23492327555));
#1950 = CARTESIAN_POINT('',(-22.77418345488,28.33850225431,
    202.36533965614));
#1951 = CARTESIAN_POINT('',(-22.45768000314,28.110881708878,
    201.44204392389));
#1952 = CARTESIAN_POINT('',(-22.09725846576,27.85767305426,
    200.53306292807));
#1953 = CARTESIAN_POINT('',(-21.69304171034,27.581740362276,
    199.6395130211));
#1954 = CARTESIAN_POINT('',(-21.24498184732,27.286141976132,
    198.76272059732));
#1955 = CARTESIAN_POINT('',(-20.75290936844,26.974099279864,
    197.90424817154));
#1956 = CARTESIAN_POINT('',(-19.4705462724,26.196762349527,
    195.89985538054));
#1957 = CARTESIAN_POINT('',(-18.63919408447,25.719439532261,
    194.77326066449));
#1958 = CARTESIAN_POINT('',(-17.71961918656,25.224708232459,
    193.6873472156));
#1959 = CARTESIAN_POINT('',(-16.70730327075,24.720488881782,
    192.64547530801));
#1960 = CARTESIAN_POINT('',(-15.59665906058,24.215730515319,
    191.65371504069));
#1961 = CARTESIAN_POINT('',(-14.38167304759,23.721295846208,
    190.72149570863));
#1962 = CARTESIAN_POINT('',(-12.58240625192,23.082030125128,
    189.55488570818));
#1963 = CARTESIAN_POINT('',(-12.09373184554,22.916453851131,
    189.25655694888));
#1964 = CARTESIAN_POINT('',(-11.59057317228,22.754495257831,
    188.96817680386));
#1965 = CARTESIAN_POINT('',(-11.07276519895,22.596846253653,
    188.69050541327));
#1966 = CARTESIAN_POINT('',(-10.54017118128,22.444240039871,
    188.42436737543));
#1967 = CARTESIAN_POINT('',(-9.992682900129,22.297449720547,
    188.17065247455));
#1968 = CARTESIAN_POINT('',(-8.983661501398,22.046006472853,
    187.73950471292));
#1969 = CARTESIAN_POINT('',(-8.527604063176,21.938888772408,
    187.55710092381));
#1970 = CARTESIAN_POINT('',(-8.062265594572,21.836407260427,
    187.38369962523));
#1971 = CARTESIAN_POINT('',(-7.587882543477,21.739030360721,
    187.21988292683));
#1972 = CARTESIAN_POINT('',(-7.104710855566,21.647219065676,
    187.06622179099));
#1973 = CARTESIAN_POINT('',(-6.613026035965,21.561424530331,
    186.9232773599));
#1974 = CARTESIAN_POINT('',(-5.289155188305,21.351314877534,
    186.57456799591));
#1975 = CARTESIAN_POINT('',(-4.441464621144,21.237860858249,
    186.38778178768));
#1976 = CARTESIAN_POINT('',(-3.574292677828,21.144281694569,
    186.23471092562));
#1977 = CARTESIAN_POINT('',(-2.692030052333,21.072602564952,
    186.11797920104));
#1978 = CARTESIAN_POINT('',(-1.799177171148,21.024247143348,
    186.03940159486));
#1979 = CARTESIAN_POINT('',(-0.900302649945,21.,186.));
#1980 = CARTESIAN_POINT('',(0.588399388196,21.,186.));
#1981 = CARTESIAN_POINT('',(1.17661026423,21.010356735294,
    186.01683019804));
#1982 = CARTESIAN_POINT('',(1.763180285578,21.031058595897,
    186.05046979542));
#1983 = CARTESIAN_POINT('',(2.346667957347,21.061957199472,
    186.10072622076));
#1984 = CARTESIAN_POINT('',(2.92564279664,21.102770504986,
    186.16723324536));
#1985 = CARTESIAN_POINT('',(3.49868549692,21.153085926364,
    186.24944909846));
#1986 = CARTESIAN_POINT('',(4.873318683139,21.297127771906,
    186.48565428022));
#1987 = CARTESIAN_POINT('',(5.666403175933,21.400130097956,
    186.65515987406));
#1988 = CARTESIAN_POINT('',(6.44194746752,21.519972165194,
    186.85335710888));
#1989 = CARTESIAN_POINT('',(7.19836060491,21.655093086732,
    187.07828395397));
#1990 = CARTESIAN_POINT('',(7.934160303716,21.803790877845,
    187.32782062229));
#1991 = CARTESIAN_POINT('',(8.647978295299,21.964248532804,
    187.59967698417));
#1992 = CARTESIAN_POINT('',(9.909854795698,22.275458908332,
    188.13268695749));
#1993 = CARTESIAN_POINT('',(10.465815501306,22.423240112141,
    188.38781683311));
#1994 = CARTESIAN_POINT('',(11.006521120118,22.577062927853,
    188.65576931216));
#1995 = CARTESIAN_POINT('',(11.532075874523,22.736121777403,
    188.93561515036));
#1996 = CARTESIAN_POINT('',(12.042614447693,22.89965241374,
    189.22649272351));
#1997 = CARTESIAN_POINT('',(12.538301722588,23.066933497766,
    189.52760720157));
#1998 = CARTESIAN_POINT('',(13.380280738951,23.365116200988,
    190.07130969589));
#1999 = CARTESIAN_POINT('',(13.733031245733,23.494694143357,
    190.30977848473));
#2000 = CARTESIAN_POINT('',(14.077708547481,23.625753653916,
    190.55336201478));
#2001 = CARTESIAN_POINT('',(14.414438488952,23.758040806803,
    190.80180996162));
#2002 = CARTESIAN_POINT('',(14.743348332652,23.891315641664,
    191.05489592675));
#2003 = CARTESIAN_POINT('',(15.064566838001,24.025351706557,
    191.31241761328));
#2004 = CARTESIAN_POINT('',(16.232453637498,24.526467580875,
    192.28713905193));
#2005 = CARTESIAN_POINT('',(17.030950507921,24.89721299083,
    193.0319523133));
#2006 = CARTESIAN_POINT('',(17.775923057049,25.26771964329,
    193.80480968945));
#2007 = CARTESIAN_POINT('',(18.469466156464,25.634089360241,
    194.60286965012));
#2008 = CARTESIAN_POINT('',(19.113446519782,25.99281814012,
    195.42412566458));
#2009 = CARTESIAN_POINT('',(19.709387778391,26.340636324834,
    196.26725563511));
#2010 = CARTESIAN_POINT('',(20.783794989964,26.9937585445,
    197.95864739125));
#2011 = CARTESIAN_POINT('',(21.26629652046,27.300303623217,
    198.80529005578));
#2012 = CARTESIAN_POINT('',(21.706096499776,27.590766534833,
    199.66966343955));
#2013 = CARTESIAN_POINT('',(22.103348787371,27.862069364512,
    200.55027585829));
#2014 = CARTESIAN_POINT('',(22.458093408714,28.111288883124,
    201.44585715797));
#2015 = CARTESIAN_POINT('',(22.77021068015,28.335685995194,
    202.35533482094));
#2016 = CARTESIAN_POINT('',(23.311677325746,28.732131353853,
    204.21113527761));
#2017 = CARTESIAN_POINT('',(23.540066998098,28.903574523677,
    205.15796298647));
#2018 = CARTESIAN_POINT('',(23.723567706715,29.044034701828,
    206.11538717993));
#2019 = CARTESIAN_POINT('',(23.861606292653,29.151100900059,
    207.08074237316));
#2020 = CARTESIAN_POINT('',(23.953827475648,29.223099913018,
    208.05153968747));
#2021 = CARTESIAN_POINT('',(24.,29.259147702121,209.02540243615));
#2022 = CARTESIAN_POINT('',(24.,29.259147702121,210.));
#2023 = PCURVE('',#1072,#2024);
#2024 = DEFINITIONAL_REPRESENTATION('',(#2025),#2190);
#2025 = B_SPLINE_CURVE_WITH_KNOTS('',7,(#2026,#2027,#2028,#2029,#2030,
    #2031,#2032,#2033,#2034,#2035,#2036,#2037,#2038,#2039,#2040,#2041,
    #2042,#2043,#2044,#2045,#2046,#2047,#2048,#2049,#2050,#2051,#2052,
    #2053,#2054,#2055,#2056,#2057,#2058,#2059,#2060,#2061,#2062,#2063,
    #2064,#2065,#2066,#2067,#2068,#2069,#2070,#2071,#2072,#2073,#2074,
    #2075,#2076,#2077,#2078,#2079,#2080,#2081,#2082,#2083,#2084,#2085,
    #2086,#2087,#2088,#2089,#2090,#2091,#2092,#2093,#2094,#2095,#2096,
    #2097,#2098,#2099,#2100,#2101,#2102,#2103,#2104,#2105,#2106,#2107,
    #2108,#2109,#2110,#2111,#2112,#2113,#2114,#2115,#2116,#2117,#2118,
    #2119,#2120,#2121,#2122,#2123,#2124,#2125,#2126,#2127,#2128,#2129,
    #2130,#2131,#2132,#2133,#2134,#2135,#2136,#2137,#2138,#2139,#2140,
    #2141,#2142,#2143,#2144,#2145,#2146,#2147,#2148,#2149,#2150,#2151,
    #2152,#2153,#2154,#2155,#2156,#2157,#2158,#2159,#2160,#2161,#2162,
    #2163,#2164,#2165,#2166,#2167,#2168,#2169,#2170,#2171,#2172,#2173,
    #2174,#2175,#2176,#2177,#2178,#2179,#2180,#2181,#2182,#2183,#2184,
    #2185,#2186,#2187,#2188,#2189),.UNSPECIFIED.,.T.,.F.,(1,7,6,6,6,6,6,
    6,6,6,6,6,6,6,6,6,6,6,6,6,6,6,6,6,6,6,6,6,7,1),(-5.0579441553E-02,0.
    ,5.038288085245E-02,0.101119095007,0.152576304988,0.171663602038,
    0.196914975806,0.216962975787,0.250007219738,0.271603527296,
    0.302485326168,0.328032340252,0.347201901201,0.399409166907,
    0.449378868481,0.499787347996,0.550307199871,0.601031200248,
    0.671585138123,0.696847436929,0.716904110703,0.749962651287,
    0.771568302514,0.802463462537,0.828021529553,0.847199384227,
    0.899429237445,0.949420558447,1.,1.050382880852),.UNSPECIFIED.);
#2026 = CARTESIAN_POINT('',(0.907922503145,-48.8));
#2027 = CARTESIAN_POINT('',(0.907922503145,-49.77098378864));
#2028 = CARTESIAN_POINT('',(0.909413373046,-50.74124497249));
#2029 = CARTESIAN_POINT('',(0.912391189209,-51.7084751256));
#2030 = CARTESIAN_POINT('',(0.91683754459,-52.670320752));
#2031 = CARTESIAN_POINT('',(0.922719362662,-53.62431816012));
#2032 = CARTESIAN_POINT('',(0.929988438772,-54.56783002182));
#2033 = CARTESIAN_POINT('',(0.947233236338,-56.43466034385));
#2034 = CARTESIAN_POINT('',(0.957229091028,-57.3579560761));
#2035 = CARTESIAN_POINT('',(0.968522172883,-58.26693707192));
#2036 = CARTESIAN_POINT('',(0.981069070187,-59.16048697889));
#2037 = CARTESIAN_POINT('',(0.994829472086,-60.03727940267));
#2038 = CARTESIAN_POINT('',(1.009766717144,-60.89575182846));
#2039 = CARTESIAN_POINT('',(1.042158771498,-62.58432318173));
#2040 = CARTESIAN_POINT('',(1.059649922522,-63.41403549361));
#2041 = CARTESIAN_POINT('',(1.07831139397,-64.2224472126));
#2042 = CARTESIAN_POINT('',(1.098145140171,-65.00827895286));
#2043 = CARTESIAN_POINT('',(1.119163625062,-65.76960244965));
#2044 = CARTESIAN_POINT('',(1.141387840369,-66.50370044881));
#2045 = CARTESIAN_POINT('',(1.173546533104,-67.46777801782));
#2046 = CARTESIAN_POINT('',(1.182418700871,-67.72441943502));
#2047 = CARTESIAN_POINT('',(1.191463805489,-67.9766761677));
#2048 = CARTESIAN_POINT('',(1.200683849076,-68.22434973676));
#2049 = CARTESIAN_POINT('',(1.210080882905,-68.46721803756));
#2050 = CARTESIAN_POINT('',(1.219657032815,-68.70503551323));
#2051 = CARTESIAN_POINT('',(1.242323113647,-69.24511429181));
#2052 = CARTESIAN_POINT('',(1.255551513987,-69.54344305111));
#2053 = CARTESIAN_POINT('',(1.269102333826,-69.83182319613));
#2054 = CARTESIAN_POINT('',(1.282977914384,-70.10949458672));
#2055 = CARTESIAN_POINT('',(1.297180457374,-70.37563262456));
#2056 = CARTESIAN_POINT('',(1.311712152439,-70.62934752544));
#2057 = CARTESIAN_POINT('',(1.338375711059,-71.06049528707));
#2058 = CARTESIAN_POINT('',(1.350386621956,-71.24289907618));
#2059 = CARTESIAN_POINT('',(1.362602383686,-71.41630037476));
#2060 = CARTESIAN_POINT('',(1.375017327411,-71.58011707316));
#2061 = CARTESIAN_POINT('',(1.387625777435,-71.733778209));
#2062 = CARTESIAN_POINT('',(1.400422059583,-71.8767226401));
#2063 = CARTESIAN_POINT('',(1.43479232263,-72.22543200408));
#2064 = CARTESIAN_POINT('',(1.456715291988,-72.41221821231));
#2065 = CARTESIAN_POINT('',(1.479067702176,-72.56528907437));
#2066 = CARTESIAN_POINT('',(1.501749831271,-72.68202079895));
#2067 = CARTESIAN_POINT('',(1.524663575176,-72.76059840514));
#2068 = CARTESIAN_POINT('',(1.547711643463,-72.8));
#2069 = CARTESIAN_POINT('',(1.585883490595,-72.8));
#2070 = CARTESIAN_POINT('',(1.600965818861,-72.78316980195));
#2071 = CARTESIAN_POINT('',(1.616011688171,-72.74953020457));
#2072 = CARTESIAN_POINT('',(1.630989722666,-72.69927377923));
#2073 = CARTESIAN_POINT('',(1.645868518088,-72.63276675463));
#2074 = CARTESIAN_POINT('',(1.660616365824,-72.55055090153));
#2075 = CARTESIAN_POINT('',(1.696056348914,-72.31434572023));
#2076 = CARTESIAN_POINT('',(1.716556358854,-72.1448401256));
#2077 = CARTESIAN_POINT('',(1.736668882457,-71.94664289031));
#2078 = CARTESIAN_POINT('',(1.756361724335,-71.72171604648));
#2079 = CARTESIAN_POINT('',(1.775602401232,-71.47217937893));
#2080 = CARTESIAN_POINT('',(1.794358136815,-71.20032301468));
#2081 = CARTESIAN_POINT('',(1.827683423741,-70.66731304251));
#2082 = CARTESIAN_POINT('',(1.842431457758,-70.41218316688));
#2083 = CARTESIAN_POINT('',(1.856842416189,-70.14423068782));
#2084 = CARTESIAN_POINT('',(1.87091842541,-69.86438484961));
#2085 = CARTESIAN_POINT('',(1.884661627049,-69.57350727648));
#2086 = CARTESIAN_POINT('',(1.898074312996,-69.27239279844));
#2087 = CARTESIAN_POINT('',(1.920977384467,-68.7286903041));
#2088 = CARTESIAN_POINT('',(1.930612548183,-68.49022151526));
#2089 = CARTESIAN_POINT('',(1.940066808623,-68.24663798521));
#2090 = CARTESIAN_POINT('',(1.94934232181,-67.99819003837));
#2091 = CARTESIAN_POINT('',(1.958441168831,-67.74510407324));
#2092 = CARTESIAN_POINT('',(1.967365381933,-67.48758238672));
#2093 = CARTESIAN_POINT('',(1.999951450599,-66.51286094806));
#2094 = CARTESIAN_POINT('',(2.022515363834,-65.76804768669));
#2095 = CARTESIAN_POINT('',(2.04383751473,-64.99519031054));
#2096 = CARTESIAN_POINT('',(2.063939782745,-64.19713034987));
#2097 = CARTESIAN_POINT('',(2.082835001265,-63.37587433541));
#2098 = CARTESIAN_POINT('',(2.100524836474,-62.53274436488));
#2099 = CARTESIAN_POINT('',(2.132764482867,-60.84135260874));
#2100 = CARTESIAN_POINT('',(2.147419168191,-59.99470994421));
#2101 = CARTESIAN_POINT('',(2.160930450558,-59.13033656044));
#2102 = CARTESIAN_POINT('',(2.17326304084,-58.2497241417));
#2103 = CARTESIAN_POINT('',(2.184378263853,-57.35414284202));
#2104 = CARTESIAN_POINT('',(2.194234567299,-56.44466517905));
#2105 = CARTESIAN_POINT('',(2.211416354965,-54.59161699127));
#2106 = CARTESIAN_POINT('',(2.218720610288,-53.64762616822));
#2107 = CARTESIAN_POINT('',(2.224636367829,-52.69309526726));
#2108 = CARTESIAN_POINT('',(2.229115180749,-51.73066455635));
#2109 = CARTESIAN_POINT('',(2.232123727766,-50.76279963308));
#2110 = CARTESIAN_POINT('',(2.23364335243,-49.79185475343));
#2111 = CARTESIAN_POINT('',(2.233696457395,-47.84627402437));
#2112 = CARTESIAN_POINT('',(2.232223292874,-46.87309546241));
#2113 = CARTESIAN_POINT('',(2.229254129347,-45.90293327166));
#2114 = CARTESIAN_POINT('',(2.22480738925,-44.93816332709));
#2115 = CARTESIAN_POINT('',(2.218916357832,-43.98127251753));
#2116 = CARTESIAN_POINT('',(2.211629648333,-43.03492327555));
#2117 = CARTESIAN_POINT('',(2.194359417253,-41.16533965614));
#2118 = CARTESIAN_POINT('',(2.184363562563,-40.24204392389));
#2119 = CARTESIAN_POINT('',(2.173070480708,-39.33306292807));
#2120 = CARTESIAN_POINT('',(2.160523583403,-38.4395130211));
#2121 = CARTESIAN_POINT('',(2.146763181504,-37.56272059732));
#2122 = CARTESIAN_POINT('',(2.131825936446,-36.70424817154));
#2123 = CARTESIAN_POINT('',(2.093375443901,-34.69985538054));
#2124 = CARTESIAN_POINT('',(2.068801957774,-33.57326066449));
#2125 = CARTESIAN_POINT('',(2.042044348435,-32.48734721561));
#2126 = CARTESIAN_POINT('',(2.013074289283,-31.44547530801));
#2127 = CARTESIAN_POINT('',(1.981830054752,-30.45371504069));
#2128 = CARTESIAN_POINT('',(1.948229946495,-29.52149570863));
#2129 = CARTESIAN_POINT('',(1.899269539944,-28.35488570818));
#2130 = CARTESIAN_POINT('',(1.886041139604,-28.05655694888));
#2131 = CARTESIAN_POINT('',(1.872490319765,-27.76817680386));
#2132 = CARTESIAN_POINT('',(1.858614739206,-27.49050541327));
#2133 = CARTESIAN_POINT('',(1.844412196217,-27.22436737543));
#2134 = CARTESIAN_POINT('',(1.829880501151,-26.97065247455));
#2135 = CARTESIAN_POINT('',(1.803216942532,-26.53950471292));
#2136 = CARTESIAN_POINT('',(1.791206031635,-26.35710092381));
#2137 = CARTESIAN_POINT('',(1.778990269905,-26.18369962523));
#2138 = CARTESIAN_POINT('',(1.76657532618,-26.01988292683));
#2139 = CARTESIAN_POINT('',(1.753966876155,-25.86622179099));
#2140 = CARTESIAN_POINT('',(1.741170594007,-25.7232773599));
#2141 = CARTESIAN_POINT('',(1.706800330961,-25.37456799591));
#2142 = CARTESIAN_POINT('',(1.684877361603,-25.18778178768));
#2143 = CARTESIAN_POINT('',(1.662524951415,-25.03471092562));
#2144 = CARTESIAN_POINT('',(1.63984282232,-24.91797920104));
#2145 = CARTESIAN_POINT('',(1.616929078414,-24.83940159486));
#2146 = CARTESIAN_POINT('',(1.593881010127,-24.8));
#2147 = CARTESIAN_POINT('',(1.555709162995,-24.8));
#2148 = CARTESIAN_POINT('',(1.54062683473,-24.81683019804));
#2149 = CARTESIAN_POINT('',(1.52558096542,-24.85046979542));
#2150 = CARTESIAN_POINT('',(1.510602930925,-24.90072622076));
#2151 = CARTESIAN_POINT('',(1.495724135503,-24.96723324536));
#2152 = CARTESIAN_POINT('',(1.480976287767,-25.04944909846));
#2153 = CARTESIAN_POINT('',(1.445536304609,-25.28565428022));
#2154 = CARTESIAN_POINT('',(1.425036294814,-25.45515987406));
#2155 = CARTESIAN_POINT('',(1.404923771181,-25.65335710888));
#2156 = CARTESIAN_POINT('',(1.385230929192,-25.87828395397));
#2157 = CARTESIAN_POINT('',(1.365990252297,-26.12782062229));
#2158 = CARTESIAN_POINT('',(1.347234516847,-26.39967698417));
#2159 = CARTESIAN_POINT('',(1.313909229849,-26.93268695749));
#2160 = CARTESIAN_POINT('',(1.299161195833,-27.18781683311));
#2161 = CARTESIAN_POINT('',(1.284750237402,-27.45576931216));
#2162 = CARTESIAN_POINT('',(1.270674228181,-27.73561515036));
#2163 = CARTESIAN_POINT('',(1.256931026542,-28.02649272351));
#2164 = CARTESIAN_POINT('',(1.243518340594,-28.32760720157));
#2165 = CARTESIAN_POINT('',(1.220615269124,-28.87130969589));
#2166 = CARTESIAN_POINT('',(1.210980105408,-29.10977848473));
#2167 = CARTESIAN_POINT('',(1.201525844968,-29.35336201478));
#2168 = CARTESIAN_POINT('',(1.19225033178,-29.60180996162));
#2169 = CARTESIAN_POINT('',(1.183151484759,-29.85489592675));
#2170 = CARTESIAN_POINT('',(1.174227271657,-30.11241761328));
#2171 = CARTESIAN_POINT('',(1.141641202991,-31.08713905193));
#2172 = CARTESIAN_POINT('',(1.119077289757,-31.8319523133));
#2173 = CARTESIAN_POINT('',(1.097755138861,-32.60480968945));
#2174 = CARTESIAN_POINT('',(1.077652870846,-33.40286965012));
#2175 = CARTESIAN_POINT('',(1.058757652325,-34.22412566458));
#2176 = CARTESIAN_POINT('',(1.041067817116,-35.06725563511));
#2177 = CARTESIAN_POINT('',(1.008828170723,-36.75864739125));
#2178 = CARTESIAN_POINT('',(0.9941734854,-37.60529005577));
#2179 = CARTESIAN_POINT('',(0.980662203033,-38.46966343955));
#2180 = CARTESIAN_POINT('',(0.96832961275,-39.35027585829));
#2181 = CARTESIAN_POINT('',(0.957214389737,-40.24585715797));
#2182 = CARTESIAN_POINT('',(0.947358086292,-41.15533482094));
#2183 = CARTESIAN_POINT('',(0.930150779106,-43.01113527761));
#2184 = CARTESIAN_POINT('',(0.9228288013,-43.95796298647));
#2185 = CARTESIAN_POINT('',(0.916903742669,-44.91538717993));
#2186 = CARTESIAN_POINT('',(0.912424461758,-45.88074237316));
#2187 = CARTESIAN_POINT('',(0.909424490758,-46.85153968747));
#2188 = CARTESIAN_POINT('',(0.907922503145,-47.82540243615));
#2189 = CARTESIAN_POINT('',(0.907922503145,-48.8));
#2190 = ( GEOMETRIC_REPRESENTATION_CONTEXT(2) 
PARAMETRIC_REPRESENTATION_CONTEXT() REPRESENTATION_CONTEXT('2D SPACE',''
  ) );
#2191 = PCURVE('',#2192,#2197);
#2192 = CYLINDRICAL_SURFACE('',#2193,24.);
#2193 = AXIS2_PLACEMENT_3D('',#2194,#2195,#2196);
#2194 = CARTESIAN_POINT('',(0.,-8.,210.));
#2195 = DIRECTION('',(0.,-1.,0.));
#2196 = DIRECTION('',(1.,0.,0.));
#2197 = DEFINITIONAL_REPRESENTATION('',(#2198),#2363);
#2198 = B_SPLINE_CURVE_WITH_KNOTS('',7,(#2199,#2200,#2201,#2202,#2203,
    #2204,#2205,#2206,#2207,#2208,#2209,#2210,#2211,#2212,#2213,#2214,
    #2215,#2216,#2217,#2218,#2219,#2220,#2221,#2222,#2223,#2224,#2225,
    #2226,#2227,#2228,#2229,#2230,#2231,#2232,#2233,#2234,#2235,#2236,
    #2237,#2238,#2239,#2240,#2241,#2242,#2243,#2244,#2245,#2246,#2247,
    #2248,#2249,#2250,#2251,#2252,#2253,#2254,#2255,#2256,#2257,#2258,
    #2259,#2260,#2261,#2262,#2263,#2264,#2265,#2266,#2267,#2268,#2269,
    #2270,#2271,#2272,#2273,#2274,#2275,#2276,#2277,#2278,#2279,#2280,
    #2281,#2282,#2283,#2284,#2285,#2286,#2287,#2288,#2289,#2290,#2291,
    #2292,#2293,#2294,#2295,#2296,#2297,#2298,#2299,#2300,#2301,#2302,
    #2303,#2304,#2305,#2306,#2307,#2308,#2309,#2310,#2311,#2312,#2313,
    #2314,#2315,#2316,#2317,#2318,#2319,#2320,#2321,#2322,#2323,#2324,
    #2325,#2326,#2327,#2328,#2329,#2330,#2331,#2332,#2333,#2334,#2335,
    #2336,#2337,#2338,#2339,#2340,#2341,#2342,#2343,#2344,#2345,#2346,
    #2347,#2348,#2349,#2350,#2351,#2352,#2353,#2354,#2355,#2356,#2357,
    #2358,#2359,#2360,#2361,#2362),.UNSPECIFIED.,.F.,.F.,(8,6,6,6,6,6,6,
    6,6,6,6,6,6,6,6,6,6,6,6,6,6,6,6,6,6,6,6,8),(0.,5.038288085245E-02,
    0.101119095007,0.152576304988,0.171663602038,0.196914975806,
    0.216962975787,0.250007219738,0.271603527296,0.302485326168,
    0.328032340252,0.347201901201,0.399409166907,0.449378868481,
    0.499787347996,0.550307199871,0.601031200248,0.671585138123,
    0.696847436929,0.716904110703,0.749962651287,0.771568302514,
    0.802463462537,0.828021529553,0.847199384227,0.899429237445,
    0.949420558447,1.),.UNSPECIFIED.);
#2199 = CARTESIAN_POINT('',(0.,-37.25914770212));
#2200 = CARTESIAN_POINT('',(4.045765786034E-02,-37.25914770212));
#2201 = CARTESIAN_POINT('',(8.088519196415E-02,-37.22336674049));
#2202 = CARTESIAN_POINT('',(0.12129466305,-37.15189943555));
#2203 = CARTESIAN_POINT('',(0.161695258547,-37.04561701613));
#2204 = CARTESIAN_POINT('',(0.20209134005,-36.90616901041));
#2205 = CARTESIAN_POINT('',(0.242478648914,-36.73593292995));
#2206 = CARTESIAN_POINT('',(0.323481734394,-36.33850225431));
#2207 = CARTESIAN_POINT('',(0.364104287646,-36.11088170887));
#2208 = CARTESIAN_POINT('',(0.404774418238,-35.85767305426));
#2209 = CARTESIAN_POINT('',(0.445555275076,-35.58174036227));
#2210 = CARTESIAN_POINT('',(0.48650674303,-35.28614197613));
#2211 = CARTESIAN_POINT('',(0.527687079245,-34.97409927986));
#2212 = CARTESIAN_POINT('',(0.611211221348,-34.31924316667));
#2213 = CARTESIAN_POINT('',(0.653572513186,-33.97598178303));
#2214 = CARTESIAN_POINT('',(0.696356686318,-33.62225652195));
#2215 = CARTESIAN_POINT('',(0.739680689415,-33.26120112268));
#2216 = CARTESIAN_POINT('',(0.783662116427,-32.89617271555));
#2217 = CARTESIAN_POINT('',(0.828421203779,-32.53090085046));
#2218 = CARTESIAN_POINT('',(0.891020336967,-32.03563082457));
#2219 = CARTESIAN_POINT('',(0.908084501975,-31.90215708921));
#2220 = CARTESIAN_POINT('',(0.925282698953,-31.76942533592));
#2221 = CARTESIAN_POINT('',(0.94262214841,-31.63765834978));
#2222 = CARTESIAN_POINT('',(0.960110027597,-31.50709213587));
#2223 = CARTESIAN_POINT('',(0.977753583096,-31.37797637082));
#2224 = CARTESIAN_POINT('',(1.019117409901,-31.08203012512));
#2225 = CARTESIAN_POINT('',(1.042964474347,-30.91645385113));
#2226 = CARTESIAN_POINT('',(1.067113777844,-30.75449525783));
#2227 = CARTESIAN_POINT('',(1.09157755008,-30.59684625365));
#2228 = CARTESIAN_POINT('',(1.116368328514,-30.44424003987));
#2229 = CARTESIAN_POINT('',(1.141499377569,-30.29744972054));
#2230 = CARTESIAN_POINT('',(1.18721917208,-30.04600647285));
#2231 = CARTESIAN_POINT('',(1.20767950281,-29.9388887724));
#2232 = CARTESIAN_POINT('',(1.228361587318,-29.83640726042));
#2233 = CARTESIAN_POINT('',(1.249261721395,-29.73903036072));
#2234 = CARTESIAN_POINT('',(1.270376982412,-29.64721906567));
#2235 = CARTESIAN_POINT('',(1.291705202414,-29.56142453033));
#2236 = CARTESIAN_POINT('',(1.348747953222,-29.35131487753));
#2237 = CARTESIAN_POINT('',(1.384885776343,-29.23786085824));
#2238 = CARTESIAN_POINT('',(1.421523824254,-29.14428169457));
#2239 = CARTESIAN_POINT('',(1.45854218432,-29.07260256495));
#2240 = CARTESIAN_POINT('',(1.495830612478,-29.02424714334));
#2241 = CARTESIAN_POINT('',(1.533283716381,-29.));
#2242 = CARTESIAN_POINT('',(1.59531296797,-29.));
#2243 = CARTESIAN_POINT('',(1.619821755142,-29.01035673529));
#2244 = CARTESIAN_POINT('',(1.644286241132,-29.03105859589));
#2245 = CARTESIAN_POINT('',(1.668670362861,-29.06195719947));
#2246 = CARTESIAN_POINT('',(1.692937501145,-29.10277050498));
#2247 = CARTESIAN_POINT('',(1.717049540486,-29.15308592636));
#2248 = CARTESIAN_POINT('',(1.775165344374,-29.29712777162));
#2249 = CARTESIAN_POINT('',(1.808929299709,-29.40013009817));
#2250 = CARTESIAN_POINT('',(1.842240755608,-29.51997216565));
#2251 = CARTESIAN_POINT('',(1.875078384488,-29.65509308645));
#2252 = CARTESIAN_POINT('',(1.907416065632,-29.80379087712));
#2253 = CARTESIAN_POINT('',(1.939222109657,-29.96424853346));
#2254 = CARTESIAN_POINT('',(1.99629832463,-30.27545890832));
#2255 = CARTESIAN_POINT('',(2.021774151609,-30.42324011213));
#2256 = CARTESIAN_POINT('',(2.046900493365,-30.57706292786));
#2257 = CARTESIAN_POINT('',(2.071690927371,-30.73612177741));
#2258 = CARTESIAN_POINT('',(2.096158249137,-30.89965241373));
#2259 = CARTESIAN_POINT('',(2.120314912943,-31.06693349775));
#2260 = CARTESIAN_POINT('',(2.162076078,-31.36511620098));
#2261 = CARTESIAN_POINT('',(2.179813542564,-31.49469414335));
#2262 = CARTESIAN_POINT('',(2.197393398126,-31.62575365391));
#2263 = CARTESIAN_POINT('',(2.214822989738,-31.7580408068));
#2264 = CARTESIAN_POINT('',(2.232109590958,-31.89131564166));
#2265 = CARTESIAN_POINT('',(2.249260519185,-32.02535170655));
#2266 = CARTESIAN_POINT('',(2.312643743221,-32.52646758087));
#2267 = CARTESIAN_POINT('',(2.358072490774,-32.89721299083));
#2268 = CARTESIAN_POINT('',(2.402699955365,-33.26771964329));
#2269 = CARTESIAN_POINT('',(2.446651627594,-33.63408936024));
#2270 = CARTESIAN_POINT('',(2.490050172835,-33.99281814012));
#2271 = CARTESIAN_POINT('',(2.533017577146,-34.34063632483));
#2272 = CARTESIAN_POINT('',(2.616508645874,-34.9937585445));
#2273 = CARTESIAN_POINT('',(2.657065375469,-35.30030362321));
#2274 = CARTESIAN_POINT('',(2.697402865606,-35.59076653483));
#2275 = CARTESIAN_POINT('',(2.737576622327,-35.86206936451));
#2276 = CARTESIAN_POINT('',(2.777643736476,-36.11128888312));
#2277 = CARTESIAN_POINT('',(2.817664394973,-36.33568599519));
#2278 = CARTESIAN_POINT('',(2.89809406504,-36.73154340043));
#2279 = CARTESIAN_POINT('',(2.938511681808,-36.90256206242));
#2280 = CARTESIAN_POINT('',(2.978937823355,-37.0427891723));
#2281 = CARTESIAN_POINT('',(3.019368332917,-37.14983385755));
#2282 = CARTESIAN_POINT('',(3.059807717455,-37.22203351132));
#2283 = CARTESIAN_POINT('',(3.100265357846,-37.25850454998));
#2284 = CARTESIAN_POINT('',(3.181331250093,-37.25977906868));
#2285 = CARTESIAN_POINT('',(3.221878743712,-37.22442307238));
#2286 = CARTESIAN_POINT('',(3.262408144479,-37.15315836451));
#2287 = CARTESIAN_POINT('',(3.302928670872,-37.04685654094));
#2288 = CARTESIAN_POINT('',(3.343444685194,-36.90717761617));
#2289 = CARTESIAN_POINT('',(3.383951834987,-36.73651908115));
#2290 = CARTESIAN_POINT('',(3.465074387984,-36.33850225431));
#2291 = CARTESIAN_POINT('',(3.505696941236,-36.11088170887));
#2292 = CARTESIAN_POINT('',(3.546367071828,-35.85767305426));
#2293 = CARTESIAN_POINT('',(3.587147928666,-35.58174036227));
#2294 = CARTESIAN_POINT('',(3.62809939662,-35.28614197613));
#2295 = CARTESIAN_POINT('',(3.669279732835,-34.97409927986));
#2296 = CARTESIAN_POINT('',(3.768425787859,-34.19676234952));
#2297 = CARTESIAN_POINT('',(3.826635245474,-33.71943953226));
#2298 = CARTESIAN_POINT('',(3.885711377357,-33.22470823245));
#2299 = CARTESIAN_POINT('',(3.945976857064,-32.72048888178));
#2300 = CARTESIAN_POINT('',(4.007752434401,-32.21573051531));
#2301 = CARTESIAN_POINT('',(4.071361146404,-31.7212958462));
#2302 = CARTESIAN_POINT('',(4.160710063491,-31.08203012512));
#2303 = CARTESIAN_POINT('',(4.184557127937,-30.91645385113));
#2304 = CARTESIAN_POINT('',(4.208706431434,-30.75449525783));
#2305 = CARTESIAN_POINT('',(4.233170203669,-30.59684625365));
#2306 = CARTESIAN_POINT('',(4.257960982104,-30.44424003987));
#2307 = CARTESIAN_POINT('',(4.283092031159,-30.29744972054));
#2308 = CARTESIAN_POINT('',(4.32881182567,-30.04600647285));
#2309 = CARTESIAN_POINT('',(4.349272156399,-29.9388887724));
#2310 = CARTESIAN_POINT('',(4.369954240907,-29.83640726042));
#2311 = CARTESIAN_POINT('',(4.390854374985,-29.73903036072));
#2312 = CARTESIAN_POINT('',(4.411969636002,-29.64721906567));
#2313 = CARTESIAN_POINT('',(4.433297856004,-29.56142453033));
#2314 = CARTESIAN_POINT('',(4.490340606812,-29.35131487753));
#2315 = CARTESIAN_POINT('',(4.526478429933,-29.23786085824));
#2316 = CARTESIAN_POINT('',(4.563116477844,-29.14428169457));
#2317 = CARTESIAN_POINT('',(4.60013483791,-29.07260256495));
#2318 = CARTESIAN_POINT('',(4.637423266068,-29.02424714334));
#2319 = CARTESIAN_POINT('',(4.67487636997,-29.));
#2320 = CARTESIAN_POINT('',(4.73690562156,-29.));
#2321 = CARTESIAN_POINT('',(4.761414408731,-29.01035673529));
#2322 = CARTESIAN_POINT('',(4.785878894721,-29.03105859589));
#2323 = CARTESIAN_POINT('',(4.810263016451,-29.06195719947));
#2324 = CARTESIAN_POINT('',(4.834530154735,-29.10277050498));
#2325 = CARTESIAN_POINT('',(4.858642194076,-29.15308592636));
#2326 = CARTESIAN_POINT('',(4.916757998075,-29.2971277719));
#2327 = CARTESIAN_POINT('',(4.950521953173,-29.40013009795));
#2328 = CARTESIAN_POINT('',(4.983833409116,-29.51997216519));
#2329 = CARTESIAN_POINT('',(5.016671038182,-29.65509308673));
#2330 = CARTESIAN_POINT('',(5.049008719329,-29.80379087784));
#2331 = CARTESIAN_POINT('',(5.080814763125,-29.9642485328));
#2332 = CARTESIAN_POINT('',(5.137890978222,-30.27545890833));
#2333 = CARTESIAN_POINT('',(5.163366805199,-30.42324011214));
#2334 = CARTESIAN_POINT('',(5.188493146954,-30.57706292785));
#2335 = CARTESIAN_POINT('',(5.21328358096,-30.7361217774));
#2336 = CARTESIAN_POINT('',(5.237750902727,-30.89965241374));
#2337 = CARTESIAN_POINT('',(5.261907566534,-31.06693349776));
#2338 = CARTESIAN_POINT('',(5.30366873159,-31.36511620098));
#2339 = CARTESIAN_POINT('',(5.321406196153,-31.49469414335));
#2340 = CARTESIAN_POINT('',(5.338986051716,-31.62575365391));
#2341 = CARTESIAN_POINT('',(5.356415643327,-31.7580408068));
#2342 = CARTESIAN_POINT('',(5.373702244548,-31.89131564166));
#2343 = CARTESIAN_POINT('',(5.390853172775,-32.02535170655));
#2344 = CARTESIAN_POINT('',(5.454236396811,-32.52646758087));
#2345 = CARTESIAN_POINT('',(5.499665144363,-32.89721299083));
#2346 = CARTESIAN_POINT('',(5.544292608955,-33.26771964329));
#2347 = CARTESIAN_POINT('',(5.588244281184,-33.63408936024));
#2348 = CARTESIAN_POINT('',(5.631642826425,-33.99281814012));
#2349 = CARTESIAN_POINT('',(5.674610230736,-34.34063632483));
#2350 = CARTESIAN_POINT('',(5.758101299463,-34.9937585445));
#2351 = CARTESIAN_POINT('',(5.798658029059,-35.30030362321));
#2352 = CARTESIAN_POINT('',(5.838995519195,-35.59076653483));
#2353 = CARTESIAN_POINT('',(5.879169275917,-35.86206936451));
#2354 = CARTESIAN_POINT('',(5.919236390066,-36.11128888312));
#2355 = CARTESIAN_POINT('',(5.959257048563,-36.33568599519));
#2356 = CARTESIAN_POINT('',(6.039806178059,-36.73213135385));
#2357 = CARTESIAN_POINT('',(6.080343636853,-36.90357452367));
#2358 = CARTESIAN_POINT('',(6.120889715571,-37.04403470182));
#2359 = CARTESIAN_POINT('',(6.161440160207,-37.15110090005));
#2360 = CARTESIAN_POINT('',(6.20199947641,-37.22309991301));
#2361 = CARTESIAN_POINT('',(6.242577075353,-37.25914770212));
#2362 = CARTESIAN_POINT('',(6.28318530718,-37.25914770212));
#2363 = ( GEOMETRIC_REPRESENTATION_CONTEXT(2) 
PARAMETRIC_REPRESENTATION_CONTEXT() REPRESENTATION_CONTEXT('2D SPACE',''
  ) );
#2364 = ADVANCED_FACE('',(#2365,#2418,#2985,#3048),#1127,.F.);
#2365 = FACE_BOUND('',#2366,.F.);
#2366 = EDGE_LOOP('',(#2367,#2368,#2391,#2417));
#2367 = ORIENTED_EDGE('',*,*,#1112,.T.);
#2368 = ORIENTED_EDGE('',*,*,#2369,.T.);
#2369 = EDGE_CURVE('',#1092,#2370,#2372,.T.);
#2370 = VERTEX_POINT('',#2371);
#2371 = CARTESIAN_POINT('',(36.,60.,246.5));
#2372 = SEAM_CURVE('',#2373,(#2377,#2384),.PCURVE_S1.);
#2373 = LINE('',#2374,#2375);
#2374 = CARTESIAN_POINT('',(36.,60.,158.5));
#2375 = VECTOR('',#2376,1.);
#2376 = DIRECTION('',(0.,0.,1.));
#2377 = PCURVE('',#1127,#2378);
#2378 = DEFINITIONAL_REPRESENTATION('',(#2379),#2383);
#2379 = LINE('',#2380,#2381);
#2380 = CARTESIAN_POINT('',(6.28318530718,0.));
#2381 = VECTOR('',#2382,1.);
#2382 = DIRECTION('',(-0.,-1.));
#2383 = ( GEOMETRIC_REPRESENTATION_CONTEXT(2) 
PARAMETRIC_REPRESENTATION_CONTEXT() REPRESENTATION_CONTEXT('2D SPACE',''
  ) );
#2384 = PCURVE('',#1127,#2385);
#2385 = DEFINITIONAL_REPRESENTATION('',(#2386),#2390);
#2386 = LINE('',#2387,#2388);
#2387 = CARTESIAN_POINT('',(-4.138911435803E-13,0.));
#2388 = VECTOR('',#2389,1.);
#2389 = DIRECTION('',(-0.,-1.));
#2390 = ( GEOMETRIC_REPRESENTATION_CONTEXT(2) 
PARAMETRIC_REPRESENTATION_CONTEXT() REPRESENTATION_CONTEXT('2D SPACE',''
  ) );
#2391 = ORIENTED_EDGE('',*,*,#2392,.T.);
#2392 = EDGE_CURVE('',#2370,#2370,#2393,.T.);
#2393 = SURFACE_CURVE('',#2394,(#2399,#2406),.PCURVE_S1.);
#2394 = CIRCLE('',#2395,36.);
#2395 = AXIS2_PLACEMENT_3D('',#2396,#2397,#2398);
#2396 = CARTESIAN_POINT('',(0.,60.,246.5));
#2397 = DIRECTION('',(0.,0.,-1.));
#2398 = DIRECTION('',(1.,0.,0.));
#2399 = PCURVE('',#1127,#2400);
#2400 = DEFINITIONAL_REPRESENTATION('',(#2401),#2405);
#2401 = LINE('',#2402,#2403);
#2402 = CARTESIAN_POINT('',(-4.138911435803E-13,-88.));
#2403 = VECTOR('',#2404,1.);
#2404 = DIRECTION('',(1.,-0.));
#2405 = ( GEOMETRIC_REPRESENTATION_CONTEXT(2) 
PARAMETRIC_REPRESENTATION_CONTEXT() REPRESENTATION_CONTEXT('2D SPACE',''
  ) );
#2406 = PCURVE('',#1259,#2407);
#2407 = DEFINITIONAL_REPRESENTATION('',(#2408),#2416);
#2408 = ( BOUNDED_CURVE() B_SPLINE_CURVE(2,(#2409,#2410,#2411,#2412,
#2413,#2414,#2415),.UNSPECIFIED.,.T.,.F.) B_SPLINE_CURVE_WITH_KNOTS((1,2
    ,2,2,2,1),(-2.094395102393,0.,2.094395102393,4.188790204786,
6.28318530718,8.377580409573),.UNSPECIFIED.) CURVE() 
GEOMETRIC_REPRESENTATION_ITEM() RATIONAL_B_SPLINE_CURVE((1.,0.5,1.,0.5,
1.,0.5,1.)) REPRESENTATION_ITEM('') );
#2409 = CARTESIAN_POINT('',(36.,0.));
#2410 = CARTESIAN_POINT('',(36.,-62.35382907248));
#2411 = CARTESIAN_POINT('',(-18.,-31.17691453624));
#2412 = CARTESIAN_POINT('',(-72.,-8.817456953861E-15));
#2413 = CARTESIAN_POINT('',(-18.,31.17691453624));
#2414 = CARTESIAN_POINT('',(36.,62.35382907248));
#2415 = CARTESIAN_POINT('',(36.,0.));
#2416 = ( GEOMETRIC_REPRESENTATION_CONTEXT(2) 
PARAMETRIC_REPRESENTATION_CONTEXT() REPRESENTATION_CONTEXT('2D SPACE',''
  ) );
#2417 = ORIENTED_EDGE('',*,*,#2369,.F.);
#2418 = FACE_BOUND('',#2419,.F.);
#2419 = EDGE_LOOP('',(#2420));
#2420 = ORIENTED_EDGE('',*,*,#2421,.F.);
#2421 = EDGE_CURVE('',#2422,#2422,#2424,.T.);
#2422 = VERTEX_POINT('',#2423);
#2423 = CARTESIAN_POINT('',(21.,30.759616965573,210.));
#2424 = SURFACE_CURVE('',#2425,(#2608,#2794),.PCURVE_S1.);
#2425 = B_SPLINE_CURVE_WITH_KNOTS('',7,(#2426,#2427,#2428,#2429,#2430,
    #2431,#2432,#2433,#2434,#2435,#2436,#2437,#2438,#2439,#2440,#2441,
    #2442,#2443,#2444,#2445,#2446,#2447,#2448,#2449,#2450,#2451,#2452,
    #2453,#2454,#2455,#2456,#2457,#2458,#2459,#2460,#2461,#2462,#2463,
    #2464,#2465,#2466,#2467,#2468,#2469,#2470,#2471,#2472,#2473,#2474,
    #2475,#2476,#2477,#2478,#2479,#2480,#2481,#2482,#2483,#2484,#2485,
    #2486,#2487,#2488,#2489,#2490,#2491,#2492,#2493,#2494,#2495,#2496,
    #2497,#2498,#2499,#2500,#2501,#2502,#2503,#2504,#2505,#2506,#2507,
    #2508,#2509,#2510,#2511,#2512,#2513,#2514,#2515,#2516,#2517,#2518,
    #2519,#2520,#2521,#2522,#2523,#2524,#2525,#2526,#2527,#2528,#2529,
    #2530,#2531,#2532,#2533,#2534,#2535,#2536,#2537,#2538,#2539,#2540,
    #2541,#2542,#2543,#2544,#2545,#2546,#2547,#2548,#2549,#2550,#2551,
    #2552,#2553,#2554,#2555,#2556,#2557,#2558,#2559,#2560,#2561,#2562,
    #2563,#2564,#2565,#2566,#2567,#2568,#2569,#2570,#2571,#2572,#2573,
    #2574,#2575,#2576,#2577,#2578,#2579,#2580,#2581,#2582,#2583,#2584,
    #2585,#2586,#2587,#2588,#2589,#2590,#2591,#2592,#2593,#2594,#2595,
    #2596,#2597,#2598,#2599,#2600,#2601,#2602,#2603,#2604,#2605,#2606,
    #2607),.UNSPECIFIED.,.T.,.F.,(1,7,6,6,6,6,6,6,6,6,6,6,6,6,6,6,6,6,6,
    6,6,6,6,6,6,6,6,6,6,6,6,7,1),(-4.9689425954E-02,0.,
    4.911899553736E-02,9.696920078518E-02,0.136545410253,0.151274861376,
    0.170462690522,0.196281641717,0.217203903697,0.249928704634,
    0.271850833106,0.303574595123,0.32961296596,0.348866070986,
    0.363619737227,0.403169822255,0.450182501001,0.4998238972,
    0.548939871019,0.596787132603,0.670320127296,0.696164058863,
    0.717106563561,0.749863026408,0.771806364983,0.803560820416,
    0.829624383955,0.848896116904,0.863664057825,0.903252408918,
    0.950310574046,1.,1.049118995537),.UNSPECIFIED.);
#2426 = CARTESIAN_POINT('',(21.,30.759616965573,210.));
#2427 = CARTESIAN_POINT('',(21.,30.759616965573,210.82440884918));
#2428 = CARTESIAN_POINT('',(20.962241805895,30.732499612081,
    211.64840891123));
#2429 = CARTESIAN_POINT('',(20.886792090787,30.678312740986,
    212.47021332946));
#2430 = CARTESIAN_POINT('',(20.773783129567,30.597617046001,
    213.28801143845));
#2431 = CARTESIAN_POINT('',(20.623421183813,30.491487290891,
    214.09993021921));
#2432 = CARTESIAN_POINT('',(20.436035230757,30.361483636946,
    214.90399652029));
#2433 = CARTESIAN_POINT('',(19.994079595705,30.061626011568,
    216.47169112132));
#2434 = CARTESIAN_POINT('',(19.741361454624,29.892882136419,
    217.23585972495));
#2435 = CARTESIAN_POINT('',(19.454192400882,29.704982296267,
    217.98976982812));
#2436 = CARTESIAN_POINT('',(19.132621785809,29.499737691475,
    218.73247214095));
#2437 = CARTESIAN_POINT('',(18.776602578292,29.279126350073,
    219.46288512597));
#2438 = CARTESIAN_POINT('',(18.386021554934,29.045274489565,
    220.17977644615));
#2439 = CARTESIAN_POINT('',(17.608967716493,28.597946025498,
    221.46233270981));
#2440 = CARTESIAN_POINT('',(17.23337295987,28.387886442349,
    222.03286037664));
#2441 = CARTESIAN_POINT('',(16.833602264575,28.171405118784,
    222.59290388004));
#2442 = CARTESIAN_POINT('',(16.409209493643,27.949680261499,
    223.14191147484));
#2443 = CARTESIAN_POINT('',(15.95965793822,27.723951154196,
    223.67917545899));
#2444 = CARTESIAN_POINT('',(15.484337790758,27.495542118886,
    224.20380399535));
#2445 = CARTESIAN_POINT('',(14.795841035743,27.180413371144,
    224.90483528765));
#2446 = CARTESIAN_POINT('',(14.605423124372,27.094761420375,
    225.09308834682));
#2447 = CARTESIAN_POINT('',(14.411289531586,27.009001932649,
    225.27940007684));
#2448 = CARTESIAN_POINT('',(14.213398299676,26.923208691536,
    225.46371362334));
#2449 = CARTESIAN_POINT('',(14.011705865742,26.837457956427,
    225.64596731166));
#2450 = CARTESIAN_POINT('',(13.806167061693,26.751828462535,
    225.82609464686));
#2451 = CARTESIAN_POINT('',(13.323911341528,26.55511692931,
    226.23581055056));
#2452 = CARTESIAN_POINT('',(13.044482381253,26.444176753014,
    226.46386601722));
#2453 = CARTESIAN_POINT('',(12.7583435175,26.333760441531,226.688033468)
  );
#2454 = CARTESIAN_POINT('',(12.465391350506,26.224058079794,
    226.90813583008));
#2455 = CARTESIAN_POINT('',(12.165523738558,26.115270624986,
    227.12397632046));
#2456 = CARTESIAN_POINT('',(11.858639739894,26.007610243379,
    227.3353385629));
#2457 = CARTESIAN_POINT('',(11.122124042455,25.758251516665,
    227.82005038011));
#2458 = CARTESIAN_POINT('',(10.686641131221,25.617620100941,
    228.08963327961));
#2459 = CARTESIAN_POINT('',(10.238034848861,25.479985980904,
    228.35008980074));
#2460 = CARTESIAN_POINT('',(9.776175374058,25.345965961498,
    228.6007185424));
#2461 = CARTESIAN_POINT('',(9.30095929333,25.216212459347,
    228.84076152731));
#2462 = CARTESIAN_POINT('',(8.812309858141,25.09141189038,
    229.06940342424));
#2463 = CARTESIAN_POINT('',(7.903276509902,24.875747585019,
    229.46110300072));
#2464 = CARTESIAN_POINT('',(7.487465123593,24.78292305223,
    229.62839931218));
#2465 = CARTESIAN_POINT('',(7.062968239059,24.694254705144,
    229.78707994816));
#2466 = CARTESIAN_POINT('',(6.630030774045,24.610182250694,
    229.93657968235));
#2467 = CARTESIAN_POINT('',(6.188917481329,24.531137164734,
    230.07634641644));
#2468 = CARTESIAN_POINT('',(5.739913021982,24.457540000077,
    230.20583977784));
#2469 = CARTESIAN_POINT('',(4.569161731582,24.283841012319,
    230.51017430269));
#2470 = CARTESIAN_POINT('',(3.835435286577,24.192058659482,
    230.66965047764));
#2471 = CARTESIAN_POINT('',(3.085658405145,24.116443510773,
    230.80016008403));
#2472 = CARTESIAN_POINT('',(2.323471270102,24.058573977741,
    230.89958746067));
#2473 = CARTESIAN_POINT('',(1.552604776975,24.019557561966,
    230.96647275292));
#2474 = CARTESIAN_POINT('',(0.776845586761,24.,231.));
#2475 = CARTESIAN_POINT('',(-0.520403738676,24.,231.));
#2476 = CARTESIAN_POINT('',(-1.040646536858,24.008776485434,
    230.98495411128));
#2477 = CARTESIAN_POINT('',(-1.559449356165,24.026320026917,
    230.95488036202));
#2478 = CARTESIAN_POINT('',(-2.07554322234,24.052504511008,
    230.90994787163));
#2479 = CARTESIAN_POINT('',(-2.587669402143,24.087090068341,
    230.85047852698));
#2480 = CARTESIAN_POINT('',(-3.094579580254,24.129726001759,
    230.77694865877));
#2481 = CARTESIAN_POINT('',(-4.319252278578,24.252638810076,
    230.56415288988));
#2482 = CARTESIAN_POINT('',(-5.029163574485,24.341143025858,
    230.41033285974));
#2483 = CARTESIAN_POINT('',(-5.723204581041,24.444229240106,
    230.23019081828));
#2484 = CARTESIAN_POINT('',(-6.39990731271,24.560511371555,
    230.0255236314));
#2485 = CARTESIAN_POINT('',(-7.057907071805,24.688476178922,
    229.79827412957));
#2486 = CARTESIAN_POINT('',(-7.695948249696,24.826509475453,
    229.55054276352));
#2487 = CARTESIAN_POINT('',(-8.819266198185,25.093103788798,
    229.06632127321));
#2488 = CARTESIAN_POINT('',(-9.311924481738,25.219046804927,
    228.83555951138));
#2489 = CARTESIAN_POINT('',(-9.790917490198,25.350018628776,
    228.59321197527));
#2490 = CARTESIAN_POINT('',(-10.25632558191,25.485315717817,
    228.34011396932));
#2491 = CARTESIAN_POINT('',(-10.7082565628,25.624269819204,
    228.07704126792));
#2492 = CARTESIAN_POINT('',(-11.14684541638,25.76624962393,
    227.80471091579));
#2493 = CARTESIAN_POINT('',(-11.88680661635,26.017443093485,
    227.31605960938));
#2494 = CARTESIAN_POINT('',(-12.19419953001,26.125569715065,
    227.10360536999));
#2495 = CARTESIAN_POINT('',(-12.49453386684,26.234816877688,
    226.88665651713));
#2496 = CARTESIAN_POINT('',(-12.78791180619,26.344970851235,
    226.66543055105));
#2497 = CARTESIAN_POINT('',(-13.07443667479,26.455829236207,
    226.44012514484));
#2498 = CARTESIAN_POINT('',(-13.35421300685,26.56720061642,226.210918024
    ));
#2499 = CARTESIAN_POINT('',(-13.83664904786,26.764502745587,
    225.79945621483));
#2500 = CARTESIAN_POINT('',(-14.04204982169,26.8502958709,
    225.61874790386));
#2501 = CARTESIAN_POINT('',(-14.24359585548,26.936202214633,
    225.43591311568));
#2502 = CARTESIAN_POINT('',(-14.44133243726,27.022142871535,
    225.25101823849));
#2503 = CARTESIAN_POINT('',(-14.63530321318,27.108041404112,
    225.06412484613));
#2504 = CARTESIAN_POINT('',(-14.82555018748,27.193823842636,
    224.87528969804));
#2505 = CARTESIAN_POINT('',(-15.51223373011,27.508872384535,
    224.17328922228));
#2506 = CARTESIAN_POINT('',(-15.98598317221,27.737022533209,
    223.64833288379));
#2507 = CARTESIAN_POINT('',(-16.43402252642,27.962441538977,
    223.11079150384));
#2508 = CARTESIAN_POINT('',(-16.85695635303,28.183809585132,
    222.56155052762));
#2509 = CARTESIAN_POINT('',(-17.25531606208,28.399890966786,
    222.00131302996));
#2510 = CARTESIAN_POINT('',(-17.62954268049,28.609510427208,
    221.43062767974));
#2511 = CARTESIAN_POINT('',(-18.39651762615,29.051666967686,
    220.15963301708));
#2512 = CARTESIAN_POINT('',(-18.77955478881,29.281133306332,
    219.45498847882));
#2513 = CARTESIAN_POINT('',(-19.12922799385,29.497788395927,
    218.73730590489));
#2514 = CARTESIAN_POINT('',(-19.44564482046,29.699617468746,
    218.00775084216));
#2515 = CARTESIAN_POINT('',(-19.72885039318,29.884743584493,
    217.26734822966));
#2516 = CARTESIAN_POINT('',(-19.97879980452,30.051444581109,
    216.51699944732));
#2517 = CARTESIAN_POINT('',(-20.42395949528,30.353108823908,
    214.95553257616));
#2518 = CARTESIAN_POINT('',(-20.61534765861,30.48578984905,
    214.14329133131));
#2519 = CARTESIAN_POINT('',(-20.768928008,30.594150417031,
    213.32295440882));
#2520 = CARTESIAN_POINT('',(-20.88435978462,30.676565893686,
    212.49655629168));
#2521 = CARTESIAN_POINT('',(-20.96142965014,30.731916334976,
    211.66602627698));
#2522 = CARTESIAN_POINT('',(-21.,30.759616965573,210.83322803417));
#2523 = CARTESIAN_POINT('',(-21.,30.759616965573,209.17559115081));
#2524 = CARTESIAN_POINT('',(-20.96224180589,30.732499612081,
    208.35159108876));
#2525 = CARTESIAN_POINT('',(-20.88679209078,30.678312740986,
    207.52978667053));
#2526 = CARTESIAN_POINT('',(-20.77378312956,30.597617046001,
    206.71198856154));
#2527 = CARTESIAN_POINT('',(-20.62342118381,30.491487290891,
    205.90006978078));
#2528 = CARTESIAN_POINT('',(-20.43603523075,30.361483636946,
    205.0960034797));
#2529 = CARTESIAN_POINT('',(-19.9940795957,30.061626011568,
    203.52830887867));
#2530 = CARTESIAN_POINT('',(-19.74136145462,29.892882136419,
    202.76414027504));
#2531 = CARTESIAN_POINT('',(-19.45419240088,29.704982296267,
    202.01023017187));
#2532 = CARTESIAN_POINT('',(-19.1326217858,29.499737691475,
    201.26752785904));
#2533 = CARTESIAN_POINT('',(-18.77660257829,29.279126350072,
    200.53711487402));
#2534 = CARTESIAN_POINT('',(-18.38602155493,29.045274489565,
    199.82022355384));
#2535 = CARTESIAN_POINT('',(-17.30711654594,28.424178631506,
    198.03945070553));
#2536 = CARTESIAN_POINT('',(-16.57196322071,28.022239751372,
    196.99663090327));
#2537 = CARTESIAN_POINT('',(-15.75281556656,27.601692425185,
    195.99134523421));
#2538 = CARTESIAN_POINT('',(-14.84566905832,27.169942325946,
    195.02711338668));
#2539 = CARTESIAN_POINT('',(-13.84548703172,26.735403057061,
    194.10998135097));
#2540 = CARTESIAN_POINT('',(-12.74681078125,26.308314221243,
    193.24917986753));
#2541 = CARTESIAN_POINT('',(-11.12212404245,25.758251516665,
    192.17994961988));
#2542 = CARTESIAN_POINT('',(-10.68664113122,25.617620100941,
    191.91036672038));
#2543 = CARTESIAN_POINT('',(-10.23803484886,25.479985980904,
    191.64991019925));
#2544 = CARTESIAN_POINT('',(-9.776175374059,25.345965961499,
    191.39928145759));
#2545 = CARTESIAN_POINT('',(-9.300959293331,25.216212459347,
    191.15923847268));
#2546 = CARTESIAN_POINT('',(-8.812309858143,25.09141189038,
    190.93059657575));
#2547 = CARTESIAN_POINT('',(-7.903276510002,24.875747585043,
    190.53889699931));
#2548 = CARTESIAN_POINT('',(-7.487465123603,24.782923052229,
    190.37160068781));
#2549 = CARTESIAN_POINT('',(-7.062968238971,24.694254705125,
    190.21292005179));
#2550 = CARTESIAN_POINT('',(-6.630030773956,24.61018225068,
    190.06342031761));
#2551 = CARTESIAN_POINT('',(-6.188917481345,24.53113716474,
    189.92365358356));
#2552 = CARTESIAN_POINT('',(-5.739913022107,24.457540000096,
    189.79416022218));
#2553 = CARTESIAN_POINT('',(-4.569161731581,24.283841012319,
    189.4898256973));
#2554 = CARTESIAN_POINT('',(-3.835435286574,24.192058659482,
    189.33034952235));
#2555 = CARTESIAN_POINT('',(-3.085658405146,24.116443510773,
    189.19983991596));
#2556 = CARTESIAN_POINT('',(-2.323471270103,24.058573977741,
    189.10041253932));
#2557 = CARTESIAN_POINT('',(-1.552604776973,24.019557561966,
    189.03352724708));
#2558 = CARTESIAN_POINT('',(-0.77684558676,24.,189.));
#2559 = CARTESIAN_POINT('',(0.520403738684,24.,189.));
#2560 = CARTESIAN_POINT('',(1.04064653686,24.008776485434,
    189.01504588871));
#2561 = CARTESIAN_POINT('',(1.55944935616,24.026320026917,
    189.04511963797));
#2562 = CARTESIAN_POINT('',(2.075543222334,24.052504511007,
    189.09005212836));
#2563 = CARTESIAN_POINT('',(2.587669402145,24.087090068341,
    189.14952147301));
#2564 = CARTESIAN_POINT('',(3.094579580262,24.12972600176,
    189.22305134122));
#2565 = CARTESIAN_POINT('',(4.31925227929,24.252638810147,
    189.43584711023));
#2566 = CARTESIAN_POINT('',(5.029163574642,24.341143025908,
    189.58966714034));
#2567 = CARTESIAN_POINT('',(5.723204580582,24.444229240052,
    189.76980918162));
#2568 = CARTESIAN_POINT('',(6.399907312191,24.560511371445,
    189.9744763684));
#2569 = CARTESIAN_POINT('',(7.057907071808,24.688476178899,
    190.20172587037));
#2570 = CARTESIAN_POINT('',(7.695948250245,24.826509475583,
    190.44945723671));
#2571 = CARTESIAN_POINT('',(8.819266198185,25.093103788798,
    190.93367872678));
#2572 = CARTESIAN_POINT('',(9.311924481738,25.219046804928,
    191.16444048861));
#2573 = CARTESIAN_POINT('',(9.790917490198,25.350018628776,
    191.40678802472));
#2574 = CARTESIAN_POINT('',(10.256325581917,25.485315717817,
    191.65988603067));
#2575 = CARTESIAN_POINT('',(10.708256562803,25.624269819204,
    191.92295873207));
#2576 = CARTESIAN_POINT('',(11.146845416381,25.76624962393,
    192.1952890842));
#2577 = CARTESIAN_POINT('',(11.886806618278,26.017443094138,
    192.68394039188));
#2578 = CARTESIAN_POINT('',(12.194199530144,26.125569715147,
    192.89639463019));
#2579 = CARTESIAN_POINT('',(12.494533865348,26.234816877164,
    193.11334348183));
#2580 = CARTESIAN_POINT('',(12.787911804836,26.344970850697,
    193.33456944783));
#2581 = CARTESIAN_POINT('',(13.074436675068,26.455829236272,
    193.55987485526));
#2582 = CARTESIAN_POINT('',(13.354213008503,26.567200617095,
    193.7890819774));
#2583 = CARTESIAN_POINT('',(13.836649047868,26.764502745587,
    194.20054378516));
#2584 = CARTESIAN_POINT('',(14.042049821693,26.8502958709,
    194.38125209613));
#2585 = CARTESIAN_POINT('',(14.24359585548,26.936202214633,
    194.56408688431));
#2586 = CARTESIAN_POINT('',(14.441332437265,27.022142871534,
    194.7489817615));
#2587 = CARTESIAN_POINT('',(14.635303213187,27.108041404112,
    194.93587515386));
#2588 = CARTESIAN_POINT('',(14.825550187485,27.193823842636,
    195.12471030195));
#2589 = CARTESIAN_POINT('',(15.512233730115,27.508872384535,
    195.82671077771));
#2590 = CARTESIAN_POINT('',(15.985983172212,27.737022533209,
    196.3516671162));
#2591 = CARTESIAN_POINT('',(16.434022526428,27.962441538977,
    196.88920849616));
#2592 = CARTESIAN_POINT('',(16.856956353038,28.183809585132,
    197.43844947237));
#2593 = CARTESIAN_POINT('',(17.255316062083,28.399890966785,
    197.99868697003));
#2594 = CARTESIAN_POINT('',(17.629542680489,28.609510427207,
    198.56937232025));
#2595 = CARTESIAN_POINT('',(18.39651762615,29.051666967685,
    199.84036698291));
#2596 = CARTESIAN_POINT('',(18.779554788818,29.281133306332,
    200.54501152117));
#2597 = CARTESIAN_POINT('',(19.129227993851,29.497788395927,
    201.2626940951));
#2598 = CARTESIAN_POINT('',(19.445644820464,29.699617468746,
    201.99224915783));
#2599 = CARTESIAN_POINT('',(19.72885039318,29.884743584493,
    202.73265177033));
#2600 = CARTESIAN_POINT('',(19.978799804526,30.051444581109,
    203.48300055267));
#2601 = CARTESIAN_POINT('',(20.423959495284,30.353108823908,
    205.04446742383));
#2602 = CARTESIAN_POINT('',(20.61534765861,30.48578984905,
    205.85670866868));
#2603 = CARTESIAN_POINT('',(20.768928008006,30.594150417031,
    206.67704559117));
#2604 = CARTESIAN_POINT('',(20.884359784621,30.676565893686,
    207.50344370831));
#2605 = CARTESIAN_POINT('',(20.961429650145,30.731916334976,
    208.33397372301));
#2606 = CARTESIAN_POINT('',(21.,30.759616965573,209.16677196582));
#2607 = CARTESIAN_POINT('',(21.,30.759616965573,210.));
#2608 = PCURVE('',#1127,#2609);
#2609 = DEFINITIONAL_REPRESENTATION('',(#2610),#2793);
#2610 = B_SPLINE_CURVE_WITH_KNOTS('',7,(#2611,#2612,#2613,#2614,#2615,
    #2616,#2617,#2618,#2619,#2620,#2621,#2622,#2623,#2624,#2625,#2626,
    #2627,#2628,#2629,#2630,#2631,#2632,#2633,#2634,#2635,#2636,#2637,
    #2638,#2639,#2640,#2641,#2642,#2643,#2644,#2645,#2646,#2647,#2648,
    #2649,#2650,#2651,#2652,#2653,#2654,#2655,#2656,#2657,#2658,#2659,
    #2660,#2661,#2662,#2663,#2664,#2665,#2666,#2667,#2668,#2669,#2670,
    #2671,#2672,#2673,#2674,#2675,#2676,#2677,#2678,#2679,#2680,#2681,
    #2682,#2683,#2684,#2685,#2686,#2687,#2688,#2689,#2690,#2691,#2692,
    #2693,#2694,#2695,#2696,#2697,#2698,#2699,#2700,#2701,#2702,#2703,
    #2704,#2705,#2706,#2707,#2708,#2709,#2710,#2711,#2712,#2713,#2714,
    #2715,#2716,#2717,#2718,#2719,#2720,#2721,#2722,#2723,#2724,#2725,
    #2726,#2727,#2728,#2729,#2730,#2731,#2732,#2733,#2734,#2735,#2736,
    #2737,#2738,#2739,#2740,#2741,#2742,#2743,#2744,#2745,#2746,#2747,
    #2748,#2749,#2750,#2751,#2752,#2753,#2754,#2755,#2756,#2757,#2758,
    #2759,#2760,#2761,#2762,#2763,#2764,#2765,#2766,#2767,#2768,#2769,
    #2770,#2771,#2772,#2773,#2774,#2775,#2776,#2777,#2778,#2779,#2780,
    #2781,#2782,#2783,#2784,#2785,#2786,#2787,#2788,#2789,#2790,#2791,
    #2792),.UNSPECIFIED.,.T.,.F.,(1,7,6,6,6,6,6,6,6,6,6,6,6,6,6,6,6,6,6,
    6,6,6,6,6,6,6,6,6,6,6,6,7,1),(-4.9689425954E-02,0.,
    4.911899553736E-02,9.696920078518E-02,0.136545410253,0.151274861376,
    0.170462690522,0.196281641717,0.217203903697,0.249928704634,
    0.271850833106,0.303574595123,0.32961296596,0.348866070986,
    0.363619737227,0.403169822255,0.450182501001,0.4998238972,
    0.548939871019,0.596787132603,0.670320127296,0.696164058863,
    0.717106563561,0.749863026408,0.771806364983,0.803560820416,
    0.829624383955,0.848896116904,0.863664057825,0.903252408918,
    0.950310574046,1.,1.049118995537),.UNSPECIFIED.);
#2611 = CARTESIAN_POINT('',(0.947969741383,-51.5));
#2612 = CARTESIAN_POINT('',(0.947969741383,-52.32440884918));
#2613 = CARTESIAN_POINT('',(0.949261042091,-53.14840891123));
#2614 = CARTESIAN_POINT('',(0.951841375486,-53.97021332946));
#2615 = CARTESIAN_POINT('',(0.955698646987,-54.78801143845));
#2616 = CARTESIAN_POINT('',(0.960810812333,-55.59993021921));
#2617 = CARTESIAN_POINT('',(0.967145654849,-56.40399652029));
#2618 = CARTESIAN_POINT('',(0.981981156638,-57.97169112132));
#2619 = CARTESIAN_POINT('',(0.990421939616,-58.73585972495));
#2620 = CARTESIAN_POINT('',(0.999954022143,-59.48976982812));
#2621 = CARTESIAN_POINT('',(1.010549537733,-60.23247214095));
#2622 = CARTESIAN_POINT('',(1.02218174852,-60.96288512597));
#2623 = CARTESIAN_POINT('',(1.034825346669,-61.67977644615));
#2624 = CARTESIAN_POINT('',(1.059731271868,-62.96233270981));
#2625 = CARTESIAN_POINT('',(1.0716843583,-63.53286037664));
#2626 = CARTESIAN_POINT('',(1.084310813179,-64.09290388004));
#2627 = CARTESIAN_POINT('',(1.097608616262,-64.64191147484));
#2628 = CARTESIAN_POINT('',(1.111578736394,-65.17917545899));
#2629 = CARTESIAN_POINT('',(1.126224842791,-65.70380399535));
#2630 = CARTESIAN_POINT('',(1.14725784723,-66.40483528765));
#2631 = CARTESIAN_POINT('',(1.153057578905,-66.59308834682));
#2632 = CARTESIAN_POINT('',(1.158952703587,-66.77940007684));
#2633 = CARTESIAN_POINT('',(1.164943777982,-66.96371362334));
#2634 = CARTESIAN_POINT('',(1.171031423261,-67.14596731166));
#2635 = CARTESIAN_POINT('',(1.177216325061,-67.32609464686));
#2636 = CARTESIAN_POINT('',(1.191683881542,-67.73581055056));
#2637 = CARTESIAN_POINT('',(1.200034804898,-67.96386601722));
#2638 = CARTESIAN_POINT('',(1.208553709621,-68.188033468));
#2639 = CARTESIAN_POINT('',(1.217242319121,-68.40813583008));
#2640 = CARTESIAN_POINT('',(1.226102396159,-68.62397632046));
#2641 = CARTESIAN_POINT('',(1.235135764849,-68.8353385629));
#2642 = CARTESIAN_POINT('',(1.256735289506,-69.32005038011));
#2643 = CARTESIAN_POINT('',(1.26944589072,-69.58963327961));
#2644 = CARTESIAN_POINT('',(1.282478186559,-69.85008980074));
#2645 = CARTESIAN_POINT('',(1.295833924728,-70.1007185424));
#2646 = CARTESIAN_POINT('',(1.309514668246,-70.34076152731));
#2647 = CARTESIAN_POINT('',(1.323521913316,-70.56940342424));
#2648 = CARTESIAN_POINT('',(1.349473743112,-70.96110300072));
#2649 = CARTESIAN_POINT('',(1.361307317963,-71.12839931218));
#2650 = CARTESIAN_POINT('',(1.373351548275,-71.28707994816));
#2651 = CARTESIAN_POINT('',(1.385599990202,-71.43657968235));
#2652 = CARTESIAN_POINT('',(1.398046146516,-71.57634641644));
#2653 = CARTESIAN_POINT('',(1.410683473612,-71.70583977784));
#2654 = CARTESIAN_POINT('',(1.443560323913,-72.01017430269));
#2655 = CARTESIAN_POINT('',(1.464095097546,-72.16965047764));
#2656 = CARTESIAN_POINT('',(1.485018142973,-72.30016008403));
#2657 = CARTESIAN_POINT('',(1.506239053243,-72.39958746067));
#2658 = CARTESIAN_POINT('',(1.527668413393,-72.46647275292));
#2659 = CARTESIAN_POINT('',(1.549217282719,-72.5));
#2660 = CARTESIAN_POINT('',(1.585251986203,-72.5));
#2661 = CARTESIAN_POINT('',(1.599703173261,-72.48495411128));
#2662 = CARTESIAN_POINT('',(1.614119299575,-72.45488036202));
#2663 = CARTESIAN_POINT('',(1.62847002901,-72.40994787163));
#2664 = CARTESIAN_POINT('',(1.642725035207,-72.35047852699));
#2665 = CARTESIAN_POINT('',(1.65685375909,-72.27694865877));
#2666 = CARTESIAN_POINT('',(1.691043349147,-72.06415288988));
#2667 = CARTESIAN_POINT('',(1.710910040232,-71.91033285974));
#2668 = CARTESIAN_POINT('',(1.730392041197,-71.73019081828));
#2669 = CARTESIAN_POINT('',(1.749456323431,-71.5255236314));
#2670 = CARTESIAN_POINT('',(1.768069848764,-71.29827412957));
#2671 = CARTESIAN_POINT('',(1.786199610248,-71.05054276352));
#2672 = CARTESIAN_POINT('',(1.818269601958,-70.56632127321));
#2673 = CARTESIAN_POINT('',(1.83239254095,-70.33555951138));
#2674 = CARTESIAN_POINT('',(1.846183337161,-70.09321197527));
#2675 = CARTESIAN_POINT('',(1.859643562086,-69.84011396932));
#2676 = CARTESIAN_POINT('',(1.872774854565,-69.57704126792));
#2677 = CARTESIAN_POINT('',(1.885579043693,-69.30471091579));
#2678 = CARTESIAN_POINT('',(1.907285572846,-68.81605960938));
#2679 = CARTESIAN_POINT('',(1.916336568107,-68.60360536999));
#2680 = CARTESIAN_POINT('',(1.925213186125,-68.38665651713));
#2681 = CARTESIAN_POINT('',(1.933917269903,-68.16543055105));
#2682 = CARTESIAN_POINT('',(1.942450599123,-67.94012514484));
#2683 = CARTESIAN_POINT('',(1.950814912424,-67.710918024));
#2684 = CARTESIAN_POINT('',(1.965293309056,-67.29945621483));
#2685 = CARTESIAN_POINT('',(1.97147642227,-67.11874790386));
#2686 = CARTESIAN_POINT('',(1.977562019069,-66.93591311568));
#2687 = CARTESIAN_POINT('',(1.98355078368,-66.75101823849));
#2688 = CARTESIAN_POINT('',(1.989443334812,-66.56412484613));
#2689 = CARTESIAN_POINT('',(1.995240225656,-66.37528969804));
#2690 = CARTESIAN_POINT('',(2.016226513645,-65.67328922228));
#2691 = CARTESIAN_POINT('',(2.030830206321,-65.14833288379));
#2692 = CARTESIAN_POINT('',(2.04475895488,-64.61079150384));
#2693 = CARTESIAN_POINT('',(2.058016278481,-64.06155052762));
#2694 = CARTESIAN_POINT('',(2.070602999746,-63.50131302996));
#2695 = CARTESIAN_POINT('',(2.082516962032,-62.93062767974));
#2696 = CARTESIAN_POINT('',(2.107108579806,-61.65963301708));
#2697 = CARTESIAN_POINT('',(2.119509922766,-60.95498847882));
#2698 = CARTESIAN_POINT('',(2.130934513285,-60.23730590489));
#2699 = CARTESIAN_POINT('',(2.141358371822,-59.50775084216));
#2700 = CARTESIAN_POINT('',(2.150756164707,-58.76734822966));
#2701 = CARTESIAN_POINT('',(2.159101480361,-58.01699944732));
#2702 = CARTESIAN_POINT('',(2.174038809979,-56.45553257616));
#2703 = CARTESIAN_POINT('',(2.180507366778,-55.64329133131));
#2704 = CARTESIAN_POINT('',(2.185728293307,-54.82295440882));
#2705 = CARTESIAN_POINT('',(2.189668094542,-53.99655629168));
#2706 = CARTESIAN_POINT('',(2.192303836551,-53.16602627698));
#2707 = CARTESIAN_POINT('',(2.193622912207,-52.33322803417));
#2708 = CARTESIAN_POINT('',(2.193622912207,-50.67559115081));
#2709 = CARTESIAN_POINT('',(2.1923316115,-49.85159108876));
#2710 = CARTESIAN_POINT('',(2.189751278104,-49.02978667053));
#2711 = CARTESIAN_POINT('',(2.185894006604,-48.21198856154));
#2712 = CARTESIAN_POINT('',(2.180781841258,-47.40006978078));
#2713 = CARTESIAN_POINT('',(2.174446998741,-46.5960034797));
#2714 = CARTESIAN_POINT('',(2.159611496953,-45.02830887867));
#2715 = CARTESIAN_POINT('',(2.151170713974,-44.26414027504));
#2716 = CARTESIAN_POINT('',(2.141638631447,-43.51023017187));
#2717 = CARTESIAN_POINT('',(2.131043115858,-42.76752785904));
#2718 = CARTESIAN_POINT('',(2.11941090507,-42.03711487402));
#2719 = CARTESIAN_POINT('',(2.106767306922,-41.32022355384));
#2720 = CARTESIAN_POINT('',(2.072186527416,-39.53945070553));
#2721 = CARTESIAN_POINT('',(2.048918337914,-38.49663090327));
#2722 = CARTESIAN_POINT('',(2.023355196715,-37.4913452342));
#2723 = CARTESIAN_POINT('',(1.995473316861,-36.52711338669));
#2724 = CARTESIAN_POINT('',(1.965215385546,-35.60998135097));
#2725 = CARTESIAN_POINT('',(1.932503953827,-34.74917986753));
#2726 = CARTESIAN_POINT('',(1.884857364085,-33.67994961988));
#2727 = CARTESIAN_POINT('',(1.872146762871,-33.41036672038));
#2728 = CARTESIAN_POINT('',(1.859114467032,-33.14991019925));
#2729 = CARTESIAN_POINT('',(1.845758728863,-32.89928145759));
#2730 = CARTESIAN_POINT('',(1.832077985345,-32.65923847268));
#2731 = CARTESIAN_POINT('',(1.818070740275,-32.43059657575));
#2732 = CARTESIAN_POINT('',(1.792118910481,-32.03889699931));
#2733 = CARTESIAN_POINT('',(1.780285335628,-31.87160068781));
#2734 = CARTESIAN_POINT('',(1.768241105313,-31.71292005179));
#2735 = CARTESIAN_POINT('',(1.755992663386,-31.56342031761));
#2736 = CARTESIAN_POINT('',(1.743546507075,-31.42365358356));
#2737 = CARTESIAN_POINT('',(1.730909179982,-31.29416022218));
#2738 = CARTESIAN_POINT('',(1.698032329677,-30.9898256973));
#2739 = CARTESIAN_POINT('',(1.677497556045,-30.83034952235));
#2740 = CARTESIAN_POINT('',(1.656574510618,-30.69983991596));
#2741 = CARTESIAN_POINT('',(1.635353600348,-30.60041253932));
#2742 = CARTESIAN_POINT('',(1.613924240197,-30.53352724707));
#2743 = CARTESIAN_POINT('',(1.592375370872,-30.5));
#2744 = CARTESIAN_POINT('',(1.556340667387,-30.5));
#2745 = CARTESIAN_POINT('',(1.541889480329,-30.51504588871));
#2746 = CARTESIAN_POINT('',(1.527473354016,-30.54511963797));
#2747 = CARTESIAN_POINT('',(1.513122624581,-30.59005212836));
#2748 = CARTESIAN_POINT('',(1.498867618384,-30.64952147301));
#2749 = CARTESIAN_POINT('',(1.4847388945,-30.72305134122));
#2750 = CARTESIAN_POINT('',(1.450549304423,-30.93584711023));
#2751 = CARTESIAN_POINT('',(1.430682613355,-31.08966714034));
#2752 = CARTESIAN_POINT('',(1.411200612406,-31.26980918162));
#2753 = CARTESIAN_POINT('',(1.392136330174,-31.4744763684));
#2754 = CARTESIAN_POINT('',(1.373522804827,-31.70172587037));
#2755 = CARTESIAN_POINT('',(1.355393043327,-31.94945723671));
#2756 = CARTESIAN_POINT('',(1.323323051632,-32.43367872678));
#2757 = CARTESIAN_POINT('',(1.30920011264,-32.66444048861));
#2758 = CARTESIAN_POINT('',(1.29540931643,-32.90678802472));
#2759 = CARTESIAN_POINT('',(1.281949091505,-33.15988603067));
#2760 = CARTESIAN_POINT('',(1.268817799026,-33.42295873207));
#2761 = CARTESIAN_POINT('',(1.256013609898,-33.6952890842));
#2762 = CARTESIAN_POINT('',(1.234307080688,-34.18394039188));
#2763 = CARTESIAN_POINT('',(1.225256085479,-34.39639463019));
#2764 = CARTESIAN_POINT('',(1.21637946751,-34.61334348183));
#2765 = CARTESIAN_POINT('',(1.207675383728,-34.83456944783));
#2766 = CARTESIAN_POINT('',(1.19914205446,-35.05987485526));
#2767 = CARTESIAN_POINT('',(1.190777741117,-35.2890819774));
#2768 = CARTESIAN_POINT('',(1.176299344535,-35.70054378516));
#2769 = CARTESIAN_POINT('',(1.170116231321,-35.88125209613));
#2770 = CARTESIAN_POINT('',(1.164030634522,-36.06408688431));
#2771 = CARTESIAN_POINT('',(1.158041869911,-36.2489817615));
#2772 = CARTESIAN_POINT('',(1.152149318779,-36.43587515386));
#2773 = CARTESIAN_POINT('',(1.146352427934,-36.62471030195));
#2774 = CARTESIAN_POINT('',(1.125366139946,-37.32671077771));
#2775 = CARTESIAN_POINT('',(1.11076244727,-37.8516671162));
#2776 = CARTESIAN_POINT('',(1.096833698711,-38.38920849616));
#2777 = CARTESIAN_POINT('',(1.08357637511,-38.93844947237));
#2778 = CARTESIAN_POINT('',(1.070989653844,-39.49868697003));
#2779 = CARTESIAN_POINT('',(1.059075691559,-40.06937232025));
#2780 = CARTESIAN_POINT('',(1.034484073784,-41.34036698291));
#2781 = CARTESIAN_POINT('',(1.022082730824,-42.04501152117));
#2782 = CARTESIAN_POINT('',(1.010658140305,-42.7626940951));
#2783 = CARTESIAN_POINT('',(1.000234281768,-43.49224915783));
#2784 = CARTESIAN_POINT('',(0.990836488883,-44.23265177033));
#2785 = CARTESIAN_POINT('',(0.982491173229,-44.98300055267));
#2786 = CARTESIAN_POINT('',(0.967553843612,-46.54446742383));
#2787 = CARTESIAN_POINT('',(0.961085286812,-47.35670866868));
#2788 = CARTESIAN_POINT('',(0.955864360283,-48.17704559117));
#2789 = CARTESIAN_POINT('',(0.951924559049,-49.00344370831));
#2790 = CARTESIAN_POINT('',(0.94928881704,-49.83397372301));
#2791 = CARTESIAN_POINT('',(0.947969741383,-50.66677196582));
#2792 = CARTESIAN_POINT('',(0.947969741383,-51.5));
#2793 = ( GEOMETRIC_REPRESENTATION_CONTEXT(2) 
PARAMETRIC_REPRESENTATION_CONTEXT() REPRESENTATION_CONTEXT('2D SPACE',''
  ) );
#2794 = PCURVE('',#2795,#2800);
#2795 = CYLINDRICAL_SURFACE('',#2796,21.);
#2796 = AXIS2_PLACEMENT_3D('',#2797,#2798,#2799);
#2797 = CARTESIAN_POINT('',(0.,-9.,210.));
#2798 = DIRECTION('',(0.,-1.,0.));
#2799 = DIRECTION('',(1.,0.,0.));
#2800 = DEFINITIONAL_REPRESENTATION('',(#2801),#2984);
#2801 = B_SPLINE_CURVE_WITH_KNOTS('',7,(#2802,#2803,#2804,#2805,#2806,
    #2807,#2808,#2809,#2810,#2811,#2812,#2813,#2814,#2815,#2816,#2817,
    #2818,#2819,#2820,#2821,#2822,#2823,#2824,#2825,#2826,#2827,#2828,
    #2829,#2830,#2831,#2832,#2833,#2834,#2835,#2836,#2837,#2838,#2839,
    #2840,#2841,#2842,#2843,#2844,#2845,#2846,#2847,#2848,#2849,#2850,
    #2851,#2852,#2853,#2854,#2855,#2856,#2857,#2858,#2859,#2860,#2861,
    #2862,#2863,#2864,#2865,#2866,#2867,#2868,#2869,#2870,#2871,#2872,
    #2873,#2874,#2875,#2876,#2877,#2878,#2879,#2880,#2881,#2882,#2883,
    #2884,#2885,#2886,#2887,#2888,#2889,#2890,#2891,#2892,#2893,#2894,
    #2895,#2896,#2897,#2898,#2899,#2900,#2901,#2902,#2903,#2904,#2905,
    #2906,#2907,#2908,#2909,#2910,#2911,#2912,#2913,#2914,#2915,#2916,
    #2917,#2918,#2919,#2920,#2921,#2922,#2923,#2924,#2925,#2926,#2927,
    #2928,#2929,#2930,#2931,#2932,#2933,#2934,#2935,#2936,#2937,#2938,
    #2939,#2940,#2941,#2942,#2943,#2944,#2945,#2946,#2947,#2948,#2949,
    #2950,#2951,#2952,#2953,#2954,#2955,#2956,#2957,#2958,#2959,#2960,
    #2961,#2962,#2963,#2964,#2965,#2966,#2967,#2968,#2969,#2970,#2971,
    #2972,#2973,#2974,#2975,#2976,#2977,#2978,#2979,#2980,#2981,#2982,
    #2983),.UNSPECIFIED.,.F.,.F.,(8,6,6,6,6,6,6,6,6,6,6,6,6,6,6,6,6,6,6,
    6,6,6,6,6,6,6,6,6,6,6,8),(0.,4.911899553736E-02,9.696920078518E-02,
    0.136545410253,0.151274861376,0.170462690522,0.196281641717,
    0.217203903697,0.249928704634,0.271850833106,0.303574595123,
    0.32961296596,0.348866070986,0.363619737227,0.403169822255,
    0.450182501001,0.4998238972,0.548939871019,0.596787132603,
    0.670320127296,0.696164058863,0.717106563561,0.749863026408,
    0.771806364983,0.803560820416,0.829624383955,0.848896116904,
    0.863664057825,0.903252408918,0.950310574046,1.),.UNSPECIFIED.);
#2802 = CARTESIAN_POINT('',(0.,-39.75961696557));
#2803 = CARTESIAN_POINT('',(3.925756424697E-02,-39.75961696557));
#2804 = CARTESIAN_POINT('',(7.849565360262E-02,-39.73249961208));
#2805 = CARTESIAN_POINT('',(0.117728047588,-39.67831274098));
#2806 = CARTESIAN_POINT('',(0.156966793711,-39.597617046));
#2807 = CARTESIAN_POINT('',(0.196221010481,-39.49148729089));
#2808 = CARTESIAN_POINT('',(0.235494620491,-39.36148363694));
#2809 = CARTESIAN_POINT('',(0.313056550183,-39.06162601156));
#2810 = CARTESIAN_POINT('',(0.351345704976,-38.89288213641));
#2811 = CARTESIAN_POINT('',(0.389701381744,-38.70498229626));
#2812 = CARTESIAN_POINT('',(0.428171384726,-38.49973769147));
#2813 = CARTESIAN_POINT('',(0.466801440162,-38.27912635007));
#2814 = CARTESIAN_POINT('',(0.505636115921,-38.04527448956));
#2815 = CARTESIAN_POINT('',(0.577045053497,-37.59794602549));
#2816 = CARTESIAN_POINT('',(0.609548921872,-37.38788644234));
#2817 = CARTESIAN_POINT('',(0.642277579734,-37.17140511878));
#2818 = CARTESIAN_POINT('',(0.675277379613,-36.94968026149));
#2819 = CARTESIAN_POINT('',(0.708595180655,-36.72395115419));
#2820 = CARTESIAN_POINT('',(0.742278838056,-36.49554211888));
#2821 = CARTESIAN_POINT('',(0.789068584749,-36.18041337114));
#2822 = CARTESIAN_POINT('',(0.801817934336,-36.09476142037));
#2823 = CARTESIAN_POINT('',(0.81462863214,-36.00900193264));
#2824 = CARTESIAN_POINT('',(0.82750362933,-35.92320869153));
#2825 = CARTESIAN_POINT('',(0.840445937366,-35.83745795642));
#2826 = CARTESIAN_POINT('',(0.853458628002,-35.75182846253));
#2827 = CARTESIAN_POINT('',(0.88359203137,-35.55511692931));
#2828 = CARTESIAN_POINT('',(0.900763907279,-35.44417675301));
#2829 = CARTESIAN_POINT('',(0.91806750772,-35.33376044153));
#2830 = CARTESIAN_POINT('',(0.935509746615,-35.22405807979));
#2831 = CARTESIAN_POINT('',(0.953097512538,-35.11527062498));
#2832 = CARTESIAN_POINT('',(0.970837776156,-35.00761024337));
#2833 = CARTESIAN_POINT('',(1.012823653231,-34.75825151666));
#2834 = CARTESIAN_POINT('',(1.037203403112,-34.61762010094));
#2835 = CARTESIAN_POINT('',(1.061889099819,-34.4799859809));
#2836 = CARTESIAN_POINT('',(1.08689284575,-34.34596596149));
#2837 = CARTESIAN_POINT('',(1.112227121384,-34.21621245934));
#2838 = CARTESIAN_POINT('',(1.137905213477,-34.09141189038));
#2839 = CARTESIAN_POINT('',(1.185040137928,-33.87574758501));
#2840 = CARTESIAN_POINT('',(1.20637688232,-33.78292305223));
#2841 = CARTESIAN_POINT('',(1.22794645219,-33.69425470514));
#2842 = CARTESIAN_POINT('',(1.249744376418,-33.61018225069));
#2843 = CARTESIAN_POINT('',(1.271767092273,-33.53113716473));
#2844 = CARTESIAN_POINT('',(1.29401190068,-33.45754000007));
#2845 = CARTESIAN_POINT('',(1.351614773006,-33.28384101231));
#2846 = CARTESIAN_POINT('',(1.387340868927,-33.19205865948));
#2847 = CARTESIAN_POINT('',(1.423530523681,-33.11644351077));
#2848 = CARTESIAN_POINT('',(1.460072149995,-33.05857397774));
#2849 = CARTESIAN_POINT('',(1.49686276718,-33.01955756196));
#2850 = CARTESIAN_POINT('',(1.533803679806,-33.));
#2851 = CARTESIAN_POINT('',(1.595577457208,-33.));
#2852 = CARTESIAN_POINT('',(1.620350924597,-33.00877648543));
#2853 = CARTESIAN_POINT('',(1.645080676425,-33.02632002691));
#2854 = CARTESIAN_POINT('',(1.669731072445,-33.052504511));
#2855 = CARTESIAN_POINT('',(1.694265933124,-33.08709006834));
#2856 = CARTESIAN_POINT('',(1.718647588076,-33.12972600175));
#2857 = CARTESIAN_POINT('',(1.777839141859,-33.25263881007));
#2858 = CARTESIAN_POINT('',(1.812399338716,-33.34114302585));
#2859 = CARTESIAN_POINT('',(1.846499588253,-33.4442292401));
#2860 = CARTESIAN_POINT('',(1.880118443169,-33.56051137155));
#2861 = CARTESIAN_POINT('',(1.913229433118,-33.68847617892));
#2862 = CARTESIAN_POINT('',(1.945800257791,-33.82650947545));
#2863 = CARTESIAN_POINT('',(2.004049734253,-34.09310378879));
#2864 = CARTESIAN_POINT('',(2.029943201275,-34.21904680492));
#2865 = CARTESIAN_POINT('',(2.055487038668,-34.35001862877));
#2866 = CARTESIAN_POINT('',(2.080694929287,-34.48531571781));
#2867 = CARTESIAN_POINT('',(2.105579724684,-34.6242698192));
#2868 = CARTESIAN_POINT('',(2.130153892894,-34.76624962393));
#2869 = CARTESIAN_POINT('',(2.172380005886,-35.01744309348));
#2870 = CARTESIAN_POINT('',(2.190169713768,-35.12556971506));
#2871 = CARTESIAN_POINT('',(2.207806325846,-35.23481687768));
#2872 = CARTESIAN_POINT('',(2.225296886316,-35.34497085123));
#2873 = CARTESIAN_POINT('',(2.24264835673,-35.4558292362));
#2874 = CARTESIAN_POINT('',(2.259867725125,-35.56720061642));
#2875 = CARTESIAN_POINT('',(2.290061556773,-35.76450274558));
#2876 = CARTESIAN_POINT('',(2.303087557795,-35.8502958709));
#2877 = CARTESIAN_POINT('',(2.316043262724,-35.93620221463));
#2878 = CARTESIAN_POINT('',(2.328931754637,-36.02214287153));
#2879 = CARTESIAN_POINT('',(2.341756055192,-36.10804140411));
#2880 = CARTESIAN_POINT('',(2.354519124628,-36.19382384263));
#2881 = CARTESIAN_POINT('',(2.401281392004,-36.50887238453));
#2882 = CARTESIAN_POINT('',(2.434926563107,-36.7370225332));
#2883 = CARTESIAN_POINT('',(2.468208482351,-36.96244153897));
#2884 = CARTESIAN_POINT('',(2.501174775233,-37.18380958513));
#2885 = CARTESIAN_POINT('',(2.533872072982,-37.39989096678));
#2886 = CARTESIAN_POINT('',(2.566346500072,-37.6095104272));
#2887 = CARTESIAN_POINT('',(2.63703597784,-38.05166696768));
#2888 = CARTESIAN_POINT('',(2.675188834822,-38.28113330633));
#2889 = CARTESIAN_POINT('',(2.713144824179,-38.49778839592));
#2890 = CARTESIAN_POINT('',(2.750946355696,-38.69961746874));
#2891 = CARTESIAN_POINT('',(2.788636915349,-38.88474358449));
#2892 = CARTESIAN_POINT('',(2.826261911268,-39.0514445811));
#2893 = CARTESIAN_POINT('',(2.903580141379,-39.3531088239));
#2894 = CARTESIAN_POINT('',(2.943274904214,-39.48578984905));
#2895 = CARTESIAN_POINT('',(2.982949120945,-39.59415041703));
#2896 = CARTESIAN_POINT('',(3.022606972287,-39.67656589368));
#2897 = CARTESIAN_POINT('',(3.062258078431,-39.73191633497));
#2898 = CARTESIAN_POINT('',(3.101915128153,-39.75961696557));
#2899 = CARTESIAN_POINT('',(3.180850217837,-39.75961696557));
#2900 = CARTESIAN_POINT('',(3.220088307192,-39.73249961208));
#2901 = CARTESIAN_POINT('',(3.259320701177,-39.67831274098));
#2902 = CARTESIAN_POINT('',(3.298559447301,-39.597617046));
#2903 = CARTESIAN_POINT('',(3.337813664071,-39.49148729089));
#2904 = CARTESIAN_POINT('',(3.377087274081,-39.36148363694));
#2905 = CARTESIAN_POINT('',(3.454649203773,-39.06162601156));
#2906 = CARTESIAN_POINT('',(3.492938358566,-38.89288213641));
#2907 = CARTESIAN_POINT('',(3.531294035333,-38.70498229626));
#2908 = CARTESIAN_POINT('',(3.569764038316,-38.49973769147));
#2909 = CARTESIAN_POINT('',(3.608394093751,-38.27912635007));
#2910 = CARTESIAN_POINT('',(3.64722876951,-38.04527448956));
#2911 = CARTESIAN_POINT('',(3.746376932258,-37.4241786315));
#2912 = CARTESIAN_POINT('',(3.806988145091,-37.02223975137));
#2913 = CARTESIAN_POINT('',(3.868497282254,-36.60169242518));
#2914 = CARTESIAN_POINT('',(3.931242463138,-36.16994232594));
#2915 = CARTESIAN_POINT('',(3.995562059652,-35.73540305706));
#2916 = CARTESIAN_POINT('',(4.061799275116,-35.30831422124));
#2917 = CARTESIAN_POINT('',(4.154416306821,-34.75825151666));
#2918 = CARTESIAN_POINT('',(4.178796056701,-34.61762010094));
#2919 = CARTESIAN_POINT('',(4.203481753409,-34.4799859809));
#2920 = CARTESIAN_POINT('',(4.228485499339,-34.34596596149));
#2921 = CARTESIAN_POINT('',(4.253819774974,-34.21621245934));
#2922 = CARTESIAN_POINT('',(4.279497867067,-34.09141189038));
#2923 = CARTESIAN_POINT('',(4.326632791513,-33.87574758504));
#2924 = CARTESIAN_POINT('',(4.34796953591,-33.78292305222));
#2925 = CARTESIAN_POINT('',(4.369539105784,-33.69425470512));
#2926 = CARTESIAN_POINT('',(4.391337030013,-33.61018225068));
#2927 = CARTESIAN_POINT('',(4.413359745861,-33.53113716474));
#2928 = CARTESIAN_POINT('',(4.435604554264,-33.45754000009));
#2929 = CARTESIAN_POINT('',(4.493207426596,-33.28384101231));
#2930 = CARTESIAN_POINT('',(4.528933522517,-33.19205865948));
#2931 = CARTESIAN_POINT('',(4.565123177271,-33.11644351077));
#2932 = CARTESIAN_POINT('',(4.601664803585,-33.05857397774));
#2933 = CARTESIAN_POINT('',(4.63845542077,-33.01955756196));
#2934 = CARTESIAN_POINT('',(4.675396333396,-33.));
#2935 = CARTESIAN_POINT('',(4.737170110798,-33.));
#2936 = CARTESIAN_POINT('',(4.761943578186,-33.00877648543));
#2937 = CARTESIAN_POINT('',(4.786673330015,-33.02632002691));
#2938 = CARTESIAN_POINT('',(4.811323726035,-33.052504511));
#2939 = CARTESIAN_POINT('',(4.835858586714,-33.08709006834));
#2940 = CARTESIAN_POINT('',(4.860240241667,-33.12972600176));
#2941 = CARTESIAN_POINT('',(4.919431795483,-33.25263881014));
#2942 = CARTESIAN_POINT('',(4.953991992314,-33.3411430259));
#2943 = CARTESIAN_POINT('',(4.98809224182,-33.44422924005));
#2944 = CARTESIAN_POINT('',(5.021711096733,-33.56051137144));
#2945 = CARTESIAN_POINT('',(5.054822086707,-33.68847617889));
#2946 = CARTESIAN_POINT('',(5.087392911409,-33.82650947558));
#2947 = CARTESIAN_POINT('',(5.145642387842,-34.09310378879));
#2948 = CARTESIAN_POINT('',(5.171535854865,-34.21904680492));
#2949 = CARTESIAN_POINT('',(5.197079692258,-34.35001862877));
#2950 = CARTESIAN_POINT('',(5.222287582877,-34.48531571781));
#2951 = CARTESIAN_POINT('',(5.247172378274,-34.6242698192));
#2952 = CARTESIAN_POINT('',(5.271746546483,-34.76624962393));
#2953 = CARTESIAN_POINT('',(5.313972659585,-35.01744309413));
#2954 = CARTESIAN_POINT('',(5.331762367369,-35.12556971514));
#2955 = CARTESIAN_POINT('',(5.349398979349,-35.23481687716));
#2956 = CARTESIAN_POINT('',(5.366889539823,-35.34497085069));
#2957 = CARTESIAN_POINT('',(5.384241010333,-35.45582923627));
#2958 = CARTESIAN_POINT('',(5.401460378818,-35.56720061709));
#2959 = CARTESIAN_POINT('',(5.431654210362,-35.76450274558));
#2960 = CARTESIAN_POINT('',(5.444680211385,-35.8502958709));
#2961 = CARTESIAN_POINT('',(5.457635916314,-35.93620221463));
#2962 = CARTESIAN_POINT('',(5.470524408226,-36.02214287153));
#2963 = CARTESIAN_POINT('',(5.483348708781,-36.10804140411));
#2964 = CARTESIAN_POINT('',(5.496111778218,-36.19382384263));
#2965 = CARTESIAN_POINT('',(5.542874045594,-36.50887238453));
#2966 = CARTESIAN_POINT('',(5.576519216697,-36.7370225332));
#2967 = CARTESIAN_POINT('',(5.609801135941,-36.96244153897));
#2968 = CARTESIAN_POINT('',(5.642767428823,-37.18380958513));
#2969 = CARTESIAN_POINT('',(5.675464726572,-37.39989096678));
#2970 = CARTESIAN_POINT('',(5.707939153662,-37.6095104272));
#2971 = CARTESIAN_POINT('',(5.77862863143,-38.05166696768));
#2972 = CARTESIAN_POINT('',(5.816781488412,-38.28113330633));
#2973 = CARTESIAN_POINT('',(5.854737477769,-38.49778839592));
#2974 = CARTESIAN_POINT('',(5.892539009285,-38.69961746874));
#2975 = CARTESIAN_POINT('',(5.930229568939,-38.88474358449));
#2976 = CARTESIAN_POINT('',(5.967854564858,-39.0514445811));
#2977 = CARTESIAN_POINT('',(6.045172794969,-39.3531088239));
#2978 = CARTESIAN_POINT('',(6.084867557804,-39.48578984905));
#2979 = CARTESIAN_POINT('',(6.124541774535,-39.59415041703));
#2980 = CARTESIAN_POINT('',(6.164199625877,-39.67656589368));
#2981 = CARTESIAN_POINT('',(6.203850732021,-39.73191633497));
#2982 = CARTESIAN_POINT('',(6.243507781743,-39.75961696557));
#2983 = CARTESIAN_POINT('',(6.28318530718,-39.75961696557));
#2984 = ( GEOMETRIC_REPRESENTATION_CONTEXT(2) 
PARAMETRIC_REPRESENTATION_CONTEXT() REPRESENTATION_CONTEXT('2D SPACE',''
  ) );
#2985 = FACE_BOUND('',#2986,.F.);
#2986 = EDGE_LOOP('',(#2987,#3016));
#2987 = ORIENTED_EDGE('',*,*,#2988,.F.);
#2988 = EDGE_CURVE('',#2989,#2991,#2993,.T.);
#2989 = VERTEX_POINT('',#2990);
#2990 = CARTESIAN_POINT('',(-35.98610843089,61.,211.));
#2991 = VERTEX_POINT('',#2992);
#2992 = CARTESIAN_POINT('',(-35.98610843089,61.,209.));
#2993 = SURFACE_CURVE('',#2994,(#2998,#3004),.PCURVE_S1.);
#2994 = LINE('',#2995,#2996);
#2995 = CARTESIAN_POINT('',(-35.98610843089,61.,158.5));
#2996 = VECTOR('',#2997,1.);
#2997 = DIRECTION('',(-0.,-0.,-1.));
#2998 = PCURVE('',#1127,#2999);
#2999 = DEFINITIONAL_REPRESENTATION('',(#3000),#3003);
#3000 = B_SPLINE_CURVE_WITH_KNOTS('',1,(#3001,#3002),.UNSPECIFIED.,.F.,
  .F.,(2,2),(-88.0000006,-8.3),.PIECEWISE_BEZIER_KNOTS.);
#3001 = CARTESIAN_POINT('',(3.169374004854,-88.0000006));
#3002 = CARTESIAN_POINT('',(3.169374004854,-8.3));
#3003 = ( GEOMETRIC_REPRESENTATION_CONTEXT(2) 
PARAMETRIC_REPRESENTATION_CONTEXT() REPRESENTATION_CONTEXT('2D SPACE',''
  ) );
#3004 = PCURVE('',#3005,#3010);
#3005 = PLANE('',#3006);
#3006 = AXIS2_PLACEMENT_3D('',#3007,#3008,#3009);
#3007 = CARTESIAN_POINT('',(0.,61.,210.));
#3008 = DIRECTION('',(0.,1.,0.));
#3009 = DIRECTION('',(0.,0.,1.));
#3010 = DEFINITIONAL_REPRESENTATION('',(#3011),#3015);
#3011 = LINE('',#3012,#3013);
#3012 = CARTESIAN_POINT('',(-51.5,-35.98610843089));
#3013 = VECTOR('',#3014,1.);
#3014 = DIRECTION('',(-1.,0.));
#3015 = ( GEOMETRIC_REPRESENTATION_CONTEXT(2) 
PARAMETRIC_REPRESENTATION_CONTEXT() REPRESENTATION_CONTEXT('2D SPACE',''
  ) );
#3016 = ORIENTED_EDGE('',*,*,#3017,.T.);
#3017 = EDGE_CURVE('',#2989,#2991,#3018,.T.);
#3018 = SURFACE_CURVE('',#3019,(#3025,#3034),.PCURVE_S1.);
#3019 = B_SPLINE_CURVE_WITH_KNOTS('',4,(#3020,#3021,#3022,#3023,#3024),
  .UNSPECIFIED.,.F.,.F.,(5,5),(0.,1.),.PIECEWISE_BEZIER_KNOTS.);
#3020 = CARTESIAN_POINT('',(-35.98610843089,61.,211.));
#3021 = CARTESIAN_POINT('',(-35.98667562634,60.979588842838,
    210.50037037033));
#3022 = CARTESIAN_POINT('',(-35.98685123338,60.97271236489,210.));
#3023 = CARTESIAN_POINT('',(-35.98667562634,60.979588842838,
    209.49962962966));
#3024 = CARTESIAN_POINT('',(-35.98610843089,61.,209.));
#3025 = PCURVE('',#1127,#3026);
#3026 = DEFINITIONAL_REPRESENTATION('',(#3027),#3033);
#3027 = B_SPLINE_CURVE_WITH_KNOTS('',4,(#3028,#3029,#3030,#3031,#3032),
  .UNSPECIFIED.,.F.,.F.,(5,5),(0.,1.),.PIECEWISE_BEZIER_KNOTS.);
#3028 = CARTESIAN_POINT('',(3.169374004854,-52.5));
#3029 = CARTESIAN_POINT('',(3.168806809399,-52.00037037033));
#3030 = CARTESIAN_POINT('',(3.168615734267,-51.5));
#3031 = CARTESIAN_POINT('',(3.168806809399,-50.99962962966));
#3032 = CARTESIAN_POINT('',(3.169374004854,-50.5));
#3033 = ( GEOMETRIC_REPRESENTATION_CONTEXT(2) 
PARAMETRIC_REPRESENTATION_CONTEXT() REPRESENTATION_CONTEXT('2D SPACE',''
  ) );
#3034 = PCURVE('',#3035,#3040);
#3035 = CONICAL_SURFACE('',#3036,21.,0.577901936962);
#3036 = AXIS2_PLACEMENT_3D('',#3037,#3038,#3039);
#3037 = CARTESIAN_POINT('',(0.,38.,210.));
#3038 = DIRECTION('',(0.,1.,0.));
#3039 = DIRECTION('',(0.,0.,1.));
#3040 = DEFINITIONAL_REPRESENTATION('',(#3041),#3047);
#3041 = B_SPLINE_CURVE_WITH_KNOTS('',4,(#3042,#3043,#3044,#3045,#3046),
  .UNSPECIFIED.,.F.,.F.,(5,5),(0.,1.),.PIECEWISE_BEZIER_KNOTS.);
#3042 = CARTESIAN_POINT('',(4.740170331649,23.));
#3043 = CARTESIAN_POINT('',(4.726296648605,22.979588842838));
#3044 = CARTESIAN_POINT('',(4.712388980385,22.97271236489));
#3045 = CARTESIAN_POINT('',(4.698481312164,22.979588842838));
#3046 = CARTESIAN_POINT('',(4.684607629121,23.));
#3047 = ( GEOMETRIC_REPRESENTATION_CONTEXT(2) 
PARAMETRIC_REPRESENTATION_CONTEXT() REPRESENTATION_CONTEXT('2D SPACE',''
  ) );
#3048 = FACE_BOUND('',#3049,.F.);
#3049 = EDGE_LOOP('',(#3050,#3079));
#3050 = ORIENTED_EDGE('',*,*,#3051,.T.);
#3051 = EDGE_CURVE('',#3052,#3054,#3056,.T.);
#3052 = VERTEX_POINT('',#3053);
#3053 = CARTESIAN_POINT('',(35.986108430893,61.,211.));
#3054 = VERTEX_POINT('',#3055);
#3055 = CARTESIAN_POINT('',(35.986108430893,61.,209.));
#3056 = SURFACE_CURVE('',#3057,(#3061,#3067),.PCURVE_S1.);
#3057 = LINE('',#3058,#3059);
#3058 = CARTESIAN_POINT('',(35.986108430893,61.,158.5));
#3059 = VECTOR('',#3060,1.);
#3060 = DIRECTION('',(-0.,-0.,-1.));
#3061 = PCURVE('',#1127,#3062);
#3062 = DEFINITIONAL_REPRESENTATION('',(#3063),#3066);
#3063 = B_SPLINE_CURVE_WITH_KNOTS('',1,(#3064,#3065),.UNSPECIFIED.,.F.,
  .F.,(2,2),(-88.0000006,-8.3),.PIECEWISE_BEZIER_KNOTS.);
#3064 = CARTESIAN_POINT('',(6.255403955916,-88.0000006));
#3065 = CARTESIAN_POINT('',(6.255403955916,-8.3));
#3066 = ( GEOMETRIC_REPRESENTATION_CONTEXT(2) 
PARAMETRIC_REPRESENTATION_CONTEXT() REPRESENTATION_CONTEXT('2D SPACE',''
  ) );
#3067 = PCURVE('',#3068,#3073);
#3068 = PLANE('',#3069);
#3069 = AXIS2_PLACEMENT_3D('',#3070,#3071,#3072);
#3070 = CARTESIAN_POINT('',(0.,61.,210.));
#3071 = DIRECTION('',(0.,1.,0.));
#3072 = DIRECTION('',(0.,0.,1.));
#3073 = DEFINITIONAL_REPRESENTATION('',(#3074),#3078);
#3074 = LINE('',#3075,#3076);
#3075 = CARTESIAN_POINT('',(-51.5,35.986108430893));
#3076 = VECTOR('',#3077,1.);
#3077 = DIRECTION('',(-1.,0.));
#3078 = ( GEOMETRIC_REPRESENTATION_CONTEXT(2) 
PARAMETRIC_REPRESENTATION_CONTEXT() REPRESENTATION_CONTEXT('2D SPACE',''
  ) );
#3079 = ORIENTED_EDGE('',*,*,#3080,.T.);
#3080 = EDGE_CURVE('',#3054,#3052,#3081,.T.);
#3081 = SURFACE_CURVE('',#3082,(#3089,#3099),.PCURVE_S1.);
#3082 = B_SPLINE_CURVE_WITH_KNOTS('',5,(#3083,#3084,#3085,#3086,#3087,
    #3088),.UNSPECIFIED.,.F.,.F.,(6,6),(0.,1.),
  .PIECEWISE_BEZIER_KNOTS.);
#3083 = CARTESIAN_POINT('',(35.986108430893,61.,208.99999999999));
#3084 = CARTESIAN_POINT('',(35.986562197586,60.983670702588,
    209.39971280186));
#3085 = CARTESIAN_POINT('',(35.986780969416,60.975464037001,
    209.79983497825));
#3086 = CARTESIAN_POINT('',(35.986780936671,60.975464065042,
    210.20007693313));
#3087 = CARTESIAN_POINT('',(35.986562300439,60.98366700131,
    210.60019659729));
#3088 = CARTESIAN_POINT('',(35.986108430893,61.,211.));
#3089 = PCURVE('',#1127,#3090);
#3090 = DEFINITIONAL_REPRESENTATION('',(#3091),#3098);
#3091 = B_SPLINE_CURVE_WITH_KNOTS('',5,(#3092,#3093,#3094,#3095,#3096,
    #3097),.UNSPECIFIED.,.F.,.F.,(6,6),(0.,1.),
  .PIECEWISE_BEZIER_KNOTS.);
#3092 = CARTESIAN_POINT('',(6.255403955916,-50.49999999999));
#3093 = CARTESIAN_POINT('',(6.255857722609,-50.89971280186));
#3094 = CARTESIAN_POINT('',(6.256085766402,-51.29983497825));
#3095 = CARTESIAN_POINT('',(6.256085765661,-51.70007693313));
#3096 = CARTESIAN_POINT('',(6.255857825462,-52.10019659729));
#3097 = CARTESIAN_POINT('',(6.255403955916,-52.5));
#3098 = ( GEOMETRIC_REPRESENTATION_CONTEXT(2) 
PARAMETRIC_REPRESENTATION_CONTEXT() REPRESENTATION_CONTEXT('2D SPACE',''
  ) );
#3099 = PCURVE('',#3100,#3105);
#3100 = CONICAL_SURFACE('',#3101,21.,0.577901936962);
#3101 = AXIS2_PLACEMENT_3D('',#3102,#3103,#3104);
#3102 = CARTESIAN_POINT('',(0.,38.,210.));
#3103 = DIRECTION('',(0.,1.,0.));
#3104 = DIRECTION('',(0.,0.,1.));
#3105 = DEFINITIONAL_REPRESENTATION('',(#3106),#3113);
#3106 = B_SPLINE_CURVE_WITH_KNOTS('',5,(#3107,#3108,#3109,#3110,#3111,
    #3112),.UNSPECIFIED.,.F.,.F.,(6,6),(0.,1.),
  .PIECEWISE_BEZIER_KNOTS.);
#3107 = CARTESIAN_POINT('',(1.598577678059,23.));
#3108 = CARTESIAN_POINT('',(1.587478478988,22.983670702588));
#3109 = CARTESIAN_POINT('',(1.576359885498,22.975464037001));
#3110 = CARTESIAN_POINT('',(1.565235216754,22.975464065042));
#3111 = CARTESIAN_POINT('',(1.5541166904,22.98366700131));
#3112 = CARTESIAN_POINT('',(1.543014975531,23.));
#3113 = ( GEOMETRIC_REPRESENTATION_CONTEXT(2) 
PARAMETRIC_REPRESENTATION_CONTEXT() REPRESENTATION_CONTEXT('2D SPACE',''
  ) );
#3114 = ADVANCED_FACE('',(#3115),#1159,.F.);
#3115 = FACE_BOUND('',#3116,.F.);
#3116 = EDGE_LOOP('',(#3117,#3118,#3119,#3120));
#3117 = ORIENTED_EDGE('',*,*,#1171,.T.);
#3118 = ORIENTED_EDGE('',*,*,#1142,.T.);
#3119 = ORIENTED_EDGE('',*,*,#1217,.F.);
#3120 = ORIENTED_EDGE('',*,*,#1195,.F.);
#3121 = ADVANCED_FACE('',(#3122,#3125),#1259,.T.);
#3122 = FACE_BOUND('',#3123,.T.);
#3123 = EDGE_LOOP('',(#3124));
#3124 = ORIENTED_EDGE('',*,*,#1242,.T.);
#3125 = FACE_BOUND('',#3126,.T.);
#3126 = EDGE_LOOP('',(#3127));
#3127 = ORIENTED_EDGE('',*,*,#2392,.T.);
#3128 = ADVANCED_FACE('',(#3129),#1313,.T.);
#3129 = FACE_BOUND('',#3130,.T.);
#3130 = EDGE_LOOP('',(#3131,#3161,#3182,#3183));
#3131 = ORIENTED_EDGE('',*,*,#3132,.F.);
#3132 = EDGE_CURVE('',#3133,#3135,#3137,.T.);
#3133 = VERTEX_POINT('',#3134);
#3134 = CARTESIAN_POINT('',(-4.,102.2,241.));
#3135 = VERTEX_POINT('',#3136);
#3136 = CARTESIAN_POINT('',(-4.,102.2,244.5));
#3137 = SURFACE_CURVE('',#3138,(#3142,#3149),.PCURVE_S1.);
#3138 = LINE('',#3139,#3140);
#3139 = CARTESIAN_POINT('',(-4.,102.2,240.5));
#3140 = VECTOR('',#3141,1.);
#3141 = DIRECTION('',(0.,0.,1.));
#3142 = PCURVE('',#1313,#3143);
#3143 = DEFINITIONAL_REPRESENTATION('',(#3144),#3148);
#3144 = LINE('',#3145,#3146);
#3145 = CARTESIAN_POINT('',(0.,3.7));
#3146 = VECTOR('',#3147,1.);
#3147 = DIRECTION('',(1.,0.));
#3148 = ( GEOMETRIC_REPRESENTATION_CONTEXT(2) 
PARAMETRIC_REPRESENTATION_CONTEXT() REPRESENTATION_CONTEXT('2D SPACE',''
  ) );
#3149 = PCURVE('',#3150,#3155);
#3150 = PLANE('',#3151);
#3151 = AXIS2_PLACEMENT_3D('',#3152,#3153,#3154);
#3152 = CARTESIAN_POINT('',(4.,102.2,240.5));
#3153 = DIRECTION('',(1.110223024625E-16,1.,0.));
#3154 = DIRECTION('',(0.,0.,1.));
#3155 = DEFINITIONAL_REPRESENTATION('',(#3156),#3160);
#3156 = LINE('',#3157,#3158);
#3157 = CARTESIAN_POINT('',(0.,-8.));
#3158 = VECTOR('',#3159,1.);
#3159 = DIRECTION('',(1.,0.));
#3160 = ( GEOMETRIC_REPRESENTATION_CONTEXT(2) 
PARAMETRIC_REPRESENTATION_CONTEXT() REPRESENTATION_CONTEXT('2D SPACE',''
  ) );
#3161 = ORIENTED_EDGE('',*,*,#3162,.F.);
#3162 = EDGE_CURVE('',#1299,#3133,#3163,.T.);
#3163 = SURFACE_CURVE('',#3164,(#3168,#3175),.PCURVE_S1.);
#3164 = LINE('',#3165,#3166);
#3165 = CARTESIAN_POINT('',(-4.,98.5,241.));
#3166 = VECTOR('',#3167,1.);
#3167 = DIRECTION('',(1.110223024625E-16,1.,0.));
#3168 = PCURVE('',#1313,#3169);
#3169 = DEFINITIONAL_REPRESENTATION('',(#3170),#3174);
#3170 = LINE('',#3171,#3172);
#3171 = CARTESIAN_POINT('',(0.5,0.));
#3172 = VECTOR('',#3173,1.);
#3173 = DIRECTION('',(0.,1.));
#3174 = ( GEOMETRIC_REPRESENTATION_CONTEXT(2) 
PARAMETRIC_REPRESENTATION_CONTEXT() REPRESENTATION_CONTEXT('2D SPACE',''
  ) );
#3175 = PCURVE('',#1345,#3176);
#3176 = DEFINITIONAL_REPRESENTATION('',(#3177),#3181);
#3177 = LINE('',#3178,#3179);
#3178 = CARTESIAN_POINT('',(2.775557561562E-17,-0.353553390593));
#3179 = VECTOR('',#3180,1.);
#3180 = DIRECTION('',(-1.,1.232595164408E-32));
#3181 = ( GEOMETRIC_REPRESENTATION_CONTEXT(2) 
PARAMETRIC_REPRESENTATION_CONTEXT() REPRESENTATION_CONTEXT('2D SPACE',''
  ) );
#3182 = ORIENTED_EDGE('',*,*,#1296,.F.);
#3183 = ORIENTED_EDGE('',*,*,#3184,.T.);
#3184 = EDGE_CURVE('',#1297,#3135,#3185,.T.);
#3185 = SURFACE_CURVE('',#3186,(#3190,#3197),.PCURVE_S1.);
#3186 = LINE('',#3187,#3188);
#3187 = CARTESIAN_POINT('',(-4.,98.5,244.5));
#3188 = VECTOR('',#3189,1.);
#3189 = DIRECTION('',(1.110223024625E-16,1.,0.));
#3190 = PCURVE('',#1313,#3191);
#3191 = DEFINITIONAL_REPRESENTATION('',(#3192),#3196);
#3192 = LINE('',#3193,#3194);
#3193 = CARTESIAN_POINT('',(4.,0.));
#3194 = VECTOR('',#3195,1.);
#3195 = DIRECTION('',(0.,1.));
#3196 = ( GEOMETRIC_REPRESENTATION_CONTEXT(2) 
PARAMETRIC_REPRESENTATION_CONTEXT() REPRESENTATION_CONTEXT('2D SPACE',''
  ) );
#3197 = PCURVE('',#1464,#3198);
#3198 = DEFINITIONAL_REPRESENTATION('',(#3199),#3203);
#3199 = LINE('',#3200,#3201);
#3200 = CARTESIAN_POINT('',(-8.881784197E-16,8.));
#3201 = VECTOR('',#3202,1.);
#3202 = DIRECTION('',(1.,0.));
#3203 = ( GEOMETRIC_REPRESENTATION_CONTEXT(2) 
PARAMETRIC_REPRESENTATION_CONTEXT() REPRESENTATION_CONTEXT('2D SPACE',''
  ) );
#3204 = ADVANCED_FACE('',(#3205),#1345,.F.);
#3205 = FACE_BOUND('',#3206,.T.);
#3206 = EDGE_LOOP('',(#3207,#3208,#3209,#3232));
#3207 = ORIENTED_EDGE('',*,*,#1325,.T.);
#3208 = ORIENTED_EDGE('',*,*,#3162,.T.);
#3209 = ORIENTED_EDGE('',*,*,#3210,.T.);
#3210 = EDGE_CURVE('',#3133,#3211,#3213,.T.);
#3211 = VERTEX_POINT('',#3212);
#3212 = CARTESIAN_POINT('',(-3.5,102.2,240.5));
#3213 = SURFACE_CURVE('',#3214,(#3218,#3225),.PCURVE_S1.);
#3214 = LINE('',#3215,#3216);
#3215 = CARTESIAN_POINT('',(-1.75,102.2,238.75));
#3216 = VECTOR('',#3217,1.);
#3217 = DIRECTION('',(0.707106781187,-7.850462293414E-17,-0.707106781187
    ));
#3218 = PCURVE('',#1345,#3219);
#3219 = DEFINITIONAL_REPRESENTATION('',(#3220),#3224);
#3220 = LINE('',#3221,#3222);
#3221 = CARTESIAN_POINT('',(-3.7,2.828427124746));
#3222 = VECTOR('',#3223,1.);
#3223 = DIRECTION('',(-3.789741647778E-29,1.));
#3224 = ( GEOMETRIC_REPRESENTATION_CONTEXT(2) 
PARAMETRIC_REPRESENTATION_CONTEXT() REPRESENTATION_CONTEXT('2D SPACE',''
  ) );
#3225 = PCURVE('',#3150,#3226);
#3226 = DEFINITIONAL_REPRESENTATION('',(#3227),#3231);
#3227 = LINE('',#3228,#3229);
#3228 = CARTESIAN_POINT('',(-1.75,-5.75));
#3229 = VECTOR('',#3230,1.);
#3230 = DIRECTION('',(-0.707106781187,0.707106781187));
#3231 = ( GEOMETRIC_REPRESENTATION_CONTEXT(2) 
PARAMETRIC_REPRESENTATION_CONTEXT() REPRESENTATION_CONTEXT('2D SPACE',''
  ) );
#3232 = ORIENTED_EDGE('',*,*,#3233,.F.);
#3233 = EDGE_CURVE('',#1326,#3211,#3234,.T.);
#3234 = SURFACE_CURVE('',#3235,(#3239,#3246),.PCURVE_S1.);
#3235 = LINE('',#3236,#3237);
#3236 = CARTESIAN_POINT('',(-3.5,98.5,240.5));
#3237 = VECTOR('',#3238,1.);
#3238 = DIRECTION('',(1.110223024625E-16,1.,0.));
#3239 = PCURVE('',#1345,#3240);
#3240 = DEFINITIONAL_REPRESENTATION('',(#3241),#3245);
#3241 = LINE('',#3242,#3243);
#3242 = CARTESIAN_POINT('',(-2.775557561562E-17,0.353553390593));
#3243 = VECTOR('',#3244,1.);
#3244 = DIRECTION('',(-1.,1.232595164408E-32));
#3245 = ( GEOMETRIC_REPRESENTATION_CONTEXT(2) 
PARAMETRIC_REPRESENTATION_CONTEXT() REPRESENTATION_CONTEXT('2D SPACE',''
  ) );
#3246 = PCURVE('',#1374,#3247);
#3247 = DEFINITIONAL_REPRESENTATION('',(#3248),#3252);
#3248 = LINE('',#3249,#3250);
#3249 = CARTESIAN_POINT('',(-8.326672684687E-16,7.5));
#3250 = VECTOR('',#3251,1.);
#3251 = DIRECTION('',(1.,0.));
#3252 = ( GEOMETRIC_REPRESENTATION_CONTEXT(2) 
PARAMETRIC_REPRESENTATION_CONTEXT() REPRESENTATION_CONTEXT('2D SPACE',''
  ) );
#3253 = ADVANCED_FACE('',(#3254),#1374,.F.);
#3254 = FACE_BOUND('',#3255,.F.);
#3255 = EDGE_LOOP('',(#3256,#3257,#3280,#3301));
#3256 = ORIENTED_EDGE('',*,*,#1357,.T.);
#3257 = ORIENTED_EDGE('',*,*,#3258,.T.);
#3258 = EDGE_CURVE('',#1358,#3259,#3261,.T.);
#3259 = VERTEX_POINT('',#3260);
#3260 = CARTESIAN_POINT('',(3.5,102.2,240.5));
#3261 = SURFACE_CURVE('',#3262,(#3266,#3273),.PCURVE_S1.);
#3262 = LINE('',#3263,#3264);
#3263 = CARTESIAN_POINT('',(3.5,98.5,240.5));
#3264 = VECTOR('',#3265,1.);
#3265 = DIRECTION('',(1.110223024625E-16,1.,0.));
#3266 = PCURVE('',#1374,#3267);
#3267 = DEFINITIONAL_REPRESENTATION('',(#3268),#3272);
#3268 = LINE('',#3269,#3270);
#3269 = CARTESIAN_POINT('',(-5.551115123125E-17,0.5));
#3270 = VECTOR('',#3271,1.);
#3271 = DIRECTION('',(1.,0.));
#3272 = ( GEOMETRIC_REPRESENTATION_CONTEXT(2) 
PARAMETRIC_REPRESENTATION_CONTEXT() REPRESENTATION_CONTEXT('2D SPACE',''
  ) );
#3273 = PCURVE('',#1410,#3274);
#3274 = DEFINITIONAL_REPRESENTATION('',(#3275),#3279);
#3275 = LINE('',#3276,#3277);
#3276 = CARTESIAN_POINT('',(2.775557561562E-17,0.353553390593));
#3277 = VECTOR('',#3278,1.);
#3278 = DIRECTION('',(-1.,-1.232595164408E-32));
#3279 = ( GEOMETRIC_REPRESENTATION_CONTEXT(2) 
PARAMETRIC_REPRESENTATION_CONTEXT() REPRESENTATION_CONTEXT('2D SPACE',''
  ) );
#3280 = ORIENTED_EDGE('',*,*,#3281,.T.);
#3281 = EDGE_CURVE('',#3259,#3211,#3282,.T.);
#3282 = SURFACE_CURVE('',#3283,(#3287,#3294),.PCURVE_S1.);
#3283 = LINE('',#3284,#3285);
#3284 = CARTESIAN_POINT('',(4.,102.2,240.5));
#3285 = VECTOR('',#3286,1.);
#3286 = DIRECTION('',(-1.,1.110223024625E-16,0.));
#3287 = PCURVE('',#1374,#3288);
#3288 = DEFINITIONAL_REPRESENTATION('',(#3289),#3293);
#3289 = LINE('',#3290,#3291);
#3290 = CARTESIAN_POINT('',(3.7,4.107825191113E-16));
#3291 = VECTOR('',#3292,1.);
#3292 = DIRECTION('',(0.,1.));
#3293 = ( GEOMETRIC_REPRESENTATION_CONTEXT(2) 
PARAMETRIC_REPRESENTATION_CONTEXT() REPRESENTATION_CONTEXT('2D SPACE',''
  ) );
#3294 = PCURVE('',#3150,#3295);
#3295 = DEFINITIONAL_REPRESENTATION('',(#3296),#3300);
#3296 = LINE('',#3297,#3298);
#3297 = CARTESIAN_POINT('',(0.,0.));
#3298 = VECTOR('',#3299,1.);
#3299 = DIRECTION('',(0.,-1.));
#3300 = ( GEOMETRIC_REPRESENTATION_CONTEXT(2) 
PARAMETRIC_REPRESENTATION_CONTEXT() REPRESENTATION_CONTEXT('2D SPACE',''
  ) );
#3301 = ORIENTED_EDGE('',*,*,#3233,.F.);
#3302 = ADVANCED_FACE('',(#3303),#1410,.T.);
#3303 = FACE_BOUND('',#3304,.F.);
#3304 = EDGE_LOOP('',(#3305,#3306,#3329,#3350));
#3305 = ORIENTED_EDGE('',*,*,#1390,.T.);
#3306 = ORIENTED_EDGE('',*,*,#3307,.T.);
#3307 = EDGE_CURVE('',#1391,#3308,#3310,.T.);
#3308 = VERTEX_POINT('',#3309);
#3309 = CARTESIAN_POINT('',(4.,102.2,241.));
#3310 = SURFACE_CURVE('',#3311,(#3315,#3322),.PCURVE_S1.);
#3311 = LINE('',#3312,#3313);
#3312 = CARTESIAN_POINT('',(4.,98.5,241.));
#3313 = VECTOR('',#3314,1.);
#3314 = DIRECTION('',(1.110223024625E-16,1.,0.));
#3315 = PCURVE('',#1410,#3316);
#3316 = DEFINITIONAL_REPRESENTATION('',(#3317),#3321);
#3317 = LINE('',#3318,#3319);
#3318 = CARTESIAN_POINT('',(-2.775557561562E-17,-0.353553390593));
#3319 = VECTOR('',#3320,1.);
#3320 = DIRECTION('',(-1.,-1.232595164408E-32));
#3321 = ( GEOMETRIC_REPRESENTATION_CONTEXT(2) 
PARAMETRIC_REPRESENTATION_CONTEXT() REPRESENTATION_CONTEXT('2D SPACE',''
  ) );
#3322 = PCURVE('',#1437,#3323);
#3323 = DEFINITIONAL_REPRESENTATION('',(#3324),#3328);
#3324 = LINE('',#3325,#3326);
#3325 = CARTESIAN_POINT('',(0.5,0.));
#3326 = VECTOR('',#3327,1.);
#3327 = DIRECTION('',(0.,1.));
#3328 = ( GEOMETRIC_REPRESENTATION_CONTEXT(2) 
PARAMETRIC_REPRESENTATION_CONTEXT() REPRESENTATION_CONTEXT('2D SPACE',''
  ) );
#3329 = ORIENTED_EDGE('',*,*,#3330,.T.);
#3330 = EDGE_CURVE('',#3308,#3259,#3331,.T.);
#3331 = SURFACE_CURVE('',#3332,(#3336,#3343),.PCURVE_S1.);
#3332 = LINE('',#3333,#3334);
#3333 = CARTESIAN_POINT('',(3.75,102.2,240.75));
#3334 = VECTOR('',#3335,1.);
#3335 = DIRECTION('',(-0.707106781187,7.850462293414E-17,-0.707106781187
    ));
#3336 = PCURVE('',#1410,#3337);
#3337 = DEFINITIONAL_REPRESENTATION('',(#3338),#3342);
#3338 = LINE('',#3339,#3340);
#3339 = CARTESIAN_POINT('',(-3.7,2.904671048565E-16));
#3340 = VECTOR('',#3341,1.);
#3341 = DIRECTION('',(3.789741647778E-29,1.));
#3342 = ( GEOMETRIC_REPRESENTATION_CONTEXT(2) 
PARAMETRIC_REPRESENTATION_CONTEXT() REPRESENTATION_CONTEXT('2D SPACE',''
  ) );
#3343 = PCURVE('',#3150,#3344);
#3344 = DEFINITIONAL_REPRESENTATION('',(#3345),#3349);
#3345 = LINE('',#3346,#3347);
#3346 = CARTESIAN_POINT('',(0.25,-0.25));
#3347 = VECTOR('',#3348,1.);
#3348 = DIRECTION('',(-0.707106781187,-0.707106781187));
#3349 = ( GEOMETRIC_REPRESENTATION_CONTEXT(2) 
PARAMETRIC_REPRESENTATION_CONTEXT() REPRESENTATION_CONTEXT('2D SPACE',''
  ) );
#3350 = ORIENTED_EDGE('',*,*,#3258,.F.);
#3351 = ADVANCED_FACE('',(#3352),#1437,.F.);
#3352 = FACE_BOUND('',#3353,.F.);
#3353 = EDGE_LOOP('',(#3354,#3377,#3378,#3379));
#3354 = ORIENTED_EDGE('',*,*,#3355,.F.);
#3355 = EDGE_CURVE('',#3308,#3356,#3358,.T.);
#3356 = VERTEX_POINT('',#3357);
#3357 = CARTESIAN_POINT('',(4.,102.2,244.5));
#3358 = SURFACE_CURVE('',#3359,(#3363,#3370),.PCURVE_S1.);
#3359 = LINE('',#3360,#3361);
#3360 = CARTESIAN_POINT('',(4.,102.2,240.5));
#3361 = VECTOR('',#3362,1.);
#3362 = DIRECTION('',(0.,0.,1.));
#3363 = PCURVE('',#1437,#3364);
#3364 = DEFINITIONAL_REPRESENTATION('',(#3365),#3369);
#3365 = LINE('',#3366,#3367);
#3366 = CARTESIAN_POINT('',(0.,3.7));
#3367 = VECTOR('',#3368,1.);
#3368 = DIRECTION('',(1.,0.));
#3369 = ( GEOMETRIC_REPRESENTATION_CONTEXT(2) 
PARAMETRIC_REPRESENTATION_CONTEXT() REPRESENTATION_CONTEXT('2D SPACE',''
  ) );
#3370 = PCURVE('',#3150,#3371);
#3371 = DEFINITIONAL_REPRESENTATION('',(#3372),#3376);
#3372 = LINE('',#3373,#3374);
#3373 = CARTESIAN_POINT('',(0.,0.));
#3374 = VECTOR('',#3375,1.);
#3375 = DIRECTION('',(1.,0.));
#3376 = ( GEOMETRIC_REPRESENTATION_CONTEXT(2) 
PARAMETRIC_REPRESENTATION_CONTEXT() REPRESENTATION_CONTEXT('2D SPACE',''
  ) );
#3377 = ORIENTED_EDGE('',*,*,#3307,.F.);
#3378 = ORIENTED_EDGE('',*,*,#1422,.F.);
#3379 = ORIENTED_EDGE('',*,*,#3380,.T.);
#3380 = EDGE_CURVE('',#1423,#3356,#3381,.T.);
#3381 = SURFACE_CURVE('',#3382,(#3386,#3393),.PCURVE_S1.);
#3382 = LINE('',#3383,#3384);
#3383 = CARTESIAN_POINT('',(4.,98.5,244.5));
#3384 = VECTOR('',#3385,1.);
#3385 = DIRECTION('',(1.110223024625E-16,1.,0.));
#3386 = PCURVE('',#1437,#3387);
#3387 = DEFINITIONAL_REPRESENTATION('',(#3388),#3392);
#3388 = LINE('',#3389,#3390);
#3389 = CARTESIAN_POINT('',(4.,0.));
#3390 = VECTOR('',#3391,1.);
#3391 = DIRECTION('',(0.,1.));
#3392 = ( GEOMETRIC_REPRESENTATION_CONTEXT(2) 
PARAMETRIC_REPRESENTATION_CONTEXT() REPRESENTATION_CONTEXT('2D SPACE',''
  ) );
#3393 = PCURVE('',#1464,#3394);
#3394 = DEFINITIONAL_REPRESENTATION('',(#3395),#3399);
#3395 = LINE('',#3396,#3397);
#3396 = CARTESIAN_POINT('',(0.,0.));
#3397 = VECTOR('',#3398,1.);
#3398 = DIRECTION('',(1.,0.));
#3399 = ( GEOMETRIC_REPRESENTATION_CONTEXT(2) 
PARAMETRIC_REPRESENTATION_CONTEXT() REPRESENTATION_CONTEXT('2D SPACE',''
  ) );
#3400 = ADVANCED_FACE('',(#3401),#1464,.T.);
#3401 = FACE_BOUND('',#3402,.T.);
#3402 = EDGE_LOOP('',(#3403,#3404,#3405,#3406));
#3403 = ORIENTED_EDGE('',*,*,#3184,.F.);
#3404 = ORIENTED_EDGE('',*,*,#1449,.T.);
#3405 = ORIENTED_EDGE('',*,*,#3380,.T.);
#3406 = ORIENTED_EDGE('',*,*,#3407,.T.);
#3407 = EDGE_CURVE('',#3356,#3135,#3408,.T.);
#3408 = SURFACE_CURVE('',#3409,(#3413,#3420),.PCURVE_S1.);
#3409 = LINE('',#3410,#3411);
#3410 = CARTESIAN_POINT('',(4.,102.2,244.5));
#3411 = VECTOR('',#3412,1.);
#3412 = DIRECTION('',(-1.,1.110223024625E-16,0.));
#3413 = PCURVE('',#1464,#3414);
#3414 = DEFINITIONAL_REPRESENTATION('',(#3415),#3419);
#3415 = LINE('',#3416,#3417);
#3416 = CARTESIAN_POINT('',(3.7,4.107825191113E-16));
#3417 = VECTOR('',#3418,1.);
#3418 = DIRECTION('',(0.,1.));
#3419 = ( GEOMETRIC_REPRESENTATION_CONTEXT(2) 
PARAMETRIC_REPRESENTATION_CONTEXT() REPRESENTATION_CONTEXT('2D SPACE',''
  ) );
#3420 = PCURVE('',#3150,#3421);
#3421 = DEFINITIONAL_REPRESENTATION('',(#3422),#3426);
#3422 = LINE('',#3423,#3424);
#3423 = CARTESIAN_POINT('',(4.,0.));
#3424 = VECTOR('',#3425,1.);
#3425 = DIRECTION('',(0.,-1.));
#3426 = ( GEOMETRIC_REPRESENTATION_CONTEXT(2) 
PARAMETRIC_REPRESENTATION_CONTEXT() REPRESENTATION_CONTEXT('2D SPACE',''
  ) );
#3427 = ADVANCED_FACE('',(#3428),#1499,.T.);
#3428 = FACE_BOUND('',#3429,.T.);
#3429 = EDGE_LOOP('',(#3430,#3460,#3481,#3482));
#3430 = ORIENTED_EDGE('',*,*,#3431,.F.);
#3431 = EDGE_CURVE('',#3432,#3434,#3436,.T.);
#3432 = VERTEX_POINT('',#3433);
#3433 = CARTESIAN_POINT('',(-34.5462720397,35.435898384862,241.));
#3434 = VERTEX_POINT('',#3435);
#3435 = CARTESIAN_POINT('',(-34.5462720397,35.435898384862,244.5));
#3436 = SURFACE_CURVE('',#3437,(#3441,#3448),.PCURVE_S1.);
#3437 = LINE('',#3438,#3439);
#3438 = CARTESIAN_POINT('',(-34.5462720397,35.435898384862,240.5));
#3439 = VECTOR('',#3440,1.);
#3440 = DIRECTION('',(0.,0.,1.));
#3441 = PCURVE('',#1499,#3442);
#3442 = DEFINITIONAL_REPRESENTATION('',(#3443),#3447);
#3443 = LINE('',#3444,#3445);
#3444 = CARTESIAN_POINT('',(0.,3.699999999998));
#3445 = VECTOR('',#3446,1.);
#3446 = DIRECTION('',(1.,0.));
#3447 = ( GEOMETRIC_REPRESENTATION_CONTEXT(2) 
PARAMETRIC_REPRESENTATION_CONTEXT() REPRESENTATION_CONTEXT('2D SPACE',''
  ) );
#3448 = PCURVE('',#3449,#3454);
#3449 = PLANE('',#3450);
#3450 = AXIS2_PLACEMENT_3D('',#3451,#3452,#3453);
#3451 = CARTESIAN_POINT('',(-38.5462720397,42.364101615138,240.5));
#3452 = DIRECTION('',(-0.866025403784,-0.5,0.));
#3453 = DIRECTION('',(0.,0.,1.));
#3454 = DEFINITIONAL_REPRESENTATION('',(#3455),#3459);
#3455 = LINE('',#3456,#3457);
#3456 = CARTESIAN_POINT('',(0.,-8.));
#3457 = VECTOR('',#3458,1.);
#3458 = DIRECTION('',(1.,0.));
#3459 = ( GEOMETRIC_REPRESENTATION_CONTEXT(2) 
PARAMETRIC_REPRESENTATION_CONTEXT() REPRESENTATION_CONTEXT('2D SPACE',''
  ) );
#3460 = ORIENTED_EDGE('',*,*,#3461,.F.);
#3461 = EDGE_CURVE('',#1485,#3432,#3462,.T.);
#3462 = SURFACE_CURVE('',#3463,(#3467,#3474),.PCURVE_S1.);
#3463 = LINE('',#3464,#3465);
#3464 = CARTESIAN_POINT('',(-31.3419780457,37.285898384862,241.));
#3465 = VECTOR('',#3466,1.);
#3466 = DIRECTION('',(-0.866025403784,-0.5,0.));
#3467 = PCURVE('',#1499,#3468);
#3468 = DEFINITIONAL_REPRESENTATION('',(#3469),#3473);
#3469 = LINE('',#3470,#3471);
#3470 = CARTESIAN_POINT('',(0.5,0.));
#3471 = VECTOR('',#3472,1.);
#3472 = DIRECTION('',(0.,1.));
#3473 = ( GEOMETRIC_REPRESENTATION_CONTEXT(2) 
PARAMETRIC_REPRESENTATION_CONTEXT() REPRESENTATION_CONTEXT('2D SPACE',''
  ) );
#3474 = PCURVE('',#1531,#3475);
#3475 = DEFINITIONAL_REPRESENTATION('',(#3476),#3480);
#3476 = LINE('',#3477,#3478);
#3477 = CARTESIAN_POINT('',(-1.66533453654E-16,-0.353553390593));
#3478 = VECTOR('',#3479,1.);
#3479 = DIRECTION('',(-1.,0.));
#3480 = ( GEOMETRIC_REPRESENTATION_CONTEXT(2) 
PARAMETRIC_REPRESENTATION_CONTEXT() REPRESENTATION_CONTEXT('2D SPACE',''
  ) );
#3481 = ORIENTED_EDGE('',*,*,#1482,.F.);
#3482 = ORIENTED_EDGE('',*,*,#3483,.T.);
#3483 = EDGE_CURVE('',#1483,#3434,#3484,.T.);
#3484 = SURFACE_CURVE('',#3485,(#3489,#3496),.PCURVE_S1.);
#3485 = LINE('',#3486,#3487);
#3486 = CARTESIAN_POINT('',(-31.3419780457,37.285898384862,244.5));
#3487 = VECTOR('',#3488,1.);
#3488 = DIRECTION('',(-0.866025403784,-0.5,0.));
#3489 = PCURVE('',#1499,#3490);
#3490 = DEFINITIONAL_REPRESENTATION('',(#3491),#3495);
#3491 = LINE('',#3492,#3493);
#3492 = CARTESIAN_POINT('',(4.,0.));
#3493 = VECTOR('',#3494,1.);
#3494 = DIRECTION('',(0.,1.));
#3495 = ( GEOMETRIC_REPRESENTATION_CONTEXT(2) 
PARAMETRIC_REPRESENTATION_CONTEXT() REPRESENTATION_CONTEXT('2D SPACE',''
  ) );
#3496 = PCURVE('',#1650,#3497);
#3497 = DEFINITIONAL_REPRESENTATION('',(#3498),#3502);
#3498 = LINE('',#3499,#3500);
#3499 = CARTESIAN_POINT('',(1.995736909066E-12,8.));
#3500 = VECTOR('',#3501,1.);
#3501 = DIRECTION('',(1.,0.));
#3502 = ( GEOMETRIC_REPRESENTATION_CONTEXT(2) 
PARAMETRIC_REPRESENTATION_CONTEXT() REPRESENTATION_CONTEXT('2D SPACE',''
  ) );
#3503 = ADVANCED_FACE('',(#3504),#1531,.F.);
#3504 = FACE_BOUND('',#3505,.T.);
#3505 = EDGE_LOOP('',(#3506,#3507,#3508,#3531));
#3506 = ORIENTED_EDGE('',*,*,#1511,.T.);
#3507 = ORIENTED_EDGE('',*,*,#3461,.T.);
#3508 = ORIENTED_EDGE('',*,*,#3509,.T.);
#3509 = EDGE_CURVE('',#3432,#3510,#3512,.T.);
#3510 = VERTEX_POINT('',#3511);
#3511 = CARTESIAN_POINT('',(-34.7962720397,35.868911086754,240.5));
#3512 = SURFACE_CURVE('',#3513,(#3517,#3524),.PCURVE_S1.);
#3513 = LINE('',#3514,#3515);
#3514 = CARTESIAN_POINT('',(-35.6712720397,37.384455543377,238.75));
#3515 = VECTOR('',#3516,1.);
#3516 = DIRECTION('',(-0.353553390593,0.612372435696,-0.707106781187));
#3517 = PCURVE('',#1531,#3518);
#3518 = DEFINITIONAL_REPRESENTATION('',(#3519),#3523);
#3519 = LINE('',#3520,#3521);
#3520 = CARTESIAN_POINT('',(-3.699999999997,2.828427124746));
#3521 = VECTOR('',#3522,1.);
#3522 = DIRECTION('',(4.949152836774E-13,1.));
#3523 = ( GEOMETRIC_REPRESENTATION_CONTEXT(2) 
PARAMETRIC_REPRESENTATION_CONTEXT() REPRESENTATION_CONTEXT('2D SPACE',''
  ) );
#3524 = PCURVE('',#3449,#3525);
#3525 = DEFINITIONAL_REPRESENTATION('',(#3526),#3530);
#3526 = LINE('',#3527,#3528);
#3527 = CARTESIAN_POINT('',(-1.75,-5.75));
#3528 = VECTOR('',#3529,1.);
#3529 = DIRECTION('',(-0.707106781187,0.707106781186));
#3530 = ( GEOMETRIC_REPRESENTATION_CONTEXT(2) 
PARAMETRIC_REPRESENTATION_CONTEXT() REPRESENTATION_CONTEXT('2D SPACE',''
  ) );
#3531 = ORIENTED_EDGE('',*,*,#3532,.F.);
#3532 = EDGE_CURVE('',#1512,#3510,#3533,.T.);
#3533 = SURFACE_CURVE('',#3534,(#3538,#3545),.PCURVE_S1.);
#3534 = LINE('',#3535,#3536);
#3535 = CARTESIAN_POINT('',(-31.5919780457,37.718911086754,240.5));
#3536 = VECTOR('',#3537,1.);
#3537 = DIRECTION('',(-0.866025403784,-0.5,0.));
#3538 = PCURVE('',#1531,#3539);
#3539 = DEFINITIONAL_REPRESENTATION('',(#3540),#3544);
#3540 = LINE('',#3541,#3542);
#3541 = CARTESIAN_POINT('',(1.66533453654E-16,0.353553390593));
#3542 = VECTOR('',#3543,1.);
#3543 = DIRECTION('',(-1.,0.));
#3544 = ( GEOMETRIC_REPRESENTATION_CONTEXT(2) 
PARAMETRIC_REPRESENTATION_CONTEXT() REPRESENTATION_CONTEXT('2D SPACE',''
  ) );
#3545 = PCURVE('',#1560,#3546);
#3546 = DEFINITIONAL_REPRESENTATION('',(#3547),#3551);
#3547 = LINE('',#3548,#3549);
#3548 = CARTESIAN_POINT('',(1.997069176696E-12,7.500000000001));
#3549 = VECTOR('',#3550,1.);
#3550 = DIRECTION('',(1.,0.));
#3551 = ( GEOMETRIC_REPRESENTATION_CONTEXT(2) 
PARAMETRIC_REPRESENTATION_CONTEXT() REPRESENTATION_CONTEXT('2D SPACE',''
  ) );
#3552 = ADVANCED_FACE('',(#3553),#1560,.F.);
#3553 = FACE_BOUND('',#3554,.F.);
#3554 = EDGE_LOOP('',(#3555,#3556,#3579,#3600));
#3555 = ORIENTED_EDGE('',*,*,#1543,.T.);
#3556 = ORIENTED_EDGE('',*,*,#3557,.T.);
#3557 = EDGE_CURVE('',#1544,#3558,#3560,.T.);
#3558 = VERTEX_POINT('',#3559);
#3559 = CARTESIAN_POINT('',(-38.2962720397,41.931088913246,240.5));
#3560 = SURFACE_CURVE('',#3561,(#3565,#3572),.PCURVE_S1.);
#3561 = LINE('',#3562,#3563);
#3562 = CARTESIAN_POINT('',(-35.0919780457,43.781088913246,240.5));
#3563 = VECTOR('',#3564,1.);
#3564 = DIRECTION('',(-0.866025403784,-0.5,0.));
#3565 = PCURVE('',#1560,#3566);
#3566 = DEFINITIONAL_REPRESENTATION('',(#3567),#3571);
#3567 = LINE('',#3568,#3569);
#3568 = CARTESIAN_POINT('',(-1.637578961322E-15,0.5));
#3569 = VECTOR('',#3570,1.);
#3570 = DIRECTION('',(1.,0.));
#3571 = ( GEOMETRIC_REPRESENTATION_CONTEXT(2) 
PARAMETRIC_REPRESENTATION_CONTEXT() REPRESENTATION_CONTEXT('2D SPACE',''
  ) );
#3572 = PCURVE('',#1596,#3573);
#3573 = DEFINITIONAL_REPRESENTATION('',(#3574),#3578);
#3574 = LINE('',#3575,#3576);
#3575 = CARTESIAN_POINT('',(2.914335439681E-15,0.353553390593));
#3576 = VECTOR('',#3577,1.);
#3577 = DIRECTION('',(-1.,0.));
#3578 = ( GEOMETRIC_REPRESENTATION_CONTEXT(2) 
PARAMETRIC_REPRESENTATION_CONTEXT() REPRESENTATION_CONTEXT('2D SPACE',''
  ) );
#3579 = ORIENTED_EDGE('',*,*,#3580,.T.);
#3580 = EDGE_CURVE('',#3558,#3510,#3581,.T.);
#3581 = SURFACE_CURVE('',#3582,(#3586,#3593),.PCURVE_S1.);
#3582 = LINE('',#3583,#3584);
#3583 = CARTESIAN_POINT('',(-38.5462720397,42.364101615138,240.5));
#3584 = VECTOR('',#3585,1.);
#3585 = DIRECTION('',(0.5,-0.866025403784,0.));
#3586 = PCURVE('',#1560,#3587);
#3587 = DEFINITIONAL_REPRESENTATION('',(#3588),#3592);
#3588 = LINE('',#3589,#3590);
#3589 = CARTESIAN_POINT('',(3.699999999998,4.02788913334E-13));
#3590 = VECTOR('',#3591,1.);
#3591 = DIRECTION('',(0.,1.));
#3592 = ( GEOMETRIC_REPRESENTATION_CONTEXT(2) 
PARAMETRIC_REPRESENTATION_CONTEXT() REPRESENTATION_CONTEXT('2D SPACE',''
  ) );
#3593 = PCURVE('',#3449,#3594);
#3594 = DEFINITIONAL_REPRESENTATION('',(#3595),#3599);
#3595 = LINE('',#3596,#3597);
#3596 = CARTESIAN_POINT('',(0.,0.));
#3597 = VECTOR('',#3598,1.);
#3598 = DIRECTION('',(0.,-1.));
#3599 = ( GEOMETRIC_REPRESENTATION_CONTEXT(2) 
PARAMETRIC_REPRESENTATION_CONTEXT() REPRESENTATION_CONTEXT('2D SPACE',''
  ) );
#3600 = ORIENTED_EDGE('',*,*,#3532,.F.);
#3601 = ADVANCED_FACE('',(#3602),#1596,.T.);
#3602 = FACE_BOUND('',#3603,.F.);
#3603 = EDGE_LOOP('',(#3604,#3605,#3628,#3649));
#3604 = ORIENTED_EDGE('',*,*,#1576,.T.);
#3605 = ORIENTED_EDGE('',*,*,#3606,.T.);
#3606 = EDGE_CURVE('',#1577,#3607,#3609,.T.);
#3607 = VERTEX_POINT('',#3608);
#3608 = CARTESIAN_POINT('',(-38.5462720397,42.364101615138,241.));
#3609 = SURFACE_CURVE('',#3610,(#3614,#3621),.PCURVE_S1.);
#3610 = LINE('',#3611,#3612);
#3611 = CARTESIAN_POINT('',(-35.3419780457,44.214101615138,241.));
#3612 = VECTOR('',#3613,1.);
#3613 = DIRECTION('',(-0.866025403784,-0.5,0.));
#3614 = PCURVE('',#1596,#3615);
#3615 = DEFINITIONAL_REPRESENTATION('',(#3616),#3620);
#3616 = LINE('',#3617,#3618);
#3617 = CARTESIAN_POINT('',(-2.914335439681E-15,-0.353553390593));
#3618 = VECTOR('',#3619,1.);
#3619 = DIRECTION('',(-1.,0.));
#3620 = ( GEOMETRIC_REPRESENTATION_CONTEXT(2) 
PARAMETRIC_REPRESENTATION_CONTEXT() REPRESENTATION_CONTEXT('2D SPACE',''
  ) );
#3621 = PCURVE('',#1623,#3622);
#3622 = DEFINITIONAL_REPRESENTATION('',(#3623),#3627);
#3623 = LINE('',#3624,#3625);
#3624 = CARTESIAN_POINT('',(0.5,0.));
#3625 = VECTOR('',#3626,1.);
#3626 = DIRECTION('',(0.,1.));
#3627 = ( GEOMETRIC_REPRESENTATION_CONTEXT(2) 
PARAMETRIC_REPRESENTATION_CONTEXT() REPRESENTATION_CONTEXT('2D SPACE',''
  ) );
#3628 = ORIENTED_EDGE('',*,*,#3629,.T.);
#3629 = EDGE_CURVE('',#3607,#3558,#3630,.T.);
#3630 = SURFACE_CURVE('',#3631,(#3635,#3642),.PCURVE_S1.);
#3631 = LINE('',#3632,#3633);
#3632 = CARTESIAN_POINT('',(-38.4212720397,42.147595264192,240.75));
#3633 = VECTOR('',#3634,1.);
#3634 = DIRECTION('',(0.353553390593,-0.612372435696,-0.707106781187));
#3635 = PCURVE('',#1596,#3636);
#3636 = DEFINITIONAL_REPRESENTATION('',(#3637),#3641);
#3637 = LINE('',#3638,#3639);
#3638 = CARTESIAN_POINT('',(-3.699999999998,2.94433900276E-13));
#3639 = VECTOR('',#3640,1.);
#3640 = DIRECTION('',(-4.949152836774E-13,1.));
#3641 = ( GEOMETRIC_REPRESENTATION_CONTEXT(2) 
PARAMETRIC_REPRESENTATION_CONTEXT() REPRESENTATION_CONTEXT('2D SPACE',''
  ) );
#3642 = PCURVE('',#3449,#3643);
#3643 = DEFINITIONAL_REPRESENTATION('',(#3644),#3648);
#3644 = LINE('',#3645,#3646);
#3645 = CARTESIAN_POINT('',(0.25,-0.25));
#3646 = VECTOR('',#3647,1.);
#3647 = DIRECTION('',(-0.707106781187,-0.707106781186));
#3648 = ( GEOMETRIC_REPRESENTATION_CONTEXT(2) 
PARAMETRIC_REPRESENTATION_CONTEXT() REPRESENTATION_CONTEXT('2D SPACE',''
  ) );
#3649 = ORIENTED_EDGE('',*,*,#3557,.F.);
#3650 = ADVANCED_FACE('',(#3651),#1623,.F.);
#3651 = FACE_BOUND('',#3652,.F.);
#3652 = EDGE_LOOP('',(#3653,#3676,#3677,#3678));
#3653 = ORIENTED_EDGE('',*,*,#3654,.F.);
#3654 = EDGE_CURVE('',#3607,#3655,#3657,.T.);
#3655 = VERTEX_POINT('',#3656);
#3656 = CARTESIAN_POINT('',(-38.5462720397,42.364101615138,244.5));
#3657 = SURFACE_CURVE('',#3658,(#3662,#3669),.PCURVE_S1.);
#3658 = LINE('',#3659,#3660);
#3659 = CARTESIAN_POINT('',(-38.5462720397,42.364101615138,240.5));
#3660 = VECTOR('',#3661,1.);
#3661 = DIRECTION('',(0.,0.,1.));
#3662 = PCURVE('',#1623,#3663);
#3663 = DEFINITIONAL_REPRESENTATION('',(#3664),#3668);
#3664 = LINE('',#3665,#3666);
#3665 = CARTESIAN_POINT('',(0.,3.699999999998));
#3666 = VECTOR('',#3667,1.);
#3667 = DIRECTION('',(1.,0.));
#3668 = ( GEOMETRIC_REPRESENTATION_CONTEXT(2) 
PARAMETRIC_REPRESENTATION_CONTEXT() REPRESENTATION_CONTEXT('2D SPACE',''
  ) );
#3669 = PCURVE('',#3449,#3670);
#3670 = DEFINITIONAL_REPRESENTATION('',(#3671),#3675);
#3671 = LINE('',#3672,#3673);
#3672 = CARTESIAN_POINT('',(0.,0.));
#3673 = VECTOR('',#3674,1.);
#3674 = DIRECTION('',(1.,0.));
#3675 = ( GEOMETRIC_REPRESENTATION_CONTEXT(2) 
PARAMETRIC_REPRESENTATION_CONTEXT() REPRESENTATION_CONTEXT('2D SPACE',''
  ) );
#3676 = ORIENTED_EDGE('',*,*,#3606,.F.);
#3677 = ORIENTED_EDGE('',*,*,#1608,.F.);
#3678 = ORIENTED_EDGE('',*,*,#3679,.T.);
#3679 = EDGE_CURVE('',#1609,#3655,#3680,.T.);
#3680 = SURFACE_CURVE('',#3681,(#3685,#3692),.PCURVE_S1.);
#3681 = LINE('',#3682,#3683);
#3682 = CARTESIAN_POINT('',(-35.3419780457,44.214101615138,244.5));
#3683 = VECTOR('',#3684,1.);
#3684 = DIRECTION('',(-0.866025403784,-0.5,0.));
#3685 = PCURVE('',#1623,#3686);
#3686 = DEFINITIONAL_REPRESENTATION('',(#3687),#3691);
#3687 = LINE('',#3688,#3689);
#3688 = CARTESIAN_POINT('',(4.,0.));
#3689 = VECTOR('',#3690,1.);
#3690 = DIRECTION('',(0.,1.));
#3691 = ( GEOMETRIC_REPRESENTATION_CONTEXT(2) 
PARAMETRIC_REPRESENTATION_CONTEXT() REPRESENTATION_CONTEXT('2D SPACE',''
  ) );
#3692 = PCURVE('',#1650,#3693);
#3693 = DEFINITIONAL_REPRESENTATION('',(#3694),#3698);
#3694 = LINE('',#3695,#3696);
#3695 = CARTESIAN_POINT('',(0.,0.));
#3696 = VECTOR('',#3697,1.);
#3697 = DIRECTION('',(1.,0.));
#3698 = ( GEOMETRIC_REPRESENTATION_CONTEXT(2) 
PARAMETRIC_REPRESENTATION_CONTEXT() REPRESENTATION_CONTEXT('2D SPACE',''
  ) );
#3699 = ADVANCED_FACE('',(#3700),#1650,.T.);
#3700 = FACE_BOUND('',#3701,.T.);
#3701 = EDGE_LOOP('',(#3702,#3703,#3704,#3705));
#3702 = ORIENTED_EDGE('',*,*,#3483,.F.);
#3703 = ORIENTED_EDGE('',*,*,#1635,.T.);
#3704 = ORIENTED_EDGE('',*,*,#3679,.T.);
#3705 = ORIENTED_EDGE('',*,*,#3706,.T.);
#3706 = EDGE_CURVE('',#3655,#3434,#3707,.T.);
#3707 = SURFACE_CURVE('',#3708,(#3712,#3719),.PCURVE_S1.);
#3708 = LINE('',#3709,#3710);
#3709 = CARTESIAN_POINT('',(-38.5462720397,42.364101615138,244.5));
#3710 = VECTOR('',#3711,1.);
#3711 = DIRECTION('',(0.5,-0.866025403784,0.));
#3712 = PCURVE('',#1650,#3713);
#3713 = DEFINITIONAL_REPRESENTATION('',(#3714),#3718);
#3714 = LINE('',#3715,#3716);
#3715 = CARTESIAN_POINT('',(3.699999999998,4.02788913334E-13));
#3716 = VECTOR('',#3717,1.);
#3717 = DIRECTION('',(0.,1.));
#3718 = ( GEOMETRIC_REPRESENTATION_CONTEXT(2) 
PARAMETRIC_REPRESENTATION_CONTEXT() REPRESENTATION_CONTEXT('2D SPACE',''
  ) );
#3719 = PCURVE('',#3449,#3720);
#3720 = DEFINITIONAL_REPRESENTATION('',(#3721),#3725);
#3721 = LINE('',#3722,#3723);
#3722 = CARTESIAN_POINT('',(4.,0.));
#3723 = VECTOR('',#3724,1.);
#3724 = DIRECTION('',(0.,-1.));
#3725 = ( GEOMETRIC_REPRESENTATION_CONTEXT(2) 
PARAMETRIC_REPRESENTATION_CONTEXT() REPRESENTATION_CONTEXT('2D SPACE',''
  ) );
#3726 = ADVANCED_FACE('',(#3727),#1685,.T.);
#3727 = FACE_BOUND('',#3728,.T.);
#3728 = EDGE_LOOP('',(#3729,#3759,#3780,#3781));
#3729 = ORIENTED_EDGE('',*,*,#3730,.F.);
#3730 = EDGE_CURVE('',#3731,#3733,#3735,.T.);
#3731 = VERTEX_POINT('',#3732);
#3732 = CARTESIAN_POINT('',(38.546272039703,42.364101615138,241.));
#3733 = VERTEX_POINT('',#3734);
#3734 = CARTESIAN_POINT('',(38.546272039703,42.364101615138,244.5));
#3735 = SURFACE_CURVE('',#3736,(#3740,#3747),.PCURVE_S1.);
#3736 = LINE('',#3737,#3738);
#3737 = CARTESIAN_POINT('',(38.546272039703,42.364101615138,240.5));
#3738 = VECTOR('',#3739,1.);
#3739 = DIRECTION('',(0.,0.,1.));
#3740 = PCURVE('',#1685,#3741);
#3741 = DEFINITIONAL_REPRESENTATION('',(#3742),#3746);
#3742 = LINE('',#3743,#3744);
#3743 = CARTESIAN_POINT('',(0.,3.7));
#3744 = VECTOR('',#3745,1.);
#3745 = DIRECTION('',(1.,0.));
#3746 = ( GEOMETRIC_REPRESENTATION_CONTEXT(2) 
PARAMETRIC_REPRESENTATION_CONTEXT() REPRESENTATION_CONTEXT('2D SPACE',''
  ) );
#3747 = PCURVE('',#3748,#3753);
#3748 = PLANE('',#3749);
#3749 = AXIS2_PLACEMENT_3D('',#3750,#3751,#3752);
#3750 = CARTESIAN_POINT('',(34.546272039703,35.435898384862,240.5));
#3751 = DIRECTION('',(0.866025403784,-0.5,0.));
#3752 = DIRECTION('',(0.,0.,1.));
#3753 = DEFINITIONAL_REPRESENTATION('',(#3754),#3758);
#3754 = LINE('',#3755,#3756);
#3755 = CARTESIAN_POINT('',(0.,-8.));
#3756 = VECTOR('',#3757,1.);
#3757 = DIRECTION('',(1.,0.));
#3758 = ( GEOMETRIC_REPRESENTATION_CONTEXT(2) 
PARAMETRIC_REPRESENTATION_CONTEXT() REPRESENTATION_CONTEXT('2D SPACE',''
  ) );
#3759 = ORIENTED_EDGE('',*,*,#3760,.F.);
#3760 = EDGE_CURVE('',#1671,#3731,#3761,.T.);
#3761 = SURFACE_CURVE('',#3762,(#3766,#3773),.PCURVE_S1.);
#3762 = LINE('',#3763,#3764);
#3763 = CARTESIAN_POINT('',(35.341978045701,44.214101615138,241.));
#3764 = VECTOR('',#3765,1.);
#3765 = DIRECTION('',(0.866025403784,-0.5,0.));
#3766 = PCURVE('',#1685,#3767);
#3767 = DEFINITIONAL_REPRESENTATION('',(#3768),#3772);
#3768 = LINE('',#3769,#3770);
#3769 = CARTESIAN_POINT('',(0.5,0.));
#3770 = VECTOR('',#3771,1.);
#3771 = DIRECTION('',(0.,1.));
#3772 = ( GEOMETRIC_REPRESENTATION_CONTEXT(2) 
PARAMETRIC_REPRESENTATION_CONTEXT() REPRESENTATION_CONTEXT('2D SPACE',''
  ) );
#3773 = PCURVE('',#1717,#3774);
#3774 = DEFINITIONAL_REPRESENTATION('',(#3775),#3779);
#3775 = LINE('',#3776,#3777);
#3776 = CARTESIAN_POINT('',(-2.914335439681E-15,-0.353553390593));
#3777 = VECTOR('',#3778,1.);
#3778 = DIRECTION('',(-1.,0.));
#3779 = ( GEOMETRIC_REPRESENTATION_CONTEXT(2) 
PARAMETRIC_REPRESENTATION_CONTEXT() REPRESENTATION_CONTEXT('2D SPACE',''
  ) );
#3780 = ORIENTED_EDGE('',*,*,#1668,.F.);
#3781 = ORIENTED_EDGE('',*,*,#3782,.T.);
#3782 = EDGE_CURVE('',#1669,#3733,#3783,.T.);
#3783 = SURFACE_CURVE('',#3784,(#3788,#3795),.PCURVE_S1.);
#3784 = LINE('',#3785,#3786);
#3785 = CARTESIAN_POINT('',(35.341978045701,44.214101615138,244.5));
#3786 = VECTOR('',#3787,1.);
#3787 = DIRECTION('',(0.866025403784,-0.5,0.));
#3788 = PCURVE('',#1685,#3789);
#3789 = DEFINITIONAL_REPRESENTATION('',(#3790),#3794);
#3790 = LINE('',#3791,#3792);
#3791 = CARTESIAN_POINT('',(4.,0.));
#3792 = VECTOR('',#3793,1.);
#3793 = DIRECTION('',(0.,1.));
#3794 = ( GEOMETRIC_REPRESENTATION_CONTEXT(2) 
PARAMETRIC_REPRESENTATION_CONTEXT() REPRESENTATION_CONTEXT('2D SPACE',''
  ) );
#3795 = PCURVE('',#1836,#3796);
#3796 = DEFINITIONAL_REPRESENTATION('',(#3797),#3801);
#3797 = LINE('',#3798,#3799);
#3798 = CARTESIAN_POINT('',(-2.001954158004E-12,8.));
#3799 = VECTOR('',#3800,1.);
#3800 = DIRECTION('',(1.,0.));
#3801 = ( GEOMETRIC_REPRESENTATION_CONTEXT(2) 
PARAMETRIC_REPRESENTATION_CONTEXT() REPRESENTATION_CONTEXT('2D SPACE',''
  ) );
#3802 = ADVANCED_FACE('',(#3803),#1717,.F.);
#3803 = FACE_BOUND('',#3804,.T.);
#3804 = EDGE_LOOP('',(#3805,#3806,#3807,#3830));
#3805 = ORIENTED_EDGE('',*,*,#1697,.T.);
#3806 = ORIENTED_EDGE('',*,*,#3760,.T.);
#3807 = ORIENTED_EDGE('',*,*,#3808,.T.);
#3808 = EDGE_CURVE('',#3731,#3809,#3811,.T.);
#3809 = VERTEX_POINT('',#3810);
#3810 = CARTESIAN_POINT('',(38.296272039703,41.931088913246,240.5));
#3811 = SURFACE_CURVE('',#3812,(#3816,#3823),.PCURVE_S1.);
#3812 = LINE('',#3813,#3814);
#3813 = CARTESIAN_POINT('',(37.421272039703,40.415544456623,238.75));
#3814 = VECTOR('',#3815,1.);
#3815 = DIRECTION('',(-0.353553390593,-0.612372435696,-0.707106781187));
#3816 = PCURVE('',#1717,#3817);
#3817 = DEFINITIONAL_REPRESENTATION('',(#3818),#3822);
#3818 = LINE('',#3819,#3820);
#3819 = CARTESIAN_POINT('',(-3.7,2.828427124746));
#3820 = VECTOR('',#3821,1.);
#3821 = DIRECTION('',(-4.949152836774E-13,1.));
#3822 = ( GEOMETRIC_REPRESENTATION_CONTEXT(2) 
PARAMETRIC_REPRESENTATION_CONTEXT() REPRESENTATION_CONTEXT('2D SPACE',''
  ) );
#3823 = PCURVE('',#3748,#3824);
#3824 = DEFINITIONAL_REPRESENTATION('',(#3825),#3829);
#3825 = LINE('',#3826,#3827);
#3826 = CARTESIAN_POINT('',(-1.75,-5.75));
#3827 = VECTOR('',#3828,1.);
#3828 = DIRECTION('',(-0.707106781187,0.707106781186));
#3829 = ( GEOMETRIC_REPRESENTATION_CONTEXT(2) 
PARAMETRIC_REPRESENTATION_CONTEXT() REPRESENTATION_CONTEXT('2D SPACE',''
  ) );
#3830 = ORIENTED_EDGE('',*,*,#3831,.F.);
#3831 = EDGE_CURVE('',#1698,#3809,#3832,.T.);
#3832 = SURFACE_CURVE('',#3833,(#3837,#3844),.PCURVE_S1.);
#3833 = LINE('',#3834,#3835);
#3834 = CARTESIAN_POINT('',(35.091978045701,43.781088913246,240.5));
#3835 = VECTOR('',#3836,1.);
#3836 = DIRECTION('',(0.866025403784,-0.5,0.));
#3837 = PCURVE('',#1717,#3838);
#3838 = DEFINITIONAL_REPRESENTATION('',(#3839),#3843);
#3839 = LINE('',#3840,#3841);
#3840 = CARTESIAN_POINT('',(2.914335439681E-15,0.353553390593));
#3841 = VECTOR('',#3842,1.);
#3842 = DIRECTION('',(-1.,0.));
#3843 = ( GEOMETRIC_REPRESENTATION_CONTEXT(2) 
PARAMETRIC_REPRESENTATION_CONTEXT() REPRESENTATION_CONTEXT('2D SPACE',''
  ) );
#3844 = PCURVE('',#1746,#3845);
#3845 = DEFINITIONAL_REPRESENTATION('',(#3846),#3850);
#3846 = LINE('',#3847,#3848);
#3847 = CARTESIAN_POINT('',(-2.003286425634E-12,7.500000000001));
#3848 = VECTOR('',#3849,1.);
#3849 = DIRECTION('',(1.,0.));
#3850 = ( GEOMETRIC_REPRESENTATION_CONTEXT(2) 
PARAMETRIC_REPRESENTATION_CONTEXT() REPRESENTATION_CONTEXT('2D SPACE',''
  ) );
#3851 = ADVANCED_FACE('',(#3852),#1746,.F.);
#3852 = FACE_BOUND('',#3853,.F.);
#3853 = EDGE_LOOP('',(#3854,#3855,#3878,#3899));
#3854 = ORIENTED_EDGE('',*,*,#1729,.T.);
#3855 = ORIENTED_EDGE('',*,*,#3856,.T.);
#3856 = EDGE_CURVE('',#1730,#3857,#3859,.T.);
#3857 = VERTEX_POINT('',#3858);
#3858 = CARTESIAN_POINT('',(34.796272039703,35.868911086754,240.5));
#3859 = SURFACE_CURVE('',#3860,(#3864,#3871),.PCURVE_S1.);
#3860 = LINE('',#3861,#3862);
#3861 = CARTESIAN_POINT('',(31.591978045701,37.718911086754,240.5));
#3862 = VECTOR('',#3863,1.);
#3863 = DIRECTION('',(0.866025403784,-0.5,0.));
#3864 = PCURVE('',#1746,#3865);
#3865 = DEFINITIONAL_REPRESENTATION('',(#3866),#3870);
#3866 = LINE('',#3867,#3868);
#3867 = CARTESIAN_POINT('',(1.637578961322E-15,0.5));
#3868 = VECTOR('',#3869,1.);
#3869 = DIRECTION('',(1.,0.));
#3870 = ( GEOMETRIC_REPRESENTATION_CONTEXT(2) 
PARAMETRIC_REPRESENTATION_CONTEXT() REPRESENTATION_CONTEXT('2D SPACE',''
  ) );
#3871 = PCURVE('',#1782,#3872);
#3872 = DEFINITIONAL_REPRESENTATION('',(#3873),#3877);
#3873 = LINE('',#3874,#3875);
#3874 = CARTESIAN_POINT('',(1.66533453654E-16,0.353553390593));
#3875 = VECTOR('',#3876,1.);
#3876 = DIRECTION('',(-1.,0.));
#3877 = ( GEOMETRIC_REPRESENTATION_CONTEXT(2) 
PARAMETRIC_REPRESENTATION_CONTEXT() REPRESENTATION_CONTEXT('2D SPACE',''
  ) );
#3878 = ORIENTED_EDGE('',*,*,#3879,.T.);
#3879 = EDGE_CURVE('',#3857,#3809,#3880,.T.);
#3880 = SURFACE_CURVE('',#3881,(#3885,#3892),.PCURVE_S1.);
#3881 = LINE('',#3882,#3883);
#3882 = CARTESIAN_POINT('',(34.546272039703,35.435898384862,240.5));
#3883 = VECTOR('',#3884,1.);
#3884 = DIRECTION('',(0.5,0.866025403784,0.));
#3885 = PCURVE('',#1746,#3886);
#3886 = DEFINITIONAL_REPRESENTATION('',(#3887),#3891);
#3887 = LINE('',#3888,#3889);
#3888 = CARTESIAN_POINT('',(3.7,5.972999872483E-13));
#3889 = VECTOR('',#3890,1.);
#3890 = DIRECTION('',(0.,1.));
#3891 = ( GEOMETRIC_REPRESENTATION_CONTEXT(2) 
PARAMETRIC_REPRESENTATION_CONTEXT() REPRESENTATION_CONTEXT('2D SPACE',''
  ) );
#3892 = PCURVE('',#3748,#3893);
#3893 = DEFINITIONAL_REPRESENTATION('',(#3894),#3898);
#3894 = LINE('',#3895,#3896);
#3895 = CARTESIAN_POINT('',(0.,0.));
#3896 = VECTOR('',#3897,1.);
#3897 = DIRECTION('',(0.,-1.));
#3898 = ( GEOMETRIC_REPRESENTATION_CONTEXT(2) 
PARAMETRIC_REPRESENTATION_CONTEXT() REPRESENTATION_CONTEXT('2D SPACE',''
  ) );
#3899 = ORIENTED_EDGE('',*,*,#3831,.F.);
#3900 = ADVANCED_FACE('',(#3901),#1782,.T.);
#3901 = FACE_BOUND('',#3902,.F.);
#3902 = EDGE_LOOP('',(#3903,#3904,#3927,#3948));
#3903 = ORIENTED_EDGE('',*,*,#1762,.T.);
#3904 = ORIENTED_EDGE('',*,*,#3905,.T.);
#3905 = EDGE_CURVE('',#1763,#3906,#3908,.T.);
#3906 = VERTEX_POINT('',#3907);
#3907 = CARTESIAN_POINT('',(34.546272039703,35.435898384862,241.));
#3908 = SURFACE_CURVE('',#3909,(#3913,#3920),.PCURVE_S1.);
#3909 = LINE('',#3910,#3911);
#3910 = CARTESIAN_POINT('',(31.341978045701,37.285898384862,241.));
#3911 = VECTOR('',#3912,1.);
#3912 = DIRECTION('',(0.866025403784,-0.5,0.));
#3913 = PCURVE('',#1782,#3914);
#3914 = DEFINITIONAL_REPRESENTATION('',(#3915),#3919);
#3915 = LINE('',#3916,#3917);
#3916 = CARTESIAN_POINT('',(-1.66533453654E-16,-0.353553390593));
#3917 = VECTOR('',#3918,1.);
#3918 = DIRECTION('',(-1.,0.));
#3919 = ( GEOMETRIC_REPRESENTATION_CONTEXT(2) 
PARAMETRIC_REPRESENTATION_CONTEXT() REPRESENTATION_CONTEXT('2D SPACE',''
  ) );
#3920 = PCURVE('',#1809,#3921);
#3921 = DEFINITIONAL_REPRESENTATION('',(#3922),#3926);
#3922 = LINE('',#3923,#3924);
#3923 = CARTESIAN_POINT('',(0.5,0.));
#3924 = VECTOR('',#3925,1.);
#3925 = DIRECTION('',(0.,1.));
#3926 = ( GEOMETRIC_REPRESENTATION_CONTEXT(2) 
PARAMETRIC_REPRESENTATION_CONTEXT() REPRESENTATION_CONTEXT('2D SPACE',''
  ) );
#3927 = ORIENTED_EDGE('',*,*,#3928,.T.);
#3928 = EDGE_CURVE('',#3906,#3857,#3929,.T.);
#3929 = SURFACE_CURVE('',#3930,(#3934,#3941),.PCURVE_S1.);
#3930 = LINE('',#3931,#3932);
#3931 = CARTESIAN_POINT('',(34.671272039703,35.652404735808,240.75));
#3932 = VECTOR('',#3933,1.);
#3933 = DIRECTION('',(0.353553390593,0.612372435696,-0.707106781187));
#3934 = PCURVE('',#1782,#3935);
#3935 = DEFINITIONAL_REPRESENTATION('',(#3936),#3940);
#3936 = LINE('',#3937,#3938);
#3937 = CARTESIAN_POINT('',(-3.7,4.212545024552E-13));
#3938 = VECTOR('',#3939,1.);
#3939 = DIRECTION('',(4.949152836774E-13,1.));
#3940 = ( GEOMETRIC_REPRESENTATION_CONTEXT(2) 
PARAMETRIC_REPRESENTATION_CONTEXT() REPRESENTATION_CONTEXT('2D SPACE',''
  ) );
#3941 = PCURVE('',#3748,#3942);
#3942 = DEFINITIONAL_REPRESENTATION('',(#3943),#3947);
#3943 = LINE('',#3944,#3945);
#3944 = CARTESIAN_POINT('',(0.25,-0.25));
#3945 = VECTOR('',#3946,1.);
#3946 = DIRECTION('',(-0.707106781187,-0.707106781186));
#3947 = ( GEOMETRIC_REPRESENTATION_CONTEXT(2) 
PARAMETRIC_REPRESENTATION_CONTEXT() REPRESENTATION_CONTEXT('2D SPACE',''
  ) );
#3948 = ORIENTED_EDGE('',*,*,#3856,.F.);
#3949 = ADVANCED_FACE('',(#3950),#1809,.F.);
#3950 = FACE_BOUND('',#3951,.F.);
#3951 = EDGE_LOOP('',(#3952,#3975,#3976,#3977));
#3952 = ORIENTED_EDGE('',*,*,#3953,.F.);
#3953 = EDGE_CURVE('',#3906,#3954,#3956,.T.);
#3954 = VERTEX_POINT('',#3955);
#3955 = CARTESIAN_POINT('',(34.546272039703,35.435898384862,244.5));
#3956 = SURFACE_CURVE('',#3957,(#3961,#3968),.PCURVE_S1.);
#3957 = LINE('',#3958,#3959);
#3958 = CARTESIAN_POINT('',(34.546272039703,35.435898384862,240.5));
#3959 = VECTOR('',#3960,1.);
#3960 = DIRECTION('',(0.,0.,1.));
#3961 = PCURVE('',#1809,#3962);
#3962 = DEFINITIONAL_REPRESENTATION('',(#3963),#3967);
#3963 = LINE('',#3964,#3965);
#3964 = CARTESIAN_POINT('',(0.,3.7));
#3965 = VECTOR('',#3966,1.);
#3966 = DIRECTION('',(1.,0.));
#3967 = ( GEOMETRIC_REPRESENTATION_CONTEXT(2) 
PARAMETRIC_REPRESENTATION_CONTEXT() REPRESENTATION_CONTEXT('2D SPACE',''
  ) );
#3968 = PCURVE('',#3748,#3969);
#3969 = DEFINITIONAL_REPRESENTATION('',(#3970),#3974);
#3970 = LINE('',#3971,#3972);
#3971 = CARTESIAN_POINT('',(0.,0.));
#3972 = VECTOR('',#3973,1.);
#3973 = DIRECTION('',(1.,0.));
#3974 = ( GEOMETRIC_REPRESENTATION_CONTEXT(2) 
PARAMETRIC_REPRESENTATION_CONTEXT() REPRESENTATION_CONTEXT('2D SPACE',''
  ) );
#3975 = ORIENTED_EDGE('',*,*,#3905,.F.);
#3976 = ORIENTED_EDGE('',*,*,#1794,.F.);
#3977 = ORIENTED_EDGE('',*,*,#3978,.T.);
#3978 = EDGE_CURVE('',#1795,#3954,#3979,.T.);
#3979 = SURFACE_CURVE('',#3980,(#3984,#3991),.PCURVE_S1.);
#3980 = LINE('',#3981,#3982);
#3981 = CARTESIAN_POINT('',(31.341978045701,37.285898384862,244.5));
#3982 = VECTOR('',#3983,1.);
#3983 = DIRECTION('',(0.866025403784,-0.5,0.));
#3984 = PCURVE('',#1809,#3985);
#3985 = DEFINITIONAL_REPRESENTATION('',(#3986),#3990);
#3986 = LINE('',#3987,#3988);
#3987 = CARTESIAN_POINT('',(4.,0.));
#3988 = VECTOR('',#3989,1.);
#3989 = DIRECTION('',(0.,1.));
#3990 = ( GEOMETRIC_REPRESENTATION_CONTEXT(2) 
PARAMETRIC_REPRESENTATION_CONTEXT() REPRESENTATION_CONTEXT('2D SPACE',''
  ) );
#3991 = PCURVE('',#1836,#3992);
#3992 = DEFINITIONAL_REPRESENTATION('',(#3993),#3997);
#3993 = LINE('',#3994,#3995);
#3994 = CARTESIAN_POINT('',(0.,0.));
#3995 = VECTOR('',#3996,1.);
#3996 = DIRECTION('',(1.,0.));
#3997 = ( GEOMETRIC_REPRESENTATION_CONTEXT(2) 
PARAMETRIC_REPRESENTATION_CONTEXT() REPRESENTATION_CONTEXT('2D SPACE',''
  ) );
#3998 = ADVANCED_FACE('',(#3999),#1836,.T.);
#3999 = FACE_BOUND('',#4000,.T.);
#4000 = EDGE_LOOP('',(#4001,#4002,#4003,#4004));
#4001 = ORIENTED_EDGE('',*,*,#3782,.F.);
#4002 = ORIENTED_EDGE('',*,*,#1821,.T.);
#4003 = ORIENTED_EDGE('',*,*,#3978,.T.);
#4004 = ORIENTED_EDGE('',*,*,#4005,.T.);
#4005 = EDGE_CURVE('',#3954,#3733,#4006,.T.);
#4006 = SURFACE_CURVE('',#4007,(#4011,#4018),.PCURVE_S1.);
#4007 = LINE('',#4008,#4009);
#4008 = CARTESIAN_POINT('',(34.546272039703,35.435898384862,244.5));
#4009 = VECTOR('',#4010,1.);
#4010 = DIRECTION('',(0.5,0.866025403784,0.));
#4011 = PCURVE('',#1836,#4012);
#4012 = DEFINITIONAL_REPRESENTATION('',(#4013),#4017);
#4013 = LINE('',#4014,#4015);
#4014 = CARTESIAN_POINT('',(3.7,5.972999872483E-13));
#4015 = VECTOR('',#4016,1.);
#4016 = DIRECTION('',(0.,1.));
#4017 = ( GEOMETRIC_REPRESENTATION_CONTEXT(2) 
PARAMETRIC_REPRESENTATION_CONTEXT() REPRESENTATION_CONTEXT('2D SPACE',''
  ) );
#4018 = PCURVE('',#3748,#4019);
#4019 = DEFINITIONAL_REPRESENTATION('',(#4020),#4024);
#4020 = LINE('',#4021,#4022);
#4021 = CARTESIAN_POINT('',(4.,0.));
#4022 = VECTOR('',#4023,1.);
#4023 = DIRECTION('',(0.,-1.));
#4024 = ( GEOMETRIC_REPRESENTATION_CONTEXT(2) 
PARAMETRIC_REPRESENTATION_CONTEXT() REPRESENTATION_CONTEXT('2D SPACE',''
  ) );
#4025 = ADVANCED_FACE('',(#4026),#2192,.T.);
#4026 = FACE_BOUND('',#4027,.T.);
#4027 = EDGE_LOOP('',(#4028,#4051,#4078,#4079));
#4028 = ORIENTED_EDGE('',*,*,#4029,.F.);
#4029 = EDGE_CURVE('',#4030,#1855,#4032,.T.);
#4030 = VERTEX_POINT('',#4031);
#4031 = CARTESIAN_POINT('',(24.,-8.,210.));
#4032 = SEAM_CURVE('',#4033,(#4037,#4044),.PCURVE_S1.);
#4033 = LINE('',#4034,#4035);
#4034 = CARTESIAN_POINT('',(24.,-8.,210.));
#4035 = VECTOR('',#4036,1.);
#4036 = DIRECTION('',(0.,1.,0.));
#4037 = PCURVE('',#2192,#4038);
#4038 = DEFINITIONAL_REPRESENTATION('',(#4039),#4043);
#4039 = LINE('',#4040,#4041);
#4040 = CARTESIAN_POINT('',(6.28318530718,0.));
#4041 = VECTOR('',#4042,1.);
#4042 = DIRECTION('',(0.,-1.));
#4043 = ( GEOMETRIC_REPRESENTATION_CONTEXT(2) 
PARAMETRIC_REPRESENTATION_CONTEXT() REPRESENTATION_CONTEXT('2D SPACE',''
  ) );
#4044 = PCURVE('',#2192,#4045);
#4045 = DEFINITIONAL_REPRESENTATION('',(#4046),#4050);
#4046 = LINE('',#4047,#4048);
#4047 = CARTESIAN_POINT('',(0.,0.));
#4048 = VECTOR('',#4049,1.);
#4049 = DIRECTION('',(0.,-1.));
#4050 = ( GEOMETRIC_REPRESENTATION_CONTEXT(2) 
PARAMETRIC_REPRESENTATION_CONTEXT() REPRESENTATION_CONTEXT('2D SPACE',''
  ) );
#4051 = ORIENTED_EDGE('',*,*,#4052,.F.);
#4052 = EDGE_CURVE('',#4030,#4030,#4053,.T.);
#4053 = SURFACE_CURVE('',#4054,(#4059,#4066),.PCURVE_S1.);
#4054 = CIRCLE('',#4055,24.);
#4055 = AXIS2_PLACEMENT_3D('',#4056,#4057,#4058);
#4056 = CARTESIAN_POINT('',(0.,-8.,210.));
#4057 = DIRECTION('',(0.,-1.,0.));
#4058 = DIRECTION('',(1.,0.,0.));
#4059 = PCURVE('',#2192,#4060);
#4060 = DEFINITIONAL_REPRESENTATION('',(#4061),#4065);
#4061 = LINE('',#4062,#4063);
#4062 = CARTESIAN_POINT('',(0.,0.));
#4063 = VECTOR('',#4064,1.);
#4064 = DIRECTION('',(1.,0.));
#4065 = ( GEOMETRIC_REPRESENTATION_CONTEXT(2) 
PARAMETRIC_REPRESENTATION_CONTEXT() REPRESENTATION_CONTEXT('2D SPACE',''
  ) );
#4066 = PCURVE('',#4067,#4072);
#4067 = PLANE('',#4068);
#4068 = AXIS2_PLACEMENT_3D('',#4069,#4070,#4071);
#4069 = CARTESIAN_POINT('',(-1.823253510053E-15,-8.,210.));
#4070 = DIRECTION('',(-0.,-1.,-0.));
#4071 = DIRECTION('',(0.,0.,-1.));
#4072 = DEFINITIONAL_REPRESENTATION('',(#4073),#4077);
#4073 = CIRCLE('',#4074,24.);
#4074 = AXIS2_PLACEMENT_2D('',#4075,#4076);
#4075 = CARTESIAN_POINT('',(0.,1.823253510053E-15));
#4076 = DIRECTION('',(0.,1.));
#4077 = ( GEOMETRIC_REPRESENTATION_CONTEXT(2) 
PARAMETRIC_REPRESENTATION_CONTEXT() REPRESENTATION_CONTEXT('2D SPACE',''
  ) );
#4078 = ORIENTED_EDGE('',*,*,#4029,.T.);
#4079 = ORIENTED_EDGE('',*,*,#1854,.T.);
#4080 = ADVANCED_FACE('',(#4081),#2795,.F.);
#4081 = FACE_BOUND('',#4082,.F.);
#4082 = EDGE_LOOP('',(#4083,#4107,#4128,#4129));
#4083 = ORIENTED_EDGE('',*,*,#4084,.F.);
#4084 = EDGE_CURVE('',#4085,#4085,#4087,.T.);
#4085 = VERTEX_POINT('',#4086);
#4086 = CARTESIAN_POINT('',(21.,-8.,210.));
#4087 = SURFACE_CURVE('',#4088,(#4093,#4100),.PCURVE_S1.);
#4088 = CIRCLE('',#4089,21.);
#4089 = AXIS2_PLACEMENT_3D('',#4090,#4091,#4092);
#4090 = CARTESIAN_POINT('',(0.,-8.,210.));
#4091 = DIRECTION('',(0.,-1.,0.));
#4092 = DIRECTION('',(1.,0.,0.));
#4093 = PCURVE('',#2795,#4094);
#4094 = DEFINITIONAL_REPRESENTATION('',(#4095),#4099);
#4095 = LINE('',#4096,#4097);
#4096 = CARTESIAN_POINT('',(0.,-1.));
#4097 = VECTOR('',#4098,1.);
#4098 = DIRECTION('',(1.,0.));
#4099 = ( GEOMETRIC_REPRESENTATION_CONTEXT(2) 
PARAMETRIC_REPRESENTATION_CONTEXT() REPRESENTATION_CONTEXT('2D SPACE',''
  ) );
#4100 = PCURVE('',#4067,#4101);
#4101 = DEFINITIONAL_REPRESENTATION('',(#4102),#4106);
#4102 = CIRCLE('',#4103,21.);
#4103 = AXIS2_PLACEMENT_2D('',#4104,#4105);
#4104 = CARTESIAN_POINT('',(0.,1.823253510053E-15));
#4105 = DIRECTION('',(0.,1.));
#4106 = ( GEOMETRIC_REPRESENTATION_CONTEXT(2) 
PARAMETRIC_REPRESENTATION_CONTEXT() REPRESENTATION_CONTEXT('2D SPACE',''
  ) );
#4107 = ORIENTED_EDGE('',*,*,#4108,.T.);
#4108 = EDGE_CURVE('',#4085,#2422,#4109,.T.);
#4109 = SEAM_CURVE('',#4110,(#4114,#4121),.PCURVE_S1.);
#4110 = LINE('',#4111,#4112);
#4111 = CARTESIAN_POINT('',(21.,-9.,210.));
#4112 = VECTOR('',#4113,1.);
#4113 = DIRECTION('',(0.,1.,0.));
#4114 = PCURVE('',#2795,#4115);
#4115 = DEFINITIONAL_REPRESENTATION('',(#4116),#4120);
#4116 = LINE('',#4117,#4118);
#4117 = CARTESIAN_POINT('',(4.138911435803E-13,0.));
#4118 = VECTOR('',#4119,1.);
#4119 = DIRECTION('',(0.,-1.));
#4120 = ( GEOMETRIC_REPRESENTATION_CONTEXT(2) 
PARAMETRIC_REPRESENTATION_CONTEXT() REPRESENTATION_CONTEXT('2D SPACE',''
  ) );
#4121 = PCURVE('',#2795,#4122);
#4122 = DEFINITIONAL_REPRESENTATION('',(#4123),#4127);
#4123 = LINE('',#4124,#4125);
#4124 = CARTESIAN_POINT('',(6.28318530718,0.));
#4125 = VECTOR('',#4126,1.);
#4126 = DIRECTION('',(0.,-1.));
#4127 = ( GEOMETRIC_REPRESENTATION_CONTEXT(2) 
PARAMETRIC_REPRESENTATION_CONTEXT() REPRESENTATION_CONTEXT('2D SPACE',''
  ) );
#4128 = ORIENTED_EDGE('',*,*,#2421,.T.);
#4129 = ORIENTED_EDGE('',*,*,#4108,.F.);
#4130 = ADVANCED_FACE('',(#4131),#3005,.F.);
#4131 = FACE_BOUND('',#4132,.F.);
#4132 = EDGE_LOOP('',(#4133,#4155));
#4133 = ORIENTED_EDGE('',*,*,#4134,.T.);
#4134 = EDGE_CURVE('',#2991,#2989,#4135,.T.);
#4135 = SURFACE_CURVE('',#4136,(#4141,#4148),.PCURVE_S1.);
#4136 = CIRCLE('',#4137,36.);
#4137 = AXIS2_PLACEMENT_3D('',#4138,#4139,#4140);
#4138 = CARTESIAN_POINT('',(0.,61.,210.));
#4139 = DIRECTION('',(0.,1.,0.));
#4140 = DIRECTION('',(0.,0.,1.));
#4141 = PCURVE('',#3005,#4142);
#4142 = DEFINITIONAL_REPRESENTATION('',(#4143),#4147);
#4143 = CIRCLE('',#4144,36.);
#4144 = AXIS2_PLACEMENT_2D('',#4145,#4146);
#4145 = CARTESIAN_POINT('',(0.,0.));
#4146 = DIRECTION('',(1.,0.));
#4147 = ( GEOMETRIC_REPRESENTATION_CONTEXT(2) 
PARAMETRIC_REPRESENTATION_CONTEXT() REPRESENTATION_CONTEXT('2D SPACE',''
  ) );
#4148 = PCURVE('',#3035,#4149);
#4149 = DEFINITIONAL_REPRESENTATION('',(#4150),#4154);
#4150 = LINE('',#4151,#4152);
#4151 = CARTESIAN_POINT('',(0.,23.));
#4152 = VECTOR('',#4153,1.);
#4153 = DIRECTION('',(1.,0.));
#4154 = ( GEOMETRIC_REPRESENTATION_CONTEXT(2) 
PARAMETRIC_REPRESENTATION_CONTEXT() REPRESENTATION_CONTEXT('2D SPACE',''
  ) );
#4155 = ORIENTED_EDGE('',*,*,#2988,.T.);
#4156 = ADVANCED_FACE('',(#4157),#3035,.F.);
#4157 = FACE_BOUND('',#4158,.F.);
#4158 = EDGE_LOOP('',(#4159,#4160));
#4159 = ORIENTED_EDGE('',*,*,#3017,.F.);
#4160 = ORIENTED_EDGE('',*,*,#4134,.F.);
#4161 = ADVANCED_FACE('',(#4162),#3068,.F.);
#4162 = FACE_BOUND('',#4163,.F.);
#4163 = EDGE_LOOP('',(#4164,#4165));
#4164 = ORIENTED_EDGE('',*,*,#3051,.F.);
#4165 = ORIENTED_EDGE('',*,*,#4166,.T.);
#4166 = EDGE_CURVE('',#3052,#3054,#4167,.T.);
#4167 = SURFACE_CURVE('',#4168,(#4173,#4180),.PCURVE_S1.);
#4168 = CIRCLE('',#4169,36.);
#4169 = AXIS2_PLACEMENT_3D('',#4170,#4171,#4172);
#4170 = CARTESIAN_POINT('',(0.,61.,210.));
#4171 = DIRECTION('',(0.,1.,0.));
#4172 = DIRECTION('',(0.,0.,1.));
#4173 = PCURVE('',#3068,#4174);
#4174 = DEFINITIONAL_REPRESENTATION('',(#4175),#4179);
#4175 = CIRCLE('',#4176,36.);
#4176 = AXIS2_PLACEMENT_2D('',#4177,#4178);
#4177 = CARTESIAN_POINT('',(0.,0.));
#4178 = DIRECTION('',(1.,0.));
#4179 = ( GEOMETRIC_REPRESENTATION_CONTEXT(2) 
PARAMETRIC_REPRESENTATION_CONTEXT() REPRESENTATION_CONTEXT('2D SPACE',''
  ) );
#4180 = PCURVE('',#3100,#4181);
#4181 = DEFINITIONAL_REPRESENTATION('',(#4182),#4186);
#4182 = LINE('',#4183,#4184);
#4183 = CARTESIAN_POINT('',(0.,23.));
#4184 = VECTOR('',#4185,1.);
#4185 = DIRECTION('',(1.,0.));
#4186 = ( GEOMETRIC_REPRESENTATION_CONTEXT(2) 
PARAMETRIC_REPRESENTATION_CONTEXT() REPRESENTATION_CONTEXT('2D SPACE',''
  ) );
#4187 = ADVANCED_FACE('',(#4188),#3100,.F.);
#4188 = FACE_BOUND('',#4189,.F.);
#4189 = EDGE_LOOP('',(#4190,#4191));
#4190 = ORIENTED_EDGE('',*,*,#4166,.F.);
#4191 = ORIENTED_EDGE('',*,*,#3080,.F.);
#4192 = ADVANCED_FACE('',(#4193),#3150,.T.);
#4193 = FACE_BOUND('',#4194,.T.);
#4194 = EDGE_LOOP('',(#4195,#4196,#4197,#4198,#4199,#4200));
#4195 = ORIENTED_EDGE('',*,*,#3355,.F.);
#4196 = ORIENTED_EDGE('',*,*,#3330,.T.);
#4197 = ORIENTED_EDGE('',*,*,#3281,.T.);
#4198 = ORIENTED_EDGE('',*,*,#3210,.F.);
#4199 = ORIENTED_EDGE('',*,*,#3132,.T.);
#4200 = ORIENTED_EDGE('',*,*,#3407,.F.);
#4201 = ADVANCED_FACE('',(#4202),#3449,.T.);
#4202 = FACE_BOUND('',#4203,.T.);
#4203 = EDGE_LOOP('',(#4204,#4205,#4206,#4207,#4208,#4209));
#4204 = ORIENTED_EDGE('',*,*,#3654,.F.);
#4205 = ORIENTED_EDGE('',*,*,#3629,.T.);
#4206 = ORIENTED_EDGE('',*,*,#3580,.T.);
#4207 = ORIENTED_EDGE('',*,*,#3509,.F.);
#4208 = ORIENTED_EDGE('',*,*,#3431,.T.);
#4209 = ORIENTED_EDGE('',*,*,#3706,.F.);
#4210 = ADVANCED_FACE('',(#4211),#3748,.T.);
#4211 = FACE_BOUND('',#4212,.T.);
#4212 = EDGE_LOOP('',(#4213,#4214,#4215,#4216,#4217,#4218));
#4213 = ORIENTED_EDGE('',*,*,#3953,.F.);
#4214 = ORIENTED_EDGE('',*,*,#3928,.T.);
#4215 = ORIENTED_EDGE('',*,*,#3879,.T.);
#4216 = ORIENTED_EDGE('',*,*,#3808,.F.);
#4217 = ORIENTED_EDGE('',*,*,#3730,.T.);
#4218 = ORIENTED_EDGE('',*,*,#4005,.F.);
#4219 = ADVANCED_FACE('',(#4220,#4223),#4067,.T.);
#4220 = FACE_BOUND('',#4221,.T.);
#4221 = EDGE_LOOP('',(#4222));
#4222 = ORIENTED_EDGE('',*,*,#4052,.T.);
#4223 = FACE_BOUND('',#4224,.T.);
#4224 = EDGE_LOOP('',(#4225));
#4225 = ORIENTED_EDGE('',*,*,#4084,.F.);
#4226 = ( GEOMETRIC_REPRESENTATION_CONTEXT(3) 
GLOBAL_UNCERTAINTY_ASSIGNED_CONTEXT((#4230)) 
GLOBAL_UNIT_ASSIGNED_CONTEXT((#4227,#4228,#4229)) REPRESENTATION_CONTEXT
('Context #1','3D Context with UNIT and UNCERTAINTY') );
#4227 = ( LENGTH_UNIT() NAMED_UNIT(*) SI_UNIT(.MILLI.,.METRE.) );
#4228 = ( NAMED_UNIT(*) PLANE_ANGLE_UNIT() SI_UNIT($,.RADIAN.) );
#4229 = ( NAMED_UNIT(*) SI_UNIT($,.STERADIAN.) SOLID_ANGLE_UNIT() );
#4230 = UNCERTAINTY_MEASURE_WITH_UNIT(LENGTH_MEASURE(1.E-07),#4227,
  'distance_accuracy_value','confusion accuracy');
#4231 = CONTEXT_DEPENDENT_SHAPE_REPRESENTATION(#4232,#4234);
#4232 = ( REPRESENTATION_RELATIONSHIP('','',#40,#10) 
REPRESENTATION_RELATIONSHIP_WITH_TRANSFORMATION(#4233) 
SHAPE_REPRESENTATION_RELATIONSHIP() );
#4233 = ITEM_DEFINED_TRANSFORMATION('','',#11,#15);
#4234 = PRODUCT_DEFINITION_SHAPE('Placement','Placement of an item',
  #4235);
#4235 = NEXT_ASSEMBLY_USAGE_OCCURRENCE('1','','',#5,#35,$);
#4236 = PRODUCT_RELATED_PRODUCT_CATEGORY('part',$,(#37));
#4237 = SHAPE_DEFINITION_REPRESENTATION(#4238,#4244);
#4238 = PRODUCT_DEFINITION_SHAPE('','',#4239);
#4239 = PRODUCT_DEFINITION('design','',#4240,#4243);
#4240 = PRODUCT_DEFINITION_FORMATION('','',#4241);
#4241 = PRODUCT('Open CASCADE STEP translator 7.9 2.2',
  'Open CASCADE STEP translator 7.9 2.2','',(#4242));
#4242 = PRODUCT_CONTEXT('',#2,'mechanical');
#4243 = PRODUCT_DEFINITION_CONTEXT('part definition',#2,'design');
#4244 = ADVANCED_BREP_SHAPE_REPRESENTATION('',(#11,#4245),#4459);
#4245 = MANIFOLD_SOLID_BREP('',#4246);
#4246 = CLOSED_SHELL('',(#4247,#4340,#4394,#4453));
#4247 = ADVANCED_FACE('',(#4248),#4262,.T.);
#4248 = FACE_BOUND('',#4249,.T.);
#4249 = EDGE_LOOP('',(#4250,#4285,#4313));
#4250 = ORIENTED_EDGE('',*,*,#4251,.F.);
#4251 = EDGE_CURVE('',#4252,#4254,#4256,.T.);
#4252 = VERTEX_POINT('',#4253);
#4253 = CARTESIAN_POINT('',(6.2,60.,247.5));
#4254 = VERTEX_POINT('',#4255);
#4255 = CARTESIAN_POINT('',(10.712142642814,60.,247.5));
#4256 = SURFACE_CURVE('',#4257,(#4261,#4273),.PCURVE_S1.);
#4257 = LINE('',#4258,#4259);
#4258 = CARTESIAN_POINT('',(-1.215502340035E-15,60.,247.5));
#4259 = VECTOR('',#4260,1.);
#4260 = DIRECTION('',(1.,0.,0.));
#4261 = PCURVE('',#4262,#4267);
#4262 = PLANE('',#4263);
#4263 = AXIS2_PLACEMENT_3D('',#4264,#4265,#4266);
#4264 = CARTESIAN_POINT('',(0.,60.,210.));
#4265 = DIRECTION('',(0.,1.,0.));
#4266 = DIRECTION('',(0.,0.,1.));
#4267 = DEFINITIONAL_REPRESENTATION('',(#4268),#4272);
#4268 = LINE('',#4269,#4270);
#4269 = CARTESIAN_POINT('',(37.5,-1.215502340035E-15));
#4270 = VECTOR('',#4271,1.);
#4271 = DIRECTION('',(0.,1.));
#4272 = ( GEOMETRIC_REPRESENTATION_CONTEXT(2) 
PARAMETRIC_REPRESENTATION_CONTEXT() REPRESENTATION_CONTEXT('2D SPACE',''
  ) );
#4273 = PCURVE('',#4274,#4279);
#4274 = PLANE('',#4275);
#4275 = AXIS2_PLACEMENT_3D('',#4276,#4277,#4278);
#4276 = CARTESIAN_POINT('',(-2.43100468007E-15,60.,247.5));
#4277 = DIRECTION('',(0.,0.,1.));
#4278 = DIRECTION('',(1.,0.,0.));
#4279 = DEFINITIONAL_REPRESENTATION('',(#4280),#4284);
#4280 = LINE('',#4281,#4282);
#4281 = CARTESIAN_POINT('',(1.215502340035E-15,0.));
#4282 = VECTOR('',#4283,1.);
#4283 = DIRECTION('',(1.,0.));
#4284 = ( GEOMETRIC_REPRESENTATION_CONTEXT(2) 
PARAMETRIC_REPRESENTATION_CONTEXT() REPRESENTATION_CONTEXT('2D SPACE',''
  ) );
#4285 = ORIENTED_EDGE('',*,*,#4286,.T.);
#4286 = EDGE_CURVE('',#4252,#4287,#4289,.T.);
#4287 = VERTEX_POINT('',#4288);
#4288 = CARTESIAN_POINT('',(6.199999999999,60.,248.50402576354));
#4289 = SURFACE_CURVE('',#4290,(#4294,#4301),.PCURVE_S1.);
#4290 = LINE('',#4291,#4292);
#4291 = CARTESIAN_POINT('',(6.2,60.,247.));
#4292 = VECTOR('',#4293,1.);
#4293 = DIRECTION('',(0.,0.,1.));
#4294 = PCURVE('',#4262,#4295);
#4295 = DEFINITIONAL_REPRESENTATION('',(#4296),#4300);
#4296 = LINE('',#4297,#4298);
#4297 = CARTESIAN_POINT('',(37.,6.2));
#4298 = VECTOR('',#4299,1.);
#4299 = DIRECTION('',(1.,0.));
#4300 = ( GEOMETRIC_REPRESENTATION_CONTEXT(2) 
PARAMETRIC_REPRESENTATION_CONTEXT() REPRESENTATION_CONTEXT('2D SPACE',''
  ) );
#4301 = PCURVE('',#4302,#4307);
#4302 = CYLINDRICAL_SURFACE('',#4303,6.2);
#4303 = AXIS2_PLACEMENT_3D('',#4304,#4305,#4306);
#4304 = CARTESIAN_POINT('',(0.,60.,247.));
#4305 = DIRECTION('',(0.,0.,1.));
#4306 = DIRECTION('',(1.,0.,-0.));
#4307 = DEFINITIONAL_REPRESENTATION('',(#4308),#4312);
#4308 = LINE('',#4309,#4310);
#4309 = CARTESIAN_POINT('',(6.28318530718,-0.));
#4310 = VECTOR('',#4311,1.);
#4311 = DIRECTION('',(0.,1.));
#4312 = ( GEOMETRIC_REPRESENTATION_CONTEXT(2) 
PARAMETRIC_REPRESENTATION_CONTEXT() REPRESENTATION_CONTEXT('2D SPACE',''
  ) );
#4313 = ORIENTED_EDGE('',*,*,#4314,.T.);
#4314 = EDGE_CURVE('',#4287,#4254,#4315,.T.);
#4315 = SURFACE_CURVE('',#4316,(#4321,#4328),.PCURVE_S1.);
#4316 = CIRCLE('',#4317,39.);
#4317 = AXIS2_PLACEMENT_3D('',#4318,#4319,#4320);
#4318 = CARTESIAN_POINT('',(0.,60.,210.));
#4319 = DIRECTION('',(0.,1.,-0.));
#4320 = DIRECTION('',(-0.35227260677,0.,0.935897435897));
#4321 = PCURVE('',#4262,#4322);
#4322 = DEFINITIONAL_REPRESENTATION('',(#4323),#4327);
#4323 = CIRCLE('',#4324,39.);
#4324 = AXIS2_PLACEMENT_2D('',#4325,#4326);
#4325 = CARTESIAN_POINT('',(0.,0.));
#4326 = DIRECTION('',(0.935897435897,-0.35227260677));
#4327 = ( GEOMETRIC_REPRESENTATION_CONTEXT(2) 
PARAMETRIC_REPRESENTATION_CONTEXT() REPRESENTATION_CONTEXT('2D SPACE',''
  ) );
#4328 = PCURVE('',#4329,#4334);
#4329 = CONICAL_SURFACE('',#4330,24.,0.598418893479);
#4330 = AXIS2_PLACEMENT_3D('',#4331,#4332,#4333);
#4331 = CARTESIAN_POINT('',(0.,38.,210.));
#4332 = DIRECTION('',(0.,1.,0.));
#4333 = DIRECTION('',(0.,0.,1.));
#4334 = DEFINITIONAL_REPRESENTATION('',(#4335),#4339);
#4335 = LINE('',#4336,#4337);
#4336 = CARTESIAN_POINT('',(-0.35999826209,22.));
#4337 = VECTOR('',#4338,1.);
#4338 = DIRECTION('',(1.,0.));
#4339 = ( GEOMETRIC_REPRESENTATION_CONTEXT(2) 
PARAMETRIC_REPRESENTATION_CONTEXT() REPRESENTATION_CONTEXT('2D SPACE',''
  ) );
#4340 = ADVANCED_FACE('',(#4341),#4274,.F.);
#4341 = FACE_BOUND('',#4342,.F.);
#4342 = EDGE_LOOP('',(#4343,#4371,#4372));
#4343 = ORIENTED_EDGE('',*,*,#4344,.F.);
#4344 = EDGE_CURVE('',#4254,#4345,#4347,.T.);
#4345 = VERTEX_POINT('',#4346);
#4346 = CARTESIAN_POINT('',(6.016663640641,58.503417681722,247.5));
#4347 = SURFACE_CURVE('',#4348,(#4353,#4360),.PCURVE_S1.);
#4348 = HYPERBOLA('',#4349,55.,37.5);
#4349 = AXIS2_PLACEMENT_3D('',#4350,#4351,#4352);
#4350 = CARTESIAN_POINT('',(0.,2.8,247.5));
#4351 = DIRECTION('',(0.,-0.,1.));
#4352 = DIRECTION('',(0.,1.,0.));
#4353 = PCURVE('',#4274,#4354);
#4354 = DEFINITIONAL_REPRESENTATION('',(#4355),#4359);
#4355 = HYPERBOLA('',#4356,55.,37.5);
#4356 = AXIS2_PLACEMENT_2D('',#4357,#4358);
#4357 = CARTESIAN_POINT('',(2.43100468007E-15,-57.2));
#4358 = DIRECTION('',(0.,1.));
#4359 = ( GEOMETRIC_REPRESENTATION_CONTEXT(2) 
PARAMETRIC_REPRESENTATION_CONTEXT() REPRESENTATION_CONTEXT('2D SPACE',''
  ) );
#4360 = PCURVE('',#4329,#4361);
#4361 = DEFINITIONAL_REPRESENTATION('',(#4362),#4370);
#4362 = B_SPLINE_CURVE_WITH_KNOTS('',6,(#4363,#4364,#4365,#4366,#4367,
    #4368,#4369),.UNSPECIFIED.,.F.,.F.,(7,7),(-0.281908289054,
    0.281908289054),.PIECEWISE_BEZIER_KNOTS.);
#4363 = CARTESIAN_POINT('',(0.278246822734,22.));
#4364 = CARTESIAN_POINT('',(0.187891601884,20.523632895558));
#4365 = CARTESIAN_POINT('',(9.473900508841E-02,19.653374376686));
#4366 = CARTESIAN_POINT('',(-5.861977570021E-13,19.365758692871));
#4367 = CARTESIAN_POINT('',(-9.473900508859E-02,19.653374376686));
#4368 = CARTESIAN_POINT('',(-0.187891601885,20.523632895558));
#4369 = CARTESIAN_POINT('',(-0.278246822735,22.));
#4370 = ( GEOMETRIC_REPRESENTATION_CONTEXT(2) 
PARAMETRIC_REPRESENTATION_CONTEXT() REPRESENTATION_CONTEXT('2D SPACE',''
  ) );
#4371 = ORIENTED_EDGE('',*,*,#4251,.F.);
#4372 = ORIENTED_EDGE('',*,*,#4373,.F.);
#4373 = EDGE_CURVE('',#4345,#4252,#4374,.T.);
#4374 = SURFACE_CURVE('',#4375,(#4380,#4387),.PCURVE_S1.);
#4375 = CIRCLE('',#4376,6.2);
#4376 = AXIS2_PLACEMENT_3D('',#4377,#4378,#4379);
#4377 = CARTESIAN_POINT('',(0.,60.,247.5));
#4378 = DIRECTION('',(0.,0.,1.));
#4379 = DIRECTION('',(1.,0.,-0.));
#4380 = PCURVE('',#4274,#4381);
#4381 = DEFINITIONAL_REPRESENTATION('',(#4382),#4386);
#4382 = CIRCLE('',#4383,6.2);
#4383 = AXIS2_PLACEMENT_2D('',#4384,#4385);
#4384 = CARTESIAN_POINT('',(2.43100468007E-15,0.));
#4385 = DIRECTION('',(1.,0.));
#4386 = ( GEOMETRIC_REPRESENTATION_CONTEXT(2) 
PARAMETRIC_REPRESENTATION_CONTEXT() REPRESENTATION_CONTEXT('2D SPACE',''
  ) );
#4387 = PCURVE('',#4302,#4388);
#4388 = DEFINITIONAL_REPRESENTATION('',(#4389),#4393);
#4389 = LINE('',#4390,#4391);
#4390 = CARTESIAN_POINT('',(0.,0.5));
#4391 = VECTOR('',#4392,1.);
#4392 = DIRECTION('',(1.,0.));
#4393 = ( GEOMETRIC_REPRESENTATION_CONTEXT(2) 
PARAMETRIC_REPRESENTATION_CONTEXT() REPRESENTATION_CONTEXT('2D SPACE',''
  ) );
#4394 = ADVANCED_FACE('',(#4395),#4329,.T.);
#4395 = FACE_BOUND('',#4396,.T.);
#4396 = EDGE_LOOP('',(#4397,#4398,#4452));
#4397 = ORIENTED_EDGE('',*,*,#4314,.F.);
#4398 = ORIENTED_EDGE('',*,*,#4399,.F.);
#4399 = EDGE_CURVE('',#4345,#4287,#4400,.T.);
#4400 = SURFACE_CURVE('',#4401,(#4416,#4434),.PCURVE_S1.);
#4401 = B_SPLINE_CURVE_WITH_KNOTS('',4,(#4402,#4403,#4404,#4405,#4406,
    #4407,#4408,#4409,#4410,#4411,#4412,#4413,#4414,#4415),
  .UNSPECIFIED.,.F.,.F.,(5,3,3,3,5),(0.,0.244612318312,0.493490976293,
    0.746971628591,1.),.UNSPECIFIED.);
#4402 = CARTESIAN_POINT('',(5.766228526852,57.721709286303,246.9999994)
  );
#4403 = CARTESIAN_POINT('',(5.821055665003,57.860473758348,
    247.0872091053));
#4404 = CARTESIAN_POINT('',(5.870867922583,57.999573559097,
    247.17537199498));
#4405 = CARTESIAN_POINT('',(5.915856791294,58.138895057983,
    247.2644139716));
#4406 = CARTESIAN_POINT('',(5.99718076637,58.420241306232,
    247.44569704022));
#4407 = CARTESIAN_POINT('',(6.033351451211,58.562270349772,
    247.53796661393));
#4408 = CARTESIAN_POINT('',(6.064832150263,58.704348002863,
    247.63101394834));
#4409 = CARTESIAN_POINT('',(6.119131533841,58.99108347104,
    247.82027970325));
#4410 = CARTESIAN_POINT('',(6.141779441538,59.135740051933,
    247.91652476043));
#4411 = CARTESIAN_POINT('',(6.159793522371,59.280295955105,
    248.01345252827));
#4412 = CARTESIAN_POINT('',(6.186682561221,59.568822476601,
    248.20838372089));
#4413 = CARTESIAN_POINT('',(6.195573863689,59.712793393184,
    248.30638476173));
#4414 = CARTESIAN_POINT('',(6.2,59.85653783923,248.40495068766));
#4415 = CARTESIAN_POINT('',(6.2,60.,248.50402576356));
#4416 = PCURVE('',#4329,#4417);
#4417 = DEFINITIONAL_REPRESENTATION('',(#4418),#4433);
#4418 = B_SPLINE_CURVE_WITH_KNOTS('',4,(#4419,#4420,#4421,#4422,#4423,
    #4424,#4425,#4426,#4427,#4428,#4429,#4430,#4431,#4432),
  .UNSPECIFIED.,.F.,.F.,(5,3,3,3,5),(0.,0.244612318312,0.493490976293,
    0.746971628591,1.),.UNSPECIFIED.);
#4419 = CARTESIAN_POINT('',(0.154600409651,19.721709286303));
#4420 = CARTESIAN_POINT('',(0.155688470766,19.860473758348));
#4421 = CARTESIAN_POINT('',(0.156632958505,19.999573559097));
#4422 = CARTESIAN_POINT('',(0.157441366545,20.138895057983));
#4423 = CARTESIAN_POINT('',(0.158809846818,20.420241306232));
#4424 = CARTESIAN_POINT('',(0.159365349386,20.562270349772));
#4425 = CARTESIAN_POINT('',(0.15979251921,20.704348002863));
#4426 = CARTESIAN_POINT('',(0.160405746154,20.99108347104));
#4427 = CARTESIAN_POINT('',(0.160587205189,21.135740051933));
#4428 = CARTESIAN_POINT('',(0.160645954212,21.280295955105));
#4429 = CARTESIAN_POINT('',(0.160526139533,21.568822476601));
#4430 = CARTESIAN_POINT('',(0.160348003654,21.712793393184));
#4431 = CARTESIAN_POINT('',(0.160055569776,21.85653783923));
#4432 = CARTESIAN_POINT('',(0.159651713451,22.));
#4433 = ( GEOMETRIC_REPRESENTATION_CONTEXT(2) 
PARAMETRIC_REPRESENTATION_CONTEXT() REPRESENTATION_CONTEXT('2D SPACE',''
  ) );
#4434 = PCURVE('',#4302,#4435);
#4435 = DEFINITIONAL_REPRESENTATION('',(#4436),#4451);
#4436 = B_SPLINE_CURVE_WITH_KNOTS('',4,(#4437,#4438,#4439,#4440,#4441,
    #4442,#4443,#4444,#4445,#4446,#4447,#4448,#4449,#4450),
  .UNSPECIFIED.,.F.,.F.,(5,3,3,3,5),(0.,0.244612318312,0.493490976293,
    0.746971628591,1.),.UNSPECIFIED.);
#4437 = CARTESIAN_POINT('',(5.906902118407,-6.000000496442E-07));
#4438 = CARTESIAN_POINT('',(5.930967150064,8.720910530681E-02));
#4439 = CARTESIAN_POINT('',(5.95478530203,0.175371994988));
#4440 = CARTESIAN_POINT('',(5.978387770547,0.264413971604));
#4441 = CARTESIAN_POINT('',(6.025623893475,0.445697040221));
#4442 = CARTESIAN_POINT('',(6.049250933119,0.537966613933));
#4443 = CARTESIAN_POINT('',(6.072711305291,0.631013948347));
#4444 = CARTESIAN_POINT('',(6.119780909631,0.82027970325));
#4445 = CARTESIAN_POINT('',(6.143384895248,0.916524760433));
#4446 = CARTESIAN_POINT('',(6.166869411702,1.013452528271));
#4447 = CARTESIAN_POINT('',(6.21360759974,1.208383720898));
#4448 = CARTESIAN_POINT('',(6.23686163006,1.306384761734));
#4449 = CARTESIAN_POINT('',(6.260046248991,1.404950687662));
#4450 = CARTESIAN_POINT('',(6.28318530718,1.504025763564));
#4451 = ( GEOMETRIC_REPRESENTATION_CONTEXT(2) 
PARAMETRIC_REPRESENTATION_CONTEXT() REPRESENTATION_CONTEXT('2D SPACE',''
  ) );
#4452 = ORIENTED_EDGE('',*,*,#4344,.F.);
#4453 = ADVANCED_FACE('',(#4454),#4302,.F.);
#4454 = FACE_BOUND('',#4455,.F.);
#4455 = EDGE_LOOP('',(#4456,#4457,#4458));
#4456 = ORIENTED_EDGE('',*,*,#4286,.T.);
#4457 = ORIENTED_EDGE('',*,*,#4399,.F.);
#4458 = ORIENTED_EDGE('',*,*,#4373,.T.);
#4459 = ( GEOMETRIC_REPRESENTATION_CONTEXT(3) 
GLOBAL_UNCERTAINTY_ASSIGNED_CONTEXT((#4463)) 
GLOBAL_UNIT_ASSIGNED_CONTEXT((#4460,#4461,#4462)) REPRESENTATION_CONTEXT
('Context #1','3D Context with UNIT and UNCERTAINTY') );
#4460 = ( LENGTH_UNIT() NAMED_UNIT(*) SI_UNIT(.MILLI.,.METRE.) );
#4461 = ( NAMED_UNIT(*) PLANE_ANGLE_UNIT() SI_UNIT($,.RADIAN.) );
#4462 = ( NAMED_UNIT(*) SI_UNIT($,.STERADIAN.) SOLID_ANGLE_UNIT() );
#4463 = UNCERTAINTY_MEASURE_WITH_UNIT(LENGTH_MEASURE(1.E-06),#4460,
  'distance_accuracy_value','confusion accuracy');
#4464 = CONTEXT_DEPENDENT_SHAPE_REPRESENTATION(#4465,#4467);
#4465 = ( REPRESENTATION_RELATIONSHIP('','',#4244,#10) 
REPRESENTATION_RELATIONSHIP_WITH_TRANSFORMATION(#4466) 
SHAPE_REPRESENTATION_RELATIONSHIP() );
#4466 = ITEM_DEFINED_TRANSFORMATION('','',#11,#19);
#4467 = PRODUCT_DEFINITION_SHAPE('Placement','Placement of an item',
  #4468);
#4468 = NEXT_ASSEMBLY_USAGE_OCCURRENCE('2','','',#5,#4239,$);
#4469 = PRODUCT_RELATED_PRODUCT_CATEGORY('part',$,(#4241));
#4470 = SHAPE_DEFINITION_REPRESENTATION(#4471,#4477);
#4471 = PRODUCT_DEFINITION_SHAPE('','',#4472);
#4472 = PRODUCT_DEFINITION('design','',#4473,#4476);
#4473 = PRODUCT_DEFINITION_FORMATION('','',#4474);
#4474 = PRODUCT('Open CASCADE STEP translator 7.9 2.3',
  'Open CASCADE STEP translator 7.9 2.3','',(#4475));
#4475 = PRODUCT_CONTEXT('',#2,'mechanical');
#4476 = PRODUCT_DEFINITION_CONTEXT('part definition',#2,'design');
#4477 = ADVANCED_BREP_SHAPE_REPRESENTATION('',(#11,#4478),#4672);
#4478 = MANIFOLD_SOLID_BREP('',#4479);
#4479 = CLOSED_SHELL('',(#4480,#4571,#4635,#4666));
#4480 = ADVANCED_FACE('',(#4481),#4495,.T.);
#4481 = FACE_BOUND('',#4482,.T.);
#4482 = EDGE_LOOP('',(#4483,#4516,#4544));
#4483 = ORIENTED_EDGE('',*,*,#4484,.F.);
#4484 = EDGE_CURVE('',#4485,#4487,#4489,.T.);
#4485 = VERTEX_POINT('',#4486);
#4486 = CARTESIAN_POINT('',(-6.2,60.,247.5));
#4487 = VERTEX_POINT('',#4488);
#4488 = CARTESIAN_POINT('',(-6.2,60.,248.50402576354));
#4489 = SURFACE_CURVE('',#4490,(#4494,#4505),.PCURVE_S1.);
#4490 = LINE('',#4491,#4492);
#4491 = CARTESIAN_POINT('',(-6.2,60.,247.));
#4492 = VECTOR('',#4493,1.);
#4493 = DIRECTION('',(0.,0.,1.));
#4494 = PCURVE('',#4495,#4500);
#4495 = PLANE('',#4496);
#4496 = AXIS2_PLACEMENT_3D('',#4497,#4498,#4499);
#4497 = CARTESIAN_POINT('',(0.,60.,210.));
#4498 = DIRECTION('',(0.,1.,0.));
#4499 = DIRECTION('',(0.,0.,1.));
#4500 = DEFINITIONAL_REPRESENTATION('',(#4501),#4504);
#4501 = B_SPLINE_CURVE_WITH_KNOTS('',1,(#4502,#4503),.UNSPECIFIED.,.F.,
  .F.,(2,2),(0.35,2.15),.PIECEWISE_BEZIER_KNOTS.);
#4502 = CARTESIAN_POINT('',(37.35,-6.2));
#4503 = CARTESIAN_POINT('',(39.15,-6.2));
#4504 = ( GEOMETRIC_REPRESENTATION_CONTEXT(2) 
PARAMETRIC_REPRESENTATION_CONTEXT() REPRESENTATION_CONTEXT('2D SPACE',''
  ) );
#4505 = PCURVE('',#4506,#4511);
#4506 = CYLINDRICAL_SURFACE('',#4507,6.2);
#4507 = AXIS2_PLACEMENT_3D('',#4508,#4509,#4510);
#4508 = CARTESIAN_POINT('',(0.,60.,247.));
#4509 = DIRECTION('',(0.,0.,1.));
#4510 = DIRECTION('',(1.,0.,-0.));
#4511 = DEFINITIONAL_REPRESENTATION('',(#4512),#4515);
#4512 = B_SPLINE_CURVE_WITH_KNOTS('',1,(#4513,#4514),.UNSPECIFIED.,.F.,
  .F.,(2,2),(0.35,2.15),.PIECEWISE_BEZIER_KNOTS.);
#4513 = CARTESIAN_POINT('',(3.14159265359,0.35));
#4514 = CARTESIAN_POINT('',(3.14159265359,2.15));
#4515 = ( GEOMETRIC_REPRESENTATION_CONTEXT(2) 
PARAMETRIC_REPRESENTATION_CONTEXT() REPRESENTATION_CONTEXT('2D SPACE',''
  ) );
#4516 = ORIENTED_EDGE('',*,*,#4517,.F.);
#4517 = EDGE_CURVE('',#4518,#4485,#4520,.T.);
#4518 = VERTEX_POINT('',#4519);
#4519 = CARTESIAN_POINT('',(-10.71214264281,60.,247.5));
#4520 = SURFACE_CURVE('',#4521,(#4525,#4532),.PCURVE_S1.);
#4521 = LINE('',#4522,#4523);
#4522 = CARTESIAN_POINT('',(-1.215502340035E-15,60.,247.5));
#4523 = VECTOR('',#4524,1.);
#4524 = DIRECTION('',(1.,0.,0.));
#4525 = PCURVE('',#4495,#4526);
#4526 = DEFINITIONAL_REPRESENTATION('',(#4527),#4531);
#4527 = LINE('',#4528,#4529);
#4528 = CARTESIAN_POINT('',(37.5,-1.215502340035E-15));
#4529 = VECTOR('',#4530,1.);
#4530 = DIRECTION('',(0.,1.));
#4531 = ( GEOMETRIC_REPRESENTATION_CONTEXT(2) 
PARAMETRIC_REPRESENTATION_CONTEXT() REPRESENTATION_CONTEXT('2D SPACE',''
  ) );
#4532 = PCURVE('',#4533,#4538);
#4533 = PLANE('',#4534);
#4534 = AXIS2_PLACEMENT_3D('',#4535,#4536,#4537);
#4535 = CARTESIAN_POINT('',(-2.43100468007E-15,60.,247.5));
#4536 = DIRECTION('',(0.,0.,1.));
#4537 = DIRECTION('',(1.,0.,0.));
#4538 = DEFINITIONAL_REPRESENTATION('',(#4539),#4543);
#4539 = LINE('',#4540,#4541);
#4540 = CARTESIAN_POINT('',(1.215502340035E-15,0.));
#4541 = VECTOR('',#4542,1.);
#4542 = DIRECTION('',(1.,0.));
#4543 = ( GEOMETRIC_REPRESENTATION_CONTEXT(2) 
PARAMETRIC_REPRESENTATION_CONTEXT() REPRESENTATION_CONTEXT('2D SPACE',''
  ) );
#4544 = ORIENTED_EDGE('',*,*,#4545,.T.);
#4545 = EDGE_CURVE('',#4518,#4487,#4546,.T.);
#4546 = SURFACE_CURVE('',#4547,(#4552,#4559),.PCURVE_S1.);
#4547 = CIRCLE('',#4548,39.);
#4548 = AXIS2_PLACEMENT_3D('',#4549,#4550,#4551);
#4549 = CARTESIAN_POINT('',(0.,60.,210.));
#4550 = DIRECTION('',(0.,1.,-0.));
#4551 = DIRECTION('',(-0.35227260677,0.,0.935897435897));
#4552 = PCURVE('',#4495,#4553);
#4553 = DEFINITIONAL_REPRESENTATION('',(#4554),#4558);
#4554 = CIRCLE('',#4555,39.);
#4555 = AXIS2_PLACEMENT_2D('',#4556,#4557);
#4556 = CARTESIAN_POINT('',(0.,0.));
#4557 = DIRECTION('',(0.935897435897,-0.35227260677));
#4558 = ( GEOMETRIC_REPRESENTATION_CONTEXT(2) 
PARAMETRIC_REPRESENTATION_CONTEXT() REPRESENTATION_CONTEXT('2D SPACE',''
  ) );
#4559 = PCURVE('',#4560,#4565);
#4560 = CONICAL_SURFACE('',#4561,24.,0.598418893479);
#4561 = AXIS2_PLACEMENT_3D('',#4562,#4563,#4564);
#4562 = CARTESIAN_POINT('',(0.,38.,210.));
#4563 = DIRECTION('',(0.,1.,0.));
#4564 = DIRECTION('',(0.,0.,1.));
#4565 = DEFINITIONAL_REPRESENTATION('',(#4566),#4570);
#4566 = LINE('',#4567,#4568);
#4567 = CARTESIAN_POINT('',(-0.35999826209,22.));
#4568 = VECTOR('',#4569,1.);
#4569 = DIRECTION('',(1.,0.));
#4570 = ( GEOMETRIC_REPRESENTATION_CONTEXT(2) 
PARAMETRIC_REPRESENTATION_CONTEXT() REPRESENTATION_CONTEXT('2D SPACE',''
  ) );
#4571 = ADVANCED_FACE('',(#4572),#4506,.F.);
#4572 = FACE_BOUND('',#4573,.F.);
#4573 = EDGE_LOOP('',(#4574,#4575,#4599));
#4574 = ORIENTED_EDGE('',*,*,#4484,.F.);
#4575 = ORIENTED_EDGE('',*,*,#4576,.T.);
#4576 = EDGE_CURVE('',#4485,#4577,#4579,.T.);
#4577 = VERTEX_POINT('',#4578);
#4578 = CARTESIAN_POINT('',(-6.016663640641,58.503417681722,247.5));
#4579 = SURFACE_CURVE('',#4580,(#4585,#4592),.PCURVE_S1.);
#4580 = CIRCLE('',#4581,6.2);
#4581 = AXIS2_PLACEMENT_3D('',#4582,#4583,#4584);
#4582 = CARTESIAN_POINT('',(0.,60.,247.5));
#4583 = DIRECTION('',(0.,0.,1.));
#4584 = DIRECTION('',(1.,0.,-0.));
#4585 = PCURVE('',#4506,#4586);
#4586 = DEFINITIONAL_REPRESENTATION('',(#4587),#4591);
#4587 = LINE('',#4588,#4589);
#4588 = CARTESIAN_POINT('',(0.,0.5));
#4589 = VECTOR('',#4590,1.);
#4590 = DIRECTION('',(1.,0.));
#4591 = ( GEOMETRIC_REPRESENTATION_CONTEXT(2) 
PARAMETRIC_REPRESENTATION_CONTEXT() REPRESENTATION_CONTEXT('2D SPACE',''
  ) );
#4592 = PCURVE('',#4533,#4593);
#4593 = DEFINITIONAL_REPRESENTATION('',(#4594),#4598);
#4594 = CIRCLE('',#4595,6.2);
#4595 = AXIS2_PLACEMENT_2D('',#4596,#4597);
#4596 = CARTESIAN_POINT('',(2.43100468007E-15,0.));
#4597 = DIRECTION('',(1.,0.));
#4598 = ( GEOMETRIC_REPRESENTATION_CONTEXT(2) 
PARAMETRIC_REPRESENTATION_CONTEXT() REPRESENTATION_CONTEXT('2D SPACE',''
  ) );
#4599 = ORIENTED_EDGE('',*,*,#4600,.F.);
#4600 = EDGE_CURVE('',#4487,#4577,#4601,.T.);
#4601 = SURFACE_CURVE('',#4602,(#4611,#4623),.PCURVE_S1.);
#4602 = B_SPLINE_CURVE_WITH_KNOTS('',7,(#4603,#4604,#4605,#4606,#4607,
    #4608,#4609,#4610),.UNSPECIFIED.,.F.,.F.,(8,8),(0.,1.),
  .PIECEWISE_BEZIER_KNOTS.);
#4603 = CARTESIAN_POINT('',(-6.2,60.,248.50402576356));
#4604 = CARTESIAN_POINT('',(-6.2,59.675994510791,248.28026732953));
#4605 = CARTESIAN_POINT('',(-6.180245925945,59.35077446657,
    248.05881265037));
#4606 = CARTESIAN_POINT('',(-6.140470160225,59.024665371513,
    247.84000561731));
#4607 = CARTESIAN_POINT('',(-6.080130820342,58.698098367734,
    247.62424851498));
#4608 = CARTESIAN_POINT('',(-5.99843151043,58.371616980317,
    247.41199399742));
#4609 = CARTESIAN_POINT('',(-5.894313080118,58.045884248018,
    247.20373456695));
#4610 = CARTESIAN_POINT('',(-5.766228526852,57.721709286303,246.9999994)
  );
#4611 = PCURVE('',#4506,#4612);
#4612 = DEFINITIONAL_REPRESENTATION('',(#4613),#4622);
#4613 = B_SPLINE_CURVE_WITH_KNOTS('',7,(#4614,#4615,#4616,#4617,#4618,
    #4619,#4620,#4621),.UNSPECIFIED.,.F.,.F.,(8,8),(0.,1.),
  .PIECEWISE_BEZIER_KNOTS.);
#4614 = CARTESIAN_POINT('',(3.14159265359,1.504025763564));
#4615 = CARTESIAN_POINT('',(3.193851603462,1.280267329538));
#4616 = CARTESIAN_POINT('',(3.246306431033,1.058812650377));
#4617 = CARTESIAN_POINT('',(3.299137873286,0.840005617311));
#4618 = CARTESIAN_POINT('',(3.352516921754,0.624248514989));
#4619 = CARTESIAN_POINT('',(3.406623430016,0.41199399742));
#4620 = CARTESIAN_POINT('',(3.461656259631,0.203734566952));
#4621 = CARTESIAN_POINT('',(3.517875842363,-6.E-07));
#4622 = ( GEOMETRIC_REPRESENTATION_CONTEXT(2) 
PARAMETRIC_REPRESENTATION_CONTEXT() REPRESENTATION_CONTEXT('2D SPACE',''
  ) );
#4623 = PCURVE('',#4560,#4624);
#4624 = DEFINITIONAL_REPRESENTATION('',(#4625),#4634);
#4625 = B_SPLINE_CURVE_WITH_KNOTS('',7,(#4626,#4627,#4628,#4629,#4630,
    #4631,#4632,#4633),.UNSPECIFIED.,.F.,.F.,(8,8),(0.,1.),
  .PIECEWISE_BEZIER_KNOTS.);
#4626 = CARTESIAN_POINT('',(-0.159651713451,22.));
#4627 = CARTESIAN_POINT('',(-0.160563812261,21.675994510791));
#4628 = CARTESIAN_POINT('',(-0.160978502744,21.35077446657));
#4629 = CARTESIAN_POINT('',(-0.160875854388,21.024665371513));
#4630 = CARTESIAN_POINT('',(-0.160227803484,20.698098367734));
#4631 = CARTESIAN_POINT('',(-0.158998176624,20.371616980317));
#4632 = CARTESIAN_POINT('',(-0.157142286294,20.045884248018));
#4633 = CARTESIAN_POINT('',(-0.154600409651,19.721709286303));
#4634 = ( GEOMETRIC_REPRESENTATION_CONTEXT(2) 
PARAMETRIC_REPRESENTATION_CONTEXT() REPRESENTATION_CONTEXT('2D SPACE',''
  ) );
#4635 = ADVANCED_FACE('',(#4636),#4560,.T.);
#4636 = FACE_BOUND('',#4637,.T.);
#4637 = EDGE_LOOP('',(#4638,#4639,#4640));
#4638 = ORIENTED_EDGE('',*,*,#4600,.F.);
#4639 = ORIENTED_EDGE('',*,*,#4545,.F.);
#4640 = ORIENTED_EDGE('',*,*,#4641,.F.);
#4641 = EDGE_CURVE('',#4577,#4518,#4642,.T.);
#4642 = SURFACE_CURVE('',#4643,(#4648,#4659),.PCURVE_S1.);
#4643 = HYPERBOLA('',#4644,55.,37.5);
#4644 = AXIS2_PLACEMENT_3D('',#4645,#4646,#4647);
#4645 = CARTESIAN_POINT('',(0.,2.8,247.5));
#4646 = DIRECTION('',(0.,-0.,1.));
#4647 = DIRECTION('',(0.,1.,0.));
#4648 = PCURVE('',#4560,#4649);
#4649 = DEFINITIONAL_REPRESENTATION('',(#4650),#4658);
#4650 = B_SPLINE_CURVE_WITH_KNOTS('',6,(#4651,#4652,#4653,#4654,#4655,
    #4656,#4657),.UNSPECIFIED.,.F.,.F.,(7,7),(-0.281908289054,
    0.281908289054),.PIECEWISE_BEZIER_KNOTS.);
#4651 = CARTESIAN_POINT('',(0.278246822734,22.));
#4652 = CARTESIAN_POINT('',(0.187891601884,20.523632895558));
#4653 = CARTESIAN_POINT('',(9.473900508841E-02,19.653374376686));
#4654 = CARTESIAN_POINT('',(-5.861977570021E-13,19.365758692871));
#4655 = CARTESIAN_POINT('',(-9.473900508859E-02,19.653374376686));
#4656 = CARTESIAN_POINT('',(-0.187891601885,20.523632895558));
#4657 = CARTESIAN_POINT('',(-0.278246822735,22.));
#4658 = ( GEOMETRIC_REPRESENTATION_CONTEXT(2) 
PARAMETRIC_REPRESENTATION_CONTEXT() REPRESENTATION_CONTEXT('2D SPACE',''
  ) );
#4659 = PCURVE('',#4533,#4660);
#4660 = DEFINITIONAL_REPRESENTATION('',(#4661),#4665);
#4661 = HYPERBOLA('',#4662,55.,37.5);
#4662 = AXIS2_PLACEMENT_2D('',#4663,#4664);
#4663 = CARTESIAN_POINT('',(2.43100468007E-15,-57.2));
#4664 = DIRECTION('',(0.,1.));
#4665 = ( GEOMETRIC_REPRESENTATION_CONTEXT(2) 
PARAMETRIC_REPRESENTATION_CONTEXT() REPRESENTATION_CONTEXT('2D SPACE',''
  ) );
#4666 = ADVANCED_FACE('',(#4667),#4533,.F.);
#4667 = FACE_BOUND('',#4668,.F.);
#4668 = EDGE_LOOP('',(#4669,#4670,#4671));
#4669 = ORIENTED_EDGE('',*,*,#4641,.F.);
#4670 = ORIENTED_EDGE('',*,*,#4576,.F.);
#4671 = ORIENTED_EDGE('',*,*,#4517,.F.);
#4672 = ( GEOMETRIC_REPRESENTATION_CONTEXT(3) 
GLOBAL_UNCERTAINTY_ASSIGNED_CONTEXT((#4676)) 
GLOBAL_UNIT_ASSIGNED_CONTEXT((#4673,#4674,#4675)) REPRESENTATION_CONTEXT
('Context #1','3D Context with UNIT and UNCERTAINTY') );
#4673 = ( LENGTH_UNIT() NAMED_UNIT(*) SI_UNIT(.MILLI.,.METRE.) );
#4674 = ( NAMED_UNIT(*) PLANE_ANGLE_UNIT() SI_UNIT($,.RADIAN.) );
#4675 = ( NAMED_UNIT(*) SI_UNIT($,.STERADIAN.) SOLID_ANGLE_UNIT() );
#4676 = UNCERTAINTY_MEASURE_WITH_UNIT(LENGTH_MEASURE(1.E-06),#4673,
  'distance_accuracy_value','confusion accuracy');
#4677 = CONTEXT_DEPENDENT_SHAPE_REPRESENTATION(#4678,#4680);
#4678 = ( REPRESENTATION_RELATIONSHIP('','',#4477,#10) 
REPRESENTATION_RELATIONSHIP_WITH_TRANSFORMATION(#4679) 
SHAPE_REPRESENTATION_RELATIONSHIP() );
#4679 = ITEM_DEFINED_TRANSFORMATION('','',#11,#23);
#4680 = PRODUCT_DEFINITION_SHAPE('Placement','Placement of an item',
  #4681);
#4681 = NEXT_ASSEMBLY_USAGE_OCCURRENCE('3','','',#5,#4472,$);
#4682 = PRODUCT_RELATED_PRODUCT_CATEGORY('part',$,(#4474));
ENDSEC;
END-ISO-10303-21;
