ISO-10303-21;
HEADER;
FILE_DESCRIPTION(('Open CASCADE Model'),'2;1');
FILE_NAME('Open CASCADE Shape Model','2026-09-23T08:49:21',('Author'),(
    'Open CASCADE'),'Open CASCADE STEP processor 7.9','Open CASCADE 7.9'
  ,'Unknown');
FILE_SCHEMA(('AUTOMOTIVE_DESIGN { 1 0 10303 214 1 1 1 1 }'));
ENDSEC;
DATA;
#1 = APPLICATION_PROTOCOL_DEFINITION('international standard',
  'automotive_design',2000,#2);
#2 = APPLICATION_CONTEXT(
  'core data for automotive mechanical design processes');
#3 = SHAPE_DEFINITION_REPRESENTATION(#4,#10);
#4 = PRODUCT_DEFINITION_SHAPE('','',#5);
#5 = PRODUCT_DEFINITION('design','',#6,#9);
#6 = PRODUCT_DEFINITION_FORMATION('','',#7);
#7 = PRODUCT('Open CASCADE STEP translator 7.9 1',
  'Open CASCADE STEP translator 7.9 1','',(#8));
#8 = PRODUCT_CONTEXT('',#2,'mechanical');
#9 = PRODUCT_DEFINITION_CONTEXT('part definition',#2,'design');
#10 = ADVANCED_BREP_SHAPE_REPRESENTATION('',(#11,#15),#1628);
#11 = AXIS2_PLACEMENT_3D('',#12,#13,#14);
#12 = CARTESIAN_POINT('',(0.,0.,0.));
#13 = DIRECTION('',(0.,0.,1.));
#14 = DIRECTION('',(1.,0.,-0.));
#15 = MANIFOLD_SOLID_BREP('',#16);
#16 = CLOSED_SHELL('',(#17,#587,#806,#847,#999,#1044,#1105,#1140,#1164,
    #1219,#1244,#1251,#1306,#1416,#1420,#1496,#1545,#1594,#1621));
#17 = ADVANCED_FACE('',(#18),#33,.T.);
#18 = FACE_BOUND('',#19,.F.);
#19 = EDGE_LOOP('',(#20,#56,#84,#261,#287,#482,#505,#532,#533));
#20 = ORIENTED_EDGE('',*,*,#21,.F.);
#21 = EDGE_CURVE('',#22,#24,#26,.T.);
#22 = VERTEX_POINT('',#23);
#23 = CARTESIAN_POINT('',(8.,60.,159.));
#24 = VERTEX_POINT('',#25);
#25 = CARTESIAN_POINT('',(2.972285945009E-02,52.000055215714,159.));
#26 = SURFACE_CURVE('',#27,(#32,#44),.PCURVE_S1.);
#27 = CIRCLE('',#28,8.);
#28 = AXIS2_PLACEMENT_3D('',#29,#30,#31);
#29 = CARTESIAN_POINT('',(0.,60.,159.));
#30 = DIRECTION('',(0.,0.,1.));
#31 = DIRECTION('',(1.,0.,0.));
#32 = PCURVE('',#33,#38);
#33 = CYLINDRICAL_SURFACE('',#34,8.);
#34 = AXIS2_PLACEMENT_3D('',#35,#36,#37);
#35 = CARTESIAN_POINT('',(0.,60.,159.));
#36 = DIRECTION('',(-0.,-0.,-1.));
#37 = DIRECTION('',(1.,0.,0.));
#38 = DEFINITIONAL_REPRESENTATION('',(#39),#43);
#39 = LINE('',#40,#41);
#40 = CARTESIAN_POINT('',(-0.,0.));
#41 = VECTOR('',#42,1.);
#42 = DIRECTION('',(-1.,0.));
#43 = ( GEOMETRIC_REPRESENTATION_CONTEXT(2) 
PARAMETRIC_REPRESENTATION_CONTEXT() REPRESENTATION_CONTEXT('2D SPACE',''
  ) );
#44 = PCURVE('',#45,#50);
#45 = PLANE('',#46);
#46 = AXIS2_PLACEMENT_3D('',#47,#48,#49);
#47 = CARTESIAN_POINT('',(-6.837200662697E-16,60.,159.));
#48 = DIRECTION('',(0.,0.,1.));
#49 = DIRECTION('',(1.,0.,-0.));
#50 = DEFINITIONAL_REPRESENTATION('',(#51),#55);
#51 = CIRCLE('',#52,8.);
#52 = AXIS2_PLACEMENT_2D('',#53,#54);
#53 = CARTESIAN_POINT('',(6.837200662697E-16,7.105427357601E-15));
#54 = DIRECTION('',(1.,0.));
#55 = ( GEOMETRIC_REPRESENTATION_CONTEXT(2) 
PARAMETRIC_REPRESENTATION_CONTEXT() REPRESENTATION_CONTEXT('2D SPACE',''
  ) );
#56 = ORIENTED_EDGE('',*,*,#57,.T.);
#57 = EDGE_CURVE('',#22,#58,#60,.T.);
#58 = VERTEX_POINT('',#59);
#59 = CARTESIAN_POINT('',(8.,60.,165.64991104282));
#60 = SURFACE_CURVE('',#61,(#65,#72),.PCURVE_S1.);
#61 = LINE('',#62,#63);
#62 = CARTESIAN_POINT('',(8.,60.,159.));
#63 = VECTOR('',#64,1.);
#64 = DIRECTION('',(0.,0.,1.));
#65 = PCURVE('',#33,#66);
#66 = DEFINITIONAL_REPRESENTATION('',(#67),#71);
#67 = LINE('',#68,#69);
#68 = CARTESIAN_POINT('',(-0.,0.));
#69 = VECTOR('',#70,1.);
#70 = DIRECTION('',(-0.,-1.));
#71 = ( GEOMETRIC_REPRESENTATION_CONTEXT(2) 
PARAMETRIC_REPRESENTATION_CONTEXT() REPRESENTATION_CONTEXT('2D SPACE',''
  ) );
#72 = PCURVE('',#73,#78);
#73 = CYLINDRICAL_SURFACE('',#74,8.);
#74 = AXIS2_PLACEMENT_3D('',#75,#76,#77);
#75 = CARTESIAN_POINT('',(0.,60.,159.));
#76 = DIRECTION('',(-0.,-0.,-1.));
#77 = DIRECTION('',(1.,0.,0.));
#78 = DEFINITIONAL_REPRESENTATION('',(#79),#83);
#79 = LINE('',#80,#81);
#80 = CARTESIAN_POINT('',(-6.28318530718,0.));
#81 = VECTOR('',#82,1.);
#82 = DIRECTION('',(-0.,-1.));
#83 = ( GEOMETRIC_REPRESENTATION_CONTEXT(2) 
PARAMETRIC_REPRESENTATION_CONTEXT() REPRESENTATION_CONTEXT('2D SPACE',''
  ) );
#84 = ORIENTED_EDGE('',*,*,#85,.T.);
#85 = EDGE_CURVE('',#58,#86,#88,.T.);
#86 = VERTEX_POINT('',#87);
#87 = CARTESIAN_POINT('',(-7.717914533412,57.894342085013,
    193.02986172153));
#88 = SURFACE_CURVE('',#89,(#134,#182),.PCURVE_S1.);
#89 = B_SPLINE_CURVE_WITH_KNOTS('',8,(#90,#91,#92,#93,#94,#95,#96,#97,
    #98,#99,#100,#101,#102,#103,#104,#105,#106,#107,#108,#109,#110,#111,
    #112,#113,#114,#115,#116,#117,#118,#119,#120,#121,#122,#123,#124,
    #125,#126,#127,#128,#129,#130,#131,#132,#133),.UNSPECIFIED.,.F.,.F.,
  (9,7,7,7,7,7,9),(0.,0.112128264571,0.283068849921,0.410114067238,
    0.622885406682,0.94868611092,1.),.UNSPECIFIED.);
#90 = CARTESIAN_POINT('',(8.,60.,165.64991104282));
#91 = CARTESIAN_POINT('',(8.000000000006,60.38209160729,166.03363313631)
  );
#92 = CARTESIAN_POINT('',(7.979143590994,60.764187172885,166.41735866829
    ));
#93 = CARTESIAN_POINT('',(7.9374304159,61.144953224088,166.80108249625)
  );
#94 = CARTESIAN_POINT('',(7.874962511545,61.523061054261,167.18480429222
    ));
#95 = CARTESIAN_POINT('',(7.79194289987,61.897193976026,167.56852613256)
  );
#96 = CARTESIAN_POINT('',(7.688674179165,62.26605457445,167.95225008772)
  );
#97 = CARTESIAN_POINT('',(7.565557115304,62.628371960246,168.33597581196
    ));
#98 = CARTESIAN_POINT('',(7.205895617328,63.523404082443,169.30468639147
    ));
#99 = CARTESIAN_POINT('',(6.94371445542,64.045851822536,169.88970472465)
  );
#100 = CARTESIAN_POINT('',(6.638308508709,64.545842468606,
    170.47470955515));
#101 = CARTESIAN_POINT('',(6.291954567926,65.019214630093,
    171.05969891876));
#102 = CARTESIAN_POINT('',(5.907388446669,65.462104739164,
    171.64468809476));
#103 = CARTESIAN_POINT('',(5.487769040184,65.870986268057,
    172.22969249567));
#104 = CARTESIAN_POINT('',(5.036648505687,66.242714068865,
    172.81471051997));
#105 = CARTESIAN_POINT('',(4.202150115298,66.821242982993,173.8344700031
    ));
#106 = CARTESIAN_POINT('',(3.831104457896,67.045896414602,
    174.26924760767));
#107 = CARTESIAN_POINT('',(3.446394113533,67.247442770818,
    174.70402229676));
#108 = CARTESIAN_POINT('',(3.049703261747,67.424919492541,
    175.13879333885));
#109 = CARTESIAN_POINT('',(2.642792144674,67.577513338107,
    175.57356442301));
#110 = CARTESIAN_POINT('',(2.227484415299,67.704565556328,
    176.00833922304));
#111 = CARTESIAN_POINT('',(1.80565448571,67.805577059525,176.44311696149
    ));
#112 = CARTESIAN_POINT('',(0.66502721048,68.005212524471,177.60602880887
    ));
#113 = CARTESIAN_POINT('',(-6.21952051148E-02,68.056252947831,
    178.33425826527));
#114 = CARTESIAN_POINT('',(-0.79339018554,68.031715559578,
    179.06244490758));
#115 = CARTESIAN_POINT('',(-1.519370438007,67.931373760535,
    179.79058387804));
#116 = CARTESIAN_POINT('',(-2.231036633846,67.756313196645,
    180.51872280882));
#117 = CARTESIAN_POINT('',(-2.919532931744,67.508888324227,
    181.24690936102));
#118 = CARTESIAN_POINT('',(-3.576407100576,67.192704657596,
    181.97513884709));
#119 = CARTESIAN_POINT('',(-5.13926182167,66.230613269314,
    183.81822862578));
#120 = CARTESIAN_POINT('',(-5.993012346583,65.498277228809,
    184.93392336731));
#121 = CARTESIAN_POINT('',(-6.726161711516,64.632931009887,
    186.0492257972));
#122 = CARTESIAN_POINT('',(-7.314938549877,63.658402731952,
    187.16415031444));
#123 = CARTESIAN_POINT('',(-7.741512145189,62.602748848724,
    188.27907225446));
#124 = CARTESIAN_POINT('',(-7.994126422872,61.497070576259,
    189.39437078116));
#125 = CARTESIAN_POINT('',(-8.067971940241,60.374676715003,
    190.51006034631));
#126 = CARTESIAN_POINT('',(-7.950567868744,59.094988433557,
    191.80061670972));
#127 = CARTESIAN_POINT('',(-7.930243093502,58.92126075322,
    191.97622258004));
#128 = CARTESIAN_POINT('',(-7.905580345478,58.748059170039,
    192.15182855711));
#129 = CARTESIAN_POINT('',(-7.876595722368,58.575510102007,
    192.32743466288));
#130 = CARTESIAN_POINT('',(-7.84330973795,58.403739331322,
    192.50304097363));
#131 = CARTESIAN_POINT('',(-7.805747300062,58.232871861368,
    192.67864757273));
#132 = CARTESIAN_POINT('',(-7.763937688581,58.063031773698,
    192.85425450341));
#133 = CARTESIAN_POINT('',(-7.717914533412,57.894342085013,
    193.02986172153));
#134 = PCURVE('',#33,#135);
#135 = DEFINITIONAL_REPRESENTATION('',(#136),#181);
#136 = B_SPLINE_CURVE_WITH_KNOTS('',8,(#137,#138,#139,#140,#141,#142,
    #143,#144,#145,#146,#147,#148,#149,#150,#151,#152,#153,#154,#155,
    #156,#157,#158,#159,#160,#161,#162,#163,#164,#165,#166,#167,#168,
    #169,#170,#171,#172,#173,#174,#175,#176,#177,#178,#179,#180),
  .UNSPECIFIED.,.F.,.F.,(9,7,7,7,7,7,9),(0.,0.112128264571,
    0.283068849921,0.410114067238,0.622885406682,0.94868611092,1.),
  .UNSPECIFIED.);
#137 = CARTESIAN_POINT('',(0.,-6.649911042822));
#138 = CARTESIAN_POINT('',(-4.776145091121E-02,-7.033633136313));
#139 = CARTESIAN_POINT('',(-9.552339621044E-02,-7.417358668294));
#140 = CARTESIAN_POINT('',(-0.143285178736,-7.801082496251));
#141 = CARTESIAN_POINT('',(-0.191046727258,-8.184804292224));
#142 = CARTESIAN_POINT('',(-0.238808264234,-8.568526132569));
#143 = CARTESIAN_POINT('',(-0.286570013573,-8.952250087724));
#144 = CARTESIAN_POINT('',(-0.334331908391,-9.335975811965));
#145 = CARTESIAN_POINT('',(-0.454905983969,-10.30468639147));
#146 = CARTESIAN_POINT('',(-0.527722212567,-10.88970472465));
#147 = CARTESIAN_POINT('',(-0.600536601325,-11.47470955515));
#148 = CARTESIAN_POINT('',(-0.673348825234,-12.05969891876));
#149 = CARTESIAN_POINT('',(-0.74616109951,-12.64468809476));
#150 = CARTESIAN_POINT('',(-0.818975601956,-13.22969249567));
#151 = CARTESIAN_POINT('',(-0.891791906591,-13.81471051997));
#152 = CARTESIAN_POINT('',(-1.018719744606,-14.8344700031));
#153 = CARTESIAN_POINT('',(-1.072835816441,-15.26924760767));
#154 = CARTESIAN_POINT('',(-1.126951497401,-15.70402229676));
#155 = CARTESIAN_POINT('',(-1.181066694654,-16.13879333885));
#156 = CARTESIAN_POINT('',(-1.23518188027,-16.57356442301));
#157 = CARTESIAN_POINT('',(-1.28929753141,-17.00833922304));
#158 = CARTESIAN_POINT('',(-1.343413570512,-17.44311696149));
#159 = CARTESIAN_POINT('',(-1.488159301227,-18.60602880887));
#160 = CARTESIAN_POINT('',(-1.578800917059,-19.33425826527));
#161 = CARTESIAN_POINT('',(-1.669437339163,-20.06244490758));
#162 = CARTESIAN_POINT('',(-1.760067922587,-20.79058387804));
#163 = CARTESIAN_POINT('',(-1.850698439279,-21.51872280882));
#164 = CARTESIAN_POINT('',(-1.941334702182,-22.24690936102));
#165 = CARTESIAN_POINT('',(-2.031976165296,-22.97513884709));
#166 = CARTESIAN_POINT('',(-2.261382148171,-24.81822862578));
#167 = CARTESIAN_POINT('',(-2.400250425235,-25.93392336731));
#168 = CARTESIAN_POINT('',(-2.539069893021,-27.04922579719));
#169 = CARTESIAN_POINT('',(-2.677842944627,-28.16415031445));
#170 = CARTESIAN_POINT('',(-2.816616445,-29.27907225446));
#171 = CARTESIAN_POINT('',(-2.955436131949,-30.39437078117));
#172 = CARTESIAN_POINT('',(-3.094305261564,-31.51006034631));
#173 = CARTESIAN_POINT('',(-3.25493808305,-32.80061670972));
#174 = CARTESIAN_POINT('',(-3.27679533471,-32.97622258004));
#175 = CARTESIAN_POINT('',(-3.29865255096,-33.15182855711));
#176 = CARTESIAN_POINT('',(-3.320509723432,-33.32743466288));
#177 = CARTESIAN_POINT('',(-3.342366847904,-33.50304097363));
#178 = CARTESIAN_POINT('',(-3.364223917881,-33.67864757273));
#179 = CARTESIAN_POINT('',(-3.38608091818,-33.85425450341));
#180 = CARTESIAN_POINT('',(-3.407937818507,-34.02986172153));
#181 = ( GEOMETRIC_REPRESENTATION_CONTEXT(2) 
PARAMETRIC_REPRESENTATION_CONTEXT() REPRESENTATION_CONTEXT('2D SPACE',''
  ) );
#182 = PCURVE('',#183,#214);
#183 = B_SPLINE_SURFACE_WITH_KNOTS('',1,8,(
    (#184,#185,#186,#187,#188,#189,#190,#191,#192,#193,#194,#195,#196
      ,#197,#198)
    ,(#199,#200,#201,#202,#203,#204,#205,#206,#207,#208,#209,#210,#211
      ,#212,#213
    )),.UNSPECIFIED.,.F.,.F.,.F.,(2,2),(9,6,9),(0.,26.818650227034),(0.,
    20.154328389926,40.308656779852),.UNSPECIFIED.);
#184 = CARTESIAN_POINT('',(1.143973804574E-13,52.8,153.));
#185 = CARTESIAN_POINT('',(2.240439205986,52.799879703471,
    155.49999959901));
#186 = CARTESIAN_POINT('',(4.480906698197,53.596819119836,
    158.00000025668));
#187 = CARTESIAN_POINT('',(6.390601730109,55.190147617141,
    160.49999997132));
#188 = CARTESIAN_POINT('',(7.639821501484,57.416263728323,
    162.99999958265));
#189 = CARTESIAN_POINT('',(7.998246251595,59.943748453312,
    165.50000011332));
#190 = CARTESIAN_POINT('',(7.447617235321,62.369213313001,
    167.99999991226));
#191 = CARTESIAN_POINT('',(4.853690464158,66.355322077516,
    172.99999991929));
#192 = CARTESIAN_POINT('',(0.325390300633,67.808600029493,
    177.99999992633));
#193 = CARTESIAN_POINT('',(-2.159557513034,67.70152177781,180.499999718)
  );
#194 = CARTESIAN_POINT('',(-4.503323725027,66.690121971227,
    183.00000027646));
#195 = CARTESIAN_POINT('',(-6.322368239702,64.899511000755,
    185.49999984345));
#196 = CARTESIAN_POINT('',(-7.356986990054,62.637393673764,
    187.99999959439));
#197 = CARTESIAN_POINT('',(-7.535754094787,60.266352977422,
    190.50000023783));
#198 = CARTESIAN_POINT('',(-6.946166434333,58.104882591061,
    192.99999983878));
#199 = CARTESIAN_POINT('',(5.36015676289E-13,26.,154.));
#200 = CARTESIAN_POINT('',(10.578485756522,25.999919802314,156.501074248
    ));
#201 = CARTESIAN_POINT('',(21.161056675054,29.761528394629,
    158.99932718068));
#202 = CARTESIAN_POINT('',(30.176954245732,37.288451114382,
    161.50004475655));
#203 = CARTESIAN_POINT('',(36.076473801019,47.797230544008,
    164.00114809435));
#204 = CARTESIAN_POINT('',(37.769638459623,59.734701918471,
    166.49968564278));
#205 = CARTESIAN_POINT('',(35.169270821109,71.187665298322,
    169.00023536213));
#206 = CARTESIAN_POINT('',(22.92035631268,90.010996256727,
    174.00021646723));
#207 = CARTESIAN_POINT('',(1.536830135764,96.873831184571,
    179.00019757221));
#208 = CARTESIAN_POINT('',(-10.19678722152,96.368225939503,
    181.50074728569));
#209 = CARTESIAN_POINT('',(-21.26757071549,91.592634067214,
    183.99928485822));
#210 = CARTESIAN_POINT('',(-29.85326522185,83.135584358727,
    186.50038815543));
#211 = CARTESIAN_POINT('',(-34.74194767369,72.456259000001,
    189.00110576651));
#212 = CARTESIAN_POINT('',(-35.58540903183,61.25688921781,
    191.49935868403));
#213 = CARTESIAN_POINT('',(-32.8012790052,51.05135244166,194.00043293455
    ));
#214 = DEFINITIONAL_REPRESENTATION('',(#215),#260);
#215 = B_SPLINE_CURVE_WITH_KNOTS('',8,(#216,#217,#218,#219,#220,#221,
    #222,#223,#224,#225,#226,#227,#228,#229,#230,#231,#232,#233,#234,
    #235,#236,#237,#238,#239,#240,#241,#242,#243,#244,#245,#246,#247,
    #248,#249,#250,#251,#252,#253,#254,#255,#256,#257,#258,#259),
  .UNSPECIFIED.,.F.,.F.,(9,7,7,7,7,7,9),(0.,0.112128264571,
    0.283068849921,0.410114067238,0.622885406682,0.94868611092,1.),
  .UNSPECIFIED.);
#216 = CARTESIAN_POINT('',(0.800532916085,12.717436130614));
#217 = CARTESIAN_POINT('',(0.800533486904,13.104119391109));
#218 = CARTESIAN_POINT('',(0.800533907818,13.490806137295));
#219 = CARTESIAN_POINT('',(0.800534037586,13.877491170227));
#220 = CARTESIAN_POINT('',(0.800533823596,14.264174140061));
#221 = CARTESIAN_POINT('',(0.800533289934,14.650857120159));
#222 = CARTESIAN_POINT('',(0.800532525448,15.037542181208));
#223 = CARTESIAN_POINT('',(0.80053167182,15.424228965323));
#224 = CARTESIAN_POINT('',(0.800529752724,16.400414550405));
#225 = CARTESIAN_POINT('',(0.800528950214,16.989946999053));
#226 = CARTESIAN_POINT('',(0.800528184886,17.579465743211));
#227 = CARTESIAN_POINT('',(0.800529778065,18.168968745978));
#228 = CARTESIAN_POINT('',(0.80053211115,18.758471613219));
#229 = CARTESIAN_POINT('',(0.800532930918,19.347990097835));
#230 = CARTESIAN_POINT('',(0.800533344211,19.93752249145));
#231 = CARTESIAN_POINT('',(0.800533277006,20.965150942817));
#232 = CARTESIAN_POINT('',(0.800532708385,21.403283481051));
#233 = CARTESIAN_POINT('',(0.800531428881,21.841413025204));
#234 = CARTESIAN_POINT('',(0.800529694119,22.279538838322));
#235 = CARTESIAN_POINT('',(0.800527970692,22.717664658453));
#236 = CARTESIAN_POINT('',(0.800526720593,23.155794217707));
#237 = CARTESIAN_POINT('',(0.80052618565,23.593926761303));
#238 = CARTESIAN_POINT('',(0.800526149017,24.765811903751));
#239 = CARTESIAN_POINT('',(0.800527739345,25.499660659578));
#240 = CARTESIAN_POINT('',(0.800530954015,26.233466469441));
#241 = CARTESIAN_POINT('',(0.800534322525,26.967224466574));
#242 = CARTESIAN_POINT('',(0.800536697516,27.700982523185));
#243 = CARTESIAN_POINT('',(0.800537779456,28.434788472826));
#244 = CARTESIAN_POINT('',(0.800537830956,29.168637464812));
#245 = CARTESIAN_POINT('',(0.800535855227,31.025949156375));
#246 = CARTESIAN_POINT('',(0.800532825267,32.150252421157));
#247 = CARTESIAN_POINT('',(0.800528089889,33.274159752557));
#248 = CARTESIAN_POINT('',(0.800526141974,34.397686112348));
#249 = CARTESIAN_POINT('',(0.800519697514,35.521211445496));
#250 = CARTESIAN_POINT('',(0.800527942047,36.645118732855));
#251 = CARTESIAN_POINT('',(0.800546526317,37.769421188717));
#252 = CARTESIAN_POINT('',(0.800540068014,39.069933953644));
#253 = CARTESIAN_POINT('',(0.800538591621,39.246894452667));
#254 = CARTESIAN_POINT('',(0.800536386613,39.423854895231));
#255 = CARTESIAN_POINT('',(0.800533303256,39.600815273951));
#256 = CARTESIAN_POINT('',(0.800529175856,39.777775632471));
#257 = CARTESIAN_POINT('',(0.800523825544,39.954736017422));
#258 = CARTESIAN_POINT('',(0.800517063052,40.131696430386));
#259 = CARTESIAN_POINT('',(0.800508691495,40.308656779852));
#260 = ( GEOMETRIC_REPRESENTATION_CONTEXT(2) 
PARAMETRIC_REPRESENTATION_CONTEXT() REPRESENTATION_CONTEXT('2D SPACE',''
  ) );
#261 = ORIENTED_EDGE('',*,*,#262,.F.);
#262 = EDGE_CURVE('',#263,#86,#265,.T.);
#263 = VERTEX_POINT('',#264);
#264 = CARTESIAN_POINT('',(-7.71791453364,57.894342085847,
    198.97016022975));
#265 = SURFACE_CURVE('',#266,(#270,#276),.PCURVE_S1.);
#266 = LINE('',#267,#268);
#267 = CARTESIAN_POINT('',(-7.717914532109,57.894342080237,159.));
#268 = VECTOR('',#269,1.);
#269 = DIRECTION('',(-0.,-0.,-1.));
#270 = PCURVE('',#33,#271);
#271 = DEFINITIONAL_REPRESENTATION('',(#272),#275);
#272 = B_SPLINE_CURVE_WITH_KNOTS('',1,(#273,#274),.UNSPECIFIED.,.F.,.F.,
  (2,2),(-40.59999983792,-33.39999983886),.PIECEWISE_BEZIER_KNOTS.);
#273 = CARTESIAN_POINT('',(-3.407937819125,-40.59999983792));
#274 = CARTESIAN_POINT('',(-3.407937819125,-33.39999983886));
#275 = ( GEOMETRIC_REPRESENTATION_CONTEXT(2) 
PARAMETRIC_REPRESENTATION_CONTEXT() REPRESENTATION_CONTEXT('2D SPACE',''
  ) );
#276 = PCURVE('',#277,#282);
#277 = PLANE('',#278);
#278 = AXIS2_PLACEMENT_3D('',#279,#280,#281);
#279 = CARTESIAN_POINT('',(-19.46739485355,54.68896777303,
    196.00020958065));
#280 = DIRECTION('',(-0.263191582228,0.964743588237,-1.454878177583E-10)
  );
#281 = DIRECTION('',(-0.964743588237,-0.263191582228,0.));
#282 = DEFINITIONAL_REPRESENTATION('',(#283),#286);
#283 = B_SPLINE_CURVE_WITH_KNOTS('',1,(#284,#285),.UNSPECIFIED.,.F.,.F.,
  (2,2),(-40.59999983792,-33.39999983886),.PIECEWISE_BEZIER_KNOTS.);
#284 = CARTESIAN_POINT('',(-12.17886334077,3.599790257274));
#285 = CARTESIAN_POINT('',(-12.17886334077,-3.600209741786));
#286 = ( GEOMETRIC_REPRESENTATION_CONTEXT(2) 
PARAMETRIC_REPRESENTATION_CONTEXT() REPRESENTATION_CONTEXT('2D SPACE',''
  ) );
#287 = ORIENTED_EDGE('',*,*,#288,.F.);
#288 = EDGE_CURVE('',#289,#263,#291,.T.);
#289 = VERTEX_POINT('',#290);
#290 = CARTESIAN_POINT('',(8.,60.,171.59020579142));
#291 = SURFACE_CURVE('',#292,(#343,#397),.PCURVE_S1.);
#292 = B_SPLINE_CURVE_WITH_KNOTS('',7,(#293,#294,#295,#296,#297,#298,
    #299,#300,#301,#302,#303,#304,#305,#306,#307,#308,#309,#310,#311,
    #312,#313,#314,#315,#316,#317,#318,#319,#320,#321,#322,#323,#324,
    #325,#326,#327,#328,#329,#330,#331,#332,#333,#334,#335,#336,#337,
    #338,#339,#340,#341,#342),.UNSPECIFIED.,.F.,.F.,(8,6,6,6,6,6,6,6,8),
  (0.,0.129233309387,0.241407987027,0.412106338763,0.434020682493,
    0.502685632291,0.621103249905,0.765286389662,1.),.UNSPECIFIED.);
#293 = CARTESIAN_POINT('',(8.,60.,171.59020579142));
#294 = CARTESIAN_POINT('',(8.000000000007,60.503325456897,
    172.09568020809));
#295 = CARTESIAN_POINT('',(7.96305469117,61.006660817272,172.60116420627
    ));
#296 = CARTESIAN_POINT('',(7.889163007993,61.506734812359,
    173.10664102463));
#297 = CARTESIAN_POINT('',(7.778686166948,62.000295925773,
    173.61211335438));
#298 = CARTESIAN_POINT('',(7.632338893575,62.484151369742,174.1175903522
    ));
#299 = CARTESIAN_POINT('',(7.451180649573,62.955206061352,
    174.62307465317));
#300 = CARTESIAN_POINT('',(7.05035653635,63.805698706891,175.56730209539
    ));
#301 = CARTESIAN_POINT('',(6.838925045673,64.189033383088,176.0060596768
    ));
#302 = CARTESIAN_POINT('',(6.60322285848,64.558572921108,176.44481379705
    ));
#303 = CARTESIAN_POINT('',(6.344341674372,64.912480844937,
    176.88356567661));
#304 = CARTESIAN_POINT('',(6.063542907785,65.249032684173,
    177.32231973375));
#305 = CARTESIAN_POINT('',(5.762246173836,65.566631749387,
    177.76107723114));
#306 = CARTESIAN_POINT('',(4.954720095639,66.316069418482,178.8674882817
    ));
#307 = CARTESIAN_POINT('',(4.423547522739,66.721095707244,
    179.53518577039));
#308 = CARTESIAN_POINT('',(3.854036273116,67.073746168669,
    180.20285271826));
#309 = CARTESIAN_POINT('',(3.252442728877,67.369741131495,
    180.87050520208));
#310 = CARTESIAN_POINT('',(2.625544758548,67.605748577842,
    181.53817368142));
#311 = CARTESIAN_POINT('',(1.980544120839,67.779423451876,
    182.20587182115));
#312 = CARTESIAN_POINT('',(1.240734590933,67.903661320198,
    182.95924436815));
#313 = CARTESIAN_POINT('',(1.156387433118,67.916748715465,
    183.04495867292));
#314 = CARTESIAN_POINT('',(1.071879966981,67.928785819231,
    183.13067296871));
#315 = CARTESIAN_POINT('',(0.987227887612,67.939770295071,
    183.21638725532));
#316 = CARTESIAN_POINT('',(0.902446928538,67.94970010031,183.30210153267
    ));
#317 = CARTESIAN_POINT('',(0.817552861723,67.958573486026,
    183.38781580076));
#318 = CARTESIAN_POINT('',(0.466255199523,67.990877600426,
    183.74210142827));
#319 = CARTESIAN_POINT('',(0.198993207056,68.004980257191,
    184.01067312456));
#320 = CARTESIAN_POINT('',(-6.873768123631E-02,68.008652147336,
    184.27924444056));
#321 = CARTESIAN_POINT('',(-0.336448837659,68.001877056023,
    184.5478155049));
#322 = CARTESIAN_POINT('',(-0.603651498517,67.984667334933,
    184.81638672769));
#323 = CARTESIAN_POINT('',(-0.869858457213,67.957063863628,
    185.08495824555));
#324 = CARTESIAN_POINT('',(-1.591126922684,67.853726715862,
    185.81669947581));
#325 = CARTESIAN_POINT('',(-2.04327473832,67.757609918186,
    186.27987588922));
#326 = CARTESIAN_POINT('',(-2.488539578905,67.631141768003,
    186.74304786885));
#327 = CARTESIAN_POINT('',(-2.924480819887,67.474929027131,
    187.20621718578));
#328 = CARTESIAN_POINT('',(-3.34873102721,67.289820273226,187.6693897409
    ));
#329 = CARTESIAN_POINT('',(-3.759020147028,67.076897103935,
    188.13256718578));
#330 = CARTESIAN_POINT('',(-4.633145551949,66.545937576626,
    189.15968757381));
#331 = CARTESIAN_POINT('',(-5.089231426793,66.215097352891,
    189.72365369055));
#332 = CARTESIAN_POINT('',(-5.517567001399,65.847302372904,
    190.28760747961));
#333 = CARTESIAN_POINT('',(-5.91458855498,65.445377404944,
    190.85155319853));
#334 = CARTESIAN_POINT('',(-6.277099272098,65.012558349713,
    191.41550646087));
#335 = CARTESIAN_POINT('',(-6.60231752545,64.552443619794,
    191.97947177799));
#336 = CARTESIAN_POINT('',(-7.352882577504,63.28188529547,
    193.46146289777));
#337 = CARTESIAN_POINT('',(-7.713005622948,62.432666748515,
    194.37969825668));
#338 = CARTESIAN_POINT('',(-7.958129038652,61.538330952768,
    195.29778117297));
#339 = CARTESIAN_POINT('',(-8.081873851947,60.617712352779,
    196.2157875483));
#340 = CARTESIAN_POINT('',(-8.081612246397,59.690399228756,
    197.13387177057));
#341 = CARTESIAN_POINT('',(-7.958518922226,58.776234673928,
    198.05210900443));
#342 = CARTESIAN_POINT('',(-7.71791453364,57.894342085847,
    198.97016022975));
#343 = PCURVE('',#33,#344);
#344 = DEFINITIONAL_REPRESENTATION('',(#345),#396);
#345 = B_SPLINE_CURVE_WITH_KNOTS('',7,(#346,#347,#348,#349,#350,#351,
    #352,#353,#354,#355,#356,#357,#358,#359,#360,#361,#362,#363,#364,
    #365,#366,#367,#368,#369,#370,#371,#372,#373,#374,#375,#376,#377,
    #378,#379,#380,#381,#382,#383,#384,#385,#386,#387,#388,#389,#390,
    #391,#392,#393,#394,#395),.UNSPECIFIED.,.F.,.F.,(8,6,6,6,6,6,6,6,8),
  (0.,0.129233309387,0.241407987027,0.412106338763,0.434020682493,
    0.502685632291,0.621103249905,0.765286389662,1.),.UNSPECIFIED.);
#346 = CARTESIAN_POINT('',(0.,-12.59020579142));
#347 = CARTESIAN_POINT('',(-6.29156821121E-02,-13.09568020809));
#348 = CARTESIAN_POINT('',(-0.125832600858,-13.60116420627));
#349 = CARTESIAN_POINT('',(-0.188748645118,-14.10664102463));
#350 = CARTESIAN_POINT('',(-0.25166411337,-14.61211335438));
#351 = CARTESIAN_POINT('',(-0.314580112572,-15.1175903522));
#352 = CARTESIAN_POINT('',(-0.377496957054,-15.62307465317));
#353 = CARTESIAN_POINT('',(-0.495023397554,-16.56730209539));
#354 = CARTESIAN_POINT('',(-0.549634800331,-17.0060596768));
#355 = CARTESIAN_POINT('',(-0.604245748755,-17.44481379705));
#356 = CARTESIAN_POINT('',(-0.658856417697,-17.88356567661));
#357 = CARTESIAN_POINT('',(-0.713467379952,-18.32231973375));
#358 = CARTESIAN_POINT('',(-0.768078802302,-18.76107723114));
#359 = CARTESIAN_POINT('',(-0.905791999906,-19.8674882817));
#360 = CARTESIAN_POINT('',(-0.988899236828,-20.53518577039));
#361 = CARTESIAN_POINT('',(-1.072002936211,-21.20285271826));
#362 = CARTESIAN_POINT('',(-1.155103834262,-21.87050520208));
#363 = CARTESIAN_POINT('',(-1.238207104603,-22.53817368142));
#364 = CARTESIAN_POINT('',(-1.321314167422,-23.20587182115));
#365 = CARTESIAN_POINT('',(-1.415085264087,-23.95924436815));
#366 = CARTESIAN_POINT('',(-1.42575399304,-24.04495867292));
#367 = CARTESIAN_POINT('',(-1.436422725103,-24.13067296871));
#368 = CARTESIAN_POINT('',(-1.447091460251,-24.21638725532));
#369 = CARTESIAN_POINT('',(-1.457760198426,-24.30210153267));
#370 = CARTESIAN_POINT('',(-1.468428939536,-24.38781580076));
#371 = CARTESIAN_POINT('',(-1.512526417368,-24.74210142827));
#372 = CARTESIAN_POINT('',(-1.545955230797,-25.01067312456));
#373 = CARTESIAN_POINT('',(-1.579384031503,-25.27924444056));
#374 = CARTESIAN_POINT('',(-1.612812826872,-25.5478155049));
#375 = CARTESIAN_POINT('',(-1.646241656647,-25.81638672769));
#376 = CARTESIAN_POINT('',(-1.679670525657,-26.08495824555));
#377 = CARTESIAN_POINT('',(-1.770749712134,-26.81669947581));
#378 = CARTESIAN_POINT('',(-1.828400848482,-27.27987588922));
#379 = CARTESIAN_POINT('',(-1.886051344115,-27.74304786885));
#380 = CARTESIAN_POINT('',(-1.943701379572,-28.20621718578));
#381 = CARTESIAN_POINT('',(-2.001351676984,-28.6693897409));
#382 = CARTESIAN_POINT('',(-2.059002459649,-29.13256718578));
#383 = CARTESIAN_POINT('',(-2.186845945695,-30.15968757381));
#384 = CARTESIAN_POINT('',(-2.257041495951,-30.72365369055));
#385 = CARTESIAN_POINT('',(-2.32723547529,-31.28760747961));
#386 = CARTESIAN_POINT('',(-2.397428538002,-31.85155319853));
#387 = CARTESIAN_POINT('',(-2.467622714956,-32.41550646087));
#388 = CARTESIAN_POINT('',(-2.537818582961,-32.97947177799));
#389 = CARTESIAN_POINT('',(-2.722280060684,-34.46146289777));
#390 = CARTESIAN_POINT('',(-2.836571992328,-35.37969825668));
#391 = CARTESIAN_POINT('',(-2.950845247511,-36.29778117297));
#392 = CARTESIAN_POINT('',(-3.065108524422,-37.2157875483));
#393 = CARTESIAN_POINT('',(-3.179380987034,-38.13387177057));
#394 = CARTESIAN_POINT('',(-3.293672159685,-39.05210900443));
#395 = CARTESIAN_POINT('',(-3.407937818398,-39.97016022975));
#396 = ( GEOMETRIC_REPRESENTATION_CONTEXT(2) 
PARAMETRIC_REPRESENTATION_CONTEXT() REPRESENTATION_CONTEXT('2D SPACE',''
  ) );
#397 = PCURVE('',#398,#429);
#398 = B_SPLINE_SURFACE_WITH_KNOTS('',1,8,(
    (#399,#400,#401,#402,#403,#404,#405,#406,#407,#408,#409,#410,#411
      ,#412,#413)
    ,(#414,#415,#416,#417,#418,#419,#420,#421,#422,#423,#424,#425,#426
      ,#427,#428
    )),.UNSPECIFIED.,.F.,.F.,.F.,(2,2),(9,6,9),(0.,26.818650227034),(0.,
    20.154328389926,40.308656779852),.UNSPECIFIED.);
#399 = CARTESIAN_POINT('',(5.36015676289E-13,26.,158.));
#400 = CARTESIAN_POINT('',(10.578475699457,26.000080197686,160.501074248
    ));
#401 = CARTESIAN_POINT('',(21.160979528517,29.761420783876,
    162.9993271733));
#402 = CARTESIAN_POINT('',(30.177092845152,37.288481674296,
    165.5000447725));
#403 = CARTESIAN_POINT('',(36.076249014492,47.797312230316,
    168.00114807942));
#404 = CARTESIAN_POINT('',(37.769686474567,59.734670314274,
    170.49968564813));
#405 = CARTESIAN_POINT('',(35.169235300051,71.187652656356,
    173.00023536197));
#406 = CARTESIAN_POINT('',(22.920334982268,90.01096737849,178.0002164671
    ));
#407 = CARTESIAN_POINT('',(1.536830061157,96.873798675668,
    183.00019757211));
#408 = CARTESIAN_POINT('',(-10.19672470743,96.368118792599,
    185.50074728976));
#409 = CARTESIAN_POINT('',(-21.26766825169,91.592769362921,
    187.99928484553));
#410 = CARTESIAN_POINT('',(-29.85320146699,83.135398618116,
    190.50038817097));
#411 = CARTESIAN_POINT('',(-34.74179811068,72.45633806807,
    193.00110575698));
#412 = CARTESIAN_POINT('',(-35.5854987633,61.256854314184,195.4993586861
    ));
#413 = CARTESIAN_POINT('',(-32.80121664319,51.051369455236,
    198.00043293403));
#414 = CARTESIAN_POINT('',(1.12621023618E-13,52.8,159.));
#415 = CARTESIAN_POINT('',(2.240424120388,52.800120296529,
    161.49999959901));
#416 = CARTESIAN_POINT('',(4.480790978391,53.596657703707,
    164.00000024561));
#417 = CARTESIAN_POINT('',(6.390809629239,55.190193457012,
    166.49999999525));
#418 = CARTESIAN_POINT('',(7.639484321691,57.416386257785,
    168.99999956024));
#419 = CARTESIAN_POINT('',(7.998318274012,59.943701047016,
    171.50000012135));
#420 = CARTESIAN_POINT('',(7.447563953733,62.369194350051,
    173.99999991203));
#421 = CARTESIAN_POINT('',(4.853658468541,66.355278760161,178.9999999191
    ));
#422 = CARTESIAN_POINT('',(0.325390188722,67.80855126614,183.99999992617
    ));
#423 = CARTESIAN_POINT('',(-2.159463741896,67.701361057454,
    186.4999997241));
#424 = CARTESIAN_POINT('',(-4.503470029329,66.690324914788,
    189.00000025743));
#425 = CARTESIAN_POINT('',(-6.32227260741,64.899232389838,
    191.49999986676));
#426 = CARTESIAN_POINT('',(-7.356762645536,62.637512275869,
    193.9999995801));
#427 = CARTESIAN_POINT('',(-7.535888691982,60.266300621983,
    196.50000024093));
#428 = CARTESIAN_POINT('',(-6.946072891319,58.104908111425,198.999999838
    ));
#429 = DEFINITIONAL_REPRESENTATION('',(#430),#481);
#430 = B_SPLINE_CURVE_WITH_KNOTS('',7,(#431,#432,#433,#434,#435,#436,
    #437,#438,#439,#440,#441,#442,#443,#444,#445,#446,#447,#448,#449,
    #450,#451,#452,#453,#454,#455,#456,#457,#458,#459,#460,#461,#462,
    #463,#464,#465,#466,#467,#468,#469,#470,#471,#472,#473,#474,#475,
    #476,#477,#478,#479,#480),.UNSPECIFIED.,.F.,.F.,(8,6,6,6,6,6,6,6,8),
  (0.,0.129233309387,0.241407987027,0.412106338763,0.434020682493,
    0.502685632291,0.621103249905,0.765286389662,1.),.UNSPECIFIED.);
#431 = CARTESIAN_POINT('',(26.018066792977,12.717432451908));
#432 = CARTESIAN_POINT('',(26.018068075641,13.226807573067));
#433 = CARTESIAN_POINT('',(26.0180697555,13.736192361606));
#434 = CARTESIAN_POINT('',(26.01807174955,14.245569875049));
#435 = CARTESIAN_POINT('',(26.018073723211,14.754942787084));
#436 = CARTESIAN_POINT('',(26.018075262732,15.26432030606));
#437 = CARTESIAN_POINT('',(26.018076047602,15.773705093486));
#438 = CARTESIAN_POINT('',(26.018076001565,16.725218410526));
#439 = CARTESIAN_POINT('',(26.018075410836,17.167361504373));
#440 = CARTESIAN_POINT('',(26.018074112057,17.609501087824));
#441 = CARTESIAN_POINT('',(26.018072395443,18.051638423551));
#442 = CARTESIAN_POINT('',(26.018070743948,18.493777995719));
#443 = CARTESIAN_POINT('',(26.018069597095,18.935921092568));
#444 = CARTESIAN_POINT('',(26.018068380874,20.050869688294));
#445 = CARTESIAN_POINT('',(26.018069647973,20.723719514544));
#446 = CARTESIAN_POINT('',(26.018068199947,21.396538736278));
#447 = CARTESIAN_POINT('',(26.018073647817,22.069342426357));
#448 = CARTESIAN_POINT('',(26.01807334607,22.742162655819));
#449 = CARTESIAN_POINT('',(26.018073119054,23.415012753728));
#450 = CARTESIAN_POINT('',(26.018071888252,24.174198553957));
#451 = CARTESIAN_POINT('',(26.018071737966,24.26057425946));
#452 = CARTESIAN_POINT('',(26.01807157911,24.346949958913));
#453 = CARTESIAN_POINT('',(26.01807141342,24.433325652163));
#454 = CARTESIAN_POINT('',(26.018071242686,24.519701339136));
#455 = CARTESIAN_POINT('',(26.018071068752,24.606077019832));
#456 = CARTESIAN_POINT('',(26.01807034444,24.963096498492));
#457 = CARTESIAN_POINT('',(26.018069781684,25.233740662538));
#458 = CARTESIAN_POINT('',(26.018069264257,25.504384471998));
#459 = CARTESIAN_POINT('',(26.018068844058,25.775028052938));
#460 = CARTESIAN_POINT('',(26.018068559414,26.045671813372));
#461 = CARTESIAN_POINT('',(26.018068428628,26.316315884672));
#462 = CARTESIAN_POINT('',(26.018068469189,27.053703945701));
#463 = CARTESIAN_POINT('',(26.018068927316,27.52045470225));
#464 = CARTESIAN_POINT('',(26.018069803301,27.987200977027));
#465 = CARTESIAN_POINT('',(26.018070855127,28.453944520323));
#466 = CARTESIAN_POINT('',(26.018071754675,28.920691250286));
#467 = CARTESIAN_POINT('',(26.018072229047,29.38744281488));
#468 = CARTESIAN_POINT('',(26.018072168825,30.422488798575));
#469 = CARTESIAN_POINT('',(26.0180713951,30.990806525175));
#470 = CARTESIAN_POINT('',(26.018069705642,31.559111694085));
#471 = CARTESIAN_POINT('',(26.018067368694,32.127408626294));
#472 = CARTESIAN_POINT('',(26.018065113165,32.695713131769));
#473 = CARTESIAN_POINT('',(26.018063803197,33.264029864011));
#474 = CARTESIAN_POINT('',(26.018063715823,34.757456112035));
#475 = CARTESIAN_POINT('',(26.018067160439,35.682777082043));
#476 = CARTESIAN_POINT('',(26.018074927056,36.607945322873));
#477 = CARTESIAN_POINT('',(26.018088362839,37.533037474062));
#478 = CARTESIAN_POINT('',(26.018091809904,38.458208912963));
#479 = CARTESIAN_POINT('',(26.018089237889,39.383531564834));
#480 = CARTESIAN_POINT('',(26.01804547176,40.308656779852));
#481 = ( GEOMETRIC_REPRESENTATION_CONTEXT(2) 
PARAMETRIC_REPRESENTATION_CONTEXT() REPRESENTATION_CONTEXT('2D SPACE',''
  ) );
#482 = ORIENTED_EDGE('',*,*,#483,.T.);
#483 = EDGE_CURVE('',#289,#484,#486,.T.);
#484 = VERTEX_POINT('',#485);
#485 = CARTESIAN_POINT('',(8.,60.,233.));
#486 = SEAM_CURVE('',#487,(#491,#498),.PCURVE_S1.);
#487 = LINE('',#488,#489);
#488 = CARTESIAN_POINT('',(8.,60.,159.));
#489 = VECTOR('',#490,1.);
#490 = DIRECTION('',(0.,0.,1.));
#491 = PCURVE('',#33,#492);
#492 = DEFINITIONAL_REPRESENTATION('',(#493),#497);
#493 = LINE('',#494,#495);
#494 = CARTESIAN_POINT('',(-0.,0.));
#495 = VECTOR('',#496,1.);
#496 = DIRECTION('',(-0.,-1.));
#497 = ( GEOMETRIC_REPRESENTATION_CONTEXT(2) 
PARAMETRIC_REPRESENTATION_CONTEXT() REPRESENTATION_CONTEXT('2D SPACE',''
  ) );
#498 = PCURVE('',#33,#499);
#499 = DEFINITIONAL_REPRESENTATION('',(#500),#504);
#500 = LINE('',#501,#502);
#501 = CARTESIAN_POINT('',(-6.28318530718,0.));
#502 = VECTOR('',#503,1.);
#503 = DIRECTION('',(-0.,-1.));
#504 = ( GEOMETRIC_REPRESENTATION_CONTEXT(2) 
PARAMETRIC_REPRESENTATION_CONTEXT() REPRESENTATION_CONTEXT('2D SPACE',''
  ) );
#505 = ORIENTED_EDGE('',*,*,#506,.T.);
#506 = EDGE_CURVE('',#484,#484,#507,.T.);
#507 = SURFACE_CURVE('',#508,(#513,#520),.PCURVE_S1.);
#508 = CIRCLE('',#509,8.);
#509 = AXIS2_PLACEMENT_3D('',#510,#511,#512);
#510 = CARTESIAN_POINT('',(0.,60.,233.));
#511 = DIRECTION('',(0.,0.,1.));
#512 = DIRECTION('',(1.,0.,0.));
#513 = PCURVE('',#33,#514);
#514 = DEFINITIONAL_REPRESENTATION('',(#515),#519);
#515 = LINE('',#516,#517);
#516 = CARTESIAN_POINT('',(-0.,-74.));
#517 = VECTOR('',#518,1.);
#518 = DIRECTION('',(-1.,0.));
#519 = ( GEOMETRIC_REPRESENTATION_CONTEXT(2) 
PARAMETRIC_REPRESENTATION_CONTEXT() REPRESENTATION_CONTEXT('2D SPACE',''
  ) );
#520 = PCURVE('',#521,#526);
#521 = PLANE('',#522);
#522 = AXIS2_PLACEMENT_3D('',#523,#524,#525);
#523 = CARTESIAN_POINT('',(-6.837200662697E-16,60.,233.));
#524 = DIRECTION('',(0.,0.,1.));
#525 = DIRECTION('',(1.,0.,-0.));
#526 = DEFINITIONAL_REPRESENTATION('',(#527),#531);
#527 = CIRCLE('',#528,8.);
#528 = AXIS2_PLACEMENT_2D('',#529,#530);
#529 = CARTESIAN_POINT('',(6.837200662697E-16,7.105427357601E-15));
#530 = DIRECTION('',(1.,0.));
#531 = ( GEOMETRIC_REPRESENTATION_CONTEXT(2) 
PARAMETRIC_REPRESENTATION_CONTEXT() REPRESENTATION_CONTEXT('2D SPACE',''
  ) );
#532 = ORIENTED_EDGE('',*,*,#483,.F.);
#533 = ORIENTED_EDGE('',*,*,#534,.F.);
#534 = EDGE_CURVE('',#24,#289,#535,.T.);
#535 = SURFACE_CURVE('',#536,(#551,#569),.PCURVE_S1.);
#536 = B_SPLINE_CURVE_WITH_KNOTS('',7,(#537,#538,#539,#540,#541,#542,
    #543,#544,#545,#546,#547,#548,#549,#550),.UNSPECIFIED.,.F.,.F.,(8,6,
    8),(0.,0.438738621943,1.),.UNSPECIFIED.);
#537 = CARTESIAN_POINT('',(2.972226202311E-02,52.000055213494,
    158.9999994));
#538 = CARTESIAN_POINT('',(0.815405773696,52.002974270163,
    159.78906669878));
#539 = CARTESIAN_POINT('',(1.600859481373,52.095916978568,
    160.57821706633));
#540 = CARTESIAN_POINT('',(2.373532068031,52.278880368182,
    161.36729603282));
#541 = CARTESIAN_POINT('',(3.121071933015,52.54961347234,162.15633724316
    ));
#542 = CARTESIAN_POINT('',(3.831714084672,52.903856905407,
    162.94541622376));
#543 = CARTESIAN_POINT('',(4.494531398996,53.335428005313,
    163.73456533993));
#544 = CARTESIAN_POINT('',(5.874295654913,54.477055045873,
    165.53303623544));
#545 = CARTESIAN_POINT('',(6.555020086349,55.231515064945,
    166.54275899276));
#546 = CARTESIAN_POINT('',(7.121558556674,56.082936390176,
    167.55223568207));
#547 = CARTESIAN_POINT('',(7.55784287993,57.010185822414,168.56159392218
    ));
#548 = CARTESIAN_POINT('',(7.852669736919,57.989450010756,
    169.57107062994));
#549 = CARTESIAN_POINT('',(7.999999999986,58.994878929426,170.580793333)
  );
#550 = CARTESIAN_POINT('',(8.,60.,171.59020579142));
#551 = PCURVE('',#33,#552);
#552 = DEFINITIONAL_REPRESENTATION('',(#553),#568);
#553 = B_SPLINE_CURVE_WITH_KNOTS('',7,(#554,#555,#556,#557,#558,#559,
    #560,#561,#562,#563,#564,#565,#566,#567),.UNSPECIFIED.,.F.,.F.,(8,6,
    8),(0.,0.438738621943,1.),.UNSPECIFIED.);
#554 = CARTESIAN_POINT('',(-4.716104271685,5.999999999062E-07));
#555 = CARTESIAN_POINT('',(-4.814315388466,-0.789066698781));
#556 = CARTESIAN_POINT('',(-4.912539581676,-1.578217066337));
#557 = CARTESIAN_POINT('',(-5.0107552304,-2.367296032829));
#558 = CARTESIAN_POINT('',(-5.108966255552,-3.156337243163));
#559 = CARTESIAN_POINT('',(-5.207182094672,-3.945416223762));
#560 = CARTESIAN_POINT('',(-5.30540660038,-4.734565339939));
#561 = CARTESIAN_POINT('',(-5.529259987864,-6.533036235447));
#562 = CARTESIAN_POINT('',(-5.654938696091,-7.542758992761));
#563 = CARTESIAN_POINT('',(-5.780586456419,-8.552235682078));
#564 = CARTESIAN_POINT('',(-5.906218994794,-9.561593922185));
#565 = CARTESIAN_POINT('',(-6.031866595637,-10.57107062994));
#566 = CARTESIAN_POINT('',(-6.157545173358,-11.580793333));
#567 = CARTESIAN_POINT('',(-6.28318530718,-12.59020579142));
#568 = ( GEOMETRIC_REPRESENTATION_CONTEXT(2) 
PARAMETRIC_REPRESENTATION_CONTEXT() REPRESENTATION_CONTEXT('2D SPACE',''
  ) );
#569 = PCURVE('',#398,#570);
#570 = DEFINITIONAL_REPRESENTATION('',(#571),#586);
#571 = B_SPLINE_CURVE_WITH_KNOTS('',7,(#572,#573,#574,#575,#576,#577,
    #578,#579,#580,#581,#582,#583,#584,#585),.UNSPECIFIED.,.F.,.F.,(8,6,
    8),(0.,0.438738621943,1.),.UNSPECIFIED.);
#572 = CARTESIAN_POINT('',(26.018092107871,3.00801617976E-02));
#573 = CARTESIAN_POINT('',(26.018055557742,0.825227806871));
#574 = CARTESIAN_POINT('',(26.018051623274,1.620466300362));
#575 = CARTESIAN_POINT('',(26.018061396985,2.415635531308));
#576 = CARTESIAN_POINT('',(26.018068768137,3.210767164278));
#577 = CARTESIAN_POINT('',(26.018073520629,4.005936450925));
#578 = CARTESIAN_POINT('',(26.018075276816,4.801175735802));
#579 = CARTESIAN_POINT('',(26.018075129307,6.613524891367));
#580 = CARTESIAN_POINT('',(26.018071963902,7.631038485014));
#581 = CARTESIAN_POINT('',(26.018067983757,8.648303438169));
#582 = CARTESIAN_POINT('',(26.018065335366,9.665449507902));
#583 = CARTESIAN_POINT('',(26.018063252014,10.682715835404));
#584 = CARTESIAN_POINT('',(26.018064231548,11.70023044059));
#585 = CARTESIAN_POINT('',(26.018066792977,12.717432451908));
#586 = ( GEOMETRIC_REPRESENTATION_CONTEXT(2) 
PARAMETRIC_REPRESENTATION_CONTEXT() REPRESENTATION_CONTEXT('2D SPACE',''
  ) );
#587 = ADVANCED_FACE('',(#588,#771),#45,.F.);
#588 = FACE_BOUND('',#589,.F.);
#589 = EDGE_LOOP('',(#590,#614,#615,#644,#735));
#590 = ORIENTED_EDGE('',*,*,#591,.T.);
#591 = EDGE_CURVE('',#592,#22,#594,.T.);
#592 = VERTEX_POINT('',#593);
#593 = CARTESIAN_POINT('',(5.412556190031,54.108969912676,159.));
#594 = SURFACE_CURVE('',#595,(#600,#607),.PCURVE_S1.);
#595 = CIRCLE('',#596,8.);
#596 = AXIS2_PLACEMENT_3D('',#597,#598,#599);
#597 = CARTESIAN_POINT('',(0.,60.,159.));
#598 = DIRECTION('',(0.,0.,1.));
#599 = DIRECTION('',(1.,0.,0.));
#600 = PCURVE('',#45,#601);
#601 = DEFINITIONAL_REPRESENTATION('',(#602),#606);
#602 = CIRCLE('',#603,8.);
#603 = AXIS2_PLACEMENT_2D('',#604,#605);
#604 = CARTESIAN_POINT('',(6.837200662697E-16,7.105427357601E-15));
#605 = DIRECTION('',(1.,0.));
#606 = ( GEOMETRIC_REPRESENTATION_CONTEXT(2) 
PARAMETRIC_REPRESENTATION_CONTEXT() REPRESENTATION_CONTEXT('2D SPACE',''
  ) );
#607 = PCURVE('',#73,#608);
#608 = DEFINITIONAL_REPRESENTATION('',(#609),#613);
#609 = LINE('',#610,#611);
#610 = CARTESIAN_POINT('',(-0.,0.));
#611 = VECTOR('',#612,1.);
#612 = DIRECTION('',(-1.,0.));
#613 = ( GEOMETRIC_REPRESENTATION_CONTEXT(2) 
PARAMETRIC_REPRESENTATION_CONTEXT() REPRESENTATION_CONTEXT('2D SPACE',''
  ) );
#614 = ORIENTED_EDGE('',*,*,#21,.T.);
#615 = ORIENTED_EDGE('',*,*,#616,.F.);
#616 = EDGE_CURVE('',#617,#24,#619,.T.);
#617 = VERTEX_POINT('',#618);
#618 = CARTESIAN_POINT('',(1.099564883589E-13,52.8,159.));
#619 = SURFACE_CURVE('',#620,(#626,#635),.PCURVE_S1.);
#620 = B_SPLINE_CURVE_WITH_KNOTS('',4,(#621,#622,#623,#624,#625),
  .UNSPECIFIED.,.F.,.F.,(5,5),(0.,1.),.PIECEWISE_BEZIER_KNOTS.);
#621 = CARTESIAN_POINT('',(1.083577672034E-13,52.8,159.));
#622 = CARTESIAN_POINT('',(6.688522675459E-03,52.599979772273,159.));
#623 = CARTESIAN_POINT('',(1.387226913408E-02,52.399971951032,159.));
#624 = CARTESIAN_POINT('',(2.155116289054E-02,52.199978166713,159.));
#625 = CARTESIAN_POINT('',(2.972511633567E-02,52.,159.));
#626 = PCURVE('',#45,#627);
#627 = DEFINITIONAL_REPRESENTATION('',(#628),#634);
#628 = B_SPLINE_CURVE_WITH_KNOTS('',4,(#629,#630,#631,#632,#633),
  .UNSPECIFIED.,.F.,.F.,(5,5),(0.,1.),.PIECEWISE_BEZIER_KNOTS.);
#629 = CARTESIAN_POINT('',(1.090414872697E-13,-7.2));
#630 = CARTESIAN_POINT('',(6.688522675459E-03,-7.400020227727));
#631 = CARTESIAN_POINT('',(1.387226913408E-02,-7.600028048968));
#632 = CARTESIAN_POINT('',(2.155116289054E-02,-7.800021833287));
#633 = CARTESIAN_POINT('',(2.972511633567E-02,-8.));
#634 = ( GEOMETRIC_REPRESENTATION_CONTEXT(2) 
PARAMETRIC_REPRESENTATION_CONTEXT() REPRESENTATION_CONTEXT('2D SPACE',''
  ) );
#635 = PCURVE('',#398,#636);
#636 = DEFINITIONAL_REPRESENTATION('',(#637),#643);
#637 = B_SPLINE_CURVE_WITH_KNOTS('',4,(#638,#639,#640,#641,#642),
  .UNSPECIFIED.,.F.,.F.,(5,5),(0.,1.),.PIECEWISE_BEZIER_KNOTS.);
#638 = CARTESIAN_POINT('',(26.818650227034,0.));
#639 = CARTESIAN_POINT('',(26.618490445051,7.521047087454E-03));
#640 = CARTESIAN_POINT('',(26.418334805378,1.504187423612E-02));
#641 = CARTESIAN_POINT('',(26.218183514922,2.256247475519E-02));
#642 = CARTESIAN_POINT('',(26.018036829453,3.00828406364E-02));
#643 = ( GEOMETRIC_REPRESENTATION_CONTEXT(2) 
PARAMETRIC_REPRESENTATION_CONTEXT() REPRESENTATION_CONTEXT('2D SPACE',''
  ) );
#644 = ORIENTED_EDGE('',*,*,#645,.T.);
#645 = EDGE_CURVE('',#617,#646,#648,.T.);
#646 = VERTEX_POINT('',#647);
#647 = CARTESIAN_POINT('',(4.890985477504,54.716201299323,159.));
#648 = SURFACE_CURVE('',#649,(#668,#690),.PCURVE_S1.);
#649 = B_SPLINE_CURVE_WITH_KNOTS('',5,(#650,#651,#652,#653,#654,#655,
    #656,#657,#658,#659,#660,#661,#662,#663,#664,#665,#666,#667),
  .UNSPECIFIED.,.F.,.F.,(6,4,4,4,6),(0.,0.24999972439,0.499999427695,
    0.749999575214,1.),.UNSPECIFIED.);
#650 = CARTESIAN_POINT('',(1.0791425567E-13,52.8,159.));
#651 = CARTESIAN_POINT('',(0.268850718244,52.800014435574,159.));
#652 = CARTESIAN_POINT('',(0.537701070363,52.812568826569,159.));
#653 = CARTESIAN_POINT('',(0.805769827671,52.837667819555,159.));
#654 = CARTESIAN_POINT('',(1.072277379973,52.875240552576,159.));
#655 = CARTESIAN_POINT('',(1.600633636528,52.975045545465,159.));
#656 = CARTESIAN_POINT('',(1.862482948181,53.037277916485,159.));
#657 = CARTESIAN_POINT('',(2.121235292299,53.111696182759,159.));
#658 = CARTESIAN_POINT('',(2.376137944919,53.198083999232,159.));
#659 = CARTESIAN_POINT('',(2.876788458498,53.394228430958,159.));
#660 = CARTESIAN_POINT('',(3.122536852572,53.503985301886,159.));
#661 = CARTESIAN_POINT('',(3.362980245098,53.625141505743,159.));
#662 = CARTESIAN_POINT('',(3.597419175384,53.757344331389,159.));
#663 = CARTESIAN_POINT('',(4.05296371577,54.043012362729,159.));
#664 = CARTESIAN_POINT('',(4.274069801826,54.196477898987,159.));
#665 = CARTESIAN_POINT('',(4.487847245831,54.360159373121,159.));
#666 = CARTESIAN_POINT('',(4.693674129746,54.533580521008,159.));
#667 = CARTESIAN_POINT('',(4.890976692698,54.716210275306,159.));
#668 = PCURVE('',#45,#669);
#669 = DEFINITIONAL_REPRESENTATION('',(#670),#689);
#670 = B_SPLINE_CURVE_WITH_KNOTS('',5,(#671,#672,#673,#674,#675,#676,
    #677,#678,#679,#680,#681,#682,#683,#684,#685,#686,#687,#688),
  .UNSPECIFIED.,.F.,.F.,(6,4,4,4,6),(0.,0.24999972439,0.499999427695,
    0.749999575214,1.),.UNSPECIFIED.);
#671 = CARTESIAN_POINT('',(1.085979757363E-13,-7.2));
#672 = CARTESIAN_POINT('',(0.268850718244,-7.199985564426));
#673 = CARTESIAN_POINT('',(0.537701070363,-7.187431173431));
#674 = CARTESIAN_POINT('',(0.805769827671,-7.162332180445));
#675 = CARTESIAN_POINT('',(1.072277379973,-7.124759447424));
#676 = CARTESIAN_POINT('',(1.600633636528,-7.024954454535));
#677 = CARTESIAN_POINT('',(1.862482948181,-6.962722083515));
#678 = CARTESIAN_POINT('',(2.121235292299,-6.888303817241));
#679 = CARTESIAN_POINT('',(2.376137944919,-6.801916000768));
#680 = CARTESIAN_POINT('',(2.876788458498,-6.605771569042));
#681 = CARTESIAN_POINT('',(3.122536852572,-6.496014698114));
#682 = CARTESIAN_POINT('',(3.362980245098,-6.374858494257));
#683 = CARTESIAN_POINT('',(3.597419175384,-6.242655668611));
#684 = CARTESIAN_POINT('',(4.05296371577,-5.956987637271));
#685 = CARTESIAN_POINT('',(4.274069801826,-5.803522101013));
#686 = CARTESIAN_POINT('',(4.487847245831,-5.639840626879));
#687 = CARTESIAN_POINT('',(4.693674129746,-5.466419478992));
#688 = CARTESIAN_POINT('',(4.890976692698,-5.283789724694));
#689 = ( GEOMETRIC_REPRESENTATION_CONTEXT(2) 
PARAMETRIC_REPRESENTATION_CONTEXT() REPRESENTATION_CONTEXT('2D SPACE',''
  ) );
#690 = PCURVE('',#691,#714);
#691 = B_SPLINE_SURFACE_WITH_KNOTS('',1,10,(
    (#692,#693,#694,#695,#696,#697,#698,#699,#700,#701,#702)
    ,(#703,#704,#705,#706,#707,#708,#709,#710,#711,#712,#713
  )),.UNSPECIFIED.,.F.,.F.,.F.,(2,2),(11,11),(0.,6.),(0.,40.308656779852
    ),.PIECEWISE_BEZIER_KNOTS.);
#692 = CARTESIAN_POINT('',(1.099564883589E-13,52.8,159.));
#693 = CARTESIAN_POINT('',(3.58467859262,52.800192474446,162.99999935841
    ));
#694 = CARTESIAN_POINT('',(7.169214665531,54.782578646508,
    167.00000132417));
#695 = CARTESIAN_POINT('',(9.519712062104,58.750526050158,
    170.99999794269));
#696 = CARTESIAN_POINT('',(9.404737833747,63.815809718999,
    175.00000136658));
#697 = CARTESIAN_POINT('',(6.303719715717,68.25304895534,179.00000006443
    ));
#698 = CARTESIAN_POINT('',(1.205982519459,70.078759517228,
    182.99999823627));
#699 = CARTESIAN_POINT('',(-3.711953677,68.854143805699,187.00000201639)
  );
#700 = CARTESIAN_POINT('',(-6.91967263397,65.543580679716,
    190.99999847979));
#701 = CARTESIAN_POINT('',(-7.88977817238,61.563136128317,
    195.00000048269));
#702 = CARTESIAN_POINT('',(-6.946072891319,58.104908111425,198.999999838
    ));
#703 = CARTESIAN_POINT('',(1.072919530998E-13,52.8,153.));
#704 = CARTESIAN_POINT('',(3.584702729577,52.799807525554,
    156.99999935841));
#705 = CARTESIAN_POINT('',(7.169475860428,54.783408114311,
    161.00000135172));
#706 = CARTESIAN_POINT('',(9.51902005999,58.74941585192,164.99999783186)
  );
#707 = CARTESIAN_POINT('',(9.406008702511,63.816303864233,
    169.00000159453));
#708 = CARTESIAN_POINT('',(6.302883708256,68.253775426143,
    172.99999977399));
#709 = CARTESIAN_POINT('',(1.205856511293,70.077539138042,
    176.99999847936));
#710 = CARTESIAN_POINT('',(-3.711114720511,68.855222836826,
    181.00000188586));
#711 = CARTESIAN_POINT('',(-6.920497309986,65.54318504337,184.9999985211
    ));
#712 = CARTESIAN_POINT('',(-7.889506691059,61.563235209238,
    189.00000047726));
#713 = CARTESIAN_POINT('',(-6.946166434333,58.104882591061,
    192.99999983878));
#714 = DEFINITIONAL_REPRESENTATION('',(#715),#734);
#715 = B_SPLINE_CURVE_WITH_KNOTS('',5,(#716,#717,#718,#719,#720,#721,
    #722,#723,#724,#725,#726,#727,#728,#729,#730,#731,#732,#733),
  .UNSPECIFIED.,.F.,.F.,(6,4,4,4,6),(0.,0.24999972439,0.499999427695,
    0.749999575214,1.),.UNSPECIFIED.);
#716 = CARTESIAN_POINT('',(0.,0.));
#717 = CARTESIAN_POINT('',(0.299999755264,0.302314727714));
#718 = CARTESIAN_POINT('',(0.59999987228,0.604629803346));
#719 = CARTESIAN_POINT('',(0.899999520179,0.906944394639));
#720 = CARTESIAN_POINT('',(1.19999993137,1.209259746935));
#721 = CARTESIAN_POINT('',(1.80000004375,1.813889724609));
#722 = CARTESIAN_POINT('',(2.100000434361,2.116205044728));
#723 = CARTESIAN_POINT('',(2.400000126395,2.418519657611));
#724 = CARTESIAN_POINT('',(2.700000308187,2.720834762244));
#725 = CARTESIAN_POINT('',(3.300000225407,3.325464520044));
#726 = CARTESIAN_POINT('',(3.600000619539,3.627779836998));
#727 = CARTESIAN_POINT('',(3.900000232022,3.930094366396));
#728 = CARTESIAN_POINT('',(4.200000322836,4.232409378369));
#729 = CARTESIAN_POINT('',(4.800000010415,4.837038905949));
#730 = CARTESIAN_POINT('',(5.100000253809,5.139354073174));
#731 = CARTESIAN_POINT('',(5.399999847055,5.441668586172));
#732 = CARTESIAN_POINT('',(5.700000062108,5.743983726668));
#733 = CARTESIAN_POINT('',(6.,6.046298588648));
#734 = ( GEOMETRIC_REPRESENTATION_CONTEXT(2) 
PARAMETRIC_REPRESENTATION_CONTEXT() REPRESENTATION_CONTEXT('2D SPACE',''
  ) );
#735 = ORIENTED_EDGE('',*,*,#736,.F.);
#736 = EDGE_CURVE('',#592,#646,#737,.T.);
#737 = SURFACE_CURVE('',#738,(#747,#759),.PCURVE_S1.);
#738 = B_SPLINE_CURVE_WITH_KNOTS('',4,(#739,#740,#741,#742,#743,#744,
    #745,#746),.UNSPECIFIED.,.F.,.F.,(5,3,5),(0.,5.348373048536E-02,1.),
  .UNSPECIFIED.);
#739 = CARTESIAN_POINT('',(7.16464399963,52.,159.));
#740 = CARTESIAN_POINT('',(7.134836790178,52.036820838759,159.));
#741 = CARTESIAN_POINT('',(7.105008130341,52.07362410232,159.));
#742 = CARTESIAN_POINT('',(7.075158325322,52.110409412879,159.));
#743 = CARTESIAN_POINT('',(6.516648702568,52.797864057209,159.));
#744 = CARTESIAN_POINT('',(5.981336197624,53.442991868985,159.));
#745 = CARTESIAN_POINT('',(5.439422922734,54.08246769112,159.));
#746 = CARTESIAN_POINT('',(4.890985477504,54.716201299323,159.));
#747 = PCURVE('',#45,#748);
#748 = DEFINITIONAL_REPRESENTATION('',(#749),#758);
#749 = B_SPLINE_CURVE_WITH_KNOTS('',4,(#750,#751,#752,#753,#754,#755,
    #756,#757),.UNSPECIFIED.,.F.,.F.,(5,3,5),(0.,5.348373048536E-02,1.),
  .UNSPECIFIED.);
#750 = CARTESIAN_POINT('',(7.16464399963,-8.));
#751 = CARTESIAN_POINT('',(7.134836790178,-7.963179161241));
#752 = CARTESIAN_POINT('',(7.105008130341,-7.92637589768));
#753 = CARTESIAN_POINT('',(7.075158325322,-7.889590587121));
#754 = CARTESIAN_POINT('',(6.516648702568,-7.202135942791));
#755 = CARTESIAN_POINT('',(5.981336197624,-6.557008131015));
#756 = CARTESIAN_POINT('',(5.439422922734,-5.91753230888));
#757 = CARTESIAN_POINT('',(4.890985477504,-5.283798700677));
#758 = ( GEOMETRIC_REPRESENTATION_CONTEXT(2) 
PARAMETRIC_REPRESENTATION_CONTEXT() REPRESENTATION_CONTEXT('2D SPACE',''
  ) );
#759 = PCURVE('',#183,#760);
#760 = DEFINITIONAL_REPRESENTATION('',(#761),#770);
#761 = B_SPLINE_CURVE_WITH_KNOTS('',4,(#762,#763,#764,#765,#766,#767,
    #768,#769),.UNSPECIFIED.,.F.,.F.,(5,3,5),(0.,5.348373048536E-02,1.),
  .UNSPECIFIED.);
#762 = CARTESIAN_POINT('',(3.541723347281,5.913195166465));
#763 = CARTESIAN_POINT('',(3.494375824473,5.914974559407));
#764 = CARTESIAN_POINT('',(3.447028138024,5.916753958478));
#765 = CARTESIAN_POINT('',(3.399679827055,5.918533381));
#766 = CARTESIAN_POINT('',(2.514390993521,5.951803899858));
#767 = CARTESIAN_POINT('',(1.676344485601,5.98329897363));
#768 = CARTESIAN_POINT('',(0.838208536885,6.014797409555));
#769 = CARTESIAN_POINT('',(0.,6.046298580419));
#770 = ( GEOMETRIC_REPRESENTATION_CONTEXT(2) 
PARAMETRIC_REPRESENTATION_CONTEXT() REPRESENTATION_CONTEXT('2D SPACE',''
  ) );
#771 = FACE_BOUND('',#772,.F.);
#772 = EDGE_LOOP('',(#773));
#773 = ORIENTED_EDGE('',*,*,#774,.T.);
#774 = EDGE_CURVE('',#775,#775,#777,.T.);
#775 = VERTEX_POINT('',#776);
#776 = CARTESIAN_POINT('',(7.,60.,159.));
#777 = SURFACE_CURVE('',#778,(#783,#794),.PCURVE_S1.);
#778 = CIRCLE('',#779,7.);
#779 = AXIS2_PLACEMENT_3D('',#780,#781,#782);
#780 = CARTESIAN_POINT('',(0.,60.,159.));
#781 = DIRECTION('',(0.,0.,-1.));
#782 = DIRECTION('',(1.,0.,0.));
#783 = PCURVE('',#45,#784);
#784 = DEFINITIONAL_REPRESENTATION('',(#785),#793);
#785 = ( BOUNDED_CURVE() B_SPLINE_CURVE(2,(#786,#787,#788,#789,#790,#791
,#792),.UNSPECIFIED.,.T.,.F.) B_SPLINE_CURVE_WITH_KNOTS((1,2,2,2,2,1),(
    -2.094395102393,0.,2.094395102393,4.188790204786,6.28318530718,
8.377580409573),.UNSPECIFIED.) CURVE() GEOMETRIC_REPRESENTATION_ITEM() 
RATIONAL_B_SPLINE_CURVE((1.,0.5,1.,0.5,1.,0.5,1.)) REPRESENTATION_ITEM(
  '') );
#786 = CARTESIAN_POINT('',(7.,7.105427357601E-15));
#787 = CARTESIAN_POINT('',(7.,-12.12435565298));
#788 = CARTESIAN_POINT('',(-3.5,-6.062177826491));
#789 = CARTESIAN_POINT('',(-14.,5.390921838795E-15));
#790 = CARTESIAN_POINT('',(-3.5,6.062177826491));
#791 = CARTESIAN_POINT('',(7.,12.124355652982));
#792 = CARTESIAN_POINT('',(7.,7.105427357601E-15));
#793 = ( GEOMETRIC_REPRESENTATION_CONTEXT(2) 
PARAMETRIC_REPRESENTATION_CONTEXT() REPRESENTATION_CONTEXT('2D SPACE',''
  ) );
#794 = PCURVE('',#795,#800);
#795 = CYLINDRICAL_SURFACE('',#796,7.);
#796 = AXIS2_PLACEMENT_3D('',#797,#798,#799);
#797 = CARTESIAN_POINT('',(0.,60.,156.));
#798 = DIRECTION('',(-0.,-0.,-1.));
#799 = DIRECTION('',(1.,0.,0.));
#800 = DEFINITIONAL_REPRESENTATION('',(#801),#805);
#801 = LINE('',#802,#803);
#802 = CARTESIAN_POINT('',(-6.28318530718,-3.));
#803 = VECTOR('',#804,1.);
#804 = DIRECTION('',(1.,-0.));
#805 = ( GEOMETRIC_REPRESENTATION_CONTEXT(2) 
PARAMETRIC_REPRESENTATION_CONTEXT() REPRESENTATION_CONTEXT('2D SPACE',''
  ) );
#806 = ADVANCED_FACE('',(#807),#73,.T.);
#807 = FACE_BOUND('',#808,.F.);
#808 = EDGE_LOOP('',(#809,#810,#846));
#809 = ORIENTED_EDGE('',*,*,#591,.F.);
#810 = ORIENTED_EDGE('',*,*,#811,.T.);
#811 = EDGE_CURVE('',#592,#58,#812,.T.);
#812 = SURFACE_CURVE('',#813,(#822,#834),.PCURVE_S1.);
#813 = B_SPLINE_CURVE_WITH_KNOTS('',7,(#814,#815,#816,#817,#818,#819,
    #820,#821),.UNSPECIFIED.,.F.,.F.,(8,8),(0.,1.),
  .PIECEWISE_BEZIER_KNOTS.);
#814 = CARTESIAN_POINT('',(5.412555750081,54.108969508459,158.9999994));
#815 = CARTESIAN_POINT('',(6.109080482944,54.748921882376,
    159.94991407852));
#816 = CARTESIAN_POINT('',(6.717494350921,55.485103964399,
    160.90005547476));
#817 = CARTESIAN_POINT('',(7.221516560442,56.302711367676,
    161.85001746492));
#818 = CARTESIAN_POINT('',(7.60846275606,57.183701134314,162.79989164212
    ));
#819 = CARTESIAN_POINT('',(7.869526092525,58.108021406323,163.7498557217
    ));
#820 = CARTESIAN_POINT('',(7.999999999985,59.054124353964,164.6999990946
    ));
#821 = CARTESIAN_POINT('',(8.,60.,165.64991104282));
#822 = PCURVE('',#73,#823);
#823 = DEFINITIONAL_REPRESENTATION('',(#824),#833);
#824 = B_SPLINE_CURVE_WITH_KNOTS('',7,(#825,#826,#827,#828,#829,#830,
    #831,#832),.UNSPECIFIED.,.F.,.F.,(8,8),(0.,1.),
  .PIECEWISE_BEZIER_KNOTS.);
#825 = CARTESIAN_POINT('',(-5.455482934862,5.999999999062E-07));
#826 = CARTESIAN_POINT('',(-5.573717721434,-0.949914078525));
#827 = CARTESIAN_POINT('',(-5.691980376049,-1.900055474762));
#828 = CARTESIAN_POINT('',(-5.810220097797,-2.850017464921));
#829 = CARTESIAN_POINT('',(-5.928448193967,-3.799891642129));
#830 = CARTESIAN_POINT('',(-6.046688006305,-4.749855721706));
#831 = CARTESIAN_POINT('',(-6.164950851425,-5.699999094604));
#832 = CARTESIAN_POINT('',(-6.28318530718,-6.649911042822));
#833 = ( GEOMETRIC_REPRESENTATION_CONTEXT(2) 
PARAMETRIC_REPRESENTATION_CONTEXT() REPRESENTATION_CONTEXT('2D SPACE',''
  ) );
#834 = PCURVE('',#183,#835);
#835 = DEFINITIONAL_REPRESENTATION('',(#836),#845);
#836 = B_SPLINE_CURVE_WITH_KNOTS('',7,(#837,#838,#839,#840,#841,#842,
    #843,#844),.UNSPECIFIED.,.F.,.F.,(8,8),(0.,1.),
  .PIECEWISE_BEZIER_KNOTS.);
#837 = CARTESIAN_POINT('',(0.800538074203,6.016212520974));
#838 = CARTESIAN_POINT('',(0.800539616446,6.973457028196));
#839 = CARTESIAN_POINT('',(0.80053715036,7.930929367164));
#840 = CARTESIAN_POINT('',(0.800530997517,8.888220668399));
#841 = CARTESIAN_POINT('',(0.800527293229,9.845423911425));
#842 = CARTESIAN_POINT('',(0.800529147229,10.802718291602));
#843 = CARTESIAN_POINT('',(0.800531503011,11.760193752467));
#844 = CARTESIAN_POINT('',(0.800532916085,12.717436130614));
#845 = ( GEOMETRIC_REPRESENTATION_CONTEXT(2) 
PARAMETRIC_REPRESENTATION_CONTEXT() REPRESENTATION_CONTEXT('2D SPACE',''
  ) );
#846 = ORIENTED_EDGE('',*,*,#57,.F.);
#847 = ADVANCED_FACE('',(#848),#183,.F.);
#848 = FACE_BOUND('',#849,.F.);
#849 = EDGE_LOOP('',(#850,#885,#911,#977,#996,#997,#998));
#850 = ORIENTED_EDGE('',*,*,#851,.F.);
#851 = EDGE_CURVE('',#852,#646,#854,.T.);
#852 = VERTEX_POINT('',#853);
#853 = CARTESIAN_POINT('',(1.072919530998E-13,52.8,153.));
#854 = SURFACE_CURVE('',#855,(#871,#878),.PCURVE_S1.);
#855 = B_SPLINE_CURVE_WITH_KNOTS('',8,(#856,#857,#858,#859,#860,#861,
    #862,#863,#864,#865,#866,#867,#868,#869,#870),.UNSPECIFIED.,.F.,.F.,
  (9,6,9),(0.,20.154328389926,40.308656779852),.UNSPECIFIED.);
#856 = CARTESIAN_POINT('',(1.143973804574E-13,52.8,153.));
#857 = CARTESIAN_POINT('',(2.240439205986,52.799879703471,
    155.49999959901));
#858 = CARTESIAN_POINT('',(4.480906698197,53.596819119836,
    158.00000025668));
#859 = CARTESIAN_POINT('',(6.390601730109,55.190147617141,
    160.49999997132));
#860 = CARTESIAN_POINT('',(7.639821501484,57.416263728323,
    162.99999958265));
#861 = CARTESIAN_POINT('',(7.998246251595,59.943748453312,
    165.50000011332));
#862 = CARTESIAN_POINT('',(7.447617235321,62.369213313001,
    167.99999991226));
#863 = CARTESIAN_POINT('',(4.853690464158,66.355322077516,
    172.99999991929));
#864 = CARTESIAN_POINT('',(0.325390300633,67.808600029493,
    177.99999992633));
#865 = CARTESIAN_POINT('',(-2.159557513034,67.70152177781,180.499999718)
  );
#866 = CARTESIAN_POINT('',(-4.503323725027,66.690121971227,
    183.00000027646));
#867 = CARTESIAN_POINT('',(-6.322368239702,64.899511000755,
    185.49999984345));
#868 = CARTESIAN_POINT('',(-7.356986990054,62.637393673764,
    187.99999959439));
#869 = CARTESIAN_POINT('',(-7.535754094787,60.266352977422,
    190.50000023783));
#870 = CARTESIAN_POINT('',(-6.946166434333,58.104882591061,
    192.99999983878));
#871 = PCURVE('',#183,#872);
#872 = DEFINITIONAL_REPRESENTATION('',(#873),#877);
#873 = LINE('',#874,#875);
#874 = CARTESIAN_POINT('',(0.,0.));
#875 = VECTOR('',#876,1.);
#876 = DIRECTION('',(0.,1.));
#877 = ( GEOMETRIC_REPRESENTATION_CONTEXT(2) 
PARAMETRIC_REPRESENTATION_CONTEXT() REPRESENTATION_CONTEXT('2D SPACE',''
  ) );
#878 = PCURVE('',#691,#879);
#879 = DEFINITIONAL_REPRESENTATION('',(#880),#884);
#880 = LINE('',#881,#882);
#881 = CARTESIAN_POINT('',(6.,0.));
#882 = VECTOR('',#883,1.);
#883 = DIRECTION('',(0.,1.));
#884 = ( GEOMETRIC_REPRESENTATION_CONTEXT(2) 
PARAMETRIC_REPRESENTATION_CONTEXT() REPRESENTATION_CONTEXT('2D SPACE',''
  ) );
#885 = ORIENTED_EDGE('',*,*,#886,.T.);
#886 = EDGE_CURVE('',#852,#887,#889,.T.);
#887 = VERTEX_POINT('',#888);
#888 = CARTESIAN_POINT('',(5.431211036466E-13,26.,154.));
#889 = SURFACE_CURVE('',#890,(#893,#900),.PCURVE_S1.);
#890 = B_SPLINE_CURVE_WITH_KNOTS('',1,(#891,#892),.UNSPECIFIED.,.F.,.F.,
  (2,2),(0.,26.818650227034),.PIECEWISE_BEZIER_KNOTS.);
#891 = CARTESIAN_POINT('',(1.143973804574E-13,52.8,153.));
#892 = CARTESIAN_POINT('',(5.36015676289E-13,26.,154.));
#893 = PCURVE('',#183,#894);
#894 = DEFINITIONAL_REPRESENTATION('',(#895),#899);
#895 = LINE('',#896,#897);
#896 = CARTESIAN_POINT('',(0.,0.));
#897 = VECTOR('',#898,1.);
#898 = DIRECTION('',(1.,0.));
#899 = ( GEOMETRIC_REPRESENTATION_CONTEXT(2) 
PARAMETRIC_REPRESENTATION_CONTEXT() REPRESENTATION_CONTEXT('2D SPACE',''
  ) );
#900 = PCURVE('',#901,#906);
#901 = PLANE('',#902);
#902 = AXIS2_PLACEMENT_3D('',#903,#904,#905);
#903 = CARTESIAN_POINT('',(3.178858824228E-13,39.821136657413,156.));
#904 = DIRECTION('',(-1.,-1.576516694968E-14,-0.));
#905 = DIRECTION('',(0.,0.,-1.));
#906 = DEFINITIONAL_REPRESENTATION('',(#907),#910);
#907 = B_SPLINE_CURVE_WITH_KNOTS('',1,(#908,#909),.UNSPECIFIED.,.F.,.F.,
  (2,2),(0.,26.818650227034),.PIECEWISE_BEZIER_KNOTS.);
#908 = CARTESIAN_POINT('',(3.,-12.97886334258));
#909 = CARTESIAN_POINT('',(2.,13.821136657413));
#910 = ( GEOMETRIC_REPRESENTATION_CONTEXT(2) 
PARAMETRIC_REPRESENTATION_CONTEXT() REPRESENTATION_CONTEXT('2D SPACE',''
  ) );
#911 = ORIENTED_EDGE('',*,*,#912,.T.);
#912 = EDGE_CURVE('',#887,#913,#915,.T.);
#913 = VERTEX_POINT('',#914);
#914 = CARTESIAN_POINT('',(-32.8012790052,51.05135244166,194.00043293455
    ));
#915 = SURFACE_CURVE('',#916,(#932,#939),.PCURVE_S1.);
#916 = B_SPLINE_CURVE_WITH_KNOTS('',8,(#917,#918,#919,#920,#921,#922,
    #923,#924,#925,#926,#927,#928,#929,#930,#931),.UNSPECIFIED.,.F.,.F.,
  (9,6,9),(0.,20.154328389926,40.308656779852),.UNSPECIFIED.);
#917 = CARTESIAN_POINT('',(5.36015676289E-13,26.,154.));
#918 = CARTESIAN_POINT('',(10.578485756522,25.999919802314,156.501074248
    ));
#919 = CARTESIAN_POINT('',(21.161056675054,29.761528394629,
    158.99932718068));
#920 = CARTESIAN_POINT('',(30.176954245732,37.288451114382,
    161.50004475655));
#921 = CARTESIAN_POINT('',(36.076473801019,47.797230544008,
    164.00114809435));
#922 = CARTESIAN_POINT('',(37.769638459623,59.734701918471,
    166.49968564278));
#923 = CARTESIAN_POINT('',(35.169270821109,71.187665298322,
    169.00023536213));
#924 = CARTESIAN_POINT('',(22.92035631268,90.010996256727,
    174.00021646723));
#925 = CARTESIAN_POINT('',(1.536830135764,96.873831184571,
    179.00019757221));
#926 = CARTESIAN_POINT('',(-10.19678722152,96.368225939503,
    181.50074728569));
#927 = CARTESIAN_POINT('',(-21.26757071549,91.592634067214,
    183.99928485822));
#928 = CARTESIAN_POINT('',(-29.85326522185,83.135584358727,
    186.50038815543));
#929 = CARTESIAN_POINT('',(-34.74194767369,72.456259000001,
    189.00110576651));
#930 = CARTESIAN_POINT('',(-35.58540903183,61.25688921781,
    191.49935868403));
#931 = CARTESIAN_POINT('',(-32.8012790052,51.05135244166,194.00043293455
    ));
#932 = PCURVE('',#183,#933);
#933 = DEFINITIONAL_REPRESENTATION('',(#934),#938);
#934 = LINE('',#935,#936);
#935 = CARTESIAN_POINT('',(26.818650227034,0.));
#936 = VECTOR('',#937,1.);
#937 = DIRECTION('',(0.,1.));
#938 = ( GEOMETRIC_REPRESENTATION_CONTEXT(2) 
PARAMETRIC_REPRESENTATION_CONTEXT() REPRESENTATION_CONTEXT('2D SPACE',''
  ) );
#939 = PCURVE('',#940,#971);
#940 = B_SPLINE_SURFACE_WITH_KNOTS('',1,8,(
    (#941,#942,#943,#944,#945,#946,#947,#948,#949,#950,#951,#952,#953
      ,#954,#955)
    ,(#956,#957,#958,#959,#960,#961,#962,#963,#964,#965,#966,#967,#968
      ,#969,#970
    )),.UNSPECIFIED.,.F.,.F.,.F.,(2,2),(9,6,9),(0.,4.),(0.,
    20.154328389926,40.308656779852),.UNSPECIFIED.);
#941 = CARTESIAN_POINT('',(5.431211036466E-13,26.,154.));
#942 = CARTESIAN_POINT('',(10.578485756522,25.999919802314,156.501074248
    ));
#943 = CARTESIAN_POINT('',(21.161056675054,29.761528394629,
    158.99932718068));
#944 = CARTESIAN_POINT('',(30.176954245732,37.288451114383,
    161.50004475655));
#945 = CARTESIAN_POINT('',(36.076473801019,47.797230544007,
    164.00114809435));
#946 = CARTESIAN_POINT('',(37.769638459623,59.734701918471,
    166.49968564278));
#947 = CARTESIAN_POINT('',(35.169270821109,71.187665298322,
    169.00023536213));
#948 = CARTESIAN_POINT('',(22.92035631268,90.010996256727,
    174.00021646723));
#949 = CARTESIAN_POINT('',(1.536830135764,96.873831184571,
    179.00019757221));
#950 = CARTESIAN_POINT('',(-10.19678722152,96.368225939503,
    181.50074728569));
#951 = CARTESIAN_POINT('',(-21.26757071549,91.592634067213,
    183.99928485822));
#952 = CARTESIAN_POINT('',(-29.85326522185,83.135584358727,
    186.50038815543));
#953 = CARTESIAN_POINT('',(-34.74194767369,72.456259,189.00110576651));
#954 = CARTESIAN_POINT('',(-35.58540903183,61.25688921781,
    191.49935868403));
#955 = CARTESIAN_POINT('',(-32.8012790052,51.05135244166,194.00043293455
    ));
#956 = CARTESIAN_POINT('',(5.36015676289E-13,26.,158.));
#957 = CARTESIAN_POINT('',(10.578475699457,26.000080197686,160.501074248
    ));
#958 = CARTESIAN_POINT('',(21.160979528517,29.761420783876,
    162.9993271733));
#959 = CARTESIAN_POINT('',(30.177092845153,37.288481674296,
    165.5000447725));
#960 = CARTESIAN_POINT('',(36.07624901449,47.797312230316,
    168.00114807942));
#961 = CARTESIAN_POINT('',(37.769686474568,59.734670314274,
    170.49968564813));
#962 = CARTESIAN_POINT('',(35.169235300051,71.187652656356,
    173.00023536197));
#963 = CARTESIAN_POINT('',(22.920334982269,90.01096737849,178.0002164671
    ));
#964 = CARTESIAN_POINT('',(1.536830061157,96.873798675668,
    183.00019757211));
#965 = CARTESIAN_POINT('',(-10.19672470743,96.368118792599,
    185.50074728976));
#966 = CARTESIAN_POINT('',(-21.26766825169,91.592769362921,
    187.99928484553));
#967 = CARTESIAN_POINT('',(-29.85320146699,83.135398618116,
    190.50038817097));
#968 = CARTESIAN_POINT('',(-34.74179811068,72.45633806807,
    193.00110575698));
#969 = CARTESIAN_POINT('',(-35.5854987633,61.256854314184,195.4993586861
    ));
#970 = CARTESIAN_POINT('',(-32.80121664319,51.051369455236,
    198.00043293403));
#971 = DEFINITIONAL_REPRESENTATION('',(#972),#976);
#972 = LINE('',#973,#974);
#973 = CARTESIAN_POINT('',(0.,0.));
#974 = VECTOR('',#975,1.);
#975 = DIRECTION('',(0.,1.));
#976 = ( GEOMETRIC_REPRESENTATION_CONTEXT(2) 
PARAMETRIC_REPRESENTATION_CONTEXT() REPRESENTATION_CONTEXT('2D SPACE',''
  ) );
#977 = ORIENTED_EDGE('',*,*,#978,.F.);
#978 = EDGE_CURVE('',#86,#913,#979,.T.);
#979 = SURFACE_CURVE('',#980,(#983,#990),.PCURVE_S1.);
#980 = B_SPLINE_CURVE_WITH_KNOTS('',1,(#981,#982),.UNSPECIFIED.,.F.,.F.,
  (2,2),(0.,26.818650227034),.PIECEWISE_BEZIER_KNOTS.);
#981 = CARTESIAN_POINT('',(-6.946166434333,58.104882591061,
    192.99999983878));
#982 = CARTESIAN_POINT('',(-32.8012790052,51.05135244166,194.00043293455
    ));
#983 = PCURVE('',#183,#984);
#984 = DEFINITIONAL_REPRESENTATION('',(#985),#989);
#985 = LINE('',#986,#987);
#986 = CARTESIAN_POINT('',(0.,40.308656779852));
#987 = VECTOR('',#988,1.);
#988 = DIRECTION('',(1.,0.));
#989 = ( GEOMETRIC_REPRESENTATION_CONTEXT(2) 
PARAMETRIC_REPRESENTATION_CONTEXT() REPRESENTATION_CONTEXT('2D SPACE',''
  ) );
#990 = PCURVE('',#277,#991);
#991 = DEFINITIONAL_REPRESENTATION('',(#992),#995);
#992 = B_SPLINE_CURVE_WITH_KNOTS('',1,(#993,#994),.UNSPECIFIED.,.F.,.F.,
  (2,2),(0.,26.818650227034),.PIECEWISE_BEZIER_KNOTS.);
#993 = CARTESIAN_POINT('',(-12.97881486,-3.000209741865));
#994 = CARTESIAN_POINT('',(13.821168976197,-1.999776646098));
#995 = ( GEOMETRIC_REPRESENTATION_CONTEXT(2) 
PARAMETRIC_REPRESENTATION_CONTEXT() REPRESENTATION_CONTEXT('2D SPACE',''
  ) );
#996 = ORIENTED_EDGE('',*,*,#85,.F.);
#997 = ORIENTED_EDGE('',*,*,#811,.F.);
#998 = ORIENTED_EDGE('',*,*,#736,.T.);
#999 = ADVANCED_FACE('',(#1000),#277,.F.);
#1000 = FACE_BOUND('',#1001,.F.);
#1001 = EDGE_LOOP('',(#1002,#1003,#1004,#1025));
#1002 = ORIENTED_EDGE('',*,*,#262,.T.);
#1003 = ORIENTED_EDGE('',*,*,#978,.T.);
#1004 = ORIENTED_EDGE('',*,*,#1005,.T.);
#1005 = EDGE_CURVE('',#913,#1006,#1008,.T.);
#1006 = VERTEX_POINT('',#1007);
#1007 = CARTESIAN_POINT('',(-32.80121664319,51.051369455236,
    198.00043293403));
#1008 = SURFACE_CURVE('',#1009,(#1012,#1018),.PCURVE_S1.);
#1009 = B_SPLINE_CURVE_WITH_KNOTS('',1,(#1010,#1011),.UNSPECIFIED.,.F.,
  .F.,(2,2),(0.,4.),.PIECEWISE_BEZIER_KNOTS.);
#1010 = CARTESIAN_POINT('',(-32.8012790052,51.05135244166,
    194.00043293455));
#1011 = CARTESIAN_POINT('',(-32.80121664319,51.051369455236,
    198.00043293403));
#1012 = PCURVE('',#277,#1013);
#1013 = DEFINITIONAL_REPRESENTATION('',(#1014),#1017);
#1014 = B_SPLINE_CURVE_WITH_KNOTS('',1,(#1015,#1016),.UNSPECIFIED.,.F.,
  .F.,(2,2),(0.,4.),.PIECEWISE_BEZIER_KNOTS.);
#1015 = CARTESIAN_POINT('',(13.821168976197,-1.999776646098));
#1016 = CARTESIAN_POINT('',(13.821104335019,2.00022335338));
#1017 = ( GEOMETRIC_REPRESENTATION_CONTEXT(2) 
PARAMETRIC_REPRESENTATION_CONTEXT() REPRESENTATION_CONTEXT('2D SPACE',''
  ) );
#1018 = PCURVE('',#940,#1019);
#1019 = DEFINITIONAL_REPRESENTATION('',(#1020),#1024);
#1020 = LINE('',#1021,#1022);
#1021 = CARTESIAN_POINT('',(0.,40.308656779852));
#1022 = VECTOR('',#1023,1.);
#1023 = DIRECTION('',(1.,0.));
#1024 = ( GEOMETRIC_REPRESENTATION_CONTEXT(2) 
PARAMETRIC_REPRESENTATION_CONTEXT() REPRESENTATION_CONTEXT('2D SPACE',''
  ) );
#1025 = ORIENTED_EDGE('',*,*,#1026,.T.);
#1026 = EDGE_CURVE('',#1006,#263,#1027,.T.);
#1027 = SURFACE_CURVE('',#1028,(#1031,#1037),.PCURVE_S1.);
#1028 = B_SPLINE_CURVE_WITH_KNOTS('',1,(#1029,#1030),.UNSPECIFIED.,.F.,
  .F.,(2,2),(0.,26.818650227034),.PIECEWISE_BEZIER_KNOTS.);
#1029 = CARTESIAN_POINT('',(-32.80121664319,51.051369455236,
    198.00043293403));
#1030 = CARTESIAN_POINT('',(-6.946072891319,58.104908111425,
    198.999999838));
#1031 = PCURVE('',#277,#1032);
#1032 = DEFINITIONAL_REPRESENTATION('',(#1033),#1036);
#1033 = B_SPLINE_CURVE_WITH_KNOTS('',1,(#1034,#1035),.UNSPECIFIED.,.F.,
  .F.,(2,2),(0.,26.818650227034),.PIECEWISE_BEZIER_KNOTS.);
#1034 = CARTESIAN_POINT('',(13.821104335019,2.00022335338));
#1035 = CARTESIAN_POINT('',(-12.97891182177,2.999790257352));
#1036 = ( GEOMETRIC_REPRESENTATION_CONTEXT(2) 
PARAMETRIC_REPRESENTATION_CONTEXT() REPRESENTATION_CONTEXT('2D SPACE',''
  ) );
#1037 = PCURVE('',#398,#1038);
#1038 = DEFINITIONAL_REPRESENTATION('',(#1039),#1043);
#1039 = LINE('',#1040,#1041);
#1040 = CARTESIAN_POINT('',(0.,40.308656779852));
#1041 = VECTOR('',#1042,1.);
#1042 = DIRECTION('',(1.,0.));
#1043 = ( GEOMETRIC_REPRESENTATION_CONTEXT(2) 
PARAMETRIC_REPRESENTATION_CONTEXT() REPRESENTATION_CONTEXT('2D SPACE',''
  ) );
#1044 = ADVANCED_FACE('',(#1045),#398,.F.);
#1045 = FACE_BOUND('',#1046,.F.);
#1046 = EDGE_LOOP('',(#1047,#1082,#1101,#1102,#1103,#1104));
#1047 = ORIENTED_EDGE('',*,*,#1048,.F.);
#1048 = EDGE_CURVE('',#1049,#1006,#1051,.T.);
#1049 = VERTEX_POINT('',#1050);
#1050 = CARTESIAN_POINT('',(5.36015676289E-13,26.,158.));
#1051 = SURFACE_CURVE('',#1052,(#1068,#1075),.PCURVE_S1.);
#1052 = B_SPLINE_CURVE_WITH_KNOTS('',8,(#1053,#1054,#1055,#1056,#1057,
    #1058,#1059,#1060,#1061,#1062,#1063,#1064,#1065,#1066,#1067),
  .UNSPECIFIED.,.F.,.F.,(9,6,9),(0.,20.154328389926,40.308656779852),
  .UNSPECIFIED.);
#1053 = CARTESIAN_POINT('',(5.36015676289E-13,26.,158.));
#1054 = CARTESIAN_POINT('',(10.578475699457,26.000080197686,
    160.501074248));
#1055 = CARTESIAN_POINT('',(21.160979528517,29.761420783876,
    162.9993271733));
#1056 = CARTESIAN_POINT('',(30.177092845153,37.288481674296,
    165.5000447725));
#1057 = CARTESIAN_POINT('',(36.07624901449,47.797312230316,
    168.00114807942));
#1058 = CARTESIAN_POINT('',(37.769686474568,59.734670314274,
    170.49968564813));
#1059 = CARTESIAN_POINT('',(35.169235300051,71.187652656356,
    173.00023536197));
#1060 = CARTESIAN_POINT('',(22.920334982269,90.01096737849,
    178.0002164671));
#1061 = CARTESIAN_POINT('',(1.536830061157,96.873798675668,
    183.00019757211));
#1062 = CARTESIAN_POINT('',(-10.19672470743,96.368118792599,
    185.50074728976));
#1063 = CARTESIAN_POINT('',(-21.26766825169,91.592769362921,
    187.99928484553));
#1064 = CARTESIAN_POINT('',(-29.85320146699,83.135398618116,
    190.50038817097));
#1065 = CARTESIAN_POINT('',(-34.74179811068,72.45633806807,
    193.00110575698));
#1066 = CARTESIAN_POINT('',(-35.5854987633,61.256854314184,
    195.4993586861));
#1067 = CARTESIAN_POINT('',(-32.80121664319,51.051369455236,
    198.00043293403));
#1068 = PCURVE('',#398,#1069);
#1069 = DEFINITIONAL_REPRESENTATION('',(#1070),#1074);
#1070 = LINE('',#1071,#1072);
#1071 = CARTESIAN_POINT('',(0.,0.));
#1072 = VECTOR('',#1073,1.);
#1073 = DIRECTION('',(0.,1.));
#1074 = ( GEOMETRIC_REPRESENTATION_CONTEXT(2) 
PARAMETRIC_REPRESENTATION_CONTEXT() REPRESENTATION_CONTEXT('2D SPACE',''
  ) );
#1075 = PCURVE('',#940,#1076);
#1076 = DEFINITIONAL_REPRESENTATION('',(#1077),#1081);
#1077 = LINE('',#1078,#1079);
#1078 = CARTESIAN_POINT('',(4.,0.));
#1079 = VECTOR('',#1080,1.);
#1080 = DIRECTION('',(0.,1.));
#1081 = ( GEOMETRIC_REPRESENTATION_CONTEXT(2) 
PARAMETRIC_REPRESENTATION_CONTEXT() REPRESENTATION_CONTEXT('2D SPACE',''
  ) );
#1082 = ORIENTED_EDGE('',*,*,#1083,.T.);
#1083 = EDGE_CURVE('',#1049,#617,#1084,.T.);
#1084 = SURFACE_CURVE('',#1085,(#1088,#1095),.PCURVE_S1.);
#1085 = B_SPLINE_CURVE_WITH_KNOTS('',1,(#1086,#1087),.UNSPECIFIED.,.F.,
  .F.,(2,2),(0.,26.818650227034),.PIECEWISE_BEZIER_KNOTS.);
#1086 = CARTESIAN_POINT('',(5.36015676289E-13,26.,158.));
#1087 = CARTESIAN_POINT('',(1.12621023618E-13,52.8,159.));
#1088 = PCURVE('',#398,#1089);
#1089 = DEFINITIONAL_REPRESENTATION('',(#1090),#1094);
#1090 = LINE('',#1091,#1092);
#1091 = CARTESIAN_POINT('',(0.,0.));
#1092 = VECTOR('',#1093,1.);
#1093 = DIRECTION('',(1.,0.));
#1094 = ( GEOMETRIC_REPRESENTATION_CONTEXT(2) 
PARAMETRIC_REPRESENTATION_CONTEXT() REPRESENTATION_CONTEXT('2D SPACE',''
  ) );
#1095 = PCURVE('',#901,#1096);
#1096 = DEFINITIONAL_REPRESENTATION('',(#1097),#1100);
#1097 = B_SPLINE_CURVE_WITH_KNOTS('',1,(#1098,#1099),.UNSPECIFIED.,.F.,
  .F.,(2,2),(0.,26.818650227034),.PIECEWISE_BEZIER_KNOTS.);
#1098 = CARTESIAN_POINT('',(-2.,13.821136657413));
#1099 = CARTESIAN_POINT('',(-3.,-12.97886334258));
#1100 = ( GEOMETRIC_REPRESENTATION_CONTEXT(2) 
PARAMETRIC_REPRESENTATION_CONTEXT() REPRESENTATION_CONTEXT('2D SPACE',''
  ) );
#1101 = ORIENTED_EDGE('',*,*,#616,.T.);
#1102 = ORIENTED_EDGE('',*,*,#534,.T.);
#1103 = ORIENTED_EDGE('',*,*,#288,.T.);
#1104 = ORIENTED_EDGE('',*,*,#1026,.F.);
#1105 = ADVANCED_FACE('',(#1106,#1109),#521,.T.);
#1106 = FACE_BOUND('',#1107,.T.);
#1107 = EDGE_LOOP('',(#1108));
#1108 = ORIENTED_EDGE('',*,*,#506,.T.);
#1109 = FACE_BOUND('',#1110,.T.);
#1110 = EDGE_LOOP('',(#1111));
#1111 = ORIENTED_EDGE('',*,*,#1112,.F.);
#1112 = EDGE_CURVE('',#1113,#1113,#1115,.T.);
#1113 = VERTEX_POINT('',#1114);
#1114 = CARTESIAN_POINT('',(6.,60.,233.));
#1115 = SURFACE_CURVE('',#1116,(#1121,#1128),.PCURVE_S1.);
#1116 = CIRCLE('',#1117,6.);
#1117 = AXIS2_PLACEMENT_3D('',#1118,#1119,#1120);
#1118 = CARTESIAN_POINT('',(0.,60.,233.));
#1119 = DIRECTION('',(0.,0.,1.));
#1120 = DIRECTION('',(1.,0.,0.));
#1121 = PCURVE('',#521,#1122);
#1122 = DEFINITIONAL_REPRESENTATION('',(#1123),#1127);
#1123 = CIRCLE('',#1124,6.);
#1124 = AXIS2_PLACEMENT_2D('',#1125,#1126);
#1125 = CARTESIAN_POINT('',(6.837200662697E-16,7.105427357601E-15));
#1126 = DIRECTION('',(1.,0.));
#1127 = ( GEOMETRIC_REPRESENTATION_CONTEXT(2) 
PARAMETRIC_REPRESENTATION_CONTEXT() REPRESENTATION_CONTEXT('2D SPACE',''
  ) );
#1128 = PCURVE('',#1129,#1134);
#1129 = CYLINDRICAL_SURFACE('',#1130,6.);
#1130 = AXIS2_PLACEMENT_3D('',#1131,#1132,#1133);
#1131 = CARTESIAN_POINT('',(0.,60.,233.));
#1132 = DIRECTION('',(-0.,-0.,-1.));
#1133 = DIRECTION('',(1.,0.,0.));
#1134 = DEFINITIONAL_REPRESENTATION('',(#1135),#1139);
#1135 = LINE('',#1136,#1137);
#1136 = CARTESIAN_POINT('',(-0.,0.));
#1137 = VECTOR('',#1138,1.);
#1138 = DIRECTION('',(-1.,0.));
#1139 = ( GEOMETRIC_REPRESENTATION_CONTEXT(2) 
PARAMETRIC_REPRESENTATION_CONTEXT() REPRESENTATION_CONTEXT('2D SPACE',''
  ) );
#1140 = ADVANCED_FACE('',(#1141),#691,.F.);
#1141 = FACE_BOUND('',#1142,.F.);
#1142 = EDGE_LOOP('',(#1143,#1144,#1163));
#1143 = ORIENTED_EDGE('',*,*,#645,.F.);
#1144 = ORIENTED_EDGE('',*,*,#1145,.T.);
#1145 = EDGE_CURVE('',#617,#852,#1146,.T.);
#1146 = SURFACE_CURVE('',#1147,(#1150,#1157),.PCURVE_S1.);
#1147 = B_SPLINE_CURVE_WITH_KNOTS('',1,(#1148,#1149),.UNSPECIFIED.,.F.,
  .F.,(2,2),(0.,6.),.PIECEWISE_BEZIER_KNOTS.);
#1148 = CARTESIAN_POINT('',(1.099564883589E-13,52.8,159.));
#1149 = CARTESIAN_POINT('',(1.072919530998E-13,52.8,153.));
#1150 = PCURVE('',#691,#1151);
#1151 = DEFINITIONAL_REPRESENTATION('',(#1152),#1156);
#1152 = LINE('',#1153,#1154);
#1153 = CARTESIAN_POINT('',(0.,0.));
#1154 = VECTOR('',#1155,1.);
#1155 = DIRECTION('',(1.,0.));
#1156 = ( GEOMETRIC_REPRESENTATION_CONTEXT(2) 
PARAMETRIC_REPRESENTATION_CONTEXT() REPRESENTATION_CONTEXT('2D SPACE',''
  ) );
#1157 = PCURVE('',#901,#1158);
#1158 = DEFINITIONAL_REPRESENTATION('',(#1159),#1162);
#1159 = B_SPLINE_CURVE_WITH_KNOTS('',1,(#1160,#1161),.UNSPECIFIED.,.F.,
  .F.,(2,2),(0.,6.),.PIECEWISE_BEZIER_KNOTS.);
#1160 = CARTESIAN_POINT('',(-3.,-12.97886334258));
#1161 = CARTESIAN_POINT('',(3.,-12.97886334258));
#1162 = ( GEOMETRIC_REPRESENTATION_CONTEXT(2) 
PARAMETRIC_REPRESENTATION_CONTEXT() REPRESENTATION_CONTEXT('2D SPACE',''
  ) );
#1163 = ORIENTED_EDGE('',*,*,#851,.T.);
#1164 = ADVANCED_FACE('',(#1165),#795,.T.);
#1165 = FACE_BOUND('',#1166,.F.);
#1166 = EDGE_LOOP('',(#1167,#1196,#1217,#1218));
#1167 = ORIENTED_EDGE('',*,*,#1168,.F.);
#1168 = EDGE_CURVE('',#1169,#1169,#1171,.T.);
#1169 = VERTEX_POINT('',#1170);
#1170 = CARTESIAN_POINT('',(7.,60.,156.));
#1171 = SURFACE_CURVE('',#1172,(#1177,#1184),.PCURVE_S1.);
#1172 = CIRCLE('',#1173,7.);
#1173 = AXIS2_PLACEMENT_3D('',#1174,#1175,#1176);
#1174 = CARTESIAN_POINT('',(0.,60.,156.));
#1175 = DIRECTION('',(0.,0.,1.));
#1176 = DIRECTION('',(1.,0.,0.));
#1177 = PCURVE('',#795,#1178);
#1178 = DEFINITIONAL_REPRESENTATION('',(#1179),#1183);
#1179 = LINE('',#1180,#1181);
#1180 = CARTESIAN_POINT('',(-0.,0.));
#1181 = VECTOR('',#1182,1.);
#1182 = DIRECTION('',(-1.,0.));
#1183 = ( GEOMETRIC_REPRESENTATION_CONTEXT(2) 
PARAMETRIC_REPRESENTATION_CONTEXT() REPRESENTATION_CONTEXT('2D SPACE',''
  ) );
#1184 = PCURVE('',#1185,#1190);
#1185 = PLANE('',#1186);
#1186 = AXIS2_PLACEMENT_3D('',#1187,#1188,#1189);
#1187 = CARTESIAN_POINT('',(1.953485903628E-16,60.,156.));
#1188 = DIRECTION('',(0.,0.,1.));
#1189 = DIRECTION('',(1.,0.,-0.));
#1190 = DEFINITIONAL_REPRESENTATION('',(#1191),#1195);
#1191 = CIRCLE('',#1192,7.);
#1192 = AXIS2_PLACEMENT_2D('',#1193,#1194);
#1193 = CARTESIAN_POINT('',(-1.953485903628E-16,0.));
#1194 = DIRECTION('',(1.,0.));
#1195 = ( GEOMETRIC_REPRESENTATION_CONTEXT(2) 
PARAMETRIC_REPRESENTATION_CONTEXT() REPRESENTATION_CONTEXT('2D SPACE',''
  ) );
#1196 = ORIENTED_EDGE('',*,*,#1197,.T.);
#1197 = EDGE_CURVE('',#1169,#775,#1198,.T.);
#1198 = SEAM_CURVE('',#1199,(#1203,#1210),.PCURVE_S1.);
#1199 = LINE('',#1200,#1201);
#1200 = CARTESIAN_POINT('',(7.,60.,156.));
#1201 = VECTOR('',#1202,1.);
#1202 = DIRECTION('',(0.,0.,1.));
#1203 = PCURVE('',#795,#1204);
#1204 = DEFINITIONAL_REPRESENTATION('',(#1205),#1209);
#1205 = LINE('',#1206,#1207);
#1206 = CARTESIAN_POINT('',(-6.28318530718,0.));
#1207 = VECTOR('',#1208,1.);
#1208 = DIRECTION('',(-0.,-1.));
#1209 = ( GEOMETRIC_REPRESENTATION_CONTEXT(2) 
PARAMETRIC_REPRESENTATION_CONTEXT() REPRESENTATION_CONTEXT('2D SPACE',''
  ) );
#1210 = PCURVE('',#795,#1211);
#1211 = DEFINITIONAL_REPRESENTATION('',(#1212),#1216);
#1212 = LINE('',#1213,#1214);
#1213 = CARTESIAN_POINT('',(-0.,0.));
#1214 = VECTOR('',#1215,1.);
#1215 = DIRECTION('',(-0.,-1.));
#1216 = ( GEOMETRIC_REPRESENTATION_CONTEXT(2) 
PARAMETRIC_REPRESENTATION_CONTEXT() REPRESENTATION_CONTEXT('2D SPACE',''
  ) );
#1217 = ORIENTED_EDGE('',*,*,#774,.F.);
#1218 = ORIENTED_EDGE('',*,*,#1197,.F.);
#1219 = ADVANCED_FACE('',(#1220),#940,.F.);
#1220 = FACE_BOUND('',#1221,.F.);
#1221 = EDGE_LOOP('',(#1222,#1223,#1242,#1243));
#1222 = ORIENTED_EDGE('',*,*,#912,.F.);
#1223 = ORIENTED_EDGE('',*,*,#1224,.T.);
#1224 = EDGE_CURVE('',#887,#1049,#1225,.T.);
#1225 = SURFACE_CURVE('',#1226,(#1229,#1236),.PCURVE_S1.);
#1226 = B_SPLINE_CURVE_WITH_KNOTS('',1,(#1227,#1228),.UNSPECIFIED.,.F.,
  .F.,(2,2),(0.,4.),.PIECEWISE_BEZIER_KNOTS.);
#1227 = CARTESIAN_POINT('',(5.431211036466E-13,26.,154.));
#1228 = CARTESIAN_POINT('',(5.36015676289E-13,26.,158.));
#1229 = PCURVE('',#940,#1230);
#1230 = DEFINITIONAL_REPRESENTATION('',(#1231),#1235);
#1231 = LINE('',#1232,#1233);
#1232 = CARTESIAN_POINT('',(0.,0.));
#1233 = VECTOR('',#1234,1.);
#1234 = DIRECTION('',(1.,0.));
#1235 = ( GEOMETRIC_REPRESENTATION_CONTEXT(2) 
PARAMETRIC_REPRESENTATION_CONTEXT() REPRESENTATION_CONTEXT('2D SPACE',''
  ) );
#1236 = PCURVE('',#901,#1237);
#1237 = DEFINITIONAL_REPRESENTATION('',(#1238),#1241);
#1238 = B_SPLINE_CURVE_WITH_KNOTS('',1,(#1239,#1240),.UNSPECIFIED.,.F.,
  .F.,(2,2),(0.,4.),.PIECEWISE_BEZIER_KNOTS.);
#1239 = CARTESIAN_POINT('',(2.,13.821136657413));
#1240 = CARTESIAN_POINT('',(-2.,13.821136657413));
#1241 = ( GEOMETRIC_REPRESENTATION_CONTEXT(2) 
PARAMETRIC_REPRESENTATION_CONTEXT() REPRESENTATION_CONTEXT('2D SPACE',''
  ) );
#1242 = ORIENTED_EDGE('',*,*,#1048,.T.);
#1243 = ORIENTED_EDGE('',*,*,#1005,.F.);
#1244 = ADVANCED_FACE('',(#1245),#901,.T.);
#1245 = FACE_BOUND('',#1246,.T.);
#1246 = EDGE_LOOP('',(#1247,#1248,#1249,#1250));
#1247 = ORIENTED_EDGE('',*,*,#886,.T.);
#1248 = ORIENTED_EDGE('',*,*,#1224,.T.);
#1249 = ORIENTED_EDGE('',*,*,#1083,.T.);
#1250 = ORIENTED_EDGE('',*,*,#1145,.T.);
#1251 = ADVANCED_FACE('',(#1252),#1129,.T.);
#1252 = FACE_BOUND('',#1253,.F.);
#1253 = EDGE_LOOP('',(#1254,#1277,#1304,#1305));
#1254 = ORIENTED_EDGE('',*,*,#1255,.T.);
#1255 = EDGE_CURVE('',#1113,#1256,#1258,.T.);
#1256 = VERTEX_POINT('',#1257);
#1257 = CARTESIAN_POINT('',(6.,60.,253.));
#1258 = SEAM_CURVE('',#1259,(#1263,#1270),.PCURVE_S1.);
#1259 = LINE('',#1260,#1261);
#1260 = CARTESIAN_POINT('',(6.,60.,233.));
#1261 = VECTOR('',#1262,1.);
#1262 = DIRECTION('',(0.,0.,1.));
#1263 = PCURVE('',#1129,#1264);
#1264 = DEFINITIONAL_REPRESENTATION('',(#1265),#1269);
#1265 = LINE('',#1266,#1267);
#1266 = CARTESIAN_POINT('',(-0.,0.));
#1267 = VECTOR('',#1268,1.);
#1268 = DIRECTION('',(-0.,-1.));
#1269 = ( GEOMETRIC_REPRESENTATION_CONTEXT(2) 
PARAMETRIC_REPRESENTATION_CONTEXT() REPRESENTATION_CONTEXT('2D SPACE',''
  ) );
#1270 = PCURVE('',#1129,#1271);
#1271 = DEFINITIONAL_REPRESENTATION('',(#1272),#1276);
#1272 = LINE('',#1273,#1274);
#1273 = CARTESIAN_POINT('',(-6.28318530718,0.));
#1274 = VECTOR('',#1275,1.);
#1275 = DIRECTION('',(-0.,-1.));
#1276 = ( GEOMETRIC_REPRESENTATION_CONTEXT(2) 
PARAMETRIC_REPRESENTATION_CONTEXT() REPRESENTATION_CONTEXT('2D SPACE',''
  ) );
#1277 = ORIENTED_EDGE('',*,*,#1278,.T.);
#1278 = EDGE_CURVE('',#1256,#1256,#1279,.T.);
#1279 = SURFACE_CURVE('',#1280,(#1285,#1292),.PCURVE_S1.);
#1280 = CIRCLE('',#1281,6.);
#1281 = AXIS2_PLACEMENT_3D('',#1282,#1283,#1284);
#1282 = CARTESIAN_POINT('',(0.,60.,253.));
#1283 = DIRECTION('',(0.,0.,1.));
#1284 = DIRECTION('',(1.,0.,0.));
#1285 = PCURVE('',#1129,#1286);
#1286 = DEFINITIONAL_REPRESENTATION('',(#1287),#1291);
#1287 = LINE('',#1288,#1289);
#1288 = CARTESIAN_POINT('',(-0.,-20.));
#1289 = VECTOR('',#1290,1.);
#1290 = DIRECTION('',(-1.,0.));
#1291 = ( GEOMETRIC_REPRESENTATION_CONTEXT(2) 
PARAMETRIC_REPRESENTATION_CONTEXT() REPRESENTATION_CONTEXT('2D SPACE',''
  ) );
#1292 = PCURVE('',#1293,#1298);
#1293 = PLANE('',#1294);
#1294 = AXIS2_PLACEMENT_3D('',#1295,#1296,#1297);
#1295 = CARTESIAN_POINT('',(-4.558133775131E-16,60.,253.));
#1296 = DIRECTION('',(0.,0.,1.));
#1297 = DIRECTION('',(1.,0.,-0.));
#1298 = DEFINITIONAL_REPRESENTATION('',(#1299),#1303);
#1299 = CIRCLE('',#1300,6.);
#1300 = AXIS2_PLACEMENT_2D('',#1301,#1302);
#1301 = CARTESIAN_POINT('',(4.558133775131E-16,0.));
#1302 = DIRECTION('',(1.,0.));
#1303 = ( GEOMETRIC_REPRESENTATION_CONTEXT(2) 
PARAMETRIC_REPRESENTATION_CONTEXT() REPRESENTATION_CONTEXT('2D SPACE',''
  ) );
#1304 = ORIENTED_EDGE('',*,*,#1255,.F.);
#1305 = ORIENTED_EDGE('',*,*,#1112,.F.);
#1306 = ADVANCED_FACE('',(#1307,#1310),#1185,.F.);
#1307 = FACE_BOUND('',#1308,.F.);
#1308 = EDGE_LOOP('',(#1309));
#1309 = ORIENTED_EDGE('',*,*,#1168,.T.);
#1310 = FACE_BOUND('',#1311,.F.);
#1311 = EDGE_LOOP('',(#1312,#1340,#1366,#1392));
#1312 = ORIENTED_EDGE('',*,*,#1313,.T.);
#1313 = EDGE_CURVE('',#1314,#1316,#1318,.T.);
#1314 = VERTEX_POINT('',#1315);
#1315 = CARTESIAN_POINT('',(4.15,64.15,156.));
#1316 = VERTEX_POINT('',#1317);
#1317 = CARTESIAN_POINT('',(4.15,55.85,156.));
#1318 = SURFACE_CURVE('',#1319,(#1323,#1329),.PCURVE_S1.);
#1319 = LINE('',#1320,#1321);
#1320 = CARTESIAN_POINT('',(4.15,57.925,156.));
#1321 = VECTOR('',#1322,1.);
#1322 = DIRECTION('',(0.,-1.,0.));
#1323 = PCURVE('',#1185,#1324);
#1324 = DEFINITIONAL_REPRESENTATION('',(#1325),#1328);
#1325 = B_SPLINE_CURVE_WITH_KNOTS('',1,(#1326,#1327),.UNSPECIFIED.,.F.,
  .F.,(2,2),(-6.225,2.075),.PIECEWISE_BEZIER_KNOTS.);
#1326 = CARTESIAN_POINT('',(4.15,4.15));
#1327 = CARTESIAN_POINT('',(4.15,-4.15));
#1328 = ( GEOMETRIC_REPRESENTATION_CONTEXT(2) 
PARAMETRIC_REPRESENTATION_CONTEXT() REPRESENTATION_CONTEXT('2D SPACE',''
  ) );
#1329 = PCURVE('',#1330,#1335);
#1330 = PLANE('',#1331);
#1331 = AXIS2_PLACEMENT_3D('',#1332,#1333,#1334);
#1332 = CARTESIAN_POINT('',(4.15,55.85,154.));
#1333 = DIRECTION('',(-1.,0.,0.));
#1334 = DIRECTION('',(0.,1.,0.));
#1335 = DEFINITIONAL_REPRESENTATION('',(#1336),#1339);
#1336 = B_SPLINE_CURVE_WITH_KNOTS('',1,(#1337,#1338),.UNSPECIFIED.,.F.,
  .F.,(2,2),(-6.225,2.075),.PIECEWISE_BEZIER_KNOTS.);
#1337 = CARTESIAN_POINT('',(8.3,-2.));
#1338 = CARTESIAN_POINT('',(0.,-2.));
#1339 = ( GEOMETRIC_REPRESENTATION_CONTEXT(2) 
PARAMETRIC_REPRESENTATION_CONTEXT() REPRESENTATION_CONTEXT('2D SPACE',''
  ) );
#1340 = ORIENTED_EDGE('',*,*,#1341,.T.);
#1341 = EDGE_CURVE('',#1316,#1342,#1344,.T.);
#1342 = VERTEX_POINT('',#1343);
#1343 = CARTESIAN_POINT('',(-4.15,55.85,156.));
#1344 = SURFACE_CURVE('',#1345,(#1349,#1355),.PCURVE_S1.);
#1345 = LINE('',#1346,#1347);
#1346 = CARTESIAN_POINT('',(-2.075,55.85,156.));
#1347 = VECTOR('',#1348,1.);
#1348 = DIRECTION('',(-1.,0.,0.));
#1349 = PCURVE('',#1185,#1350);
#1350 = DEFINITIONAL_REPRESENTATION('',(#1351),#1354);
#1351 = B_SPLINE_CURVE_WITH_KNOTS('',1,(#1352,#1353),.UNSPECIFIED.,.F.,
  .F.,(2,2),(-6.225,2.075),.PIECEWISE_BEZIER_KNOTS.);
#1352 = CARTESIAN_POINT('',(4.15,-4.15));
#1353 = CARTESIAN_POINT('',(-4.15,-4.15));
#1354 = ( GEOMETRIC_REPRESENTATION_CONTEXT(2) 
PARAMETRIC_REPRESENTATION_CONTEXT() REPRESENTATION_CONTEXT('2D SPACE',''
  ) );
#1355 = PCURVE('',#1356,#1361);
#1356 = PLANE('',#1357);
#1357 = AXIS2_PLACEMENT_3D('',#1358,#1359,#1360);
#1358 = CARTESIAN_POINT('',(-4.15,55.85,154.));
#1359 = DIRECTION('',(0.,1.,0.));
#1360 = DIRECTION('',(1.,0.,0.));
#1361 = DEFINITIONAL_REPRESENTATION('',(#1362),#1365);
#1362 = B_SPLINE_CURVE_WITH_KNOTS('',1,(#1363,#1364),.UNSPECIFIED.,.F.,
  .F.,(2,2),(-6.225,2.075),.PIECEWISE_BEZIER_KNOTS.);
#1363 = CARTESIAN_POINT('',(8.3,-2.));
#1364 = CARTESIAN_POINT('',(0.,-2.));
#1365 = ( GEOMETRIC_REPRESENTATION_CONTEXT(2) 
PARAMETRIC_REPRESENTATION_CONTEXT() REPRESENTATION_CONTEXT('2D SPACE',''
  ) );
#1366 = ORIENTED_EDGE('',*,*,#1367,.T.);
#1367 = EDGE_CURVE('',#1342,#1368,#1370,.T.);
#1368 = VERTEX_POINT('',#1369);
#1369 = CARTESIAN_POINT('',(-4.15,64.15,156.));
#1370 = SURFACE_CURVE('',#1371,(#1375,#1381),.PCURVE_S1.);
#1371 = LINE('',#1372,#1373);
#1372 = CARTESIAN_POINT('',(-4.15,62.075,156.));
#1373 = VECTOR('',#1374,1.);
#1374 = DIRECTION('',(-0.,1.,0.));
#1375 = PCURVE('',#1185,#1376);
#1376 = DEFINITIONAL_REPRESENTATION('',(#1377),#1380);
#1377 = B_SPLINE_CURVE_WITH_KNOTS('',1,(#1378,#1379),.UNSPECIFIED.,.F.,
  .F.,(2,2),(-6.225,2.075),.PIECEWISE_BEZIER_KNOTS.);
#1378 = CARTESIAN_POINT('',(-4.15,-4.15));
#1379 = CARTESIAN_POINT('',(-4.15,4.15));
#1380 = ( GEOMETRIC_REPRESENTATION_CONTEXT(2) 
PARAMETRIC_REPRESENTATION_CONTEXT() REPRESENTATION_CONTEXT('2D SPACE',''
  ) );
#1381 = PCURVE('',#1382,#1387);
#1382 = PLANE('',#1383);
#1383 = AXIS2_PLACEMENT_3D('',#1384,#1385,#1386);
#1384 = CARTESIAN_POINT('',(-4.15,64.15,154.));
#1385 = DIRECTION('',(1.,0.,-0.));
#1386 = DIRECTION('',(0.,-1.,0.));
#1387 = DEFINITIONAL_REPRESENTATION('',(#1388),#1391);
#1388 = B_SPLINE_CURVE_WITH_KNOTS('',1,(#1389,#1390),.UNSPECIFIED.,.F.,
  .F.,(2,2),(-6.225,2.075),.PIECEWISE_BEZIER_KNOTS.);
#1389 = CARTESIAN_POINT('',(8.3,-2.));
#1390 = CARTESIAN_POINT('',(0.,-2.));
#1391 = ( GEOMETRIC_REPRESENTATION_CONTEXT(2) 
PARAMETRIC_REPRESENTATION_CONTEXT() REPRESENTATION_CONTEXT('2D SPACE',''
  ) );
#1392 = ORIENTED_EDGE('',*,*,#1393,.T.);
#1393 = EDGE_CURVE('',#1368,#1314,#1394,.T.);
#1394 = SURFACE_CURVE('',#1395,(#1399,#1405),.PCURVE_S1.);
#1395 = LINE('',#1396,#1397);
#1396 = CARTESIAN_POINT('',(2.075,64.15,156.));
#1397 = VECTOR('',#1398,1.);
#1398 = DIRECTION('',(1.,0.,-0.));
#1399 = PCURVE('',#1185,#1400);
#1400 = DEFINITIONAL_REPRESENTATION('',(#1401),#1404);
#1401 = B_SPLINE_CURVE_WITH_KNOTS('',1,(#1402,#1403),.UNSPECIFIED.,.F.,
  .F.,(2,2),(-6.225,2.075),.PIECEWISE_BEZIER_KNOTS.);
#1402 = CARTESIAN_POINT('',(-4.15,4.15));
#1403 = CARTESIAN_POINT('',(4.15,4.15));
#1404 = ( GEOMETRIC_REPRESENTATION_CONTEXT(2) 
PARAMETRIC_REPRESENTATION_CONTEXT() REPRESENTATION_CONTEXT('2D SPACE',''
  ) );
#1405 = PCURVE('',#1406,#1411);
#1406 = PLANE('',#1407);
#1407 = AXIS2_PLACEMENT_3D('',#1408,#1409,#1410);
#1408 = CARTESIAN_POINT('',(4.15,64.15,154.));
#1409 = DIRECTION('',(0.,-1.,0.));
#1410 = DIRECTION('',(-1.,0.,0.));
#1411 = DEFINITIONAL_REPRESENTATION('',(#1412),#1415);
#1412 = B_SPLINE_CURVE_WITH_KNOTS('',1,(#1413,#1414),.UNSPECIFIED.,.F.,
  .F.,(2,2),(-6.225,2.075),.PIECEWISE_BEZIER_KNOTS.);
#1413 = CARTESIAN_POINT('',(8.3,-2.));
#1414 = CARTESIAN_POINT('',(0.,-2.));
#1415 = ( GEOMETRIC_REPRESENTATION_CONTEXT(2) 
PARAMETRIC_REPRESENTATION_CONTEXT() REPRESENTATION_CONTEXT('2D SPACE',''
  ) );
#1416 = ADVANCED_FACE('',(#1417),#1293,.T.);
#1417 = FACE_BOUND('',#1418,.T.);
#1418 = EDGE_LOOP('',(#1419));
#1419 = ORIENTED_EDGE('',*,*,#1278,.T.);
#1420 = ADVANCED_FACE('',(#1421),#1330,.T.);
#1421 = FACE_BOUND('',#1422,.T.);
#1422 = EDGE_LOOP('',(#1423,#1424,#1447,#1475));
#1423 = ORIENTED_EDGE('',*,*,#1313,.T.);
#1424 = ORIENTED_EDGE('',*,*,#1425,.T.);
#1425 = EDGE_CURVE('',#1316,#1426,#1428,.T.);
#1426 = VERTEX_POINT('',#1427);
#1427 = CARTESIAN_POINT('',(4.15,55.85,232.));
#1428 = SURFACE_CURVE('',#1429,(#1433,#1440),.PCURVE_S1.);
#1429 = LINE('',#1430,#1431);
#1430 = CARTESIAN_POINT('',(4.15,55.85,154.));
#1431 = VECTOR('',#1432,1.);
#1432 = DIRECTION('',(0.,0.,1.));
#1433 = PCURVE('',#1330,#1434);
#1434 = DEFINITIONAL_REPRESENTATION('',(#1435),#1439);
#1435 = LINE('',#1436,#1437);
#1436 = CARTESIAN_POINT('',(0.,0.));
#1437 = VECTOR('',#1438,1.);
#1438 = DIRECTION('',(0.,-1.));
#1439 = ( GEOMETRIC_REPRESENTATION_CONTEXT(2) 
PARAMETRIC_REPRESENTATION_CONTEXT() REPRESENTATION_CONTEXT('2D SPACE',''
  ) );
#1440 = PCURVE('',#1356,#1441);
#1441 = DEFINITIONAL_REPRESENTATION('',(#1442),#1446);
#1442 = LINE('',#1443,#1444);
#1443 = CARTESIAN_POINT('',(8.3,0.));
#1444 = VECTOR('',#1445,1.);
#1445 = DIRECTION('',(0.,-1.));
#1446 = ( GEOMETRIC_REPRESENTATION_CONTEXT(2) 
PARAMETRIC_REPRESENTATION_CONTEXT() REPRESENTATION_CONTEXT('2D SPACE',''
  ) );
#1447 = ORIENTED_EDGE('',*,*,#1448,.T.);
#1448 = EDGE_CURVE('',#1426,#1449,#1451,.T.);
#1449 = VERTEX_POINT('',#1450);
#1450 = CARTESIAN_POINT('',(4.15,64.15,232.));
#1451 = SURFACE_CURVE('',#1452,(#1456,#1463),.PCURVE_S1.);
#1452 = LINE('',#1453,#1454);
#1453 = CARTESIAN_POINT('',(4.15,55.85,232.));
#1454 = VECTOR('',#1455,1.);
#1455 = DIRECTION('',(0.,1.,0.));
#1456 = PCURVE('',#1330,#1457);
#1457 = DEFINITIONAL_REPRESENTATION('',(#1458),#1462);
#1458 = LINE('',#1459,#1460);
#1459 = CARTESIAN_POINT('',(0.,-78.));
#1460 = VECTOR('',#1461,1.);
#1461 = DIRECTION('',(1.,0.));
#1462 = ( GEOMETRIC_REPRESENTATION_CONTEXT(2) 
PARAMETRIC_REPRESENTATION_CONTEXT() REPRESENTATION_CONTEXT('2D SPACE',''
  ) );
#1463 = PCURVE('',#1464,#1469);
#1464 = PLANE('',#1465);
#1465 = AXIS2_PLACEMENT_3D('',#1466,#1467,#1468);
#1466 = CARTESIAN_POINT('',(0.,60.,232.));
#1467 = DIRECTION('',(0.,0.,1.));
#1468 = DIRECTION('',(1.,0.,-0.));
#1469 = DEFINITIONAL_REPRESENTATION('',(#1470),#1474);
#1470 = LINE('',#1471,#1472);
#1471 = CARTESIAN_POINT('',(4.15,-4.15));
#1472 = VECTOR('',#1473,1.);
#1473 = DIRECTION('',(0.,1.));
#1474 = ( GEOMETRIC_REPRESENTATION_CONTEXT(2) 
PARAMETRIC_REPRESENTATION_CONTEXT() REPRESENTATION_CONTEXT('2D SPACE',''
  ) );
#1475 = ORIENTED_EDGE('',*,*,#1476,.F.);
#1476 = EDGE_CURVE('',#1314,#1449,#1477,.T.);
#1477 = SURFACE_CURVE('',#1478,(#1482,#1489),.PCURVE_S1.);
#1478 = LINE('',#1479,#1480);
#1479 = CARTESIAN_POINT('',(4.15,64.15,154.));
#1480 = VECTOR('',#1481,1.);
#1481 = DIRECTION('',(0.,0.,1.));
#1482 = PCURVE('',#1330,#1483);
#1483 = DEFINITIONAL_REPRESENTATION('',(#1484),#1488);
#1484 = LINE('',#1485,#1486);
#1485 = CARTESIAN_POINT('',(8.3,0.));
#1486 = VECTOR('',#1487,1.);
#1487 = DIRECTION('',(0.,-1.));
#1488 = ( GEOMETRIC_REPRESENTATION_CONTEXT(2) 
PARAMETRIC_REPRESENTATION_CONTEXT() REPRESENTATION_CONTEXT('2D SPACE',''
  ) );
#1489 = PCURVE('',#1406,#1490);
#1490 = DEFINITIONAL_REPRESENTATION('',(#1491),#1495);
#1491 = LINE('',#1492,#1493);
#1492 = CARTESIAN_POINT('',(0.,-0.));
#1493 = VECTOR('',#1494,1.);
#1494 = DIRECTION('',(0.,-1.));
#1495 = ( GEOMETRIC_REPRESENTATION_CONTEXT(2) 
PARAMETRIC_REPRESENTATION_CONTEXT() REPRESENTATION_CONTEXT('2D SPACE',''
  ) );
#1496 = ADVANCED_FACE('',(#1497),#1406,.T.);
#1497 = FACE_BOUND('',#1498,.T.);
#1498 = EDGE_LOOP('',(#1499,#1500,#1501,#1524));
#1499 = ORIENTED_EDGE('',*,*,#1393,.T.);
#1500 = ORIENTED_EDGE('',*,*,#1476,.T.);
#1501 = ORIENTED_EDGE('',*,*,#1502,.T.);
#1502 = EDGE_CURVE('',#1449,#1503,#1505,.T.);
#1503 = VERTEX_POINT('',#1504);
#1504 = CARTESIAN_POINT('',(-4.15,64.15,232.));
#1505 = SURFACE_CURVE('',#1506,(#1510,#1517),.PCURVE_S1.);
#1506 = LINE('',#1507,#1508);
#1507 = CARTESIAN_POINT('',(4.15,64.15,232.));
#1508 = VECTOR('',#1509,1.);
#1509 = DIRECTION('',(-1.,0.,0.));
#1510 = PCURVE('',#1406,#1511);
#1511 = DEFINITIONAL_REPRESENTATION('',(#1512),#1516);
#1512 = LINE('',#1513,#1514);
#1513 = CARTESIAN_POINT('',(0.,-78.));
#1514 = VECTOR('',#1515,1.);
#1515 = DIRECTION('',(1.,0.));
#1516 = ( GEOMETRIC_REPRESENTATION_CONTEXT(2) 
PARAMETRIC_REPRESENTATION_CONTEXT() REPRESENTATION_CONTEXT('2D SPACE',''
  ) );
#1517 = PCURVE('',#1464,#1518);
#1518 = DEFINITIONAL_REPRESENTATION('',(#1519),#1523);
#1519 = LINE('',#1520,#1521);
#1520 = CARTESIAN_POINT('',(4.15,4.15));
#1521 = VECTOR('',#1522,1.);
#1522 = DIRECTION('',(-1.,0.));
#1523 = ( GEOMETRIC_REPRESENTATION_CONTEXT(2) 
PARAMETRIC_REPRESENTATION_CONTEXT() REPRESENTATION_CONTEXT('2D SPACE',''
  ) );
#1524 = ORIENTED_EDGE('',*,*,#1525,.F.);
#1525 = EDGE_CURVE('',#1368,#1503,#1526,.T.);
#1526 = SURFACE_CURVE('',#1527,(#1531,#1538),.PCURVE_S1.);
#1527 = LINE('',#1528,#1529);
#1528 = CARTESIAN_POINT('',(-4.15,64.15,154.));
#1529 = VECTOR('',#1530,1.);
#1530 = DIRECTION('',(0.,0.,1.));
#1531 = PCURVE('',#1406,#1532);
#1532 = DEFINITIONAL_REPRESENTATION('',(#1533),#1537);
#1533 = LINE('',#1534,#1535);
#1534 = CARTESIAN_POINT('',(8.3,0.));
#1535 = VECTOR('',#1536,1.);
#1536 = DIRECTION('',(0.,-1.));
#1537 = ( GEOMETRIC_REPRESENTATION_CONTEXT(2) 
PARAMETRIC_REPRESENTATION_CONTEXT() REPRESENTATION_CONTEXT('2D SPACE',''
  ) );
#1538 = PCURVE('',#1382,#1539);
#1539 = DEFINITIONAL_REPRESENTATION('',(#1540),#1544);
#1540 = LINE('',#1541,#1542);
#1541 = CARTESIAN_POINT('',(0.,0.));
#1542 = VECTOR('',#1543,1.);
#1543 = DIRECTION('',(0.,-1.));
#1544 = ( GEOMETRIC_REPRESENTATION_CONTEXT(2) 
PARAMETRIC_REPRESENTATION_CONTEXT() REPRESENTATION_CONTEXT('2D SPACE',''
  ) );
#1545 = ADVANCED_FACE('',(#1546),#1382,.T.);
#1546 = FACE_BOUND('',#1547,.T.);
#1547 = EDGE_LOOP('',(#1548,#1549,#1550,#1573));
#1548 = ORIENTED_EDGE('',*,*,#1367,.T.);
#1549 = ORIENTED_EDGE('',*,*,#1525,.T.);
#1550 = ORIENTED_EDGE('',*,*,#1551,.T.);
#1551 = EDGE_CURVE('',#1503,#1552,#1554,.T.);
#1552 = VERTEX_POINT('',#1553);
#1553 = CARTESIAN_POINT('',(-4.15,55.85,232.));
#1554 = SURFACE_CURVE('',#1555,(#1559,#1566),.PCURVE_S1.);
#1555 = LINE('',#1556,#1557);
#1556 = CARTESIAN_POINT('',(-4.15,64.15,232.));
#1557 = VECTOR('',#1558,1.);
#1558 = DIRECTION('',(0.,-1.,0.));
#1559 = PCURVE('',#1382,#1560);
#1560 = DEFINITIONAL_REPRESENTATION('',(#1561),#1565);
#1561 = LINE('',#1562,#1563);
#1562 = CARTESIAN_POINT('',(0.,-78.));
#1563 = VECTOR('',#1564,1.);
#1564 = DIRECTION('',(1.,0.));
#1565 = ( GEOMETRIC_REPRESENTATION_CONTEXT(2) 
PARAMETRIC_REPRESENTATION_CONTEXT() REPRESENTATION_CONTEXT('2D SPACE',''
  ) );
#1566 = PCURVE('',#1464,#1567);
#1567 = DEFINITIONAL_REPRESENTATION('',(#1568),#1572);
#1568 = LINE('',#1569,#1570);
#1569 = CARTESIAN_POINT('',(-4.15,4.15));
#1570 = VECTOR('',#1571,1.);
#1571 = DIRECTION('',(0.,-1.));
#1572 = ( GEOMETRIC_REPRESENTATION_CONTEXT(2) 
PARAMETRIC_REPRESENTATION_CONTEXT() REPRESENTATION_CONTEXT('2D SPACE',''
  ) );
#1573 = ORIENTED_EDGE('',*,*,#1574,.F.);
#1574 = EDGE_CURVE('',#1342,#1552,#1575,.T.);
#1575 = SURFACE_CURVE('',#1576,(#1580,#1587),.PCURVE_S1.);
#1576 = LINE('',#1577,#1578);
#1577 = CARTESIAN_POINT('',(-4.15,55.85,154.));
#1578 = VECTOR('',#1579,1.);
#1579 = DIRECTION('',(0.,0.,1.));
#1580 = PCURVE('',#1382,#1581);
#1581 = DEFINITIONAL_REPRESENTATION('',(#1582),#1586);
#1582 = LINE('',#1583,#1584);
#1583 = CARTESIAN_POINT('',(8.3,0.));
#1584 = VECTOR('',#1585,1.);
#1585 = DIRECTION('',(0.,-1.));
#1586 = ( GEOMETRIC_REPRESENTATION_CONTEXT(2) 
PARAMETRIC_REPRESENTATION_CONTEXT() REPRESENTATION_CONTEXT('2D SPACE',''
  ) );
#1587 = PCURVE('',#1356,#1588);
#1588 = DEFINITIONAL_REPRESENTATION('',(#1589),#1593);
#1589 = LINE('',#1590,#1591);
#1590 = CARTESIAN_POINT('',(0.,0.));
#1591 = VECTOR('',#1592,1.);
#1592 = DIRECTION('',(0.,-1.));
#1593 = ( GEOMETRIC_REPRESENTATION_CONTEXT(2) 
PARAMETRIC_REPRESENTATION_CONTEXT() REPRESENTATION_CONTEXT('2D SPACE',''
  ) );
#1594 = ADVANCED_FACE('',(#1595),#1356,.T.);
#1595 = FACE_BOUND('',#1596,.T.);
#1596 = EDGE_LOOP('',(#1597,#1598,#1599,#1620));
#1597 = ORIENTED_EDGE('',*,*,#1341,.T.);
#1598 = ORIENTED_EDGE('',*,*,#1574,.T.);
#1599 = ORIENTED_EDGE('',*,*,#1600,.T.);
#1600 = EDGE_CURVE('',#1552,#1426,#1601,.T.);
#1601 = SURFACE_CURVE('',#1602,(#1606,#1613),.PCURVE_S1.);
#1602 = LINE('',#1603,#1604);
#1603 = CARTESIAN_POINT('',(-4.15,55.85,232.));
#1604 = VECTOR('',#1605,1.);
#1605 = DIRECTION('',(1.,0.,0.));
#1606 = PCURVE('',#1356,#1607);
#1607 = DEFINITIONAL_REPRESENTATION('',(#1608),#1612);
#1608 = LINE('',#1609,#1610);
#1609 = CARTESIAN_POINT('',(0.,-78.));
#1610 = VECTOR('',#1611,1.);
#1611 = DIRECTION('',(1.,0.));
#1612 = ( GEOMETRIC_REPRESENTATION_CONTEXT(2) 
PARAMETRIC_REPRESENTATION_CONTEXT() REPRESENTATION_CONTEXT('2D SPACE',''
  ) );
#1613 = PCURVE('',#1464,#1614);
#1614 = DEFINITIONAL_REPRESENTATION('',(#1615),#1619);
#1615 = LINE('',#1616,#1617);
#1616 = CARTESIAN_POINT('',(-4.15,-4.15));
#1617 = VECTOR('',#1618,1.);
#1618 = DIRECTION('',(1.,0.));
#1619 = ( GEOMETRIC_REPRESENTATION_CONTEXT(2) 
PARAMETRIC_REPRESENTATION_CONTEXT() REPRESENTATION_CONTEXT('2D SPACE',''
  ) );
#1620 = ORIENTED_EDGE('',*,*,#1425,.F.);
#1621 = ADVANCED_FACE('',(#1622),#1464,.F.);
#1622 = FACE_BOUND('',#1623,.F.);
#1623 = EDGE_LOOP('',(#1624,#1625,#1626,#1627));
#1624 = ORIENTED_EDGE('',*,*,#1600,.T.);
#1625 = ORIENTED_EDGE('',*,*,#1448,.T.);
#1626 = ORIENTED_EDGE('',*,*,#1502,.T.);
#1627 = ORIENTED_EDGE('',*,*,#1551,.T.);
#1628 = ( GEOMETRIC_REPRESENTATION_CONTEXT(3) 
GLOBAL_UNCERTAINTY_ASSIGNED_CONTEXT((#1632)) 
GLOBAL_UNIT_ASSIGNED_CONTEXT((#1629,#1630,#1631)) REPRESENTATION_CONTEXT
('Context #1','3D Context with UNIT and UNCERTAINTY') );
#1629 = ( LENGTH_UNIT() NAMED_UNIT(*) SI_UNIT(.MILLI.,.METRE.) );
#1630 = ( NAMED_UNIT(*) PLANE_ANGLE_UNIT() SI_UNIT($,.RADIAN.) );
#1631 = ( NAMED_UNIT(*) SI_UNIT($,.STERADIAN.) SOLID_ANGLE_UNIT() );
#1632 = UNCERTAINTY_MEASURE_WITH_UNIT(LENGTH_MEASURE(2.E-05),#1629,
  'distance_accuracy_value','confusion accuracy');
#1633 = PRODUCT_RELATED_PRODUCT_CATEGORY('part',$,(#7));
ENDSEC;
END-ISO-10303-21;
