ISO-10303-21;
HEADER;
FILE_DESCRIPTION(('Open CASCADE Model'),'2;1');
FILE_NAME('Open CASCADE Shape Model','2026-09-21T10:54:16',('Author'),(
    'Open CASCADE'),'Open CASCADE STEP processor 7.9','Open CASCADE 7.9'
  ,'Unknown');
FILE_SCHEMA(('AUTOMOTIVE_DESIGN { 1 0 10303 214 1 1 1 1 }'));
ENDSEC;
DATA;
#1 = APPLICATION_PROTOCOL_DEFINITION('international standard',
  'automotive_design',2000,#2);
#2 = APPLICATION_CONTEXT(
  'core data for automotive mechanical design processes');
#3 = SHAPE_DEFINITION_REPRESENTATION(#4,#10);
#4 = PRODUCT_DEFINITION_SHAPE('','',#5);
#5 = PRODUCT_DEFINITION('design','',#6,#9);
#6 = PRODUCT_DEFINITION_FORMATION('','',#7);
#7 = PRODUCT('Open CASCADE STEP translator 7.9 2',
  'Open CASCADE STEP translator 7.9 2','',(#8));
#8 = PRODUCT_CONTEXT('',#2,'mechanical');
#9 = PRODUCT_DEFINITION_CONTEXT('part definition',#2,'design');
#10 = ADVANCED_BREP_SHAPE_REPRESENTATION('',(#11,#15),#3161);
#11 = AXIS2_PLACEMENT_3D('',#12,#13,#14);
#12 = CARTESIAN_POINT('',(0.,0.,0.));
#13 = DIRECTION('',(0.,0.,1.));
#14 = DIRECTION('',(1.,0.,-0.));
#15 = MANIFOLD_SOLID_BREP('',#16);
#16 = CLOSED_SHELL('',(#17,#137,#657,#821,#868,#1389,#1438,#1465,#1589,
    #1616,#1643,#1668,#1675,#1702,#1729,#1783,#1810,#1837,#1891,#1945,
    #1999,#2048,#2502,#2551,#2769,#2796,#2823,#2850,#2877,#2904,#2931,
    #2958,#2965,#2992,#3019,#3046,#3073,#3100,#3127,#3154));
#17 = ADVANCED_FACE('',(#18),#32,.F.);
#18 = FACE_BOUND('',#19,.F.);
#19 = EDGE_LOOP('',(#20,#55,#83,#111));
#20 = ORIENTED_EDGE('',*,*,#21,.F.);
#21 = EDGE_CURVE('',#22,#24,#26,.T.);
#22 = VERTEX_POINT('',#23);
#23 = CARTESIAN_POINT('',(140.,0.,-162.5));
#24 = VERTEX_POINT('',#25);
#25 = CARTESIAN_POINT('',(140.,340.,-162.5));
#26 = SURFACE_CURVE('',#27,(#31,#43),.PCURVE_S1.);
#27 = LINE('',#28,#29);
#28 = CARTESIAN_POINT('',(140.,0.,-162.5));
#29 = VECTOR('',#30,1.);
#30 = DIRECTION('',(0.,1.,0.));
#31 = PCURVE('',#32,#37);
#32 = PLANE('',#33);
#33 = AXIS2_PLACEMENT_3D('',#34,#35,#36);
#34 = CARTESIAN_POINT('',(140.,0.,-162.5));
#35 = DIRECTION('',(-1.,0.,0.));
#36 = DIRECTION('',(0.,1.,0.));
#37 = DEFINITIONAL_REPRESENTATION('',(#38),#42);
#38 = LINE('',#39,#40);
#39 = CARTESIAN_POINT('',(0.,0.));
#40 = VECTOR('',#41,1.);
#41 = DIRECTION('',(1.,0.));
#42 = ( GEOMETRIC_REPRESENTATION_CONTEXT(2) 
PARAMETRIC_REPRESENTATION_CONTEXT() REPRESENTATION_CONTEXT('2D SPACE',''
  ) );
#43 = PCURVE('',#44,#49);
#44 = PLANE('',#45);
#45 = AXIS2_PLACEMENT_3D('',#46,#47,#48);
#46 = CARTESIAN_POINT('',(0.,176.,-162.5));
#47 = DIRECTION('',(0.,0.,1.));
#48 = DIRECTION('',(1.,0.,-0.));
#49 = DEFINITIONAL_REPRESENTATION('',(#50),#54);
#50 = LINE('',#51,#52);
#51 = CARTESIAN_POINT('',(140.,-176.));
#52 = VECTOR('',#53,1.);
#53 = DIRECTION('',(0.,1.));
#54 = ( GEOMETRIC_REPRESENTATION_CONTEXT(2) 
PARAMETRIC_REPRESENTATION_CONTEXT() REPRESENTATION_CONTEXT('2D SPACE',''
  ) );
#55 = ORIENTED_EDGE('',*,*,#56,.T.);
#56 = EDGE_CURVE('',#22,#57,#59,.T.);
#57 = VERTEX_POINT('',#58);
#58 = CARTESIAN_POINT('',(140.,0.,-154.5));
#59 = SURFACE_CURVE('',#60,(#64,#71),.PCURVE_S1.);
#60 = LINE('',#61,#62);
#61 = CARTESIAN_POINT('',(140.,0.,-162.5));
#62 = VECTOR('',#63,1.);
#63 = DIRECTION('',(0.,0.,1.));
#64 = PCURVE('',#32,#65);
#65 = DEFINITIONAL_REPRESENTATION('',(#66),#70);
#66 = LINE('',#67,#68);
#67 = CARTESIAN_POINT('',(0.,0.));
#68 = VECTOR('',#69,1.);
#69 = DIRECTION('',(0.,-1.));
#70 = ( GEOMETRIC_REPRESENTATION_CONTEXT(2) 
PARAMETRIC_REPRESENTATION_CONTEXT() REPRESENTATION_CONTEXT('2D SPACE',''
  ) );
#71 = PCURVE('',#72,#77);
#72 = PLANE('',#73);
#73 = AXIS2_PLACEMENT_3D('',#74,#75,#76);
#74 = CARTESIAN_POINT('',(-140.,0.,-162.5));
#75 = DIRECTION('',(0.,1.,0.));
#76 = DIRECTION('',(1.,0.,0.));
#77 = DEFINITIONAL_REPRESENTATION('',(#78),#82);
#78 = LINE('',#79,#80);
#79 = CARTESIAN_POINT('',(280.,0.));
#80 = VECTOR('',#81,1.);
#81 = DIRECTION('',(0.,-1.));
#82 = ( GEOMETRIC_REPRESENTATION_CONTEXT(2) 
PARAMETRIC_REPRESENTATION_CONTEXT() REPRESENTATION_CONTEXT('2D SPACE',''
  ) );
#83 = ORIENTED_EDGE('',*,*,#84,.T.);
#84 = EDGE_CURVE('',#57,#85,#87,.T.);
#85 = VERTEX_POINT('',#86);
#86 = CARTESIAN_POINT('',(140.,340.,-154.5));
#87 = SURFACE_CURVE('',#88,(#92,#99),.PCURVE_S1.);
#88 = LINE('',#89,#90);
#89 = CARTESIAN_POINT('',(140.,0.,-154.5));
#90 = VECTOR('',#91,1.);
#91 = DIRECTION('',(0.,1.,0.));
#92 = PCURVE('',#32,#93);
#93 = DEFINITIONAL_REPRESENTATION('',(#94),#98);
#94 = LINE('',#95,#96);
#95 = CARTESIAN_POINT('',(0.,-8.));
#96 = VECTOR('',#97,1.);
#97 = DIRECTION('',(1.,0.));
#98 = ( GEOMETRIC_REPRESENTATION_CONTEXT(2) 
PARAMETRIC_REPRESENTATION_CONTEXT() REPRESENTATION_CONTEXT('2D SPACE',''
  ) );
#99 = PCURVE('',#100,#105);
#100 = PLANE('',#101);
#101 = AXIS2_PLACEMENT_3D('',#102,#103,#104);
#102 = CARTESIAN_POINT('',(0.,176.,-154.5));
#103 = DIRECTION('',(0.,0.,1.));
#104 = DIRECTION('',(1.,0.,-0.));
#105 = DEFINITIONAL_REPRESENTATION('',(#106),#110);
#106 = LINE('',#107,#108);
#107 = CARTESIAN_POINT('',(140.,-176.));
#108 = VECTOR('',#109,1.);
#109 = DIRECTION('',(0.,1.));
#110 = ( GEOMETRIC_REPRESENTATION_CONTEXT(2) 
PARAMETRIC_REPRESENTATION_CONTEXT() REPRESENTATION_CONTEXT('2D SPACE',''
  ) );
#111 = ORIENTED_EDGE('',*,*,#112,.F.);
#112 = EDGE_CURVE('',#24,#85,#113,.T.);
#113 = SURFACE_CURVE('',#114,(#118,#125),.PCURVE_S1.);
#114 = LINE('',#115,#116);
#115 = CARTESIAN_POINT('',(140.,340.,-162.5));
#116 = VECTOR('',#117,1.);
#117 = DIRECTION('',(0.,0.,1.));
#118 = PCURVE('',#32,#119);
#119 = DEFINITIONAL_REPRESENTATION('',(#120),#124);
#120 = LINE('',#121,#122);
#121 = CARTESIAN_POINT('',(340.,0.));
#122 = VECTOR('',#123,1.);
#123 = DIRECTION('',(0.,-1.));
#124 = ( GEOMETRIC_REPRESENTATION_CONTEXT(2) 
PARAMETRIC_REPRESENTATION_CONTEXT() REPRESENTATION_CONTEXT('2D SPACE',''
  ) );
#125 = PCURVE('',#126,#131);
#126 = CYLINDRICAL_SURFACE('',#127,12.);
#127 = AXIS2_PLACEMENT_3D('',#128,#129,#130);
#128 = CARTESIAN_POINT('',(128.,340.,-162.5));
#129 = DIRECTION('',(0.,0.,1.));
#130 = DIRECTION('',(1.,0.,-0.));
#131 = DEFINITIONAL_REPRESENTATION('',(#132),#136);
#132 = LINE('',#133,#134);
#133 = CARTESIAN_POINT('',(0.,0.));
#134 = VECTOR('',#135,1.);
#135 = DIRECTION('',(0.,1.));
#136 = ( GEOMETRIC_REPRESENTATION_CONTEXT(2) 
PARAMETRIC_REPRESENTATION_CONTEXT() REPRESENTATION_CONTEXT('2D SPACE',''
  ) );
#137 = ADVANCED_FACE('',(#138,#377,#412,#447,#482,#517,#552,#587,#622),
  #44,.F.);
#138 = FACE_BOUND('',#139,.F.);
#139 = EDGE_LOOP('',(#140,#141,#165,#193,#222,#250,#278,#304,#330,#356)
  );
#140 = ORIENTED_EDGE('',*,*,#21,.T.);
#141 = ORIENTED_EDGE('',*,*,#142,.T.);
#142 = EDGE_CURVE('',#24,#143,#145,.T.);
#143 = VERTEX_POINT('',#144);
#144 = CARTESIAN_POINT('',(128.,352.,-162.5));
#145 = SURFACE_CURVE('',#146,(#151,#158),.PCURVE_S1.);
#146 = CIRCLE('',#147,12.);
#147 = AXIS2_PLACEMENT_3D('',#148,#149,#150);
#148 = CARTESIAN_POINT('',(128.,340.,-162.5));
#149 = DIRECTION('',(0.,0.,1.));
#150 = DIRECTION('',(0.,-1.,0.));
#151 = PCURVE('',#44,#152);
#152 = DEFINITIONAL_REPRESENTATION('',(#153),#157);
#153 = CIRCLE('',#154,12.);
#154 = AXIS2_PLACEMENT_2D('',#155,#156);
#155 = CARTESIAN_POINT('',(128.,164.));
#156 = DIRECTION('',(0.,-1.));
#157 = ( GEOMETRIC_REPRESENTATION_CONTEXT(2) 
PARAMETRIC_REPRESENTATION_CONTEXT() REPRESENTATION_CONTEXT('2D SPACE',''
  ) );
#158 = PCURVE('',#126,#159);
#159 = DEFINITIONAL_REPRESENTATION('',(#160),#164);
#160 = LINE('',#161,#162);
#161 = CARTESIAN_POINT('',(-1.570796326795,0.));
#162 = VECTOR('',#163,1.);
#163 = DIRECTION('',(1.,0.));
#164 = ( GEOMETRIC_REPRESENTATION_CONTEXT(2) 
PARAMETRIC_REPRESENTATION_CONTEXT() REPRESENTATION_CONTEXT('2D SPACE',''
  ) );
#165 = ORIENTED_EDGE('',*,*,#166,.T.);
#166 = EDGE_CURVE('',#143,#167,#169,.T.);
#167 = VERTEX_POINT('',#168);
#168 = CARTESIAN_POINT('',(-128.,352.,-162.5));
#169 = SURFACE_CURVE('',#170,(#174,#181),.PCURVE_S1.);
#170 = LINE('',#171,#172);
#171 = CARTESIAN_POINT('',(140.,352.,-162.5));
#172 = VECTOR('',#173,1.);
#173 = DIRECTION('',(-1.,0.,0.));
#174 = PCURVE('',#44,#175);
#175 = DEFINITIONAL_REPRESENTATION('',(#176),#180);
#176 = LINE('',#177,#178);
#177 = CARTESIAN_POINT('',(140.,176.));
#178 = VECTOR('',#179,1.);
#179 = DIRECTION('',(-1.,0.));
#180 = ( GEOMETRIC_REPRESENTATION_CONTEXT(2) 
PARAMETRIC_REPRESENTATION_CONTEXT() REPRESENTATION_CONTEXT('2D SPACE',''
  ) );
#181 = PCURVE('',#182,#187);
#182 = PLANE('',#183);
#183 = AXIS2_PLACEMENT_3D('',#184,#185,#186);
#184 = CARTESIAN_POINT('',(140.,352.,-162.5));
#185 = DIRECTION('',(0.,-1.,0.));
#186 = DIRECTION('',(-1.,0.,0.));
#187 = DEFINITIONAL_REPRESENTATION('',(#188),#192);
#188 = LINE('',#189,#190);
#189 = CARTESIAN_POINT('',(0.,-0.));
#190 = VECTOR('',#191,1.);
#191 = DIRECTION('',(1.,0.));
#192 = ( GEOMETRIC_REPRESENTATION_CONTEXT(2) 
PARAMETRIC_REPRESENTATION_CONTEXT() REPRESENTATION_CONTEXT('2D SPACE',''
  ) );
#193 = ORIENTED_EDGE('',*,*,#194,.T.);
#194 = EDGE_CURVE('',#167,#195,#197,.T.);
#195 = VERTEX_POINT('',#196);
#196 = CARTESIAN_POINT('',(-140.,340.,-162.5));
#197 = SURFACE_CURVE('',#198,(#203,#210),.PCURVE_S1.);
#198 = CIRCLE('',#199,12.);
#199 = AXIS2_PLACEMENT_3D('',#200,#201,#202);
#200 = CARTESIAN_POINT('',(-128.,340.,-162.5));
#201 = DIRECTION('',(0.,0.,1.));
#202 = DIRECTION('',(0.,-1.,0.));
#203 = PCURVE('',#44,#204);
#204 = DEFINITIONAL_REPRESENTATION('',(#205),#209);
#205 = CIRCLE('',#206,12.);
#206 = AXIS2_PLACEMENT_2D('',#207,#208);
#207 = CARTESIAN_POINT('',(-128.,164.));
#208 = DIRECTION('',(0.,-1.));
#209 = ( GEOMETRIC_REPRESENTATION_CONTEXT(2) 
PARAMETRIC_REPRESENTATION_CONTEXT() REPRESENTATION_CONTEXT('2D SPACE',''
  ) );
#210 = PCURVE('',#211,#216);
#211 = CYLINDRICAL_SURFACE('',#212,12.);
#212 = AXIS2_PLACEMENT_3D('',#213,#214,#215);
#213 = CARTESIAN_POINT('',(-128.,340.,-162.5));
#214 = DIRECTION('',(0.,0.,1.));
#215 = DIRECTION('',(-0.,1.,0.));
#216 = DEFINITIONAL_REPRESENTATION('',(#217),#221);
#217 = LINE('',#218,#219);
#218 = CARTESIAN_POINT('',(-3.14159265359,0.));
#219 = VECTOR('',#220,1.);
#220 = DIRECTION('',(1.,0.));
#221 = ( GEOMETRIC_REPRESENTATION_CONTEXT(2) 
PARAMETRIC_REPRESENTATION_CONTEXT() REPRESENTATION_CONTEXT('2D SPACE',''
  ) );
#222 = ORIENTED_EDGE('',*,*,#223,.T.);
#223 = EDGE_CURVE('',#195,#224,#226,.T.);
#224 = VERTEX_POINT('',#225);
#225 = CARTESIAN_POINT('',(-140.,0.,-162.5));
#226 = SURFACE_CURVE('',#227,(#231,#238),.PCURVE_S1.);
#227 = LINE('',#228,#229);
#228 = CARTESIAN_POINT('',(-140.,352.,-162.5));
#229 = VECTOR('',#230,1.);
#230 = DIRECTION('',(0.,-1.,0.));
#231 = PCURVE('',#44,#232);
#232 = DEFINITIONAL_REPRESENTATION('',(#233),#237);
#233 = LINE('',#234,#235);
#234 = CARTESIAN_POINT('',(-140.,176.));
#235 = VECTOR('',#236,1.);
#236 = DIRECTION('',(0.,-1.));
#237 = ( GEOMETRIC_REPRESENTATION_CONTEXT(2) 
PARAMETRIC_REPRESENTATION_CONTEXT() REPRESENTATION_CONTEXT('2D SPACE',''
  ) );
#238 = PCURVE('',#239,#244);
#239 = PLANE('',#240);
#240 = AXIS2_PLACEMENT_3D('',#241,#242,#243);
#241 = CARTESIAN_POINT('',(-140.,352.,-162.5));
#242 = DIRECTION('',(1.,0.,-0.));
#243 = DIRECTION('',(0.,-1.,0.));
#244 = DEFINITIONAL_REPRESENTATION('',(#245),#249);
#245 = LINE('',#246,#247);
#246 = CARTESIAN_POINT('',(0.,0.));
#247 = VECTOR('',#248,1.);
#248 = DIRECTION('',(1.,0.));
#249 = ( GEOMETRIC_REPRESENTATION_CONTEXT(2) 
PARAMETRIC_REPRESENTATION_CONTEXT() REPRESENTATION_CONTEXT('2D SPACE',''
  ) );
#250 = ORIENTED_EDGE('',*,*,#251,.T.);
#251 = EDGE_CURVE('',#224,#252,#254,.T.);
#252 = VERTEX_POINT('',#253);
#253 = CARTESIAN_POINT('',(-106.,0.,-162.5));
#254 = SURFACE_CURVE('',#255,(#259,#266),.PCURVE_S1.);
#255 = LINE('',#256,#257);
#256 = CARTESIAN_POINT('',(-140.,0.,-162.5));
#257 = VECTOR('',#258,1.);
#258 = DIRECTION('',(1.,0.,0.));
#259 = PCURVE('',#44,#260);
#260 = DEFINITIONAL_REPRESENTATION('',(#261),#265);
#261 = LINE('',#262,#263);
#262 = CARTESIAN_POINT('',(-140.,-176.));
#263 = VECTOR('',#264,1.);
#264 = DIRECTION('',(1.,0.));
#265 = ( GEOMETRIC_REPRESENTATION_CONTEXT(2) 
PARAMETRIC_REPRESENTATION_CONTEXT() REPRESENTATION_CONTEXT('2D SPACE',''
  ) );
#266 = PCURVE('',#267,#272);
#267 = PLANE('',#268);
#268 = AXIS2_PLACEMENT_3D('',#269,#270,#271);
#269 = CARTESIAN_POINT('',(-140.,0.,-162.5));
#270 = DIRECTION('',(0.,1.,0.));
#271 = DIRECTION('',(1.,0.,0.));
#272 = DEFINITIONAL_REPRESENTATION('',(#273),#277);
#273 = LINE('',#274,#275);
#274 = CARTESIAN_POINT('',(0.,0.));
#275 = VECTOR('',#276,1.);
#276 = DIRECTION('',(1.,0.));
#277 = ( GEOMETRIC_REPRESENTATION_CONTEXT(2) 
PARAMETRIC_REPRESENTATION_CONTEXT() REPRESENTATION_CONTEXT('2D SPACE',''
  ) );
#278 = ORIENTED_EDGE('',*,*,#279,.T.);
#279 = EDGE_CURVE('',#252,#280,#282,.T.);
#280 = VERTEX_POINT('',#281);
#281 = CARTESIAN_POINT('',(-106.,6.,-162.5));
#282 = SURFACE_CURVE('',#283,(#287,#293),.PCURVE_S1.);
#283 = LINE('',#284,#285);
#284 = CARTESIAN_POINT('',(-106.,87.5,-162.5));
#285 = VECTOR('',#286,1.);
#286 = DIRECTION('',(0.,1.,0.));
#287 = PCURVE('',#44,#288);
#288 = DEFINITIONAL_REPRESENTATION('',(#289),#292);
#289 = B_SPLINE_CURVE_WITH_KNOTS('',1,(#290,#291),.UNSPECIFIED.,.F.,.F.,
  (2,2),(-87.5,-81.5),.PIECEWISE_BEZIER_KNOTS.);
#290 = CARTESIAN_POINT('',(-106.,-176.));
#291 = CARTESIAN_POINT('',(-106.,-170.));
#292 = ( GEOMETRIC_REPRESENTATION_CONTEXT(2) 
PARAMETRIC_REPRESENTATION_CONTEXT() REPRESENTATION_CONTEXT('2D SPACE',''
  ) );
#293 = PCURVE('',#294,#299);
#294 = PLANE('',#295);
#295 = AXIS2_PLACEMENT_3D('',#296,#297,#298);
#296 = CARTESIAN_POINT('',(-106.,-1.,-163.5));
#297 = DIRECTION('',(1.,0.,0.));
#298 = DIRECTION('',(0.,0.,1.));
#299 = DEFINITIONAL_REPRESENTATION('',(#300),#303);
#300 = B_SPLINE_CURVE_WITH_KNOTS('',1,(#301,#302),.UNSPECIFIED.,.F.,.F.,
  (2,2),(-87.5,-81.5),.PIECEWISE_BEZIER_KNOTS.);
#301 = CARTESIAN_POINT('',(1.,-1.));
#302 = CARTESIAN_POINT('',(1.,-7.));
#303 = ( GEOMETRIC_REPRESENTATION_CONTEXT(2) 
PARAMETRIC_REPRESENTATION_CONTEXT() REPRESENTATION_CONTEXT('2D SPACE',''
  ) );
#304 = ORIENTED_EDGE('',*,*,#305,.F.);
#305 = EDGE_CURVE('',#306,#280,#308,.T.);
#306 = VERTEX_POINT('',#307);
#307 = CARTESIAN_POINT('',(106.,6.,-162.5));
#308 = SURFACE_CURVE('',#309,(#313,#319),.PCURVE_S1.);
#309 = LINE('',#310,#311);
#310 = CARTESIAN_POINT('',(-53.,6.,-162.5));
#311 = VECTOR('',#312,1.);
#312 = DIRECTION('',(-1.,0.,0.));
#313 = PCURVE('',#44,#314);
#314 = DEFINITIONAL_REPRESENTATION('',(#315),#318);
#315 = B_SPLINE_CURVE_WITH_KNOTS('',1,(#316,#317),.UNSPECIFIED.,.F.,.F.,
  (2,2),(-159.,53.),.PIECEWISE_BEZIER_KNOTS.);
#316 = CARTESIAN_POINT('',(106.,-170.));
#317 = CARTESIAN_POINT('',(-106.,-170.));
#318 = ( GEOMETRIC_REPRESENTATION_CONTEXT(2) 
PARAMETRIC_REPRESENTATION_CONTEXT() REPRESENTATION_CONTEXT('2D SPACE',''
  ) );
#319 = PCURVE('',#320,#325);
#320 = PLANE('',#321);
#321 = AXIS2_PLACEMENT_3D('',#322,#323,#324);
#322 = CARTESIAN_POINT('',(-106.,6.,-163.5));
#323 = DIRECTION('',(0.,1.,0.));
#324 = DIRECTION('',(0.,0.,1.));
#325 = DEFINITIONAL_REPRESENTATION('',(#326),#329);
#326 = B_SPLINE_CURVE_WITH_KNOTS('',1,(#327,#328),.UNSPECIFIED.,.F.,.F.,
  (2,2),(-159.,53.),.PIECEWISE_BEZIER_KNOTS.);
#327 = CARTESIAN_POINT('',(1.,212.));
#328 = CARTESIAN_POINT('',(1.,0.));
#329 = ( GEOMETRIC_REPRESENTATION_CONTEXT(2) 
PARAMETRIC_REPRESENTATION_CONTEXT() REPRESENTATION_CONTEXT('2D SPACE',''
  ) );
#330 = ORIENTED_EDGE('',*,*,#331,.F.);
#331 = EDGE_CURVE('',#332,#306,#334,.T.);
#332 = VERTEX_POINT('',#333);
#333 = CARTESIAN_POINT('',(106.,0.,-162.5));
#334 = SURFACE_CURVE('',#335,(#339,#345),.PCURVE_S1.);
#335 = LINE('',#336,#337);
#336 = CARTESIAN_POINT('',(106.,87.5,-162.5));
#337 = VECTOR('',#338,1.);
#338 = DIRECTION('',(0.,1.,0.));
#339 = PCURVE('',#44,#340);
#340 = DEFINITIONAL_REPRESENTATION('',(#341),#344);
#341 = B_SPLINE_CURVE_WITH_KNOTS('',1,(#342,#343),.UNSPECIFIED.,.F.,.F.,
  (2,2),(-87.5,-81.5),.PIECEWISE_BEZIER_KNOTS.);
#342 = CARTESIAN_POINT('',(106.,-176.));
#343 = CARTESIAN_POINT('',(106.,-170.));
#344 = ( GEOMETRIC_REPRESENTATION_CONTEXT(2) 
PARAMETRIC_REPRESENTATION_CONTEXT() REPRESENTATION_CONTEXT('2D SPACE',''
  ) );
#345 = PCURVE('',#346,#351);
#346 = PLANE('',#347);
#347 = AXIS2_PLACEMENT_3D('',#348,#349,#350);
#348 = CARTESIAN_POINT('',(106.,-1.,-163.5));
#349 = DIRECTION('',(1.,0.,0.));
#350 = DIRECTION('',(0.,0.,1.));
#351 = DEFINITIONAL_REPRESENTATION('',(#352),#355);
#352 = B_SPLINE_CURVE_WITH_KNOTS('',1,(#353,#354),.UNSPECIFIED.,.F.,.F.,
  (2,2),(-87.5,-81.5),.PIECEWISE_BEZIER_KNOTS.);
#353 = CARTESIAN_POINT('',(1.,-1.));
#354 = CARTESIAN_POINT('',(1.,-7.));
#355 = ( GEOMETRIC_REPRESENTATION_CONTEXT(2) 
PARAMETRIC_REPRESENTATION_CONTEXT() REPRESENTATION_CONTEXT('2D SPACE',''
  ) );
#356 = ORIENTED_EDGE('',*,*,#357,.T.);
#357 = EDGE_CURVE('',#332,#22,#358,.T.);
#358 = SURFACE_CURVE('',#359,(#363,#370),.PCURVE_S1.);
#359 = LINE('',#360,#361);
#360 = CARTESIAN_POINT('',(-140.,0.,-162.5));
#361 = VECTOR('',#362,1.);
#362 = DIRECTION('',(1.,0.,0.));
#363 = PCURVE('',#44,#364);
#364 = DEFINITIONAL_REPRESENTATION('',(#365),#369);
#365 = LINE('',#366,#367);
#366 = CARTESIAN_POINT('',(-140.,-176.));
#367 = VECTOR('',#368,1.);
#368 = DIRECTION('',(1.,0.));
#369 = ( GEOMETRIC_REPRESENTATION_CONTEXT(2) 
PARAMETRIC_REPRESENTATION_CONTEXT() REPRESENTATION_CONTEXT('2D SPACE',''
  ) );
#370 = PCURVE('',#72,#371);
#371 = DEFINITIONAL_REPRESENTATION('',(#372),#376);
#372 = LINE('',#373,#374);
#373 = CARTESIAN_POINT('',(0.,0.));
#374 = VECTOR('',#375,1.);
#375 = DIRECTION('',(1.,0.));
#376 = ( GEOMETRIC_REPRESENTATION_CONTEXT(2) 
PARAMETRIC_REPRESENTATION_CONTEXT() REPRESENTATION_CONTEXT('2D SPACE',''
  ) );
#377 = FACE_BOUND('',#378,.F.);
#378 = EDGE_LOOP('',(#379));
#379 = ORIENTED_EDGE('',*,*,#380,.T.);
#380 = EDGE_CURVE('',#381,#381,#383,.T.);
#381 = VERTEX_POINT('',#382);
#382 = CARTESIAN_POINT('',(-86.75,20.,-162.5));
#383 = SURFACE_CURVE('',#384,(#389,#400),.PCURVE_S1.);
#384 = CIRCLE('',#385,3.25);
#385 = AXIS2_PLACEMENT_3D('',#386,#387,#388);
#386 = CARTESIAN_POINT('',(-90.,20.,-162.5));
#387 = DIRECTION('',(0.,0.,-1.));
#388 = DIRECTION('',(1.,0.,0.));
#389 = PCURVE('',#44,#390);
#390 = DEFINITIONAL_REPRESENTATION('',(#391),#399);
#391 = ( BOUNDED_CURVE() B_SPLINE_CURVE(2,(#392,#393,#394,#395,#396,#397
,#398),.UNSPECIFIED.,.T.,.F.) B_SPLINE_CURVE_WITH_KNOTS((1,2,2,2,2,1),(
    -2.094395102393,0.,2.094395102393,4.188790204786,6.28318530718,
8.377580409573),.UNSPECIFIED.) CURVE() GEOMETRIC_REPRESENTATION_ITEM() 
RATIONAL_B_SPLINE_CURVE((1.,0.5,1.,0.5,1.,0.5,1.)) REPRESENTATION_ITEM(
  '') );
#392 = CARTESIAN_POINT('',(-86.75,-156.));
#393 = CARTESIAN_POINT('',(-86.75,-161.6291651245));
#394 = CARTESIAN_POINT('',(-91.625,-158.8145825622));
#395 = CARTESIAN_POINT('',(-96.5,-156.));
#396 = CARTESIAN_POINT('',(-91.625,-153.1854174377));
#397 = CARTESIAN_POINT('',(-86.75,-150.3708348754));
#398 = CARTESIAN_POINT('',(-86.75,-156.));
#399 = ( GEOMETRIC_REPRESENTATION_CONTEXT(2) 
PARAMETRIC_REPRESENTATION_CONTEXT() REPRESENTATION_CONTEXT('2D SPACE',''
  ) );
#400 = PCURVE('',#401,#406);
#401 = CYLINDRICAL_SURFACE('',#402,3.25);
#402 = AXIS2_PLACEMENT_3D('',#403,#404,#405);
#403 = CARTESIAN_POINT('',(-90.,20.,-163.5));
#404 = DIRECTION('',(-0.,-0.,-1.));
#405 = DIRECTION('',(1.,0.,0.));
#406 = DEFINITIONAL_REPRESENTATION('',(#407),#411);
#407 = LINE('',#408,#409);
#408 = CARTESIAN_POINT('',(-6.28318530718,-1.));
#409 = VECTOR('',#410,1.);
#410 = DIRECTION('',(1.,-0.));
#411 = ( GEOMETRIC_REPRESENTATION_CONTEXT(2) 
PARAMETRIC_REPRESENTATION_CONTEXT() REPRESENTATION_CONTEXT('2D SPACE',''
  ) );
#412 = FACE_BOUND('',#413,.F.);
#413 = EDGE_LOOP('',(#414));
#414 = ORIENTED_EDGE('',*,*,#415,.T.);
#415 = EDGE_CURVE('',#416,#416,#418,.T.);
#416 = VERTEX_POINT('',#417);
#417 = CARTESIAN_POINT('',(-119.9,70.,-162.5));
#418 = SURFACE_CURVE('',#419,(#424,#435),.PCURVE_S1.);
#419 = CIRCLE('',#420,5.1);
#420 = AXIS2_PLACEMENT_3D('',#421,#422,#423);
#421 = CARTESIAN_POINT('',(-125.,70.,-162.5));
#422 = DIRECTION('',(0.,0.,-1.));
#423 = DIRECTION('',(1.,0.,0.));
#424 = PCURVE('',#44,#425);
#425 = DEFINITIONAL_REPRESENTATION('',(#426),#434);
#426 = ( BOUNDED_CURVE() B_SPLINE_CURVE(2,(#427,#428,#429,#430,#431,#432
,#433),.UNSPECIFIED.,.T.,.F.) B_SPLINE_CURVE_WITH_KNOTS((1,2,2,2,2,1),(
    -2.094395102393,0.,2.094395102393,4.188790204786,6.28318530718,
8.377580409573),.UNSPECIFIED.) CURVE() GEOMETRIC_REPRESENTATION_ITEM() 
RATIONAL_B_SPLINE_CURVE((1.,0.5,1.,0.5,1.,0.5,1.)) REPRESENTATION_ITEM(
  '') );
#427 = CARTESIAN_POINT('',(-119.9,-106.));
#428 = CARTESIAN_POINT('',(-119.9,-114.8334591186));
#429 = CARTESIAN_POINT('',(-127.55,-110.4167295593));
#430 = CARTESIAN_POINT('',(-135.2,-106.));
#431 = CARTESIAN_POINT('',(-127.55,-101.5832704406));
#432 = CARTESIAN_POINT('',(-119.9,-97.16654088139));
#433 = CARTESIAN_POINT('',(-119.9,-106.));
#434 = ( GEOMETRIC_REPRESENTATION_CONTEXT(2) 
PARAMETRIC_REPRESENTATION_CONTEXT() REPRESENTATION_CONTEXT('2D SPACE',''
  ) );
#435 = PCURVE('',#436,#441);
#436 = CYLINDRICAL_SURFACE('',#437,5.1);
#437 = AXIS2_PLACEMENT_3D('',#438,#439,#440);
#438 = CARTESIAN_POINT('',(-125.,70.,-163.5));
#439 = DIRECTION('',(-0.,-0.,-1.));
#440 = DIRECTION('',(1.,0.,0.));
#441 = DEFINITIONAL_REPRESENTATION('',(#442),#446);
#442 = LINE('',#443,#444);
#443 = CARTESIAN_POINT('',(-6.28318530718,-1.));
#444 = VECTOR('',#445,1.);
#445 = DIRECTION('',(1.,-0.));
#446 = ( GEOMETRIC_REPRESENTATION_CONTEXT(2) 
PARAMETRIC_REPRESENTATION_CONTEXT() REPRESENTATION_CONTEXT('2D SPACE',''
  ) );
#447 = FACE_BOUND('',#448,.F.);
#448 = EDGE_LOOP('',(#449));
#449 = ORIENTED_EDGE('',*,*,#450,.T.);
#450 = EDGE_CURVE('',#451,#451,#453,.T.);
#451 = VERTEX_POINT('',#452);
#452 = CARTESIAN_POINT('',(11.2,40.,-162.5));
#453 = SURFACE_CURVE('',#454,(#459,#470),.PCURVE_S1.);
#454 = CIRCLE('',#455,11.2);
#455 = AXIS2_PLACEMENT_3D('',#456,#457,#458);
#456 = CARTESIAN_POINT('',(0.,40.,-162.5));
#457 = DIRECTION('',(0.,0.,-1.));
#458 = DIRECTION('',(1.,0.,0.));
#459 = PCURVE('',#44,#460);
#460 = DEFINITIONAL_REPRESENTATION('',(#461),#469);
#461 = ( BOUNDED_CURVE() B_SPLINE_CURVE(2,(#462,#463,#464,#465,#466,#467
,#468),.UNSPECIFIED.,.T.,.F.) B_SPLINE_CURVE_WITH_KNOTS((1,2,2,2,2,1),(
    -2.094395102393,0.,2.094395102393,4.188790204786,6.28318530718,
8.377580409573),.UNSPECIFIED.) CURVE() GEOMETRIC_REPRESENTATION_ITEM() 
RATIONAL_B_SPLINE_CURVE((1.,0.5,1.,0.5,1.,0.5,1.)) REPRESENTATION_ITEM(
  '') );
#462 = CARTESIAN_POINT('',(11.2,-136.));
#463 = CARTESIAN_POINT('',(11.2,-155.3989690447));
#464 = CARTESIAN_POINT('',(-5.6,-145.6994845223));
#465 = CARTESIAN_POINT('',(-22.4,-136.));
#466 = CARTESIAN_POINT('',(-5.6,-126.3005154776));
#467 = CARTESIAN_POINT('',(11.2,-116.6010309552));
#468 = CARTESIAN_POINT('',(11.2,-136.));
#469 = ( GEOMETRIC_REPRESENTATION_CONTEXT(2) 
PARAMETRIC_REPRESENTATION_CONTEXT() REPRESENTATION_CONTEXT('2D SPACE',''
  ) );
#470 = PCURVE('',#471,#476);
#471 = CYLINDRICAL_SURFACE('',#472,11.2);
#472 = AXIS2_PLACEMENT_3D('',#473,#474,#475);
#473 = CARTESIAN_POINT('',(0.,40.,-163.5));
#474 = DIRECTION('',(-0.,-0.,-1.));
#475 = DIRECTION('',(1.,0.,0.));
#476 = DEFINITIONAL_REPRESENTATION('',(#477),#481);
#477 = LINE('',#478,#479);
#478 = CARTESIAN_POINT('',(-6.28318530718,-1.));
#479 = VECTOR('',#480,1.);
#480 = DIRECTION('',(1.,-0.));
#481 = ( GEOMETRIC_REPRESENTATION_CONTEXT(2) 
PARAMETRIC_REPRESENTATION_CONTEXT() REPRESENTATION_CONTEXT('2D SPACE',''
  ) );
#482 = FACE_BOUND('',#483,.F.);
#483 = EDGE_LOOP('',(#484));
#484 = ORIENTED_EDGE('',*,*,#485,.T.);
#485 = EDGE_CURVE('',#486,#486,#488,.T.);
#486 = VERTEX_POINT('',#487);
#487 = CARTESIAN_POINT('',(93.25,20.,-162.5));
#488 = SURFACE_CURVE('',#489,(#494,#505),.PCURVE_S1.);
#489 = CIRCLE('',#490,3.25);
#490 = AXIS2_PLACEMENT_3D('',#491,#492,#493);
#491 = CARTESIAN_POINT('',(90.,20.,-162.5));
#492 = DIRECTION('',(0.,0.,-1.));
#493 = DIRECTION('',(1.,0.,0.));
#494 = PCURVE('',#44,#495);
#495 = DEFINITIONAL_REPRESENTATION('',(#496),#504);
#496 = ( BOUNDED_CURVE() B_SPLINE_CURVE(2,(#497,#498,#499,#500,#501,#502
,#503),.UNSPECIFIED.,.T.,.F.) B_SPLINE_CURVE_WITH_KNOTS((1,2,2,2,2,1),(
    -2.094395102393,0.,2.094395102393,4.188790204786,6.28318530718,
8.377580409573),.UNSPECIFIED.) CURVE() GEOMETRIC_REPRESENTATION_ITEM() 
RATIONAL_B_SPLINE_CURVE((1.,0.5,1.,0.5,1.,0.5,1.)) REPRESENTATION_ITEM(
  '') );
#497 = CARTESIAN_POINT('',(93.25,-156.));
#498 = CARTESIAN_POINT('',(93.25,-161.6291651245));
#499 = CARTESIAN_POINT('',(88.375,-158.8145825622));
#500 = CARTESIAN_POINT('',(83.5,-156.));
#501 = CARTESIAN_POINT('',(88.375,-153.1854174377));
#502 = CARTESIAN_POINT('',(93.25,-150.3708348754));
#503 = CARTESIAN_POINT('',(93.25,-156.));
#504 = ( GEOMETRIC_REPRESENTATION_CONTEXT(2) 
PARAMETRIC_REPRESENTATION_CONTEXT() REPRESENTATION_CONTEXT('2D SPACE',''
  ) );
#505 = PCURVE('',#506,#511);
#506 = CYLINDRICAL_SURFACE('',#507,3.25);
#507 = AXIS2_PLACEMENT_3D('',#508,#509,#510);
#508 = CARTESIAN_POINT('',(90.,20.,-163.5));
#509 = DIRECTION('',(-0.,-0.,-1.));
#510 = DIRECTION('',(1.,0.,0.));
#511 = DEFINITIONAL_REPRESENTATION('',(#512),#516);
#512 = LINE('',#513,#514);
#513 = CARTESIAN_POINT('',(-6.28318530718,-1.));
#514 = VECTOR('',#515,1.);
#515 = DIRECTION('',(1.,-0.));
#516 = ( GEOMETRIC_REPRESENTATION_CONTEXT(2) 
PARAMETRIC_REPRESENTATION_CONTEXT() REPRESENTATION_CONTEXT('2D SPACE',''
  ) );
#517 = FACE_BOUND('',#518,.F.);
#518 = EDGE_LOOP('',(#519));
#519 = ORIENTED_EDGE('',*,*,#520,.T.);
#520 = EDGE_CURVE('',#521,#521,#523,.T.);
#521 = VERTEX_POINT('',#522);
#522 = CARTESIAN_POINT('',(130.1,70.,-162.5));
#523 = SURFACE_CURVE('',#524,(#529,#540),.PCURVE_S1.);
#524 = CIRCLE('',#525,5.1);
#525 = AXIS2_PLACEMENT_3D('',#526,#527,#528);
#526 = CARTESIAN_POINT('',(125.,70.,-162.5));
#527 = DIRECTION('',(0.,0.,-1.));
#528 = DIRECTION('',(1.,0.,0.));
#529 = PCURVE('',#44,#530);
#530 = DEFINITIONAL_REPRESENTATION('',(#531),#539);
#531 = ( BOUNDED_CURVE() B_SPLINE_CURVE(2,(#532,#533,#534,#535,#536,#537
,#538),.UNSPECIFIED.,.T.,.F.) B_SPLINE_CURVE_WITH_KNOTS((1,2,2,2,2,1),(
    -2.094395102393,0.,2.094395102393,4.188790204786,6.28318530718,
8.377580409573),.UNSPECIFIED.) CURVE() GEOMETRIC_REPRESENTATION_ITEM() 
RATIONAL_B_SPLINE_CURVE((1.,0.5,1.,0.5,1.,0.5,1.)) REPRESENTATION_ITEM(
  '') );
#532 = CARTESIAN_POINT('',(130.1,-106.));
#533 = CARTESIAN_POINT('',(130.1,-114.8334591186));
#534 = CARTESIAN_POINT('',(122.45,-110.4167295593));
#535 = CARTESIAN_POINT('',(114.8,-106.));
#536 = CARTESIAN_POINT('',(122.45,-101.5832704406));
#537 = CARTESIAN_POINT('',(130.1,-97.16654088139));
#538 = CARTESIAN_POINT('',(130.1,-106.));
#539 = ( GEOMETRIC_REPRESENTATION_CONTEXT(2) 
PARAMETRIC_REPRESENTATION_CONTEXT() REPRESENTATION_CONTEXT('2D SPACE',''
  ) );
#540 = PCURVE('',#541,#546);
#541 = CYLINDRICAL_SURFACE('',#542,5.1);
#542 = AXIS2_PLACEMENT_3D('',#543,#544,#545);
#543 = CARTESIAN_POINT('',(125.,70.,-163.5));
#544 = DIRECTION('',(-0.,-0.,-1.));
#545 = DIRECTION('',(1.,0.,0.));
#546 = DEFINITIONAL_REPRESENTATION('',(#547),#551);
#547 = LINE('',#548,#549);
#548 = CARTESIAN_POINT('',(-6.28318530718,-1.));
#549 = VECTOR('',#550,1.);
#550 = DIRECTION('',(1.,-0.));
#551 = ( GEOMETRIC_REPRESENTATION_CONTEXT(2) 
PARAMETRIC_REPRESENTATION_CONTEXT() REPRESENTATION_CONTEXT('2D SPACE',''
  ) );
#552 = FACE_BOUND('',#553,.F.);
#553 = EDGE_LOOP('',(#554));
#554 = ORIENTED_EDGE('',*,*,#555,.T.);
#555 = EDGE_CURVE('',#556,#556,#558,.T.);
#556 = VERTEX_POINT('',#557);
#557 = CARTESIAN_POINT('',(-92.75,340.,-162.5));
#558 = SURFACE_CURVE('',#559,(#564,#575),.PCURVE_S1.);
#559 = CIRCLE('',#560,3.25);
#560 = AXIS2_PLACEMENT_3D('',#561,#562,#563);
#561 = CARTESIAN_POINT('',(-96.,340.,-162.5));
#562 = DIRECTION('',(0.,0.,-1.));
#563 = DIRECTION('',(1.,0.,0.));
#564 = PCURVE('',#44,#565);
#565 = DEFINITIONAL_REPRESENTATION('',(#566),#574);
#566 = ( BOUNDED_CURVE() B_SPLINE_CURVE(2,(#567,#568,#569,#570,#571,#572
,#573),.UNSPECIFIED.,.T.,.F.) B_SPLINE_CURVE_WITH_KNOTS((1,2,2,2,2,1),(
    -2.094395102393,0.,2.094395102393,4.188790204786,6.28318530718,
8.377580409573),.UNSPECIFIED.) CURVE() GEOMETRIC_REPRESENTATION_ITEM() 
RATIONAL_B_SPLINE_CURVE((1.,0.5,1.,0.5,1.,0.5,1.)) REPRESENTATION_ITEM(
  '') );
#567 = CARTESIAN_POINT('',(-92.75,164.));
#568 = CARTESIAN_POINT('',(-92.75,158.3708348754));
#569 = CARTESIAN_POINT('',(-97.625,161.1854174377));
#570 = CARTESIAN_POINT('',(-102.5,164.));
#571 = CARTESIAN_POINT('',(-97.625,166.81458256229));
#572 = CARTESIAN_POINT('',(-92.75,169.62916512459));
#573 = CARTESIAN_POINT('',(-92.75,164.));
#574 = ( GEOMETRIC_REPRESENTATION_CONTEXT(2) 
PARAMETRIC_REPRESENTATION_CONTEXT() REPRESENTATION_CONTEXT('2D SPACE',''
  ) );
#575 = PCURVE('',#576,#581);
#576 = CYLINDRICAL_SURFACE('',#577,3.25);
#577 = AXIS2_PLACEMENT_3D('',#578,#579,#580);
#578 = CARTESIAN_POINT('',(-96.,340.,-163.5));
#579 = DIRECTION('',(-0.,-0.,-1.));
#580 = DIRECTION('',(1.,0.,0.));
#581 = DEFINITIONAL_REPRESENTATION('',(#582),#586);
#582 = LINE('',#583,#584);
#583 = CARTESIAN_POINT('',(-6.28318530718,-1.));
#584 = VECTOR('',#585,1.);
#585 = DIRECTION('',(1.,-0.));
#586 = ( GEOMETRIC_REPRESENTATION_CONTEXT(2) 
PARAMETRIC_REPRESENTATION_CONTEXT() REPRESENTATION_CONTEXT('2D SPACE',''
  ) );
#587 = FACE_BOUND('',#588,.F.);
#588 = EDGE_LOOP('',(#589));
#589 = ORIENTED_EDGE('',*,*,#590,.T.);
#590 = EDGE_CURVE('',#591,#591,#593,.T.);
#591 = VERTEX_POINT('',#592);
#592 = CARTESIAN_POINT('',(11.2,195.,-162.5));
#593 = SURFACE_CURVE('',#594,(#599,#610),.PCURVE_S1.);
#594 = CIRCLE('',#595,11.2);
#595 = AXIS2_PLACEMENT_3D('',#596,#597,#598);
#596 = CARTESIAN_POINT('',(0.,195.,-162.5));
#597 = DIRECTION('',(0.,0.,-1.));
#598 = DIRECTION('',(1.,0.,0.));
#599 = PCURVE('',#44,#600);
#600 = DEFINITIONAL_REPRESENTATION('',(#601),#609);
#601 = ( BOUNDED_CURVE() B_SPLINE_CURVE(2,(#602,#603,#604,#605,#606,#607
,#608),.UNSPECIFIED.,.T.,.F.) B_SPLINE_CURVE_WITH_KNOTS((1,2,2,2,2,1),(
    -2.094395102393,0.,2.094395102393,4.188790204786,6.28318530718,
8.377580409573),.UNSPECIFIED.) CURVE() GEOMETRIC_REPRESENTATION_ITEM() 
RATIONAL_B_SPLINE_CURVE((1.,0.5,1.,0.5,1.,0.5,1.)) REPRESENTATION_ITEM(
  '') );
#602 = CARTESIAN_POINT('',(11.2,19.));
#603 = CARTESIAN_POINT('',(11.2,-0.398969044771));
#604 = CARTESIAN_POINT('',(-5.6,9.300515477614));
#605 = CARTESIAN_POINT('',(-22.4,19.));
#606 = CARTESIAN_POINT('',(-5.6,28.699484522386));
#607 = CARTESIAN_POINT('',(11.2,38.398969044771));
#608 = CARTESIAN_POINT('',(11.2,19.));
#609 = ( GEOMETRIC_REPRESENTATION_CONTEXT(2) 
PARAMETRIC_REPRESENTATION_CONTEXT() REPRESENTATION_CONTEXT('2D SPACE',''
  ) );
#610 = PCURVE('',#611,#616);
#611 = CYLINDRICAL_SURFACE('',#612,11.2);
#612 = AXIS2_PLACEMENT_3D('',#613,#614,#615);
#613 = CARTESIAN_POINT('',(0.,195.,-163.5));
#614 = DIRECTION('',(-0.,-0.,-1.));
#615 = DIRECTION('',(1.,0.,0.));
#616 = DEFINITIONAL_REPRESENTATION('',(#617),#621);
#617 = LINE('',#618,#619);
#618 = CARTESIAN_POINT('',(-6.28318530718,-1.));
#619 = VECTOR('',#620,1.);
#620 = DIRECTION('',(1.,-0.));
#621 = ( GEOMETRIC_REPRESENTATION_CONTEXT(2) 
PARAMETRIC_REPRESENTATION_CONTEXT() REPRESENTATION_CONTEXT('2D SPACE',''
  ) );
#622 = FACE_BOUND('',#623,.F.);
#623 = EDGE_LOOP('',(#624));
#624 = ORIENTED_EDGE('',*,*,#625,.T.);
#625 = EDGE_CURVE('',#626,#626,#628,.T.);
#626 = VERTEX_POINT('',#627);
#627 = CARTESIAN_POINT('',(99.25,340.,-162.5));
#628 = SURFACE_CURVE('',#629,(#634,#645),.PCURVE_S1.);
#629 = CIRCLE('',#630,3.25);
#630 = AXIS2_PLACEMENT_3D('',#631,#632,#633);
#631 = CARTESIAN_POINT('',(96.,340.,-162.5));
#632 = DIRECTION('',(0.,0.,-1.));
#633 = DIRECTION('',(1.,0.,0.));
#634 = PCURVE('',#44,#635);
#635 = DEFINITIONAL_REPRESENTATION('',(#636),#644);
#636 = ( BOUNDED_CURVE() B_SPLINE_CURVE(2,(#637,#638,#639,#640,#641,#642
,#643),.UNSPECIFIED.,.T.,.F.) B_SPLINE_CURVE_WITH_KNOTS((1,2,2,2,2,1),(
    -2.094395102393,0.,2.094395102393,4.188790204786,6.28318530718,
8.377580409573),.UNSPECIFIED.) CURVE() GEOMETRIC_REPRESENTATION_ITEM() 
RATIONAL_B_SPLINE_CURVE((1.,0.5,1.,0.5,1.,0.5,1.)) REPRESENTATION_ITEM(
  '') );
#637 = CARTESIAN_POINT('',(99.25,164.));
#638 = CARTESIAN_POINT('',(99.25,158.3708348754));
#639 = CARTESIAN_POINT('',(94.375,161.1854174377));
#640 = CARTESIAN_POINT('',(89.5,164.));
#641 = CARTESIAN_POINT('',(94.375,166.81458256229));
#642 = CARTESIAN_POINT('',(99.25,169.62916512459));
#643 = CARTESIAN_POINT('',(99.25,164.));
#644 = ( GEOMETRIC_REPRESENTATION_CONTEXT(2) 
PARAMETRIC_REPRESENTATION_CONTEXT() REPRESENTATION_CONTEXT('2D SPACE',''
  ) );
#645 = PCURVE('',#646,#651);
#646 = CYLINDRICAL_SURFACE('',#647,3.25);
#647 = AXIS2_PLACEMENT_3D('',#648,#649,#650);
#648 = CARTESIAN_POINT('',(96.,340.,-163.5));
#649 = DIRECTION('',(-0.,-0.,-1.));
#650 = DIRECTION('',(1.,0.,0.));
#651 = DEFINITIONAL_REPRESENTATION('',(#652),#656);
#652 = LINE('',#653,#654);
#653 = CARTESIAN_POINT('',(-6.28318530718,-1.));
#654 = VECTOR('',#655,1.);
#655 = DIRECTION('',(1.,-0.));
#656 = ( GEOMETRIC_REPRESENTATION_CONTEXT(2) 
PARAMETRIC_REPRESENTATION_CONTEXT() REPRESENTATION_CONTEXT('2D SPACE',''
  ) );
#657 = ADVANCED_FACE('',(#658),#126,.T.);
#658 = FACE_BOUND('',#659,.T.);
#659 = EDGE_LOOP('',(#660,#661,#662,#685,#714,#740,#773,#799));
#660 = ORIENTED_EDGE('',*,*,#112,.F.);
#661 = ORIENTED_EDGE('',*,*,#142,.T.);
#662 = ORIENTED_EDGE('',*,*,#663,.T.);
#663 = EDGE_CURVE('',#143,#664,#666,.T.);
#664 = VERTEX_POINT('',#665);
#665 = CARTESIAN_POINT('',(128.,352.,-154.5));
#666 = SURFACE_CURVE('',#667,(#671,#678),.PCURVE_S1.);
#667 = LINE('',#668,#669);
#668 = CARTESIAN_POINT('',(128.,352.,-162.5));
#669 = VECTOR('',#670,1.);
#670 = DIRECTION('',(0.,0.,1.));
#671 = PCURVE('',#126,#672);
#672 = DEFINITIONAL_REPRESENTATION('',(#673),#677);
#673 = LINE('',#674,#675);
#674 = CARTESIAN_POINT('',(1.570796326795,0.));
#675 = VECTOR('',#676,1.);
#676 = DIRECTION('',(0.,1.));
#677 = ( GEOMETRIC_REPRESENTATION_CONTEXT(2) 
PARAMETRIC_REPRESENTATION_CONTEXT() REPRESENTATION_CONTEXT('2D SPACE',''
  ) );
#678 = PCURVE('',#182,#679);
#679 = DEFINITIONAL_REPRESENTATION('',(#680),#684);
#680 = LINE('',#681,#682);
#681 = CARTESIAN_POINT('',(12.,0.));
#682 = VECTOR('',#683,1.);
#683 = DIRECTION('',(0.,-1.));
#684 = ( GEOMETRIC_REPRESENTATION_CONTEXT(2) 
PARAMETRIC_REPRESENTATION_CONTEXT() REPRESENTATION_CONTEXT('2D SPACE',''
  ) );
#685 = ORIENTED_EDGE('',*,*,#686,.F.);
#686 = EDGE_CURVE('',#687,#664,#689,.T.);
#687 = VERTEX_POINT('',#688);
#688 = CARTESIAN_POINT('',(133.8,350.50523678933,-154.5));
#689 = SURFACE_CURVE('',#690,(#695,#702),.PCURVE_S1.);
#690 = CIRCLE('',#691,12.);
#691 = AXIS2_PLACEMENT_3D('',#692,#693,#694);
#692 = CARTESIAN_POINT('',(128.,340.,-154.5));
#693 = DIRECTION('',(0.,0.,1.));
#694 = DIRECTION('',(0.,-1.,0.));
#695 = PCURVE('',#126,#696);
#696 = DEFINITIONAL_REPRESENTATION('',(#697),#701);
#697 = LINE('',#698,#699);
#698 = CARTESIAN_POINT('',(-1.570796326795,8.));
#699 = VECTOR('',#700,1.);
#700 = DIRECTION('',(1.,0.));
#701 = ( GEOMETRIC_REPRESENTATION_CONTEXT(2) 
PARAMETRIC_REPRESENTATION_CONTEXT() REPRESENTATION_CONTEXT('2D SPACE',''
  ) );
#702 = PCURVE('',#703,#708);
#703 = PLANE('',#704);
#704 = AXIS2_PLACEMENT_3D('',#705,#706,#707);
#705 = CARTESIAN_POINT('',(0.,176.,-154.5));
#706 = DIRECTION('',(0.,0.,1.));
#707 = DIRECTION('',(1.,0.,-0.));
#708 = DEFINITIONAL_REPRESENTATION('',(#709),#713);
#709 = CIRCLE('',#710,12.);
#710 = AXIS2_PLACEMENT_2D('',#711,#712);
#711 = CARTESIAN_POINT('',(128.,164.));
#712 = DIRECTION('',(0.,-1.));
#713 = ( GEOMETRIC_REPRESENTATION_CONTEXT(2) 
PARAMETRIC_REPRESENTATION_CONTEXT() REPRESENTATION_CONTEXT('2D SPACE',''
  ) );
#714 = ORIENTED_EDGE('',*,*,#715,.F.);
#715 = EDGE_CURVE('',#716,#687,#718,.T.);
#716 = VERTEX_POINT('',#717);
#717 = CARTESIAN_POINT('',(133.8,350.50523678933,-158.5));
#718 = SURFACE_CURVE('',#719,(#723,#729),.PCURVE_S1.);
#719 = LINE('',#720,#721);
#720 = CARTESIAN_POINT('',(133.8,350.50523678933,-162.5));
#721 = VECTOR('',#722,1.);
#722 = DIRECTION('',(0.,0.,1.));
#723 = PCURVE('',#126,#724);
#724 = DEFINITIONAL_REPRESENTATION('',(#725),#728);
#725 = B_SPLINE_CURVE_WITH_KNOTS('',1,(#726,#727),.UNSPECIFIED.,.F.,.F.,
  (2,2),(3.6,8.0000006),.PIECEWISE_BEZIER_KNOTS.);
#726 = CARTESIAN_POINT('',(1.066337974269,3.6));
#727 = CARTESIAN_POINT('',(1.066337974269,8.0000006));
#728 = ( GEOMETRIC_REPRESENTATION_CONTEXT(2) 
PARAMETRIC_REPRESENTATION_CONTEXT() REPRESENTATION_CONTEXT('2D SPACE',''
  ) );
#729 = PCURVE('',#730,#735);
#730 = PLANE('',#731);
#731 = AXIS2_PLACEMENT_3D('',#732,#733,#734);
#732 = CARTESIAN_POINT('',(133.8,355.,-158.5));
#733 = DIRECTION('',(1.,0.,-0.));
#734 = DIRECTION('',(0.,-1.,0.));
#735 = DEFINITIONAL_REPRESENTATION('',(#736),#739);
#736 = B_SPLINE_CURVE_WITH_KNOTS('',1,(#737,#738),.UNSPECIFIED.,.F.,.F.,
  (2,2),(3.6,8.0000006),.PIECEWISE_BEZIER_KNOTS.);
#737 = CARTESIAN_POINT('',(4.494763210665,0.4));
#738 = CARTESIAN_POINT('',(4.494763210665,-4.0000006));
#739 = ( GEOMETRIC_REPRESENTATION_CONTEXT(2) 
PARAMETRIC_REPRESENTATION_CONTEXT() REPRESENTATION_CONTEXT('2D SPACE',''
  ) );
#740 = ORIENTED_EDGE('',*,*,#741,.F.);
#741 = EDGE_CURVE('',#742,#716,#744,.T.);
#742 = VERTEX_POINT('',#743);
#743 = CARTESIAN_POINT('',(137.2,347.7045441137,-158.5));
#744 = SURFACE_CURVE('',#745,(#750,#757),.PCURVE_S1.);
#745 = CIRCLE('',#746,12.);
#746 = AXIS2_PLACEMENT_3D('',#747,#748,#749);
#747 = CARTESIAN_POINT('',(128.,340.,-158.5));
#748 = DIRECTION('',(0.,0.,1.));
#749 = DIRECTION('',(1.,0.,-0.));
#750 = PCURVE('',#126,#751);
#751 = DEFINITIONAL_REPRESENTATION('',(#752),#756);
#752 = LINE('',#753,#754);
#753 = CARTESIAN_POINT('',(0.,4.));
#754 = VECTOR('',#755,1.);
#755 = DIRECTION('',(1.,0.));
#756 = ( GEOMETRIC_REPRESENTATION_CONTEXT(2) 
PARAMETRIC_REPRESENTATION_CONTEXT() REPRESENTATION_CONTEXT('2D SPACE',''
  ) );
#757 = PCURVE('',#758,#763);
#758 = PLANE('',#759);
#759 = AXIS2_PLACEMENT_3D('',#760,#761,#762);
#760 = CARTESIAN_POINT('',(0.,214.05882090082,-158.5));
#761 = DIRECTION('',(-0.,-0.,-1.));
#762 = DIRECTION('',(-1.,0.,0.));
#763 = DEFINITIONAL_REPRESENTATION('',(#764),#772);
#764 = ( BOUNDED_CURVE() B_SPLINE_CURVE(2,(#765,#766,#767,#768,#769,#770
,#771),.UNSPECIFIED.,.T.,.F.) B_SPLINE_CURVE_WITH_KNOTS((1,2,2,2,2,1),(
    -2.094395102393,0.,2.094395102393,4.188790204786,6.28318530718,
8.377580409573),.UNSPECIFIED.) CURVE() GEOMETRIC_REPRESENTATION_ITEM() 
RATIONAL_B_SPLINE_CURVE((1.,0.5,1.,0.5,1.,0.5,1.)) REPRESENTATION_ITEM(
  '') );
#765 = CARTESIAN_POINT('',(-140.,125.94117909917));
#766 = CARTESIAN_POINT('',(-140.,146.72578878999));
#767 = CARTESIAN_POINT('',(-122.,136.33348394458));
#768 = CARTESIAN_POINT('',(-104.,125.94117909917));
#769 = CARTESIAN_POINT('',(-122.,115.54887425375));
#770 = CARTESIAN_POINT('',(-140.,105.15656940834));
#771 = CARTESIAN_POINT('',(-140.,125.94117909917));
#772 = ( GEOMETRIC_REPRESENTATION_CONTEXT(2) 
PARAMETRIC_REPRESENTATION_CONTEXT() REPRESENTATION_CONTEXT('2D SPACE',''
  ) );
#773 = ORIENTED_EDGE('',*,*,#774,.T.);
#774 = EDGE_CURVE('',#742,#775,#777,.T.);
#775 = VERTEX_POINT('',#776);
#776 = CARTESIAN_POINT('',(137.2,347.7045441137,-154.5));
#777 = SURFACE_CURVE('',#778,(#782,#788),.PCURVE_S1.);
#778 = LINE('',#779,#780);
#779 = CARTESIAN_POINT('',(137.2,347.7045441137,-162.5));
#780 = VECTOR('',#781,1.);
#781 = DIRECTION('',(0.,0.,1.));
#782 = PCURVE('',#126,#783);
#783 = DEFINITIONAL_REPRESENTATION('',(#784),#787);
#784 = B_SPLINE_CURVE_WITH_KNOTS('',1,(#785,#786),.UNSPECIFIED.,.F.,.F.,
  (2,2),(3.6,8.0000006),.PIECEWISE_BEZIER_KNOTS.);
#785 = CARTESIAN_POINT('',(0.697163133642,3.6));
#786 = CARTESIAN_POINT('',(0.697163133642,8.0000006));
#787 = ( GEOMETRIC_REPRESENTATION_CONTEXT(2) 
PARAMETRIC_REPRESENTATION_CONTEXT() REPRESENTATION_CONTEXT('2D SPACE',''
  ) );
#788 = PCURVE('',#789,#794);
#789 = PLANE('',#790);
#790 = AXIS2_PLACEMENT_3D('',#791,#792,#793);
#791 = CARTESIAN_POINT('',(137.2,354.,-158.5));
#792 = DIRECTION('',(1.,0.,-0.));
#793 = DIRECTION('',(0.,-1.,0.));
#794 = DEFINITIONAL_REPRESENTATION('',(#795),#798);
#795 = B_SPLINE_CURVE_WITH_KNOTS('',1,(#796,#797),.UNSPECIFIED.,.F.,.F.,
  (2,2),(3.6,8.0000006),.PIECEWISE_BEZIER_KNOTS.);
#796 = CARTESIAN_POINT('',(6.295455886297,0.4));
#797 = CARTESIAN_POINT('',(6.295455886297,-4.0000006));
#798 = ( GEOMETRIC_REPRESENTATION_CONTEXT(2) 
PARAMETRIC_REPRESENTATION_CONTEXT() REPRESENTATION_CONTEXT('2D SPACE',''
  ) );
#799 = ORIENTED_EDGE('',*,*,#800,.F.);
#800 = EDGE_CURVE('',#85,#775,#801,.T.);
#801 = SURFACE_CURVE('',#802,(#807,#814),.PCURVE_S1.);
#802 = CIRCLE('',#803,12.);
#803 = AXIS2_PLACEMENT_3D('',#804,#805,#806);
#804 = CARTESIAN_POINT('',(128.,340.,-154.5));
#805 = DIRECTION('',(0.,0.,1.));
#806 = DIRECTION('',(0.,-1.,0.));
#807 = PCURVE('',#126,#808);
#808 = DEFINITIONAL_REPRESENTATION('',(#809),#813);
#809 = LINE('',#810,#811);
#810 = CARTESIAN_POINT('',(-1.570796326795,8.));
#811 = VECTOR('',#812,1.);
#812 = DIRECTION('',(1.,0.));
#813 = ( GEOMETRIC_REPRESENTATION_CONTEXT(2) 
PARAMETRIC_REPRESENTATION_CONTEXT() REPRESENTATION_CONTEXT('2D SPACE',''
  ) );
#814 = PCURVE('',#100,#815);
#815 = DEFINITIONAL_REPRESENTATION('',(#816),#820);
#816 = CIRCLE('',#817,12.);
#817 = AXIS2_PLACEMENT_2D('',#818,#819);
#818 = CARTESIAN_POINT('',(128.,164.));
#819 = DIRECTION('',(0.,-1.));
#820 = ( GEOMETRIC_REPRESENTATION_CONTEXT(2) 
PARAMETRIC_REPRESENTATION_CONTEXT() REPRESENTATION_CONTEXT('2D SPACE',''
  ) );
#821 = ADVANCED_FACE('',(#822),#72,.F.);
#822 = FACE_BOUND('',#823,.F.);
#823 = EDGE_LOOP('',(#824,#825,#846,#867));
#824 = ORIENTED_EDGE('',*,*,#357,.F.);
#825 = ORIENTED_EDGE('',*,*,#826,.F.);
#826 = EDGE_CURVE('',#827,#332,#829,.T.);
#827 = VERTEX_POINT('',#828);
#828 = CARTESIAN_POINT('',(106.,0.,-154.5));
#829 = SURFACE_CURVE('',#830,(#834,#840),.PCURVE_S1.);
#830 = LINE('',#831,#832);
#831 = CARTESIAN_POINT('',(106.,0.,-163.));
#832 = VECTOR('',#833,1.);
#833 = DIRECTION('',(0.,0.,-1.));
#834 = PCURVE('',#72,#835);
#835 = DEFINITIONAL_REPRESENTATION('',(#836),#839);
#836 = B_SPLINE_CURVE_WITH_KNOTS('',1,(#837,#838),.UNSPECIFIED.,.F.,.F.,
  (2,2),(-8.5,-0.5),.PIECEWISE_BEZIER_KNOTS.);
#837 = CARTESIAN_POINT('',(246.,-8.));
#838 = CARTESIAN_POINT('',(246.,0.));
#839 = ( GEOMETRIC_REPRESENTATION_CONTEXT(2) 
PARAMETRIC_REPRESENTATION_CONTEXT() REPRESENTATION_CONTEXT('2D SPACE',''
  ) );
#840 = PCURVE('',#346,#841);
#841 = DEFINITIONAL_REPRESENTATION('',(#842),#845);
#842 = B_SPLINE_CURVE_WITH_KNOTS('',1,(#843,#844),.UNSPECIFIED.,.F.,.F.,
  (2,2),(-8.5,-0.5),.PIECEWISE_BEZIER_KNOTS.);
#843 = CARTESIAN_POINT('',(9.,-1.));
#844 = CARTESIAN_POINT('',(1.,-1.));
#845 = ( GEOMETRIC_REPRESENTATION_CONTEXT(2) 
PARAMETRIC_REPRESENTATION_CONTEXT() REPRESENTATION_CONTEXT('2D SPACE',''
  ) );
#846 = ORIENTED_EDGE('',*,*,#847,.T.);
#847 = EDGE_CURVE('',#827,#57,#848,.T.);
#848 = SURFACE_CURVE('',#849,(#853,#860),.PCURVE_S1.);
#849 = LINE('',#850,#851);
#850 = CARTESIAN_POINT('',(-140.,0.,-154.5));
#851 = VECTOR('',#852,1.);
#852 = DIRECTION('',(1.,0.,0.));
#853 = PCURVE('',#72,#854);
#854 = DEFINITIONAL_REPRESENTATION('',(#855),#859);
#855 = LINE('',#856,#857);
#856 = CARTESIAN_POINT('',(0.,-8.));
#857 = VECTOR('',#858,1.);
#858 = DIRECTION('',(1.,0.));
#859 = ( GEOMETRIC_REPRESENTATION_CONTEXT(2) 
PARAMETRIC_REPRESENTATION_CONTEXT() REPRESENTATION_CONTEXT('2D SPACE',''
  ) );
#860 = PCURVE('',#100,#861);
#861 = DEFINITIONAL_REPRESENTATION('',(#862),#866);
#862 = LINE('',#863,#864);
#863 = CARTESIAN_POINT('',(-140.,-176.));
#864 = VECTOR('',#865,1.);
#865 = DIRECTION('',(1.,0.));
#866 = ( GEOMETRIC_REPRESENTATION_CONTEXT(2) 
PARAMETRIC_REPRESENTATION_CONTEXT() REPRESENTATION_CONTEXT('2D SPACE',''
  ) );
#867 = ORIENTED_EDGE('',*,*,#56,.F.);
#868 = ADVANCED_FACE('',(#869,#1269,#1299,#1329,#1359),#100,.T.);
#869 = FACE_BOUND('',#870,.T.);
#870 = EDGE_LOOP('',(#871,#872,#873,#896,#929,#958,#986,#1019,#1047,
    #1076,#1109,#1137,#1161,#1184,#1207,#1228,#1249,#1268));
#871 = ORIENTED_EDGE('',*,*,#84,.T.);
#872 = ORIENTED_EDGE('',*,*,#800,.T.);
#873 = ORIENTED_EDGE('',*,*,#874,.T.);
#874 = EDGE_CURVE('',#775,#875,#877,.T.);
#875 = VERTEX_POINT('',#876);
#876 = CARTESIAN_POINT('',(137.2,195.,-154.5));
#877 = SURFACE_CURVE('',#878,(#882,#889),.PCURVE_S1.);
#878 = LINE('',#879,#880);
#879 = CARTESIAN_POINT('',(137.2,354.,-154.5));
#880 = VECTOR('',#881,1.);
#881 = DIRECTION('',(0.,-1.,0.));
#882 = PCURVE('',#100,#883);
#883 = DEFINITIONAL_REPRESENTATION('',(#884),#888);
#884 = LINE('',#885,#886);
#885 = CARTESIAN_POINT('',(137.2,178.));
#886 = VECTOR('',#887,1.);
#887 = DIRECTION('',(0.,-1.));
#888 = ( GEOMETRIC_REPRESENTATION_CONTEXT(2) 
PARAMETRIC_REPRESENTATION_CONTEXT() REPRESENTATION_CONTEXT('2D SPACE',''
  ) );
#889 = PCURVE('',#789,#890);
#890 = DEFINITIONAL_REPRESENTATION('',(#891),#895);
#891 = LINE('',#892,#893);
#892 = CARTESIAN_POINT('',(0.,-4.));
#893 = VECTOR('',#894,1.);
#894 = DIRECTION('',(1.,0.));
#895 = ( GEOMETRIC_REPRESENTATION_CONTEXT(2) 
PARAMETRIC_REPRESENTATION_CONTEXT() REPRESENTATION_CONTEXT('2D SPACE',''
  ) );
#896 = ORIENTED_EDGE('',*,*,#897,.T.);
#897 = EDGE_CURVE('',#875,#898,#900,.T.);
#898 = VERTEX_POINT('',#899);
#899 = CARTESIAN_POINT('',(28.985915492958,60.896843053435,-154.5));
#900 = SURFACE_CURVE('',#901,(#906,#917),.PCURVE_S1.);
#901 = CIRCLE('',#902,137.2);
#902 = AXIS2_PLACEMENT_3D('',#903,#904,#905);
#903 = CARTESIAN_POINT('',(-4.263256414561E-14,195.,-154.5));
#904 = DIRECTION('',(0.,0.,-1.));
#905 = DIRECTION('',(1.,-4.143106330963E-16,0.));
#906 = PCURVE('',#100,#907);
#907 = DEFINITIONAL_REPRESENTATION('',(#908),#916);
#908 = ( BOUNDED_CURVE() B_SPLINE_CURVE(2,(#909,#910,#911,#912,#913,#914
,#915),.UNSPECIFIED.,.T.,.F.) B_SPLINE_CURVE_WITH_KNOTS((1,2,2,2,2,1),(
    -2.094395102393,0.,2.094395102393,4.188790204786,6.28318530718,
8.377580409573),.UNSPECIFIED.) CURVE() GEOMETRIC_REPRESENTATION_ITEM() 
RATIONAL_B_SPLINE_CURVE((1.,0.5,1.,0.5,1.,0.5,1.)) REPRESENTATION_ITEM(
  '') );
#909 = CARTESIAN_POINT('',(137.2,19.));
#910 = CARTESIAN_POINT('',(137.2,-218.6373707984));
#911 = CARTESIAN_POINT('',(-68.6,-99.81868539922));
#912 = CARTESIAN_POINT('',(-274.4,19.));
#913 = CARTESIAN_POINT('',(-68.6,137.81868539922));
#914 = CARTESIAN_POINT('',(137.2,256.63737079845));
#915 = CARTESIAN_POINT('',(137.2,19.));
#916 = ( GEOMETRIC_REPRESENTATION_CONTEXT(2) 
PARAMETRIC_REPRESENTATION_CONTEXT() REPRESENTATION_CONTEXT('2D SPACE',''
  ) );
#917 = PCURVE('',#918,#923);
#918 = CYLINDRICAL_SURFACE('',#919,137.2);
#919 = AXIS2_PLACEMENT_3D('',#920,#921,#922);
#920 = CARTESIAN_POINT('',(-4.263256414561E-14,195.,-158.5));
#921 = DIRECTION('',(0.,0.,-1.));
#922 = DIRECTION('',(1.,-4.143106330963E-16,0.));
#923 = DEFINITIONAL_REPRESENTATION('',(#924),#928);
#924 = LINE('',#925,#926);
#925 = CARTESIAN_POINT('',(0.,-4.));
#926 = VECTOR('',#927,1.);
#927 = DIRECTION('',(1.,0.));
#928 = ( GEOMETRIC_REPRESENTATION_CONTEXT(2) 
PARAMETRIC_REPRESENTATION_CONTEXT() REPRESENTATION_CONTEXT('2D SPACE',''
  ) );
#929 = ORIENTED_EDGE('',*,*,#930,.T.);
#930 = EDGE_CURVE('',#898,#931,#933,.T.);
#931 = VERTEX_POINT('',#932);
#932 = CARTESIAN_POINT('',(25.2,56.20518741682,-154.5));
#933 = SURFACE_CURVE('',#934,(#939,#946),.PCURVE_S1.);
#934 = CIRCLE('',#935,4.8);
#935 = AXIS2_PLACEMENT_3D('',#936,#937,#938);
#936 = CARTESIAN_POINT('',(30.,56.20518741682,-154.5));
#937 = DIRECTION('',(0.,0.,1.));
#938 = DIRECTION('',(-0.211267605634,0.977428257628,0.));
#939 = PCURVE('',#100,#940);
#940 = DEFINITIONAL_REPRESENTATION('',(#941),#945);
#941 = CIRCLE('',#942,4.8);
#942 = AXIS2_PLACEMENT_2D('',#943,#944);
#943 = CARTESIAN_POINT('',(30.,-119.7948125831));
#944 = DIRECTION('',(-0.211267605634,0.977428257628));
#945 = ( GEOMETRIC_REPRESENTATION_CONTEXT(2) 
PARAMETRIC_REPRESENTATION_CONTEXT() REPRESENTATION_CONTEXT('2D SPACE',''
  ) );
#946 = PCURVE('',#947,#952);
#947 = CYLINDRICAL_SURFACE('',#948,4.8);
#948 = AXIS2_PLACEMENT_3D('',#949,#950,#951);
#949 = CARTESIAN_POINT('',(30.,56.20518741682,-158.5));
#950 = DIRECTION('',(-0.,-0.,-1.));
#951 = DIRECTION('',(-0.211267605634,0.977428257628,0.));
#952 = DEFINITIONAL_REPRESENTATION('',(#953),#957);
#953 = LINE('',#954,#955);
#954 = CARTESIAN_POINT('',(-0.,-4.));
#955 = VECTOR('',#956,1.);
#956 = DIRECTION('',(-1.,0.));
#957 = ( GEOMETRIC_REPRESENTATION_CONTEXT(2) 
PARAMETRIC_REPRESENTATION_CONTEXT() REPRESENTATION_CONTEXT('2D SPACE',''
  ) );
#958 = ORIENTED_EDGE('',*,*,#959,.T.);
#959 = EDGE_CURVE('',#931,#960,#962,.T.);
#960 = VERTEX_POINT('',#961);
#961 = CARTESIAN_POINT('',(25.2,40.,-154.5));
#962 = SURFACE_CURVE('',#963,(#967,#974),.PCURVE_S1.);
#963 = LINE('',#964,#965);
#964 = CARTESIAN_POINT('',(25.2,56.20518741682,-154.5));
#965 = VECTOR('',#966,1.);
#966 = DIRECTION('',(-2.192331126706E-16,-1.,0.));
#967 = PCURVE('',#100,#968);
#968 = DEFINITIONAL_REPRESENTATION('',(#969),#973);
#969 = LINE('',#970,#971);
#970 = CARTESIAN_POINT('',(25.2,-119.7948125831));
#971 = VECTOR('',#972,1.);
#972 = DIRECTION('',(-2.192331126706E-16,-1.));
#973 = ( GEOMETRIC_REPRESENTATION_CONTEXT(2) 
PARAMETRIC_REPRESENTATION_CONTEXT() REPRESENTATION_CONTEXT('2D SPACE',''
  ) );
#974 = PCURVE('',#975,#980);
#975 = PLANE('',#976);
#976 = AXIS2_PLACEMENT_3D('',#977,#978,#979);
#977 = CARTESIAN_POINT('',(25.2,56.20518741682,-158.5));
#978 = DIRECTION('',(1.,-2.192331126706E-16,0.));
#979 = DIRECTION('',(-2.192331126706E-16,-1.,0.));
#980 = DEFINITIONAL_REPRESENTATION('',(#981),#985);
#981 = LINE('',#982,#983);
#982 = CARTESIAN_POINT('',(0.,-4.));
#983 = VECTOR('',#984,1.);
#984 = DIRECTION('',(1.,0.));
#985 = ( GEOMETRIC_REPRESENTATION_CONTEXT(2) 
PARAMETRIC_REPRESENTATION_CONTEXT() REPRESENTATION_CONTEXT('2D SPACE',''
  ) );
#986 = ORIENTED_EDGE('',*,*,#987,.T.);
#987 = EDGE_CURVE('',#960,#988,#990,.T.);
#988 = VERTEX_POINT('',#989);
#989 = CARTESIAN_POINT('',(-25.2,40.,-154.5));
#990 = SURFACE_CURVE('',#991,(#996,#1007),.PCURVE_S1.);
#991 = CIRCLE('',#992,25.2);
#992 = AXIS2_PLACEMENT_3D('',#993,#994,#995);
#993 = CARTESIAN_POINT('',(-2.6645352591E-15,40.,-154.5));
#994 = DIRECTION('',(0.,0.,-1.));
#995 = DIRECTION('',(1.,0.,0.));
#996 = PCURVE('',#100,#997);
#997 = DEFINITIONAL_REPRESENTATION('',(#998),#1006);
#998 = ( BOUNDED_CURVE() B_SPLINE_CURVE(2,(#999,#1000,#1001,#1002,#1003,
#1004,#1005),.UNSPECIFIED.,.T.,.F.) B_SPLINE_CURVE_WITH_KNOTS((1,2,2,2,2
    ,1),(-2.094395102393,0.,2.094395102393,4.188790204786,6.28318530718,
8.377580409573),.UNSPECIFIED.) CURVE() GEOMETRIC_REPRESENTATION_ITEM() 
RATIONAL_B_SPLINE_CURVE((1.,0.5,1.,0.5,1.,0.5,1.)) REPRESENTATION_ITEM(
  '') );
#999 = CARTESIAN_POINT('',(25.2,-136.));
#1000 = CARTESIAN_POINT('',(25.2,-179.6476803507));
#1001 = CARTESIAN_POINT('',(-12.6,-157.8238401753));
#1002 = CARTESIAN_POINT('',(-50.4,-136.));
#1003 = CARTESIAN_POINT('',(-12.6,-114.1761598246));
#1004 = CARTESIAN_POINT('',(25.2,-92.35231964926));
#1005 = CARTESIAN_POINT('',(25.2,-136.));
#1006 = ( GEOMETRIC_REPRESENTATION_CONTEXT(2) 
PARAMETRIC_REPRESENTATION_CONTEXT() REPRESENTATION_CONTEXT('2D SPACE',''
  ) );
#1007 = PCURVE('',#1008,#1013);
#1008 = CYLINDRICAL_SURFACE('',#1009,25.2);
#1009 = AXIS2_PLACEMENT_3D('',#1010,#1011,#1012);
#1010 = CARTESIAN_POINT('',(-2.6645352591E-15,40.,-158.5));
#1011 = DIRECTION('',(0.,0.,-1.));
#1012 = DIRECTION('',(1.,0.,0.));
#1013 = DEFINITIONAL_REPRESENTATION('',(#1014),#1018);
#1014 = LINE('',#1015,#1016);
#1015 = CARTESIAN_POINT('',(0.,-4.));
#1016 = VECTOR('',#1017,1.);
#1017 = DIRECTION('',(1.,0.));
#1018 = ( GEOMETRIC_REPRESENTATION_CONTEXT(2) 
PARAMETRIC_REPRESENTATION_CONTEXT() REPRESENTATION_CONTEXT('2D SPACE',''
  ) );
#1019 = ORIENTED_EDGE('',*,*,#1020,.T.);
#1020 = EDGE_CURVE('',#988,#1021,#1023,.T.);
#1021 = VERTEX_POINT('',#1022);
#1022 = CARTESIAN_POINT('',(-25.2,56.20518741682,-154.5));
#1023 = SURFACE_CURVE('',#1024,(#1028,#1035),.PCURVE_S1.);
#1024 = LINE('',#1025,#1026);
#1025 = CARTESIAN_POINT('',(-25.2,40.,-154.5));
#1026 = VECTOR('',#1027,1.);
#1027 = DIRECTION('',(2.192331126706E-16,1.,0.));
#1028 = PCURVE('',#100,#1029);
#1029 = DEFINITIONAL_REPRESENTATION('',(#1030),#1034);
#1030 = LINE('',#1031,#1032);
#1031 = CARTESIAN_POINT('',(-25.2,-136.));
#1032 = VECTOR('',#1033,1.);
#1033 = DIRECTION('',(2.192331126706E-16,1.));
#1034 = ( GEOMETRIC_REPRESENTATION_CONTEXT(2) 
PARAMETRIC_REPRESENTATION_CONTEXT() REPRESENTATION_CONTEXT('2D SPACE',''
  ) );
#1035 = PCURVE('',#1036,#1041);
#1036 = PLANE('',#1037);
#1037 = AXIS2_PLACEMENT_3D('',#1038,#1039,#1040);
#1038 = CARTESIAN_POINT('',(-25.2,40.,-158.5));
#1039 = DIRECTION('',(-1.,2.192331126706E-16,0.));
#1040 = DIRECTION('',(2.192331126706E-16,1.,0.));
#1041 = DEFINITIONAL_REPRESENTATION('',(#1042),#1046);
#1042 = LINE('',#1043,#1044);
#1043 = CARTESIAN_POINT('',(0.,-4.));
#1044 = VECTOR('',#1045,1.);
#1045 = DIRECTION('',(1.,0.));
#1046 = ( GEOMETRIC_REPRESENTATION_CONTEXT(2) 
PARAMETRIC_REPRESENTATION_CONTEXT() REPRESENTATION_CONTEXT('2D SPACE',''
  ) );
#1047 = ORIENTED_EDGE('',*,*,#1048,.T.);
#1048 = EDGE_CURVE('',#1021,#1049,#1051,.T.);
#1049 = VERTEX_POINT('',#1050);
#1050 = CARTESIAN_POINT('',(-28.98591549295,60.896843053435,-154.5));
#1051 = SURFACE_CURVE('',#1052,(#1057,#1064),.PCURVE_S1.);
#1052 = CIRCLE('',#1053,4.8);
#1053 = AXIS2_PLACEMENT_3D('',#1054,#1055,#1056);
#1054 = CARTESIAN_POINT('',(-30.,56.20518741682,-154.5));
#1055 = DIRECTION('',(0.,0.,1.));
#1056 = DIRECTION('',(1.,0.,-0.));
#1057 = PCURVE('',#100,#1058);
#1058 = DEFINITIONAL_REPRESENTATION('',(#1059),#1063);
#1059 = CIRCLE('',#1060,4.8);
#1060 = AXIS2_PLACEMENT_2D('',#1061,#1062);
#1061 = CARTESIAN_POINT('',(-30.,-119.7948125831));
#1062 = DIRECTION('',(1.,0.));
#1063 = ( GEOMETRIC_REPRESENTATION_CONTEXT(2) 
PARAMETRIC_REPRESENTATION_CONTEXT() REPRESENTATION_CONTEXT('2D SPACE',''
  ) );
#1064 = PCURVE('',#1065,#1070);
#1065 = CYLINDRICAL_SURFACE('',#1066,4.8);
#1066 = AXIS2_PLACEMENT_3D('',#1067,#1068,#1069);
#1067 = CARTESIAN_POINT('',(-30.,56.20518741682,-158.5));
#1068 = DIRECTION('',(-0.,-0.,-1.));
#1069 = DIRECTION('',(1.,0.,-0.));
#1070 = DEFINITIONAL_REPRESENTATION('',(#1071),#1075);
#1071 = LINE('',#1072,#1073);
#1072 = CARTESIAN_POINT('',(-0.,-4.));
#1073 = VECTOR('',#1074,1.);
#1074 = DIRECTION('',(-1.,0.));
#1075 = ( GEOMETRIC_REPRESENTATION_CONTEXT(2) 
PARAMETRIC_REPRESENTATION_CONTEXT() REPRESENTATION_CONTEXT('2D SPACE',''
  ) );
#1076 = ORIENTED_EDGE('',*,*,#1077,.T.);
#1077 = EDGE_CURVE('',#1049,#1078,#1080,.T.);
#1078 = VERTEX_POINT('',#1079);
#1079 = CARTESIAN_POINT('',(-137.2,195.,-154.5));
#1080 = SURFACE_CURVE('',#1081,(#1086,#1097),.PCURVE_S1.);
#1081 = CIRCLE('',#1082,137.2);
#1082 = AXIS2_PLACEMENT_3D('',#1083,#1084,#1085);
#1083 = CARTESIAN_POINT('',(4.263256414561E-14,195.,-154.5));
#1084 = DIRECTION('',(0.,0.,-1.));
#1085 = DIRECTION('',(-0.211267605634,-0.977428257628,-0.));
#1086 = PCURVE('',#100,#1087);
#1087 = DEFINITIONAL_REPRESENTATION('',(#1088),#1096);
#1088 = ( BOUNDED_CURVE() B_SPLINE_CURVE(2,(#1089,#1090,#1091,#1092,
#1093,#1094,#1095),.UNSPECIFIED.,.T.,.F.) B_SPLINE_CURVE_WITH_KNOTS((1,2
    ,2,2,2,1),(-2.094395102393,0.,2.094395102393,4.188790204786,
6.28318530718,8.377580409573),.UNSPECIFIED.) CURVE() 
GEOMETRIC_REPRESENTATION_ITEM() RATIONAL_B_SPLINE_CURVE((1.,0.5,1.,0.5,
1.,0.5,1.)) REPRESENTATION_ITEM('') );
#1089 = CARTESIAN_POINT('',(-28.98591549295,-115.1031569465));
#1090 = CARTESIAN_POINT('',(-261.2593967797,-64.89807860886));
#1091 = CARTESIAN_POINT('',(-101.6437828969,111.15411764213));
#1092 = CARTESIAN_POINT('',(57.971830985916,287.20631389313));
#1093 = CARTESIAN_POINT('',(130.62969838989,60.949039304432));
#1094 = CARTESIAN_POINT('',(203.28756579387,-165.3082352842));
#1095 = CARTESIAN_POINT('',(-28.98591549295,-115.1031569465));
#1096 = ( GEOMETRIC_REPRESENTATION_CONTEXT(2) 
PARAMETRIC_REPRESENTATION_CONTEXT() REPRESENTATION_CONTEXT('2D SPACE',''
  ) );
#1097 = PCURVE('',#1098,#1103);
#1098 = CYLINDRICAL_SURFACE('',#1099,137.2);
#1099 = AXIS2_PLACEMENT_3D('',#1100,#1101,#1102);
#1100 = CARTESIAN_POINT('',(4.263256414561E-14,195.,-158.5));
#1101 = DIRECTION('',(0.,0.,-1.));
#1102 = DIRECTION('',(-0.211267605634,-0.977428257628,-0.));
#1103 = DEFINITIONAL_REPRESENTATION('',(#1104),#1108);
#1104 = LINE('',#1105,#1106);
#1105 = CARTESIAN_POINT('',(0.,-4.));
#1106 = VECTOR('',#1107,1.);
#1107 = DIRECTION('',(1.,0.));
#1108 = ( GEOMETRIC_REPRESENTATION_CONTEXT(2) 
PARAMETRIC_REPRESENTATION_CONTEXT() REPRESENTATION_CONTEXT('2D SPACE',''
  ) );
#1109 = ORIENTED_EDGE('',*,*,#1110,.T.);
#1110 = EDGE_CURVE('',#1078,#1111,#1113,.T.);
#1111 = VERTEX_POINT('',#1112);
#1112 = CARTESIAN_POINT('',(-137.2,347.7045441137,-154.5));
#1113 = SURFACE_CURVE('',#1114,(#1118,#1125),.PCURVE_S1.);
#1114 = LINE('',#1115,#1116);
#1115 = CARTESIAN_POINT('',(-137.2,195.,-154.5));
#1116 = VECTOR('',#1117,1.);
#1117 = DIRECTION('',(0.,1.,0.));
#1118 = PCURVE('',#100,#1119);
#1119 = DEFINITIONAL_REPRESENTATION('',(#1120),#1124);
#1120 = LINE('',#1121,#1122);
#1121 = CARTESIAN_POINT('',(-137.2,19.));
#1122 = VECTOR('',#1123,1.);
#1123 = DIRECTION('',(0.,1.));
#1124 = ( GEOMETRIC_REPRESENTATION_CONTEXT(2) 
PARAMETRIC_REPRESENTATION_CONTEXT() REPRESENTATION_CONTEXT('2D SPACE',''
  ) );
#1125 = PCURVE('',#1126,#1131);
#1126 = PLANE('',#1127);
#1127 = AXIS2_PLACEMENT_3D('',#1128,#1129,#1130);
#1128 = CARTESIAN_POINT('',(-137.2,195.,-158.5));
#1129 = DIRECTION('',(-1.,0.,0.));
#1130 = DIRECTION('',(0.,1.,0.));
#1131 = DEFINITIONAL_REPRESENTATION('',(#1132),#1136);
#1132 = LINE('',#1133,#1134);
#1133 = CARTESIAN_POINT('',(0.,-4.));
#1134 = VECTOR('',#1135,1.);
#1135 = DIRECTION('',(1.,0.));
#1136 = ( GEOMETRIC_REPRESENTATION_CONTEXT(2) 
PARAMETRIC_REPRESENTATION_CONTEXT() REPRESENTATION_CONTEXT('2D SPACE',''
  ) );
#1137 = ORIENTED_EDGE('',*,*,#1138,.T.);
#1138 = EDGE_CURVE('',#1111,#1139,#1141,.T.);
#1139 = VERTEX_POINT('',#1140);
#1140 = CARTESIAN_POINT('',(-140.,340.,-154.5));
#1141 = SURFACE_CURVE('',#1142,(#1147,#1154),.PCURVE_S1.);
#1142 = CIRCLE('',#1143,12.);
#1143 = AXIS2_PLACEMENT_3D('',#1144,#1145,#1146);
#1144 = CARTESIAN_POINT('',(-128.,340.,-154.5));
#1145 = DIRECTION('',(0.,0.,1.));
#1146 = DIRECTION('',(0.,-1.,0.));
#1147 = PCURVE('',#100,#1148);
#1148 = DEFINITIONAL_REPRESENTATION('',(#1149),#1153);
#1149 = CIRCLE('',#1150,12.);
#1150 = AXIS2_PLACEMENT_2D('',#1151,#1152);
#1151 = CARTESIAN_POINT('',(-128.,164.));
#1152 = DIRECTION('',(0.,-1.));
#1153 = ( GEOMETRIC_REPRESENTATION_CONTEXT(2) 
PARAMETRIC_REPRESENTATION_CONTEXT() REPRESENTATION_CONTEXT('2D SPACE',''
  ) );
#1154 = PCURVE('',#211,#1155);
#1155 = DEFINITIONAL_REPRESENTATION('',(#1156),#1160);
#1156 = LINE('',#1157,#1158);
#1157 = CARTESIAN_POINT('',(-3.14159265359,8.));
#1158 = VECTOR('',#1159,1.);
#1159 = DIRECTION('',(1.,0.));
#1160 = ( GEOMETRIC_REPRESENTATION_CONTEXT(2) 
PARAMETRIC_REPRESENTATION_CONTEXT() REPRESENTATION_CONTEXT('2D SPACE',''
  ) );
#1161 = ORIENTED_EDGE('',*,*,#1162,.T.);
#1162 = EDGE_CURVE('',#1139,#1163,#1165,.T.);
#1163 = VERTEX_POINT('',#1164);
#1164 = CARTESIAN_POINT('',(-140.,0.,-154.5));
#1165 = SURFACE_CURVE('',#1166,(#1170,#1177),.PCURVE_S1.);
#1166 = LINE('',#1167,#1168);
#1167 = CARTESIAN_POINT('',(-140.,352.,-154.5));
#1168 = VECTOR('',#1169,1.);
#1169 = DIRECTION('',(0.,-1.,0.));
#1170 = PCURVE('',#100,#1171);
#1171 = DEFINITIONAL_REPRESENTATION('',(#1172),#1176);
#1172 = LINE('',#1173,#1174);
#1173 = CARTESIAN_POINT('',(-140.,176.));
#1174 = VECTOR('',#1175,1.);
#1175 = DIRECTION('',(0.,-1.));
#1176 = ( GEOMETRIC_REPRESENTATION_CONTEXT(2) 
PARAMETRIC_REPRESENTATION_CONTEXT() REPRESENTATION_CONTEXT('2D SPACE',''
  ) );
#1177 = PCURVE('',#239,#1178);
#1178 = DEFINITIONAL_REPRESENTATION('',(#1179),#1183);
#1179 = LINE('',#1180,#1181);
#1180 = CARTESIAN_POINT('',(0.,-8.));
#1181 = VECTOR('',#1182,1.);
#1182 = DIRECTION('',(1.,0.));
#1183 = ( GEOMETRIC_REPRESENTATION_CONTEXT(2) 
PARAMETRIC_REPRESENTATION_CONTEXT() REPRESENTATION_CONTEXT('2D SPACE',''
  ) );
#1184 = ORIENTED_EDGE('',*,*,#1185,.T.);
#1185 = EDGE_CURVE('',#1163,#1186,#1188,.T.);
#1186 = VERTEX_POINT('',#1187);
#1187 = CARTESIAN_POINT('',(-106.,0.,-154.5));
#1188 = SURFACE_CURVE('',#1189,(#1193,#1200),.PCURVE_S1.);
#1189 = LINE('',#1190,#1191);
#1190 = CARTESIAN_POINT('',(-140.,0.,-154.5));
#1191 = VECTOR('',#1192,1.);
#1192 = DIRECTION('',(1.,0.,0.));
#1193 = PCURVE('',#100,#1194);
#1194 = DEFINITIONAL_REPRESENTATION('',(#1195),#1199);
#1195 = LINE('',#1196,#1197);
#1196 = CARTESIAN_POINT('',(-140.,-176.));
#1197 = VECTOR('',#1198,1.);
#1198 = DIRECTION('',(1.,0.));
#1199 = ( GEOMETRIC_REPRESENTATION_CONTEXT(2) 
PARAMETRIC_REPRESENTATION_CONTEXT() REPRESENTATION_CONTEXT('2D SPACE',''
  ) );
#1200 = PCURVE('',#267,#1201);
#1201 = DEFINITIONAL_REPRESENTATION('',(#1202),#1206);
#1202 = LINE('',#1203,#1204);
#1203 = CARTESIAN_POINT('',(0.,-8.));
#1204 = VECTOR('',#1205,1.);
#1205 = DIRECTION('',(1.,0.));
#1206 = ( GEOMETRIC_REPRESENTATION_CONTEXT(2) 
PARAMETRIC_REPRESENTATION_CONTEXT() REPRESENTATION_CONTEXT('2D SPACE',''
  ) );
#1207 = ORIENTED_EDGE('',*,*,#1208,.T.);
#1208 = EDGE_CURVE('',#1186,#1209,#1211,.T.);
#1209 = VERTEX_POINT('',#1210);
#1210 = CARTESIAN_POINT('',(-106.,6.,-154.5));
#1211 = SURFACE_CURVE('',#1212,(#1216,#1222),.PCURVE_S1.);
#1212 = LINE('',#1213,#1214);
#1213 = CARTESIAN_POINT('',(-106.,87.5,-154.5));
#1214 = VECTOR('',#1215,1.);
#1215 = DIRECTION('',(0.,1.,0.));
#1216 = PCURVE('',#100,#1217);
#1217 = DEFINITIONAL_REPRESENTATION('',(#1218),#1221);
#1218 = B_SPLINE_CURVE_WITH_KNOTS('',1,(#1219,#1220),.UNSPECIFIED.,.F.,
  .F.,(2,2),(-87.5,-81.5),.PIECEWISE_BEZIER_KNOTS.);
#1219 = CARTESIAN_POINT('',(-106.,-176.));
#1220 = CARTESIAN_POINT('',(-106.,-170.));
#1221 = ( GEOMETRIC_REPRESENTATION_CONTEXT(2) 
PARAMETRIC_REPRESENTATION_CONTEXT() REPRESENTATION_CONTEXT('2D SPACE',''
  ) );
#1222 = PCURVE('',#294,#1223);
#1223 = DEFINITIONAL_REPRESENTATION('',(#1224),#1227);
#1224 = B_SPLINE_CURVE_WITH_KNOTS('',1,(#1225,#1226),.UNSPECIFIED.,.F.,
  .F.,(2,2),(-87.5,-81.5),.PIECEWISE_BEZIER_KNOTS.);
#1225 = CARTESIAN_POINT('',(9.,-1.));
#1226 = CARTESIAN_POINT('',(9.,-7.));
#1227 = ( GEOMETRIC_REPRESENTATION_CONTEXT(2) 
PARAMETRIC_REPRESENTATION_CONTEXT() REPRESENTATION_CONTEXT('2D SPACE',''
  ) );
#1228 = ORIENTED_EDGE('',*,*,#1229,.F.);
#1229 = EDGE_CURVE('',#1230,#1209,#1232,.T.);
#1230 = VERTEX_POINT('',#1231);
#1231 = CARTESIAN_POINT('',(106.,6.,-154.5));
#1232 = SURFACE_CURVE('',#1233,(#1237,#1243),.PCURVE_S1.);
#1233 = LINE('',#1234,#1235);
#1234 = CARTESIAN_POINT('',(-53.,6.,-154.5));
#1235 = VECTOR('',#1236,1.);
#1236 = DIRECTION('',(-1.,0.,0.));
#1237 = PCURVE('',#100,#1238);
#1238 = DEFINITIONAL_REPRESENTATION('',(#1239),#1242);
#1239 = B_SPLINE_CURVE_WITH_KNOTS('',1,(#1240,#1241),.UNSPECIFIED.,.F.,
  .F.,(2,2),(-159.,53.),.PIECEWISE_BEZIER_KNOTS.);
#1240 = CARTESIAN_POINT('',(106.,-170.));
#1241 = CARTESIAN_POINT('',(-106.,-170.));
#1242 = ( GEOMETRIC_REPRESENTATION_CONTEXT(2) 
PARAMETRIC_REPRESENTATION_CONTEXT() REPRESENTATION_CONTEXT('2D SPACE',''
  ) );
#1243 = PCURVE('',#320,#1244);
#1244 = DEFINITIONAL_REPRESENTATION('',(#1245),#1248);
#1245 = B_SPLINE_CURVE_WITH_KNOTS('',1,(#1246,#1247),.UNSPECIFIED.,.F.,
  .F.,(2,2),(-159.,53.),.PIECEWISE_BEZIER_KNOTS.);
#1246 = CARTESIAN_POINT('',(9.,212.));
#1247 = CARTESIAN_POINT('',(9.,0.));
#1248 = ( GEOMETRIC_REPRESENTATION_CONTEXT(2) 
PARAMETRIC_REPRESENTATION_CONTEXT() REPRESENTATION_CONTEXT('2D SPACE',''
  ) );
#1249 = ORIENTED_EDGE('',*,*,#1250,.F.);
#1250 = EDGE_CURVE('',#827,#1230,#1251,.T.);
#1251 = SURFACE_CURVE('',#1252,(#1256,#1262),.PCURVE_S1.);
#1252 = LINE('',#1253,#1254);
#1253 = CARTESIAN_POINT('',(106.,87.5,-154.5));
#1254 = VECTOR('',#1255,1.);
#1255 = DIRECTION('',(0.,1.,0.));
#1256 = PCURVE('',#100,#1257);
#1257 = DEFINITIONAL_REPRESENTATION('',(#1258),#1261);
#1258 = B_SPLINE_CURVE_WITH_KNOTS('',1,(#1259,#1260),.UNSPECIFIED.,.F.,
  .F.,(2,2),(-87.5,-81.5),.PIECEWISE_BEZIER_KNOTS.);
#1259 = CARTESIAN_POINT('',(106.,-176.));
#1260 = CARTESIAN_POINT('',(106.,-170.));
#1261 = ( GEOMETRIC_REPRESENTATION_CONTEXT(2) 
PARAMETRIC_REPRESENTATION_CONTEXT() REPRESENTATION_CONTEXT('2D SPACE',''
  ) );
#1262 = PCURVE('',#346,#1263);
#1263 = DEFINITIONAL_REPRESENTATION('',(#1264),#1267);
#1264 = B_SPLINE_CURVE_WITH_KNOTS('',1,(#1265,#1266),.UNSPECIFIED.,.F.,
  .F.,(2,2),(-87.5,-81.5),.PIECEWISE_BEZIER_KNOTS.);
#1265 = CARTESIAN_POINT('',(9.,-1.));
#1266 = CARTESIAN_POINT('',(9.,-7.));
#1267 = ( GEOMETRIC_REPRESENTATION_CONTEXT(2) 
PARAMETRIC_REPRESENTATION_CONTEXT() REPRESENTATION_CONTEXT('2D SPACE',''
  ) );
#1268 = ORIENTED_EDGE('',*,*,#847,.T.);
#1269 = FACE_BOUND('',#1270,.T.);
#1270 = EDGE_LOOP('',(#1271));
#1271 = ORIENTED_EDGE('',*,*,#1272,.T.);
#1272 = EDGE_CURVE('',#1273,#1273,#1275,.T.);
#1273 = VERTEX_POINT('',#1274);
#1274 = CARTESIAN_POINT('',(-86.75,20.,-154.5));
#1275 = SURFACE_CURVE('',#1276,(#1281,#1292),.PCURVE_S1.);
#1276 = CIRCLE('',#1277,3.25);
#1277 = AXIS2_PLACEMENT_3D('',#1278,#1279,#1280);
#1278 = CARTESIAN_POINT('',(-90.,20.,-154.5));
#1279 = DIRECTION('',(0.,0.,-1.));
#1280 = DIRECTION('',(1.,0.,0.));
#1281 = PCURVE('',#100,#1282);
#1282 = DEFINITIONAL_REPRESENTATION('',(#1283),#1291);
#1283 = ( BOUNDED_CURVE() B_SPLINE_CURVE(2,(#1284,#1285,#1286,#1287,
#1288,#1289,#1290),.UNSPECIFIED.,.T.,.F.) B_SPLINE_CURVE_WITH_KNOTS((1,2
    ,2,2,2,1),(-2.094395102393,0.,2.094395102393,4.188790204786,
6.28318530718,8.377580409573),.UNSPECIFIED.) CURVE() 
GEOMETRIC_REPRESENTATION_ITEM() RATIONAL_B_SPLINE_CURVE((1.,0.5,1.,0.5,
1.,0.5,1.)) REPRESENTATION_ITEM('') );
#1284 = CARTESIAN_POINT('',(-86.75,-156.));
#1285 = CARTESIAN_POINT('',(-86.75,-161.6291651245));
#1286 = CARTESIAN_POINT('',(-91.625,-158.8145825622));
#1287 = CARTESIAN_POINT('',(-96.5,-156.));
#1288 = CARTESIAN_POINT('',(-91.625,-153.1854174377));
#1289 = CARTESIAN_POINT('',(-86.75,-150.3708348754));
#1290 = CARTESIAN_POINT('',(-86.75,-156.));
#1291 = ( GEOMETRIC_REPRESENTATION_CONTEXT(2) 
PARAMETRIC_REPRESENTATION_CONTEXT() REPRESENTATION_CONTEXT('2D SPACE',''
  ) );
#1292 = PCURVE('',#401,#1293);
#1293 = DEFINITIONAL_REPRESENTATION('',(#1294),#1298);
#1294 = LINE('',#1295,#1296);
#1295 = CARTESIAN_POINT('',(-6.28318530718,-9.));
#1296 = VECTOR('',#1297,1.);
#1297 = DIRECTION('',(1.,-0.));
#1298 = ( GEOMETRIC_REPRESENTATION_CONTEXT(2) 
PARAMETRIC_REPRESENTATION_CONTEXT() REPRESENTATION_CONTEXT('2D SPACE',''
  ) );
#1299 = FACE_BOUND('',#1300,.T.);
#1300 = EDGE_LOOP('',(#1301));
#1301 = ORIENTED_EDGE('',*,*,#1302,.T.);
#1302 = EDGE_CURVE('',#1303,#1303,#1305,.T.);
#1303 = VERTEX_POINT('',#1304);
#1304 = CARTESIAN_POINT('',(93.25,20.,-154.5));
#1305 = SURFACE_CURVE('',#1306,(#1311,#1322),.PCURVE_S1.);
#1306 = CIRCLE('',#1307,3.25);
#1307 = AXIS2_PLACEMENT_3D('',#1308,#1309,#1310);
#1308 = CARTESIAN_POINT('',(90.,20.,-154.5));
#1309 = DIRECTION('',(0.,0.,-1.));
#1310 = DIRECTION('',(1.,0.,0.));
#1311 = PCURVE('',#100,#1312);
#1312 = DEFINITIONAL_REPRESENTATION('',(#1313),#1321);
#1313 = ( BOUNDED_CURVE() B_SPLINE_CURVE(2,(#1314,#1315,#1316,#1317,
#1318,#1319,#1320),.UNSPECIFIED.,.T.,.F.) B_SPLINE_CURVE_WITH_KNOTS((1,2
    ,2,2,2,1),(-2.094395102393,0.,2.094395102393,4.188790204786,
6.28318530718,8.377580409573),.UNSPECIFIED.) CURVE() 
GEOMETRIC_REPRESENTATION_ITEM() RATIONAL_B_SPLINE_CURVE((1.,0.5,1.,0.5,
1.,0.5,1.)) REPRESENTATION_ITEM('') );
#1314 = CARTESIAN_POINT('',(93.25,-156.));
#1315 = CARTESIAN_POINT('',(93.25,-161.6291651245));
#1316 = CARTESIAN_POINT('',(88.375,-158.8145825622));
#1317 = CARTESIAN_POINT('',(83.5,-156.));
#1318 = CARTESIAN_POINT('',(88.375,-153.1854174377));
#1319 = CARTESIAN_POINT('',(93.25,-150.3708348754));
#1320 = CARTESIAN_POINT('',(93.25,-156.));
#1321 = ( GEOMETRIC_REPRESENTATION_CONTEXT(2) 
PARAMETRIC_REPRESENTATION_CONTEXT() REPRESENTATION_CONTEXT('2D SPACE',''
  ) );
#1322 = PCURVE('',#506,#1323);
#1323 = DEFINITIONAL_REPRESENTATION('',(#1324),#1328);
#1324 = LINE('',#1325,#1326);
#1325 = CARTESIAN_POINT('',(-6.28318530718,-9.));
#1326 = VECTOR('',#1327,1.);
#1327 = DIRECTION('',(1.,-0.));
#1328 = ( GEOMETRIC_REPRESENTATION_CONTEXT(2) 
PARAMETRIC_REPRESENTATION_CONTEXT() REPRESENTATION_CONTEXT('2D SPACE',''
  ) );
#1329 = FACE_BOUND('',#1330,.T.);
#1330 = EDGE_LOOP('',(#1331));
#1331 = ORIENTED_EDGE('',*,*,#1332,.T.);
#1332 = EDGE_CURVE('',#1333,#1333,#1335,.T.);
#1333 = VERTEX_POINT('',#1334);
#1334 = CARTESIAN_POINT('',(-119.9,70.,-154.5));
#1335 = SURFACE_CURVE('',#1336,(#1341,#1352),.PCURVE_S1.);
#1336 = CIRCLE('',#1337,5.1);
#1337 = AXIS2_PLACEMENT_3D('',#1338,#1339,#1340);
#1338 = CARTESIAN_POINT('',(-125.,70.,-154.5));
#1339 = DIRECTION('',(0.,0.,-1.));
#1340 = DIRECTION('',(1.,0.,0.));
#1341 = PCURVE('',#100,#1342);
#1342 = DEFINITIONAL_REPRESENTATION('',(#1343),#1351);
#1343 = ( BOUNDED_CURVE() B_SPLINE_CURVE(2,(#1344,#1345,#1346,#1347,
#1348,#1349,#1350),.UNSPECIFIED.,.T.,.F.) B_SPLINE_CURVE_WITH_KNOTS((1,2
    ,2,2,2,1),(-2.094395102393,0.,2.094395102393,4.188790204786,
6.28318530718,8.377580409573),.UNSPECIFIED.) CURVE() 
GEOMETRIC_REPRESENTATION_ITEM() RATIONAL_B_SPLINE_CURVE((1.,0.5,1.,0.5,
1.,0.5,1.)) REPRESENTATION_ITEM('') );
#1344 = CARTESIAN_POINT('',(-119.9,-106.));
#1345 = CARTESIAN_POINT('',(-119.9,-114.8334591186));
#1346 = CARTESIAN_POINT('',(-127.55,-110.4167295593));
#1347 = CARTESIAN_POINT('',(-135.2,-106.));
#1348 = CARTESIAN_POINT('',(-127.55,-101.5832704406));
#1349 = CARTESIAN_POINT('',(-119.9,-97.16654088139));
#1350 = CARTESIAN_POINT('',(-119.9,-106.));
#1351 = ( GEOMETRIC_REPRESENTATION_CONTEXT(2) 
PARAMETRIC_REPRESENTATION_CONTEXT() REPRESENTATION_CONTEXT('2D SPACE',''
  ) );
#1352 = PCURVE('',#436,#1353);
#1353 = DEFINITIONAL_REPRESENTATION('',(#1354),#1358);
#1354 = LINE('',#1355,#1356);
#1355 = CARTESIAN_POINT('',(-6.28318530718,-9.));
#1356 = VECTOR('',#1357,1.);
#1357 = DIRECTION('',(1.,-0.));
#1358 = ( GEOMETRIC_REPRESENTATION_CONTEXT(2) 
PARAMETRIC_REPRESENTATION_CONTEXT() REPRESENTATION_CONTEXT('2D SPACE',''
  ) );
#1359 = FACE_BOUND('',#1360,.T.);
#1360 = EDGE_LOOP('',(#1361));
#1361 = ORIENTED_EDGE('',*,*,#1362,.T.);
#1362 = EDGE_CURVE('',#1363,#1363,#1365,.T.);
#1363 = VERTEX_POINT('',#1364);
#1364 = CARTESIAN_POINT('',(130.1,70.,-154.5));
#1365 = SURFACE_CURVE('',#1366,(#1371,#1382),.PCURVE_S1.);
#1366 = CIRCLE('',#1367,5.1);
#1367 = AXIS2_PLACEMENT_3D('',#1368,#1369,#1370);
#1368 = CARTESIAN_POINT('',(125.,70.,-154.5));
#1369 = DIRECTION('',(0.,0.,-1.));
#1370 = DIRECTION('',(1.,0.,0.));
#1371 = PCURVE('',#100,#1372);
#1372 = DEFINITIONAL_REPRESENTATION('',(#1373),#1381);
#1373 = ( BOUNDED_CURVE() B_SPLINE_CURVE(2,(#1374,#1375,#1376,#1377,
#1378,#1379,#1380),.UNSPECIFIED.,.T.,.F.) B_SPLINE_CURVE_WITH_KNOTS((1,2
    ,2,2,2,1),(-2.094395102393,0.,2.094395102393,4.188790204786,
6.28318530718,8.377580409573),.UNSPECIFIED.) CURVE() 
GEOMETRIC_REPRESENTATION_ITEM() RATIONAL_B_SPLINE_CURVE((1.,0.5,1.,0.5,
1.,0.5,1.)) REPRESENTATION_ITEM('') );
#1374 = CARTESIAN_POINT('',(130.1,-106.));
#1375 = CARTESIAN_POINT('',(130.1,-114.8334591186));
#1376 = CARTESIAN_POINT('',(122.45,-110.4167295593));
#1377 = CARTESIAN_POINT('',(114.8,-106.));
#1378 = CARTESIAN_POINT('',(122.45,-101.5832704406));
#1379 = CARTESIAN_POINT('',(130.1,-97.16654088139));
#1380 = CARTESIAN_POINT('',(130.1,-106.));
#1381 = ( GEOMETRIC_REPRESENTATION_CONTEXT(2) 
PARAMETRIC_REPRESENTATION_CONTEXT() REPRESENTATION_CONTEXT('2D SPACE',''
  ) );
#1382 = PCURVE('',#541,#1383);
#1383 = DEFINITIONAL_REPRESENTATION('',(#1384),#1388);
#1384 = LINE('',#1385,#1386);
#1385 = CARTESIAN_POINT('',(-6.28318530718,-9.));
#1386 = VECTOR('',#1387,1.);
#1387 = DIRECTION('',(1.,-0.));
#1388 = ( GEOMETRIC_REPRESENTATION_CONTEXT(2) 
PARAMETRIC_REPRESENTATION_CONTEXT() REPRESENTATION_CONTEXT('2D SPACE',''
  ) );
#1389 = ADVANCED_FACE('',(#1390),#182,.F.);
#1390 = FACE_BOUND('',#1391,.F.);
#1391 = EDGE_LOOP('',(#1392,#1393,#1394,#1417));
#1392 = ORIENTED_EDGE('',*,*,#166,.F.);
#1393 = ORIENTED_EDGE('',*,*,#663,.T.);
#1394 = ORIENTED_EDGE('',*,*,#1395,.T.);
#1395 = EDGE_CURVE('',#664,#1396,#1398,.T.);
#1396 = VERTEX_POINT('',#1397);
#1397 = CARTESIAN_POINT('',(-128.,352.,-154.5));
#1398 = SURFACE_CURVE('',#1399,(#1403,#1410),.PCURVE_S1.);
#1399 = LINE('',#1400,#1401);
#1400 = CARTESIAN_POINT('',(140.,352.,-154.5));
#1401 = VECTOR('',#1402,1.);
#1402 = DIRECTION('',(-1.,0.,0.));
#1403 = PCURVE('',#182,#1404);
#1404 = DEFINITIONAL_REPRESENTATION('',(#1405),#1409);
#1405 = LINE('',#1406,#1407);
#1406 = CARTESIAN_POINT('',(0.,-8.));
#1407 = VECTOR('',#1408,1.);
#1408 = DIRECTION('',(1.,0.));
#1409 = ( GEOMETRIC_REPRESENTATION_CONTEXT(2) 
PARAMETRIC_REPRESENTATION_CONTEXT() REPRESENTATION_CONTEXT('2D SPACE',''
  ) );
#1410 = PCURVE('',#703,#1411);
#1411 = DEFINITIONAL_REPRESENTATION('',(#1412),#1416);
#1412 = LINE('',#1413,#1414);
#1413 = CARTESIAN_POINT('',(140.,176.));
#1414 = VECTOR('',#1415,1.);
#1415 = DIRECTION('',(-1.,0.));
#1416 = ( GEOMETRIC_REPRESENTATION_CONTEXT(2) 
PARAMETRIC_REPRESENTATION_CONTEXT() REPRESENTATION_CONTEXT('2D SPACE',''
  ) );
#1417 = ORIENTED_EDGE('',*,*,#1418,.F.);
#1418 = EDGE_CURVE('',#167,#1396,#1419,.T.);
#1419 = SURFACE_CURVE('',#1420,(#1424,#1431),.PCURVE_S1.);
#1420 = LINE('',#1421,#1422);
#1421 = CARTESIAN_POINT('',(-128.,352.,-162.5));
#1422 = VECTOR('',#1423,1.);
#1423 = DIRECTION('',(0.,0.,1.));
#1424 = PCURVE('',#182,#1425);
#1425 = DEFINITIONAL_REPRESENTATION('',(#1426),#1430);
#1426 = LINE('',#1427,#1428);
#1427 = CARTESIAN_POINT('',(268.,0.));
#1428 = VECTOR('',#1429,1.);
#1429 = DIRECTION('',(0.,-1.));
#1430 = ( GEOMETRIC_REPRESENTATION_CONTEXT(2) 
PARAMETRIC_REPRESENTATION_CONTEXT() REPRESENTATION_CONTEXT('2D SPACE',''
  ) );
#1431 = PCURVE('',#211,#1432);
#1432 = DEFINITIONAL_REPRESENTATION('',(#1433),#1437);
#1433 = LINE('',#1434,#1435);
#1434 = CARTESIAN_POINT('',(0.,0.));
#1435 = VECTOR('',#1436,1.);
#1436 = DIRECTION('',(0.,1.));
#1437 = ( GEOMETRIC_REPRESENTATION_CONTEXT(2) 
PARAMETRIC_REPRESENTATION_CONTEXT() REPRESENTATION_CONTEXT('2D SPACE',''
  ) );
#1438 = ADVANCED_FACE('',(#1439),#346,.F.);
#1439 = FACE_BOUND('',#1440,.F.);
#1440 = EDGE_LOOP('',(#1441,#1462,#1463,#1464));
#1441 = ORIENTED_EDGE('',*,*,#1442,.T.);
#1442 = EDGE_CURVE('',#306,#1230,#1443,.T.);
#1443 = SURFACE_CURVE('',#1444,(#1448,#1455),.PCURVE_S1.);
#1444 = LINE('',#1445,#1446);
#1445 = CARTESIAN_POINT('',(106.,6.,-163.5));
#1446 = VECTOR('',#1447,1.);
#1447 = DIRECTION('',(0.,0.,1.));
#1448 = PCURVE('',#346,#1449);
#1449 = DEFINITIONAL_REPRESENTATION('',(#1450),#1454);
#1450 = LINE('',#1451,#1452);
#1451 = CARTESIAN_POINT('',(0.,-7.));
#1452 = VECTOR('',#1453,1.);
#1453 = DIRECTION('',(1.,0.));
#1454 = ( GEOMETRIC_REPRESENTATION_CONTEXT(2) 
PARAMETRIC_REPRESENTATION_CONTEXT() REPRESENTATION_CONTEXT('2D SPACE',''
  ) );
#1455 = PCURVE('',#320,#1456);
#1456 = DEFINITIONAL_REPRESENTATION('',(#1457),#1461);
#1457 = LINE('',#1458,#1459);
#1458 = CARTESIAN_POINT('',(0.,212.));
#1459 = VECTOR('',#1460,1.);
#1460 = DIRECTION('',(1.,0.));
#1461 = ( GEOMETRIC_REPRESENTATION_CONTEXT(2) 
PARAMETRIC_REPRESENTATION_CONTEXT() REPRESENTATION_CONTEXT('2D SPACE',''
  ) );
#1462 = ORIENTED_EDGE('',*,*,#1250,.F.);
#1463 = ORIENTED_EDGE('',*,*,#826,.T.);
#1464 = ORIENTED_EDGE('',*,*,#331,.T.);
#1465 = ADVANCED_FACE('',(#1466),#211,.T.);
#1466 = FACE_BOUND('',#1467,.T.);
#1467 = EDGE_LOOP('',(#1468,#1469,#1470,#1491,#1492,#1513,#1541,#1567));
#1468 = ORIENTED_EDGE('',*,*,#1418,.F.);
#1469 = ORIENTED_EDGE('',*,*,#194,.T.);
#1470 = ORIENTED_EDGE('',*,*,#1471,.T.);
#1471 = EDGE_CURVE('',#195,#1139,#1472,.T.);
#1472 = SURFACE_CURVE('',#1473,(#1477,#1484),.PCURVE_S1.);
#1473 = LINE('',#1474,#1475);
#1474 = CARTESIAN_POINT('',(-140.,340.,-162.5));
#1475 = VECTOR('',#1476,1.);
#1476 = DIRECTION('',(0.,0.,1.));
#1477 = PCURVE('',#211,#1478);
#1478 = DEFINITIONAL_REPRESENTATION('',(#1479),#1483);
#1479 = LINE('',#1480,#1481);
#1480 = CARTESIAN_POINT('',(1.570796326795,0.));
#1481 = VECTOR('',#1482,1.);
#1482 = DIRECTION('',(0.,1.));
#1483 = ( GEOMETRIC_REPRESENTATION_CONTEXT(2) 
PARAMETRIC_REPRESENTATION_CONTEXT() REPRESENTATION_CONTEXT('2D SPACE',''
  ) );
#1484 = PCURVE('',#239,#1485);
#1485 = DEFINITIONAL_REPRESENTATION('',(#1486),#1490);
#1486 = LINE('',#1487,#1488);
#1487 = CARTESIAN_POINT('',(12.,0.));
#1488 = VECTOR('',#1489,1.);
#1489 = DIRECTION('',(0.,-1.));
#1490 = ( GEOMETRIC_REPRESENTATION_CONTEXT(2) 
PARAMETRIC_REPRESENTATION_CONTEXT() REPRESENTATION_CONTEXT('2D SPACE',''
  ) );
#1491 = ORIENTED_EDGE('',*,*,#1138,.F.);
#1492 = ORIENTED_EDGE('',*,*,#1493,.F.);
#1493 = EDGE_CURVE('',#1494,#1111,#1496,.T.);
#1494 = VERTEX_POINT('',#1495);
#1495 = CARTESIAN_POINT('',(-137.2,347.7045441137,-158.5));
#1496 = SURFACE_CURVE('',#1497,(#1501,#1507),.PCURVE_S1.);
#1497 = LINE('',#1498,#1499);
#1498 = CARTESIAN_POINT('',(-137.2,347.7045441137,-162.5));
#1499 = VECTOR('',#1500,1.);
#1500 = DIRECTION('',(0.,0.,1.));
#1501 = PCURVE('',#211,#1502);
#1502 = DEFINITIONAL_REPRESENTATION('',(#1503),#1506);
#1503 = B_SPLINE_CURVE_WITH_KNOTS('',1,(#1504,#1505),.UNSPECIFIED.,.F.,
  .F.,(2,2),(3.6,8.0000006),.PIECEWISE_BEZIER_KNOTS.);
#1504 = CARTESIAN_POINT('',(0.873633193153,3.6));
#1505 = CARTESIAN_POINT('',(0.873633193153,8.0000006));
#1506 = ( GEOMETRIC_REPRESENTATION_CONTEXT(2) 
PARAMETRIC_REPRESENTATION_CONTEXT() REPRESENTATION_CONTEXT('2D SPACE',''
  ) );
#1507 = PCURVE('',#1126,#1508);
#1508 = DEFINITIONAL_REPRESENTATION('',(#1509),#1512);
#1509 = B_SPLINE_CURVE_WITH_KNOTS('',1,(#1510,#1511),.UNSPECIFIED.,.F.,
  .F.,(2,2),(3.6,8.0000006),.PIECEWISE_BEZIER_KNOTS.);
#1510 = CARTESIAN_POINT('',(152.7045441137,0.4));
#1511 = CARTESIAN_POINT('',(152.7045441137,-4.0000006));
#1512 = ( GEOMETRIC_REPRESENTATION_CONTEXT(2) 
PARAMETRIC_REPRESENTATION_CONTEXT() REPRESENTATION_CONTEXT('2D SPACE',''
  ) );
#1513 = ORIENTED_EDGE('',*,*,#1514,.F.);
#1514 = EDGE_CURVE('',#1515,#1494,#1517,.T.);
#1515 = VERTEX_POINT('',#1516);
#1516 = CARTESIAN_POINT('',(-133.8,350.50523678933,-158.5));
#1517 = SURFACE_CURVE('',#1518,(#1523,#1530),.PCURVE_S1.);
#1518 = CIRCLE('',#1519,12.);
#1519 = AXIS2_PLACEMENT_3D('',#1520,#1521,#1522);
#1520 = CARTESIAN_POINT('',(-128.,340.,-158.5));
#1521 = DIRECTION('',(0.,0.,1.));
#1522 = DIRECTION('',(-0.,1.,0.));
#1523 = PCURVE('',#211,#1524);
#1524 = DEFINITIONAL_REPRESENTATION('',(#1525),#1529);
#1525 = LINE('',#1526,#1527);
#1526 = CARTESIAN_POINT('',(0.,4.));
#1527 = VECTOR('',#1528,1.);
#1528 = DIRECTION('',(1.,0.));
#1529 = ( GEOMETRIC_REPRESENTATION_CONTEXT(2) 
PARAMETRIC_REPRESENTATION_CONTEXT() REPRESENTATION_CONTEXT('2D SPACE',''
  ) );
#1530 = PCURVE('',#758,#1531);
#1531 = DEFINITIONAL_REPRESENTATION('',(#1532),#1540);
#1532 = ( BOUNDED_CURVE() B_SPLINE_CURVE(2,(#1533,#1534,#1535,#1536,
#1537,#1538,#1539),.UNSPECIFIED.,.T.,.F.) B_SPLINE_CURVE_WITH_KNOTS((1,2
    ,2,2,2,1),(-2.094395102393,0.,2.094395102393,4.188790204786,
6.28318530718,8.377580409573),.UNSPECIFIED.) CURVE() 
GEOMETRIC_REPRESENTATION_ITEM() RATIONAL_B_SPLINE_CURVE((1.,0.5,1.,0.5,
1.,0.5,1.)) REPRESENTATION_ITEM('') );
#1533 = CARTESIAN_POINT('',(128.,137.94117909917));
#1534 = CARTESIAN_POINT('',(148.78460969082,137.94117909917));
#1535 = CARTESIAN_POINT('',(138.39230484541,119.94117909917));
#1536 = CARTESIAN_POINT('',(128.,101.94117909917));
#1537 = CARTESIAN_POINT('',(117.60769515458,119.94117909917));
#1538 = CARTESIAN_POINT('',(107.21539030917,137.94117909917));
#1539 = CARTESIAN_POINT('',(128.,137.94117909917));
#1540 = ( GEOMETRIC_REPRESENTATION_CONTEXT(2) 
PARAMETRIC_REPRESENTATION_CONTEXT() REPRESENTATION_CONTEXT('2D SPACE',''
  ) );
#1541 = ORIENTED_EDGE('',*,*,#1542,.T.);
#1542 = EDGE_CURVE('',#1515,#1543,#1545,.T.);
#1543 = VERTEX_POINT('',#1544);
#1544 = CARTESIAN_POINT('',(-133.8,350.50523678933,-154.5));
#1545 = SURFACE_CURVE('',#1546,(#1550,#1556),.PCURVE_S1.);
#1546 = LINE('',#1547,#1548);
#1547 = CARTESIAN_POINT('',(-133.8,350.50523678933,-162.5));
#1548 = VECTOR('',#1549,1.);
#1549 = DIRECTION('',(0.,0.,1.));
#1550 = PCURVE('',#211,#1551);
#1551 = DEFINITIONAL_REPRESENTATION('',(#1552),#1555);
#1552 = B_SPLINE_CURVE_WITH_KNOTS('',1,(#1553,#1554),.UNSPECIFIED.,.F.,
  .F.,(2,2),(3.6,8.0000006),.PIECEWISE_BEZIER_KNOTS.);
#1553 = CARTESIAN_POINT('',(0.504458352526,3.6));
#1554 = CARTESIAN_POINT('',(0.504458352526,8.0000006));
#1555 = ( GEOMETRIC_REPRESENTATION_CONTEXT(2) 
PARAMETRIC_REPRESENTATION_CONTEXT() REPRESENTATION_CONTEXT('2D SPACE',''
  ) );
#1556 = PCURVE('',#1557,#1562);
#1557 = PLANE('',#1558);
#1558 = AXIS2_PLACEMENT_3D('',#1559,#1560,#1561);
#1559 = CARTESIAN_POINT('',(-133.8,195.,-158.5));
#1560 = DIRECTION('',(-1.,1.7763568394E-16,0.));
#1561 = DIRECTION('',(1.7763568394E-16,1.,0.));
#1562 = DEFINITIONAL_REPRESENTATION('',(#1563),#1566);
#1563 = B_SPLINE_CURVE_WITH_KNOTS('',1,(#1564,#1565),.UNSPECIFIED.,.F.,
  .F.,(2,2),(3.6,8.0000006),.PIECEWISE_BEZIER_KNOTS.);
#1564 = CARTESIAN_POINT('',(155.50523678933,0.4));
#1565 = CARTESIAN_POINT('',(155.50523678933,-4.0000006));
#1566 = ( GEOMETRIC_REPRESENTATION_CONTEXT(2) 
PARAMETRIC_REPRESENTATION_CONTEXT() REPRESENTATION_CONTEXT('2D SPACE',''
  ) );
#1567 = ORIENTED_EDGE('',*,*,#1568,.F.);
#1568 = EDGE_CURVE('',#1396,#1543,#1569,.T.);
#1569 = SURFACE_CURVE('',#1570,(#1575,#1582),.PCURVE_S1.);
#1570 = CIRCLE('',#1571,12.);
#1571 = AXIS2_PLACEMENT_3D('',#1572,#1573,#1574);
#1572 = CARTESIAN_POINT('',(-128.,340.,-154.5));
#1573 = DIRECTION('',(0.,0.,1.));
#1574 = DIRECTION('',(0.,-1.,0.));
#1575 = PCURVE('',#211,#1576);
#1576 = DEFINITIONAL_REPRESENTATION('',(#1577),#1581);
#1577 = LINE('',#1578,#1579);
#1578 = CARTESIAN_POINT('',(-3.14159265359,8.));
#1579 = VECTOR('',#1580,1.);
#1580 = DIRECTION('',(1.,0.));
#1581 = ( GEOMETRIC_REPRESENTATION_CONTEXT(2) 
PARAMETRIC_REPRESENTATION_CONTEXT() REPRESENTATION_CONTEXT('2D SPACE',''
  ) );
#1582 = PCURVE('',#703,#1583);
#1583 = DEFINITIONAL_REPRESENTATION('',(#1584),#1588);
#1584 = CIRCLE('',#1585,12.);
#1585 = AXIS2_PLACEMENT_2D('',#1586,#1587);
#1586 = CARTESIAN_POINT('',(-128.,164.));
#1587 = DIRECTION('',(0.,-1.));
#1588 = ( GEOMETRIC_REPRESENTATION_CONTEXT(2) 
PARAMETRIC_REPRESENTATION_CONTEXT() REPRESENTATION_CONTEXT('2D SPACE',''
  ) );
#1589 = ADVANCED_FACE('',(#1590),#320,.F.);
#1590 = FACE_BOUND('',#1591,.F.);
#1591 = EDGE_LOOP('',(#1592,#1593,#1594,#1615));
#1592 = ORIENTED_EDGE('',*,*,#1442,.F.);
#1593 = ORIENTED_EDGE('',*,*,#305,.T.);
#1594 = ORIENTED_EDGE('',*,*,#1595,.T.);
#1595 = EDGE_CURVE('',#280,#1209,#1596,.T.);
#1596 = SURFACE_CURVE('',#1597,(#1601,#1608),.PCURVE_S1.);
#1597 = LINE('',#1598,#1599);
#1598 = CARTESIAN_POINT('',(-106.,6.,-163.5));
#1599 = VECTOR('',#1600,1.);
#1600 = DIRECTION('',(0.,0.,1.));
#1601 = PCURVE('',#320,#1602);
#1602 = DEFINITIONAL_REPRESENTATION('',(#1603),#1607);
#1603 = LINE('',#1604,#1605);
#1604 = CARTESIAN_POINT('',(0.,0.));
#1605 = VECTOR('',#1606,1.);
#1606 = DIRECTION('',(1.,0.));
#1607 = ( GEOMETRIC_REPRESENTATION_CONTEXT(2) 
PARAMETRIC_REPRESENTATION_CONTEXT() REPRESENTATION_CONTEXT('2D SPACE',''
  ) );
#1608 = PCURVE('',#294,#1609);
#1609 = DEFINITIONAL_REPRESENTATION('',(#1610),#1614);
#1610 = LINE('',#1611,#1612);
#1611 = CARTESIAN_POINT('',(0.,-7.));
#1612 = VECTOR('',#1613,1.);
#1613 = DIRECTION('',(1.,0.));
#1614 = ( GEOMETRIC_REPRESENTATION_CONTEXT(2) 
PARAMETRIC_REPRESENTATION_CONTEXT() REPRESENTATION_CONTEXT('2D SPACE',''
  ) );
#1615 = ORIENTED_EDGE('',*,*,#1229,.F.);
#1616 = ADVANCED_FACE('',(#1617),#239,.F.);
#1617 = FACE_BOUND('',#1618,.F.);
#1618 = EDGE_LOOP('',(#1619,#1620,#1621,#1622));
#1619 = ORIENTED_EDGE('',*,*,#223,.F.);
#1620 = ORIENTED_EDGE('',*,*,#1471,.T.);
#1621 = ORIENTED_EDGE('',*,*,#1162,.T.);
#1622 = ORIENTED_EDGE('',*,*,#1623,.F.);
#1623 = EDGE_CURVE('',#224,#1163,#1624,.T.);
#1624 = SURFACE_CURVE('',#1625,(#1629,#1636),.PCURVE_S1.);
#1625 = LINE('',#1626,#1627);
#1626 = CARTESIAN_POINT('',(-140.,0.,-162.5));
#1627 = VECTOR('',#1628,1.);
#1628 = DIRECTION('',(0.,0.,1.));
#1629 = PCURVE('',#239,#1630);
#1630 = DEFINITIONAL_REPRESENTATION('',(#1631),#1635);
#1631 = LINE('',#1632,#1633);
#1632 = CARTESIAN_POINT('',(352.,0.));
#1633 = VECTOR('',#1634,1.);
#1634 = DIRECTION('',(0.,-1.));
#1635 = ( GEOMETRIC_REPRESENTATION_CONTEXT(2) 
PARAMETRIC_REPRESENTATION_CONTEXT() REPRESENTATION_CONTEXT('2D SPACE',''
  ) );
#1636 = PCURVE('',#267,#1637);
#1637 = DEFINITIONAL_REPRESENTATION('',(#1638),#1642);
#1638 = LINE('',#1639,#1640);
#1639 = CARTESIAN_POINT('',(0.,0.));
#1640 = VECTOR('',#1641,1.);
#1641 = DIRECTION('',(0.,-1.));
#1642 = ( GEOMETRIC_REPRESENTATION_CONTEXT(2) 
PARAMETRIC_REPRESENTATION_CONTEXT() REPRESENTATION_CONTEXT('2D SPACE',''
  ) );
#1643 = ADVANCED_FACE('',(#1644),#294,.T.);
#1644 = FACE_BOUND('',#1645,.T.);
#1645 = EDGE_LOOP('',(#1646,#1647,#1648,#1667));
#1646 = ORIENTED_EDGE('',*,*,#1595,.T.);
#1647 = ORIENTED_EDGE('',*,*,#1208,.F.);
#1648 = ORIENTED_EDGE('',*,*,#1649,.T.);
#1649 = EDGE_CURVE('',#1186,#252,#1650,.T.);
#1650 = SURFACE_CURVE('',#1651,(#1655,#1661),.PCURVE_S1.);
#1651 = LINE('',#1652,#1653);
#1652 = CARTESIAN_POINT('',(-106.,0.,-163.));
#1653 = VECTOR('',#1654,1.);
#1654 = DIRECTION('',(0.,0.,-1.));
#1655 = PCURVE('',#294,#1656);
#1656 = DEFINITIONAL_REPRESENTATION('',(#1657),#1660);
#1657 = B_SPLINE_CURVE_WITH_KNOTS('',1,(#1658,#1659),.UNSPECIFIED.,.F.,
  .F.,(2,2),(-8.5,-0.5),.PIECEWISE_BEZIER_KNOTS.);
#1658 = CARTESIAN_POINT('',(9.,-1.));
#1659 = CARTESIAN_POINT('',(1.,-1.));
#1660 = ( GEOMETRIC_REPRESENTATION_CONTEXT(2) 
PARAMETRIC_REPRESENTATION_CONTEXT() REPRESENTATION_CONTEXT('2D SPACE',''
  ) );
#1661 = PCURVE('',#267,#1662);
#1662 = DEFINITIONAL_REPRESENTATION('',(#1663),#1666);
#1663 = B_SPLINE_CURVE_WITH_KNOTS('',1,(#1664,#1665),.UNSPECIFIED.,.F.,
  .F.,(2,2),(-8.5,-0.5),.PIECEWISE_BEZIER_KNOTS.);
#1664 = CARTESIAN_POINT('',(34.,-8.));
#1665 = CARTESIAN_POINT('',(34.,0.));
#1666 = ( GEOMETRIC_REPRESENTATION_CONTEXT(2) 
PARAMETRIC_REPRESENTATION_CONTEXT() REPRESENTATION_CONTEXT('2D SPACE',''
  ) );
#1667 = ORIENTED_EDGE('',*,*,#279,.T.);
#1668 = ADVANCED_FACE('',(#1669),#267,.F.);
#1669 = FACE_BOUND('',#1670,.F.);
#1670 = EDGE_LOOP('',(#1671,#1672,#1673,#1674));
#1671 = ORIENTED_EDGE('',*,*,#251,.F.);
#1672 = ORIENTED_EDGE('',*,*,#1623,.T.);
#1673 = ORIENTED_EDGE('',*,*,#1185,.T.);
#1674 = ORIENTED_EDGE('',*,*,#1649,.T.);
#1675 = ADVANCED_FACE('',(#1676),#401,.F.);
#1676 = FACE_BOUND('',#1677,.T.);
#1677 = EDGE_LOOP('',(#1678,#1679,#1700,#1701));
#1678 = ORIENTED_EDGE('',*,*,#380,.T.);
#1679 = ORIENTED_EDGE('',*,*,#1680,.T.);
#1680 = EDGE_CURVE('',#381,#1273,#1681,.T.);
#1681 = SEAM_CURVE('',#1682,(#1686,#1693),.PCURVE_S1.);
#1682 = LINE('',#1683,#1684);
#1683 = CARTESIAN_POINT('',(-86.75,20.,-163.5));
#1684 = VECTOR('',#1685,1.);
#1685 = DIRECTION('',(0.,0.,1.));
#1686 = PCURVE('',#401,#1687);
#1687 = DEFINITIONAL_REPRESENTATION('',(#1688),#1692);
#1688 = LINE('',#1689,#1690);
#1689 = CARTESIAN_POINT('',(-6.28318530718,0.));
#1690 = VECTOR('',#1691,1.);
#1691 = DIRECTION('',(-0.,-1.));
#1692 = ( GEOMETRIC_REPRESENTATION_CONTEXT(2) 
PARAMETRIC_REPRESENTATION_CONTEXT() REPRESENTATION_CONTEXT('2D SPACE',''
  ) );
#1693 = PCURVE('',#401,#1694);
#1694 = DEFINITIONAL_REPRESENTATION('',(#1695),#1699);
#1695 = LINE('',#1696,#1697);
#1696 = CARTESIAN_POINT('',(-0.,0.));
#1697 = VECTOR('',#1698,1.);
#1698 = DIRECTION('',(-0.,-1.));
#1699 = ( GEOMETRIC_REPRESENTATION_CONTEXT(2) 
PARAMETRIC_REPRESENTATION_CONTEXT() REPRESENTATION_CONTEXT('2D SPACE',''
  ) );
#1700 = ORIENTED_EDGE('',*,*,#1272,.F.);
#1701 = ORIENTED_EDGE('',*,*,#1680,.F.);
#1702 = ADVANCED_FACE('',(#1703),#436,.F.);
#1703 = FACE_BOUND('',#1704,.T.);
#1704 = EDGE_LOOP('',(#1705,#1706,#1727,#1728));
#1705 = ORIENTED_EDGE('',*,*,#415,.T.);
#1706 = ORIENTED_EDGE('',*,*,#1707,.T.);
#1707 = EDGE_CURVE('',#416,#1333,#1708,.T.);
#1708 = SEAM_CURVE('',#1709,(#1713,#1720),.PCURVE_S1.);
#1709 = LINE('',#1710,#1711);
#1710 = CARTESIAN_POINT('',(-119.9,70.,-163.5));
#1711 = VECTOR('',#1712,1.);
#1712 = DIRECTION('',(0.,0.,1.));
#1713 = PCURVE('',#436,#1714);
#1714 = DEFINITIONAL_REPRESENTATION('',(#1715),#1719);
#1715 = LINE('',#1716,#1717);
#1716 = CARTESIAN_POINT('',(-6.28318530718,0.));
#1717 = VECTOR('',#1718,1.);
#1718 = DIRECTION('',(-0.,-1.));
#1719 = ( GEOMETRIC_REPRESENTATION_CONTEXT(2) 
PARAMETRIC_REPRESENTATION_CONTEXT() REPRESENTATION_CONTEXT('2D SPACE',''
  ) );
#1720 = PCURVE('',#436,#1721);
#1721 = DEFINITIONAL_REPRESENTATION('',(#1722),#1726);
#1722 = LINE('',#1723,#1724);
#1723 = CARTESIAN_POINT('',(-0.,0.));
#1724 = VECTOR('',#1725,1.);
#1725 = DIRECTION('',(-0.,-1.));
#1726 = ( GEOMETRIC_REPRESENTATION_CONTEXT(2) 
PARAMETRIC_REPRESENTATION_CONTEXT() REPRESENTATION_CONTEXT('2D SPACE',''
  ) );
#1727 = ORIENTED_EDGE('',*,*,#1332,.F.);
#1728 = ORIENTED_EDGE('',*,*,#1707,.F.);
#1729 = ADVANCED_FACE('',(#1730),#471,.F.);
#1730 = FACE_BOUND('',#1731,.T.);
#1731 = EDGE_LOOP('',(#1732,#1733,#1756,#1782));
#1732 = ORIENTED_EDGE('',*,*,#450,.T.);
#1733 = ORIENTED_EDGE('',*,*,#1734,.T.);
#1734 = EDGE_CURVE('',#451,#1735,#1737,.T.);
#1735 = VERTEX_POINT('',#1736);
#1736 = CARTESIAN_POINT('',(11.2,40.,-154.5));
#1737 = SEAM_CURVE('',#1738,(#1742,#1749),.PCURVE_S1.);
#1738 = LINE('',#1739,#1740);
#1739 = CARTESIAN_POINT('',(11.2,40.,-163.5));
#1740 = VECTOR('',#1741,1.);
#1741 = DIRECTION('',(0.,0.,1.));
#1742 = PCURVE('',#471,#1743);
#1743 = DEFINITIONAL_REPRESENTATION('',(#1744),#1748);
#1744 = LINE('',#1745,#1746);
#1745 = CARTESIAN_POINT('',(-6.28318530718,0.));
#1746 = VECTOR('',#1747,1.);
#1747 = DIRECTION('',(-0.,-1.));
#1748 = ( GEOMETRIC_REPRESENTATION_CONTEXT(2) 
PARAMETRIC_REPRESENTATION_CONTEXT() REPRESENTATION_CONTEXT('2D SPACE',''
  ) );
#1749 = PCURVE('',#471,#1750);
#1750 = DEFINITIONAL_REPRESENTATION('',(#1751),#1755);
#1751 = LINE('',#1752,#1753);
#1752 = CARTESIAN_POINT('',(-0.,0.));
#1753 = VECTOR('',#1754,1.);
#1754 = DIRECTION('',(-0.,-1.));
#1755 = ( GEOMETRIC_REPRESENTATION_CONTEXT(2) 
PARAMETRIC_REPRESENTATION_CONTEXT() REPRESENTATION_CONTEXT('2D SPACE',''
  ) );
#1756 = ORIENTED_EDGE('',*,*,#1757,.F.);
#1757 = EDGE_CURVE('',#1735,#1735,#1758,.T.);
#1758 = SURFACE_CURVE('',#1759,(#1764,#1771),.PCURVE_S1.);
#1759 = CIRCLE('',#1760,11.2);
#1760 = AXIS2_PLACEMENT_3D('',#1761,#1762,#1763);
#1761 = CARTESIAN_POINT('',(0.,40.,-154.5));
#1762 = DIRECTION('',(0.,0.,-1.));
#1763 = DIRECTION('',(1.,0.,0.));
#1764 = PCURVE('',#471,#1765);
#1765 = DEFINITIONAL_REPRESENTATION('',(#1766),#1770);
#1766 = LINE('',#1767,#1768);
#1767 = CARTESIAN_POINT('',(-6.28318530718,-9.));
#1768 = VECTOR('',#1769,1.);
#1769 = DIRECTION('',(1.,-0.));
#1770 = ( GEOMETRIC_REPRESENTATION_CONTEXT(2) 
PARAMETRIC_REPRESENTATION_CONTEXT() REPRESENTATION_CONTEXT('2D SPACE',''
  ) );
#1771 = PCURVE('',#703,#1772);
#1772 = DEFINITIONAL_REPRESENTATION('',(#1773),#1781);
#1773 = ( BOUNDED_CURVE() B_SPLINE_CURVE(2,(#1774,#1775,#1776,#1777,
#1778,#1779,#1780),.UNSPECIFIED.,.T.,.F.) B_SPLINE_CURVE_WITH_KNOTS((1,2
    ,2,2,2,1),(-2.094395102393,0.,2.094395102393,4.188790204786,
6.28318530718,8.377580409573),.UNSPECIFIED.) CURVE() 
GEOMETRIC_REPRESENTATION_ITEM() RATIONAL_B_SPLINE_CURVE((1.,0.5,1.,0.5,
1.,0.5,1.)) REPRESENTATION_ITEM('') );
#1774 = CARTESIAN_POINT('',(11.2,-136.));
#1775 = CARTESIAN_POINT('',(11.2,-155.3989690447));
#1776 = CARTESIAN_POINT('',(-5.6,-145.6994845223));
#1777 = CARTESIAN_POINT('',(-22.4,-136.));
#1778 = CARTESIAN_POINT('',(-5.6,-126.3005154776));
#1779 = CARTESIAN_POINT('',(11.2,-116.6010309552));
#1780 = CARTESIAN_POINT('',(11.2,-136.));
#1781 = ( GEOMETRIC_REPRESENTATION_CONTEXT(2) 
PARAMETRIC_REPRESENTATION_CONTEXT() REPRESENTATION_CONTEXT('2D SPACE',''
  ) );
#1782 = ORIENTED_EDGE('',*,*,#1734,.F.);
#1783 = ADVANCED_FACE('',(#1784),#506,.F.);
#1784 = FACE_BOUND('',#1785,.T.);
#1785 = EDGE_LOOP('',(#1786,#1787,#1808,#1809));
#1786 = ORIENTED_EDGE('',*,*,#485,.T.);
#1787 = ORIENTED_EDGE('',*,*,#1788,.T.);
#1788 = EDGE_CURVE('',#486,#1303,#1789,.T.);
#1789 = SEAM_CURVE('',#1790,(#1794,#1801),.PCURVE_S1.);
#1790 = LINE('',#1791,#1792);
#1791 = CARTESIAN_POINT('',(93.25,20.,-163.5));
#1792 = VECTOR('',#1793,1.);
#1793 = DIRECTION('',(0.,0.,1.));
#1794 = PCURVE('',#506,#1795);
#1795 = DEFINITIONAL_REPRESENTATION('',(#1796),#1800);
#1796 = LINE('',#1797,#1798);
#1797 = CARTESIAN_POINT('',(-6.28318530718,0.));
#1798 = VECTOR('',#1799,1.);
#1799 = DIRECTION('',(-0.,-1.));
#1800 = ( GEOMETRIC_REPRESENTATION_CONTEXT(2) 
PARAMETRIC_REPRESENTATION_CONTEXT() REPRESENTATION_CONTEXT('2D SPACE',''
  ) );
#1801 = PCURVE('',#506,#1802);
#1802 = DEFINITIONAL_REPRESENTATION('',(#1803),#1807);
#1803 = LINE('',#1804,#1805);
#1804 = CARTESIAN_POINT('',(-0.,0.));
#1805 = VECTOR('',#1806,1.);
#1806 = DIRECTION('',(-0.,-1.));
#1807 = ( GEOMETRIC_REPRESENTATION_CONTEXT(2) 
PARAMETRIC_REPRESENTATION_CONTEXT() REPRESENTATION_CONTEXT('2D SPACE',''
  ) );
#1808 = ORIENTED_EDGE('',*,*,#1302,.F.);
#1809 = ORIENTED_EDGE('',*,*,#1788,.F.);
#1810 = ADVANCED_FACE('',(#1811),#541,.F.);
#1811 = FACE_BOUND('',#1812,.T.);
#1812 = EDGE_LOOP('',(#1813,#1814,#1835,#1836));
#1813 = ORIENTED_EDGE('',*,*,#520,.T.);
#1814 = ORIENTED_EDGE('',*,*,#1815,.T.);
#1815 = EDGE_CURVE('',#521,#1363,#1816,.T.);
#1816 = SEAM_CURVE('',#1817,(#1821,#1828),.PCURVE_S1.);
#1817 = LINE('',#1818,#1819);
#1818 = CARTESIAN_POINT('',(130.1,70.,-163.5));
#1819 = VECTOR('',#1820,1.);
#1820 = DIRECTION('',(0.,0.,1.));
#1821 = PCURVE('',#541,#1822);
#1822 = DEFINITIONAL_REPRESENTATION('',(#1823),#1827);
#1823 = LINE('',#1824,#1825);
#1824 = CARTESIAN_POINT('',(-6.28318530718,0.));
#1825 = VECTOR('',#1826,1.);
#1826 = DIRECTION('',(-0.,-1.));
#1827 = ( GEOMETRIC_REPRESENTATION_CONTEXT(2) 
PARAMETRIC_REPRESENTATION_CONTEXT() REPRESENTATION_CONTEXT('2D SPACE',''
  ) );
#1828 = PCURVE('',#541,#1829);
#1829 = DEFINITIONAL_REPRESENTATION('',(#1830),#1834);
#1830 = LINE('',#1831,#1832);
#1831 = CARTESIAN_POINT('',(-0.,0.));
#1832 = VECTOR('',#1833,1.);
#1833 = DIRECTION('',(-0.,-1.));
#1834 = ( GEOMETRIC_REPRESENTATION_CONTEXT(2) 
PARAMETRIC_REPRESENTATION_CONTEXT() REPRESENTATION_CONTEXT('2D SPACE',''
  ) );
#1835 = ORIENTED_EDGE('',*,*,#1362,.F.);
#1836 = ORIENTED_EDGE('',*,*,#1815,.F.);
#1837 = ADVANCED_FACE('',(#1838),#576,.F.);
#1838 = FACE_BOUND('',#1839,.T.);
#1839 = EDGE_LOOP('',(#1840,#1841,#1864,#1890));
#1840 = ORIENTED_EDGE('',*,*,#555,.T.);
#1841 = ORIENTED_EDGE('',*,*,#1842,.T.);
#1842 = EDGE_CURVE('',#556,#1843,#1845,.T.);
#1843 = VERTEX_POINT('',#1844);
#1844 = CARTESIAN_POINT('',(-92.75,340.,-154.5));
#1845 = SEAM_CURVE('',#1846,(#1850,#1857),.PCURVE_S1.);
#1846 = LINE('',#1847,#1848);
#1847 = CARTESIAN_POINT('',(-92.75,340.,-163.5));
#1848 = VECTOR('',#1849,1.);
#1849 = DIRECTION('',(0.,0.,1.));
#1850 = PCURVE('',#576,#1851);
#1851 = DEFINITIONAL_REPRESENTATION('',(#1852),#1856);
#1852 = LINE('',#1853,#1854);
#1853 = CARTESIAN_POINT('',(-6.28318530718,0.));
#1854 = VECTOR('',#1855,1.);
#1855 = DIRECTION('',(-0.,-1.));
#1856 = ( GEOMETRIC_REPRESENTATION_CONTEXT(2) 
PARAMETRIC_REPRESENTATION_CONTEXT() REPRESENTATION_CONTEXT('2D SPACE',''
  ) );
#1857 = PCURVE('',#576,#1858);
#1858 = DEFINITIONAL_REPRESENTATION('',(#1859),#1863);
#1859 = LINE('',#1860,#1861);
#1860 = CARTESIAN_POINT('',(-0.,0.));
#1861 = VECTOR('',#1862,1.);
#1862 = DIRECTION('',(-0.,-1.));
#1863 = ( GEOMETRIC_REPRESENTATION_CONTEXT(2) 
PARAMETRIC_REPRESENTATION_CONTEXT() REPRESENTATION_CONTEXT('2D SPACE',''
  ) );
#1864 = ORIENTED_EDGE('',*,*,#1865,.F.);
#1865 = EDGE_CURVE('',#1843,#1843,#1866,.T.);
#1866 = SURFACE_CURVE('',#1867,(#1872,#1879),.PCURVE_S1.);
#1867 = CIRCLE('',#1868,3.25);
#1868 = AXIS2_PLACEMENT_3D('',#1869,#1870,#1871);
#1869 = CARTESIAN_POINT('',(-96.,340.,-154.5));
#1870 = DIRECTION('',(0.,0.,-1.));
#1871 = DIRECTION('',(1.,0.,0.));
#1872 = PCURVE('',#576,#1873);
#1873 = DEFINITIONAL_REPRESENTATION('',(#1874),#1878);
#1874 = LINE('',#1875,#1876);
#1875 = CARTESIAN_POINT('',(-6.28318530718,-9.));
#1876 = VECTOR('',#1877,1.);
#1877 = DIRECTION('',(1.,-0.));
#1878 = ( GEOMETRIC_REPRESENTATION_CONTEXT(2) 
PARAMETRIC_REPRESENTATION_CONTEXT() REPRESENTATION_CONTEXT('2D SPACE',''
  ) );
#1879 = PCURVE('',#703,#1880);
#1880 = DEFINITIONAL_REPRESENTATION('',(#1881),#1889);
#1881 = ( BOUNDED_CURVE() B_SPLINE_CURVE(2,(#1882,#1883,#1884,#1885,
#1886,#1887,#1888),.UNSPECIFIED.,.T.,.F.) B_SPLINE_CURVE_WITH_KNOTS((1,2
    ,2,2,2,1),(-2.094395102393,0.,2.094395102393,4.188790204786,
6.28318530718,8.377580409573),.UNSPECIFIED.) CURVE() 
GEOMETRIC_REPRESENTATION_ITEM() RATIONAL_B_SPLINE_CURVE((1.,0.5,1.,0.5,
1.,0.5,1.)) REPRESENTATION_ITEM('') );
#1882 = CARTESIAN_POINT('',(-92.75,164.));
#1883 = CARTESIAN_POINT('',(-92.75,158.3708348754));
#1884 = CARTESIAN_POINT('',(-97.625,161.1854174377));
#1885 = CARTESIAN_POINT('',(-102.5,164.));
#1886 = CARTESIAN_POINT('',(-97.625,166.81458256229));
#1887 = CARTESIAN_POINT('',(-92.75,169.62916512459));
#1888 = CARTESIAN_POINT('',(-92.75,164.));
#1889 = ( GEOMETRIC_REPRESENTATION_CONTEXT(2) 
PARAMETRIC_REPRESENTATION_CONTEXT() REPRESENTATION_CONTEXT('2D SPACE',''
  ) );
#1890 = ORIENTED_EDGE('',*,*,#1842,.F.);
#1891 = ADVANCED_FACE('',(#1892),#611,.F.);
#1892 = FACE_BOUND('',#1893,.T.);
#1893 = EDGE_LOOP('',(#1894,#1895,#1918,#1944));
#1894 = ORIENTED_EDGE('',*,*,#590,.T.);
#1895 = ORIENTED_EDGE('',*,*,#1896,.T.);
#1896 = EDGE_CURVE('',#591,#1897,#1899,.T.);
#1897 = VERTEX_POINT('',#1898);
#1898 = CARTESIAN_POINT('',(11.2,195.,-154.5));
#1899 = SEAM_CURVE('',#1900,(#1904,#1911),.PCURVE_S1.);
#1900 = LINE('',#1901,#1902);
#1901 = CARTESIAN_POINT('',(11.2,195.,-163.5));
#1902 = VECTOR('',#1903,1.);
#1903 = DIRECTION('',(0.,0.,1.));
#1904 = PCURVE('',#611,#1905);
#1905 = DEFINITIONAL_REPRESENTATION('',(#1906),#1910);
#1906 = LINE('',#1907,#1908);
#1907 = CARTESIAN_POINT('',(-6.28318530718,0.));
#1908 = VECTOR('',#1909,1.);
#1909 = DIRECTION('',(-0.,-1.));
#1910 = ( GEOMETRIC_REPRESENTATION_CONTEXT(2) 
PARAMETRIC_REPRESENTATION_CONTEXT() REPRESENTATION_CONTEXT('2D SPACE',''
  ) );
#1911 = PCURVE('',#611,#1912);
#1912 = DEFINITIONAL_REPRESENTATION('',(#1913),#1917);
#1913 = LINE('',#1914,#1915);
#1914 = CARTESIAN_POINT('',(-0.,0.));
#1915 = VECTOR('',#1916,1.);
#1916 = DIRECTION('',(-0.,-1.));
#1917 = ( GEOMETRIC_REPRESENTATION_CONTEXT(2) 
PARAMETRIC_REPRESENTATION_CONTEXT() REPRESENTATION_CONTEXT('2D SPACE',''
  ) );
#1918 = ORIENTED_EDGE('',*,*,#1919,.F.);
#1919 = EDGE_CURVE('',#1897,#1897,#1920,.T.);
#1920 = SURFACE_CURVE('',#1921,(#1926,#1933),.PCURVE_S1.);
#1921 = CIRCLE('',#1922,11.2);
#1922 = AXIS2_PLACEMENT_3D('',#1923,#1924,#1925);
#1923 = CARTESIAN_POINT('',(0.,195.,-154.5));
#1924 = DIRECTION('',(0.,0.,-1.));
#1925 = DIRECTION('',(1.,0.,0.));
#1926 = PCURVE('',#611,#1927);
#1927 = DEFINITIONAL_REPRESENTATION('',(#1928),#1932);
#1928 = LINE('',#1929,#1930);
#1929 = CARTESIAN_POINT('',(-6.28318530718,-9.));
#1930 = VECTOR('',#1931,1.);
#1931 = DIRECTION('',(1.,-0.));
#1932 = ( GEOMETRIC_REPRESENTATION_CONTEXT(2) 
PARAMETRIC_REPRESENTATION_CONTEXT() REPRESENTATION_CONTEXT('2D SPACE',''
  ) );
#1933 = PCURVE('',#703,#1934);
#1934 = DEFINITIONAL_REPRESENTATION('',(#1935),#1943);
#1935 = ( BOUNDED_CURVE() B_SPLINE_CURVE(2,(#1936,#1937,#1938,#1939,
#1940,#1941,#1942),.UNSPECIFIED.,.T.,.F.) B_SPLINE_CURVE_WITH_KNOTS((1,2
    ,2,2,2,1),(-2.094395102393,0.,2.094395102393,4.188790204786,
6.28318530718,8.377580409573),.UNSPECIFIED.) CURVE() 
GEOMETRIC_REPRESENTATION_ITEM() RATIONAL_B_SPLINE_CURVE((1.,0.5,1.,0.5,
1.,0.5,1.)) REPRESENTATION_ITEM('') );
#1936 = CARTESIAN_POINT('',(11.2,19.));
#1937 = CARTESIAN_POINT('',(11.2,-0.398969044771));
#1938 = CARTESIAN_POINT('',(-5.6,9.300515477614));
#1939 = CARTESIAN_POINT('',(-22.4,19.));
#1940 = CARTESIAN_POINT('',(-5.6,28.699484522386));
#1941 = CARTESIAN_POINT('',(11.2,38.398969044771));
#1942 = CARTESIAN_POINT('',(11.2,19.));
#1943 = ( GEOMETRIC_REPRESENTATION_CONTEXT(2) 
PARAMETRIC_REPRESENTATION_CONTEXT() REPRESENTATION_CONTEXT('2D SPACE',''
  ) );
#1944 = ORIENTED_EDGE('',*,*,#1896,.F.);
#1945 = ADVANCED_FACE('',(#1946),#646,.F.);
#1946 = FACE_BOUND('',#1947,.T.);
#1947 = EDGE_LOOP('',(#1948,#1949,#1972,#1998));
#1948 = ORIENTED_EDGE('',*,*,#625,.T.);
#1949 = ORIENTED_EDGE('',*,*,#1950,.T.);
#1950 = EDGE_CURVE('',#626,#1951,#1953,.T.);
#1951 = VERTEX_POINT('',#1952);
#1952 = CARTESIAN_POINT('',(99.25,340.,-154.5));
#1953 = SEAM_CURVE('',#1954,(#1958,#1965),.PCURVE_S1.);
#1954 = LINE('',#1955,#1956);
#1955 = CARTESIAN_POINT('',(99.25,340.,-163.5));
#1956 = VECTOR('',#1957,1.);
#1957 = DIRECTION('',(0.,0.,1.));
#1958 = PCURVE('',#646,#1959);
#1959 = DEFINITIONAL_REPRESENTATION('',(#1960),#1964);
#1960 = LINE('',#1961,#1962);
#1961 = CARTESIAN_POINT('',(-6.28318530718,0.));
#1962 = VECTOR('',#1963,1.);
#1963 = DIRECTION('',(-0.,-1.));
#1964 = ( GEOMETRIC_REPRESENTATION_CONTEXT(2) 
PARAMETRIC_REPRESENTATION_CONTEXT() REPRESENTATION_CONTEXT('2D SPACE',''
  ) );
#1965 = PCURVE('',#646,#1966);
#1966 = DEFINITIONAL_REPRESENTATION('',(#1967),#1971);
#1967 = LINE('',#1968,#1969);
#1968 = CARTESIAN_POINT('',(-0.,0.));
#1969 = VECTOR('',#1970,1.);
#1970 = DIRECTION('',(-0.,-1.));
#1971 = ( GEOMETRIC_REPRESENTATION_CONTEXT(2) 
PARAMETRIC_REPRESENTATION_CONTEXT() REPRESENTATION_CONTEXT('2D SPACE',''
  ) );
#1972 = ORIENTED_EDGE('',*,*,#1973,.F.);
#1973 = EDGE_CURVE('',#1951,#1951,#1974,.T.);
#1974 = SURFACE_CURVE('',#1975,(#1980,#1987),.PCURVE_S1.);
#1975 = CIRCLE('',#1976,3.25);
#1976 = AXIS2_PLACEMENT_3D('',#1977,#1978,#1979);
#1977 = CARTESIAN_POINT('',(96.,340.,-154.5));
#1978 = DIRECTION('',(0.,0.,-1.));
#1979 = DIRECTION('',(1.,0.,0.));
#1980 = PCURVE('',#646,#1981);
#1981 = DEFINITIONAL_REPRESENTATION('',(#1982),#1986);
#1982 = LINE('',#1983,#1984);
#1983 = CARTESIAN_POINT('',(-6.28318530718,-9.));
#1984 = VECTOR('',#1985,1.);
#1985 = DIRECTION('',(1.,-0.));
#1986 = ( GEOMETRIC_REPRESENTATION_CONTEXT(2) 
PARAMETRIC_REPRESENTATION_CONTEXT() REPRESENTATION_CONTEXT('2D SPACE',''
  ) );
#1987 = PCURVE('',#703,#1988);
#1988 = DEFINITIONAL_REPRESENTATION('',(#1989),#1997);
#1989 = ( BOUNDED_CURVE() B_SPLINE_CURVE(2,(#1990,#1991,#1992,#1993,
#1994,#1995,#1996),.UNSPECIFIED.,.T.,.F.) B_SPLINE_CURVE_WITH_KNOTS((1,2
    ,2,2,2,1),(-2.094395102393,0.,2.094395102393,4.188790204786,
6.28318530718,8.377580409573),.UNSPECIFIED.) CURVE() 
GEOMETRIC_REPRESENTATION_ITEM() RATIONAL_B_SPLINE_CURVE((1.,0.5,1.,0.5,
1.,0.5,1.)) REPRESENTATION_ITEM('') );
#1990 = CARTESIAN_POINT('',(99.25,164.));
#1991 = CARTESIAN_POINT('',(99.25,158.3708348754));
#1992 = CARTESIAN_POINT('',(94.375,161.1854174377));
#1993 = CARTESIAN_POINT('',(89.5,164.));
#1994 = CARTESIAN_POINT('',(94.375,166.81458256229));
#1995 = CARTESIAN_POINT('',(99.25,169.62916512459));
#1996 = CARTESIAN_POINT('',(99.25,164.));
#1997 = ( GEOMETRIC_REPRESENTATION_CONTEXT(2) 
PARAMETRIC_REPRESENTATION_CONTEXT() REPRESENTATION_CONTEXT('2D SPACE',''
  ) );
#1998 = ORIENTED_EDGE('',*,*,#1950,.F.);
#1999 = ADVANCED_FACE('',(#2000),#789,.F.);
#2000 = FACE_BOUND('',#2001,.F.);
#2001 = EDGE_LOOP('',(#2002,#2025,#2026,#2027));
#2002 = ORIENTED_EDGE('',*,*,#2003,.F.);
#2003 = EDGE_CURVE('',#742,#2004,#2006,.T.);
#2004 = VERTEX_POINT('',#2005);
#2005 = CARTESIAN_POINT('',(137.2,195.,-158.5));
#2006 = SURFACE_CURVE('',#2007,(#2011,#2018),.PCURVE_S1.);
#2007 = LINE('',#2008,#2009);
#2008 = CARTESIAN_POINT('',(137.2,354.,-158.5));
#2009 = VECTOR('',#2010,1.);
#2010 = DIRECTION('',(0.,-1.,0.));
#2011 = PCURVE('',#789,#2012);
#2012 = DEFINITIONAL_REPRESENTATION('',(#2013),#2017);
#2013 = LINE('',#2014,#2015);
#2014 = CARTESIAN_POINT('',(0.,0.));
#2015 = VECTOR('',#2016,1.);
#2016 = DIRECTION('',(1.,0.));
#2017 = ( GEOMETRIC_REPRESENTATION_CONTEXT(2) 
PARAMETRIC_REPRESENTATION_CONTEXT() REPRESENTATION_CONTEXT('2D SPACE',''
  ) );
#2018 = PCURVE('',#758,#2019);
#2019 = DEFINITIONAL_REPRESENTATION('',(#2020),#2024);
#2020 = LINE('',#2021,#2022);
#2021 = CARTESIAN_POINT('',(-137.2,139.94117909917));
#2022 = VECTOR('',#2023,1.);
#2023 = DIRECTION('',(0.,-1.));
#2024 = ( GEOMETRIC_REPRESENTATION_CONTEXT(2) 
PARAMETRIC_REPRESENTATION_CONTEXT() REPRESENTATION_CONTEXT('2D SPACE',''
  ) );
#2025 = ORIENTED_EDGE('',*,*,#774,.T.);
#2026 = ORIENTED_EDGE('',*,*,#874,.T.);
#2027 = ORIENTED_EDGE('',*,*,#2028,.F.);
#2028 = EDGE_CURVE('',#2004,#875,#2029,.T.);
#2029 = SURFACE_CURVE('',#2030,(#2034,#2041),.PCURVE_S1.);
#2030 = LINE('',#2031,#2032);
#2031 = CARTESIAN_POINT('',(137.2,195.,-158.5));
#2032 = VECTOR('',#2033,1.);
#2033 = DIRECTION('',(0.,0.,1.));
#2034 = PCURVE('',#789,#2035);
#2035 = DEFINITIONAL_REPRESENTATION('',(#2036),#2040);
#2036 = LINE('',#2037,#2038);
#2037 = CARTESIAN_POINT('',(159.,0.));
#2038 = VECTOR('',#2039,1.);
#2039 = DIRECTION('',(0.,-1.));
#2040 = ( GEOMETRIC_REPRESENTATION_CONTEXT(2) 
PARAMETRIC_REPRESENTATION_CONTEXT() REPRESENTATION_CONTEXT('2D SPACE',''
  ) );
#2041 = PCURVE('',#918,#2042);
#2042 = DEFINITIONAL_REPRESENTATION('',(#2043),#2047);
#2043 = LINE('',#2044,#2045);
#2044 = CARTESIAN_POINT('',(0.,0.));
#2045 = VECTOR('',#2046,1.);
#2046 = DIRECTION('',(0.,-1.));
#2047 = ( GEOMETRIC_REPRESENTATION_CONTEXT(2) 
PARAMETRIC_REPRESENTATION_CONTEXT() REPRESENTATION_CONTEXT('2D SPACE',''
  ) );
#2048 = ADVANCED_FACE('',(#2049),#758,.F.);
#2049 = FACE_BOUND('',#2050,.F.);
#2050 = EDGE_LOOP('',(#2051,#2074,#2075,#2076,#2100,#2128,#2151,#2175,
    #2198,#2226,#2250,#2271,#2272,#2295,#2324,#2357,#2385,#2414,#2442,
    #2475));
#2051 = ORIENTED_EDGE('',*,*,#2052,.F.);
#2052 = EDGE_CURVE('',#716,#2053,#2055,.T.);
#2053 = VERTEX_POINT('',#2054);
#2054 = CARTESIAN_POINT('',(133.8,195.,-158.5));
#2055 = SURFACE_CURVE('',#2056,(#2060,#2067),.PCURVE_S1.);
#2056 = LINE('',#2057,#2058);
#2057 = CARTESIAN_POINT('',(133.8,355.,-158.5));
#2058 = VECTOR('',#2059,1.);
#2059 = DIRECTION('',(0.,-1.,0.));
#2060 = PCURVE('',#758,#2061);
#2061 = DEFINITIONAL_REPRESENTATION('',(#2062),#2066);
#2062 = LINE('',#2063,#2064);
#2063 = CARTESIAN_POINT('',(-133.8,140.94117909917));
#2064 = VECTOR('',#2065,1.);
#2065 = DIRECTION('',(0.,-1.));
#2066 = ( GEOMETRIC_REPRESENTATION_CONTEXT(2) 
PARAMETRIC_REPRESENTATION_CONTEXT() REPRESENTATION_CONTEXT('2D SPACE',''
  ) );
#2067 = PCURVE('',#730,#2068);
#2068 = DEFINITIONAL_REPRESENTATION('',(#2069),#2073);
#2069 = LINE('',#2070,#2071);
#2070 = CARTESIAN_POINT('',(0.,0.));
#2071 = VECTOR('',#2072,1.);
#2072 = DIRECTION('',(1.,0.));
#2073 = ( GEOMETRIC_REPRESENTATION_CONTEXT(2) 
PARAMETRIC_REPRESENTATION_CONTEXT() REPRESENTATION_CONTEXT('2D SPACE',''
  ) );
#2074 = ORIENTED_EDGE('',*,*,#741,.F.);
#2075 = ORIENTED_EDGE('',*,*,#2003,.T.);
#2076 = ORIENTED_EDGE('',*,*,#2077,.T.);
#2077 = EDGE_CURVE('',#2004,#2078,#2080,.T.);
#2078 = VERTEX_POINT('',#2079);
#2079 = CARTESIAN_POINT('',(28.985915492958,60.896843053435,-158.5));
#2080 = SURFACE_CURVE('',#2081,(#2086,#2093),.PCURVE_S1.);
#2081 = CIRCLE('',#2082,137.2);
#2082 = AXIS2_PLACEMENT_3D('',#2083,#2084,#2085);
#2083 = CARTESIAN_POINT('',(-4.263256414561E-14,195.,-158.5));
#2084 = DIRECTION('',(0.,0.,-1.));
#2085 = DIRECTION('',(1.,-4.143106330963E-16,0.));
#2086 = PCURVE('',#758,#2087);
#2087 = DEFINITIONAL_REPRESENTATION('',(#2088),#2092);
#2088 = CIRCLE('',#2089,137.2);
#2089 = AXIS2_PLACEMENT_2D('',#2090,#2091);
#2090 = CARTESIAN_POINT('',(4.263256414561E-14,-19.05882090082));
#2091 = DIRECTION('',(-1.,-4.143106330963E-16));
#2092 = ( GEOMETRIC_REPRESENTATION_CONTEXT(2) 
PARAMETRIC_REPRESENTATION_CONTEXT() REPRESENTATION_CONTEXT('2D SPACE',''
  ) );
#2093 = PCURVE('',#918,#2094);
#2094 = DEFINITIONAL_REPRESENTATION('',(#2095),#2099);
#2095 = LINE('',#2096,#2097);
#2096 = CARTESIAN_POINT('',(0.,0.));
#2097 = VECTOR('',#2098,1.);
#2098 = DIRECTION('',(1.,0.));
#2099 = ( GEOMETRIC_REPRESENTATION_CONTEXT(2) 
PARAMETRIC_REPRESENTATION_CONTEXT() REPRESENTATION_CONTEXT('2D SPACE',''
  ) );
#2100 = ORIENTED_EDGE('',*,*,#2101,.T.);
#2101 = EDGE_CURVE('',#2078,#2102,#2104,.T.);
#2102 = VERTEX_POINT('',#2103);
#2103 = CARTESIAN_POINT('',(25.2,56.20518741682,-158.5));
#2104 = SURFACE_CURVE('',#2105,(#2110,#2121),.PCURVE_S1.);
#2105 = CIRCLE('',#2106,4.8);
#2106 = AXIS2_PLACEMENT_3D('',#2107,#2108,#2109);
#2107 = CARTESIAN_POINT('',(30.,56.20518741682,-158.5));
#2108 = DIRECTION('',(0.,0.,1.));
#2109 = DIRECTION('',(-0.211267605634,0.977428257628,0.));
#2110 = PCURVE('',#758,#2111);
#2111 = DEFINITIONAL_REPRESENTATION('',(#2112),#2120);
#2112 = ( BOUNDED_CURVE() B_SPLINE_CURVE(2,(#2113,#2114,#2115,#2116,
#2117,#2118,#2119),.UNSPECIFIED.,.T.,.F.) B_SPLINE_CURVE_WITH_KNOTS((1,2
    ,2,2,2,1),(-2.094395102393,0.,2.094395102393,4.188790204786,
6.28318530718,8.377580409573),.UNSPECIFIED.) CURVE() 
GEOMETRIC_REPRESENTATION_ITEM() RATIONAL_B_SPLINE_CURVE((1.,0.5,1.,0.5,
1.,0.5,1.)) REPRESENTATION_ITEM('') );
#2113 = CARTESIAN_POINT('',(-28.98591549295,-153.1619778473));
#2114 = CARTESIAN_POINT('',(-20.85972955872,-154.9184237367));
#2115 = CARTESIAN_POINT('',(-26.4439492864,-161.0776842469));
#2116 = CARTESIAN_POINT('',(-32.02816901408,-167.2369447572));
#2117 = CARTESIAN_POINT('',(-34.57013522063,-159.3212383576));
#2118 = CARTESIAN_POINT('',(-37.11210142719,-151.405531958));
#2119 = CARTESIAN_POINT('',(-28.98591549295,-153.1619778473));
#2120 = ( GEOMETRIC_REPRESENTATION_CONTEXT(2) 
PARAMETRIC_REPRESENTATION_CONTEXT() REPRESENTATION_CONTEXT('2D SPACE',''
  ) );
#2121 = PCURVE('',#947,#2122);
#2122 = DEFINITIONAL_REPRESENTATION('',(#2123),#2127);
#2123 = LINE('',#2124,#2125);
#2124 = CARTESIAN_POINT('',(-0.,0.));
#2125 = VECTOR('',#2126,1.);
#2126 = DIRECTION('',(-1.,0.));
#2127 = ( GEOMETRIC_REPRESENTATION_CONTEXT(2) 
PARAMETRIC_REPRESENTATION_CONTEXT() REPRESENTATION_CONTEXT('2D SPACE',''
  ) );
#2128 = ORIENTED_EDGE('',*,*,#2129,.T.);
#2129 = EDGE_CURVE('',#2102,#2130,#2132,.T.);
#2130 = VERTEX_POINT('',#2131);
#2131 = CARTESIAN_POINT('',(25.2,40.,-158.5));
#2132 = SURFACE_CURVE('',#2133,(#2137,#2144),.PCURVE_S1.);
#2133 = LINE('',#2134,#2135);
#2134 = CARTESIAN_POINT('',(25.2,56.20518741682,-158.5));
#2135 = VECTOR('',#2136,1.);
#2136 = DIRECTION('',(-2.192331126706E-16,-1.,0.));
#2137 = PCURVE('',#758,#2138);
#2138 = DEFINITIONAL_REPRESENTATION('',(#2139),#2143);
#2139 = LINE('',#2140,#2141);
#2140 = CARTESIAN_POINT('',(-25.2,-157.853633484));
#2141 = VECTOR('',#2142,1.);
#2142 = DIRECTION('',(2.192331126706E-16,-1.));
#2143 = ( GEOMETRIC_REPRESENTATION_CONTEXT(2) 
PARAMETRIC_REPRESENTATION_CONTEXT() REPRESENTATION_CONTEXT('2D SPACE',''
  ) );
#2144 = PCURVE('',#975,#2145);
#2145 = DEFINITIONAL_REPRESENTATION('',(#2146),#2150);
#2146 = LINE('',#2147,#2148);
#2147 = CARTESIAN_POINT('',(0.,0.));
#2148 = VECTOR('',#2149,1.);
#2149 = DIRECTION('',(1.,0.));
#2150 = ( GEOMETRIC_REPRESENTATION_CONTEXT(2) 
PARAMETRIC_REPRESENTATION_CONTEXT() REPRESENTATION_CONTEXT('2D SPACE',''
  ) );
#2151 = ORIENTED_EDGE('',*,*,#2152,.T.);
#2152 = EDGE_CURVE('',#2130,#2153,#2155,.T.);
#2153 = VERTEX_POINT('',#2154);
#2154 = CARTESIAN_POINT('',(-25.2,40.,-158.5));
#2155 = SURFACE_CURVE('',#2156,(#2161,#2168),.PCURVE_S1.);
#2156 = CIRCLE('',#2157,25.2);
#2157 = AXIS2_PLACEMENT_3D('',#2158,#2159,#2160);
#2158 = CARTESIAN_POINT('',(-2.6645352591E-15,40.,-158.5));
#2159 = DIRECTION('',(0.,0.,-1.));
#2160 = DIRECTION('',(1.,0.,0.));
#2161 = PCURVE('',#758,#2162);
#2162 = DEFINITIONAL_REPRESENTATION('',(#2163),#2167);
#2163 = CIRCLE('',#2164,25.2);
#2164 = AXIS2_PLACEMENT_2D('',#2165,#2166);
#2165 = CARTESIAN_POINT('',(2.6645352591E-15,-174.0588209008));
#2166 = DIRECTION('',(-1.,0.));
#2167 = ( GEOMETRIC_REPRESENTATION_CONTEXT(2) 
PARAMETRIC_REPRESENTATION_CONTEXT() REPRESENTATION_CONTEXT('2D SPACE',''
  ) );
#2168 = PCURVE('',#1008,#2169);
#2169 = DEFINITIONAL_REPRESENTATION('',(#2170),#2174);
#2170 = LINE('',#2171,#2172);
#2171 = CARTESIAN_POINT('',(0.,0.));
#2172 = VECTOR('',#2173,1.);
#2173 = DIRECTION('',(1.,0.));
#2174 = ( GEOMETRIC_REPRESENTATION_CONTEXT(2) 
PARAMETRIC_REPRESENTATION_CONTEXT() REPRESENTATION_CONTEXT('2D SPACE',''
  ) );
#2175 = ORIENTED_EDGE('',*,*,#2176,.T.);
#2176 = EDGE_CURVE('',#2153,#2177,#2179,.T.);
#2177 = VERTEX_POINT('',#2178);
#2178 = CARTESIAN_POINT('',(-25.2,56.20518741682,-158.5));
#2179 = SURFACE_CURVE('',#2180,(#2184,#2191),.PCURVE_S1.);
#2180 = LINE('',#2181,#2182);
#2181 = CARTESIAN_POINT('',(-25.2,40.,-158.5));
#2182 = VECTOR('',#2183,1.);
#2183 = DIRECTION('',(2.192331126706E-16,1.,0.));
#2184 = PCURVE('',#758,#2185);
#2185 = DEFINITIONAL_REPRESENTATION('',(#2186),#2190);
#2186 = LINE('',#2187,#2188);
#2187 = CARTESIAN_POINT('',(25.2,-174.0588209008));
#2188 = VECTOR('',#2189,1.);
#2189 = DIRECTION('',(-2.192331126706E-16,1.));
#2190 = ( GEOMETRIC_REPRESENTATION_CONTEXT(2) 
PARAMETRIC_REPRESENTATION_CONTEXT() REPRESENTATION_CONTEXT('2D SPACE',''
  ) );
#2191 = PCURVE('',#1036,#2192);
#2192 = DEFINITIONAL_REPRESENTATION('',(#2193),#2197);
#2193 = LINE('',#2194,#2195);
#2194 = CARTESIAN_POINT('',(0.,0.));
#2195 = VECTOR('',#2196,1.);
#2196 = DIRECTION('',(1.,0.));
#2197 = ( GEOMETRIC_REPRESENTATION_CONTEXT(2) 
PARAMETRIC_REPRESENTATION_CONTEXT() REPRESENTATION_CONTEXT('2D SPACE',''
  ) );
#2198 = ORIENTED_EDGE('',*,*,#2199,.T.);
#2199 = EDGE_CURVE('',#2177,#2200,#2202,.T.);
#2200 = VERTEX_POINT('',#2201);
#2201 = CARTESIAN_POINT('',(-28.98591549295,60.896843053435,-158.5));
#2202 = SURFACE_CURVE('',#2203,(#2208,#2219),.PCURVE_S1.);
#2203 = CIRCLE('',#2204,4.8);
#2204 = AXIS2_PLACEMENT_3D('',#2205,#2206,#2207);
#2205 = CARTESIAN_POINT('',(-30.,56.20518741682,-158.5));
#2206 = DIRECTION('',(0.,0.,1.));
#2207 = DIRECTION('',(1.,0.,-0.));
#2208 = PCURVE('',#758,#2209);
#2209 = DEFINITIONAL_REPRESENTATION('',(#2210),#2218);
#2210 = ( BOUNDED_CURVE() B_SPLINE_CURVE(2,(#2211,#2212,#2213,#2214,
#2215,#2216,#2217),.UNSPECIFIED.,.T.,.F.) B_SPLINE_CURVE_WITH_KNOTS((1,2
    ,2,2,2,1),(-2.094395102393,0.,2.094395102393,4.188790204786,
6.28318530718,8.377580409573),.UNSPECIFIED.) CURVE() 
GEOMETRIC_REPRESENTATION_ITEM() RATIONAL_B_SPLINE_CURVE((1.,0.5,1.,0.5,
1.,0.5,1.)) REPRESENTATION_ITEM('') );
#2211 = CARTESIAN_POINT('',(25.2,-157.853633484));
#2212 = CARTESIAN_POINT('',(25.2,-149.5397896076));
#2213 = CARTESIAN_POINT('',(32.4,-153.6967115458));
#2214 = CARTESIAN_POINT('',(39.6,-157.853633484));
#2215 = CARTESIAN_POINT('',(32.4,-162.0105554221));
#2216 = CARTESIAN_POINT('',(25.2,-166.1674773603));
#2217 = CARTESIAN_POINT('',(25.2,-157.853633484));
#2218 = ( GEOMETRIC_REPRESENTATION_CONTEXT(2) 
PARAMETRIC_REPRESENTATION_CONTEXT() REPRESENTATION_CONTEXT('2D SPACE',''
  ) );
#2219 = PCURVE('',#1065,#2220);
#2220 = DEFINITIONAL_REPRESENTATION('',(#2221),#2225);
#2221 = LINE('',#2222,#2223);
#2222 = CARTESIAN_POINT('',(-0.,0.));
#2223 = VECTOR('',#2224,1.);
#2224 = DIRECTION('',(-1.,0.));
#2225 = ( GEOMETRIC_REPRESENTATION_CONTEXT(2) 
PARAMETRIC_REPRESENTATION_CONTEXT() REPRESENTATION_CONTEXT('2D SPACE',''
  ) );
#2226 = ORIENTED_EDGE('',*,*,#2227,.T.);
#2227 = EDGE_CURVE('',#2200,#2228,#2230,.T.);
#2228 = VERTEX_POINT('',#2229);
#2229 = CARTESIAN_POINT('',(-137.2,195.,-158.5));
#2230 = SURFACE_CURVE('',#2231,(#2236,#2243),.PCURVE_S1.);
#2231 = CIRCLE('',#2232,137.2);
#2232 = AXIS2_PLACEMENT_3D('',#2233,#2234,#2235);
#2233 = CARTESIAN_POINT('',(4.263256414561E-14,195.,-158.5));
#2234 = DIRECTION('',(0.,0.,-1.));
#2235 = DIRECTION('',(-0.211267605634,-0.977428257628,-0.));
#2236 = PCURVE('',#758,#2237);
#2237 = DEFINITIONAL_REPRESENTATION('',(#2238),#2242);
#2238 = CIRCLE('',#2239,137.2);
#2239 = AXIS2_PLACEMENT_2D('',#2240,#2241);
#2240 = CARTESIAN_POINT('',(-4.263256414561E-14,-19.05882090082));
#2241 = DIRECTION('',(0.211267605634,-0.977428257628));
#2242 = ( GEOMETRIC_REPRESENTATION_CONTEXT(2) 
PARAMETRIC_REPRESENTATION_CONTEXT() REPRESENTATION_CONTEXT('2D SPACE',''
  ) );
#2243 = PCURVE('',#1098,#2244);
#2244 = DEFINITIONAL_REPRESENTATION('',(#2245),#2249);
#2245 = LINE('',#2246,#2247);
#2246 = CARTESIAN_POINT('',(0.,0.));
#2247 = VECTOR('',#2248,1.);
#2248 = DIRECTION('',(1.,0.));
#2249 = ( GEOMETRIC_REPRESENTATION_CONTEXT(2) 
PARAMETRIC_REPRESENTATION_CONTEXT() REPRESENTATION_CONTEXT('2D SPACE',''
  ) );
#2250 = ORIENTED_EDGE('',*,*,#2251,.T.);
#2251 = EDGE_CURVE('',#2228,#1494,#2252,.T.);
#2252 = SURFACE_CURVE('',#2253,(#2257,#2264),.PCURVE_S1.);
#2253 = LINE('',#2254,#2255);
#2254 = CARTESIAN_POINT('',(-137.2,195.,-158.5));
#2255 = VECTOR('',#2256,1.);
#2256 = DIRECTION('',(0.,1.,0.));
#2257 = PCURVE('',#758,#2258);
#2258 = DEFINITIONAL_REPRESENTATION('',(#2259),#2263);
#2259 = LINE('',#2260,#2261);
#2260 = CARTESIAN_POINT('',(137.2,-19.05882090082));
#2261 = VECTOR('',#2262,1.);
#2262 = DIRECTION('',(0.,1.));
#2263 = ( GEOMETRIC_REPRESENTATION_CONTEXT(2) 
PARAMETRIC_REPRESENTATION_CONTEXT() REPRESENTATION_CONTEXT('2D SPACE',''
  ) );
#2264 = PCURVE('',#1126,#2265);
#2265 = DEFINITIONAL_REPRESENTATION('',(#2266),#2270);
#2266 = LINE('',#2267,#2268);
#2267 = CARTESIAN_POINT('',(0.,0.));
#2268 = VECTOR('',#2269,1.);
#2269 = DIRECTION('',(1.,0.));
#2270 = ( GEOMETRIC_REPRESENTATION_CONTEXT(2) 
PARAMETRIC_REPRESENTATION_CONTEXT() REPRESENTATION_CONTEXT('2D SPACE',''
  ) );
#2271 = ORIENTED_EDGE('',*,*,#1514,.F.);
#2272 = ORIENTED_EDGE('',*,*,#2273,.F.);
#2273 = EDGE_CURVE('',#2274,#1515,#2276,.T.);
#2274 = VERTEX_POINT('',#2275);
#2275 = CARTESIAN_POINT('',(-133.8,195.,-158.5));
#2276 = SURFACE_CURVE('',#2277,(#2281,#2288),.PCURVE_S1.);
#2277 = LINE('',#2278,#2279);
#2278 = CARTESIAN_POINT('',(-133.8,195.,-158.5));
#2279 = VECTOR('',#2280,1.);
#2280 = DIRECTION('',(1.7763568394E-16,1.,0.));
#2281 = PCURVE('',#758,#2282);
#2282 = DEFINITIONAL_REPRESENTATION('',(#2283),#2287);
#2283 = LINE('',#2284,#2285);
#2284 = CARTESIAN_POINT('',(133.8,-19.05882090082));
#2285 = VECTOR('',#2286,1.);
#2286 = DIRECTION('',(-1.7763568394E-16,1.));
#2287 = ( GEOMETRIC_REPRESENTATION_CONTEXT(2) 
PARAMETRIC_REPRESENTATION_CONTEXT() REPRESENTATION_CONTEXT('2D SPACE',''
  ) );
#2288 = PCURVE('',#1557,#2289);
#2289 = DEFINITIONAL_REPRESENTATION('',(#2290),#2294);
#2290 = LINE('',#2291,#2292);
#2291 = CARTESIAN_POINT('',(0.,0.));
#2292 = VECTOR('',#2293,1.);
#2293 = DIRECTION('',(1.,0.));
#2294 = ( GEOMETRIC_REPRESENTATION_CONTEXT(2) 
PARAMETRIC_REPRESENTATION_CONTEXT() REPRESENTATION_CONTEXT('2D SPACE',''
  ) );
#2295 = ORIENTED_EDGE('',*,*,#2296,.F.);
#2296 = EDGE_CURVE('',#2297,#2274,#2299,.T.);
#2297 = VERTEX_POINT('',#2298);
#2298 = CARTESIAN_POINT('',(-28.2676056338,64.22009912937,-158.5));
#2299 = SURFACE_CURVE('',#2300,(#2305,#2312),.PCURVE_S1.);
#2300 = CIRCLE('',#2301,133.8);
#2301 = AXIS2_PLACEMENT_3D('',#2302,#2303,#2304);
#2302 = CARTESIAN_POINT('',(5.684341886081E-14,195.,-158.5));
#2303 = DIRECTION('',(0.,0.,-1.));
#2304 = DIRECTION('',(-0.211267605634,-0.977428257628,-0.));
#2305 = PCURVE('',#758,#2306);
#2306 = DEFINITIONAL_REPRESENTATION('',(#2307),#2311);
#2307 = CIRCLE('',#2308,133.8);
#2308 = AXIS2_PLACEMENT_2D('',#2309,#2310);
#2309 = CARTESIAN_POINT('',(-5.684341886081E-14,-19.05882090082));
#2310 = DIRECTION('',(0.211267605634,-0.977428257628));
#2311 = ( GEOMETRIC_REPRESENTATION_CONTEXT(2) 
PARAMETRIC_REPRESENTATION_CONTEXT() REPRESENTATION_CONTEXT('2D SPACE',''
  ) );
#2312 = PCURVE('',#2313,#2318);
#2313 = CYLINDRICAL_SURFACE('',#2314,133.8);
#2314 = AXIS2_PLACEMENT_3D('',#2315,#2316,#2317);
#2315 = CARTESIAN_POINT('',(5.684341886081E-14,195.,-158.5));
#2316 = DIRECTION('',(0.,0.,-1.));
#2317 = DIRECTION('',(-0.211267605634,-0.977428257628,-0.));
#2318 = DEFINITIONAL_REPRESENTATION('',(#2319),#2323);
#2319 = LINE('',#2320,#2321);
#2320 = CARTESIAN_POINT('',(0.,0.));
#2321 = VECTOR('',#2322,1.);
#2322 = DIRECTION('',(1.,0.));
#2323 = ( GEOMETRIC_REPRESENTATION_CONTEXT(2) 
PARAMETRIC_REPRESENTATION_CONTEXT() REPRESENTATION_CONTEXT('2D SPACE',''
  ) );
#2324 = ORIENTED_EDGE('',*,*,#2325,.F.);
#2325 = EDGE_CURVE('',#2326,#2297,#2328,.T.);
#2326 = VERTEX_POINT('',#2327);
#2327 = CARTESIAN_POINT('',(-21.8,56.20518741682,-158.5));
#2328 = SURFACE_CURVE('',#2329,(#2334,#2345),.PCURVE_S1.);
#2329 = CIRCLE('',#2330,8.2);
#2330 = AXIS2_PLACEMENT_3D('',#2331,#2332,#2333);
#2331 = CARTESIAN_POINT('',(-30.,56.20518741682,-158.5));
#2332 = DIRECTION('',(0.,0.,1.));
#2333 = DIRECTION('',(1.,-1.73303106283E-15,0.));
#2334 = PCURVE('',#758,#2335);
#2335 = DEFINITIONAL_REPRESENTATION('',(#2336),#2344);
#2336 = ( BOUNDED_CURVE() B_SPLINE_CURVE(2,(#2337,#2338,#2339,#2340,
#2341,#2342,#2343),.UNSPECIFIED.,.T.,.F.) B_SPLINE_CURVE_WITH_KNOTS((1,2
    ,2,2,2,1),(-2.094395102393,0.,2.094395102393,4.188790204786,
6.28318530718,8.377580409573),.UNSPECIFIED.) CURVE() 
GEOMETRIC_REPRESENTATION_ITEM() RATIONAL_B_SPLINE_CURVE((1.,0.5,1.,0.5,
1.,0.5,1.)) REPRESENTATION_ITEM('') );
#2337 = CARTESIAN_POINT('',(21.8,-157.853633484));
#2338 = CARTESIAN_POINT('',(21.8,-143.6508168619));
#2339 = CARTESIAN_POINT('',(34.1,-150.7522251729));
#2340 = CARTESIAN_POINT('',(46.4,-157.853633484));
#2341 = CARTESIAN_POINT('',(34.1,-164.955041795));
#2342 = CARTESIAN_POINT('',(21.8,-172.056450106));
#2343 = CARTESIAN_POINT('',(21.8,-157.853633484));
#2344 = ( GEOMETRIC_REPRESENTATION_CONTEXT(2) 
PARAMETRIC_REPRESENTATION_CONTEXT() REPRESENTATION_CONTEXT('2D SPACE',''
  ) );
#2345 = PCURVE('',#2346,#2351);
#2346 = CYLINDRICAL_SURFACE('',#2347,8.2);
#2347 = AXIS2_PLACEMENT_3D('',#2348,#2349,#2350);
#2348 = CARTESIAN_POINT('',(-30.,56.20518741682,-158.5));
#2349 = DIRECTION('',(-0.,-0.,-1.));
#2350 = DIRECTION('',(1.,-1.73303106283E-15,0.));
#2351 = DEFINITIONAL_REPRESENTATION('',(#2352),#2356);
#2352 = LINE('',#2353,#2354);
#2353 = CARTESIAN_POINT('',(-0.,0.));
#2354 = VECTOR('',#2355,1.);
#2355 = DIRECTION('',(-1.,0.));
#2356 = ( GEOMETRIC_REPRESENTATION_CONTEXT(2) 
PARAMETRIC_REPRESENTATION_CONTEXT() REPRESENTATION_CONTEXT('2D SPACE',''
  ) );
#2357 = ORIENTED_EDGE('',*,*,#2358,.F.);
#2358 = EDGE_CURVE('',#2359,#2326,#2361,.T.);
#2359 = VERTEX_POINT('',#2360);
#2360 = CARTESIAN_POINT('',(-21.8,40.,-158.5));
#2361 = SURFACE_CURVE('',#2362,(#2366,#2373),.PCURVE_S1.);
#2362 = LINE('',#2363,#2364);
#2363 = CARTESIAN_POINT('',(-21.8,40.,-158.5));
#2364 = VECTOR('',#2365,1.);
#2365 = DIRECTION('',(0.,1.,0.));
#2366 = PCURVE('',#758,#2367);
#2367 = DEFINITIONAL_REPRESENTATION('',(#2368),#2372);
#2368 = LINE('',#2369,#2370);
#2369 = CARTESIAN_POINT('',(21.8,-174.0588209008));
#2370 = VECTOR('',#2371,1.);
#2371 = DIRECTION('',(0.,1.));
#2372 = ( GEOMETRIC_REPRESENTATION_CONTEXT(2) 
PARAMETRIC_REPRESENTATION_CONTEXT() REPRESENTATION_CONTEXT('2D SPACE',''
  ) );
#2373 = PCURVE('',#2374,#2379);
#2374 = PLANE('',#2375);
#2375 = AXIS2_PLACEMENT_3D('',#2376,#2377,#2378);
#2376 = CARTESIAN_POINT('',(-21.8,40.,-158.5));
#2377 = DIRECTION('',(-1.,0.,0.));
#2378 = DIRECTION('',(0.,1.,0.));
#2379 = DEFINITIONAL_REPRESENTATION('',(#2380),#2384);
#2380 = LINE('',#2381,#2382);
#2381 = CARTESIAN_POINT('',(0.,0.));
#2382 = VECTOR('',#2383,1.);
#2383 = DIRECTION('',(1.,0.));
#2384 = ( GEOMETRIC_REPRESENTATION_CONTEXT(2) 
PARAMETRIC_REPRESENTATION_CONTEXT() REPRESENTATION_CONTEXT('2D SPACE',''
  ) );
#2385 = ORIENTED_EDGE('',*,*,#2386,.F.);
#2386 = EDGE_CURVE('',#2387,#2359,#2389,.T.);
#2387 = VERTEX_POINT('',#2388);
#2388 = CARTESIAN_POINT('',(21.8,40.,-158.5));
#2389 = SURFACE_CURVE('',#2390,(#2395,#2402),.PCURVE_S1.);
#2390 = CIRCLE('',#2391,21.8);
#2391 = AXIS2_PLACEMENT_3D('',#2392,#2393,#2394);
#2392 = CARTESIAN_POINT('',(0.,40.,-158.5));
#2393 = DIRECTION('',(0.,0.,-1.));
#2394 = DIRECTION('',(1.,0.,0.));
#2395 = PCURVE('',#758,#2396);
#2396 = DEFINITIONAL_REPRESENTATION('',(#2397),#2401);
#2397 = CIRCLE('',#2398,21.8);
#2398 = AXIS2_PLACEMENT_2D('',#2399,#2400);
#2399 = CARTESIAN_POINT('',(0.,-174.0588209008));
#2400 = DIRECTION('',(-1.,0.));
#2401 = ( GEOMETRIC_REPRESENTATION_CONTEXT(2) 
PARAMETRIC_REPRESENTATION_CONTEXT() REPRESENTATION_CONTEXT('2D SPACE',''
  ) );
#2402 = PCURVE('',#2403,#2408);
#2403 = CYLINDRICAL_SURFACE('',#2404,21.8);
#2404 = AXIS2_PLACEMENT_3D('',#2405,#2406,#2407);
#2405 = CARTESIAN_POINT('',(0.,40.,-158.5));
#2406 = DIRECTION('',(0.,0.,-1.));
#2407 = DIRECTION('',(1.,0.,0.));
#2408 = DEFINITIONAL_REPRESENTATION('',(#2409),#2413);
#2409 = LINE('',#2410,#2411);
#2410 = CARTESIAN_POINT('',(0.,0.));
#2411 = VECTOR('',#2412,1.);
#2412 = DIRECTION('',(1.,0.));
#2413 = ( GEOMETRIC_REPRESENTATION_CONTEXT(2) 
PARAMETRIC_REPRESENTATION_CONTEXT() REPRESENTATION_CONTEXT('2D SPACE',''
  ) );
#2414 = ORIENTED_EDGE('',*,*,#2415,.F.);
#2415 = EDGE_CURVE('',#2416,#2387,#2418,.T.);
#2416 = VERTEX_POINT('',#2417);
#2417 = CARTESIAN_POINT('',(21.8,56.20518741682,-158.5));
#2418 = SURFACE_CURVE('',#2419,(#2423,#2430),.PCURVE_S1.);
#2419 = LINE('',#2420,#2421);
#2420 = CARTESIAN_POINT('',(21.8,56.20518741682,-158.5));
#2421 = VECTOR('',#2422,1.);
#2422 = DIRECTION('',(2.192331126706E-16,-1.,0.));
#2423 = PCURVE('',#758,#2424);
#2424 = DEFINITIONAL_REPRESENTATION('',(#2425),#2429);
#2425 = LINE('',#2426,#2427);
#2426 = CARTESIAN_POINT('',(-21.8,-157.853633484));
#2427 = VECTOR('',#2428,1.);
#2428 = DIRECTION('',(-2.192331126706E-16,-1.));
#2429 = ( GEOMETRIC_REPRESENTATION_CONTEXT(2) 
PARAMETRIC_REPRESENTATION_CONTEXT() REPRESENTATION_CONTEXT('2D SPACE',''
  ) );
#2430 = PCURVE('',#2431,#2436);
#2431 = PLANE('',#2432);
#2432 = AXIS2_PLACEMENT_3D('',#2433,#2434,#2435);
#2433 = CARTESIAN_POINT('',(21.8,56.20518741682,-158.5));
#2434 = DIRECTION('',(1.,2.192331126706E-16,-0.));
#2435 = DIRECTION('',(2.192331126706E-16,-1.,0.));
#2436 = DEFINITIONAL_REPRESENTATION('',(#2437),#2441);
#2437 = LINE('',#2438,#2439);
#2438 = CARTESIAN_POINT('',(0.,0.));
#2439 = VECTOR('',#2440,1.);
#2440 = DIRECTION('',(1.,0.));
#2441 = ( GEOMETRIC_REPRESENTATION_CONTEXT(2) 
PARAMETRIC_REPRESENTATION_CONTEXT() REPRESENTATION_CONTEXT('2D SPACE',''
  ) );
#2442 = ORIENTED_EDGE('',*,*,#2443,.F.);
#2443 = EDGE_CURVE('',#2444,#2416,#2446,.T.);
#2444 = VERTEX_POINT('',#2445);
#2445 = CARTESIAN_POINT('',(28.267605633803,64.22009912937,-158.5));
#2446 = SURFACE_CURVE('',#2447,(#2452,#2463),.PCURVE_S1.);
#2447 = CIRCLE('',#2448,8.2);
#2448 = AXIS2_PLACEMENT_3D('',#2449,#2450,#2451);
#2449 = CARTESIAN_POINT('',(30.,56.20518741682,-158.5));
#2450 = DIRECTION('',(0.,0.,1.));
#2451 = DIRECTION('',(-0.211267605634,0.977428257628,0.));
#2452 = PCURVE('',#758,#2453);
#2453 = DEFINITIONAL_REPRESENTATION('',(#2454),#2462);
#2454 = ( BOUNDED_CURVE() B_SPLINE_CURVE(2,(#2455,#2456,#2457,#2458,
#2459,#2460,#2461),.UNSPECIFIED.,.T.,.F.) B_SPLINE_CURVE_WITH_KNOTS((1,2
    ,2,2,2,1),(-2.094395102393,0.,2.094395102393,4.188790204786,
6.28318530718,8.377580409573),.UNSPECIFIED.) CURVE() 
GEOMETRIC_REPRESENTATION_ITEM() RATIONAL_B_SPLINE_CURVE((1.,0.5,1.,0.5,
1.,0.5,1.)) REPRESENTATION_ITEM('') );
#2455 = CARTESIAN_POINT('',(-28.2676056338,-149.8387217714));
#2456 = CARTESIAN_POINT('',(-14.38537132948,-152.8393168324));
#2457 = CARTESIAN_POINT('',(-23.92508003094,-163.3613868707));
#2458 = CARTESIAN_POINT('',(-33.46478873239,-173.8834569091));
#2459 = CARTESIAN_POINT('',(-37.80731433525,-160.3607918097));
#2460 = CARTESIAN_POINT('',(-42.14983993811,-146.8381267104));
#2461 = CARTESIAN_POINT('',(-28.2676056338,-149.8387217714));
#2462 = ( GEOMETRIC_REPRESENTATION_CONTEXT(2) 
PARAMETRIC_REPRESENTATION_CONTEXT() REPRESENTATION_CONTEXT('2D SPACE',''
  ) );
#2463 = PCURVE('',#2464,#2469);
#2464 = CYLINDRICAL_SURFACE('',#2465,8.2);
#2465 = AXIS2_PLACEMENT_3D('',#2466,#2467,#2468);
#2466 = CARTESIAN_POINT('',(30.,56.20518741682,-158.5));
#2467 = DIRECTION('',(-0.,-0.,-1.));
#2468 = DIRECTION('',(-0.211267605634,0.977428257628,0.));
#2469 = DEFINITIONAL_REPRESENTATION('',(#2470),#2474);
#2470 = LINE('',#2471,#2472);
#2471 = CARTESIAN_POINT('',(-0.,0.));
#2472 = VECTOR('',#2473,1.);
#2473 = DIRECTION('',(-1.,0.));
#2474 = ( GEOMETRIC_REPRESENTATION_CONTEXT(2) 
PARAMETRIC_REPRESENTATION_CONTEXT() REPRESENTATION_CONTEXT('2D SPACE',''
  ) );
#2475 = ORIENTED_EDGE('',*,*,#2476,.F.);
#2476 = EDGE_CURVE('',#2053,#2444,#2477,.T.);
#2477 = SURFACE_CURVE('',#2478,(#2483,#2490),.PCURVE_S1.);
#2478 = CIRCLE('',#2479,133.8);
#2479 = AXIS2_PLACEMENT_3D('',#2480,#2481,#2482);
#2480 = CARTESIAN_POINT('',(-5.684341886081E-14,195.,-158.5));
#2481 = DIRECTION('',(0.,0.,-1.));
#2482 = DIRECTION('',(1.,-4.248387059851E-16,0.));
#2483 = PCURVE('',#758,#2484);
#2484 = DEFINITIONAL_REPRESENTATION('',(#2485),#2489);
#2485 = CIRCLE('',#2486,133.8);
#2486 = AXIS2_PLACEMENT_2D('',#2487,#2488);
#2487 = CARTESIAN_POINT('',(5.684341886081E-14,-19.05882090082));
#2488 = DIRECTION('',(-1.,-4.248387059851E-16));
#2489 = ( GEOMETRIC_REPRESENTATION_CONTEXT(2) 
PARAMETRIC_REPRESENTATION_CONTEXT() REPRESENTATION_CONTEXT('2D SPACE',''
  ) );
#2490 = PCURVE('',#2491,#2496);
#2491 = CYLINDRICAL_SURFACE('',#2492,133.8);
#2492 = AXIS2_PLACEMENT_3D('',#2493,#2494,#2495);
#2493 = CARTESIAN_POINT('',(-5.684341886081E-14,195.,-158.5));
#2494 = DIRECTION('',(0.,0.,-1.));
#2495 = DIRECTION('',(1.,-4.248387059851E-16,0.));
#2496 = DEFINITIONAL_REPRESENTATION('',(#2497),#2501);
#2497 = LINE('',#2498,#2499);
#2498 = CARTESIAN_POINT('',(0.,0.));
#2499 = VECTOR('',#2500,1.);
#2500 = DIRECTION('',(1.,0.));
#2501 = ( GEOMETRIC_REPRESENTATION_CONTEXT(2) 
PARAMETRIC_REPRESENTATION_CONTEXT() REPRESENTATION_CONTEXT('2D SPACE',''
  ) );
#2502 = ADVANCED_FACE('',(#2503),#730,.T.);
#2503 = FACE_BOUND('',#2504,.T.);
#2504 = EDGE_LOOP('',(#2505,#2506,#2507,#2530));
#2505 = ORIENTED_EDGE('',*,*,#2052,.F.);
#2506 = ORIENTED_EDGE('',*,*,#715,.T.);
#2507 = ORIENTED_EDGE('',*,*,#2508,.T.);
#2508 = EDGE_CURVE('',#687,#2509,#2511,.T.);
#2509 = VERTEX_POINT('',#2510);
#2510 = CARTESIAN_POINT('',(133.8,195.,-154.5));
#2511 = SURFACE_CURVE('',#2512,(#2516,#2523),.PCURVE_S1.);
#2512 = LINE('',#2513,#2514);
#2513 = CARTESIAN_POINT('',(133.8,355.,-154.5));
#2514 = VECTOR('',#2515,1.);
#2515 = DIRECTION('',(0.,-1.,0.));
#2516 = PCURVE('',#730,#2517);
#2517 = DEFINITIONAL_REPRESENTATION('',(#2518),#2522);
#2518 = LINE('',#2519,#2520);
#2519 = CARTESIAN_POINT('',(0.,-4.));
#2520 = VECTOR('',#2521,1.);
#2521 = DIRECTION('',(1.,0.));
#2522 = ( GEOMETRIC_REPRESENTATION_CONTEXT(2) 
PARAMETRIC_REPRESENTATION_CONTEXT() REPRESENTATION_CONTEXT('2D SPACE',''
  ) );
#2523 = PCURVE('',#703,#2524);
#2524 = DEFINITIONAL_REPRESENTATION('',(#2525),#2529);
#2525 = LINE('',#2526,#2527);
#2526 = CARTESIAN_POINT('',(133.8,179.));
#2527 = VECTOR('',#2528,1.);
#2528 = DIRECTION('',(0.,-1.));
#2529 = ( GEOMETRIC_REPRESENTATION_CONTEXT(2) 
PARAMETRIC_REPRESENTATION_CONTEXT() REPRESENTATION_CONTEXT('2D SPACE',''
  ) );
#2530 = ORIENTED_EDGE('',*,*,#2531,.F.);
#2531 = EDGE_CURVE('',#2053,#2509,#2532,.T.);
#2532 = SURFACE_CURVE('',#2533,(#2537,#2544),.PCURVE_S1.);
#2533 = LINE('',#2534,#2535);
#2534 = CARTESIAN_POINT('',(133.8,195.,-158.5));
#2535 = VECTOR('',#2536,1.);
#2536 = DIRECTION('',(0.,0.,1.));
#2537 = PCURVE('',#730,#2538);
#2538 = DEFINITIONAL_REPRESENTATION('',(#2539),#2543);
#2539 = LINE('',#2540,#2541);
#2540 = CARTESIAN_POINT('',(160.,0.));
#2541 = VECTOR('',#2542,1.);
#2542 = DIRECTION('',(0.,-1.));
#2543 = ( GEOMETRIC_REPRESENTATION_CONTEXT(2) 
PARAMETRIC_REPRESENTATION_CONTEXT() REPRESENTATION_CONTEXT('2D SPACE',''
  ) );
#2544 = PCURVE('',#2491,#2545);
#2545 = DEFINITIONAL_REPRESENTATION('',(#2546),#2550);
#2546 = LINE('',#2547,#2548);
#2547 = CARTESIAN_POINT('',(0.,0.));
#2548 = VECTOR('',#2549,1.);
#2549 = DIRECTION('',(0.,-1.));
#2550 = ( GEOMETRIC_REPRESENTATION_CONTEXT(2) 
PARAMETRIC_REPRESENTATION_CONTEXT() REPRESENTATION_CONTEXT('2D SPACE',''
  ) );
#2551 = ADVANCED_FACE('',(#2552,#2757,#2760,#2763,#2766),#703,.T.);
#2552 = FACE_BOUND('',#2553,.T.);
#2553 = EDGE_LOOP('',(#2554,#2555,#2556,#2557,#2558,#2581,#2609,#2633,
    #2656,#2684,#2707,#2731));
#2554 = ORIENTED_EDGE('',*,*,#2508,.F.);
#2555 = ORIENTED_EDGE('',*,*,#686,.T.);
#2556 = ORIENTED_EDGE('',*,*,#1395,.T.);
#2557 = ORIENTED_EDGE('',*,*,#1568,.T.);
#2558 = ORIENTED_EDGE('',*,*,#2559,.F.);
#2559 = EDGE_CURVE('',#2560,#1543,#2562,.T.);
#2560 = VERTEX_POINT('',#2561);
#2561 = CARTESIAN_POINT('',(-133.8,195.,-154.5));
#2562 = SURFACE_CURVE('',#2563,(#2567,#2574),.PCURVE_S1.);
#2563 = LINE('',#2564,#2565);
#2564 = CARTESIAN_POINT('',(-133.8,195.,-154.5));
#2565 = VECTOR('',#2566,1.);
#2566 = DIRECTION('',(1.7763568394E-16,1.,0.));
#2567 = PCURVE('',#703,#2568);
#2568 = DEFINITIONAL_REPRESENTATION('',(#2569),#2573);
#2569 = LINE('',#2570,#2571);
#2570 = CARTESIAN_POINT('',(-133.8,19.));
#2571 = VECTOR('',#2572,1.);
#2572 = DIRECTION('',(1.7763568394E-16,1.));
#2573 = ( GEOMETRIC_REPRESENTATION_CONTEXT(2) 
PARAMETRIC_REPRESENTATION_CONTEXT() REPRESENTATION_CONTEXT('2D SPACE',''
  ) );
#2574 = PCURVE('',#1557,#2575);
#2575 = DEFINITIONAL_REPRESENTATION('',(#2576),#2580);
#2576 = LINE('',#2577,#2578);
#2577 = CARTESIAN_POINT('',(0.,-4.));
#2578 = VECTOR('',#2579,1.);
#2579 = DIRECTION('',(1.,0.));
#2580 = ( GEOMETRIC_REPRESENTATION_CONTEXT(2) 
PARAMETRIC_REPRESENTATION_CONTEXT() REPRESENTATION_CONTEXT('2D SPACE',''
  ) );
#2581 = ORIENTED_EDGE('',*,*,#2582,.F.);
#2582 = EDGE_CURVE('',#2583,#2560,#2585,.T.);
#2583 = VERTEX_POINT('',#2584);
#2584 = CARTESIAN_POINT('',(-28.2676056338,64.22009912937,-154.5));
#2585 = SURFACE_CURVE('',#2586,(#2591,#2602),.PCURVE_S1.);
#2586 = CIRCLE('',#2587,133.8);
#2587 = AXIS2_PLACEMENT_3D('',#2588,#2589,#2590);
#2588 = CARTESIAN_POINT('',(5.684341886081E-14,195.,-154.5));
#2589 = DIRECTION('',(0.,0.,-1.));
#2590 = DIRECTION('',(-0.211267605634,-0.977428257628,-0.));
#2591 = PCURVE('',#703,#2592);
#2592 = DEFINITIONAL_REPRESENTATION('',(#2593),#2601);
#2593 = ( BOUNDED_CURVE() B_SPLINE_CURVE(2,(#2594,#2595,#2596,#2597,
#2598,#2599,#2600),.UNSPECIFIED.,.T.,.F.) B_SPLINE_CURVE_WITH_KNOTS((1,2
    ,2,2,2,1),(-2.094395102393,0.,2.094395102393,4.188790204786,
6.28318530718,8.377580409573),.UNSPECIFIED.) CURVE() 
GEOMETRIC_REPRESENTATION_ITEM() RATIONAL_B_SPLINE_CURVE((1.,0.5,1.,0.5,
1.,0.5,1.)) REPRESENTATION_ITEM('') );
#2594 = CARTESIAN_POINT('',(-28.2676056338,-111.7799008706));
#2595 = CARTESIAN_POINT('',(-254.7850385505,-62.81897170456));
#2596 = CARTESIAN_POINT('',(-99.12491364147,108.87041501834));
#2597 = CARTESIAN_POINT('',(56.535211267606,280.55980174126));
#2598 = CARTESIAN_POINT('',(127.39251927527,59.909485852282));
#2599 = CARTESIAN_POINT('',(198.24982728295,-160.7408300366));
#2600 = CARTESIAN_POINT('',(-28.2676056338,-111.7799008706));
#2601 = ( GEOMETRIC_REPRESENTATION_CONTEXT(2) 
PARAMETRIC_REPRESENTATION_CONTEXT() REPRESENTATION_CONTEXT('2D SPACE',''
  ) );
#2602 = PCURVE('',#2313,#2603);
#2603 = DEFINITIONAL_REPRESENTATION('',(#2604),#2608);
#2604 = LINE('',#2605,#2606);
#2605 = CARTESIAN_POINT('',(0.,-4.));
#2606 = VECTOR('',#2607,1.);
#2607 = DIRECTION('',(1.,0.));
#2608 = ( GEOMETRIC_REPRESENTATION_CONTEXT(2) 
PARAMETRIC_REPRESENTATION_CONTEXT() REPRESENTATION_CONTEXT('2D SPACE',''
  ) );
#2609 = ORIENTED_EDGE('',*,*,#2610,.F.);
#2610 = EDGE_CURVE('',#2611,#2583,#2613,.T.);
#2611 = VERTEX_POINT('',#2612);
#2612 = CARTESIAN_POINT('',(-21.8,56.20518741682,-154.5));
#2613 = SURFACE_CURVE('',#2614,(#2619,#2626),.PCURVE_S1.);
#2614 = CIRCLE('',#2615,8.2);
#2615 = AXIS2_PLACEMENT_3D('',#2616,#2617,#2618);
#2616 = CARTESIAN_POINT('',(-30.,56.20518741682,-154.5));
#2617 = DIRECTION('',(0.,0.,1.));
#2618 = DIRECTION('',(1.,-1.73303106283E-15,0.));
#2619 = PCURVE('',#703,#2620);
#2620 = DEFINITIONAL_REPRESENTATION('',(#2621),#2625);
#2621 = CIRCLE('',#2622,8.2);
#2622 = AXIS2_PLACEMENT_2D('',#2623,#2624);
#2623 = CARTESIAN_POINT('',(-30.,-119.7948125831));
#2624 = DIRECTION('',(1.,-1.73303106283E-15));
#2625 = ( GEOMETRIC_REPRESENTATION_CONTEXT(2) 
PARAMETRIC_REPRESENTATION_CONTEXT() REPRESENTATION_CONTEXT('2D SPACE',''
  ) );
#2626 = PCURVE('',#2346,#2627);
#2627 = DEFINITIONAL_REPRESENTATION('',(#2628),#2632);
#2628 = LINE('',#2629,#2630);
#2629 = CARTESIAN_POINT('',(-0.,-4.));
#2630 = VECTOR('',#2631,1.);
#2631 = DIRECTION('',(-1.,0.));
#2632 = ( GEOMETRIC_REPRESENTATION_CONTEXT(2) 
PARAMETRIC_REPRESENTATION_CONTEXT() REPRESENTATION_CONTEXT('2D SPACE',''
  ) );
#2633 = ORIENTED_EDGE('',*,*,#2634,.F.);
#2634 = EDGE_CURVE('',#2635,#2611,#2637,.T.);
#2635 = VERTEX_POINT('',#2636);
#2636 = CARTESIAN_POINT('',(-21.8,40.,-154.5));
#2637 = SURFACE_CURVE('',#2638,(#2642,#2649),.PCURVE_S1.);
#2638 = LINE('',#2639,#2640);
#2639 = CARTESIAN_POINT('',(-21.8,40.,-154.5));
#2640 = VECTOR('',#2641,1.);
#2641 = DIRECTION('',(0.,1.,0.));
#2642 = PCURVE('',#703,#2643);
#2643 = DEFINITIONAL_REPRESENTATION('',(#2644),#2648);
#2644 = LINE('',#2645,#2646);
#2645 = CARTESIAN_POINT('',(-21.8,-136.));
#2646 = VECTOR('',#2647,1.);
#2647 = DIRECTION('',(0.,1.));
#2648 = ( GEOMETRIC_REPRESENTATION_CONTEXT(2) 
PARAMETRIC_REPRESENTATION_CONTEXT() REPRESENTATION_CONTEXT('2D SPACE',''
  ) );
#2649 = PCURVE('',#2374,#2650);
#2650 = DEFINITIONAL_REPRESENTATION('',(#2651),#2655);
#2651 = LINE('',#2652,#2653);
#2652 = CARTESIAN_POINT('',(0.,-4.));
#2653 = VECTOR('',#2654,1.);
#2654 = DIRECTION('',(1.,0.));
#2655 = ( GEOMETRIC_REPRESENTATION_CONTEXT(2) 
PARAMETRIC_REPRESENTATION_CONTEXT() REPRESENTATION_CONTEXT('2D SPACE',''
  ) );
#2656 = ORIENTED_EDGE('',*,*,#2657,.F.);
#2657 = EDGE_CURVE('',#2658,#2635,#2660,.T.);
#2658 = VERTEX_POINT('',#2659);
#2659 = CARTESIAN_POINT('',(21.8,40.,-154.5));
#2660 = SURFACE_CURVE('',#2661,(#2666,#2677),.PCURVE_S1.);
#2661 = CIRCLE('',#2662,21.8);
#2662 = AXIS2_PLACEMENT_3D('',#2663,#2664,#2665);
#2663 = CARTESIAN_POINT('',(0.,40.,-154.5));
#2664 = DIRECTION('',(0.,0.,-1.));
#2665 = DIRECTION('',(1.,0.,0.));
#2666 = PCURVE('',#703,#2667);
#2667 = DEFINITIONAL_REPRESENTATION('',(#2668),#2676);
#2668 = ( BOUNDED_CURVE() B_SPLINE_CURVE(2,(#2669,#2670,#2671,#2672,
#2673,#2674,#2675),.UNSPECIFIED.,.T.,.F.) B_SPLINE_CURVE_WITH_KNOTS((1,2
    ,2,2,2,1),(-2.094395102393,0.,2.094395102393,4.188790204786,
6.28318530718,8.377580409573),.UNSPECIFIED.) CURVE() 
GEOMETRIC_REPRESENTATION_ITEM() RATIONAL_B_SPLINE_CURVE((1.,0.5,1.,0.5,
1.,0.5,1.)) REPRESENTATION_ITEM('') );
#2669 = CARTESIAN_POINT('',(21.8,-136.));
#2670 = CARTESIAN_POINT('',(21.8,-173.758707605));
#2671 = CARTESIAN_POINT('',(-10.9,-154.8793538025));
#2672 = CARTESIAN_POINT('',(-43.6,-136.));
#2673 = CARTESIAN_POINT('',(-10.9,-117.1206461974));
#2674 = CARTESIAN_POINT('',(21.8,-98.24129239499));
#2675 = CARTESIAN_POINT('',(21.8,-136.));
#2676 = ( GEOMETRIC_REPRESENTATION_CONTEXT(2) 
PARAMETRIC_REPRESENTATION_CONTEXT() REPRESENTATION_CONTEXT('2D SPACE',''
  ) );
#2677 = PCURVE('',#2403,#2678);
#2678 = DEFINITIONAL_REPRESENTATION('',(#2679),#2683);
#2679 = LINE('',#2680,#2681);
#2680 = CARTESIAN_POINT('',(0.,-4.));
#2681 = VECTOR('',#2682,1.);
#2682 = DIRECTION('',(1.,0.));
#2683 = ( GEOMETRIC_REPRESENTATION_CONTEXT(2) 
PARAMETRIC_REPRESENTATION_CONTEXT() REPRESENTATION_CONTEXT('2D SPACE',''
  ) );
#2684 = ORIENTED_EDGE('',*,*,#2685,.F.);
#2685 = EDGE_CURVE('',#2686,#2658,#2688,.T.);
#2686 = VERTEX_POINT('',#2687);
#2687 = CARTESIAN_POINT('',(21.8,56.20518741682,-154.5));
#2688 = SURFACE_CURVE('',#2689,(#2693,#2700),.PCURVE_S1.);
#2689 = LINE('',#2690,#2691);
#2690 = CARTESIAN_POINT('',(21.8,56.20518741682,-154.5));
#2691 = VECTOR('',#2692,1.);
#2692 = DIRECTION('',(2.192331126706E-16,-1.,0.));
#2693 = PCURVE('',#703,#2694);
#2694 = DEFINITIONAL_REPRESENTATION('',(#2695),#2699);
#2695 = LINE('',#2696,#2697);
#2696 = CARTESIAN_POINT('',(21.8,-119.7948125831));
#2697 = VECTOR('',#2698,1.);
#2698 = DIRECTION('',(2.192331126706E-16,-1.));
#2699 = ( GEOMETRIC_REPRESENTATION_CONTEXT(2) 
PARAMETRIC_REPRESENTATION_CONTEXT() REPRESENTATION_CONTEXT('2D SPACE',''
  ) );
#2700 = PCURVE('',#2431,#2701);
#2701 = DEFINITIONAL_REPRESENTATION('',(#2702),#2706);
#2702 = LINE('',#2703,#2704);
#2703 = CARTESIAN_POINT('',(0.,-4.));
#2704 = VECTOR('',#2705,1.);
#2705 = DIRECTION('',(1.,0.));
#2706 = ( GEOMETRIC_REPRESENTATION_CONTEXT(2) 
PARAMETRIC_REPRESENTATION_CONTEXT() REPRESENTATION_CONTEXT('2D SPACE',''
  ) );
#2707 = ORIENTED_EDGE('',*,*,#2708,.F.);
#2708 = EDGE_CURVE('',#2709,#2686,#2711,.T.);
#2709 = VERTEX_POINT('',#2710);
#2710 = CARTESIAN_POINT('',(28.267605633803,64.22009912937,-154.5));
#2711 = SURFACE_CURVE('',#2712,(#2717,#2724),.PCURVE_S1.);
#2712 = CIRCLE('',#2713,8.2);
#2713 = AXIS2_PLACEMENT_3D('',#2714,#2715,#2716);
#2714 = CARTESIAN_POINT('',(30.,56.20518741682,-154.5));
#2715 = DIRECTION('',(0.,0.,1.));
#2716 = DIRECTION('',(-0.211267605634,0.977428257628,0.));
#2717 = PCURVE('',#703,#2718);
#2718 = DEFINITIONAL_REPRESENTATION('',(#2719),#2723);
#2719 = CIRCLE('',#2720,8.2);
#2720 = AXIS2_PLACEMENT_2D('',#2721,#2722);
#2721 = CARTESIAN_POINT('',(30.,-119.7948125831));
#2722 = DIRECTION('',(-0.211267605634,0.977428257628));
#2723 = ( GEOMETRIC_REPRESENTATION_CONTEXT(2) 
PARAMETRIC_REPRESENTATION_CONTEXT() REPRESENTATION_CONTEXT('2D SPACE',''
  ) );
#2724 = PCURVE('',#2464,#2725);
#2725 = DEFINITIONAL_REPRESENTATION('',(#2726),#2730);
#2726 = LINE('',#2727,#2728);
#2727 = CARTESIAN_POINT('',(-0.,-4.));
#2728 = VECTOR('',#2729,1.);
#2729 = DIRECTION('',(-1.,0.));
#2730 = ( GEOMETRIC_REPRESENTATION_CONTEXT(2) 
PARAMETRIC_REPRESENTATION_CONTEXT() REPRESENTATION_CONTEXT('2D SPACE',''
  ) );
#2731 = ORIENTED_EDGE('',*,*,#2732,.F.);
#2732 = EDGE_CURVE('',#2509,#2709,#2733,.T.);
#2733 = SURFACE_CURVE('',#2734,(#2739,#2750),.PCURVE_S1.);
#2734 = CIRCLE('',#2735,133.8);
#2735 = AXIS2_PLACEMENT_3D('',#2736,#2737,#2738);
#2736 = CARTESIAN_POINT('',(-5.684341886081E-14,195.,-154.5));
#2737 = DIRECTION('',(0.,0.,-1.));
#2738 = DIRECTION('',(1.,-4.248387059851E-16,0.));
#2739 = PCURVE('',#703,#2740);
#2740 = DEFINITIONAL_REPRESENTATION('',(#2741),#2749);
#2741 = ( BOUNDED_CURVE() B_SPLINE_CURVE(2,(#2742,#2743,#2744,#2745,
#2746,#2747,#2748),.UNSPECIFIED.,.T.,.F.) B_SPLINE_CURVE_WITH_KNOTS((1,2
    ,2,2,2,1),(-2.094395102393,0.,2.094395102393,4.188790204786,
6.28318530718,8.377580409573),.UNSPECIFIED.) CURVE() 
GEOMETRIC_REPRESENTATION_ITEM() RATIONAL_B_SPLINE_CURVE((1.,0.5,1.,0.5,
1.,0.5,1.)) REPRESENTATION_ITEM('') );
#2742 = CARTESIAN_POINT('',(133.8,19.));
#2743 = CARTESIAN_POINT('',(133.8,-212.7483980527));
#2744 = CARTESIAN_POINT('',(-66.9,-96.87419902635));
#2745 = CARTESIAN_POINT('',(-267.6,19.));
#2746 = CARTESIAN_POINT('',(-66.9,134.87419902635));
#2747 = CARTESIAN_POINT('',(133.8,250.74839805271));
#2748 = CARTESIAN_POINT('',(133.8,19.));
#2749 = ( GEOMETRIC_REPRESENTATION_CONTEXT(2) 
PARAMETRIC_REPRESENTATION_CONTEXT() REPRESENTATION_CONTEXT('2D SPACE',''
  ) );
#2750 = PCURVE('',#2491,#2751);
#2751 = DEFINITIONAL_REPRESENTATION('',(#2752),#2756);
#2752 = LINE('',#2753,#2754);
#2753 = CARTESIAN_POINT('',(0.,-4.));
#2754 = VECTOR('',#2755,1.);
#2755 = DIRECTION('',(1.,0.));
#2756 = ( GEOMETRIC_REPRESENTATION_CONTEXT(2) 
PARAMETRIC_REPRESENTATION_CONTEXT() REPRESENTATION_CONTEXT('2D SPACE',''
  ) );
#2757 = FACE_BOUND('',#2758,.T.);
#2758 = EDGE_LOOP('',(#2759));
#2759 = ORIENTED_EDGE('',*,*,#1757,.T.);
#2760 = FACE_BOUND('',#2761,.T.);
#2761 = EDGE_LOOP('',(#2762));
#2762 = ORIENTED_EDGE('',*,*,#1865,.T.);
#2763 = FACE_BOUND('',#2764,.T.);
#2764 = EDGE_LOOP('',(#2765));
#2765 = ORIENTED_EDGE('',*,*,#1919,.T.);
#2766 = FACE_BOUND('',#2767,.T.);
#2767 = EDGE_LOOP('',(#2768));
#2768 = ORIENTED_EDGE('',*,*,#1973,.T.);
#2769 = ADVANCED_FACE('',(#2770),#918,.F.);
#2770 = FACE_BOUND('',#2771,.F.);
#2771 = EDGE_LOOP('',(#2772,#2773,#2774,#2795));
#2772 = ORIENTED_EDGE('',*,*,#2028,.T.);
#2773 = ORIENTED_EDGE('',*,*,#897,.T.);
#2774 = ORIENTED_EDGE('',*,*,#2775,.F.);
#2775 = EDGE_CURVE('',#2078,#898,#2776,.T.);
#2776 = SURFACE_CURVE('',#2777,(#2781,#2788),.PCURVE_S1.);
#2777 = LINE('',#2778,#2779);
#2778 = CARTESIAN_POINT('',(28.985915492958,60.896843053435,-158.5));
#2779 = VECTOR('',#2780,1.);
#2780 = DIRECTION('',(0.,0.,1.));
#2781 = PCURVE('',#918,#2782);
#2782 = DEFINITIONAL_REPRESENTATION('',(#2783),#2787);
#2783 = LINE('',#2784,#2785);
#2784 = CARTESIAN_POINT('',(1.35792466995,0.));
#2785 = VECTOR('',#2786,1.);
#2786 = DIRECTION('',(0.,-1.));
#2787 = ( GEOMETRIC_REPRESENTATION_CONTEXT(2) 
PARAMETRIC_REPRESENTATION_CONTEXT() REPRESENTATION_CONTEXT('2D SPACE',''
  ) );
#2788 = PCURVE('',#947,#2789);
#2789 = DEFINITIONAL_REPRESENTATION('',(#2790),#2794);
#2790 = LINE('',#2791,#2792);
#2791 = CARTESIAN_POINT('',(-0.,0.));
#2792 = VECTOR('',#2793,1.);
#2793 = DIRECTION('',(-0.,-1.));
#2794 = ( GEOMETRIC_REPRESENTATION_CONTEXT(2) 
PARAMETRIC_REPRESENTATION_CONTEXT() REPRESENTATION_CONTEXT('2D SPACE',''
  ) );
#2795 = ORIENTED_EDGE('',*,*,#2077,.F.);
#2796 = ADVANCED_FACE('',(#2797),#947,.T.);
#2797 = FACE_BOUND('',#2798,.F.);
#2798 = EDGE_LOOP('',(#2799,#2800,#2801,#2822));
#2799 = ORIENTED_EDGE('',*,*,#2775,.T.);
#2800 = ORIENTED_EDGE('',*,*,#930,.T.);
#2801 = ORIENTED_EDGE('',*,*,#2802,.F.);
#2802 = EDGE_CURVE('',#2102,#931,#2803,.T.);
#2803 = SURFACE_CURVE('',#2804,(#2808,#2815),.PCURVE_S1.);
#2804 = LINE('',#2805,#2806);
#2805 = CARTESIAN_POINT('',(25.2,56.20518741682,-158.5));
#2806 = VECTOR('',#2807,1.);
#2807 = DIRECTION('',(0.,0.,1.));
#2808 = PCURVE('',#947,#2809);
#2809 = DEFINITIONAL_REPRESENTATION('',(#2810),#2814);
#2810 = LINE('',#2811,#2812);
#2811 = CARTESIAN_POINT('',(-1.35792466995,0.));
#2812 = VECTOR('',#2813,1.);
#2813 = DIRECTION('',(-0.,-1.));
#2814 = ( GEOMETRIC_REPRESENTATION_CONTEXT(2) 
PARAMETRIC_REPRESENTATION_CONTEXT() REPRESENTATION_CONTEXT('2D SPACE',''
  ) );
#2815 = PCURVE('',#975,#2816);
#2816 = DEFINITIONAL_REPRESENTATION('',(#2817),#2821);
#2817 = LINE('',#2818,#2819);
#2818 = CARTESIAN_POINT('',(0.,0.));
#2819 = VECTOR('',#2820,1.);
#2820 = DIRECTION('',(0.,-1.));
#2821 = ( GEOMETRIC_REPRESENTATION_CONTEXT(2) 
PARAMETRIC_REPRESENTATION_CONTEXT() REPRESENTATION_CONTEXT('2D SPACE',''
  ) );
#2822 = ORIENTED_EDGE('',*,*,#2101,.F.);
#2823 = ADVANCED_FACE('',(#2824),#975,.F.);
#2824 = FACE_BOUND('',#2825,.F.);
#2825 = EDGE_LOOP('',(#2826,#2827,#2828,#2849));
#2826 = ORIENTED_EDGE('',*,*,#2802,.T.);
#2827 = ORIENTED_EDGE('',*,*,#959,.T.);
#2828 = ORIENTED_EDGE('',*,*,#2829,.F.);
#2829 = EDGE_CURVE('',#2130,#960,#2830,.T.);
#2830 = SURFACE_CURVE('',#2831,(#2835,#2842),.PCURVE_S1.);
#2831 = LINE('',#2832,#2833);
#2832 = CARTESIAN_POINT('',(25.2,40.,-158.5));
#2833 = VECTOR('',#2834,1.);
#2834 = DIRECTION('',(0.,0.,1.));
#2835 = PCURVE('',#975,#2836);
#2836 = DEFINITIONAL_REPRESENTATION('',(#2837),#2841);
#2837 = LINE('',#2838,#2839);
#2838 = CARTESIAN_POINT('',(16.20518741682,0.));
#2839 = VECTOR('',#2840,1.);
#2840 = DIRECTION('',(0.,-1.));
#2841 = ( GEOMETRIC_REPRESENTATION_CONTEXT(2) 
PARAMETRIC_REPRESENTATION_CONTEXT() REPRESENTATION_CONTEXT('2D SPACE',''
  ) );
#2842 = PCURVE('',#1008,#2843);
#2843 = DEFINITIONAL_REPRESENTATION('',(#2844),#2848);
#2844 = LINE('',#2845,#2846);
#2845 = CARTESIAN_POINT('',(0.,0.));
#2846 = VECTOR('',#2847,1.);
#2847 = DIRECTION('',(0.,-1.));
#2848 = ( GEOMETRIC_REPRESENTATION_CONTEXT(2) 
PARAMETRIC_REPRESENTATION_CONTEXT() REPRESENTATION_CONTEXT('2D SPACE',''
  ) );
#2849 = ORIENTED_EDGE('',*,*,#2129,.F.);
#2850 = ADVANCED_FACE('',(#2851),#1008,.F.);
#2851 = FACE_BOUND('',#2852,.F.);
#2852 = EDGE_LOOP('',(#2853,#2854,#2855,#2876));
#2853 = ORIENTED_EDGE('',*,*,#2829,.T.);
#2854 = ORIENTED_EDGE('',*,*,#987,.T.);
#2855 = ORIENTED_EDGE('',*,*,#2856,.F.);
#2856 = EDGE_CURVE('',#2153,#988,#2857,.T.);
#2857 = SURFACE_CURVE('',#2858,(#2862,#2869),.PCURVE_S1.);
#2858 = LINE('',#2859,#2860);
#2859 = CARTESIAN_POINT('',(-25.2,40.,-158.5));
#2860 = VECTOR('',#2861,1.);
#2861 = DIRECTION('',(0.,0.,1.));
#2862 = PCURVE('',#1008,#2863);
#2863 = DEFINITIONAL_REPRESENTATION('',(#2864),#2868);
#2864 = LINE('',#2865,#2866);
#2865 = CARTESIAN_POINT('',(3.14159265359,0.));
#2866 = VECTOR('',#2867,1.);
#2867 = DIRECTION('',(0.,-1.));
#2868 = ( GEOMETRIC_REPRESENTATION_CONTEXT(2) 
PARAMETRIC_REPRESENTATION_CONTEXT() REPRESENTATION_CONTEXT('2D SPACE',''
  ) );
#2869 = PCURVE('',#1036,#2870);
#2870 = DEFINITIONAL_REPRESENTATION('',(#2871),#2875);
#2871 = LINE('',#2872,#2873);
#2872 = CARTESIAN_POINT('',(0.,0.));
#2873 = VECTOR('',#2874,1.);
#2874 = DIRECTION('',(0.,-1.));
#2875 = ( GEOMETRIC_REPRESENTATION_CONTEXT(2) 
PARAMETRIC_REPRESENTATION_CONTEXT() REPRESENTATION_CONTEXT('2D SPACE',''
  ) );
#2876 = ORIENTED_EDGE('',*,*,#2152,.F.);
#2877 = ADVANCED_FACE('',(#2878),#1036,.F.);
#2878 = FACE_BOUND('',#2879,.F.);
#2879 = EDGE_LOOP('',(#2880,#2881,#2882,#2903));
#2880 = ORIENTED_EDGE('',*,*,#2856,.T.);
#2881 = ORIENTED_EDGE('',*,*,#1020,.T.);
#2882 = ORIENTED_EDGE('',*,*,#2883,.F.);
#2883 = EDGE_CURVE('',#2177,#1021,#2884,.T.);
#2884 = SURFACE_CURVE('',#2885,(#2889,#2896),.PCURVE_S1.);
#2885 = LINE('',#2886,#2887);
#2886 = CARTESIAN_POINT('',(-25.2,56.20518741682,-158.5));
#2887 = VECTOR('',#2888,1.);
#2888 = DIRECTION('',(0.,0.,1.));
#2889 = PCURVE('',#1036,#2890);
#2890 = DEFINITIONAL_REPRESENTATION('',(#2891),#2895);
#2891 = LINE('',#2892,#2893);
#2892 = CARTESIAN_POINT('',(16.20518741682,0.));
#2893 = VECTOR('',#2894,1.);
#2894 = DIRECTION('',(0.,-1.));
#2895 = ( GEOMETRIC_REPRESENTATION_CONTEXT(2) 
PARAMETRIC_REPRESENTATION_CONTEXT() REPRESENTATION_CONTEXT('2D SPACE',''
  ) );
#2896 = PCURVE('',#1065,#2897);
#2897 = DEFINITIONAL_REPRESENTATION('',(#2898),#2902);
#2898 = LINE('',#2899,#2900);
#2899 = CARTESIAN_POINT('',(-0.,0.));
#2900 = VECTOR('',#2901,1.);
#2901 = DIRECTION('',(-0.,-1.));
#2902 = ( GEOMETRIC_REPRESENTATION_CONTEXT(2) 
PARAMETRIC_REPRESENTATION_CONTEXT() REPRESENTATION_CONTEXT('2D SPACE',''
  ) );
#2903 = ORIENTED_EDGE('',*,*,#2176,.F.);
#2904 = ADVANCED_FACE('',(#2905),#1065,.T.);
#2905 = FACE_BOUND('',#2906,.F.);
#2906 = EDGE_LOOP('',(#2907,#2908,#2909,#2930));
#2907 = ORIENTED_EDGE('',*,*,#2883,.T.);
#2908 = ORIENTED_EDGE('',*,*,#1048,.T.);
#2909 = ORIENTED_EDGE('',*,*,#2910,.F.);
#2910 = EDGE_CURVE('',#2200,#1049,#2911,.T.);
#2911 = SURFACE_CURVE('',#2912,(#2916,#2923),.PCURVE_S1.);
#2912 = LINE('',#2913,#2914);
#2913 = CARTESIAN_POINT('',(-28.98591549295,60.896843053435,-158.5));
#2914 = VECTOR('',#2915,1.);
#2915 = DIRECTION('',(0.,0.,1.));
#2916 = PCURVE('',#1065,#2917);
#2917 = DEFINITIONAL_REPRESENTATION('',(#2918),#2922);
#2918 = LINE('',#2919,#2920);
#2919 = CARTESIAN_POINT('',(-1.35792466995,0.));
#2920 = VECTOR('',#2921,1.);
#2921 = DIRECTION('',(-0.,-1.));
#2922 = ( GEOMETRIC_REPRESENTATION_CONTEXT(2) 
PARAMETRIC_REPRESENTATION_CONTEXT() REPRESENTATION_CONTEXT('2D SPACE',''
  ) );
#2923 = PCURVE('',#1098,#2924);
#2924 = DEFINITIONAL_REPRESENTATION('',(#2925),#2929);
#2925 = LINE('',#2926,#2927);
#2926 = CARTESIAN_POINT('',(0.,0.));
#2927 = VECTOR('',#2928,1.);
#2928 = DIRECTION('',(0.,-1.));
#2929 = ( GEOMETRIC_REPRESENTATION_CONTEXT(2) 
PARAMETRIC_REPRESENTATION_CONTEXT() REPRESENTATION_CONTEXT('2D SPACE',''
  ) );
#2930 = ORIENTED_EDGE('',*,*,#2199,.F.);
#2931 = ADVANCED_FACE('',(#2932),#1126,.F.);
#2932 = FACE_BOUND('',#2933,.F.);
#2933 = EDGE_LOOP('',(#2934,#2935,#2956,#2957));
#2934 = ORIENTED_EDGE('',*,*,#2251,.F.);
#2935 = ORIENTED_EDGE('',*,*,#2936,.T.);
#2936 = EDGE_CURVE('',#2228,#1078,#2937,.T.);
#2937 = SURFACE_CURVE('',#2938,(#2942,#2949),.PCURVE_S1.);
#2938 = LINE('',#2939,#2940);
#2939 = CARTESIAN_POINT('',(-137.2,195.,-158.5));
#2940 = VECTOR('',#2941,1.);
#2941 = DIRECTION('',(0.,0.,1.));
#2942 = PCURVE('',#1126,#2943);
#2943 = DEFINITIONAL_REPRESENTATION('',(#2944),#2948);
#2944 = LINE('',#2945,#2946);
#2945 = CARTESIAN_POINT('',(0.,0.));
#2946 = VECTOR('',#2947,1.);
#2947 = DIRECTION('',(0.,-1.));
#2948 = ( GEOMETRIC_REPRESENTATION_CONTEXT(2) 
PARAMETRIC_REPRESENTATION_CONTEXT() REPRESENTATION_CONTEXT('2D SPACE',''
  ) );
#2949 = PCURVE('',#1098,#2950);
#2950 = DEFINITIONAL_REPRESENTATION('',(#2951),#2955);
#2951 = LINE('',#2952,#2953);
#2952 = CARTESIAN_POINT('',(1.35792466995,0.));
#2953 = VECTOR('',#2954,1.);
#2954 = DIRECTION('',(0.,-1.));
#2955 = ( GEOMETRIC_REPRESENTATION_CONTEXT(2) 
PARAMETRIC_REPRESENTATION_CONTEXT() REPRESENTATION_CONTEXT('2D SPACE',''
  ) );
#2956 = ORIENTED_EDGE('',*,*,#1110,.T.);
#2957 = ORIENTED_EDGE('',*,*,#1493,.F.);
#2958 = ADVANCED_FACE('',(#2959),#1098,.F.);
#2959 = FACE_BOUND('',#2960,.F.);
#2960 = EDGE_LOOP('',(#2961,#2962,#2963,#2964));
#2961 = ORIENTED_EDGE('',*,*,#2910,.T.);
#2962 = ORIENTED_EDGE('',*,*,#1077,.T.);
#2963 = ORIENTED_EDGE('',*,*,#2936,.F.);
#2964 = ORIENTED_EDGE('',*,*,#2227,.F.);
#2965 = ADVANCED_FACE('',(#2966),#1557,.T.);
#2966 = FACE_BOUND('',#2967,.T.);
#2967 = EDGE_LOOP('',(#2968,#2969,#2990,#2991));
#2968 = ORIENTED_EDGE('',*,*,#2273,.F.);
#2969 = ORIENTED_EDGE('',*,*,#2970,.T.);
#2970 = EDGE_CURVE('',#2274,#2560,#2971,.T.);
#2971 = SURFACE_CURVE('',#2972,(#2976,#2983),.PCURVE_S1.);
#2972 = LINE('',#2973,#2974);
#2973 = CARTESIAN_POINT('',(-133.8,195.,-158.5));
#2974 = VECTOR('',#2975,1.);
#2975 = DIRECTION('',(0.,0.,1.));
#2976 = PCURVE('',#1557,#2977);
#2977 = DEFINITIONAL_REPRESENTATION('',(#2978),#2982);
#2978 = LINE('',#2979,#2980);
#2979 = CARTESIAN_POINT('',(0.,0.));
#2980 = VECTOR('',#2981,1.);
#2981 = DIRECTION('',(0.,-1.));
#2982 = ( GEOMETRIC_REPRESENTATION_CONTEXT(2) 
PARAMETRIC_REPRESENTATION_CONTEXT() REPRESENTATION_CONTEXT('2D SPACE',''
  ) );
#2983 = PCURVE('',#2313,#2984);
#2984 = DEFINITIONAL_REPRESENTATION('',(#2985),#2989);
#2985 = LINE('',#2986,#2987);
#2986 = CARTESIAN_POINT('',(1.35792466995,0.));
#2987 = VECTOR('',#2988,1.);
#2988 = DIRECTION('',(0.,-1.));
#2989 = ( GEOMETRIC_REPRESENTATION_CONTEXT(2) 
PARAMETRIC_REPRESENTATION_CONTEXT() REPRESENTATION_CONTEXT('2D SPACE',''
  ) );
#2990 = ORIENTED_EDGE('',*,*,#2559,.T.);
#2991 = ORIENTED_EDGE('',*,*,#1542,.F.);
#2992 = ADVANCED_FACE('',(#2993),#2491,.T.);
#2993 = FACE_BOUND('',#2994,.T.);
#2994 = EDGE_LOOP('',(#2995,#2996,#2997,#3018));
#2995 = ORIENTED_EDGE('',*,*,#2531,.T.);
#2996 = ORIENTED_EDGE('',*,*,#2732,.T.);
#2997 = ORIENTED_EDGE('',*,*,#2998,.F.);
#2998 = EDGE_CURVE('',#2444,#2709,#2999,.T.);
#2999 = SURFACE_CURVE('',#3000,(#3004,#3011),.PCURVE_S1.);
#3000 = LINE('',#3001,#3002);
#3001 = CARTESIAN_POINT('',(28.267605633803,64.22009912937,-158.5));
#3002 = VECTOR('',#3003,1.);
#3003 = DIRECTION('',(0.,0.,1.));
#3004 = PCURVE('',#2491,#3005);
#3005 = DEFINITIONAL_REPRESENTATION('',(#3006),#3010);
#3006 = LINE('',#3007,#3008);
#3007 = CARTESIAN_POINT('',(1.35792466995,0.));
#3008 = VECTOR('',#3009,1.);
#3009 = DIRECTION('',(0.,-1.));
#3010 = ( GEOMETRIC_REPRESENTATION_CONTEXT(2) 
PARAMETRIC_REPRESENTATION_CONTEXT() REPRESENTATION_CONTEXT('2D SPACE',''
  ) );
#3011 = PCURVE('',#2464,#3012);
#3012 = DEFINITIONAL_REPRESENTATION('',(#3013),#3017);
#3013 = LINE('',#3014,#3015);
#3014 = CARTESIAN_POINT('',(-0.,0.));
#3015 = VECTOR('',#3016,1.);
#3016 = DIRECTION('',(-0.,-1.));
#3017 = ( GEOMETRIC_REPRESENTATION_CONTEXT(2) 
PARAMETRIC_REPRESENTATION_CONTEXT() REPRESENTATION_CONTEXT('2D SPACE',''
  ) );
#3018 = ORIENTED_EDGE('',*,*,#2476,.F.);
#3019 = ADVANCED_FACE('',(#3020),#2464,.F.);
#3020 = FACE_BOUND('',#3021,.T.);
#3021 = EDGE_LOOP('',(#3022,#3023,#3024,#3045));
#3022 = ORIENTED_EDGE('',*,*,#2998,.T.);
#3023 = ORIENTED_EDGE('',*,*,#2708,.T.);
#3024 = ORIENTED_EDGE('',*,*,#3025,.F.);
#3025 = EDGE_CURVE('',#2416,#2686,#3026,.T.);
#3026 = SURFACE_CURVE('',#3027,(#3031,#3038),.PCURVE_S1.);
#3027 = LINE('',#3028,#3029);
#3028 = CARTESIAN_POINT('',(21.8,56.20518741682,-158.5));
#3029 = VECTOR('',#3030,1.);
#3030 = DIRECTION('',(0.,0.,1.));
#3031 = PCURVE('',#2464,#3032);
#3032 = DEFINITIONAL_REPRESENTATION('',(#3033),#3037);
#3033 = LINE('',#3034,#3035);
#3034 = CARTESIAN_POINT('',(-1.35792466995,0.));
#3035 = VECTOR('',#3036,1.);
#3036 = DIRECTION('',(-0.,-1.));
#3037 = ( GEOMETRIC_REPRESENTATION_CONTEXT(2) 
PARAMETRIC_REPRESENTATION_CONTEXT() REPRESENTATION_CONTEXT('2D SPACE',''
  ) );
#3038 = PCURVE('',#2431,#3039);
#3039 = DEFINITIONAL_REPRESENTATION('',(#3040),#3044);
#3040 = LINE('',#3041,#3042);
#3041 = CARTESIAN_POINT('',(0.,0.));
#3042 = VECTOR('',#3043,1.);
#3043 = DIRECTION('',(0.,-1.));
#3044 = ( GEOMETRIC_REPRESENTATION_CONTEXT(2) 
PARAMETRIC_REPRESENTATION_CONTEXT() REPRESENTATION_CONTEXT('2D SPACE',''
  ) );
#3045 = ORIENTED_EDGE('',*,*,#2443,.F.);
#3046 = ADVANCED_FACE('',(#3047),#2431,.T.);
#3047 = FACE_BOUND('',#3048,.T.);
#3048 = EDGE_LOOP('',(#3049,#3050,#3051,#3072));
#3049 = ORIENTED_EDGE('',*,*,#3025,.T.);
#3050 = ORIENTED_EDGE('',*,*,#2685,.T.);
#3051 = ORIENTED_EDGE('',*,*,#3052,.F.);
#3052 = EDGE_CURVE('',#2387,#2658,#3053,.T.);
#3053 = SURFACE_CURVE('',#3054,(#3058,#3065),.PCURVE_S1.);
#3054 = LINE('',#3055,#3056);
#3055 = CARTESIAN_POINT('',(21.8,40.,-158.5));
#3056 = VECTOR('',#3057,1.);
#3057 = DIRECTION('',(0.,0.,1.));
#3058 = PCURVE('',#2431,#3059);
#3059 = DEFINITIONAL_REPRESENTATION('',(#3060),#3064);
#3060 = LINE('',#3061,#3062);
#3061 = CARTESIAN_POINT('',(16.20518741682,0.));
#3062 = VECTOR('',#3063,1.);
#3063 = DIRECTION('',(0.,-1.));
#3064 = ( GEOMETRIC_REPRESENTATION_CONTEXT(2) 
PARAMETRIC_REPRESENTATION_CONTEXT() REPRESENTATION_CONTEXT('2D SPACE',''
  ) );
#3065 = PCURVE('',#2403,#3066);
#3066 = DEFINITIONAL_REPRESENTATION('',(#3067),#3071);
#3067 = LINE('',#3068,#3069);
#3068 = CARTESIAN_POINT('',(0.,0.));
#3069 = VECTOR('',#3070,1.);
#3070 = DIRECTION('',(0.,-1.));
#3071 = ( GEOMETRIC_REPRESENTATION_CONTEXT(2) 
PARAMETRIC_REPRESENTATION_CONTEXT() REPRESENTATION_CONTEXT('2D SPACE',''
  ) );
#3072 = ORIENTED_EDGE('',*,*,#2415,.F.);
#3073 = ADVANCED_FACE('',(#3074),#2403,.T.);
#3074 = FACE_BOUND('',#3075,.T.);
#3075 = EDGE_LOOP('',(#3076,#3077,#3078,#3099));
#3076 = ORIENTED_EDGE('',*,*,#3052,.T.);
#3077 = ORIENTED_EDGE('',*,*,#2657,.T.);
#3078 = ORIENTED_EDGE('',*,*,#3079,.F.);
#3079 = EDGE_CURVE('',#2359,#2635,#3080,.T.);
#3080 = SURFACE_CURVE('',#3081,(#3085,#3092),.PCURVE_S1.);
#3081 = LINE('',#3082,#3083);
#3082 = CARTESIAN_POINT('',(-21.8,40.,-158.5));
#3083 = VECTOR('',#3084,1.);
#3084 = DIRECTION('',(0.,0.,1.));
#3085 = PCURVE('',#2403,#3086);
#3086 = DEFINITIONAL_REPRESENTATION('',(#3087),#3091);
#3087 = LINE('',#3088,#3089);
#3088 = CARTESIAN_POINT('',(3.14159265359,0.));
#3089 = VECTOR('',#3090,1.);
#3090 = DIRECTION('',(0.,-1.));
#3091 = ( GEOMETRIC_REPRESENTATION_CONTEXT(2) 
PARAMETRIC_REPRESENTATION_CONTEXT() REPRESENTATION_CONTEXT('2D SPACE',''
  ) );
#3092 = PCURVE('',#2374,#3093);
#3093 = DEFINITIONAL_REPRESENTATION('',(#3094),#3098);
#3094 = LINE('',#3095,#3096);
#3095 = CARTESIAN_POINT('',(0.,0.));
#3096 = VECTOR('',#3097,1.);
#3097 = DIRECTION('',(0.,-1.));
#3098 = ( GEOMETRIC_REPRESENTATION_CONTEXT(2) 
PARAMETRIC_REPRESENTATION_CONTEXT() REPRESENTATION_CONTEXT('2D SPACE',''
  ) );
#3099 = ORIENTED_EDGE('',*,*,#2386,.F.);
#3100 = ADVANCED_FACE('',(#3101),#2374,.T.);
#3101 = FACE_BOUND('',#3102,.T.);
#3102 = EDGE_LOOP('',(#3103,#3104,#3105,#3126));
#3103 = ORIENTED_EDGE('',*,*,#3079,.T.);
#3104 = ORIENTED_EDGE('',*,*,#2634,.T.);
#3105 = ORIENTED_EDGE('',*,*,#3106,.F.);
#3106 = EDGE_CURVE('',#2326,#2611,#3107,.T.);
#3107 = SURFACE_CURVE('',#3108,(#3112,#3119),.PCURVE_S1.);
#3108 = LINE('',#3109,#3110);
#3109 = CARTESIAN_POINT('',(-21.8,56.20518741682,-158.5));
#3110 = VECTOR('',#3111,1.);
#3111 = DIRECTION('',(0.,0.,1.));
#3112 = PCURVE('',#2374,#3113);
#3113 = DEFINITIONAL_REPRESENTATION('',(#3114),#3118);
#3114 = LINE('',#3115,#3116);
#3115 = CARTESIAN_POINT('',(16.20518741682,0.));
#3116 = VECTOR('',#3117,1.);
#3117 = DIRECTION('',(0.,-1.));
#3118 = ( GEOMETRIC_REPRESENTATION_CONTEXT(2) 
PARAMETRIC_REPRESENTATION_CONTEXT() REPRESENTATION_CONTEXT('2D SPACE',''
  ) );
#3119 = PCURVE('',#2346,#3120);
#3120 = DEFINITIONAL_REPRESENTATION('',(#3121),#3125);
#3121 = LINE('',#3122,#3123);
#3122 = CARTESIAN_POINT('',(-0.,0.));
#3123 = VECTOR('',#3124,1.);
#3124 = DIRECTION('',(-0.,-1.));
#3125 = ( GEOMETRIC_REPRESENTATION_CONTEXT(2) 
PARAMETRIC_REPRESENTATION_CONTEXT() REPRESENTATION_CONTEXT('2D SPACE',''
  ) );
#3126 = ORIENTED_EDGE('',*,*,#2358,.F.);
#3127 = ADVANCED_FACE('',(#3128),#2346,.F.);
#3128 = FACE_BOUND('',#3129,.T.);
#3129 = EDGE_LOOP('',(#3130,#3131,#3132,#3153));
#3130 = ORIENTED_EDGE('',*,*,#3106,.T.);
#3131 = ORIENTED_EDGE('',*,*,#2610,.T.);
#3132 = ORIENTED_EDGE('',*,*,#3133,.F.);
#3133 = EDGE_CURVE('',#2297,#2583,#3134,.T.);
#3134 = SURFACE_CURVE('',#3135,(#3139,#3146),.PCURVE_S1.);
#3135 = LINE('',#3136,#3137);
#3136 = CARTESIAN_POINT('',(-28.2676056338,64.22009912937,-158.5));
#3137 = VECTOR('',#3138,1.);
#3138 = DIRECTION('',(0.,0.,1.));
#3139 = PCURVE('',#2346,#3140);
#3140 = DEFINITIONAL_REPRESENTATION('',(#3141),#3145);
#3141 = LINE('',#3142,#3143);
#3142 = CARTESIAN_POINT('',(-1.35792466995,0.));
#3143 = VECTOR('',#3144,1.);
#3144 = DIRECTION('',(-0.,-1.));
#3145 = ( GEOMETRIC_REPRESENTATION_CONTEXT(2) 
PARAMETRIC_REPRESENTATION_CONTEXT() REPRESENTATION_CONTEXT('2D SPACE',''
  ) );
#3146 = PCURVE('',#2313,#3147);
#3147 = DEFINITIONAL_REPRESENTATION('',(#3148),#3152);
#3148 = LINE('',#3149,#3150);
#3149 = CARTESIAN_POINT('',(0.,0.));
#3150 = VECTOR('',#3151,1.);
#3151 = DIRECTION('',(0.,-1.));
#3152 = ( GEOMETRIC_REPRESENTATION_CONTEXT(2) 
PARAMETRIC_REPRESENTATION_CONTEXT() REPRESENTATION_CONTEXT('2D SPACE',''
  ) );
#3153 = ORIENTED_EDGE('',*,*,#2325,.F.);
#3154 = ADVANCED_FACE('',(#3155),#2313,.T.);
#3155 = FACE_BOUND('',#3156,.T.);
#3156 = EDGE_LOOP('',(#3157,#3158,#3159,#3160));
#3157 = ORIENTED_EDGE('',*,*,#3133,.T.);
#3158 = ORIENTED_EDGE('',*,*,#2582,.T.);
#3159 = ORIENTED_EDGE('',*,*,#2970,.F.);
#3160 = ORIENTED_EDGE('',*,*,#2296,.F.);
#3161 = ( GEOMETRIC_REPRESENTATION_CONTEXT(3) 
GLOBAL_UNCERTAINTY_ASSIGNED_CONTEXT((#3165)) 
GLOBAL_UNIT_ASSIGNED_CONTEXT((#3162,#3163,#3164)) REPRESENTATION_CONTEXT
('Context #1','3D Context with UNIT and UNCERTAINTY') );
#3162 = ( LENGTH_UNIT() NAMED_UNIT(*) SI_UNIT(.MILLI.,.METRE.) );
#3163 = ( NAMED_UNIT(*) PLANE_ANGLE_UNIT() SI_UNIT($,.RADIAN.) );
#3164 = ( NAMED_UNIT(*) SI_UNIT($,.STERADIAN.) SOLID_ANGLE_UNIT() );
#3165 = UNCERTAINTY_MEASURE_WITH_UNIT(LENGTH_MEASURE(1.E-07),#3162,
  'distance_accuracy_value','confusion accuracy');
#3166 = PRODUCT_RELATED_PRODUCT_CATEGORY('part',$,(#7));
ENDSEC;
END-ISO-10303-21;
